Journal,年份,ISSN/EISSN,Review,OA Journal Index（OAJ）,Open Access,Web of Science,影响因子,标注,大类,大类分区,Top,小类1,小类1分区,小类2,小类2分区,小类3,小类3分区,小类4,小类4分区,小类5,小类5分区,小类6,小类6分区,权威期刊
Nature Reviews Disease Primers,2025,2056-676X/2056-676X,是,否,否,SCIE,60.6,,医学,1 [1/5603],是," MEDICINE, GENERAL & INTERNAL 医学：内科",1 [1/327],,,,,,,,,,,一级
World Psychiatry,2025,1723-8617/2051-5545,是,否,否,SSCI;SCIE,65.8,,医学,1 [2/5603],是, PSYCHIATRY 精神病学,1 [1/277],,,,,,,,,,,一级
NATURE REVIEWS DRUG DISCOVERY,2025,1474-1776/1474-1784,是,否,否,SCIE,101.8,,医学,1 [3/5603],是, BIOTECHNOLOGY & APPLIED MICROBIOLOGY 生物工程与应用微生物,1 [1/174], PHARMACOLOGY & PHARMACY 药学,1 [1/350],,,,,,,,,一级
NATURE REVIEWS CANCER,2025,1474-175X/1474-1768,是,否,否,SCIE,66.8,,医学,1 [4/5603],是, ONCOLOGY 肿瘤学,1 [1/318],,,,,,,,,,,一级
LANCET NEUROLOGY,2025,1474-4422/1474-4465,否,否,否,SCIE,45.5,,医学,1 [5/5603],是, CLINICAL NEUROLOGY 临床神经病学,1 [1/278],,,,,,,,,,,一级
NATURE MEDICINE,2025,1078-8956/1546-170X,否,否,否,SCIE,50,,医学,1 [6/5603],是, BIOCHEMISTRY & MOLECULAR BIOLOGY 生化与分子生物学,1 [1/310], CELL BIOLOGY 细胞生物学,1 [2/203]," MEDICINE, RESEARCH & EXPERIMENTAL 医学：研究与实验",1 [1/188],,,,,,,一级
LANCET,2025,0140-6736/1474-547X,否,否,否,SCIE,88.5,,医学,1 [7/5603],是," MEDICINE, GENERAL & INTERNAL 医学：内科",1 [2/327],,,,,,,,,,,一级
JAMA-JOURNAL OF THE AMERICAN MEDICAL ASSOCIATION,2025,0098-7484/1538-3598,否,否,否,SCIE,55,,医学,1 [8/5603],是," MEDICINE, GENERAL & INTERNAL 医学：内科",1 [3/327],,,,,,,,,,,一级
NATURE REVIEWS IMMUNOLOGY,2025,1474-1733/1474-1741,是,否,否,SCIE,60.9,,医学,1 [9/5603],是, IMMUNOLOGY 免疫学,1 [1/179],,,,,,,,,,,一级
Nature Reviews Clinical Oncology,2025,1759-4774/1759-4782,是,否,否,SCIE,82.2,,医学,1 [10/5603],是, ONCOLOGY 肿瘤学,1 [2/318],,,,,,,,,,,一级
NATURE REVIEWS NEUROSCIENCE,2025,1471-003X/1471-0048,是,否,否,SCIE,26.7,,医学,1 [11/5603],是, NEUROSCIENCES 神经科学,1 [1/309],,,,,,,,,,,一级
CANCER CELL,2025,1535-6108/1878-3686,否,否,否,SCIE,44.5,,医学,1 [12/5603],是, CELL BIOLOGY 细胞生物学,1 [3/203], ONCOLOGY 肿瘤学,1 [3/318],,,,,,,,,一级
Lancet Respiratory Medicine,2025,2213-2600,否,否,否,SCIE,32.8,,医学,1 [13/5603],是, CRITICAL CARE MEDICINE 危重病医学,1 [1/56], RESPIRATORY SYSTEM 呼吸系统,1 [1/101],,,,,,,,,一级
Lancet Diabetes & Endocrinology,2025,2213-8587/2213-8595,否,否,否,SCIE,41.8,,医学,1 [14/5603],是, ENDOCRINOLOGY & METABOLISM 内分泌学与代谢,1 [1/184],,,,,,,,,,,一级
LANCET ONCOLOGY,2025,1470-2045/1474-5488,否,否,否,SCIE,35.9,,医学,1 [15/5603],是, ONCOLOGY 肿瘤学,1 [4/318],,,,,,,,,,,一级
Physiological Reviews,2025,0031-9333/1522-1210,是,否,否,SCIE,28.7,,医学,1 [16/5603],是, PHYSIOLOGY 生理学,1 [1/84],,,,,,,,,,,一级
PROGRESS IN RETINAL AND EYE RESEARCH,2025,1350-9462/1873-1635,是,否,否,SCIE,14.7,,医学,1 [17/5603],是, OPHTHALMOLOGY 眼科学,1 [1/95],,,,,,,,,,,一级
Nature Reviews Cardiology,2025,1759-5002/1759-5010,是,否,否,SCIE,44.2,,医学,1 [18/5603],是, CARDIAC & CARDIOVASCULAR SYSTEMS 心脏和心血管系统,1 [1/223],,,,,,,,,,,一级
Nature Reviews Neurology,2025,1759-4758/1759-4766,是,否,否,SCIE,33.1,,医学,1 [19/5603],是, CLINICAL NEUROLOGY 临床神经病学,1 [2/278],,,,,,,,,,,一级
Nature Reviews Nephrology,2025,1759-5061/1759-507X,是,否,否,SCIE,39.8,,医学,1 [20/5603],是, UROLOGY & NEPHROLOGY 泌尿学与肾脏学,1 [1/126],,,,,,,,,,,一级
CIRCULATION,2025,0009-7322/1524-4539,否,否,否,SCIE,38.6,,医学,1 [21/5603],是, CARDIAC & CARDIOVASCULAR SYSTEMS 心脏和心血管系统,1 [2/223], PERIPHERAL VASCULAR DISEASE 外周血管病,1 [1/96],,,,,,,,,一级
Nature Reviews Gastroenterology & Hepatology,2025,1759-5045/1759-5053,是,否,否,SCIE,51,,医学,1 [22/5603],是, GASTROENTEROLOGY & HEPATOLOGY 胃肠肝病学,1 [1/143],,,,,,,,,,,一级
ANNALS OF ONCOLOGY,2025,0923-7534/1569-8041,否,否,否,SCIE,65.4,,医学,1 [23/5603],是, ONCOLOGY 肿瘤学,1 [5/318],,,,,,,,,,,一级
Lancet Public Health,2025,2468-2667/2468-2667,否,是,是,SSCI;SCIE,25.2,,医学,1 [24/5603],是," PUBLIC, ENVIRONMENTAL & OCCUPATIONAL HEALTH 公共卫生、环境卫生与职业卫生",1 [1/404],,,,,,,,,,,一级
INTENSIVE CARE MEDICINE,2025,0342-4642/1432-1238,否,否,否,SCIE,21.2,,医学,1 [25/5603],是, CRITICAL CARE MEDICINE 危重病医学,1 [2/56],,,,,,,,,,,一级
Immunity,2025,1074-7613/1097-4180,否,否,否,SCIE,26.3,,医学,1 [26/5603],是, IMMUNOLOGY 免疫学,1 [2/179],,,,,,,,,,,一级
Nature Metabolism,2025,2522-5812/2522-5812,否,否,否,SCIE,20.8,,医学,1 [27/5603],是, ENDOCRINOLOGY & METABOLISM 内分泌学与代谢,1 [3/184],,,,,,,,,,,一级
NATURE NEUROSCIENCE,2025,1097-6256/1546-1726,否,否,否,SCIE,20,,医学,1 [28/5603],是, NEUROSCIENCES 神经科学,1 [3/309],,,,,,,,,,,一级
Cell Stem Cell,2025,1934-5909/1875-9777,否,否,否,SCIE,20.4,,医学,1 [29/5603],是, CELL & TISSUE ENGINEERING 细胞与组织工程,1 [1/31], CELL BIOLOGY 细胞生物学,1 [6/203],,,,,,,,,一级
BMJ-British Medical Journal,2025,0959-535X/1756-1833,否,否,否,SCIE,42.7,,医学,1 [30/5603],是," MEDICINE, GENERAL & INTERNAL 医学：内科",1 [4/327],,,,,,,,,,,一级
Nature Biomedical Engineering,2025,2157-846X/2157-846X,否,否,否,SCIE,26.6,,医学,1 [31/5603],是," ENGINEERING, BIOMEDICAL 工程：生物医学",1 [1/120],,,,,,,,,,,一级
Nature Cancer,2025,2662-1347/2662-1347,否,否,否,SCIE,28.5,,医学,1 [32/5603],是, ONCOLOGY 肿瘤学,1 [6/318],,,,,,,,,,,一级
JOURNAL OF HEPATOLOGY,2025,0168-8278/1600-0641,否,否,否,SCIE,33,,医学,1 [33/5603],是, GASTROENTEROLOGY & HEPATOLOGY 胃肠肝病学,1 [2/143],,,,,,,,,,,一级
NATURE IMMUNOLOGY,2025,1529-2908/1529-2916,否,否,否,SCIE,27.6,,医学,1 [34/5603],是, IMMUNOLOGY 免疫学,1 [3/179],,,,,,,,,,,一级
JAMA Neurology,2025,2168-6149/2168-6157,否,否,否,SCIE,21.3,,医学,1 [35/5603],是, CLINICAL NEUROLOGY 临床神经病学,1 [3/278],,,,,,,,,,,一级
Annual Review of Public Health,2025,0163-7525/1545-2093,是,否,否,SSCI;SCIE,20.7,,医学,1 [36/5603],是," PUBLIC, ENVIRONMENTAL & OCCUPATIONAL HEALTH 公共卫生、环境卫生与职业卫生",1 [2/404],,,,,,,,,,,一级
Lancet Gastroenterology & Hepatology,2025,2468-1253/2468-1253,否,否,否,SCIE,38.6,,医学,1 [37/5603],是, GASTROENTEROLOGY & HEPATOLOGY 胃肠肝病学,1 [3/143],,,,,,,,,,,一级
Gastroenterology,2025,0016-5085/1528-0012,否,否,否,SCIE,25.1,,医学,1 [38/5603],是, GASTROENTEROLOGY & HEPATOLOGY 胃肠肝病学,1 [4/143],,,,,,,,,,,一级
Nature Reviews Endocrinology,2025,1759-5029/1759-5037,是,否,否,SCIE,40,,医学,1 [39/5603],是, ENDOCRINOLOGY & METABOLISM 内分泌学与代谢,1 [4/184],,,,,,,,,,,一级
JAMA Oncology,2025,2374-2437/2374-2445,否,否,否,SCIE,20.1,,医学,1 [40/5603],是, ONCOLOGY 肿瘤学,1 [7/318],,,,,,,,,,,一级
HUMAN REPRODUCTION UPDATE,2025,1355-4786/1460-2369,是,否,否,SCIE,16.1,,医学,1 [41/5603],是, OBSTETRICS & GYNECOLOGY 妇产科学,1 [1/135], REPRODUCTIVE BIOLOGY 生殖生物学,1 [1/39],,,,,,,,,一级
Nature Reviews Rheumatology,2025,1759-4790/1759-4804,是,否,否,SCIE,32.7,,医学,1 [42/5603],是, RHEUMATOLOGY 风湿病学,1 [1/55],,,,,,,,,,,一级
ENDOCRINE REVIEWS,2025,0163-769X/1945-7189,是,否,否,SCIE,22,,医学,1 [43/5603],是, ENDOCRINOLOGY & METABOLISM 内分泌学与代谢,1 [5/184],,,,,,,,,,,一级
JOURNAL OF CLINICAL ONCOLOGY,2025,0732-183X/1527-7755,否,否,否,SCIE,41.9,,医学,1 [44/5603],是, ONCOLOGY 肿瘤学,1 [8/318],,,,,,,,,,,一级
Lancet Digital Health,2025,2589-7500/2589-7500,否,是,是,SCIE,24.1,,医学,1 [45/5603],是, MEDICAL INFORMATICS 医学：信息,1 [1/44]," MEDICINE, GENERAL & INTERNAL 医学：内科",1 [5/327],,,,,,,,,一级
PERIODONTOLOGY 2000,2025,0906-6713/1600-0757,是,否,否,SCIE,15.7,,医学,1 [46/5603],是," DENTISTRY, ORAL SURGERY & MEDICINE 牙科与口腔外科",1 [1/157],,,,,,,,,,,一级
JAMA Internal Medicine,2025,2168-6106/2168-6114,否,否,否,SCIE,23.3,,医学,1 [47/5603],是," MEDICINE, GENERAL & INTERNAL 医学：内科",1 [6/327],,,,,,,,,,,一级
JOURNAL OF THE AMERICAN COLLEGE OF CARDIOLOGY,2025,0735-1097/1558-3597,否,否,否,SCIE,22.3,,医学,1 [48/5603],是, CARDIAC & CARDIOVASCULAR SYSTEMS 心脏和心血管系统,1 [3/223],,,,,,,,,,,一级
GUT,2025,0017-5749/1468-3288,否,否,否,SCIE,25.8,,医学,1 [49/5603],是, GASTROENTEROLOGY & HEPATOLOGY 胃肠肝病学,1 [5/143],,,,,,,,,,,一级
JAMA Pediatrics,2025,2168-6203/2168-6211,否,否,否,SCIE,18,,医学,1 [50/5603],是, PEDIATRICS 儿科,1 [1/185],,,,,,,,,,,一级
NEW ENGLAND JOURNAL OF MEDICINE,2025,0028-4793/1533-4406,否,否,否,SCIE,78.5,,医学,1 [51/5603],是," MEDICINE, GENERAL & INTERNAL 医学：内科",1 [7/327],,,,,,,,,,,一级
Cancer Discovery,2025,2159-8274/2159-8290,否,否,否,SCIE,33.3,,医学,1 [52/5603],是, ONCOLOGY 肿瘤学,1 [9/318],,,,,,,,,,,一级
Cell Host & Microbe,2025,1931-3128/1934-6069,否,否,否,SCIE,18.7,,医学,1 [53/5603],是, MICROBIOLOGY 微生物学,1 [3/159], PARASITOLOGY 寄生虫学,1 [1/45], VIROLOGY 病毒学,1 [1/41],,,,,,,一级
AMERICAN JOURNAL OF RESPIRATORY AND CRITICAL CARE MEDICINE,2025,1073-449X/1535-4970,否,否,否,SCIE,19.4,,医学,1 [54/5603],是, CRITICAL CARE MEDICINE 危重病医学,1 [3/56], RESPIRATORY SYSTEM 呼吸系统,1 [2/101],,,,,,,,,一级
EUROPEAN HEART JOURNAL,2025,0195-668X/1522-9645,否,否,否,SCIE,35.6,,医学,1 [55/5603],是, CARDIAC & CARDIOVASCULAR SYSTEMS 心脏和心血管系统,1 [4/223],,,,,,,,,,,一级
Lancet Psychiatry,2025,2215-0374,否,否,否,SSCI;SCIE,24.8,,医学,1 [56/5603],是, PSYCHIATRY 精神病学,1 [2/277],,,,,,,,,,,一级
JAMA Surgery,2025,2168-6254/2168-6262,否,否,否,SCIE,14.9,,医学,1 [57/5603],是, SURGERY 外科,1 [1/292],,,,,,,,,,,一级
Annual Review of Immunology,2025,0732-0582/1545-3278,是,否,否,SCIE,33.3,,医学,1 [58/5603],是, IMMUNOLOGY 免疫学,1 [4/179],,,,,,,,,,,一级
JAMA Psychiatry,2025,2168-622X/2168-6238,否,否,否,SSCI;SCIE,17.1,,医学,1 [59/5603],是, PSYCHIATRY 精神病学,1 [3/277],,,,,,,,,,,一级
LANCET INFECTIOUS DISEASES,2025,1473-3099/1474-4457,否,否,否,SCIE,31,,医学,1 [60/5603],是, INFECTIOUS DISEASES 传染病学,1 [1/134],,,,,,,,,,,一级
CIRCULATION RESEARCH,2025,0009-7330/1524-4571,否,否,否,SCIE,16.2,,医学,1 [61/5603],是, CARDIAC & CARDIOVASCULAR SYSTEMS 心脏和心血管系统,1 [5/223], HEMATOLOGY 血液学,1 [1/96], PERIPHERAL VASCULAR DISEASE 外周血管病,1 [2/96],,,,,,,一级
Lancet Haematology,2025,2352-3026,否,否,否,SCIE,17.7,,医学,1 [62/5603],是, HEMATOLOGY 血液学,1 [2/96],,,,,,,,,,,一级
Annual Review of Physiology,2025,0066-4278/1545-1585,是,否,否,SCIE,19.1,,医学,1 [63/5603],是, PHYSIOLOGY 生理学,1 [2/84],,,,,,,,,,,一级
Nature Reviews Urology,2025,1759-4812/1759-4820,是,否,否,SCIE,14.6,,医学,1 [64/5603],是, UROLOGY & NEPHROLOGY 泌尿学与肾脏学,1 [2/126],,,,,,,,,,,一级
Lancet Child & Adolescent Health,2025,2352-4642/2352-4642,否,否,否,SCIE,15.5,,医学,1 [65/5603],是, PEDIATRICS 儿科,1 [2/185],,,,,,,,,,,一级
CLINICAL MICROBIOLOGY REVIEWS,2025,0893-8512/1098-6618,是,否,否,SCIE,19.3,,医学,1 [66/5603],是, MICROBIOLOGY 微生物学,1 [4/159],,,,,,,,,,,一级
EUROPEAN UROLOGY,2025,0302-2838/1873-7560,否,否,否,SCIE,25.2,,医学,1 [67/5603],是, UROLOGY & NEPHROLOGY 泌尿学与肾脏学,1 [3/126],,,,,,,,,,,一级
Science Translational Medicine,2025,1946-6234/1946-6242,否,否,否,SCIE,14.6,,医学,1 [68/5603],是, CELL BIOLOGY 细胞生物学,1 [9/203]," MEDICINE, RESEARCH & EXPERIMENTAL 医学：研究与实验",1 [2/188],,,,,,,,,一级
Molecular Cancer,2025,1476-4598/1476-4598,否,否,是,SCIE,33.9,,医学,1 [69/5603],是, BIOCHEMISTRY & MOLECULAR BIOLOGY 生化与分子生物学,1 [4/310], ONCOLOGY 肿瘤学,1 [10/318],,,,,,,,,一级
JAMA Cardiology,2025,2380-6583/2380-6591,否,否,否,SCIE,14.1,,医学,1 [70/5603],是, CARDIAC & CARDIOVASCULAR SYSTEMS 心脏和心血管系统,1 [6/223],,,,,,,,,,,一级
AMERICAN JOURNAL OF PSYCHIATRY,2025,0002-953X/1535-7228,否,否,否,SSCI;SCIE,14.7,,医学,1 [71/5603],是, PSYCHIATRY 精神病学,1 [4/277],,,,,,,,,,,一级
JACC-Cardiovascular Imaging,2025,1936-878X/1876-7591,否,否,否,SCIE,15.2,,医学,1 [72/5603],是, CARDIAC & CARDIOVASCULAR SYSTEMS 心脏和心血管系统,1 [7/223]," RADIOLOGY, NUCLEAR MEDICINE & MEDICAL IMAGING 核医学",1 [1/206],,,,,,,,,一级
Signal Transduction and Targeted Therapy,2025,2095-9907/2059-3635,否,是,是,SCIE,52.7,,医学,1 [73/5603],是, BIOCHEMISTRY & MOLECULAR BIOLOGY 生化与分子生物学,1 [5/310], CELL BIOLOGY 细胞生物学,1 [10/203],,,,,,,,,一级
PHARMACOLOGICAL REVIEWS,2025,0031-6997/1521-0081,是,否,否,SCIE,17.3,,医学,1 [74/5603],是, PHARMACOLOGY & PHARMACY 药学,1 [2/350],,,,,,,,,,,一级
Neuron,2025,0896-6273/1097-4199,否,否,否,SCIE,15,,医学,1 [75/5603],是, NEUROSCIENCES 神经科学,1 [5/309],,,,,,,,,,,一级
Lancet Planetary Health,2025,2542-5196/2542-5196,否,是,是,SSCI;SCIE,21.6,,医学,1 [76/5603],是, ENVIRONMENTAL SCIENCES 环境科学,1 [4/357]," PUBLIC, ENVIRONMENTAL & OCCUPATIONAL HEALTH 公共卫生、环境卫生与职业卫生",1 [3/404],,,,,,,,,一级
CA-A CANCER JOURNAL FOR CLINICIANS,2025,0007-9235/1542-4863,否,是,是,SCIE,232.4,,医学,1 [77/5603],是, ONCOLOGY 肿瘤学,1 [11/318],,,,,,,,,,,一级
OPHTHALMOLOGY,2025,0161-6420/1549-4713,否,否,否,SCIE,9.5,,医学,1 [78/5603],是, OPHTHALMOLOGY 眼科学,1 [2/95],,,,,,,,,,,一级
Bioactive Materials,2025,2452-199X/2452-199X,否,是,是,SCIE,20.3,,医学,1 [79/5603],是," ENGINEERING, BIOMEDICAL 工程：生物医学",1 [2/120]," MATERIALS SCIENCE, BIOMATERIALS 材料科学：生物材料",1 [1/52],,,,,,,,,一级
PROGRESS IN LIPID RESEARCH,2025,0163-7827/1873-2194,是,否,否,SCIE,14.9,,医学,1 [80/5603],是, BIOCHEMISTRY & MOLECULAR BIOLOGY 生化与分子生物学,1 [7/310], NUTRITION & DIETETICS 营养学,1 [1/113],,,,,,,,,一级
Science Immunology,2025,2470-9468/2470-9468,否,否,否,SCIE,16.3,,医学,1 [81/5603],是, IMMUNOLOGY 免疫学,1 [5/179],,,,,,,,,,,一级
Journal of Hematology & Oncology,2025,1756-8722/1756-8722,否,否,是,SCIE,40.4,,医学,1 [82/5603],是, HEMATOLOGY 血液学,1 [3/96], ONCOLOGY 肿瘤学,1 [12/318],,,,,,,,,一级
Lancet Global Health,2025,2214-109X/2214-109X,否,是,是,SSCI;SCIE,18,,医学,1 [83/5603],是," PUBLIC, ENVIRONMENTAL & OCCUPATIONAL HEALTH 公共卫生、环境卫生与职业卫生",1 [5/404],,,,,,,,,,,一级
JACC-Cardiovascular Interventions,2025,1936-8798/1876-7605,否,否,否,SCIE,11.4,,医学,1 [84/5603],是, CARDIAC & CARDIOVASCULAR SYSTEMS 心脏和心血管系统,1 [8/223],,,,,,,,,,,一级
Annual Review of Neuroscience,2025,0147-006X/1545-4126,是,否,否,SCIE,13.2,,医学,1 [85/5603],是, NEUROSCIENCES 神经科学,1 [6/309],,,,,,,,,,,一级
Annual Review of Pathology-Mechanisms of Disease,2025,1553-4006/1553-4014,是,否,否,SCIE,34.5,,医学,1 [86/5603],是, PATHOLOGY 病理学,1 [1/88],,,,,,,,,,,一级
BLOOD,2025,0006-4971/1528-0020,否,否,否,SCIE,23.1,,医学,1 [87/5603],是, HEMATOLOGY 血液学,1 [4/96],,,,,,,,,,,一级
SPORTS MEDICINE,2025,0112-1642/1179-2035,是,否,否,SCIE,9.4,,医学,1 [88/5603],是, SPORT SCIENCES 运动科学,1 [1/126],,,,,,,,,,,一级
JOURNAL OF CLINICAL INVESTIGATION,2025,0021-9738/1558-8238,否,否,否,SCIE,13.6,,医学,1 [89/5603],是," MEDICINE, RESEARCH & EXPERIMENTAL 医学：研究与实验",1 [3/188],,,,,,,,,,,一级
ANNALS OF INTERNAL MEDICINE,2025,0003-4819/1539-3704,否,否,否,SCIE,15.2,,医学,1 [90/5603],是," MEDICINE, GENERAL & INTERNAL 医学：内科",1 [8/327],,,,,,,,,,,一级
SLEEP MEDICINE REVIEWS,2025,1087-0792/1532-2955,是,否,否,SCIE,9.7,,医学,1 [91/5603],是, CLINICAL NEUROLOGY 临床神经病学,1 [4/278], NEUROSCIENCES 神经科学,1 [7/309],,,,,,,,,一级
ANNALS OF THE RHEUMATIC DISEASES,2025,0003-4967/1468-2060,否,否,否,SCIE,20.6,,医学,1 [92/5603],是, RHEUMATOLOGY 风湿病学,1 [2/55],,,,,,,,,,,一级
Lancet HIV,2025,2352-3018/2352-3018,否,否,否,SCIE,13,,医学,1 [93/5603],是, IMMUNOLOGY 免疫学,1 [6/179], INFECTIOUS DISEASES 传染病学,1 [3/134],,,,,,,,,一级
Annual Review of Medicine,2025,0066-4219/1545-326X,是,否,否,SCIE,22.1,,医学,1 [94/5603],是," MEDICINE, RESEARCH & EXPERIMENTAL 医学：研究与实验",1 [4/188],,,,,,,,,,,一级
Journal of Thoracic Oncology,2025,1556-0864/1556-1380,否,否,否,SCIE,20.8,,医学,1 [95/5603],是, ONCOLOGY 肿瘤学,1 [13/318], RESPIRATORY SYSTEM 呼吸系统,1 [3/101],,,,,,,,,一级
TRENDS IN NEUROSCIENCES,2025,0166-2236/1878-108X,是,否,否,SCIE,15.1,,医学,1 [96/5603],是, NEUROSCIENCES 神经科学,1 [8/309],,,,,,,,,,,一级
BRAIN,2025,0006-8950/1460-2156,否,否,否,SCIE,11.7,,医学,1 [97/5603],是, CLINICAL NEUROLOGY 临床神经病学,1 [5/278], NEUROSCIENCES 神经科学,1 [9/309],,,,,,,,,一级
JACC: CardioOncology,2025,2666-0873/2666-0873,否,是,是,SCIE,12.8,,医学,1 [98/5603],是, CARDIAC & CARDIOVASCULAR SYSTEMS 心脏和心血管系统,1 [9/223], ONCOLOGY 肿瘤学,1 [14/318],,,,,,,,,一级
MMWR Surveillance Summaries,2025,1545-8636/1545-8636,是,否,否,SCIE,49.8,,医学,1 [99/5603],是," PUBLIC, ENVIRONMENTAL & OCCUPATIONAL HEALTH 公共卫生、环境卫生与职业卫生",1 [6/404],,,,,,,,,,,一级
JACC-Heart Failure,2025,2213-1779/2213-1787,否,否,否,SCIE,11.8,,医学,1 [100/5603],是, CARDIAC & CARDIOVASCULAR SYSTEMS 心脏和心血管系统,1 [10/223],,,,,,,,,,,一级
RADIOLOGY,2025,0033-8419,否,否,否,SCIE,15.2,,医学,1 [101/5603],是," RADIOLOGY, NUCLEAR MEDICINE & MEDICAL IMAGING 核医学",1 [2/206],,,,,,,,,,,一级
EUROPEAN RESPIRATORY JOURNAL,2025,0903-1936/1399-3003,否,否,否,SCIE,21,,医学,1 [102/5603],是, RESPIRATORY SYSTEM 呼吸系统,1 [4/101],,,,,,,,,,,一级
Lancet Regional Health-Europe,2025,2666-7762/2666-7762,否,否,否,SSCI;SCIE,13,,医学,1 [103/5603],是, HEALTH CARE SCIENCES & SERVICES 卫生保健与服务,1 [1/173]," PUBLIC, ENVIRONMENTAL & OCCUPATIONAL HEALTH 公共卫生、环境卫生与职业卫生",1 [7/404],,,,,,,,,一级
Nature Aging,2025,2662-8465/2662-8465,否,否,否,SCIE,19.4,,医学,1 [104/5603],是, CELL BIOLOGY 细胞生物学,1 [13/203], GERIATRICS & GERONTOLOGY 老年医学,1 [1/72], NEUROSCIENCES 神经科学,1 [10/309],,,,,,,一级
EUROPEAN JOURNAL OF HEART FAILURE,2025,1388-9842/1879-0844,否,否,否,SCIE,10.8,,医学,1 [105/5603],是, CARDIAC & CARDIOVASCULAR SYSTEMS 心脏和心血管系统,1 [11/223],,,,,,,,,,,一级
International Journal of Oral Science,2025,1674-2818/2049-3169,否,是,是,SCIE,12.2,,医学,1 [106/5603],是," DENTISTRY, ORAL SURGERY & MEDICINE 牙科与口腔外科",1 [2/157],,,,,,,,,,,一级
Trends in Cancer,2025,2405-8025/2405-8033,是,否,否,SCIE,17.5,,医学,1 [107/5603],是, ONCOLOGY 肿瘤学,2 [22/318],,,,,,,,,,,一级
Annual Review of Biomedical Engineering,2025,1523-9829/1545-4274,是,否,否,SCIE,9.6,,医学,1 [108/5603],是," ENGINEERING, BIOMEDICAL 工程：生物医学",1 [3/120],,,,,,,,,,,一级
BRITISH JOURNAL OF SPORTS MEDICINE,2025,0306-3674/1473-0480,否,否,否,SCIE,16.2,,医学,1 [109/5603],是, SPORT SCIENCES 运动科学,1 [2/126],,,,,,,,,,,一级
Bone Research,2025,2095-4700/2095-6231,否,否,是,SCIE,15,,医学,1 [110/5603],是, CELL & TISSUE ENGINEERING 细胞与组织工程,1 [2/31],,,,,,,,,,,一级
Journal of Sport and Health Science,2025,2095-2546/2213-2961,否,是,是,SSCI;SCIE,10.3,,医学,1 [111/5603],是," HOSPITALITY, LEISURE, SPORT & TOURISM 酒店、休闲、体育与旅游",1 [2/139], SPORT SCIENCES 运动科学,1 [3/126],,,,,,,,,一级
Molecular Neurodegeneration,2025,1750-1326/1750-1326,否,否,是,SCIE,17.5,,医学,1 [112/5603],是, NEUROSCIENCES 神经科学,1 [11/309],,,,,,,,,,,一级
Lancet Healthy Longevity,2025,2666-7568/2666-7568,否,否,是,ESCI,14.6,,医学,1 [113/5603],是, GERIATRICS & GERONTOLOGY 老年医学,1 [2/72],,,,,,,,,,,一级
PSYCHOTHERAPY AND PSYCHOSOMATICS,2025,0033-3190/1423-0348,否,否,否,SSCI;SCIE,17.4,,医学,1 [114/5603],是, PSYCHIATRY 精神病学,1 [5/277], PSYCHOLOGY 心理学,1 [5/92],,,,,,,,,一级
HEPATOLOGY,2025,0270-9139/1527-3350,否,否,否,SCIE,15.8,,医学,1 [115/5603],是, GASTROENTEROLOGY & HEPATOLOGY 胃肠肝病学,1 [6/143],,,,,,,,,,,一级
DRUG RESISTANCE UPDATES,2025,1368-7646/1532-2084,是,否,否,SCIE,21.7,,医学,1 [116/5603],是, PHARMACOLOGY & PHARMACY 药学,1 [3/350],,,,,,,,,,,一级
JAMA Network Open,2025,2574-3805/2574-3805,否,否,是,SCIE,9.7,,医学,1 [117/5603],是," MEDICINE, GENERAL & INTERNAL 医学：内科",1 [9/327],,,,,,,,,,,一级
ADVANCED DRUG DELIVERY REVIEWS,2025,0169-409X/1872-8294,是,否,否,SCIE,17.6,,医学,1 [118/5603],是, PHARMACOLOGY & PHARMACY 药学,1 [4/350],,,,,,,,,,,一级
JOURNAL OF EXPERIMENTAL MEDICINE,2025,0022-1007/1540-9538,否,否,否,SCIE,10.6,,医学,1 [119/5603],是, IMMUNOLOGY 免疫学,1 [7/179]," MEDICINE, RESEARCH & EXPERIMENTAL 医学：研究与实验",1 [5/188],,,,,,,,,一级
Blood Cancer Discovery,2025,2643-3230/2643-3249,否,否,否,ESCI,11.5,,医学,1 [120/5603],是, HEMATOLOGY 血液学,1 [5/96], ONCOLOGY 肿瘤学,1 [15/318],,,,,,,,,一级
MMWR Recommendations and Reports,2025,1057-5987/1545-8601,是,否,否,SCIE,60.1,,医学,1 [121/5603],是," PUBLIC, ENVIRONMENTAL & OCCUPATIONAL HEALTH 公共卫生、环境卫生与职业卫生",1 [8/404],,,,,,,,,,,一级
KIDNEY INTERNATIONAL,2025,0085-2538/1523-1755,否,否,否,SCIE,12.6,,医学,1 [122/5603],是, UROLOGY & NEPHROLOGY 泌尿学与肾脏学,1 [4/126],,,,,,,,,,,一级
IEEE Reviews in Biomedical Engineering,2025,1937-3333/1941-1189,是,否,否,SCIE,12,,医学,1 [123/5603],是," ENGINEERING, BIOMEDICAL 工程：生物医学",1 [4/120],,,,,,,,,,,一级
European Respiratory Review,2025,0905-9180/1600-0617,是,否,是,SCIE,10.4,,医学,1 [124/5603],是, RESPIRATORY SYSTEM 呼吸系统,2 [6/101],,,,,,,,,,,一级
Clinical Gastroenterology and Hepatology,2025,1542-3565/1542-7714,否,否,否,SCIE,12,,医学,1 [125/5603],是, GASTROENTEROLOGY & HEPATOLOGY 胃肠肝病学,1 [7/143],,,,,,,,,,,一级
JOURNAL OF THE AMERICAN SOCIETY OF NEPHROLOGY,2025,1046-6673/1533-3450,否,否,否,SCIE,9.4,,医学,1 [126/5603],是, UROLOGY & NEPHROLOGY 泌尿学与肾脏学,1 [5/126],,,,,,,,,,,一级
TRENDS IN MOLECULAR MEDICINE,2025,1471-4914/1471-499X,是,否,否,SCIE,13.8,,医学,1 [127/5603],是, BIOCHEMISTRY & MOLECULAR BIOLOGY 生化与分子生物学,1 [14/310]," MEDICINE, RESEARCH & EXPERIMENTAL 医学：研究与实验",1 [6/188], CELL BIOLOGY 细胞生物学,2 [20/203],,,,,,,一级
CRITICAL CARE,2025,1364-8535/1466-609X,否,否,是,SCIE,9.3,,医学,1 [128/5603],是, CRITICAL CARE MEDICINE 危重病医学,2 [4/56],,,,,,,,,,,一级
PLOS MEDICINE,2025,1549-1277/1549-1676,否,是,是,SCIE,9.9,,医学,1 [129/5603],是," MEDICINE, GENERAL & INTERNAL 医学：内科",1 [10/327],,,,,,,,,,,一级
MMWR-MORBIDITY AND MORTALITY WEEKLY REPORT,2025,0149-2195/1545-861X,否,否,否,SCIE,17.3,,医学,1 [130/5603],是," PUBLIC, ENVIRONMENTAL & OCCUPATIONAL HEALTH 公共卫生、环境卫生与职业卫生",1 [9/404],,,,,,,,,,,一级
AGEING RESEARCH REVIEWS,2025,1568-1637/1872-9649,是,否,否,SCIE,12.4,,医学,1 [131/5603],是, GERIATRICS & GERONTOLOGY 老年医学,1 [3/72], CELL BIOLOGY 细胞生物学,2 [21/203],,,,,,,,,一级
Nature Cardiovascular Research,2025,2731-0590/2731-0590,否,否,否,ESCI,10.8,,医学,1 [132/5603],是, CARDIAC & CARDIOVASCULAR SYSTEMS 心脏和心血管系统,1 [12/223],,,,,,,,,,,一级
DIABETES CARE,2025,0149-5992/1935-5548,否,否,否,SCIE,16.6,,医学,1 [133/5603],是, ENDOCRINOLOGY & METABOLISM 内分泌学与代谢,1 [6/184],,,,,,,,,,,一级
Cellular & Molecular Immunology,2025,1672-7681/2042-0226,否,否,否,SCIE,19.8,,医学,1 [134/5603],是, IMMUNOLOGY 免疫学,1 [8/179],,,,,,,,,,,一级
JAMA Dermatology,2025,2168-6068/2168-6084,否,否,否,SCIE,11,,医学,1 [135/5603],是, DERMATOLOGY 皮肤病学,1 [1/94],,,,,,,,,,,一级
ACTA NEUROPATHOLOGICA,2025,0001-6322/1432-0533,否,否,否,SCIE,9.3,,医学,1 [136/5603],是, CLINICAL NEUROLOGY 临床神经病学,1 [6/278], NEUROSCIENCES 神经科学,1 [12/309], PATHOLOGY 病理学,1 [2/88],,,,,,,一级
TRENDS IN PHARMACOLOGICAL SCIENCES,2025,0165-6147/1873-3735,是,否,否,SCIE,19.9,,医学,1 [137/5603],是, PHARMACOLOGY & PHARMACY 药学,1 [5/350],,,,,,,,,,,一级
Current Obesity Reports,2025,2162-4968/2162-4968,是,否,否,SCIE,11,,医学,1 [138/5603],是, ENDOCRINOLOGY & METABOLISM 内分泌学与代谢,1 [7/184], NUTRITION & DIETETICS 营养学,1 [2/113],,,,,,,,,一级
PHARMACOLOGY & THERAPEUTICS,2025,0163-7258/1879-016X,是,否,否,SCIE,12.5,,医学,1 [139/5603],是, PHARMACOLOGY & PHARMACY 药学,1 [6/350],,,,,,,,,,,一级
Annual Review of Nutrition,2025,0199-9885/1545-4312,是,否,否,SCIE,13.4,,医学,1 [140/5603],是, NUTRITION & DIETETICS 营养学,1 [3/113],,,,,,,,,,,一级
Clinical and Molecular Hepatology,2025,2287-2728/2287-285X,否,否,是,SCIE,16.9,,医学,1 [141/5603],是, GASTROENTEROLOGY & HEPATOLOGY 胃肠肝病学,1 [8/143],,,,,,,,,,,一级
JOURNAL OF ALLERGY AND CLINICAL IMMUNOLOGY,2025,0091-6749/1097-6825,否,否,否,SCIE,11.2,,医学,1 [142/5603],是, ALLERGY 过敏,1 [1/39], IMMUNOLOGY 免疫学,1 [9/179],,,,,,,,,一级
NEURO-ONCOLOGY,2025,1522-8517/1523-5866,否,否,否,SCIE,13.4,,医学,1 [143/5603],是, CLINICAL NEUROLOGY 临床神经病学,1 [7/278], ONCOLOGY 肿瘤学,1 [16/318],,,,,,,,,一级
JHEP Reports,2025,2589-5559/2589-5559,否,是,是,SCIE,7.5,,医学,1 [144/5603],是, GASTROENTEROLOGY & HEPATOLOGY 胃肠肝病学,2 [11/143],,,,,,,,,,,一级
ANNALS OF SURGERY,2025,0003-4932/1528-1140,否,否,否,SCIE,6.4,,医学,1 [145/5603],是, SURGERY 外科,1 [2/292],,,,,,,,,,,一级
Acta Pharmaceutica Sinica B,2025,2211-3835/2211-3843,否,否,是,SCIE,14.6,,医学,1 [146/5603],是, PHARMACOLOGY & PHARMACY 药学,1 [7/350],,,,,,,,,,,一级
Cancer Communications,2025,2523-3548/2523-3548,否,是,是,SCIE,24.9,,医学,1 [147/5603],是, ONCOLOGY 肿瘤学,1 [17/318],,,,,,,,,,,一级
DRUGS,2025,0012-6667/1179-1950,否,否,否,SCIE,14.4,,医学,1 [148/5603],是, PHARMACOLOGY & PHARMACY 药学,1 [8/350], TOXICOLOGY 毒理学,1 [1/106],,,,,,,,,一级
ENDOSCOPY,2025,0013-726X/1438-8812,否,否,否,SCIE,12.8,,医学,1 [149/5603],是, SURGERY 外科,1 [3/292], GASTROENTEROLOGY & HEPATOLOGY 胃肠肝病学,2 [12/143],,,,,,,,,一级
CANCER TREATMENT REVIEWS,2025,0305-7372/1532-1967,是,否,否,SCIE,10.5,,医学,1 [150/5603],是, ONCOLOGY 肿瘤学,2 [23/318],,,,,,,,,,,一级
Blood Cancer Journal,2025,2044-5385/2044-5385,否,是,是,SCIE,11.6,,医学,1 [151/5603],是, HEMATOLOGY 血液学,1 [6/96], ONCOLOGY 肿瘤学,1 [18/318],,,,,,,,,一级
Translational Neurodegeneration,2025,2047-9158/2047-9158,否,否,是,SCIE,15.2,,医学,1 [152/5603],是, NEUROSCIENCES 神经科学,1 [13/309],,,,,,,,,,,一级
TRENDS IN ENDOCRINOLOGY AND METABOLISM,2025,1043-2760/1879-3061,是,否,否,SCIE,12.6,,医学,1 [153/5603],是, ENDOCRINOLOGY & METABOLISM 内分泌学与代谢,1 [8/184],,,,,,,,,,,一级
Neurology-Neuroimmunology & Neuroinflammation,2025,2332-7812/2332-7812,否,否,是,SCIE,7.5,,医学,1 [154/5603],是, CLINICAL NEUROLOGY 临床神经病学,1 [8/278], NEUROSCIENCES 神经科学,1 [14/309],,,,,,,,,一级
BIOMATERIALS,2025,0142-9612/1878-5905,否,否,否,SCIE,12.9,,医学,1 [155/5603],是," ENGINEERING, BIOMEDICAL 工程：生物医学",1 [6/120]," MATERIALS SCIENCE, BIOMATERIALS 材料科学：生物材料",1 [2/52],,,,,,,,,一级
Annual Review of Pharmacology and Toxicology,2025,0362-1642/1545-4304,是,否,否,SCIE,13.1,,医学,1 [156/5603],是, PHARMACOLOGY & PHARMACY 药学,1 [9/350], TOXICOLOGY 毒理学,1 [2/106],,,,,,,,,一级
CLINICAL REVIEWS IN ALLERGY & IMMUNOLOGY,2025,1080-0549/1559-0267,是,否,否,SCIE,11.3,,医学,1 [157/5603],是, ALLERGY 过敏,1 [2/39], IMMUNOLOGY 免疫学,2 [15/179],,,,,,,,,一级
JOURNAL OF PINEAL RESEARCH,2025,0742-3098/1600-079X,否,否,否,SCIE,6.3,,医学,1 [158/5603],是, ENDOCRINOLOGY & METABOLISM 内分泌学与代谢,1 [9/184], NEUROSCIENCES 神经科学,1 [15/309], PHYSIOLOGY 生理学,1 [3/84],,,,,,,一级
MEDICINAL RESEARCH REVIEWS,2025,0198-6325/1098-1128,是,否,否,SCIE,11.6,,医学,1 [159/5603],是," CHEMISTRY, MEDICINAL 药物化学",1 [2/72], PHARMACOLOGY & PHARMACY 药学,1 [10/350],,,,,,,,,一级
Arthritis & Rheumatology,2025,2326-5191/2326-5205,否,否,否,SCIE,10.9,,医学,1 [160/5603],是, RHEUMATOLOGY 风湿病学,1 [3/55],,,,,,,,,,,一级
Clinical Journal of the American Society of Nephrology,2025,1555-9041/1555-905X,否,否,否,SCIE,7.1,,医学,1 [161/5603],是, UROLOGY & NEPHROLOGY 泌尿学与肾脏学,1 [6/126],,,,,,,,,,,一级
ANNALS OF NEUROLOGY,2025,0364-5134/1531-8249,否,否,否,SCIE,7.7,,医学,1 [162/5603],是, CLINICAL NEUROLOGY 临床神经病学,1 [9/278], NEUROSCIENCES 神经科学,1 [16/309],,,,,,,,,一级
AUTOIMMUNITY REVIEWS,2025,1568-9972/1873-0183,是,否,否,SCIE,8.3,,医学,1 [163/5603],是, IMMUNOLOGY 免疫学,2 [16/179],,,,,,,,,,,一级
JOURNAL OF EXPERIMENTAL & CLINICAL CANCER RESEARCH,2025,1756-9966/1756-9966,否,否,是,SCIE,12.8,,医学,1 [164/5603],是, ONCOLOGY 肿瘤学,1 [19/318],,,,,,,,,,,一级
EMBO Molecular Medicine,2025,1757-4676/1757-4684,否,是,是,SCIE,8.3,,医学,1 [165/5603],是," MEDICINE, RESEARCH & EXPERIMENTAL 医学：研究与实验",1 [7/188],,,,,,,,,,,一级
Cell Reports Medicine,2025,2666-3791/2666-3791,否,是,是,SCIE,10.6,,医学,1 [166/5603],是," MEDICINE, RESEARCH & EXPERIMENTAL 医学：研究与实验",1 [8/188], CELL BIOLOGY 细胞生物学,2 [24/203],,,,,,,,,一级
JOURNAL OF THE AMERICAN ACADEMY OF CHILD AND ADOLESCENT PSYCHIATRY,2025,0890-8567/1527-5418,否,否,否,SSCI;SCIE,9.5,,医学,1 [167/5603],是, PEDIATRICS 儿科,1 [3/185], PSYCHIATRY 精神病学,1 [6/277]," PSYCHOLOGY, DEVELOPMENTAL 心理学：发育",1 [2/91],,,,,,,一级
Military Medical Research,2025,2095-7467/2054-9369,否,否,是,SCIE,22.9,,医学,1 [168/5603],是," MEDICINE, GENERAL & INTERNAL 医学：内科",1 [11/327],,,,,,,,,,,一级
EBioMedicine,2025,2352-3964/2352-3964,否,是,是,SCIE,10.8,,医学,1 [169/5603],是," MEDICINE, RESEARCH & EXPERIMENTAL 医学：研究与实验",1 [9/188],,,,,,,,,,,一级
Annual Review of Virology,2025,2327-056X/2327-0578,是,否,否,SCIE,8.3,,医学,1 [170/5603],是, VIROLOGY 病毒学,1 [2/41],,,,,,,,,,,一级
npj Digital Medicine,2025,2398-6352/2398-6352,否,是,是,SCIE,15.1,,医学,1 [171/5603],是, HEALTH CARE SCIENCES & SERVICES 卫生保健与服务,1 [2/173], MEDICAL INFORMATICS 医学：信息,1 [2/44],,,,,,,,,一级
Journal of Neuroinflammation,2025,1742-2094/1742-2094,否,否,是,SCIE,10.1,,医学,1 [172/5603],是, IMMUNOLOGY 免疫学,1 [10/179], NEUROSCIENCES 神经科学,1 [17/309],,,,,,,,,一级
ALLERGY,2025,0105-4538/1398-9995,否,否,否,SCIE,12,,医学,1 [173/5603],是, ALLERGY 过敏,1 [3/39], IMMUNOLOGY 免疫学,1 [11/179],,,,,,,,,一级
JAMA Ophthalmology,2025,2168-6165/2168-6173,否,否,否,SCIE,9.2,,医学,1 [174/5603],是, OPHTHALMOLOGY 眼科学,1 [3/95],,,,,,,,,,,一级
Circulation-Arrhythmia and Electrophysiology,2025,1941-3149/1941-3084,否,否,否,SCIE,9.8,,医学,1 [175/5603],是, CARDIAC & CARDIOVASCULAR SYSTEMS 心脏和心血管系统,1 [13/223],,,,,,,,,,,一级
JNCI-Journal of the National Cancer Institute,2025,0027-8874/1460-2105,否,否,否,SCIE,7.2,,医学,1 [176/5603],是, ONCOLOGY 肿瘤学,1 [20/318],,,,,,,,,,,一级
Biological Psychiatry,2025,0006-3223/1873-2402,否,否,否,SCIE,9,,医学,1 [177/5603],是, NEUROSCIENCES 神经科学,1 [18/309], PSYCHIATRY 精神病学,1 [7/277],,,,,,,,,一级
NEUROSCIENCE AND BIOBEHAVIORAL REVIEWS,2025,0149-7634/1873-7528,是,否,否,SCIE,7.9,,医学,1 [178/5603],是, BEHAVIORAL SCIENCES 行为科学,1 [2/55], NEUROSCIENCES 神经科学,2 [27/309],,,,,,,,,一级
Circulation-Cardiovascular Interventions,2025,1941-7640/1941-7632,否,否,否,SCIE,7.4,,医学,1 [179/5603],是, CARDIAC & CARDIOVASCULAR SYSTEMS 心脏和心血管系统,2 [14/223],,,,,,,,,,,一级
Seminars in Immunopathology,2025,1863-2297/1863-2300,是,否,否,SCIE,9.2,,医学,1 [180/5603],是, PATHOLOGY 病理学,1 [3/88], IMMUNOLOGY 免疫学,2 [17/179],,,,,,,,,一级
Lancet Rheumatology,2025,2665-9913/2665-9913,否,否,否,SCIE,16.4,,医学,1 [181/5603],是, RHEUMATOLOGY 风湿病学,1 [4/55],,,,,,,,,,,一级
CHEST,2025,0012-3692/1931-3543,否,否,否,SCIE,8.6,,医学,1 [182/5603],是, RESPIRATORY SYSTEM 呼吸系统,1 [5/101], CRITICAL CARE MEDICINE 危重病医学,2 [5/56],,,,,,,,,一级
Journal of Cachexia Sarcopenia and Muscle,2025,2190-5991/2190-6009,否,是,是,SCIE,9.1,,医学,1 [183/5603],是, GERIATRICS & GERONTOLOGY 老年医学,1 [4/72]," MEDICINE, GENERAL & INTERNAL 医学：内科",1 [12/327],,,,,,,,,一级
ANESTHESIOLOGY,2025,0003-3022/1528-1175,否,否,否,SCIE,9.1,,医学,1 [184/5603],是, ANESTHESIOLOGY 麻醉学,1 [1/64],,,,,,,,,,,一级
MOLECULAR PSYCHIATRY,2025,1359-4184/1476-5578,否,否,否,SCIE,10.1,,医学,1 [185/5603],是, BIOCHEMISTRY & MOLECULAR BIOLOGY 生化与分子生物学,1 [17/310], NEUROSCIENCES 神经科学,1 [19/309], PSYCHIATRY 精神病学,1 [8/277],,,,,,,一级
EUROPACE,2025,1099-5129/1532-2092,否,否,否,SCIE,7.4,,医学,1 [186/5603],是, CARDIAC & CARDIOVASCULAR SYSTEMS 心脏和心血管系统,2 [15/223],,,,,,,,,,,一级
CARDIOVASCULAR RESEARCH,2025,0008-6363/1755-3245,否,否,否,SCIE,13.3,,医学,1 [187/5603],是, CARDIAC & CARDIOVASCULAR SYSTEMS 心脏和心血管系统,2 [16/223],,,,,,,,,,,一级
MOLECULAR THERAPY,2025,1525-0016/1525-0024,否,否,否,SCIE,12,,医学,1 [188/5603],是, BIOTECHNOLOGY & APPLIED MICROBIOLOGY 生物工程与应用微生物,1 [7/174], GENETICS & HEREDITY 遗传学,1 [8/190]," MEDICINE, RESEARCH & EXPERIMENTAL 医学：研究与实验",1 [10/188],,,,,,,一级
Circulation-Cardiovascular Imaging,2025,1941-9651/1942-0080,否,否,否,SCIE,7,,医学,1 [189/5603],是," RADIOLOGY, NUCLEAR MEDICINE & MEDICAL IMAGING 核医学",1 [3/206], CARDIAC & CARDIOVASCULAR SYSTEMS 心脏和心血管系统,2 [17/223],,,,,,,,,一级
MODERN PATHOLOGY,2025,0893-3952/1530-0285,否,否,否,SCIE,5.5,,医学,1 [190/5603],是, PATHOLOGY 病理学,1 [4/88],,,,,,,,,,,一级
Journal of Physiotherapy,2025,1836-9553/1836-9561,否,是,是,SCIE,9.4,,医学,1 [191/5603],是, ORTHOPEDICS 骨科,1 [1/136], REHABILITATION 康复医学,1 [1/169],,,,,,,,,一级
NEUROLOGY,2025,0028-3878/1526-632X,否,否,否,SCIE,8.5,,医学,1 [192/5603],是, CLINICAL NEUROLOGY 临床神经病学,1 [10/278],,,,,,,,,,,一级
Circulation-Heart Failure,2025,1941-3289/1941-3297,否,否,否,SCIE,8.4,,医学,1 [193/5603],是, CARDIAC & CARDIOVASCULAR SYSTEMS 心脏和心血管系统,2 [18/223],,,,,,,,,,,一级
AMERICAN JOURNAL OF OBSTETRICS AND GYNECOLOGY,2025,0002-9378/1097-6868,否,否,否,SCIE,8.4,,医学,1 [194/5603],是, OBSTETRICS & GYNECOLOGY 妇产科学,1 [2/135],,,,,,,,,,,一级
Lancet Regional Health-Western Pacific,2025,2666-6065/2666-6065,否,是,是,SSCI;SCIE,8.1,,医学,1 [195/5603],是, HEALTH CARE SCIENCES & SERVICES 卫生保健与服务,1 [3/173]," PUBLIC, ENVIRONMENTAL & OCCUPATIONAL HEALTH 公共卫生、环境卫生与职业卫生",1 [11/404],,,,,,,,,一级
JOURNAL OF NEUROLOGY NEUROSURGERY AND PSYCHIATRY,2025,0022-3050/1468-330X,否,否,否,SCIE,7.5,,医学,1 [196/5603],是, CLINICAL NEUROLOGY 临床神经病学,1 [11/278], PSYCHIATRY 精神病学,1 [9/277], SURGERY 外科,1 [4/292],,,,,,,一级
BRITISH JOURNAL OF DERMATOLOGY,2025,0007-0963/1365-2133,否,否,否,SCIE,9.6,,医学,1 [197/5603],是, DERMATOLOGY 皮肤病学,1 [2/94],,,,,,,,,,,一级
JOURNAL OF HEALTH AND SOCIAL BEHAVIOR,2025,0022-1465/2150-6000,否,否,否,SSCI,3.6,,医学,1 [198/5603],是," PSYCHOLOGY, SOCIAL 心理学：社会",1 [5/76]," PUBLIC, ENVIRONMENTAL & OCCUPATIONAL HEALTH 公共卫生、环境卫生与职业卫生",1 [12/404]," SOCIAL SCIENCES, BIOMEDICAL 社会科学：生物医学",1 [1/46], SOCIOLOGY 社会学,1 [6/216],,,,,一级
AMERICAN JOURNAL OF KIDNEY DISEASES,2025,0272-6386/1523-6838,否,否,否,SCIE,8.2,,医学,1 [199/5603],是, UROLOGY & NEPHROLOGY 泌尿学与肾脏学,1 [7/126],,,,,,,,,,,一级
CANCER RESEARCH,2025,0008-5472/1538-7445,否,否,否,SCIE,16.6,,医学,1 [200/5603],是, ONCOLOGY 肿瘤学,1 [21/318],,,,,,,,,,,一级
Brain Stimulation,2025,1935-861X/1876-4754,否,是,是,SCIE,8.4,,医学,1 [201/5603],是, CLINICAL NEUROLOGY 临床神经病学,1 [12/278], NEUROSCIENCES 神经科学,1 [20/309],,,,,,,,,一级
HEALTH AFFAIRS,2025,0278-2715/0278-2715,否,否,否,SSCI;SCIE,8.1,,医学,1 [202/5603],是, HEALTH CARE SCIENCES & SERVICES 卫生保健与服务,1 [4/173], HEALTH POLICY & SERVICES 卫生政策与服务,1 [1/118],,,,,,,,,一级
Theranostics,2025,1838-7640/1838-7640,否,否,是,SCIE,13.3,,医学,1 [203/5603],是," MEDICINE, RESEARCH & EXPERIMENTAL 医学：研究与实验",1 [11/188],,,,,,,,,,,一级
INVESTIGATIVE RADIOLOGY,2025,0020-9996/1536-0210,否,否,否,SCIE,8,,医学,1 [204/5603],是," RADIOLOGY, NUCLEAR MEDICINE & MEDICAL IMAGING 核医学",1 [4/206],,,,,,,,,,,一级
CRITICAL CARE MEDICINE,2025,0090-3493/1530-0293,否,否,否,SCIE,6,,医学,1 [205/5603],是, CRITICAL CARE MEDICINE 危重病医学,2 [6/56],,,,,,,,,,,一级
EClinicalMedicine,2025,2589-5370/2589-5370,否,是,是,SCIE,10,,医学,1 [206/5603],是," MEDICINE, GENERAL & INTERNAL 医学：内科",1 [13/327],,,,,,,,,,,一级
European Urology Oncology,2025,2588-9311/2588-9311,否,否,否,SCIE,9.3,,医学,1 [207/5603],是, UROLOGY & NEPHROLOGY 泌尿学与肾脏学,1 [8/126], ONCOLOGY 肿瘤学,2 [25/318],,,,,,,,,一级
Molecular Autism,2025,2040-2392/2040-2392,否,否,是,SCIE,5.5,,医学,1 [208/5603],是, GENETICS & HEREDITY 遗传学,1 [10/190], NEUROSCIENCES 神经科学,1 [21/309],,,,,,,,,一级
JOURNAL OF NUCLEAR MEDICINE,2025,0161-5505/1535-5667,否,否,否,SCIE,9.1,,医学,1 [209/5603],是," RADIOLOGY, NUCLEAR MEDICINE & MEDICAL IMAGING 核医学",1 [5/206],,,,,,,,,,,一级
Journal of Extracellular Vesicles,2025,2001-3078/2001-3078,否,是,是,SCIE,14.5,,医学,1 [210/5603],是, CELL BIOLOGY 细胞生物学,2 [27/203],,,,,,,,,,,一级
LEUKEMIA,2025,0887-6924/1476-5551,否,否,否,SCIE,13.4,,医学,1 [211/5603],是, HEMATOLOGY 血液学,1 [7/96], ONCOLOGY 肿瘤学,2 [26/318],,,,,,,,,一级
STROKE,2025,0039-2499/1524-4628,否,否,否,SCIE,8.9,,医学,1 [212/5603],是, CLINICAL NEUROLOGY 临床神经病学,1 [13/278], PERIPHERAL VASCULAR DISEASE 外周血管病,1 [3/96],,,,,,,,,一级
Journal for ImmunoTherapy of Cancer,2025,2051-1426/2051-1426,否,否,是,SCIE,10.6,,医学,1 [213/5603],是, IMMUNOLOGY 免疫学,1 [12/179], ONCOLOGY 肿瘤学,2 [27/318],,,,,,,,,一级
THORAX,2025,0040-6376/1468-3296,否,否,否,SCIE,7.7,,医学,1 [214/5603],是, RESPIRATORY SYSTEM 呼吸系统,2 [7/101],,,,,,,,,,,一级
JOURNAL OF HEADACHE AND PAIN,2025,1129-2369/1129-2377,否,否,是,SCIE,7.9,,医学,1 [215/5603],是, CLINICAL NEUROLOGY 临床神经病学,1 [14/278], NEUROSCIENCES 神经科学,1 [22/309],,,,,,,,,一级
BASIC RESEARCH IN CARDIOLOGY,2025,0300-8428/1435-1803,否,否,否,SCIE,8,,医学,1 [216/5603],是, CARDIAC & CARDIOVASCULAR SYSTEMS 心脏和心血管系统,2 [19/223],,,,,,,,,,,一级
CLINICAL CANCER RESEARCH,2025,1078-0432/1557-3265,否,否,否,SCIE,10.2,,医学,1 [217/5603],是, ONCOLOGY 肿瘤学,2 [28/318],,,,,,,,,,,一级
AGING CELL,2025,1474-9718/1474-9726,否,是,是,SCIE,7.1,,医学,1 [218/5603],是, GERIATRICS & GERONTOLOGY 老年医学,1 [5/72], CELL BIOLOGY 细胞生物学,2 [28/203],,,,,,,,,一级
JAMA Otolaryngology-Head & Neck Surgery,2025,2168-6181/2168-619X,否,否,否,SCIE,5.6,,医学,1 [219/5603],是, OTORHINOLARYNGOLOGY 耳鼻喉科学,1 [1/66], SURGERY 外科,1 [5/292],,,,,,,,,一级
RADIOGRAPHICS,2025,0271-5333,否,否,否,SCIE,5.5,,医学,1 [220/5603],是," RADIOLOGY, NUCLEAR MEDICINE & MEDICAL IMAGING 核医学",1 [6/206],,,,,,,,,,,一级
MEDICAL IMAGE ANALYSIS,2025,1361-8415/1361-8423,否,否,否,SCIE,11.8,,医学,1 [221/5603],是," COMPUTER SCIENCE, ARTIFICIAL INTELLIGENCE 计算机：人工智能",1 [9/196]," COMPUTER SCIENCE, INTERDISCIPLINARY APPLICATIONS 计算机：跨学科应用",1 [6/172]," ENGINEERING, BIOMEDICAL 工程：生物医学",1 [7/120]," RADIOLOGY, NUCLEAR MEDICINE & MEDICAL IMAGING 核医学",1 [7/206],,,,,一级
JACC-Basic to Translational Science,2025,2452-302X/2452-302X,否,是,是,SCIE,7.2,,医学,1 [222/5603],是, CARDIAC & CARDIOVASCULAR SYSTEMS 心脏和心血管系统,2 [20/223],,,,,,,,,,,一级
Alzheimers & Dementia,2025,1552-5260/1552-5279,否,是,是,SCIE,11.1,,医学,1 [223/5603],是, CLINICAL NEUROLOGY 临床神经病学,1 [15/278],,,,,,,,,,,一级
BMC Medicine,2025,1741-7015/1741-7015,否,否,是,SCIE,8.3,,医学,1 [224/5603],是," MEDICINE, GENERAL & INTERNAL 医学：内科",1 [14/327],,,,,,,,,,,一级
BRITISH JOURNAL OF ANAESTHESIA,2025,0007-0912/1471-6771,否,否,否,SCIE,9.2,,医学,1 [225/5603],是, ANESTHESIOLOGY 麻醉学,1 [2/64],,,,,,,,,,,一级
METABOLISM-CLINICAL AND EXPERIMENTAL,2025,0026-0495/1532-8600,否,否,否,SCIE,11.9,,医学,1 [226/5603],是, ENDOCRINOLOGY & METABOLISM 内分泌学与代谢,1 [10/184],,,,,,,,,,,一级
JACC-Clinical Electrophysiology,2025,2405-500X/2405-5018,否,否,否,SCIE,7.7,,医学,1 [227/5603],是, CARDIAC & CARDIOVASCULAR SYSTEMS 心脏和心血管系统,2 [21/223],,,,,,,,,,,一级
ULTRASOUND IN OBSTETRICS & GYNECOLOGY,2025,0960-7692/1469-0705,否,否,否,SCIE,6.3,,医学,1 [228/5603],是, ACOUSTICS 声学,1 [1/40], OBSTETRICS & GYNECOLOGY 妇产科学,1 [3/135]," RADIOLOGY, NUCLEAR MEDICINE & MEDICAL IMAGING 核医学",1 [8/206],,,,,,,一级
AMERICAN JOURNAL OF CLINICAL DERMATOLOGY,2025,1175-0561/1179-1888,否,否,否,SCIE,8.8,,医学,1 [229/5603],是, DERMATOLOGY 皮肤病学,1 [3/94],,,,,,,,,,,一级
Cardiovascular Diabetology,2025,1475-2840/1475-2840,否,否,是,SCIE,10.6,,医学,1 [230/5603],是, ENDOCRINOLOGY & METABOLISM 内分泌学与代谢,1 [11/184], CARDIAC & CARDIOVASCULAR SYSTEMS 心脏和心血管系统,2 [22/223],,,,,,,,,一级
Alzheimers Research & Therapy,2025,1758-9193/1758-9193,否,否,是,SCIE,7.6,,医学,1 [231/5603],是, CLINICAL NEUROLOGY 临床神经病学,1 [16/278], NEUROSCIENCES 神经科学,1 [23/309],,,,,,,,,一级
EuroIntervention,2025,1774-024X/1969-6213,否,否,否,SCIE,9.5,,医学,1 [232/5603],是, CARDIAC & CARDIOVASCULAR SYSTEMS 心脏和心血管系统,2 [23/223],,,,,,,,,,,一级
DIABETOLOGIA,2025,0012-186X/1432-0428,否,否,否,SCIE,10.2,,医学,1 [233/5603],是, ENDOCRINOLOGY & METABOLISM 内分泌学与代谢,1 [12/184],,,,,,,,,,,一级
GASTROINTESTINAL ENDOSCOPY,2025,0016-5107/1097-6779,否,否,否,SCIE,7.5,,医学,1 [234/5603],是, GASTROENTEROLOGY & HEPATOLOGY 胃肠肝病学,2 [13/143],,,,,,,,,,,一级
ANGIOGENESIS,2025,0969-6970/1573-7209,否,否,否,SCIE,9.2,,医学,1 [235/5603],是, PERIPHERAL VASCULAR DISEASE 外周血管病,1 [4/96],,,,,,,,,,,一级
Liver Cancer,2025,2235-1795/1664-5553,否,否,是,SCIE,9.1,,医学,1 [236/5603],是, GASTROENTEROLOGY & HEPATOLOGY 胃肠肝病学,2 [14/143], ONCOLOGY 肿瘤学,2 [29/318],,,,,,,,,一级
HYPERTENSION,2025,0194-911X/1524-4563,否,否,否,SCIE,8.2,,医学,1 [237/5603],是, PERIPHERAL VASCULAR DISEASE 外周血管病,1 [5/96],,,,,,,,,,,一级
Autism in Adulthood,2025,2573-9581/2573-959X,否,否,否,ESCI,6.8,,医学,1 [238/5603],是," PSYCHOLOGY, DEVELOPMENTAL 心理学：发育",1 [5/91], REHABILITATION 康复医学,1 [2/169],,,,,,,,,一级
World Journal of Emergency Surgery,2025,1749-7922/1749-7922,否,否,是,SCIE,5.8,,医学,1 [239/5603],是, EMERGENCY MEDICINE 急救医学,1 [1/54], SURGERY 外科,1 [6/292],,,,,,,,,一级
EPILEPSIA,2025,0013-9580/1528-1167,否,否,否,SCIE,6.6,,医学,1 [240/5603],是, CLINICAL NEUROLOGY 临床神经病学,1 [17/278],,,,,,,,,,,一级
Blood Advances,2025,2473-9529/2473-9537,否,是,是,SCIE,7.1,,医学,1 [241/5603],是, HEMATOLOGY 血液学,2 [8/96],,,,,,,,,,,一级
ALIMENTARY PHARMACOLOGY & THERAPEUTICS,2025,0269-2813/1365-2036,否,否,否,SCIE,6.7,,医学,1 [242/5603],是, PHARMACOLOGY & PHARMACY 药学,1 [11/350], GASTROENTEROLOGY & HEPATOLOGY 胃肠肝病学,2 [15/143],,,,,,,,,一级
IEEE TRANSACTIONS ON MEDICAL IMAGING,2025,0278-0062/1558-254X,否,否,否,SCIE,9.8,,医学,1 [243/5603],是," COMPUTER SCIENCE, INTERDISCIPLINARY APPLICATIONS 计算机：跨学科应用",1 [7/172]," ENGINEERING, BIOMEDICAL 工程：生物医学",1 [8/120]," ENGINEERING, ELECTRICAL & ELECTRONIC 工程：电子与电气",1 [13/352], IMAGING SCIENCE & PHOTOGRAPHIC TECHNOLOGY 成像科学与照相技术,1 [3/35]," RADIOLOGY, NUCLEAR MEDICINE & MEDICAL IMAGING 核医学",1 [9/206],,,一级
npj Precision Oncology,2025,2397-768X/2397-768X,否,是,是,SCIE,8,,医学,1 [244/5603],是, ONCOLOGY 肿瘤学,2 [30/318],,,,,,,,,,,一级
BMJ Quality & Safety,2025,2044-5415/2044-5423,否,否,否,SSCI;SCIE,6.5,,医学,1 [245/5603],是, HEALTH CARE SCIENCES & SERVICES 卫生保健与服务,1 [6/173], HEALTH POLICY & SERVICES 卫生政策与服务,1 [2/118],,,,,,,,,一级
British Journal of Surgery,2025,0007-1323/1365-2168,否,否,否,SCIE,8.8,,医学,1 [246/5603],是, SURGERY 外科,1 [7/292],,,,,,,,,,,一级
JOURNAL OF THE AMERICAN ACADEMY OF DERMATOLOGY,2025,0190-9622/1097-6787,否,否,否,SCIE,11.8,,医学,1 [247/5603],是, DERMATOLOGY 皮肤病学,1 [4/94],,,,,,,,,,,一级
BRITISH JOURNAL OF PSYCHIATRY,2025,0007-1250/1472-1465,否,否,否,SSCI;SCIE,7.6,,医学,1 [248/5603],是, PSYCHIATRY 精神病学,1 [11/277],,,,,,,,,,,一级
HAEMATOLOGICA,2025,0390-6078/1592-8721,否,否,否,SCIE,7.9,,医学,1 [249/5603],是, HEMATOLOGY 血液学,2 [9/96],,,,,,,,,,,一级
CANCER LETTERS,2025,0304-3835/1872-7980,否,否,否,SCIE,10.1,,医学,1 [250/5603],是, ONCOLOGY 肿瘤学,2 [31/318],,,,,,,,,,,一级
International Journal of Behavioral Nutrition and Physical Activity,2025,1479-5868/1479-5868,否,否,是,SCIE,5.5,,医学,1 [251/5603],是, NUTRITION & DIETETICS 营养学,1 [7/113], PHYSIOLOGY 生理学,1 [4/84],,,,,,,,,一级
Gut Microbes,2025,1949-0976/1949-0984,否,否,否,SCIE,11,,医学,1 [252/5603],是, MICROBIOLOGY 微生物学,1 [10/159], GASTROENTEROLOGY & HEPATOLOGY 胃肠肝病学,2 [16/143],,,,,,,,,一级
CNS DRUGS,2025,1172-7047/1179-1934,否,否,否,SCIE,7.4,,医学,1 [253/5603],是, CLINICAL NEUROLOGY 临床神经病学,1 [18/278], PHARMACOLOGY & PHARMACY 药学,1 [12/350], PSYCHIATRY 精神病学,1 [12/277],,,,,,,一级
Acta Biomaterialia,2025,1742-7061/1878-7568,否,否,否,SCIE,9.6,,医学,1 [254/5603],是," ENGINEERING, BIOMEDICAL 工程：生物医学",1 [9/120]," MATERIALS SCIENCE, BIOMATERIALS 材料科学：生物材料",1 [3/52],,,,,,,,,一级
JAMA Health Forum,2025,2689-0186/2689-0186,否,否,是,ESCI,11.3,,医学,1 [255/5603],是, HEALTH CARE SCIENCES & SERVICES 卫生保健与服务,1 [7/173], HEALTH POLICY & SERVICES 卫生政策与服务,1 [3/118]," PUBLIC, ENVIRONMENTAL & OCCUPATIONAL HEALTH 公共卫生、环境卫生与职业卫生",1 [14/404],,,,,,,一级
JOURNAL OF AUTOIMMUNITY,2025,0896-8411/1095-9157,否,否,否,SCIE,7,,医学,1 [256/5603],是, IMMUNOLOGY 免疫学,1 [13/179],,,,,,,,,,,一级
BMJ Medicine,2025,2754-0413/2754-0413,否,否,是,ESCI,10,,医学,1 [257/5603],是," MEDICINE, GENERAL & INTERNAL 医学：内科",2 [16/327],,,,,,,,,,,一级
AMERICAN JOURNAL OF HEMATOLOGY,2025,0361-8609/1096-8652,否,否,否,SCIE,9.9,,医学,1 [258/5603],是, HEMATOLOGY 血液学,2 [10/96],,,,,,,,,,,一级
Journal of Stroke,2025,2287-6391/2287-6405,否,否,是,SCIE,8.6,,医学,1 [259/5603],是, CLINICAL NEUROLOGY 临床神经病学,2 [19/278], PERIPHERAL VASCULAR DISEASE 外周血管病,2 [6/96],,,,,,,,,一级
JOURNAL OF BIOMEDICAL SCIENCE,2025,1021-7770/1423-0127,否,否,是,SCIE,12.1,,医学,1 [260/5603],是," MEDICINE, RESEARCH & EXPERIMENTAL 医学：研究与实验",1 [12/188], CELL BIOLOGY 细胞生物学,2 [36/203],,,,,,,,,一级
EUROPEAN JOURNAL OF CANCER,2025,0959-8049/1879-0852,否,否,否,SCIE,7.1,,医学,1 [261/5603],是, ONCOLOGY 肿瘤学,2 [32/318],,,,,,,,,,,一级
Implementation Science,2025,1748-5908/1748-5908,否,否,是,SSCI;SCIE,13.4,,医学,1 [262/5603],是, HEALTH CARE SCIENCES & SERVICES 卫生保健与服务,1 [8/173], HEALTH POLICY & SERVICES 卫生政策与服务,1 [4/118],,,,,,,,,一级
EUROPEAN JOURNAL OF VASCULAR AND ENDOVASCULAR SURGERY,2025,1078-5884/1532-2165,否,否,否,SCIE,6.8,,医学,1 [263/5603],是, SURGERY 外科,1 [8/292], PERIPHERAL VASCULAR DISEASE 外周血管病,2 [7/96],,,,,,,,,一级
Photoacoustics,2025,2213-5979/2213-5979,否,是,是,SCIE,6.8,,医学,1 [264/5603],是," ENGINEERING, BIOMEDICAL 工程：生物医学",1 [10/120], INSTRUMENTS & INSTRUMENTATION 仪器仪表,1 [2/76]," RADIOLOGY, NUCLEAR MEDICINE & MEDICAL IMAGING 核医学",1 [10/206],,,,,,,一级
Med,2025,2666-6340/2666-6340,否,否,否,ESCI,11.8,,医学,1 [265/5603],是," MEDICINE, RESEARCH & EXPERIMENTAL 医学：研究与实验",1 [13/188],,,,,,,,,,,一级
EUROPEAN JOURNAL OF NUCLEAR MEDICINE AND MOLECULAR IMAGING,2025,1619-7070/1619-7089,否,否,否,SCIE,7.6,,医学,1 [266/5603],是," RADIOLOGY, NUCLEAR MEDICINE & MEDICAL IMAGING 核医学",1 [11/206],,,,,,,,,,,一级
GENETICS IN MEDICINE,2025,1098-3600/1530-0366,否,否,否,SCIE,6.2,,医学,1 [267/5603],是, GENETICS & HEREDITY 遗传学,1 [15/190],,,,,,,,,,,一级
Radiology-Artificial Intelligence,2025,2638-6100/2638-6100,否,否,否,ESCI,13.2,,医学,1 [268/5603],是," COMPUTER SCIENCE, ARTIFICIAL INTELLIGENCE 计算机：人工智能",1 [13/196]," RADIOLOGY, NUCLEAR MEDICINE & MEDICAL IMAGING 核医学",2 [12/206],,,,,,,,,一级
THYROID,2025,1050-7256/1557-9077,否,否,否,SCIE,6.7,,医学,1 [269/5603],是, ENDOCRINOLOGY & METABOLISM 内分泌学与代谢,1 [13/184],,,,,,,,,,,一级
JCI Insight,2025,2379-3708/2379-3708,否,否,是,SCIE,6.1,,医学,1 [270/5603],是," MEDICINE, RESEARCH & EXPERIMENTAL 医学：研究与实验",1 [14/188],,,,,,,,,,,一级
ANAESTHESIA,2025,0003-2409/1365-2044,否,否,否,SCIE,6.9,,医学,1 [271/5603],是, ANESTHESIOLOGY 麻醉学,1 [3/64],,,,,,,,,,,一级
MOVEMENT DISORDERS,2025,0885-3185/1531-8257,否,否,否,SCIE,7.6,,医学,1 [272/5603],是, CLINICAL NEUROLOGY 临床神经病学,2 [20/278],,,,,,,,,,,一级
INTERNATIONAL JOURNAL OF NURSING STUDIES,2025,0020-7489/1873-491X,否,否,否,SSCI;SCIE,7.1,,医学,1 [273/5603],是, NURSING 护理,1 [1/191],,,,,,,,,,,一级
JOURNAL OF CHILD PSYCHOLOGY AND PSYCHIATRY,2025,0021-9630/1469-7610,否,否,否,SSCI;SCIE,7,,医学,1 [274/5603],是, PSYCHIATRY 精神病学,1 [13/277], PSYCHOLOGY 心理学,1 [7/92]," PSYCHOLOGY, DEVELOPMENTAL 心理学：发育",1 [6/91],,,,,,,一级
ESMO Open,2025,2059-7029/2059-7029,否,是,是,SCIE,8.3,,医学,1 [275/5603],是, ONCOLOGY 肿瘤学,2 [33/318],,,,,,,,,,,一级
ONCOGENE,2025,0950-9232/1476-5594,否,否,否,SCIE,7.3,,医学,1 [276/5603],是, BIOCHEMISTRY & MOLECULAR BIOLOGY 生化与分子生物学,1 [26/310], GENETICS & HEREDITY 遗传学,1 [16/190], CELL BIOLOGY 细胞生物学,2 [38/203], ONCOLOGY 肿瘤学,2 [34/318],,,,,一级
JOURNAL OF HEART AND LUNG TRANSPLANTATION,2025,1053-2498/1557-3117,否,否,否,SCIE,6,,医学,1 [277/5603],是, SURGERY 外科,1 [9/292], TRANSPLANTATION 移植,1 [1/31], CARDIAC & CARDIOVASCULAR SYSTEMS 心脏和心血管系统,2 [24/223], RESPIRATORY SYSTEM 呼吸系统,2 [8/101],,,,,一级
BMJ Mental Health,2025,2755-9734/2755-9734,否,否,是,SCIE,4.9,,医学,1 [278/5603],是, PSYCHIATRY 精神病学,1 [14/277],,,,,,,,,,,一级
Journal of Allergy and Clinical Immunology-In Practice,2025,2213-2198/2213-2201,否,否,否,SCIE,6.6,,医学,1 [279/5603],是, IMMUNOLOGY 免疫学,1 [14/179], ALLERGY 过敏,2 [4/39],,,,,,,,,一级
HUMAN REPRODUCTION,2025,0268-1161/1460-2350,否,否,否,SCIE,6.1,,医学,1 [280/5603],是, OBSTETRICS & GYNECOLOGY 妇产科学,1 [4/135], REPRODUCTIVE BIOLOGY 生殖生物学,1 [2/39],,,,,,,,,一级
AMERICAN JOURNAL OF TRANSPLANTATION,2025,1600-6135/1600-6143,否,否,否,SCIE,8.2,,医学,1 [281/5603],是, SURGERY 外科,1 [10/292], TRANSPLANTATION 移植,1 [2/31],,,,,,,,,一级
JOURNAL OF INTERNAL MEDICINE,2025,0954-6820/1365-2796,否,否,否,SCIE,9.2,,医学,1 [282/5603],是," MEDICINE, GENERAL & INTERNAL 医学：内科",2 [17/327],,,,,,,,,,,一级
Bone & Joint Journal,2025,2049-4394/2049-4394,否,否,否,SCIE,4.6,,医学,1 [283/5603],是, ORTHOPEDICS 骨科,1 [2/136], SURGERY 外科,1 [11/292],,,,,,,,,一级
Annals of Intensive Care,2025,2110-5820/2110-5820,否,是,是,SCIE,5.5,,医学,1 [284/5603],是, CRITICAL CARE MEDICINE 危重病医学,2 [7/56],,,,,,,,,,,一级
JOURNAL OF THROMBOSIS AND HAEMOSTASIS,2025,1538-7933/1538-7836,否,否,否,SCIE,5,,医学,1 [285/5603],是, HEMATOLOGY 血液学,2 [11/96], PERIPHERAL VASCULAR DISEASE 外周血管病,2 [8/96],,,,,,,,,一级
Ocular Surface,2025,1542-0124/1937-5913,否,否,否,SCIE,5.6,,医学,1 [286/5603],是, OPHTHALMOLOGY 眼科学,1 [5/95],,,,,,,,,,,一级
CANADIAN MEDICAL ASSOCIATION JOURNAL,2025,0820-3946/1488-2329,否,否,是,SCIE,11.3,,医学,1 [287/5603],是," MEDICINE, GENERAL & INTERNAL 医学：内科",2 [18/327],,,,,,,,,,,一级
SCHIZOPHRENIA BULLETIN,2025,0586-7614/1745-1701,否,否,否,SSCI;SCIE,4.8,,医学,1 [288/5603],是, PSYCHIATRY 精神病学,1 [15/277],,,,,,,,,,,一级
JOURNAL OF GASTROENTEROLOGY,2025,0944-1174/1435-5922,否,否,否,SCIE,5.5,,医学,1 [289/5603],是, GASTROENTEROLOGY & HEPATOLOGY 胃肠肝病学,2 [17/143],,,,,,,,,,,一级
AMERICAN JOURNAL OF SURGICAL PATHOLOGY,2025,0147-5185/1532-0979,否,否,否,SCIE,4.2,,医学,1 [290/5603],是, PATHOLOGY 病理学,1 [5/88], SURGERY 外科,1 [12/292],,,,,,,,,一级
EXPERIMENTAL AND MOLECULAR MEDICINE,2025,1226-3613/2092-6413,否,否,是,SCIE,12.9,,医学,1 [291/5603],是, BIOCHEMISTRY & MOLECULAR BIOLOGY 生化与分子生物学,1 [27/310]," MEDICINE, RESEARCH & EXPERIMENTAL 医学：研究与实验",2 [17/188],,,,,,,,,一级
European Journal of Preventive Cardiology,2025,2047-4873/2047-4881,否,否,否,SCIE,7.5,,医学,1 [292/5603],是, CARDIAC & CARDIOVASCULAR SYSTEMS 心脏和心血管系统,2 [25/223],,,,,,,,,,,一级
Spine Journal,2025,1529-9430/1878-1632,否,否,否,SCIE,4.7,,医学,1 [293/5603],是, ORTHOPEDICS 骨科,1 [4/136], CLINICAL NEUROLOGY 临床神经病学,2 [21/278],,,,,,,,,一级
ARTERIOSCLEROSIS THROMBOSIS AND VASCULAR BIOLOGY,2025,1079-5642/1524-4636,否,否,否,SCIE,7.4,,医学,1 [294/5603],是, HEMATOLOGY 血液学,2 [12/96], PERIPHERAL VASCULAR DISEASE 外周血管病,2 [9/96],,,,,,,,,一级
Acta Neuropathologica Communications,2025,2051-5960/2051-5960,否,否,是,SCIE,5.7,,医学,1 [295/5603],是, NEUROSCIENCES 神经科学,1 [25/309],,,,,,,,,,,一级
INTERNATIONAL JOURNAL OF RADIATION ONCOLOGY BIOLOGY PHYSICS,2025,0360-3016/1879-355X,否,否,否,SCIE,6.5,,医学,1 [296/5603],是, ONCOLOGY 肿瘤学,2 [35/318]," RADIOLOGY, NUCLEAR MEDICINE & MEDICAL IMAGING 核医学",2 [13/206],,,,,,,,,一级
npj Regenerative Medicine,2025,2057-3995/2057-3995,否,是,是,SCIE,6.5,,医学,1 [297/5603],是, CELL & TISSUE ENGINEERING 细胞与组织工程,2 [3/31]," ENGINEERING, BIOMEDICAL 工程：生物医学",2 [12/120],,,,,,,,,一级
BRAIN BEHAVIOR AND IMMUNITY,2025,0889-1591/1090-2139,否,否,否,SCIE,7.6,,医学,1 [298/5603],是, NEUROSCIENCES 神经科学,1 [26/309], PSYCHIATRY 精神病学,1 [16/277], IMMUNOLOGY 免疫学,2 [19/179],,,,,,,一级
JOURNAL OF CLINICAL PERIODONTOLOGY,2025,0303-6979/1600-051X,否,否,否,SCIE,6.8,,医学,1 [299/5603],是," DENTISTRY, ORAL SURGERY & MEDICINE 牙科与口腔外科",1 [3/157],,,,,,,,,,,一级
Cellular and Molecular Gastroenterology and Hepatology,2025,2352-345X/2352-345X,否,是,是,SCIE,7.4,,医学,1 [300/5603],是, GASTROENTEROLOGY & HEPATOLOGY 胃肠肝病学,2 [18/143],,,,,,,,,,,一级
CLINICAL ORAL IMPLANTS RESEARCH,2025,0905-7161/1600-0501,否,否,否,SCIE,5.3,,医学,1 [301/5603],是," DENTISTRY, ORAL SURGERY & MEDICINE 牙科与口腔外科",1 [4/157]," ENGINEERING, BIOMEDICAL 工程：生物医学",2 [13/120],,,,,,,,,一级
AMERICAN JOURNAL OF SPORTS MEDICINE,2025,0363-5465/1552-3365,否,否,否,SCIE,4.5,,医学,1 [302/5603],是, ORTHOPEDICS 骨科,1 [5/136], SPORT SCIENCES 运动科学,1 [4/126],,,,,,,,,一级
AMERICAN JOURNAL OF CLINICAL NUTRITION,2025,0002-9165/1938-3207,否,否,否,SCIE,6.9,,医学,1 [303/5603],是, NUTRITION & DIETETICS 营养学,1 [8/113],,,,,,,,,,,一级
Circulation-Cardiovascular Quality and Outcomes,2025,1941-7705/1941-7713,否,否,否,SCIE,6.7,,医学,1 [304/5603],是, CARDIAC & CARDIOVASCULAR SYSTEMS 心脏和心血管系统,2 [26/223],,,,,,,,,,,一级
PHYTOMEDICINE,2025,0944-7113/1618-095X,否,否,否,SCIE,8.3,,医学,1 [305/5603],是," CHEMISTRY, MEDICINAL 药物化学",1 [3/72], INTEGRATIVE & COMPLEMENTARY MEDICINE 全科医学与补充医学,1 [1/43], PHARMACOLOGY & PHARMACY 药学,1 [13/350], PLANT SCIENCES 植物科学,1 [16/265],,,,,一级
CLINICAL NUTRITION,2025,0261-5614/1532-1983,否,否,否,SCIE,7.4,,医学,1 [306/5603],是, NUTRITION & DIETETICS 营养学,1 [9/113],,,,,,,,,,,一级
Cancer Immunology Research,2025,2326-6066/2326-6074,否,否,否,SCIE,8.2,,医学,1 [307/5603],是, IMMUNOLOGY 免疫学,2 [20/179], ONCOLOGY 肿瘤学,2 [36/318],,,,,,,,,一级
European Heart Journal-Cardiovascular Imaging,2025,2047-2404/2047-2412,否,否,否,SCIE,6.6,,医学,1 [308/5603],是, CARDIAC & CARDIOVASCULAR SYSTEMS 心脏和心血管系统,2 [27/223]," RADIOLOGY, NUCLEAR MEDICINE & MEDICAL IMAGING 核医学",2 [14/206],,,,,,,,,一级
JOURNAL OF BONE AND JOINT SURGERY-AMERICAN VOLUME,2025,0021-9355/1535-1386,否,否,否,SCIE,4.3,,医学,1 [309/5603],是, ORTHOPEDICS 骨科,1 [6/136], SURGERY 外科,1 [13/292],,,,,,,,,一级
Emerging Microbes & Infections,2025,2222-1751/2222-1751,否,否,是,SCIE,7.5,,医学,1 [310/5603],是, INFECTIOUS DISEASES 传染病学,1 [4/134], MICROBIOLOGY 微生物学,1 [12/159], IMMUNOLOGY 免疫学,2 [21/179],,,,,,,一级
JOURNAL OF BONE AND MINERAL RESEARCH,2025,0884-0431/1523-4681,否,否,否,SCIE,5.9,,医学,1 [311/5603],是, ENDOCRINOLOGY & METABOLISM 内分泌学与代谢,1 [14/184],,,,,,,,,,,一级
npj Parkinsons Disease,2025,2373-8057/2373-8057,否,是,是,SCIE,8.2,,医学,1 [312/5603],是, NEUROSCIENCES 神经科学,2 [31/309],,,,,,,,,,,一级
AMERICAN JOURNAL OF OPHTHALMOLOGY,2025,0002-9394/1879-1891,否,否,否,SCIE,4.2,,医学,1 [313/5603],是, OPHTHALMOLOGY 眼科学,1 [6/95],,,,,,,,,,,一级
Journal of the American Heart Association,2025,2047-9980/2047-9980,否,是,是,SCIE,5.3,,医学,1 [314/5603],是, CARDIAC & CARDIOVASCULAR SYSTEMS 心脏和心血管系统,2 [28/223],,,,,,,,,,,一级
PAIN,2025,0304-3959/1872-6623,否,否,否,SCIE,5.5,,医学,1 [315/5603],是, ANESTHESIOLOGY 麻醉学,2 [4/64], CLINICAL NEUROLOGY 临床神经病学,2 [22/278], NEUROSCIENCES 神经科学,2 [32/309],,,,,,,一级
JOURNAL OF THE AMERICAN SOCIETY OF ECHOCARDIOGRAPHY,2025,0894-7317,否,否,否,SCIE,6,,医学,1 [316/5603],是, CARDIAC & CARDIOVASCULAR SYSTEMS 心脏和心血管系统,2 [29/223],,,,,,,,,,,一级
FERTILITY AND STERILITY,2025,0015-0282/1556-5653,否,否,否,SCIE,7,,医学,1 [317/5603],是, OBSTETRICS & GYNECOLOGY 妇产科学,1 [5/135], REPRODUCTIVE BIOLOGY 生殖生物学,1 [3/39],,,,,,,,,一级
PLoS Pathogens,2025,1553-7366/1553-7374,否,是,是,SCIE,4.9,,医学,1 [318/5603],是, MICROBIOLOGY 微生物学,1 [13/159], PARASITOLOGY 寄生虫学,1 [3/45], VIROLOGY 病毒学,1 [3/41],,,,,,,一级
Knee Surgery & Related Research,2025,2234-2451/2234-2451,否,否,是,ESCI,4.4,,医学,1 [319/5603],是, ORTHOPEDICS 骨科,1 [7/136], SURGERY 外科,1 [14/292],,,,,,,,,一级
BMJ Global Health,2025,2059-7908/2059-7908,否,否,是,SSCI;SCIE,6.1,,医学,1 [320/5603],是," PUBLIC, ENVIRONMENTAL & OCCUPATIONAL HEALTH 公共卫生、环境卫生与职业卫生",1 [17/404],,,,,,,,,,,一级
Acta Physiologica,2025,1748-1708/1748-1716,否,否,否,SCIE,5.6,,医学,1 [321/5603],是, PHYSIOLOGY 生理学,1 [5/84],,,,,,,,,,,一级
JOURNAL OF MEDICINAL CHEMISTRY,2025,0022-2623/1520-4804,否,否,否,SCIE,6.8,,医学,1 [322/5603],是," CHEMISTRY, MEDICINAL 药物化学",1 [4/72],,,,,,,,,,,一级
RESUSCITATION,2025,0300-9572/1873-1570,否,否,否,SCIE,4.6,,医学,1 [323/5603],是, EMERGENCY MEDICINE 急救医学,1 [2/54], CRITICAL CARE MEDICINE 危重病医学,2 [8/56],,,,,,,,,一级
CONTACT DERMATITIS,2025,0105-1873/1600-0536,否,否,否,SCIE,4.6,,医学,1 [324/5603],是, DERMATOLOGY 皮肤病学,1 [5/94], ALLERGY 过敏,2 [5/39],,,,,,,,,一级
Materials Today Bio,2025,2590-0064/2590-0064,否,是,是,SCIE,10.2,,医学,1 [325/5603],是," MATERIALS SCIENCE, BIOMATERIALS 材料科学：生物材料",1 [4/52]," ENGINEERING, BIOMEDICAL 工程：生物医学",2 [14/120],,,,,,,,,一级
Particle and Fibre Toxicology,2025,1743-8977/1743-8977,否,否,是,SCIE,8.2,,医学,1 [326/5603],是, TOXICOLOGY 毒理学,1 [4/106],,,,,,,,,,,一级
Stem Cell Reports,2025,2213-6711/2213-6711,否,是,是,SCIE,5.1,,医学,1 [327/5603],是, CELL & TISSUE ENGINEERING 细胞与组织工程,2 [4/31], CELL BIOLOGY 细胞生物学,2 [39/203],,,,,,,,,一级
INTERNATIONAL ENDODONTIC JOURNAL,2025,0143-2885/1365-2591,否,否,否,SCIE,7.1,,医学,1 [328/5603],是," DENTISTRY, ORAL SURGERY & MEDICINE 牙科与口腔外科",1 [5/157],,,,,,,,,,,一级
Hepatology International,2025,1936-0533/1936-0541,否,否,否,SCIE,6.1,,医学,1 [329/5603],是, GASTROENTEROLOGY & HEPATOLOGY 胃肠肝病学,2 [19/143],,,,,,,,,,,一级
Journal of Orthopaedic Translation,2025,2214-031X/2214-031X,否,是,是,SCIE,7.8,,医学,1 [330/5603],是, ORTHOPEDICS 骨科,1 [8/136],,,,,,,,,,,一级
JOURNAL OF CONTROLLED RELEASE,2025,0168-3659/1873-4995,否,否,否,SCIE,11.5,,医学,1 [331/5603],是, PHARMACOLOGY & PHARMACY 药学,1 [14/350]," CHEMISTRY, MULTIDISCIPLINARY 化学：综合",2 [31/230],,,,,,,,,一级
ENDOCRINE PATHOLOGY,2025,1046-3976/1559-0097,否,否,否,SCIE,14.7,,医学,1 [332/5603],是, ENDOCRINOLOGY & METABOLISM 内分泌学与代谢,1 [15/184], PATHOLOGY 病理学,1 [6/88],,,,,,,,,一级
JOURNAL OF DENTAL RESEARCH,2025,0022-0345/1544-0591,否,否,否,SCIE,5.9,,医学,1 [333/5603],是," DENTISTRY, ORAL SURGERY & MEDICINE 牙科与口腔外科",1 [6/157],,,,,,,,,,,一级
AMERICAN JOURNAL OF GASTROENTEROLOGY,2025,0002-9270/1572-0241,否,否,否,SCIE,7.6,,医学,1 [334/5603],是, GASTROENTEROLOGY & HEPATOLOGY 胃肠肝病学,2 [20/143],,,,,,,,,,,一级
DENTAL MATERIALS,2025,0109-5641/1879-0097,否,否,否,SCIE,6.3,,医学,1 [335/5603],是," DENTISTRY, ORAL SURGERY & MEDICINE 牙科与口腔外科",1 [7/157]," MATERIALS SCIENCE, BIOMATERIALS 材料科学：生物材料",2 [5/52],,,,,,,,,一级
Journal of NeuroEngineering and Rehabilitation,2025,1743-0003/1743-0003,否,否,是,SCIE,5.2,,医学,1 [336/5603],是, REHABILITATION 康复医学,1 [3/169]," ENGINEERING, BIOMEDICAL 工程：生物医学",2 [15/120], NEUROSCIENCES 神经科学,2 [34/309],,,,,,,一级
CANCER,2025,0008-543X/1097-0142,否,否,否,SCIE,5.1,,医学,1 [337/5603],是, ONCOLOGY 肿瘤学,2 [38/318],,,,,,,,,,,一级
HEART RHYTHM,2025,1547-5271/1556-3871,否,否,否,SCIE,5.7,,医学,1 [338/5603],是, CARDIAC & CARDIOVASCULAR SYSTEMS 心脏和心血管系统,2 [30/223],,,,,,,,,,,一级
ANNALS OF EMERGENCY MEDICINE,2025,0196-0644/1097-6760,否,否,否,SCIE,5,,医学,1 [339/5603],是, EMERGENCY MEDICINE 急救医学,1 [3/54],,,,,,,,,,,一级
Endoscopic Ultrasound,2025,2303-9027/2226-7190,否,否,否,SCIE,5.4,,医学,1 [340/5603],是, GASTROENTEROLOGY & HEPATOLOGY 胃肠肝病学,1 [9/143],,,,,,,,,,,一级
Neurospine,2025,2586-6583/2586-6591,否,否,是,SCIE,3.6,,医学,1 [341/5603],是, SURGERY 外科,1 [15/292], CLINICAL NEUROLOGY 临床神经病学,2 [23/278],,,,,,,,,一级
Bone & Joint Research,2025,2046-3758/2046-3758,否,否,是,SCIE,5.1,,医学,1 [342/5603],是, ORTHOPEDICS 骨科,1 [9/136], CELL & TISSUE ENGINEERING 细胞与组织工程,2 [5/31],,,,,,,,,一级
Osteoarthritis and Cartilage,2025,1063-4584/1522-9653,否,否,否,SCIE,9,,医学,1 [343/5603],是, ORTHOPEDICS 骨科,2 [10/136], RHEUMATOLOGY 风湿病学,2 [5/55],,,,,,,,,一级
Infectious Diseases of Poverty,2025,2095-5162/2049-9957,否,否,是,SCIE,5.5,中国SCI期刊支持计划,医学,1 [344/5603],是, INFECTIOUS DISEASES 传染病学,1 [10/134], PARASITOLOGY 寄生虫学,1 [5/45], TROPICAL MEDICINE 热带医学,1 [1/28],,,,,,,一级
Journal of Pharmaceutical Analysis,2025,2095-1779/2214-0883,否,是,是,SCIE,8.9,中国SCI期刊支持计划,医学,1 [345/5603],是, PHARMACOLOGY & PHARMACY 药学,1 [29/350],,,,,,,,,,,一级
Asian Journal of Pharmaceutical Sciences,2025,1818-0876/1818-0876,否,否,是,SCIE,11.9,中国SCI期刊支持计划,医学,1 [346/5603],是, PHARMACOLOGY & PHARMACY 药学,1 [30/350],,,,,,,,,,,一级
MedComm,2025,2688-2663/2688-2663,否,否,是,ESCI,10.7,中国SCI期刊支持计划,医学,1 [347/5603],是," MEDICINE, RESEARCH & EXPERIMENTAL 医学：研究与实验",1 [15/188],,,,,,,,,,,一级
Bio-Design and Manufacturing,2025,2096-5524/2522-8552,否,否,否,SCIE,7.6,中国SCI期刊支持计划,医学,1 [348/5603],是," ENGINEERING, BIOMEDICAL 工程：生物医学",1 [11/120],,,,,,,,,,,一级
International Journal of Nursing Sciences,2025,2352-0132/2352-0132,否,否,是,ESCI,3.1,中国SCI期刊支持计划,医学,1 [349/5603],是, NURSING 护理,1 [11/191],,,,,,,,,,,一级
Infectious Disease Modelling,2025,2468-0427/2468-0427,否,否,是,ESCI,2.5,中国SCI期刊支持计划,医学,1 [350/5603],是, INFECTIOUS DISEASES 传染病学,1 [11/134], MATHEMATICAL & COMPUTATIONAL BIOLOGY 数学与计算生物学,1 [8/66],,,,,,,,,一级
Hepatobiliary Surgery and Nutrition,2025,2304-3881/2304-389X,否,是,是,SCIE,7.8,中国SCI期刊支持计划,医学,1 [351/5603],是, GASTROENTEROLOGY & HEPATOLOGY 胃肠肝病学,1 [10/143], NUTRITION & DIETETICS 营养学,1 [13/113], SURGERY 外科,1 [19/292],,,,,,,一级
TRENDS IN IMMUNOLOGY,2025,1471-4906/1471-4981,是,否,否,SCIE,13.9,,医学,2 [352/5603],否, IMMUNOLOGY 免疫学,2 [18/179],,,,,,,,,,,一级
SEMINARS IN CANCER BIOLOGY,2025,1044-579X/1096-3650,是,否,否,SCIE,15.7,,医学,2 [353/5603],是, ONCOLOGY 肿瘤学,2 [24/318],,,,,,,,,,,一级
Obesity Reviews,2025,1467-7881/1467-789X,是,否,否,SCIE,7.4,,医学,2 [354/5603],是, ENDOCRINOLOGY & METABOLISM 内分泌学与代谢,2 [16/184],,,,,,,,,,,一级
TRENDS IN PARASITOLOGY,2025,1471-4922/1471-5007,是,否,否,SCIE,6.6,,医学,2 [355/5603],否, PARASITOLOGY 寄生虫学,1 [2/45],,,,,,,,,,,一级
Cochrane Database of Systematic Reviews,2025,1469-493X/1361-6137,是,否,否,SCIE,9.4,,医学,2 [356/5603],是," MEDICINE, GENERAL & INTERNAL 医学：内科",2 [15/327],,,,,,,,,,,一级
REVIEWS IN ENDOCRINE & METABOLIC DISORDERS,2025,1389-9155/1573-2606,是,否,否,SCIE,8,,医学,2 [357/5603],否, ENDOCRINOLOGY & METABOLISM 内分泌学与代谢,2 [17/184],,,,,,,,,,,一级
Advances in Nutrition,2025,2161-8313/2156-5376,是,是,是,SCIE,9.2,,医学,2 [358/5603],是, NUTRITION & DIETETICS 营养学,1 [5/113],,,,,,,,,,,一级
Annual Review of Vision Science,2025,2374-4642/2374-4650,是,否,否,SCIE,5.5,,医学,2 [359/5603],否, OPHTHALMOLOGY 眼科学,1 [4/95], NEUROSCIENCES 神经科学,2 [29/309],,,,,,,,,一级
BEST PRACTICE & RESEARCH CLINICAL ENDOCRINOLOGY & METABOLISM,2025,1521-690X/1532-1908,是,否,否,SCIE,6.1,,医学,2 [360/5603],否, ENDOCRINOLOGY & METABOLISM 内分泌学与代谢,2 [18/184],,,,,,,,,,,一级
Alcohol Research-Current Reviews,2025,1535-7414/1930-0573,是,否,否,SSCI,9,,医学,2 [361/5603],否, SUBSTANCE ABUSE 药物滥用,1 [1/56],,,,,,,,,,,一级
CYTOKINE & GROWTH FACTOR REVIEWS,2025,1359-6101/1879-0305,是,否,否,SCIE,11.8,,医学,2 [362/5603],否, BIOCHEMISTRY & MOLECULAR BIOLOGY 生化与分子生物学,2 [30/310], CELL BIOLOGY 细胞生物学,2 [34/203],,,,,,,,,一级
SURVEY OF OPHTHALMOLOGY,2025,0039-6257/1879-3304,是,否,否,SCIE,5.9,,医学,2 [363/5603],否, OPHTHALMOLOGY 眼科学,2 [9/95],,,,,,,,,,,一级
MOLECULAR ASPECTS OF MEDICINE,2025,0098-2997/1872-9452,是,否,否,SCIE,10.3,,医学,2 [364/5603],否, BIOCHEMISTRY & MOLECULAR BIOLOGY 生化与分子生物学,2 [31/310]," MEDICINE, RESEARCH & EXPERIMENTAL 医学：研究与实验",2 [16/188],,,,,,,,,一级
EFORT Open Reviews,2025,2396-7544/2058-5241,是,否,是,SCIE,4,,医学,2 [365/5603],否, ORTHOPEDICS 骨科,1 [3/136],,,,,,,,,,,一级
CRITICAL REVIEWS IN CLINICAL LABORATORY SCIENCES,2025,1040-8363/1549-781X,是,否,否,SCIE,5.5,,医学,2 [366/5603],否, MEDICAL LABORATORY TECHNOLOGY 医学实验技术,1 [1/31],,,,,,,,,,,一级
FRONTIERS IN NEUROENDOCRINOLOGY,2025,0091-3022/1095-6808,是,否,否,SCIE,6.7,,医学,2 [367/5603],否, ENDOCRINOLOGY & METABOLISM 内分泌学与代谢,2 [19/184], NEUROSCIENCES 神经科学,2 [30/309],,,,,,,,,一级
Kidney International Supplements,2025,2157-1724/2157-1716,是,否,否,SCIE,89.6,,医学,2 [368/5603],否, UROLOGY & NEPHROLOGY 泌尿学与肾脏学,2 [10/126],,,,,,,,,,,一级
BLOOD REVIEWS,2025,0268-960X/1532-1681,是,否,否,SCIE,5.7,,医学,2 [369/5603],否, HEMATOLOGY 血液学,2 [13/96],,,,,,,,,,,一级
BIOCHIMICA ET BIOPHYSICA ACTA-REVIEWS ON CANCER,2025,0304-419X/1879-2561,是,否,否,SCIE,8.3,,医学,2 [370/5603],是, BIOCHEMISTRY & MOLECULAR BIOLOGY 生化与分子生物学,2 [32/310], BIOPHYSICS 生物物理,2 [10/76], ONCOLOGY 肿瘤学,2 [37/318],,,,,,,一级
PROGRESS IN NEUROBIOLOGY,2025,0301-0082/1873-5118,是,否,否,SCIE,6.1,,医学,2 [371/5603],否, NEUROSCIENCES 神经科学,2 [33/309],,,,,,,,,,,一级
EPIDEMIOLOGIC REVIEWS,2025,0193-936X/1478-6729,是,否,否,SCIE,3.8,,医学,2 [372/5603],否," PUBLIC, ENVIRONMENTAL & OCCUPATIONAL HEALTH 公共卫生、环境卫生与职业卫生",1 [16/404],,,,,,,,,,,一级
Current Environmental Health Reports,2025,2196-5412/2196-5412,是,否,否,SSCI;SCIE,9.1,,医学,2 [373/5603],否," PUBLIC, ENVIRONMENTAL & OCCUPATIONAL HEALTH 公共卫生、环境卫生与职业卫生",2 [30/404],,,,,,,,,,,一级
CANCER AND METASTASIS REVIEWS,2025,0167-7659/1573-7233,是,否,否,SCIE,8.7,,医学,2 [374/5603],否, ONCOLOGY 肿瘤学,2 [39/318],,,,,,,,,,,一级
BRITISH JOURNAL OF CANCER,2025,0007-0920/1532-1827,否,否,否,SCIE,6.8,,医学,2 [375/5603],是, ONCOLOGY 肿瘤学,2 [40/318],,,,,,,,,,,一级
npj Breast Cancer,2025,2374-4677/2374-4677,否,是,是,SCIE,7.6,,医学,2 [376/5603],是, ONCOLOGY 肿瘤学,2 [41/318],,,,,,,,,,,一级
Journal of Crohns & Colitis,2025,1873-9946/1876-4479,否,否,否,SCIE,8.7,,医学,2 [377/5603],是, GASTROENTEROLOGY & HEPATOLOGY 胃肠肝病学,2 [21/143],,,,,,,,,,,一级
International Forum of Allergy & Rhinology,2025,2042-6976/2042-6984,否,否,否,SCIE,6.8,,医学,2 [378/5603],否, OTORHINOLARYNGOLOGY 耳鼻喉科学,1 [2/66],,,,,,,,,,,一级
Gastric Cancer,2025,1436-3291/1436-3305,否,否,否,SCIE,5.1,,医学,2 [379/5603],否, GASTROENTEROLOGY & HEPATOLOGY 胃肠肝病学,2 [22/143], ONCOLOGY 肿瘤学,2 [42/318],,,,,,,,,一级
TRENDS IN CARDIOVASCULAR MEDICINE,2025,1050-1738/1873-2615,是,否,否,SCIE,9,,医学,2 [380/5603],否, CARDIAC & CARDIOVASCULAR SYSTEMS 心脏和心血管系统,2 [31/223],,,,,,,,,,,一级
Current Psychiatry Reports,2025,1523-3812/1535-1645,是,否,否,SSCI;SCIE,6.7,,医学,2 [381/5603],否, PSYCHIATRY 精神病学,2 [19/277],,,,,,,,,,,一级
ARTHROSCOPY-THE JOURNAL OF ARTHROSCOPIC AND RELATED SURGERY,2025,0749-8063/1526-3231,否,否,否,SCIE,5.4,,医学,2 [382/5603],是, SPORT SCIENCES 运动科学,1 [5/126], SURGERY 外科,1 [16/292], ORTHOPEDICS 骨科,2 [11/136],,,,,,,一级
INFECTIOUS DISEASE CLINICS OF NORTH AMERICA,2025,0891-5520/1557-9824,是,否,否,SCIE,4.1,,医学,2 [383/5603],否, INFECTIOUS DISEASES 传染病学,1 [5/134], IMMUNOLOGY 免疫学,2 [22/179],,,,,,,,,一级
Journal of Behavioral Addictions,2025,2062-5871/2063-5303,否,否,是,SSCI;SCIE,6.2,,医学,2 [384/5603],否, PSYCHIATRY 精神病学,1 [17/277],,,,,,,,,,,一级
BIOLOGY OF SPORT,2025,0860-021X/2083-1862,否,否,是,SCIE,5,,医学,2 [385/5603],否, SPORT SCIENCES 运动科学,1 [6/126],,,,,,,,,,,一级
EUROPEAN JOURNAL OF ENDOCRINOLOGY,2025,0804-4643/1479-683X,否,否,否,SCIE,5.2,,医学,2 [386/5603],是, ENDOCRINOLOGY & METABOLISM 内分泌学与代谢,2 [20/184],,,,,,,,,,,一级
Journal of NeuroInterventional Surgery,2025,1759-8478/1759-8486,否,否,否,SCIE,4.3,,医学,2 [387/5603],是, NEUROIMAGING 神经成像,1 [1/16], SURGERY 外科,1 [17/292],,,,,,,,,一级
PHARMACOLOGICAL RESEARCH,2025,1043-6618/1096-1186,否,否,否,SCIE,10.5,,医学,2 [388/5603],是, PHARMACOLOGY & PHARMACY 药学,1 [15/350],,,,,,,,,,,一级
EUROPEAN JOURNAL OF EPIDEMIOLOGY,2025,0393-2990/1573-7284,否,否,否,SCIE,5.9,,医学,2 [389/5603],否," PUBLIC, ENVIRONMENTAL & OCCUPATIONAL HEALTH 公共卫生、环境卫生与职业卫生",1 [18/404],,,,,,,,,,,一级
JOURNAL OF THORACIC AND CARDIOVASCULAR SURGERY,2025,0022-5223/1097-685X,否,否,否,SCIE,4.4,,医学,2 [390/5603],是, SURGERY 外科,1 [18/292], CARDIAC & CARDIOVASCULAR SYSTEMS 心脏和心血管系统,2 [32/223], RESPIRATORY SYSTEM 呼吸系统,2 [9/101],,,,,,,一级
IEEE Journal of Biomedical and Health Informatics,2025,2168-2194/2168-2208,否,否,否,SCIE,6.8,,医学,2 [391/5603],是," COMPUTER SCIENCE, INFORMATION SYSTEMS 计算机：信息系统",1 [13/249], MATHEMATICAL & COMPUTATIONAL BIOLOGY 数学与计算生物学,1 [2/66], MEDICAL INFORMATICS 医学：信息,1 [3/44]," COMPUTER SCIENCE, INTERDISCIPLINARY APPLICATIONS 计算机：跨学科应用",2 [14/172],,,,,一级
CLINICAL INFECTIOUS DISEASES,2025,1058-4838/1537-6591,否,否,否,SCIE,7.3,,医学,2 [392/5603],是, INFECTIOUS DISEASES 传染病学,1 [6/134], MICROBIOLOGY 微生物学,1 [14/159], IMMUNOLOGY 免疫学,2 [23/179],,,,,,,一级
CLINICAL CHEMISTRY,2025,0009-9147/1530-8561,否,否,否,SCIE,6.3,,医学,2 [393/5603],否, MEDICAL LABORATORY TECHNOLOGY 医学实验技术,1 [2/31],,,,,,,,,,,一级
Epidemiology and Psychiatric Sciences,2025,2045-7960/2045-7979,否,是,是,SSCI;SCIE,6.1,,医学,2 [394/5603],否, PSYCHIATRY 精神病学,1 [18/277],,,,,,,,,,,一级
HEART,2025,1355-6037/1468-201X,否,否,否,SCIE,4.4,,医学,2 [395/5603],是, CARDIAC & CARDIOVASCULAR SYSTEMS 心脏和心血管系统,2 [33/223],,,,,,,,,,,一级
Journal of the International AIDS Society,2025,1758-2652/1758-2652,否,是,是,SCIE,4.9,,医学,2 [396/5603],是, INFECTIOUS DISEASES 传染病学,1 [7/134], IMMUNOLOGY 免疫学,2 [24/179],,,,,,,,,一级
JOURNAL OF ORTHOPAEDIC & SPORTS PHYSICAL THERAPY,2025,0190-6011/1938-1344,否,否,否,SCIE,5.8,,医学,2 [397/5603],否, REHABILITATION 康复医学,1 [4/169], SPORT SCIENCES 运动科学,1 [7/126], ORTHOPEDICS 骨科,2 [12/136],,,,,,,一级
RADIOTHERAPY AND ONCOLOGY,2025,0167-8140/1879-0887,否,否,否,SCIE,5.3,,医学,2 [398/5603],是, ONCOLOGY 肿瘤学,2 [43/318]," RADIOLOGY, NUCLEAR MEDICINE & MEDICAL IMAGING 核医学",2 [15/206],,,,,,,,,一级
Stem Cell Research & Therapy,2025,1757-6512/1757-6512,否,否,是,SCIE,7.3,,医学,2 [399/5603],是, CELL & TISSUE ENGINEERING 细胞与组织工程,2 [6/31], CELL BIOLOGY 细胞生物学,2 [42/203]," MEDICINE, RESEARCH & EXPERIMENTAL 医学：研究与实验",2 [18/188],,,,,,,一级
International Journal for Parasitology-Drugs and Drug Resistance,2025,2211-3207/2211-3207,否,是,是,SCIE,3.4,,医学,2 [400/5603],否, PARASITOLOGY 寄生虫学,1 [4/45], PHARMACOLOGY & PHARMACY 药学,1 [16/350],,,,,,,,,一级
Globalization and Health,2025,1744-8603/1744-8603,否,否,是,SSCI;SCIE,4.5,,医学,2 [401/5603],否," PUBLIC, ENVIRONMENTAL & OCCUPATIONAL HEALTH 公共卫生、环境卫生与职业卫生",1 [19/404],,,,,,,,,,,一级
EUROPEAN RADIOLOGY,2025,0938-7994/1432-1084,否,否,否,SCIE,4.7,,医学,2 [402/5603],是," RADIOLOGY, NUCLEAR MEDICINE & MEDICAL IMAGING 核医学",2 [16/206],,,,,,,,,,,一级
Current Rheumatology Reports,2025,1523-3774/1534-6307,是,否,否,SCIE,3.9,,医学,2 [403/5603],否, RHEUMATOLOGY 风湿病学,2 [6/55],,,,,,,,,,,一级
BRITISH MEDICAL BULLETIN,2025,0007-1420/1471-8391,是,否,否,SCIE,5.2,,医学,2 [404/5603],否," MEDICINE, GENERAL & INTERNAL 医学：内科",2 [19/327],,,,,,,,,,,一级
AMERICAN JOURNAL OF PUBLIC HEALTH,2025,0090-0036/1541-0048,否,否,否,SSCI;SCIE,9.6,,医学,2 [405/5603],是," PUBLIC, ENVIRONMENTAL & OCCUPATIONAL HEALTH 公共卫生、环境卫生与职业卫生",1 [20/404],,,,,,,,,,,一级
PSYCHOLOGICAL MEDICINE,2025,0033-2917/1469-8978,否,是,是,SSCI;SCIE,5.5,,医学,2 [406/5603],是, PSYCHOLOGY 心理学,1 [9/92]," PSYCHOLOGY, CLINICAL 心理学：临床",1 [10/179], PSYCHIATRY 精神病学,2 [20/277],,,,,,,一级
JMIR mHealth and uHealth,2025,2291-5222/2291-5222,否,否,是,SCIE,6.2,,医学,2 [407/5603],是, HEALTH CARE SCIENCES & SERVICES 卫生保健与服务,2 [12/173], MEDICAL INFORMATICS 医学：信息,2 [4/44],,,,,,,,,一级
ACTA PSYCHIATRICA SCANDINAVICA,2025,0001-690X/1600-0447,否,否,否,SSCI;SCIE,5,,医学,2 [408/5603],否, PSYCHIATRY 精神病学,2 [21/277],,,,,,,,,,,一级
Annals of the American Thoracic Society,2025,1546-3222/2325-6621,否,否,否,SCIE,5.4,,医学,2 [409/5603],是, RESPIRATORY SYSTEM 呼吸系统,2 [10/101],,,,,,,,,,,一级
Cold Spring Harbor Perspectives in Medicine,2025,2157-1422/2157-1422,否,否,否,SCIE,10.1,,医学,2 [410/5603],否," MEDICINE, RESEARCH & EXPERIMENTAL 医学：研究与实验",2 [19/188],,,,,,,,,,,一级
Deutsches Arzteblatt International,2025,1866-0452/1866-0452,否,否,否,SCIE,7.1,,医学,2 [411/5603],否," MEDICINE, GENERAL & INTERNAL 医学：内科",2 [20/327],,,,,,,,,,,一级
Current Neurology and Neuroscience Reports,2025,1528-4042/1534-6293,是,否,否,SCIE,5.2,,医学,2 [412/5603],否, CLINICAL NEUROLOGY 临床神经病学,2 [24/278], NEUROSCIENCES 神经科学,2 [36/309],,,,,,,,,一级
JOURNAL OF VASCULAR SURGERY,2025,0741-5214/1097-6809,否,否,否,SCIE,3.6,,医学,2 [413/5603],是, PERIPHERAL VASCULAR DISEASE 外周血管病,2 [10/96], SURGERY 外科,2 [20/292],,,,,,,,,一级
npj Genomic Medicine,2025,2056-7944/2056-7944,否,是,是,SCIE,4.8,,医学,2 [414/5603],否, GENETICS & HEREDITY 遗传学,1 [19/190],,,,,,,,,,,一级
DEPRESSION AND ANXIETY,2025,1091-4269/1520-6394,否,是,是,SSCI;SCIE,3.3,,医学,2 [415/5603],否," PSYCHOLOGY, CLINICAL 心理学：临床",1 [11/179], PSYCHIATRY 精神病学,2 [22/277], PSYCHOLOGY 心理学,2 [10/92],,,,,,,一级
Ophthalmology Retina,2025,2468-6530,否,否,否,ESCI,5.7,,医学,2 [416/5603],否, OPHTHALMOLOGY 眼科学,1 [7/95],,,,,,,,,,,一级
Journal of Clinical Anesthesia,2025,0952-8180/1873-4529,否,否,否,SCIE,5.1,,医学,2 [417/5603],否, ANESTHESIOLOGY 麻醉学,2 [5/64],,,,,,,,,,,一级
NEUROPSYCHOPHARMACOLOGY,2025,0893-133X/1740-634X,否,否,否,SCIE,7.1,,医学,2 [418/5603],是, PHARMACOLOGY & PHARMACY 药学,1 [17/350], NEUROSCIENCES 神经科学,2 [37/309], PSYCHIATRY 精神病学,2 [23/277],,,,,,,一级
Translational Psychiatry,2025,2158-3188/2158-3188,否,是,是,SCIE,6.2,,医学,2 [419/5603],是, PSYCHIATRY 精神病学,2 [24/277],,,,,,,,,,,一级
Advanced Healthcare Materials,2025,2192-2640/2192-2659,否,否,否,SCIE,9.6,,医学,2 [420/5603],是," ENGINEERING, BIOMEDICAL 工程：生物医学",2 [16/120]," MATERIALS SCIENCE, BIOMATERIALS 材料科学：生物材料",2 [6/52], NANOSCIENCE & NANOTECHNOLOGY 纳米科技,2 [23/139],,,,,,,一级
Japanese Dental Science Review,2025,1882-7616/2213-6851,是,是,是,SCIE,6.6,,医学,2 [421/5603],否," DENTISTRY, ORAL SURGERY & MEDICINE 牙科与口腔外科",2 [10/157],,,,,,,,,,,一级
Molecular Metabolism,2025,2212-8778/2212-8778,否,是,是,SCIE,6.6,,医学,2 [422/5603],是, ENDOCRINOLOGY & METABOLISM 内分泌学与代谢,2 [21/184],,,,,,,,,,,一级
Biofabrication,2025,1758-5082/1758-5090,否,否,否,SCIE,8,,医学,2 [423/5603],否," ENGINEERING, BIOMEDICAL 工程：生物医学",2 [17/120]," MATERIALS SCIENCE, BIOMATERIALS 材料科学：生物材料",2 [7/52],,,,,,,,,一级
DIABETES,2025,0012-1797/1939-327X,否,否,否,SCIE,7.5,,医学,2 [424/5603],是, ENDOCRINOLOGY & METABOLISM 内分泌学与代谢,2 [22/184],,,,,,,,,,,一级
RESPIROLOGY,2025,1323-7799/1440-1843,否,否,否,SCIE,6.3,,医学,2 [425/5603],否, RESPIRATORY SYSTEM 呼吸系统,2 [11/101],,,,,,,,,,,一级
Biological Psychiatry-Cognitive Neuroscience and Neuroimaging,2025,2451-9022/2451-9030,否,否,否,SCIE,4.8,,医学,2 [426/5603],否, NEUROSCIENCES 神经科学,2 [38/309],,,,,,,,,,,一级
BRAIN PATHOLOGY,2025,1015-6305/1750-3639,否,是,是,SCIE,6.2,,医学,2 [427/5603],否, PATHOLOGY 病理学,1 [7/88], CLINICAL NEUROLOGY 临床神经病学,2 [25/278], NEUROSCIENCES 神经科学,2 [39/309],,,,,,,一级
REVIEWS IN MEDICAL VIROLOGY,2025,1052-9276/1099-1654,是,否,否,SCIE,6.6,,医学,2 [428/5603],否, VIROLOGY 病毒学,2 [6/41],,,,,,,,,,,一级
ARTHRITIS RESEARCH & THERAPY,2025,1478-6354/1478-6362,否,否,是,SCIE,4.6,,医学,2 [429/5603],是, RHEUMATOLOGY 风湿病学,2 [7/55],,,,,,,,,,,一级
CRITICAL REVIEWS IN TOXICOLOGY,2025,1040-8444/1547-6898,是,否,否,SCIE,4.1,,医学,2 [430/5603],否, TOXICOLOGY 毒理学,1 [5/106],,,,,,,,,,,一级
CLINICAL ORTHOPAEDICS AND RELATED RESEARCH,2025,0009-921X/1528-1132,否,否,否,SCIE,4.4,,医学,2 [431/5603],是, ORTHOPEDICS 骨科,2 [13/136], SURGERY 外科,2 [21/292],,,,,,,,,一级
SOCIAL SCIENCE & MEDICINE,2025,0277-9536/1873-5347,否,否,否,SSCI;SCIE,5,,医学,2 [432/5603],是," PUBLIC, ENVIRONMENTAL & OCCUPATIONAL HEALTH 公共卫生、环境卫生与职业卫生",1 [21/404]," SOCIAL SCIENCES, BIOMEDICAL 社会科学：生物医学",1 [4/46],,,,,,,,,一级
Developmental Cognitive Neuroscience,2025,1878-9293/1878-9307,否,是,是,SSCI;SCIE,4.9,,医学,2 [433/5603],是, NEUROSCIENCES 神经科学,2 [41/309]," PSYCHOLOGY, DEVELOPMENTAL 心理学：发育",2 [15/91],,,,,,,,,一级
Radiology-Imaging Cancer,2025,2638-616X/2638-616X,否,否,否,ESCI,6.3,,医学,2 [434/5603],否, ONCOLOGY 肿瘤学,2 [44/318]," RADIOLOGY, NUCLEAR MEDICINE & MEDICAL IMAGING 核医学",2 [17/206],,,,,,,,,一级
BJOG-AN INTERNATIONAL JOURNAL OF OBSTETRICS AND GYNAECOLOGY,2025,1470-0328/1471-0528,否,否,否,SCIE,4.3,,医学,2 [435/5603],是, OBSTETRICS & GYNECOLOGY 妇产科学,1 [6/135],,,,,,,,,,,一级
CLINICAL MICROBIOLOGY AND INFECTION,2025,1198-743X/1469-0691,否,否,否,SCIE,8.5,,医学,2 [436/5603],是, INFECTIOUS DISEASES 传染病学,1 [8/134], MICROBIOLOGY 微生物学,2 [19/159],,,,,,,,,一级
NUTRITION REVIEWS,2025,0029-6643/1753-4887,是,否,否,SCIE,4.9,,医学,2 [437/5603],是, NUTRITION & DIETETICS 营养学,2 [15/113],,,,,,,,,,,一级
MAYO CLINIC PROCEEDINGS,2025,0025-6196/1942-5546,否,否,否,SCIE,6.7,,医学,2 [438/5603],是," MEDICINE, GENERAL & INTERNAL 医学：内科",2 [21/327],,,,,,,,,,,一级
JOURNAL OF NEUROSCIENCE,2025,0270-6474/1529-2401,否,否,否,SCIE,4,,医学,2 [439/5603],是, NEUROSCIENCES 神经科学,2 [42/309],,,,,,,,,,,一级
JOURNAL OF INFECTION,2025,0163-4453/1532-2742,否,是,是,SCIE,11.9,,医学,2 [440/5603],否, INFECTIOUS DISEASES 传染病学,1 [9/134],,,,,,,,,,,一级
JOURNAL OF PATHOLOGY,2025,0022-3417/1096-9896,否,否,否,SCIE,5.2,,医学,2 [441/5603],否, PATHOLOGY 病理学,1 [8/88], ONCOLOGY 肿瘤学,2 [45/318],,,,,,,,,一级
npj Vaccines,2025,2059-0105/2059-0105,否,是,是,SCIE,6.5,,医学,2 [442/5603],是, IMMUNOLOGY 免疫学,2 [25/179]," MEDICINE, RESEARCH & EXPERIMENTAL 医学：研究与实验",2 [20/188],,,,,,,,,一级
JOURNAL OF CARDIOVASCULAR MAGNETIC RESONANCE,2025,1097-6647/1532-429X,否,是,是,SCIE,6.1,,医学,2 [443/5603],否, CARDIAC & CARDIOVASCULAR SYSTEMS 心脏和心血管系统,2 [34/223]," RADIOLOGY, NUCLEAR MEDICINE & MEDICAL IMAGING 核医学",2 [18/206],,,,,,,,,一级
Women and Birth,2025,1871-5192/1878-1799,否,否,否,SSCI;SCIE,4.1,,医学,2 [444/5603],否, NURSING 护理,1 [2/191], OBSTETRICS & GYNECOLOGY 妇产科学,1 [7/135],,,,,,,,,一级
Experimental Hematology & Oncology,2025,2162-3619/2162-3619,否,否,是,SCIE,13.5,,医学,2 [445/5603],否, HEMATOLOGY 血液学,2 [14/96], ONCOLOGY 肿瘤学,2 [46/318],,,,,,,,,一级
Mucosal Immunology,2025,1933-0219/1935-3456,否,是,是,SCIE,7.6,,医学,2 [446/5603],否, IMMUNOLOGY 免疫学,2 [26/179],,,,,,,,,,,一级
JOURNAL OF ANXIETY DISORDERS,2025,0887-6185/1873-7897,否,否,否,SSCI,4.5,,医学,2 [447/5603],否," PSYCHOLOGY, CLINICAL 心理学：临床",1 [13/179], PSYCHIATRY 精神病学,2 [25/277],,,,,,,,,一级
CURRENT ALLERGY AND ASTHMA REPORTS,2025,1529-7322/1534-6315,是,否,否,SCIE,4.6,,医学,2 [448/5603],否, ALLERGY 过敏,2 [6/39], IMMUNOLOGY 免疫学,2 [27/179],,,,,,,,,一级
Digestive Endoscopy,2025,0915-5635/1443-1661,否,否,否,SCIE,4.7,,医学,2 [449/5603],否, GASTROENTEROLOGY & HEPATOLOGY 胃肠肝病学,2 [23/143], SURGERY 外科,2 [22/292],,,,,,,,,一级
SEMINARS IN NUCLEAR MEDICINE,2025,0001-2998/1558-4623,是,否,否,SCIE,5.9,,医学,2 [450/5603],否," RADIOLOGY, NUCLEAR MEDICINE & MEDICAL IMAGING 核医学",2 [19/206],,,,,,,,,,,一级
International Journal of Pharmaceutics-X,2025,2590-1567/2590-1567,否,是,是,SCIE,6.4,,医学,2 [451/5603],否, PHARMACOLOGY & PHARMACY 药学,1 [18/350],,,,,,,,,,,一级
MUTATION RESEARCH-REVIEWS IN MUTATION RESEARCH,2025,1383-5742/1388-2139,是,否,否,SCIE,4.2,,医学,2 [452/5603],否, BIOTECHNOLOGY & APPLIED MICROBIOLOGY 生物工程与应用微生物,2 [20/174], GENETICS & HEREDITY 遗传学,2 [22/190], TOXICOLOGY 毒理学,2 [12/106],,,,,,,一级
Oncogenesis,2025,2157-9024/2157-9024,否,否,是,SCIE,6.4,,医学,2 [453/5603],否, ONCOLOGY 肿瘤学,2 [47/318],,,,,,,,,,,一级
THROMBOSIS AND HAEMOSTASIS,2025,0340-6245/2567-689X,否,否,否,SCIE,4.3,,医学,2 [454/5603],是, HEMATOLOGY 血液学,2 [15/96], PERIPHERAL VASCULAR DISEASE 外周血管病,2 [11/96],,,,,,,,,一级
Biology of Sex Differences,2025,2042-6410/2042-6410,否,否,是,SCIE,5.1,,医学,2 [455/5603],否, ENDOCRINOLOGY & METABOLISM 内分泌学与代谢,2 [23/184], GENETICS & HEREDITY 遗传学,2 [23/190],,,,,,,,,一级
Dialogues in Clinical Neuroscience,2025,1294-8322/1958-5969,否,否,否,SCIE,8.9,,医学,2 [456/5603],否, NEUROSCIENCES 神经科学,2 [43/309],,,,,,,,,,,一级
AMERICAN JOURNAL OF ROENTGENOLOGY,2025,0361-803X/1546-3141,否,否,否,SCIE,6.1,,医学,2 [457/5603],是," RADIOLOGY, NUCLEAR MEDICINE & MEDICAL IMAGING 核医学",2 [20/206],,,,,,,,,,,一级
Journal of Neurodevelopmental Disorders,2025,1866-1947/1866-1955,否,否,是,SCIE,4,,医学,2 [458/5603],否, CLINICAL NEUROLOGY 临床神经病学,2 [26/278], NEUROSCIENCES 神经科学,2 [44/309],,,,,,,,,一级
BULLETIN OF THE WORLD HEALTH ORGANIZATION,2025,0042-9686/1564-0604,否,否,否,SCIE,5.7,,医学,2 [459/5603],否," PUBLIC, ENVIRONMENTAL & OCCUPATIONAL HEALTH 公共卫生、环境卫生与职业卫生",1 [23/404],,,,,,,,,,,一级
Annual Review of Biomedical Data Science,2025,2574-3414/2574-3414,是,否,否,ESCI,6,,医学,2 [460/5603],否, MATHEMATICAL & COMPUTATIONAL BIOLOGY 数学与计算生物学,1 [3/66],,,,,,,,,,,一级
Biomaterials Research,2025,1226-4601/2055-7124,否,否,是,SCIE,9.6,,医学,2 [461/5603],否," ENGINEERING, BIOMEDICAL 工程：生物医学",2 [18/120]," MATERIALS SCIENCE, BIOMATERIALS 材料科学：生物材料",2 [8/52],,,,,,,,,一级
BREAST CANCER RESEARCH,2025,1465-5411/1465-542X,否,否,是,SCIE,5.6,,医学,2 [462/5603],否, ONCOLOGY 肿瘤学,2 [48/318],,,,,,,,,,,一级
Molecular Therapy Nucleic Acids,2025,2162-2531/2162-2531,否,是,是,SCIE,6.1,,医学,2 [463/5603],是," MEDICINE, RESEARCH & EXPERIMENTAL 医学：研究与实验",2 [21/188],,,,,,,,,,,一级
Skeletal Muscle,2025,2044-5040/2044-5040,否,否,是,SCIE,4.4,,医学,2 [464/5603],否, CELL BIOLOGY 细胞生物学,2 [49/203],,,,,,,,,,,一级
JOURNAL OF DENTISTRY,2025,0300-5712/1879-176X,否,否,否,SCIE,5.5,,医学,2 [465/5603],是," DENTISTRY, ORAL SURGERY & MEDICINE 牙科与口腔外科",1 [8/157],,,,,,,,,,,一级
PROSTATE CANCER AND PROSTATIC DISEASES,2025,1365-7852/1476-5608,否,否,否,SCIE,5.8,,医学,2 [466/5603],否, UROLOGY & NEPHROLOGY 泌尿学与肾脏学,1 [9/126], ONCOLOGY 肿瘤学,2 [49/318],,,,,,,,,一级
ADDICTION,2025,0965-2140/1360-0443,否,否,否,SSCI;SCIE,5.3,,医学,2 [467/5603],是, SUBSTANCE ABUSE 药物滥用,1 [2/56], PSYCHIATRY 精神病学,2 [27/277],,,,,,,,,一级
Sexual Medicine Reviews,2025,2050-0513/2050-0521,是,否,否,SCIE,3.4,,医学,2 [468/5603],否, UROLOGY & NEPHROLOGY 泌尿学与肾脏学,2 [11/126],,,,,,,,,,,一级
INTERNATIONAL JOURNAL OF EPIDEMIOLOGY,2025,0300-5771/1464-3685,否,否,否,SCIE,5.9,,医学,2 [469/5603],是," PUBLIC, ENVIRONMENTAL & OCCUPATIONAL HEALTH 公共卫生、环境卫生与职业卫生",1 [24/404],,,,,,,,,,,一级
NEUROIMAGE,2025,1053-8119/1095-9572,否,是,是,SCIE,4.5,,医学,2 [470/5603],是, NEUROIMAGING 神经成像,1 [2/16], NEUROSCIENCES 神经科学,2 [45/309]," RADIOLOGY, NUCLEAR MEDICINE & MEDICAL IMAGING 核医学",2 [21/206],,,,,,,一级
Current Opinion in Virology,2025,1879-6257/1879-6265,是,否,否,SCIE,5.1,,医学,2 [471/5603],否, VIROLOGY 病毒学,2 [7/41],,,,,,,,,,,一级
AMERICAN JOURNAL OF RESPIRATORY CELL AND MOLECULAR BIOLOGY,2025,1044-1549/1535-4989,否,否,否,SCIE,5.3,,医学,2 [472/5603],否, BIOCHEMISTRY & MOLECULAR BIOLOGY 生化与分子生物学,2 [44/310], CELL BIOLOGY 细胞生物学,2 [50/203], RESPIRATORY SYSTEM 呼吸系统,2 [12/101],,,,,,,一级
Hernia,2025,1265-4906/1248-9204,否,否,否,SCIE,2.4,,医学,2 [473/5603],是, SURGERY 外科,2 [23/292],,,,,,,,,,,一级
LIVER INTERNATIONAL,2025,1478-3223/1478-3231,否,否,否,SCIE,5.2,,医学,2 [474/5603],是, GASTROENTEROLOGY & HEPATOLOGY 胃肠肝病学,3 [24/143],,,,,,,,,,,一级
Cancer & Metabolism,2025,2049-3002/2049-3002,否,否,是,SCIE,5.3,,医学,2 [475/5603],否, CELL BIOLOGY 细胞生物学,2 [51/203], ONCOLOGY 肿瘤学,2 [50/318],,,,,,,,,一级
European Urology Focus,2025,2405-4569/2405-4569,否,否,否,SCIE,5.6,,医学,2 [476/5603],是, UROLOGY & NEPHROLOGY 泌尿学与肾脏学,2 [12/126],,,,,,,,,,,一级
CRITICAL REVIEWS IN ONCOLOGY HEMATOLOGY,2025,1040-8428/1879-0461,是,否,否,SCIE,5.6,,医学,2 [477/5603],是, HEMATOLOGY 血液学,2 [16/96], ONCOLOGY 肿瘤学,2 [51/318],,,,,,,,,一级
JOURNAL OF PERIODONTOLOGY,2025,0022-3492/1943-3670,否,否,否,SCIE,3.8,,医学,2 [478/5603],是," DENTISTRY, ORAL SURGERY & MEDICINE 牙科与口腔外科",1 [9/157],,,,,,,,,,,一级
Circulation-Genomic and Precision Medicine,2025,2574-8300/2574-8300,否,否,否,SCIE,5.5,,医学,2 [479/5603],否, CARDIAC & CARDIOVASCULAR SYSTEMS 心脏和心血管系统,2 [35/223], GENETICS & HEREDITY 遗传学,2 [24/190],,,,,,,,,一级
JOURNAL OF ARTHROPLASTY,2025,0883-5403/1532-8406,否,否,否,SCIE,3.8,,医学,2 [480/5603],是, ORTHOPEDICS 骨科,2 [14/136],,,,,,,,,,,一级
JOURNAL OF MEDICAL INTERNET RESEARCH,2025,1438-8871,否,否,是,SCIE,6,,医学,2 [481/5603],是, HEALTH CARE SCIENCES & SERVICES 卫生保健与服务,2 [13/173], MEDICAL INFORMATICS 医学：信息,2 [5/44],,,,,,,,,一级
CLINICAL AND EXPERIMENTAL ALLERGY,2025,0954-7894/1365-2222,否,否,否,SCIE,5.2,,医学,2 [482/5603],否, ALLERGY 过敏,2 [7/39], IMMUNOLOGY 免疫学,2 [28/179],,,,,,,,,一级
PEDIATRICS,2025,0031-4005/1098-4275,否,否,否,SCIE,6.4,,医学,2 [483/5603],是, PEDIATRICS 儿科,1 [4/185],,,,,,,,,,,一级
AGE AND AGEING,2025,0002-0729/1468-2834,否,否,否,SCIE,7.1,,医学,2 [484/5603],是, GERIATRICS & GERONTOLOGY 老年医学,1 [6/72],,,,,,,,,,,一级
JOURNAL OF CLINICAL EPIDEMIOLOGY,2025,0895-4356/1878-5921,否,否,否,SCIE,5.2,,医学,2 [485/5603],是," PUBLIC, ENVIRONMENTAL & OCCUPATIONAL HEALTH 公共卫生、环境卫生与职业卫生",1 [25/404], HEALTH CARE SCIENCES & SERVICES 卫生保健与服务,2 [14/173],,,,,,,,,一级
International Journal for Equity in Health,2025,1475-9276/1475-9276,否,否,是,SSCI,4.1,,医学,2 [486/5603],是," PUBLIC, ENVIRONMENTAL & OCCUPATIONAL HEALTH 公共卫生、环境卫生与职业卫生",1 [26/404],,,,,,,,,,,一级
MEDICINE & SCIENCE IN SPORTS & EXERCISE,2025,0195-9131/1530-0315,否,否,否,SCIE,3.9,,医学,2 [487/5603],是, SPORT SCIENCES 运动科学,1 [8/126],,,,,,,,,,,一级
Clinical Implant Dentistry and Related Research,2025,1523-0899/1708-8208,否,否,否,SCIE,4,,医学,2 [488/5603],否," DENTISTRY, ORAL SURGERY & MEDICINE 牙科与口腔外科",2 [11/157],,,,,,,,,,,一级
CURRENT OPINION IN PSYCHIATRY,2025,0951-7367/1473-6578,是,否,否,SSCI;SCIE,4.9,,医学,2 [489/5603],否, PSYCHIATRY 精神病学,2 [29/277],,,,,,,,,,,一级
INTERNATIONAL JOURNAL OF DRUG POLICY,2025,0955-3959/1873-4758,否,否,否,SSCI,4.4,,医学,2 [490/5603],是, SUBSTANCE ABUSE 药物滥用,1 [3/56],,,,,,,,,,,一级
European Heart Journal-Quality of Care and Clinical Outcomes,2025,2058-5225/2058-1742,否,否,否,SCIE,4.6,,医学,2 [491/5603],否, CARDIAC & CARDIOVASCULAR SYSTEMS 心脏和心血管系统,2 [36/223],,,,,,,,,,,一级
Hepatology Communications,2025,2471-254X/2471-254X,否,否,是,SCIE,4.6,,医学,2 [492/5603],是, GASTROENTEROLOGY & HEPATOLOGY 胃肠肝病学,3 [25/143],,,,,,,,,,,一级
Journal of Tissue Engineering,2025,2041-7314/2041-7314,否,否,是,SCIE,7,,医学,2 [493/5603],否, CELL & TISSUE ENGINEERING 细胞与组织工程,2 [7/31],,,,,,,,,,,一级
Diagnostic and Interventional Imaging,2025,2211-5684/2211-5684,否,否,否,SCIE,8.1,,医学,2 [494/5603],否," RADIOLOGY, NUCLEAR MEDICINE & MEDICAL IMAGING 核医学",2 [22/206],,,,,,,,,,,一级
SEMINARS IN IMMUNOLOGY,2025,1044-5323/1096-3618,是,否,否,SCIE,7.8,,医学,2 [495/5603],否, IMMUNOLOGY 免疫学,2 [29/179],,,,,,,,,,,一级
EMERGING INFECTIOUS DISEASES,2025,1080-6040/1080-6059,否,否,是,SCIE,6.6,,医学,2 [496/5603],是, IMMUNOLOGY 免疫学,2 [30/179], INFECTIOUS DISEASES 传染病学,2 [12/134],,,,,,,,,一级
United European Gastroenterology Journal,2025,2050-6406/2050-6414,否,是,是,SCIE,6.7,,医学,2 [497/5603],否, GASTROENTEROLOGY & HEPATOLOGY 胃肠肝病学,3 [26/143],,,,,,,,,,,一级
Gynecologic Oncology,2025,0090-8258/1095-6859,否,否,否,SCIE,4.1,,医学,2 [498/5603],是, OBSTETRICS & GYNECOLOGY 妇产科学,1 [8/135], ONCOLOGY 肿瘤学,2 [52/318],,,,,,,,,一级
Kidney International Reports,2025,2468-0249/2468-0249,否,是,是,SCIE,5.7,,医学,2 [499/5603],是, UROLOGY & NEPHROLOGY 泌尿学与肾脏学,2 [13/126],,,,,,,,,,,一级
AMERICAN JOURNAL OF PREVENTIVE MEDICINE,2025,0749-3797/1873-2607,否,否,否,SSCI;SCIE,4.5,,医学,2 [500/5603],是," PUBLIC, ENVIRONMENTAL & OCCUPATIONAL HEALTH 公共卫生、环境卫生与职业卫生",1 [27/404]," MEDICINE, GENERAL & INTERNAL 医学：内科",2 [22/327],,,,,,,,,一级
OBSTETRICS AND GYNECOLOGY,2025,0029-7844/0029-7844,否,否,否,SCIE,4.7,,医学,2 [501/5603],是, OBSTETRICS & GYNECOLOGY 妇产科学,2 [9/135],,,,,,,,,,,一级
MOLECULAR MEDICINE,2025,1076-1551/1528-3658,否,否,是,SCIE,6.4,,医学,2 [502/5603],是, BIOCHEMISTRY & MOLECULAR BIOLOGY 生化与分子生物学,2 [48/310], CELL BIOLOGY 细胞生物学,2 [53/203]," MEDICINE, RESEARCH & EXPERIMENTAL 医学：研究与实验",2 [22/188],,,,,,,一级
NEUROBIOLOGY OF DISEASE,2025,0969-9961/1095-953X,否,是,是,SCIE,5.6,,医学,2 [503/5603],是, NEUROSCIENCES 神经科学,2 [46/309],,,,,,,,,,,一级
Intensive and Critical Care Nursing,2025,0964-3397/1532-4036,否,否,否,SSCI;SCIE,4.7,,医学,2 [504/5603],否, NURSING 护理,1 [3/191],,,,,,,,,,,一级
ANESTHESIA AND ANALGESIA,2025,0003-2999/0003-2999,否,否,否,SCIE,3.8,,医学,2 [505/5603],是, ANESTHESIOLOGY 麻醉学,2 [6/64],,,,,,,,,,,一级
Fluids and Barriers of the CNS,2025,2045-8118/2045-8118,否,否,是,SCIE,6.2,,医学,2 [506/5603],否, NEUROSCIENCES 神经科学,2 [47/309],,,,,,,,,,,一级
REGIONAL ANESTHESIA AND PAIN MEDICINE,2025,1098-7339/1532-8651,否,否,否,SCIE,3.5,,医学,2 [507/5603],是, ANESTHESIOLOGY 麻醉学,2 [7/64],,,,,,,,,,,一级
Annals of Cardiothoracic Surgery,2025,2225-319X/2304-1021,否,否,否,SCIE,3.1,,医学,2 [508/5603],否, CARDIAC & CARDIOVASCULAR SYSTEMS 心脏和心血管系统,2 [37/223], SURGERY 外科,2 [24/292],,,,,,,,,一级
Reproductive Biology and Endocrinology,2025,1477-7827/1477-7827,否,否,是,SCIE,4.7,,医学,2 [509/5603],是, REPRODUCTIVE BIOLOGY 生殖生物学,1 [4/39], ENDOCRINOLOGY & METABOLISM 内分泌学与代谢,2 [25/184],,,,,,,,,一级
PROGRESS IN CARDIOVASCULAR DISEASES,2025,0033-0620/1873-1740,是,否,否,SCIE,7.6,,医学,2 [510/5603],否, CARDIAC & CARDIOVASCULAR SYSTEMS 心脏和心血管系统,3 [38/223],,,,,,,,,,,一级
NEUROSURGERY,2025,0148-396X/1524-4040,否,否,否,SCIE,3.9,,医学,2 [511/5603],是, CLINICAL NEUROLOGY 临床神经病学,2 [27/278], SURGERY 外科,2 [25/292],,,,,,,,,一级
Eurosurveillance,2025,1025-496X/1560-7917,否,否,是,SCIE,7.8,,医学,2 [512/5603],是, INFECTIOUS DISEASES 传染病学,2 [13/134],,,,,,,,,,,一级
Tumour Virus Research,2025,2666-6790/2666-6790,否,否,是,ESCI,8.1,,医学,2 [513/5603],否, VIROLOGY 病毒学,1 [4/41],,,,,,,,,,,一级
JOURNAL OF LIPID RESEARCH,2025,0022-2275/1539-7262,否,是,是,SCIE,4.1,,医学,2 [514/5603],否, BIOCHEMISTRY & MOLECULAR BIOLOGY 生化与分子生物学,2 [50/310],,,,,,,,,,,一级
Reproductive Health,2025,1742-4755/1742-4755,否,否,是,SSCI;SCIE,3.4,,医学,2 [515/5603],是," PUBLIC, ENVIRONMENTAL & OCCUPATIONAL HEALTH 公共卫生、环境卫生与职业卫生",1 [28/404],,,,,,,,,,,一级
Human Reproduction Open,2025,2399-3529/2399-3529,否,否,是,SCIE,11.1,,医学,2 [516/5603],否, OBSTETRICS & GYNECOLOGY 妇产科学,2 [10/135], REPRODUCTIVE BIOLOGY 生殖生物学,2 [5/39],,,,,,,,,一级
JOURNAL OF SHOULDER AND ELBOW SURGERY,2025,1058-2746/1532-6500,否,否,否,SCIE,2.9,,医学,2 [517/5603],是, ORTHOPEDICS 骨科,2 [15/136], SPORT SCIENCES 运动科学,2 [10/126], SURGERY 外科,2 [26/292],,,,,,,一级
JOURNAL OF CLINICAL ENDOCRINOLOGY & METABOLISM,2025,0021-972X/1945-7197,否,否,否,SCIE,5.1,,医学,2 [518/5603],是, ENDOCRINOLOGY & METABOLISM 内分泌学与代谢,2 [26/184],,,,,,,,,,,一级
Eye and Vision,2025,2326-0246/2326-0254,否,否,是,SCIE,4,,医学,2 [519/5603],否, OPHTHALMOLOGY 眼科学,1 [8/95],,,,,,,,,,,一级
ATHEROSCLEROSIS,2025,0021-9150/1879-1484,否,否,否,SCIE,5.7,,医学,2 [520/5603],是, PERIPHERAL VASCULAR DISEASE 外周血管病,2 [12/96], CARDIAC & CARDIOVASCULAR SYSTEMS 心脏和心血管系统,3 [39/223],,,,,,,,,一级
Biomaterials Advances,2025,2772-9508/2772-9508,否,否,否,SCIE,6,,医学,2 [521/5603],是," MATERIALS SCIENCE, BIOMATERIALS 材料科学：生物材料",2 [9/52],,,,,,,,,,,一级
JOURNAL OF REFRACTIVE SURGERY,2025,1081-597X/1938-2391,否,否,否,SCIE,3,,医学,2 [522/5603],否, OPHTHALMOLOGY 眼科学,2 [10/95], SURGERY 外科,2 [27/292],,,,,,,,,一级
Translational Research,2025,1931-5244/1878-1810,否,否,否,SCIE,5.9,,医学,2 [523/5603],否, MEDICAL LABORATORY TECHNOLOGY 医学实验技术,1 [3/31]," MEDICINE, GENERAL & INTERNAL 医学：内科",2 [23/327]," MEDICINE, RESEARCH & EXPERIMENTAL 医学：研究与实验",2 [23/188],,,,,,,一级
European Heart Journal-Cardiovascular Pharmacotherapy,2025,2055-6837/2055-6845,否,否,否,SCIE,6.1,,医学,2 [524/5603],否, PHARMACOLOGY & PHARMACY 药学,1 [19/350], CARDIAC & CARDIOVASCULAR SYSTEMS 心脏和心血管系统,3 [40/223],,,,,,,,,一级
RMD Open,2025,2056-5933/2056-5933,否,否,是,SCIE,4.7,,医学,2 [525/5603],是, RHEUMATOLOGY 风湿病学,2 [8/55],,,,,,,,,,,一级
Diabetes Technology & Therapeutics,2025,1520-9156/1557-8593,否,否,否,SCIE,6.3,,医学,2 [526/5603],否, ENDOCRINOLOGY & METABOLISM 内分泌学与代谢,2 [27/184],,,,,,,,,,,一级
Current Atherosclerosis Reports,2025,1523-3804/1534-6242,是,否,否,SCIE,5.2,,医学,2 [527/5603],否, PERIPHERAL VASCULAR DISEASE 外周血管病,2 [13/96],,,,,,,,,,,一级
Journal of Translational Medicine,2025,1479-5876/1479-5876,否,否,是,SCIE,7.5,,医学,2 [528/5603],是," MEDICINE, RESEARCH & EXPERIMENTAL 医学：研究与实验",2 [24/188],,,,,,,,,,,一级
SCANDINAVIAN JOURNAL OF MEDICINE & SCIENCE IN SPORTS,2025,0905-7188/1600-0838,否,否,否,SCIE,3.8,,医学,2 [529/5603],是, SPORT SCIENCES 运动科学,2 [11/126],,,,,,,,,,,一级
Journal of Ginseng Research,2025,1226-8453/2093-4947,否,否,是,SCIE,5.6,,医学,2 [530/5603],否," CHEMISTRY, MEDICINAL 药物化学",1 [5/72], INTEGRATIVE & COMPLEMENTARY MEDICINE 全科医学与补充医学,1 [2/43],,,,,,,,,一级
Insights into Imaging,2025,1869-4101/1869-4101,否,是,是,SCIE,4.5,,医学,2 [531/5603],是," RADIOLOGY, NUCLEAR MEDICINE & MEDICAL IMAGING 核医学",2 [23/206],,,,,,,,,,,一级
SEMINARS IN ARTHRITIS AND RHEUMATISM,2025,0049-0172/1532-866X,否,否,否,SCIE,4.4,,医学,2 [532/5603],是, RHEUMATOLOGY 风湿病学,2 [9/55],,,,,,,,,,,一级
Scandinavian Journal of Trauma Resuscitation & Emergency Medicine,2025,1757-7241/1757-7241,否,否,是,SCIE,3.1,,医学,2 [533/5603],否, EMERGENCY MEDICINE 急救医学,2 [4/54],,,,,,,,,,,一级
JOURNAL OF THE EUROPEAN ACADEMY OF DERMATOLOGY AND VENEREOLOGY,2025,0926-9959/1468-3083,否,否,否,SCIE,8,,医学,2 [534/5603],是, DERMATOLOGY 皮肤病学,1 [6/94],,,,,,,,,,,一级
EPMA Journal,2025,1878-5077/1878-5085,否,否,否,SCIE,5.9,,医学,2 [535/5603],否," MEDICINE, RESEARCH & EXPERIMENTAL 医学：研究与实验",2 [25/188],,,,,,,,,,,一级
Clinical Psychological Science,2025,2167-7026/2167-7034,否,否,否,SSCI;SCIE,4.1,,医学,2 [536/5603],否, PSYCHIATRY 精神病学,2 [30/277], PSYCHOLOGY 心理学,2 [12/92]," PSYCHOLOGY, CLINICAL 心理学：临床",2 [16/179],,,,,,,一级
Minerva Urology and Nephrology,2025,2724-6051/2724-6442,否,否,否,SCIE,4.2,,医学,2 [537/5603],否, UROLOGY & NEPHROLOGY 泌尿学与肾脏学,2 [14/126],,,,,,,,,,,一级
Current HIV/AIDS Reports,2025,1548-3568/1548-3576,是,否,否,SCIE,4.4,,医学,2 [538/5603],否, INFECTIOUS DISEASES 传染病学,2 [14/134],,,,,,,,,,,一级
JOURNAL OF PEDIATRICS,2025,0022-3476/1097-6833,否,否,否,SCIE,3.5,,医学,2 [539/5603],是, PEDIATRICS 儿科,1 [5/185],,,,,,,,,,,一级
Progress in Orthodontics,2025,2196-1042/2196-1042,否,是,是,SCIE,5,,医学,2 [540/5603],否," DENTISTRY, ORAL SURGERY & MEDICINE 牙科与口腔外科",2 [12/157],,,,,,,,,,,一级
JOURNAL OF PSYCHIATRY & NEUROSCIENCE,2025,1180-4882/1488-2434,否,否,否,SSCI;SCIE,3.3,,医学,2 [541/5603],否, NEUROSCIENCES 神经科学,2 [48/309], PSYCHIATRY 精神病学,2 [31/277],,,,,,,,,一级
Radiologia Medica,2025,0033-8362/1826-6983,否,否,否,SCIE,4.8,,医学,2 [542/5603],否," RADIOLOGY, NUCLEAR MEDICINE & MEDICAL IMAGING 核医学",2 [24/206],,,,,,,,,,,一级
EXPERT OPINION ON THERAPEUTIC PATENTS,2025,1354-3776/1744-7674,是,否,否,SCIE,4.6,,医学,2 [543/5603],否," CHEMISTRY, MEDICINAL 药物化学",2 [8/72], PHARMACOLOGY & PHARMACY 药学,2 [31/350],,,,,,,,,一级
International Breastfeeding Journal,2025,1746-4358/1746-4358,否,否,是,SCIE,2.8,,医学,2 [544/5603],否, PEDIATRICS 儿科,1 [6/185], OBSTETRICS & GYNECOLOGY 妇产科学,2 [11/135],,,,,,,,,一级
Clinical and Translational Medicine,2025,2001-1326/2001-1326,否,是,是,SCIE,6.8,,医学,2 [545/5603],是," MEDICINE, RESEARCH & EXPERIMENTAL 医学：研究与实验",2 [26/188], ONCOLOGY 肿瘤学,2 [53/318],,,,,,,,,一级
Artificial Intelligence in Medicine,2025,0933-3657/1873-2860,否,否,否,SCIE,6.2,,医学,2 [546/5603],是," COMPUTER SCIENCE, ARTIFICIAL INTELLIGENCE 计算机：人工智能",2 [30/196]," ENGINEERING, BIOMEDICAL 工程：生物医学",2 [19/120], MEDICAL INFORMATICS 医学：信息,2 [6/44],,,,,,,一级
JOURNALS OF GERONTOLOGY SERIES B-PSYCHOLOGICAL SCIENCES AND SOCIAL SCIENCES,2025,1079-5014/1758-5368,否,否,否,SSCI;SCIE,3.2,,医学,2 [547/5603],是, GERIATRICS & GERONTOLOGY 老年医学,1 [7/72], GERONTOLOGY 老年医学（社科）,1 [2/48], PSYCHOLOGY 心理学,2 [13/92]," PSYCHOLOGY, MULTIDISCIPLINARY 心理学：综合",2 [22/219],,,,,一级
IMMUNOLOGICAL REVIEWS,2025,0105-2896/1600-065X,是,否,否,SCIE,8.3,,医学,2 [548/5603],否, IMMUNOLOGY 免疫学,2 [31/179],,,,,,,,,,,一级
JOURNAL OF AFFECTIVE DISORDERS,2025,0165-0327/1573-2517,否,否,否,SSCI;SCIE,4.9,,医学,2 [549/5603],是, CLINICAL NEUROLOGY 临床神经病学,2 [28/278], PSYCHIATRY 精神病学,2 [32/277],,,,,,,,,一级
Neurotherapeutics,2025,1933-7213/1878-7479,否,否,是,SCIE,6.9,,医学,2 [550/5603],否, PHARMACOLOGY & PHARMACY 药学,1 [20/350], CLINICAL NEUROLOGY 临床神经病学,2 [29/278], NEUROSCIENCES 神经科学,2 [49/309],,,,,,,一级
International Journal of Surgery,2025,1743-9191/1743-9159,否,否,是,SCIE,10.1,,医学,2 [551/5603],否, SURGERY 外科,2 [28/292],,,,,,,,,,,一级
Annals of Clinical and Translational Neurology,2025,2328-9503/2328-9503,否,是,是,SCIE,3.9,,医学,2 [552/5603],否, CLINICAL NEUROLOGY 临床神经病学,2 [30/278], NEUROSCIENCES 神经科学,2 [50/309],,,,,,,,,一级
Current Nutrition Reports,2025,2161-3311/2161-3311,是,否,否,SCIE,5.5,,医学,2 [553/5603],否, NUTRITION & DIETETICS 营养学,2 [16/113],,,,,,,,,,,一级
Journal of Ethnobiology and Ethnomedicine,2025,1746-4269/1746-4269,否,否,是,SCIE,3.7,,医学,2 [554/5603],否, PHARMACOLOGY & PHARMACY 药学,1 [21/350], BIODIVERSITY CONSERVATION 生物多样性保护,2 [9/75], PLANT SCIENCES 植物科学,2 [27/265],,,,,,,一级
INVESTIGATIVE OPHTHALMOLOGY & VISUAL SCIENCE,2025,0146-0404/1552-5783,否,否,是,SCIE,4.7,,医学,2 [555/5603],否, OPHTHALMOLOGY 眼科学,2 [11/95],,,,,,,,,,,一级
CLINICAL PHARMACOLOGY & THERAPEUTICS,2025,0009-9236/1532-6535,否,否,否,SCIE,5.5,,医学,2 [556/5603],否, PHARMACOLOGY & PHARMACY 药学,1 [22/350],,,,,,,,,,,一级
ALLERGOLOGY INTERNATIONAL,2025,1323-8930/1440-1592,否,是,是,SCIE,6.7,,医学,2 [557/5603],否, ALLERGY 过敏,2 [8/39], IMMUNOLOGY 免疫学,2 [32/179],,,,,,,,,一级
LGBT Health,2025,2325-8292/2325-8306,否,否,否,SSCI;SCIE,3.5,,医学,2 [558/5603],否," PUBLIC, ENVIRONMENTAL & OCCUPATIONAL HEALTH 公共卫生、环境卫生与职业卫生",2 [32/404],,,,,,,,,,,一级
COMPUTERS IN BIOLOGY AND MEDICINE,2025,0010-4825/1879-0534,否,否,否,SCIEOnHold,6.3,,医学,2 [559/5603],否, MATHEMATICAL & COMPUTATIONAL BIOLOGY 数学与计算生物学,1 [5/66], BIOLOGY 生物学,2 [13/109]," COMPUTER SCIENCE, INTERDISCIPLINARY APPLICATIONS 计算机：跨学科应用",2 [22/172]," ENGINEERING, BIOMEDICAL 工程：生物医学",2 [20/120],,,,,一级
RESPIRATORY RESEARCH,2025,1465-993X/1465-993X,否,否,是,SCIE,5,,医学,2 [560/5603],否, RESPIRATORY SYSTEM 呼吸系统,2 [13/101],,,,,,,,,,,一级
CLINICAL PHARMACOKINETICS,2025,0312-5963/1179-1926,否,否,否,SCIE,4,,医学,2 [561/5603],否, PHARMACOLOGY & PHARMACY 药学,1 [23/350],,,,,,,,,,,一级
Current Diabetes Reports,2025,1534-4827/1539-0829,是,否,否,SCIE,6.4,,医学,2 [562/5603],否, ENDOCRINOLOGY & METABOLISM 内分泌学与代谢,2 [29/184],,,,,,,,,,,一级
JOURNAL OF ENDODONTICS,2025,0099-2399/1878-3554,否,否,否,SCIE,3.6,,医学,2 [563/5603],否," DENTISTRY, ORAL SURGERY & MEDICINE 牙科与口腔外科",2 [13/157],,,,,,,,,,,一级
Qualitative Research in Sport Exercise and Health,2025,2159-676X/2159-6778,否,否,否,SSCI;SCIE,3.2,,医学,2 [564/5603],否," PSYCHOLOGY, APPLIED 心理学：应用",2 [17/112], SPORT SCIENCES 运动科学,2 [12/126]," HOSPITALITY, LEISURE, SPORT & TOURISM 酒店、休闲、体育与旅游",3 [24/139],,,,,,,一级
JOURNAL OF THE AMERICAN MEDICAL INFORMATICS ASSOCIATION,2025,1067-5027/1527-974X,否,否,否,SSCI;SCIE,4.6,,医学,2 [565/5603],否," COMPUTER SCIENCE, INFORMATION SYSTEMS 计算机：信息系统",2 [32/249]," COMPUTER SCIENCE, INTERDISCIPLINARY APPLICATIONS 计算机：跨学科应用",2 [23/172], HEALTH CARE SCIENCES & SERVICES 卫生保健与服务,2 [15/173], INFORMATION SCIENCE & LIBRARY SCIENCE 图书情报与档案管理,2 [20/160], MEDICAL INFORMATICS 医学：信息,2 [7/44],,,一级
Antimicrobial Resistance and Infection Control,2025,2047-2994/2047-2994,否,否,是,SCIE,4.4,,医学,2 [566/5603],否, INFECTIOUS DISEASES 传染病学,2 [15/134], MICROBIOLOGY 微生物学,2 [24/159]," PUBLIC, ENVIRONMENTAL & OCCUPATIONAL HEALTH 公共卫生、环境卫生与职业卫生",2 [33/404],,,,,,,一级
Borderline Personality Disorder and Emotion Dysregulation,2025,2051-6673/2051-6673,否,否,是,SCIE,2.7,,医学,2 [567/5603],否, PSYCHIATRY 精神病学,2 [33/277],,,,,,,,,,,一级
Best Practice & Research-Clinical Anaesthesiology,2025,1521-6896/1878-1608,否,否,否,SCIE,2.8,,医学,2 [568/5603],否, ANESTHESIOLOGY 麻醉学,2 [8/64],,,,,,,,,,,一级
BREAST,2025,0960-9776/1532-3080,否,是,是,SCIE,7.9,,医学,2 [569/5603],否, OBSTETRICS & GYNECOLOGY 妇产科学,2 [12/135], ONCOLOGY 肿瘤学,2 [54/318],,,,,,,,,一级
HISTOPATHOLOGY,2025,0309-0167/1365-2559,否,否,否,SCIE,4.1,,医学,2 [570/5603],否, CELL BIOLOGY 细胞生物学,2 [55/203], PATHOLOGY 病理学,2 [9/88],,,,,,,,,一级
JOURNAL OF CEREBRAL BLOOD FLOW AND METABOLISM,2025,0271-678X/1559-7016,否,否,否,SCIE,4.5,,医学,2 [571/5603],否, ENDOCRINOLOGY & METABOLISM 内分泌学与代谢,2 [30/184], HEMATOLOGY 血液学,2 [17/96], NEUROSCIENCES 神经科学,2 [51/309],,,,,,,一级
International Journal of Antimicrobial Agents,2025,0924-8579/1872-7913,否,否,否,SCIE,4.6,,医学,2 [572/5603],否, PHARMACOLOGY & PHARMACY 药学,1 [24/350], INFECTIOUS DISEASES 传染病学,2 [16/134], MICROBIOLOGY 微生物学,2 [25/159],,,,,,,一级
JOURNAL OF UROLOGY,2025,0022-5347/1527-3792,否,否,否,SCIE,6.8,,医学,2 [573/5603],否, UROLOGY & NEPHROLOGY 泌尿学与肾脏学,2 [15/126],,,,,,,,,,,一级
CURRENT OPINION IN IMMUNOLOGY,2025,0952-7915/1879-0372,是,否,否,SCIE,5.8,,医学,2 [574/5603],否, IMMUNOLOGY 免疫学,2 [33/179],,,,,,,,,,,一级
EUROPEAN JOURNAL OF MEDICINAL CHEMISTRY,2025,0223-5234/1768-3254,否,否,否,SCIE,5.9,,医学,2 [575/5603],否," CHEMISTRY, MEDICINAL 药物化学",1 [6/72],,,,,,,,,,,一级
NUTRITION RESEARCH REVIEWS,2025,0954-4224/1475-2700,是,否,否,SCIE,4.5,,医学,2 [576/5603],否, NUTRITION & DIETETICS 营养学,2 [17/113],,,,,,,,,,,一级
JCO Precision Oncology,2025,2473-4284/2473-4284,否,否,否,SCIE,5.6,,医学,2 [577/5603],否, ONCOLOGY 肿瘤学,2 [55/318],,,,,,,,,,,一级
Biomarker Research,2025,2050-7771/2050-7771,否,否,是,SCIE,11.5,,医学,2 [578/5603],否," MEDICINE, RESEARCH & EXPERIMENTAL 医学：研究与实验",2 [27/188], ONCOLOGY 肿瘤学,2 [56/318],,,,,,,,,一级
BRITISH JOURNAL OF HAEMATOLOGY,2025,0007-1048/1365-2141,否,否,否,SCIE,3.8,,医学,2 [579/5603],否, HEMATOLOGY 血液学,2 [18/96],,,,,,,,,,,一级
Journal of Trauma and Acute Care Surgery,2025,2163-0755/2163-0763,否,否,否,SCIE,3.7,,医学,2 [580/5603],否, CRITICAL CARE MEDICINE 危重病医学,2 [9/56], SURGERY 外科,2 [29/292],,,,,,,,,一级
Pulmonology,2025,2531-0437/2531-0437,否,是,是,SCIE,6.4,,医学,2 [581/5603],否, RESPIRATORY SYSTEM 呼吸系统,2 [14/101],,,,,,,,,,,一级
HELICOBACTER,2025,1083-4389/1523-5378,否,否,否,SCIE,4.3,,医学,2 [582/5603],否, MICROBIOLOGY 微生物学,2 [27/159], GASTROENTEROLOGY & HEPATOLOGY 胃肠肝病学,3 [27/143],,,,,,,,,一级
Pituitary,2025,1386-341X/1573-7403,否,否,否,SCIE,3.4,,医学,2 [583/5603],否, ENDOCRINOLOGY & METABOLISM 内分泌学与代谢,2 [31/184],,,,,,,,,,,一级
ONCOLOGIST,2025,1083-7159/1549-490X,否,否,是,SCIE,4.2,,医学,2 [584/5603],否, ONCOLOGY 肿瘤学,2 [57/318],,,,,,,,,,,一级
INTERNATIONAL JOURNAL OF EATING DISORDERS,2025,0276-3478/1098-108X,否,否,否,SSCI;SCIE,4.3,,医学,2 [585/5603],否, NUTRITION & DIETETICS 营养学,1 [10/113], PSYCHIATRY 精神病学,2 [34/277], PSYCHOLOGY 心理学,2 [15/92]," PSYCHOLOGY, CLINICAL 心理学：临床",2 [19/179],,,,,一级
LIVER TRANSPLANTATION,2025,1527-6465/1527-6473,否,否,否,SCIE,3.9,,医学,2 [586/5603],否, SURGERY 外科,2 [30/292], TRANSPLANTATION 移植,2 [3/31], GASTROENTEROLOGY & HEPATOLOGY 胃肠肝病学,3 [28/143],,,,,,,一级
JOURNAL OF INVESTIGATIVE DERMATOLOGY,2025,0022-202X/1523-1747,否,否,否,SCIE,5.7,,医学,2 [587/5603],否, DERMATOLOGY 皮肤病学,2 [7/94],,,,,,,,,,,一级
European Journal of Psychotraumatology,2025,2000-8198/2000-8066,否,否,是,SSCI,4.1,,医学,2 [588/5603],否, PSYCHIATRY 精神病学,2 [35/277]," PSYCHOLOGY, CLINICAL 心理学：临床",2 [20/179],,,,,,,,,一级
Nutrition Journal,2025,1475-2891/1475-2891,否,否,是,SCIE,3.8,,医学,2 [589/5603],否, NUTRITION & DIETETICS 营养学,1 [11/113],,,,,,,,,,,一级
SCANDINAVIAN JOURNAL OF WORK ENVIRONMENT & HEALTH,2025,0355-3140/1795-990X,否,否,否,SSCI;SCIE,4.3,,医学,2 [590/5603],否," PUBLIC, ENVIRONMENTAL & OCCUPATIONAL HEALTH 公共卫生、环境卫生与职业卫生",2 [35/404],,,,,,,,,,,一级
Harm Reduction Journal,2025,1477-7517/1477-7517,否,否,是,SSCI,4,,医学,2 [591/5603],否, SUBSTANCE ABUSE 药物滥用,1 [4/56],,,,,,,,,,,一级
CEPHALALGIA,2025,0333-1024/1468-2982,否,否,否,SCIE,4.6,,医学,2 [592/5603],否, CLINICAL NEUROLOGY 临床神经病学,2 [31/278], NEUROSCIENCES 神经科学,2 [52/309],,,,,,,,,一级
ARCHIVES OF PHARMACAL RESEARCH,2025,0253-6269/1976-3786,否,否,否,SCIE,7.5,,医学,2 [593/5603],否," CHEMISTRY, MEDICINAL 药物化学",1 [7/72], PHARMACOLOGY & PHARMACY 药学,1 [25/350],,,,,,,,,一级
JOURNAL OF NEUROLOGY,2025,0340-5354/1432-1459,否,否,否,SCIE,4.6,,医学,2 [594/5603],否, CLINICAL NEUROLOGY 临床神经病学,2 [32/278],,,,,,,,,,,一级
IEEE TRANSACTIONS ON NEURAL SYSTEMS AND REHABILITATION ENGINEERING,2025,1534-4320/1558-0210,否,否,是,SCIE,5.2,,医学,2 [595/5603],否, REHABILITATION 康复医学,1 [7/169]," ENGINEERING, BIOMEDICAL 工程：生物医学",2 [21/120],,,,,,,,,一级
AIDS PATIENT CARE AND STDS,2025,1087-2914/1557-7449,否,否,否,SSCI;SCIE,3.8,,医学,2 [596/5603],否, INFECTIOUS DISEASES 传染病学,2 [17/134]," PUBLIC, ENVIRONMENTAL & OCCUPATIONAL HEALTH 公共卫生、环境卫生与职业卫生",2 [36/404],,,,,,,,,一级
International Journal of Transgender Health,2025,2689-5269/2689-5277,否,否,否,SSCI;SCIE,14.8,,医学,2 [597/5603],否," PSYCHOLOGY, CLINICAL 心理学：临床",2 [22/179]," PUBLIC, ENVIRONMENTAL & OCCUPATIONAL HEALTH 公共卫生、环境卫生与职业卫生",2 [37/404]," SOCIAL SCIENCES, BIOMEDICAL 社会科学：生物医学",2 [6/46]," SOCIAL SCIENCES, INTERDISCIPLINARY 社会科学：跨领域",2 [13/263],,,,,一级
ACTA PHARMACOLOGICA SINICA,2025,1671-4083/1745-7254,否,否,否,SCIE,8.4,,医学,2 [598/5603],否, PHARMACOLOGY & PHARMACY 药学,1 [26/350]," CHEMISTRY, MULTIDISCIPLINARY 化学：综合",2 [42/230],,,,,,,,,一级
GLIA,2025,0894-1491/1098-1136,否,否,否,SCIE,5.1,,医学,2 [599/5603],否, NEUROSCIENCES 神经科学,2 [53/309],,,,,,,,,,,一级
Journal of Adolescent Health,2025,1054-139X/1879-1972,否,否,否,SSCI;SCIE,4.5,,医学,2 [600/5603],否, PEDIATRICS 儿科,1 [7/185]," PSYCHOLOGY, DEVELOPMENTAL 心理学：发育",2 [20/91]," PUBLIC, ENVIRONMENTAL & OCCUPATIONAL HEALTH 公共卫生、环境卫生与职业卫生",2 [38/404],,,,,,,一级
IEEE TRANSACTIONS ON BIOMEDICAL ENGINEERING,2025,0018-9294/1558-2531,否,否,否,SCIE,4.5,,医学,2 [601/5603],否," ENGINEERING, BIOMEDICAL 工程：生物医学",2 [22/120],,,,,,,,,,,一级
JOURNAL OF TOXICOLOGY AND ENVIRONMENTAL HEALTH-PART B-CRITICAL REVIEWS,2025,1093-7404/1521-6950,是,否,否,SCIE,8.1,,医学,2 [602/5603],否, ENVIRONMENTAL SCIENCES 环境科学,2 [58/357]," PUBLIC, ENVIRONMENTAL & OCCUPATIONAL HEALTH 公共卫生、环境卫生与职业卫生",2 [40/404], TOXICOLOGY 毒理学,2 [13/106],,,,,,,一级
INTERNATIONAL JOURNAL OF CANCER,2025,0020-7136/1097-0215,否,否,否,SCIE,4.7,,医学,2 [603/5603],否, ONCOLOGY 肿瘤学,2 [58/318],,,,,,,,,,,一级
ACTA OBSTETRICIA ET GYNECOLOGICA SCANDINAVICA,2025,0001-6349/1600-0412,否,是,是,SCIE,3.1,,医学,2 [604/5603],否, OBSTETRICS & GYNECOLOGY 妇产科学,2 [13/135],,,,,,,,,,,一级
Lancet Regional Health-Americas,2025,2667-193X/2667-193X,否,否,是,ESCI,7.6,,医学,2 [605/5603],否, HEALTH CARE SCIENCES & SERVICES 卫生保健与服务,2 [16/173]," PUBLIC, ENVIRONMENTAL & OCCUPATIONAL HEALTH 公共卫生、环境卫生与职业卫生",2 [41/404],,,,,,,,,一级
JOURNAL OF PAIN,2025,1526-5900/1528-8447,否,否,否,SCIE,4,,医学,2 [606/5603],否, CLINICAL NEUROLOGY 临床神经病学,2 [33/278], NEUROSCIENCES 神经科学,2 [54/309],,,,,,,,,一级
ENDOCRINE-RELATED CANCER,2025,1351-0088/1479-6821,否,否,否,SCIE,4.6,,医学,2 [607/5603],否, ENDOCRINOLOGY & METABOLISM 内分泌学与代谢,2 [32/184], ONCOLOGY 肿瘤学,2 [59/318],,,,,,,,,一级
Trends in Neuroscience and Education,2025,2452-0837/2211-9493,否,否,否,ESCI,3,,医学,2 [608/5603],否, NEUROSCIENCES 神经科学,2 [55/309],,,,,,,,,,,一级
Autism Research,2025,1939-3792/1939-3806,否,否,否,SSCI;SCIE,5.6,,医学,2 [609/5603],否, BEHAVIORAL SCIENCES 行为科学,1 [5/55]," PSYCHOLOGY, DEVELOPMENTAL 心理学：发育",2 [21/91],,,,,,,,,一级
JOURNAL OF CLINICAL IMMUNOLOGY,2025,0271-9142/1573-2592,否,否,否,SCIE,5.7,,医学,2 [610/5603],否, IMMUNOLOGY 免疫学,2 [34/179],,,,,,,,,,,一级
Human Resources for Health,2025,1478-4491/1478-4491,否,否,是,SSCI,4.3,,医学,2 [611/5603],否, HEALTH POLICY & SERVICES 卫生政策与服务,1 [5/118], INDUSTRIAL RELATIONS & LABOR 劳动关系学,2 [7/50],,,,,,,,,一级
Communications Medicine,2025,2730-664X/2730-664X,否,否,否,ESCI,6.3,,医学,2 [612/5603],否," MEDICINE, RESEARCH & EXPERIMENTAL 医学：研究与实验",2 [28/188],,,,,,,,,,,一级
Journal of Cardiovascular Computed Tomography,2025,1934-5925/1934-5925,否,否,否,SCIE,5.8,,医学,2 [613/5603],否," RADIOLOGY, NUCLEAR MEDICINE & MEDICAL IMAGING 核医学",2 [25/206], CARDIAC & CARDIOVASCULAR SYSTEMS 心脏和心血管系统,3 [41/223],,,,,,,,,一级
GERONTOLOGIST,2025,0016-9013/1758-5341,否,否,否,SSCI,3.2,,医学,2 [614/5603],否, GERONTOLOGY 老年医学（社科）,1 [3/48],,,,,,,,,,,一级
NEPHROLOGY DIALYSIS TRANSPLANTATION,2025,0931-0509/1460-2385,否,否,否,SCIE,5.6,,医学,2 [615/5603],否, TRANSPLANTATION 移植,2 [4/31], UROLOGY & NEPHROLOGY 泌尿学与肾脏学,2 [16/126],,,,,,,,,一级
JOURNAL OF THE AMERICAN GERIATRICS SOCIETY,2025,0002-8614/1532-5415,否,否,否,SSCI;SCIE,4.5,,医学,2 [616/5603],否, GERIATRICS & GERONTOLOGY 老年医学,2 [8/72], GERONTOLOGY 老年医学（社科）,2 [4/48],,,,,,,,,一级
JOURNAL OF THE AMERICAN COLLEGE OF SURGEONS,2025,1072-7515/1879-1190,否,否,否,SCIE,3.4,,医学,2 [617/5603],否, SURGERY 外科,2 [31/292],,,,,,,,,,,一级
JOURNAL OF ETHNOPHARMACOLOGY,2025,0378-8741/1872-7573,否,否,否,SCIE,5.4,,医学,2 [618/5603],否, INTEGRATIVE & COMPLEMENTARY MEDICINE 全科医学与补充医学,1 [3/43], PHARMACOLOGY & PHARMACY 药学,1 [27/350]," CHEMISTRY, MEDICINAL 药物化学",2 [9/72], PLANT SCIENCES 植物科学,2 [29/265],,,,,一级
EUROPEAN PSYCHIATRY,2025,0924-9338/1778-3585,否,是,是,SSCI;SCIE,6.7,,医学,2 [619/5603],否, PSYCHIATRY 精神病学,2 [36/277],,,,,,,,,,,一级
JOURNAL OF CARDIAC FAILURE,2025,1071-9164/1532-8414,否,否,否,SCIE,8.2,,医学,2 [620/5603],否, CARDIAC & CARDIOVASCULAR SYSTEMS 心脏和心血管系统,3 [42/223],,,,,,,,,,,一级
DRUG DELIVERY,2025,1071-7544/1521-0464,否,否,是,SCIE,8.1,,医学,2 [621/5603],否, PHARMACOLOGY & PHARMACY 药学,1 [28/350],,,,,,,,,,,一级
JOURNAL OF NEUROSURGERY,2025,0022-3085/1933-0693,否,否,否,SCIE,3.6,,医学,2 [622/5603],否, CLINICAL NEUROLOGY 临床神经病学,2 [34/278], SURGERY 外科,2 [32/292],,,,,,,,,一级
Stem Cells Translational Medicine,2025,2157-6564/2157-6580,否,否,是,SCIE,4.9,,医学,2 [623/5603],否, CELL & TISSUE ENGINEERING 细胞与组织工程,3 [9/31],,,,,,,,,,,一级
Current Addiction Reports,2025,2196-2952/2196-2952,是,否,否,SSCI,4.6,,医学,2 [624/5603],否, SUBSTANCE ABUSE 药物滥用,2 [6/56],,,,,,,,,,,一级
ImmunoTargets and Therapy,2025,2253-1556/2253-1556,是,否,是,ESCI,4.4,,医学,2 [625/5603],否, IMMUNOLOGY 免疫学,2 [35/179],,,,,,,,,,,一级
DRUG DISCOVERY TODAY,2025,1359-6446/1878-5832,是,否,否,SCIE,7.5,,医学,2 [626/5603],否, PHARMACOLOGY & PHARMACY 药学,2 [32/350],,,,,,,,,,,一级
European Heart Journal-Acute Cardiovascular Care,2025,2048-8726/2048-8734,否,否,否,SCIE,4.6,,医学,2 [627/5603],否, CARDIAC & CARDIOVASCULAR SYSTEMS 心脏和心血管系统,3 [43/223],,,,,,,,,,,一级
Augmentative and Alternative Communication,2025,0743-4618/1477-3848,否,否,否,SSCI;SCIE,1.6,,医学,2 [628/5603],否, AUDIOLOGY & SPEECH-LANGUAGE PATHOLOGY 听力学与言语病理学,1 [1/35], REHABILITATION 康复医学,1 [8/169],,,,,,,,,一级
Clinical Research in Cardiology,2025,1861-0684/1861-0692,否,否,否,SCIE,3.7,,医学,2 [629/5603],否, CARDIAC & CARDIOVASCULAR SYSTEMS 心脏和心血管系统,3 [44/223],,,,,,,,,,,一级
Current Oncology Reports,2025,1523-3790/1534-6269,是,否,否,SCIE,5,,医学,2 [630/5603],否, ONCOLOGY 肿瘤学,2 [60/318],,,,,,,,,,,一级
ANGLE ORTHODONTIST,2025,0003-3219/1945-7103,否,否,是,SCIE,3.2,,医学,2 [631/5603],否," DENTISTRY, ORAL SURGERY & MEDICINE 牙科与口腔外科",2 [14/157],,,,,,,,,,,一级
Stroke and Vascular Neurology,2025,2059-8688/2059-8696,否,否,是,SCIE,4.9,,医学,2 [632/5603],否, CLINICAL NEUROLOGY 临床神经病学,2 [35/278],,,,,,,,,,,一级
ANNALS OF MEDICINE,2025,0785-3890/1365-2060,否,否,否,SCIE,4.3,,医学,2 [633/5603],否," MEDICINE, GENERAL & INTERNAL 医学：内科",2 [24/327],,,,,,,,,,,一级
CURRENT TREATMENT OPTIONS IN ONCOLOGY,2025,1527-2729/1534-6277,是,否,否,SCIE,4.7,,医学,2 [634/5603],否, ONCOLOGY 肿瘤学,2 [61/318],,,,,,,,,,,一级
NURSING OUTLOOK,2025,0029-6554/1528-3968,否,否,否,SSCI;SCIE,3.7,,医学,2 [635/5603],否, NURSING 护理,1 [5/191],,,,,,,,,,,一级
TOBACCO CONTROL,2025,0964-4563/1468-3318,否,否,否,SSCI;SCIE,4.7,,医学,2 [636/5603],否, SUBSTANCE ABUSE 药物滥用,1 [5/56]," PUBLIC, ENVIRONMENTAL & OCCUPATIONAL HEALTH 公共卫生、环境卫生与职业卫生",2 [42/404],,,,,,,,,一级
Journal of Orthopaedics and Traumatology,2025,1590-9921/1590-9999,否,是,是,SCIE,3.7,,医学,2 [637/5603],否, ORTHOPEDICS 骨科,2 [16/136],,,,,,,,,,,一级
BIODRUGS,2025,1173-8804/1179-190X,否,否,否,SCIE,6.9,,医学,2 [638/5603],否, IMMUNOLOGY 免疫学,2 [36/179], ONCOLOGY 肿瘤学,2 [62/318], PHARMACOLOGY & PHARMACY 药学,2 [33/350],,,,,,,一级
JOURNAL OF CLINICAL MICROBIOLOGY,2025,0095-1137/1098-660X,否,否,否,SCIE,5.4,,医学,2 [639/5603],否, MICROBIOLOGY 微生物学,2 [29/159],,,,,,,,,,,一级
HEALTH & PLACE,2025,1353-8292/1873-2054,否,否,否,SSCI;SCIE,4.1,,医学,2 [640/5603],否," PUBLIC, ENVIRONMENTAL & OCCUPATIONAL HEALTH 公共卫生、环境卫生与职业卫生",2 [43/404],,,,,,,,,,,一级
MOLECULAR CANCER THERAPEUTICS,2025,1535-7163/1538-8514,否,否,否,SCIE,5.5,,医学,2 [641/5603],否, ONCOLOGY 肿瘤学,2 [63/318],,,,,,,,,,,一级
Comprehensive Physiology,2025,2040-4603/2040-4603,否,否,否,SCIE,5.2,,医学,2 [642/5603],否, PHYSIOLOGY 生理学,1 [7/84],,,,,,,,,,,一级
PSYCHOLOGY OF ADDICTIVE BEHAVIORS,2025,0893-164X/1939-1501,否,否,否,SSCI,2.7,,医学,2 [643/5603],否," PSYCHOLOGY, MULTIDISCIPLINARY 心理学：综合",2 [30/219], SUBSTANCE ABUSE 药物滥用,2 [7/56],,,,,,,,,一级
Korean Journal of Orthodontics,2025,2234-7518/2005-372X,否,否,否,SCIE,2.3,,医学,2 [644/5603],否," DENTISTRY, ORAL SURGERY & MEDICINE 牙科与口腔外科",2 [15/157],,,,,,,,,,,一级
EUROPEAN JOURNAL OF ANAESTHESIOLOGY,2025,0265-0215/1365-2346,否,否,否,SCIE,6.8,,医学,2 [645/5603],否, ANESTHESIOLOGY 麻醉学,2 [9/64],,,,,,,,,,,一级
Antioxidants,2025,2076-3921/2076-3921,否,否,是,SCIE,6.6,,医学,2 [646/5603],否, BIOCHEMISTRY & MOLECULAR BIOLOGY 生化与分子生物学,2 [56/310]," CHEMISTRY, MEDICINAL 药物化学",2 [10/72], FOOD SCIENCE & TECHNOLOGY 食品科技,2 [29/173],,,,,,,一级
CURRENT OPINION IN RHEUMATOLOGY,2025,1040-8711/1531-6963,是,否,否,SCIE,4.3,,医学,2 [647/5603],否, RHEUMATOLOGY 风湿病学,3 [11/55],,,,,,,,,,,一级
Physics & Imaging in Radiation Oncology,2025,2405-6316/2405-6316,否,否,是,ESCI,3.3,,医学,2 [648/5603],否, ONCOLOGY 肿瘤学,2 [64/318]," RADIOLOGY, NUCLEAR MEDICINE & MEDICAL IMAGING 核医学",2 [26/206],,,,,,,,,一级
SEMINARS IN PERINATOLOGY,2025,0146-0005/1558-075X,是,否,否,SCIE,3.2,,医学,2 [649/5603],否, OBSTETRICS & GYNECOLOGY 妇产科学,2 [14/135], PEDIATRICS 儿科,2 [12/185],,,,,,,,,一级
Sports Medicine-Open,2025,2199-1170/2198-9761,否,是,是,SCIE,5.9,,医学,2 [650/5603],否, SPORT SCIENCES 运动科学,2 [15/126],,,,,,,,,,,一级
PHYSIOLOGY,2025,1548-9213/1548-9221,是,否,否,SCIE,10.3,,医学,2 [651/5603],否, PHYSIOLOGY 生理学,2 [9/84],,,,,,,,,,,一级
PLASTIC AND RECONSTRUCTIVE SURGERY,2025,0032-1052/1529-4242,否,否,否,SCIE,3.4,,医学,2 [652/5603],否, SURGERY 外科,2 [33/292],,,,,,,,,,,一级
CURRENT OPINION IN NEUROLOGY,2025,1350-7540/1473-6551,是,否,否,SCIE,4.4,,医学,2 [653/5603],否, CLINICAL NEUROLOGY 临床神经病学,2 [36/278], NEUROSCIENCES 神经科学,2 [56/309],,,,,,,,,一级
JMIR Serious Games,2025,2291-9279/2291-9279,否,否,是,SCIE,4.1,,医学,2 [654/5603],否, HEALTH CARE SCIENCES & SERVICES 卫生保健与服务,2 [17/173], MEDICAL INFORMATICS 医学：信息,2 [8/44]," PUBLIC, ENVIRONMENTAL & OCCUPATIONAL HEALTH 公共卫生、环境卫生与职业卫生",2 [44/404],,,,,,,一级
Burns & Trauma,2025,2321-3868/2321-3876,否,否,是,SCIE,9.6,,医学,2 [655/5603],否, DERMATOLOGY 皮肤病学,2 [8/94], EMERGENCY MEDICINE 急救医学,2 [5/54], SURGERY 外科,2 [34/292],,,,,,,一级
ANNALS OF THORACIC SURGERY,2025,0003-4975/1552-6259,否,否,否,SCIE,3.9,,医学,2 [656/5603],否, RESPIRATORY SYSTEM 呼吸系统,2 [15/101], SURGERY 外科,2 [35/292], CARDIAC & CARDIOVASCULAR SYSTEMS 心脏和心血管系统,3 [45/223],,,,,,,一级
NEUROREHABILITATION AND NEURAL REPAIR,2025,1545-9683/1552-6844,否,否,否,SCIE,3.7,,医学,2 [657/5603],否, REHABILITATION 康复医学,1 [9/169], CLINICAL NEUROLOGY 临床神经病学,2 [37/278],,,,,,,,,一级
BMC Palliative Care,2025,1472-684X/1472-684X,否,否,是,SSCI;SCIE,3,,医学,2 [658/5603],否, HEALTH POLICY & SERVICES 卫生政策与服务,1 [6/118], HEALTH CARE SCIENCES & SERVICES 卫生保健与服务,2 [18/173],,,,,,,,,一级
AMERICAN JOURNAL OF GERIATRIC PSYCHIATRY,2025,1064-7481/1545-7214,否,否,否,SSCI;SCIE,3.8,,医学,2 [659/5603],否, GERIATRICS & GERONTOLOGY 老年医学,2 [9/72], GERONTOLOGY 老年医学（社科）,2 [5/48], PSYCHIATRY 精神病学,2 [37/277],,,,,,,一级
Bone & Joint Open,2025,2633-1462/2633-1462,否,否,是,ESCI,3.1,,医学,2 [660/5603],否, ORTHOPEDICS 骨科,2 [17/136],,,,,,,,,,,一级
International Journal of Neonatal Screening,2025,2409-515X/2409-515X,否,否,是,ESCI,4,,医学,2 [661/5603],否, PEDIATRICS 儿科,1 [8/185], GENETICS & HEREDITY 遗传学,2 [28/190],,,,,,,,,一级
BIOMEDICINE & PHARMACOTHERAPY,2025,0753-3322/1950-6007,否,否,否,SCIEOnHold,7.5,,医学,2 [662/5603],否," MEDICINE, RESEARCH & EXPERIMENTAL 医学：研究与实验",2 [29/188], PHARMACOLOGY & PHARMACY 药学,2 [34/350],,,,,,,,,一级
Journal of Vascular Surgery-Venous and Lymphatic Disorders,2025,2213-333X/2213-333X,否,是,是,SCIE,3,,医学,2 [663/5603],否, PERIPHERAL VASCULAR DISEASE 外周血管病,2 [14/96], SURGERY 外科,2 [36/292],,,,,,,,,一级
EXERCISE AND SPORT SCIENCES REVIEWS,2025,0091-6331/1538-3008,是,否,否,SCIE,4.7,,医学,2 [664/5603],否, PHYSIOLOGY 生理学,2 [10/84], SPORT SCIENCES 运动科学,2 [16/126],,,,,,,,,一级
BMC NURSING,2025,1472-6955/1472-6955,否,否,是,SSCI;SCIE,3.9,,医学,2 [665/5603],否, NURSING 护理,1 [6/191],,,,,,,,,,,一级
PALLIATIVE MEDICINE,2025,0269-2163/1477-030X,否,否,否,SCIE,3.9,,医学,2 [666/5603],否, HEALTH CARE SCIENCES & SERVICES 卫生保健与服务,2 [19/173]," MEDICINE, GENERAL & INTERNAL 医学：内科",2 [25/327]," PUBLIC, ENVIRONMENTAL & OCCUPATIONAL HEALTH 公共卫生、环境卫生与职业卫生",2 [45/404],,,,,,,一级
Archives of Disease in Childhood-Fetal and Neonatal Edition,2025,1359-2998/1468-2052,否,否,否,SCIE,3.6,,医学,2 [667/5603],否, PEDIATRICS 儿科,1 [9/185],,,,,,,,,,,一级
INTERNATIONAL JOURNAL OF MEDICAL MICROBIOLOGY,2025,1438-4221/1618-0607,否,否,否,SCIE,3.6,,医学,2 [668/5603],否, VIROLOGY 病毒学,1 [5/41], MICROBIOLOGY 微生物学,2 [30/159],,,,,,,,,一级
KNEE SURGERY SPORTS TRAUMATOLOGY ARTHROSCOPY,2025,0942-2056/1433-7347,否,否,否,SCIE,5,,医学,2 [669/5603],否, ORTHOPEDICS 骨科,2 [18/136], SPORT SCIENCES 运动科学,2 [17/126], SURGERY 外科,2 [37/292],,,,,,,一级
COMPREHENSIVE PSYCHIATRY,2025,0010-440X/1532-8384,否,是,是,SSCI;SCIE,4.2,,医学,2 [670/5603],否, PSYCHIATRY 精神病学,2 [38/277],,,,,,,,,,,一级
KOREAN JOURNAL OF RADIOLOGY,2025,1229-6929/2005-8330,否,否,否,SCIE,5.3,,医学,2 [671/5603],否," RADIOLOGY, NUCLEAR MEDICINE & MEDICAL IMAGING 核医学",2 [27/206],,,,,,,,,,,一级
Schizophrenia,2025,2754-6993/2754-6993,否,否,是,SCIE,4.1,,医学,2 [672/5603],否, PSYCHIATRY 精神病学,2 [39/277],,,,,,,,,,,一级
DRUG AND ALCOHOL DEPENDENCE,2025,0376-8716/1879-0046,否,否,否,SSCI;SCIE,3.6,,医学,2 [673/5603],否, PSYCHIATRY 精神病学,2 [40/277], SUBSTANCE ABUSE 药物滥用,2 [8/56],,,,,,,,,一级
European Journal of Ageing,2025,1613-9372/1613-9380,否,是,是,SSCI,3.5,,医学,2 [674/5603],否, GERONTOLOGY 老年医学（社科）,2 [6/48],,,,,,,,,,,一级
CELLULAR ONCOLOGY,2025,2211-3428/2211-3436,否,否,否,SCIE,4.8,,医学,2 [675/5603],否, ONCOLOGY 肿瘤学,2 [65/318], PATHOLOGY 病理学,2 [10/88], CELL BIOLOGY 细胞生物学,3 [60/203],,,,,,,一级
RHEUMATOLOGY,2025,1462-0324/1462-0332,否,否,否,SCIE,4.4,,医学,2 [676/5603],否, RHEUMATOLOGY 风湿病学,2 [10/55],,,,,,,,,,,一级
BIPOLAR DISORDERS,2025,1398-5647/1399-5618,否,否,否,SCIE,4.5,,医学,2 [677/5603],否, CLINICAL NEUROLOGY 临床神经病学,2 [38/278], NEUROSCIENCES 神经科学,2 [57/309], PSYCHIATRY 精神病学,2 [41/277],,,,,,,一级
Ultrasound Journal,2025,2524-8987/2524-8987,否,否,是,ESCI,2.9,,医学,2 [678/5603],否," RADIOLOGY, NUCLEAR MEDICINE & MEDICAL IMAGING 核医学",2 [28/206],,,,,,,,,,,一级
Orphanet Journal of Rare Diseases,2025,1750-1172/1750-1172,否,否,是,SCIE,3.5,,医学,2 [679/5603],否, GENETICS & HEREDITY 遗传学,2 [30/190]," MEDICINE, RESEARCH & EXPERIMENTAL 医学：研究与实验",2 [30/188],,,,,,,,,一级
Nutrition & Diabetes,2025,2044-4052/2044-4052,否,是,是,SCIE,5.2,,医学,2 [680/5603],否, ENDOCRINOLOGY & METABOLISM 内分泌学与代谢,2 [33/184], NUTRITION & DIETETICS 营养学,2 [18/113],,,,,,,,,一级
EJSO,2025,0748-7983/1532-2157,否,否,否,SCIE,2.9,,医学,2 [681/5603],否, ONCOLOGY 肿瘤学,2 [66/318], SURGERY 外科,2 [38/292],,,,,,,,,一级
JOURNAL OF ENDOCRINOLOGICAL INVESTIGATION,2025,0391-4097/1720-8386,否,否,否,SCIE,3.5,,医学,2 [682/5603],否, ENDOCRINOLOGY & METABOLISM 内分泌学与代谢,2 [34/184],,,,,,,,,,,一级
Neurobiology of Stress,2025,2352-2895/2352-2895,否,是,是,SCIE,3.6,,医学,2 [683/5603],否, NEUROSCIENCES 神经科学,2 [58/309],,,,,,,,,,,一级
DEVELOPMENTAL MEDICINE AND CHILD NEUROLOGY,2025,0012-1622/1469-8749,否,否,否,SCIE,4.3,,医学,2 [684/5603],否, PEDIATRICS 儿科,1 [10/185], CLINICAL NEUROLOGY 临床神经病学,2 [39/278],,,,,,,,,一级
TRANSFUSION MEDICINE REVIEWS,2025,0887-7963/1532-9496,是,否,否,SCIE,2.5,,医学,2 [685/5603],否, HEMATOLOGY 血液学,2 [19/96],,,,,,,,,,,一级
Computer Methods and Programs in Biomedicine,2025,0169-2607/1872-7565,否,否,否,SCIE,4.8,,医学,2 [686/5603],否," COMPUTER SCIENCE, INTERDISCIPLINARY APPLICATIONS 计算机：跨学科应用",2 [32/172]," COMPUTER SCIENCE, THEORY & METHODS 计算机：理论方法",2 [18/143]," ENGINEERING, BIOMEDICAL 工程：生物医学",2 [23/120], MEDICAL INFORMATICS 医学：信息,3 [9/44],,,,,一级
SLEEP,2025,0161-8105/1550-9109,否,否,否,SCIE,4.9,,医学,2 [687/5603],否, CLINICAL NEUROLOGY 临床神经病学,2 [40/278], NEUROSCIENCES 神经科学,2 [59/309],,,,,,,,,一级
Brain Communications,2025,2632-1297/2632-1297,否,否,是,ESCI,4.5,,医学,2 [688/5603],否, CLINICAL NEUROLOGY 临床神经病学,2 [41/278], NEUROSCIENCES 神经科学,2 [60/309],,,,,,,,,一级
Tissue Engineering Part B-Reviews,2025,1937-3368/1937-3376,是,否,否,SCIE,4.6,,医学,2 [689/5603],否," ENGINEERING, BIOMEDICAL 工程：生物医学",2 [24/120]," MATERIALS SCIENCE, BIOMATERIALS 材料科学：生物材料",2 [10/52], CELL & TISSUE ENGINEERING 细胞与组织工程,3 [10/31], CELL BIOLOGY 细胞生物学,3 [62/203],,,,,一级
JOURNAL OF PHYSIOLOGY-LONDON,2025,0022-3751/1469-7793,否,否,否,SCIE,4.4,,医学,2 [690/5603],否, PHYSIOLOGY 生理学,1 [8/84], NEUROSCIENCES 神经科学,2 [61/309],,,,,,,,,一级
World Allergy Organization Journal,2025,1939-4551/1939-4551,否,是,是,SCIE,4.3,,医学,2 [691/5603],否, ALLERGY 过敏,2 [9/39], IMMUNOLOGY 免疫学,2 [37/179],,,,,,,,,一级
CURRENT OPINION IN NEUROBIOLOGY,2025,0959-4388/1873-6882,是,否,否,SCIE,5.2,,医学,2 [692/5603],否, NEUROSCIENCES 神经科学,2 [62/309],,,,,,,,,,,一级
JOURNAL OF THE ROYAL SOCIETY OF MEDICINE,2025,0141-0768/1758-1095,否,否,否,SCIE,7.1,,医学,2 [693/5603],否," MEDICINE, GENERAL & INTERNAL 医学：内科",2 [26/327],,,,,,,,,,,一级
Journal of Nursing Management,2025,0966-0429/1365-2834,否,是,是,SSCI;SCIE,4,,医学,2 [694/5603],否, NURSING 护理,1 [7/191], MANAGEMENT 管理学,3 [114/404],,,,,,,,,一级
Journal of Oral Microbiology,2025,2000-2297/2000-2297,否,否,是,SCIE,5.5,,医学,2 [695/5603],否, MICROBIOLOGY 微生物学,2 [33/159],,,,,,,,,,,一级
JOURNAL OF MEDICAL GENETICS,2025,0022-2593/1468-6244,否,否,否,SCIE,3.7,,医学,2 [696/5603],否, GENETICS & HEREDITY 遗传学,2 [31/190],,,,,,,,,,,一级
npj Aging,2025,2731-6068/2731-6068,否,否,否,ESCI,6,,医学,2 [697/5603],否, GERIATRICS & GERONTOLOGY 老年医学,2 [10/72],,,,,,,,,,,一级
Multiple Sclerosis Journal,2025,1352-4585/1477-0970,否,否,否,SCIE,5,,医学,2 [698/5603],否, CLINICAL NEUROLOGY 临床神经病学,2 [42/278], NEUROSCIENCES 神经科学,2 [63/309],,,,,,,,,一级
RHINOLOGY,2025,0300-0729/0300-0729,否,否,否,SCIE,6.8,,医学,2 [699/5603],否, OTORHINOLARYNGOLOGY 耳鼻喉科学,1 [3/66],,,,,,,,,,,一级
OncoImmunology,2025,2162-402X/2162-402X,否,否,是,SCIE,6.3,,医学,2 [700/5603],否, IMMUNOLOGY 免疫学,2 [39/179], ONCOLOGY 肿瘤学,2 [67/318],,,,,,,,,一级
HEADACHE,2025,0017-8748/1526-4610,否,否,否,SCIE,4,,医学,2 [701/5603],否, CLINICAL NEUROLOGY 临床神经病学,2 [43/278],,,,,,,,,,,一级
CURRENT OPINION IN INFECTIOUS DISEASES,2025,0951-7375/1473-6527,是,否,否,SCIE,4,,医学,2 [702/5603],否, INFECTIOUS DISEASES 传染病学,2 [19/134],,,,,,,,,,,一级
JOURNAL OF EPIDEMIOLOGY AND COMMUNITY HEALTH,2025,0143-005X/1470-2738,否,否,否,SSCI;SCIE,3.7,,医学,2 [703/5603],否," PUBLIC, ENVIRONMENTAL & OCCUPATIONAL HEALTH 公共卫生、环境卫生与职业卫生",2 [47/404],,,,,,,,,,,一级
Function,2025,2633-8823/2633-8823,否,否,是,ESCI,3.8,,医学,2 [704/5603],否, PHYSIOLOGY 生理学,2 [11/84], CELL BIOLOGY 细胞生物学,3 [63/203],,,,,,,,,一级
European Journal of Internal Medicine,2025,0953-6205/1879-0828,否,否,否,SCIE,6.1,,医学,2 [705/5603],否," MEDICINE, GENERAL & INTERNAL 医学：内科",2 [27/327],,,,,,,,,,,一级
ANTIVIRAL RESEARCH,2025,0166-3542/1872-9096,否,否,否,SCIE,4,,医学,2 [706/5603],否, PHARMACOLOGY & PHARMACY 药学,2 [35/350], VIROLOGY 病毒学,2 [8/41],,,,,,,,,一级
GeroScience,2025,2509-2715/2509-2723,否,否,否,SCIE,5.4,,医学,2 [707/5603],否, GERIATRICS & GERONTOLOGY 老年医学,2 [11/72],,,,,,,,,,,一级
DIABETES OBESITY & METABOLISM,2025,1462-8902/1463-1326,否,否,否,SCIE,5.7,,医学,2 [708/5603],否, ENDOCRINOLOGY & METABOLISM 内分泌学与代谢,2 [35/184],,,,,,,,,,,一级
JOURNAL DER DEUTSCHEN DERMATOLOGISCHEN GESELLSCHAFT,2025,1610-0379/1610-0387,否,否,否,SCIE,3.8,,医学,2 [709/5603],否, DERMATOLOGY 皮肤病学,2 [9/94],,,,,,,,,,,一级
BJU INTERNATIONAL,2025,1464-4096/1464-410X,否,否,否,SCIE,4.4,,医学,2 [710/5603],否, UROLOGY & NEPHROLOGY 泌尿学与肾脏学,2 [17/126],,,,,,,,,,,一级
EUROPEAN NEUROPSYCHOPHARMACOLOGY,2025,0924-977X/1873-7862,否,否,否,SCIE,6.7,,医学,2 [711/5603],否, CLINICAL NEUROLOGY 临床神经病学,2 [44/278], NEUROSCIENCES 神经科学,2 [64/309], PHARMACOLOGY & PHARMACY 药学,2 [36/350], PSYCHIATRY 精神病学,2 [42/277],,,,,一级
BEST PRACTICE & RESEARCH CLINICAL OBSTETRICS & GYNAECOLOGY,2025,1521-6934/1532-1932,是,否,否,SCIE,4.1,,医学,2 [712/5603],否, OBSTETRICS & GYNECOLOGY 妇产科学,2 [15/135],,,,,,,,,,,一级
EUROPEAN JOURNAL OF NEUROLOGY,2025,1351-5101/1468-1331,否,是,是,SCIE,3.9,,医学,2 [713/5603],否, CLINICAL NEUROLOGY 临床神经病学,2 [45/278], NEUROSCIENCES 神经科学,2 [65/309],,,,,,,,,一级
JMIR Mental Health,2025,2368-7959/2368-7959,否,否,是,SCIE,5.8,,医学,2 [714/5603],否, PSYCHIATRY 精神病学,2 [43/277],,,,,,,,,,,一级
CANCER IMAGING,2025,1740-5025/1470-7330,否,否,是,SCIE,3.5,,医学,2 [715/5603],否, ONCOLOGY 肿瘤学,2 [68/318]," RADIOLOGY, NUCLEAR MEDICINE & MEDICAL IMAGING 核医学",2 [29/206],,,,,,,,,一级
Trends in Hearing,2025,2331-2165/2331-2165,否,是,是,SCIE,3,,医学,2 [716/5603],否, AUDIOLOGY & SPEECH-LANGUAGE PATHOLOGY 听力学与言语病理学,1 [2/35], OTORHINOLARYNGOLOGY 耳鼻喉科学,1 [4/66],,,,,,,,,一级
ADVANCES IN ANATOMIC PATHOLOGY,2025,1072-4109/1533-4031,是,否,否,SCIE,2.6,,医学,2 [717/5603],否, PATHOLOGY 病理学,2 [11/88],,,,,,,,,,,二级
Journal of Cystic Fibrosis,2025,1569-1993/1873-5010,否,否,否,SCIE,6,,医学,2 [718/5603],否, RESPIRATORY SYSTEM 呼吸系统,2 [16/101],,,,,,,,,,,二级
Clinical Epigenetics,2025,1868-7075/1868-7083,否,否,是,SCIE,4.4,,医学,2 [719/5603],否, GENETICS & HEREDITY 遗传学,2 [33/190], ONCOLOGY 肿瘤学,2 [69/318],,,,,,,,,二级
JOURNAL OF HEALTH POLITICS POLICY AND LAW,2025,0361-6878,否,否,否,SSCI;SCIE,2.8,,医学,2 [720/5603],否, HEALTH POLICY & SERVICES 卫生政策与服务,1 [7/118], HEALTH CARE SCIENCES & SERVICES 卫生保健与服务,2 [21/173], SOCIAL ISSUES 社会问题,2 [8/66]," SOCIAL SCIENCES, BIOMEDICAL 社会科学：生物医学",2 [7/46],,,,,二级
EPIDEMIOLOGY,2025,1044-3983/1531-5487,否,否,否,SSCI;SCIE,4.4,,医学,2 [721/5603],否," PUBLIC, ENVIRONMENTAL & OCCUPATIONAL HEALTH 公共卫生、环境卫生与职业卫生",2 [48/404],,,,,,,,,,,二级
BMC Geriatrics,2025,1471-2318/1471-2318,否,否,是,SSCI;SCIE,3.8,,医学,2 [722/5603],否, GERIATRICS & GERONTOLOGY 老年医学,2 [12/72], GERONTOLOGY 老年医学（社科）,2 [7/48],,,,,,,,,二级
APPETITE,2025,0195-6663/1095-8304,否,否,否,SCIE,3.8,,医学,2 [723/5603],否, BEHAVIORAL SCIENCES 行为科学,1 [6/55], NUTRITION & DIETETICS 营养学,2 [19/113],,,,,,,,,二级
Molecular Oncology,2025,1574-7891/1878-0261,否,是,是,SCIE,4.5,,医学,2 [724/5603],否, ONCOLOGY 肿瘤学,3 [72/318],,,,,,,,,,,二级
BRITISH JOURNAL OF PHARMACOLOGY,2025,0007-1188/1476-5381,否,否,否,SCIE,7.7,,医学,2 [725/5603],否, PHARMACOLOGY & PHARMACY 药学,2 [37/350],,,,,,,,,,,二级
SOCIAL PSYCHIATRY AND PSYCHIATRIC EPIDEMIOLOGY,2025,0933-7954/1433-9285,否,否,否,SSCI;SCIE,3.5,,医学,2 [726/5603],否, PSYCHIATRY 精神病学,2 [44/277],,,,,,,,,,,二级
Current Opinion in Critical Care,2025,1070-5295/1531-7072,是,否,否,SCIE,3.4,,医学,2 [727/5603],否, CRITICAL CARE MEDICINE 危重病医学,3 [10/56],,,,,,,,,,,二级
PLoS Neglected Tropical Diseases,2025,1935-2735/1935-2735,否,是,是,SCIE,3.4,,医学,2 [728/5603],否, TROPICAL MEDICINE 热带医学,1 [2/28], PARASITOLOGY 寄生虫学,2 [6/45],,,,,,,,,二级
BRITISH JOURNAL OF OPHTHALMOLOGY,2025,0007-1161/1468-2079,否,否,否,SCIE,3.5,,医学,2 [729/5603],否, OPHTHALMOLOGY 眼科学,2 [12/95],,,,,,,,,,,二级
Clinical and Translational Allergy,2025,2045-7022/2045-7022,否,是,是,SCIE,4,,医学,2 [730/5603],否, ALLERGY 过敏,3 [10/39],,,,,,,,,,,二级
DIABETES & METABOLISM,2025,1262-3636/1878-1780,否,否,否,SCIE,4.7,,医学,2 [731/5603],否, ENDOCRINOLOGY & METABOLISM 内分泌学与代谢,2 [36/184],,,,,,,,,,,二级
Current Opinion in HIV and AIDS,2025,1746-630X/1746-6318,是,否,否,SCIE,4,,医学,2 [732/5603],否, IMMUNOLOGY 免疫学,2 [40/179], INFECTIOUS DISEASES 传染病学,2 [20/134],,,,,,,,,二级
NeuroImage-Clinical,2025,2213-1582/2213-1582,否,是,是,SCIE,3.6,,医学,2 [733/5603],否, NEUROIMAGING 神经成像,2 [3/16],,,,,,,,,,,二级
CANADIAN JOURNAL OF CARDIOLOGY,2025,0828-282X/1916-7075,否,否,否,SCIE,5.3,,医学,2 [734/5603],否, CARDIAC & CARDIOVASCULAR SYSTEMS 心脏和心血管系统,3 [46/223],,,,,,,,,,,二级
Asia-Pacific Journal of Ophthalmology,2025,2162-0989/2162-0989,否,否,是,SCIE,4.5,,医学,2 [735/5603],否, OPHTHALMOLOGY 眼科学,2 [13/95],,,,,,,,,,,二级
MEDICAL MICROBIOLOGY AND IMMUNOLOGY,2025,0300-8584/1432-1831,否,否,否,SCIE,3,,医学,2 [736/5603],否, IMMUNOLOGY 免疫学,2 [41/179], MICROBIOLOGY 微生物学,2 [34/159],,,,,,,,,二级
Social Cognitive and Affective Neuroscience,2025,1749-5016/1749-5024,否,否,是,SSCI;SCIE,3.1,,医学,2 [737/5603],否, NEUROSCIENCES 神经科学,2 [66/309], PSYCHOLOGY 心理学,2 [17/92]," PSYCHOLOGY, EXPERIMENTAL 心理学：实验",2 [18/99],,,,,,,二级
Lupus Science & Medicine,2025,2053-8790/2053-8790,否,否,是,SCIE,3.5,,医学,2 [738/5603],否, RHEUMATOLOGY 风湿病学,3 [12/55],,,,,,,,,,,二级
General Psychiatry,2025,2096-5923/2517-729X,否,否,是,ESCI,6.8,,医学,2 [739/5603],否, PSYCHIATRY 精神病学,2 [45/277],,,,,,,,,,,二级
Diabetes & Metabolism Journal,2025,2233-6079/2233-6087,否,否,是,SCIE,8.5,,医学,2 [740/5603],否, ENDOCRINOLOGY & METABOLISM 内分泌学与代谢,2 [37/184],,,,,,,,,,,二级
International Journal of Mental Health Nursing,2025,1445-8330/1447-0349,否,否,否,SSCI;SCIE,3.3,,医学,2 [741/5603],否, NURSING 护理,1 [8/191], PSYCHIATRY 精神病学,2 [46/277],,,,,,,,,二级
Journal of the American Medical Directors Association,2025,1525-8610/1538-9375,否,否,否,SCIE,3.8,,医学,2 [742/5603],否, GERIATRICS & GERONTOLOGY 老年医学,2 [13/72],,,,,,,,,,,二级
Parasites & Vectors,2025,1756-3305/1756-3305,否,否,是,SCIE,3.5,,医学,2 [743/5603],否, PARASITOLOGY 寄生虫学,2 [7/45], TROPICAL MEDICINE 热带医学,2 [3/28],,,,,,,,,二级
ADDICTIVE BEHAVIORS,2025,0306-4603/1873-6327,否,否,否,SSCI;SCIE,3.6,,医学,2 [744/5603],否," PSYCHOLOGY, CLINICAL 心理学：临床",2 [24/179], SUBSTANCE ABUSE 药物滥用,2 [9/56],,,,,,,,,二级
JOURNAL OF TRAVEL MEDICINE,2025,1195-1982/1708-8305,否,否,否,SCIE,6.4,,医学,2 [745/5603],否, INFECTIOUS DISEASES 传染病学,2 [21/134]," MEDICINE, GENERAL & INTERNAL 医学：内科",2 [28/327]," PUBLIC, ENVIRONMENTAL & OCCUPATIONAL HEALTH 公共卫生、环境卫生与职业卫生",2 [49/404],,,,,,,二级
DRUG SAFETY,2025,0114-5916/1179-1942,否,否,否,SCIE,3.8,,医学,2 [746/5603],否, TOXICOLOGY 毒理学,1 [8/106], PHARMACOLOGY & PHARMACY 药学,2 [38/350]," PUBLIC, ENVIRONMENTAL & OCCUPATIONAL HEALTH 公共卫生、环境卫生与职业卫生",2 [50/404],,,,,,,二级
Current Osteoporosis Reports,2025,1544-1873/1544-2241,是,否,否,SCIE,5.3,,医学,2 [747/5603],否, ENDOCRINOLOGY & METABOLISM 内分泌学与代谢,3 [43/184],,,,,,,,,,,二级
JOURNAL OF NEUROSURGERY-SPINE,2025,1547-5654/1547-5646,否,否,否,SCIE,3.1,,医学,2 [748/5603],否, CLINICAL NEUROLOGY 临床神经病学,2 [46/278], SURGERY 外科,2 [39/292],,,,,,,,,二级
BEST PRACTICE & RESEARCH IN CLINICAL RHEUMATOLOGY,2025,1521-6942/1521-1770,是,否,否,SCIE,4.8,,医学,2 [749/5603],否, RHEUMATOLOGY 风湿病学,3 [13/55],,,,,,,,,,,二级
Blood and Lymphatic Cancer-Targets and Therapy,2025,1179-9889/1179-9889,否,否,是,ESCI,4.9,,医学,2 [750/5603],否, ONCOLOGY 肿瘤学,3 [73/318],,,,,,,,,,,二级
Therapeutic Advances in Neurological Disorders,2025,1756-2856/1756-2864,否,是,是,SCIE,4.1,,医学,2 [751/5603],否, CLINICAL NEUROLOGY 临床神经病学,2 [47/278],,,,,,,,,,,二级
AMERICAN JOURNAL OF CHINESE MEDICINE,2025,0192-415X/1793-6853,否,否,否,SCIE,5.5,,医学,2 [752/5603],否, INTEGRATIVE & COMPLEMENTARY MEDICINE 全科医学与补充医学,2 [4/43]," MEDICINE, GENERAL & INTERNAL 医学：内科",2 [29/327],,,,,,,,,二级
EUROPEAN JOURNAL OF PAIN,2025,1090-3801/1532-2149,否,否,否,SCIE,3.4,,医学,2 [753/5603],否, CLINICAL NEUROLOGY 临床神经病学,2 [48/278], NEUROSCIENCES 神经科学,2 [67/309], ANESTHESIOLOGY 麻醉学,3 [10/64],,,,,,,二级
JOURNAL OF MOLECULAR AND CELLULAR CARDIOLOGY,2025,0022-2828/1095-8584,否,否,否,SCIE,4.7,,医学,2 [754/5603],否, CARDIAC & CARDIOVASCULAR SYSTEMS 心脏和心血管系统,3 [47/223], CELL BIOLOGY 细胞生物学,3 [65/203],,,,,,,,,二级
Molecular Therapy Methods & Clinical Development,2025,2329-0501/2329-0501,否,是,是,SCIE,4.7,,医学,2 [755/5603],否," MEDICINE, RESEARCH & EXPERIMENTAL 医学：研究与实验",2 [31/188],,,,,,,,,,,二级
AMERICAN JOURNAL OF EPIDEMIOLOGY,2025,0002-9262/1476-6256,否,否,否,SCIE,4.8,,医学,2 [756/5603],否," PUBLIC, ENVIRONMENTAL & OCCUPATIONAL HEALTH 公共卫生、环境卫生与职业卫生",2 [51/404],,,,,,,,,,,二级
JOURNAL OF NUTRITIONAL BIOCHEMISTRY,2025,0955-2863/1873-4847,否,否,否,SCIE,4.9,,医学,2 [757/5603],否, BIOCHEMISTRY & MOLECULAR BIOLOGY 生化与分子生物学,2 [59/310], NUTRITION & DIETETICS 营养学,2 [20/113],,,,,,,,,二级
BMJ Open Diabetes Research & Care,2025,2052-4897/2052-4897,否,否,是,SCIE,4.1,,医学,2 [758/5603],否, ENDOCRINOLOGY & METABOLISM 内分泌学与代谢,2 [38/184],,,,,,,,,,,二级
LUNG CANCER,2025,0169-5002/1872-8332,否,否,否,SCIE,4.4,,医学,2 [759/5603],否, ONCOLOGY 肿瘤学,3 [74/318], RESPIRATORY SYSTEM 呼吸系统,3 [17/101],,,,,,,,,二级
Journal of the International Society of Sports Nutrition,2025,1550-2783/1550-2783,否,否,是,SCIE,3.9,,医学,2 [760/5603],否, NUTRITION & DIETETICS 营养学,2 [21/113], SPORT SCIENCES 运动科学,2 [18/126],,,,,,,,,二级
SURGERY,2025,0039-6060,否,否,否,SCIE,2.7,,医学,2 [761/5603],否, SURGERY 外科,2 [40/292],,,,,,,,,,,二级
Genes & Diseases,2025,2352-4820/2352-3042,否,否,是,SCIE,9.4,,医学,2 [762/5603],否, BIOCHEMISTRY & MOLECULAR BIOLOGY 生化与分子生物学,2 [60/310], GENETICS & HEREDITY 遗传学,2 [34/190],,,,,,,,,二级
Translational Stroke Research,2025,1868-4483/1868-601X,否,否,否,SCIE,4.3,,医学,2 [763/5603],否, CLINICAL NEUROLOGY 临床神经病学,2 [49/278], NEUROSCIENCES 神经科学,2 [69/309],,,,,,,,,二级
SOCIOLOGY OF HEALTH & ILLNESS,2025,0141-9889/1467-9566,否,否,否,SSCI,2.7,,医学,2 [764/5603],否," PUBLIC, ENVIRONMENTAL & OCCUPATIONAL HEALTH 公共卫生、环境卫生与职业卫生",2 [52/404]," SOCIAL SCIENCES, BIOMEDICAL 社会科学：生物医学",2 [8/46], SOCIOLOGY 社会学,3 [51/216],,,,,,,二级
SEMINARS IN HEMATOLOGY,2025,0037-1963/1532-8686,是,否,否,SCIE,4.1,,医学,2 [765/5603],否, HEMATOLOGY 血液学,2 [20/96],,,,,,,,,,,二级
Performance Enhancement & Health,2025,2211-2669/2211-2669,否,否,否,ESCI,3.7,,医学,2 [766/5603],否, SPORT SCIENCES 运动科学,2 [20/126], SUBSTANCE ABUSE 药物滥用,2 [10/56]," PSYCHOLOGY, APPLIED 心理学：应用",3 [27/112]," HOSPITALITY, LEISURE, SPORT & TOURISM 酒店、休闲、体育与旅游",4 [38/139],,,,,二级
Current Reviews in Musculoskeletal Medicine,2025,1935-973X/1935-9748,是,否,否,SCIE,3.9,,医学,2 [767/5603],否, ORTHOPEDICS 骨科,2 [19/136],,,,,,,,,,,二级
JOURNAL OF INHERITED METABOLIC DISEASE,2025,0141-8955/1573-2665,否,否,否,SCIE,3.8,,医学,2 [768/5603],否, ENDOCRINOLOGY & METABOLISM 内分泌学与代谢,2 [39/184], GENETICS & HEREDITY 遗传学,2 [35/190]," MEDICINE, RESEARCH & EXPERIMENTAL 医学：研究与实验",2 [32/188],,,,,,,二级
INTERNATIONAL JOURNAL OF OBESITY,2025,0307-0565/1476-5497,否,否,否,SCIE,3.8,,医学,2 [769/5603],否, ENDOCRINOLOGY & METABOLISM 内分泌学与代谢,2 [40/184], NUTRITION & DIETETICS 营养学,2 [22/113],,,,,,,,,二级
Health and Quality of Life Outcomes,2025,1477-7525/1477-7525,否,否,是,SSCI;SCIE,3.4,,医学,2 [770/5603],否, HEALTH CARE SCIENCES & SERVICES 卫生保健与服务,2 [22/173], HEALTH POLICY & SERVICES 卫生政策与服务,2 [9/118],,,,,,,,,二级
Journal of Pediatric Surgery,2025,0022-3468/1531-5037,否,否,否,SCIE,2.5,,医学,2 [771/5603],否, PEDIATRICS 儿科,1 [11/185], SURGERY 外科,2 [41/292],,,,,,,,,二级
VALUE IN HEALTH,2025,1098-3015/1524-4733,否,否,否,SSCI;SCIE,6,,医学,2 [772/5603],否, HEALTH CARE SCIENCES & SERVICES 卫生保健与服务,2 [23/173], HEALTH POLICY & SERVICES 卫生政策与服务,2 [10/118], ECONOMICS 经济学,3 [105/599],,,,,,,二级
Asian Journal of Social Health and Behavior,2025,2772-4204/2772-4204,否,否,是,ESCI,5.2,,医学,2 [773/5603],否, PSYCHIATRY 精神病学,2 [48/277]," PSYCHOLOGY, MULTIDISCIPLINARY 心理学：综合",2 [35/219]," PUBLIC, ENVIRONMENTAL & OCCUPATIONAL HEALTH 公共卫生、环境卫生与职业卫生",2 [53/404],,,,,,,二级
CARIES RESEARCH,2025,0008-6568/1421-976X,否,否,否,SCIE,2.6,,医学,2 [774/5603],否," DENTISTRY, ORAL SURGERY & MEDICINE 牙科与口腔外科",2 [16/157],,,,,,,,,,,二级
Neurosurgical Focus,2025,1092-0684/1092-0684,否,否,否,SCIE,3,,医学,2 [775/5603],否, CLINICAL NEUROLOGY 临床神经病学,2 [50/278], SURGERY 外科,2 [42/292],,,,,,,,,二级
Food and Waterborne Parasitology,2025,2405-6766/2405-6766,否,否,是,ESCI,3.1,,医学,2 [776/5603],否, VETERINARY SCIENCES 兽医学,1 [5/167], PARASITOLOGY 寄生虫学,2 [8/45],,,,,,,,,二级
Biocybernetics and Biomedical Engineering,2025,0208-5216/0208-5216,否,否,否,SCIE,6.6,,医学,2 [777/5603],否," ENGINEERING, BIOMEDICAL 工程：生物医学",2 [25/120],,,,,,,,,,,二级
Neuroscience Bulletin,2025,1673-7067/1995-8218,否,否,否,SCIE,5.8,,医学,2 [778/5603],否, NEUROSCIENCES 神经科学,2 [71/309],,,,,,,,,,,二级
HEALTH POLICY,2025,0168-8510/1872-6054,否,否,否,SSCI;SCIE,3.4,,医学,2 [779/5603],否, HEALTH CARE SCIENCES & SERVICES 卫生保健与服务,2 [25/173], HEALTH POLICY & SERVICES 卫生政策与服务,2 [12/118],,,,,,,,,二级
Sexual and Reproductive Health Matters,2025,2641-0397/2641-0397,否,否,是,SSCI,2.6,,医学,2 [780/5603],否," PUBLIC, ENVIRONMENTAL & OCCUPATIONAL HEALTH 公共卫生、环境卫生与职业卫生",2 [54/404],,,,,,,,,,,二级
JOURNAL OF NEUROTRAUMA,2025,0897-7151/1557-9042,否,否,否,SCIE,3.8,,医学,2 [781/5603],否, CLINICAL NEUROLOGY 临床神经病学,2 [51/278], NEUROSCIENCES 神经科学,2 [72/309], CRITICAL CARE MEDICINE 危重病医学,3 [11/56],,,,,,,二级
FOOT & ANKLE INTERNATIONAL,2025,1071-1007/1944-7876,否,否,否,SCIE,2.2,,医学,2 [782/5603],否, ORTHOPEDICS 骨科,2 [20/136],,,,,,,,,,,二级
mAbs,2025,1942-0862/1942-0870,否,否,否,SCIE,7.3,,医学,2 [783/5603],否," MEDICINE, RESEARCH & EXPERIMENTAL 医学：研究与实验",2 [33/188],,,,,,,,,,,二级
Expert Review of Vaccines,2025,1476-0584/1744-8395,是,否,是,SCIE,4.8,,医学,2 [784/5603],否, IMMUNOLOGY 免疫学,3 [50/179],,,,,,,,,,,二级
Pediatric Critical Care Medicine,2025,1529-7535/1947-3893,否,否,否,SCIE,4.5,,医学,2 [785/5603],否, PEDIATRICS 儿科,2 [13/185], CRITICAL CARE MEDICINE 危重病医学,3 [12/56],,,,,,,,,二级
Journal of Bronchology & Interventional Pulmonology,2025,1944-6586/1948-8270,否,否,否,ESCI,3.2,,医学,2 [786/5603],否, RESPIRATORY SYSTEM 呼吸系统,3 [18/101],,,,,,,,,,,二级
BMC Psychiatry,2025,1471-244X/1471-244X,否,否,是,SCIE,3.6,,医学,2 [787/5603],否, PSYCHIATRY 精神病学,2 [49/277],,,,,,,,,,,二级
Nurse Education in Practice,2025,1471-5953/1873-5223,否,否,否,SSCI;SCIE,4,,医学,2 [788/5603],否, NURSING 护理,1 [9/191],,,,,,,,,,,二级
OSTEOPOROSIS INTERNATIONAL,2025,0937-941X/1433-2965,否,否,否,SCIE,5.4,,医学,2 [789/5603],否, ENDOCRINOLOGY & METABOLISM 内分泌学与代谢,2 [41/184],,,,,,,,,,,二级
OCCUPATIONAL AND ENVIRONMENTAL MEDICINE,2025,1351-0711/1470-7926,否,否,否,SCIE,3.1,,医学,2 [790/5603],否," PUBLIC, ENVIRONMENTAL & OCCUPATIONAL HEALTH 公共卫生、环境卫生与职业卫生",2 [55/404],,,,,,,,,,,二级
EUROPEAN CHILD & ADOLESCENT PSYCHIATRY,2025,1018-8827/1435-165X,否,否,否,SSCI;SCIE,4.9,,医学,2 [791/5603],否, PEDIATRICS 儿科,2 [14/185], PSYCHIATRY 精神病学,2 [50/277]," PSYCHOLOGY, DEVELOPMENTAL 心理学：发育",3 [24/91],,,,,,,二级
JOURNAL OF CRANIO-MAXILLOFACIAL SURGERY,2025,1010-5182/1878-4119,否,否,否,SCIE,2.1,,医学,2 [792/5603],否," DENTISTRY, ORAL SURGERY & MEDICINE 牙科与口腔外科",2 [17/157], SURGERY 外科,2 [43/292],,,,,,,,,二级
JOURNAL OF PAIN AND SYMPTOM MANAGEMENT,2025,0885-3924/1873-6513,否,否,否,SCIE,3.5,,医学,2 [793/5603],否, CLINICAL NEUROLOGY 临床神经病学,2 [52/278], HEALTH CARE SCIENCES & SERVICES 卫生保健与服务,2 [26/173]," MEDICINE, GENERAL & INTERNAL 医学：内科",2 [30/327],,,,,,,二级
MOLECULAR NEUROBIOLOGY,2025,0893-7648/1559-1182,否,否,否,SCIE,4.3,,医学,2 [794/5603],否, NEUROSCIENCES 神经科学,2 [73/309],,,,,,,,,,,二级
REPRODUCTIVE BIOMEDICINE ONLINE,2025,1472-6483/1472-6491,否,否,否,SCIE,3.5,,医学,2 [795/5603],否, OBSTETRICS & GYNECOLOGY 妇产科学,2 [16/135], REPRODUCTIVE BIOLOGY 生殖生物学,2 [6/39],,,,,,,,,二级
JOURNAL OF ENZYME INHIBITION AND MEDICINAL CHEMISTRY,2025,1475-6366/1475-6374,否,否,是,SCIE,5.4,,医学,2 [796/5603],否, BIOCHEMISTRY & MOLECULAR BIOLOGY 生化与分子生物学,2 [63/310]," CHEMISTRY, MEDICINAL 药物化学",2 [11/72],,,,,,,,,二级
Research in Social & Administrative Pharmacy,2025,1551-7411/1934-8150,否,否,否,SSCI,2.8,,医学,2 [797/5603],否," PUBLIC, ENVIRONMENTAL & OCCUPATIONAL HEALTH 公共卫生、环境卫生与职业卫生",2 [56/404],,,,,,,,,,,二级
ORAL ONCOLOGY,2025,1368-8375/1879-0593,否,否,否,SCIE,3.9,,医学,2 [798/5603],否," DENTISTRY, ORAL SURGERY & MEDICINE 牙科与口腔外科",2 [18/157], ONCOLOGY 肿瘤学,3 [75/318],,,,,,,,,二级
Disability and Health Journal,2025,1936-6574/1876-7583,否,否,否,SSCI;SCIE,3.3,,医学,2 [799/5603],否, REHABILITATION 康复医学,1 [11/169], HEALTH CARE SCIENCES & SERVICES 卫生保健与服务,2 [27/173], HEALTH POLICY & SERVICES 卫生政策与服务,2 [13/118]," PUBLIC, ENVIRONMENTAL & OCCUPATIONAL HEALTH 公共卫生、环境卫生与职业卫生",2 [57/404],,,,,二级
AMYLOID-JOURNAL OF PROTEIN FOLDING DISORDERS,2025,1350-6129/1744-2818,否,否,否,SCIE,7.4,,医学,2 [800/5603],否, BIOCHEMISTRY & MOLECULAR BIOLOGY 生化与分子生物学,2 [64/310]," MEDICINE, GENERAL & INTERNAL 医学：内科",2 [31/327]," MEDICINE, RESEARCH & EXPERIMENTAL 医学：研究与实验",2 [34/188],,,,,,,二级
EAR AND HEARING,2025,0196-0202/1538-4667,否,否,否,SCIE,2.8,,医学,2 [801/5603],否, AUDIOLOGY & SPEECH-LANGUAGE PATHOLOGY 听力学与言语病理学,1 [3/35], OTORHINOLARYNGOLOGY 耳鼻喉科学,2 [5/66],,,,,,,,,二级
JOURNALS OF GERONTOLOGY SERIES A-BIOLOGICAL SCIENCES AND MEDICAL SCIENCES,2025,1079-5006/1758-535X,否,否,否,SSCI;SCIE,3.8,,医学,2 [802/5603],否, GERIATRICS & GERONTOLOGY 老年医学,2 [14/72], GERONTOLOGY 老年医学（社科）,2 [8/48],,,,,,,,,二级
Internet Interventions-The Application of Information Technology in Mental and Behavioural Health,2025,2214-7829/2214-7829,否,是,是,SSCI;SCIE,4.1,,医学,2 [803/5603],否, HEALTH CARE SCIENCES & SERVICES 卫生保健与服务,2 [28/173], PSYCHIATRY 精神病学,2 [51/277]," PSYCHOLOGY, CLINICAL 心理学：临床",2 [29/179], MEDICAL INFORMATICS 医学：信息,3 [10/44],,,,,二级
JOURNAL OF PROFESSIONAL NURSING,2025,8755-7223/1532-8481,否,否,否,SSCI;SCIE,2.9,,医学,2 [804/5603],否, NURSING 护理,1 [10/191],,,,,,,,,,,二级
Forensic Science International-Genetics,2025,1872-4973/1878-0326,否,否,否,SCIE,3.1,,医学,2 [805/5603],否," MEDICINE, LEGAL 医学：法",1 [1/23], GENETICS & HEREDITY 遗传学,2 [37/190],,,,,,,,,二级
Obesity,2025,1930-7381/1930-739X,否,否,否,SCIE,4.7,,医学,2 [806/5603],否, ENDOCRINOLOGY & METABOLISM 内分泌学与代谢,2 [42/184], NUTRITION & DIETETICS 营养学,2 [23/113],,,,,,,,,二级
Conflict and Health,2025,1752-1505/1752-1505,否,否,是,SSCI;SCIE,3.4,,医学,2 [807/5603],否," PUBLIC, ENVIRONMENTAL & OCCUPATIONAL HEALTH 公共卫生、环境卫生与职业卫生",2 [58/404],,,,,,,,,,,二级
Best Practice & Research Clinical Gastroenterology,2025,1521-6918/1532-1916,是,否,否,SCIE,4,,医学,2 [808/5603],否, GASTROENTEROLOGY & HEPATOLOGY 胃肠肝病学,3 [29/143],,,,,,,,,,,二级
JMIR Aging,2025,2561-7605/2561-7605,否,否,是,ESCI,4.8,,医学,2 [809/5603],否, GERIATRICS & GERONTOLOGY 老年医学,2 [15/72], GERONTOLOGY 老年医学（社科）,2 [9/48], MEDICAL INFORMATICS 医学：信息,3 [11/44],,,,,,,二级
CONTRACEPTION,2025,0010-7824/1879-0518,否,否,否,SCIE,2.3,,医学,2 [810/5603],否, OBSTETRICS & GYNECOLOGY 妇产科学,2 [17/135],,,,,,,,,,,二级
Journal of Mass Spectrometry and Advances in the Clinical Lab,2025,2667-1468/2667-145X,否,否,是,SCIE,3.4,,医学,2 [811/5603],否, MEDICAL LABORATORY TECHNOLOGY 医学实验技术,2 [4/31],,,,,,,,,,,二级
Frontiers in Immunology,2025,1664-3224/1664-3224,否,否,是,SCIE,5.9,Mega-Journal,医学,2 [812/5603],否, IMMUNOLOGY 免疫学,2 [42/179],,,,,,,,,,,二级
BMC PUBLIC HEALTH,2025,1471-2458/1471-2458,否,否,是,SCIE,3.6,Mega-Journal,医学,2 [813/5603],否," PUBLIC, ENVIRONMENTAL & OCCUPATIONAL HEALTH 公共卫生、环境卫生与职业卫生",2 [59/404],,,,,,,,,,,二级
Chinese Medicine,2025,1749-8546/1749-8546,否,否,是,SCIE,5.7,,医学,2 [814/5603],否, INTEGRATIVE & COMPLEMENTARY MEDICINE 全科医学与补充医学,2 [5/43], PHARMACOLOGY & PHARMACY 药学,2 [39/350],,,,,,,,,二级
HEART FAILURE REVIEWS,2025,1382-4147/1573-7322,是,否,否,SCIE,4.2,,医学,2 [815/5603],否, CARDIAC & CARDIOVASCULAR SYSTEMS 心脏和心血管系统,3 [48/223],,,,,,,,,,,二级
Expert Opinion on Drug Discovery,2025,1746-0441/1746-045X,是,否,否,SCIE,4.9,,医学,2 [816/5603],否, PHARMACOLOGY & PHARMACY 药学,2 [40/350],,,,,,,,,,,二级
International Journal of Stroke,2025,1747-4930/1747-4949,否,否,否,SCIE,8.7,,医学,2 [817/5603],否, CLINICAL NEUROLOGY 临床神经病学,2 [53/278], PERIPHERAL VASCULAR DISEASE 外周血管病,2 [15/96],,,,,,,,,二级
PSYCHIATRY AND CLINICAL NEUROSCIENCES,2025,1323-1316/1440-1819,否,否,否,SCIE,6.2,,医学,2 [818/5603],否, CLINICAL NEUROLOGY 临床神经病学,2 [54/278], NEUROSCIENCES 神经科学,2 [75/309], PSYCHIATRY 精神病学,2 [52/277],,,,,,,二级
Science and Medicine in Football,2025,2473-3938/2473-4446,否,否,否,SCIE,3.5,,医学,2 [819/5603],否, SPORT SCIENCES 运动科学,2 [22/126],,,,,,,,,,,二级
ACADEMIC RADIOLOGY,2025,1076-6332/1878-4046,否,否,否,SCIE,3.9,,医学,2 [820/5603],否," RADIOLOGY, NUCLEAR MEDICINE & MEDICAL IMAGING 核医学",2 [31/206],,,,,,,,,,,二级
EUROPEAN JOURNAL OF CARDIO-THORACIC SURGERY,2025,1010-7940/1873-734X,否,否,否,SCIE,3,,医学,2 [821/5603],否, SURGERY 外科,2 [44/292], CARDIAC & CARDIOVASCULAR SYSTEMS 心脏和心血管系统,3 [49/223], RESPIRATORY SYSTEM 呼吸系统,3 [19/101],,,,,,,二级
PROGRESS IN NEURO-PSYCHOPHARMACOLOGY & BIOLOGICAL PSYCHIATRY,2025,0278-5846/1878-4216,否,否,否,SCIE,3.9,,医学,2 [822/5603],否, CLINICAL NEUROLOGY 临床神经病学,2 [55/278], NEUROSCIENCES 神经科学,2 [76/309], PHARMACOLOGY & PHARMACY 药学,2 [41/350], PSYCHIATRY 精神病学,2 [53/277],,,,,二级
Nutrients,2025,2072-6643/2072-6643,否,否,是,SCIE,5,Mega-Journal,医学,2 [823/5603],否, NUTRITION & DIETETICS 营养学,2 [24/113],,,,,,,,,,,二级
Health Information Science and Systems,2025,2047-2501/2047-2501,否,否,否,SCIE,3.4,,医学,2 [824/5603],否, MEDICAL INFORMATICS 医学：信息,3 [12/44],,,,,,,,,,,二级
SLEEP MEDICINE,2025,1389-9457/1878-5506,否,否,否,SCIE,3.4,,医学,2 [825/5603],否, CLINICAL NEUROLOGY 临床神经病学,3 [56/278],,,,,,,,,,,二级
Immunity & Ageing,2025,1742-4933/1742-4933,否,否,是,SCIE,5.6,,医学,2 [826/5603],否, GERIATRICS & GERONTOLOGY 老年医学,2 [16/72], IMMUNOLOGY 免疫学,2 [43/179],,,,,,,,,二级
WIREs Mechanisms of Disease,2025,2692-9368/2692-9368,是,否,否,SCIE,4.9,,医学,2 [827/5603],否," MEDICINE, RESEARCH & EXPERIMENTAL 医学：研究与实验",2 [35/188],,,,,,,,,,,二级
TRANSPLANTATION,2025,0041-1337/1534-6080,否,否,否,SCIE,5,,医学,2 [828/5603],否, IMMUNOLOGY 免疫学,2 [44/179], SURGERY 外科,2 [45/292], TRANSPLANTATION 移植,2 [5/31],,,,,,,二级
AMERICAN JOURNAL OF PHYSIOLOGY-HEART AND CIRCULATORY PHYSIOLOGY,2025,0363-6135/1522-1539,否,否,否,SCIE,4.1,,医学,2 [829/5603],否, PERIPHERAL VASCULAR DISEASE 外周血管病,2 [16/96], PHYSIOLOGY 生理学,2 [12/84], CARDIAC & CARDIOVASCULAR SYSTEMS 心脏和心血管系统,3 [50/223],,,,,,,二级
Regenerative Biomaterials,2025,2056-3418/2056-3426,否,否,是,SCIE,8.1,,医学,2 [830/5603],否," MATERIALS SCIENCE, BIOMATERIALS 材料科学：生物材料",2 [11/52],,,,,,,,,,,二级
Journal of Substance Use & Addiction Treatment,2025,2949-8767/2949-8759,否,否,否,SSCI,1.9,,医学,2 [831/5603],否," PSYCHOLOGY, CLINICAL 心理学：临床",2 [32/179], SUBSTANCE ABUSE 药物滥用,2 [11/56],,,,,,,,,二级
JOURNAL OF INFECTIOUS DISEASES,2025,0022-1899/1537-6613,否,否,否,SCIE,4.5,,医学,2 [832/5603],否, IMMUNOLOGY 免疫学,2 [45/179], INFECTIOUS DISEASES 传染病学,2 [22/134], MICROBIOLOGY 微生物学,2 [38/159],,,,,,,二级
GENES CHROMOSOMES & CANCER,2025,1045-2257/1098-2264,否,否,否,SCIE,2.8,,医学,2 [833/5603],否, GENETICS & HEREDITY 遗传学,2 [40/190], ONCOLOGY 肿瘤学,3 [76/318],,,,,,,,,二级
BRITISH JOURNAL OF GENERAL PRACTICE,2025,0960-1643/1478-5242,否,否,否,SCIE,5.2,,医学,2 [834/5603],否, PRIMARY HEALTH CARE 初级卫生保健,1 [1/28]," MEDICINE, GENERAL & INTERNAL 医学：内科",2 [32/327],,,,,,,,,二级
Annals of Laboratory Medicine,2025,2234-3806/2234-3814,否,否,否,SCIE,3.9,,医学,2 [835/5603],否, MEDICAL LABORATORY TECHNOLOGY 医学实验技术,2 [5/31],,,,,,,,,,,二级
LABORATORY INVESTIGATION,2025,0023-6837/1530-0307,否,否,否,SCIE,4.2,,医学,2 [836/5603],否," MEDICINE, RESEARCH & EXPERIMENTAL 医学：研究与实验",2 [36/188], PATHOLOGY 病理学,2 [12/88],,,,,,,,,二级
BIOORGANIC CHEMISTRY,2025,0045-2068/1090-2120,否,否,否,SCIE,4.7,,医学,2 [837/5603],否," CHEMISTRY, ORGANIC 有机化学",1 [5/57], BIOCHEMISTRY & MOLECULAR BIOLOGY 生化与分子生物学,2 [65/310],,,,,,,,,二级
WORLD JOURNAL OF UROLOGY,2025,0724-4983/1433-8726,否,否,否,SCIE,2.9,,医学,2 [838/5603],否, UROLOGY & NEPHROLOGY 泌尿学与肾脏学,2 [18/126],,,,,,,,,,,二级
ANNALS OF SURGICAL ONCOLOGY,2025,1068-9265/1534-4681,否,否,否,SCIE,3.5,,医学,2 [839/5603],否, SURGERY 外科,2 [46/292], ONCOLOGY 肿瘤学,3 [77/318],,,,,,,,,二级
AMERICAN JOURNAL OF PHYSIOLOGY-RENAL PHYSIOLOGY,2025,1931-857X/1522-1466,否,否,否,SCIE,3.4,,医学,2 [840/5603],否, PHYSIOLOGY 生理学,2 [13/84], UROLOGY & NEPHROLOGY 泌尿学与肾脏学,2 [19/126],,,,,,,,,二级
Child and Adolescent Psychiatry and Mental Health,2025,1753-2000/1753-2000,否,否,是,SSCI;SCIE,4.6,,医学,2 [841/5603],否, PEDIATRICS 儿科,2 [15/185], PSYCHIATRY 精神病学,2 [54/277],,,,,,,,,二级
IEEE Transactions on Radiation and Plasma Medical Sciences,2025,2469-7311/2469-7303,否,否,否,ESCI,3.5,,医学,2 [842/5603],否," RADIOLOGY, NUCLEAR MEDICINE & MEDICAL IMAGING 核医学",2 [32/206],,,,,,,,,,,二级
ANNALS OF FAMILY MEDICINE,2025,1544-1709/1544-1717,否,否,否,SCIE,5.1,,医学,2 [843/5603],否, PRIMARY HEALTH CARE 初级卫生保健,1 [2/28]," MEDICINE, GENERAL & INTERNAL 医学：内科",2 [33/327],,,,,,,,,二级
Neural Regeneration Research,2025,1673-5374/1876-7958,否,否,是,SCIE,6.7,,医学,2 [844/5603],否, CELL BIOLOGY 细胞生物学,2 [57/203], NEUROSCIENCES 神经科学,2 [77/309],,,,,,,,,二级
Health Research Policy and Systems,2025,1478-4505/1478-4505,否,否,是,SSCI,3.2,,医学,2 [845/5603],否, HEALTH POLICY & SERVICES 卫生政策与服务,2 [15/118],,,,,,,,,,,二级
Preventive Medicine,2025,0091-7435/1096-0260,否,否,否,SCIE,3.2,,医学,2 [846/5603],否," MEDICINE, GENERAL & INTERNAL 医学：内科",2 [34/327]," PUBLIC, ENVIRONMENTAL & OCCUPATIONAL HEALTH 公共卫生、环境卫生与职业卫生",2 [60/404],,,,,,,,,二级
JOURNAL OF ANTIMICROBIAL CHEMOTHERAPY,2025,0305-7453/1460-2091,否,否,否,SCIE,3.6,,医学,2 [847/5603],否, INFECTIOUS DISEASES 传染病学,2 [23/134], MICROBIOLOGY 微生物学,2 [39/159], PHARMACOLOGY & PHARMACY 药学,2 [42/350],,,,,,,二级
Clinical Oral Investigations,2025,1432-6981/1436-3771,否,否,否,SCIE,3.1,,医学,2 [848/5603],否," DENTISTRY, ORAL SURGERY & MEDICINE 牙科与口腔外科",2 [19/157],,,,,,,,,,,二级
AMERICAN JOURNAL OF ORTHODONTICS AND DENTOFACIAL ORTHOPEDICS,2025,0889-5406/1097-6752,否,否,否,SCIE,3,,医学,2 [849/5603],否," DENTISTRY, ORAL SURGERY & MEDICINE 牙科与口腔外科",2 [20/157],,,,,,,,,,,二级
CURRENT HYPERTENSION REPORTS,2025,1522-6417/1534-3111,是,否,否,SCIE,5.1,,医学,2 [850/5603],否, PERIPHERAL VASCULAR DISEASE 外周血管病,2 [17/96],,,,,,,,,,,二级
ANTIMICROBIAL AGENTS AND CHEMOTHERAPY,2025,0066-4804/1098-6596,否,否,否,SCIE,4.5,,医学,2 [851/5603],否, MICROBIOLOGY 微生物学,2 [40/159], PHARMACOLOGY & PHARMACY 药学,2 [43/350],,,,,,,,,二级
PERSPECTIVES ON SEXUAL AND REPRODUCTIVE HEALTH,2025,1538-6341/1931-2393,否,否,否,SSCI,3.5,,医学,2 [852/5603],否, FAMILY STUDIES 家庭研究,2 [7/65], DEMOGRAPHY 人口学,3 [10/49],,,,,,,,,二级
CLINICAL SCIENCE,2025,0143-5221/1470-8736,否,否,否,SCIE,7.7,,医学,2 [853/5603],否," MEDICINE, RESEARCH & EXPERIMENTAL 医学：研究与实验",2 [37/188],,,,,,,,,,,二级
EUROPEAN JOURNAL OF ORTHODONTICS,2025,0141-5387/1460-2210,否,否,否,SCIE,2.7,,医学,2 [854/5603],否," DENTISTRY, ORAL SURGERY & MEDICINE 牙科与口腔外科",2 [21/157],,,,,,,,,,,二级
Transplantation Reviews,2025,0955-470X,是,否,否,SCIE,2.5,,医学,2 [855/5603],否, TRANSPLANTATION 移植,2 [6/31], IMMUNOLOGY 免疫学,3 [51/179],,,,,,,,,二级
Journal of Intensive Care,2025,2052-0492/2052-0492,否,否,是,SCIE,4.7,,医学,2 [856/5603],否, CRITICAL CARE MEDICINE 危重病医学,3 [13/56],,,,,,,,,,,二级
ACS Infectious Diseases,2025,2373-8227,否,否,否,SCIE,3.8,,医学,2 [857/5603],否," CHEMISTRY, MEDICINAL 药物化学",2 [12/72], INFECTIOUS DISEASES 传染病学,2 [24/134],,,,,,,,,二级
BMC Pregnancy and Childbirth,2025,1471-2393/1471-2393,否,否,是,SCIE,2.7,,医学,2 [858/5603],否, OBSTETRICS & GYNECOLOGY 妇产科学,2 [18/135],,,,,,,,,,,二级
Facial Plastic Surgery Clinics of North America,2025,1064-7406/1558-1926,否,否,否,SCIE,1.9,,医学,2 [859/5603],否, SURGERY 外科,2 [47/292],,,,,,,,,,,二级
Surgery for Obesity and Related Diseases,2025,1550-7289/1878-7533,否,否,否,SCIE,3.8,,医学,2 [860/5603],否, SURGERY 外科,2 [48/292],,,,,,,,,,,二级
Allergy Asthma & Immunology Research,2025,2092-7355/2092-7363,否,否,否,SCIE,4.3,,医学,2 [861/5603],否, IMMUNOLOGY 免疫学,2 [46/179], ALLERGY 过敏,3 [11/39],,,,,,,,,二级
Population Health Metrics,2025,1478-7954/1478-7954,否,否,是,SSCI,2.5,,医学,2 [862/5603],否," PUBLIC, ENVIRONMENTAL & OCCUPATIONAL HEALTH 公共卫生、环境卫生与职业卫生",2 [61/404],,,,,,,,,,,二级
INTERNATIONAL DENTAL JOURNAL,2025,0020-6539/1875-595X,否,否,是,SCIE,3.7,,医学,2 [863/5603],否," DENTISTRY, ORAL SURGERY & MEDICINE 牙科与口腔外科",2 [22/157],,,,,,,,,,,二级
JOURNAL OF SCIENCE AND MEDICINE IN SPORT,2025,1440-2440/1878-1861,否,否,否,SCIE,3.4,,医学,2 [864/5603],否, SPORT SCIENCES 运动科学,2 [23/126],,,,,,,,,,,二级
International Journal of Bioprinting,2025,2424-7723/2424-8002,否,否,否,SCIE,6,,医学,2 [865/5603],否," ENGINEERING, BIOMEDICAL 工程：生物医学",2 [26/120]," MATERIALS SCIENCE, BIOMATERIALS 材料科学：生物材料",2 [12/52],,,,,,,,,二级
QUALITATIVE HEALTH RESEARCH,2025,1049-7323/1552-7557,否,否,否,SSCI,2.4,,医学,2 [866/5603],否," SOCIAL SCIENCES, BIOMEDICAL 社会科学：生物医学",2 [9/46]," SOCIAL SCIENCES, INTERDISCIPLINARY 社会科学：跨领域",2 [25/263], INFORMATION SCIENCE & LIBRARY SCIENCE 图书情报与档案管理,3 [31/160],,,,,,,二级
JCO Oncology Practice,2025,2688-1527/2688-1535,否,否,否,SCIE,4.6,,医学,2 [867/5603],否, ONCOLOGY 肿瘤学,3 [78/318],,,,,,,,,,,二级
ENDOCRINOLOGY AND METABOLISM CLINICS OF NORTH AMERICA,2025,0889-8529/1558-4410,是,否,否,SCIE,4.2,,医学,2 [868/5603],否, ENDOCRINOLOGY & METABOLISM 内分泌学与代谢,3 [45/184],,,,,,,,,,,二级
Emergencias,2025,1137-6821/2386-5857,否,否,否,SCIE,6.3,,医学,2 [869/5603],否, EMERGENCY MEDICINE 急救医学,2 [6/54],,,,,,,,,,,二级
INTERNATIONAL JOURNAL OF MEDICAL INFORMATICS,2025,1386-5056/1872-8243,否,否,否,SCIE,4.1,,医学,2 [870/5603],否, HEALTH CARE SCIENCES & SERVICES 卫生保健与服务,2 [29/173]," COMPUTER SCIENCE, INFORMATION SYSTEMS 计算机：信息系统",3 [52/249], MEDICAL INFORMATICS 医学：信息,3 [13/44],,,,,,,二级
AMERICAN HEART JOURNAL,2025,0002-8703/1097-6744,否,否,否,SCIE,3.5,,医学,2 [871/5603],否, CARDIAC & CARDIOVASCULAR SYSTEMS 心脏和心血管系统,3 [51/223],,,,,,,,,,,二级
Biological Psychiatry: Global Open Science,2025,2667-1743/2667-1743,否,否,否,ESCI,3.7,,医学,2 [872/5603],否, NEUROSCIENCES 神经科学,2 [78/309], PSYCHIATRY 精神病学,2 [56/277],,,,,,,,,二级
Journal of Minimally Invasive Gynecology,2025,1553-4650/1553-4669,否,否,否,SCIE,3.3,,医学,2 [873/5603],否, OBSTETRICS & GYNECOLOGY 妇产科学,2 [19/135],,,,,,,,,,,二级
Journal of the National Comprehensive Cancer Network,2025,1540-1405/1540-1413,否,否,否,SCIE,16.4,,医学,2 [874/5603],否, ONCOLOGY 肿瘤学,3 [79/318],,,,,,,,,,,二级
GENERAL HOSPITAL PSYCHIATRY,2025,0163-8343/1873-7714,否,否,否,SSCI;SCIE,3.7,,医学,2 [875/5603],否, PSYCHIATRY 精神病学,2 [57/277],,,,,,,,,,,二级
MYCOSES,2025,0933-7407/1439-0507,否,否,否,SCIE,3.1,,医学,2 [876/5603],否, DERMATOLOGY 皮肤病学,2 [10/94], MYCOLOGY 真菌学,2 [8/32],,,,,,,,,二级
Alzheimers & Dementia-Translational Research & Clinical Interventions,2025,2352-8737/2352-8737,否,否,是,ESCI,6.8,,医学,2 [877/5603],否, NEUROSCIENCES 神经科学,2 [79/309], CLINICAL NEUROLOGY 临床神经病学,3 [57/278],,,,,,,,,二级
American Journal of Obstetrics & Gynecology MFM,2025,2589-9333/2589-9333,否,否,否,SCIE,3.1,,医学,2 [878/5603],否, OBSTETRICS & GYNECOLOGY 妇产科学,2 [20/135],,,,,,,,,,,二级
SSM-Population Health,2025,2352-8273/2352-8273,否,是,是,SSCI;SCIE,3.1,,医学,2 [879/5603],否," PUBLIC, ENVIRONMENTAL & OCCUPATIONAL HEALTH 公共卫生、环境卫生与职业卫生",2 [62/404],,,,,,,,,,,二级
International Journal of Cardiology,2025,0167-5273/1874-1754,否,否,否,SCIE,3.2,,医学,2 [880/5603],否, CARDIAC & CARDIOVASCULAR SYSTEMS 心脏和心血管系统,3 [52/223],,,,,,,,,,,二级
JOURNAL OF GENERAL INTERNAL MEDICINE,2025,0884-8734/1525-1497,否,否,否,SCIE,4.2,,医学,2 [881/5603],否," MEDICINE, GENERAL & INTERNAL 医学：内科",2 [35/327], HEALTH CARE SCIENCES & SERVICES 卫生保健与服务,3 [30/173],,,,,,,,,二级
JOURNAL OF ADVANCED NURSING,2025,0309-2402/1365-2648,否,否,否,SSCI;SCIE,3.4,,医学,2 [882/5603],否, NURSING 护理,1 [12/191],,,,,,,,,,,二级
BONE MARROW TRANSPLANTATION,2025,0268-3369/1476-5365,否,否,否,SCIE,5.2,,医学,2 [883/5603],否, HEMATOLOGY 血液学,2 [21/96], IMMUNOLOGY 免疫学,2 [47/179], TRANSPLANTATION 移植,2 [7/31], ONCOLOGY 肿瘤学,3 [80/318],,,,,二级
Pain and Therapy,2025,2193-8237/2193-651X,否,是,是,SCIE,3.3,,医学,2 [884/5603],否, CLINICAL NEUROLOGY 临床神经病学,3 [58/278],,,,,,,,,,,二级
COMPUTERIZED MEDICAL IMAGING AND GRAPHICS,2025,0895-6111/1879-0771,否,否,否,SCIE,4.9,,医学,2 [885/5603],否," ENGINEERING, BIOMEDICAL 工程：生物医学",2 [27/120]," RADIOLOGY, NUCLEAR MEDICINE & MEDICAL IMAGING 核医学",2 [33/206],,,,,,,,,二级
JOURNAL OF ENDOUROLOGY,2025,0892-7790/1557-900X,否,否,否,SCIE,2.8,,医学,2 [886/5603],否, UROLOGY & NEPHROLOGY 泌尿学与肾脏学,2 [20/126],,,,,,,,,,,二级
BMC Oral Health,2025,1472-6831/1472-6831,否,否,是,SCIE,3.1,,医学,2 [887/5603],否," DENTISTRY, ORAL SURGERY & MEDICINE 牙科与口腔外科",2 [23/157],,,,,,,,,,,二级
Biomedical Signal Processing and Control,2025,1746-8094/1746-8108,否,否,否,SCIE,4.9,,医学,2 [888/5603],否," ENGINEERING, BIOMEDICAL 工程：生物医学",3 [30/120],,,,,,,,,,,二级
INTERNATIONAL JOURNAL OF NEUROPSYCHOPHARMACOLOGY,2025,1461-1457/1469-5111,否,否,是,SCIE,3.7,,医学,2 [889/5603],否, NEUROSCIENCES 神经科学,2 [80/309], PHARMACOLOGY & PHARMACY 药学,2 [44/350], PSYCHIATRY 精神病学,2 [59/277], CLINICAL NEUROLOGY 临床神经病学,3 [59/278],,,,,二级
EXPERIMENTAL NEUROLOGY,2025,0014-4886/1090-2430,否,否,否,SCIE,4.2,,医学,2 [890/5603],否, NEUROSCIENCES 神经科学,2 [81/309],,,,,,,,,,,二级
HAEMOPHILIA,2025,1351-8216/1365-2516,否,否,否,SCIE,3,,医学,2 [891/5603],否, HEMATOLOGY 血液学,2 [22/96],,,,,,,,,,,二级
BONE,2025,8756-3282/1873-2763,否,否,否,SCIE,3.6,,医学,2 [892/5603],否, ENDOCRINOLOGY & METABOLISM 内分泌学与代谢,3 [46/184],,,,,,,,,,,二级
ARCHIVES OF TOXICOLOGY,2025,0340-5761/1432-0738,否,否,否,SCIE,6.9,,医学,2 [893/5603],否, TOXICOLOGY 毒理学,1 [9/106],,,,,,,,,,,二级
CURRENT OPINION IN OPHTHALMOLOGY,2025,1040-8738/1531-7021,是,否,否,SCIE,2.6,,医学,2 [894/5603],否, OPHTHALMOLOGY 眼科学,2 [14/95],,,,,,,,,,,二级
Expert Opinion on Drug Delivery,2025,1742-5247/1744-7593,是,否,否,SCIE,5.4,,医学,2 [895/5603],否, PHARMACOLOGY & PHARMACY 药学,2 [45/350],,,,,,,,,,,二级
INTERNATIONAL PSYCHOGERIATRICS,2025,1041-6102/1741-203X,否,否,否,SSCI;SCIE,4.3,,医学,2 [896/5603],否, GERIATRICS & GERONTOLOGY 老年医学,2 [17/72], GERONTOLOGY 老年医学（社科）,2 [10/48], PSYCHOLOGY 心理学,2 [19/92], PSYCHIATRY 精神病学,3 [60/277]," PSYCHOLOGY, CLINICAL 心理学：临床",3 [40/179],,,二级
ANNALS OF ALLERGY ASTHMA & IMMUNOLOGY,2025,1081-1206/1534-4436,否,否,否,SCIE,4.7,,医学,2 [897/5603],否, IMMUNOLOGY 免疫学,2 [48/179], ALLERGY 过敏,3 [12/39],,,,,,,,,二级
Cancer Research and Treatment,2025,1598-2998/2005-9256,否,否,否,SCIE,3.8,,医学,2 [898/5603],否, ONCOLOGY 肿瘤学,3 [81/318],,,,,,,,,,,二级
Annual Review of Cancer Biology,2025,2472-3428/2472-3428,是,否,否,SCIE,6.1,,医学,2 [899/5603],否, ONCOLOGY 肿瘤学,3 [82/318],,,,,,,,,,,二级
SPINE,2025,0362-2436/1528-1159,否,否,否,SCIE,3.5,,医学,2 [900/5603],否, ORTHOPEDICS 骨科,2 [21/136], CLINICAL NEUROLOGY 临床神经病学,3 [60/278],,,,,,,,,二级
Sleep Health,2025,2352-7218/2352-7226,否,否,否,SCIE,3.4,,医学,2 [901/5603],否, CLINICAL NEUROLOGY 临床神经病学,3 [61/278],,,,,,,,,,,二级
Journal of Applied Physiology,2025,8750-7587/1522-1601,否,否,否,SCIE,3.3,,医学,2 [902/5603],否, PHYSIOLOGY 生理学,2 [14/84], SPORT SCIENCES 运动科学,2 [24/126],,,,,,,,,二级
Journal of Virology,2025,0022-538X/1098-5514,否,否,否,SCIE,3.8,,医学,2 [903/5603],否, VIROLOGY 病毒学,2 [9/41],,,,,,,,,,,二级
European Radiology Experimental,2025,2509-9280/2509-9280,否,否,是,ESCI,3.6,,医学,2 [904/5603],否," RADIOLOGY, NUCLEAR MEDICINE & MEDICAL IMAGING 核医学",2 [34/206],,,,,,,,,,,二级
JOURNAL OF PSYCHIATRIC RESEARCH,2025,0022-3956/1879-1379,否,否,否,SSCI;SCIE,3.2,,医学,2 [905/5603],否, PSYCHIATRY 精神病学,3 [61/277],,,,,,,,,,,二级
INTERNATIONAL JOURNAL FOR PARASITOLOGY,2025,0020-7519/1879-0135,否,否,否,SCIE,3.2,,医学,2 [906/5603],否, PARASITOLOGY 寄生虫学,2 [9/45],,,,,,,,,,,二级
NEUROPATHOLOGY AND APPLIED NEUROBIOLOGY,2025,0305-1846/1365-2990,否,否,否,SCIE,3.4,,医学,2 [907/5603],否, NEUROSCIENCES 神经科学,2 [82/309], PATHOLOGY 病理学,2 [13/88], CLINICAL NEUROLOGY 临床神经病学,3 [62/278],,,,,,,二级
AMERICAN JOURNAL OF NEPHROLOGY,2025,0250-8095/1421-9670,否,否,否,SCIE,3.2,,医学,2 [908/5603],否, UROLOGY & NEPHROLOGY 泌尿学与肾脏学,2 [21/126],,,,,,,,,,,二级
Seminars in Vascular Surgery,2025,0895-7967/1558-4518,是,否,否,SCIE,2.4,,医学,2 [909/5603],否, SURGERY 外科,2 [49/292], PERIPHERAL VASCULAR DISEASE 外周血管病,3 [18/96],,,,,,,,,二级
IEEE Transactions on Biomedical Circuits and Systems,2025,1932-4545/1940-9990,否,否,否,SCIE,4.9,,医学,2 [910/5603],否," ENGINEERING, BIOMEDICAL 工程：生物医学",3 [31/120]," ENGINEERING, ELECTRICAL & ELECTRONIC 工程：电子与电气",3 [76/352],,,,,,,,,二级
SUICIDE AND LIFE-THREATENING BEHAVIOR,2025,0363-0234/1943-278X,否,否,否,SSCI,2.6,,医学,2 [911/5603],否, PSYCHIATRY 精神病学,3 [62/277]," PSYCHOLOGY, MULTIDISCIPLINARY 心理学：综合",3 [46/219],,,,,,,,,二级
European Urology Open Science,2025,2666-1691/2666-1683,否,否,否,SCIE,4.5,,医学,2 [912/5603],否, UROLOGY & NEPHROLOGY 泌尿学与肾脏学,2 [22/126],,,,,,,,,,,二级
Head & Neck Pathology,2025,1936-055X/1936-0568,否,否,否,ESCI,4.1,,医学,2 [913/5603],否, PATHOLOGY 病理学,2 [14/88],,,,,,,,,,,二级
Journal of Healthcare Leadership,2025,1179-3201/1179-3201,否,否,是,ESCI,3.8,,医学,2 [914/5603],否, HEALTH POLICY & SERVICES 卫生政策与服务,2 [16/118],,,,,,,,,,,二级
HEALTH SERVICES RESEARCH,2025,0017-9124/1475-6773,否,否,否,SSCI;SCIE,3.2,,医学,2 [915/5603],否, HEALTH POLICY & SERVICES 卫生政策与服务,2 [17/118], HEALTH CARE SCIENCES & SERVICES 卫生保健与服务,3 [32/173],,,,,,,,,二级
Head & Face Medicine,2025,1746-160X/1746-160X,否,否,是,SCIE,2.6,,医学,2 [916/5603],否," DENTISTRY, ORAL SURGERY & MEDICINE 牙科与口腔外科",2 [24/157],,,,,,,,,,,二级
International Journal of Nanomedicine,2025,1178-2013/1178-2013,否,否,是,SCIE,6.5,,医学,2 [917/5603],否, PHARMACOLOGY & PHARMACY 药学,2 [46/350], NANOSCIENCE & NANOTECHNOLOGY 纳米科技,3 [38/139],,,,,,,,,二级
BMC Medical Research Methodology,2025,1471-2288/1471-2288,否,否,是,SCIE,3.4,,医学,2 [918/5603],否, HEALTH CARE SCIENCES & SERVICES 卫生保健与服务,3 [33/173],,,,,,,,,,,二级
MECHANISMS OF AGEING AND DEVELOPMENT,2025,0047-6374/1872-6216,否,否,否,SCIE,5.1,,医学,2 [919/5603],否, GERIATRICS & GERONTOLOGY 老年医学,2 [18/72], CELL BIOLOGY 细胞生物学,3 [67/203],,,,,,,,,二级
SURGICAL ENDOSCOPY AND OTHER INTERVENTIONAL TECHNIQUES,2025,0930-2794/1432-2218,否,否,否,SCIE,2.7,,医学,2 [920/5603],否, SURGERY 外科,2 [50/292],,,,,,,,,,,二级
ARTHRITIS CARE & RESEARCH,2025,2151-464X/2151-4658,否,否,否,SCIE,3.3,,医学,2 [921/5603],否, RHEUMATOLOGY 风湿病学,3 [14/55],,,,,,,,,,,二级
CLINICS IN PERINATOLOGY,2025,0095-5108/1557-9840,是,否,否,SCIE,2.4,,医学,2 [922/5603],否, OBSTETRICS & GYNECOLOGY 妇产科学,2 [21/135], PEDIATRICS 儿科,2 [16/185],,,,,,,,,二级
HUMAN BRAIN MAPPING,2025,1065-9471/1097-0193,否,是,是,SCIE,3.3,,医学,2 [923/5603],否, NEUROIMAGING 神经成像,2 [4/16]," RADIOLOGY, NUCLEAR MEDICINE & MEDICAL IMAGING 核医学",2 [35/206], NEUROSCIENCES 神经科学,3 [84/309],,,,,,,二级
Wiley Interdisciplinary Reviews-Nanomedicine and Nanobiotechnology,2025,1939-5116/1939-0041,是,否,否,SCIE,8.2,,医学,2 [924/5603],否," MEDICINE, RESEARCH & EXPERIMENTAL 医学：研究与实验",3 [47/188], NANOSCIENCE & NANOTECHNOLOGY 纳米科技,3 [39/139],,,,,,,,,二级
Acta Orthopaedica,2025,1745-3674/1745-3682,否,否,是,SCIE,2.4,,医学,2 [925/5603],否, ORTHOPEDICS 骨科,2 [22/136],,,,,,,,,,,二级
Radiation Oncology,2025,1748-717X/1748-717X,否,否,是,SCIE,3.2,,医学,2 [926/5603],否," RADIOLOGY, NUCLEAR MEDICINE & MEDICAL IMAGING 核医学",2 [36/206], ONCOLOGY 肿瘤学,3 [83/318],,,,,,,,,二级
International Journal of Pharmaceutics,2025,0378-5173/1873-3476,否,否,否,SCIE,5.2,,医学,2 [927/5603],否, PHARMACOLOGY & PHARMACY 药学,2 [47/350],,,,,,,,,,,二级
Frontiers in Cellular and Infection Microbiology,2025,2235-2988/2235-2988,否,否,是,SCIE,4.8,,医学,2 [928/5603],否, IMMUNOLOGY 免疫学,2 [49/179], MICROBIOLOGY 微生物学,2 [43/159],,,,,,,,,二级
MOLECULAR AND CELLULAR ENDOCRINOLOGY,2025,0303-7207/1872-8057,否,否,否,SCIE,3.6,,医学,2 [929/5603],否, CELL BIOLOGY 细胞生物学,3 [68/203], ENDOCRINOLOGY & METABOLISM 内分泌学与代谢,3 [47/184],,,,,,,,,二级
International Journal of Sports Physiology and Performance,2025,1555-0265/1555-0273,否,否,否,SCIE,4.3,,医学,2 [930/5603],否, PHYSIOLOGY 生理学,2 [16/84], SPORT SCIENCES 运动科学,3 [25/126],,,,,,,,,二级
AMERICAN JOURNAL OF NEURORADIOLOGY,2025,0195-6108/1936-959X,否,否,否,SCIE,3.7,,医学,2 [931/5603],否," RADIOLOGY, NUCLEAR MEDICINE & MEDICAL IMAGING 核医学",2 [37/206], CLINICAL NEUROLOGY 临床神经病学,3 [63/278], NEUROIMAGING 神经成像,3 [5/16],,,,,,,二级
INTERNATIONAL JOURNAL OF MOLECULAR MEDICINE,2025,1107-3756/1791-244X,否,否,否,SCIE,5.8,,医学,2 [932/5603],否," MEDICINE, RESEARCH & EXPERIMENTAL 医学：研究与实验",2 [39/188],,,,,,,,,,,二级
Nucleic Acid Therapeutics,2025,2159-3337/2159-3345,否,否,否,SCIE,4.7,,医学,2 [933/5603],否, BIOCHEMISTRY & MOLECULAR BIOLOGY 生化与分子生物学,2 [68/310]," CHEMISTRY, MEDICINAL 药物化学",2 [13/72]," MEDICINE, RESEARCH & EXPERIMENTAL 医学：研究与实验",3 [48/188],,,,,,,二级
Research in Developmental Disabilities,2025,0891-4222/1873-3379,否,否,否,SSCI,2.6,,医学,2 [934/5603],否," EDUCATION, SPECIAL 特殊教育学",2 [6/62], REHABILITATION 康复医学,2 [14/169],,,,,,,,,二级
Bioengineering & Translational Medicine,2025,2380-6761/2380-6761,否,是,是,SCIE,5.7,,医学,2 [935/5603],否," ENGINEERING, BIOMEDICAL 工程：生物医学",3 [32/120],,,,,,,,,,,二级
PSYCHONEUROENDOCRINOLOGY,2025,0306-4530/1873-3360,否,否,否,SCIE,3.6,,医学,2 [936/5603],否, ENDOCRINOLOGY & METABOLISM 内分泌学与代谢,3 [48/184], NEUROSCIENCES 神经科学,3 [85/309], PSYCHIATRY 精神病学,3 [64/277],,,,,,,二级
CNS Neuroscience & Therapeutics,2025,1755-5930/1755-5949,否,是,是,SCIE,5,,医学,2 [937/5603],否, PHARMACOLOGY & PHARMACY 药学,2 [48/350], NEUROSCIENCES 神经科学,3 [86/309],,,,,,,,,二级
NEUROPHARMACOLOGY,2025,0028-3908/1873-7064,否,否,否,SCIE,4.6,,医学,2 [938/5603],否, PHARMACOLOGY & PHARMACY 药学,2 [49/350], NEUROSCIENCES 神经科学,3 [87/309],,,,,,,,,二级
One Health,2025,2352-7714/2352-7714,否,是,是,SCIE,4.5,,医学,2 [939/5603],否, INFECTIOUS DISEASES 传染病学,2 [25/134]," PUBLIC, ENVIRONMENTAL & OCCUPATIONAL HEALTH 公共卫生、环境卫生与职业卫生",2 [63/404],,,,,,,,,二级
VIRCHOWS ARCHIV,2025,0945-6317/1432-2307,否,否,否,SCIE,3.1,,医学,2 [940/5603],否, PATHOLOGY 病理学,2 [15/88],,,,,,,,,,,二级
Dermatitis,2025,1710-3568/2162-5220,否,否,否,SCIE,3.2,,医学,2 [941/5603],否, DERMATOLOGY 皮肤病学,2 [11/94],,,,,,,,,,,二级
Infectious Diseases and Therapy,2025,2193-8229/2193-6382,否,否,是,SCIE,5.3,,医学,2 [942/5603],否, INFECTIOUS DISEASES 传染病学,2 [26/134],,,,,,,,,,,二级
American Journal of Preventive Cardiology,2025,2666-6677/2666-6677,否,否,是,ESCI,5.9,,医学,2 [943/5603],否, CARDIAC & CARDIOVASCULAR SYSTEMS 心脏和心血管系统,3 [53/223],,,,,,,,,,,二级
Innovation in Aging,2025,2399-5300/2399-5300,否,否,是,SSCI;SCIE,4.3,,医学,2 [944/5603],否, GERONTOLOGY 老年医学（社科）,2 [11/48], GERIATRICS & GERONTOLOGY 老年医学,3 [19/72],,,,,,,,,二级
CLINICAL JOURNAL OF PAIN,2025,0749-8047/1536-5409,否,否,否,SCIE,3.1,,医学,2 [945/5603],否, ANESTHESIOLOGY 麻醉学,3 [11/64], CLINICAL NEUROLOGY 临床神经病学,3 [64/278],,,,,,,,,二级
Journal of Integrative Medicine-JIM,2025,2095-4964/2095-4964,否,否,否,SCIE,4,,医学,2 [946/5603],否, INTEGRATIVE & COMPLEMENTARY MEDICINE 全科医学与补充医学,2 [6/43],,,,,,,,,,,二级
COLLOIDS AND SURFACES B-BIOINTERFACES,2025,0927-7765/1873-4367,否,否,否,SCIE,5.6,,医学,2 [947/5603],否, BIOPHYSICS 生物物理,1 [6/76]," MATERIALS SCIENCE, BIOMATERIALS 材料科学：生物材料",3 [14/52],,,,,,,,,二级
EUROPEAN JOURNAL OF RADIOLOGY,2025,0720-048X/1872-7727,否,否,否,SCIE,3.3,,医学,2 [948/5603],否," RADIOLOGY, NUCLEAR MEDICINE & MEDICAL IMAGING 核医学",2 [38/206],,,,,,,,,,,二级
MOLECULAR CANCER RESEARCH,2025,1541-7786/1557-3125,否,否,否,SCIE,4.7,,医学,2 [949/5603],否, CELL BIOLOGY 细胞生物学,3 [69/203], ONCOLOGY 肿瘤学,3 [84/318],,,,,,,,,二级
JOURNAL OF CLINICAL PSYCHIATRY,2025,0160-6689/1555-2101,否,否,否,SSCI;SCIE,4.6,,医学,2 [950/5603],否, PSYCHIATRY 精神病学,3 [65/277]," PSYCHOLOGY, CLINICAL 心理学：临床",3 [42/179],,,,,,,,,二级
PREVENTION SCIENCE,2025,1389-4986/1573-6695,否,否,否,SSCI,2.7,,医学,2 [951/5603],否," PUBLIC, ENVIRONMENTAL & OCCUPATIONAL HEALTH 公共卫生、环境卫生与职业卫生",2 [65/404],,,,,,,,,,,二级
EUROPEAN JOURNAL OF NUTRITION,2025,1436-6207/1436-6215,否,否,否,SCIE,4.3,,医学,2 [952/5603],否, NUTRITION & DIETETICS 营养学,2 [25/113],,,,,,,,,,,二级
JOURNAL OF HAND SURGERY-AMERICAN VOLUME,2025,0363-5023/1531-6564,否,否,否,SCIE,2.1,,医学,2 [953/5603],否, ORTHOPEDICS 骨科,2 [23/136], SURGERY 外科,2 [51/292],,,,,,,,,二级
Anaesthesia Critical Care & Pain Medicine,2025,2352-5568/2352-5568,否,否,否,SCIE,4.7,,医学,2 [954/5603],否, ANESTHESIOLOGY 麻醉学,3 [12/64], CRITICAL CARE MEDICINE 危重病医学,3 [14/56],,,,,,,,,二级
Chinese Journal of Cancer Research,2025,1000-9604/1993-0631,否,否,否,SCIE,6.3,,医学,2 [955/5603],否, ONCOLOGY 肿瘤学,3 [85/318],,,,,,,,,,,二级
JOURNAL OF RECONSTRUCTIVE MICROSURGERY,2025,0743-684X/1098-8947,否,否,否,SCIE,2.3,,医学,2 [956/5603],否, SURGERY 外科,2 [52/292],,,,,,,,,,,二级
CANCER SCIENCE,2025,1347-9032/1349-7006,否,是,是,SCIE,4.3,,医学,2 [957/5603],否, ONCOLOGY 肿瘤学,3 [86/318],,,,,,,,,,,二级
Journal of Addiction Medicine,2025,1932-0620/1935-3227,否,否,否,SCIE,3.2,,医学,2 [958/5603],否, SUBSTANCE ABUSE 药物滥用,2 [12/56],,,,,,,,,,,二级
BME Frontiers,2025,2765-8031/2765-8031,否,否,是,ESCI,7.7,,医学,2 [959/5603],否," ENGINEERING, BIOMEDICAL 工程：生物医学",2 [28/120],,,,,,,,,,,二级
PSYCHOLOGY AND PSYCHOTHERAPY-THEORY RESEARCH AND PRACTICE,2025,1476-0835/2044-8341,否,否,否,SSCI;SCIE,2.7,,医学,2 [960/5603],否, PSYCHIATRY 精神病学,3 [66/277], PSYCHOLOGY 心理学,3 [23/92]," PSYCHOLOGY, CLINICAL 心理学：临床",3 [44/179],,,,,,,二级
International Immunopharmacology,2025,1567-5769/1878-1705,否,否,否,SCIE,4.7,,医学,2 [961/5603],否, PHARMACOLOGY & PHARMACY 药学,2 [50/350], IMMUNOLOGY 免疫学,3 [52/179],,,,,,,,,二级
International Journal of Mental Health Systems,2025,1752-4458/1752-4458,否,否,是,SSCI,3.8,,医学,2 [962/5603],否, PSYCHIATRY 精神病学,3 [67/277],,,,,,,,,,,二级
Neurocritical Care,2025,1541-6933/1556-0961,否,否,否,SCIE,3.6,,医学,2 [963/5603],否, CLINICAL NEUROLOGY 临床神经病学,3 [65/278], CRITICAL CARE MEDICINE 危重病医学,3 [15/56],,,,,,,,,二级
Korean Journal of Pain,2025,2005-9159/2093-0569,否,否,是,SCIE,3.1,,医学,2 [964/5603],否, CLINICAL NEUROLOGY 临床神经病学,3 [66/278],,,,,,,,,,,二级
EUROPEAN ARCHIVES OF PSYCHIATRY AND CLINICAL NEUROSCIENCE,2025,0940-1334/1433-8491,否,否,否,SCIE,3.7,,医学,2 [965/5603],否, CLINICAL NEUROLOGY 临床神经病学,3 [67/278], PSYCHIATRY 精神病学,3 [68/277],,,,,,,,,二级
Lipids in Health and Disease,2025,1476-511X/1476-511X,否,否,是,SCIE,4.2,,医学,2 [966/5603],否, BIOCHEMISTRY & MOLECULAR BIOLOGY 生化与分子生物学,2 [70/310], NUTRITION & DIETETICS 营养学,2 [26/113],,,,,,,,,二级
npj Primary Care Respiratory Medicine,2025,2055-1010/2055-1010,否,否,是,SCIE,4.7,,医学,2 [967/5603],否, PRIMARY HEALTH CARE 初级卫生保健,2 [3/28], RESPIRATORY SYSTEM 呼吸系统,3 [20/101],,,,,,,,,二级
NEOPLASIA,2025,1476-5586/1476-5586,否,是,是,SCIE,7.7,,医学,2 [968/5603],否, ONCOLOGY 肿瘤学,3 [87/318],,,,,,,,,,,二级
Schizophrenia Research,2025,0920-9964/1573-2509,否,否,否,SSCI;SCIE,3.5,,医学,2 [969/5603],否, PSYCHIATRY 精神病学,3 [69/277],,,,,,,,,,,二级
Clinical Interventions in Aging,2025,1178-1998/1178-1998,否,否,是,SCIE,3.7,,医学,2 [970/5603],否, GERIATRICS & GERONTOLOGY 老年医学,3 [20/72],,,,,,,,,,,二级
JOURNAL OF BIOMEDICAL INFORMATICS,2025,1532-0464/1532-0480,否,否,否,SCIE,4.5,,医学,2 [971/5603],否," COMPUTER SCIENCE, INTERDISCIPLINARY APPLICATIONS 计算机：跨学科应用",3 [51/172], MEDICAL INFORMATICS 医学：信息,3 [14/44],,,,,,,,,二级
BMJ Evidence-Based Medicine,2025,2515-446X/2515-4478,否,否,否,SCIE,7.6,,医学,2 [972/5603],否," MEDICINE, GENERAL & INTERNAL 医学：内科",2 [36/327],,,,,,,,,,,二级
JOURNAL OF VESTIBULAR RESEARCH-EQUILIBRIUM & ORIENTATION,2025,0957-4271/1878-6464,否,否,否,SCIE,3.3,,医学,2 [973/5603],否, OTORHINOLARYNGOLOGY 耳鼻喉科学,2 [6/66], NEUROSCIENCES 神经科学,3 [88/309],,,,,,,,,二级
PEDIATRIC DIABETES,2025,1399-543X/1399-5448,否,否,否,SCIE,5.6,,医学,2 [974/5603],否, PEDIATRICS 儿科,2 [17/185], ENDOCRINOLOGY & METABOLISM 内分泌学与代谢,3 [49/184],,,,,,,,,二级
Journal of Ovarian Research,2025,1757-2215/1757-2215,否,否,是,SCIE,4.2,,医学,2 [975/5603],否, REPRODUCTIVE BIOLOGY 生殖生物学,2 [7/39],,,,,,,,,,,二级
EXPERT OPINION ON THERAPEUTIC TARGETS,2025,1472-8222/1744-7631,是,否,否,SCIE,4.4,,医学,2 [976/5603],否, PHARMACOLOGY & PHARMACY 药学,2 [51/350],,,,,,,,,,,二级
PSYCHO-ONCOLOGY,2025,1057-9249/1099-1611,否,否,否,SSCI;SCIE,3.5,,医学,2 [977/5603],否," SOCIAL SCIENCES, BIOMEDICAL 社会科学：生物医学",2 [11/46], ONCOLOGY 肿瘤学,3 [88/318], PSYCHOLOGY 心理学,3 [24/92]," PSYCHOLOGY, MULTIDISCIPLINARY 心理学：综合",3 [51/219],,,,,二级
DIGESTIVE AND LIVER DISEASE,2025,1590-8658/1878-3562,否,否,否,SCIE,3.8,,医学,2 [978/5603],否, GASTROENTEROLOGY & HEPATOLOGY 胃肠肝病学,3 [30/143],,,,,,,,,,,二级
Addiction Science & Clinical Practice,2025,1940-0640/1940-0640,否,否,是,SSCI;SCIE,3.2,,医学,2 [979/5603],否, SUBSTANCE ABUSE 药物滥用,2 [13/56],,,,,,,,,,,二级
Colorectal Disease,2025,1462-8910/1463-1318,否,否,否,SCIE,2.7,,医学,2 [980/5603],否, SURGERY 外科,2 [53/292], GASTROENTEROLOGY & HEPATOLOGY 胃肠肝病学,3 [31/143],,,,,,,,,二级
Molecular Biomedicine,2025,2662-8651/2662-8651,否,否,否,ESCI,10.1,,医学,2 [981/5603],否, BIOCHEMISTRY & MOLECULAR BIOLOGY 生化与分子生物学,2 [72/310], CELL BIOLOGY 细胞生物学,2 [58/203]," MEDICINE, RESEARCH & EXPERIMENTAL 医学：研究与实验",2 [40/188],,,,,,,二级
Journal of Sexual Medicine,2025,1743-6095/1743-6109,否,否,否,SCIE,3.3,,医学,2 [982/5603],否, UROLOGY & NEPHROLOGY 泌尿学与肾脏学,2 [23/126],,,,,,,,,,,二级
JOURNAL OF STRENGTH AND CONDITIONING RESEARCH,2025,1064-8011/1533-4287,否,否,否,SCIE,3,,医学,2 [983/5603],否, SPORT SCIENCES 运动科学,3 [26/126],,,,,,,,,,,二级
CLINICAL CHEMISTRY AND LABORATORY MEDICINE,2025,1434-6621/1437-4331,否,否,否,SCIE,3.7,,医学,2 [984/5603],否, MEDICAL LABORATORY TECHNOLOGY 医学实验技术,2 [6/31],,,,,,,,,,,二级
Journal of Pathology Clinical Research,2025,2056-4538/2056-4538,否,是,是,SCIE,3.7,,医学,2 [985/5603],否, PATHOLOGY 病理学,2 [16/88],,,,,,,,,,,二级
CHEMICO-BIOLOGICAL INTERACTIONS,2025,0009-2797/1872-7786,否,否,否,SCIE,5.4,,医学,2 [986/5603],否, TOXICOLOGY 毒理学,1 [10/106], BIOCHEMISTRY & MOLECULAR BIOLOGY 生化与分子生物学,2 [73/310], PHARMACOLOGY & PHARMACY 药学,2 [52/350],,,,,,,二级
HUMAN MUTATION,2025,1059-7794/1098-1004,否,是,是,SCIE,3.7,,医学,2 [987/5603],否, GENETICS & HEREDITY 遗传学,2 [43/190],,,,,,,,,,,二级
JOURNAL OF URBAN HEALTH-BULLETIN OF THE NEW YORK ACADEMY OF MEDICINE,2025,1099-3460/1468-2869,否,否,否,SCIE,4.1,,医学,2 [988/5603],否," MEDICINE, GENERAL & INTERNAL 医学：内科",2 [37/327]," PUBLIC, ENVIRONMENTAL & OCCUPATIONAL HEALTH 公共卫生、环境卫生与职业卫生",2 [66/404],,,,,,,,,二级
Orthopaedics & Traumatology-Surgery & Research,2025,1877-0568/1877-0568,否,否,否,SCIE,2.2,,医学,2 [989/5603],否, ORTHOPEDICS 骨科,2 [24/136], SURGERY 外科,2 [54/292],,,,,,,,,二级
INTERNATIONAL NURSING REVIEW,2025,0020-8132/1466-7657,否,否,否,SSCI;SCIE,3.7,,医学,2 [990/5603],否, NURSING 护理,2 [14/191],,,,,,,,,,,二级
EJNMMI Physics,2025,2197-7364/2197-7364,否,是,是,SCIE,3.2,,医学,2 [991/5603],否," RADIOLOGY, NUCLEAR MEDICINE & MEDICAL IMAGING 核医学",2 [39/206],,,,,,,,,,,二级
BDJ Open,2025,2056-807X/2056-807X,否,否,是,ESCI,2.2,,医学,2 [992/5603],否," DENTISTRY, ORAL SURGERY & MEDICINE 牙科与口腔外科",3 [25/157],,,,,,,,,,,二级
Lancet Regional Health - Southeast Asia,2025,2772-3682/2772-3682,否,否,是,ESCI,6.2,,医学,2 [993/5603],否," PUBLIC, ENVIRONMENTAL & OCCUPATIONAL HEALTH 公共卫生、环境卫生与职业卫生",2 [67/404], HEALTH CARE SCIENCES & SERVICES 卫生保健与服务,3 [34/173],,,,,,,,,二级
Neurophotonics,2025,2329-423X/2329-4248,否,否,是,SCIE,3.8,,医学,2 [994/5603],否, OPTICS 光学,2 [22/119], NEUROSCIENCES 神经科学,3 [90/309],,,,,,,,,二级
Translational Vision Science & Technology,2025,2164-2591/2164-2591,否,否,是,SCIE,2.6,,医学,2 [995/5603],否, OPHTHALMOLOGY 眼科学,2 [15/95],,,,,,,,,,,二级
DISEASES OF THE COLON & RECTUM,2025,0012-3706/1530-0358,否,否,否,SCIE,3.7,,医学,2 [996/5603],否, SURGERY 外科,2 [55/292], GASTROENTEROLOGY & HEPATOLOGY 胃肠肝病学,3 [32/143],,,,,,,,,二级
BIOCHEMICAL PHARMACOLOGY,2025,0006-2952/1873-2968,否,否,否,SCIE,5.6,,医学,2 [997/5603],否, PHARMACOLOGY & PHARMACY 药学,2 [54/350],,,,,,,,,,,二级
Human Genomics,2025,1473-9542/1479-7364,否,否,是,SCIE,4.3,,医学,2 [998/5603],否, GENETICS & HEREDITY 遗传学,2 [45/190],,,,,,,,,,,二级
DRUG METABOLISM AND DISPOSITION,2025,0090-9556/1521-009X,否,否,否,SCIE,4,,医学,2 [999/5603],否, PHARMACOLOGY & PHARMACY 药学,2 [55/350],,,,,,,,,,,二级
Journal of Cancer Survivorship,2025,1932-2259/1932-2267,否,否,否,SSCI;SCIE,2.9,,医学,2 [1000/5603],否, ONCOLOGY 肿瘤学,3 [89/318], SOCIAL ISSUES 社会问题,3 [12/66],,,,,,,,,二级
JOURNAL OF ORAL REHABILITATION,2025,0305-182X/1365-2842,否,否,否,SCIE,4,,医学,2 [1001/5603],否," DENTISTRY, ORAL SURGERY & MEDICINE 牙科与口腔外科",3 [26/157],,,,,,,,,,,二级
LANGUAGE SPEECH AND HEARING SERVICES IN SCHOOLS,2025,0161-1461/1558-9129,否,否,否,SSCI;SCIE,2.9,,医学,2 [1002/5603],否, AUDIOLOGY & SPEECH-LANGUAGE PATHOLOGY 听力学与言语病理学,2 [5/35], REHABILITATION 康复医学,2 [15/169], LINGUISTICS 语言学,3 [81/294],,,,,,,二级
INTERNATIONAL JOURNAL OF INFECTIOUS DISEASES,2025,1201-9712/1878-3511,否,是,是,SCIE,4.3,,医学,2 [1003/5603],否, INFECTIOUS DISEASES 传染病学,2 [27/134],,,,,,,,,,,二级
PAEDIATRIC AND PERINATAL EPIDEMIOLOGY,2025,0269-5022/1365-3016,否,否,否,SCIE,2.5,,医学,2 [1004/5603],否, OBSTETRICS & GYNECOLOGY 妇产科学,2 [22/135], PEDIATRICS 儿科,2 [18/185]," PUBLIC, ENVIRONMENTAL & OCCUPATIONAL HEALTH 公共卫生、环境卫生与职业卫生",2 [68/404],,,,,,,二级
Journal of Family Nursing,2025,1074-8407/1552-549X,否,否,否,SSCI;SCIE,2.9,,医学,2 [1005/5603],否, FAMILY STUDIES 家庭研究,2 [10/65], NURSING 护理,2 [15/191],,,,,,,,,二级
JOURNAL OF NEURO-ONCOLOGY,2025,0167-594X/1573-7373,否,否,否,SCIE,3.1,,医学,2 [1006/5603],否, CLINICAL NEUROLOGY 临床神经病学,3 [68/278], ONCOLOGY 肿瘤学,3 [90/318],,,,,,,,,二级
HEARING RESEARCH,2025,0378-5955/1878-5891,否,否,否,SCIE,2.5,,医学,2 [1007/5603],否, AUDIOLOGY & SPEECH-LANGUAGE PATHOLOGY 听力学与言语病理学,2 [6/35], OTORHINOLARYNGOLOGY 耳鼻喉科学,2 [7/66], NEUROSCIENCES 神经科学,3 [92/309],,,,,,,二级
ERJ Open Research,2025,2312-0541/2312-0541,否,否,是,SCIE,4,,医学,2 [1008/5603],否, RESPIRATORY SYSTEM 呼吸系统,3 [21/101],,,,,,,,,,,二级
Marine Drugs,2025,1660-3397/1660-3397,否,否,是,SCIE,5.4,,医学,2 [1009/5603],否," CHEMISTRY, MEDICINAL 药物化学",2 [14/72], PHARMACOLOGY & PHARMACY 药学,2 [56/350],,,,,,,,,二级
Molecular Therapy Oncolytics,2025,2372-7705/2372-7705,否,否,是,SCIE,,,医学,2 [1010/5603],否," MEDICINE, RESEARCH & EXPERIMENTAL 医学：研究与实验",3 [49/188], ONCOLOGY 肿瘤学,3 [91/318],,,,,,,,,二级
AMERICAN JOURNAL OF PHYSIOLOGY-ENDOCRINOLOGY AND METABOLISM,2025,0193-1849/1522-1555,否,否,否,SCIE,3.1,,医学,2 [1011/5603],否, PHYSIOLOGY 生理学,2 [17/84], ENDOCRINOLOGY & METABOLISM 内分泌学与代谢,3 [51/184],,,,,,,,,二级
Health Economics Policy and Law,2025,1744-1331/1744-134X,否,否,否,SSCI,3.3,,医学,2 [1012/5603],否, HEALTH POLICY & SERVICES 卫生政策与服务,2 [18/118],,,,,,,,,,,二级
MEDICAL CARE,2025,0025-7079/1537-1948,否,否,否,SSCI;SCIE,2.8,,医学,2 [1013/5603],否, HEALTH POLICY & SERVICES 卫生政策与服务,2 [19/118]," PUBLIC, ENVIRONMENTAL & OCCUPATIONAL HEALTH 公共卫生、环境卫生与职业卫生",2 [69/404], HEALTH CARE SCIENCES & SERVICES 卫生保健与服务,3 [35/173],,,,,,,二级
Endocrinology and Metabolism,2025,2093-596X/2093-5978,否,否,是,SCIE,4.2,,医学,2 [1014/5603],否, ENDOCRINOLOGY & METABOLISM 内分泌学与代谢,3 [52/184],,,,,,,,,,,二级
PROCEEDINGS OF THE NUTRITION SOCIETY,2025,0029-6651/1475-2719,否,否,否,SCIE,4.5,,医学,2 [1015/5603],否, NUTRITION & DIETETICS 营养学,2 [27/113],,,,,,,,,,,二级
Journal of the American College of Radiology,2025,1546-1440/1558-349X,否,否,否,SCIE,5.1,,医学,2 [1016/5603],否," RADIOLOGY, NUCLEAR MEDICINE & MEDICAL IMAGING 核医学",2 [40/206],,,,,,,,,,,二级
AIDS,2025,0269-9370/1473-5571,否,否,否,SCIE,3.1,,医学,2 [1017/5603],否, VIROLOGY 病毒学,2 [10/41], IMMUNOLOGY 免疫学,3 [54/179], INFECTIOUS DISEASES 传染病学,3 [28/134],,,,,,,二级
INFLAMMATION,2025,0360-3997/1573-2576,否,否,否,SCIE,5,,医学,2 [1018/5603],否, CELL BIOLOGY 细胞生物学,3 [70/203], IMMUNOLOGY 免疫学,3 [55/179],,,,,,,,,二级
JOURNAL OF MAGNETIC RESONANCE IMAGING,2025,1053-1807/1522-2586,否,否,否,SCIE,3.5,,医学,2 [1019/5603],否," RADIOLOGY, NUCLEAR MEDICINE & MEDICAL IMAGING 核医学",3 [41/206],,,,,,,,,,,二级
CANCER EPIDEMIOLOGY BIOMARKERS & PREVENTION,2025,1055-9965/1538-7755,否,否,否,SCIE,3.4,,医学,2 [1020/5603],否," PUBLIC, ENVIRONMENTAL & OCCUPATIONAL HEALTH 公共卫生、环境卫生与职业卫生",2 [70/404], ONCOLOGY 肿瘤学,3 [92/318],,,,,,,,,二级
BMC HEALTH SERVICES RESEARCH,2025,1472-6963/1472-6963,否,否,是,SCIE,3,,医学,2 [1021/5603],否, HEALTH CARE SCIENCES & SERVICES 卫生保健与服务,3 [36/173],,,,,,,,,,,二级
INTERNATIONAL JOURNAL OF HYGIENE AND ENVIRONMENTAL HEALTH,2025,1438-4639/1618-131X,否,否,否,SCIE,4.4,,医学,2 [1022/5603],否," PUBLIC, ENVIRONMENTAL & OCCUPATIONAL HEALTH 公共卫生、环境卫生与职业卫生",2 [71/404], INFECTIOUS DISEASES 传染病学,3 [29/134],,,,,,,,,二级
Therapeutic Advances in Medical Oncology,2025,1758-8340/1758-8359,否,是,是,SCIE,4.2,,医学,2 [1023/5603],否, ONCOLOGY 肿瘤学,3 [93/318],,,,,,,,,,,二级
Australian Prescriber,2025,0312-8008/1839-3942,否,否,是,ESCI,4.2,,医学,2 [1024/5603],否, PHARMACOLOGY & PHARMACY 药学,2 [58/350],,,,,,,,,,,二级
International Journal of Implant Dentistry,2025,2198-4034/2198-4034,否,否,是,SCIE,4,,医学,2 [1025/5603],否," DENTISTRY, ORAL SURGERY & MEDICINE 牙科与口腔外科",3 [27/157],,,,,,,,,,,二级
PEDIATRIC ALLERGY AND IMMUNOLOGY,2025,0905-6157/1399-3038,否,否,否,SCIE,4.5,,医学,2 [1026/5603],否, PEDIATRICS 儿科,2 [19/185], ALLERGY 过敏,3 [13/39], IMMUNOLOGY 免疫学,3 [56/179],,,,,,,二级
Journal of Translational Autoimmunity,2025,2589-9090/2589-9090,否,否,是,ESCI,3.6,,医学,2 [1027/5603],否, IMMUNOLOGY 免疫学,3 [57/179],,,,,,,,,,,二级
PHYTOTHERAPY RESEARCH,2025,0951-418X/1099-1573,否,否,否,SCIE,6.3,,医学,2 [1028/5603],否," CHEMISTRY, MEDICINAL 药物化学",2 [15/72], PHARMACOLOGY & PHARMACY 药学,2 [59/350],,,,,,,,,二级
Scandinavian Journal of Disability Research,2025,1501-7419/1745-3011,否,否,是,ESCI,1.3,,医学,2 [1029/5603],否, REHABILITATION 康复医学,2 [17/169],,,,,,,,,,,二级
Research Ethics,2025,1747-0161/2047-6094,否,否,是,ESCI,2.2,,医学,2 [1030/5603],否, ETHICS 伦理学,2 [14/77], MEDICAL ETHICS 医学：伦理,2 [3/23], SOCIAL ISSUES 社会问题,3 [13/66],,,,,,,二级
MATURITAS,2025,0378-5122/1873-4111,否,否,否,SCIE,3.6,,医学,2 [1031/5603],否, OBSTETRICS & GYNECOLOGY 妇产科学,2 [23/135], GERIATRICS & GERONTOLOGY 老年医学,3 [21/72],,,,,,,,,二级
BMJ Sexual & Reproductive Health,2025,2515-1991/2515-2009,否,否,否,SSCI;SCIE,2.8,,医学,2 [1032/5603],否, FAMILY STUDIES 家庭研究,2 [11/65], OBSTETRICS & GYNECOLOGY 妇产科学,2 [24/135]," SOCIAL SCIENCES, BIOMEDICAL 社会科学：生物医学",3 [12/46],,,,,,,二级
Annals of Clinical Microbiology and Antimicrobials,2025,1476-0711/1476-0711,否,否,是,SCIE,3.6,,医学,2 [1033/5603],否, MICROBIOLOGY 微生物学,3 [47/159],,,,,,,,,,,二级
ARCHIVES OF PHYSICAL MEDICINE AND REHABILITATION,2025,0003-9993/1532-821X,否,否,否,SCIE,3.7,,医学,2 [1034/5603],否, REHABILITATION 康复医学,2 [18/169], SPORT SCIENCES 运动科学,3 [27/126],,,,,,,,,二级
JOURNAL OF SPEECH LANGUAGE AND HEARING RESEARCH,2025,1092-4388/1558-9102,否,否,否,SSCI;SCIE,2.2,,医学,2 [1035/5603],否, AUDIOLOGY & SPEECH-LANGUAGE PATHOLOGY 听力学与言语病理学,2 [7/35], REHABILITATION 康复医学,2 [19/169], LINGUISTICS 语言学,3 [85/294],,,,,,,二级
PRENATAL DIAGNOSIS,2025,0197-3851/1097-0223,否,否,否,SCIE,2.7,,医学,2 [1036/5603],否, GENETICS & HEREDITY 遗传学,2 [46/190], OBSTETRICS & GYNECOLOGY 妇产科学,3 [25/135],,,,,,,,,二级
Autism & Developmental Language Impairments,2025,2396-9415/2396-9415,否,否,是,ESCI,3.4,,医学,2 [1037/5603],否," EDUCATION, SPECIAL 特殊教育学",2 [8/62], LINGUISTICS 语言学,3 [86/294]," PSYCHOLOGY, DEVELOPMENTAL 心理学：发育",3 [28/91],,,,,,,二级
ULTRASCHALL IN DER MEDIZIN,2025,0172-4614/1438-8782,否,否,否,SCIE,2.9,,医学,2 [1038/5603],否, ACOUSTICS 声学,2 [7/40]," RADIOLOGY, NUCLEAR MEDICINE & MEDICAL IMAGING 核医学",3 [42/206],,,,,,,,,二级
Drug Design Development and Therapy,2025,1177-8881,否,否,是,SCIE,5.1,,医学,2 [1039/5603],否," CHEMISTRY, MEDICINAL 药物化学",2 [17/72], PHARMACOLOGY & PHARMACY 药学,2 [61/350],,,,,,,,,二级
Worldviews on Evidence-Based Nursing,2025,1545-102X/1741-6787,否,否,否,SSCI;SCIE,3.8,,医学,2 [1040/5603],否, NURSING 护理,2 [16/191],,,,,,,,,,,二级
MOLECULAR PHARMACEUTICS,2025,1543-8384/1543-8392,否,否,否,SCIE,4.5,,医学,2 [1041/5603],否, PHARMACOLOGY & PHARMACY 药学,2 [62/350]," MEDICINE, RESEARCH & EXPERIMENTAL 医学：研究与实验",3 [50/188],,,,,,,,,二级
Maternal and Child Nutrition,2025,1740-8695/1740-8709,否,否,是,SCIE,2.6,,医学,2 [1042/5603],否, NUTRITION & DIETETICS 营养学,2 [28/113], PEDIATRICS 儿科,2 [20/185],,,,,,,,,二级
Cardiac Failure Review,2025,2057-7540/2057-7559,否,否,是,ESCI,5.7,,医学,2 [1043/5603],否, CARDIAC & CARDIOVASCULAR SYSTEMS 心脏和心血管系统,3 [54/223],,,,,,,,,,,二级
AMERICAN JOURNAL OF PATHOLOGY,2025,0002-9440/1525-2191,否,否,否,SCIE,3.6,,医学,2 [1044/5603],否, PATHOLOGY 病理学,2 [17/88],,,,,,,,,,,二级
Ticks and Tick-Borne Diseases,2025,1877-959X/1877-9603,否,否,否,SCIE,3.4,,医学,2 [1045/5603],否, PARASITOLOGY 寄生虫学,2 [10/45], INFECTIOUS DISEASES 传染病学,3 [30/134], MICROBIOLOGY 微生物学,3 [48/159],,,,,,,二级
Journal of Gynecologic Oncology,2025,2005-0380/2005-0399,否,否,是,SCIE,3.7,,医学,2 [1046/5603],否, OBSTETRICS & GYNECOLOGY 妇产科学,3 [26/135], ONCOLOGY 肿瘤学,3 [94/318],,,,,,,,,二级
European Journal of Paediatric Dentistry,2025,1591-996X/2035-648X,否,否,否,SCIE,2.7,,医学,2 [1047/5603],否, PEDIATRICS 儿科,2 [21/185]," DENTISTRY, ORAL SURGERY & MEDICINE 牙科与口腔外科",3 [28/157],,,,,,,,,二级
Journal of Nutrition Health & Aging,2025,1279-7707/1760-4788,否,否,是,SCIE,4,,医学,2 [1048/5603],否, NUTRITION & DIETETICS 营养学,2 [29/113], GERIATRICS & GERONTOLOGY 老年医学,3 [22/72],,,,,,,,,二级
CLINICAL AND EXPERIMENTAL OPHTHALMOLOGY,2025,1442-6404/1442-9071,否,否,否,SCIE,5.6,,医学,2 [1049/5603],否, OPHTHALMOLOGY 眼科学,2 [16/95],,,,,,,,,,,二级
Annals of Physical and Rehabilitation Medicine,2025,1877-0657/1877-0665,否,否,否,SCIE,4.6,,医学,2 [1050/5603],否, REHABILITATION 康复医学,2 [20/169],,,,,,,,,,,二级
Archives of Public Health,2025,0778-7367/2049-3258,否,否,是,SSCI;SCIE,3.2,,医学,2 [1051/5603],否," PUBLIC, ENVIRONMENTAL & OCCUPATIONAL HEALTH 公共卫生、环境卫生与职业卫生",2 [74/404],,,,,,,,,,,二级
Nutrition & Metabolism,2025,1743-7075/1743-7075,否,否,是,SCIE,4.1,,医学,2 [1052/5603],否, NUTRITION & DIETETICS 营养学,3 [31/113],,,,,,,,,,,二级
Pancreatology,2025,1424-3903/1424-3911,否,否,否,SCIE,2.7,,医学,2 [1053/5603],否, GASTROENTEROLOGY & HEPATOLOGY 胃肠肝病学,3 [33/143],,,,,,,,,,,二级
JARO-JOURNAL OF THE ASSOCIATION FOR RESEARCH IN OTOLARYNGOLOGY,2025,1525-3961/1438-7573,否,否,否,SCIE,2.3,,医学,2 [1054/5603],否, OTORHINOLARYNGOLOGY 耳鼻喉科学,2 [8/66], NEUROSCIENCES 神经科学,3 [93/309],,,,,,,,,二级
CANCER BIOLOGY & THERAPY,2025,1538-4047/1555-8576,否,否,是,SCIE,4.6,,医学,2 [1055/5603],否, ONCOLOGY 肿瘤学,3 [95/318],,,,,,,,,,,二级
Journal of Neurogastroenterology and Motility,2025,2093-0879/2093-0887,否,否,否,SCIE,3.3,,医学,2 [1056/5603],否, CLINICAL NEUROLOGY 临床神经病学,3 [70/278], GASTROENTEROLOGY & HEPATOLOGY 胃肠肝病学,3 [34/143],,,,,,,,,二级
HEALTH EXPECTATIONS,2025,1369-6513/1369-7625,否,否,是,SSCI;SCIE,3.2,,医学,2 [1057/5603],否, HEALTH POLICY & SERVICES 卫生政策与服务,2 [20/118]," PUBLIC, ENVIRONMENTAL & OCCUPATIONAL HEALTH 公共卫生、环境卫生与职业卫生",2 [75/404], HEALTH CARE SCIENCES & SERVICES 卫生保健与服务,3 [37/173],,,,,,,二级
PSYCHIATRIC SERVICES,2025,1075-2730/1557-9700,否,否,否,SSCI;SCIE,3.2,,医学,2 [1058/5603],否, HEALTH POLICY & SERVICES 卫生政策与服务,2 [21/118]," PUBLIC, ENVIRONMENTAL & OCCUPATIONAL HEALTH 公共卫生、环境卫生与职业卫生",2 [76/404], PSYCHIATRY 精神病学,3 [70/277],,,,,,,二级
JOURNAL OF EPIDEMIOLOGY,2025,0917-5040/0917-5040,否,否,是,SCIE,3,,医学,2 [1059/5603],否," PUBLIC, ENVIRONMENTAL & OCCUPATIONAL HEALTH 公共卫生、环境卫生与职业卫生",2 [77/404],,,,,,,,,,,二级
REVISTA ESPANOLA DE CARDIOLOGIA,2025,1885-5857/1885-5857,否,否,否,SCIE,4.9,,医学,2 [1060/5603],否, CARDIAC & CARDIOVASCULAR SYSTEMS 心脏和心血管系统,3 [55/223],,,,,,,,,,,二级
ALTEX-Alternatives to Animal Experimentation,2025,1868-596X/1868-8551,否,是,是,SCIE,5.8,,医学,2 [1061/5603],否," MEDICINE, RESEARCH & EXPERIMENTAL 医学：研究与实验",3 [51/188],,,,,,,,,,,二级
JOURNAL OF RENAL NUTRITION,2025,1051-2276/1532-8503,否,否,否,SCIE,3.2,,医学,2 [1062/5603],否, UROLOGY & NEPHROLOGY 泌尿学与肾脏学,2 [24/126], NUTRITION & DIETETICS 营养学,3 [32/113],,,,,,,,,二级
IRBM,2025,1959-0318/1876-0988,否,否,否,SCIE,4.2,,医学,2 [1063/5603],否," ENGINEERING, BIOMEDICAL 工程：生物医学",3 [33/120],,,,,,,,,,,二级
OPHTHALMIC AND PHYSIOLOGICAL OPTICS,2025,0275-5408/1475-1313,否,否,否,SCIE,2.4,,医学,2 [1064/5603],否, OPHTHALMOLOGY 眼科学,2 [17/95],,,,,,,,,,,二级
STUDIES IN FAMILY PLANNING,2025,0039-3665/1728-4465,否,否,否,SSCI,3.1,,医学,2 [1065/5603],否," PUBLIC, ENVIRONMENTAL & OCCUPATIONAL HEALTH 公共卫生、环境卫生与职业卫生",2 [78/404], DEMOGRAPHY 人口学,3 [13/49],,,,,,,,,二级
Journal of Eating Disorders,2025,2050-2974/2050-2974,否,否,是,SSCI;SCIE,4.5,,医学,2 [1066/5603],否, NUTRITION & DIETETICS 营养学,3 [33/113], PSYCHIATRY 精神病学,3 [71/277]," PSYCHOLOGY, CLINICAL 心理学：临床",3 [49/179],,,,,,,二级
EUROPEAN CELLS & MATERIALS,2025,1473-2262/1473-2262,否,否,是,SCIE,3.1,中国SCI期刊支持计划,医学,2 [1067/5603],否, CELL & TISSUE ENGINEERING 细胞与组织工程,2 [8/31]," ENGINEERING, BIOMEDICAL 工程：生物医学",2 [29/120]," MATERIALS SCIENCE, BIOMATERIALS 材料科学：生物材料",2 [13/52], ORTHOPEDICS 骨科,2 [26/136],,,,,二级
VIROLOGICA SINICA,2025,1674-0769/1995-820X,否,否,是,SCIE,4,中国SCI期刊支持计划,医学,2 [1068/5603],否, VIROLOGY 病毒学,2 [12/41],,,,,,,,,,,二级
Global Health Research and Policy,2025,2397-0642/2397-0642,否,否,是,ESCI,4.6,中国SCI期刊支持计划,医学,2 [1069/5603],否," PUBLIC, ENVIRONMENTAL & OCCUPATIONAL HEALTH 公共卫生、环境卫生与职业卫生",2 [86/404],,,,,,,,,,,二级
ASIAN JOURNAL OF ANDROLOGY,2025,1008-682X/1745-7262,否,否,是,SCIE,2.7,中国SCI期刊支持计划,医学,2 [1070/5603],否, ANDROLOGY 男科学,2 [2/8], UROLOGY & NEPHROLOGY 泌尿学与肾脏学,2 [25/126],,,,,,,,,二级
Cancer Biology & Medicine,2025,2095-3941/2095-3941,否,否,是,SCIE,8.4,中国SCI期刊支持计划,医学,2 [1071/5603],否," MEDICINE, RESEARCH & EXPERIMENTAL 医学：研究与实验",2 [41/188], ONCOLOGY 肿瘤学,2 [70/318],,,,,,,,,二级
Chinese Herbal Medicines,2025,1674-6384/1674-6384,否,否,是,ESCI,8.9,中国SCI期刊支持计划,医学,2 [1072/5603],否," CHEMISTRY, MEDICINAL 药物化学",2 [18/72],,,,,,,,,,,二级
Precision Clinical Medicine,2025,2096-5303/2516-1571,否,否,是,ESCI,5,中国SCI期刊支持计划,医学,2 [1073/5603],否," MEDICINE, RESEARCH & EXPERIMENTAL 医学：研究与实验",2 [42/188],,,,,,,,,,,二级
World Journal of Traditional Chinese Medicine,2025,2311-8571/2589-2894,否,否,是,ESCI,3.2,中国SCI期刊支持计划,医学,2 [1074/5603],否, INTEGRATIVE & COMPLEMENTARY MEDICINE 全科医学与补充医学,2 [8/43]," MEDICINE, RESEARCH & EXPERIMENTAL 医学：研究与实验",2 [43/188], PHARMACOLOGY & PHARMACY 药学,2 [79/350],,,,,,,二级
Animal Models and Experimental Medicine,2025,2096-5451/2576-2095,否,否,是,ESCI,3.4,中国SCI期刊支持计划,医学,2 [1075/5603],否, BIOCHEMISTRY & MOLECULAR BIOLOGY 生化与分子生物学,2 [82/310]," MEDICINE, RESEARCH & EXPERIMENTAL 医学：研究与实验",2 [44/188],,,,,,,,,二级
Journal of Evidence Based Medicine,2025,1756-5383/1756-5391,否,否,否,SCIE,3.5,中国SCI期刊支持计划,医学,2 [1076/5603],否," MEDICINE, GENERAL & INTERNAL 医学：内科",2 [45/327],,,,,,,,,,,二级
Journal of Zhejiang University-SCIENCE B,2025,1673-1581/1862-1783,否,否,否,SCIE,4.9,中国SCI期刊支持计划,医学,2 [1077/5603],否, BIOCHEMISTRY & MOLECULAR BIOLOGY 生化与分子生物学,2 [83/310], BIOTECHNOLOGY & APPLIED MICROBIOLOGY 生物工程与应用微生物,2 [45/174]," MEDICINE, RESEARCH & EXPERIMENTAL 医学：研究与实验",2 [45/188],,,,,,,二级
Journal of Translational Internal Medicine,2025,2450-131X/2224-4018,否,否,否,SCIE,7.4,中国SCI期刊支持计划,医学,2 [1078/5603],否," MEDICINE, GENERAL & INTERNAL 医学：内科",2 [47/327],,,,,,,,,,,二级
World Journal of Pediatrics,2025,1708-8569/1867-0687,否,否,否,SCIE,4.5,中国SCI期刊支持计划,医学,2 [1079/5603],否, PEDIATRICS 儿科,2 [38/185],,,,,,,,,,,二级
Chinese Journal of Natural Medicines,2025,2095-6975/1875-5364,否,否,否,SCIE,4.9,中国SCI期刊支持计划,医学,2 [1080/5603],否, INTEGRATIVE & COMPLEMENTARY MEDICINE 全科医学与补充医学,2 [9/43], PHARMACOLOGY & PHARMACY 药学,2 [80/350],,,,,,,,,二级
CHINESE MEDICAL JOURNAL,2025,0366-6999/2542-5641,否,否,是,SCIE,7.3,中国SCI期刊支持计划,医学,2 [1081/5603],否," MEDICINE, GENERAL & INTERNAL 医学：内科",2 [48/327],,,,,,,,,,,二级
Frontiers of Medicine,2025,2095-0217/2095-0225,否,否,否,SCIE,3.5,中国SCI期刊支持计划,医学,2 [1082/5603],否," MEDICINE, GENERAL & INTERNAL 医学：内科",2 [49/327]," MEDICINE, RESEARCH & EXPERIMENTAL 医学：研究与实验",2 [46/188], ONCOLOGY 肿瘤学,2 [71/318],,,,,,,二级
Current Neuropharmacology,2025,1570-159X/1875-6190,是,否,否,SCIE,5.3,,医学,3 [1083/5603],否, PHARMACOLOGY & PHARMACY 药学,2 [53/350], NEUROSCIENCES 神经科学,3 [89/309],,,,,,,,,二级
EXPERT OPINION ON INVESTIGATIONAL DRUGS,2025,1354-3784/1744-7658,是,否,否,SCIE,4.1,,医学,3 [1084/5603],否, PHARMACOLOGY & PHARMACY 药学,2 [57/350],,,,,,,,,,,二级
Expert Review of Endocrinology & Metabolism,2025,1744-6651/1744-8417,是,否,否,ESCI,2.8,,医学,3 [1085/5603],否, ENDOCRINOLOGY & METABOLISM 内分泌学与代谢,3 [50/184],,,,,,,,,,,二级
Current Pain and Headache Reports,2025,1531-3433/1534-3081,是,否,否,SCIE,3.5,,医学,3 [1086/5603],否, CLINICAL NEUROLOGY 临床神经病学,3 [69/278],,,,,,,,,,,二级
Current Epidemiology Reports,2025,2196-2995/2196-2995,是,否,否,SCIE,3.9,,医学,3 [1087/5603],否," PUBLIC, ENVIRONMENTAL & OCCUPATIONAL HEALTH 公共卫生、环境卫生与职业卫生",2 [72/404],,,,,,,,,,,二级
Current Urology Reports,2025,1527-2737/1534-6285,是,否,否,SCIE,2.9,,医学,3 [1088/5603],否, UROLOGY & NEPHROLOGY 泌尿学与肾脏学,3 [26/126],,,,,,,,,,,二级
SEMINARS IN THROMBOSIS AND HEMOSTASIS,2025,0094-6176/1098-9064,是,否,否,SCIE,4.1,,医学,3 [1089/5603],否, HEMATOLOGY 血液学,3 [24/96], PERIPHERAL VASCULAR DISEASE 外周血管病,3 [19/96],,,,,,,,,二级
SEMINARS IN DIAGNOSTIC PATHOLOGY,2025,0740-2570/1930-1111,是,否,否,SCIE,3.5,,医学,3 [1090/5603],否, MEDICAL LABORATORY TECHNOLOGY 医学实验技术,2 [7/31], PATHOLOGY 病理学,2 [18/88],,,,,,,,,二级
Cancers,2025,2072-6694/2072-6694,否,否,是,SCIE,4.4,Mega-Journal,医学,3 [1091/5603],否, ONCOLOGY 肿瘤学,3 [96/318],,,,,,,,,,,二级
JOURNAL OF MICROBIOLOGY IMMUNOLOGY AND INFECTION,2025,1684-1182/1995-9133,否,是,是,SCIE,3.7,,医学,3 [1092/5603],否, IMMUNOLOGY 免疫学,3 [58/179], INFECTIOUS DISEASES 传染病学,3 [31/134], MICROBIOLOGY 微生物学,3 [50/159],,,,,,,二级
Frontiers in Endocrinology,2025,1664-2392/1664-2392,否,否,是,SCIE,4.6,,医学,3 [1093/5603],否, ENDOCRINOLOGY & METABOLISM 内分泌学与代谢,3 [53/184],,,,,,,,,,,二级
Critical Public Health,2025,0958-1596/1469-3682,否,否,是,SSCI,2.3,,医学,3 [1094/5603],否," PUBLIC, ENVIRONMENTAL & OCCUPATIONAL HEALTH 公共卫生、环境卫生与职业卫生",2 [79/404]," SOCIAL SCIENCES, BIOMEDICAL 社会科学：生物医学",3 [13/46],,,,,,,,,二级
PATIENT EDUCATION AND COUNSELING,2025,0738-3991/1873-5134,否,否,否,SSCI;SCIE,3.1,,医学,3 [1095/5603],否," PUBLIC, ENVIRONMENTAL & OCCUPATIONAL HEALTH 公共卫生、环境卫生与职业卫生",2 [80/404]," SOCIAL SCIENCES, INTERDISCIPLINARY 社会科学：跨领域",3 [38/263],,,,,,,,,二级
Seminars in Pediatric Neurology,2025,1071-9091/1558-0776,是,否,否,SCIE,2.1,,医学,3 [1096/5603],否, PEDIATRICS 儿科,2 [22/185], CLINICAL NEUROLOGY 临床神经病学,3 [71/278],,,,,,,,,二级
THROMBOSIS RESEARCH,2025,0049-3848/1879-2472,否,否,否,SCIE,3.4,,医学,3 [1097/5603],否, HEMATOLOGY 血液学,2 [23/96], PERIPHERAL VASCULAR DISEASE 外周血管病,3 [20/96],,,,,,,,,二级
Journal of the Mechanical Behavior of Biomedical Materials,2025,1751-6161/1878-0180,否,否,否,SCIE,3.5,,医学,3 [1098/5603],否," ENGINEERING, BIOMEDICAL 工程：生物医学",3 [34/120]," MATERIALS SCIENCE, BIOMATERIALS 材料科学：生物材料",3 [15/52],,,,,,,,,二级
Contraception and Reproductive Medicine,2025,2055-7426/2055-7426,否,否,是,ESCI,1.9,,医学,3 [1099/5603],否, OBSTETRICS & GYNECOLOGY 妇产科学,3 [27/135],,,,,,,,,,,二级
Research and Practice in Thrombosis and Haemostasis,2025,2475-0379/2475-0379,否,否,是,SCIE,3.4,,医学,3 [1100/5603],否, HEMATOLOGY 血液学,3 [25/96], PERIPHERAL VASCULAR DISEASE 外周血管病,3 [21/96],,,,,,,,,二级
Annals of Coloproctology,2025,2287-9714/2287-9722,否,否,是,ESCI,2.1,,医学,3 [1101/5603],否, GASTROENTEROLOGY & HEPATOLOGY 胃肠肝病学,3 [35/143], SURGERY 外科,3 [56/292],,,,,,,,,二级
Biomechanics and Modeling in Mechanobiology,2025,1617-7959/1617-7940,否,否,否,SCIE,2.7,,医学,3 [1102/5603],否, BIOPHYSICS 生物物理,1 [7/76]," ENGINEERING, BIOMEDICAL 工程：生物医学",3 [35/120],,,,,,,,,二级
INTERNATIONAL JOURNAL OF LEGAL MEDICINE,2025,0937-9827/1437-1596,否,否,否,SCIE,2.3,,医学,3 [1103/5603],否," MEDICINE, LEGAL 医学：法",1 [2/23],,,,,,,,,,,二级
PLACENTA,2025,0143-4004/1532-3102,否,否,否,SCIE,2.5,,医学,3 [1104/5603],否, DEVELOPMENTAL BIOLOGY 发育生物学,2 [7/39], REPRODUCTIVE BIOLOGY 生殖生物学,2 [8/39], OBSTETRICS & GYNECOLOGY 妇产科学,3 [28/135],,,,,,,二级
Journal of the Academy of Nutrition and Dietetics,2025,2212-2672/2212-2680,否,否,否,SCIE,4,,医学,3 [1105/5603],否, NUTRITION & DIETETICS 营养学,3 [34/113],,,,,,,,,,,二级
LIFE SCIENCES,2025,0024-3205/1879-0631,否,否,否,SCIE,5.1,,医学,3 [1106/5603],否, PHARMACOLOGY & PHARMACY 药学,2 [63/350]," MEDICINE, RESEARCH & EXPERIMENTAL 医学：研究与实验",3 [52/188],,,,,,,,,二级
Transplantation and Cellular Therapy,2025,2666-6375/2666-6367,否,否,否,SCIE,4.4,,医学,3 [1107/5603],否, HEMATOLOGY 血液学,3 [26/96], IMMUNOLOGY 免疫学,3 [59/179], TRANSPLANTATION 移植,3 [8/31],,,,,,,二级
NEUROGASTROENTEROLOGY AND MOTILITY,2025,1350-1925/1365-2982,否,否,否,SCIE,2.9,,医学,3 [1108/5603],否, CLINICAL NEUROLOGY 临床神经病学,3 [72/278], GASTROENTEROLOGY & HEPATOLOGY 胃肠肝病学,3 [36/143], NEUROSCIENCES 神经科学,3 [95/309],,,,,,,二级
WOMENS HEALTH ISSUES,2025,1049-3867/1878-4321,否,否,否,SSCI,2.5,,医学,3 [1109/5603],否," PUBLIC, ENVIRONMENTAL & OCCUPATIONAL HEALTH 公共卫生、环境卫生与职业卫生",2 [81/404], WOMENS STUDIES 女性研究,2 [12/66],,,,,,,,,二级
CLINICAL SUPERVISOR,2025,0732-5223/1545-231X,否,否,否,ESCI,0.8,,医学,3 [1110/5603],否, HEALTH POLICY & SERVICES 卫生政策与服务,2 [22/118],,,,,,,,,,,二级
Journal of Esthetic and Restorative Dentistry,2025,1496-4155/1708-8240,否,否,否,SCIE,4.1,,医学,3 [1111/5603],否," DENTISTRY, ORAL SURGERY & MEDICINE 牙科与口腔外科",3 [29/157],,,,,,,,,,,二级
Journal of Otolaryngology-Head & Neck Surgery,2025,1916-0216/1916-0216,否,否,是,SCIE,2.2,,医学,3 [1112/5603],否, OTORHINOLARYNGOLOGY 耳鼻喉科学,2 [9/66],,,,,,,,,,,二级
INTERNATIONAL REVIEW OF PSYCHIATRY,2025,0954-0261/1369-1627,是,否,否,SSCI,3.4,,医学,3 [1113/5603],否, PSYCHIATRY 精神病学,3 [72/277],,,,,,,,,,,二级
EUROPEAN SPINE JOURNAL,2025,0940-6719/1432-0932,否,否,否,SCIE,2.7,,医学,3 [1114/5603],否, ORTHOPEDICS 骨科,2 [25/136], CLINICAL NEUROLOGY 临床神经病学,3 [73/278],,,,,,,,,二级
JOURNAL OF CLINICAL NURSING,2025,0962-1067/1365-2702,否,否,否,SSCI;SCIE,3.5,,医学,3 [1115/5603],否, NURSING 护理,2 [17/191],,,,,,,,,,,二级
GeoHealth,2025,2471-1403/2471-1403,否,是,是,SCIE,3.8,,医学,3 [1116/5603],否, ENVIRONMENTAL SCIENCES 环境科学,2 [86/357]," PUBLIC, ENVIRONMENTAL & OCCUPATIONAL HEALTH 公共卫生、环境卫生与职业卫生",2 [82/404],,,,,,,,,二级
Aging Male,2025,1368-5538/1473-0790,否,否,是,SCIE,2.6,,医学,3 [1117/5603],否, ENDOCRINOLOGY & METABOLISM 内分泌学与代谢,3 [54/184], UROLOGY & NEPHROLOGY 泌尿学与肾脏学,3 [27/126],,,,,,,,,二级
Korean Circulation Journal,2025,1738-5520/1738-5555,否,否,否,SCIE,3.1,,医学,3 [1118/5603],否, CARDIAC & CARDIOVASCULAR SYSTEMS 心脏和心血管系统,3 [56/223],,,,,,,,,,,二级
NEUROCHEMISTRY INTERNATIONAL,2025,0197-0186/1872-9754,否,否,否,SCIE,4,,医学,3 [1119/5603],否, BIOCHEMISTRY & MOLECULAR BIOLOGY 生化与分子生物学,2 [75/310], NEUROSCIENCES 神经科学,3 [96/309],,,,,,,,,二级
Sexual Medicine,2025,2050-1161/2050-1161,否,否,是,SCIE,2,,医学,3 [1120/5603],否," MEDICINE, GENERAL & INTERNAL 医学：内科",2 [38/327], UROLOGY & NEPHROLOGY 泌尿学与肾脏学,3 [28/126],,,,,,,,,二级
ARCHIVES OF GERONTOLOGY AND GERIATRICS,2025,0167-4943/1872-6976,否,否,否,SCIE,3.8,,医学,3 [1121/5603],否, GERIATRICS & GERONTOLOGY 老年医学,3 [23/72],,,,,,,,,,,二级
Psoriasis-Targets and Therapy,2025,2230-326X/2230-326X,否,否,是,ESCI,5.7,,医学,3 [1122/5603],否, DERMATOLOGY 皮肤病学,2 [12/94],,,,,,,,,,,二级
Aesthetic Surgery Journal,2025,1090-820X/1527-330X,否,否,否,SCIE,3.9,,医学,3 [1123/5603],否, SURGERY 外科,3 [57/292],,,,,,,,,,,二级
BMC Medical Informatics and Decision Making,2025,1472-6947/1472-6947,否,否,是,SCIE,3.8,,医学,3 [1124/5603],否, MEDICAL INFORMATICS 医学：信息,3 [15/44],,,,,,,,,,,二级
Antibiotics-Basel,2025,2079-6382/2079-6382,否,否,是,SCIE,4.6,,医学,3 [1125/5603],否, PHARMACOLOGY & PHARMACY 药学,2 [64/350], INFECTIOUS DISEASES 传染病学,3 [32/134],,,,,,,,,二级
AMERICAN JOURNAL OF PHYSIOLOGY-LUNG CELLULAR AND MOLECULAR PHYSIOLOGY,2025,1040-0605/1522-1504,否,否,否,SCIE,3.5,,医学,3 [1126/5603],否, PHYSIOLOGY 生理学,2 [18/84], RESPIRATORY SYSTEM 呼吸系统,3 [22/101],,,,,,,,,二级
STRAHLENTHERAPIE UND ONKOLOGIE,2025,0179-7158/1439-099X,否,否,否,SCIE,2.5,,医学,3 [1127/5603],否, ONCOLOGY 肿瘤学,3 [97/318]," RADIOLOGY, NUCLEAR MEDICINE & MEDICAL IMAGING 核医学",3 [43/206],,,,,,,,,二级
Current Heart Failure Reports,2025,1546-9530/1546-9549,否,否,否,ESCI,3.4,,医学,3 [1128/5603],否, CARDIAC & CARDIOVASCULAR SYSTEMS 心脏和心血管系统,3 [57/223],,,,,,,,,,,二级
DENTAL TRAUMATOLOGY,2025,1600-4469/1600-9657,否,否,否,SCIE,3.1,,医学,3 [1129/5603],否," DENTISTRY, ORAL SURGERY & MEDICINE 牙科与口腔外科",3 [30/157],,,,,,,,,,,二级
BMC CANCER,2025,1471-2407/1471-2407,否,否,是,SCIE,3.4,,医学,3 [1130/5603],否, ONCOLOGY 肿瘤学,3 [98/318],,,,,,,,,,,二级
NICOTINE & TOBACCO RESEARCH,2025,1462-2203/1469-994X,否,否,否,SSCI;SCIE,3,,医学,3 [1131/5603],否," PUBLIC, ENVIRONMENTAL & OCCUPATIONAL HEALTH 公共卫生、环境卫生与职业卫生",2 [83/404], SUBSTANCE ABUSE 药物滥用,3 [14/56],,,,,,,,,二级
JOURNAL OF PROSTHETIC DENTISTRY,2025,0022-3913/1097-6841,否,否,否,SCIE,4.8,,医学,3 [1132/5603],否," DENTISTRY, ORAL SURGERY & MEDICINE 牙科与口腔外科",3 [31/157],,,,,,,,,,,二级
Advances in Simulation,2025,2059-0628/2059-0628,否,否,是,ESCI,4.7,,医学,3 [1133/5603],否, HEALTH CARE SCIENCES & SERVICES 卫生保健与服务,3 [38/173],,,,,,,,,,,二级
BURNS,2025,0305-4179/1879-1409,否,否,否,SCIE,2.9,,医学,3 [1134/5603],否, DERMATOLOGY 皮肤病学,2 [13/94], CRITICAL CARE MEDICINE 危重病医学,3 [16/56], SURGERY 外科,3 [58/292],,,,,,,二级
JOURNAL OF PSYCHOSOMATIC RESEARCH,2025,0022-3999/1879-1360,否,否,否,SSCI;SCIE,3.3,,医学,3 [1135/5603],否, PSYCHIATRY 精神病学,3 [74/277],,,,,,,,,,,二级
CELL BIOLOGY AND TOXICOLOGY,2025,0742-2091/1573-6822,否,否,否,SCIE,5.9,,医学,3 [1136/5603],否, TOXICOLOGY 毒理学,1 [11/106], CELL BIOLOGY 细胞生物学,3 [71/203],,,,,,,,,二级
BMC Complementary Medicine and Therapies,2025,2662-7671/2662-7671,否,否,是,SCIE,3.4,,医学,3 [1137/5603],否, INTEGRATIVE & COMPLEMENTARY MEDICINE 全科医学与补充医学,2 [7/43],,,,,,,,,,,二级
JOURNAL OF CATARACT AND REFRACTIVE SURGERY,2025,0886-3350/1873-4502,否,否,否,SCIE,3.2,,医学,3 [1138/5603],否, OPHTHALMOLOGY 眼科学,2 [18/95], SURGERY 外科,3 [59/292],,,,,,,,,二级
American Journal of Medicine,2025,0002-9343/1555-7162,否,否,否,SCIE,5.3,,医学,3 [1139/5603],否," MEDICINE, GENERAL & INTERNAL 医学：内科",2 [39/327],,,,,,,,,,,二级
Kardiologia Polska,2025,0022-9032/1897-4279,否,否,否,SCIE,3.8,,医学,3 [1140/5603],否, CARDIAC & CARDIOVASCULAR SYSTEMS 心脏和心血管系统,3 [58/223],,,,,,,,,,,二级
Prehospital Emergency Care,2025,1090-3127/1545-0066,否,否,否,SCIE,2,,医学,3 [1141/5603],否, EMERGENCY MEDICINE 急救医学,2 [7/54]," PUBLIC, ENVIRONMENTAL & OCCUPATIONAL HEALTH 公共卫生、环境卫生与职业卫生",2 [84/404],,,,,,,,,二级
INTERNATIONAL JOURNAL OF HYPERTHERMIA,2025,0265-6736/1464-5157,否,否,是,SCIE,3,,医学,3 [1142/5603],否, ONCOLOGY 肿瘤学,3 [99/318]," RADIOLOGY, NUCLEAR MEDICINE & MEDICAL IMAGING 核医学",3 [44/206],,,,,,,,,二级
JOURNAL OF INVESTIGATIONAL ALLERGOLOGY AND CLINICAL IMMUNOLOGY,2025,1018-9068/1698-0808,否,否,否,SCIE,4.8,,医学,3 [1143/5603],否, ALLERGY 过敏,3 [14/39], IMMUNOLOGY 免疫学,3 [60/179],,,,,,,,,二级
Influenza and Other Respiratory Viruses,2025,1750-2640/1750-2659,否,否,是,SCIE,4.2,,医学,3 [1144/5603],否, VIROLOGY 病毒学,2 [11/41], INFECTIOUS DISEASES 传染病学,3 [34/134],,,,,,,,,二级
Cambridge Prisms-Global Mental Health,2025,2054-4251/2054-4251,否,否,是,SCIE,2.8,,医学,3 [1145/5603],否, PSYCHIATRY 精神病学,3 [75/277],,,,,,,,,,,二级
DENTOMAXILLOFACIAL RADIOLOGY,2025,0250-832X/1476-542X,否,否,否,SCIE,4.1,,医学,3 [1146/5603],否," DENTISTRY, ORAL SURGERY & MEDICINE 牙科与口腔外科",3 [32/157]," RADIOLOGY, NUCLEAR MEDICINE & MEDICAL IMAGING 核医学",3 [45/206],,,,,,,,,二级
Investigative and Clinical Urology,2025,2466-0493/2466-054X,否,否,是,SCIE,2.1,,医学,3 [1147/5603],否, UROLOGY & NEPHROLOGY 泌尿学与肾脏学,3 [29/126],,,,,,,,,,,二级
TOXICOLOGY,2025,0300-483X/1879-3185,否,否,否,SCIE,4.6,,医学,3 [1148/5603],否, PHARMACOLOGY & PHARMACY 药学,2 [65/350], TOXICOLOGY 毒理学,2 [14/106],,,,,,,,,二级
Seminars in Fetal & Neonatal Medicine,2025,1744-165X/1878-0946,是,否,否,SCIE,2.8,,医学,3 [1149/5603],否, PEDIATRICS 儿科,2 [23/185],,,,,,,,,,,二级
ACS Biomaterials Science & Engineering,2025,2373-9878/2373-9878,否,否,否,SCIE,5.5,,医学,3 [1150/5603],否," MATERIALS SCIENCE, BIOMATERIALS 材料科学：生物材料",3 [16/52],,,,,,,,,,,二级
BJS Open,2025,2474-9842/2474-9842,否,否,是,SCIE,4.5,,医学,3 [1151/5603],否, SURGERY 外科,3 [60/292],,,,,,,,,,,二级
NEUROENDOCRINOLOGY,2025,0028-3835/1423-0194,否,否,否,SCIE,2.8,,医学,3 [1152/5603],否, ENDOCRINOLOGY & METABOLISM 内分泌学与代谢,3 [55/184], NEUROSCIENCES 神经科学,3 [98/309],,,,,,,,,二级
Clinical Epidemiology,2025,1179-1349/1179-1349,否,否,是,SCIE,3.2,,医学,3 [1153/5603],否," PUBLIC, ENVIRONMENTAL & OCCUPATIONAL HEALTH 公共卫生、环境卫生与职业卫生",2 [85/404],,,,,,,,,,,二级
DIABETES-METABOLISM RESEARCH AND REVIEWS,2025,1520-7552/1520-7560,否,否,否,SCIE,6,,医学,3 [1154/5603],否, ENDOCRINOLOGY & METABOLISM 内分泌学与代谢,3 [56/184],,,,,,,,,,,二级
JOURNAL OF PARENTERAL AND ENTERAL NUTRITION,2025,0148-6071/1941-2444,否,否,否,SCIE,4.1,,医学,3 [1155/5603],否, NUTRITION & DIETETICS 营养学,3 [35/113],,,,,,,,,,,二级
Journal of Exposure Science and Environmental Epidemiology,2025,1559-0631/1559-064X,否,否,否,SCIE,4.7,,医学,3 [1156/5603],否, TOXICOLOGY 毒理学,2 [15/106], ENVIRONMENTAL SCIENCES 环境科学,3 [95/357]," PUBLIC, ENVIRONMENTAL & OCCUPATIONAL HEALTH 公共卫生、环境卫生与职业卫生",3 [87/404],,,,,,,二级
Expert Review of Neurotherapeutics,2025,1473-7175/1744-8360,是,否,否,SCIE,3.4,,医学,3 [1157/5603],否, PHARMACOLOGY & PHARMACY 药学,2 [66/350], CLINICAL NEUROLOGY 临床神经病学,3 [74/278],,,,,,,,,二级
ESC Heart Failure,2025,2055-5822/2055-5822,否,是,是,SCIE,3.7,,医学,3 [1158/5603],否, CARDIAC & CARDIOVASCULAR SYSTEMS 心脏和心血管系统,3 [59/223],,,,,,,,,,,二级
Environmental Health and Preventive Medicine,2025,1342-078X/1347-4715,否,否,是,SSCI;SCIE,2.5,,医学,3 [1159/5603],否," PUBLIC, ENVIRONMENTAL & OCCUPATIONAL HEALTH 公共卫生、环境卫生与职业卫生",3 [88/404],,,,,,,,,,,二级
BMJ Open Respiratory Research,2025,2052-4439/2052-4439,否,否,是,SCIE,3.4,,医学,3 [1160/5603],否, RESPIRATORY SYSTEM 呼吸系统,3 [23/101],,,,,,,,,,,二级
EUROPEAN JOURNAL OF CLINICAL INVESTIGATION,2025,0014-2972/1365-2362,否,否,否,SCIE,3.6,,医学,3 [1161/5603],否," MEDICINE, GENERAL & INTERNAL 医学：内科",2 [40/327]," MEDICINE, RESEARCH & EXPERIMENTAL 医学：研究与实验",3 [53/188],,,,,,,,,二级
Annals of Pediatric Endocrinology & Metabolism,2025,2287-1012/2287-1292,否,否,是,ESCI,3.3,,医学,3 [1162/5603],否, PEDIATRICS 儿科,2 [24/185], ENDOCRINOLOGY & METABOLISM 内分泌学与代谢,3 [57/184],,,,,,,,,二级
EUROPEAN JOURNAL OF PHARMACEUTICAL SCIENCES,2025,0928-0987/1879-0720,否,否,否,SCIE,4.7,,医学,3 [1163/5603],否, PHARMACOLOGY & PHARMACY 药学,2 [67/350],,,,,,,,,,,二级
Prostate International,2025,2287-8882/2287-903X,否,是,是,SCIE,2.6,,医学,3 [1164/5603],否, UROLOGY & NEPHROLOGY 泌尿学与肾脏学,3 [30/126],,,,,,,,,,,二级
EUROPEAN JOURNAL OF PEDIATRICS,2025,0340-6199/1432-1076,否,否,否,SCIE,2.6,,医学,3 [1165/5603],否, PEDIATRICS 儿科,2 [25/185],,,,,,,,,,,二级
JMIR Public Health and Surveillance,2025,2369-2960/2369-2960,否,否,是,SSCI;SCIE,3.9,,医学,3 [1166/5603],否," PUBLIC, ENVIRONMENTAL & OCCUPATIONAL HEALTH 公共卫生、环境卫生与职业卫生",3 [89/404],,,,,,,,,,,二级
Aging and Disease,2025,2152-5250/2152-5250,否,否,是,SCIE,6.9,,医学,3 [1167/5603],否, GERIATRICS & GERONTOLOGY 老年医学,3 [24/72],,,,,,,,,,,二级
JOURNAL OF COGNITIVE NEUROSCIENCE,2025,0898-929X/1530-8898,否,否,否,SSCI;SCIE,3,,医学,3 [1168/5603],否, NEUROSCIENCES 神经科学,3 [99/309]," PSYCHOLOGY, EXPERIMENTAL 心理学：实验",3 [36/99],,,,,,,,,二级
CANCER CYTOPATHOLOGY,2025,1934-662X/1934-6638,否,否,否,SCIE,3.2,,医学,3 [1169/5603],否, PATHOLOGY 病理学,2 [19/88], ONCOLOGY 肿瘤学,3 [100/318],,,,,,,,,二级
CLINICAL GENETICS,2025,0009-9163/1399-0004,否,否,否,SCIE,2.3,,医学,3 [1170/5603],否, GENETICS & HEREDITY 遗传学,3 [52/190],,,,,,,,,,,二级
JOURNAL OF RHEUMATOLOGY,2025,0315-162X/1499-2752,否,否,否,SCIE,3.4,,医学,3 [1171/5603],否, RHEUMATOLOGY 风湿病学,3 [15/55],,,,,,,,,,,二级
Andrology,2025,2047-2919/2047-2927,否,否,否,SCIE,3.4,,医学,3 [1172/5603],否, ANDROLOGY 男科学,1 [1/8],,,,,,,,,,,二级
JOURNAL OF GASTROENTEROLOGY AND HEPATOLOGY,2025,0815-9319/1440-1746,否,否,否,SCIE,3.4,,医学,3 [1173/5603],否, GASTROENTEROLOGY & HEPATOLOGY 胃肠肝病学,3 [37/143],,,,,,,,,,,二级
BMC Womens Health,2025,1472-6874/1472-6874,否,否,是,SSCI;SCIE,2.7,,医学,3 [1174/5603],否, OBSTETRICS & GYNECOLOGY 妇产科学,3 [29/135]," PUBLIC, ENVIRONMENTAL & OCCUPATIONAL HEALTH 公共卫生、环境卫生与职业卫生",3 [90/404],,,,,,,,,二级
JOURNAL OF CRITICAL CARE,2025,0883-9441/1557-8615,否,否,否,SCIE,2.9,,医学,3 [1175/5603],否, CRITICAL CARE MEDICINE 危重病医学,3 [17/56],,,,,,,,,,,二级
Journal of Hepato-Biliary-Pancreatic Sciences,2025,1868-6974/1868-6982,否,否,否,SCIE,2.8,,医学,3 [1176/5603],否, GASTROENTEROLOGY & HEPATOLOGY 胃肠肝病学,3 [38/143], SURGERY 外科,3 [61/292],,,,,,,,,二级
Neurological Research and Practice,2025,2524-3489/2524-3489,否,否,是,ESCI,3.2,,医学,3 [1177/5603],否, CLINICAL NEUROLOGY 临床神经病学,3 [75/278],,,,,,,,,,,二级
International Journal of Chronic Obstructive Pulmonary Disease,2025,1178-2005/1178-2005,否,否,是,SCIE,3.1,,医学,3 [1178/5603],否, RESPIRATORY SYSTEM 呼吸系统,3 [24/101],,,,,,,,,,,二级
Progress in Biomedical Engineering,2025,2516-1091/2516-1091,是,否,否,ESCI,7.7,,医学,3 [1179/5603],否," ENGINEERING, BIOMEDICAL 工程：生物医学",3 [36/120],,,,,,,,,,,二级
PHARMACEUTICAL BIOLOGY,2025,1388-0209/1744-5116,否,否,是,SCIE,4.8,,医学,3 [1180/5603],否, MEDICAL LABORATORY TECHNOLOGY 医学实验技术,2 [8/31], PHARMACOLOGY & PHARMACY 药学,2 [69/350], PLANT SCIENCES 植物科学,2 [49/265],,,,,,,二级
MEDICAL JOURNAL OF AUSTRALIA,2025,0025-729X/1326-5377,否,否,否,SCIE,8.5,,医学,3 [1181/5603],否," MEDICINE, GENERAL & INTERNAL 医学：内科",2 [41/327],,,,,,,,,,,二级
INTERNATIONAL JOURNAL OF IMPOTENCE RESEARCH,2025,0955-9930/1476-5489,否,否,否,SCIE,2.5,,医学,3 [1182/5603],否, UROLOGY & NEPHROLOGY 泌尿学与肾脏学,3 [31/126],,,,,,,,,,,二级
Neonatology,2025,1661-7800/1661-7819,否,否,否,SCIE,3,,医学,3 [1183/5603],否, PEDIATRICS 儿科,2 [26/185],,,,,,,,,,,二级
Neurology and Therapy,2025,2193-8253/2193-6536,否,否,是,SCIE,4.8,,医学,3 [1184/5603],否, CLINICAL NEUROLOGY 临床神经病学,3 [76/278],,,,,,,,,,,二级
CLINICAL NEUROPHYSIOLOGY,2025,1388-2457/1872-8952,否,否,否,SCIE,3.6,,医学,3 [1185/5603],否, CLINICAL NEUROLOGY 临床神经病学,3 [77/278], NEUROSCIENCES 神经科学,3 [100/309],,,,,,,,,二级
DIABETES RESEARCH AND CLINICAL PRACTICE,2025,0168-8227/1872-8227,否,否,否,SCIE,7.4,,医学,3 [1186/5603],否, ENDOCRINOLOGY & METABOLISM 内分泌学与代谢,3 [58/184],,,,,,,,,,,二级
Clinical & Translational Immunology,2025,2050-0068/2050-0068,否,是,是,SCIE,3.8,,医学,3 [1187/5603],否, IMMUNOLOGY 免疫学,3 [61/179],,,,,,,,,,,二级
Dementia-International Journal of Social Research and Practice,2025,1471-3012/1741-2684,否,否,否,SSCI,2.2,,医学,3 [1188/5603],否, GERONTOLOGY 老年医学（社科）,3 [12/48],,,,,,,,,,,二级
Avicenna,2025,2220-2749/2220-2749,否,否,否,ESCI,1.2,,医学,3 [1189/5603],否, HEALTH POLICY & SERVICES 卫生政策与服务,2 [23/118],,,,,,,,,,,二级
Journal of Dental Sciences,2025,1991-7902/2213-8862,否,否,是,SCIE,3.1,,医学,3 [1190/5603],否," DENTISTRY, ORAL SURGERY & MEDICINE 牙科与口腔外科",3 [33/157],,,,,,,,,,,二级
BJPsych Open,2025,2056-4724/2056-4724,否,否,是,SSCI;SCIE,3.5,,医学,3 [1191/5603],否, PSYCHIATRY 精神病学,3 [76/277],,,,,,,,,,,二级
JOURNAL OF ASSISTED REPRODUCTION AND GENETICS,2025,1058-0468/1573-7330,否,否,否,SCIE,2.7,,医学,3 [1192/5603],否, REPRODUCTIVE BIOLOGY 生殖生物学,2 [9/39], GENETICS & HEREDITY 遗传学,3 [54/190], OBSTETRICS & GYNECOLOGY 妇产科学,3 [30/135],,,,,,,二级
RESPIRATORY MEDICINE,2025,0954-6111/1532-3064,否,否,否,SCIE,3.1,,医学,3 [1193/5603],否, CARDIAC & CARDIOVASCULAR SYSTEMS 心脏和心血管系统,3 [60/223], RESPIRATORY SYSTEM 呼吸系统,3 [25/101],,,,,,,,,二级
Translational Lung Cancer Research,2025,2218-6751/2226-4477,否,是,是,SCIE,3.5,,医学,3 [1194/5603],否, ONCOLOGY 肿瘤学,3 [101/318], RESPIRATORY SYSTEM 呼吸系统,3 [26/101],,,,,,,,,二级
CLINICAL ENDOCRINOLOGY,2025,0300-0664/1365-2265,否,否,否,SCIE,2.4,,医学,3 [1195/5603],否, ENDOCRINOLOGY & METABOLISM 内分泌学与代谢,3 [59/184],,,,,,,,,,,二级
MOLECULAR NUTRITION & FOOD RESEARCH,2025,1613-4125/1613-4133,否,否,否,SCIE,4.2,,医学,3 [1196/5603],否, FOOD SCIENCE & TECHNOLOGY 食品科技,2 [42/173],,,,,,,,,,,二级
Journal of Asthma and Allergy,2025,1178-6965/1178-6965,否,否,是,SCIE,3,,医学,3 [1197/5603],否, ALLERGY 过敏,3 [15/39], IMMUNOLOGY 免疫学,3 [62/179], RESPIRATORY SYSTEM 呼吸系统,3 [27/101],,,,,,,二级
Neuro-Oncology Advances,2025,2632-2498/2632-2498,否,否,是,ESCI,4.1,,医学,3 [1198/5603],否, CLINICAL NEUROLOGY 临床神经病学,3 [78/278], ONCOLOGY 肿瘤学,3 [102/318],,,,,,,,,二级
JMIR Cancer,2025,2369-1999/2369-1999,否,否,是,ESCI,2.7,,医学,3 [1199/5603],否, ONCOLOGY 肿瘤学,3 [103/318],,,,,,,,,,,二级
Journal of Evidence-Based Dental Practice,2025,1532-3382/1532-3390,否,否,否,SCIE,4,,医学,3 [1200/5603],否," DENTISTRY, ORAL SURGERY & MEDICINE 牙科与口腔外科",3 [34/157],,,,,,,,,,,二级
Disease Models & Mechanisms,2025,1754-8403/1754-8411,否,否,是,SCIE,3.3,,医学,3 [1201/5603],否, PATHOLOGY 病理学,2 [20/88], CELL BIOLOGY 细胞生物学,3 [74/203],,,,,,,,,二级
Annals of General Psychiatry,2025,1744-859X/1744-859X,否,否,是,SSCI;SCIE,3.1,,医学,3 [1202/5603],否, PSYCHIATRY 精神病学,3 [77/277],,,,,,,,,,,二级
EJNMMI Research,2025,2191-219X/2191-219X,否,否,是,SCIE,3,,医学,3 [1203/5603],否," RADIOLOGY, NUCLEAR MEDICINE & MEDICAL IMAGING 核医学",3 [46/206],,,,,,,,,,,二级
DRUG METABOLISM REVIEWS,2025,0360-2532/1097-9883,是,否,否,SCIE,3.8,,医学,3 [1204/5603],否, PHARMACOLOGY & PHARMACY 药学,2 [70/350],,,,,,,,,,,二级
EUROPEAN JOURNAL OF APPLIED PHYSIOLOGY,2025,1439-6319/1439-6327,否,否,否,SCIE,2.7,,医学,3 [1205/5603],否, PHYSIOLOGY 生理学,2 [19/84], SPORT SCIENCES 运动科学,3 [28/126],,,,,,,,,二级
Journal of Cardiopulmonary Rehabilitation and Prevention,2025,1932-7501/1932-751X,否,否,否,SCIE,3.1,,医学,3 [1206/5603],否, CARDIAC & CARDIOVASCULAR SYSTEMS 心脏和心血管系统,3 [61/223],,,,,,,,,,,二级
BMC Anesthesiology,2025,1471-2253/1471-2253,否,否,是,SCIE,2.6,,医学,3 [1207/5603],否, ANESTHESIOLOGY 麻醉学,3 [13/64],,,,,,,,,,,二级
Journal of Clinical Sleep Medicine,2025,1550-9389/1550-9397,否,否,否,SCIE,2.9,,医学,3 [1208/5603],否, CLINICAL NEUROLOGY 临床神经病学,3 [79/278],,,,,,,,,,,二级
CURRENT OPINION IN LIPIDOLOGY,2025,0957-9672/1473-6535,是,否,否,SCIE,4.6,,医学,3 [1209/5603],否, BIOCHEMISTRY & MOLECULAR BIOLOGY 生化与分子生物学,3 [85/310], ENDOCRINOLOGY & METABOLISM 内分泌学与代谢,3 [60/184], PERIPHERAL VASCULAR DISEASE 外周血管病,3 [22/96],,,,,,,二级
PSYCHIATRY RESEARCH,2025,0165-1781/1872-7123,否,否,否,SSCI;SCIE,3.9,,医学,3 [1210/5603],否, PSYCHIATRY 精神病学,3 [78/277],,,,,,,,,,,二级
JOURNAL OF SLEEP RESEARCH,2025,0962-1105/1365-2869,否,否,否,SCIE,3.9,,医学,3 [1211/5603],否, CLINICAL NEUROLOGY 临床神经病学,3 [80/278], NEUROSCIENCES 神经科学,3 [101/309],,,,,,,,,二级
INTERNATIONAL JOURNAL OF ORAL AND MAXILLOFACIAL SURGERY,2025,0901-5027/1399-0020,否,否,否,SCIE,2.7,,医学,3 [1212/5603],否," DENTISTRY, ORAL SURGERY & MEDICINE 牙科与口腔外科",3 [35/157], SURGERY 外科,3 [62/292],,,,,,,,,二级
Clinical Colorectal Cancer,2025,1533-0028/1938-0674,否,否,否,SCIE,3.2,,医学,3 [1213/5603],否, ONCOLOGY 肿瘤学,3 [104/318],,,,,,,,,,,二级
Expert Review of Clinical Immunology,2025,1744-666X/1744-8409,是,否,否,SCIE,3.7,,医学,3 [1214/5603],否, IMMUNOLOGY 免疫学,3 [63/179],,,,,,,,,,,二级
CANCER IMMUNOLOGY IMMUNOTHERAPY,2025,0340-7004/1432-0851,否,是,是,SCIE,5.1,,医学,3 [1215/5603],否, IMMUNOLOGY 免疫学,3 [64/179], ONCOLOGY 肿瘤学,3 [105/318],,,,,,,,,二级
HUMAN PATHOLOGY,2025,0046-8177/1532-8392,否,否,否,SCIE,2.6,,医学,3 [1216/5603],否, PATHOLOGY 病理学,2 [21/88],,,,,,,,,,,二级
PHYSICS IN MEDICINE AND BIOLOGY,2025,0031-9155/1361-6560,否,否,否,SCIE,3.4,,医学,3 [1217/5603],否," ENGINEERING, BIOMEDICAL 工程：生物医学",3 [37/120]," RADIOLOGY, NUCLEAR MEDICINE & MEDICAL IMAGING 核医学",3 [47/206],,,,,,,,,二级
Journal of Hospital Infection,2025,0195-6701/1532-2939,否,否,否,SCIE,3.1,,医学,3 [1218/5603],否, INFECTIOUS DISEASES 传染病学,3 [35/134]," PUBLIC, ENVIRONMENTAL & OCCUPATIONAL HEALTH 公共卫生、环境卫生与职业卫生",3 [91/404],,,,,,,,,二级
STEM CELLS,2025,1066-5099/1549-4918,否,否,否,SCIE,3.6,,医学,3 [1219/5603],否, BIOTECHNOLOGY & APPLIED MICROBIOLOGY 生物工程与应用微生物,2 [34/174], CELL & TISSUE ENGINEERING 细胞与组织工程,3 [11/31], CELL BIOLOGY 细胞生物学,3 [75/203], HEMATOLOGY 血液学,3 [27/96], ONCOLOGY 肿瘤学,3 [106/318],,,二级
AMERICAN JOURNAL OF SPEECH-LANGUAGE PATHOLOGY,2025,1058-0360/1558-9110,否,否,否,SSCI;SCIE,2.5,,医学,3 [1220/5603],否, REHABILITATION 康复医学,2 [22/169], AUDIOLOGY & SPEECH-LANGUAGE PATHOLOGY 听力学与言语病理学,3 [8/35], LINGUISTICS 语言学,3 [97/294],,,,,,,二级
INFLAMMATION RESEARCH,2025,1023-3830/1420-908X,否,否,否,SCIE,5.4,,医学,3 [1221/5603],否, CELL BIOLOGY 细胞生物学,3 [76/203], IMMUNOLOGY 免疫学,3 [65/179],,,,,,,,,二级
JOURNAL OF NUTRITION,2025,0022-3166/1541-6100,否,否,否,SCIE,3.8,,医学,3 [1222/5603],否, NUTRITION & DIETETICS 营养学,3 [36/113],,,,,,,,,,,二级
ALCOHOL-CLINICAL AND EXPERIMENTAL RESEARCH,2025,2993-7175/2993-7175,否,否,否,SCIE,2.7,,医学,3 [1223/5603],否, SUBSTANCE ABUSE 药物滥用,3 [15/56],,,,,,,,,,,二级
ADDICTION BIOLOGY,2025,1355-6215/1369-1600,否,否,否,SCIE,2.6,,医学,3 [1224/5603],否, BIOCHEMISTRY & MOLECULAR BIOLOGY 生化与分子生物学,2 [79/310], SUBSTANCE ABUSE 药物滥用,3 [16/56],,,,,,,,,二级
JOURNAL OF NEURORADIOLOGY,2025,0150-9861/1773-0406,否,否,否,SCIE,3.3,,医学,3 [1225/5603],否, CLINICAL NEUROLOGY 临床神经病学,3 [81/278], NEUROIMAGING 神经成像,3 [6/16]," RADIOLOGY, NUCLEAR MEDICINE & MEDICAL IMAGING 核医学",3 [48/206],,,,,,,二级
SUPPORTIVE CARE IN CANCER,2025,0941-4355/1433-7339,否,否,否,SCIE,3,,医学,3 [1226/5603],否, REHABILITATION 康复医学,2 [23/169], HEALTH CARE SCIENCES & SERVICES 卫生保健与服务,3 [39/173], ONCOLOGY 肿瘤学,3 [107/318],,,,,,,二级
CARDIOVASCULAR AND INTERVENTIONAL RADIOLOGY,2025,0174-1551/1432-086X,否,否,否,SCIE,2.9,,医学,3 [1227/5603],否, CARDIAC & CARDIOVASCULAR SYSTEMS 心脏和心血管系统,3 [62/223]," RADIOLOGY, NUCLEAR MEDICINE & MEDICAL IMAGING 核医学",3 [49/206],,,,,,,,,二级
AMERICAN JOURNAL OF SURGERY,2025,0002-9610/1879-1883,否,否,否,SCIE,2.7,,医学,3 [1228/5603],否, SURGERY 外科,3 [63/292],,,,,,,,,,,二级
INFLAMMATORY BOWEL DISEASES,2025,1078-0998/1536-4844,否,否,否,SCIE,4.3,,医学,3 [1229/5603],否, GASTROENTEROLOGY & HEPATOLOGY 胃肠肝病学,3 [39/143],,,,,,,,,,,二级
HEAD AND NECK-JOURNAL FOR THE SCIENCES AND SPECIALTIES OF THE HEAD AND NECK,2025,1043-3074/1097-0347,否,否,否,SCIE,2.2,,医学,3 [1230/5603],否, OTORHINOLARYNGOLOGY 耳鼻喉科学,2 [10/66], SURGERY 外科,3 [64/292],,,,,,,,,二级
European Journal of Oncology Nursing,2025,1462-3889/1532-2122,否,否,否,SSCI;SCIE,2.7,,医学,3 [1231/5603],否, NURSING 护理,2 [18/191], ONCOLOGY 肿瘤学,3 [108/318],,,,,,,,,二级
CEREBRAL CORTEX,2025,1047-3211/1460-2199,否,否,否,SCIE,2.9,,医学,3 [1232/5603],否, NEUROSCIENCES 神经科学,3 [102/309],,,,,,,,,,,二级
OTOLARYNGOLOGY-HEAD AND NECK SURGERY,2025,0194-5998/1097-6817,否,否,否,SCIE,2.5,,医学,3 [1233/5603],否, OTORHINOLARYNGOLOGY 耳鼻喉科学,2 [11/66], SURGERY 外科,3 [65/292],,,,,,,,,二级
ACS Chemical Neuroscience,2025,1948-7193/1948-7193,否,否,否,SCIE,3.9,,医学,3 [1234/5603],否, BIOCHEMISTRY & MOLECULAR BIOLOGY 生化与分子生物学,2 [80/310]," CHEMISTRY, MEDICINAL 药物化学",3 [21/72], NEUROSCIENCES 神经科学,3 [103/309],,,,,,,二级
JCO Global Oncology,2025,2687-8941/2687-8941,否,否,是,ESCI,3,,医学,3 [1235/5603],否, ONCOLOGY 肿瘤学,3 [109/318],,,,,,,,,,,二级
RENAL FAILURE,2025,0886-022X/1525-6049,否,否,是,SCIE,3,,医学,3 [1236/5603],否, UROLOGY & NEPHROLOGY 泌尿学与肾脏学,3 [32/126],,,,,,,,,,,二级
Cancer Cell International,2025,1475-2867/1475-2867,否,否,是,SCIE,6,,医学,3 [1237/5603],否, ONCOLOGY 肿瘤学,3 [110/318],,,,,,,,,,,二级
BMC INFECTIOUS DISEASES,2025,1471-2334/1471-2334,否,否,是,SCIE,3,,医学,3 [1238/5603],否, INFECTIOUS DISEASES 传染病学,3 [36/134],,,,,,,,,,,二级
Journal of Global Antimicrobial Resistance,2025,2213-7165/2213-7173,否,否,是,SCIE,3.2,,医学,3 [1239/5603],否, PHARMACOLOGY & PHARMACY 药学,2 [71/350], INFECTIOUS DISEASES 传染病学,3 [37/134],,,,,,,,,二级
HYPERTENSION RESEARCH,2025,0916-9636/1348-4214,否,否,否,SCIE,4.6,,医学,3 [1240/5603],否, PERIPHERAL VASCULAR DISEASE 外周血管病,3 [23/96],,,,,,,,,,,二级
ARCHIVOS DE BRONCONEUMOLOGIA,2025,0300-2896/1579-2129,否,否,否,SCIE,9.2,,医学,3 [1241/5603],否, RESPIRATORY SYSTEM 呼吸系统,3 [28/101],,,,,,,,,,,二级
JOURNAL OF PSYCHOPHARMACOLOGY,2025,0269-8811/1461-7285,否,否,否,SCIE,5.5,,医学,3 [1242/5603],否, PHARMACOLOGY & PHARMACY 药学,2 [72/350], CLINICAL NEUROLOGY 临床神经病学,3 [82/278], NEUROSCIENCES 神经科学,3 [104/309], PSYCHIATRY 精神病学,3 [79/277],,,,,二级
JOURNAL OF CELLULAR AND MOLECULAR MEDICINE,2025,1582-1838/1582-4934,否,否,是,SCIE,4.2,,医学,3 [1243/5603],否, CELL BIOLOGY 细胞生物学,3 [77/203]," MEDICINE, RESEARCH & EXPERIMENTAL 医学：研究与实验",3 [54/188],,,,,,,,,二级
Journal of Health Services Research & Policy,2025,1355-8196/1758-1060,否,否,否,SSCI,2.7,,医学,3 [1244/5603],否, HEALTH POLICY & SERVICES 卫生政策与服务,2 [24/118],,,,,,,,,,,二级
JOURNAL OF INTENSIVE CARE MEDICINE,2025,0885-0666/1525-1489,否,否,否,SCIE,2.1,,医学,3 [1245/5603],否, CRITICAL CARE MEDICINE 危重病医学,3 [18/56],,,,,,,,,,,二级
Journal of Pediatric Urology,2025,1477-5131/1873-4898,否,否,否,SCIE,1.9,,医学,3 [1246/5603],否, PEDIATRICS 儿科,2 [27/185], UROLOGY & NEPHROLOGY 泌尿学与肾脏学,3 [33/126],,,,,,,,,二级
Journal of Sports Science and Medicine,2025,1303-2968/1303-2968,否,否,是,SCIE,2.4,,医学,3 [1247/5603],否, SPORT SCIENCES 运动科学,3 [29/126],,,,,,,,,,,二级
Expert Opinion on Drug Metabolism & Toxicology,2025,1742-5255/1744-7607,是,否,否,SCIE,3.4,,医学,3 [1248/5603],否, TOXICOLOGY 毒理学,2 [16/106], BIOCHEMISTRY & MOLECULAR BIOLOGY 生化与分子生物学,3 [86/310], PHARMACOLOGY & PHARMACY 药学,3 [81/350],,,,,,,二级
JOURNAL OF SPORTS SCIENCES,2025,0264-0414/1466-447X,否,否,否,SCIE,2.5,,医学,3 [1249/5603],否, SPORT SCIENCES 运动科学,3 [30/126],,,,,,,,,,,二级
JOURNAL OF FLUENCY DISORDERS,2025,0094-730X/1873-801X,否,否,否,SSCI;SCIE,1.4,,医学,3 [1250/5603],否," EDUCATION, SPECIAL 特殊教育学",2 [12/62], REHABILITATION 康复医学,2 [24/169], AUDIOLOGY & SPEECH-LANGUAGE PATHOLOGY 听力学与言语病理学,3 [9/35], LINGUISTICS 语言学,3 [99/294],,,,,二级
INTERNATIONAL JOURNAL OF GERIATRIC PSYCHIATRY,2025,0885-6230/1099-1166,否,否,否,SSCI;SCIE,2.8,,医学,3 [1251/5603],否, GERIATRICS & GERONTOLOGY 老年医学,3 [25/72], GERONTOLOGY 老年医学（社科）,3 [13/48], PSYCHIATRY 精神病学,3 [80/277],,,,,,,二级
Presse Medicale,2025,0755-4982/2213-0276,是,否,否,SCIE,3.4,,医学,3 [1252/5603],否," MEDICINE, GENERAL & INTERNAL 医学：内科",2 [42/327],,,,,,,,,,,二级
Kidney Medicine,2025,2590-0595/2590-0595,否,否,是,ESCI,3.4,,医学,3 [1253/5603],否, UROLOGY & NEPHROLOGY 泌尿学与肾脏学,3 [34/126],,,,,,,,,,,二级
JOURNAL OF HEALTH COMMUNICATION,2025,1081-0730/1087-0415,否,否,否,SSCI,2.4,,医学,3 [1254/5603],否, INFORMATION SCIENCE & LIBRARY SCIENCE 图书情报与档案管理,3 [42/160], COMMUNICATION 传播学,4 [62/223],,,,,,,,,二级
JOURNAL OF THE AMERICAN ACADEMY OF ORTHOPAEDIC SURGEONS,2025,1067-151X/1940-5480,否,否,否,SCIE,2.8,,医学,3 [1255/5603],否, ORTHOPEDICS 骨科,3 [27/136], SURGERY 外科,3 [66/292],,,,,,,,,二级
Clinical and Translational Radiation Oncology,2025,2405-6308/2405-6308,否,否,是,SCIE,2.7,,医学,3 [1256/5603],否, ONCOLOGY 肿瘤学,3 [111/318]," RADIOLOGY, NUCLEAR MEDICINE & MEDICAL IMAGING 核医学",3 [50/206],,,,,,,,,二级
PEDIATRIC DRUGS,2025,1174-5878/1179-2019,否,否,否,SCIE,3.3,,医学,3 [1257/5603],否, PEDIATRICS 儿科,2 [28/185], PHARMACOLOGY & PHARMACY 药学,2 [73/350],,,,,,,,,二级
AUSTRALIAN AND NEW ZEALAND JOURNAL OF PSYCHIATRY,2025,0004-8674/1440-1614,否,否,否,SSCI;SCIE,3.7,,医学,3 [1258/5603],否, PSYCHIATRY 精神病学,3 [81/277],,,,,,,,,,,二级
Journal of Migration and Health,2025,2666-6235/2666-6235,否,否,是,ESCI,2.9,,医学,3 [1259/5603],否," PUBLIC, ENVIRONMENTAL & OCCUPATIONAL HEALTH 公共卫生、环境卫生与职业卫生",3 [93/404],,,,,,,,,,,二级
European Journal of Trauma and Emergency Surgery,2025,1863-9933/1863-9941,否,否,否,SCIE,2.2,,医学,3 [1260/5603],否, EMERGENCY MEDICINE 急救医学,2 [8/54],,,,,,,,,,,二级
Targeted Oncology,2025,1776-2596/1776-260X,否,否,否,SCIE,4,,医学,3 [1261/5603],否, ONCOLOGY 肿瘤学,3 [112/318],,,,,,,,,,,二级
Journal of Clinical and Translational Endocrinology,2025,2214-6237/2214-6237,否,否,是,ESCI,3.3,,医学,3 [1262/5603],否, ENDOCRINOLOGY & METABOLISM 内分泌学与代谢,3 [61/184],,,,,,,,,,,二级
Scandinavian Journal of Surgery,2025,1457-4969/1799-7267,否,否,否,SCIE,1.8,,医学,3 [1263/5603],否, SURGERY 外科,3 [67/292],,,,,,,,,,,二级
NUTRITION METABOLISM AND CARDIOVASCULAR DISEASES,2025,0939-4753/1590-3729,否,否,否,SCIE,3.7,,医学,3 [1264/5603],否, CARDIAC & CARDIOVASCULAR SYSTEMS 心脏和心血管系统,3 [63/223], ENDOCRINOLOGY & METABOLISM 内分泌学与代谢,3 [62/184], NUTRITION & DIETETICS 营养学,3 [38/113],,,,,,,二级
European Thyroid Journal,2025,2235-0640/2235-0802,否,否,是,SCIE,4.3,,医学,3 [1265/5603],否, ENDOCRINOLOGY & METABOLISM 内分泌学与代谢,3 [63/184],,,,,,,,,,,二级
MEDICAL PHYSICS,2025,0094-2405/2473-4209,否,否,否,SCIE,3.2,,医学,3 [1266/5603],否," RADIOLOGY, NUCLEAR MEDICINE & MEDICAL IMAGING 核医学",3 [51/206],,,,,,,,,,,二级
INJURY-INTERNATIONAL JOURNAL OF THE CARE OF THE INJURED,2025,0020-1383/1879-0267,否,否,否,SCIE,2,,医学,3 [1267/5603],否, EMERGENCY MEDICINE 急救医学,3 [9/54], ORTHOPEDICS 骨科,3 [28/136], SURGERY 外科,3 [68/292], CRITICAL CARE MEDICINE 危重病医学,4 [19/56],,,,,二级
Kidney360,2025,2641-7650/2641-7650,否,否,是,ESCI,3,,医学,3 [1268/5603],否, UROLOGY & NEPHROLOGY 泌尿学与肾脏学,3 [35/126],,,,,,,,,,,二级
LARYNGOSCOPE,2025,0023-852X/1531-4995,否,否,否,SCIE,2,,医学,3 [1269/5603],否," MEDICINE, RESEARCH & EXPERIMENTAL 医学：研究与实验",3 [55/188], OTORHINOLARYNGOLOGY 耳鼻喉科学,3 [12/66],,,,,,,,,二级
Clinical and Experimental Otorhinolaryngology,2025,1976-8710/2005-0720,否,否,是,SCIE,3.4,,医学,3 [1270/5603],否, OTORHINOLARYNGOLOGY 耳鼻喉科学,3 [13/66],,,,,,,,,,,二级
Epilepsy Currents,2025,1535-7597/1535-7511,是,是,是,SCIE,6.3,,医学,3 [1271/5603],否, CLINICAL NEUROLOGY 临床神经病学,3 [83/278],,,,,,,,,,,二级
World Journal of Mens Health,2025,2287-4208/2287-4690,否,否,是,SCIE,4.1,,医学,3 [1272/5603],否, ANDROLOGY 男科学,3 [3/8], UROLOGY & NEPHROLOGY 泌尿学与肾脏学,3 [36/126],,,,,,,,,二级
JNCI Cancer Spectrum,2025,2515-5091/2515-5091,否,否,是,ESCI,4.1,,医学,3 [1273/5603],否, ONCOLOGY 肿瘤学,3 [113/318],,,,,,,,,,,二级
Gut and Liver,2025,1976-2283/2005-1212,否,否,是,SCIE,3.2,,医学,3 [1274/5603],否, GASTROENTEROLOGY & HEPATOLOGY 胃肠肝病学,3 [40/143],,,,,,,,,,,二级
APL Bioengineering,2025,2473-2877/2473-2877,否,否,是,SCIE,4.1,,医学,3 [1275/5603],否," ENGINEERING, BIOMEDICAL 工程：生物医学",3 [38/120],,,,,,,,,,,二级
TRANSPLANT INTERNATIONAL,2025,0934-0874/1432-2277,否,否,是,SCIE,3,,医学,3 [1276/5603],否, SURGERY 外科,3 [69/292], TRANSPLANTATION 移植,3 [9/31],,,,,,,,,二级
Archives of Womens Mental Health,2025,1434-1816/1435-1102,否,否,否,SCIE,2.7,,医学,3 [1277/5603],否, PSYCHIATRY 精神病学,3 [82/277],,,,,,,,,,,二级
INTERNATIONAL JOURNAL OF OBSTETRIC ANESTHESIA,2025,0959-289X/1532-3374,否,否,否,SCIE,2.3,,医学,3 [1278/5603],否, ANESTHESIOLOGY 麻醉学,3 [14/64], OBSTETRICS & GYNECOLOGY 妇产科学,3 [31/135],,,,,,,,,二级
Ophthalmology Science,2025,2666-9145/2666-9145,否,否,否,ESCI,4.6,,医学,3 [1279/5603],否, OPHTHALMOLOGY 眼科学,2 [19/95],,,,,,,,,,,二级
Ophthalmology Glaucoma,2025,2589-4234/2589-4196,否,否,否,ESCI,3.2,,医学,3 [1280/5603],否, OPHTHALMOLOGY 眼科学,2 [20/95],,,,,,,,,,,二级
Frontiers in Aging Neuroscience,2025,1663-4365/1663-4365,否,否,是,SCIE,4.5,,医学,3 [1281/5603],否, GERIATRICS & GERONTOLOGY 老年医学,3 [26/72], NEUROSCIENCES 神经科学,3 [105/309],,,,,,,,,二级
Sports Health-A Multidisciplinary Approach,2025,1941-7381/1941-0921,否,否,否,SCIE,2.6,,医学,3 [1282/5603],否, SPORT SCIENCES 运动科学,3 [31/126],,,,,,,,,,,二级
BMJ Open Sport & Exercise Medicine,2025,2055-7647/2055-7647,否,否,是,ESCI,3.2,,医学,3 [1283/5603],否, SPORT SCIENCES 运动科学,3 [32/126],,,,,,,,,,,二级
Nursing Philosophy,2025,1466-7681/1466-769X,否,否,否,SSCI;SCIE,2.5,,医学,3 [1284/5603],否, NURSING 护理,2 [19/191],,,,,,,,,,,二级
European Journal of Pharmacology,2025,0014-2999/1879-0712,否,否,否,SCIE,4.7,,医学,3 [1285/5603],否, PHARMACOLOGY & PHARMACY 药学,2 [74/350],,,,,,,,,,,二级
BMC Primary Care,2025,2731-4553/2731-4553,否,否,是,SCIE,2.6,,医学,3 [1286/5603],否," MEDICINE, GENERAL & INTERNAL 医学：内科",2 [43/327], PRIMARY HEALTH CARE 初级卫生保健,2 [4/28],,,,,,,,,二级
JOURNAL OF HEALTH POPULATION AND NUTRITION,2025,1606-0997/2072-1315,否,否,是,SCIE,2.8,,医学,3 [1287/5603],否, ENVIRONMENTAL SCIENCES 环境科学,3 [105/357]," PUBLIC, ENVIRONMENTAL & OCCUPATIONAL HEALTH 公共卫生、环境卫生与职业卫生",3 [94/404],,,,,,,,,二级
BIRTH-ISSUES IN PERINATAL CARE,2025,0730-7659/1523-536X,否,否,否,SSCI;SCIE,2.5,,医学,3 [1288/5603],否, NURSING 护理,2 [20/191], PEDIATRICS 儿科,2 [29/185], OBSTETRICS & GYNECOLOGY 妇产科学,3 [32/135],,,,,,,二级
HEALTH TECHNOLOGY ASSESSMENT,2025,1366-5278/2046-4924,否,否,是,SCIE,4,,医学,3 [1289/5603],否, HEALTH CARE SCIENCES & SERVICES 卫生保健与服务,3 [40/173],,,,,,,,,,,二级
Toxins,2025,2072-6651/2072-6651,否,否,是,SCIE,4,,医学,3 [1290/5603],否, FOOD SCIENCE & TECHNOLOGY 食品科技,2 [43/173], TOXICOLOGY 毒理学,2 [17/106],,,,,,,,,二级
EXPERT REVIEW OF MOLECULAR DIAGNOSTICS,2025,1473-7159/1744-8352,是,否,否,SCIE,3.6,,医学,3 [1291/5603],否, PATHOLOGY 病理学,3 [24/88],,,,,,,,,,,二级
AIDS AND BEHAVIOR,2025,1090-7165/1573-3254,否,否,否,SSCI,2.4,,医学,3 [1292/5603],否," PUBLIC, ENVIRONMENTAL & OCCUPATIONAL HEALTH 公共卫生、环境卫生与职业卫生",3 [95/404]," SOCIAL SCIENCES, BIOMEDICAL 社会科学：生物医学",3 [15/46],,,,,,,,,二级
BMC EMERGENCY MEDICINE,2025,1471-227X/1471-227X,否,否,是,SCIE,2.6,,医学,3 [1293/5603],否, EMERGENCY MEDICINE 急救医学,3 [10/54],,,,,,,,,,,二级
Patient-Patient Centered Outcomes Research,2025,1178-1653/1178-1661,否,否,否,SSCI;SCIE,3.1,,医学,3 [1294/5603],否, HEALTH POLICY & SERVICES 卫生政策与服务,2 [25/118], HEALTH CARE SCIENCES & SERVICES 卫生保健与服务,3 [41/173],,,,,,,,,二级
SEXUALLY TRANSMITTED INFECTIONS,2025,1368-4973/1472-3263,否,否,否,SCIE,2.9,,医学,3 [1295/5603],否, INFECTIOUS DISEASES 传染病学,3 [38/134],,,,,,,,,,,二级
JOURNAL OF RURAL HEALTH,2025,0890-765X/1748-0361,否,否,否,SSCI;SCIE,2.7,,医学,3 [1296/5603],否, HEALTH POLICY & SERVICES 卫生政策与服务,2 [26/118], HEALTH CARE SCIENCES & SERVICES 卫生保健与服务,3 [42/173]," PUBLIC, ENVIRONMENTAL & OCCUPATIONAL HEALTH 公共卫生、环境卫生与职业卫生",3 [96/404],,,,,,,二级
Journal of Diabetes Science and Technology,2025,1932-2968/1932-2968,否,否,否,ESCI,3.7,,医学,3 [1297/5603],否, ENDOCRINOLOGY & METABOLISM 内分泌学与代谢,3 [64/184],,,,,,,,,,,二级
INFECTION,2025,0300-8126/1439-0973,否,否,否,SCIE,3.6,,医学,3 [1298/5603],否, INFECTIOUS DISEASES 传染病学,3 [39/134],,,,,,,,,,,二级
Inflammation and Regeneration,2025,1880-8190/1880-8190,否,否,是,SCIE,6.6,,医学,3 [1299/5603],否, IMMUNOLOGY 免疫学,3 [66/179]," MEDICINE, RESEARCH & EXPERIMENTAL 医学：研究与实验",3 [56/188],,,,,,,,,二级
ENDOCRINE,2025,1355-008X/1559-0100,否,否,否,SCIE,2.9,,医学,3 [1300/5603],否, ENDOCRINOLOGY & METABOLISM 内分泌学与代谢,3 [65/184],,,,,,,,,,,二级
Journal of Orthopaedic Surgery and Research,2025,1749-799X/1749-799X,否,否,是,SCIE,2.8,,医学,3 [1301/5603],否, ORTHOPEDICS 骨科,3 [29/136],,,,,,,,,,,二级
HEALTH POLICY AND PLANNING,2025,0268-1080/1460-2237,否,否,是,SSCI;SCIE,3.1,,医学,3 [1302/5603],否, HEALTH CARE SCIENCES & SERVICES 卫生保健与服务,3 [43/173], HEALTH POLICY & SERVICES 卫生政策与服务,3 [27/118],,,,,,,,,二级
Intestinal Research,2025,1598-9100/1598-9100,否,否,是,ESCI,3.9,,医学,3 [1303/5603],否, GASTROENTEROLOGY & HEPATOLOGY 胃肠肝病学,3 [41/143],,,,,,,,,,,二级
Global Spine Journal,2025,2192-5682/2192-5690,否,否,是,SCIE,3,,医学,3 [1304/5603],否, CLINICAL NEUROLOGY 临床神经病学,3 [84/278], ORTHOPEDICS 骨科,3 [30/136],,,,,,,,,二级
Nursing Research and Practice,2025,2090-1429/2090-1437,否,否,是,ESCI,2.3,,医学,3 [1305/5603],否, NURSING 护理,2 [21/191],,,,,,,,,,,二级
NEUROSCIENTIST,2025,1073-8584/1089-4098,是,否,否,SCIE,3.9,,医学,3 [1306/5603],否, CLINICAL NEUROLOGY 临床神经病学,3 [85/278], NEUROSCIENCES 神经科学,3 [106/309],,,,,,,,,二级
AMERICAN JOURNAL OF ORTHOPSYCHIATRY,2025,0002-9432/1939-0025,否,否,否,SSCI,2.1,,医学,3 [1307/5603],否, SOCIAL WORK 社会工作,2 [9/91],,,,,,,,,,,二级
CURRENT OPINION IN PHARMACOLOGY,2025,1471-4892/1471-4973,是,否,否,SCIE,4.2,,医学,3 [1308/5603],否, PHARMACOLOGY & PHARMACY 药学,3 [82/350],,,,,,,,,,,二级
Current Cardiology Reports,2025,1523-3782/1534-3170,是,否,否,SCIE,3.3,,医学,3 [1309/5603],否, CARDIAC & CARDIOVASCULAR SYSTEMS 心脏和心血管系统,3 [64/223],,,,,,,,,,,二级
IEEE Transactions on Medical Robotics and Bionics,2025,2576-3202/2576-3202,否,否,否,ESCI,3.8,,医学,3 [1310/5603],否," ENGINEERING, BIOMEDICAL 工程：生物医学",3 [39/120], ROBOTICS 机器人学,3 [16/47],,,,,,,,,二级
Techniques in Coloproctology,2025,1123-6337/1128-045X,否,否,否,SCIE,2.9,,医学,3 [1311/5603],否, GASTROENTEROLOGY & HEPATOLOGY 胃肠肝病学,3 [42/143], SURGERY 外科,3 [70/292],,,,,,,,,二级
Economics & Human Biology,2025,1570-677X/1873-6130,否,否,否,SSCI;SCIE,1.8,,医学,3 [1312/5603],否, ECONOMICS 经济学,3 [149/599]," PUBLIC, ENVIRONMENTAL & OCCUPATIONAL HEALTH 公共卫生、环境卫生与职业卫生",3 [97/404],,,,,,,,,二级
ADVANCES IN THERAPY,2025,0741-238X/1865-8652,否,否,否,SCIE,4,,医学,3 [1313/5603],否, PHARMACOLOGY & PHARMACY 药学,2 [75/350]," MEDICINE, RESEARCH & EXPERIMENTAL 医学：研究与实验",3 [57/188],,,,,,,,,二级
Brazilian Journal of Physical Therapy,2025,1413-3555/1809-9246,否,否,否,SCIE,3.2,,医学,3 [1314/5603],否, REHABILITATION 康复医学,2 [25/169], ORTHOPEDICS 骨科,3 [31/136],,,,,,,,,二级
Toxicon-X,2025,2590-1710/2590-1710,否,否,是,ESCI,2.8,,医学,3 [1315/5603],否, TOXICOLOGY 毒理学,2 [18/106],,,,,,,,,,,二级
OBESITY SURGERY,2025,0960-8923/1708-0428,否,否,否,SCIE,3.1,,医学,3 [1316/5603],否, SURGERY 外科,3 [71/292],,,,,,,,,,,二级
JBMR Plus,2025,2473-4039/2473-4039,否,否,是,ESCI,2.4,,医学,3 [1317/5603],否, ENDOCRINOLOGY & METABOLISM 内分泌学与代谢,3 [66/184],,,,,,,,,,,二级
DRUGS & AGING,2025,1170-229X/1179-1969,否,否,否,SCIE,3.8,,医学,3 [1318/5603],否, PHARMACOLOGY & PHARMACY 药学,2 [76/350], GERIATRICS & GERONTOLOGY 老年医学,3 [27/72],,,,,,,,,二级
Clinical Simulation in Nursing,2025,1876-1399/1876-1402,否,否,否,SSCI;SCIE,2.5,,医学,3 [1319/5603],否, NURSING 护理,2 [22/191],,,,,,,,,,,二级
Physica Medica-European Journal of Medical Physics,2025,1120-1797/1724-191X,否,否,否,SCIE,2.7,,医学,3 [1320/5603],否," RADIOLOGY, NUCLEAR MEDICINE & MEDICAL IMAGING 核医学",3 [52/206],,,,,,,,,,,二级
Journal of Inflammation Research,2025,1178-7031/1178-7031,否,否,是,SCIE,4.1,,医学,3 [1321/5603],否, IMMUNOLOGY 免疫学,3 [67/179],,,,,,,,,,,二级
International Journal of Health Policy and Management,2025,2322-5939/2322-5939,否,否,是,SSCI;SCIE,5.1,,医学,3 [1322/5603],否, HEALTH CARE SCIENCES & SERVICES 卫生保健与服务,3 [44/173], HEALTH POLICY & SERVICES 卫生政策与服务,3 [28/118],,,,,,,,,二级
Pharmaceuticals,2025,1424-8247/1424-8247,否,否,是,SCIE,4.8,,医学,3 [1323/5603],否, PHARMACOLOGY & PHARMACY 药学,2 [77/350]," CHEMISTRY, MEDICINAL 药物化学",3 [22/72],,,,,,,,,二级
Journal of Exercise Science & Fitness,2025,1728-869X/1728-869X,否,是,是,SCIE,3.5,,医学,3 [1324/5603],否, SPORT SCIENCES 运动科学,3 [33/126],,,,,,,,,,,二级
INTERNATIONAL JOURNAL OF GYNECOLOGICAL CANCER,2025,1048-891X/1525-1438,否,否,否,SCIE,4.7,,医学,3 [1325/5603],否, OBSTETRICS & GYNECOLOGY 妇产科学,3 [33/135], ONCOLOGY 肿瘤学,3 [114/318],,,,,,,,,二级
Annals of Gastroenterological Surgery,2025,2475-0328/2475-0328,否,否,是,SCIE,3.3,,医学,3 [1326/5603],否, GASTROENTEROLOGY & HEPATOLOGY 胃肠肝病学,3 [43/143],,,,,,,,,,,二级
Seminars in Thoracic and Cardiovascular Surgery,2025,1043-0679/1532-9488,否,否,否,SCIE,2.5,,医学,3 [1327/5603],否, CARDIAC & CARDIOVASCULAR SYSTEMS 心脏和心血管系统,3 [65/223],,,,,,,,,,,二级
Journal of Atherosclerosis and Thrombosis,2025,1340-3478/1880-3873,否,否,否,SCIE,2.8,,医学,3 [1328/5603],否, PERIPHERAL VASCULAR DISEASE 外周血管病,3 [24/96],,,,,,,,,,,二级
European Stroke Journal,2025,2396-9873/2396-9881,否,否,否,SCIE,4.5,,医学,3 [1329/5603],否, CLINICAL NEUROLOGY 临床神经病学,3 [86/278], PERIPHERAL VASCULAR DISEASE 外周血管病,3 [25/96],,,,,,,,,二级
PHARMACOECONOMICS,2025,1170-7690/1179-2027,否,否,否,SSCI;SCIE,4.6,,医学,3 [1330/5603],否, PHARMACOLOGY & PHARMACY 药学,2 [78/350], ECONOMICS 经济学,3 [153/599], HEALTH CARE SCIENCES & SERVICES 卫生保健与服务,3 [45/173], HEALTH POLICY & SERVICES 卫生政策与服务,3 [29/118],,,,,二级
DRUG AND ALCOHOL REVIEW,2025,0959-5236/1465-3362,否,否,否,SSCI,2.6,,医学,3 [1331/5603],否, SUBSTANCE ABUSE 药物滥用,3 [17/56],,,,,,,,,,,二级
Canadian Journal of Anesthesia-Journal canadien d anesthesie,2025,0832-610X/1496-8975,否,否,否,SCIE,3.3,,医学,3 [1332/5603],否, ANESTHESIOLOGY 麻醉学,3 [15/64],,,,,,,,,,,二级
Molecular Diagnosis & Therapy,2025,1177-1062/1179-2000,否,否,否,SCIE,4.4,,医学,3 [1333/5603],否, GENETICS & HEREDITY 遗传学,3 [59/190], PHARMACOLOGY & PHARMACY 药学,3 [83/350],,,,,,,,,二级
Journal of Neural Engineering,2025,1741-2560/1741-2552,否,否,否,SCIE,3.8,,医学,3 [1334/5603],否," ENGINEERING, BIOMEDICAL 工程：生物医学",3 [40/120], NEUROSCIENCES 神经科学,3 [107/309],,,,,,,,,二级
Dental and Medical Problems,2025,1644-387X/2300-9020,否,否,是,ESCI,3.9,,医学,3 [1335/5603],否," MEDICINE, GENERAL & INTERNAL 医学：内科",2 [44/327]," DENTISTRY, ORAL SURGERY & MEDICINE 牙科与口腔外科",3 [36/157],,,,,,,,,二级
Cardiovascular Therapeutics,2025,1755-5914/1755-5922,否,否,是,SCIE,3.4,,医学,3 [1336/5603],否, CARDIAC & CARDIOVASCULAR SYSTEMS 心脏和心血管系统,3 [66/223], PHARMACOLOGY & PHARMACY 药学,3 [84/350],,,,,,,,,二级
JMIR Medical Informatics,2025,2291-9694/2291-9694,否,否,是,SCIE,3.8,,医学,3 [1337/5603],否, MEDICAL INFORMATICS 医学：信息,3 [16/44],,,,,,,,,,,二级
Frontiers in Pharmacology,2025,1663-9812/1663-9812,否,否,是,SCIE,4.8,Mega-Journal,医学,3 [1338/5603],否, PHARMACOLOGY & PHARMACY 药学,3 [85/350],,,,,,,,,,,二级
NEUROSURGICAL REVIEW,2025,0344-5607/1437-2320,否,否,否,SCIE,2.5,,医学,3 [1339/5603],否, CLINICAL NEUROLOGY 临床神经病学,3 [87/278], SURGERY 外科,3 [72/292],,,,,,,,,二级
CLINICAL IMMUNOLOGY,2025,1521-6616/1521-7035,否,否,否,SCIE,3.8,,医学,3 [1340/5603],否, IMMUNOLOGY 免疫学,3 [68/179],,,,,,,,,,,二级
EXPERIMENTAL EYE RESEARCH,2025,0014-4835/1096-0007,否,否,否,SCIE,2.7,,医学,3 [1341/5603],否, OPHTHALMOLOGY 眼科学,2 [21/95],,,,,,,,,,,二级
PEDIATRIC RESEARCH,2025,0031-3998/1530-0447,否,否,否,SCIE,3.1,,医学,3 [1342/5603],否, PEDIATRICS 儿科,2 [30/185],,,,,,,,,,,二级
International Journal for Parasitology-Parasites and Wildlife,2025,2213-2244/2213-2244,否,否,是,SCIE,2.2,,医学,3 [1343/5603],否, PARASITOLOGY 寄生虫学,2 [11/45], ECOLOGY 生态学,3 [65/196],,,,,,,,,二级
Pediatric Rheumatology,2025,1546-0096/1546-0096,否,否,是,SCIE,2.3,,医学,3 [1344/5603],否, PEDIATRICS 儿科,2 [31/185], RHEUMATOLOGY 风湿病学,3 [16/55],,,,,,,,,二级
Therapeutic Advances in Endocrinology and Metabolism,2025,2042-0188/2042-0196,否,否,是,SCIE,4.6,,医学,3 [1345/5603],否, ENDOCRINOLOGY & METABOLISM 内分泌学与代谢,3 [67/184],,,,,,,,,,,二级
Echo Research and Practice,2025,2055-0464/2055-0464,否,否,是,ESCI,2.4,,医学,3 [1346/5603],否, CARDIAC & CARDIOVASCULAR SYSTEMS 心脏和心血管系统,3 [67/223],,,,,,,,,,,二级
Journal of Innate Immunity,2025,1662-811X/1662-8128,否,否,是,SCIE,3,,医学,3 [1347/5603],否, IMMUNOLOGY 免疫学,3 [69/179],,,,,,,,,,,二级
Open Heart,2025,2053-3624/2053-3624,否,否,是,ESCI,2.8,,医学,3 [1348/5603],否, CARDIAC & CARDIOVASCULAR SYSTEMS 心脏和心血管系统,3 [68/223],,,,,,,,,,,二级
Journal of Perinatology,2025,0743-8346/1476-5543,否,否,否,SCIE,2.4,,医学,3 [1349/5603],否, PEDIATRICS 儿科,2 [32/185], OBSTETRICS & GYNECOLOGY 妇产科学,3 [34/135],,,,,,,,,二级
SEIZURE-EUROPEAN JOURNAL OF EPILEPSY,2025,1059-1311/1532-2688,否,否,否,SCIE,2.8,,医学,3 [1350/5603],否, CLINICAL NEUROLOGY 临床神经病学,3 [88/278], NEUROSCIENCES 神经科学,3 [109/309],,,,,,,,,二级
Advances in Wound Care,2025,2162-1918/2162-1934,否,否,否,SCIE,5.6,,医学,3 [1351/5603],否, DERMATOLOGY 皮肤病学,2 [14/94],,,,,,,,,,,二级
JCO Clinical Cancer Informatics,2025,2473-4276/2473-4276,否,否,否,ESCI,2.8,,医学,3 [1352/5603],否, ONCOLOGY 肿瘤学,3 [115/318],,,,,,,,,,,二级
European Journal of Sport Science,2025,1746-1391/1536-7290,否,否,否,SCIE,3,,医学,3 [1353/5603],否, SPORT SCIENCES 运动科学,3 [35/126],,,,,,,,,,,二级
Gastroenterology Report,2025,2052-0034/2052-0034,否,否,是,SCIE,4.2,,医学,3 [1354/5603],否, GASTROENTEROLOGY & HEPATOLOGY 胃肠肝病学,3 [44/143],,,,,,,,,,,二级
CANCER NURSING,2025,0162-220X/1538-9804,否,否,否,SSCI;SCIE,2.5,,医学,3 [1355/5603],否, NURSING 护理,2 [23/191], ONCOLOGY 肿瘤学,3 [116/318],,,,,,,,,二级
MEDIATORS OF INFLAMMATION,2025,0962-9351/1466-1861,否,否,是,SCIE,4.2,,医学,3 [1356/5603],否, CELL BIOLOGY 细胞生物学,3 [82/203], IMMUNOLOGY 免疫学,3 [70/179],,,,,,,,,二级
Substance Abuse and Rehabilitation,2025,1179-8467/1179-8467,否,否,是,ESCI,5.9,,医学,3 [1357/5603],否, SUBSTANCE ABUSE 药物滥用,3 [18/56],,,,,,,,,,,二级
Nanomedicine-Nanotechnology Biology and Medicine,2025,1549-9634/1549-9642,否,否,否,SCIE,4.6,,医学,3 [1358/5603],否," MEDICINE, RESEARCH & EXPERIMENTAL 医学：研究与实验",3 [58/188], NANOSCIENCE & NANOTECHNOLOGY 纳米科技,3 [47/139],,,,,,,,,二级
CLINICAL NUCLEAR MEDICINE,2025,0363-9762/1536-0229,否,否,否,SCIE,9.6,,医学,3 [1359/5603],否," RADIOLOGY, NUCLEAR MEDICINE & MEDICAL IMAGING 核医学",3 [53/206],,,,,,,,,,,二级
Journal of Obesity,2025,2090-0708/2090-0716,否,否,是,ESCI,3.9,,医学,3 [1360/5603],否, ENDOCRINOLOGY & METABOLISM 内分泌学与代谢,3 [68/184],,,,,,,,,,,二级
HPB,2025,1365-182X/1477-2574,否,否,否,SCIE,2.4,,医学,3 [1361/5603],否, GASTROENTEROLOGY & HEPATOLOGY 胃肠肝病学,3 [45/143], SURGERY 外科,3 [73/292],,,,,,,,,二级
Pharmaceutics,2025,1999-4923/1999-4923,否,否,是,SCIE,5.5,,医学,3 [1362/5603],否, PHARMACOLOGY & PHARMACY 药学,3 [86/350],,,,,,,,,,,二级
JAIDS-JOURNAL OF ACQUIRED IMMUNE DEFICIENCY SYNDROMES,2025,1525-4135/1077-9450,否,否,否,SCIE,2.2,,医学,3 [1363/5603],否, IMMUNOLOGY 免疫学,3 [71/179], INFECTIOUS DISEASES 传染病学,3 [40/134],,,,,,,,,二级
JOURNAL OF MOLECULAR DIAGNOSTICS,2025,1525-1578/1943-7811,否,否,否,SCIE,3.4,,医学,3 [1364/5603],否, PATHOLOGY 病理学,2 [22/88],,,,,,,,,,,二级
HEALTH COMMUNICATION,2025,1041-0236/1532-7027,否,否,否,SSCI,2.7,,医学,3 [1365/5603],否, HEALTH POLICY & SERVICES 卫生政策与服务,3 [30/118], COMMUNICATION 传播学,4 [65/223],,,,,,,,,二级
Journal of Foot and Ankle Research,2025,1757-1146/1757-1146,否,否,是,SCIE,2.2,,医学,3 [1366/5603],否, ORTHOPEDICS 骨科,3 [32/136],,,,,,,,,,,二级
AMERICAN JOURNAL OF HYPERTENSION,2025,0895-7061/1941-7225,否,否,否,SCIE,3.1,,医学,3 [1367/5603],否, PERIPHERAL VASCULAR DISEASE 外周血管病,3 [26/96],,,,,,,,,,,二级
Global Qualitative Nursing Research,2025,2333-3936/2333-3936,否,否,是,ESCI,2.1,,医学,3 [1368/5603],否, NURSING 护理,2 [24/191],,,,,,,,,,,二级
Clinical Trials,2025,1740-7745/1740-7753,否,否,否,SCIE,2.2,,医学,3 [1369/5603],否," MEDICINE, RESEARCH & EXPERIMENTAL 医学：研究与实验",3 [59/188],,,,,,,,,,,二级
ACADEMIC EMERGENCY MEDICINE,2025,1069-6563/1553-2712,否,否,否,SCIE,3.2,,医学,3 [1370/5603],否, EMERGENCY MEDICINE 急救医学,3 [11/54],,,,,,,,,,,二级
Expert Review of Anti-Infective Therapy,2025,1478-7210/1744-8336,是,否,否,SCIE,3.8,,医学,3 [1371/5603],否, INFECTIOUS DISEASES 传染病学,3 [41/134], MICROBIOLOGY 微生物学,3 [57/159], PHARMACOLOGY & PHARMACY 药学,3 [87/350],,,,,,,二级
Gut Pathogens,2025,1757-4749/1757-4749,否,否,是,SCIE,4,,医学,3 [1372/5603],否, GASTROENTEROLOGY & HEPATOLOGY 胃肠肝病学,3 [46/143], MICROBIOLOGY 微生物学,3 [58/159],,,,,,,,,二级
Current Problems in Pediatric and Adolescent Health Care,2025,1538-5442/1538-3199,否,否,否,SCIE,3.7,,医学,3 [1373/5603],否, PEDIATRICS 儿科,2 [33/185],,,,,,,,,,,二级
Practical Radiation Oncology,2025,1879-8500/1879-8500,否,否,否,SCIE,3.5,,医学,3 [1374/5603],否, ONCOLOGY 肿瘤学,3 [117/318]," RADIOLOGY, NUCLEAR MEDICINE & MEDICAL IMAGING 核医学",3 [54/206],,,,,,,,,二级
NEUROBIOLOGY OF AGING,2025,0197-4580/1558-1497,否,否,否,SCIE,3.5,,医学,3 [1375/5603],否, GERIATRICS & GERONTOLOGY 老年医学,3 [28/72], NEUROSCIENCES 神经科学,3 [110/309],,,,,,,,,二级
AGING CLINICAL AND EXPERIMENTAL RESEARCH,2025,1594-0667/1720-8319,否,否,否,SCIE,3.4,,医学,3 [1376/5603],否, GERIATRICS & GERONTOLOGY 老年医学,3 [29/72],,,,,,,,,,,二级
Biomedical Optics Express,2025,2156-7085/2156-7085,否,否,是,SCIE,3.2,,医学,3 [1377/5603],否, BIOCHEMICAL RESEARCH METHODS 生化研究方法,2 [12/85], OPTICS 光学,3 [33/119]," RADIOLOGY, NUCLEAR MEDICINE & MEDICAL IMAGING 核医学",3 [55/206],,,,,,,二级
JOURNAL OF MOLECULAR ENDOCRINOLOGY,2025,0952-5041/1479-6813,否,否,否,SCIE,3.8,,医学,3 [1378/5603],否, ENDOCRINOLOGY & METABOLISM 内分泌学与代谢,3 [69/184],,,,,,,,,,,二级
3D Printing in Medicine,2025,2365-6271/2365-6271,否,否,是,ESCI,3.1,,医学,3 [1379/5603],否," RADIOLOGY, NUCLEAR MEDICINE & MEDICAL IMAGING 核医学",3 [56/206],,,,,,,,,,,二级
MOLECULAR HUMAN REPRODUCTION,2025,1360-9947/1460-2407,否,否,否,SCIE,3.5,,医学,3 [1380/5603],否, DEVELOPMENTAL BIOLOGY 发育生物学,2 [9/39], OBSTETRICS & GYNECOLOGY 妇产科学,3 [35/135], REPRODUCTIVE BIOLOGY 生殖生物学,3 [11/39],,,,,,,二级
Eating Disorders,2025,1064-0266/1532-530X,否,否,否,SSCI;SCIE,3.5,,医学,3 [1381/5603],否, PSYCHIATRY 精神病学,3 [83/277], PSYCHOLOGY 心理学,3 [27/92]," PSYCHOLOGY, CLINICAL 心理学：临床",3 [59/179],,,,,,,二级
Journal of Hand Therapy,2025,0894-1130/1545-004X,否,否,否,SCIE,1.8,,医学,3 [1382/5603],否, REHABILITATION 康复医学,2 [27/169], ORTHOPEDICS 骨科,3 [33/136], SURGERY 外科,3 [74/292],,,,,,,二级
JOURNAL OF MEDICAL VIROLOGY,2025,0146-6615/1096-9071,否,否,否,SCIE,4.6,,医学,3 [1383/5603],否, VIROLOGY 病毒学,3 [13/41],,,,,,,,,,,二级
EUROPEAN JOURNAL OF PHARMACEUTICS AND BIOPHARMACEUTICS,2025,0939-6411/1873-3441,否,否,否,SCIE,4.3,,医学,3 [1384/5603],否, PHARMACOLOGY & PHARMACY 药学,3 [88/350],,,,,,,,,,,二级
BMC Sports Science Medicine and Rehabilitation,2025,2052-1847/2052-1847,否,否,是,SCIE,2.8,,医学,3 [1385/5603],否, REHABILITATION 康复医学,2 [28/169], SPORT SCIENCES 运动科学,3 [36/126],,,,,,,,,二级
International Journal of Bipolar Disorders,2025,2194-7511/2194-7511,否,是,是,SCIE,3.5,,医学,3 [1386/5603],否, PSYCHIATRY 精神病学,3 [84/277],,,,,,,,,,,二级
Obesity Facts,2025,1662-4025/1662-4033,否,否,是,SCIE,4.7,,医学,3 [1387/5603],否, ENDOCRINOLOGY & METABOLISM 内分泌学与代谢,3 [70/184], NUTRITION & DIETETICS 营养学,3 [40/113],,,,,,,,,二级
Clinics in Orthopedic Surgery,2025,2005-291X/2005-4408,否,否,是,SCIE,2,,医学,3 [1388/5603],否, ORTHOPEDICS 骨科,3 [34/136],,,,,,,,,,,二级
Journal of Prosthodontic Research,2025,1883-1958/2212-4632,否,否,否,SCIE,3.4,,医学,3 [1389/5603],否," DENTISTRY, ORAL SURGERY & MEDICINE 牙科与口腔外科",3 [37/157],,,,,,,,,,,二级
PEDIATRIC RADIOLOGY,2025,0301-0449/1432-1998,否,否,否,SCIE,2.3,,医学,3 [1390/5603],否, PEDIATRICS 儿科,2 [34/185]," RADIOLOGY, NUCLEAR MEDICINE & MEDICAL IMAGING 核医学",3 [57/206],,,,,,,,,二级
OBSTETRICS AND GYNECOLOGY CLINICS OF NORTH AMERICA,2025,0889-8545/1558-0474,否,否,否,SCIE,2.5,,医学,3 [1391/5603],否, OBSTETRICS & GYNECOLOGY 妇产科学,3 [36/135],,,,,,,,,,,二级
Medical Law Review,2025,0967-0742/1464-3790,否,否,否,SSCI;SCIE,1.7,,医学,3 [1392/5603],否," MEDICINE, LEGAL 医学：法",2 [3/23], LAW 法学,3 [59/427],,,,,,,,,二级
Urolithiasis,2025,2194-7228/2194-7236,否,否,否,SCIE,2.2,,医学,3 [1393/5603],否, UROLOGY & NEPHROLOGY 泌尿学与肾脏学,3 [37/126],,,,,,,,,,,二级
Clinical Kidney Journal,2025,2048-8505/2048-8513,否,否,是,SCIE,4.6,,医学,3 [1394/5603],否, UROLOGY & NEPHROLOGY 泌尿学与肾脏学,3 [38/126],,,,,,,,,,,二级
Applied Health Economics and Health Policy,2025,1175-5652/1179-1896,否,否,否,SSCI;SCIE,3.3,,医学,3 [1395/5603],否, ECONOMICS 经济学,3 [159/599], HEALTH CARE SCIENCES & SERVICES 卫生保健与服务,3 [46/173], HEALTH POLICY & SERVICES 卫生政策与服务,3 [31/118],,,,,,,二级
JOURNAL OF VASCULAR AND INTERVENTIONAL RADIOLOGY,2025,1051-0443/1535-7732,否,否,否,SCIE,2.6,,医学,3 [1396/5603],否, PERIPHERAL VASCULAR DISEASE 外周血管病,3 [27/96]," RADIOLOGY, NUCLEAR MEDICINE & MEDICAL IMAGING 核医学",3 [58/206],,,,,,,,,二级
AMERICAN JOURNAL OF PHYSIOLOGY-GASTROINTESTINAL AND LIVER PHYSIOLOGY,2025,0193-1857/1522-1547,否,否,否,SCIE,3.3,,医学,3 [1397/5603],否, PHYSIOLOGY 生理学,2 [20/84], GASTROENTEROLOGY & HEPATOLOGY 胃肠肝病学,3 [47/143],,,,,,,,,二级
CURRENT OPINION IN PULMONARY MEDICINE,2025,1070-5287/1531-6971,是,否,否,SCIE,2.8,,医学,3 [1398/5603],否, RESPIRATORY SYSTEM 呼吸系统,3 [29/101],,,,,,,,,,,二级
European Cardiology Review,2025,1758-3756/1758-3756,否,否,是,ESCI,3.6,,医学,3 [1399/5603],否, CARDIAC & CARDIOVASCULAR SYSTEMS 心脏和心血管系统,3 [69/223],,,,,,,,,,,二级
Physical Therapy in Sport,2025,1466-853X,否,否,否,SCIE,2.4,,医学,3 [1400/5603],否, REHABILITATION 康复医学,2 [29/169], SPORT SCIENCES 运动科学,3 [37/126],,,,,,,,,二级
PHARMACOGENOMICS JOURNAL,2025,1470-269X/1473-1150,否,否,否,SCIE,2.9,,医学,3 [1401/5603],否, GENETICS & HEREDITY 遗传学,3 [60/190], PHARMACOLOGY & PHARMACY 药学,3 [89/350],,,,,,,,,二级
Physical Therapy,2025,0031-9023/1538-6724,否,否,否,SCIE,3.3,,医学,3 [1402/5603],否, REHABILITATION 康复医学,2 [30/169], ORTHOPEDICS 骨科,3 [35/136],,,,,,,,,二级
Pneumonia,2025,2200-6133/2200-6133,否,否,是,ESCI,6.2,,医学,3 [1403/5603],否, RESPIRATORY SYSTEM 呼吸系统,3 [30/101],,,,,,,,,,,二级
Journal of Hand Surgery-European Volume,2025,1753-1934/2043-6289,否,否,否,SCIE,1.6,,医学,3 [1404/5603],否, ORTHOPEDICS 骨科,3 [36/136], SURGERY 外科,3 [75/292],,,,,,,,,二级
Journal of Attention Disorders,2025,1087-0547/1557-1246,否,否,否,SSCI;SCIE,2.2,,医学,3 [1405/5603],否, PSYCHIATRY 精神病学,3 [85/277]," PSYCHOLOGY, DEVELOPMENTAL 心理学：发育",4 [42/91],,,,,,,,,二级
Pediatric Obesity,2025,2047-6310/2047-6302,否,否,否,SCIE,2.7,,医学,3 [1406/5603],否, PEDIATRICS 儿科,2 [35/185],,,,,,,,,,,二级
JOURNAL OF MATERIALS SCIENCE-MATERIALS IN MEDICINE,2025,0957-4530/1573-4838,否,否,是,SCIE,4.5,,医学,3 [1407/5603],否," ENGINEERING, BIOMEDICAL 工程：生物医学",3 [41/120]," MATERIALS SCIENCE, BIOMATERIALS 材料科学：生物材料",3 [17/52],,,,,,,,,二级
European Review of Aging and Physical Activity,2025,1813-7253/1861-6909,否,否,是,SCIE,3.5,,医学,3 [1408/5603],否, GERIATRICS & GERONTOLOGY 老年医学,3 [30/72],,,,,,,,,,,二级
Quantitative Imaging in Medicine and Surgery,2025,2223-4292/2223-4306,否,是,是,SCIE,2.3,,医学,3 [1409/5603],否," RADIOLOGY, NUCLEAR MEDICINE & MEDICAL IMAGING 核医学",3 [59/206],,,,,,,,,,,二级
JOURNAL OF BEHAVIORAL MEDICINE,2025,0160-7715/1573-3521,否,否,否,SSCI,2.9,,医学,3 [1410/5603],否," PSYCHOLOGY, CLINICAL 心理学：临床",3 [60/179],,,,,,,,,,,二级
Stem Cell Reviews and Reports,2025,2629-3269/2629-3277,否,否,否,SCIE,4.2,,医学,3 [1411/5603],否, CELL & TISSUE ENGINEERING 细胞与组织工程,3 [12/31], CELL BIOLOGY 细胞生物学,3 [83/203]," MEDICINE, RESEARCH & EXPERIMENTAL 医学：研究与实验",3 [60/188],,,,,,,二级
Vaccine,2025,0264-410X/1873-2518,否,否,否,SCIE,3.5,,医学,3 [1412/5603],否, IMMUNOLOGY 免疫学,3 [72/179]," MEDICINE, RESEARCH & EXPERIMENTAL 医学：研究与实验",3 [61/188],,,,,,,,,二级
JDR Clinical & Translational Research,2025,2380-0844/2380-0852,否,否,否,ESCI,2.2,,医学,3 [1413/5603],否," DENTISTRY, ORAL SURGERY & MEDICINE 牙科与口腔外科",3 [38/157],,,,,,,,,,,二级
Preventing Chronic Disease,2025,1545-1151/1545-1151,否,否,是,SSCI;SCIE,3.9,,医学,3 [1414/5603],否," PUBLIC, ENVIRONMENTAL & OCCUPATIONAL HEALTH 公共卫生、环境卫生与职业卫生",3 [98/404],,,,,,,,,,,二级
PUBLIC HEALTH NUTRITION,2025,1368-9800/1475-2727,否,否,是,SCIE,3,,医学,3 [1415/5603],否, NUTRITION & DIETETICS 营养学,3 [41/113]," PUBLIC, ENVIRONMENTAL & OCCUPATIONAL HEALTH 公共卫生、环境卫生与职业卫生",3 [99/404],,,,,,,,,二级
JOURNAL OF THE AMERICAN DENTAL ASSOCIATION,2025,0002-8177/1943-4723,否,否,否,SCIE,3.5,,医学,3 [1416/5603],否," DENTISTRY, ORAL SURGERY & MEDICINE 牙科与口腔外科",3 [39/157],,,,,,,,,,,二级
International Braz J Urol,2025,1677-5538/1677-6119,否,否,是,SCIE,4.5,,医学,3 [1417/5603],否, UROLOGY & NEPHROLOGY 泌尿学与肾脏学,3 [39/126],,,,,,,,,,,二级
CLINICS IN CHEST MEDICINE,2025,0272-5231/1557-8216,是,否,否,SCIE,4.5,,医学,3 [1418/5603],否, RESPIRATORY SYSTEM 呼吸系统,3 [31/101],,,,,,,,,,,二级
CLINICAL & EXPERIMENTAL METASTASIS,2025,0262-0898/1573-7276,否,否,否,SCIE,3.2,,医学,3 [1419/5603],否, ONCOLOGY 肿瘤学,3 [118/318],,,,,,,,,,,二级
Dermatology and Therapy,2025,2193-8210/2190-9172,否,否,是,SCIE,4.2,,医学,3 [1420/5603],否, DERMATOLOGY 皮肤病学,2 [15/94],,,,,,,,,,,二级
Clinical Proteomics,2025,1542-6416/1559-0275,否,否,是,SCIE,3.3,,医学,3 [1421/5603],否, BIOCHEMICAL RESEARCH METHODS 生化研究方法,2 [14/85],,,,,,,,,,,二级
Nutrition & Dietetics,2025,1446-6368/1747-0080,否,否,否,SCIE,3.2,,医学,3 [1422/5603],否, NUTRITION & DIETETICS 营养学,3 [42/113],,,,,,,,,,,二级
Therapeutic Advances in Respiratory Disease,2025,1753-4658/1753-4666,否,否,是,SCIE,3,,医学,3 [1423/5603],否, RESPIRATORY SYSTEM 呼吸系统,3 [32/101],,,,,,,,,,,二级
Emerging Themes in Epidemiology,2025,1742-7622/1742-7622,否,否,是,ESCI,4.1,,医学,3 [1424/5603],否," PUBLIC, ENVIRONMENTAL & OCCUPATIONAL HEALTH 公共卫生、环境卫生与职业卫生",3 [100/404],,,,,,,,,,,二级
Nursing Inquiry,2025,1320-7881/1440-1800,否,否,否,SSCI;SCIE,3,,医学,3 [1425/5603],否, NURSING 护理,2 [25/191],,,,,,,,,,,二级
ACTA OPHTHALMOLOGICA,2025,1755-375X/1755-3768,否,否,否,SCIE,2.8,,医学,3 [1426/5603],否, OPHTHALMOLOGY 眼科学,2 [22/95],,,,,,,,,,,二级
Frontiers in Sports and Active Living,2025,2624-9367/2624-9367,否,否,是,ESCI,2.6,,医学,3 [1427/5603],否, SPORT SCIENCES 运动科学,3 [38/126],,,,,,,,,,,二级
Nature and Science of Sleep,2025,1179-1608/1179-1608,否,否,是,SCIE,3.4,,医学,3 [1428/5603],否, CLINICAL NEUROLOGY 临床神经病学,3 [89/278], NEUROSCIENCES 神经科学,3 [111/309],,,,,,,,,二级
Paediatric Respiratory Reviews,2025,1526-0542/1526-0550,是,否,否,SCIE,4,,医学,3 [1429/5603],否, PEDIATRICS 儿科,3 [39/185], RESPIRATORY SYSTEM 呼吸系统,3 [33/101],,,,,,,,,二级
NEUROMODULATION,2025,1094-7159/1525-1403,否,否,否,SCIE,3.5,,医学,3 [1430/5603],否, CLINICAL NEUROLOGY 临床神经病学,3 [90/278]," MEDICINE, RESEARCH & EXPERIMENTAL 医学：研究与实验",3 [62/188],,,,,,,,,二级
Kidney Research and Clinical Practice,2025,2211-9132/2211-9140,否,否,是,SCIE,3.8,,医学,3 [1431/5603],否, UROLOGY & NEPHROLOGY 泌尿学与肾脏学,3 [40/126],,,,,,,,,,,二级
MEDICAL DECISION MAKING,2025,0272-989X/1552-681X,否,否,否,SSCI;SCIE,2.3,,医学,3 [1432/5603],否, HEALTH CARE SCIENCES & SERVICES 卫生保健与服务,3 [47/173], HEALTH POLICY & SERVICES 卫生政策与服务,3 [32/118], MEDICAL INFORMATICS 医学：信息,3 [17/44],,,,,,,二级
International Journal of Qualitative Studies on Health and Well-Being,2025,1748-2623/1748-2631,否,否,是,SSCI,2.3,,医学,3 [1433/5603],否, NURSING 护理,2 [26/191]," PUBLIC, ENVIRONMENTAL & OCCUPATIONAL HEALTH 公共卫生、环境卫生与职业卫生",3 [101/404]," SOCIAL SCIENCES, BIOMEDICAL 社会科学：生物医学",3 [17/46],,,,,,,二级
Blood Transfusion,2025,1723-2007/1723-2007,否,否,否,SCIE,2.3,,医学,3 [1434/5603],否, HEMATOLOGY 血液学,3 [29/96],,,,,,,,,,,二级
Therapeutic Advances in Psychopharmacology,2025,2045-1253/2045-1261,否,否,是,SCIE,4,,医学,3 [1435/5603],否, PHARMACOLOGY & PHARMACY 药学,3 [90/350], PSYCHIATRY 精神病学,3 [86/277],,,,,,,,,二级
Child and Adolescent Mental Health,2025,1475-357X/1475-3588,否,否,否,SSCI;SCIE,5,,医学,3 [1436/5603],否, PEDIATRICS 儿科,2 [36/185], PSYCHIATRY 精神病学,3 [87/277]," PSYCHOLOGY, CLINICAL 心理学：临床",3 [62/179],,,,,,,二级
Journal of Patient-Reported Outcomes,2025,2509-8020/2509-8020,否,否,是,ESCI,2.9,,医学,3 [1437/5603],否, HEALTH CARE SCIENCES & SERVICES 卫生保健与服务,3 [48/173], HEALTH POLICY & SERVICES 卫生政策与服务,3 [33/118],,,,,,,,,二级
INFLAMMOPHARMACOLOGY,2025,0925-4692/1568-5608,否,否,否,SCIE,5.3,,医学,3 [1438/5603],否, TOXICOLOGY 毒理学,2 [19/106], IMMUNOLOGY 免疫学,3 [73/179],,,,,,,,,二级
Heart Rhythm O2,2025,2666-5018/2666-5018,否,否,是,ESCI,2.9,,医学,3 [1439/5603],否, CARDIAC & CARDIOVASCULAR SYSTEMS 心脏和心血管系统,3 [70/223],,,,,,,,,,,二级
MIDWIFERY,2025,0266-6138/1532-3099,否,否,否,SSCI;SCIE,2.5,,医学,3 [1440/5603],否, NURSING 护理,2 [27/191],,,,,,,,,,,二级
Molecular Oral Microbiology,2025,2041-1006/2041-1014,否,否,否,SCIE,2.9,,医学,3 [1441/5603],否," DENTISTRY, ORAL SURGERY & MEDICINE 牙科与口腔外科",3 [40/157], MICROBIOLOGY 微生物学,3 [60/159],,,,,,,,,二级
CPT-Pharmacometrics & Systems Pharmacology,2025,2163-8306/2163-8306,否,否,是,SCIE,3,,医学,3 [1442/5603],否, PHARMACOLOGY & PHARMACY 药学,3 [91/350],,,,,,,,,,,二级
Health Sociology Review,2025,1446-1242/1839-3551,否,否,否,SSCI,3.1,,医学,3 [1443/5603],否, HEALTH POLICY & SERVICES 卫生政策与服务,3 [34/118], SOCIOLOGY 社会学,4 [85/216],,,,,,,,,二级
INTERNATIONAL JOURNAL OF COLORECTAL DISEASE,2025,0179-1958/1432-1262,否,否,否,SCIE,2.3,,医学,3 [1444/5603],否, SURGERY 外科,3 [76/292], GASTROENTEROLOGY & HEPATOLOGY 胃肠肝病学,4 [51/143],,,,,,,,,二级
Australasian Emergency Care,2025,2588-994X/2588-994X,否,否,否,SSCI;SCIE,1.9,,医学,3 [1445/5603],否, NURSING 护理,2 [28/191], EMERGENCY MEDICINE 急救医学,3 [12/54],,,,,,,,,二级
PEDIATRIC NEUROLOGY,2025,0887-8994/1873-5150,否,否,否,SCIE,2.1,,医学,3 [1446/5603],否, PEDIATRICS 儿科,2 [37/185], CLINICAL NEUROLOGY 临床神经病学,3 [91/278],,,,,,,,,二级
Journal of Bone Oncology,2025,2212-1374/2212-1374,否,否,是,SCIE,3.5,,医学,3 [1447/5603],否, ONCOLOGY 肿瘤学,3 [119/318],,,,,,,,,,,二级
ANNALS OF EPIDEMIOLOGY,2025,1047-2797/1873-2585,否,否,否,SCIE,3,,医学,3 [1448/5603],否," PUBLIC, ENVIRONMENTAL & OCCUPATIONAL HEALTH 公共卫生、环境卫生与职业卫生",3 [102/404],,,,,,,,,,,二级
ANNALS OF HEMATOLOGY,2025,0939-5555/1432-0584,否,否,否,SCIE,2.4,,医学,3 [1449/5603],否, HEMATOLOGY 血液学,3 [30/96],,,,,,,,,,,二级
BRITISH JOURNAL OF CLINICAL PHARMACOLOGY,2025,0306-5251/1365-2125,否,否,否,SCIE,3,,医学,3 [1450/5603],否, PHARMACOLOGY & PHARMACY 药学,3 [92/350],,,,,,,,,,,二级
Acta Otorhinolaryngologica Italica,2025,0392-100X/1827-675X,否,否,是,SCIE,2.1,,医学,3 [1451/5603],否, OTORHINOLARYNGOLOGY 耳鼻喉科学,3 [14/66],,,,,,,,,,,二级
Journal of Pregnancy,2025,2090-2727/2090-2735,否,否,是,ESCI,2.2,,医学,3 [1452/5603],否, OBSTETRICS & GYNECOLOGY 妇产科学,3 [37/135],,,,,,,,,,,二级
Expert Review of Medical Devices,2025,1743-4440/1745-2422,是,否,否,SCIE,2.7,,医学,3 [1453/5603],否," ENGINEERING, BIOMEDICAL 工程：生物医学",3 [42/120],,,,,,,,,,,二级
DIABETIC MEDICINE,2025,0742-3071/1464-5491,否,否,否,SCIE,3.4,,医学,3 [1454/5603],否, ENDOCRINOLOGY & METABOLISM 内分泌学与代谢,3 [72/184],,,,,,,,,,,二级
Interventional Cardiology-Reviews Research Resources,2025,1756-1477/1756-1485,否,否,是,ESCI,2.8,,医学,3 [1455/5603],否, CARDIAC & CARDIOVASCULAR SYSTEMS 心脏和心血管系统,3 [71/223],,,,,,,,,,,二级
JOURNAL OF TELEMEDICINE AND TELECARE,2025,1357-633X/1758-1109,否,否,否,SCIE,3.2,,医学,3 [1456/5603],否, HEALTH CARE SCIENCES & SERVICES 卫生保健与服务,3 [49/173],,,,,,,,,,,二级
HEPATOLOGY RESEARCH,2025,1386-6346/1872-034X,否,否,否,SCIE,3.4,,医学,3 [1457/5603],否, GASTROENTEROLOGY & HEPATOLOGY 胃肠肝病学,4 [52/143],,,,,,,,,,,二级
INTERNATIONAL ORTHOPAEDICS,2025,0341-2695/1432-5195,否,否,否,SCIE,2.6,,医学,3 [1458/5603],否, ORTHOPEDICS 骨科,3 [37/136],,,,,,,,,,,二级
JOURNAL OF MOLECULAR MEDICINE-JMM,2025,0946-2716/1432-1440,否,否,否,SCIE,4.2,,医学,3 [1459/5603],否, GENETICS & HEREDITY 遗传学,3 [63/190]," MEDICINE, RESEARCH & EXPERIMENTAL 医学：研究与实验",3 [63/188],,,,,,,,,二级
ACS Pharmacology & Translational Science,2025,2575-9108/2575-9108,否,否,否,ESCI,3.7,,医学,3 [1460/5603],否," CHEMISTRY, MEDICINAL 药物化学",3 [23/72], PHARMACOLOGY & PHARMACY 药学,3 [93/350],,,,,,,,,二级
Digital Health,2025,2055-2076/2055-2076,否,否,是,SSCI;SCIE,3.3,,医学,3 [1461/5603],否, HEALTH CARE SCIENCES & SERVICES 卫生保健与服务,3 [50/173], HEALTH POLICY & SERVICES 卫生政策与服务,3 [35/118]," PUBLIC, ENVIRONMENTAL & OCCUPATIONAL HEALTH 公共卫生、环境卫生与职业卫生",3 [103/404], MEDICAL INFORMATICS 医学：信息,4 [18/44],,,,,二级
European Journal of Health Economics,2025,1618-7598/1618-7601,否,否,否,SSCI,3,,医学,3 [1462/5603],否, ECONOMICS 经济学,3 [164/599], HEALTH POLICY & SERVICES 卫生政策与服务,3 [36/118],,,,,,,,,二级
QUALITY OF LIFE RESEARCH,2025,0962-9343/1573-2649,否,否,否,SSCI;SCIE,2.7,,医学,3 [1463/5603],否, HEALTH CARE SCIENCES & SERVICES 卫生保健与服务,3 [51/173], HEALTH POLICY & SERVICES 卫生政策与服务,3 [37/118]," PUBLIC, ENVIRONMENTAL & OCCUPATIONAL HEALTH 公共卫生、环境卫生与职业卫生",3 [104/404],,,,,,,二级
GENE THERAPY,2025,0969-7128/1476-5462,否,否,否,SCIE,4.5,,医学,3 [1464/5603],否, BIOTECHNOLOGY & APPLIED MICROBIOLOGY 生物工程与应用微生物,2 [40/174], BIOCHEMISTRY & MOLECULAR BIOLOGY 生化与分子生物学,3 [97/310], GENETICS & HEREDITY 遗传学,3 [64/190]," MEDICINE, RESEARCH & EXPERIMENTAL 医学：研究与实验",3 [64/188],,,,,二级
Journal of Robotic Surgery,2025,1863-2483/1863-2491,否,否,否,SCIE,3,,医学,3 [1465/5603],否, SURGERY 外科,3 [78/292],,,,,,,,,,,二级
Safety and Health at Work,2025,2093-7911/2093-7997,否,否,是,SSCI;SCIE,2.9,,医学,3 [1466/5603],否," PUBLIC, ENVIRONMENTAL & OCCUPATIONAL HEALTH 公共卫生、环境卫生与职业卫生",3 [105/404],,,,,,,,,,,二级
LASERS IN SURGERY AND MEDICINE,2025,0196-8092/1096-9101,否,否,否,SCIE,1.9,,医学,3 [1467/5603],否, DERMATOLOGY 皮肤病学,2 [16/94], SURGERY 外科,3 [79/292],,,,,,,,,二级
COMPLEMENTARY THERAPIES IN MEDICINE,2025,0965-2299/1873-6963,否,否,是,SCIE,3.5,,医学,3 [1468/5603],否, INTEGRATIVE & COMPLEMENTARY MEDICINE 全科医学与补充医学,3 [10/43],,,,,,,,,,,二级
Cancer Nanotechnology,2025,1868-6958/1868-6966,否,否,是,SCIE,4.8,,医学,3 [1469/5603],否, NANOSCIENCE & NANOTECHNOLOGY 纳米科技,3 [48/139], ONCOLOGY 肿瘤学,3 [120/318],,,,,,,,,二级
SEMINARS IN LIVER DISEASE,2025,0272-8087/1098-8971,是,否,否,SCIE,3.7,,医学,3 [1470/5603],否, GASTROENTEROLOGY & HEPATOLOGY 胃肠肝病学,3 [48/143],,,,,,,,,,,二级
JOURNAL OF BIOMECHANICS,2025,0021-9290/1873-2380,否,否,否,SCIE,2.4,,医学,3 [1471/5603],否, BIOPHYSICS 生物物理,2 [15/76]," ENGINEERING, BIOMEDICAL 工程：生物医学",3 [43/120],,,,,,,,,二级
One Health Outlook,2025,2524-4655/2524-4655,否,否,是,ESCI,3.6,,医学,3 [1472/5603],否, INFECTIOUS DISEASES 传染病学,3 [42/134], MICROBIOLOGY 微生物学,3 [61/159]," PUBLIC, ENVIRONMENTAL & OCCUPATIONAL HEALTH 公共卫生、环境卫生与职业卫生",3 [106/404],,,,,,,二级
Seminars in Oncology Nursing,2025,0749-2081/1878-3449,否,否,否,SSCI;SCIE,,,医学,3 [1473/5603],否, NURSING 护理,2 [29/191], ONCOLOGY 肿瘤学,3 [121/318],,,,,,,,,二级
JOURNAL OF DERMATOLOGICAL SCIENCE,2025,0923-1811/1873-569X,否,否,否,SCIE,4,,医学,3 [1474/5603],否, DERMATOLOGY 皮肤病学,2 [17/94],,,,,,,,,,,二级
Pain Research & Management,2025,1203-6765/1918-1523,否,否,是,SCIE,3,,医学,3 [1475/5603],否, CLINICAL NEUROLOGY 临床神经病学,3 [92/278],,,,,,,,,,,二级
IEEE Journal of Translational Engineering in Health and Medicine,2025,2168-2372/2168-2372,否,否,是,SCIE,4.4,,医学,3 [1476/5603],否," ENGINEERING, BIOMEDICAL 工程：生物医学",3 [45/120],,,,,,,,,,,二级
JOURNAL OF HYPERTENSION,2025,0263-6352/1473-5598,否,否,否,SCIE,4.1,,医学,3 [1477/5603],否, PERIPHERAL VASCULAR DISEASE 外周血管病,3 [28/96],,,,,,,,,,,二级
BMC Pulmonary Medicine,2025,1471-2466/1471-2466,否,否,是,SCIE,2.8,,医学,3 [1478/5603],否, RESPIRATORY SYSTEM 呼吸系统,3 [34/101],,,,,,,,,,,二级
Foot and Ankle Surgery,2025,1268-7731/1460-9584,否,否,否,SCIE,2,,医学,3 [1479/5603],否, ORTHOPEDICS 骨科,3 [38/136],,,,,,,,,,,二级
Journal of Neurosurgery-Pediatrics,2025,1933-0707/1933-0715,否,否,否,SCIE,2.1,,医学,3 [1480/5603],否, CLINICAL NEUROLOGY 临床神经病学,3 [93/278], PEDIATRICS 儿科,3 [40/185], SURGERY 外科,3 [80/292],,,,,,,二级
Orthodontics & Craniofacial Research,2025,1601-6335/1601-6343,否,否,否,SCIE,1.7,,医学,3 [1481/5603],否," DENTISTRY, ORAL SURGERY & MEDICINE 牙科与口腔外科",3 [41/157],,,,,,,,,,,二级
Diabetology & Metabolic Syndrome,2025,1758-5996/1758-5996,否,否,是,SCIE,3.9,,医学,3 [1482/5603],否, ENDOCRINOLOGY & METABOLISM 内分泌学与代谢,3 [74/184],,,,,,,,,,,二级
BMC MUSCULOSKELETAL DISORDERS,2025,1471-2474/1471-2474,否,否,是,SCIE,2.4,,医学,3 [1483/5603],否, ORTHOPEDICS 骨科,3 [39/136], RHEUMATOLOGY 风湿病学,3 [17/55],,,,,,,,,二级
Advances in Urology,2025,1687-6369/1687-6377,否,否,是,ESCI,2.3,,医学,3 [1484/5603],否, UROLOGY & NEPHROLOGY 泌尿学与肾脏学,3 [41/126],,,,,,,,,,,二级
RESPIRATION,2025,0025-7931/1423-0356,否,否,否,SCIE,3.8,,医学,3 [1485/5603],否, RESPIRATORY SYSTEM 呼吸系统,3 [35/101],,,,,,,,,,,二级
CURRENT PROBLEMS IN CARDIOLOGY,2025,0146-2806/1535-6280,是,否,否,SCIE,3.3,,医学,3 [1486/5603],否, CARDIAC & CARDIOVASCULAR SYSTEMS 心脏和心血管系统,3 [72/223],,,,,,,,,,,二级
ACTA DIABETOLOGICA,2025,0940-5429/1432-5233,否,否,否,SCIE,2.9,,医学,3 [1487/5603],否, ENDOCRINOLOGY & METABOLISM 内分泌学与代谢,3 [75/184],,,,,,,,,,,二级
Global Health Action,2025,1654-9880/1654-9880,否,否,是,SSCI;SCIE,2.6,,医学,3 [1488/5603],否," PUBLIC, ENVIRONMENTAL & OCCUPATIONAL HEALTH 公共卫生、环境卫生与职业卫生",3 [107/404],,,,,,,,,,,二级
Virology Journal,2025,1743-422X/1743-422X,否,否,是,SCIE,3.8,,医学,3 [1489/5603],否, VIROLOGY 病毒学,3 [14/41],,,,,,,,,,,二级
WORLD JOURNAL OF GASTROENTEROLOGY,2025,1007-9327/2219-2840,否,否,否,SCIE,5.4,,医学,3 [1490/5603],否, GASTROENTEROLOGY & HEPATOLOGY 胃肠肝病学,4 [53/143],,,,,,,,,,,二级
Cardiovascular Ultrasound,2025,1476-7120/1476-7120,否,否,是,SCIE,1.6,,医学,3 [1491/5603],否, CARDIAC & CARDIOVASCULAR SYSTEMS 心脏和心血管系统,3 [73/223],,,,,,,,,,,二级
CALCIFIED TISSUE INTERNATIONAL,2025,0171-967X/1432-0827,否,否,否,SCIE,3.2,,医学,3 [1492/5603],否, ENDOCRINOLOGY & METABOLISM 内分泌学与代谢,3 [76/184],,,,,,,,,,,二级
NEUROSURGERY CLINICS OF NORTH AMERICA,2025,1042-3680/1558-1349,否,否,否,SCIE,1.9,,医学,3 [1493/5603],否, CLINICAL NEUROLOGY 临床神经病学,3 [94/278], SURGERY 外科,3 [81/292],,,,,,,,,二级
Neurology-Genetics,2025,2376-7839/2376-7839,否,否,是,SCIE,3.7,,医学,3 [1494/5603],否, CLINICAL NEUROLOGY 临床神经病学,3 [95/278], GENETICS & HEREDITY 遗传学,3 [66/190],,,,,,,,,二级
Vaccines,2025,2076-393X/2076-393X,否,否,是,SCIE,3.4,,医学,3 [1495/5603],否, IMMUNOLOGY 免疫学,3 [74/179]," MEDICINE, RESEARCH & EXPERIMENTAL 医学：研究与实验",3 [65/188],,,,,,,,,二级
Orthopaedic Journal of Sports Medicine,2025,2325-9671/2325-9671,否,否,是,SCIE,2.5,,医学,3 [1496/5603],否, ORTHOPEDICS 骨科,3 [40/136], SPORT SCIENCES 运动科学,3 [41/126],,,,,,,,,二级
VIEW,2025,2688-3988/2688-268X,否,否,是,ESCI,8.5,,医学,3 [1497/5603],否," MATERIALS SCIENCE, BIOMATERIALS 材料科学：生物材料",3 [19/52], NANOSCIENCE & NANOTECHNOLOGY 纳米科技,3 [50/139],,,,,,,,,二级
MEDICAL CLINICS OF NORTH AMERICA,2025,0025-7125/1557-9859,否,否,否,SCIE,4.2,,医学,3 [1498/5603],否," MEDICINE, GENERAL & INTERNAL 医学：内科",2 [46/327],,,,,,,,,,,二级
MAGNETIC RESONANCE IN MEDICINE,2025,0740-3194/1522-2594,否,否,否,SCIE,3,,医学,3 [1499/5603],否," RADIOLOGY, NUCLEAR MEDICINE & MEDICAL IMAGING 核医学",3 [60/206],,,,,,,,,,,二级
Endocrine Connections,2025,2049-3614/2049-3614,否,否,是,SCIE,2.8,,医学,3 [1500/5603],否, ENDOCRINOLOGY & METABOLISM 内分泌学与代谢,3 [77/184],,,,,,,,,,,二级
Journal of Clinical Medicine,2025,2077-0383/2077-0383,否,否,是,SCIE,2.9,Mega-Journal,医学,3 [1501/5603],否," MEDICINE, GENERAL & INTERNAL 医学：内科",3 [50/327],,,,,,,,,,,二级
Journal of Anesthesia,2025,0913-8668/1438-8359,否,否,否,SCIE,2.7,,医学,3 [1502/5603],否, ANESTHESIOLOGY 麻醉学,3 [16/64],,,,,,,,,,,二级
Surgical Oncology Clinics of North America,2025,1055-3207/1558-5042,是,否,否,SCIE,2.4,,医学,3 [1503/5603],否, ONCOLOGY 肿瘤学,3 [122/318], SURGERY 外科,3 [82/292],,,,,,,,,二级
Journal of Pharmaceutical Policy and Practice,2025,2052-3211/2052-3211,否,否,是,ESCI,2.5,,医学,3 [1504/5603],否, HEALTH POLICY & SERVICES 卫生政策与服务,3 [38/118], PHARMACOLOGY & PHARMACY 药学,3 [94/350],,,,,,,,,二级
JOURNAL OF THE PERIPHERAL NERVOUS SYSTEM,2025,1085-9489/1529-8027,否,否,否,SCIE,3.2,,医学,3 [1505/5603],否, CLINICAL NEUROLOGY 临床神经病学,3 [96/278], NEUROSCIENCES 神经科学,3 [112/309],,,,,,,,,二级
ARCHIVES OF PATHOLOGY & LABORATORY MEDICINE,2025,0003-9985/1543-2165,否,否,否,SCIE,3.2,,医学,3 [1506/5603],否, MEDICAL LABORATORY TECHNOLOGY 医学实验技术,2 [9/31], PATHOLOGY 病理学,2 [23/88]," MEDICINE, RESEARCH & EXPERIMENTAL 医学：研究与实验",3 [66/188],,,,,,,二级
Clinical and Translational Gastroenterology,2025,2155-384X/2155-384X,否,否,是,SCIE,3,,医学,3 [1507/5603],否, GASTROENTEROLOGY & HEPATOLOGY 胃肠肝病学,4 [54/143],,,,,,,,,,,二级
BMJ Open Gastroenterology,2025,2054-4774/2054-4774,否,否,是,ESCI,2.9,,医学,3 [1508/5603],否, GASTROENTEROLOGY & HEPATOLOGY 胃肠肝病学,4 [55/143],,,,,,,,,,,二级
Translational Oncology,2025,1936-5233/1936-5233,否,否,是,SCIE,4.1,,医学,3 [1509/5603],否, ONCOLOGY 肿瘤学,3 [123/318],,,,,,,,,,,二级
Pain Physician,2025,1533-3159,否,否,否,SCIE,2.5,,医学,3 [1510/5603],否, ANESTHESIOLOGY 麻醉学,3 [17/64], CLINICAL NEUROLOGY 临床神经病学,3 [97/278],,,,,,,,,二级
JMIR Human Factors,2025,2292-9495/2292-9495,否,否,是,ESCI,3,,医学,3 [1511/5603],否, HEALTH CARE SCIENCES & SERVICES 卫生保健与服务,3 [52/173], MEDICAL INFORMATICS 医学：信息,4 [19/44],,,,,,,,,二级
Journal of Neuroimmune Pharmacology,2025,1557-1890/1557-1904,否,否,否,SCIE,3.5,,医学,3 [1512/5603],否, NEUROSCIENCES 神经科学,3 [113/309], PHARMACOLOGY & PHARMACY 药学,3 [95/350],,,,,,,,,二级
JOURNAL OF GENERAL PHYSIOLOGY,2025,0022-1295/1540-7748,否,否,否,SCIE,2.9,,医学,3 [1513/5603],否, PHYSIOLOGY 生理学,2 [22/84],,,,,,,,,,,二级
GAIT & POSTURE,2025,0966-6362/1879-2219,否,否,否,SCIE,2.4,,医学,3 [1514/5603],否, NEUROSCIENCES 神经科学,3 [114/309], ORTHOPEDICS 骨科,3 [41/136], SPORT SCIENCES 运动科学,3 [42/126],,,,,,,二级
Contact Lens & Anterior Eye,2025,1367-0484/1476-5411,否,否,否,SCIE,3.7,,医学,3 [1515/5603],否, OPHTHALMOLOGY 眼科学,3 [23/95],,,,,,,,,,,二级
INFECTION AND IMMUNITY,2025,0019-9567/1098-5522,否,否,否,SCIE,2.8,,医学,3 [1516/5603],否, IMMUNOLOGY 免疫学,3 [75/179], INFECTIOUS DISEASES 传染病学,3 [43/134],,,,,,,,,二级
Substance Abuse,2025,0889-7077/1547-0164,否,否,否,SSCI;SCIE,2.4,,医学,3 [1517/5603],否, SUBSTANCE ABUSE 药物滥用,3 [19/56],,,,,,,,,,,二级
TOXICOLOGICAL SCIENCES,2025,1096-6080/1096-0929,否,否,否,SCIE,4.1,,医学,3 [1518/5603],否, TOXICOLOGY 毒理学,2 [21/106],,,,,,,,,,,二级
OTOLOGY & NEUROTOLOGY,2025,1531-7129/1537-4505,否,否,否,SCIE,2,,医学,3 [1519/5603],否, CLINICAL NEUROLOGY 临床神经病学,3 [98/278], OTORHINOLARYNGOLOGY 耳鼻喉科学,3 [15/66],,,,,,,,,二级
BIOLOGICAL PSYCHOLOGY,2025,0301-0511/1873-6246,否,否,否,SSCI;SCIE,2.9,,医学,3 [1520/5603],否, BEHAVIORAL SCIENCES 行为科学,2 [13/55], PSYCHOLOGY 心理学,3 [28/92]," PSYCHOLOGY, BIOLOGICAL 心理学：生物",3 [5/18]," PSYCHOLOGY, EXPERIMENTAL 心理学：实验",3 [44/99],,,,,二级
Games for Health Journal,2025,2161-783X/2161-7856,否,否,否,SSCI,2.8,,医学,3 [1521/5603],否, REHABILITATION 康复医学,2 [31/169]," PUBLIC, ENVIRONMENTAL & OCCUPATIONAL HEALTH 公共卫生、环境卫生与职业卫生",3 [108/404],,,,,,,,,二级
Stigma and Health,2025,2376-6972/2376-6964,否,否,否,ESCI,2.2,,医学,3 [1522/5603],否," PUBLIC, ENVIRONMENTAL & OCCUPATIONAL HEALTH 公共卫生、环境卫生与职业卫生",3 [109/404]," PSYCHOLOGY, SOCIAL 心理学：社会",4 [39/76],,,,,,,,,二级
Journal of Functional Biomaterials,2025,2079-4983/2079-4983,否,否,是,SCIE,5.2,,医学,3 [1523/5603],否," ENGINEERING, BIOMEDICAL 工程：生物医学",3 [46/120]," MATERIALS SCIENCE, BIOMATERIALS 材料科学：生物材料",3 [20/52],,,,,,,,,二级
JMIR Infodemiology,2025,2564-1891/2564-1891,否,否,是,ESCI,2.3,,医学,3 [1524/5603],否, HEALTH CARE SCIENCES & SERVICES 卫生保健与服务,3 [53/173]," PUBLIC, ENVIRONMENTAL & OCCUPATIONAL HEALTH 公共卫生、环境卫生与职业卫生",3 [110/404],,,,,,,,,二级
INTERNATIONAL ARCHIVES OF OCCUPATIONAL AND ENVIRONMENTAL HEALTH,2025,0340-0131/1432-1246,否,否,否,SCIE,2.4,,医学,3 [1525/5603],否," PUBLIC, ENVIRONMENTAL & OCCUPATIONAL HEALTH 公共卫生、环境卫生与职业卫生",3 [111/404],,,,,,,,,,,二级
PHARMACOTHERAPY,2025,0277-0008/1875-9114,否,否,否,SCIE,3.4,,医学,3 [1526/5603],否, PHARMACOLOGY & PHARMACY 药学,3 [96/350],,,,,,,,,,,二级
CLINICS IN PLASTIC SURGERY,2025,0094-1298/1558-0504,是,否,否,SCIE,1.8,,医学,3 [1527/5603],否, SURGERY 外科,3 [83/292],,,,,,,,,,,二级
RETINA-THE JOURNAL OF RETINAL AND VITREOUS DISEASES,2025,0275-004X/1539-2864,否,否,否,SCIE,2.1,,医学,3 [1528/5603],否, OPHTHALMOLOGY 眼科学,3 [24/95],,,,,,,,,,,二级
CYTOKINE,2025,1043-4666/1096-0023,否,否,否,SCIE,3.7,,医学,3 [1529/5603],否, BIOCHEMISTRY & MOLECULAR BIOLOGY 生化与分子生物学,3 [101/310], CELL BIOLOGY 细胞生物学,3 [87/203], IMMUNOLOGY 免疫学,3 [76/179],,,,,,,二级
PSYCHOPHARMACOLOGY,2025,0033-3158/1432-2072,否,否,否,SCIE,3.3,,医学,3 [1530/5603],否, NEUROSCIENCES 神经科学,3 [115/309], PHARMACOLOGY & PHARMACY 药学,3 [97/350], PSYCHIATRY 精神病学,3 [88/277],,,,,,,二级
Frontiers in Psychiatry,2025,1664-0640/1664-0640,否,否,是,SSCI;SCIE,3.2,,医学,3 [1531/5603],否, PSYCHIATRY 精神病学,3 [89/277],,,,,,,,,,,二级
Epilepsia Open,2025,2470-9239/2470-9239,否,否,是,SCIE,2.9,,医学,3 [1532/5603],否, CLINICAL NEUROLOGY 临床神经病学,3 [99/278], NEUROSCIENCES 神经科学,3 [116/309],,,,,,,,,二级
ARCHIVES OF ORTHOPAEDIC AND TRAUMA SURGERY,2025,0936-8051/1434-3916,否,否,否,SCIE,2.1,,医学,3 [1533/5603],否, ORTHOPEDICS 骨科,3 [42/136], SURGERY 外科,3 [84/292],,,,,,,,,二级
CLINICAL AND EXPERIMENTAL RHEUMATOLOGY,2025,0392-856X/1593-098X,否,否,否,SCIE,3.3,,医学,3 [1534/5603],否, RHEUMATOLOGY 风湿病学,3 [18/55],,,,,,,,,,,二级
CRITICAL CARE CLINICS,2025,0749-0704/1557-8232,否,否,否,SCIE,2.4,,医学,3 [1535/5603],否, CRITICAL CARE MEDICINE 危重病医学,4 [20/56],,,,,,,,,,,二级
Substance Abuse Treatment Prevention and Policy,2025,1747-597X/1747-597X,否,否,是,SSCI,3.2,,医学,3 [1536/5603],否, SUBSTANCE ABUSE 药物滥用,3 [20/56],,,,,,,,,,,二级
Journal of Diabetes,2025,1753-0393/1753-0407,否,是,是,SCIE,3.7,,医学,3 [1537/5603],否, ENDOCRINOLOGY & METABOLISM 内分泌学与代谢,3 [78/184],,,,,,,,,,,二级
ANNALS OF BIOMEDICAL ENGINEERING,2025,0090-6964/1573-9686,否,否,否,SCIE,5.4,,医学,3 [1538/5603],否," ENGINEERING, BIOMEDICAL 工程：生物医学",3 [47/120],,,,,,,,,,,二级
Journal of Global Health,2025,2047-2978/2047-2986,否,否,是,SSCI;SCIE,4.3,,医学,3 [1539/5603],否," PUBLIC, ENVIRONMENTAL & OCCUPATIONAL HEALTH 公共卫生、环境卫生与职业卫生",3 [112/404],,,,,,,,,,,二级
PPAR Research,2025,1687-4757/1687-4765,否,否,是,SCIE,3.1,,医学,3 [1540/5603],否," MEDICINE, RESEARCH & EXPERIMENTAL 医学：研究与实验",3 [67/188],,,,,,,,,,,二级
CHEMICAL RESEARCH IN TOXICOLOGY,2025,0893-228X/1520-5010,否,否,否,SCIE,3.8,,医学,3 [1541/5603],否, TOXICOLOGY 毒理学,2 [22/106]," CHEMISTRY, MEDICINAL 药物化学",3 [24/72]," CHEMISTRY, MULTIDISCIPLINARY 化学：综合",3 [67/230],,,,,,,二级
Pain Reports,2025,2471-2531/2471-2531,否,否,是,ESCI,3.1,,医学,3 [1542/5603],否, NEUROSCIENCES 神经科学,3 [117/309],,,,,,,,,,,二级
PSYCHOSOMATIC MEDICINE,2025,0033-3174/1534-7796,否,否,否,SSCI;SCIE,2.4,,医学,3 [1543/5603],否, PSYCHIATRY 精神病学,3 [90/277], PSYCHOLOGY 心理学,3 [29/92]," PSYCHOLOGY, MULTIDISCIPLINARY 心理学：综合",3 [67/219],,,,,,,二级
EMERGENCY MEDICINE JOURNAL,2025,1472-0205/1472-0213,否,否,否,SCIE,2.7,,医学,3 [1544/5603],否, EMERGENCY MEDICINE 急救医学,3 [13/54],,,,,,,,,,,二级
Viruses-Basel,2025,1999-4915/1999-4915,否,否,是,SCIE,3.5,,医学,3 [1545/5603],否, VIROLOGY 病毒学,3 [15/41],,,,,,,,,,,二级
ARCHIVES OF DISEASE IN CHILDHOOD,2025,0003-9888/1468-2044,否,否,否,SCIE,3.2,,医学,3 [1546/5603],否, PEDIATRICS 儿科,3 [41/185],,,,,,,,,,,二级
Molecular Brain,2025,1756-6606/1756-6606,否,否,是,SCIE,2.9,,医学,3 [1547/5603],否, NEUROSCIENCES 神经科学,3 [118/309],,,,,,,,,,,二级
Journal of Health Economics and Outcomes Research,2025,2327-2236/2327-2236,否,否,是,ESCI,2.3,,医学,3 [1548/5603],否, ECONOMICS 经济学,3 [178/599], HEALTH CARE SCIENCES & SERVICES 卫生保健与服务,3 [54/173], HEALTH POLICY & SERVICES 卫生政策与服务,3 [39/118],,,,,,,二级
Parasite,2025,1252-607X/1776-1042,否,否,是,SCIE,2.4,,医学,3 [1549/5603],否, PARASITOLOGY 寄生虫学,2 [12/45],,,,,,,,,,,二级
Clinical Gerontologist,2025,0731-7115/1545-2301,否,否,否,SSCI;SCIE,2.4,,医学,3 [1550/5603],否, GERIATRICS & GERONTOLOGY 老年医学,3 [31/72], GERONTOLOGY 老年医学（社科）,3 [15/48], PSYCHIATRY 精神病学,3 [91/277],,,,,,,二级
Frontiers in Digital Health,2025,2673-253X/2673-253X,否,否,是,ESCI,3.8,,医学,3 [1551/5603],否, HEALTH CARE SCIENCES & SERVICES 卫生保健与服务,3 [55/173], MEDICAL INFORMATICS 医学：信息,4 [20/44],,,,,,,,,二级
CANADIAN JOURNAL OF PSYCHIATRY-REVUE CANADIENNE DE PSYCHIATRIE,2025,0706-7437/1497-0015,否,否,否,SSCI;SCIE,3.8,,医学,3 [1552/5603],否, PSYCHIATRY 精神病学,3 [92/277],,,,,,,,,,,二级
Virus Evolution,2025,2057-1577/2057-1577,否,否,是,SCIE,4,,医学,3 [1553/5603],否, VIROLOGY 病毒学,3 [16/41],,,,,,,,,,,二级
PUBLIC HEALTH REVIEWS,2025,2107-6952/2107-6952,是,否,是,ESCI,4.1,,医学,3 [1554/5603],否," PUBLIC, ENVIRONMENTAL & OCCUPATIONAL HEALTH 公共卫生、环境卫生与职业卫生",3 [113/404],,,,,,,,,,,二级
International Journal of Health Geographics,2025,1476-072X/1476-072X,否,否,是,SSCI;SCIE,3.2,,医学,3 [1555/5603],否," PUBLIC, ENVIRONMENTAL & OCCUPATIONAL HEALTH 公共卫生、环境卫生与职业卫生",3 [114/404],,,,,,,,,,,二级
SEMINARS IN NEPHROLOGY,2025,0270-9295/1558-4488,是,否,否,SCIE,3.5,,医学,3 [1556/5603],否, UROLOGY & NEPHROLOGY 泌尿学与肾脏学,3 [42/126],,,,,,,,,,,二级
INTERNATIONAL JOURNAL OF ONCOLOGY,2025,1019-6439/1791-2423,否,否,否,SCIE,4.9,,医学,3 [1557/5603],否, ONCOLOGY 肿瘤学,3 [124/318],,,,,,,,,,,二级
JOURNAL OF THE EGYPTIAN PUBLIC HEALTH ASSOCIATION,2025,2090-262X/2090-262X,否,否,是,ESCI,2.5,,医学,3 [1558/5603],否," PUBLIC, ENVIRONMENTAL & OCCUPATIONAL HEALTH 公共卫生、环境卫生与职业卫生",3 [115/404],,,,,,,,,,,二级
Nurse Educator,2025,0363-3624/1538-9855,否,否,否,SSCI;SCIE,3,,医学,3 [1559/5603],否, NURSING 护理,2 [30/191],,,,,,,,,,,二级
JOURNAL OF NEUROCHEMISTRY,2025,0022-3042/1471-4159,否,否,否,SCIE,4,,医学,3 [1560/5603],否, BIOCHEMISTRY & MOLECULAR BIOLOGY 生化与分子生物学,3 [103/310], NEUROSCIENCES 神经科学,3 [119/309],,,,,,,,,二级
Clinical Neuroradiology,2025,1869-1439/1869-1447,否,否,否,SCIE,2.6,,医学,3 [1561/5603],否, CLINICAL NEUROLOGY 临床神经病学,3 [100/278]," RADIOLOGY, NUCLEAR MEDICINE & MEDICAL IMAGING 核医学",3 [61/206],,,,,,,,,二级
Expert Review of Gastroenterology & Hepatology,2025,1747-4124/1747-4132,是,否,否,SCIE,2.5,,医学,3 [1562/5603],否, GASTROENTEROLOGY & HEPATOLOGY 胃肠肝病学,4 [56/143],,,,,,,,,,,二级
JOURNAL OF MEDICAL ECONOMICS,2025,1369-6998/1941-837X,否,否,否,SCIE,3,,医学,3 [1563/5603],否, HEALTH CARE SCIENCES & SERVICES 卫生保健与服务,3 [56/173]," MEDICINE, GENERAL & INTERNAL 医学：内科",3 [51/327],,,,,,,,,二级
JOURNAL OF COMMUNICATION DISORDERS,2025,0021-9924/1873-7994,否,否,否,SSCI;SCIE,2.1,,医学,3 [1564/5603],否, REHABILITATION 康复医学,2 [33/169], AUDIOLOGY & SPEECH-LANGUAGE PATHOLOGY 听力学与言语病理学,3 [11/35], LINGUISTICS 语言学,4 [117/294],,,,,,,二级
JOR Spine,2025,2572-1143/2572-1143,否,否,是,SCIE,3.9,,医学,3 [1565/5603],否, ORTHOPEDICS 骨科,3 [43/136],,,,,,,,,,,二级
Rheumatology and Therapy,2025,2198-6576/2198-6584,否,否,是,SCIE,2.9,,医学,3 [1566/5603],否, RHEUMATOLOGY 风湿病学,3 [19/55],,,,,,,,,,,二级
GERODONTOLOGY,2025,0734-0664/1741-2358,否,否,否,SCIE,1.7,,医学,3 [1567/5603],否," DENTISTRY, ORAL SURGERY & MEDICINE 牙科与口腔外科",3 [42/157], GERIATRICS & GERONTOLOGY 老年医学,4 [32/72],,,,,,,,,二级
BMC MEDICAL IMAGING,2025,1471-2342/1471-2342,否,否,是,SCIE,3.2,,医学,3 [1568/5603],否," RADIOLOGY, NUCLEAR MEDICINE & MEDICAL IMAGING 核医学",3 [62/206],,,,,,,,,,,二级
Sleep Medicine Clinics,2025,1556-407X/1556-4088,否,否,否,ESCI,4.9,,医学,3 [1569/5603],否, CLINICAL NEUROLOGY 临床神经病学,3 [101/278],,,,,,,,,,,二级
Journal of Parkinsons Disease,2025,1877-7171/1877-718X,否,否,是,SCIE,5,,医学,3 [1570/5603],否, NEUROSCIENCES 神经科学,3 [120/309],,,,,,,,,,,二级
Therapeutic Advances in Musculoskeletal Disease,2025,1759-720X/1759-7218,否,是,是,SCIE,4.1,,医学,3 [1571/5603],否, RHEUMATOLOGY 风湿病学,4 [20/55],,,,,,,,,,,二级
PEDIATRIC SURGERY INTERNATIONAL,2025,0179-0358/1437-9813,否,否,否,SCIE,1.6,,医学,3 [1572/5603],否, PEDIATRICS 儿科,3 [42/185], SURGERY 外科,3 [85/292],,,,,,,,,二级
Annals of Hepatology,2025,1665-2681/1665-2681,否,否,是,SCIE,4.4,,医学,3 [1573/5603],否, GASTROENTEROLOGY & HEPATOLOGY 胃肠肝病学,4 [57/143],,,,,,,,,,,二级
JOURNAL OF VIRAL HEPATITIS,2025,1352-0504/1365-2893,否,否,否,SCIE,2.3,,医学,3 [1574/5603],否, INFECTIOUS DISEASES 传染病学,3 [44/134], VIROLOGY 病毒学,3 [17/41], GASTROENTEROLOGY & HEPATOLOGY 胃肠肝病学,4 [58/143],,,,,,,二级
HIV MEDICINE,2025,1464-2662/1468-1293,否,否,否,SCIE,3.2,,医学,3 [1575/5603],否, INFECTIOUS DISEASES 传染病学,3 [45/134],,,,,,,,,,,二级
JOURNAL OF WOMENS HEALTH,2025,1540-9996/1931-843X,否,否,否,SSCI;SCIE,1.9,,医学,3 [1576/5603],否," MEDICINE, GENERAL & INTERNAL 医学：内科",3 [52/327], OBSTETRICS & GYNECOLOGY 妇产科学,3 [38/135]," PUBLIC, ENVIRONMENTAL & OCCUPATIONAL HEALTH 公共卫生、环境卫生与职业卫生",3 [116/404], WOMENS STUDIES 女性研究,3 [19/66],,,,,二级
CARDIOLOGY CLINICS,2025,0733-8651/1558-2264,是,否,否,SCIE,1.6,,医学,3 [1577/5603],否, CARDIAC & CARDIOVASCULAR SYSTEMS 心脏和心血管系统,3 [74/223],,,,,,,,,,,二级
Policy Politics & Nursing Practice,2025,1527-1544/1552-7468,否,否,否,ESCI,2.6,,医学,3 [1578/5603],否, NURSING 护理,2 [31/191], HEALTH POLICY & SERVICES 卫生政策与服务,3 [40/118],,,,,,,,,二级
Frontiers in Physiology,2025,1664-042X/1664-042X,否,否,是,SCIE,3.4,,医学,3 [1579/5603],否, PHYSIOLOGY 生理学,2 [23/84],,,,,,,,,,,二级
NUTRITIONAL NEUROSCIENCE,2025,1028-415X/1476-8305,否,否,否,SCIE,3.6,,医学,3 [1580/5603],否, NEUROSCIENCES 神经科学,3 [121/309], NUTRITION & DIETETICS 营养学,3 [43/113],,,,,,,,,二级
NEUROEPIDEMIOLOGY,2025,0251-5350/1423-0208,否,否,否,SCIE,4,,医学,3 [1581/5603],否, CLINICAL NEUROLOGY 临床神经病学,3 [102/278]," PUBLIC, ENVIRONMENTAL & OCCUPATIONAL HEALTH 公共卫生、环境卫生与职业卫生",3 [117/404],,,,,,,,,二级
Biomedical Journal,2025,2319-4170/2320-2890,否,否,是,SCIE,4.4,,医学,3 [1582/5603],否, BIOCHEMISTRY & MOLECULAR BIOLOGY 生化与分子生物学,3 [105/310]," MEDICINE, RESEARCH & EXPERIMENTAL 医学：研究与实验",3 [68/188],,,,,,,,,二级
Basic and Clinical Andrology,2025,2051-4190/2051-4190,否,否,是,SCIE,2,,医学,3 [1583/5603],否, ANDROLOGY 男科学,3 [4/8],,,,,,,,,,,二级
MALARIA JOURNAL,2025,1475-2875/1475-2875,否,否,是,SCIE,3,,医学,3 [1584/5603],否, TROPICAL MEDICINE 热带医学,2 [4/28], INFECTIOUS DISEASES 传染病学,3 [46/134], PARASITOLOGY 寄生虫学,3 [13/45],,,,,,,二级
ACTA DERMATO-VENEREOLOGICA,2025,0001-5555/1651-2057,否,否,是,SCIE,3.7,,医学,3 [1585/5603],否, DERMATOLOGY 皮肤病学,2 [18/94],,,,,,,,,,,二级
VASCULAR MEDICINE,2025,1358-863X/1477-0377,否,否,否,SCIE,3.3,,医学,3 [1586/5603],否, PERIPHERAL VASCULAR DISEASE 外周血管病,3 [29/96],,,,,,,,,,,二级
Sports,2025,2075-4663/2075-4663,否,否,是,ESCI,2.9,,医学,3 [1587/5603],否, SPORT SCIENCES 运动科学,3 [43/126],,,,,,,,,,,二级
AGING & MENTAL HEALTH,2025,1360-7863/1364-6915,否,否,否,SSCI;SCIE,2.4,,医学,3 [1588/5603],否, GERONTOLOGY 老年医学（社科）,3 [16/48], PSYCHIATRY 精神病学,3 [93/277], GERIATRICS & GERONTOLOGY 老年医学,4 [33/72],,,,,,,二级
WORLD JOURNAL OF SURGERY,2025,0364-2313/1432-2323,否,否,否,SCIE,2.5,,医学,3 [1589/5603],否, SURGERY 外科,3 [86/292],,,,,,,,,,,二级
Therapeutic Advances in Chronic Disease,2025,2040-6223/2040-6231,否,否,是,SCIE,2.8,,医学,3 [1590/5603],否, PHARMACOLOGY & PHARMACY 药学,3 [98/350],,,,,,,,,,,二级
Journal of Diabetes Research,2025,2314-6745/2314-6753,否,否,是,SCIE,3.4,,医学,3 [1591/5603],否, ENDOCRINOLOGY & METABOLISM 内分泌学与代谢,3 [79/184]," MEDICINE, RESEARCH & EXPERIMENTAL 医学：研究与实验",3 [69/188],,,,,,,,,二级
Cancer Medicine,2025,2045-7634/2045-7634,否,否,是,SCIE,3.1,,医学,3 [1592/5603],否, ONCOLOGY 肿瘤学,3 [125/318],,,,,,,,,,,二级
CLINICS IN GERIATRIC MEDICINE,2025,0749-0690/1879-8853,是,否,否,SCIE,3.9,,医学,3 [1593/5603],否, GERIATRICS & GERONTOLOGY 老年医学,4 [34/72],,,,,,,,,,,二级
BMC Pharmacology & Toxicology,2025,2050-6511/2050-6511,否,否,是,SCIE,2.7,,医学,3 [1594/5603],否, TOXICOLOGY 毒理学,2 [24/106], PHARMACOLOGY & PHARMACY 药学,3 [99/350],,,,,,,,,二级
EXPERIMENTAL AND CLINICAL PSYCHOPHARMACOLOGY,2025,1064-1297/1936-2293,否,否,否,SSCI;SCIE,2.2,,医学,3 [1595/5603],否, PHARMACOLOGY & PHARMACY 药学,3 [100/350], PSYCHIATRY 精神病学,3 [94/277]," PSYCHOLOGY, BIOLOGICAL 心理学：生物",3 [6/18]," PSYCHOLOGY, CLINICAL 心理学：临床",3 [68/179],,,,,二级
Archives of Osteoporosis,2025,1862-3522/1862-3514,否,否,否,SCIE,2.8,,医学,3 [1596/5603],否, ENDOCRINOLOGY & METABOLISM 内分泌学与代谢,3 [80/184], ORTHOPEDICS 骨科,3 [44/136],,,,,,,,,二级
NUTRITION,2025,0899-9007/1873-1244,否,否,否,SCIE,3,,医学,3 [1597/5603],否, NUTRITION & DIETETICS 营养学,3 [44/113],,,,,,,,,,,二级
International Journal of Social Determinants of Health and Health Services,2025,2755-1938/2755-1946,否,否,否,SSCI;SCIE,2.6,,医学,3 [1598/5603],否, HEALTH CARE SCIENCES & SERVICES 卫生保健与服务,3 [57/173], HEALTH POLICY & SERVICES 卫生政策与服务,3 [41/118],,,,,,,,,二级
LANGENBECKS ARCHIVES OF SURGERY,2025,1435-2443/1435-2451,否,否,否,SCIE,1.8,,医学,3 [1599/5603],否, SURGERY 外科,3 [87/292],,,,,,,,,,,二级
JOURNAL OF NURSING SCHOLARSHIP,2025,1527-6546/1547-5069,否,否,否,SSCI;SCIE,2.9,,医学,3 [1600/5603],否, NURSING 护理,2 [32/191],,,,,,,,,,,二级
Journal of Frailty & Aging,2025,2260-1341/2273-4309,否,否,否,ESCI,3.3,,医学,3 [1601/5603],否, GERIATRICS & GERONTOLOGY 老年医学,4 [35/72],,,,,,,,,,,二级
Radiography,2025,1078-8174/1532-2831,否,否,否,ESCI,2.8,,医学,3 [1602/5603],否," RADIOLOGY, NUCLEAR MEDICINE & MEDICAL IMAGING 核医学",3 [63/206],,,,,,,,,,,二级
COMMUNITY DENTISTRY AND ORAL EPIDEMIOLOGY,2025,0301-5661/1600-0528,否,否,否,SCIE,2.1,,医学,3 [1603/5603],否," DENTISTRY, ORAL SURGERY & MEDICINE 牙科与口腔外科",3 [43/157]," PUBLIC, ENVIRONMENTAL & OCCUPATIONAL HEALTH 公共卫生、环境卫生与职业卫生",3 [118/404],,,,,,,,,二级
Journal of Prosthodontics-Implant Esthetic and Reconstructive Dentistry,2025,1059-941X/1532-849X,否,否,否,SCIE,3.6,,医学,3 [1604/5603],否," DENTISTRY, ORAL SURGERY & MEDICINE 牙科与口腔外科",3 [44/157],,,,,,,,,,,二级
Journal of Traditional and Complementary Medicine,2025,2225-4110/2225-4110,否,否,是,SCIE,3,,医学,3 [1605/5603],否, INTEGRATIVE & COMPLEMENTARY MEDICINE 全科医学与补充医学,3 [11/43],,,,,,,,,,,二级
BREAST CANCER RESEARCH AND TREATMENT,2025,0167-6806/1573-7217,否,否,否,SCIE,3,,医学,3 [1606/5603],否, ONCOLOGY 肿瘤学,3 [126/318],,,,,,,,,,,二级
JOURNAL OF HEAD TRAUMA REHABILITATION,2025,0885-9701/1550-509X,否,否,否,SSCI;SCIE,3.3,,医学,3 [1607/5603],否, CLINICAL NEUROLOGY 临床神经病学,3 [103/278], REHABILITATION 康复医学,3 [35/169],,,,,,,,,二级
Arrhythmia & Electrophysiology Review,2025,2050-3369/2050-3377,是,否,是,ESCI,3.3,,医学,3 [1608/5603],否, CARDIAC & CARDIOVASCULAR SYSTEMS 心脏和心血管系统,3 [75/223],,,,,,,,,,,二级
GERONTOLOGY,2025,0304-324X/1423-0003,否,否,否,SCIE,3,,医学,3 [1609/5603],否, GERIATRICS & GERONTOLOGY 老年医学,4 [36/72],,,,,,,,,,,二级
Frontiers in Cellular Neuroscience,2025,1662-5102/1662-5102,否,否,是,SCIE,4,,医学,3 [1610/5603],否, NEUROSCIENCES 神经科学,3 [123/309],,,,,,,,,,,二级
JOURNAL OF INTELLECTUAL DISABILITY RESEARCH,2025,0964-2633/1365-2788,否,否,否,SSCI,2,,医学,3 [1611/5603],否," EDUCATION, SPECIAL 特殊教育学",3 [20/62], REHABILITATION 康复医学,3 [36/169],,,,,,,,,二级
Current Opinion in Otolaryngology & Head and Neck Surgery,2025,1068-9508/1531-6998,是,否,否,SCIE,2,,医学,3 [1612/5603],否, OTORHINOLARYNGOLOGY 耳鼻喉科学,3 [16/66],,,,,,,,,,,二级
Hormones and Behavior,2025,0018-506X/1095-6867,否,否,否,SCIE,2.4,,医学,3 [1613/5603],否, BEHAVIORAL SCIENCES 行为科学,2 [16/55], ENDOCRINOLOGY & METABOLISM 内分泌学与代谢,3 [81/184],,,,,,,,,二级
SAUDI PHARMACEUTICAL JOURNAL,2025,1319-0164/2213-7475,否,否,是,SCIE,3.4,,医学,3 [1614/5603],否, PHARMACOLOGY & PHARMACY 药学,3 [101/350],,,,,,,,,,,二级
CONNECTIVE TISSUE RESEARCH,2025,0300-8207/1607-8438,否,否,否,SCIE,2.1,,医学,3 [1615/5603],否, CELL BIOLOGY 细胞生物学,3 [88/203], ORTHOPEDICS 骨科,3 [45/136],,,,,,,,,二级
CLINICAL REHABILITATION,2025,0269-2155/1477-0873,否,否,否,SCIE,2.9,,医学,3 [1616/5603],否, REHABILITATION 康复医学,3 [37/169],,,,,,,,,,,二级
BMC Endocrine Disorders,2025,1472-6823/1472-6823,否,否,是,SCIE,3.3,,医学,3 [1617/5603],否, ENDOCRINOLOGY & METABOLISM 内分泌学与代谢,3 [82/184],,,,,,,,,,,二级
TOXICOLOGY AND APPLIED PHARMACOLOGY,2025,0041-008X/1096-0333,否,否,否,SCIE,3.4,,医学,3 [1618/5603],否, TOXICOLOGY 毒理学,2 [26/106], PHARMACOLOGY & PHARMACY 药学,3 [102/350],,,,,,,,,二级
Biomedicines,2025,2227-9059/2227-9059,否,否,是,SCIE,3.9,Mega-Journal,医学,3 [1619/5603],否, BIOCHEMISTRY & MOLECULAR BIOLOGY 生化与分子生物学,3 [106/310]," MEDICINE, RESEARCH & EXPERIMENTAL 医学：研究与实验",3 [70/188], PHARMACOLOGY & PHARMACY 药学,3 [103/350],,,,,,,二级
Cardiovascular Intervention and Therapeutics,2025,1868-4300/1868-4297,否,否,否,ESCI,5.8,,医学,3 [1620/5603],否, CARDIAC & CARDIOVASCULAR SYSTEMS 心脏和心血管系统,3 [76/223],,,,,,,,,,,二级
Korean Journal of Anesthesiology,2025,2005-6419/2005-7563,否,否,是,SCIE,6.3,,医学,3 [1621/5603],否, ANESTHESIOLOGY 麻醉学,4 [18/64],,,,,,,,,,,二级
Journal of Policy and Practice in Intellectual Disabilities,2025,1741-1122/1741-1130,否,否,否,SSCI,2.5,,医学,3 [1622/5603],否, HEALTH POLICY & SERVICES 卫生政策与服务,3 [42/118], REHABILITATION 康复医学,3 [38/169],,,,,,,,,二级
Journal of Athletic Training,2025,1062-6050/1938-162X,否,否,否,SCIE,2.8,,医学,3 [1623/5603],否, SPORT SCIENCES 运动科学,3 [45/126],,,,,,,,,,,二级
AESTHETIC PLASTIC SURGERY,2025,0364-216X/1432-5241,否,否,否,SCIE,2.8,,医学,3 [1624/5603],否, SURGERY 外科,3 [88/292],,,,,,,,,,,二级
Facial Plastic Surgery & Aesthetic Medicine,2025,2689-3614/2689-3622,否,否,否,SCIE,1.6,,医学,3 [1625/5603],否, SURGERY 外科,3 [89/292],,,,,,,,,,,二级
EUROPEAN JOURNAL OF CLINICAL MICROBIOLOGY & INFECTIOUS DISEASES,2025,0934-9723/1435-4373,否,否,否,SCIE,3,,医学,3 [1626/5603],否, INFECTIOUS DISEASES 传染病学,3 [47/134], MICROBIOLOGY 微生物学,3 [62/159],,,,,,,,,二级
Journal of Hepatocellular Carcinoma,2025,2253-5969/2253-5969,否,否,是,SCIE,3.4,,医学,3 [1627/5603],否, ONCOLOGY 肿瘤学,3 [127/318],,,,,,,,,,,二级
Journal of the World Federation of Orthodontists,2025,2212-4438/2212-4438,否,否,否,ESCI,3.2,,医学,3 [1628/5603],否," DENTISTRY, ORAL SURGERY & MEDICINE 牙科与口腔外科",3 [45/157],,,,,,,,,,,二级
Journal of Nursing Research,2025,1682-3141/1948-965X,否,否,是,SSCI;SCIE,2.5,,医学,3 [1629/5603],否, NURSING 护理,2 [33/191],,,,,,,,,,,二级
Esophagus,2025,1612-9059/1612-9067,否,否,否,SCIE,3.8,,医学,3 [1630/5603],否, GASTROENTEROLOGY & HEPATOLOGY 胃肠肝病学,4 [59/143],,,,,,,,,,,二级
JOURNAL OF PERIODONTAL RESEARCH,2025,0022-3484/1600-0765,否,否,否,SCIE,3.4,,医学,3 [1631/5603],否," DENTISTRY, ORAL SURGERY & MEDICINE 牙科与口腔外科",3 [46/157],,,,,,,,,,,二级
CLINICAL ONCOLOGY,2025,0936-6555/1433-2981,否,否,否,SCIE,3,,医学,3 [1632/5603],否, ONCOLOGY 肿瘤学,3 [128/318],,,,,,,,,,,二级
European Geriatric Medicine,2025,1878-7649/1878-7657,否,否,否,SCIE,3.6,,医学,3 [1633/5603],否, GERIATRICS & GERONTOLOGY 老年医学,4 [37/72],,,,,,,,,,,二级
JOURNAL OF BIOMEDICAL OPTICS,2025,1083-3668/1560-2281,否,否,是,SCIE,2.9,,医学,3 [1634/5603],否, BIOCHEMICAL RESEARCH METHODS 生化研究方法,2 [17/85], OPTICS 光学,3 [37/119]," RADIOLOGY, NUCLEAR MEDICINE & MEDICAL IMAGING 核医学",3 [64/206],,,,,,,二级
Health Reports,2025,0840-6529/1209-1367,否,否,否,SSCI;SCIE,3.3,,医学,3 [1635/5603],否," PUBLIC, ENVIRONMENTAL & OCCUPATIONAL HEALTH 公共卫生、环境卫生与职业卫生",3 [119/404],,,,,,,,,,,二级
EXPERIMENTAL GERONTOLOGY,2025,0531-5565/1873-6815,否,否,否,SCIE,4.3,,医学,3 [1636/5603],否, GERIATRICS & GERONTOLOGY 老年医学,4 [38/72],,,,,,,,,,,二级
"Alzheimer's & Dementia: Diagnosis, Assessment & Disease Monitoring",2025,2352-8729/2352-8729,否,否,是,ESCI,4.4,,医学,3 [1637/5603],否, CLINICAL NEUROLOGY 临床神经病学,3 [105/278], NEUROSCIENCES 神经科学,3 [124/309],,,,,,,,,二级
PARASITOLOGY,2025,0031-1820/1469-8161,否,否,否,SCIE,2.4,,医学,3 [1638/5603],否, PARASITOLOGY 寄生虫学,3 [14/45],,,,,,,,,,,二级
Biomarker Insights,2025,1177-2719/1177-2719,否,否,是,ESCI,2.6,,医学,3 [1639/5603],否," MEDICINE, RESEARCH & EXPERIMENTAL 医学：研究与实验",3 [71/188],,,,,,,,,,,二级
EXPERIMENTAL DERMATOLOGY,2025,0906-6705/1600-0625,否,否,否,SCIE,3.1,,医学,3 [1640/5603],否, DERMATOLOGY 皮肤病学,2 [19/94],,,,,,,,,,,二级
Internal and Emergency Medicine,2025,1828-0447/1970-9366,否,否,否,SCIE,3.8,,医学,3 [1641/5603],否," MEDICINE, GENERAL & INTERNAL 医学：内科",3 [53/327],,,,,,,,,,,二级
Journal of Trauma & Dissociation,2025,1529-9732/1529-9740,否,否,否,SSCI,2.4,,医学,3 [1642/5603],否, PSYCHIATRY 精神病学,3 [96/277]," PSYCHOLOGY, CLINICAL 心理学：临床",3 [70/179],,,,,,,,,二级
Ultrasonography,2025,2288-5919/2288-5943,否,否,是,SCIE,2.5,,医学,3 [1643/5603],否," RADIOLOGY, NUCLEAR MEDICINE & MEDICAL IMAGING 核医学",3 [65/206],,,,,,,,,,,二级
Journal of Racial and Ethnic Health Disparities,2025,2197-3792/2196-8837,否,否,否,SSCI,2.4,,医学,3 [1644/5603],否," PUBLIC, ENVIRONMENTAL & OCCUPATIONAL HEALTH 公共卫生、环境卫生与职业卫生",3 [120/404],,,,,,,,,,,二级
Thrombosis Journal,2025,1477-9560/1477-9560,否,否,是,SCIE,2.2,,医学,3 [1645/5603],否, HEMATOLOGY 血液学,3 [31/96], PERIPHERAL VASCULAR DISEASE 外周血管病,3 [30/96],,,,,,,,,二级
Translational Behavioral Medicine,2025,1869-6716/1613-9860,否,否,否,SSCI;SCIE,3,,医学,3 [1646/5603],否," PUBLIC, ENVIRONMENTAL & OCCUPATIONAL HEALTH 公共卫生、环境卫生与职业卫生",3 [121/404],,,,,,,,,,,二级
JOURNAL OF ELDER ABUSE & NEGLECT,2025,0894-6566/1540-4129,否,否,否,SSCI,1.5,,医学,3 [1647/5603],否, GERONTOLOGY 老年医学（社科）,3 [17/48],,,,,,,,,,,二级
AMERICAN JOURNAL OF INDUSTRIAL MEDICINE,2025,0271-3586/1097-0274,否,否,否,SCIE,3.1,,医学,3 [1648/5603],否," PUBLIC, ENVIRONMENTAL & OCCUPATIONAL HEALTH 公共卫生、环境卫生与职业卫生",3 [122/404],,,,,,,,,,,二级
CIRCULATION JOURNAL,2025,1346-9843/1347-4820,否,否,否,SCIE,3.7,,医学,3 [1649/5603],否, CARDIAC & CARDIOVASCULAR SYSTEMS 心脏和心血管系统,3 [77/223],,,,,,,,,,,二级
Updates in Surgery,2025,2038-131X/2038-3312,否,否,否,SCIE,2.2,,医学,3 [1650/5603],否, SURGERY 外科,3 [90/292],,,,,,,,,,,二级
Tropical Medicine and Health,2025,1348-8945/1349-4147,否,否,是,ESCI,3.5,,医学,3 [1651/5603],否, TROPICAL MEDICINE 热带医学,2 [5/28],,,,,,,,,,,二级
HUMAN GENE THERAPY,2025,1043-0342/1557-7422,否,否,否,SCIE,4,,医学,3 [1652/5603],否, BIOTECHNOLOGY & APPLIED MICROBIOLOGY 生物工程与应用微生物,2 [46/174], GENETICS & HEREDITY 遗传学,3 [68/190]," MEDICINE, RESEARCH & EXPERIMENTAL 医学：研究与实验",3 [72/188],,,,,,,二级
Journal of Infection and Public Health,2025,1876-0341/1876-035X,否,否,是,SCIE,4,,医学,3 [1653/5603],否, INFECTIOUS DISEASES 传染病学,3 [48/134]," PUBLIC, ENVIRONMENTAL & OCCUPATIONAL HEALTH 公共卫生、环境卫生与职业卫生",3 [123/404],,,,,,,,,二级
LUNG,2025,0341-2040/1432-1750,否,否,否,SCIE,3.9,,医学,3 [1654/5603],否, RESPIRATORY SYSTEM 呼吸系统,3 [36/101],,,,,,,,,,,二级
PUBLIC HEALTH,2025,0033-3506/1476-5616,否,否,否,SSCI;SCIE,3.2,,医学,3 [1655/5603],否," PUBLIC, ENVIRONMENTAL & OCCUPATIONAL HEALTH 公共卫生、环境卫生与职业卫生",3 [124/404],,,,,,,,,,,二级
JOURNAL OF APPLIED RESEARCH IN INTELLECTUAL DISABILITIES,2025,1360-2322/1468-3148,否,否,否,SSCI,1.9,,医学,3 [1656/5603],否, REHABILITATION 康复医学,3 [40/169]," PSYCHOLOGY, EDUCATIONAL 心理学：教育",4 [41/74],,,,,,,,,二级
Expert Review of Clinical Pharmacology,2025,1751-2433/1751-2441,是,否,否,SCIE,3,,医学,3 [1657/5603],否, PHARMACOLOGY & PHARMACY 药学,3 [105/350],,,,,,,,,,,二级
Australian Critical Care,2025,1036-7314/1878-1721,否,否,否,SSCI;SCIE,2.7,,医学,3 [1658/5603],否, NURSING 护理,2 [34/191], CRITICAL CARE MEDICINE 危重病医学,4 [21/56],,,,,,,,,二级
HemaSphere,2025,2572-9241/2572-9241,否,是,是,SCIE,14.6,,医学,3 [1659/5603],否, HEMATOLOGY 血液学,3 [32/96],,,,,,,,,,,二级
Polish Archives of Internal Medicine-Polskie Archiwum Medycyny Wewnetrznej,2025,0032-3772/1897-9483,否,否,否,SCIE,4.7,,医学,3 [1660/5603],否," MEDICINE, GENERAL & INTERNAL 医学：内科",3 [54/327],,,,,,,,,,,二级
ACTA ONCOLOGICA,2025,0284-186X/1651-226X,否,否,否,SCIE,2.2,,医学,3 [1661/5603],否, ONCOLOGY 肿瘤学,3 [129/318],,,,,,,,,,,二级
Journal of Human Kinetics,2025,1640-5544/1899-7562,否,否,是,SCIE,2.8,,医学,3 [1662/5603],否, SPORT SCIENCES 运动科学,3 [46/126],,,,,,,,,,,二级
Travel Medicine and Infectious Disease,2025,1477-8939/1873-0442,否,否,是,SCIE,4.7,,医学,3 [1663/5603],否, INFECTIOUS DISEASES 传染病学,3 [49/134]," PUBLIC, ENVIRONMENTAL & OCCUPATIONAL HEALTH 公共卫生、环境卫生与职业卫生",3 [125/404],,,,,,,,,二级
Schizophrenia Research-Cognition,2025,2215-0013/2215-0013,否,否,是,ESCI,3,,医学,3 [1664/5603],否, PSYCHIATRY 精神病学,3 [97/277]," PSYCHOLOGY, EXPERIMENTAL 心理学：实验",4 [50/99],,,,,,,,,二级
CLINICAL CARDIOLOGY,2025,0160-9289/1932-8737,否,否,是,SCIE,2.3,,医学,3 [1665/5603],否, CARDIAC & CARDIOVASCULAR SYSTEMS 心脏和心血管系统,3 [78/223],,,,,,,,,,,二级
Biotechnology and Genetic Engineering Reviews,2025,0264-8725/2046-5556,否,否,否,SCIE,1.9,,医学,3 [1666/5603],否, BIOTECHNOLOGY & APPLIED MICROBIOLOGY 生物工程与应用微生物,2 [48/174], GENETICS & HEREDITY 遗传学,3 [69/190],,,,,,,,,二级
Musculoskeletal Science and Practice,2025,2468-7812/2468-7812,否,否,否,SCIE,2.2,,医学,3 [1667/5603],否, REHABILITATION 康复医学,3 [41/169],,,,,,,,,,,二级
Scandinavian Journal of Forensic Science,2025,2353-0707/2353-0707,否,否,是,ESCI,,,医学,3 [1668/5603],否," MEDICINE, LEGAL 医学：法",2 [4/23],,,,,,,,,,,二级
GASTROENTEROLOGY CLINICS OF NORTH AMERICA,2025,0889-8553/1558-1942,是,否,否,SCIE,3.9,,医学,3 [1669/5603],否, GASTROENTEROLOGY & HEPATOLOGY 胃肠肝病学,4 [60/143],,,,,,,,,,,二级
Frontiers in Allergy,2025,2673-6101/2673-6101,否,否,是,ESCI,3.1,,医学,3 [1670/5603],否, ALLERGY 过敏,4 [16/39],,,,,,,,,,,二级
Hepatobiliary & Pancreatic Diseases International,2025,1499-3872/2352-9377,否,否,否,SCIE,4.4,,医学,3 [1671/5603],否, GASTROENTEROLOGY & HEPATOLOGY 胃肠肝病学,4 [61/143],,,,,,,,,,,二级
Transcultural Psychiatry,2025,1363-4615/1461-7471,否,否,否,SSCI,2.7,,医学,3 [1672/5603],否, ANTHROPOLOGY 人类学,3 [50/137], PSYCHIATRY 精神病学,3 [98/277],,,,,,,,,二级
Biomaterials Science,2025,2047-4830/2047-4849,否,否,否,SCIE,5.7,,医学,3 [1673/5603],否," MATERIALS SCIENCE, BIOMATERIALS 材料科学：生物材料",3 [23/52],,,,,,,,,,,二级
CANADIAN ASSOCIATION OF RADIOLOGISTS JOURNAL-JOURNAL DE L ASSOCIATION CANADIENNE DES RADIOLOGISTES,2025,0846-5371/1488-2361,否,否,否,SCIE,3.7,,医学,3 [1674/5603],否," RADIOLOGY, NUCLEAR MEDICINE & MEDICAL IMAGING 核医学",3 [66/206],,,,,,,,,,,二级
Journal of Geriatric Oncology,2025,1879-4068/1879-4076,否,否,否,SCIE,2.7,,医学,3 [1675/5603],否, ONCOLOGY 肿瘤学,3 [130/318], GERIATRICS & GERONTOLOGY 老年医学,4 [39/72],,,,,,,,,二级
Radiology-Cardiothoracic Imaging,2025,2638-6135/2638-6135,否,否,否,ESCI,4.2,,医学,3 [1676/5603],否," RADIOLOGY, NUCLEAR MEDICINE & MEDICAL IMAGING 核医学",3 [67/206],,,,,,,,,,,二级
Frontiers in Public Health,2025,2296-2565/2296-2565,否,否,是,SSCI;SCIE,3.4,Mega-Journal,医学,3 [1677/5603],否," PUBLIC, ENVIRONMENTAL & OCCUPATIONAL HEALTH 公共卫生、环境卫生与职业卫生",3 [126/404],,,,,,,,,,,二级
EUROPEAN ADDICTION RESEARCH,2025,1022-6877/1421-9891,否,否,否,SSCI;SCIE,2.3,,医学,3 [1678/5603],否, PSYCHIATRY 精神病学,3 [99/277], SUBSTANCE ABUSE 药物滥用,3 [21/56],,,,,,,,,二级
Jornal de Pediatria,2025,0021-7557/1678-4782,否,否,是,SCIE,2.5,,医学,3 [1679/5603],否, PEDIATRICS 儿科,3 [43/185],,,,,,,,,,,二级
JOURNAL OF ORAL PATHOLOGY & MEDICINE,2025,0904-2512/1600-0714,否,否,否,SCIE,2.3,,医学,3 [1680/5603],否," DENTISTRY, ORAL SURGERY & MEDICINE 牙科与口腔外科",3 [47/157], PATHOLOGY 病理学,3 [25/88],,,,,,,,,二级
Joint Diseases and Related Surgery,2025,2687-4792/2687-4792,否,否,否,SCIE,1.9,,医学,3 [1681/5603],否, SURGERY 外科,3 [91/292], ORTHOPEDICS 骨科,4 [46/136],,,,,,,,,二级
Ophthalmology and Therapy,2025,2193-8245/2193-6528,否,否,是,SCIE,3.2,,医学,3 [1682/5603],否, OPHTHALMOLOGY 眼科学,3 [25/95],,,,,,,,,,,二级
REVIEWS IN THE NEUROSCIENCES,2025,0334-1763/2191-0200,是,否,否,SCIE,4.1,,医学,3 [1683/5603],否, NEUROSCIENCES 神经科学,3 [125/309],,,,,,,,,,,二级
JPAD-Journal of Prevention of Alzheimers Disease,2025,2274-5807/2426-0266,否,否,否,SCIE,7.8,,医学,3 [1684/5603],否, CLINICAL NEUROLOGY 临床神经病学,3 [106/278],,,,,,,,,,,二级
Current Hematologic Malignancy Reports,2025,1558-8211/1558-822X,是,否,否,SCIE,3.3,,医学,3 [1685/5603],否, HEMATOLOGY 血液学,3 [33/96], ONCOLOGY 肿瘤学,3 [131/318],,,,,,,,,二级
AGEING & SOCIETY,2025,0144-686X/1469-1779,否,否,否,SSCI,2.2,,医学,3 [1686/5603],否, GERONTOLOGY 老年医学（社科）,3 [18/48],,,,,,,,,,,二级
JOURNAL OF AGING STUDIES,2025,0890-4065/1879-193X,否,否,否,SSCI,1.9,,医学,3 [1687/5603],否, GERONTOLOGY 老年医学（社科）,3 [19/48],,,,,,,,,,,二级
BIOGERONTOLOGY,2025,1389-5729/1573-6768,否,否,否,SCIE,4.1,,医学,3 [1688/5603],否, GERIATRICS & GERONTOLOGY 老年医学,4 [40/72],,,,,,,,,,,二级
Pigment Cell & Melanoma Research,2025,1755-1471/1755-148X,否,否,否,SCIE,2.6,,医学,3 [1689/5603],否, CELL BIOLOGY 细胞生物学,3 [91/203], DERMATOLOGY 皮肤病学,3 [20/94], ONCOLOGY 肿瘤学,3 [132/318],,,,,,,二级
Clinical Lung Cancer,2025,1525-7304/1938-0690,否,否,否,SCIE,3.3,,医学,3 [1690/5603],否, ONCOLOGY 肿瘤学,3 [133/318],,,,,,,,,,,二级
DM DISEASE-A-MONTH,2025,0011-5029/1557-8194,否,否,否,SCIE,4.3,,医学,3 [1691/5603],否," MEDICINE, GENERAL & INTERNAL 医学：内科",3 [55/327],,,,,,,,,,,二级
Drug Delivery and Translational Research,2025,2190-393X/2190-3948,否,否,否,SCIE,5.5,,医学,3 [1692/5603],否," MEDICINE, RESEARCH & EXPERIMENTAL 医学：研究与实验",3 [73/188], PHARMACOLOGY & PHARMACY 药学,3 [106/350],,,,,,,,,二级
AMERICAN JOURNAL OF CRITICAL CARE,2025,1062-3264/1937-710X,否,否,否,SCIE,2.2,,医学,3 [1693/5603],否, NURSING 护理,2 [35/191], CRITICAL CARE MEDICINE 危重病医学,4 [22/56],,,,,,,,,二级
CLINICAL AUTONOMIC RESEARCH,2025,0959-9851/1619-1560,否,否,否,SCIE,3.4,,医学,3 [1694/5603],否, CLINICAL NEUROLOGY 临床神经病学,3 [107/278], NEUROSCIENCES 神经科学,3 [126/309],,,,,,,,,二级
Tissue Engineering and Regenerative Medicine,2025,1738-2696/2212-5469,否,否,否,SCIE,4.1,,医学,3 [1695/5603],否, CELL & TISSUE ENGINEERING 细胞与组织工程,3 [13/31]," ENGINEERING, BIOMEDICAL 工程：生物医学",3 [48/120],,,,,,,,,二级
JOURNAL OF TRACE ELEMENTS IN MEDICINE AND BIOLOGY,2025,0946-672X/1878-3252,否,否,否,SCIE,3.3,,医学,3 [1696/5603],否, BIOCHEMISTRY & MOLECULAR BIOLOGY 生化与分子生物学,3 [110/310], ENDOCRINOLOGY & METABOLISM 内分泌学与代谢,3 [83/184],,,,,,,,,二级
Patient Safety in Surgery,2025,1754-9493/1754-9493,否,否,是,ESCI,2.1,,医学,3 [1697/5603],否, SURGERY 外科,3 [92/292],,,,,,,,,,,二级
Therapeutic Advances in Drug Safety,2025,2042-0986/2042-0994,否,否,是,SCIE,3.4,,医学,3 [1698/5603],否, PHARMACOLOGY & PHARMACY 药学,3 [107/350],,,,,,,,,,,二级
JOURNAL OF NEURAL TRANSMISSION,2025,0300-9564/1435-1463,否,否,否,SCIE,4,,医学,3 [1699/5603],否, CLINICAL NEUROLOGY 临床神经病学,3 [108/278], NEUROSCIENCES 神经科学,3 [127/309],,,,,,,,,二级
EXPERT REVIEWS IN MOLECULAR MEDICINE,2025,1462-3994/1462-3994,是,否,否,SCIE,5.5,,医学,3 [1700/5603],否, BIOCHEMISTRY & MOLECULAR BIOLOGY 生化与分子生物学,3 [111/310]," MEDICINE, RESEARCH & EXPERIMENTAL 医学：研究与实验",3 [74/188],,,,,,,,,二级
JOURNAL OF ORAL AND MAXILLOFACIAL SURGERY,2025,0278-2391/1531-5053,否,否,否,SCIE,2.6,,医学,3 [1701/5603],否," DENTISTRY, ORAL SURGERY & MEDICINE 牙科与口腔外科",3 [48/157],,,,,,,,,,,二级
Asian Journal of Psychiatry,2025,1876-2018/1876-2026,否,否,否,SCIE,4.5,,医学,3 [1702/5603],否, PSYCHIATRY 精神病学,3 [101/277],,,,,,,,,,,二级
Global Heart,2025,2211-8160/2211-8179,否,否,是,SCIE,3.1,,医学,3 [1703/5603],否, CARDIAC & CARDIOVASCULAR SYSTEMS 心脏和心血管系统,3 [79/223],,,,,,,,,,,二级
DERMATOLOGIC CLINICS,2025,0733-8635/1558-0520,否,否,否,SCIE,2.5,,医学,3 [1704/5603],否, DERMATOLOGY 皮肤病学,3 [21/94],,,,,,,,,,,二级
JOURNAL OF ELECTROMYOGRAPHY AND KINESIOLOGY,2025,1050-6411/1873-5711,否,否,否,SCIE,2.3,,医学,3 [1705/5603],否, NEUROSCIENCES 神经科学,3 [128/309], PHYSIOLOGY 生理学,3 [25/84], REHABILITATION 康复医学,3 [42/169], SPORT SCIENCES 运动科学,3 [47/126],,,,,二级
CTS-Clinical and Translational Science,2025,1752-8054/1752-8062,否,否,是,SCIE,2.8,,医学,3 [1706/5603],否," MEDICINE, RESEARCH & EXPERIMENTAL 医学：研究与实验",3 [75/188],,,,,,,,,,,二级
International Journal of Womens Health,2025,1179-1411/1179-1411,否,否,是,SCIE,2.6,,医学,3 [1707/5603],否, OBSTETRICS & GYNECOLOGY 妇产科学,3 [39/135],,,,,,,,,,,二级
GRAEFES ARCHIVE FOR CLINICAL AND EXPERIMENTAL OPHTHALMOLOGY,2025,0721-832X/1435-702X,否,否,否,SCIE,2.3,,医学,3 [1708/5603],否, OPHTHALMOLOGY 眼科学,3 [26/95],,,,,,,,,,,二级
AUTONOMIC NEUROSCIENCE-BASIC & CLINICAL,2025,1566-0702/1872-7484,否,否,否,SCIE,3.3,,医学,3 [1709/5603],否, NEUROSCIENCES 神经科学,3 [129/309],,,,,,,,,,,二级
ACS Medicinal Chemistry Letters,2025,1948-5875,否,否,否,SCIE,4,,医学,3 [1710/5603],否," CHEMISTRY, MEDICINAL 药物化学",3 [25/72],,,,,,,,,,,二级
PAIN MEDICINE,2025,1526-2375/1526-4637,否,否,否,SCIE,3,,医学,3 [1711/5603],否," MEDICINE, GENERAL & INTERNAL 医学：内科",3 [56/327], ANESTHESIOLOGY 麻醉学,4 [19/64],,,,,,,,,二级
COGNITIVE AFFECTIVE & BEHAVIORAL NEUROSCIENCE,2025,1530-7026/1531-135X,否,否,否,SCIE,2.7,,医学,3 [1712/5603],否, BEHAVIORAL SCIENCES 行为科学,3 [19/55], NEUROSCIENCES 神经科学,3 [130/309],,,,,,,,,二级
Asian Journal of Surgery,2025,1015-9584/0219-3108,否,否,是,SCIE,3.8,,医学,3 [1713/5603],否, SURGERY 外科,3 [93/292],,,,,,,,,,,二级
TRANSFUSION,2025,0041-1132/1537-2995,否,否,否,SCIE,2,,医学,3 [1714/5603],否, HEMATOLOGY 血液学,3 [34/96],,,,,,,,,,,二级
JOURNAL OF CARDIOVASCULAR ELECTROPHYSIOLOGY,2025,1045-3873/1540-8167,否,否,否,SCIE,2.6,,医学,3 [1715/5603],否, CARDIAC & CARDIOVASCULAR SYSTEMS 心脏和心血管系统,3 [80/223],,,,,,,,,,,二级
JOURNAL OF TRAUMATIC STRESS,2025,0894-9867/1573-6598,否,否,否,SSCI,2.3,,医学,3 [1716/5603],否, PSYCHIATRY 精神病学,3 [102/277]," PSYCHOLOGY, CLINICAL 心理学：临床",3 [72/179],,,,,,,,,二级
Biologics-Targets & Therapy,2025,1177-5475/1177-5491,否,否,是,ESCI,3.4,,医学,3 [1717/5603],否," MEDICINE, RESEARCH & EXPERIMENTAL 医学：研究与实验",3 [76/188],,,,,,,,,,,二级
Pain Practice,2025,1530-7085/1533-2500,否,否,否,SCIE,2.7,,医学,3 [1718/5603],否, CLINICAL NEUROLOGY 临床神经病学,3 [109/278], ANESTHESIOLOGY 麻醉学,4 [20/64],,,,,,,,,二级
Current Opinion in Endocrinology Diabetes and Obesity,2025,1752-296X/1752-2978,是,否,否,SCIE,2.7,,医学,3 [1719/5603],否, ENDOCRINOLOGY & METABOLISM 内分泌学与代谢,4 [84/184],,,,,,,,,,,二级
BRAIN RESEARCH BULLETIN,2025,0361-9230/1873-2747,否,否,否,SCIE,3.7,,医学,3 [1720/5603],否, NEUROSCIENCES 神经科学,3 [131/309],,,,,,,,,,,二级
RISK ANALYSIS,2025,0272-4332/1539-6924,否,否,否,SSCI;SCIE,3.3,,医学,3 [1721/5603],否," MATHEMATICS, INTERDISCIPLINARY APPLICATIONS 数学跨学科应用",3 [33/136]," PUBLIC, ENVIRONMENTAL & OCCUPATIONAL HEALTH 公共卫生、环境卫生与职业卫生",3 [127/404]," SOCIAL SCIENCES, MATHEMATICAL METHODS 社会科学：数理方法",3 [20/67],,,,,,,二级
Israel Journal of Health Policy Research,2025,2045-4015/2045-4015,否,否,是,SSCI,2.2,,医学,3 [1722/5603],否, HEALTH POLICY & SERVICES 卫生政策与服务,3 [43/118]," PUBLIC, ENVIRONMENTAL & OCCUPATIONAL HEALTH 公共卫生、环境卫生与职业卫生",3 [128/404],,,,,,,,,二级
World Journal of Stem Cells,2025,1948-0210/1948-0210,是,否,否,SCIE,3.6,,医学,3 [1723/5603],否, CELL & TISSUE ENGINEERING 细胞与组织工程,3 [14/31], CELL BIOLOGY 细胞生物学,3 [92/203],,,,,,,,,二级
International Journal of Paediatric Dentistry,2025,0960-7439/1365-263X,否,否,否,SCIE,1.9,,医学,3 [1724/5603],否," DENTISTRY, ORAL SURGERY & MEDICINE 牙科与口腔外科",3 [49/157], PEDIATRICS 儿科,3 [44/185],,,,,,,,,二级
Pathogens,2025,2076-0817/2076-0817,否,否,是,SCIE,3.3,,医学,3 [1725/5603],否, MICROBIOLOGY 微生物学,3 [63/159],,,,,,,,,,,二级
MEDICAL MYCOLOGY,2025,1369-3786/1460-2709,否,否,否,SCIE,2.3,,医学,3 [1726/5603],否, VETERINARY SCIENCES 兽医学,2 [26/167], INFECTIOUS DISEASES 传染病学,3 [51/134], MYCOLOGY 真菌学,3 [15/32],,,,,,,二级
International Journal of Workplace Health Management,2025,1753-8351/1753-836X,否,否,否,ESCI,2.3,,医学,3 [1727/5603],否," PUBLIC, ENVIRONMENTAL & OCCUPATIONAL HEALTH 公共卫生、环境卫生与职业卫生",3 [129/404],,,,,,,,,,,二级
DYSPHAGIA,2025,0179-051X/1432-0460,否,否,否,SCIE,3,,医学,3 [1728/5603],否, OTORHINOLARYNGOLOGY 耳鼻喉科学,3 [17/66],,,,,,,,,,,二级
CATHETERIZATION AND CARDIOVASCULAR INTERVENTIONS,2025,1522-1946/1522-726X,否,否,否,SCIE,1.9,,医学,3 [1729/5603],否, CARDIAC & CARDIOVASCULAR SYSTEMS 心脏和心血管系统,3 [81/223],,,,,,,,,,,二级
Journal of Cannabis Research,2025,2522-5782/2522-5782,否,否,否,ESCI,4.3,,医学,3 [1730/5603],否, PHARMACOLOGY & PHARMACY 药学,3 [108/350],,,,,,,,,,,二级
Genes and Nutrition,2025,1555-8932/1865-3499,否,否,是,SCIE,4.9,,医学,3 [1731/5603],否, GENETICS & HEREDITY 遗传学,3 [70/190], NUTRITION & DIETETICS 营养学,3 [45/113],,,,,,,,,二级
QJM-AN INTERNATIONAL JOURNAL OF MEDICINE,2025,1460-2725/1460-2393,否,否,否,SCIE,6.4,,医学,3 [1732/5603],否," MEDICINE, GENERAL & INTERNAL 医学：内科",3 [57/327],,,,,,,,,,,二级
CLINICAL TOXICOLOGY,2025,1556-3650/1556-9519,否,否,否,SCIE,3.3,,医学,3 [1733/5603],否, TOXICOLOGY 毒理学,2 [28/106],,,,,,,,,,,二级
Journal of Xenobiotics,2025,2039-4705/2039-4713,否,否,是,ESCI,4.4,,医学,3 [1734/5603],否, TOXICOLOGY 毒理学,2 [29/106],,,,,,,,,,,二级
NEUROTOXICOLOGY,2025,0161-813X/1872-9711,否,否,否,SCIE,3.9,,医学,3 [1735/5603],否, TOXICOLOGY 毒理学,2 [30/106], NEUROSCIENCES 神经科学,3 [133/309], PHARMACOLOGY & PHARMACY 药学,3 [109/350],,,,,,,二级
JOURNAL OF OCCUPATIONAL REHABILITATION,2025,1053-0487/1573-3688,否,否,否,SSCI,2.5,,医学,3 [1736/5603],否, REHABILITATION 康复医学,3 [43/169], SOCIAL ISSUES 社会问题,3 [24/66],,,,,,,,,二级
Injury Epidemiology,2025,2197-1714/2197-1714,否,否,是,SSCI;SCIE,2.2,,医学,3 [1737/5603],否," PUBLIC, ENVIRONMENTAL & OCCUPATIONAL HEALTH 公共卫生、环境卫生与职业卫生",3 [130/404],,,,,,,,,,,二级
ETHNICITY & HEALTH,2025,1355-7858/1465-3419,否,否,否,SSCI;SCIE,2,,医学,3 [1738/5603],否," PUBLIC, ENVIRONMENTAL & OCCUPATIONAL HEALTH 公共卫生、环境卫生与职业卫生",3 [131/404], ETHNIC STUDIES 民族研究,4 [22/39],,,,,,,,,二级
Journal of Holistic Nursing,2025,0898-0101/1552-5724,否,否,否,ESCI,1.4,,医学,3 [1739/5603],否, NURSING 护理,2 [36/191],,,,,,,,,,,二级
UROLOGIC CLINICS OF NORTH AMERICA,2025,0094-0143/1558-318X,是,否,否,SCIE,2.9,,医学,3 [1740/5603],否, UROLOGY & NEPHROLOGY 泌尿学与肾脏学,3 [43/126],,,,,,,,,,,二级
Food and Environmental Virology,2025,1867-0334/1867-0342,否,否,否,SCIE,2.7,,医学,3 [1741/5603],否, ENVIRONMENTAL SCIENCES 环境科学,3 [129/357], FOOD SCIENCE & TECHNOLOGY 食品科技,3 [54/173], MICROBIOLOGY 微生物学,3 [64/159], VIROLOGY 病毒学,3 [18/41],,,,,二级
Diagnostics,2025,2075-4418/2075-4418,否,否,是,SCIE,3.3,Mega-Journal,医学,3 [1742/5603],否," MEDICINE, GENERAL & INTERNAL 医学：内科",3 [58/327],,,,,,,,,,,二级
JOURNAL OF ADHESIVE DENTISTRY,2025,1461-5185/1757-9988,否,否,是,SCIE,2.7,,医学,3 [1743/5603],否," DENTISTRY, ORAL SURGERY & MEDICINE 牙科与口腔外科",3 [50/157],,,,,,,,,,,二级
Physiotherapy,2025,0031-9406/1873-1465,否,否,否,SCIE,3,,医学,3 [1744/5603],否, REHABILITATION 康复医学,3 [44/169],,,,,,,,,,,二级
International Journal of Clinical Pharmacy,2025,2210-7703/2210-7711,否,否,否,SCIE,3.2,,医学,3 [1745/5603],否, PHARMACOLOGY & PHARMACY 药学,3 [110/350],,,,,,,,,,,二级
ULTRASONIC IMAGING,2025,0161-7346/1096-0910,否,否,否,SCIE,2.5,,医学,3 [1746/5603],否, ACOUSTICS 声学,3 [11/40]," ENGINEERING, BIOMEDICAL 工程：生物医学",3 [49/120]," RADIOLOGY, NUCLEAR MEDICINE & MEDICAL IMAGING 核医学",3 [68/206],,,,,,,二级
Journal of Clinical Hypertension,2025,1524-6175/1751-7176,否,否,是,SCIE,2.5,,医学,3 [1747/5603],否, PERIPHERAL VASCULAR DISEASE 外周血管病,3 [31/96],,,,,,,,,,,二级
PATHOBIOLOGY,2025,1015-2008/1423-0291,否,否,否,SCIE,2,,医学,3 [1748/5603],否, CELL BIOLOGY 细胞生物学,3 [93/203], PATHOLOGY 病理学,3 [26/88],,,,,,,,,二级
JOURNAL OF CLINICAL VIROLOGY,2025,1386-6532/1873-5967,否,否,否,SCIE,3.4,,医学,3 [1749/5603],否, VIROLOGY 病毒学,3 [19/41],,,,,,,,,,,二级
EUROPEAN JOURNAL OF PUBLIC HEALTH,2025,1101-1262/1464-360X,否,否,否,SSCI;SCIE,3.9,,医学,3 [1750/5603],否," PUBLIC, ENVIRONMENTAL & OCCUPATIONAL HEALTH 公共卫生、环境卫生与职业卫生",3 [132/404],,,,,,,,,,,二级
Brain Structure & Function,2025,1863-2653/1863-2661,否,否,否,SCIE,2.9,,医学,3 [1751/5603],否, ANATOMY & MORPHOLOGY 解剖学与形态学,1 [1/22], NEUROSCIENCES 神经科学,3 [135/309],,,,,,,,,二级
JOURNAL OF GLAUCOMA,2025,1057-0829/1536-481X,否,否,否,SCIE,1.8,,医学,3 [1752/5603],否, OPHTHALMOLOGY 眼科学,3 [27/95],,,,,,,,,,,二级
Open Access Journal of Contraception,2025,1179-1527/1179-1527,否,否,是,ESCI,2.2,,医学,3 [1753/5603],否, OBSTETRICS & GYNECOLOGY 妇产科学,3 [40/135],,,,,,,,,,,二级
JOURNAL OF THE NEUROLOGICAL SCIENCES,2025,0022-510X/1878-5883,否,否,否,SCIE,3.2,,医学,3 [1754/5603],否, CLINICAL NEUROLOGY 临床神经病学,3 [110/278], NEUROSCIENCES 神经科学,3 [136/309],,,,,,,,,二级
American Journal of Rhinology & Allergy,2025,1945-8924/1945-8932,否,否,否,SCIE,2.3,,医学,3 [1755/5603],否, OTORHINOLARYNGOLOGY 耳鼻喉科学,3 [18/66],,,,,,,,,,,二级
IMMUNOLOGY,2025,0019-2805/1365-2567,否,否,否,SCIE,5,,医学,3 [1756/5603],否, IMMUNOLOGY 免疫学,3 [77/179],,,,,,,,,,,二级
INTERNATIONAL JOURNAL OF SPORT NUTRITION AND EXERCISE METABOLISM,2025,1526-484X/1543-2742,否,否,否,SCIE,2.6,,医学,3 [1757/5603],否, NUTRITION & DIETETICS 营养学,3 [46/113], SPORT SCIENCES 运动科学,4 [49/126],,,,,,,,,二级
Bioengineering-Basel,2025,2306-5354/2306-5354,否,否,是,SCIE,3.7,,医学,3 [1758/5603],否," ENGINEERING, BIOMEDICAL 工程：生物医学",3 [50/120],,,,,,,,,,,二级
NEUROUROLOGY AND URODYNAMICS,2025,0733-2467/1520-6777,否,否,否,SCIE,1.9,,医学,3 [1759/5603],否, UROLOGY & NEPHROLOGY 泌尿学与肾脏学,3 [44/126],,,,,,,,,,,二级
Italian Journal of Pediatrics,2025,1720-8424/1824-7288,否,否,是,SCIE,3.1,,医学,3 [1760/5603],否, PEDIATRICS 儿科,3 [45/185],,,,,,,,,,,二级
ACR Open Rheumatology,2025,2578-5745/2578-5745,否,否,是,ESCI,2.8,,医学,3 [1761/5603],否, RHEUMATOLOGY 风湿病学,4 [21/55],,,,,,,,,,,二级
Journal of Tissue Viability,2025,0965-206X/1876-4746,否,否,否,SSCI;SCIE,2.8,,医学,3 [1762/5603],否, NURSING 护理,2 [37/191], DERMATOLOGY 皮肤病学,3 [22/94],,,,,,,,,二级
Canadian Journal of Pain-Revue Canadienne de la Douleur,2025,2474-0527/2474-0527,否,否,是,ESCI,2.1,,医学,3 [1763/5603],否, CLINICAL NEUROLOGY 临床神经病学,3 [111/278],,,,,,,,,,,二级
CURRENT OPINION IN CLINICAL NUTRITION AND METABOLIC CARE,2025,1363-1950/1473-6519,是,否,否,SCIE,3.5,,医学,3 [1764/5603],否, ENDOCRINOLOGY & METABOLISM 内分泌学与代谢,4 [85/184], NUTRITION & DIETETICS 营养学,4 [52/113],,,,,,,,,二级
Intensive Care Medicine Experimental,2025,2197-425X/2197-425X,否,否,是,ESCI,3.1,,医学,3 [1765/5603],否, CRITICAL CARE MEDICINE 危重病医学,4 [23/56],,,,,,,,,,,二级
IJC Heart & Vasculature,2025,2352-9067/2352-9067,否,否,是,ESCI,2.5,,医学,3 [1766/5603],否, CARDIAC & CARDIOVASCULAR SYSTEMS 心脏和心血管系统,3 [82/223],,,,,,,,,,,二级
World Journal of Surgical Oncology,2025,1477-7819/1477-7819,否,否,是,SCIE,2.5,,医学,3 [1767/5603],否, ONCOLOGY 肿瘤学,3 [134/318], SURGERY 外科,3 [94/292],,,,,,,,,二级
JOURNAL OF MEDICAL SYSTEMS,2025,0148-5598/1573-689X,否,否,否,SCIE,5.7,,医学,3 [1768/5603],否, HEALTH CARE SCIENCES & SERVICES 卫生保健与服务,3 [58/173], MEDICAL INFORMATICS 医学：信息,4 [21/44],,,,,,,,,二级
Sports Biomechanics,2025,1476-3141/1752-6116,否,否,否,SCIE,2,,医学,3 [1769/5603],否," ENGINEERING, BIOMEDICAL 工程：生物医学",3 [51/120], SPORT SCIENCES 运动科学,4 [50/126],,,,,,,,,二级
Eating and Weight Disorders-Studies on Anorexia Bulimia and Obesity,2025,1124-4909/1590-1262,否,否,是,SCIE,2.8,,医学,3 [1770/5603],否, PSYCHIATRY 精神病学,3 [103/277],,,,,,,,,,,二级
Mental Health and Physical Activity,2025,1755-2966/1878-0199,否,否,否,SSCI,2.6,,医学,3 [1771/5603],否, PSYCHIATRY 精神病学,3 [104/277]," PSYCHOLOGY, CLINICAL 心理学：临床",3 [74/179],,,,,,,,,二级
UROLOGY,2025,0090-4295/1527-9995,否,否,否,SCIE,2,,医学,3 [1772/5603],否, UROLOGY & NEPHROLOGY 泌尿学与肾脏学,3 [45/126],,,,,,,,,,,二级
Audiology Research,2025,2039-4330/2039-4349,否,否,是,ESCI,1.8,,医学,3 [1773/5603],否, AUDIOLOGY & SPEECH-LANGUAGE PATHOLOGY 听力学与言语病理学,3 [13/35],,,,,,,,,,,二级
Current Opinion in Allergy and Clinical Immunology,2025,1528-4050/1473-6322,是,否,否,SCIE,2.6,,医学,3 [1774/5603],否, IMMUNOLOGY 免疫学,3 [78/179], ALLERGY 过敏,4 [17/39],,,,,,,,,二级
Infection and Drug Resistance,2025,1178-6973/1178-6973,否,否,是,SCIE,2.9,,医学,3 [1775/5603],否, PHARMACOLOGY & PHARMACY 药学,3 [111/350], INFECTIOUS DISEASES 传染病学,4 [52/134],,,,,,,,,二级
JOURNAL OF PUBLIC HEALTH DENTISTRY,2025,0022-4006/1752-7325,否,否,否,SCIE,1.5,,医学,3 [1776/5603],否," PUBLIC, ENVIRONMENTAL & OCCUPATIONAL HEALTH 公共卫生、环境卫生与职业卫生",3 [133/404]," DENTISTRY, ORAL SURGERY & MEDICINE 牙科与口腔外科",4 [51/157],,,,,,,,,二级
Hand-American Association for Hand Surgery,2025,1558-9447/1558-9455,否,否,否,ESCI,,,医学,3 [1777/5603],否, SURGERY 外科,3 [95/292], ORTHOPEDICS 骨科,4 [47/136],,,,,,,,,二级
AUTOIMMUNITY,2025,0891-6934/1607-842X,否,否,否,SCIE,3.1,,医学,3 [1778/5603],否, IMMUNOLOGY 免疫学,3 [79/179],,,,,,,,,,,二级
PEDIATRIC NEPHROLOGY,2025,0931-041X/1432-198X,否,否,否,SCIE,2.6,,医学,3 [1779/5603],否, PEDIATRICS 儿科,3 [46/185], UROLOGY & NEPHROLOGY 泌尿学与肾脏学,3 [46/126],,,,,,,,,二级
Journal of Advanced Prosthodontics,2025,2005-7806/2005-7814,否,否,否,SCIE,2.5,,医学,3 [1780/5603],否," DENTISTRY, ORAL SURGERY & MEDICINE 牙科与口腔外科",4 [52/157],,,,,,,,,,,二级
WOUND REPAIR AND REGENERATION,2025,1067-1927/1524-475X,否,否,否,SCIE,3.4,,医学,3 [1781/5603],否, CELL BIOLOGY 细胞生物学,3 [95/203], DERMATOLOGY 皮肤病学,3 [23/94]," MEDICINE, RESEARCH & EXPERIMENTAL 医学：研究与实验",3 [77/188], SURGERY 外科,3 [96/292],,,,,二级
AMERICAN JOURNAL OF INFECTION CONTROL,2025,0196-6553/1527-3296,否,否,否,SCIE,2.4,,医学,3 [1782/5603],否," PUBLIC, ENVIRONMENTAL & OCCUPATIONAL HEALTH 公共卫生、环境卫生与职业卫生",3 [134/404], INFECTIOUS DISEASES 传染病学,4 [53/134],,,,,,,,,二级
Journal of Plastic Reconstructive and Aesthetic Surgery,2025,1748-6815/1878-0539,否,否,否,SCIE,2.4,,医学,3 [1783/5603],否, SURGERY 外科,3 [97/292],,,,,,,,,,,二级
Academic Pediatrics,2025,1876-2859/1876-2867,否,否,否,SCIE,2.8,,医学,3 [1784/5603],否, PEDIATRICS 儿科,3 [47/185],,,,,,,,,,,二级
Systematic Reviews,2025,2046-4053/2046-4053,是,否,是,SCIE,3.9,,医学,3 [1785/5603],否," MEDICINE, GENERAL & INTERNAL 医学：内科",3 [59/327],,,,,,,,,,,二级
Administration and Policy in Mental Health and Mental Health Services Research,2025,0894-587X/1573-3289,否,否,否,SSCI,2.7,,医学,3 [1786/5603],否, HEALTH POLICY & SERVICES 卫生政策与服务,3 [44/118]," PUBLIC, ENVIRONMENTAL & OCCUPATIONAL HEALTH 公共卫生、环境卫生与职业卫生",3 [135/404],,,,,,,,,二级
Frontiers in Molecular Neuroscience,2025,1662-5099/1662-5099,否,否,是,SCIE,3.8,,医学,3 [1787/5603],否, NEUROSCIENCES 神经科学,3 [137/309],,,,,,,,,,,二级
Archives of Physiotherapy,2025,2057-0082/2057-0082,否,否,是,ESCI,2.9,,医学,3 [1788/5603],否, REHABILITATION 康复医学,3 [45/169],,,,,,,,,,,二级
SEMINARS IN RADIATION ONCOLOGY,2025,1053-4296/1532-9461,否,否,否,SCIE,3.2,,医学,3 [1789/5603],否, ONCOLOGY 肿瘤学,3 [135/318]," RADIOLOGY, NUCLEAR MEDICINE & MEDICAL IMAGING 核医学",3 [69/206],,,,,,,,,二级
Tobacco Induced Diseases,2025,1617-9625/1617-9625,否,否,是,SSCI;SCIE,1.9,,医学,3 [1790/5603],否," PUBLIC, ENVIRONMENTAL & OCCUPATIONAL HEALTH 公共卫生、环境卫生与职业卫生",3 [136/404], SUBSTANCE ABUSE 药物滥用,3 [23/56],,,,,,,,,二级
Trauma Surgery & Acute Care Open,2025,2397-5776/2397-5776,否,否,是,ESCI,2.2,,医学,3 [1791/5603],否, SURGERY 外科,3 [98/292], CRITICAL CARE MEDICINE 危重病医学,4 [24/56],,,,,,,,,二级
SURGICAL CLINICS OF NORTH AMERICA,2025,0039-6109/1558-3171,否,否,否,SCIE,2.8,,医学,3 [1792/5603],否, SURGERY 外科,3 [99/292],,,,,,,,,,,二级
Frontiers in Neurology,2025,1664-2295/1664-2295,否,否,是,SCIE,2.8,,医学,3 [1793/5603],否, CLINICAL NEUROLOGY 临床神经病学,3 [112/278], NEUROSCIENCES 神经科学,3 [138/309],,,,,,,,,二级
Heart Failure Clinics,2025,1551-7136,否,否,否,SCIE,2,,医学,3 [1794/5603],否, CARDIAC & CARDIOVASCULAR SYSTEMS 心脏和心血管系统,3 [83/223],,,,,,,,,,,二级
INTERNATIONAL UROGYNECOLOGY JOURNAL,2025,0937-3462/1433-3023,否,否,否,SCIE,1.8,,医学,3 [1795/5603],否, OBSTETRICS & GYNECOLOGY 妇产科学,3 [41/135], UROLOGY & NEPHROLOGY 泌尿学与肾脏学,3 [47/126],,,,,,,,,二级
AUSTRALIAN AND NEW ZEALAND JOURNAL OF PUBLIC HEALTH,2025,1326-0200/1753-6405,否,否,是,SSCI;SCIE,2.4,,医学,3 [1796/5603],否," PUBLIC, ENVIRONMENTAL & OCCUPATIONAL HEALTH 公共卫生、环境卫生与职业卫生",3 [137/404],,,,,,,,,,,二级
HEMATOLOGY-ONCOLOGY CLINICS OF NORTH AMERICA,2025,0889-8588/1558-1977,否,否,否,SCIE,2.7,,医学,3 [1797/5603],否, HEMATOLOGY 血液学,3 [35/96], ONCOLOGY 肿瘤学,4 [137/318],,,,,,,,,二级
Frontiers in Medicine,2025,2296-858X/2296-858X,否,否,是,SCIE,3,,医学,3 [1798/5603],否," MEDICINE, GENERAL & INTERNAL 医学：内科",3 [60/327],,,,,,,,,,,二级
Infectious Agents and Cancer,2025,1750-9378/1750-9378,否,否,是,SCIE,2.8,,医学,3 [1799/5603],否, IMMUNOLOGY 免疫学,3 [80/179], ONCOLOGY 肿瘤学,4 [138/318],,,,,,,,,二级
Epidemics,2025,1755-4365/1878-0067,否,否,是,SCIE,2.4,,医学,3 [1800/5603],否, INFECTIOUS DISEASES 传染病学,4 [54/134],,,,,,,,,,,二级
Molecular Pain,2025,1744-8069/1744-8069,否,否,是,SCIE,2.8,,医学,3 [1801/5603],否, NEUROSCIENCES 神经科学,3 [139/309],,,,,,,,,,,二级
Current Opinion in Anesthesiology,2025,0952-7907/1473-6500,是,否,否,SCIE,2.1,,医学,3 [1802/5603],否, ANESTHESIOLOGY 麻醉学,4 [21/64],,,,,,,,,,,二级
Wiley Interdisciplinary Reviews: Forensic Science,2025,2573-9468/2573-9468,是,否,否,ESCI,2.6,,医学,3 [1803/5603],否," MEDICINE, LEGAL 医学：法",2 [5/23], CRIMINOLOGY & PENOLOGY 犯罪学与刑罚学,4 [45/111],,,,,,,,,二级
ARCHIVES OF SUICIDE RESEARCH,2025,1381-1118/1543-6136,否,否,否,SSCI,2,,医学,3 [1804/5603],否, PSYCHIATRY 精神病学,3 [105/277]," PSYCHOLOGY, MULTIDISCIPLINARY 心理学：综合",3 [73/219],,,,,,,,,二级
Brain Tumor Pathology,2025,1433-7398/1861-387X,否,否,否,SCIE,3,,医学,3 [1805/5603],否, CLINICAL NEUROLOGY 临床神经病学,3 [113/278], PATHOLOGY 病理学,3 [27/88], ONCOLOGY 肿瘤学,4 [139/318],,,,,,,二级
EARLY HUMAN DEVELOPMENT,2025,0378-3782/1872-6232,否,否,否,SCIE,2,,医学,3 [1806/5603],否, OBSTETRICS & GYNECOLOGY 妇产科学,3 [42/135], PEDIATRICS 儿科,3 [48/185],,,,,,,,,二级
EUROPEAN JOURNAL OF CLINICAL NUTRITION,2025,0954-3007/1476-5640,否,否,否,SCIE,3.3,,医学,3 [1807/5603],否, NUTRITION & DIETETICS 营养学,3 [47/113],,,,,,,,,,,二级
Spanish Journal of Psychiatry and Mental Health,2025,2950-2861/2950-2853,否,否,否,SSCI;SCIE,2.8,,医学,3 [1808/5603],否, PSYCHIATRY 精神病学,3 [106/277],,,,,,,,,,,二级
Learning Health Systems,2025,2379-6146/2379-6146,否,否,是,ESCI,2.6,,医学,3 [1809/5603],否, HEALTH POLICY & SERVICES 卫生政策与服务,3 [45/118],,,,,,,,,,,二级
AIMS Public Health,2025,2327-8994/2327-8994,否,否,是,ESCI,2.7,,医学,3 [1810/5603],否, HEALTH CARE SCIENCES & SERVICES 卫生保健与服务,3 [59/173],,,,,,,,,,,二级
ENVIRONMENTAL TOXICOLOGY,2025,1520-4081/1522-7278,否,否,否,SCIEOnHold,3.2,,医学,3 [1811/5603],否, ENVIRONMENTAL SCIENCES 环境科学,3 [134/357], TOXICOLOGY 毒理学,3 [31/106], WATER RESOURCES 水资源,3 [30/124],,,,,,,二级
Infection Disease & Health,2025,2468-0451/2468-0451,否,否,否,ESCI,2,,医学,3 [1812/5603],否," PUBLIC, ENVIRONMENTAL & OCCUPATIONAL HEALTH 公共卫生、环境卫生与职业卫生",3 [138/404],,,,,,,,,,,二级
Dentistry Journal,2025,2304-6767/2304-6767,否,否,是,ESCI,3.1,,医学,3 [1813/5603],否," DENTISTRY, ORAL SURGERY & MEDICINE 牙科与口腔外科",4 [53/157],,,,,,,,,,,二级
International Journal of Vascular Medicine,2025,2090-2824/2090-2832,否,否,是,ESCI,1.1,,医学,3 [1814/5603],否, PERIPHERAL VASCULAR DISEASE 外周血管病,3 [32/96],,,,,,,,,,,二级
International Journal of Oral Implantology,2025,2631-6420/2631-6439,否,否,否,SCIE,2.5,,医学,3 [1815/5603],否," DENTISTRY, ORAL SURGERY & MEDICINE 牙科与口腔外科",4 [54/157],,,,,,,,,,,二级
Photodiagnosis and Photodynamic Therapy,2025,1572-1000/1873-1597,否,否,是,SCIE,2.6,,医学,3 [1816/5603],否, ONCOLOGY 肿瘤学,4 [140/318],,,,,,,,,,,二级
INTERNATIONAL JOURNAL OF METHODS IN PSYCHIATRIC RESEARCH,2025,1049-8931/1557-0657,否,否,是,SSCI;SCIE,2.5,,医学,3 [1817/5603],否, PSYCHIATRY 精神病学,3 [107/277],,,,,,,,,,,二级
Cardiology and Therapy,2025,2193-8261/2193-6544,否,否,是,ESCI,2.7,,医学,3 [1818/5603],否, CARDIAC & CARDIOVASCULAR SYSTEMS 心脏和心血管系统,3 [84/223],,,,,,,,,,,二级
GENES AND IMMUNITY,2025,1466-4879/1476-5470,否,否,否,SCIE,4.5,,医学,3 [1819/5603],否, GENETICS & HEREDITY 遗传学,3 [72/190], IMMUNOLOGY 免疫学,3 [81/179],,,,,,,,,二级
NEUROCHEMICAL RESEARCH,2025,0364-3190/1573-6903,否,否,否,SCIE,3.8,,医学,3 [1820/5603],否, BIOCHEMISTRY & MOLECULAR BIOLOGY 生化与分子生物学,3 [115/310], NEUROSCIENCES 神经科学,3 [140/309],,,,,,,,,二级
PATHOLOGY,2025,0031-3025/1465-3931,否,否,否,SCIE,3,,医学,3 [1821/5603],否, PATHOLOGY 病理学,3 [28/88],,,,,,,,,,,二级
CLINICAL BIOCHEMISTRY,2025,0009-9120/1873-2933,否,否,否,SCIE,2.1,,医学,3 [1822/5603],否, MEDICAL LABORATORY TECHNOLOGY 医学实验技术,3 [10/31],,,,,,,,,,,二级
Biomimetics,2025,2313-7673/2313-7673,否,否,是,SCIE,3.9,,医学,3 [1823/5603],否," ENGINEERING, MULTIDISCIPLINARY 工程：综合",3 [39/179]," MATERIALS SCIENCE, BIOMATERIALS 材料科学：生物材料",4 [24/52],,,,,,,,,二级
MICROVASCULAR RESEARCH,2025,0026-2862/1095-9319,否,否,否,SCIE,2.7,,医学,3 [1824/5603],否, PERIPHERAL VASCULAR DISEASE 外周血管病,3 [33/96],,,,,,,,,,,二级
ACTA NEUROLOGICA SCANDINAVICA,2025,0001-6314/1600-0404,否,否,否,SCIE,2.7,,医学,3 [1825/5603],否, CLINICAL NEUROLOGY 临床神经病学,3 [114/278],,,,,,,,,,,二级
JOURNAL OF THE FORMOSAN MEDICAL ASSOCIATION,2025,0929-6646/1876-0821,否,否,是,SCIE,2.5,,医学,3 [1826/5603],否," MEDICINE, GENERAL & INTERNAL 医学：内科",3 [61/327],,,,,,,,,,,二级
Frontiers in Cardiovascular Medicine,2025,2297-055X/2297-055X,否,否,是,SCIE,2.9,,医学,3 [1827/5603],否, CARDIAC & CARDIOVASCULAR SYSTEMS 心脏和心血管系统,3 [85/223],,,,,,,,,,,二级
Journal of Pharmaceutical and Biomedical Analysis,2025,0731-7085/1873-264X,否,否,否,SCIE,3.1,,医学,3 [1828/5603],否," CHEMISTRY, ANALYTICAL 分析化学",2 [29/106], PHARMACOLOGY & PHARMACY 药学,3 [112/350],,,,,,,,,二级
MICROBIAL PATHOGENESIS,2025,0882-4010/1096-1208,否,否,否,SCIE,3.5,,医学,3 [1829/5603],否, IMMUNOLOGY 免疫学,3 [82/179], MICROBIOLOGY 微生物学,3 [68/159],,,,,,,,,二级
CLEVELAND CLINIC JOURNAL OF MEDICINE,2025,0891-1150/1939-2869,是,否,否,SCIE,4.1,,医学,3 [1830/5603],否," MEDICINE, GENERAL & INTERNAL 医学：内科",3 [62/327],,,,,,,,,,,二级
Palliative Care & Social Practice,2025,2632-3524/2632-3524,否,否,是,ESCI,2.2,,医学,3 [1831/5603],否, HEALTH CARE SCIENCES & SERVICES 卫生保健与服务,3 [61/173]," PUBLIC, ENVIRONMENTAL & OCCUPATIONAL HEALTH 公共卫生、环境卫生与职业卫生",3 [139/404],,,,,,,,,二级
Annals of Global Health,2025,2214-9996/2214-9996,否,否,是,SCIE,3.2,,医学,3 [1832/5603],否," PUBLIC, ENVIRONMENTAL & OCCUPATIONAL HEALTH 公共卫生、环境卫生与职业卫生",3 [140/404],,,,,,,,,,,二级
ANNALES D ENDOCRINOLOGIE,2025,0003-4266/2213-3941,否,否,否,SCIE,2.9,,医学,3 [1833/5603],否, ENDOCRINOLOGY & METABOLISM 内分泌学与代谢,4 [86/184],,,,,,,,,,,二级
BMC GASTROENTEROLOGY,2025,1471-230X/1471-230X,否,否,是,SCIE,2.6,,医学,3 [1834/5603],否, GASTROENTEROLOGY & HEPATOLOGY 胃肠肝病学,4 [62/143],,,,,,,,,,,二级
CLINICAL RHEUMATOLOGY,2025,0770-3198/1434-9949,否,否,否,SCIE,2.8,,医学,3 [1835/5603],否, RHEUMATOLOGY 风湿病学,4 [22/55],,,,,,,,,,,二级
ACTA TROPICA,2025,0001-706X/1873-6254,否,否,否,SCIE,2.5,,医学,3 [1836/5603],否, TROPICAL MEDICINE 热带医学,2 [6/28], PARASITOLOGY 寄生虫学,3 [15/45],,,,,,,,,二级
AUSTRALIAN DENTAL JOURNAL,2025,0045-0421/1834-7819,否,否,否,SCIE,2.4,,医学,3 [1837/5603],否," DENTISTRY, ORAL SURGERY & MEDICINE 牙科与口腔外科",4 [55/157],,,,,,,,,,,二级
ASAIO JOURNAL,2025,1058-2916/1538-943X,否,否,否,SCIE,2.3,,医学,3 [1838/5603],否," ENGINEERING, BIOMEDICAL 工程：生物医学",3 [52/120], TRANSPLANTATION 移植,3 [10/31],,,,,,,,,二级
PEDIATRIC BLOOD & CANCER,2025,1545-5009/1545-5017,否,否,否,SCIE,2.3,,医学,3 [1839/5603],否, HEMATOLOGY 血液学,3 [36/96], PEDIATRICS 儿科,3 [49/185], ONCOLOGY 肿瘤学,4 [141/318],,,,,,,二级
Cell Regeneration,2025,2045-9769/2045-9769,否,否,是,ESCI,4.7,,医学,3 [1840/5603],否, CELL & TISSUE ENGINEERING 细胞与组织工程,3 [15/31], CELL BIOLOGY 细胞生物学,3 [100/203],,,,,,,,,二级
MUSCLE & NERVE,2025,0148-639X/1097-4598,否,否,否,SCIE,3.1,,医学,3 [1841/5603],否, CLINICAL NEUROLOGY 临床神经病学,3 [115/278], NEUROSCIENCES 神经科学,3 [141/309],,,,,,,,,二级
Geriatric Nursing,2025,0197-4572/1528-3984,否,否,否,SSCI;SCIE,2.4,,医学,3 [1842/5603],否, GERONTOLOGY 老年医学（社科）,3 [20/48], NURSING 护理,3 [38/191], GERIATRICS & GERONTOLOGY 老年医学,4 [41/72],,,,,,,二级
JOINT BONE SPINE,2025,1297-319X/1778-7254,否,否,否,SCIE,4.3,,医学,3 [1843/5603],否, RHEUMATOLOGY 风湿病学,4 [23/55],,,,,,,,,,,二级
European Journal of Cardiovascular Nursing,2025,1474-5151/1873-1953,否,否,否,SSCI;SCIE,3.9,,医学,3 [1844/5603],否, CARDIAC & CARDIOVASCULAR SYSTEMS 心脏和心血管系统,3 [86/223], NURSING 护理,3 [39/191],,,,,,,,,二级
JOURNAL OF PALLIATIVE MEDICINE,2025,1096-6218/1557-7740,否,否,否,SCIE,2.1,,医学,3 [1845/5603],否, HEALTH CARE SCIENCES & SERVICES 卫生保健与服务,3 [62/173],,,,,,,,,,,二级
Maxillofacial Plastic and Reconstructive Surgery,2025,2288-8101/2288-8586,否,否,是,ESCI,2.8,,医学,3 [1846/5603],否," DENTISTRY, ORAL SURGERY & MEDICINE 牙科与口腔外科",4 [56/157],,,,,,,,,,,二级
Therapeutic Advances in Gastroenterology,2025,1756-283X/1756-2848,否,否,是,SCIE,3.4,,医学,3 [1847/5603],否, GASTROENTEROLOGY & HEPATOLOGY 胃肠肝病学,4 [63/143],,,,,,,,,,,二级
CURRENT OPINION IN ONCOLOGY,2025,1040-8746/1531-703X,是,否,否,SCIE,2.4,,医学,3 [1848/5603],否, ONCOLOGY 肿瘤学,4 [142/318],,,,,,,,,,,二级
BMC Nephrology,2025,1471-2369/1471-2369,否,否,是,SCIE,2.4,,医学,3 [1849/5603],否, UROLOGY & NEPHROLOGY 泌尿学与肾脏学,3 [48/126],,,,,,,,,,,二级
Frontiers in Oncology,2025,2234-943X/2234-943X,否,否,是,SCIE,3.3,Mega-Journal,医学,3 [1850/5603],否, ONCOLOGY 肿瘤学,4 [143/318],,,,,,,,,,,二级
CANCER GENE THERAPY,2025,0929-1903/1476-5500,否,否,否,SCIE,5,,医学,3 [1851/5603],否, BIOTECHNOLOGY & APPLIED MICROBIOLOGY 生物工程与应用微生物,3 [54/174], GENETICS & HEREDITY 遗传学,3 [74/190]," MEDICINE, RESEARCH & EXPERIMENTAL 医学：研究与实验",3 [78/188], ONCOLOGY 肿瘤学,4 [144/318],,,,,二级
Cancer Prevention Research,2025,1940-6207/1940-6215,否,否,否,SCIE,2.6,,医学,3 [1852/5603],否, ONCOLOGY 肿瘤学,4 [145/318],,,,,,,,,,,二级
EXPERT OPINION ON BIOLOGICAL THERAPY,2025,1471-2598/1744-7682,是,否,否,SCIE,4,,医学,3 [1853/5603],否, BIOTECHNOLOGY & APPLIED MICROBIOLOGY 生物工程与应用微生物,3 [55/174]," MEDICINE, RESEARCH & EXPERIMENTAL 医学：研究与实验",4 [82/188],,,,,,,,,二级
ONCOLOGY REPORTS,2025,1021-335X/1791-2431,否,否,否,SCIE,3.9,,医学,3 [1854/5603],否, ONCOLOGY 肿瘤学,4 [146/318],,,,,,,,,,,二级
JOURNAL OF ULTRASOUND IN MEDICINE,2025,0278-4297/1550-9613,否,否,否,SCIE,2.4,,医学,3 [1855/5603],否, ACOUSTICS 声学,3 [12/40]," RADIOLOGY, NUCLEAR MEDICINE & MEDICAL IMAGING 核医学",3 [71/206],,,,,,,,,二级
BMC Pediatrics,2025,1471-2431/1471-2431,否,否,是,SCIE,2,,医学,3 [1856/5603],否, PEDIATRICS 儿科,3 [50/185],,,,,,,,,,,二级
Journal of ISAKOS Joint Disorders & Orthopaedic Sports Medicine,2025,2059-7754/2059-7762,否,否,否,ESCI,3.3,,医学,3 [1857/5603],否, ORTHOPEDICS 骨科,4 [48/136], SPORT SCIENCES 运动科学,4 [51/126],,,,,,,,,二级
International Journal of Medical Robotics and Computer Assisted Surgery,2025,1478-5951/1478-596X,否,否,否,SCIE,2.1,,医学,3 [1858/5603],否, SURGERY 外科,3 [100/292],,,,,,,,,,,二级
European Journal of Emergency Medicine,2025,0969-9546/1473-5695,否,否,否,SCIE,4.2,,医学,3 [1859/5603],否, EMERGENCY MEDICINE 急救医学,3 [14/54],,,,,,,,,,,二级
Health Systems & Reform,2025,2328-8604/2328-8620,否,否,是,SSCI,1.9,,医学,3 [1860/5603],否, HEALTH POLICY & SERVICES 卫生政策与服务,3 [46/118]," PUBLIC, ENVIRONMENTAL & OCCUPATIONAL HEALTH 公共卫生、环境卫生与职业卫生",3 [142/404],,,,,,,,,二级
Personality and Mental Health,2025,1932-8621/1932-863X,否,否,否,SSCI,2.7,,医学,3 [1861/5603],否, PSYCHIATRY 精神病学,3 [108/277]," PSYCHOLOGY, SOCIAL 心理学：社会",4 [44/76],,,,,,,,,二级
JOURNAL OF DRUG DELIVERY SCIENCE AND TECHNOLOGY,2025,1773-2247/2588-8943,否,否,否,SCIE,4.9,,医学,3 [1862/5603],否, PHARMACOLOGY & PHARMACY 药学,3 [113/350],,,,,,,,,,,二级
AMERICAN JOURNAL OF MEDICAL GENETICS PART C-SEMINARS IN MEDICAL GENETICS,2025,1552-4868/1552-4876,否,否,否,SCIE,4.4,,医学,3 [1863/5603],否, GENETICS & HEREDITY 遗传学,3 [75/190],,,,,,,,,,,二级
Journal of Pain Research,2025,1178-7090/1178-7090,否,否,是,SCIE,2.5,,医学,3 [1864/5603],否, CLINICAL NEUROLOGY 临床神经病学,3 [116/278],,,,,,,,,,,二级
Breast Cancer,2025,1340-6868/1880-4233,否,否,否,SCIE,2.9,,医学,3 [1865/5603],否, OBSTETRICS & GYNECOLOGY 妇产科学,3 [43/135], ONCOLOGY 肿瘤学,4 [147/318],,,,,,,,,二级
Family Medicine and Community Health,2025,2305-6983/2009-8774,否,否,是,ESCI,4.3,,医学,3 [1866/5603],否, PRIMARY HEALTH CARE 初级卫生保健,2 [5/28],,,,,,,,,,,二级
NEURORADIOLOGY,2025,0028-3940/1432-1920,否,否,否,SCIE,2.6,,医学,3 [1867/5603],否, NEUROIMAGING 神经成像,3 [7/16]," RADIOLOGY, NUCLEAR MEDICINE & MEDICAL IMAGING 核医学",3 [72/206], CLINICAL NEUROLOGY 临床神经病学,4 [118/278],,,,,,,二级
Journal of Cancer,2025,1837-9664/1837-9664,否,否,是,SCIE,3.2,,医学,3 [1868/5603],否, ONCOLOGY 肿瘤学,4 [148/318],,,,,,,,,,,二级
DERMATOLOGY,2025,1018-8665/1421-9832,否,否,否,SCIE,2.7,,医学,3 [1869/5603],否, DERMATOLOGY 皮肤病学,3 [24/94],,,,,,,,,,,二级
SHOCK,2025,1073-2322/1540-0514,否,否,否,SCIE,2.9,,医学,3 [1870/5603],否, HEMATOLOGY 血液学,3 [37/96], PERIPHERAL VASCULAR DISEASE 外周血管病,3 [34/96], SURGERY 外科,3 [101/292], CRITICAL CARE MEDICINE 危重病医学,4 [25/56],,,,,二级
Clinical Genitourinary Cancer,2025,1558-7673/1938-0682,否,否,否,SCIE,2.7,,医学,3 [1871/5603],否, UROLOGY & NEPHROLOGY 泌尿学与肾脏学,3 [49/126], ONCOLOGY 肿瘤学,4 [149/318],,,,,,,,,二级
AMERICAN JOURNAL OF DRUG AND ALCOHOL ABUSE,2025,0095-2990/1097-9891,否,否,否,SSCI;SCIE,2.6,,医学,3 [1872/5603],否, SUBSTANCE ABUSE 药物滥用,3 [24/56]," PSYCHOLOGY, CLINICAL 心理学：临床",4 [77/179],,,,,,,,,二级
JOURNAL OF CLINICAL GASTROENTEROLOGY,2025,0192-0790/1539-2031,否,否,否,SCIE,2.7,,医学,3 [1873/5603],否, GASTROENTEROLOGY & HEPATOLOGY 胃肠肝病学,4 [64/143],,,,,,,,,,,二级
VASCULAR PHARMACOLOGY,2025,1537-1891/1879-3649,否,否,否,SCIE,3.5,,医学,3 [1874/5603],否, PHARMACOLOGY & PHARMACY 药学,3 [114/350],,,,,,,,,,,二级
Therapeutic Advances in Hematology,2025,2040-6207/2040-6215,否,否,是,SCIE,3.1,,医学,3 [1875/5603],否, HEMATOLOGY 血液学,3 [38/96],,,,,,,,,,,二级
JOURNAL OF IMMUNOLOGY,2025,0022-1767/1550-6606,否,否,否,SCIE,3.4,,医学,3 [1876/5603],否, IMMUNOLOGY 免疫学,3 [83/179],,,,,,,,,,,二级
PARKINSONISM & RELATED DISORDERS,2025,1353-8020/1873-5126,否,否,否,SCIE,3.4,,医学,3 [1877/5603],否, CLINICAL NEUROLOGY 临床神经病学,4 [119/278],,,,,,,,,,,二级
Journal of the Endocrine Society,2025,2472-1972/2472-1972,否,否,是,ESCI,3.1,,医学,3 [1878/5603],否, ENDOCRINOLOGY & METABOLISM 内分泌学与代谢,4 [87/184],,,,,,,,,,,二级
Prosthesis,2025,2673-1592/2673-1592,否,否,是,ESCI,4.5,,医学,3 [1879/5603],否," MATERIALS SCIENCE, BIOMATERIALS 材料科学：生物材料",4 [25/52],,,,,,,,,,,二级
EUROPEAN JOURNAL OF PAEDIATRIC NEUROLOGY,2025,1090-3798/1532-2130,否,否,否,SCIE,2.3,,医学,3 [1880/5603],否, PEDIATRICS 儿科,3 [51/185], CLINICAL NEUROLOGY 临床神经病学,4 [120/278],,,,,,,,,二级
Chronic Respiratory Disease,2025,1479-9723/1479-9731,否,否,是,SCIE,2.3,,医学,3 [1881/5603],否, RESPIRATORY SYSTEM 呼吸系统,4 [37/101],,,,,,,,,,,二级
ARCHIV DER PHARMAZIE,2025,0365-6233/1521-4184,否,否,否,SCIE,3.6,,医学,3 [1882/5603],否," CHEMISTRY, MEDICINAL 药物化学",3 [26/72]," CHEMISTRY, MULTIDISCIPLINARY 化学：综合",3 [77/230], PHARMACOLOGY & PHARMACY 药学,3 [116/350],,,,,,,二级
SAGE Open Nursing,2025,2377-9608/2377-9608,否,否,是,ESCI,2.5,,医学,3 [1883/5603],否, NURSING 护理,3 [40/191],,,,,,,,,,,二级
World Journal of Otorhinolaryngology-Head & Neck Surgery,2025,2095-8811/2589-1081,否,否,是,ESCI,1.4,,医学,3 [1884/5603],否, OTORHINOLARYNGOLOGY 耳鼻喉科学,3 [19/66],,,,,,,,,,,二级
Resuscitation Plus,2025,2666-5204/2666-5204,否,否,是,ESCI,2.4,,医学,3 [1885/5603],否, EMERGENCY MEDICINE 急救医学,3 [15/54], CRITICAL CARE MEDICINE 危重病医学,4 [26/56],,,,,,,,,二级
CURRENT OPINION IN OBSTETRICS & GYNECOLOGY,2025,1040-872X/1473-656X,是,否,否,SCIE,2.1,,医学,3 [1886/5603],否, OBSTETRICS & GYNECOLOGY 妇产科学,3 [44/135],,,,,,,,,,,二级
Journal of Cardiology,2025,0914-5087/1876-4738,否,否,否,SCIE,2.6,,医学,3 [1887/5603],否, CARDIAC & CARDIOVASCULAR SYSTEMS 心脏和心血管系统,3 [87/223],,,,,,,,,,,二级
Asian Journal of Urology,2025,2214-3882/2214-3890,否,否,是,ESCI,2.4,,医学,3 [1888/5603],否, UROLOGY & NEPHROLOGY 泌尿学与肾脏学,3 [50/126],,,,,,,,,,,二级
Frontiers in Systems Neuroscience,2025,1662-5137/1662-5137,否,否,是,SCIE,3.5,,医学,3 [1889/5603],否, NEUROSCIENCES 神经科学,3 [143/309],,,,,,,,,,,二级
DRUG DEVELOPMENT RESEARCH,2025,0272-4391/1098-2299,否,否,否,SCIE,4.2,,医学,3 [1890/5603],否," CHEMISTRY, MEDICINAL 药物化学",3 [27/72], PHARMACOLOGY & PHARMACY 药学,3 [117/350],,,,,,,,,二级
ALLERGY AND ASTHMA PROCEEDINGS,2025,1088-5412/1539-6304,否,否,否,SCIE,2.2,,医学,3 [1891/5603],否, ALLERGY 过敏,4 [18/39],,,,,,,,,,,二级
Diabetes & Metabolic Syndrome-Clinical Research & Reviews,2025,1871-4021/1878-0334,否,否,否,ESCI,3.4,,医学,3 [1892/5603],否, ENDOCRINOLOGY & METABOLISM 内分泌学与代谢,4 [89/184],,,,,,,,,,,二级
European Journal of Physical and Rehabilitation Medicine,2025,1973-9087/1973-9095,否,否,是,SCIE,3.4,,医学,3 [1893/5603],否, REHABILITATION 康复医学,3 [47/169],,,,,,,,,,,二级
Journal of Studies on Alcohol and Drugs,2025,1937-1888/1938-4114,否,否,否,SSCI;SCIE,2.2,,医学,3 [1894/5603],否, PSYCHOLOGY 心理学,3 [36/92], SUBSTANCE ABUSE 药物滥用,4 [25/56],,,,,,,,,二级
Expert Opinion On Drug Safety,2025,1474-0338/1744-764X,是,否,否,SCIE,3.1,,医学,3 [1895/5603],否, PHARMACOLOGY & PHARMACY 药学,3 [118/350],,,,,,,,,,,二级
Clinics in Shoulder and Elbow,2025,2288-8721/2288-8721,否,否,是,ESCI,1.7,,医学,3 [1896/5603],否, ORTHOPEDICS 骨科,4 [49/136],,,,,,,,,,,二级
RHEUMATOLOGY INTERNATIONAL,2025,0172-8172/1437-160X,否,否,否,SCIE,2.9,,医学,3 [1897/5603],否, RHEUMATOLOGY 风湿病学,4 [24/55],,,,,,,,,,,二级
CARDIOVASCULAR DRUGS AND THERAPY,2025,0920-3206/1573-7241,否,否,否,SCIE,3.1,,医学,3 [1898/5603],否, PHARMACOLOGY & PHARMACY 药学,3 [119/350], CARDIAC & CARDIOVASCULAR SYSTEMS 心脏和心血管系统,4 [89/223],,,,,,,,,二级
TOXICOLOGY LETTERS,2025,0378-4274/1879-3169,否,否,否,SCIE,2.9,,医学,3 [1899/5603],否, TOXICOLOGY 毒理学,3 [33/106],,,,,,,,,,,二级
JAMIA Open,2025,2574-2531/2574-2531,否,否,是,ESCI,3.4,,医学,3 [1900/5603],否, HEALTH CARE SCIENCES & SERVICES 卫生保健与服务,3 [63/173], MEDICAL INFORMATICS 医学：信息,4 [24/44],,,,,,,,,二级
Current Opinion in Toxicology,2025,2468-2020/2468-2020,是,否,否,ESCI,3.6,,医学,3 [1901/5603],否, TOXICOLOGY 毒理学,3 [34/106],,,,,,,,,,,二级
Tropical Medicine and Infectious Disease,2025,2414-6366/2414-6366,否,否,是,SCIE,2.6,,医学,3 [1902/5603],否, TROPICAL MEDICINE 热带医学,2 [7/28], PARASITOLOGY 寄生虫学,3 [16/45], INFECTIOUS DISEASES 传染病学,4 [55/134],,,,,,,二级
PROSTATE,2025,0270-4137/1097-0045,否,否,否,SCIE,2.5,,医学,3 [1903/5603],否, UROLOGY & NEPHROLOGY 泌尿学与肾脏学,3 [51/126], ENDOCRINOLOGY & METABOLISM 内分泌学与代谢,4 [91/184],,,,,,,,,二级
BMC Surgery,2025,1471-2482/1471-2482,否,否,是,SCIE,1.8,,医学,3 [1904/5603],否, SURGERY 外科,3 [102/292],,,,,,,,,,,二级
Medical Gas Research,2025,2045-9912/2045-9912,否,否,否,ESCI,2.9,,医学,3 [1905/5603],否," MEDICINE, RESEARCH & EXPERIMENTAL 医学：研究与实验",3 [80/188],,,,,,,,,,,二级
IMMUNOLOGY AND ALLERGY CLINICS OF NORTH AMERICA,2025,0889-8561/1557-8607,否,否,否,SCIE,2.2,,医学,3 [1906/5603],否, IMMUNOLOGY 免疫学,3 [84/179], ALLERGY 过敏,4 [19/39],,,,,,,,,二级
JOURNAL OF INTELLECTUAL & DEVELOPMENTAL DISABILITY,2025,1366-8250/1469-9532,否,否,否,SSCI,1.2,,医学,3 [1907/5603],否," EDUCATION, SPECIAL 特殊教育学",3 [23/62], REHABILITATION 康复医学,3 [48/169],,,,,,,,,二级
Applied Clinical Informatics,2025,1869-0327/1869-0327,否,否,否,SCIE,2.2,,医学,3 [1908/5603],否, MEDICAL INFORMATICS 医学：信息,4 [25/44],,,,,,,,,,,二级
ANGIOLOGY,2025,0003-3197/1940-1574,否,否,否,SCIE,2.2,,医学,3 [1909/5603],否, PERIPHERAL VASCULAR DISEASE 外周血管病,3 [35/96],,,,,,,,,,,二级
CLINICAL DRUG INVESTIGATION,2025,1173-2563/1179-1918,否,否,否,SCIE,2.7,,医学,3 [1910/5603],否, PHARMACOLOGY & PHARMACY 药学,3 [120/350],,,,,,,,,,,二级
American Journal of Cancer Research,2025,2156-6976/2156-6976,否,否,否,SCIE,2.9,,医学,3 [1911/5603],否, ONCOLOGY 肿瘤学,4 [150/318],,,,,,,,,,,二级
BRAIN TOPOGRAPHY,2025,0896-0267/1573-6792,否,否,否,SCIE,2.9,,医学,3 [1912/5603],否, NEUROSCIENCES 神经科学,3 [144/309], CLINICAL NEUROLOGY 临床神经病学,4 [121/278],,,,,,,,,二级
Early Intervention in Psychiatry,2025,1751-7885/1751-7893,否,否,否,SSCI;SCIE,2.2,,医学,3 [1913/5603],否, PSYCHIATRY 精神病学,3 [110/277],,,,,,,,,,,二级
Preventive Medicine Reports,2025,2211-3355/2211-3355,否,否,是,SCIE,2.4,,医学,3 [1914/5603],否," PUBLIC, ENVIRONMENTAL & OCCUPATIONAL HEALTH 公共卫生、环境卫生与职业卫生",3 [145/404],,,,,,,,,,,二级
Clinical Breast Cancer,2025,1526-8209/1938-0666,否,否,否,SCIE,2.5,,医学,3 [1915/5603],否, ONCOLOGY 肿瘤学,4 [151/318],,,,,,,,,,,二级
JOURNAL OF REPRODUCTIVE IMMUNOLOGY,2025,0165-0378/1872-7603,否,否,否,SCIE,2.9,,医学,3 [1916/5603],否, IMMUNOLOGY 免疫学,3 [85/179], REPRODUCTIVE BIOLOGY 生殖生物学,3 [15/39],,,,,,,,,二级
European Archives of Paediatric Dentistry,2025,1818-6300/1996-9805,否,否,否,ESCI,2,,医学,3 [1917/5603],否," DENTISTRY, ORAL SURGERY & MEDICINE 牙科与口腔外科",4 [57/157],,,,,,,,,,,二级
HEALTH ECONOMICS,2025,1057-9230/1099-1050,否,否,否,SSCI;SCIE,2.4,,医学,3 [1918/5603],否, ECONOMICS 经济学,3 [201/599], HEALTH CARE SCIENCES & SERVICES 卫生保健与服务,3 [64/173], HEALTH POLICY & SERVICES 卫生政策与服务,3 [47/118],,,,,,,二级
Parasite Epidemiology and Control,2025,2405-6731/2405-6731,否,否,是,ESCI,2.4,,医学,3 [1919/5603],否, PARASITOLOGY 寄生虫学,3 [17/45]," PUBLIC, ENVIRONMENTAL & OCCUPATIONAL HEALTH 公共卫生、环境卫生与职业卫生",3 [146/404], INFECTIOUS DISEASES 传染病学,4 [56/134],,,,,,,二级
International Wound Journal,2025,1742-4801/1742-481X,否,否,是,SCIEOnHold,2.5,,医学,3 [1920/5603],否, DERMATOLOGY 皮肤病学,3 [25/94], SURGERY 外科,3 [103/292],,,,,,,,,二级
Forensic Science International,2025,0379-0738/1872-6283,否,否,是,SCIE,2.5,,医学,3 [1921/5603],否," MEDICINE, LEGAL 医学：法",3 [7/23],,,,,,,,,,,二级
Health and Human Rights,2025,2150-4113/2150-4113,否,否,是,SSCI,2.3,,医学,3 [1922/5603],否," PUBLIC, ENVIRONMENTAL & OCCUPATIONAL HEALTH 公共卫生、环境卫生与职业卫生",3 [147/404],,,,,,,,,,,二级
Foot and Ankle Clinics,2025,1083-7515/1558-1934,否,否,否,SCIE,1.6,,医学,3 [1923/5603],否, ORTHOPEDICS 骨科,4 [50/136],,,,,,,,,,,二级
International Journal of Public Health,2025,1661-8556/1661-8564,否,否,否,SSCI;SCIE,2.4,,医学,3 [1924/5603],否," PUBLIC, ENVIRONMENTAL & OCCUPATIONAL HEALTH 公共卫生、环境卫生与职业卫生",3 [148/404],,,,,,,,,,,二级
SSM-Mental Health,2025,2666-5603/2666-5603,否,否,是,ESCI,2.6,,医学,3 [1925/5603],否, PSYCHIATRY 精神病学,3 [111/277]," PUBLIC, ENVIRONMENTAL & OCCUPATIONAL HEALTH 公共卫生、环境卫生与职业卫生",3 [149/404],,,,,,,,,二级
CardioRenal Medicine,2025,1664-3828/1664-5502,否,否,是,SCIE,2.9,,医学,3 [1926/5603],否, CARDIAC & CARDIOVASCULAR SYSTEMS 心脏和心血管系统,4 [90/223], UROLOGY & NEPHROLOGY 泌尿学与肾脏学,4 [52/126],,,,,,,,,二级
Regenerative Therapy,2025,2352-3204/2352-3204,否,否,是,SCIE,3.5,,医学,3 [1927/5603],否, CELL & TISSUE ENGINEERING 细胞与组织工程,3 [16/31]," ENGINEERING, BIOMEDICAL 工程：生物医学",3 [53/120],,,,,,,,,二级
European Heart Journal - Digital Health,2025,2634-3916/2634-3916,否,否,是,ESCI,4.4,,医学,3 [1928/5603],否, CARDIAC & CARDIOVASCULAR SYSTEMS 心脏和心血管系统,4 [91/223],,,,,,,,,,,二级
AMERICAN JOURNAL OF EMERGENCY MEDICINE,2025,0735-6757/1532-8171,否,否,否,SCIE,2.2,,医学,3 [1929/5603],否, EMERGENCY MEDICINE 急救医学,3 [16/54],,,,,,,,,,,二级
NURSING RESEARCH,2025,0029-6562/1538-9847,否,否,否,SSCI;SCIE,2.2,,医学,3 [1930/5603],否, NURSING 护理,3 [41/191],,,,,,,,,,,二级
Topics in Stroke Rehabilitation,2025,1074-9357/1945-5119,否,否,否,SCIE,2.5,,医学,3 [1931/5603],否, REHABILITATION 康复医学,3 [49/169],,,,,,,,,,,二级
ENDOCRINOLOGY,2025,0013-7227/1945-7170,否,否,否,SCIE,3.3,,医学,3 [1932/5603],否, ENDOCRINOLOGY & METABOLISM 内分泌学与代谢,4 [92/184],,,,,,,,,,,二级
MEMORIAS DO INSTITUTO OSWALDO CRUZ,2025,0074-0276/1678-8060,否,否,是,SCIE,2.5,,医学,3 [1933/5603],否, PARASITOLOGY 寄生虫学,3 [18/45], TROPICAL MEDICINE 热带医学,3 [8/28],,,,,,,,,二级
JOURNAL OF NUCLEAR CARDIOLOGY,2025,1071-3581/1532-6551,否,否,否,SCIE,2.7,,医学,3 [1934/5603],否," RADIOLOGY, NUCLEAR MEDICINE & MEDICAL IMAGING 核医学",3 [73/206], CARDIAC & CARDIOVASCULAR SYSTEMS 心脏和心血管系统,4 [92/223],,,,,,,,,二级
BEHAVIOR GENETICS,2025,0001-8244/1573-3297,否,否,否,SSCI;SCIE,2.2,,医学,3 [1935/5603],否, BEHAVIORAL SCIENCES 行为科学,3 [22/55], GENETICS & HEREDITY 遗传学,3 [77/190]," PSYCHOLOGY, MULTIDISCIPLINARY 心理学：综合",3 [83/219],,,,,,,二级
AAPS Journal,2025,1550-7416/1550-7416,否,否,否,SCIE,3.7,,医学,3 [1936/5603],否, PHARMACOLOGY & PHARMACY 药学,3 [121/350],,,,,,,,,,,二级
CLINICA CHIMICA ACTA,2025,0009-8981/1873-3492,否,否,否,SCIE,2.9,,医学,3 [1937/5603],否, MEDICAL LABORATORY TECHNOLOGY 医学实验技术,3 [11/31],,,,,,,,,,,二级
Journal of Diabetes Investigation,2025,2040-1116/2040-1124,否,否,是,SCIE,3,,医学,3 [1938/5603],否, ENDOCRINOLOGY & METABOLISM 内分泌学与代谢,4 [93/184],,,,,,,,,,,二级
Journal of Clinical Lipidology,2025,1933-2874/1876-4789,否,否,否,SCIE,4.6,,医学,3 [1939/5603],否, PHARMACOLOGY & PHARMACY 药学,3 [122/350],,,,,,,,,,,二级
JOURNAL OF GASTROINTESTINAL SURGERY,2025,1091-255X/1873-4626,否,否,否,SCIE,2.4,,医学,3 [1940/5603],否, SURGERY 外科,3 [104/292], GASTROENTEROLOGY & HEPATOLOGY 胃肠肝病学,4 [65/143],,,,,,,,,二级
Current Tropical Medicine Reports,2025,2196-3045/2196-3045,是,否,否,ESCI,2.1,,医学,3 [1941/5603],否, PARASITOLOGY 寄生虫学,3 [19/45], TROPICAL MEDICINE 热带医学,3 [9/28], INFECTIOUS DISEASES 传染病学,4 [57/134],,,,,,,二级
Endoscopy International Open,2025,2364-3722/2196-9736,否,否,是,ESCI,2.3,,医学,3 [1942/5603],否, SURGERY 外科,3 [105/292], GASTROENTEROLOGY & HEPATOLOGY 胃肠肝病学,4 [66/143],,,,,,,,,二级
Journal of Experimental Orthopaedics,2025,2197-1153/2197-1153,否,否,是,ESCI,2.7,,医学,3 [1943/5603],否, SURGERY 外科,3 [106/292], ORTHOPEDICS 骨科,4 [51/136],,,,,,,,,二级
SCANDINAVIAN JOURNAL OF PRIMARY HEALTH CARE,2025,0281-3432/1502-7724,否,否,是,SCIE,1.8,,医学,3 [1944/5603],否, PRIMARY HEALTH CARE 初级卫生保健,2 [6/28], HEALTH CARE SCIENCES & SERVICES 卫生保健与服务,3 [65/173]," MEDICINE, GENERAL & INTERNAL 医学：内科",3 [63/327],,,,,,,二级
Therapeutic Advances in Cardiovascular Disease,2025,1753-9447/1753-9455,否,否,是,ESCI,2.2,,医学,3 [1945/5603],否, CARDIAC & CARDIOVASCULAR SYSTEMS 心脏和心血管系统,4 [93/223],,,,,,,,,,,二级
EUROPEAN ARCHIVES OF OTO-RHINO-LARYNGOLOGY,2025,0937-4477/1434-4726,否,否,否,SCIE,2.2,,医学,3 [1946/5603],否, OTORHINOLARYNGOLOGY 耳鼻喉科学,3 [20/66],,,,,,,,,,,二级
BMC Cardiovascular Disorders,2025,1471-2261/1471-2261,否,否,是,SCIE,2.3,,医学,3 [1947/5603],否, CARDIAC & CARDIOVASCULAR SYSTEMS 心脏和心血管系统,4 [94/223],,,,,,,,,,,二级
JOURNAL OF ALZHEIMERS DISEASE,2025,1387-2877/1875-8908,否,否,否,SCIE,3.1,,医学,3 [1948/5603],否, NEUROSCIENCES 神经科学,3 [145/309],,,,,,,,,,,二级
Journal of Aging & Social Policy,2025,0895-9420/1545-0821,否,否,否,SSCI,2.1,,医学,3 [1949/5603],否, GERONTOLOGY 老年医学（社科）,4 [21/48],,,,,,,,,,,二级
Expert Review of Respiratory Medicine,2025,1747-6348/1747-6356,是,否,否,SCIE,2.7,,医学,3 [1950/5603],否, RESPIRATORY SYSTEM 呼吸系统,4 [38/101],,,,,,,,,,,二级
Womens Health,2025,1745-5057/1745-5065,否,否,是,ESCI,2.9,,医学,3 [1951/5603],否, OBSTETRICS & GYNECOLOGY 妇产科学,3 [45/135],,,,,,,,,,,二级
JOURNAL OF PHARMACOLOGY AND EXPERIMENTAL THERAPEUTICS,2025,0022-3565/1521-0103,否,否,否,SCIE,3.8,,医学,3 [1952/5603],否, PHARMACOLOGY & PHARMACY 药学,3 [123/350],,,,,,,,,,,二级
Breast Cancer-Targets and Therapy,2025,1179-1314/1179-1314,否,否,是,SCIE,3.4,,医学,3 [1953/5603],否, ONCOLOGY 肿瘤学,4 [152/318],,,,,,,,,,,二级
Journal of Lower Genital Tract Disease,2025,1089-2591/1526-0976,否,否,否,SCIE,2.1,,医学,3 [1954/5603],否, OBSTETRICS & GYNECOLOGY 妇产科学,3 [46/135],,,,,,,,,,,二级
Frontiers in Neuroscience,2025,1662-453X/1662-453X,否,否,是,SCIE,3.2,,医学,3 [1955/5603],否, NEUROSCIENCES 神经科学,3 [146/309],,,,,,,,,,,二级
JOURNAL OF DIABETES AND ITS COMPLICATIONS,2025,1056-8727/1873-460X,否,否,否,SCIE,3.1,,医学,3 [1956/5603],否, ENDOCRINOLOGY & METABOLISM 内分泌学与代谢,4 [94/184],,,,,,,,,,,二级
Evolution Medicine and Public Health,2025,2050-6201/2050-6201,否,否,是,SCIE,2.1,,医学,3 [1957/5603],否," PUBLIC, ENVIRONMENTAL & OCCUPATIONAL HEALTH 公共卫生、环境卫生与职业卫生",3 [151/404], EVOLUTIONARY BIOLOGY 进化生物学,4 [38/52],,,,,,,,,二级
Diagnostic Pathology,2025,1746-1596/1746-1596,否,否,是,SCIE,2.3,,医学,3 [1958/5603],否, PATHOLOGY 病理学,3 [29/88],,,,,,,,,,,二级
JOURNAL OF ENDOCRINOLOGY,2025,0022-0795/1479-6805,否,否,否,SCIE,3.9,,医学,3 [1959/5603],否, ENDOCRINOLOGY & METABOLISM 内分泌学与代谢,4 [95/184],,,,,,,,,,,二级
FETAL DIAGNOSIS AND THERAPY,2025,1015-3837/1421-9964,否,否,否,SCIE,1.6,,医学,3 [1960/5603],否, OBSTETRICS & GYNECOLOGY 妇产科学,3 [47/135],,,,,,,,,,,二级
TOPICS IN LANGUAGE DISORDERS,2025,0271-8294/1550-3259,否,否,否,SSCI,1.6,,医学,3 [1961/5603],否, REHABILITATION 康复医学,3 [50/169], LINGUISTICS 语言学,4 [138/294],,,,,,,,,二级
Health Services Insights,2025,1178-6329/1178-6329,否,否,是,ESCI,2.5,,医学,3 [1962/5603],否, HEALTH CARE SCIENCES & SERVICES 卫生保健与服务,4 [66/173],,,,,,,,,,,二级
Scandinavian Journal of Occupational Therapy,2025,1103-8128/1651-2014,否,否,是,SSCI;SCIE,1.3,,医学,3 [1963/5603],否, REHABILITATION 康复医学,3 [51/169],,,,,,,,,,,二级
Journal of Applied Oral Science,2025,1678-7757/1678-7765,否,否,是,SCIE,2.6,,医学,3 [1964/5603],否," DENTISTRY, ORAL SURGERY & MEDICINE 牙科与口腔外科",4 [58/157],,,,,,,,,,,二级
Reproductive Medicine and Biology,2025,1445-5781/1447-0578,否,否,是,SCIE,3.3,,医学,3 [1965/5603],否, OBSTETRICS & GYNECOLOGY 妇产科学,3 [48/135], REPRODUCTIVE BIOLOGY 生殖生物学,4 [17/39],,,,,,,,,二级
INTERNATIONAL JOURNAL OF TUBERCULOSIS AND LUNG DISEASE,2025,1027-3719/1815-7920,否,否,否,SCIE,3.1,,医学,3 [1966/5603],否, INFECTIOUS DISEASES 传染病学,4 [58/134], RESPIRATORY SYSTEM 呼吸系统,4 [39/101],,,,,,,,,二级
JOURNAL OF ENDOVASCULAR THERAPY,2025,1526-6028/1545-1550,否,否,否,SCIE,1.5,,医学,3 [1967/5603],否, PERIPHERAL VASCULAR DISEASE 外周血管病,3 [36/96], SURGERY 外科,3 [107/292],,,,,,,,,二级
Journal of Physiological Anthropology,2025,1880-6805/1880-6805,否,否,是,SCIE,2.1,,医学,3 [1968/5603],否, PHYSIOLOGY 生理学,3 [30/84],,,,,,,,,,,二级
CANCER CAUSES & CONTROL,2025,0957-5243/1573-7225,否,否,否,SCIE,2.1,,医学,3 [1969/5603],否," PUBLIC, ENVIRONMENTAL & OCCUPATIONAL HEALTH 公共卫生、环境卫生与职业卫生",3 [152/404], ONCOLOGY 肿瘤学,4 [153/318],,,,,,,,,二级
Endocrine Practice,2025,1530-891X/1934-2403,否,否,否,SCIE,4.6,,医学,3 [1970/5603],否, ENDOCRINOLOGY & METABOLISM 内分泌学与代谢,4 [97/184],,,,,,,,,,,二级
Therapeutics and Clinical Risk Management,2025,1178-203X/1178-203X,否,否,是,SCIE,2.2,,医学,3 [1971/5603],否, HEALTH CARE SCIENCES & SERVICES 卫生保健与服务,4 [67/173],,,,,,,,,,,二级
REPRODUCTIVE TOXICOLOGY,2025,0890-6238/1873-1708,否,否,否,SCIE,2.8,,医学,3 [1972/5603],否, TOXICOLOGY 毒理学,3 [35/106], REPRODUCTIVE BIOLOGY 生殖生物学,4 [18/39],,,,,,,,,二级
JOURNAL OF AGING AND HEALTH,2025,0898-2643/1552-6887,否,否,否,SSCI,2.2,,医学,3 [1973/5603],否, HEALTH POLICY & SERVICES 卫生政策与服务,3 [48/118], GERONTOLOGY 老年医学（社科）,4 [22/48],,,,,,,,,二级
SURGICAL ONCOLOGY-OXFORD,2025,0960-7404/1879-3320,否,否,否,SCIE,2.4,,医学,3 [1974/5603],否, SURGERY 外科,3 [108/292], ONCOLOGY 肿瘤学,4 [154/318],,,,,,,,,二级
Tissue Engineering Part A,2025,1937-3341/1937-335X,否,否,否,SCIE,2.9,,医学,3 [1975/5603],否, CELL BIOLOGY 细胞生物学,3 [106/203]," ENGINEERING, BIOMEDICAL 工程：生物医学",3 [54/120], CELL & TISSUE ENGINEERING 细胞与组织工程,4 [17/31]," MATERIALS SCIENCE, BIOMATERIALS 材料科学：生物材料",4 [26/52],,,,,二级
Cancer Epidemiology,2025,1877-7821/1877-783X,否,否,否,SCIE,2.3,,医学,3 [1976/5603],否," PUBLIC, ENVIRONMENTAL & OCCUPATIONAL HEALTH 公共卫生、环境卫生与职业卫生",3 [153/404], ONCOLOGY 肿瘤学,4 [155/318],,,,,,,,,二级
Metabolomics,2025,1573-3882/1573-3890,否,否,否,SCIE,3.3,,医学,3 [1977/5603],否, ENDOCRINOLOGY & METABOLISM 内分泌学与代谢,4 [98/184],,,,,,,,,,,二级
Human Vaccines & Immunotherapeutics,2025,2164-5515/2164-554X,否,否,否,SCIE,3.5,,医学,3 [1978/5603],否, BIOTECHNOLOGY & APPLIED MICROBIOLOGY 生物工程与应用微生物,3 [59/174], IMMUNOLOGY 免疫学,3 [86/179],,,,,,,,,二级
EYE,2025,0950-222X/1476-5454,否,否,否,SCIE,3.2,,医学,3 [1979/5603],否, OPHTHALMOLOGY 眼科学,3 [29/95],,,,,,,,,,,二级
PEDIATRIC DENTISTRY,2025,0164-1263/1942-5473,否,否,否,SCIE,1.7,,医学,3 [1980/5603],否, PEDIATRICS 儿科,3 [52/185]," DENTISTRY, ORAL SURGERY & MEDICINE 牙科与口腔外科",4 [59/157],,,,,,,,,二级
Arts & Health,2025,1753-3015/1753-3023,否,否,否,SSCI,1.5,,医学,3 [1981/5603],否," PUBLIC, ENVIRONMENTAL & OCCUPATIONAL HEALTH 公共卫生、环境卫生与职业卫生",3 [154/404],,,,,,,,,,,二级
PULMONARY PHARMACOLOGY & THERAPEUTICS,2025,1094-5539,否,否,否,SCIE,2.8,,医学,3 [1982/5603],否, PHARMACOLOGY & PHARMACY 药学,3 [124/350], RESPIRATORY SYSTEM 呼吸系统,4 [40/101],,,,,,,,,二级
AMERICAN JOURNAL OF CARDIOLOGY,2025,0002-9149/1879-1913,否,否,否,SCIE,2.1,,医学,3 [1983/5603],否, CARDIAC & CARDIOVASCULAR SYSTEMS 心脏和心血管系统,4 [95/223],,,,,,,,,,,二级
Journal of Multidisciplinary Healthcare,2025,1178-2390/1178-2390,否,否,是,SCIE,2.4,,医学,3 [1984/5603],否, HEALTH CARE SCIENCES & SERVICES 卫生保健与服务,4 [68/173],,,,,,,,,,,二级
Journal of Functional Morphology and Kinesiology,2025,2411-5142/2411-5142,否,否,是,ESCI,2.5,,医学,3 [1985/5603],否, SPORT SCIENCES 运动科学,4 [52/126],,,,,,,,,,,二级
OTO Open,2025,2473-974X/2473-974X,否,否,是,ESCI,1.5,,医学,3 [1986/5603],否, OTORHINOLARYNGOLOGY 耳鼻喉科学,3 [21/66],,,,,,,,,,,二级
INTERNATIONAL JOURNAL OF SOCIAL PSYCHIATRY,2025,0020-7640/1741-2854,否,否,否,SSCI,2.7,,医学,3 [1987/5603],否, PSYCHIATRY 精神病学,3 [112/277],,,,,,,,,,,二级
Nursing & Health Sciences,2025,1441-0745/1442-2018,否,否,否,SSCI;SCIE,1.6,,医学,3 [1988/5603],否, NURSING 护理,3 [42/191],,,,,,,,,,,二级
MENOPAUSE-THE JOURNAL OF THE NORTH AMERICAN MENOPAUSE SOCIETY,2025,1072-3714/1530-0374,否,否,否,SCIE,3,,医学,3 [1989/5603],否, OBSTETRICS & GYNECOLOGY 妇产科学,4 [49/135],,,,,,,,,,,二级
JOURNAL OF PHARMACEUTICAL SCIENCES,2025,0022-3549/1520-6017,否,否,否,SCIE,3.8,,医学,3 [1990/5603],否," CHEMISTRY, MEDICINAL 药物化学",3 [29/72]," CHEMISTRY, MULTIDISCIPLINARY 化学：综合",3 [81/230], PHARMACOLOGY & PHARMACY 药学,3 [125/350],,,,,,,二级
Health Care Management Science,2025,1386-9620/1572-9389,否,否,否,SSCI,2,,医学,3 [1991/5603],否, HEALTH POLICY & SERVICES 卫生政策与服务,3 [49/118],,,,,,,,,,,二级
CARCINOGENESIS,2025,0143-3334/1460-2180,否,否,否,SCIE,2.9,,医学,3 [1992/5603],否, ONCOLOGY 肿瘤学,4 [156/318],,,,,,,,,,,二级
JOURNAL OF ORTHOPAEDIC RESEARCH,2025,0736-0266/1554-527X,否,否,否,SCIE,2.3,,医学,3 [1993/5603],否, ORTHOPEDICS 骨科,4 [52/136],,,,,,,,,,,二级
International Journal of Medical Sciences,2025,1449-1907/1449-1907,否,否,是,SCIE,3.2,,医学,3 [1994/5603],否," MEDICINE, GENERAL & INTERNAL 医学：内科",3 [64/327],,,,,,,,,,,二级
eNeuro,2025,2373-2822/2373-2822,否,否,是,SCIE,2.7,,医学,3 [1995/5603],否, NEUROSCIENCES 神经科学,3 [147/309],,,,,,,,,,,二级
Teaching and Learning in Nursing,2025,1557-3087/1557-2013,否,否,否,ESCI,1.7,,医学,3 [1996/5603],否, NURSING 护理,3 [43/191],,,,,,,,,,,二级
Brazilian Journal of Psychiatry,2025,1516-4446/1809-452X,否,否,是,SSCI;SCIE,2.6,,医学,3 [1997/5603],否, PSYCHIATRY 精神病学,3 [113/277],,,,,,,,,,,二级
PHARMACEUTICAL RESEARCH,2025,0724-8741/1573-904X,否,否,否,SCIE,4.3,,医学,3 [1998/5603],否," CHEMISTRY, MULTIDISCIPLINARY 化学：综合",3 [82/230], PHARMACOLOGY & PHARMACY 药学,3 [126/350],,,,,,,,,二级
PHARMACOEPIDEMIOLOGY AND DRUG SAFETY,2025,1053-8569/1099-1557,否,否,否,SCIE,2.4,,医学,3 [1999/5603],否, PHARMACOLOGY & PHARMACY 药学,3 [127/350]," PUBLIC, ENVIRONMENTAL & OCCUPATIONAL HEALTH 公共卫生、环境卫生与职业卫生",3 [155/404],,,,,,,,,二级
INVESTIGATIONAL NEW DRUGS,2025,0167-6997/1573-0646,否,否,否,SCIE,2.7,,医学,3 [2000/5603],否, PHARMACOLOGY & PHARMACY 药学,3 [128/350], ONCOLOGY 肿瘤学,4 [157/318],,,,,,,,,二级
JOURNAL OF NEUROENDOCRINOLOGY,2025,0953-8194/1365-2826,否,否,否,SCIE,4.1,,医学,3 [2001/5603],否, NEUROSCIENCES 神经科学,3 [148/309], ENDOCRINOLOGY & METABOLISM 内分泌学与代谢,4 [99/184],,,,,,,,,二级
YONSEI MEDICAL JOURNAL,2025,0513-5796/1976-2437,否,否,是,SCIE,2.8,,医学,3 [2002/5603],否," MEDICINE, GENERAL & INTERNAL 医学：内科",3 [65/327],,,,,,,,,,,二级
PLATELETS,2025,0953-7104/1369-1635,否,否,否,SCIE,2.6,,医学,3 [2003/5603],否, HEMATOLOGY 血液学,3 [39/96], CELL BIOLOGY 细胞生物学,4 [109/203],,,,,,,,,二级
ACTA NEUROCHIRURGICA,2025,0001-6268/0942-0940,否,否,否,SCIE,1.9,,医学,3 [2004/5603],否, SURGERY 外科,3 [109/292], CLINICAL NEUROLOGY 临床神经病学,4 [122/278],,,,,,,,,二级
Lung Cancer-Targets and Therapy,2025,1179-2728/1179-2728,否,否,是,ESCI,3.3,,医学,3 [2005/5603],否, ONCOLOGY 肿瘤学,4 [158/318],,,,,,,,,,,二级
CNS SPECTRUMS,2025,1092-8529/2165-6509,否,否,否,SCIE,4.1,,医学,3 [2006/5603],否, PSYCHIATRY 精神病学,3 [114/277], CLINICAL NEUROLOGY 临床神经病学,4 [123/278],,,,,,,,,二级
Journal of Inflammation-London,2025,1476-9255/1476-9255,否,否,是,SCIE,4.1,,医学,3 [2007/5603],否, IMMUNOLOGY 免疫学,3 [87/179],,,,,,,,,,,二级
Asian Spine Journal,2025,1976-1902/1976-7846,否,否,是,ESCI,2.7,,医学,3 [2008/5603],否, ORTHOPEDICS 骨科,4 [53/136],,,,,,,,,,,二级
Vascular Health and Risk Management,2025,1176-6344/1178-2048,否,否,是,ESCI,2.8,,医学,3 [2009/5603],否, PERIPHERAL VASCULAR DISEASE 外周血管病,4 [37/96],,,,,,,,,,,二级
High Blood Pressure & Cardiovascular Prevention,2025,1120-9879/1179-1985,否,否,否,ESCI,2.9,,医学,3 [2010/5603],否, PERIPHERAL VASCULAR DISEASE 外周血管病,4 [38/96],,,,,,,,,,,二级
JOURNAL OF APPLIED GERONTOLOGY,2025,0733-4648/1552-4523,否,否,否,SSCI,2,,医学,3 [2011/5603],否, GERONTOLOGY 老年医学（社科）,4 [23/48],,,,,,,,,,,二级
Drug Healthcare and Patient Safety,2025,1179-1365/1179-1365,否,否,是,ESCI,3.4,,医学,3 [2012/5603],否, HEALTH CARE SCIENCES & SERVICES 卫生保健与服务,4 [70/173],,,,,,,,,,,二级
JMIR Pediatrics and Parenting,2025,2561-6722/2561-6722,否,否,是,ESCI,2.3,,医学,3 [2013/5603],否, PEDIATRICS 儿科,3 [53/185],,,,,,,,,,,二级
JOURNAL OF COMMUNITY HEALTH,2025,0094-5145/1573-3610,否,否,否,SSCI,2.2,,医学,3 [2014/5603],否, HEALTH POLICY & SERVICES 卫生政策与服务,3 [51/118]," PUBLIC, ENVIRONMENTAL & OCCUPATIONAL HEALTH 公共卫生、环境卫生与职业卫生",3 [157/404],,,,,,,,,二级
Health Informatics Journal,2025,1460-4582/1741-2811,否,否,是,SCIE,2.3,,医学,3 [2015/5603],否, HEALTH CARE SCIENCES & SERVICES 卫生保健与服务,4 [71/173], MEDICAL INFORMATICS 医学：信息,4 [26/44],,,,,,,,,二级
Current Oncology,2025,1198-0052/1718-7729,否,否,是,SCIE,3.4,,医学,3 [2016/5603],否, ONCOLOGY 肿瘤学,4 [159/318],,,,,,,,,,,二级
Clinical Medicine Insights-Endocrinology and Diabetes,2025,1179-5514/1179-5514,否,否,是,ESCI,3,,医学,3 [2017/5603],否, ENDOCRINOLOGY & METABOLISM 内分泌学与代谢,4 [100/184],,,,,,,,,,,二级
Brain Behavior & Immunity-Health,2025,2666-3546/2666-3546,否,否,否,ESCI,3.5,,医学,3 [2018/5603],否, IMMUNOLOGY 免疫学,3 [88/179], NEUROSCIENCES 神经科学,3 [150/309], PSYCHIATRY 精神病学,3 [115/277],,,,,,,二级
Journal of Cardiovascular Medicine,2025,1558-2027/1558-2035,否,否,否,SCIE,2,,医学,3 [2019/5603],否, CARDIAC & CARDIOVASCULAR SYSTEMS 心脏和心血管系统,4 [96/223],,,,,,,,,,,二级
CULTURE HEALTH & SEXUALITY,2025,1369-1058/1464-5351,否,否,否,SSCI,1.7,,医学,3 [2020/5603],否," SOCIAL SCIENCES, BIOMEDICAL 社会科学：生物医学",3 [19/46], FAMILY STUDIES 家庭研究,4 [26/65],,,,,,,,,二级
Pediatrics and Neonatology,2025,1875-9572/2212-1692,否,否,是,SCIE,2.1,,医学,3 [2021/5603],否, PEDIATRICS 儿科,3 [54/185],,,,,,,,,,,二级
Journal of Pediatric Nursing-Nursing Care of Children & Families,2025,0882-5963,否,否,否,SSCI;SCIE,2.3,,医学,3 [2022/5603],否, NURSING 护理,3 [44/191], PEDIATRICS 儿科,3 [55/185],,,,,,,,,二级
JOURNAL OF NEPHROLOGY,2025,1121-8428/1724-6059,否,否,否,SCIE,2.6,,医学,3 [2023/5603],否, UROLOGY & NEPHROLOGY 泌尿学与肾脏学,4 [53/126],,,,,,,,,,,二级
Cardiology Journal,2025,1897-5593/1898-018X,否,否,是,SCIE,1.9,,医学,3 [2024/5603],否, CARDIAC & CARDIOVASCULAR SYSTEMS 心脏和心血管系统,4 [97/223],,,,,,,,,,,二级
JOURNAL OF CLINICAL MONITORING AND COMPUTING,2025,1387-1307/1573-2614,否,否,否,SCIE,2.2,,医学,3 [2025/5603],否, ANESTHESIOLOGY 麻醉学,4 [22/64],,,,,,,,,,,二级
Brain Sciences,2025,2076-3425/2076-3425,否,否,是,SCIE,2.8,,医学,3 [2026/5603],否, NEUROSCIENCES 神经科学,3 [151/309],,,,,,,,,,,二级
European Journal of Medicinal Chemistry Reports,2025,2772-4174/2772-4174,否,否,是,ESCI,4.1,,医学,3 [2027/5603],否," CHEMISTRY, MEDICINAL 药物化学",3 [30/72],,,,,,,,,,,二级
International Journal of Sexual Health,2025,1931-7611/1931-762X,否,否,否,SSCI,2.1,,医学,3 [2028/5603],否," PUBLIC, ENVIRONMENTAL & OCCUPATIONAL HEALTH 公共卫生、环境卫生与职业卫生",3 [158/404]," PSYCHOLOGY, CLINICAL 心理学：临床",4 [81/179]," SOCIAL SCIENCES, INTERDISCIPLINARY 社会科学：跨领域",4 [75/263],,,,,,,二级
Fitoterapia,2025,0367-326X/1873-6971,否,否,否,SCIE,2.6,,医学,3 [2029/5603],否," CHEMISTRY, MEDICINAL 药物化学",3 [31/72], PHARMACOLOGY & PHARMACY 药学,3 [129/350],,,,,,,,,二级
CURRENT OPINION IN UROLOGY,2025,0963-0643/1473-6586,是,否,否,SCIE,2.2,,医学,3 [2030/5603],否, UROLOGY & NEPHROLOGY 泌尿学与肾脏学,4 [54/126],,,,,,,,,,,二级
EXPERIMENTAL PHYSIOLOGY,2025,0958-0670/1469-445X,否,否,否,SCIE,2.8,,医学,3 [2031/5603],否, PHYSIOLOGY 生理学,3 [31/84],,,,,,,,,,,二级
MOLECULAR IMMUNOLOGY,2025,0161-5890/1872-9142,否,否,否,SCIE,3,,医学,3 [2032/5603],否, BIOCHEMISTRY & MOLECULAR BIOLOGY 生化与分子生物学,3 [131/310], IMMUNOLOGY 免疫学,3 [89/179],,,,,,,,,二级
ULTRASOUND IN MEDICINE AND BIOLOGY,2025,0301-5629/1879-291X,否,否,否,SCIE,2.6,,医学,3 [2033/5603],否, ACOUSTICS 声学,3 [13/40]," RADIOLOGY, NUCLEAR MEDICINE & MEDICAL IMAGING 核医学",3 [74/206],,,,,,,,,二级
Cardio-Oncology,2025,2057-3804/2057-3804,否,否,是,ESCI,3.2,,医学,3 [2034/5603],否, CARDIAC & CARDIOVASCULAR SYSTEMS 心脏和心血管系统,4 [98/223], ONCOLOGY 肿瘤学,4 [160/318],,,,,,,,,二级
JOURNAL OF CHILD NEUROLOGY,2025,0883-0738/1708-8283,否,否,否,SCIE,1.6,,医学,3 [2035/5603],否, PEDIATRICS 儿科,3 [56/185], CLINICAL NEUROLOGY 临床神经病学,4 [124/278],,,,,,,,,二级
Indian Journal of Anaesthesia,2025,0019-5049/0976-2817,否,否,是,ESCI,1.9,,医学,3 [2036/5603],否, ANESTHESIOLOGY 麻醉学,4 [23/64],,,,,,,,,,,二级
APPLIED NURSING RESEARCH,2025,0897-1897/1532-8201,否,否,否,SSCI;SCIE,2.2,,医学,3 [2037/5603],否, NURSING 护理,3 [45/191],,,,,,,,,,,二级
Hormone Research in Paediatrics,2025,1663-2818/1663-2826,否,否,否,SCIE,2.7,,医学,3 [2038/5603],否, PEDIATRICS 儿科,3 [57/185], ENDOCRINOLOGY & METABOLISM 内分泌学与代谢,4 [101/184],,,,,,,,,二级
Health Equity,2025,2473-1242/2473-1242,否,否,是,ESCI,2.5,,医学,3 [2039/5603],否," PUBLIC, ENVIRONMENTAL & OCCUPATIONAL HEALTH 公共卫生、环境卫生与职业卫生",3 [160/404],,,,,,,,,,,二级
JOURNAL OF NEUROIMAGING,2025,1051-2284/1552-6569,否,否,否,SCIE,2.3,,医学,3 [2040/5603],否," RADIOLOGY, NUCLEAR MEDICINE & MEDICAL IMAGING 核医学",3 [75/206], CLINICAL NEUROLOGY 临床神经病学,4 [125/278], NEUROIMAGING 神经成像,4 [8/16],,,,,,,二级
Perioperative Medicine,2025,2047-0525/2047-0525,否,否,是,SCIE,2.1,,医学,3 [2041/5603],否, SURGERY 外科,3 [110/292], ANESTHESIOLOGY 麻醉学,4 [24/64],,,,,,,,,二级
NEUROLOGIC CLINICS,2025,0733-8619/1557-9875,是,否,否,SCIE,2.9,,医学,3 [2042/5603],否, CLINICAL NEUROLOGY 临床神经病学,4 [126/278], NEUROSCIENCES 神经科学,4 [154/309],,,,,,,,,二级
BMJ Neurology Open,2025,2632-6140/2632-6140,否,否,是,ESCI,2.4,,医学,3 [2043/5603],否, CLINICAL NEUROLOGY 临床神经病学,4 [127/278],,,,,,,,,,,二级
BMC Nutrition,2025,2055-0928/2055-0928,否,否,是,ESCI,2.2,,医学,3 [2044/5603],否, NUTRITION & DIETETICS 营养学,3 [50/113],,,,,,,,,,,二级
BRITISH JOURNAL OF NUTRITION,2025,0007-1145/1475-2662,否,否,否,SCIE,3,,医学,3 [2045/5603],否, NUTRITION & DIETETICS 营养学,3 [51/113],,,,,,,,,,,二级
CHILD PSYCHIATRY & HUMAN DEVELOPMENT,2025,0009-398X/1573-3327,否,否,否,SSCI,2.2,,医学,3 [2046/5603],否, PSYCHIATRY 精神病学,3 [116/277]," PSYCHOLOGY, DEVELOPMENTAL 心理学：发育",4 [50/91],,,,,,,,,二级
BMC Ophthalmology,2025,1471-2415/1471-2415,否,否,是,SCIE,1.7,,医学,3 [2047/5603],否, OPHTHALMOLOGY 眼科学,3 [30/95],,,,,,,,,,,二级
Transgender Health,2025,2688-4887/2380-193X,否,否,否,SSCI;SCIE,1.8,,医学,3 [2048/5603],否," PUBLIC, ENVIRONMENTAL & OCCUPATIONAL HEALTH 公共卫生、环境卫生与职业卫生",3 [161/404]," SOCIAL SCIENCES, BIOMEDICAL 社会科学：生物医学",3 [20/46]," PSYCHOLOGY, CLINICAL 心理学：临床",4 [82/179],,,,,,,二级
ANNALS OF ANATOMY-ANATOMISCHER ANZEIGER,2025,0940-9602/1618-0402,否,否,否,SCIE,1.7,,医学,3 [2049/5603],否, ANATOMY & MORPHOLOGY 解剖学与形态学,1 [2/22],,,,,,,,,,,二级
Drug Testing and Analysis,2025,1942-7603/1942-7611,否,否,否,SCIE,2.7,,医学,3 [2050/5603],否, BIOCHEMICAL RESEARCH METHODS 生化研究方法,3 [25/85]," CHEMISTRY, ANALYTICAL 分析化学",3 [32/106], PHARMACOLOGY & PHARMACY 药学,3 [130/350],,,,,,,二级
NURSING FORUM,2025,0029-6473/1744-6198,否,否,否,ESCI,2,,医学,3 [2051/5603],否, NURSING 护理,3 [46/191],,,,,,,,,,,二级
Food & Nutrition Research,2025,1654-6628/1654-661X,否,否,是,SCIE,3.4,,医学,3 [2052/5603],否, FOOD SCIENCE & TECHNOLOGY 食品科技,3 [60/173], NUTRITION & DIETETICS 营养学,4 [53/113],,,,,,,,,二级
Language Cognition and Neuroscience,2025,2327-3798/2327-3801,否,否,否,SSCI;SCIE,1.8,,医学,3 [2053/5603],否, AUDIOLOGY & SPEECH-LANGUAGE PATHOLOGY 听力学与言语病理学,3 [14/35], BEHAVIORAL SCIENCES 行为科学,3 [23/55], LINGUISTICS 语言学,4 [143/294]," PSYCHOLOGY, EXPERIMENTAL 心理学：实验",4 [60/99],,,,,二级
CANADIAN JOURNAL OF SURGERY,2025,0008-428X/1488-2310,否,否,否,SCIE,2.2,,医学,3 [2054/5603],否, SURGERY 外科,3 [111/292],,,,,,,,,,,二级
Current Opinion in Biomedical Engineering,2025,2468-4511/2468-4511,是,否,否,SCIE,4.2,,医学,3 [2055/5603],否," ENGINEERING, BIOMEDICAL 工程：生物医学",4 [56/120],,,,,,,,,,,二级
DERMATOLOGIC SURGERY,2025,1076-0512/1524-4725,否,否,否,SCIE,2.2,,医学,3 [2056/5603],否, DERMATOLOGY 皮肤病学,3 [27/94], SURGERY 外科,3 [112/292],,,,,,,,,二级
CHILD CARE HEALTH AND DEVELOPMENT,2025,0305-1862/1365-2214,否,否,否,SSCI;SCIE,2,,医学,3 [2057/5603],否, PEDIATRICS 儿科,3 [58/185]," PSYCHOLOGY, DEVELOPMENTAL 心理学：发育",4 [51/91],,,,,,,,,二级
Integrative Medicine Research,2025,2213-4220/2213-4239,否,否,是,SCIE,3,,医学,3 [2058/5603],否, INTEGRATIVE & COMPLEMENTARY MEDICINE 全科医学与补充医学,3 [12/43],,,,,,,,,,,二级
International Orthodontics,2025,1761-7227/1879-680X,否,否,否,ESCI,1.9,,医学,3 [2059/5603],否," DENTISTRY, ORAL SURGERY & MEDICINE 牙科与口腔外科",4 [60/157],,,,,,,,,,,二级
Telemedicine and e-Health,2025,1530-5627/1556-3669,否,否,否,SCIE,2,,医学,3 [2060/5603],否, HEALTH CARE SCIENCES & SERVICES 卫生保健与服务,4 [72/173],,,,,,,,,,,二级
International Journal of Integrated Care,2025,1568-4156/1568-4156,否,否,是,SSCI;SCIE,2.6,,医学,3 [2061/5603],否, HEALTH POLICY & SERVICES 卫生政策与服务,3 [52/118], HEALTH CARE SCIENCES & SERVICES 卫生保健与服务,4 [73/173],,,,,,,,,二级
Journal of Immunology Research,2025,2314-8861/2314-7156,否,否,是,SCIE,3.6,,医学,3 [2062/5603],否, IMMUNOLOGY 免疫学,3 [90/179],,,,,,,,,,,二级
JOURNAL OF PEDIATRIC GASTROENTEROLOGY AND NUTRITION,2025,0277-2116/1536-4801,否,否,否,SCIE,2.6,,医学,3 [2063/5603],否, PEDIATRICS 儿科,3 [59/185], GASTROENTEROLOGY & HEPATOLOGY 胃肠肝病学,4 [67/143], NUTRITION & DIETETICS 营养学,4 [56/113],,,,,,,二级
Multiple Sclerosis and Related Disorders,2025,2211-0348/2211-0356,否,否,否,SCIE,2.9,,医学,3 [2064/5603],否, CLINICAL NEUROLOGY 临床神经病学,4 [128/278],,,,,,,,,,,二级
Journal of Mental Health,2025,0963-8237/1360-0567,否,否,否,SSCI,3.2,,医学,3 [2065/5603],否, PSYCHIATRY 精神病学,4 [117/277]," PSYCHOLOGY, CLINICAL 心理学：临床",4 [83/179],,,,,,,,,二级
Journal of Psychiatric and Mental Health Nursing,2025,1351-0126/1365-2850,否,否,否,SSCI;SCIE,2.9,,医学,3 [2066/5603],否, NURSING 护理,3 [47/191], PSYCHIATRY 精神病学,4 [118/277],,,,,,,,,二级
Journal of the International Association of Providers of AIDS Care,2025,2325-9574/2325-9582,否,否,是,ESCI,2.1,,医学,3 [2067/5603],否, INFECTIOUS DISEASES 传染病学,4 [59/134],,,,,,,,,,,二级
WORLD JOURNAL OF BIOLOGICAL PSYCHIATRY,2025,1562-2975/1814-1412,否,否,否,SCIE,3.8,,医学,3 [2068/5603],否, PSYCHIATRY 精神病学,4 [119/277],,,,,,,,,,,二级
PUBLIC HEALTH REPORTS,2025,0033-3549/1468-2877,否,否,否,SSCI;SCIE,2.5,,医学,3 [2069/5603],否," PUBLIC, ENVIRONMENTAL & OCCUPATIONAL HEALTH 公共卫生、环境卫生与职业卫生",3 [162/404],,,,,,,,,,,二级
CANADIAN JOURNAL OF PUBLIC HEALTH-REVUE CANADIENNE DE SANTE PUBLIQUE,2025,0008-4263/1920-7476,否,否,否,SSCI,2.6,,医学,3 [2070/5603],否," PUBLIC, ENVIRONMENTAL & OCCUPATIONAL HEALTH 公共卫生、环境卫生与职业卫生",3 [163/404],,,,,,,,,,,二级
Clinical Nutrition ESPEN,2025,2405-4577/2405-4577,否,否,否,ESCI,2.6,,医学,3 [2071/5603],否, NUTRITION & DIETETICS 营养学,4 [57/113],,,,,,,,,,,二级
MOLECULAR AND CELLULAR NEUROSCIENCE,2025,1044-7431/1095-9327,否,否,否,SCIE,2.4,,医学,3 [2072/5603],否, NEUROSCIENCES 神经科学,4 [156/309],,,,,,,,,,,二级
PHYSIOLOGY & BEHAVIOR,2025,0031-9384/1873-507X,否,否,否,SSCI;SCIE,2.5,,医学,3 [2073/5603],否, BEHAVIORAL SCIENCES 行为科学,3 [24/55]," PSYCHOLOGY, BIOLOGICAL 心理学：生物",3 [8/18],,,,,,,,,二级
JOURNAL OF COMPARATIVE NEUROLOGY,2025,0021-9967/1096-9861,否,否,否,SCIE,2.1,,医学,3 [2074/5603],否, ZOOLOGY 动物学,2 [30/179], NEUROSCIENCES 神经科学,4 [157/309],,,,,,,,,二级
AMERICAN JOURNAL OF OTOLARYNGOLOGY,2025,0196-0709/1532-818X,否,否,否,SCIE,1.7,,医学,3 [2075/5603],否, OTORHINOLARYNGOLOGY 耳鼻喉科学,3 [22/66],,,,,,,,,,,二级
BRITISH JOURNAL OF ORAL & MAXILLOFACIAL SURGERY,2025,0266-4356/1532-1940,否,否,否,SCIE,1.9,,医学,3 [2076/5603],否, SURGERY 外科,3 [113/292]," DENTISTRY, ORAL SURGERY & MEDICINE 牙科与口腔外科",4 [61/157],,,,,,,,,二级
BLOOD PRESSURE,2025,0803-7051/1651-1999,否,否,否,SCIE,2.3,,医学,3 [2077/5603],否, PERIPHERAL VASCULAR DISEASE 外周血管病,4 [39/96],,,,,,,,,,,二级
JOURNAL OF SURGICAL ONCOLOGY,2025,0022-4790/1096-9098,否,否,否,SCIE,1.9,,医学,3 [2078/5603],否, ONCOLOGY 肿瘤学,4 [162/318], SURGERY 外科,4 [114/292],,,,,,,,,二级
Footwear Science,2025,1942-4280/1942-4299,否,否,否,ESCI,3.8,,医学,3 [2079/5603],否, ERGONOMICS 人体工程学,4 [12/24],,,,,,,,,,,二级
Frontiers in Global Womens Health,2025,2673-5059/2673-5059,否,否,是,ESCI,2.4,,医学,3 [2080/5603],否," PUBLIC, ENVIRONMENTAL & OCCUPATIONAL HEALTH 公共卫生、环境卫生与职业卫生",3 [164/404], OBSTETRICS & GYNECOLOGY 妇产科学,4 [50/135], WOMENS STUDIES 女性研究,4 [28/66],,,,,,,二级
JOURNAL OF PERSONALITY DISORDERS,2025,0885-579X/1943-2763,否,否,否,SSCI,2.7,,医学,3 [2081/5603],否, PSYCHIATRY 精神病学,4 [120/277],,,,,,,,,,,二级
RESEARCH IN NURSING & HEALTH,2025,0160-6891/1098-240X,否,否,否,SSCI;SCIE,2.4,,医学,3 [2082/5603],否, NURSING 护理,3 [48/191],,,,,,,,,,,二级
Neuropsychiatric Disease and Treatment,2025,1178-2021/1178-2021,否,否,是,SCIE,2.9,,医学,3 [2083/5603],否, CLINICAL NEUROLOGY 临床神经病学,4 [129/278], PSYCHIATRY 精神病学,4 [121/277],,,,,,,,,二级
European Journal of Obstetrics & Gynecology and Reproductive Biology,2025,0301-2115/1872-7654,否,否,否,SCIE,1.9,,医学,3 [2084/5603],否, OBSTETRICS & GYNECOLOGY 妇产科学,4 [51/135], REPRODUCTIVE BIOLOGY 生殖生物学,4 [20/39],,,,,,,,,二级
Forensic Chemistry,2025,2468-1709/2468-1709,否,否,否,SCIE,2.2,,医学,3 [2085/5603],否," CHEMISTRY, ANALYTICAL 分析化学",3 [33/106],,,,,,,,,,,二级
JOURNAL OF CLINICAL PSYCHOPHARMACOLOGY,2025,0271-0749/1533-712X,否,否,否,SCIE,2.8,,医学,3 [2086/5603],否, PHARMACOLOGY & PHARMACY 药学,3 [131/350], PSYCHIATRY 精神病学,4 [122/277],,,,,,,,,二级
JOURNAL OF ANATOMY,2025,0021-8782/1469-7580,否,否,否,SCIE,1.9,,医学,3 [2087/5603],否, ANATOMY & MORPHOLOGY 解剖学与形态学,2 [3/22],,,,,,,,,,,二级
Contemporary Clinical Trials,2025,1551-7144/1559-2030,否,否,否,SCIE,1.9,,医学,3 [2088/5603],否," MEDICINE, RESEARCH & EXPERIMENTAL 医学：研究与实验",3 [81/188], PHARMACOLOGY & PHARMACY 药学,3 [132/350],,,,,,,,,二级
REGULATORY TOXICOLOGY AND PHARMACOLOGY,2025,0273-2300/1096-0295,否,否,否,SCIE,3.5,,医学,3 [2089/5603],否," MEDICINE, LEGAL 医学：法",3 [8/23], PHARMACOLOGY & PHARMACY 药学,3 [133/350], TOXICOLOGY 毒理学,3 [37/106],,,,,,,二级
Journal of Pharmaceutical Investigation,2025,2093-5552/2093-6214,否,否,否,SCIE,5.1,,医学,3 [2090/5603],否, PHARMACOLOGY & PHARMACY 药学,3 [134/350],,,,,,,,,,,二级
JOURNAL OF ORTHOPAEDIC TRAUMA,2025,0890-5339/1531-2291,否,否,否,SCIE,1.8,,医学,3 [2091/5603],否, ORTHOPEDICS 骨科,4 [54/136], SPORT SCIENCES 运动科学,4 [55/126],,,,,,,,,二级
EJNMMI Radiopharmacy and Chemistry,2025,2365-421X/2365-421X,否,否,是,ESCI,3.3,,医学,3 [2092/5603],否," CHEMISTRY, INORGANIC & NUCLEAR 无机化学与核化学",2 [7/44]," CHEMISTRY, MEDICINAL 药物化学",3 [32/72]," RADIOLOGY, NUCLEAR MEDICINE & MEDICAL IMAGING 核医学",4 [76/206],,,,,,,二级
RSC Medicinal Chemistry,2025,2632-8682/2632-8682,否,否,否,SCIE,3.6,,医学,3 [2093/5603],否, BIOCHEMISTRY & MOLECULAR BIOLOGY 生化与分子生物学,3 [133/310]," CHEMISTRY, MEDICINAL 药物化学",3 [33/72],,,,,,,,,二级
Current Research in Parasitology & Vector-Borne Diseases,2025,2667-114X/2667-114X,否,否,否,ESCI,3.1,,医学,3 [2094/5603],否, PARASITOLOGY 寄生虫学,3 [21/45],,,,,,,,,,,二级
Geriatrics & Gerontology International,2025,1444-1586/1447-0594,否,否,否,SSCI;SCIE,2.5,,医学,3 [2095/5603],否, GERIATRICS & GERONTOLOGY 老年医学,4 [42/72], GERONTOLOGY 老年医学（社科）,4 [24/48],,,,,,,,,二级
CEREBELLUM,2025,1473-4222/1473-4230,否,否,否,SCIE,2.4,,医学,3 [2096/5603],否, NEUROSCIENCES 神经科学,4 [159/309],,,,,,,,,,,二级
Vasa-European Journal of Vascular Medicine,2025,0301-1526/1664-2872,否,否,否,SCIE,2.4,,医学,3 [2097/5603],否, PERIPHERAL VASCULAR DISEASE 外周血管病,4 [40/96],,,,,,,,,,,二级
JOURNAL OF NEUROSURGICAL ANESTHESIOLOGY,2025,0898-4921/1537-1921,否,否,否,SCIE,2.4,,医学,3 [2098/5603],否, ANESTHESIOLOGY 麻醉学,4 [25/64], CLINICAL NEUROLOGY 临床神经病学,4 [130/278], SURGERY 外科,4 [116/292],,,,,,,二级
World Journal of Psychiatry,2025,2220-3206/2220-3206,否,否,否,SCIE,3.4,,医学,3 [2099/5603],否, PSYCHIATRY 精神病学,4 [123/277],,,,,,,,,,,二级
Chronic Obstructive Pulmonary Diseases-Journal of the COPD Foundation,2025,2372-952X/2372-952X,否,否,否,SCIE,2,,医学,3 [2100/5603],否, RESPIRATORY SYSTEM 呼吸系统,4 [41/101],,,,,,,,,,,二级
Risk Management and Healthcare Policy,2025,1179-1594/1179-1594,否,否,是,SSCI;SCIE,2,,医学,3 [2101/5603],否, HEALTH CARE SCIENCES & SERVICES 卫生保健与服务,4 [74/173], HEALTH POLICY & SERVICES 卫生政策与服务,4 [53/118],,,,,,,,,二级
BMC Neurology,2025,1471-2377/1471-2377,否,否,是,SCIE,2.2,,医学,3 [2102/5603],否, CLINICAL NEUROLOGY 临床神经病学,4 [131/278],,,,,,,,,,,二级
Journal of Cardiovascular Development and Disease,2025,2308-3425/2308-3425,否,否,是,SCIE,2.3,,医学,3 [2103/5603],否, CARDIAC & CARDIOVASCULAR SYSTEMS 心脏和心血管系统,4 [99/223],,,,,,,,,,,二级
Neurology International,2025,2035-8377/2035-8377,否,否,是,ESCI,3,,医学,3 [2104/5603],否, CLINICAL NEUROLOGY 临床神经病学,4 [132/278],,,,,,,,,,,二级
Diabetes Therapy,2025,1869-6953/1869-6961,否,否,是,SCIE,2.6,,医学,3 [2105/5603],否, ENDOCRINOLOGY & METABOLISM 内分泌学与代谢,4 [102/184],,,,,,,,,,,二级
International Journal of Clinical Oncology,2025,1341-9625/1437-7772,否,否,否,SCIE,2.8,,医学,3 [2106/5603],否, ONCOLOGY 肿瘤学,4 [163/318],,,,,,,,,,,二级
ETHNICITY & DISEASE,2025,1049-510X/1945-0826,否,否,否,SCIE,1.7,,医学,3 [2107/5603],否," PUBLIC, ENVIRONMENTAL & OCCUPATIONAL HEALTH 公共卫生、环境卫生与职业卫生",3 [165/404],,,,,,,,,,,二级
European Journal of General Practice,2025,1381-4788/1751-1402,否,否,是,SCIE,2.5,,医学,3 [2108/5603],否," MEDICINE, GENERAL & INTERNAL 医学：内科",3 [66/327], PRIMARY HEALTH CARE 初级卫生保健,3 [7/28],,,,,,,,,二级
Diabetes Metabolic Syndrome and Obesity,2025,1178-7007/1178-7007,否,否,是,SCIE,3,,医学,3 [2109/5603],否, ENDOCRINOLOGY & METABOLISM 内分泌学与代谢,4 [103/184],,,,,,,,,,,二级
EPILEPSY & BEHAVIOR,2025,1525-5050/1525-5069,否,否,否,SCIE,2.3,,医学,3 [2110/5603],否, BEHAVIORAL SCIENCES 行为科学,3 [25/55], CLINICAL NEUROLOGY 临床神经病学,4 [133/278], PSYCHIATRY 精神病学,4 [124/277],,,,,,,二级
AMERICAN FAMILY PHYSICIAN,2025,0002-838X/1532-0650,否,否,否,SCIE,3.5,,医学,3 [2111/5603],否," MEDICINE, GENERAL & INTERNAL 医学：内科",3 [67/327], PRIMARY HEALTH CARE 初级卫生保健,3 [8/28],,,,,,,,,二级
EUROPEAN JOURNAL OF MEDICAL RESEARCH,2025,0949-2321/2047-783X,否,否,是,SCIE,3.4,,医学,3 [2112/5603],否," MEDICINE, RESEARCH & EXPERIMENTAL 医学：研究与实验",4 [83/188],,,,,,,,,,,二级
UROLOGIC ONCOLOGY-SEMINARS AND ORIGINAL INVESTIGATIONS,2025,1078-1439/1873-2496,否,否,否,SCIE,2.3,,医学,3 [2113/5603],否, ONCOLOGY 肿瘤学,4 [164/318], UROLOGY & NEPHROLOGY 泌尿学与肾脏学,4 [55/126],,,,,,,,,二级
PEPTIDES,2025,0196-9781/1873-5169,否,否,否,SCIE,2.9,,医学,3 [2114/5603],否, BIOCHEMISTRY & MOLECULAR BIOLOGY 生化与分子生物学,3 [137/310], PHARMACOLOGY & PHARMACY 药学,3 [135/350], ENDOCRINOLOGY & METABOLISM 内分泌学与代谢,4 [104/184],,,,,,,二级
Frontiers in Neural Circuits,2025,1662-5110/1662-5110,否,否,是,SCIE,3,,医学,3 [2115/5603],否, NEUROSCIENCES 神经科学,4 [160/309],,,,,,,,,,,二级
ORAL DISEASES,2025,1354-523X/1601-0825,否,否,否,SCIE,2.9,,医学,3 [2116/5603],否," DENTISTRY, ORAL SURGERY & MEDICINE 牙科与口腔外科",4 [62/157],,,,,,,,,,,二级
Dermatologic Therapy,2025,1396-0296/1529-8019,否,否,否,SCIE,3.4,,医学,3 [2117/5603],否, DERMATOLOGY 皮肤病学,3 [28/94],,,,,,,,,,,二级
CELLULAR IMMUNOLOGY,2025,0008-8749/1090-2163,否,否,否,SCIE,2.9,,医学,3 [2118/5603],否, CELL BIOLOGY 细胞生物学,4 [113/203], IMMUNOLOGY 免疫学,4 [91/179],,,,,,,,,二级
BIOORGANIC & MEDICINAL CHEMISTRY,2025,0968-0896/1464-3391,否,否,否,SCIE,3,,医学,3 [2119/5603],否," CHEMISTRY, ORGANIC 有机化学",2 [10/57], BIOCHEMISTRY & MOLECULAR BIOLOGY 生化与分子生物学,3 [139/310]," CHEMISTRY, MEDICINAL 药物化学",3 [34/72],,,,,,,二级
JOURNAL OF HUMAN LACTATION,2025,0890-3344/1552-5732,否,否,否,SCIE,1.8,,医学,3 [2120/5603],否, NURSING 护理,3 [49/191], PEDIATRICS 儿科,3 [61/185], OBSTETRICS & GYNECOLOGY 妇产科学,4 [52/135],,,,,,,二级
JOURNAL OF BIOMEDICAL MATERIALS RESEARCH PART A,2025,1549-3296/1552-4965,否,否,否,SCIE,3.9,,医学,3 [2121/5603],否," ENGINEERING, BIOMEDICAL 工程：生物医学",4 [57/120]," MATERIALS SCIENCE, BIOMATERIALS 材料科学：生物材料",4 [28/52],,,,,,,,,二级
Complementary Therapies in Clinical Practice,2025,1744-3881/1873-6947,否,否,否,SCIE,3,,医学,3 [2122/5603],否, INTEGRATIVE & COMPLEMENTARY MEDICINE 全科医学与补充医学,3 [13/43],,,,,,,,,,,二级
MEDICAL CARE RESEARCH AND REVIEW,2025,1077-5587/1552-6801,否,否,否,SSCI;SCIE,2.2,,医学,3 [2123/5603],否, HEALTH CARE SCIENCES & SERVICES 卫生保健与服务,4 [75/173], HEALTH POLICY & SERVICES 卫生政策与服务,4 [54/118],,,,,,,,,二级
CLINICAL JOURNAL OF SPORT MEDICINE,2025,1050-642X/1536-3724,否,否,否,SCIE,1.8,,医学,3 [2124/5603],否, PHYSIOLOGY 生理学,3 [34/84], ORTHOPEDICS 骨科,4 [55/136], SPORT SCIENCES 运动科学,4 [56/126],,,,,,,二级
ANNALES DE DERMATOLOGIE ET DE VENEREOLOGIE,2025,0151-9638/2214-5451,否,否,否,SCIE,2.8,,医学,3 [2125/5603],否, DERMATOLOGY 皮肤病学,3 [29/94],,,,,,,,,,,二级
SOCIAL WORK IN HEALTH CARE,2025,0098-1389/1541-034X,否,否,否,SSCI,1.8,,医学,3 [2126/5603],否, SOCIAL WORK 社会工作,3 [23/91],,,,,,,,,,,二级
EUROPEAN JOURNAL OF IMMUNOLOGY,2025,0014-2980/1521-4141,否,否,否,SCIE,3.7,,医学,3 [2127/5603],否, IMMUNOLOGY 免疫学,4 [92/179],,,,,,,,,,,二级
Chiropractic & Manual Therapies,2025,2045-709X/2045-709X,否,否,是,SCIE,2.3,,医学,3 [2128/5603],否, REHABILITATION 康复医学,3 [52/169],,,,,,,,,,,二级
JOURNAL OF BIOCHEMICAL AND MOLECULAR TOXICOLOGY,2025,1095-6670/1099-0461,否,否,否,SCIE,2.8,,医学,3 [2129/5603],否, BIOCHEMISTRY & MOLECULAR BIOLOGY 生化与分子生物学,3 [140/310], TOXICOLOGY 毒理学,3 [38/106],,,,,,,,,二级
SSM-Qualitative Research in Health,2025,2667-3215/2667-3215,否,否,是,ESCI,2.5,,医学,3 [2130/5603],否," PUBLIC, ENVIRONMENTAL & OCCUPATIONAL HEALTH 公共卫生、环境卫生与职业卫生",3 [166/404]," SOCIAL SCIENCES, BIOMEDICAL 社会科学：生物医学",3 [22/46],,,,,,,,,二级
International Journal of Nursing Studies Advances,2025,2666-142X/2666-142X,否,否,是,ESCI,2.7,,医学,3 [2131/5603],否, NURSING 护理,3 [50/191],,,,,,,,,,,二级
JOURNAL OF THROMBOSIS AND THROMBOLYSIS,2025,0929-5305/1573-742X,否,否,否,SCIE,2.2,,医学,3 [2132/5603],否, HEMATOLOGY 血液学,3 [41/96], CARDIAC & CARDIOVASCULAR SYSTEMS 心脏和心血管系统,4 [100/223], PERIPHERAL VASCULAR DISEASE 外周血管病,4 [41/96],,,,,,,二级
Abdominal Radiology,2025,2366-004X/2366-0058,否,否,否,SCIE,2.2,,医学,3 [2133/5603],否," RADIOLOGY, NUCLEAR MEDICINE & MEDICAL IMAGING 核医学",4 [77/206],,,,,,,,,,,二级
JOURNAL OF CHROMATOGRAPHY B-ANALYTICAL TECHNOLOGIES IN THE BIOMEDICAL AND LIFE SCIENCES,2025,1570-0232/1873-376X,否,否,否,SCIE,2.8,,医学,3 [2134/5603],否, BIOCHEMICAL RESEARCH METHODS 生化研究方法,3 [27/85]," CHEMISTRY, ANALYTICAL 分析化学",3 [34/106],,,,,,,,,二级
CYTOTHERAPY,2025,1465-3249/1477-2566,否,否,否,SCIE,3.2,,医学,3 [2135/5603],否, BIOTECHNOLOGY & APPLIED MICROBIOLOGY 生物工程与应用微生物,3 [64/174], HEMATOLOGY 血液学,3 [42/96], CELL & TISSUE ENGINEERING 细胞与组织工程,4 [18/31], CELL BIOLOGY 细胞生物学,4 [114/203]," MEDICINE, RESEARCH & EXPERIMENTAL 医学：研究与实验",4 [84/188],,,二级
Arthroplasty,2025,2524-7948/2524-7948,否,否,是,ESCI,4.3,,医学,3 [2136/5603],否, ORTHOPEDICS 骨科,4 [56/136],,,,,,,,,,,二级
Patient Preference and Adherence,2025,1177-889X,否,否,是,SCIE,2,,医学,3 [2137/5603],否," MEDICINE, GENERAL & INTERNAL 医学：内科",3 [68/327],,,,,,,,,,,二级
Journal of Medical Toxicology,2025,1556-9039/1937-6995,否,否,否,SCIE,2.6,,医学,3 [2138/5603],否, TOXICOLOGY 毒理学,3 [39/106],,,,,,,,,,,二级
American Journal of Cardiovascular Drugs,2025,1175-3277/1179-187X,否,否,否,SCIE,3,,医学,3 [2139/5603],否, PHARMACOLOGY & PHARMACY 药学,3 [136/350], CARDIAC & CARDIOVASCULAR SYSTEMS 心脏和心血管系统,4 [101/223],,,,,,,,,二级
ANAIS BRASILEIROS DE DERMATOLOGIA,2025,0365-0596/1806-4841,否,否,是,SCIE,3.6,,医学,3 [2140/5603],否, DERMATOLOGY 皮肤病学,3 [30/94],,,,,,,,,,,二级
RADIATION RESEARCH,2025,0033-7587/1938-5404,否,否,否,SCIE,2.7,,医学,3 [2141/5603],否, BIOPHYSICS 生物物理,2 [20/76], BIOLOGY 生物学,3 [33/109]," RADIOLOGY, NUCLEAR MEDICINE & MEDICAL IMAGING 核医学",4 [78/206],,,,,,,二级
Global Public Health,2025,1744-1692/1744-1706,否,否,是,SSCI,2.1,,医学,3 [2142/5603],否," PUBLIC, ENVIRONMENTAL & OCCUPATIONAL HEALTH 公共卫生、环境卫生与职业卫生",3 [167/404],,,,,,,,,,,二级
BMJ Health & Care Informatics,2025,2632-1009/2632-1009,否,否,是,ESCI,4.4,,医学,3 [2143/5603],否, HEALTH CARE SCIENCES & SERVICES 卫生保健与服务,4 [76/173], MEDICAL INFORMATICS 医学：信息,4 [27/44],,,,,,,,,二级
Joint Commission Journal on Quality and Patient Safety,2025,1553-7250/1938-131X,否,否,否,ESCI,2.4,,医学,3 [2144/5603],否, HEALTH CARE SCIENCES & SERVICES 卫生保健与服务,4 [77/173],,,,,,,,,,,二级
JOURNAL OF SURGICAL RESEARCH,2025,0022-4804/1095-8673,否,否,否,SCIE,1.7,,医学,3 [2145/5603],否, SURGERY 外科,4 [117/292],,,,,,,,,,,二级
Heart Lung and Circulation,2025,1443-9506/1444-2892,否,否,否,SCIE,2.2,,医学,3 [2146/5603],否, CARDIAC & CARDIOVASCULAR SYSTEMS 心脏和心血管系统,4 [102/223],,,,,,,,,,,二级
Nursing Reports,2025,2039-439X/2039-4403,否,否,是,ESCI,2,,医学,3 [2147/5603],否, NURSING 护理,3 [51/191],,,,,,,,,,,二级
Current Developments in Nutrition,2025,2475-2991/2475-2991,否,否,是,ESCI,3.2,,医学,3 [2148/5603],否, NUTRITION & DIETETICS 营养学,4 [58/113],,,,,,,,,,,二级
NEURAL PLASTICITY,2025,2090-5904/1687-5443,否,否,是,SCIE,3.7,,医学,3 [2149/5603],否, NEUROSCIENCES 神经科学,4 [161/309],,,,,,,,,,,二级
Journal of Occupational Medicine and Toxicology,2025,1745-6673/1745-6673,否,否,是,SCIE,2.7,,医学,3 [2150/5603],否," PUBLIC, ENVIRONMENTAL & OCCUPATIONAL HEALTH 公共卫生、环境卫生与职业卫生",3 [168/404],,,,,,,,,,,二级
NEUROPHYSIOLOGIE CLINIQUE-CLINICAL NEUROPHYSIOLOGY,2025,0987-7053/1769-7131,否,否,否,SCIE,2.4,,医学,3 [2151/5603],否, PHYSIOLOGY 生理学,3 [35/84], CLINICAL NEUROLOGY 临床神经病学,4 [135/278], NEUROSCIENCES 神经科学,4 [162/309],,,,,,,二级
Anesthesiology Research and Practice,2025,1687-6962/1687-6970,否,否,是,ESCI,1.3,,医学,3 [2152/5603],否, ANESTHESIOLOGY 麻醉学,4 [26/64],,,,,,,,,,,二级
Journal of Virus Eradication,2025,2055-6640/2055-6659,否,否,否,SCIE,2,,医学,3 [2153/5603],否, VIROLOGY 病毒学,3 [20/41], IMMUNOLOGY 免疫学,4 [93/179], INFECTIOUS DISEASES 传染病学,4 [60/134],,,,,,,二级
Therapeutic Advances in Gastrointestinal Endoscopy,2025,2631-7745/2631-7745,否,否,是,ESCI,2.4,,医学,3 [2154/5603],否, GASTROENTEROLOGY & HEPATOLOGY 胃肠肝病学,4 [68/143],,,,,,,,,,,二级
Clinical and Experimental Pediatrics,2025,2713-4148/2713-4148,否,否,是,ESCI,3.6,,医学,3 [2155/5603],否, PEDIATRICS 儿科,3 [62/185],,,,,,,,,,,二级
SURGEON-JOURNAL OF THE ROYAL COLLEGES OF SURGEONS OF EDINBURGH AND IRELAND,2025,1479-666X/2405-5840,否,否,否,SCIE,2.5,,医学,3 [2156/5603],否, SURGERY 外科,4 [118/292],,,,,,,,,,,二级
CONTEMPORARY DRUG PROBLEMS,2025,0091-4509/2163-1808,否,否,否,ESCI,2.7,,医学,3 [2157/5603],否, SUBSTANCE ABUSE 药物滥用,4 [27/56],,,,,,,,,,,二级
KIDNEY & BLOOD PRESSURE RESEARCH,2025,1420-4096/1423-0143,否,否,是,SCIE,2.1,,医学,3 [2158/5603],否, PHYSIOLOGY 生理学,3 [36/84], PERIPHERAL VASCULAR DISEASE 外周血管病,4 [43/96], UROLOGY & NEPHROLOGY 泌尿学与肾脏学,4 [57/126],,,,,,,二级
Journal of the National Cancer Center,2025,2667-0054/2667-0054,否,否,否,ESCI,9.4,中国SCI期刊支持计划,医学,3 [2159/5603],否, ONCOLOGY 肿瘤学,3 [136/318],,,,,,,,,,,二级
World Journal Of Emergency Medicine,2025,1920-8642/1920-8642,否,否,否,SCIE,3.2,中国SCI期刊支持计划,医学,3 [2160/5603],否, EMERGENCY MEDICINE 急救医学,3 [18/54],,,,,,,,,,,二级
Journal of Otology,2025,1672-2930/1672-2930,否,否,是,ESCI,1.4,中国SCI期刊支持计划,医学,3 [2161/5603],否, OTORHINOLARYNGOLOGY 耳鼻喉科学,3 [25/66],,,,,,,,,,,二级
Visual Computing for Industry Biomedicine and Art,2025,2524-4442/2524-4442,否,否,是,ESCI,6,中国SCI期刊支持计划,医学,3 [2162/5603],否," COMPUTER SCIENCE, INTERDISCIPLINARY APPLICATIONS 计算机：跨学科应用",3 [71/172]," ENGINEERING, ELECTRICAL & ELECTRONIC 工程：电子与电气",3 [156/352], IMAGING SCIENCE & PHOTOGRAPHIC TECHNOLOGY 成像科学与照相技术,3 [17/35],,,,,,,二级
Journal of Clinical and Translational Hepatology,2025,2225-0719/2310-8819,否,否,否,SCIE,4.2,中国SCI期刊支持计划,医学,3 [2163/5603],否, GASTROENTEROLOGY & HEPATOLOGY 胃肠肝病学,3 [49/143],,,,,,,,,,,二级
Journal of Integrative Neuroscience,2025,0219-6352/1757-448X,否,否,是,SCIE,2.7,中国SCI期刊支持计划,医学,3 [2164/5603],否, NEUROSCIENCES 神经科学,3 [153/309],,,,,,,,,,,二级
Sports Medicine and Health Science,2025,2666-3376/2666-3376,否,否,是,ESCI,2.3,中国SCI期刊支持计划,医学,3 [2165/5603],否, SPORT SCIENCES 运动科学,3 [48/126],,,,,,,,,,,二级
Journal of Neurorestoratology,2025,2324-2426/2324-2426,否,否,是,ESCI,3.4,中国SCI期刊支持计划,医学,3 [2166/5603],否, CLINICAL NEUROLOGY 临床神经病学,3 [117/278],,,,,,,,,,,二级
Reviews in Cardiovascular Medicine,2025,1530-6550/2153-8174,是,否,是,SCIE,1.3,中国SCI期刊支持计划,医学,3 [2167/5603],否, CARDIAC & CARDIOVASCULAR SYSTEMS 心脏和心血管系统,3 [88/223],,,,,,,,,,,二级
Liver Research,2025,2096-2878/2542-5684,否,否,是,ESCI,2.1,中国SCI期刊支持计划,医学,3 [2168/5603],否, GASTROENTEROLOGY & HEPATOLOGY 胃肠肝病学,3 [50/143],,,,,,,,,,,二级
CLINICS IN SPORTS MEDICINE,2025,0278-5919/1556-228X,是,否,否,SCIE,1.6,,医学,4 [2169/5603],否, SPORT SCIENCES 运动科学,4 [53/126],,,,,,,,,,,三级
CURRENT OPINION IN HEMATOLOGY,2025,1065-6251/1531-7048,是,否,否,SCIE,2.9,,医学,4 [2170/5603],否, HEMATOLOGY 血液学,3 [40/96],,,,,,,,,,,三级
Seminars in Plastic Surgery,2025,1535-2188/1536-0067,是,否,否,SCIE,1.2,,医学,4 [2171/5603],否, SURGERY 外科,4 [115/292],,,,,,,,,,,三级
CURRENT OPINION IN PEDIATRICS,2025,1040-8703/1531-698X,是,否,否,SCIE,2.5,,医学,4 [2172/5603],否, PEDIATRICS 儿科,3 [60/185],,,,,,,,,,,三级
Oncology Reviews,2025,1970-5557/1970-5565,是,否,是,ESCI,5.2,,医学,4 [2173/5603],否, ONCOLOGY 肿瘤学,4 [165/318],,,,,,,,,,,三级
CURRENT OPINION IN NEPHROLOGY AND HYPERTENSION,2025,1062-4821/1473-6543,是,否,否,SCIE,2.4,,医学,4 [2174/5603],否, PERIPHERAL VASCULAR DISEASE 外周血管病,4 [42/96], UROLOGY & NEPHROLOGY 泌尿学与肾脏学,4 [56/126],,,,,,,,,三级
CURRENT OPINION IN GASTROENTEROLOGY,2025,0267-1379/1531-7056,是,否,否,SCIE,2.5,,医学,4 [2175/5603],否, GASTROENTEROLOGY & HEPATOLOGY 胃肠肝病学,4 [69/143],,,,,,,,,,,三级
Endocrinology Diabetes & Metabolism,2025,2398-9238/2398-9238,否,否,是,ESCI,2.6,,医学,4 [2176/5603],否, ENDOCRINOLOGY & METABOLISM 内分泌学与代谢,4 [105/184],,,,,,,,,,,三级
International Journal of Telerehabilitation,2025,1945-2020/1945-2020,否,否,是,ESCI,2.1,,医学,4 [2177/5603],否, REHABILITATION 康复医学,3 [53/169],,,,,,,,,,,三级
COPD-Journal of Chronic Obstructive Pulmonary Disease,2025,1541-2555/1541-2563,否,否,是,SCIE,2.1,,医学,4 [2178/5603],否, RESPIRATORY SYSTEM 呼吸系统,4 [42/101],,,,,,,,,,,三级
Forensic Toxicology,2025,1860-8965/1860-8973,否,否,否,SCIE,3,,医学,4 [2179/5603],否, TOXICOLOGY 毒理学,3 [40/106],,,,,,,,,,,三级
HEMATOLOGICAL ONCOLOGY,2025,0278-0232/1099-1069,否,否,否,SCIE,3.9,,医学,4 [2180/5603],否, HEMATOLOGY 血液学,3 [43/96], ONCOLOGY 肿瘤学,4 [166/318],,,,,,,,,三级
Cosmetics,2025,2079-9284/2079-9284,否,否,是,ESCI,3.2,,医学,4 [2181/5603],否, BIOCHEMISTRY & MOLECULAR BIOLOGY 生化与分子生物学,3 [143/310], DERMATOLOGY 皮肤病学,3 [31/94],,,,,,,,,三级
EUROPEAN JOURNAL OF CONTRACEPTION AND REPRODUCTIVE HEALTH CARE,2025,1362-5187/1473-0782,否,否,否,SCIE,2,,医学,4 [2182/5603],否," PUBLIC, ENVIRONMENTAL & OCCUPATIONAL HEALTH 公共卫生、环境卫生与职业卫生",3 [169/404], OBSTETRICS & GYNECOLOGY 妇产科学,4 [53/135],,,,,,,,,三级
RSC Chemical Biology,2025,2633-0679/2633-0679,否,否,否,ESCI,3.1,,医学,4 [2183/5603],否, BIOCHEMISTRY & MOLECULAR BIOLOGY 生化与分子生物学,3 [145/310]," CHEMISTRY, MULTIDISCIPLINARY 化学：综合",3 [85/230],,,,,,,,,三级
Journal of Nursing Regulation,2025,2155-8256/2155-8264,否,否,否,SSCI;SCIE,6.3,,医学,4 [2184/5603],否, NURSING 护理,3 [52/191],,,,,,,,,,,三级
International Health,2025,1876-3413/1876-3405,否,否,否,SSCI;SCIE,2.2,,医学,4 [2185/5603],否," PUBLIC, ENVIRONMENTAL & OCCUPATIONAL HEALTH 公共卫生、环境卫生与职业卫生",3 [170/404],,,,,,,,,,,三级
International Journal of Mental Health and Addiction,2025,1557-1874/1557-1882,否,否,否,SSCI;SCIE,2.5,,医学,4 [2186/5603],否, PSYCHIATRY 精神病学,4 [125/277]," PSYCHOLOGY, CLINICAL 心理学：临床",4 [87/179], SUBSTANCE ABUSE 药物滥用,4 [28/56],,,,,,,三级
EUROPEAN JOURNAL OF PEDIATRIC SURGERY,2025,0939-7248/1439-359X,否,否,否,SCIE,1.4,,医学,4 [2187/5603],否, PEDIATRICS 儿科,3 [63/185], SURGERY 外科,4 [119/292],,,,,,,,,三级
INJURY PREVENTION,2025,1353-8047/1475-5785,否,否,否,SSCI;SCIE,2,,医学,4 [2188/5603],否," PUBLIC, ENVIRONMENTAL & OCCUPATIONAL HEALTH 公共卫生、环境卫生与职业卫生",3 [171/404],,,,,,,,,,,三级
JOURNAL OF NEUROIMMUNOLOGY,2025,0165-5728/1872-8421,否,否,否,SCIE,2.5,,医学,4 [2189/5603],否, IMMUNOLOGY 免疫学,4 [94/179], NEUROSCIENCES 神经科学,4 [163/309],,,,,,,,,三级
ARTIFICIAL ORGANS,2025,0160-564X/1525-1594,否,否,否,SCIE,2.3,,医学,4 [2190/5603],否, TRANSPLANTATION 移植,3 [11/31]," ENGINEERING, BIOMEDICAL 工程：生物医学",4 [58/120],,,,,,,,,三级
CHILD AND ADOLESCENT PSYCHIATRIC CLINICS OF NORTH AMERICA,2025,1056-4993/1558-0490,否,否,否,SSCI,2.2,,医学,4 [2191/5603],否, PSYCHIATRY 精神病学,4 [126/277],,,,,,,,,,,三级
Pathogens and Global Health,2025,2047-7724/2047-7732,否,否,否,SCIE,2.5,,医学,4 [2192/5603],否, PARASITOLOGY 寄生虫学,3 [22/45]," PUBLIC, ENVIRONMENTAL & OCCUPATIONAL HEALTH 公共卫生、环境卫生与职业卫生",3 [172/404], TROPICAL MEDICINE 热带医学,3 [10/28],,,,,,,三级
JAC-Antimicrobial Resistance,2025,2632-1823/2632-1823,否,否,是,ESCI,3.3,,医学,4 [2193/5603],否, MICROBIOLOGY 微生物学,3 [73/159], PHARMACOLOGY & PHARMACY 药学,3 [137/350], INFECTIOUS DISEASES 传染病学,4 [61/134],,,,,,,三级
Cardiovascular Toxicology,2025,1530-7905/1559-0259,否,否,否,SCIE,3.7,,医学,4 [2194/5603],否, TOXICOLOGY 毒理学,3 [41/106], CARDIAC & CARDIOVASCULAR SYSTEMS 心脏和心血管系统,4 [103/223],,,,,,,,,三级
Journal of Periodontal and Implant Science,2025,2093-2278/2093-2286,否,否,否,SCIE,3.2,,医学,4 [2195/5603],否," DENTISTRY, ORAL SURGERY & MEDICINE 牙科与口腔外科",4 [63/157],,,,,,,,,,,三级
DISEASES OF THE ESOPHAGUS,2025,1120-8694/1442-2050,否,否,否,SCIE,2.3,,医学,4 [2196/5603],否, GASTROENTEROLOGY & HEPATOLOGY 胃肠肝病学,4 [70/143],,,,,,,,,,,三级
MDM Policy & Practice,2025,2381-4683/2381-4683,否,否,是,ESCI,1.7,,医学,4 [2197/5603],否, HEALTH CARE SCIENCES & SERVICES 卫生保健与服务,4 [80/173], HEALTH POLICY & SERVICES 卫生政策与服务,4 [55/118],,,,,,,,,三级
Biomolecules and Biomedicine,2025,2831-0896/2831-090X,否,否,是,SCIE,2.2,,医学,4 [2198/5603],否," MEDICINE, RESEARCH & EXPERIMENTAL 医学：研究与实验",4 [85/188],,,,,,,,,,,三级
Advances in Radiation Oncology,2025,2452-1094/2452-1094,否,否,是,ESCI,2.7,,医学,4 [2199/5603],否, ONCOLOGY 肿瘤学,4 [167/318]," RADIOLOGY, NUCLEAR MEDICINE & MEDICAL IMAGING 核医学",4 [79/206],,,,,,,,,三级
PROSTAGLANDINS LEUKOTRIENES AND ESSENTIAL FATTY ACIDS,2025,0952-3278/1532-2823,否,否,否,SCIE,3.2,,医学,4 [2200/5603],否, BIOCHEMISTRY & MOLECULAR BIOLOGY 生化与分子生物学,3 [146/310], CELL BIOLOGY 细胞生物学,4 [116/203], ENDOCRINOLOGY & METABOLISM 内分泌学与代谢,4 [106/184],,,,,,,三级
Cancer Genomics & Proteomics,2025,1109-6535/1790-6245,否,否,否,SCIE,2.6,,医学,4 [2201/5603],否, GENETICS & HEREDITY 遗传学,3 [86/190], ONCOLOGY 肿瘤学,4 [168/318],,,,,,,,,三级
Brain Imaging and Behavior,2025,1931-7557/1931-7565,否,否,否,SCIE,2.4,,医学,4 [2202/5603],否, NEUROIMAGING 神经成像,4 [9/16],,,,,,,,,,,三级
Current Vascular Pharmacology,2025,1570-1611/1875-6212,是,否,否,SCIE,2.1,,医学,4 [2203/5603],否, PHARMACOLOGY & PHARMACY 药学,3 [138/350], PERIPHERAL VASCULAR DISEASE 外周血管病,4 [44/96],,,,,,,,,三级
Oral Surgery Oral Medicine Oral Pathology Oral Radiology,2025,2212-4403/2212-4411,否,否,否,SCIE,1.9,,医学,4 [2204/5603],否," DENTISTRY, ORAL SURGERY & MEDICINE 牙科与口腔外科",4 [64/157],,,,,,,,,,,三级
MICROSURGERY,2025,0738-1085/1098-2752,否,否,否,SCIE,1.7,,医学,4 [2205/5603],否, SURGERY 外科,4 [120/292],,,,,,,,,,,三级
Health Policy and Technology,2025,2211-8837,否,否,否,SSCI,3.7,,医学,4 [2206/5603],否, HEALTH POLICY & SERVICES 卫生政策与服务,4 [56/118],,,,,,,,,,,三级
MILBANK QUARTERLY,2025,0887-378X/1468-0009,否,否,否,SSCI;SCIE,4.1,,医学,4 [2207/5603],否, HEALTH CARE SCIENCES & SERVICES 卫生保健与服务,4 [81/173], HEALTH POLICY & SERVICES 卫生政策与服务,4 [57/118],,,,,,,,,三级
SKIN PHARMACOLOGY AND PHYSIOLOGY,2025,1660-5527/1660-5535,否,否,否,SCIE,3.2,,医学,4 [2208/5603],否, DERMATOLOGY 皮肤病学,3 [32/94], PHARMACOLOGY & PHARMACY 药学,3 [139/350],,,,,,,,,三级
ARCHIVES OF MEDICAL RESEARCH,2025,0188-4409/1873-5487,否,否,否,SCIE,3.4,,医学,4 [2209/5603],否," MEDICINE, RESEARCH & EXPERIMENTAL 医学：研究与实验",4 [86/188],,,,,,,,,,,三级
MOLECULAR PHARMACOLOGY,2025,0026-895X/1521-0111,否,否,否,SCIE,3,,医学,4 [2210/5603],否, PHARMACOLOGY & PHARMACY 药学,3 [140/350],,,,,,,,,,,三级
NEUROMUSCULAR DISORDERS,2025,0960-8966/1873-2364,否,否,否,SCIE,2.8,,医学,4 [2211/5603],否, CLINICAL NEUROLOGY 临床神经病学,4 [136/278], NEUROSCIENCES 神经科学,4 [165/309],,,,,,,,,三级
Integrated Pharmacy Research and Practice,2025,2230-5254/2230-5254,否,否,是,ESCI,2.1,,医学,4 [2212/5603],否, PHARMACOLOGY & PHARMACY 药学,3 [141/350],,,,,,,,,,,三级
JOURNAL OF KOREAN MEDICAL SCIENCE,2025,1011-8934/1598-6357,否,否,是,SCIE,2.3,,医学,4 [2213/5603],否," MEDICINE, GENERAL & INTERNAL 医学：内科",3 [69/327],,,,,,,,,,,三级
AMERICAN JOURNAL ON ADDICTIONS,2025,1055-0496/1521-0391,否,否,否,SSCI,1.9,,医学,4 [2214/5603],否, SUBSTANCE ABUSE 药物滥用,4 [29/56],,,,,,,,,,,三级
Archives of Cardiovascular Diseases,2025,1875-2136/1875-2128,否,否,否,SCIE,2.2,,医学,4 [2215/5603],否, CARDIAC & CARDIOVASCULAR SYSTEMS 心脏和心血管系统,4 [104/223],,,,,,,,,,,三级
ADAPTED PHYSICAL ACTIVITY QUARTERLY,2025,0736-5829/1543-2777,否,否,否,SCIE,1.6,,医学,4 [2216/5603],否, REHABILITATION 康复医学,3 [54/169], SPORT SCIENCES 运动科学,4 [57/126],,,,,,,,,三级
Nordic Studies on Alcohol and Drugs,2025,1455-0725/1458-6126,否,否,是,SSCI,2.2,,医学,4 [2217/5603],否, SUBSTANCE ABUSE 药物滥用,4 [30/56],,,,,,,,,,,三级
ARCHIVES OF GYNECOLOGY AND OBSTETRICS,2025,0932-0067/1432-0711,否,否,否,SCIE,2.5,,医学,4 [2218/5603],否, OBSTETRICS & GYNECOLOGY 妇产科学,4 [54/135],,,,,,,,,,,三级
Journal of Preventive Medicine & Public Health,2025,1975-8375/2233-4521,否,否,是,ESCI,2.1,,医学,4 [2219/5603],否," PUBLIC, ENVIRONMENTAL & OCCUPATIONAL HEALTH 公共卫生、环境卫生与职业卫生",3 [173/404],,,,,,,,,,,三级
BMJ Open,2025,2044-6055/2044-6055,否,否,是,SCIE,2.3,Mega-Journal,医学,4 [2220/5603],否," MEDICINE, GENERAL & INTERNAL 医学：内科",4 [90/327],,,,,,,,,,,三级
NUCLEAR MEDICINE AND BIOLOGY,2025,0969-8051/1872-9614,否,否,否,SCIE,3,,医学,4 [2221/5603],否," RADIOLOGY, NUCLEAR MEDICINE & MEDICAL IMAGING 核医学",4 [80/206],,,,,,,,,,,三级
HEALTH EDUCATION & BEHAVIOR,2025,1090-1981/1552-6127,否,否,否,SSCI,2.1,,医学,4 [2222/5603],否," PUBLIC, ENVIRONMENTAL & OCCUPATIONAL HEALTH 公共卫生、环境卫生与职业卫生",3 [174/404],,,,,,,,,,,三级
Current Research in Toxicology,2025,2666-027X/2666-027X,否,否,否,ESCI,3,,医学,4 [2223/5603],否, TOXICOLOGY 毒理学,3 [42/106],,,,,,,,,,,三级
International Journal of Biomedical Imaging,2025,1687-4188/1687-4196,否,否,是,ESCI,1.3,,医学,4 [2224/5603],否," ENGINEERING, BIOMEDICAL 工程：生物医学",4 [59/120],,,,,,,,,,,三级
International Neurourology Journal,2025,2093-4777/2093-6931,否,否,是,SCIE,2.1,,医学,4 [2225/5603],否, UROLOGY & NEPHROLOGY 泌尿学与肾脏学,4 [58/126],,,,,,,,,,,三级
Molecular Medicine Reports,2025,1791-2997/1791-3004,否,否,否,SCIE,3.5,,医学,4 [2226/5603],否," MEDICINE, RESEARCH & EXPERIMENTAL 医学：研究与实验",4 [87/188], ONCOLOGY 肿瘤学,4 [169/318],,,,,,,,,三级
Immune Network,2025,1598-2629/2092-6685,否,否,否,SCIE,4.1,,医学,4 [2227/5603],否, IMMUNOLOGY 免疫学,4 [95/179],,,,,,,,,,,三级
INTERNATIONAL JOURNAL OF GYNECOLOGY & OBSTETRICS,2025,0020-7292/1879-3479,否,否,否,SCIE,2.4,,医学,4 [2228/5603],否, OBSTETRICS & GYNECOLOGY 妇产科学,4 [55/135],,,,,,,,,,,三级
JOURNAL OF REHABILITATION MEDICINE,2025,1650-1977/1651-2081,否,否,是,SCIE,2.3,,医学,4 [2229/5603],否, REHABILITATION 康复医学,3 [55/169], SPORT SCIENCES 运动科学,4 [58/126],,,,,,,,,三级
Palliative & Supportive Care,2025,1478-9515/1478-9523,否,否,否,SSCI,2.1,,医学,4 [2230/5603],否, HEALTH POLICY & SERVICES 卫生政策与服务,4 [58/118],,,,,,,,,,,三级
MINI-REVIEWS IN MEDICINAL CHEMISTRY,2025,1389-5575/1875-5607,是,否,否,SCIE,3.3,,医学,4 [2231/5603],否," CHEMISTRY, MEDICINAL 药物化学",3 [35/72],,,,,,,,,,,三级
JOURNAL OF THE NATIONAL MEDICAL ASSOCIATION,2025,0027-9684/1943-4693,否,否,否,SCIE,2.3,,医学,4 [2232/5603],否," MEDICINE, GENERAL & INTERNAL 医学：内科",3 [70/327],,,,,,,,,,,三级
BMC IMMUNOLOGY,2025,1471-2172/1471-2172,否,否,是,SCIE,2.7,,医学,4 [2233/5603],否, IMMUNOLOGY 免疫学,4 [96/179],,,,,,,,,,,三级
TOXICON,2025,0041-0101/1879-3150,否,否,否,SCIE,2.4,,医学,4 [2234/5603],否, PHARMACOLOGY & PHARMACY 药学,3 [142/350], TOXICOLOGY 毒理学,3 [43/106],,,,,,,,,三级
Trials,2025,1745-6215/1745-6215,否,否,是,SCIE,2,,医学,4 [2235/5603],否," MEDICINE, RESEARCH & EXPERIMENTAL 医学：研究与实验",4 [88/188],,,,,,,,,,,三级
Eating Behaviors,2025,1471-0153/1873-7358,否,否,否,SSCI,2.6,,医学,4 [2236/5603],否, PSYCHIATRY 精神病学,4 [127/277]," PSYCHOLOGY, CLINICAL 心理学：临床",4 [89/179],,,,,,,,,三级
EUROPEAN JOURNAL OF CLINICAL PHARMACOLOGY,2025,0031-6970/1432-1041,否,否,否,SCIE,2.7,,医学,4 [2237/5603],否, PHARMACOLOGY & PHARMACY 药学,3 [143/350],,,,,,,,,,,三级
Tomography,2025,2379-1381/2379-139X,否,否,是,SCIE,2.2,,医学,4 [2238/5603],否," RADIOLOGY, NUCLEAR MEDICINE & MEDICAL IMAGING 核医学",4 [81/206],,,,,,,,,,,三级
YALE JOURNAL OF BIOLOGY AND MEDICINE,2025,0044-0086/1551-4056,否,否,否,SCIE,3.9,,医学,4 [2239/5603],否, BIOLOGY 生物学,3 [36/109],,,,,,,,,,,三级
Eye and Brain,2025,1179-2744/1179-2744,否,否,是,ESCI,2.4,,医学,4 [2240/5603],否, OPHTHALMOLOGY 眼科学,3 [31/95],,,,,,,,,,,三级
JOURNAL OF HUMAN HYPERTENSION,2025,0950-9240/1476-5527,否,否,否,SCIE,3.4,,医学,4 [2241/5603],否, PERIPHERAL VASCULAR DISEASE 外周血管病,4 [45/96],,,,,,,,,,,三级
SKELETAL RADIOLOGY,2025,0364-2348/1432-2161,否,否,否,SCIE,2.2,,医学,4 [2242/5603],否, ORTHOPEDICS 骨科,4 [57/136]," RADIOLOGY, NUCLEAR MEDICINE & MEDICAL IMAGING 核医学",4 [82/206],,,,,,,,,三级
Research and Reports in Tropical Medicine,2025,1179-7282/1179-7282,否,否,是,ESCI,4.5,,医学,4 [2243/5603],否," MEDICINE, RESEARCH & EXPERIMENTAL 医学：研究与实验",4 [89/188],,,,,,,,,,,三级
American Journal of Alzheimers Disease and Other Dementias,2025,1533-3175/1938-2731,否,否,是,SCIE,2.7,,医学,4 [2244/5603],否, CLINICAL NEUROLOGY 临床神经病学,4 [137/278], GERIATRICS & GERONTOLOGY 老年医学,4 [43/72],,,,,,,,,三级
HUMAN IMMUNOLOGY,2025,0198-8859/1879-1166,否,否,否,SCIE,2.2,,医学,4 [2245/5603],否, IMMUNOLOGY 免疫学,4 [97/179],,,,,,,,,,,三级
Sports Engineering,2025,1369-7072/1460-2687,否,否,否,ESCI,1.4,,医学,4 [2246/5603],否, SPORT SCIENCES 运动科学,4 [59/126],,,,,,,,,,,三级
Current Infectious Disease Reports,2025,1523-3847/1534-3146,是,否,否,SCIE,2.9,,医学,4 [2247/5603],否, INFECTIOUS DISEASES 传染病学,4 [62/134],,,,,,,,,,,三级
SPORTS MEDICINE AND ARTHROSCOPY REVIEW,2025,1062-8592/1538-1951,是,否,否,SCIE,1.8,,医学,4 [2248/5603],否, SPORT SCIENCES 运动科学,4 [60/126],,,,,,,,,,,三级
INTERNATIONAL JOURNAL OF LAW AND PSYCHIATRY,2025,0160-2527/1873-6386,否,否,否,SSCI,1.3,,医学,4 [2249/5603],否, LAW 法学,4 [113/427], PSYCHIATRY 精神病学,4 [128/277],,,,,,,,,三级
INTEGRATIVE CANCER THERAPIES,2025,1534-7354/1552-695X,否,否,否,SCIE,2.8,,医学,4 [2250/5603],否, INTEGRATIVE & COMPLEMENTARY MEDICINE 全科医学与补充医学,3 [14/43], ONCOLOGY 肿瘤学,4 [170/318],,,,,,,,,三级
Frontiers in Pediatrics,2025,2296-2360/2296-2360,否,否,是,SCIE,2,,医学,4 [2251/5603],否, PEDIATRICS 儿科,3 [64/185],,,,,,,,,,,三级
SEXUALLY TRANSMITTED DISEASES,2025,0148-5717/1537-4521,否,否,否,SCIE,1.7,,医学,4 [2252/5603],否, INFECTIOUS DISEASES 传染病学,4 [63/134],,,,,,,,,,,三级
International Journal for Numerical Methods in Biomedical Engineering,2025,2040-7939/2040-7947,否,否,否,SCIE,2.4,,医学,4 [2253/5603],否, MATHEMATICAL & COMPUTATIONAL BIOLOGY 数学与计算生物学,2 [14/66]," MATHEMATICS, INTERDISCIPLINARY APPLICATIONS 数学跨学科应用",3 [51/136]," ENGINEERING, BIOMEDICAL 工程：生物医学",4 [60/120],,,,,,,三级
Asia-Pacific Psychiatry,2025,1758-5864/1758-5872,否,否,否,SSCI;SCIE,3.4,,医学,4 [2254/5603],否, PSYCHIATRY 精神病学,4 [129/277],,,,,,,,,,,三级
Cardiovascular Digital Health Journal,2025,2666-6936/2666-6936,否,否,否,ESCI,2.7,,医学,4 [2255/5603],否, CARDIAC & CARDIOVASCULAR SYSTEMS 心脏和心血管系统,4 [105/223],,,,,,,,,,,三级
Frontiers in Pain Research,2025,2673-561X/2673-561X,否,否,否,ESCI,2.7,,医学,4 [2256/5603],否, CLINICAL NEUROLOGY 临床神经病学,4 [138/278], NEUROSCIENCES 神经科学,4 [168/309],,,,,,,,,三级
BMC Rheumatology,2025,2520-1026/2520-1026,否,否,是,ESCI,2.5,,医学,4 [2257/5603],否, RHEUMATOLOGY 风湿病学,4 [25/55],,,,,,,,,,,三级
JOURNAL OF EVALUATION IN CLINICAL PRACTICE,2025,1356-1294/1365-2753,否,否,否,SCIE,2.1,,医学,4 [2258/5603],否," MEDICINE, GENERAL & INTERNAL 医学：内科",3 [71/327], HEALTH CARE SCIENCES & SERVICES 卫生保健与服务,4 [82/173], MEDICAL INFORMATICS 医学：信息,4 [28/44],,,,,,,三级
CLINICAL AND EXPERIMENTAL IMMUNOLOGY,2025,0009-9104/1365-2249,否,否,否,SCIE,3.8,,医学,4 [2259/5603],否, IMMUNOLOGY 免疫学,4 [98/179],,,,,,,,,,,三级
Journal of Applied Clinical Medical Physics,2025,1526-9914/1526-9914,否,否,是,SCIE,2.2,,医学,4 [2260/5603],否," RADIOLOGY, NUCLEAR MEDICINE & MEDICAL IMAGING 核医学",4 [83/206],,,,,,,,,,,三级
Current Research in Translational Medicine,2025,2452-3186/2452-3186,否,否,否,SCIE,3,,医学,4 [2261/5603],否," MEDICINE, RESEARCH & EXPERIMENTAL 医学：研究与实验",4 [90/188],,,,,,,,,,,三级
Journal of Clinical Neurology,2025,1738-6586/2005-5013,否,否,是,SCIE,3.1,,医学,4 [2262/5603],否, CLINICAL NEUROLOGY 临床神经病学,4 [139/278],,,,,,,,,,,三级
INTERNATIONAL JOURNAL OF LANGUAGE & COMMUNICATION DISORDERS,2025,1368-2822/1460-6984,否,否,否,SSCI;SCIE,2.1,,医学,4 [2263/5603],否, REHABILITATION 康复医学,3 [56/169], AUDIOLOGY & SPEECH-LANGUAGE PATHOLOGY 听力学与言语病理学,4 [16/35], LINGUISTICS 语言学,4 [156/294],,,,,,,三级
Frontiers in Human Neuroscience,2025,1662-5161/1662-5161,否,否,是,SCIE,2.7,,医学,4 [2264/5603],否, PSYCHOLOGY 心理学,3 [42/92], NEUROSCIENCES 神经科学,4 [169/309],,,,,,,,,三级
International Journal of Emergency Medicine,2025,1865-1372/1865-1380,否,否,是,ESCI,2,,医学,4 [2265/5603],否, EMERGENCY MEDICINE 急救医学,3 [17/54],,,,,,,,,,,三级
International Journal of Dentistry,2025,1687-8728/1687-8736,否,否,是,ESCI,2.2,,医学,4 [2266/5603],否," DENTISTRY, ORAL SURGERY & MEDICINE 牙科与口腔外科",4 [65/157],,,,,,,,,,,三级
Children-Basel,2025,2227-9067/2227-9067,否,否,是,SCIE,2.1,,医学,4 [2267/5603],否, PEDIATRICS 儿科,3 [65/185],,,,,,,,,,,三级
Australian Occupational Therapy Journal,2025,0045-0766/1440-1630,否,否,否,SCIE,1.8,,医学,4 [2268/5603],否, REHABILITATION 康复医学,3 [57/169],,,,,,,,,,,三级
Open Forum Infectious Diseases,2025,2328-8957/2328-8957,否,否,是,SCIE,3.8,,医学,4 [2269/5603],否, MICROBIOLOGY 微生物学,3 [74/159], IMMUNOLOGY 免疫学,4 [99/179], INFECTIOUS DISEASES 传染病学,4 [64/134],,,,,,,三级
DIGESTIVE DISEASES AND SCIENCES,2025,0163-2116/1573-2568,否,否,否,SCIE,2.5,,医学,4 [2270/5603],否, GASTROENTEROLOGY & HEPATOLOGY 胃肠肝病学,4 [71/143],,,,,,,,,,,三级
Journal of Patient Safety,2025,1549-8417/1549-8425,否,否,否,SSCI;SCIE,,,医学,4 [2271/5603],否, HEALTH CARE SCIENCES & SERVICES 卫生保健与服务,4 [83/173], HEALTH POLICY & SERVICES 卫生政策与服务,4 [59/118],,,,,,,,,三级
EUROPEAN JOURNAL OF ORAL SCIENCES,2025,0909-8836/1600-0722,否,否,否,SCIE,1.8,,医学,4 [2272/5603],否," DENTISTRY, ORAL SURGERY & MEDICINE 牙科与口腔外科",4 [66/157],,,,,,,,,,,三级
BMC Urology,2025,1471-2490/1471-2490,否,否,是,SCIE,1.9,,医学,4 [2273/5603],否, UROLOGY & NEPHROLOGY 泌尿学与肾脏学,4 [59/126],,,,,,,,,,,三级
Canadian Journal of Occupational Therapy-Revue Canadienne d Ergotherapie,2025,0008-4174/1911-9828,否,否,否,SSCI;SCIE,1.7,,医学,4 [2274/5603],否, REHABILITATION 康复医学,3 [58/169],,,,,,,,,,,三级
Oncology and Therapy,2025,2366-1070/2366-1089,否,否,是,ESCI,3.2,,医学,4 [2275/5603],否, ONCOLOGY 肿瘤学,4 [171/318],,,,,,,,,,,三级
Wearable Technologies,2025,2631-7176/2631-7176,否,否,是,ESCI,2.8,,医学,4 [2276/5603],否, REHABILITATION 康复医学,3 [59/169]," ENGINEERING, BIOMEDICAL 工程：生物医学",4 [61/120], ROBOTICS 机器人学,4 [22/47],,,,,,,三级
Vaccine: X,2025,2590-1362/2590-1362,否,否,是,ESCI,2.2,,医学,4 [2277/5603],否, IMMUNOLOGY 免疫学,4 [100/179]," MEDICINE, RESEARCH & EXPERIMENTAL 医学：研究与实验",4 [91/188],,,,,,,,,三级
World Neurosurgery,2025,1878-8750/1878-8769,否,否,否,SCIE,2.1,,医学,4 [2278/5603],否, CLINICAL NEUROLOGY 临床神经病学,4 [140/278], SURGERY 外科,4 [121/292],,,,,,,,,三级
Cardiovascular Revascularization Medicine,2025,1553-8389/1878-0938,否,否,否,ESCI,1.9,,医学,4 [2279/5603],否, CARDIAC & CARDIOVASCULAR SYSTEMS 心脏和心血管系统,4 [106/223],,,,,,,,,,,三级
JOURNAL OF DERMATOLOGICAL TREATMENT,2025,0954-6634/1471-1753,否,否,是,SCIE,3.9,,医学,4 [2280/5603],否, DERMATOLOGY 皮肤病学,3 [33/94],,,,,,,,,,,三级
LASERS IN MEDICAL SCIENCE,2025,0268-8921/1435-604X,否,否,否,SCIE,2.4,,医学,4 [2281/5603],否," ENGINEERING, BIOMEDICAL 工程：生物医学",4 [62/120], SURGERY 外科,4 [122/292],,,,,,,,,三级
AURIS NASUS LARYNX,2025,0385-8146/1879-1476,否,否,否,SCIE,1.5,,医学,4 [2282/5603],否, OTORHINOLARYNGOLOGY 耳鼻喉科学,3 [23/66],,,,,,,,,,,三级
PSYCHIATRIC QUARTERLY,2025,0033-2720/1573-6709,否,否,否,SSCI,2.9,,医学,4 [2283/5603],否, PSYCHIATRY 精神病学,4 [131/277],,,,,,,,,,,三级
Biomedical Engineering Online,2025,1475-925X/1475-925X,否,否,是,SCIE,3.2,,医学,4 [2284/5603],否," ENGINEERING, BIOMEDICAL 工程：生物医学",4 [63/120],,,,,,,,,,,三级
Journal of Interprofessional Care,2025,1356-1820/1469-9567,否,否,否,SSCI;SCIE,2.6,,医学,4 [2285/5603],否, HEALTH CARE SCIENCES & SERVICES 卫生保健与服务,4 [84/173], HEALTH POLICY & SERVICES 卫生政策与服务,4 [60/118],,,,,,,,,三级
PEDIATRIC PULMONOLOGY,2025,8755-6863/1099-0496,否,否,否,SCIE,2.3,,医学,4 [2286/5603],否, PEDIATRICS 儿科,3 [66/185], RESPIRATORY SYSTEM 呼吸系统,4 [43/101],,,,,,,,,三级
Pediatric Health Medicine and Therapeutics,2025,1179-9927/1179-9927,否,否,是,ESCI,1.7,,医学,4 [2287/5603],否, PEDIATRICS 儿科,3 [67/185],,,,,,,,,,,三级
Journal of Nutritional Science,2025,2048-6790,否,否,是,ESCI,2,,医学,4 [2288/5603],否, NUTRITION & DIETETICS 营养学,4 [60/113],,,,,,,,,,,三级
MOLECULAR CARCINOGENESIS,2025,0899-1987/1098-2744,否,否,否,SCIE,3.2,,医学,4 [2289/5603],否, BIOCHEMISTRY & MOLECULAR BIOLOGY 生化与分子生物学,3 [154/310], ONCOLOGY 肿瘤学,4 [172/318],,,,,,,,,三级
Foot & Ankle Specialist,2025,1938-6400/1938-7636,否,否,否,ESCI,2.1,,医学,4 [2290/5603],否, ORTHOPEDICS 骨科,4 [58/136],,,,,,,,,,,三级
PARASITOLOGY RESEARCH,2025,0932-0113/1432-1955,否,否,否,SCIE,2,,医学,4 [2291/5603],否, PARASITOLOGY 寄生虫学,3 [23/45],,,,,,,,,,,三级
JOURNAL OF MORPHOLOGY,2025,0362-2525/1097-4687,否,否,否,SCIE,1.4,,医学,4 [2292/5603],否, ANATOMY & MORPHOLOGY 解剖学与形态学,2 [4/22],,,,,,,,,,,三级
CLINICS IN DERMATOLOGY,2025,0738-081X/1879-1131,否,否,否,SCIE,2.2,,医学,4 [2293/5603],否, DERMATOLOGY 皮肤病学,3 [34/94],,,,,,,,,,,三级
Laryngoscope Investigative Otolaryngology,2025,2378-8038/2378-8038,否,否,是,SCIE,1.7,,医学,4 [2294/5603],否, OTORHINOLARYNGOLOGY 耳鼻喉科学,3 [24/66],,,,,,,,,,,三级
International Journal of Nephrology and Renovascular Disease,2025,1178-7058/1178-7058,否,否,是,ESCI,2.5,,医学,4 [2295/5603],否, UROLOGY & NEPHROLOGY 泌尿学与肾脏学,4 [60/126],,,,,,,,,,,三级
Clinical Endoscopy,2025,2234-2400/2234-2443,否,否,是,ESCI,2.3,,医学,4 [2296/5603],否, GASTROENTEROLOGY & HEPATOLOGY 胃肠肝病学,4 [72/143],,,,,,,,,,,三级
Global Health-Science and Practice,2025,2169-575X/2169-575X,否,否,是,SSCI;SCIE,2.2,,医学,4 [2297/5603],否," PUBLIC, ENVIRONMENTAL & OCCUPATIONAL HEALTH 公共卫生、环境卫生与职业卫生",4 [178/404],,,,,,,,,,,三级
Orthopaedic Surgery,2025,1757-7853/1757-7861,否,否,是,SCIE,2.1,,医学,4 [2298/5603],否, ORTHOPEDICS 骨科,4 [59/136],,,,,,,,,,,三级
Techniques in Vascular and Interventional Radiology,2025,1089-2516/1557-9808,否,否,否,ESCI,1.3,,医学,4 [2299/5603],否," RADIOLOGY, NUCLEAR MEDICINE & MEDICAL IMAGING 核医学",4 [84/206],,,,,,,,,,,三级
Brain Connectivity,2025,2158-0014/2158-0022,否,否,否,SCIE,2.5,,医学,4 [2300/5603],否, NEUROSCIENCES 神经科学,4 [170/309],,,,,,,,,,,三级
International Journal of Sports Science & Coaching,2025,1747-9541/2048-397X,否,否,否,SSCI,2.1,,医学,4 [2301/5603],否," HOSPITALITY, LEISURE, SPORT & TOURISM 酒店、休闲、体育与旅游",4 [76/139]," PSYCHOLOGY, APPLIED 心理学：应用",4 [67/112],,,,,,,,,三级
SCANDINAVIAN JOURNAL OF RHEUMATOLOGY,2025,0300-9742/1502-7732,否,否,否,SCIE,2.1,,医学,4 [2302/5603],否, RHEUMATOLOGY 风湿病学,4 [26/55],,,,,,,,,,,三级
JOURNAL OF ANALYTICAL TOXICOLOGY,2025,0146-4760/1945-2403,否,否,否,SCIE,2.6,,医学,4 [2303/5603],否," CHEMISTRY, ANALYTICAL 分析化学",3 [37/106], TOXICOLOGY 毒理学,3 [44/106],,,,,,,,,三级
Clinics in Liver Disease,2025,1089-3261/1557-8224,是,否,否,SCIE,4.1,,医学,4 [2304/5603],否, GASTROENTEROLOGY & HEPATOLOGY 胃肠肝病学,4 [73/143],,,,,,,,,,,三级
Journal of Neurophysiology,2025,0022-3077/1522-1598,否,否,否,SCIE,2.1,,医学,4 [2305/5603],否, PHYSIOLOGY 生理学,3 [38/84], NEUROSCIENCES 神经科学,4 [171/309],,,,,,,,,三级
ASSISTIVE TECHNOLOGY,2025,1040-0435/1949-3614,否,否,否,SSCI,2.5,,医学,4 [2306/5603],否, REHABILITATION 康复医学,3 [60/169],,,,,,,,,,,三级
Frontiers in Oral Health,2025,2673-4842/2673-4842,否,否,是,ESCI,3.1,,医学,4 [2307/5603],否," DENTISTRY, ORAL SURGERY & MEDICINE 牙科与口腔外科",4 [67/157],,,,,,,,,,,三级
IMMUNOLOGIC RESEARCH,2025,0257-277X/1559-0755,否,否,否,SCIE,3.1,,医学,4 [2308/5603],否, IMMUNOLOGY 免疫学,4 [101/179],,,,,,,,,,,三级
JMIR Formative Research,2025,2561-326X/2561-326X,否,否,是,ESCI,2.1,,医学,4 [2309/5603],否, HEALTH CARE SCIENCES & SERVICES 卫生保健与服务,4 [85/173], MEDICAL INFORMATICS 医学：信息,4 [29/44],,,,,,,,,三级
Expert Review of Anticancer Therapy,2025,1473-7140/1744-8328,是,否,否,SCIE,2.8,,医学,4 [2310/5603],否, ONCOLOGY 肿瘤学,4 [173/318],,,,,,,,,,,三级
World Journal of Orthopedics,2025,2218-5836/2218-5836,否,否,否,ESCI,2.3,,医学,4 [2311/5603],否, ORTHOPEDICS 骨科,4 [60/136],,,,,,,,,,,三级
DISABILITY AND REHABILITATION,2025,0963-8288/1464-5165,否,否,否,SSCI;SCIE,2,,医学,4 [2312/5603],否, REHABILITATION 康复医学,3 [61/169],,,,,,,,,,,三级
Cannabis and Cannabinoid Research,2025,2578-5125/2378-8763,否,否,否,SCIE,2.7,,医学,4 [2313/5603],否, PHARMACOLOGY & PHARMACY 药学,3 [144/350],,,,,,,,,,,三级
Frontiers in Integrative Neuroscience,2025,1662-5145/1662-5145,否,否,是,SCIE,2.9,,医学,4 [2314/5603],否, BEHAVIORAL SCIENCES 行为科学,4 [29/55], NEUROSCIENCES 神经科学,4 [172/309],,,,,,,,,三级
Nordic Journal of Music Therapy,2025,0809-8131/1944-8260,否,否,否,SSCI,1.2,,医学,4 [2315/5603],否, REHABILITATION 康复医学,3 [62/169],,,,,,,,,,,三级
Journal of Causal Inference,2025,2193-3677/2193-3685,否,否,是,SSCI;SCIE,1.8,,医学,4 [2316/5603],否," MATHEMATICS, INTERDISCIPLINARY APPLICATIONS 数学跨学科应用",3 [52/136]," SOCIAL SCIENCES, MATHEMATICAL METHODS 社会科学：数理方法",3 [29/67],,,,,,,,,三级
Retrovirology,2025,1742-4690/1742-4690,否,否,是,SCIE,3.9,,医学,4 [2317/5603],否, VIROLOGY 病毒学,4 [21/41],,,,,,,,,,,三级
Journal of Psychosomatic Obstetrics & Gynecology,2025,0167-482X/1743-8942,否,否,是,SSCI;SCIE,2,,医学,4 [2318/5603],否, OBSTETRICS & GYNECOLOGY 妇产科学,4 [56/135], PSYCHIATRY 精神病学,4 [132/277]," PSYCHOLOGY, CLINICAL 心理学：临床",4 [92/179],,,,,,,三级
JOURNAL OF OCCUPATIONAL HEALTH,2025,1341-9145/1348-9585,否,否,是,SCIE,2,,医学,4 [2319/5603],否," PUBLIC, ENVIRONMENTAL & OCCUPATIONAL HEALTH 公共卫生、环境卫生与职业卫生",4 [180/404],,,,,,,,,,,三级
BRITISH JOURNAL OF BIOMEDICAL SCIENCE,2025,0967-4845/2474-0896,否,否,否,SCIE,4.6,,医学,4 [2320/5603],否, MEDICAL LABORATORY TECHNOLOGY 医学实验技术,3 [12/31],,,,,,,,,,,三级
"American Journal of Physiology-Regulatory, Integrative and Comparative Physiology",2025,0363-6119/1522-1490,否,否,否,SCIE,2.3,,医学,4 [2321/5603],否, PHYSIOLOGY 生理学,3 [40/84],,,,,,,,,,,三级
GYNECOLOGIC AND OBSTETRIC INVESTIGATION,2025,0378-7346/1423-002X,否,否,否,SCIE,2.3,,医学,4 [2322/5603],否, OBSTETRICS & GYNECOLOGY 妇产科学,4 [57/135],,,,,,,,,,,三级
Journal of Primary Care and Community Health,2025,2150-1319/2150-1327,否,否,是,ESCI,2.5,,医学,4 [2323/5603],否, PRIMARY HEALTH CARE 初级卫生保健,3 [9/28],,,,,,,,,,,三级
JOURNAL OF PEDIATRIC ORTHOPAEDICS,2025,0271-6798/1539-2570,否,否,否,SCIE,1.5,,医学,4 [2324/5603],否, PEDIATRICS 儿科,3 [68/185], ORTHOPEDICS 骨科,4 [61/136],,,,,,,,,三级
HEALTH,2025,1363-4593/1461-7196,否,否,否,SSCI,2.3,,医学,4 [2325/5603],否," PUBLIC, ENVIRONMENTAL & OCCUPATIONAL HEALTH 公共卫生、环境卫生与职业卫生",4 [181/404]," SOCIAL SCIENCES, BIOMEDICAL 社会科学：生物医学",4 [24/46],,,,,,,,,三级
HEART & LUNG,2025,0147-9563/1527-3288,否,否,否,SCIE,2.6,,医学,4 [2326/5603],否, NURSING 护理,3 [53/191], CARDIAC & CARDIOVASCULAR SYSTEMS 心脏和心血管系统,4 [107/223], RESPIRATORY SYSTEM 呼吸系统,4 [44/101],,,,,,,三级
HEALTH CARE MANAGEMENT REVIEW,2025,0361-6274/1550-5030,否,否,否,SSCI,2.8,,医学,4 [2327/5603],否, HEALTH POLICY & SERVICES 卫生政策与服务,4 [61/118],,,,,,,,,,,三级
Japanese Journal of Radiology,2025,1867-1071/1867-108X,否,否,否,SCIE,4.1,,医学,4 [2328/5603],否," RADIOLOGY, NUCLEAR MEDICINE & MEDICAL IMAGING 核医学",4 [85/206],,,,,,,,,,,三级
International Journal of Ophthalmology,2025,2222-3959/2227-4898,否,否,是,SCIE,1.8,,医学,4 [2329/5603],否, OPHTHALMOLOGY 眼科学,3 [32/95],,,,,,,,,,,三级
DIGESTION,2025,0012-2823/1421-9867,否,否,否,SCIE,3.6,,医学,4 [2330/5603],否, GASTROENTEROLOGY & HEPATOLOGY 胃肠肝病学,4 [74/143],,,,,,,,,,,三级
JOURNAL OF CLINICAL PHARMACOLOGY,2025,0091-2700/1552-4604,否,否,否,SCIE,2.3,,医学,4 [2331/5603],否, PHARMACOLOGY & PHARMACY 药学,3 [145/350],,,,,,,,,,,三级
Healthcare,2025,2227-9032/2227-9032,否,否,是,SSCI;SCIE,2.7,Mega-Journal,医学,4 [2332/5603],否, HEALTH CARE SCIENCES & SERVICES 卫生保健与服务,4 [87/173], HEALTH POLICY & SERVICES 卫生政策与服务,4 [62/118],,,,,,,,,三级
Neurologia i Neurochirurgia Polska,2025,0028-3843/1897-4260,否,否,否,SCIE,2.6,,医学,4 [2333/5603],否, CLINICAL NEUROLOGY 临床神经病学,4 [141/278],,,,,,,,,,,三级
Neuro-Oncology Practice,2025,2054-2577/2054-2585,否,否,否,ESCI,2.5,,医学,4 [2334/5603],否, CLINICAL NEUROLOGY 临床神经病学,4 [142/278],,,,,,,,,,,三级
Health Information Management Journal,2025,1833-3583/1833-3575,否,否,否,SSCI;SCIE,1.8,,医学,4 [2335/5603],否, HEALTH POLICY & SERVICES 卫生政策与服务,4 [63/118], MEDICAL INFORMATICS 医学：信息,4 [30/44],,,,,,,,,三级
PHYSIOLOGICAL MEASUREMENT,2025,0967-3334/1361-6579,否,否,否,SCIE,2.7,,医学,4 [2336/5603],否, BIOPHYSICS 生物物理,3 [25/76], PHYSIOLOGY 生理学,3 [41/84]," ENGINEERING, BIOMEDICAL 工程：生物医学",4 [64/120],,,,,,,三级
Videosurgery and Other Miniinvasive Techniques,2025,1895-4588/2299-0054,否,否,是,SCIE,1.9,,医学,4 [2337/5603],否, SURGERY 外科,4 [123/292],,,,,,,,,,,三级
Leadership in Health Services,2025,1751-1879/1751-1887,否,否,否,ESCI,1.8,,医学,4 [2338/5603],否, HEALTH POLICY & SERVICES 卫生政策与服务,4 [64/118],,,,,,,,,,,三级
BMJ Open Ophthalmology,2025,2397-3269/2397-3269,否,否,是,ESCI,2.2,,医学,4 [2339/5603],否, OPHTHALMOLOGY 眼科学,3 [33/95],,,,,,,,,,,三级
IMMUNOLOGY AND CELL BIOLOGY,2025,0818-9641/1440-1711,否,否,否,SCIE,3,,医学,4 [2340/5603],否, CELL BIOLOGY 细胞生物学,4 [120/203], IMMUNOLOGY 免疫学,4 [102/179],,,,,,,,,三级
PHYSICIAN AND SPORTSMEDICINE,2025,0091-3847/2326-3660,否,否,否,SCIE,1.8,,医学,4 [2341/5603],否, PRIMARY HEALTH CARE 初级卫生保健,3 [10/28], ORTHOPEDICS 骨科,4 [62/136], SPORT SCIENCES 运动科学,4 [61/126],,,,,,,三级
International Emergency Nursing,2025,1755-599X/1878-013X,否,否,否,SSCI;SCIE,2,,医学,4 [2342/5603],否, NURSING 护理,3 [54/191],,,,,,,,,,,三级
HEALTH & SOCIAL CARE IN THE COMMUNITY,2025,0966-0410/1365-2524,否,否,否,SSCI,2.3,,医学,4 [2343/5603],否," PUBLIC, ENVIRONMENTAL & OCCUPATIONAL HEALTH 公共卫生、环境卫生与职业卫生",4 [182/404], SOCIAL WORK 社会工作,4 [28/91],,,,,,,,,三级
SCANDINAVIAN JOURNAL OF CARING SCIENCES,2025,0283-9318/1471-6712,否,否,否,SSCI,1.8,,医学,4 [2344/5603],否, NURSING 护理,3 [55/191],,,,,,,,,,,三级
JOURNAL OF CARDIOVASCULAR PHARMACOLOGY AND THERAPEUTICS,2025,1074-2484/1940-4034,否,否,否,SCIE,2.8,,医学,4 [2345/5603],否, PHARMACOLOGY & PHARMACY 药学,3 [146/350], CARDIAC & CARDIOVASCULAR SYSTEMS 心脏和心血管系统,4 [108/223],,,,,,,,,三级
Odontology,2025,1618-1247/1618-1255,否,否,否,SCIE,2.4,,医学,4 [2346/5603],否," DENTISTRY, ORAL SURGERY & MEDICINE 牙科与口腔外科",4 [68/157],,,,,,,,,,,三级
Journal of Health Organization and Management,2025,1477-7266/1758-7247,否,否,否,SSCI,2.2,,医学,4 [2347/5603],否, HEALTH POLICY & SERVICES 卫生政策与服务,4 [65/118],,,,,,,,,,,三级
Intellectual and Developmental Disabilities,2025,1934-9491/1934-9556,否,否,否,SSCI,1.6,,医学,4 [2348/5603],否," EDUCATION, SPECIAL 特殊教育学",3 [24/62], REHABILITATION 康复医学,3 [63/169],,,,,,,,,三级
Reproductive Sciences,2025,1933-7191/1933-7205,否,否,否,SCIE,2.5,,医学,4 [2349/5603],否, OBSTETRICS & GYNECOLOGY 妇产科学,4 [58/135], REPRODUCTIVE BIOLOGY 生殖生物学,4 [22/39],,,,,,,,,三级
Obstetrics & Gynecology Science,2025,2287-8572/2287-8580,否,否,是,ESCI,1.9,,医学,4 [2350/5603],否, OBSTETRICS & GYNECOLOGY 妇产科学,4 [59/135],,,,,,,,,,,三级
JOURNAL OF CANCER RESEARCH AND CLINICAL ONCOLOGY,2025,0171-5216/1432-1335,否,否,否,SCIE,2.8,,医学,4 [2351/5603],否, ONCOLOGY 肿瘤学,4 [174/318],,,,,,,,,,,三级
HEALTH RISK & SOCIETY,2025,1369-8575/1469-8331,否,否,否,SSCI,1,,医学,4 [2352/5603],否," PUBLIC, ENVIRONMENTAL & OCCUPATIONAL HEALTH 公共卫生、环境卫生与职业卫生",4 [183/404]," SOCIAL SCIENCES, BIOMEDICAL 社会科学：生物医学",4 [25/46],,,,,,,,,三级
BRAIN RESEARCH,2025,0006-8993/1872-6240,否,否,否,SCIE,2.6,,医学,4 [2353/5603],否, NEUROSCIENCES 神经科学,4 [174/309],,,,,,,,,,,三级
MOLECULAR IMAGING AND BIOLOGY,2025,1536-1632/1860-2002,否,否,否,SCIE,2.5,,医学,4 [2354/5603],否," RADIOLOGY, NUCLEAR MEDICINE & MEDICAL IMAGING 核医学",4 [86/206],,,,,,,,,,,三级
RHEUMATIC DISEASE CLINICS OF NORTH AMERICA,2025,0889-857X/1558-3163,是,否,否,SCIE,2.9,,医学,4 [2355/5603],否, RHEUMATOLOGY 风湿病学,4 [27/55],,,,,,,,,,,三级
Journal Of Bone And Joint Infection,2025,2206-3552/2206-3552,否,否,是,ESCI,2.8,,医学,4 [2356/5603],否, INFECTIOUS DISEASES 传染病学,4 [65/134], ORTHOPEDICS 骨科,4 [63/136], SURGERY 外科,4 [124/292],,,,,,,三级
Collegian,2025,1322-7696/1876-7575,否,否,否,SSCI;SCIE,1.7,,医学,4 [2357/5603],否, NURSING 护理,3 [56/191],,,,,,,,,,,三级
Journal of the American Board of Family Medicine,2025,1557-2625/1558-7118,否,否,否,SCIE,2.6,,医学,4 [2358/5603],否," MEDICINE, GENERAL & INTERNAL 医学：内科",3 [72/327], PRIMARY HEALTH CARE 初级卫生保健,3 [11/28],,,,,,,,,三级
JAPANESE JOURNAL OF OPHTHALMOLOGY,2025,0021-5155/1613-2246,否,否,否,SCIE,1.9,,医学,4 [2359/5603],否, OPHTHALMOLOGY 眼科学,3 [34/95],,,,,,,,,,,三级
Frontiers in Behavioral Neuroscience,2025,1662-5153,否,否,是,SCIE,2.9,,医学,4 [2360/5603],否, BEHAVIORAL SCIENCES 行为科学,4 [32/55], NEUROSCIENCES 神经科学,4 [175/309],,,,,,,,,三级
International Journal of Endocrinology,2025,1687-8337/1687-8345,否,否,是,SCIE,2.3,,医学,4 [2361/5603],否, ENDOCRINOLOGY & METABOLISM 内分泌学与代谢,4 [108/184],,,,,,,,,,,三级
Clinical Hypertension,2025,2056-5909/2056-5909,否,否,是,ESCI,3.6,,医学,4 [2362/5603],否, PERIPHERAL VASCULAR DISEASE 外周血管病,4 [46/96],,,,,,,,,,,三级
JOURNAL OF INTERVENTIONAL CARDIAC ELECTROPHYSIOLOGY,2025,1383-875X/1572-8595,否,否,否,SCIE,2.6,,医学,4 [2363/5603],否, CARDIAC & CARDIOVASCULAR SYSTEMS 心脏和心血管系统,4 [109/223],,,,,,,,,,,三级
Expert Review of Hematology,2025,1747-4086/1747-4094,是,否,否,SCIE,2.1,,医学,4 [2364/5603],否, HEMATOLOGY 血液学,4 [44/96],,,,,,,,,,,三级
Applied Physiology Nutrition and Metabolism,2025,1715-5312/1715-5320,否,否,否,SCIE,2,,医学,4 [2365/5603],否, PHYSIOLOGY 生理学,3 [42/84], NUTRITION & DIETETICS 营养学,4 [61/113], SPORT SCIENCES 运动科学,4 [62/126],,,,,,,三级
Journal of Tissue Engineering and Regenerative Medicine,2025,1932-6254/1932-7005,否,否,否,SCIE,2.6,,医学,4 [2366/5603],否, BIOTECHNOLOGY & APPLIED MICROBIOLOGY 生物工程与应用微生物,3 [72/174], CELL & TISSUE ENGINEERING 细胞与组织工程,4 [19/31], CELL BIOLOGY 细胞生物学,4 [122/203]," ENGINEERING, BIOMEDICAL 工程：生物医学",4 [65/120],,,,,三级
Interdisciplinary Cardiovascular and Thoracic Surgery,2025,2753-670X/2753-670X,否,否,否,SCIE,1.3,,医学,4 [2367/5603],否, CARDIAC & CARDIOVASCULAR SYSTEMS 心脏和心血管系统,4 [110/223], RESPIRATORY SYSTEM 呼吸系统,4 [45/101], SURGERY 外科,4 [125/292],,,,,,,三级
Education for Primary Care,2025,1473-9879/1475-990X,否,否,否,ESCI,1.1,,医学,4 [2368/5603],否, PRIMARY HEALTH CARE 初级卫生保健,4 [12/28],,,,,,,,,,,三级
JOURNAL OF THE MEDICAL LIBRARY ASSOCIATION,2025,1536-5050,否,否,是,SSCI,5.1,,医学,4 [2369/5603],否, INFORMATION SCIENCE & LIBRARY SCIENCE 图书情报与档案管理,4 [64/160],,,,,,,,,,,三级
Medicina-Lithuania,2025,1010-660X/1648-9144,否,否,是,SCIE,2.4,,医学,4 [2370/5603],否," MEDICINE, GENERAL & INTERNAL 医学：内科",3 [73/327],,,,,,,,,,,三级
ASN Neuro,2025,1759-0914/1759-0914,否,否,是,SCIE,3.7,,医学,4 [2371/5603],否, NEUROSCIENCES 神经科学,4 [176/309],,,,,,,,,,,三级
Journal of Obesity & Metabolic Syndrome,2025,2508-6235/2508-7576,否,否,是,ESCI,7.9,,医学,4 [2372/5603],否, ENDOCRINOLOGY & METABOLISM 内分泌学与代谢,4 [109/184],,,,,,,,,,,三级
FOLIA PARASITOLOGICA,2025,0015-5683/1803-6465,否,否,否,SCIE,1.6,,医学,4 [2373/5603],否, PARASITOLOGY 寄生虫学,3 [24/45],,,,,,,,,,,三级
HealthCare-The Journal of Delivery Science and Innovation,2025,2213-0764/2213-0772,否,否,否,SSCI,2.1,,医学,4 [2374/5603],否, HEALTH POLICY & SERVICES 卫生政策与服务,4 [66/118],,,,,,,,,,,三级
Child and Adolescent Social Work Journal,2025,0738-0151/1573-2797,否,否,否,SSCI,1.7,,医学,4 [2375/5603],否, SOCIAL WORK 社会工作,4 [29/91],,,,,,,,,,,三级
NAR Cancer,2025,2632-8674/2632-8674,否,否,是,ESCI,3.2,,医学,4 [2376/5603],否, BIOCHEMISTRY & MOLECULAR BIOLOGY 生化与分子生物学,4 [161/310], ONCOLOGY 肿瘤学,4 [175/318],,,,,,,,,三级
Journal of Optometry,2025,1888-4296/1989-1342,否,否,是,ESCI,1.8,,医学,4 [2377/5603],否, OPHTHALMOLOGY 眼科学,3 [35/95],,,,,,,,,,,三级
Stem Cells International,2025,1687-966X/1687-9678,否,否,是,SCIE,3.3,,医学,4 [2378/5603],否, CELL & TISSUE ENGINEERING 细胞与组织工程,4 [20/31],,,,,,,,,,,三级
Seminars in Pediatric Surgery,2025,1055-8586/1532-9453,否,否,否,SCIE,2.5,,医学,4 [2379/5603],否, PEDIATRICS 儿科,3 [69/185], SURGERY 外科,4 [126/292],,,,,,,,,三级
JOURNAL OF DERMATOLOGY,2025,0385-2407/1346-8138,否,否,否,SCIE,2.7,,医学,4 [2380/5603],否, DERMATOLOGY 皮肤病学,3 [35/94],,,,,,,,,,,三级
Clinical Obesity,2025,1758-8103/1758-8111,否,否,否,ESCI,2.1,,医学,4 [2381/5603],否, ENDOCRINOLOGY & METABOLISM 内分泌学与代谢,4 [110/184],,,,,,,,,,,三级
Network Neuroscience,2025,2472-1751/2472-1751,否,否,是,SCIE,3.1,,医学,4 [2382/5603],否, NEUROSCIENCES 神经科学,4 [177/309],,,,,,,,,,,三级
Traumatology,2025,1085-9373/1085-9373,否,否,否,ESCI,1.3,,医学,4 [2383/5603],否, PSYCHIATRY 精神病学,4 [133/277]," PSYCHOLOGY, CLINICAL 心理学：临床",4 [93/179]," PSYCHOLOGY, MULTIDISCIPLINARY 心理学：综合",4 [103/219],,,,,,,三级
Journal of the Pediatric Infectious Diseases Society,2025,2048-7193/2048-7207,否,否,否,SCIE,2.6,,医学,4 [2384/5603],否, PEDIATRICS 儿科,3 [70/185], INFECTIOUS DISEASES 传染病学,4 [66/134],,,,,,,,,三级
CLINICAL THERAPEUTICS,2025,0149-2918/1879-114X,否,否,否,SCIE,3.6,,医学,4 [2385/5603],否, PHARMACOLOGY & PHARMACY 药学,3 [147/350],,,,,,,,,,,三级
Journal of Ophthalmic Inflammation and Infection,2025,1869-5760/1869-5760,否,否,是,ESCI,2.3,,医学,4 [2386/5603],否, OPHTHALMOLOGY 眼科学,3 [36/95],,,,,,,,,,,三级
Current Developmental Disorders Reports,2025,2196-2987/2196-2987,是,否,否,ESCI,2.5,,医学,4 [2387/5603],否, REHABILITATION 康复医学,3 [64/169], NEUROSCIENCES 神经科学,4 [178/309]," PSYCHOLOGY, DEVELOPMENTAL 心理学：发育",4 [61/91],,,,,,,三级
GENERAL AND COMPARATIVE ENDOCRINOLOGY,2025,0016-6480/1095-6840,否,否,否,SCIE,1.7,,医学,4 [2388/5603],否, ZOOLOGY 动物学,2 [42/179], ENDOCRINOLOGY & METABOLISM 内分泌学与代谢,4 [111/184],,,,,,,,,三级
NEUROLOGIA MEDICO-CHIRURGICA,2025,0470-8105/1349-8029,否,否,是,SCIE,2.3,,医学,4 [2389/5603],否, CLINICAL NEUROLOGY 临床神经病学,4 [144/278], SURGERY 外科,4 [127/292],,,,,,,,,三级
Nursing Open,2025,2054-1058/2054-1058,否,否,是,SSCI;SCIE,2.3,,医学,4 [2390/5603],否, NURSING 护理,3 [57/191],,,,,,,,,,,三级
Local and Regional Anesthesia,2025,1178-7112/1178-7112,否,否,是,ESCI,1.9,,医学,4 [2391/5603],否, ANESTHESIOLOGY 麻醉学,4 [27/64],,,,,,,,,,,三级
Therapeutic Advances in Infectious Disease,2025,2049-9361/2049-937X,否,否,是,ESCI,3.4,,医学,4 [2392/5603],否, INFECTIOUS DISEASES 传染病学,4 [67/134],,,,,,,,,,,三级
BEHAVIORAL MEDICINE,2025,0896-4289/1940-4026,否,否,否,SSCI;SCIE,2.2,,医学,4 [2393/5603],否, BEHAVIORAL SCIENCES 行为科学,4 [33/55], PSYCHIATRY 精神病学,4 [134/277],,,,,,,,,三级
DEATH STUDIES,2025,0748-1187/1091-7683,否,否,否,SSCI,1.8,,医学,4 [2394/5603],否," PSYCHOLOGY, MULTIDISCIPLINARY 心理学：综合",4 [104/219], SOCIAL ISSUES 社会问题,4 [29/66]," SOCIAL SCIENCES, BIOMEDICAL 社会科学：生物医学",4 [26/46],,,,,,,三级
Brazilian Journal of Otorhinolaryngology,2025,1808-8694/1808-8686,否,否,是,SCIE,1.8,,医学,4 [2395/5603],否, OTORHINOLARYNGOLOGY 耳鼻喉科学,4 [26/66],,,,,,,,,,,三级
Journal of Epidemiology and Global Health,2025,2210-6006/2210-6014,否,否,是,SSCI;SCIE,3.1,,医学,4 [2396/5603],否," PUBLIC, ENVIRONMENTAL & OCCUPATIONAL HEALTH 公共卫生、环境卫生与职业卫生",4 [184/404],,,,,,,,,,,三级
Taiwanese Journal of Obstetrics & Gynecology,2025,1028-4559,否,否,是,SCIE,2.2,,医学,4 [2397/5603],否, OBSTETRICS & GYNECOLOGY 妇产科学,4 [60/135],,,,,,,,,,,三级
Journal of Physical Activity & Health,2025,1543-3080/1543-5474,否,否,否,SSCI,2.6,,医学,4 [2398/5603],否," PUBLIC, ENVIRONMENTAL & OCCUPATIONAL HEALTH 公共卫生、环境卫生与职业卫生",4 [185/404],,,,,,,,,,,三级
Behavioral Sleep Medicine,2025,1540-2002/1540-2010,否,否,否,SCIE,1.6,,医学,4 [2399/5603],否, CLINICAL NEUROLOGY 临床神经病学,4 [145/278], PSYCHIATRY 精神病学,4 [135/277],,,,,,,,,三级
JOURNAL OF TOXICOLOGY AND ENVIRONMENTAL HEALTH-PART A-CURRENT ISSUES,2025,1528-7394/1087-2620,否,否,否,SCIE,1.9,,医学,4 [2400/5603],否, ENVIRONMENTAL SCIENCES 环境科学,3 [164/357], TOXICOLOGY 毒理学,3 [46/106]," PUBLIC, ENVIRONMENTAL & OCCUPATIONAL HEALTH 公共卫生、环境卫生与职业卫生",4 [186/404],,,,,,,三级
COMMUNITY MENTAL HEALTH JOURNAL,2025,0010-3853/1573-2789,否,否,否,SSCI,1.7,,医学,4 [2401/5603],否, HEALTH POLICY & SERVICES 卫生政策与服务,4 [67/118], PSYCHIATRY 精神病学,4 [136/277]," PUBLIC, ENVIRONMENTAL & OCCUPATIONAL HEALTH 公共卫生、环境卫生与职业卫生",4 [187/404],,,,,,,三级
CLINICAL RADIOLOGY,2025,0009-9260/1365-229X,否,否,否,SCIE,1.9,,医学,4 [2402/5603],否," RADIOLOGY, NUCLEAR MEDICINE & MEDICAL IMAGING 核医学",4 [87/206],,,,,,,,,,,三级
PEDIATRIC INFECTIOUS DISEASE JOURNAL,2025,0891-3668/1532-0987,否,否,否,SCIE,2.2,,医学,4 [2403/5603],否, PEDIATRICS 儿科,3 [71/185], IMMUNOLOGY 免疫学,4 [103/179], INFECTIOUS DISEASES 传染病学,4 [68/134],,,,,,,三级
REHABILITATION COUNSELING BULLETIN,2025,0034-3552/1538-4853,否,否,否,SSCI,1.3,,医学,4 [2404/5603],否, REHABILITATION 康复医学,3 [66/169],,,,,,,,,,,三级
INTERNATIONAL CLINICAL PSYCHOPHARMACOLOGY,2025,0268-1315/1473-5857,否,否,否,SCIE,2.5,,医学,4 [2405/5603],否, PHARMACOLOGY & PHARMACY 药学,3 [148/350], PSYCHIATRY 精神病学,4 [137/277],,,,,,,,,三级
HLA,2025,2059-2302/2059-2310,否,否,否,SCIE,4.1,,医学,4 [2406/5603],否, PATHOLOGY 病理学,3 [31/88], CELL BIOLOGY 细胞生物学,4 [123/203], IMMUNOLOGY 免疫学,4 [104/179],,,,,,,三级
PERITONEAL DIALYSIS INTERNATIONAL,2025,0896-8608/1718-4304,否,否,否,SCIE,3.7,,医学,4 [2407/5603],否, UROLOGY & NEPHROLOGY 泌尿学与肾脏学,4 [61/126],,,,,,,,,,,三级
Mortality,2025,1357-6275/1469-9885,否,否,否,ESCI,1,,医学,4 [2408/5603],否," HUMANITIES, MULTIDISCIPLINARY 人文科学",2 [57/406]," SOCIAL SCIENCES, INTERDISCIPLINARY 社会科学：跨领域",4 [91/263],,,,,,,,,三级
METABOLIC BRAIN DISEASE,2025,0885-7490/1573-7365,否,否,否,SCIE,3.5,,医学,4 [2409/5603],否, ENDOCRINOLOGY & METABOLISM 内分泌学与代谢,4 [112/184], NEUROSCIENCES 神经科学,4 [179/309],,,,,,,,,三级
JOURNAL OF NEUROPATHOLOGY AND EXPERIMENTAL NEUROLOGY,2025,0022-3069/1554-6578,否,否,否,SCIE,3,,医学,4 [2410/5603],否, PATHOLOGY 病理学,3 [32/88], CLINICAL NEUROLOGY 临床神经病学,4 [146/278], NEUROSCIENCES 神经科学,4 [180/309],,,,,,,三级
BMJ Surgery Interventions & Health Technologies,2025,2631-4940/2631-4940,否,否,是,ESCI,1.6,,医学,4 [2411/5603],否, SURGERY 外科,4 [128/292],,,,,,,,,,,三级
Pharmacology Research & Perspectives,2025,2052-1707/2052-1707,否,否,是,SCIE,2.3,,医学,4 [2412/5603],否, PHARMACOLOGY & PHARMACY 药学,3 [149/350],,,,,,,,,,,三级
Journal of Clinical and Experimental Hepatology,2025,0973-6883/2213-3453,否,否,否,ESCI,3.2,,医学,4 [2413/5603],否, GASTROENTEROLOGY & HEPATOLOGY 胃肠肝病学,4 [75/143],,,,,,,,,,,三级
Transplantation Direct,2025,2373-8731/2373-8731,否,否,是,ESCI,1.9,,医学,4 [2414/5603],否, TRANSPLANTATION 移植,3 [12/31],,,,,,,,,,,三级
VIROLOGY,2025,0042-6822/1089-862X,否,否,否,SCIE,2.4,,医学,4 [2415/5603],否, VIROLOGY 病毒学,4 [22/41],,,,,,,,,,,三级
EXPERT OPINION ON PHARMACOTHERAPY,2025,1465-6566/1744-7666,是,否,否,SCIE,2.7,,医学,4 [2416/5603],否, PHARMACOLOGY & PHARMACY 药学,4 [151/350],,,,,,,,,,,三级
Allergy Asthma and Clinical Immunology,2025,1710-1492/1710-1492,否,否,是,SCIE,2.4,,医学,4 [2417/5603],否, ALLERGY 过敏,4 [20/39], IMMUNOLOGY 免疫学,4 [105/179],,,,,,,,,三级
Research in Autism Spectrum Disorders,2025,1750-9467/1878-0237,否,否,否,SSCI,2.1,,医学,4 [2418/5603],否," EDUCATION, SPECIAL 特殊教育学",4 [26/62], PSYCHIATRY 精神病学,4 [138/277]," PSYCHOLOGY, DEVELOPMENTAL 心理学：发育",4 [64/91], REHABILITATION 康复医学,4 [67/169],,,,,三级
Journal of Prevention,2025,2731-5533/2731-5541,否,否,否,SSCI,1.5,,医学,4 [2419/5603],否," PUBLIC, ENVIRONMENTAL & OCCUPATIONAL HEALTH 公共卫生、环境卫生与职业卫生",4 [188/404],,,,,,,,,,,三级
TROPICAL MEDICINE & INTERNATIONAL HEALTH,2025,1360-2276/1365-3156,否,否,否,SCIE,2.3,,医学,4 [2420/5603],否, TROPICAL MEDICINE 热带医学,3 [11/28]," PUBLIC, ENVIRONMENTAL & OCCUPATIONAL HEALTH 公共卫生、环境卫生与职业卫生",4 [189/404],,,,,,,,,三级
Clinical Neuropsychiatry,2025,1724-4935/2385-0787,否,否,是,ESCI,2.4,,医学,4 [2421/5603],否, CLINICAL NEUROLOGY 临床神经病学,4 [147/278], PSYCHIATRY 精神病学,4 [139/277],,,,,,,,,三级
Health and Technology,2025,2190-7188/2190-7196,否,否,否,ESCI,2.8,,医学,4 [2422/5603],否, MEDICAL INFORMATICS 医学：信息,4 [31/44],,,,,,,,,,,三级
NEUROTOXICITY RESEARCH,2025,1029-8428/1476-3524,否,否,否,SCIE,3.3,,医学,4 [2423/5603],否, NEUROSCIENCES 神经科学,4 [181/309],,,,,,,,,,,三级
PSYCHIATRIC REHABILITATION JOURNAL,2025,1095-158X/1559-3126,否,否,否,SSCI,1.2,,医学,4 [2424/5603],否, PSYCHIATRY 精神病学,4 [140/277], REHABILITATION 康复医学,4 [68/169],,,,,,,,,三级
Asia-Pacific Journal of Oncology Nursing,2025,2347-5625/2349-6673,否,否,是,SSCI;SCIE,2.8,,医学,4 [2425/5603],否, NURSING 护理,3 [58/191],,,,,,,,,,,三级
RESEARCH QUARTERLY FOR EXERCISE AND SPORT,2025,0270-1367/2168-3824,否,否,否,SSCI;SCIE,1.6,,医学,4 [2426/5603],否," HOSPITALITY, LEISURE, SPORT & TOURISM 酒店、休闲、体育与旅游",4 [79/139], PSYCHOLOGY 心理学,4 [46/92]," PSYCHOLOGY, APPLIED 心理学：应用",4 [71/112], SPORT SCIENCES 运动科学,4 [64/126],,,,,三级
JOURNAL OF THE AMERICAN PHARMACISTS ASSOCIATION,2025,1544-3191/1544-3450,否,否,否,SCIE,2.5,,医学,4 [2427/5603],否, PHARMACOLOGY & PHARMACY 药学,3 [150/350],,,,,,,,,,,三级
ChemMedChem,2025,1860-7179/1860-7187,否,否,否,SCIE,3.4,,医学,4 [2428/5603],否," CHEMISTRY, MEDICINAL 药物化学",3 [36/72], PHARMACOLOGY & PHARMACY 药学,4 [152/350],,,,,,,,,三级
International Journal of Nursing Practice,2025,1322-7114/1440-172X,否,否,否,SSCI;SCIE,2,,医学,4 [2429/5603],否, NURSING 护理,3 [59/191],,,,,,,,,,,三级
European Endodontic Journal,2025,2548-0839/2548-0839,否,否,是,ESCI,2,,医学,4 [2430/5603],否," DENTISTRY, ORAL SURGERY & MEDICINE 牙科与口腔外科",4 [70/157],,,,,,,,,,,三级
World Journal of Diabetes,2025,1948-9358/1948-9358,否,否,否,SCIE,4.6,,医学,4 [2431/5603],否, ENDOCRINOLOGY & METABOLISM 内分泌学与代谢,4 [113/184],,,,,,,,,,,三级
Journal of Managed Care & Specialty Pharmacy,2025,2376-0540/2376-1032,否,否,否,SCIE,2.9,,医学,4 [2432/5603],否, HEALTH CARE SCIENCES & SERVICES 卫生保健与服务,4 [88/173], PHARMACOLOGY & PHARMACY 药学,4 [153/350],,,,,,,,,三级
European Annals of Otorhinolaryngology-Head and Neck Diseases,2025,1879-7296/1879-730X,否,否,否,SCIE,2.4,,医学,4 [2433/5603],否, OTORHINOLARYNGOLOGY 耳鼻喉科学,4 [27/66],,,,,,,,,,,三级
Clinical and Experimental Nephrology,2025,1342-1751/1437-7799,否,否,否,SCIE,1.7,,医学,4 [2434/5603],否, UROLOGY & NEPHROLOGY 泌尿学与肾脏学,4 [62/126],,,,,,,,,,,三级
PFLUGERS ARCHIV-EUROPEAN JOURNAL OF PHYSIOLOGY,2025,0031-6768/1432-2013,否,否,否,SCIE,2.9,,医学,4 [2435/5603],否, PHYSIOLOGY 生理学,4 [44/84],,,,,,,,,,,三级
CULTURE MEDICINE AND PSYCHIATRY,2025,0165-005X/1573-076X,否,否,否,SSCI,1.8,,医学,4 [2436/5603],否, ANTHROPOLOGY 人类学,4 [72/137], PSYCHIATRY 精神病学,4 [141/277]," SOCIAL SCIENCES, BIOMEDICAL 社会科学：生物医学",4 [27/46],,,,,,,三级
INFECTION GENETICS AND EVOLUTION,2025,1567-1348/1567-7257,否,否,否,SCIE,2.6,,医学,4 [2437/5603],否, INFECTIOUS DISEASES 传染病学,4 [69/134],,,,,,,,,,,三级
Acupuncture in Medicine,2025,0964-5284/1759-9873,否,否,否,SCIE,2.6,,医学,4 [2438/5603],否, INTEGRATIVE & COMPLEMENTARY MEDICINE 全科医学与补充医学,3 [15/43],,,,,,,,,,,三级
Immunity Inflammation and Disease,2025,2050-4527/2050-4527,否,否,是,SCIE,2.7,,医学,4 [2439/5603],否, IMMUNOLOGY 免疫学,4 [106/179],,,,,,,,,,,三级
Tuberculosis and Respiratory Diseases,2025,1738-3536/2005-6184,否,否,是,ESCI,3,,医学,4 [2440/5603],否, RESPIRATORY SYSTEM 呼吸系统,4 [46/101],,,,,,,,,,,三级
NUTRITION RESEARCH,2025,0271-5317/1879-0739,否,否,否,SCIE,3.1,,医学,4 [2441/5603],否, NUTRITION & DIETETICS 营养学,4 [62/113],,,,,,,,,,,三级
JOURNAL OF CLINICAL NEUROSCIENCE,2025,0967-5868/1532-2653,否,否,否,SCIE,1.8,,医学,4 [2442/5603],否, CLINICAL NEUROLOGY 临床神经病学,4 [148/278], NEUROSCIENCES 神经科学,4 [182/309],,,,,,,,,三级
CANADIAN JOURNAL OF OPHTHALMOLOGY-JOURNAL CANADIEN D OPHTALMOLOGIE,2025,0008-4182/1715-3360,否,否,否,SCIE,2.8,,医学,4 [2443/5603],否, OPHTHALMOLOGY 眼科学,3 [37/95],,,,,,,,,,,三级
REHABILITATION PSYCHOLOGY,2025,0090-5550/1939-1544,否,否,否,SSCI,1.7,,医学,4 [2444/5603],否," PSYCHOLOGY, CLINICAL 心理学：临床",4 [95/179], REHABILITATION 康复医学,4 [69/169],,,,,,,,,三级
Zeitschrift fur Medizinische Physik,2025,0939-3889/1876-4436,否,否,是,SCIE,4.2,,医学,4 [2445/5603],否," RADIOLOGY, NUCLEAR MEDICINE & MEDICAL IMAGING 核医学",4 [88/206],,,,,,,,,,,三级
EUROPEAN JOURNAL OF HAEMATOLOGY,2025,0902-4441/1600-0609,否,否,否,SCIE,2.3,,医学,4 [2446/5603],否, HEMATOLOGY 血液学,4 [45/96],,,,,,,,,,,三级
Research and Practice in Intellectual and Developmental Disabilities,2025,2329-7018/2329-7026,否,否,否,ESCI,1.1,,医学,4 [2447/5603],否, REHABILITATION 康复医学,4 [70/169],,,,,,,,,,,三级
Clinical Psychopharmacology and Neuroscience,2025,1738-1088/2093-4327,否,否,否,SCIE,2.7,,医学,4 [2448/5603],否, NEUROSCIENCES 神经科学,4 [183/309], PHARMACOLOGY & PHARMACY 药学,4 [154/350],,,,,,,,,三级
Journal of Medical Biochemistry,2025,1452-8258/1452-8266,否,否,是,SCIE,1.5,,医学,4 [2449/5603],否, BIOCHEMISTRY & MOLECULAR BIOLOGY 生化与分子生物学,4 [166/310],,,,,,,,,,,三级
CLINICAL ANATOMY,2025,0897-3806/1098-2353,否,否,否,SCIE,2.3,,医学,4 [2450/5603],否, ANATOMY & MORPHOLOGY 解剖学与形态学,2 [5/22],,,,,,,,,,,三级
Jornal Brasileiro de Pneumologia,2025,1806-3713/1806-3756,否,否,是,SCIE,3,,医学,4 [2451/5603],否, RESPIRATORY SYSTEM 呼吸系统,4 [47/101],,,,,,,,,,,三级
Health Services Management Research,2025,0951-4848/1758-1044,否,否,否,ESCI,0.7,,医学,4 [2452/5603],否, HEALTH POLICY & SERVICES 卫生政策与服务,4 [68/118],,,,,,,,,,,三级
ACTA ANAESTHESIOLOGICA SCANDINAVICA,2025,0001-5172/1399-6576,否,否,否,SCIE,2,,医学,4 [2453/5603],否, ANESTHESIOLOGY 麻醉学,4 [28/64],,,,,,,,,,,三级
Journal of Stroke & Cerebrovascular Diseases,2025,1052-3057/1532-8511,否,否,否,SCIE,1.8,,医学,4 [2454/5603],否, NEUROSCIENCES 神经科学,4 [184/309], PERIPHERAL VASCULAR DISEASE 外周血管病,4 [47/96],,,,,,,,,三级
INTERNATIONAL JOURNAL OF AUDIOLOGY,2025,1499-2027/1708-8186,否,否,否,SCIE,1.9,,医学,4 [2455/5603],否, AUDIOLOGY & SPEECH-LANGUAGE PATHOLOGY 听力学与言语病理学,4 [17/35], OTORHINOLARYNGOLOGY 耳鼻喉科学,4 [28/66],,,,,,,,,三级
Journal of Vascular Access,2025,1129-7298/1724-6032,否,否,否,SCIE,1.7,,医学,4 [2456/5603],否, PERIPHERAL VASCULAR DISEASE 外周血管病,4 [48/96],,,,,,,,,,,三级
INTERNATIONAL ANGIOLOGY,2025,0392-9590/1827-1839,否,否,否,SCIE,1.4,,医学,4 [2457/5603],否, PERIPHERAL VASCULAR DISEASE 外周血管病,4 [49/96],,,,,,,,,,,三级
ACS Bio & Med Chem Au,2025,2694-2437/2694-2437,否,否,否,ESCI,4.3,,医学,4 [2458/5603],否, BIOCHEMISTRY & MOLECULAR BIOLOGY 生化与分子生物学,4 [167/310]," CHEMISTRY, MEDICINAL 药物化学",4 [37/72],,,,,,,,,三级
THERAPEUTIC DRUG MONITORING,2025,0163-4356/1536-3694,否,否,否,SCIE,2.4,,医学,4 [2459/5603],否, MEDICAL LABORATORY TECHNOLOGY 医学实验技术,3 [13/31], TOXICOLOGY 毒理学,3 [47/106], PHARMACOLOGY & PHARMACY 药学,4 [155/350],,,,,,,三级
ORTHOPEDIC CLINICS OF NORTH AMERICA,2025,0030-5898/1558-1373,否,否,否,SCIE,1.8,,医学,4 [2460/5603],否, ORTHOPEDICS 骨科,4 [64/136],,,,,,,,,,,三级
JOURNAL OF NEUROPSYCHIATRY AND CLINICAL NEUROSCIENCES,2025,0895-0172/1545-7222,否,否,否,SCIE,2.9,,医学,4 [2461/5603],否, CLINICAL NEUROLOGY 临床神经病学,4 [149/278], NEUROSCIENCES 神经科学,4 [185/309], PSYCHIATRY 精神病学,4 [142/277],,,,,,,三级
Therapeutic Innovation & Regulatory Science,2025,2168-4790/2168-4804,否,否,否,SCIE,1.9,,医学,4 [2462/5603],否, MEDICAL INFORMATICS 医学：信息,4 [32/44], PHARMACOLOGY & PHARMACY 药学,4 [156/350],,,,,,,,,三级
EVALUATION & THE HEALTH PROFESSIONS,2025,0163-2787/1552-3918,否,否,否,SSCI;SCIE,1.6,,医学,4 [2463/5603],否, HEALTH CARE SCIENCES & SERVICES 卫生保健与服务,4 [89/173], HEALTH POLICY & SERVICES 卫生政策与服务,4 [70/118],,,,,,,,,三级
EPILEPSY RESEARCH,2025,0920-1211/1872-6844,否,否,否,SCIE,2,,医学,4 [2464/5603],否, CLINICAL NEUROLOGY 临床神经病学,4 [150/278],,,,,,,,,,,三级
SCIENCE & JUSTICE,2025,1355-0306/1876-4452,否,否,否,SCIE,2,,医学,4 [2465/5603],否," MEDICINE, LEGAL 医学：法",3 [9/23], PATHOLOGY 病理学,3 [33/88],,,,,,,,,三级
CURRENT MEDICINAL CHEMISTRY,2025,0929-8673/1875-533X,是,否,否,SCIE,3.5,,医学,4 [2466/5603],否, BIOCHEMISTRY & MOLECULAR BIOLOGY 生化与分子生物学,4 [169/310]," CHEMISTRY, MEDICINAL 药物化学",4 [38/72], PHARMACOLOGY & PHARMACY 药学,4 [157/350],,,,,,,三级
INTERNATIONAL JOURNAL OF UROLOGY,2025,0919-8172/1442-2042,否,否,否,SCIE,2.2,,医学,4 [2467/5603],否, UROLOGY & NEPHROLOGY 泌尿学与肾脏学,4 [63/126],,,,,,,,,,,三级
NEUROSCIENCE,2025,0306-4522/1873-7544,否,否,否,SCIE,2.8,,医学,4 [2468/5603],否, NEUROSCIENCES 神经科学,4 [186/309],,,,,,,,,,,三级
BMC NEUROSCIENCE,2025,1471-2202/1471-2202,否,否,是,SCIE,2.3,,医学,4 [2469/5603],否, NEUROSCIENCES 神经科学,4 [187/309],,,,,,,,,,,三级
Journal of Pharmacological Sciences,2025,1347-8613/1347-8648,否,否,是,SCIE,2.9,,医学,4 [2470/5603],否, PHARMACOLOGY & PHARMACY 药学,4 [158/350],,,,,,,,,,,三级
Sexual & Reproductive Healthcare,2025,1877-5756/1877-5764,否,否,否,SSCI,1.7,,医学,4 [2471/5603],否," PUBLIC, ENVIRONMENTAL & OCCUPATIONAL HEALTH 公共卫生、环境卫生与职业卫生",4 [191/404],,,,,,,,,,,三级
EUROPEAN JOURNAL OF NEUROSCIENCE,2025,0953-816X/1460-9568,否,否,否,SCIE,2.4,,医学,4 [2472/5603],否, NEUROSCIENCES 神经科学,4 [188/309],,,,,,,,,,,三级
JOURNAL OF HEALTHCARE MANAGEMENT,2025,1096-9012/1944-7396,否,否,否,SSCI,2.1,,医学,4 [2473/5603],否, HEALTH POLICY & SERVICES 卫生政策与服务,4 [71/118],,,,,,,,,,,三级
NEUROLOGICAL SCIENCES,2025,1590-1874/1590-3478,否,否,否,SCIE,2.4,,医学,4 [2474/5603],否, CLINICAL NEUROLOGY 临床神经病学,4 [151/278], NEUROSCIENCES 神经科学,4 [189/309],,,,,,,,,三级
JOURNAL DE MYCOLOGIE MEDICALE,2025,1156-5233/1773-0449,否,否,否,SCIE,1.8,,医学,4 [2475/5603],否, MYCOLOGY 真菌学,4 [18/32],,,,,,,,,,,三级
Pharmacological Reports,2025,1734-1140/2299-5684,否,否,否,SCIE,3.8,,医学,4 [2476/5603],否, PHARMACOLOGY & PHARMACY 药学,4 [159/350],,,,,,,,,,,三级
HEALTH PROMOTION INTERNATIONAL,2025,0957-4824/1460-2245,否,否,否,SSCI;SCIE,2.4,,医学,4 [2477/5603],否, HEALTH POLICY & SERVICES 卫生政策与服务,4 [72/118]," PUBLIC, ENVIRONMENTAL & OCCUPATIONAL HEALTH 公共卫生、环境卫生与职业卫生",4 [192/404],,,,,,,,,三级
Archives of Medical Science,2025,1734-1922/1896-9151,否,否,是,SCIE,3.3,,医学,4 [2478/5603],否," MEDICINE, GENERAL & INTERNAL 医学：内科",3 [74/327],,,,,,,,,,,三级
JOURNAL OF LEUKOCYTE BIOLOGY,2025,0741-5400/1938-3673,否,否,否,SCIE,3.1,,医学,4 [2479/5603],否, CELL BIOLOGY 细胞生物学,4 [128/203], HEMATOLOGY 血液学,4 [46/96], IMMUNOLOGY 免疫学,4 [107/179],,,,,,,三级
JOURNAL OF PUBLIC HEALTH POLICY,2025,0197-5897/1745-655X,否,否,否,SSCI;SCIE,1.9,,医学,4 [2480/5603],否, HEALTH CARE SCIENCES & SERVICES 卫生保健与服务,4 [91/173], HEALTH POLICY & SERVICES 卫生政策与服务,4 [73/118]," PUBLIC, ENVIRONMENTAL & OCCUPATIONAL HEALTH 公共卫生、环境卫生与职业卫生",4 [193/404],,,,,,,三级
Perspectives in Public Health,2025,1757-9139/1757-9147,否,否,否,SSCI,2.6,,医学,4 [2481/5603],否," PUBLIC, ENVIRONMENTAL & OCCUPATIONAL HEALTH 公共卫生、环境卫生与职业卫生",4 [194/404],,,,,,,,,,,三级
JOURNAL OF OCULAR PHARMACOLOGY AND THERAPEUTICS,2025,1080-7683/1557-7732,否,否,否,SCIE,2.1,,医学,4 [2482/5603],否, OPHTHALMOLOGY 眼科学,3 [38/95], PHARMACOLOGY & PHARMACY 药学,4 [160/350],,,,,,,,,三级
JOURNAL OF CUTANEOUS MEDICINE AND SURGERY,2025,1203-4754/1615-7109,否,否,否,SCIE,3.9,,医学,4 [2483/5603],否, DERMATOLOGY 皮肤病学,3 [36/94],,,,,,,,,,,三级
CLINICAL HEMORHEOLOGY AND MICROCIRCULATION,2025,1386-0291/1875-8622,否,否,否,SCIE,,,医学,4 [2484/5603],否, HEMATOLOGY 血液学,4 [47/96], PERIPHERAL VASCULAR DISEASE 外周血管病,4 [50/96],,,,,,,,,三级
SCANDINAVIAN JOURNAL OF PUBLIC HEALTH,2025,1403-4948/1651-1905,否,否,否,SSCI;SCIE,2.1,,医学,4 [2485/5603],否," PUBLIC, ENVIRONMENTAL & OCCUPATIONAL HEALTH 公共卫生、环境卫生与职业卫生",4 [195/404],,,,,,,,,,,三级
RADIOLOGIC CLINICS OF NORTH AMERICA,2025,0033-8389/1557-8275,否,否,否,SCIE,1.9,,医学,4 [2486/5603],否," RADIOLOGY, NUCLEAR MEDICINE & MEDICAL IMAGING 核医学",4 [89/206],,,,,,,,,,,三级
Sleep and Breathing,2025,1520-9512/1522-1709,否,否,否,SCIE,2,,医学,4 [2487/5603],否, CLINICAL NEUROLOGY 临床神经病学,4 [152/278], RESPIRATORY SYSTEM 呼吸系统,4 [48/101],,,,,,,,,三级
MUTATION RESEARCH-GENETIC TOXICOLOGY AND ENVIRONMENTAL MUTAGENESIS,2025,1383-5718/1879-3592,否,否,否,SCIE,2.5,,医学,4 [2488/5603],否, BIOTECHNOLOGY & APPLIED MICROBIOLOGY 生物工程与应用微生物,3 [73/174], GENETICS & HEREDITY 遗传学,3 [89/190], TOXICOLOGY 毒理学,3 [48/106],,,,,,,三级
Research in Sports Medicine,2025,1543-8627/1543-8635,否,否,否,SCIE,1.9,,医学,4 [2489/5603],否, SPORT SCIENCES 运动科学,4 [65/126],,,,,,,,,,,三级
Journal of Innovative Optical Health Sciences,2025,1793-5458/1793-7205,否,否,是,SCIE,2.2,,医学,4 [2490/5603],否, OPTICS 光学,3 [46/119]," RADIOLOGY, NUCLEAR MEDICINE & MEDICAL IMAGING 核医学",4 [90/206],,,,,,,,,三级
Spatial and Spatio-Temporal Epidemiology,2025,1877-5845/1877-5853,否,否,否,ESCI,1.7,,医学,4 [2491/5603],否," PUBLIC, ENVIRONMENTAL & OCCUPATIONAL HEALTH 公共卫生、环境卫生与职业卫生",4 [196/404],,,,,,,,,,,三级
Substance Abuse-Research and Treatment,2025,1178-2218/1178-2218,否,否,是,ESCI,2.4,,医学,4 [2492/5603],否, SUBSTANCE ABUSE 药物滥用,4 [31/56],,,,,,,,,,,三级
PEDIATRIC CARDIOLOGY,2025,0172-0643/1432-1971,否,否,否,SCIE,1.4,,医学,4 [2493/5603],否, PEDIATRICS 儿科,3 [72/185], CARDIAC & CARDIOVASCULAR SYSTEMS 心脏和心血管系统,4 [111/223],,,,,,,,,三级
JOURNAL OF MEDICAL SCREENING,2025,0969-1413/1475-5793,否,否,否,SCIE,2.3,,医学,4 [2494/5603],否," PUBLIC, ENVIRONMENTAL & OCCUPATIONAL HEALTH 公共卫生、环境卫生与职业卫生",4 [197/404],,,,,,,,,,,三级
REVISTA DE SAUDE PUBLICA,2025,0034-8910/1518-8787,否,否,是,SSCI;SCIE,2.1,,医学,4 [2495/5603],否," PUBLIC, ENVIRONMENTAL & OCCUPATIONAL HEALTH 公共卫生、环境卫生与职业卫生",4 [198/404],,,,,,,,,,,三级
CLINICAL TRANSPLANTATION,2025,0902-0063/1399-0012,否,否,否,SCIE,1.9,,医学,4 [2496/5603],否, TRANSPLANTATION 移植,3 [13/31], SURGERY 外科,4 [129/292],,,,,,,,,三级
EUROPEAN JOURNAL OF CANCER CARE,2025,0961-5423/1365-2354,否,否,否,SSCI;SCIE,1.9,,医学,4 [2497/5603],否, NURSING 护理,3 [60/191], HEALTH CARE SCIENCES & SERVICES 卫生保健与服务,4 [92/173], ONCOLOGY 肿瘤学,4 [176/318], REHABILITATION 康复医学,4 [71/169],,,,,三级
International Journal of Rheumatic Diseases,2025,1756-1841/1756-185X,否,否,否,SCIE,2,,医学,4 [2498/5603],否, RHEUMATOLOGY 风湿病学,4 [28/55],,,,,,,,,,,三级
Journal of Thoracic Disease,2025,2072-1439/2077-6624,否,否,否,SCIE,1.9,,医学,4 [2499/5603],否, RESPIRATORY SYSTEM 呼吸系统,4 [49/101],,,,,,,,,,,三级
PATHOLOGICA,2025,0031-2983/1591-951X,否,否,否,ESCI,2.9,,医学,4 [2500/5603],否, PATHOLOGY 病理学,3 [34/88],,,,,,,,,,,三级
ATS Scholar,2025,2690-7097/2690-7097,否,否,是,ESCI,1.9,,医学,4 [2501/5603],否, CRITICAL CARE MEDICINE 危重病医学,4 [27/56], RESPIRATORY SYSTEM 呼吸系统,4 [50/101],,,,,,,,,三级
CLINICAL AND EXPERIMENTAL MEDICINE,2025,1591-8890/1591-9528,否,否,否,SCIE,3.5,,医学,4 [2502/5603],否," MEDICINE, RESEARCH & EXPERIMENTAL 医学：研究与实验",4 [92/188],,,,,,,,,,,三级
Journal of Neuromuscular Diseases,2025,2214-3599/2214-3602,否,否,否,SCIE,3.4,,医学,4 [2503/5603],否, CLINICAL NEUROLOGY 临床神经病学,4 [153/278], NEUROSCIENCES 神经科学,4 [191/309],,,,,,,,,三级
Clinical Pharmacology-Advances and Applications,2025,1179-1438/1179-1438,否,否,是,ESCI,2.5,,医学,4 [2504/5603],否, PHARMACOLOGY & PHARMACY 药学,4 [161/350],,,,,,,,,,,三级
Healthcare Informatics Research,2025,2093-3681/2093-369X,否,否,是,ESCI,2.1,,医学,4 [2505/5603],否, MEDICAL INFORMATICS 医学：信息,4 [33/44],,,,,,,,,,,三级
ANNALS OF NUCLEAR MEDICINE,2025,0914-7187/1864-6433,否,否,否,SCIE,2.5,,医学,4 [2506/5603],否," RADIOLOGY, NUCLEAR MEDICINE & MEDICAL IMAGING 核医学",4 [91/206],,,,,,,,,,,三级
Archives of Budo,2025,1643-8698/1643-8698,否,否,否,SCIE,1.5,,医学,4 [2507/5603],否, SPORT SCIENCES 运动科学,4 [66/126],,,,,,,,,,,三级
International Journal of Injury Control and Safety Promotion,2025,1745-7300/1745-7319,否,否,否,SSCI,2,,医学,4 [2508/5603],否," PUBLIC, ENVIRONMENTAL & OCCUPATIONAL HEALTH 公共卫生、环境卫生与职业卫生",4 [199/404],,,,,,,,,,,三级
Medicina Oral Patologia Oral y Cirugia Bucal,2025,1698-6946/1698-6946,否,否,否,SCIE,2.1,,医学,4 [2509/5603],否," DENTISTRY, ORAL SURGERY & MEDICINE 牙科与口腔外科",4 [71/157],,,,,,,,,,,三级
Informatics for Health & Social Care,2025,1753-8157/1753-8165,否,否,否,SCIE,2.4,,医学,4 [2510/5603],否, HEALTH CARE SCIENCES & SERVICES 卫生保健与服务,4 [93/173], MEDICAL INFORMATICS 医学：信息,4 [34/44],,,,,,,,,三级
American Journal of Mens Health,2025,1557-9883/1557-9891,否,否,是,SSCI,2.4,,医学,4 [2511/5603],否," PUBLIC, ENVIRONMENTAL & OCCUPATIONAL HEALTH 公共卫生、环境卫生与职业卫生",4 [200/404],,,,,,,,,,,三级
Molecular Genetics and Metabolism Reports,2025,2214-4269/2214-4269,否,否,是,SCIE,1.9,,医学,4 [2512/5603],否, GENETICS & HEREDITY 遗传学,3 [91/190],,,,,,,,,,,三级
Nursing in Critical Care,2025,1362-1017/1478-5153,否,否,否,SSCI;SCIE,2.6,,医学,4 [2513/5603],否, NURSING 护理,3 [61/191],,,,,,,,,,,三级
Respiratory Care,2025,0020-1324/1943-3654,否,否,否,SCIE,2.1,,医学,4 [2514/5603],否, CRITICAL CARE MEDICINE 危重病医学,4 [28/56], RESPIRATORY SYSTEM 呼吸系统,4 [51/101],,,,,,,,,三级
International Journal of Telemedicine and Applications,2025,1687-6415/1687-6423,否,否,是,ESCI,2.2,,医学,4 [2515/5603],否, HEALTH CARE SCIENCES & SERVICES 卫生保健与服务,4 [94/173],,,,,,,,,,,三级
BLOOD PURIFICATION,2025,0253-5068/1421-9735,否,否,否,SCIE,1.8,,医学,4 [2516/5603],否, HEMATOLOGY 血液学,4 [48/96], UROLOGY & NEPHROLOGY 泌尿学与肾脏学,4 [64/126],,,,,,,,,三级
Therapeutic Advances in Urology,2025,1756-2872/1756-2880,否,否,是,SCIE,3.5,,医学,4 [2517/5603],否, UROLOGY & NEPHROLOGY 泌尿学与肾脏学,4 [65/126],,,,,,,,,,,三级
Journal of Stomatology Oral and Maxillofacial Surgery,2025,2468-8509/2468-7855,否,否,否,SCIE,2,,医学,4 [2518/5603],否," DENTISTRY, ORAL SURGERY & MEDICINE 牙科与口腔外科",4 [72/157],,,,,,,,,,,三级
International Journal of Tryptophan Research,2025,1178-6469/1178-6469,否,否,是,ESCI,4.1,,医学,4 [2519/5603],否, NEUROSCIENCES 神经科学,4 [192/309],,,,,,,,,,,三级
Brachytherapy,2025,1538-4721/1873-1449,否,否,否,SCIE,1.8,,医学,4 [2520/5603],否, ONCOLOGY 肿瘤学,4 [177/318]," RADIOLOGY, NUCLEAR MEDICINE & MEDICAL IMAGING 核医学",4 [92/206],,,,,,,,,三级
JOURNAL OF DEVELOPMENTAL AND BEHAVIORAL PEDIATRICS,2025,0196-206X/1536-7312,否,否,否,SSCI;SCIE,2.2,,医学,4 [2521/5603],否, PEDIATRICS 儿科,3 [73/185], BEHAVIORAL SCIENCES 行为科学,4 [35/55]," PSYCHOLOGY, DEVELOPMENTAL 心理学：发育",4 [67/91],,,,,,,三级
GEBURTSHILFE UND FRAUENHEILKUNDE,2025,0016-5751/1438-8804,否,否,否,SCIE,1.9,,医学,4 [2522/5603],否, OBSTETRICS & GYNECOLOGY 妇产科学,4 [61/135],,,,,,,,,,,三级
Operative Neurosurgery,2025,2332-4252/2332-4260,否,否,否,SCIE,1.4,,医学,4 [2523/5603],否, CLINICAL NEUROLOGY 临床神经病学,4 [154/278], SURGERY 外科,4 [130/292],,,,,,,,,三级
CURRENT OPINION IN CARDIOLOGY,2025,0268-4705/1531-7080,是,否,否,SCIE,2,,医学,4 [2524/5603],否, CARDIAC & CARDIOVASCULAR SYSTEMS 心脏和心血管系统,4 [112/223],,,,,,,,,,,三级
Journal of Hospital Medicine,2025,1553-5592/1553-5606,否,否,否,SCIE,2.3,,医学,4 [2525/5603],否," MEDICINE, GENERAL & INTERNAL 医学：内科",3 [75/327],,,,,,,,,,,三级
HARVARD REVIEW OF PSYCHIATRY,2025,1067-3229/1465-7309,是,否,否,SSCI;SCIE,3.4,,医学,4 [2526/5603],否, PSYCHIATRY 精神病学,4 [143/277],,,,,,,,,,,三级
Geriatrics,2025,2308-3417/2308-3417,否,否,是,ESCI,2.1,,医学,4 [2527/5603],否, GERIATRICS & GERONTOLOGY 老年医学,4 [44/72],,,,,,,,,,,三级
"BMJ Nutrition, Prevention & Health",2025,2516-5542/2516-5542,否,否,是,ESCI,2.5,,医学,4 [2528/5603],否, NUTRITION & DIETETICS 营养学,4 [63/113],,,,,,,,,,,三级
JOURNAL OF EARLY INTERVENTION,2025,1053-8151/2154-3992,否,否,否,SSCI,1.6,,医学,4 [2529/5603],否," EDUCATION, SPECIAL 特殊教育学",4 [29/62]," PSYCHOLOGY, EDUCATIONAL 心理学：教育",4 [46/74], REHABILITATION 康复医学,4 [72/169],,,,,,,三级
Hematology,2025,1024-5332/1607-8454,否,否,是,SCIE,1.6,,医学,4 [2530/5603],否, HEMATOLOGY 血液学,4 [49/96],,,,,,,,,,,三级
Medical Humanities,2025,1468-215X/1473-4265,否,否,否,AHCI,1.2,,医学,4 [2531/5603],否," HUMANITIES, MULTIDISCIPLINARY 人文科学",2 [63/406],,,,,,,,,,,三级
Infectious Disease Reports,2025,2036-7449/2036-7449,否,否,是,ESCI,2.4,,医学,4 [2532/5603],否, INFECTIOUS DISEASES 传染病学,4 [70/134],,,,,,,,,,,三级
JOURNAL OF MIDWIFERY & WOMENS HEALTH,2025,1526-9523/1542-2011,否,否,否,SSCI;SCIE,2.3,,医学,4 [2533/5603],否, NURSING 护理,3 [62/191],,,,,,,,,,,三级
MACROMOLECULAR BIOSCIENCE,2025,1616-5187/1616-5195,否,否,否,SCIE,4.1,,医学,4 [2534/5603],否, POLYMER SCIENCE 高分子科学,3 [30/94], BIOCHEMISTRY & MOLECULAR BIOLOGY 生化与分子生物学,4 [174/310]," MATERIALS SCIENCE, BIOMATERIALS 材料科学：生物材料",4 [29/52],,,,,,,三级
Breastfeeding Medicine,2025,1556-8253/1556-8342,否,否,否,SCIE,1.8,,医学,4 [2535/5603],否, OBSTETRICS & GYNECOLOGY 妇产科学,4 [62/135], PEDIATRICS 儿科,4 [74/185],,,,,,,,,三级
Clinical Ophthalmology,2025,1177-5483/1177-5483,否,否,是,ESCI,2.2,,医学,4 [2536/5603],否, OPHTHALMOLOGY 眼科学,3 [39/95],,,,,,,,,,,三级
Advances in Kidney Disease and Health,2025,2949-8147/2949-8139,否,否,否,SCIE,2.6,,医学,4 [2537/5603],否, UROLOGY & NEPHROLOGY 泌尿学与肾脏学,4 [66/126],,,,,,,,,,,三级
Future Oncology,2025,1479-6694/1744-8301,否,否,否,SCIE,2.6,,医学,4 [2538/5603],否, ONCOLOGY 肿瘤学,4 [178/318],,,,,,,,,,,三级
Kidney Diseases,2025,2296-9381/2296-9357,否,否,是,SCIE,3.1,,医学,4 [2539/5603],否, UROLOGY & NEPHROLOGY 泌尿学与肾脏学,4 [67/126],,,,,,,,,,,三级
Progress in Biomaterials,2025,2194-0509/2194-0517,否,否,否,SCIE,,,医学,4 [2540/5603],否," ENGINEERING, BIOMEDICAL 工程：生物医学",4 [66/120]," MATERIALS SCIENCE, BIOMATERIALS 材料科学：生物材料",4 [30/52],,,,,,,,,三级
Research and Reports in Urology,2025,2253-2447/2253-2447,否,否,是,ESCI,2.7,,医学,4 [2541/5603],否, UROLOGY & NEPHROLOGY 泌尿学与肾脏学,4 [68/126],,,,,,,,,,,三级
International Journal of Computer Assisted Radiology and Surgery,2025,1861-6410/1861-6429,否,否,否,SCIE,2.3,,医学,4 [2542/5603],否," ENGINEERING, BIOMEDICAL 工程：生物医学",4 [67/120]," RADIOLOGY, NUCLEAR MEDICINE & MEDICAL IMAGING 核医学",4 [93/206], SURGERY 外科,4 [131/292],,,,,,,三级
JOURNAL OF BIOMECHANICAL ENGINEERING-TRANSACTIONS OF THE ASME,2025,0148-0731/1528-8951,否,否,否,SCIE,1.7,,医学,4 [2543/5603],否, BIOPHYSICS 生物物理,3 [28/76]," ENGINEERING, BIOMEDICAL 工程：生物医学",4 [68/120],,,,,,,,,三级
Drugs-Real World Outcomes,2025,2199-1154/2198-9788,否,否,是,ESCI,1.9,,医学,4 [2544/5603],否, PHARMACOLOGY & PHARMACY 药学,4 [162/350],,,,,,,,,,,三级
Journal of PeriAnesthesia Nursing,2025,1089-9472/1532-8473,否,否,否,SSCI;SCIE,2,,医学,4 [2545/5603],否, NURSING 护理,3 [63/191],,,,,,,,,,,三级
CURRENT GENE THERAPY,2025,1566-5232/1875-5631,否,否,否,SCIE,3.3,,医学,4 [2546/5603],否, GENETICS & HEREDITY 遗传学,4 [95/190],,,,,,,,,,,三级
JOURNAL OF IMMUNOTHERAPY,2025,1524-9557/1537-4513,否,否,否,SCIE,2.9,,医学,4 [2547/5603],否, IMMUNOLOGY 免疫学,4 [108/179]," MEDICINE, RESEARCH & EXPERIMENTAL 医学：研究与实验",4 [93/188], ONCOLOGY 肿瘤学,4 [179/318],,,,,,,三级
ONCOLOGY,2025,0030-2414/1423-0232,否,否,否,SCIE,1.8,,医学,4 [2548/5603],否, ONCOLOGY 肿瘤学,4 [180/318],,,,,,,,,,,三级
OPHTHALMIC RESEARCH,2025,0030-3747/1423-0259,否,否,否,SCIE,1.9,,医学,4 [2549/5603],否, OPHTHALMOLOGY 眼科学,3 [40/95],,,,,,,,,,,三级
Tissue Engineering Part C-Methods,2025,1937-3384/1937-3392,否,否,否,SCIE,2.6,,医学,4 [2550/5603],否, CELL & TISSUE ENGINEERING 细胞与组织工程,4 [21/31], CELL BIOLOGY 细胞生物学,4 [131/203]," ENGINEERING, BIOMEDICAL 工程：生物医学",4 [69/120]," MATERIALS SCIENCE, BIOMATERIALS 材料科学：生物材料",4 [31/52],,,,,三级
SEMINARS IN ONCOLOGY,2025,0093-7754/1532-8708,是,否,否,SCIE,2.5,,医学,4 [2551/5603],否, ONCOLOGY 肿瘤学,4 [181/318],,,,,,,,,,,三级
ATLA-ALTERNATIVES TO LABORATORY ANIMALS,2025,0261-1929/2632-3559,否,否,否,SCIE,3,,医学,4 [2552/5603],否," MEDICINE, RESEARCH & EXPERIMENTAL 医学：研究与实验",4 [94/188],,,,,,,,,,,三级
Journal of Childrens Orthopaedics,2025,1863-2521/1863-2548,否,否,是,SCIE,1.6,,医学,4 [2553/5603],否, ORTHOPEDICS 骨科,4 [65/136], PEDIATRICS 儿科,4 [75/185],,,,,,,,,三级
AAPS PHARMSCITECH,2025,1530-9932/1530-9932,否,否,否,SCIE,4,,医学,4 [2554/5603],否, PHARMACOLOGY & PHARMACY 药学,4 [163/350],,,,,,,,,,,三级
Hellenic Journal of Cardiology,2025,1109-9666/2241-5955,否,否,是,SCIE,3,,医学,4 [2555/5603],否, CARDIAC & CARDIOVASCULAR SYSTEMS 心脏和心血管系统,4 [113/223],,,,,,,,,,,三级
CLINICAL AND EXPERIMENTAL DERMATOLOGY,2025,0307-6938/1365-2230,否,否,否,SCIE,2.8,,医学,4 [2556/5603],否, DERMATOLOGY 皮肤病学,3 [37/94],,,,,,,,,,,三级
JOURNAL OF BEHAVIOR THERAPY AND EXPERIMENTAL PSYCHIATRY,2025,0005-7916/1873-7943,否,否,否,SSCI,2.2,,医学,4 [2557/5603],否, PSYCHIATRY 精神病学,4 [144/277]," PSYCHOLOGY, CLINICAL 心理学：临床",4 [97/179],,,,,,,,,三级
AMERICAN JOURNAL OF CLINICAL PATHOLOGY,2025,0002-9173/1943-7722,否,否,否,SCIE,1.9,,医学,4 [2558/5603],否, PATHOLOGY 病理学,3 [35/88],,,,,,,,,,,三级
Frontiers in Synaptic Neuroscience,2025,1663-3563/1663-3563,否,否,是,SCIE,4.1,,医学,4 [2559/5603],否, NEUROSCIENCES 神经科学,4 [193/309],,,,,,,,,,,三级
Journal of Foot & Ankle Surgery,2025,1067-2516/1542-2224,否,否,否,SCIE,1.3,,医学,4 [2560/5603],否, ORTHOPEDICS 骨科,4 [66/136], SURGERY 外科,4 [132/292],,,,,,,,,三级
Libyan Journal of Medicine,2025,1993-2820/1819-6357,否,否,是,SCIE,1.7,,医学,4 [2561/5603],否," MEDICINE, GENERAL & INTERNAL 医学：内科",3 [76/327],,,,,,,,,,,三级
EXPERT OPINION ON EMERGING DRUGS,2025,1472-8214/1744-7623,是,否,否,SCIE,2.7,,医学,4 [2562/5603],否, PHARMACOLOGY & PHARMACY 药学,4 [164/350],,,,,,,,,,,三级
Cancer Drug Resistance,2025,2578-532X/2578-532X,否,否,是,ESCI,5.2,,医学,4 [2563/5603],否, ONCOLOGY 肿瘤学,4 [182/318],,,,,,,,,,,三级
Journal of Gastric Cancer,2025,2093-582X/2093-5641,否,否,否,SCIE,3.8,,医学,4 [2564/5603],否, GASTROENTEROLOGY & HEPATOLOGY 胃肠肝病学,4 [76/143], ONCOLOGY 肿瘤学,4 [183/318],,,,,,,,,三级
ADDICTION RESEARCH & THEORY,2025,1606-6359/1476-7392,否,否,否,SSCI,2,,医学,4 [2565/5603],否, SOCIAL ISSUES 社会问题,4 [34/66], SUBSTANCE ABUSE 药物滥用,4 [32/56],,,,,,,,,三级
BioPsychoSocial Medicine,2025,1751-0759/1751-0759,否,否,是,SSCI,2.4,,医学,4 [2566/5603],否, PSYCHIATRY 精神病学,4 [145/277]," PSYCHOLOGY, MULTIDISCIPLINARY 心理学：综合",4 [110/219],,,,,,,,,三级
Montenegrin Journal of Sports Science and Medicine,2025,1800-8755/1800-8763,否,否,是,ESCI,1.4,,医学,4 [2567/5603],否, SPORT SCIENCES 运动科学,4 [67/126],,,,,,,,,,,三级
JOURNAL OF NEUROSCIENCE RESEARCH,2025,0360-4012/1097-4547,否,否,否,SCIE,3.4,,医学,4 [2568/5603],否, NEUROSCIENCES 神经科学,4 [194/309],,,,,,,,,,,三级
COCHLEAR IMPLANTS INTERNATIONAL,2025,1467-0100/1754-7628,否,否,否,ESCI,1.2,,医学,4 [2569/5603],否, OTORHINOLARYNGOLOGY 耳鼻喉科学,4 [29/66],,,,,,,,,,,三级
INTERNATIONAL JOURNAL OF COSMETIC SCIENCE,2025,0142-5463/1468-2494,否,否,否,SCIE,2.5,,医学,4 [2570/5603],否, DERMATOLOGY 皮肤病学,4 [38/94],,,,,,,,,,,三级
Thoracic Cancer,2025,1759-7706/1759-7714,否,否,是,SCIE,2.3,,医学,4 [2571/5603],否, ONCOLOGY 肿瘤学,4 [184/318], RESPIRATORY SYSTEM 呼吸系统,4 [52/101],,,,,,,,,三级
Journal of Toxicology,2025,1687-8191/1687-8205,否,否,是,ESCI,3,,医学,4 [2572/5603],否, TOXICOLOGY 毒理学,3 [49/106],,,,,,,,,,,三级
Radiology and Oncology,2025,1318-2099/1581-3207,否,否,是,SCIE,2.2,,医学,4 [2573/5603],否, ONCOLOGY 肿瘤学,4 [185/318]," RADIOLOGY, NUCLEAR MEDICINE & MEDICAL IMAGING 核医学",4 [94/206],,,,,,,,,三级
NAUNYN-SCHMIEDEBERGS ARCHIVES OF PHARMACOLOGY,2025,0028-1298/1432-1912,否,否,否,SCIE,3.1,,医学,4 [2574/5603],否, PHARMACOLOGY & PHARMACY 药学,4 [165/350],,,,,,,,,,,三级
Clinical and Experimental Emergency Medicine,2025,2383-4625/2383-4625,否,否,是,ESCI,2.3,,医学,4 [2575/5603],否, EMERGENCY MEDICINE 急救医学,4 [19/54],,,,,,,,,,,三级
NEUROMOLECULAR MEDICINE,2025,1535-1084/1559-1174,否,否,否,SCIE,3.9,,医学,4 [2576/5603],否, NEUROSCIENCES 神经科学,4 [195/309],,,,,,,,,,,三级
International Journal of Forensic Mental Health,2025,1499-9013/1932-9903,否,否,否,SSCI,0.9,,医学,4 [2577/5603],否, CRIMINOLOGY & PENOLOGY 犯罪学与刑罚学,4 [64/111], PSYCHIATRY 精神病学,4 [146/277],,,,,,,,,三级
Obesity Research & Clinical Practice,2025,1871-403X/1878-0318,否,否,否,SCIE,2.3,,医学,4 [2578/5603],否, ENDOCRINOLOGY & METABOLISM 内分泌学与代谢,4 [115/184], NUTRITION & DIETETICS 营养学,4 [64/113],,,,,,,,,三级
Gynecology and Minimally Invasive Therapy-GMIT,2025,2213-3070/2213-3089,否,否,是,ESCI,1.7,,医学,4 [2579/5603],否, OBSTETRICS & GYNECOLOGY 妇产科学,4 [63/135],,,,,,,,,,,三级
Topics in Spinal Cord Injury Rehabilitation,2025,1082-0744/1945-5763,否,否,否,ESCI,1.2,,医学,4 [2580/5603],否, REHABILITATION 康复医学,4 [74/169],,,,,,,,,,,三级
INTERNATIONAL JOURNAL OF PEDIATRIC OTORHINOLARYNGOLOGY,2025,0165-5876/1872-8464,否,否,否,SCIE,1.3,,医学,4 [2581/5603],否, OTORHINOLARYNGOLOGY 耳鼻喉科学,4 [30/66], PEDIATRICS 儿科,4 [76/185],,,,,,,,,三级
JOURNAL OF MAMMARY GLAND BIOLOGY AND NEOPLASIA,2025,1083-3021/1573-7039,否,否,否,SCIE,3.6,,医学,4 [2582/5603],否, ENDOCRINOLOGY & METABOLISM 内分泌学与代谢,4 [116/184], ONCOLOGY 肿瘤学,4 [186/318], PHYSIOLOGY 生理学,4 [45/84],,,,,,,三级
European Annals of Allergy and Clinical Immunology,2025,1764-1489/1764-1489,否,否,否,ESCI,2.3,,医学,4 [2583/5603],否, ALLERGY 过敏,4 [21/39],,,,,,,,,,,三级
AMERICAN JOURNAL OF REPRODUCTIVE IMMUNOLOGY,2025,1046-7408/1600-0897,否,否,否,SCIE,2.4,,医学,4 [2584/5603],否, IMMUNOLOGY 免疫学,4 [110/179], REPRODUCTIVE BIOLOGY 生殖生物学,4 [23/39],,,,,,,,,三级
Current Transplantation Reports,2025,2196-3029/2196-3029,是,否,否,ESCI,1.6,,医学,4 [2585/5603],否, TRANSPLANTATION 移植,3 [14/31], SURGERY 外科,4 [133/292],,,,,,,,,三级
ARCHIVES OF PSYCHIATRIC NURSING,2025,0883-9417/1532-8228,否,否,否,SSCI;SCIE,2.2,,医学,4 [2586/5603],否, NURSING 护理,3 [64/191], PSYCHIATRY 精神病学,4 [148/277],,,,,,,,,三级
Bone Reports,2025,2352-1872/2352-1872,否,否,是,ESCI,2.6,,医学,4 [2587/5603],否, ENDOCRINOLOGY & METABOLISM 内分泌学与代谢,4 [117/184],,,,,,,,,,,三级
Journal of Immigrant and Minority Health,2025,1557-1912/1557-1920,否,否,否,SSCI,1.8,,医学,4 [2588/5603],否," PUBLIC, ENVIRONMENTAL & OCCUPATIONAL HEALTH 公共卫生、环境卫生与职业卫生",4 [201/404],,,,,,,,,,,三级
MEDICAL PRINCIPLES AND PRACTICE,2025,1011-7571/1423-0151,否,否,是,SCIE,2.2,,医学,4 [2589/5603],否," MEDICINE, GENERAL & INTERNAL 医学：内科",3 [77/327],,,,,,,,,,,三级
INTERNATIONAL ARCHIVES OF ALLERGY AND IMMUNOLOGY,2025,1018-2438/1423-0097,否,否,否,SCIE,1.8,,医学,4 [2590/5603],否, ALLERGY 过敏,4 [22/39], IMMUNOLOGY 免疫学,4 [111/179],,,,,,,,,三级
Imaging Science in Dentistry,2025,2233-7822/2233-7830,否,否,是,ESCI,2.1,,医学,4 [2591/5603],否," DENTISTRY, ORAL SURGERY & MEDICINE 牙科与口腔外科",4 [73/157],,,,,,,,,,,三级
JOURNAL OF CARDIOTHORACIC AND VASCULAR ANESTHESIA,2025,1053-0770/1532-8422,否,否,否,SCIE,2.1,,医学,4 [2592/5603],否, ANESTHESIOLOGY 麻醉学,4 [29/64], CARDIAC & CARDIOVASCULAR SYSTEMS 心脏和心血管系统,4 [114/223], PERIPHERAL VASCULAR DISEASE 外周血管病,4 [51/96], RESPIRATORY SYSTEM 呼吸系统,4 [53/101],,,,,三级
JOURNAL OF INTERVENTIONAL CARDIOLOGY,2025,0896-4327/1540-8183,否,否,是,SCIE,1.7,,医学,4 [2593/5603],否, CARDIAC & CARDIOVASCULAR SYSTEMS 心脏和心血管系统,4 [115/223],,,,,,,,,,,三级
PHARMACEUTICAL STATISTICS,2025,1539-1604/1539-1612,否,否,否,SCIE,1.4,,医学,4 [2594/5603],否, STATISTICS & PROBABILITY 统计学与概率论,3 [64/166], PHARMACOLOGY & PHARMACY 药学,4 [166/350],,,,,,,,,三级
Discover Oncology,2025,2730-6011/2730-6011,否,否,否,SCIE,2.9,,医学,4 [2595/5603],否, ENDOCRINOLOGY & METABOLISM 内分泌学与代谢,4 [118/184], ONCOLOGY 肿瘤学,4 [187/318],,,,,,,,,三级
ACTA PAEDIATRICA,2025,0803-5253/1651-2227,否,否,否,SCIE,2.1,,医学,4 [2596/5603],否, PEDIATRICS 儿科,4 [77/185],,,,,,,,,,,三级
Seminars in Orthodontics,2025,1073-8746/1558-4631,否,否,否,SCIE,2,,医学,4 [2597/5603],否," DENTISTRY, ORAL SURGERY & MEDICINE 牙科与口腔外科",4 [74/157],,,,,,,,,,,三级
AIDS Research and Therapy,2025,1742-6405/1742-6405,否,否,是,SCIE,2.5,,医学,4 [2598/5603],否, INFECTIOUS DISEASES 传染病学,4 [71/134],,,,,,,,,,,三级
JOURNAL OF BEHAVIORAL HEALTH SERVICES & RESEARCH,2025,1094-3412/1556-3308,否,否,否,SSCI;SCIE,1.4,,医学,4 [2599/5603],否, HEALTH CARE SCIENCES & SERVICES 卫生保健与服务,4 [95/173], HEALTH POLICY & SERVICES 卫生政策与服务,4 [74/118]," PUBLIC, ENVIRONMENTAL & OCCUPATIONAL HEALTH 公共卫生、环境卫生与职业卫生",4 [202/404],,,,,,,三级
DIGESTIVE SURGERY,2025,0253-4886/1421-9883,否,否,否,SCIE,1.2,,医学,4 [2600/5603],否, GASTROENTEROLOGY & HEPATOLOGY 胃肠肝病学,4 [77/143], SURGERY 外科,4 [134/292],,,,,,,,,三级
Clinics and Research in Hepatology and Gastroenterology,2025,2210-7401/2210-741X,否,否,否,SCIE,2.4,,医学,4 [2601/5603],否, GASTROENTEROLOGY & HEPATOLOGY 胃肠肝病学,4 [78/143],,,,,,,,,,,三级
Journal of Cancer Policy,2025,2213-5383/2213-5383,否,否,否,ESCI,2,,医学,4 [2602/5603],否, HEALTH POLICY & SERVICES 卫生政策与服务,4 [75/118],,,,,,,,,,,三级
PHLEBOLOGY,2025,0268-3555/1758-1125,否,否,否,SCIE,1.5,,医学,4 [2603/5603],否, PERIPHERAL VASCULAR DISEASE 外周血管病,4 [52/96],,,,,,,,,,,三级
Environmental Health Insights,2025,1178-6302/1178-6302,否,否,是,ESCI,2.9,,医学,4 [2604/5603],否," PUBLIC, ENVIRONMENTAL & OCCUPATIONAL HEALTH 公共卫生、环境卫生与职业卫生",4 [203/404],,,,,,,,,,,三级
American Journal of Audiology,2025,1059-0889/1558-9137,否,否,否,SCIE,1.8,,医学,4 [2605/5603],否, AUDIOLOGY & SPEECH-LANGUAGE PATHOLOGY 听力学与言语病理学,4 [18/35], OTORHINOLARYNGOLOGY 耳鼻喉科学,4 [31/66],,,,,,,,,三级
Journal of Breath Research,2025,1752-7155/1752-7163,否,否,否,SCIE,3.4,,医学,4 [2606/5603],否, BIOCHEMICAL RESEARCH METHODS 生化研究方法,3 [36/85], RESPIRATORY SYSTEM 呼吸系统,4 [54/101],,,,,,,,,三级
Journal of Cardiothoracic Surgery,2025,1749-8090/1749-8090,否,否,是,SCIE,1.5,,医学,4 [2607/5603],否, CARDIAC & CARDIOVASCULAR SYSTEMS 心脏和心血管系统,4 [116/223], SURGERY 外科,4 [135/292],,,,,,,,,三级
PSYCHIATRY RESEARCH-NEUROIMAGING,2025,0925-4927/1872-7506,否,否,否,SCIE,2.1,,医学,4 [2608/5603],否, CLINICAL NEUROLOGY 临床神经病学,4 [155/278], NEUROIMAGING 神经成像,4 [10/16], PSYCHIATRY 精神病学,4 [149/277],,,,,,,三级
Blood Research,2025,2287-979X/2288-0011,否,否,否,ESCI,2.8,,医学,4 [2609/5603],否, HEMATOLOGY 血液学,4 [50/96],,,,,,,,,,,三级
ANNALS OF VASCULAR SURGERY,2025,0890-5096/1615-5947,否,否,否,SCIE,1.6,,医学,4 [2610/5603],否, PERIPHERAL VASCULAR DISEASE 外周血管病,4 [53/96], SURGERY 外科,4 [136/292],,,,,,,,,三级
JOURNAL OF INVESTIGATIVE SURGERY,2025,0894-1939/1521-0553,否,否,是,SCIE,3.5,,医学,4 [2611/5603],否, SURGERY 外科,4 [137/292],,,,,,,,,,,三级
Acta Stomatologica Croatica,2025,0001-7019/1846-0410,否,否,是,ESCI,1.8,,医学,4 [2612/5603],否," DENTISTRY, ORAL SURGERY & MEDICINE 牙科与口腔外科",4 [75/157],,,,,,,,,,,三级
Simulation in Healthcare-Journal of the Society for Simulation in Healthcare,2025,1559-2332/1559-713X,否,否,否,SCIE,2.1,,医学,4 [2613/5603],否, HEALTH CARE SCIENCES & SERVICES 卫生保健与服务,4 [96/173],,,,,,,,,,,三级
International Journal of Paleopathology,2025,1879-9817/1879-9825,否,否,否,SCIE,1.5,,医学,4 [2614/5603],否, PALEONTOLOGY 古生物学,3 [23/57], PATHOLOGY 病理学,3 [36/88],,,,,,,,,三级
Journal of Hip Preservation Surgery,2025,2054-8397/2054-8397,否,否,是,SCIE,1.1,,医学,4 [2615/5603],否, ORTHOPEDICS 骨科,4 [67/136],,,,,,,,,,,三级
SURGERY TODAY,2025,0941-1291/1436-2813,否,否,否,SCIE,1.6,,医学,4 [2616/5603],否, SURGERY 外科,4 [138/292],,,,,,,,,,,三级
HONG KONG MEDICAL JOURNAL,2025,1024-2708/1024-2708,否,否,是,SCIE,2.6,,医学,4 [2617/5603],否," MEDICINE, GENERAL & INTERNAL 医学：内科",3 [78/327],,,,,,,,,,,三级
Tuberculosis,2025,1472-9792/1873-281X,否,否,否,SCIE,2.9,,医学,4 [2618/5603],否, IMMUNOLOGY 免疫学,4 [112/179], MICROBIOLOGY 微生物学,4 [84/159], RESPIRATORY SYSTEM 呼吸系统,4 [55/101],,,,,,,三级
Expert Review of Cardiovascular Therapy,2025,1477-9072/1744-8344,是,否,否,ESCI,2.1,,医学,4 [2619/5603],否, CARDIAC & CARDIOVASCULAR SYSTEMS 心脏和心血管系统,4 [117/223],,,,,,,,,,,三级
Nanotoxicology,2025,1743-5390/1743-5404,否,否,否,SCIE,3.4,,医学,4 [2620/5603],否, TOXICOLOGY 毒理学,3 [50/106], NANOSCIENCE & NANOTECHNOLOGY 纳米科技,4 [70/139],,,,,,,,,三级
OCULAR IMMUNOLOGY AND INFLAMMATION,2025,0927-3948/1744-5078,否,否,否,SCIE,2,,医学,4 [2621/5603],否, OPHTHALMOLOGY 眼科学,3 [41/95],,,,,,,,,,,三级
Journal of Biopharmaceutical Statistics,2025,1054-3406/1520-5711,否,否,否,SCIE,1.2,,医学,4 [2622/5603],否, STATISTICS & PROBABILITY 统计学与概率论,3 [65/166], PHARMACOLOGY & PHARMACY 药学,4 [167/350],,,,,,,,,三级
VOX SANGUINIS,2025,0042-9007/1423-0410,否,否,否,SCIE,1.6,,医学,4 [2623/5603],否, HEMATOLOGY 血液学,4 [51/96],,,,,,,,,,,三级
Pulmonary Circulation,2025,2045-8932/2045-8940,否,否,是,SCIE,2.5,,医学,4 [2624/5603],否, CARDIAC & CARDIOVASCULAR SYSTEMS 心脏和心血管系统,4 [118/223], RESPIRATORY SYSTEM 呼吸系统,4 [56/101],,,,,,,,,三级
INTERNATIONAL JOURNAL OF DERMATOLOGY,2025,0011-9059/1365-4632,否,否,否,SCIE,3.2,,医学,4 [2625/5603],否, DERMATOLOGY 皮肤病学,4 [39/94],,,,,,,,,,,三级
Diabetes & Vascular Disease Research,2025,1479-1641/1752-8984,否,否,否,SCIE,3,,医学,4 [2626/5603],否, ENDOCRINOLOGY & METABOLISM 内分泌学与代谢,4 [119/184], PERIPHERAL VASCULAR DISEASE 外周血管病,4 [54/96],,,,,,,,,三级
INTERNATIONAL UROLOGY AND NEPHROLOGY,2025,0301-1623/1573-2584,否,否,否,SCIE,1.9,,医学,4 [2627/5603],否, UROLOGY & NEPHROLOGY 泌尿学与肾脏学,4 [69/126],,,,,,,,,,,三级
JOURNAL OF NEUROSCIENCE METHODS,2025,0165-0270/1872-678X,否,否,否,SCIE,2.3,,医学,4 [2628/5603],否, BIOCHEMICAL RESEARCH METHODS 生化研究方法,3 [37/85], NEUROSCIENCES 神经科学,4 [197/309],,,,,,,,,三级
Journal of Agromedicine,2025,1059-924X/1545-0813,否,否,否,SCIE,1.7,,医学,4 [2629/5603],否," PUBLIC, ENVIRONMENTAL & OCCUPATIONAL HEALTH 公共卫生、环境卫生与职业卫生",4 [204/404],,,,,,,,,,,三级
ClinicoEconomics and Outcomes Research,2025,1178-6981/1178-6981,否,否,是,ESCI,2.2,,医学,4 [2630/5603],否, HEALTH CARE SCIENCES & SERVICES 卫生保健与服务,4 [97/173],,,,,,,,,,,三级
JOURNAL OF HUMAN NUTRITION AND DIETETICS,2025,0952-3871/1365-277X,否,否,否,SCIE,2.5,,医学,4 [2631/5603],否, NUTRITION & DIETETICS 营养学,4 [65/113],,,,,,,,,,,三级
Infection and Chemotherapy,2025,2093-2340/2092-6448,否,否,是,ESCI,2.9,,医学,4 [2632/5603],否, INFECTIOUS DISEASES 传染病学,4 [72/134],,,,,,,,,,,三级
Environmental Epidemiology,2025,2474-7882/2474-7882,否,否,是,ESCI,3.8,,医学,4 [2633/5603],否, ENVIRONMENTAL SCIENCES 环境科学,3 [174/357]," PUBLIC, ENVIRONMENTAL & OCCUPATIONAL HEALTH 公共卫生、环境卫生与职业卫生",4 [205/404],,,,,,,,,三级
Journal of Medical Humanities,2025,1041-3545/1573-3645,否,否,否,ESCI,0.9,,医学,4 [2634/5603],否," HUMANITIES, MULTIDISCIPLINARY 人文科学",3 [70/406],,,,,,,,,,,三级
CANCER CHEMOTHERAPY AND PHARMACOLOGY,2025,0344-5704/1432-0843,否,否,否,SCIE,2.3,,医学,4 [2635/5603],否, ONCOLOGY 肿瘤学,4 [188/318], PHARMACOLOGY & PHARMACY 药学,4 [168/350],,,,,,,,,三级
Epidemiology and Health,2025,2092-7193/2092-7193,否,否,是,SCIE,2.2,,医学,4 [2636/5603],否," PUBLIC, ENVIRONMENTAL & OCCUPATIONAL HEALTH 公共卫生、环境卫生与职业卫生",4 [206/404],,,,,,,,,,,三级
MEDICAL & BIOLOGICAL ENGINEERING & COMPUTING,2025,0140-0118/1741-0444,否,否,否,SCIE,2.6,,医学,4 [2637/5603],否, MATHEMATICAL & COMPUTATIONAL BIOLOGY 数学与计算生物学,3 [24/66]," COMPUTER SCIENCE, INTERDISCIPLINARY APPLICATIONS 计算机：跨学科应用",4 [92/172]," ENGINEERING, BIOMEDICAL 工程：生物医学",4 [70/120], MEDICAL INFORMATICS 医学：信息,4 [35/44],,,,,三级
SPINAL CORD,2025,1362-4393/1476-5624,否,否,否,SCIE,2.2,,医学,4 [2638/5603],否, CLINICAL NEUROLOGY 临床神经病学,4 [156/278], REHABILITATION 康复医学,4 [75/169],,,,,,,,,三级
Advances in Medical Sciences,2025,1896-1126/1898-4002,否,否,否,SCIE,2.6,,医学,4 [2639/5603],否," MEDICINE, RESEARCH & EXPERIMENTAL 医学：研究与实验",4 [95/188],,,,,,,,,,,三级
Strategies in Trauma and Limb Reconstruction,2025,1828-8928/1828-8928,否,否,是,ESCI,1.3,,医学,4 [2640/5603],否, ORTHOPEDICS 骨科,4 [68/136],,,,,,,,,,,三级
ANDROLOGIA,2025,0303-4569/1439-0272,否,否,否,SCIE,2,,医学,4 [2641/5603],否, ANDROLOGY 男科学,4 [5/8],,,,,,,,,,,三级
Purinergic Signalling,2025,1573-9538/1573-9546,否,否,否,SCIE,2.4,,医学,4 [2642/5603],否, NEUROSCIENCES 神经科学,4 [198/309],,,,,,,,,,,三级
ARCHIVES OF ORAL BIOLOGY,2025,0003-9969/1879-1506,否,否,否,SCIE,2.1,,医学,4 [2643/5603],否," DENTISTRY, ORAL SURGERY & MEDICINE 牙科与口腔外科",4 [76/157],,,,,,,,,,,三级
JOURNAL OF PUBLIC HEALTH,2025,1741-3842/1741-3850,否,否,否,SSCI;SCIE,3.1,,医学,4 [2644/5603],否," PUBLIC, ENVIRONMENTAL & OCCUPATIONAL HEALTH 公共卫生、环境卫生与职业卫生",4 [207/404],,,,,,,,,,,三级
Multiple Sclerosis Journal-Experimental Translational and Clinical,2025,2055-2173/2055-2173,否,否,是,ESCI,2.3,,医学,4 [2645/5603],否, CLINICAL NEUROLOGY 临床神经病学,4 [157/278],,,,,,,,,,,三级
NURSING CLINICS OF NORTH AMERICA,2025,0029-6465/1558-1357,否,否,否,SSCI;SCIE,1.7,,医学,4 [2646/5603],否, NURSING 护理,3 [65/191],,,,,,,,,,,三级
Neuropeptides,2025,0143-4179/1532-2785,否,否,否,SCIE,2.7,,医学,4 [2647/5603],否, ENDOCRINOLOGY & METABOLISM 内分泌学与代谢,4 [120/184], NEUROSCIENCES 神经科学,4 [199/309],,,,,,,,,三级
Brain and Spine,2025,2772-5294/2772-5294,否,否,否,ESCI,2.5,,医学,4 [2648/5603],否, CLINICAL NEUROLOGY 临床神经病学,4 [158/278],,,,,,,,,,,三级
SUBSTANCE USE & MISUSE,2025,1082-6084/1532-2491,否,否,否,SSCI;SCIE,1.7,,医学,4 [2649/5603],否, PSYCHIATRY 精神病学,4 [151/277], PSYCHOLOGY 心理学,4 [50/92], SUBSTANCE ABUSE 药物滥用,4 [33/56],,,,,,,三级
PARASITOLOGY INTERNATIONAL,2025,1383-5769/1873-0329,否,否,否,SCIE,1.9,,医学,4 [2650/5603],否, PARASITOLOGY 寄生虫学,4 [26/45],,,,,,,,,,,三级
LUTS-Lower Urinary Tract Symptoms,2025,1757-5664/1757-5672,否,否,否,SCIE,1.5,,医学,4 [2651/5603],否, UROLOGY & NEPHROLOGY 泌尿学与肾脏学,4 [70/126],,,,,,,,,,,三级
Cancer Control,2025,1073-2748/1526-2359,否,否,是,SCIE,2.6,,医学,4 [2652/5603],否, ONCOLOGY 肿瘤学,4 [189/318],,,,,,,,,,,三级
Antibodies,2025,2073-4468/2073-4468,否,否,是,ESCI,2.7,,医学,4 [2653/5603],否, IMMUNOLOGY 免疫学,4 [113/179],,,,,,,,,,,三级
JOURNAL OF MOLECULAR NEUROSCIENCE,2025,0895-8696/1559-1166,否,否,否,SCIE,2.7,,医学,4 [2654/5603],否, BIOCHEMISTRY & MOLECULAR BIOLOGY 生化与分子生物学,4 [182/310], NEUROSCIENCES 神经科学,4 [200/309],,,,,,,,,三级
JOURNAL OF CHEMICAL NEUROANATOMY,2025,0891-0618/1873-6300,否,否,否,SCIE,2.1,,医学,4 [2655/5603],否, BIOCHEMISTRY & MOLECULAR BIOLOGY 生化与分子生物学,4 [184/310], NEUROSCIENCES 神经科学,4 [201/309],,,,,,,,,三级
BLOOD CELLS MOLECULES AND DISEASES,2025,1079-9796/1096-0961,否,否,否,SCIE,1.7,,医学,4 [2656/5603],否, HEMATOLOGY 血液学,4 [52/96],,,,,,,,,,,三级
Audiology and Neurotology,2025,1420-3030/1421-9700,否,否,否,SCIE,1.3,,医学,4 [2657/5603],否, AUDIOLOGY & SPEECH-LANGUAGE PATHOLOGY 听力学与言语病理学,4 [19/35], NEUROSCIENCES 神经科学,4 [202/309], OTORHINOLARYNGOLOGY 耳鼻喉科学,4 [32/66],,,,,,,三级
Osteoporosis and Sarcopenia,2025,2405-5255/2405-5263,否,否,是,ESCI,2.8,,医学,4 [2658/5603],否, ENDOCRINOLOGY & METABOLISM 内分泌学与代谢,4 [121/184], ORTHOPEDICS 骨科,4 [69/136],,,,,,,,,三级
Cardiology in Review,2025,1061-5377/1538-4683,是,否,否,SCIE,2.3,,医学,4 [2659/5603],否, CARDIAC & CARDIOVASCULAR SYSTEMS 心脏和心血管系统,4 [119/223],,,,,,,,,,,三级
ADVANCES IN NURSING SCIENCE,2025,0161-9268/1550-5014,否,否,否,SSCI;SCIE,2.2,,医学,4 [2660/5603],否, NURSING 护理,3 [66/191],,,,,,,,,,,三级
Indian Journal of Gastroenterology,2025,0254-8860/0975-0711,否,否,否,ESCI,2.1,,医学,4 [2661/5603],否, GASTROENTEROLOGY & HEPATOLOGY 胃肠肝病学,4 [79/143],,,,,,,,,,,三级
Cerebrovascular Diseases Extra,2025,1664-5456/1664-5456,否,否,是,ESCI,2.1,,医学,4 [2662/5603],否, PERIPHERAL VASCULAR DISEASE 外周血管病,4 [55/96],,,,,,,,,,,三级
Public Health Research & Practice,2025,2204-2091/2204-2091,否,否,是,ESCI,3.4,,医学,4 [2663/5603],否," PUBLIC, ENVIRONMENTAL & OCCUPATIONAL HEALTH 公共卫生、环境卫生与职业卫生",4 [208/404],,,,,,,,,,,三级
Journal of Obsessive-Compulsive and Related Disorders,2025,2211-3649/2211-3657,否,否,否,SSCI;SCIE,1.5,,医学,4 [2664/5603],否, PSYCHIATRY 精神病学,4 [152/277],,,,,,,,,,,三级
FAMILY MEDICINE,2025,0742-3225/1938-3800,否,否,否,SCIE,1.7,,医学,4 [2665/5603],否," MEDICINE, GENERAL & INTERNAL 医学：内科",3 [79/327], PRIMARY HEALTH CARE 初级卫生保健,4 [13/28],,,,,,,,,三级
BASIC & CLINICAL PHARMACOLOGY & TOXICOLOGY,2025,1742-7835/1742-7843,否,否,否,SCIE,3.3,,医学,4 [2666/5603],否, TOXICOLOGY 毒理学,3 [52/106], PHARMACOLOGY & PHARMACY 药学,4 [169/350],,,,,,,,,三级
Magnetic Resonance in Medical Sciences,2025,1347-3182/1880-2206,否,否,是,SCIE,3.2,,医学,4 [2667/5603],否," RADIOLOGY, NUCLEAR MEDICINE & MEDICAL IMAGING 核医学",4 [95/206],,,,,,,,,,,三级
Pulmonary Therapy,2025,2364-1754/2364-1746,否,否,是,ESCI,3,,医学,4 [2668/5603],否, RESPIRATORY SYSTEM 呼吸系统,4 [57/101],,,,,,,,,,,三级
Radiation Oncology Journal,2025,2234-3156/2234-3156,否,否,否,ESCI,2.2,,医学,4 [2669/5603],否, ONCOLOGY 肿瘤学,4 [190/318],,,,,,,,,,,三级
Pleura and Peritoneum,2025,2364-7671/2364-768X,否,否,是,ESCI,2.4,,医学,4 [2670/5603],否, ONCOLOGY 肿瘤学,4 [191/318], SURGERY 外科,4 [139/292],,,,,,,,,三级
Journal of Integrative and Complementary Medicine,2025,2768-3605/2768-3613,否,否,否,SCIE,1.7,,医学,4 [2671/5603],否, INTEGRATIVE & COMPLEMENTARY MEDICINE 全科医学与补充医学,4 [16/43],,,,,,,,,,,三级
JOURNAL OF VOICE,2025,0892-1997/1873-4588,否,否,否,SCIE,2.4,,医学,4 [2672/5603],否, AUDIOLOGY & SPEECH-LANGUAGE PATHOLOGY 听力学与言语病理学,4 [20/35], OTORHINOLARYNGOLOGY 耳鼻喉科学,4 [33/66],,,,,,,,,三级
FOOD AND CHEMICAL TOXICOLOGY,2025,0278-6915/1873-6351,否,否,否,SCIE,3.5,,医学,4 [2673/5603],否, FOOD SCIENCE & TECHNOLOGY 食品科技,3 [76/173], TOXICOLOGY 毒理学,3 [53/106],,,,,,,,,三级
NEUROTOXICOLOGY AND TERATOLOGY,2025,0892-0362/1872-9738,否,否,否,SCIE,2.8,,医学,4 [2674/5603],否, TOXICOLOGY 毒理学,3 [54/106], NEUROSCIENCES 神经科学,4 [203/309],,,,,,,,,三级
EJVES Vascular Forum,2025,2666-688X/2666-688X,否,否,是,ESCI,1.8,,医学,4 [2675/5603],否, PERIPHERAL VASCULAR DISEASE 外周血管病,4 [56/96], SURGERY 外科,4 [140/292],,,,,,,,,三级
CORNEA,2025,0277-3740/1536-4798,否,否,否,SCIE,2.1,,医学,4 [2676/5603],否, OPHTHALMOLOGY 眼科学,4 [42/95],,,,,,,,,,,三级
Pilot and Feasibility Studies,2025,2055-5784/2055-5784,否,否,是,ESCI,1.6,,医学,4 [2677/5603],否," MEDICINE, RESEARCH & EXPERIMENTAL 医学：研究与实验",4 [96/188],,,,,,,,,,,三级
Integrated Blood Pressure Control,2025,1178-7104/1178-7104,否,否,是,ESCI,2.7,,医学,4 [2678/5603],否, PERIPHERAL VASCULAR DISEASE 外周血管病,4 [57/96],,,,,,,,,,,三级
CEREBROVASCULAR DISEASES,2025,1015-9770/1421-9786,否,否,否,SCIE,1.5,,医学,4 [2679/5603],否, CLINICAL NEUROLOGY 临床神经病学,4 [159/278], PERIPHERAL VASCULAR DISEASE 外周血管病,4 [58/96],,,,,,,,,三级
INTERNATIONAL JOURNAL FOR QUALITY IN HEALTH CARE,2025,1353-4505/1464-3677,否,否,否,SSCI;SCIE,2.2,,医学,4 [2680/5603],否, HEALTH CARE SCIENCES & SERVICES 卫生保健与服务,4 [98/173], HEALTH POLICY & SERVICES 卫生政策与服务,4 [77/118],,,,,,,,,三级
INTERNATIONAL JOURNAL OF IMMUNOPATHOLOGY AND PHARMACOLOGY,2025,0394-6320/2058-7384,否,否,是,SCIE,2.6,,医学,4 [2681/5603],否, PATHOLOGY 病理学,3 [37/88], IMMUNOLOGY 免疫学,4 [114/179], PHARMACOLOGY & PHARMACY 药学,4 [170/350],,,,,,,三级
Journal of Ultrasound,2025,1971-3495/1876-7931,否,否,否,ESCI,1.4,,医学,4 [2682/5603],否," RADIOLOGY, NUCLEAR MEDICINE & MEDICAL IMAGING 核医学",4 [96/206],,,,,,,,,,,三级
Pulse,2025,2235-8676/2235-8668,否,否,是,ESCI,7.3,,医学,4 [2683/5603],否, PERIPHERAL VASCULAR DISEASE 外周血管病,4 [59/96],,,,,,,,,,,三级
JOURNAL OF INVASIVE CARDIOLOGY,2025,1042-3931/1557-2501,否,否,否,SCIE,1.4,,医学,4 [2684/5603],否, CARDIAC & CARDIOVASCULAR SYSTEMS 心脏和心血管系统,4 [120/223],,,,,,,,,,,三级
JOURNAL OF DEVELOPMENTAL AND PHYSICAL DISABILITIES,2025,1056-263X/1573-3580,否,否,否,SSCI,1.5,,医学,4 [2685/5603],否," EDUCATION, SPECIAL 特殊教育学",4 [33/62]," PSYCHOLOGY, DEVELOPMENTAL 心理学：发育",4 [69/91], REHABILITATION 康复医学,4 [76/169],,,,,,,三级
RESEARCH ON AGING,2025,0164-0275/1552-7573,否,否,否,SSCI,1.8,,医学,4 [2686/5603],否, GERONTOLOGY 老年医学（社科）,4 [25/48],,,,,,,,,,,三级
CURRENT PROBLEMS IN CANCER,2025,0147-0272/1535-6345,否,否,否,SCIE,2.3,,医学,4 [2687/5603],否, ONCOLOGY 肿瘤学,4 [192/318],,,,,,,,,,,三级
Health Information and Libraries Journal,2025,1471-1834/1471-1842,否,否,否,SSCI,1.4,,医学,4 [2688/5603],否, INFORMATION SCIENCE & LIBRARY SCIENCE 图书情报与档案管理,4 [71/160],,,,,,,,,,,三级
ALCOHOL AND ALCOHOLISM,2025,0735-0414/1464-3502,否,否,否,SSCI;SCIE,2.2,,医学,4 [2689/5603],否, SUBSTANCE ABUSE 药物滥用,4 [34/56],,,,,,,,,,,三级
CLINICAL AND APPLIED THROMBOSIS-HEMOSTASIS,2025,1076-0296/1938-2723,否,否,是,SCIE,2,,医学,4 [2690/5603],否, HEMATOLOGY 血液学,4 [53/96], PERIPHERAL VASCULAR DISEASE 外周血管病,4 [60/96],,,,,,,,,三级
Computational Toxicology,2025,2468-1113/2468-1113,否,否,否,ESCI,2.9,,医学,4 [2691/5603],否, TOXICOLOGY 毒理学,3 [55/106],,,,,,,,,,,三级
Emergency Radiology,2025,1070-3004/1438-1435,否,否,否,ESCI,1.3,,医学,4 [2692/5603],否," RADIOLOGY, NUCLEAR MEDICINE & MEDICAL IMAGING 核医学",4 [97/206],,,,,,,,,,,三级
Cleft Palate Craniofacial Journal,2025,1055-6656/1545-1569,否,否,否,SCIE,1.3,,医学,4 [2693/5603],否," DENTISTRY, ORAL SURGERY & MEDICINE 牙科与口腔外科",4 [77/157], SURGERY 外科,4 [141/292],,,,,,,,,三级
NMR IN BIOMEDICINE,2025,0952-3480/1099-1492,否,否,否,SCIE,2.7,,医学,4 [2694/5603],否, SPECTROSCOPY 光谱学,2 [14/43], BIOPHYSICS 生物物理,3 [32/76]," RADIOLOGY, NUCLEAR MEDICINE & MEDICAL IMAGING 核医学",4 [98/206],,,,,,,三级
Journal of Blood Medicine,2025,1179-2736/1179-2736,否,否,是,ESCI,2.7,,医学,4 [2695/5603],否, HEMATOLOGY 血液学,4 [54/96],,,,,,,,,,,三级
Journal of Clinical and Translational Science,2025,2059-8661/2059-8661,否,否,是,ESCI,2,,医学,4 [2696/5603],否," MEDICINE, RESEARCH & EXPERIMENTAL 医学：研究与实验",4 [97/188],,,,,,,,,,,三级
JOURNAL OF RADIATION RESEARCH,2025,0449-3060/1349-9157,否,否,是,SCIE,2,,医学,4 [2697/5603],否, BIOLOGY 生物学,3 [44/109], ONCOLOGY 肿瘤学,4 [193/318]," RADIOLOGY, NUCLEAR MEDICINE & MEDICAL IMAGING 核医学",4 [99/206],,,,,,,三级
REVIEWS ON ENVIRONMENTAL HEALTH,2025,0048-7554/2191-0308,是,否,否,SCIE,4.5,,医学,4 [2698/5603],否, ENVIRONMENTAL SCIENCES 环境科学,4 [181/357]," PUBLIC, ENVIRONMENTAL & OCCUPATIONAL HEALTH 公共卫生、环境卫生与职业卫生",4 [209/404],,,,,,,,,三级
ANNALS OF PLASTIC SURGERY,2025,0148-7043/1536-3708,否,否,否,SCIE,1.6,,医学,4 [2699/5603],否, SURGERY 外科,4 [142/292],,,,,,,,,,,三级
MAGNETIC RESONANCE IMAGING,2025,0730-725X/1873-5894,否,否,否,SCIE,2,,医学,4 [2700/5603],否," RADIOLOGY, NUCLEAR MEDICINE & MEDICAL IMAGING 核医学",4 [100/206],,,,,,,,,,,三级
German Journal of Exercise and Sport Research,2025,2509-3142/2509-3150,否,否,否,ESCI,1.9,,医学,4 [2701/5603],否, SPORT SCIENCES 运动科学,4 [68/126],,,,,,,,,,,三级
Journal of Tropical Medicine,2025,1687-9686/1687-9694,否,否,是,SCIE,2.5,,医学,4 [2702/5603],否, TROPICAL MEDICINE 热带医学,3 [12/28]," PUBLIC, ENVIRONMENTAL & OCCUPATIONAL HEALTH 公共卫生、环境卫生与职业卫生",4 [210/404],,,,,,,,,三级
JOURNAL OF BONE AND MINERAL METABOLISM,2025,0914-8779/1435-5604,否,否,否,SCIE,2.2,,医学,4 [2703/5603],否, ENDOCRINOLOGY & METABOLISM 内分泌学与代谢,4 [122/184]," MEDICINE, RESEARCH & EXPERIMENTAL 医学：研究与实验",4 [98/188],,,,,,,,,三级
INTERNATIONAL REVIEWS OF IMMUNOLOGY,2025,0883-0185/1563-5244,是,否,否,SCIE,2.9,,医学,4 [2704/5603],否, IMMUNOLOGY 免疫学,4 [115/179],,,,,,,,,,,三级
MEDICAL ONCOLOGY,2025,1357-0560/1559-131X,否,否,否,SCIE,3.5,,医学,4 [2705/5603],否, ONCOLOGY 肿瘤学,4 [194/318],,,,,,,,,,,三级
CRANIO-The Journal of Craniomandibular & Sleep Practice,2025,0886-9634/2151-0903,否,否,否,SCIE,1.9,,医学,4 [2706/5603],否," DENTISTRY, ORAL SURGERY & MEDICINE 牙科与口腔外科",4 [78/157],,,,,,,,,,,三级
PEDIATRIC CLINICS OF NORTH AMERICA,2025,0031-3955/1557-8240,否,否,否,SCIE,1.9,,医学,4 [2707/5603],否, PEDIATRICS 儿科,4 [78/185],,,,,,,,,,,三级
CURRENT MEDICAL RESEARCH AND OPINION,2025,0300-7995/1473-4877,否,否,否,SCIE,2.2,,医学,4 [2708/5603],否," MEDICINE, GENERAL & INTERNAL 医学：内科",3 [80/327]," MEDICINE, RESEARCH & EXPERIMENTAL 医学：研究与实验",4 [99/188],,,,,,,,,三级
JTO Clinical and Research Reports,2025,2666-3643/2666-3643,否,否,是,ESCI,3.5,,医学,4 [2709/5603],否, ONCOLOGY 肿瘤学,4 [195/318], RESPIRATORY SYSTEM 呼吸系统,4 [58/101],,,,,,,,,三级
Clinical and Experimental Dental Research,2025,2057-4347/2057-4347,否,否,是,ESCI,2.2,,医学,4 [2710/5603],否," DENTISTRY, ORAL SURGERY & MEDICINE 牙科与口腔外科",4 [79/157],,,,,,,,,,,三级
Journal of Clinical Pediatric Dentistry,2025,1053-4628/1557-5268,否,否,否,SCIE,2.2,,医学,4 [2711/5603],否," DENTISTRY, ORAL SURGERY & MEDICINE 牙科与口腔外科",4 [80/157], PEDIATRICS 儿科,4 [79/185],,,,,,,,,三级
Psychology Health & Medicine,2025,1354-8506/1465-3966,否,否,否,SSCI;SCIE,1.9,,医学,4 [2712/5603],否," PUBLIC, ENVIRONMENTAL & OCCUPATIONAL HEALTH 公共卫生、环境卫生与职业卫生",4 [211/404],,,,,,,,,,,三级
OPHTHALMIC EPIDEMIOLOGY,2025,0928-6586/1744-5086,否,否,否,SCIE,1.2,,医学,4 [2713/5603],否, OPHTHALMOLOGY 眼科学,4 [43/95],,,,,,,,,,,三级
International Journal of Older People Nursing,2025,1748-3735/1748-3743,否,否,否,SSCI;SCIE,2,,医学,4 [2714/5603],否, NURSING 护理,3 [67/191], GERIATRICS & GERONTOLOGY 老年医学,4 [45/72], GERONTOLOGY 老年医学（社科）,4 [26/48],,,,,,,三级
EXPERIMENTAL HEMATOLOGY,2025,0301-472X/1873-2399,否,否,否,SCIE,2.1,,医学,4 [2715/5603],否, HEMATOLOGY 血液学,4 [55/96]," MEDICINE, RESEARCH & EXPERIMENTAL 医学：研究与实验",4 [100/188],,,,,,,,,三级
International Journal of Spine Surgery,2025,2211-4599/2211-4599,否,否,否,ESCI,1.7,,医学,4 [2716/5603],否, SURGERY 外科,4 [143/292],,,,,,,,,,,三级
Innovative Surgical Sciences,2025,2364-7485/2364-7485,否,否,是,ESCI,1.2,,医学,4 [2717/5603],否, SURGERY 外科,4 [144/292],,,,,,,,,,,三级
Open Access Emergency Medicine,2025,1179-1500/1179-1500,否,否,是,ESCI,1.5,,医学,4 [2718/5603],否, EMERGENCY MEDICINE 急救医学,4 [20/54],,,,,,,,,,,三级
DENTAL MATERIALS JOURNAL,2025,0287-4547/0287-4547,否,否,否,SCIE,1.9,,医学,4 [2719/5603],否," DENTISTRY, ORAL SURGERY & MEDICINE 牙科与口腔外科",4 [81/157]," MATERIALS SCIENCE, BIOMATERIALS 材料科学：生物材料",4 [33/52],,,,,,,,,三级
Cognitive Neurodynamics,2025,1871-4080/1871-4099,否,否,否,SCIE,3.9,,医学,4 [2720/5603],否, NEUROSCIENCES 神经科学,4 [204/309],,,,,,,,,,,三级
TOXICOLOGY MECHANISMS AND METHODS,2025,1537-6516/1537-6524,否,否,否,SCIE,2.7,,医学,4 [2721/5603],否, TOXICOLOGY 毒理学,3 [57/106],,,,,,,,,,,三级
TOXICOLOGY IN VITRO,2025,0887-2333/1879-3177,否,否,否,SCIE,2.7,,医学,4 [2722/5603],否, TOXICOLOGY 毒理学,4 [58/106],,,,,,,,,,,三级
Journal of Health Care Chaplaincy,2025,0885-4726/1528-6916,否,否,否,ESCI,1.8,,医学,4 [2723/5603],否, HEALTH POLICY & SERVICES 卫生政策与服务,4 [78/118],,,,,,,,,,,三级
VIRUS RESEARCH,2025,0168-1702/1872-7492,否,否,否,SCIE,2.7,,医学,4 [2724/5603],否, VIROLOGY 病毒学,4 [23/41],,,,,,,,,,,三级
Journal of Neurologic Physical Therapy,2025,1557-0576/1557-0584,否,否,否,SCIE,4.2,,医学,4 [2725/5603],否, CLINICAL NEUROLOGY 临床神经病学,4 [161/278], REHABILITATION 康复医学,4 [77/169],,,,,,,,,三级
POSTGRADUATE MEDICINE,2025,0032-5481/1941-9260,否,否,否,SCIE,2.8,,医学,4 [2726/5603],否," MEDICINE, GENERAL & INTERNAL 医学：内科",3 [81/327],,,,,,,,,,,三级
EXPERIMENTAL AND MOLECULAR PATHOLOGY,2025,0014-4800/1096-0945,否,否,否,SCIE,3.7,,医学,4 [2727/5603],否, PATHOLOGY 病理学,3 [38/88],,,,,,,,,,,三级
PATHOLOGY INTERNATIONAL,2025,1320-5463/1440-1827,否,否,否,SCIE,3.4,,医学,4 [2728/5603],否, PATHOLOGY 病理学,3 [39/88],,,,,,,,,,,三级
Hepatic Medicine-Evidence and Research,2025,1179-1535/1179-1535,否,否,是,ESCI,1.8,,医学,4 [2729/5603],否, GASTROENTEROLOGY & HEPATOLOGY 胃肠肝病学,4 [80/143],,,,,,,,,,,三级
Canadian Respiratory Journal,2025,1198-2241/1916-7245,否,否,是,SCIE,2.1,,医学,4 [2730/5603],否, RESPIRATORY SYSTEM 呼吸系统,4 [59/101],,,,,,,,,,,三级
Emergency Medicine Australasia,2025,1742-6731/1742-6723,否,否,否,SCIE,1.4,,医学,4 [2731/5603],否, EMERGENCY MEDICINE 急救医学,4 [21/54],,,,,,,,,,,三级
HIPPOCAMPUS,2025,1050-9631/1098-1063,否,否,否,SCIE,2.7,,医学,4 [2732/5603],否, NEUROSCIENCES 神经科学,4 [205/309],,,,,,,,,,,三级
Pharmacy Practice-Granada,2025,1885-642X/1886-3655,否,否,是,ESCI,1,,医学,4 [2733/5603],否, PHARMACOLOGY & PHARMACY 药学,4 [171/350],,,,,,,,,,,三级
ANNALS OF NUTRITION AND METABOLISM,2025,0250-6807/1421-9697,否,否,否,SCIE,2.9,,医学,4 [2734/5603],否, ENDOCRINOLOGY & METABOLISM 内分泌学与代谢,4 [123/184], NUTRITION & DIETETICS 营养学,4 [66/113],,,,,,,,,三级
BJA Education,2025,2058-5349/2058-5357,否,否,否,ESCI,2.6,,医学,4 [2735/5603],否, ANESTHESIOLOGY 麻醉学,4 [30/64],,,,,,,,,,,三级
MUTAGENESIS,2025,0267-8357/1464-3804,否,否,否,SCIE,4.3,,医学,4 [2736/5603],否, GENETICS & HEREDITY 遗传学,4 [100/190], TOXICOLOGY 毒理学,4 [59/106],,,,,,,,,三级
NUTRITION IN CLINICAL PRACTICE,2025,0884-5336/1941-2452,否,否,否,SCIE,2.2,,医学,4 [2737/5603],否, NUTRITION & DIETETICS 营养学,4 [67/113],,,,,,,,,,,三级
IMMUNOLOGY LETTERS,2025,0165-2478/1879-0542,否,否,否,SCIE,2.8,,医学,4 [2738/5603],否, IMMUNOLOGY 免疫学,4 [117/179],,,,,,,,,,,三级
Physiological Reports,2025,2051-817X/2051-817X,否,否,是,ESCI,1.9,,医学,4 [2739/5603],否, PHYSIOLOGY 生理学,4 [49/84],,,,,,,,,,,三级
JOURNAL OF ORTHOPAEDIC SCIENCE,2025,0949-2658/1436-2023,否,否,否,SCIE,1.4,,医学,4 [2740/5603],否, ORTHOPEDICS 骨科,4 [70/136],,,,,,,,,,,三级
Shoulder & Elbow,2025,1758-5732/1758-5740,否,否,否,ESCI,1.1,,医学,4 [2741/5603],否, ORTHOPEDICS 骨科,4 [71/136],,,,,,,,,,,三级
CLINICAL BIOMECHANICS,2025,0268-0033/1879-1271,否,否,否,SCIE,1.4,,医学,4 [2742/5603],否," ENGINEERING, BIOMEDICAL 工程：生物医学",4 [71/120], ORTHOPEDICS 骨科,4 [72/136], SPORT SCIENCES 运动科学,4 [69/126],,,,,,,三级
Pharmacy,2025,2226-4787/2226-4787,否,否,是,ESCI,1.8,,医学,4 [2743/5603],否, PHARMACOLOGY & PHARMACY 药学,4 [172/350],,,,,,,,,,,三级
PHARMACOLOGY,2025,0031-7012/1423-0313,否,否,否,SCIE,3.2,,医学,4 [2744/5603],否, PHARMACOLOGY & PHARMACY 药学,4 [173/350],,,,,,,,,,,三级
JOURNAL OF CLINICAL LABORATORY ANALYSIS,2025,0887-8013/1098-2825,否,否,是,SCIE,2.9,,医学,4 [2745/5603],否, MEDICAL LABORATORY TECHNOLOGY 医学实验技术,3 [14/31],,,,,,,,,,,三级
European Journal of Midwifery,2025,2585-2906/2585-2906,否,否,是,ESCI,1.7,,医学,4 [2746/5603],否, NURSING 护理,3 [68/191], OBSTETRICS & GYNECOLOGY 妇产科学,4 [64/135],,,,,,,,,三级
INTERNATIONAL JOURNAL OF SPORTS MEDICINE,2025,0172-4622/1439-3964,否,否,否,SCIE,2.2,,医学,4 [2747/5603],否, SPORT SCIENCES 运动科学,4 [70/126],,,,,,,,,,,三级
PET Clinics,2025,1556-8598/1559-7814,否,否,否,ESCI,2.3,,医学,4 [2748/5603],否," RADIOLOGY, NUCLEAR MEDICINE & MEDICAL IMAGING 核医学",4 [102/206],,,,,,,,,,,三级
Primary Care Diabetes,2025,1751-9918/1878-0210,否,否,否,SCIE,2.3,,医学,4 [2749/5603],否, ENDOCRINOLOGY & METABOLISM 内分泌学与代谢,4 [124/184], PRIMARY HEALTH CARE 初级卫生保健,4 [14/28],,,,,,,,,三级
JOURNAL OF WOMEN & AGING,2025,0895-2841/1540-7322,否,否,否,SSCI,1.5,,医学,4 [2750/5603],否, GERONTOLOGY 老年医学（社科）,4 [27/48], WOMENS STUDIES 女性研究,4 [35/66],,,,,,,,,三级
Frontiers in Surgery,2025,2296-875X/2296-875X,否,否,是,SCIE,1.8,,医学,4 [2751/5603],否, SURGERY 外科,4 [145/292],,,,,,,,,,,三级
Clinical Teacher,2025,1743-4971/1743-498X,否,否,否,ESCI,1.2,,医学,4 [2752/5603],否," MEDICINE, RESEARCH & EXPERIMENTAL 医学：研究与实验",4 [101/188],,,,,,,,,,,三级
Journal of Cosmetic Dermatology,2025,1473-2130/1473-2165,否,否,否,SCIE,2.5,,医学,4 [2753/5603],否, DERMATOLOGY 皮肤病学,4 [40/94],,,,,,,,,,,三级
CLINICAL NEUROLOGY AND NEUROSURGERY,2025,0303-8467/1872-6968,否,否,否,SCIE,1.6,,医学,4 [2754/5603],否, CLINICAL NEUROLOGY 临床神经病学,4 [162/278], SURGERY 外科,4 [146/292],,,,,,,,,三级
AMERICAN JOURNAL OF HUMAN BIOLOGY,2025,1042-0533/1520-6300,否,否,否,SSCI;SCIE,1.7,,医学,4 [2755/5603],否, BIOLOGY 生物学,3 [45/109], ANTHROPOLOGY 人类学,4 [82/137],,,,,,,,,三级
PEDIATRIC ANESTHESIA,2025,1155-5645/1460-9592,否,否,否,SCIE,1.7,,医学,4 [2756/5603],否, ANESTHESIOLOGY 麻醉学,4 [31/64], PEDIATRICS 儿科,4 [80/185],,,,,,,,,三级
Mycotoxin Research,2025,0178-7888/1867-1632,否,否,否,SCIE,3.1,,医学,4 [2757/5603],否, MYCOLOGY 真菌学,4 [21/32], TOXICOLOGY 毒理学,4 [60/106],,,,,,,,,三级
Journal of Wound Ostomy and Continence Nursing,2025,1071-5754/1528-3976,否,否,否,SSCI;SCIE,1.8,,医学,4 [2758/5603],否, NURSING 护理,3 [69/191],,,,,,,,,,,三级
CELLULAR AND MOLECULAR NEUROBIOLOGY,2025,0272-4340/1573-6830,否,否,否,SCIE,4.8,,医学,4 [2759/5603],否, CELL BIOLOGY 细胞生物学,4 [138/203], NEUROSCIENCES 神经科学,4 [206/309],,,,,,,,,三级
Journal of Clinical Sport Psychology,2025,1932-9261/1932-927X,否,否,否,SSCI,1.4,,医学,4 [2760/5603],否," PSYCHOLOGY, APPLIED 心理学：应用",4 [76/112],,,,,,,,,,,三级
Journal of Rehabilitation and Assistive Technologies Engineering,2025,2055-6683/2055-6683,否,否,否,ESCI,2,,医学,4 [2761/5603],否," ENGINEERING, BIOMEDICAL 工程：生物医学",4 [72/120],,,,,,,,,,,三级
Eye & Contact Lens-Science and Clinical Practice,2025,1542-2321/1542-233X,否,否,否,SCIE,2.1,,医学,4 [2762/5603],否, OPHTHALMOLOGY 眼科学,4 [44/95],,,,,,,,,,,三级
JOURNAL OF SCHOOL HEALTH,2025,0022-4391/1746-1561,否,否,否,SSCI;SCIE,1.8,,医学,4 [2763/5603],否, EDUCATION & EDUCATIONAL RESEARCH 教育学和教育研究,4 [397/754]," EDUCATION, SCIENTIFIC DISCIPLINES 学科教育",4 [42/86], HEALTH CARE SCIENCES & SERVICES 卫生保健与服务,4 [99/173]," PUBLIC, ENVIRONMENTAL & OCCUPATIONAL HEALTH 公共卫生、环境卫生与职业卫生",4 [212/404],,,,,三级
International Journal of Retina and Vitreous,2025,2056-9920/2056-9920,否,否,是,ESCI,2.4,,医学,4 [2764/5603],否, OPHTHALMOLOGY 眼科学,4 [45/95],,,,,,,,,,,三级
European Journal of Trauma & Dissociation,2025,2468-7499/2468-7499,否,否,否,ESCI,1.9,,医学,4 [2765/5603],否, PSYCHIATRY 精神病学,4 [154/277]," PSYCHOLOGY, CLINICAL 心理学：临床",4 [104/179],,,,,,,,,三级
PATHOPHYSIOLOGY,2025,0928-4680/1873-149X,否,否,否,ESCI,2.6,,医学,4 [2766/5603],否, PATHOLOGY 病理学,3 [40/88],,,,,,,,,,,三级
African Journal of Emergency Medicine,2025,2211-419X/2211-4203,否,否,是,SCIE,1.2,,医学,4 [2767/5603],否, EMERGENCY MEDICINE 急救医学,4 [22/54],,,,,,,,,,,三级
Journal of Gynecology Obstetrics and Human Reproduction,2025,2468-7847/1773-0430,否,否,否,SCIE,1.6,,医学,4 [2768/5603],否, OBSTETRICS & GYNECOLOGY 妇产科学,4 [65/135],,,,,,,,,,,三级
Tropical Diseases Travel Medicine and Vaccines,2025,2055-0936/2055-0936,否,否,是,ESCI,2.2,,医学,4 [2769/5603],否, TROPICAL MEDICINE 热带医学,3 [13/28], INFECTIOUS DISEASES 传染病学,4 [73/134]," PUBLIC, ENVIRONMENTAL & OCCUPATIONAL HEALTH 公共卫生、环境卫生与职业卫生",4 [213/404],,,,,,,三级
CURRENT PROBLEMS IN SURGERY,2025,0011-3840/1535-6337,是,否,否,SCIE,1.9,,医学,4 [2770/5603],否, SURGERY 外科,4 [147/292],,,,,,,,,,,三级
Clinical Cosmetic and Investigational Dermatology,2025,1178-7015/1178-7015,否,否,是,SCIE,2.2,,医学,4 [2771/5603],否, DERMATOLOGY 皮肤病学,4 [41/94],,,,,,,,,,,三级
CYTOMETRY PART B-CLINICAL CYTOMETRY,2025,1552-4949/1552-4957,否,否,否,SCIE,2.7,,医学,4 [2772/5603],否, MEDICAL LABORATORY TECHNOLOGY 医学实验技术,3 [15/31], PATHOLOGY 病理学,3 [41/88],,,,,,,,,三级
Brazilian Journal of Infectious Diseases,2025,1413-8670/1678-4391,否,否,是,SCIE,2.8,,医学,4 [2773/5603],否, INFECTIOUS DISEASES 传染病学,4 [74/134],,,,,,,,,,,三级
Journal of Huntingtons Disease,2025,1879-6397/1879-6400,否,否,否,ESCI,3.1,,医学,4 [2774/5603],否, NEUROSCIENCES 神经科学,4 [207/309],,,,,,,,,,,三级
CAMBRIDGE QUARTERLY OF HEALTHCARE ETHICS,2025,0963-1801/1469-2147,否,否,否,SSCI;SCIE,2.3,,医学,4 [2775/5603],否, HEALTH CARE SCIENCES & SERVICES 卫生保健与服务,4 [100/173], HEALTH POLICY & SERVICES 卫生政策与服务,4 [79/118]," SOCIAL SCIENCES, BIOMEDICAL 社会科学：生物医学",4 [33/46],,,,,,,三级
SURGICAL AND RADIOLOGIC ANATOMY,2025,0930-1038/1279-8517,否,否,否,SCIE,1.2,,医学,4 [2776/5603],否, ANATOMY & MORPHOLOGY 解剖学与形态学,3 [6/22]," RADIOLOGY, NUCLEAR MEDICINE & MEDICAL IMAGING 核医学",4 [103/206], SURGERY 外科,4 [148/292],,,,,,,三级
REVUE NEUROLOGIQUE,2025,0035-3787/2213-0004,否,否,否,SCIE,2.3,,医学,4 [2777/5603],否, CLINICAL NEUROLOGY 临床神经病学,4 [163/278],,,,,,,,,,,三级
Advances in Rehabilitation Science and Practice,2025,2753-6351/2753-6351,否,否,否,ESCI,,,医学,4 [2778/5603],否, REHABILITATION 康复医学,4 [78/169],,,,,,,,,,,三级
Urogynecology,2025,2771-1897/2771-1897,否,否,否,SCIE,1.2,,医学,4 [2779/5603],否, OBSTETRICS & GYNECOLOGY 妇产科学,4 [66/135],,,,,,,,,,,三级
European Journal of Obstetrics & Gynecology and Reproductive Biology-X,2025,2590-1613/2590-1613,否,否,是,ESCI,1.7,,医学,4 [2780/5603],否, OBSTETRICS & GYNECOLOGY 妇产科学,4 [67/135], REPRODUCTIVE BIOLOGY 生殖生物学,4 [24/39],,,,,,,,,三级
CHRONOBIOLOGY INTERNATIONAL,2025,0742-0528/1525-6073,否,否,否,SCIE,1.7,,医学,4 [2781/5603],否, BIOLOGY 生物学,3 [46/109], PHYSIOLOGY 生理学,4 [50/84],,,,,,,,,三级
Frontiers in Reproductive Health,2025,2673-3153/2673-3153,否,否,否,ESCI,2.9,,医学,4 [2782/5603],否," PUBLIC, ENVIRONMENTAL & OCCUPATIONAL HEALTH 公共卫生、环境卫生与职业卫生",4 [215/404], REPRODUCTIVE BIOLOGY 生殖生物学,4 [25/39],,,,,,,,,三级
Advances in Rheumatology,2025,2523-3106/2523-3106,否,否,是,SCIE,2.1,,医学,4 [2783/5603],否, RHEUMATOLOGY 风湿病学,4 [29/55],,,,,,,,,,,三级
Surgery Open Science,2025,2589-8450/2589-8450,否,否,是,ESCI,1.7,,医学,4 [2784/5603],否, SURGERY 外科,4 [149/292],,,,,,,,,,,三级
Journal of Emergency Nursing,2025,0099-1767/1527-2966,否,否,否,SSCI;SCIE,2.3,,医学,4 [2785/5603],否, NURSING 护理,3 [70/191], EMERGENCY MEDICINE 急救医学,4 [23/54],,,,,,,,,三级
Thyroid Research,2025,1756-6614/1756-6614,否,否,是,ESCI,1.8,,医学,4 [2786/5603],否, ENDOCRINOLOGY & METABOLISM 内分泌学与代谢,4 [125/184],,,,,,,,,,,三级
CVIR Endovascular,2025,2520-8934/2520-8934,否,否,是,ESCI,1.5,,医学,4 [2787/5603],否, CARDIAC & CARDIOVASCULAR SYSTEMS 心脏和心血管系统,4 [121/223], PERIPHERAL VASCULAR DISEASE 外周血管病,4 [61/96]," RADIOLOGY, NUCLEAR MEDICINE & MEDICAL IMAGING 核医学",4 [104/206],,,,,,,三级
VECTOR-BORNE AND ZOONOTIC DISEASES,2025,1530-3667/1557-7759,否,否,否,SCIE,2.1,,医学,4 [2788/5603],否, INFECTIOUS DISEASES 传染病学,4 [75/134]," PUBLIC, ENVIRONMENTAL & OCCUPATIONAL HEALTH 公共卫生、环境卫生与职业卫生",4 [216/404],,,,,,,,,三级
Explore-The Journal of Science and Healing,2025,1550-8307/1878-7541,否,否,否,SCIE,2.2,,医学,4 [2789/5603],否, INTEGRATIVE & COMPLEMENTARY MEDICINE 全科医学与补充医学,4 [17/43],,,,,,,,,,,三级
MEDICAL ENGINEERING & PHYSICS,2025,1350-4533/1873-4030,否,否,否,SCIE,2.3,,医学,4 [2790/5603],否," ENGINEERING, BIOMEDICAL 工程：生物医学",4 [73/120],,,,,,,,,,,三级
ACTA CARDIOLOGICA,2025,0001-5385/1784-973X,否,否,否,SCIE,2.5,,医学,4 [2791/5603],否, CARDIAC & CARDIOVASCULAR SYSTEMS 心脏和心血管系统,4 [122/223],,,,,,,,,,,三级
Hormones-International Journal of Endocrinology and Metabolism,2025,1109-3099/2520-8721,否,否,否,SCIE,2.5,,医学,4 [2792/5603],否, ENDOCRINOLOGY & METABOLISM 内分泌学与代谢,4 [126/184],,,,,,,,,,,三级
AMERICAN JOURNAL OF MANAGED CARE,2025,1088-0224,否,否,否,SSCI;SCIE,2.1,,医学,4 [2793/5603],否," MEDICINE, GENERAL & INTERNAL 医学：内科",3 [82/327], HEALTH CARE SCIENCES & SERVICES 卫生保健与服务,4 [101/173], HEALTH POLICY & SERVICES 卫生政策与服务,4 [80/118],,,,,,,三级
CLINICAL OTOLARYNGOLOGY,2025,1749-4478/1749-4486,否,否,否,SCIE,1.5,,医学,4 [2794/5603],否, OTORHINOLARYNGOLOGY 耳鼻喉科学,4 [34/66],,,,,,,,,,,三级
IMMUNOPHARMACOLOGY AND IMMUNOTOXICOLOGY,2025,0892-3973/1532-2513,否,否,否,SCIE,3,,医学,4 [2795/5603],否, IMMUNOLOGY 免疫学,4 [118/179], PHARMACOLOGY & PHARMACY 药学,4 [174/350], TOXICOLOGY 毒理学,4 [61/106],,,,,,,三级
Biochemia Medica,2025,1330-0962/1846-7482,否,否,是,SCIE,1.8,,医学,4 [2796/5603],否, MEDICAL LABORATORY TECHNOLOGY 医学实验技术,4 [16/31],,,,,,,,,,,三级
Journal of Pediatric and Adolescent Gynecology,2025,1083-3188/1873-4332,否,否,否,SCIE,1.8,,医学,4 [2797/5603],否, OBSTETRICS & GYNECOLOGY 妇产科学,4 [68/135], PEDIATRICS 儿科,4 [81/185],,,,,,,,,三级
Cartilage,2025,1947-6035/1947-6043,否,否,否,SCIE,2.7,,医学,4 [2798/5603],否, ORTHOPEDICS 骨科,4 [73/136],,,,,,,,,,,三级
Pharmaceutical Medicine,2025,1178-2595/1179-1993,否,否,否,ESCI,4.5,,医学,4 [2799/5603],否, PHARMACOLOGY & PHARMACY 药学,4 [175/350],,,,,,,,,,,三级
Clinical Child Psychology and Psychiatry,2025,1359-1045/1461-7021,否,否,否,SSCI;SCIE,2,,医学,4 [2800/5603],否, PSYCHIATRY 精神病学,4 [155/277], PSYCHOLOGY 心理学,4 [54/92]," PSYCHOLOGY, CLINICAL 心理学：临床",4 [106/179]," PSYCHOLOGY, DEVELOPMENTAL 心理学：发育",4 [70/91],,,,,三级
INTERNATIONAL JOURNAL OF HEALTH PLANNING AND MANAGEMENT,2025,0749-6753/1099-1751,否,否,否,SSCI,1.8,,医学,4 [2801/5603],否, HEALTH POLICY & SERVICES 卫生政策与服务,4 [81/118]," PUBLIC, ENVIRONMENTAL & OCCUPATIONAL HEALTH 公共卫生、环境卫生与职业卫生",4 [217/404],,,,,,,,,三级
JOURNAL OF CLINICAL PATHOLOGY,2025,0021-9746/1472-4146,否,否,否,SCIE,2,,医学,4 [2802/5603],否, PATHOLOGY 病理学,3 [42/88],,,,,,,,,,,三级
Neurotrauma Reports,2025,2689-288X/2689-288X,否,否,是,ESCI,2,,医学,4 [2803/5603],否, CLINICAL NEUROLOGY 临床神经病学,4 [164/278], NEUROSCIENCES 神经科学,4 [209/309],,,,,,,,,三级
Obstetrics and Gynecology International,2025,1687-9589/1687-9597,否,否,是,ESCI,1.3,,医学,4 [2804/5603],否, OBSTETRICS & GYNECOLOGY 妇产科学,4 [69/135],,,,,,,,,,,三级
Pain Management Nursing,2025,1524-9042/1532-8635,否,否,否,SSCI;SCIE,2.1,,医学,4 [2805/5603],否, NURSING 护理,3 [71/191],,,,,,,,,,,三级
Journal of Intellectual Disabilities,2025,1744-6295/1744-6309,否,否,否,SSCI,1.4,,医学,4 [2806/5603],否," EDUCATION, SPECIAL 特殊教育学",4 [35/62], REHABILITATION 康复医学,4 [79/169],,,,,,,,,三级
PHARMACOPSYCHIATRY,2025,0176-3679/1439-0795,否,否,否,SCIE,2.2,,医学,4 [2807/5603],否, PHARMACOLOGY & PHARMACY 药学,4 [176/350], PSYCHIATRY 精神病学,4 [157/277],,,,,,,,,三级
JOURNAL OF THORACIC IMAGING,2025,0883-5993/1536-0237,否,否,否,SCIE,1.9,,医学,4 [2808/5603],否," RADIOLOGY, NUCLEAR MEDICINE & MEDICAL IMAGING 核医学",4 [105/206],,,,,,,,,,,三级
PATHOLOGY RESEARCH AND PRACTICE,2025,0344-0338/1618-0631,否,否,否,SCIE,3.2,,医学,4 [2809/5603],否, PATHOLOGY 病理学,3 [43/88],,,,,,,,,,,三级
JOURNAL OF NEUROVIROLOGY,2025,1355-0284/1538-2443,否,否,否,SCIE,1.9,,医学,4 [2810/5603],否, NEUROSCIENCES 神经科学,4 [210/309], VIROLOGY 病毒学,4 [24/41],,,,,,,,,三级
mHealth,2025,2306-9740/2306-9740,否,否,否,ESCI,2.2,,医学,4 [2811/5603],否, HEALTH CARE SCIENCES & SERVICES 卫生保健与服务,4 [102/173], MEDICAL INFORMATICS 医学：信息,4 [36/44],,,,,,,,,三级
JOURNAL OF NURSING EDUCATION,2025,0148-4834/1938-2421,否,否,否,SSCI;SCIE,1.9,,医学,4 [2812/5603],否, NURSING 护理,3 [72/191],,,,,,,,,,,三级
ANNALS OF CLINICAL BIOCHEMISTRY,2025,0004-5632/1758-1001,否,否,否,SCIE,1,,医学,4 [2813/5603],否, MEDICAL LABORATORY TECHNOLOGY 医学实验技术,4 [17/31],,,,,,,,,,,三级
INTERNATIONAL JOURNAL OF PSYCHIATRY IN CLINICAL PRACTICE,2025,1365-1501/1471-1788,否,否,否,SCIE,2.7,,医学,4 [2814/5603],否, PSYCHIATRY 精神病学,4 [158/277],,,,,,,,,,,三级
Veterinary Parasitology- Regional Studies and Reports,2025,2405-9390/2405-9390,否,否,否,ESCI,1.4,,医学,4 [2815/5603],否, VETERINARY SCIENCES 兽医学,3 [59/167], PARASITOLOGY 寄生虫学,4 [27/45],,,,,,,,,三级
PHYSICAL & OCCUPATIONAL THERAPY IN PEDIATRICS,2025,0194-2638/1541-3144,否,否,否,SSCI;SCIE,1.7,,医学,4 [2816/5603],否, PEDIATRICS 儿科,4 [82/185], REHABILITATION 康复医学,4 [80/169],,,,,,,,,三级
SICOT-J,2025,2426-8887/2426-8887,否,否,是,ESCI,2.3,,医学,4 [2817/5603],否, ORTHOPEDICS 骨科,4 [74/136],,,,,,,,,,,三级
Biomolecules & Therapeutics,2025,1976-9148/2005-4483,否,否,否,SCIE,3.2,,医学,4 [2818/5603],否, PHARMACOLOGY & PHARMACY 药学,4 [177/350],,,,,,,,,,,三级
Journal of Cardiovascular Nursing,2025,0889-4655/1550-5049,否,否,否,SSCI;SCIE,2.6,,医学,4 [2819/5603],否, NURSING 护理,3 [73/191], CARDIAC & CARDIOVASCULAR SYSTEMS 心脏和心血管系统,4 [123/223],,,,,,,,,三级
EUROPEAN JOURNAL OF CANCER PREVENTION,2025,0959-8278/1473-5709,否,否,否,SCIE,2.5,,医学,4 [2820/5603],否, ONCOLOGY 肿瘤学,4 [196/318],,,,,,,,,,,三级
INDUSTRIAL HEALTH,2025,0019-8366/1880-8026,否,否,否,SCIE,1.6,,医学,4 [2821/5603],否, ENVIRONMENTAL SCIENCES 环境科学,4 [192/357]," PUBLIC, ENVIRONMENTAL & OCCUPATIONAL HEALTH 公共卫生、环境卫生与职业卫生",4 [218/404], TOXICOLOGY 毒理学,4 [62/106],,,,,,,三级
JOURNAL OF BIOMEDICAL MATERIALS RESEARCH PART B-APPLIED BIOMATERIALS,2025,1552-4973/1552-4981,否,否,否,SCIE,3.4,,医学,4 [2822/5603],否," ENGINEERING, BIOMEDICAL 工程：生物医学",4 [74/120]," MATERIALS SCIENCE, BIOMATERIALS 材料科学：生物材料",4 [34/52],,,,,,,,,三级
Canadian Journal of Diabetes,2025,1499-2671/2352-3840,否,否,否,SCIE,2.6,,医学,4 [2823/5603],否, ENDOCRINOLOGY & METABOLISM 内分泌学与代谢,4 [127/184],,,,,,,,,,,三级
Spine Deformity,2025,2212-134X/2212-1358,否,否,否,ESCI,1.8,,医学,4 [2824/5603],否, CLINICAL NEUROLOGY 临床神经病学,4 [165/278], ORTHOPEDICS 骨科,4 [75/136],,,,,,,,,三级
KOREAN JOURNAL OF INTERNAL MEDICINE,2025,1226-3303/2005-6648,否,否,是,SCIE,2.4,,医学,4 [2825/5603],否," MEDICINE, GENERAL & INTERNAL 医学：内科",3 [83/327],,,,,,,,,,,三级
Canadian Journal of Nursing Research,2025,0844-5621/1705-7051,否,否,否,ESCI,2.9,,医学,4 [2826/5603],否, NURSING 护理,3 [74/191],,,,,,,,,,,三级
OPHTHALMOLOGICA,2025,0030-3755/1423-0267,否,否,否,SCIE,1.9,,医学,4 [2827/5603],否, OPHTHALMOLOGY 眼科学,4 [47/95],,,,,,,,,,,三级
Drug and Alcohol Dependence Reports,2025,2772-7246/2772-7246,否,否,否,ESCI,2.9,,医学,4 [2828/5603],否, PSYCHIATRY 精神病学,4 [159/277], SUBSTANCE ABUSE 药物滥用,4 [35/56],,,,,,,,,三级
HEALTH & SOCIAL WORK,2025,0360-7283/1545-6854,否,否,否,SSCI,1.9,,医学,4 [2829/5603],否, SOCIAL WORK 社会工作,4 [40/91],,,,,,,,,,,三级
MICROBES AND INFECTION,2025,1286-4579/1769-714X,否,否,否,SCIE,2.7,,医学,4 [2830/5603],否, IMMUNOLOGY 免疫学,4 [119/179], INFECTIOUS DISEASES 传染病学,4 [76/134], MICROBIOLOGY 微生物学,4 [91/159],,,,,,,三级
BRITISH DENTAL JOURNAL,2025,0007-0610/1476-5373,否,否,否,SCIE,2.3,,医学,4 [2831/5603],否," DENTISTRY, ORAL SURGERY & MEDICINE 牙科与口腔外科",4 [82/157],,,,,,,,,,,三级
Modern Rheumatology,2025,1439-7595/1439-7609,否,否,否,SCIE,1.9,,医学,4 [2832/5603],否, RHEUMATOLOGY 风湿病学,4 [30/55],,,,,,,,,,,三级
TECHNOLOGY IN CANCER RESEARCH & TREATMENT,2025,1533-0346/1533-0338,否,否,是,SCIE,2.8,,医学,4 [2833/5603],否, ONCOLOGY 肿瘤学,4 [197/318],,,,,,,,,,,三级
Pathogens and Disease,2025,2049-632X/2049-632X,否,否,否,SCIE,2.7,,医学,4 [2834/5603],否, IMMUNOLOGY 免疫学,4 [120/179], INFECTIOUS DISEASES 传染病学,4 [77/134], MICROBIOLOGY 微生物学,4 [92/159],,,,,,,三级
PSYCHIATRY-INTERPERSONAL AND BIOLOGICAL PROCESSES,2025,0033-2747/1943-281X,否,否,否,SSCI;SCIE,2.4,,医学,4 [2835/5603],否, PSYCHIATRY 精神病学,4 [160/277],,,,,,,,,,,三级
Menopause Review-Przeglad Menopauzalny,2025,1643-8876/2299-0038,否,否,是,ESCI,1.7,,医学,4 [2836/5603],否, OBSTETRICS & GYNECOLOGY 妇产科学,4 [70/135],,,,,,,,,,,三级
GROWTH HORMONE & IGF RESEARCH,2025,1096-6374/1532-2238,否,否,否,SCIE,1.6,,医学,4 [2837/5603],否, CELL BIOLOGY 细胞生物学,4 [140/203], ENDOCRINOLOGY & METABOLISM 内分泌学与代谢,4 [128/184],,,,,,,,,三级
Diseases,2025,2079-9721/2079-9721,否,否,是,ESCI,3,,医学,4 [2838/5603],否," MEDICINE, RESEARCH & EXPERIMENTAL 医学：研究与实验",4 [102/188],,,,,,,,,,,三级
Journal of Breast Cancer,2025,1738-6756/2092-9900,否,否,是,SCIE,2.4,,医学,4 [2839/5603],否, ONCOLOGY 肿瘤学,4 [198/318],,,,,,,,,,,三级
SEMINARS IN RESPIRATORY AND CRITICAL CARE MEDICINE,2025,1069-3424/1098-9048,是,否,否,SCIE,2.7,,医学,4 [2840/5603],否, CRITICAL CARE MEDICINE 危重病医学,4 [29/56], RESPIRATORY SYSTEM 呼吸系统,4 [60/101],,,,,,,,,三级
Chemical Biology & Drug Design,2025,1747-0277/1747-0285,否,否,否,SCIE,3.3,,医学,4 [2841/5603],否, BIOCHEMISTRY & MOLECULAR BIOLOGY 生化与分子生物学,4 [191/310]," CHEMISTRY, MEDICINAL 药物化学",4 [39/72],,,,,,,,,三级
International Journal of Sports Physical Therapy,2025,2159-2896/2159-2896,否,否,是,ESCI,2.1,,医学,4 [2842/5603],否, SPORT SCIENCES 运动科学,4 [71/126],,,,,,,,,,,三级
PSYCHOPATHOLOGY,2025,0254-4962/1423-033X,否,否,否,SSCI;SCIE,2.2,,医学,4 [2843/5603],否, PSYCHIATRY 精神病学,4 [161/277],,,,,,,,,,,三级
Journal of Digestive Diseases,2025,1751-2972/1751-2980,否,否,否,SCIE,2.3,,医学,4 [2844/5603],否, GASTROENTEROLOGY & HEPATOLOGY 胃肠肝病学,4 [81/143],,,,,,,,,,,三级
Prehospital and Disaster Medicine,2025,1049-023X/1945-1938,否,否,否,SCIE,2.5,,医学,4 [2845/5603],否, EMERGENCY MEDICINE 急救医学,4 [24/54],,,,,,,,,,,三级
Current Opinion in Organ Transplantation,2025,1087-2418/1531-7013,是,否,否,SCIE,1.9,,医学,4 [2846/5603],否, TRANSPLANTATION 移植,3 [15/31],,,,,,,,,,,三级
Journal of Aggression Maltreatment & Trauma,2025,1092-6771/1545-083X,否,否,否,SSCI,1.4,,医学,4 [2847/5603],否, CRIMINOLOGY & PENOLOGY 犯罪学与刑罚学,4 [70/111], FAMILY STUDIES 家庭研究,4 [35/65], PSYCHIATRY 精神病学,4 [162/277]," PSYCHOLOGY, CLINICAL 心理学：临床",4 [110/179],,,,,三级
Advances in Neonatal Care,2025,1536-0903/1536-0911,否,否,否,SSCI;SCIE,1.6,,医学,4 [2848/5603],否, NURSING 护理,3 [75/191],,,,,,,,,,,三级
Patient-Related Outcome Measures,2025,1179-271X/1179-271X,否,否,是,ESCI,1.8,,医学,4 [2849/5603],否, HEALTH CARE SCIENCES & SERVICES 卫生保健与服务,4 [103/173],,,,,,,,,,,三级
CURRENT EYE RESEARCH,2025,0271-3683/1460-2202,否,否,否,SCIE,2,,医学,4 [2850/5603],否, OPHTHALMOLOGY 眼科学,4 [48/95],,,,,,,,,,,三级
International Journal of Biomaterials,2025,1687-8787/1687-8795,否,否,是,ESCI,4.5,,医学,4 [2851/5603],否," MATERIALS SCIENCE, BIOMATERIALS 材料科学：生物材料",4 [35/52],,,,,,,,,,,三级
Statistics in Biopharmaceutical Research,2025,1946-6315/1946-6315,否,否,否,SCIE,1.3,,医学,4 [2852/5603],否, MATHEMATICAL & COMPUTATIONAL BIOLOGY 数学与计算生物学,3 [29/66], STATISTICS & PROBABILITY 统计学与概率论,4 [76/166],,,,,,,,,三级
Annals of Geriatric Medicine and Research,2025,2508-4909/2508-4909,否,否,是,ESCI,3.2,,医学,4 [2853/5603],否, GERIATRICS & GERONTOLOGY 老年医学,4 [46/72],,,,,,,,,,,三级
SEMINARS IN REPRODUCTIVE MEDICINE,2025,1526-8004/1526-4564,是,否,否,SCIE,1.4,,医学,4 [2854/5603],否, OBSTETRICS & GYNECOLOGY 妇产科学,4 [71/135], REPRODUCTIVE BIOLOGY 生殖生物学,4 [26/39],,,,,,,,,三级
Respiratory Investigation,2025,2212-5345/2212-5353,否,否,否,ESCI,2,,医学,4 [2855/5603],否, RESPIRATORY SYSTEM 呼吸系统,4 [61/101],,,,,,,,,,,三级
Journal of Cardiovascular Translational Research,2025,1937-5387/1937-5395,否,否,否,SCIE,2.5,,医学,4 [2856/5603],否, CARDIAC & CARDIOVASCULAR SYSTEMS 心脏和心血管系统,4 [124/223]," MEDICINE, RESEARCH & EXPERIMENTAL 医学：研究与实验",4 [103/188],,,,,,,,,三级
HUMAN & EXPERIMENTAL TOXICOLOGY,2025,0960-3271/1477-0903,否,否,否,SCIE,3.2,,医学,4 [2857/5603],否, TOXICOLOGY 毒理学,4 [63/106],,,,,,,,,,,三级
Journal of Healthcare Informatics Research,2025,2509-4971/2509-498X,否,否,否,ESCI,3.7,,医学,4 [2858/5603],否," COMPUTER SCIENCE, INFORMATION SYSTEMS 计算机：信息系统",4 [138/249], HEALTH CARE SCIENCES & SERVICES 卫生保健与服务,4 [104/173], MEDICAL INFORMATICS 医学：信息,4 [37/44],,,,,,,三级
Western Journal of Emergency Medicine,2025,1936-900X/1936-9018,否,否,是,SCIE,2,,医学,4 [2859/5603],否, EMERGENCY MEDICINE 急救医学,4 [25/54],,,,,,,,,,,三级
JOURNAL OF GERIATRIC PSYCHIATRY AND NEUROLOGY,2025,0891-9887/1552-5708,否,否,否,SCIE,2.5,,医学,4 [2860/5603],否, CLINICAL NEUROLOGY 临床神经病学,4 [166/278], GERIATRICS & GERONTOLOGY 老年医学,4 [47/72], PSYCHIATRY 精神病学,4 [164/277],,,,,,,三级
Journal of Pediatric Health Care,2025,0891-5245/1532-656X,否,否,否,SSCI;SCIE,1.8,,医学,4 [2861/5603],否, HEALTH POLICY & SERVICES 卫生政策与服务,4 [82/118], NURSING 护理,4 [76/191], PEDIATRICS 儿科,4 [83/185],,,,,,,三级
KNEE,2025,0968-0160/1873-5800,否,否,否,SCIE,2,,医学,4 [2862/5603],否, ORTHOPEDICS 骨科,4 [76/136], SPORT SCIENCES 运动科学,4 [72/126], SURGERY 外科,4 [150/292],,,,,,,三级
JANAC-JOURNAL OF THE ASSOCIATION OF NURSES IN AIDS CARE,2025,1055-3290/1552-6917,否,否,否,SSCI;SCIE,1.5,,医学,4 [2863/5603],否, NURSING 护理,4 [77/191]," PUBLIC, ENVIRONMENTAL & OCCUPATIONAL HEALTH 公共卫生、环境卫生与职业卫生",4 [220/404],,,,,,,,,三级
MATERNAL AND CHILD HEALTH JOURNAL,2025,1092-7875/1573-6628,否,否,否,SSCI,1.7,,医学,4 [2864/5603],否," PUBLIC, ENVIRONMENTAL & OCCUPATIONAL HEALTH 公共卫生、环境卫生与职业卫生",4 [221/404],,,,,,,,,,,三级
MCN-The American Journal of Maternal-Child Nursing,2025,0361-929X/1539-0683,否,否,否,SSCI;SCIE,2.2,,医学,4 [2865/5603],否, NURSING 护理,4 [78/191],,,,,,,,,,,三级
Acute and Critical Care,2025,2586-6052/2586-6060,否,否,是,ESCI,2,,医学,4 [2866/5603],否, CRITICAL CARE MEDICINE 危重病医学,4 [30/56],,,,,,,,,,,三级
CURRENT TOPICS IN MEDICINAL CHEMISTRY,2025,1568-0266/1873-4294,是,否,否,SCIE,3.3,,医学,4 [2867/5603],否," CHEMISTRY, MEDICINAL 药物化学",4 [40/72],,,,,,,,,,,三级
Journal of the Intensive Care Society,2025,1751-1437/1751-1437,否,否,否,ESCI,1.4,,医学,4 [2868/5603],否, CRITICAL CARE MEDICINE 危重病医学,4 [31/56],,,,,,,,,,,三级
INTERNATIONAL JOURNAL OF GYNECOLOGICAL PATHOLOGY,2025,0277-1691/1538-7151,否,否,否,SCIE,1.7,,医学,4 [2869/5603],否, PATHOLOGY 病理学,3 [44/88], OBSTETRICS & GYNECOLOGY 妇产科学,4 [72/135],,,,,,,,,三级
Journal of Ophthalmology,2025,2090-004X/2090-0058,否,否,是,SCIE,1.9,,医学,4 [2870/5603],否, OPHTHALMOLOGY 眼科学,4 [49/95],,,,,,,,,,,三级
JOURNAL OF PUBLIC HEALTH MANAGEMENT AND PRACTICE,2025,1078-4659/1550-5022,否,否,否,SSCI,1.9,,医学,4 [2871/5603],否," PUBLIC, ENVIRONMENTAL & OCCUPATIONAL HEALTH 公共卫生、环境卫生与职业卫生",4 [222/404],,,,,,,,,,,三级
European Journal of Orthopaedic Surgery and Traumatology,2025,1633-8065/1432-1068,否,否,否,ESCI,1.5,,医学,4 [2872/5603],否, ORTHOPEDICS 骨科,4 [77/136], SURGERY 外科,4 [151/292],,,,,,,,,三级
Journal of Natural Medicines,2025,1340-3443/1861-0293,否,否,否,SCIE,2.5,,医学,4 [2873/5603],否," CHEMISTRY, MEDICINAL 药物化学",4 [41/72], PHARMACOLOGY & PHARMACY 药学,4 [178/350],,,,,,,,,三级
Journal of Nutrition and Metabolism,2025,2090-0724/2090-0732,否,否,是,ESCI,2.4,,医学,4 [2874/5603],否, NUTRITION & DIETETICS 营养学,4 [68/113],,,,,,,,,,,三级
Therapeutic Advances in Ophthalmology,2025,2515-8414/2515-8414,否,否,是,ESCI,2.3,,医学,4 [2875/5603],否, OPHTHALMOLOGY 眼科学,4 [50/95],,,,,,,,,,,三级
EPIDEMIOLOGY AND INFECTION,2025,0950-2688/1469-4409,否,否,是,SCIE,2.2,,医学,4 [2876/5603],否, INFECTIOUS DISEASES 传染病学,4 [78/134]," PUBLIC, ENVIRONMENTAL & OCCUPATIONAL HEALTH 公共卫生、环境卫生与职业卫生",4 [223/404],,,,,,,,,三级
Geriatric Orthopaedic Surgery & Rehabilitation,2025,2151-4585/2151-4593,否,否,是,SCIE,1.6,,医学,4 [2877/5603],否, GERIATRICS & GERONTOLOGY 老年医学,4 [48/72], ORTHOPEDICS 骨科,4 [78/136], REHABILITATION 康复医学,4 [81/169], SURGERY 外科,4 [152/292],,,,,三级
Psychiatry Psychology and Law,2025,1321-8719/1934-1687,否,否,否,SSCI,1.5,,医学,4 [2878/5603],否, CRIMINOLOGY & PENOLOGY 犯罪学与刑罚学,4 [71/111], LAW 法学,4 [159/427], PSYCHIATRY 精神病学,4 [165/277]," PSYCHOLOGY, MULTIDISCIPLINARY 心理学：综合",4 [119/219],,,,,三级
Neurology-Clinical Practice,2025,2163-0402/2163-0933,否,否,否,ESCI,3.2,,医学,4 [2879/5603],否, CLINICAL NEUROLOGY 临床神经病学,4 [167/278],,,,,,,,,,,三级
Journal of Clinical Tuberculosis and Other Mycobacterial Diseases,2025,2405-5794/2405-5794,否,否,是,ESCI,2,,医学,4 [2880/5603],否, INFECTIOUS DISEASES 传染病学,4 [79/134], MICROBIOLOGY 微生物学,4 [94/159], RESPIRATORY SYSTEM 呼吸系统,4 [62/101],,,,,,,三级
Obesity Science & Practice,2025,2055-2238/2055-2238,否,否,是,ESCI,1.9,,医学,4 [2881/5603],否, ENDOCRINOLOGY & METABOLISM 内分泌学与代谢,4 [129/184],,,,,,,,,,,三级
Current Opinion in Supportive and Palliative Care,2025,1751-4258/1751-4266,是,否,否,SCIE,2,,医学,4 [2882/5603],否, HEALTH CARE SCIENCES & SERVICES 卫生保健与服务,4 [105/173],,,,,,,,,,,三级
FAMILY PRACTICE,2025,0263-2136/1460-2229,否,否,否,SCIE,2.2,,医学,4 [2883/5603],否," MEDICINE, GENERAL & INTERNAL 医学：内科",3 [84/327], PRIMARY HEALTH CARE 初级卫生保健,4 [15/28],,,,,,,,,三级
CLINICAL MEDICINE,2025,1470-2118/1473-4893,否,否,否,SCIE,3.9,,医学,4 [2884/5603],否," MEDICINE, GENERAL & INTERNAL 医学：内科",3 [85/327],,,,,,,,,,,三级
International Journal of General Medicine,2025,1178-7074/1178-7074,否,否,是,SCIE,2,,医学,4 [2885/5603],否," MEDICINE, GENERAL & INTERNAL 医学：内科",3 [86/327],,,,,,,,,,,三级
Journal of Manual & Manipulative Therapy,2025,1066-9817/2042-6186,否,否,否,ESCI,1.9,,医学,4 [2886/5603],否, REHABILITATION 康复医学,4 [82/169],,,,,,,,,,,三级
Asia-Pacific Journal of Sport Medicine Arthroscopy Rehabilitation and Technology,2025,2214-6873/2214-6873,否,否,是,ESCI,1.4,,医学,4 [2887/5603],否, ORTHOPEDICS 骨科,4 [79/136], SPORT SCIENCES 运动科学,4 [73/126],,,,,,,,,三级
Dermatopathology,2025,2296-3529/2296-3529,否,否,是,ESCI,1.7,,医学,4 [2888/5603],否, DERMATOLOGY 皮肤病学,4 [42/94],,,,,,,,,,,三级
Journal of the Egyptian National Cancer Institute,2025,1110-0362/2589-0409,否,否,是,ESCI,1.8,,医学,4 [2889/5603],否, ONCOLOGY 肿瘤学,4 [199/318],,,,,,,,,,,三级
Scandinavian Journal of Urology,2025,2168-1805/2168-1813,否,否,否,SCIE,2.1,,医学,4 [2890/5603],否, UROLOGY & NEPHROLOGY 泌尿学与肾脏学,4 [71/126],,,,,,,,,,,三级
INTERNATIONAL JOURNAL OF PROSTHODONTICS,2025,0893-2174/1942-4426,否,否,否,SCIE,1.8,,医学,4 [2891/5603],否," DENTISTRY, ORAL SURGERY & MEDICINE 牙科与口腔外科",4 [83/157],,,,,,,,,,,三级
INDIAN JOURNAL OF PEDIATRICS,2025,0019-5456/0973-7693,否,否,否,SCIE,2,,医学,4 [2892/5603],否, PEDIATRICS 儿科,4 [84/185],,,,,,,,,,,三级
European Journal of Hybrid Imaging,2025,2510-3636/2510-3636,否,否,是,ESCI,1.2,,医学,4 [2893/5603],否," RADIOLOGY, NUCLEAR MEDICINE & MEDICAL IMAGING 核医学",4 [106/206],,,,,,,,,,,三级
PACE-PACING AND CLINICAL ELECTROPHYSIOLOGY,2025,0147-8389/1540-8159,否,否,否,SCIE,1.3,,医学,4 [2894/5603],否, CARDIAC & CARDIOVASCULAR SYSTEMS 心脏和心血管系统,4 [125/223]," ENGINEERING, BIOMEDICAL 工程：生物医学",4 [75/120],,,,,,,,,三级
Journal of Physiological Sciences,2025,1880-6546/1880-6562,否,否,否,SCIE,3.2,,医学,4 [2895/5603],否, PHYSIOLOGY 生理学,4 [51/84],,,,,,,,,,,三级
Breast Journal,2025,1075-122X/1524-4741,否,否,是,SCIE,2,,医学,4 [2896/5603],否, OBSTETRICS & GYNECOLOGY 妇产科学,4 [73/135], ONCOLOGY 肿瘤学,4 [200/318],,,,,,,,,三级
BMJ Paediatrics Open,2025,2399-9772/2399-9772,否,否,是,SCIE,2.3,,医学,4 [2897/5603],否, PEDIATRICS 儿科,4 [85/185],,,,,,,,,,,三级
BJUI Compass,2025,2688-4526/2688-4526,否,否,是,ESCI,1.9,,医学,4 [2898/5603],否, UROLOGY & NEPHROLOGY 泌尿学与肾脏学,4 [72/126],,,,,,,,,,,三级
CANADIAN JOURNAL ON AGING-REVUE CANADIENNE DU VIEILLISSEMENT,2025,0714-9808/1710-1107,否,否,否,SSCI,1.2,,医学,4 [2899/5603],否, GERONTOLOGY 老年医学（社科）,4 [28/48],,,,,,,,,,,三级
African Journal of Disability,2025,2223-9170/2226-7220,否,否,是,ESCI,1.5,,医学,4 [2900/5603],否, HEALTH CARE SCIENCES & SERVICES 卫生保健与服务,4 [106/173],,,,,,,,,,,三级
European Clinical Respiratory Journal,2025,2001-8525/2001-8525,否,否,是,ESCI,1.4,,医学,4 [2901/5603],否, RESPIRATORY SYSTEM 呼吸系统,4 [63/101],,,,,,,,,,,三级
Infectious Diseases,2025,2374-4235/2374-4243,否,否,否,SCIE,2.3,,医学,4 [2902/5603],否, INFECTIOUS DISEASES 传染病学,4 [80/134],,,,,,,,,,,三级
SYSTEMATIC PARASITOLOGY,2025,0165-5752/1573-5192,否,否,否,SCIE,1.2,,医学,4 [2903/5603],否, PARASITOLOGY 寄生虫学,4 [28/45],,,,,,,,,,,三级
Clinical Cosmetic and Investigational Dentistry,2025,1179-1357/1179-1357,否,否,是,ESCI,1.8,,医学,4 [2904/5603],否," DENTISTRY, ORAL SURGERY & MEDICINE 牙科与口腔外科",4 [84/157],,,,,,,,,,,三级
Annals of Gastroenterology,2025,1108-7471/1792-7463,否,否,否,ESCI,2.2,,医学,4 [2905/5603],否, GASTROENTEROLOGY & HEPATOLOGY 胃肠肝病学,4 [82/143],,,,,,,,,,,三级
NEPHROLOGY,2025,1320-5358/1440-1797,否,否,否,SCIE,1.9,,医学,4 [2906/5603],否, UROLOGY & NEPHROLOGY 泌尿学与肾脏学,4 [73/126],,,,,,,,,,,三级
PSYCHIATRIC CLINICS OF NORTH AMERICA,2025,0193-953X/1558-3147,否,否,否,SSCI,3.4,,医学,4 [2907/5603],否, PSYCHIATRY 精神病学,4 [166/277],,,,,,,,,,,三级
Canadian Journal of Infectious Diseases & Medical Microbiology,2025,1712-9532/1918-1493,否,否,是,SCIE,2.6,,医学,4 [2908/5603],否, INFECTIOUS DISEASES 传染病学,4 [81/134], MICROBIOLOGY 微生物学,4 [95/159],,,,,,,,,三级
Familial Cancer,2025,1389-9600/1573-7292,否,否,否,SCIE,2,,医学,4 [2909/5603],否, GENETICS & HEREDITY 遗传学,4 [104/190], ONCOLOGY 肿瘤学,4 [201/318],,,,,,,,,三级
Health Science Reports,2025,2398-8835/2398-8835,否,否,是,ESCI,2.1,,医学,4 [2910/5603],否," MEDICINE, GENERAL & INTERNAL 医学：内科",3 [87/327]," PUBLIC, ENVIRONMENTAL & OCCUPATIONAL HEALTH 公共卫生、环境卫生与职业卫生",4 [224/404],,,,,,,,,三级
Journal of Cognitive Enhancement,2025,2509-3290/2509-3304,否,否,否,ESCI,1.4,,医学,4 [2911/5603],否, NEUROSCIENCES 神经科学,4 [212/309],,,,,,,,,,,三级
JOURNAL OF NURSING ADMINISTRATION,2025,0002-0443/1539-0721,否,否,否,SSCI;SCIE,1.9,,医学,4 [2912/5603],否, NURSING 护理,4 [79/191],,,,,,,,,,,三级
Translational Gastroenterology and Hepatology,2025,2415-1289/2415-1289,否,否,否,ESCI,2.5,,医学,4 [2913/5603],否, GASTROENTEROLOGY & HEPATOLOGY 胃肠肝病学,4 [83/143],,,,,,,,,,,三级
Journal of Psychedelic Studies,2025,2559-9283/2559-9283,否,否,否,ESCI,2.2,,医学,4 [2914/5603],否, PHARMACOLOGY & PHARMACY 药学,4 [179/350], PSYCHIATRY 精神病学,4 [167/277]," PSYCHOLOGY, MULTIDISCIPLINARY 心理学：综合",4 [121/219],,,,,,,三级
Journal of Audiology and Otology,2025,2384-1621/2384-1710,否,否,否,ESCI,1.4,,医学,4 [2915/5603],否, OTORHINOLARYNGOLOGY 耳鼻喉科学,4 [35/66],,,,,,,,,,,三级
BioSocieties,2025,1745-8552/1745-8560,否,否,否,SSCI,1.8,,医学,4 [2916/5603],否," SOCIAL SCIENCES, BIOMEDICAL 社会科学：生物医学",4 [34/46],,,,,,,,,,,三级
PEDIATRIC EXERCISE SCIENCE,2025,0899-8493/1543-2920,否,否,否,SCIE,1.3,,医学,4 [2917/5603],否, PEDIATRICS 儿科,4 [86/185], PHYSIOLOGY 生理学,4 [52/84], SPORT SCIENCES 运动科学,4 [74/126],,,,,,,三级
Plastic and Reconstructive Surgery-Global Open,2025,2169-7574/2169-7574,否,否,是,ESCI,1.8,,医学,4 [2918/5603],否, SURGERY 外科,4 [153/292],,,,,,,,,,,三级
Sexual Health,2025,1448-5028/1449-8987,否,否,否,SSCI;SCIE,2.2,,医学,4 [2919/5603],否, INFECTIOUS DISEASES 传染病学,4 [82/134]," PUBLIC, ENVIRONMENTAL & OCCUPATIONAL HEALTH 公共卫生、环境卫生与职业卫生",4 [225/404],,,,,,,,,三级
Workplace Health & Safety,2025,2165-0799/2165-0969,否,否,否,SSCI;SCIE,2.1,,医学,4 [2920/5603],否, NURSING 护理,4 [80/191],,,,,,,,,,,三级
Diagnostic and Interventional Radiology,2025,1305-3612/1305-3612,否,否,是,SCIE,1.7,,医学,4 [2921/5603],否," RADIOLOGY, NUCLEAR MEDICINE & MEDICAL IMAGING 核医学",4 [107/206],,,,,,,,,,,三级
NEUROSCIENCE LETTERS,2025,0304-3940/1872-7972,否,否,否,SCIE,2,,医学,4 [2922/5603],否, NEUROSCIENCES 神经科学,4 [213/309],,,,,,,,,,,三级
CELL TRANSPLANTATION,2025,0963-6897/1555-3892,否,否,是,SCIE,3.2,,医学,4 [2923/5603],否, TRANSPLANTATION 移植,3 [16/31], CELL & TISSUE ENGINEERING 细胞与组织工程,4 [22/31]," MEDICINE, RESEARCH & EXPERIMENTAL 医学：研究与实验",4 [104/188],,,,,,,三级
Frontiers in Neuroanatomy,2025,1662-5129/1662-5129,否,否,是,SCIE,2.3,,医学,4 [2924/5603],否, ANATOMY & MORPHOLOGY 解剖学与形态学,3 [8/22], NEUROSCIENCES 神经科学,4 [214/309],,,,,,,,,三级
Journal of Visceral Surgery,2025,1878-7886/1878-7886,否,否,否,SCIE,2,,医学,4 [2925/5603],否, SURGERY 外科,4 [154/292],,,,,,,,,,,三级
Anemia,2025,2090-1267/2090-1275,否,否,是,ESCI,2.6,,医学,4 [2926/5603],否, HEMATOLOGY 血液学,4 [56/96],,,,,,,,,,,三级
Genes and Environment,2025,1880-7046/1880-7062,否,否,是,SCIE,1.9,,医学,4 [2927/5603],否, GENETICS & HEREDITY 遗传学,4 [105/190], TOXICOLOGY 毒理学,4 [64/106],,,,,,,,,三级
INQUIRY-THE JOURNAL OF HEALTH CARE ORGANIZATION PROVISION AND FINANCING,2025,0046-9580/1945-7243,否,否,是,SSCI;SCIE,2.3,,医学,4 [2928/5603],否, HEALTH CARE SCIENCES & SERVICES 卫生保健与服务,4 [107/173], HEALTH POLICY & SERVICES 卫生政策与服务,4 [83/118],,,,,,,,,三级
BMJ Supportive & Palliative Care,2025,2045-435X/2045-4368,否,否,否,SCIE,1.8,,医学,4 [2929/5603],否, HEALTH CARE SCIENCES & SERVICES 卫生保健与服务,4 [108/173],,,,,,,,,,,三级
Frontiers in Neuroinformatics,2025,1662-5196/1662-5196,否,否,是,SCIE,2.5,,医学,4 [2930/5603],否, MATHEMATICAL & COMPUTATIONAL BIOLOGY 数学与计算生物学,4 [32/66], NEUROSCIENCES 神经科学,4 [215/309],,,,,,,,,三级
CURRENT CARDIOLOGY REVIEWS,2025,1573-403X/1875-6557,是,否,否,ESCI,2.2,,医学,4 [2931/5603],否, CARDIAC & CARDIOVASCULAR SYSTEMS 心脏和心血管系统,4 [126/223],,,,,,,,,,,三级
NEPHRON,2025,1660-8151/2235-3186,否,否,否,SCIE,1.8,,医学,4 [2932/5603],否, UROLOGY & NEPHROLOGY 泌尿学与肾脏学,4 [74/126],,,,,,,,,,,三级
International Journal of Fertility & Sterility,2025,2008-076X/2008-0778,否,否,是,ESCI,2.2,,医学,4 [2933/5603],否, OBSTETRICS & GYNECOLOGY 妇产科学,4 [74/135],,,,,,,,,,,三级
Critical Care Research and Practice,2025,2090-1305/2090-1313,否,否,是,ESCI,1.8,,医学,4 [2934/5603],否, CRITICAL CARE MEDICINE 危重病医学,4 [32/56],,,,,,,,,,,三级
Human Fertility,2025,1464-7273/1742-8149,否,否,是,SCIE,1.5,,医学,4 [2935/5603],否, OBSTETRICS & GYNECOLOGY 妇产科学,4 [75/135], REPRODUCTIVE BIOLOGY 生殖生物学,4 [28/39],,,,,,,,,三级
Respiratory Medicine and Research,2025,2590-0412/2590-0412,否,否,否,SCIE,1.8,,医学,4 [2936/5603],否, RESPIRATORY SYSTEM 呼吸系统,4 [64/101],,,,,,,,,,,三级
OBSTETRICAL & GYNECOLOGICAL SURVEY,2025,0029-7828/1533-9866,否,否,否,SCIE,3.6,,医学,4 [2937/5603],否, OBSTETRICS & GYNECOLOGY 妇产科学,4 [76/135],,,,,,,,,,,三级
Science of Diabetes Self-Management and Care,2025,2635-0106/2635-0114,否,否,否,SSCI;SCIE,2.2,,医学,4 [2938/5603],否, ENDOCRINOLOGY & METABOLISM 内分泌学与代谢,4 [130/184]," PUBLIC, ENVIRONMENTAL & OCCUPATIONAL HEALTH 公共卫生、环境卫生与职业卫生",4 [226/404],,,,,,,,,三级
CUAJ-Canadian Urological Association Journal,2025,1911-6470/1920-1214,否,否,否,SCIE,2,,医学,4 [2939/5603],否, UROLOGY & NEPHROLOGY 泌尿学与肾脏学,4 [75/126],,,,,,,,,,,三级
Pregnancy Hypertension-An International Journal of Womens Cardiovascular Health,2025,2210-7789/2210-7789,否,否,否,SCIE,2.9,,医学,4 [2940/5603],否, OBSTETRICS & GYNECOLOGY 妇产科学,4 [77/135], PERIPHERAL VASCULAR DISEASE 外周血管病,4 [62/96],,,,,,,,,三级
JTCVS Techniques,2025,2666-2507/2666-2507,否,否,否,ESCI,1.9,,医学,4 [2941/5603],否, CARDIAC & CARDIOVASCULAR SYSTEMS 心脏和心血管系统,4 [127/223], SURGERY 外科,4 [155/292],,,,,,,,,三级
IEEE Open Journal of Engineering in Medicine and Biology,2025,2644-1276/2644-1276,否,否,是,ESCI,2.9,,医学,4 [2942/5603],否," ENGINEERING, BIOMEDICAL 工程：生物医学",4 [76/120],,,,,,,,,,,三级
Journal of Disability Policy Studies,2025,1044-2073/1538-4802,否,否,否,SSCI,1.2,,医学,4 [2943/5603],否, REHABILITATION 康复医学,4 [83/169],,,,,,,,,,,三级
WESTERN JOURNAL OF NURSING RESEARCH,2025,0193-9459/1552-8456,否,否,否,SSCI;SCIE,1.7,,医学,4 [2944/5603],否, NURSING 护理,4 [81/191],,,,,,,,,,,三级
Fatigue-Biomedicine Health and Behavior,2025,2164-1846/2164-1862,否,否,否,ESCI,2.2,,医学,4 [2945/5603],否," MEDICINE, RESEARCH & EXPERIMENTAL 医学：研究与实验",4 [105/188],,,,,,,,,,,三级
BIOORGANIC & MEDICINAL CHEMISTRY LETTERS,2025,0960-894X/1464-3405,否,否,否,SCIE,2.2,,医学,4 [2946/5603],否," CHEMISTRY, ORGANIC 有机化学",2 [14/57]," CHEMISTRY, MEDICINAL 药物化学",4 [42/72],,,,,,,,,三级
PERSPECTIVES IN PSYCHIATRIC CARE,2025,0031-5990/1744-6163,否,否,否,SSCI;SCIE,1.9,,医学,4 [2947/5603],否, NURSING 护理,4 [82/191], PSYCHIATRY 精神病学,4 [169/277],,,,,,,,,三级
Social Work in Public Health,2025,1937-1918/1937-190X,否,否,否,SSCI,1.4,,医学,4 [2948/5603],否," PUBLIC, ENVIRONMENTAL & OCCUPATIONAL HEALTH 公共卫生、环境卫生与职业卫生",4 [227/404], SOCIAL WORK 社会工作,4 [43/91],,,,,,,,,三级
International Journal of Speech-Language Pathology,2025,1754-9507/1754-9515,否,否,否,SSCI;SCIE,1.9,,医学,4 [2949/5603],否, AUDIOLOGY & SPEECH-LANGUAGE PATHOLOGY 听力学与言语病理学,4 [21/35], LINGUISTICS 语言学,4 [196/294], REHABILITATION 康复医学,4 [84/169],,,,,,,三级
HSS Journal,2025,1556-3316/1556-3324,否,否,否,SCIE,1.3,,医学,4 [2950/5603],否, ORTHOPEDICS 骨科,4 [80/136], SURGERY 外科,4 [156/292],,,,,,,,,三级
SAGE Open Medicine,2025,2050-3121/2050-3121,否,否,是,ESCI,2.1,,医学,4 [2951/5603],否," MEDICINE, GENERAL & INTERNAL 医学：内科",3 [88/327],,,,,,,,,,,三级
BJPsych International,2025,2056-4740/2058-6264,否,否,是,ESCI,1.4,,医学,4 [2952/5603],否, PSYCHIATRY 精神病学,4 [170/277],,,,,,,,,,,三级
APHASIOLOGY,2025,0268-7038/1464-5041,否,否,否,SSCI;SCIE,2.1,,医学,4 [2953/5603],否, AUDIOLOGY & SPEECH-LANGUAGE PATHOLOGY 听力学与言语病理学,4 [22/35], CLINICAL NEUROLOGY 临床神经病学,4 [169/278], LINGUISTICS 语言学,4 [197/294], REHABILITATION 康复医学,4 [85/169],,,,,三级
Canadian Journal of Kidney Health and Disease,2025,2054-3581/2054-3581,否,否,是,ESCI,1.5,,医学,4 [2954/5603],否, UROLOGY & NEPHROLOGY 泌尿学与肾脏学,4 [76/126],,,,,,,,,,,三级
Journal of Rheumatic Diseases,2025,2093-940X/2233-4718,否,否,是,ESCI,3,,医学,4 [2955/5603],否, RHEUMATOLOGY 风湿病学,4 [31/55],,,,,,,,,,,三级
Journal of Genetic Counseling,2025,1059-7700/1573-3599,否,否,否,SSCI;SCIE,1.9,,医学,4 [2956/5603],否, GENETICS & HEREDITY 遗传学,4 [108/190], HEALTH POLICY & SERVICES 卫生政策与服务,4 [84/118]," SOCIAL SCIENCES, BIOMEDICAL 社会科学：生物医学",4 [35/46],,,,,,,三级
EXPERIMENTAL BRAIN RESEARCH,2025,0014-4819/1432-1106,否,否,否,SCIE,1.6,,医学,4 [2957/5603],否, NEUROSCIENCES 神经科学,4 [216/309],,,,,,,,,,,三级
Cost Effectiveness and Resource Allocation,2025,1478-7547/1478-7547,否,否,是,SSCI,2.5,,医学,4 [2958/5603],否, HEALTH POLICY & SERVICES 卫生政策与服务,4 [85/118],,,,,,,,,,,三级
Transplant Infectious Disease,2025,1398-2273/1399-3062,否,否,否,SCIE,2.6,,医学,4 [2959/5603],否, IMMUNOLOGY 免疫学,4 [121/179], INFECTIOUS DISEASES 传染病学,4 [83/134], TRANSPLANTATION 移植,4 [17/31],,,,,,,三级
JOURNAL OF BIOMATERIALS SCIENCE-POLYMER EDITION,2025,0920-5063/1568-5624,否,否,否,SCIE,3.6,,医学,4 [2960/5603],否, POLYMER SCIENCE 高分子科学,3 [34/94]," ENGINEERING, BIOMEDICAL 工程：生物医学",4 [77/120]," MATERIALS SCIENCE, BIOMATERIALS 材料科学：生物材料",4 [36/52],,,,,,,三级
Journal of Oral & Facial Pain and Headache,2025,2333-0384/2333-0376,否,否,否,SCIE,2.4,,医学,4 [2961/5603],否," DENTISTRY, ORAL SURGERY & MEDICINE 牙科与口腔外科",4 [85/157],,,,,,,,,,,三级
Asian Nursing Research,2025,1976-1317/2093-7482,否,否,是,SSCI;SCIE,2.3,,医学,4 [2962/5603],否, NURSING 护理,4 [83/191],,,,,,,,,,,三级
Journal of Oral Science,2025,1343-4934/1880-4926,否,否,否,SCIE,1.7,,医学,4 [2963/5603],否," DENTISTRY, ORAL SURGERY & MEDICINE 牙科与口腔外科",4 [86/157]," MATERIALS SCIENCE, BIOMATERIALS 材料科学：生物材料",4 [37/52],,,,,,,,,三级
JOURNAL OF GENERAL VIROLOGY,2025,0022-1317/1465-2099,否,否,否,SCIE,4.3,,医学,4 [2964/5603],否, BIOTECHNOLOGY & APPLIED MICROBIOLOGY 生物工程与应用微生物,3 [84/174], VIROLOGY 病毒学,4 [25/41],,,,,,,,,三级
Journal of Evidence-Based Integrative Medicine,2025,2515-690X/2515-690X,否,否,是,ESCI,3.6,,医学,4 [2965/5603],否, INTEGRATIVE & COMPLEMENTARY MEDICINE 全科医学与补充医学,4 [18/43],,,,,,,,,,,三级
Criminal Behaviour and Mental Health,2025,0957-9664/1471-2857,否,否,否,SSCI,1.3,,医学,4 [2966/5603],否, CRIMINOLOGY & PENOLOGY 犯罪学与刑罚学,4 [75/111], PSYCHIATRY 精神病学,4 [171/277],,,,,,,,,三级
Nutrition and Metabolic Insights,2025,1178-6388/1178-6388,否,否,是,ESCI,2.2,,医学,4 [2967/5603],否, NUTRITION & DIETETICS 营养学,4 [69/113],,,,,,,,,,,三级
Frontiers in Toxicology,2025,2673-3080/2673-3080,否,否,否,ESCI,4.6,,医学,4 [2968/5603],否, TOXICOLOGY 毒理学,4 [65/106],,,,,,,,,,,三级
Pharmacoeconomics-Open,2025,2509-4262/2509-4254,否,否,是,ESCI,2.1,,医学,4 [2969/5603],否, ECONOMICS 经济学,4 [308/599], HEALTH CARE SCIENCES & SERVICES 卫生保健与服务,4 [109/173], HEALTH POLICY & SERVICES 卫生政策与服务,4 [86/118], PHARMACOLOGY & PHARMACY 药学,4 [180/350],,,,,三级
Therapeutic Advances in Allergy and Rhinology,2025,2753-4030/2753-4030,否,否,否,ESCI,0.8,,医学,4 [2970/5603],否, OTORHINOLARYNGOLOGY 耳鼻喉科学,4 [36/66],,,,,,,,,,,三级
Cardiovascular Diagnosis and Therapy,2025,2223-3652/2223-3660,否,否,否,SCIE,2.1,,医学,4 [2971/5603],否, CARDIAC & CARDIOVASCULAR SYSTEMS 心脏和心血管系统,4 [128/223],,,,,,,,,,,三级
BMC Medical Genomics,2025,1755-8794/1755-8794,否,否,是,SCIE,2,,医学,4 [2972/5603],否, GENETICS & HEREDITY 遗传学,4 [110/190],,,,,,,,,,,三级
AMERICAN JOURNAL OF TROPICAL MEDICINE AND HYGIENE,2025,0002-9637/1476-1645,否,否,否,SCIE,1.6,,医学,4 [2973/5603],否, TROPICAL MEDICINE 热带医学,3 [14/28]," PUBLIC, ENVIRONMENTAL & OCCUPATIONAL HEALTH 公共卫生、环境卫生与职业卫生",4 [228/404],,,,,,,,,三级
Chinese Journal of Traumatology,2025,1008-1275/1008-1275,否,否,是,ESCI,1.9,,医学,4 [2974/5603],否, ORTHOPEDICS 骨科,4 [81/136],,,,,,,,,,,三级
JOURNAL OF CUTANEOUS PATHOLOGY,2025,0303-6987/1600-0560,否,否,否,SCIE,1.1,,医学,4 [2975/5603],否, DERMATOLOGY 皮肤病学,4 [43/94], PATHOLOGY 病理学,4 [45/88],,,,,,,,,三级
RESPIRATORY PHYSIOLOGY & NEUROBIOLOGY,2025,1569-9048/1878-1519,否,否,否,SCIE,1.6,,医学,4 [2976/5603],否, PHYSIOLOGY 生理学,4 [54/84], RESPIRATORY SYSTEM 呼吸系统,4 [65/101],,,,,,,,,三级
American Journal of Hospice & Palliative Medicine,2025,1049-9091/1938-2715,否,否,否,SCIE,1.4,,医学,4 [2977/5603],否, HEALTH CARE SCIENCES & SERVICES 卫生保健与服务,4 [110/173],,,,,,,,,,,三级
Ultrasound International Open,2025,2509-596X/2199-7152,否,否,是,ESCI,1.6,,医学,4 [2978/5603],否," RADIOLOGY, NUCLEAR MEDICINE & MEDICAL IMAGING 核医学",4 [108/206],,,,,,,,,,,三级
Journal of Public Mental Health,2025,1746-5729/2042-8731,否,否,否,ESCI,1.2,,医学,4 [2979/5603],否," PUBLIC, ENVIRONMENTAL & OCCUPATIONAL HEALTH 公共卫生、环境卫生与职业卫生",4 [229/404],,,,,,,,,,,三级
LEARNING & MEMORY,2025,1072-0502/1549-5485,否,否,否,SCIE,2.2,,医学,4 [2980/5603],否, NEUROSCIENCES 神经科学,4 [217/309],,,,,,,,,,,三级
PATHOLOGY & ONCOLOGY RESEARCH,2025,1219-4956/1532-2807,否,否,否,SCIE,2.3,,医学,4 [2981/5603],否, ONCOLOGY 肿瘤学,4 [202/318], PATHOLOGY 病理学,4 [46/88],,,,,,,,,三级
Archives of Plastic Surgery-APS,2025,2234-6163/2234-6171,否,否,是,ESCI,1.5,,医学,4 [2982/5603],否, SURGERY 外科,4 [157/292],,,,,,,,,,,三级
ACTA OTO-LARYNGOLOGICA,2025,0001-6489/1651-2251,否,否,否,SCIE,1,,医学,4 [2983/5603],否, OTORHINOLARYNGOLOGY 耳鼻喉科学,4 [37/66],,,,,,,,,,,三级
INTERNATIONAL JOURNAL OF ORAL & MAXILLOFACIAL IMPLANTS,2025,0882-2786/1942-4434,否,否,否,SCIE,1.7,,医学,4 [2984/5603],否," DENTISTRY, ORAL SURGERY & MEDICINE 牙科与口腔外科",4 [87/157],,,,,,,,,,,三级
TRANSACTIONS OF THE ROYAL SOCIETY OF TROPICAL MEDICINE AND HYGIENE,2025,0035-9203/1878-3503,否,否,否,SCIE,1.5,,医学,4 [2985/5603],否, TROPICAL MEDICINE 热带医学,3 [15/28]," PUBLIC, ENVIRONMENTAL & OCCUPATIONAL HEALTH 公共卫生、环境卫生与职业卫生",4 [230/404],,,,,,,,,三级
Exploratory Research in Clinical and Social Pharmacy,2025,2667-2766/2667-2766,否,否,否,ESCI,1.8,,医学,4 [2986/5603],否, PHARMACOLOGY & PHARMACY 药学,4 [181/350],,,,,,,,,,,三级
Physical and Engineering Sciences in Medicine,2025,2662-4729/2662-4737,否,否,否,SCIE,2,,医学,4 [2987/5603],否," ENGINEERING, BIOMEDICAL 工程：生物医学",4 [78/120]," RADIOLOGY, NUCLEAR MEDICINE & MEDICAL IMAGING 核医学",4 [109/206],,,,,,,,,三级
STEM CELLS AND DEVELOPMENT,2025,1547-3287/1557-8534,否,否,否,SCIE,2,,医学,4 [2988/5603],否, CELL & TISSUE ENGINEERING 细胞与组织工程,4 [23/31], HEMATOLOGY 血液学,4 [57/96]," MEDICINE, RESEARCH & EXPERIMENTAL 医学：研究与实验",4 [106/188], TRANSPLANTATION 移植,4 [18/31],,,,,三级
AMERICAN JOURNAL OF PHYSICAL MEDICINE & REHABILITATION,2025,0894-9115/1537-7385,否,否,否,SCIE,2.4,,医学,4 [2989/5603],否, REHABILITATION 康复医学,4 [86/169], SPORT SCIENCES 运动科学,4 [76/126],,,,,,,,,三级
FOLIA PHONIATRICA ET LOGOPAEDICA,2025,1021-7762/1421-9972,否,否,否,SSCI;SCIE,0.7,,医学,4 [2990/5603],否, AUDIOLOGY & SPEECH-LANGUAGE PATHOLOGY 听力学与言语病理学,4 [23/35], OTORHINOLARYNGOLOGY 耳鼻喉科学,4 [38/66], REHABILITATION 康复医学,4 [87/169],,,,,,,三级
JCR-JOURNAL OF CLINICAL RHEUMATOLOGY,2025,1076-1608/1536-7355,否,否,否,SCIE,1.8,,医学,4 [2991/5603],否, RHEUMATOLOGY 风湿病学,4 [32/55],,,,,,,,,,,三级
JOURNAL OF FORENSIC SCIENCES,2025,0022-1198/1556-4029,否,否,否,SCIE,1.8,,医学,4 [2992/5603],否," MEDICINE, LEGAL 医学：法",3 [10/23],,,,,,,,,,,三级
Oral Radiology,2025,0911-6028/1613-9674,否,否,否,SCIE,1.7,,医学,4 [2993/5603],否," DENTISTRY, ORAL SURGERY & MEDICINE 牙科与口腔外科",4 [88/157],,,,,,,,,,,三级
Translational Andrology and Urology,2025,2223-4683/2223-4691,否,否,否,SCIE,1.7,,医学,4 [2994/5603],否, ANDROLOGY 男科学,4 [6/8], UROLOGY & NEPHROLOGY 泌尿学与肾脏学,4 [77/126],,,,,,,,,三级
Biomedical Materials,2025,1748-6041/1748-605X,否,否,否,SCIE,3.7,,医学,4 [2995/5603],否," ENGINEERING, BIOMEDICAL 工程：生物医学",4 [79/120]," MATERIALS SCIENCE, BIOMATERIALS 材料科学：生物材料",4 [38/52],,,,,,,,,三级
DEVELOPMENTAL NEUROSCIENCE,2025,0378-5866/1421-9859,否,否,否,SCIE,2,,医学,4 [2996/5603],否, DEVELOPMENTAL BIOLOGY 发育生物学,3 [20/39], NEUROSCIENCES 神经科学,4 [218/309],,,,,,,,,三级
JOURNAL OF CHILD AND ADOLESCENT PSYCHOPHARMACOLOGY,2025,1044-5463/1557-8992,否,否,否,SCIE,2.2,,医学,4 [2997/5603],否, PEDIATRICS 儿科,4 [87/185], PHARMACOLOGY & PHARMACY 药学,4 [182/350], PSYCHIATRY 精神病学,4 [172/277],,,,,,,三级
Frontiers in Health Services,2025,2813-0146/2813-0146,否,否,是,ESCI,2.7,,医学,4 [2998/5603],否, HEALTH CARE SCIENCES & SERVICES 卫生保健与服务,4 [111/173]," PUBLIC, ENVIRONMENTAL & OCCUPATIONAL HEALTH 公共卫生、环境卫生与职业卫生",4 [231/404],,,,,,,,,三级
Clinical Lymphoma Myeloma & Leukemia,2025,2152-2650/2152-2669,否,否,否,SCIE,2.7,,医学,4 [2999/5603],否, HEMATOLOGY 血液学,4 [58/96], ONCOLOGY 肿瘤学,4 [203/318],,,,,,,,,三级
JOURNAL OF MEDICAL MICROBIOLOGY,2025,0022-2615/1473-5644,否,否,否,SCIE,2,,医学,4 [3000/5603],否, MICROBIOLOGY 微生物学,4 [97/159],,,,,,,,,,,三级
Healthcare Technology Letters,2025,2053-3713/2053-3713,否,否,是,ESCI,3.3,,医学,4 [3001/5603],否," ENGINEERING, BIOMEDICAL 工程：生物医学",4 [80/120],,,,,,,,,,,三级
Disability and Rehabilitation-Assistive Technology,2025,1748-3107/1748-3115,否,否,否,SSCI,2.2,,医学,4 [3002/5603],否, REHABILITATION 康复医学,4 [88/169],,,,,,,,,,,三级
Birth Defects Research,2025,2472-1727/2472-1727,否,否,否,SCIE,1.6,,医学,4 [3003/5603],否, DEVELOPMENTAL BIOLOGY 发育生物学,4 [21/39], TOXICOLOGY 毒理学,4 [66/106],,,,,,,,,三级
Clinical Epidemiology and Global Health,2025,2452-0918/2213-3984,否,否,是,ESCI,1.7,,医学,4 [3004/5603],否," PUBLIC, ENVIRONMENTAL & OCCUPATIONAL HEALTH 公共卫生、环境卫生与职业卫生",4 [232/404],,,,,,,,,,,三级
Brazilian Journal of Anesthesiology,2025,0104-0014/2352-2291,否,否,是,SCIE,1.9,,医学,4 [3005/5603],否, ANESTHESIOLOGY 麻醉学,4 [32/64],,,,,,,,,,,三级
JOURNAL OF PHARMACOKINETICS AND PHARMACODYNAMICS,2025,1567-567X/1573-8744,否,否,否,SCIE,2.8,,医学,4 [3006/5603],否, PHARMACOLOGY & PHARMACY 药学,4 [184/350],,,,,,,,,,,三级
AMERICAN JOURNAL OF MEDICAL GENETICS PART B-NEUROPSYCHIATRIC GENETICS,2025,1552-4841/1552-485X,否,否,否,SCIE,1.5,,医学,4 [3007/5603],否, GENETICS & HEREDITY 遗传学,4 [112/190], PSYCHIATRY 精神病学,4 [173/277],,,,,,,,,三级
INTERNATIONAL JOURNAL OF PERIODONTICS & RESTORATIVE DENTISTRY,2025,0198-7569/1945-3388,否,否,否,SCIE,1.1,,医学,4 [3008/5603],否," DENTISTRY, ORAL SURGERY & MEDICINE 牙科与口腔外科",4 [89/157],,,,,,,,,,,三级
Molecular and Cellular Pediatrics,2025,2194-7791/2194-7791,否,否,是,ESCI,3.4,,医学,4 [3009/5603],否, PEDIATRICS 儿科,4 [88/185],,,,,,,,,,,三级
Visceral Medicine,2025,2297-4725/2297-475X,是,否,否,SCIE,1.6,,医学,4 [3010/5603],否, GASTROENTEROLOGY & HEPATOLOGY 胃肠肝病学,4 [84/143], SURGERY 外科,4 [158/292],,,,,,,,,三级
Medicina del Lavoro,2025,0025-7818/0025-7818,否,否,否,SCIE,2,,医学,4 [3011/5603],否," PUBLIC, ENVIRONMENTAL & OCCUPATIONAL HEALTH 公共卫生、环境卫生与职业卫生",4 [233/404],,,,,,,,,,,三级
Research in Pharmaceutical Sciences,2025,1735-5362/1735-9414,否,否,是,ESCI,2.1,,医学,4 [3012/5603],否," CHEMISTRY, MEDICINAL 药物化学",4 [43/72],,,,,,,,,,,三级
Oral and Maxillofacial Surgery-Heidelberg,2025,1865-1550/1865-1569,否,否,否,ESCI,1.8,,医学,4 [3013/5603],否," DENTISTRY, ORAL SURGERY & MEDICINE 牙科与口腔外科",4 [90/157],,,,,,,,,,,三级
Stroke Research and Treatment,2025,2090-8105/2042-0056,否,否,是,ESCI,1.6,,医学,4 [3014/5603],否, PERIPHERAL VASCULAR DISEASE 外周血管病,4 [63/96],,,,,,,,,,,三级
JOURNAL OF NEURO-OPHTHALMOLOGY,2025,1070-8022/1536-5166,否,否,否,SCIE,2,,医学,4 [3015/5603],否, CLINICAL NEUROLOGY 临床神经病学,4 [170/278], OPHTHALMOLOGY 眼科学,4 [53/95],,,,,,,,,三级
Cancer Management and Research,2025,1179-1322/1179-1322,否,否,是,SCIE,2.6,,医学,4 [3016/5603],否, ONCOLOGY 肿瘤学,4 [204/318],,,,,,,,,,,三级
TRANSFUSION MEDICINE AND HEMOTHERAPY,2025,1660-3796/1660-3818,否,否,否,SCIE,1.9,,医学,4 [3017/5603],否, HEMATOLOGY 血液学,4 [59/96], IMMUNOLOGY 免疫学,4 [122/179],,,,,,,,,三级
JOURNAL OF PHARMACY AND PHARMACEUTICAL SCIENCES,2025,1482-1826/1482-1826,否,否,是,SCIE,4.3,,医学,4 [3018/5603],否, PHARMACOLOGY & PHARMACY 药学,4 [185/350],,,,,,,,,,,三级
Frontline Gastroenterology,2025,2041-4137/2041-4145,否,否,否,ESCI,3.1,,医学,4 [3019/5603],否, GASTROENTEROLOGY & HEPATOLOGY 胃肠肝病学,4 [85/143],,,,,,,,,,,三级
PHOTODERMATOLOGY PHOTOIMMUNOLOGY & PHOTOMEDICINE,2025,0905-4383/1600-0781,否,否,否,SCIE,2.2,,医学,4 [3020/5603],否, DERMATOLOGY 皮肤病学,4 [44/94],,,,,,,,,,,三级
Journal of Medical Radiation Sciences,2025,2051-3895/2051-3909,否,否,是,ESCI,2,,医学,4 [3021/5603],否," RADIOLOGY, NUCLEAR MEDICINE & MEDICAL IMAGING 核医学",4 [110/206],,,,,,,,,,,三级
INTERVENTIONAL NEURORADIOLOGY,2025,1591-0199/2385-2011,否,否,否,SCIE,2.1,,医学,4 [3022/5603],否, CLINICAL NEUROLOGY 临床神经病学,4 [171/278]," RADIOLOGY, NUCLEAR MEDICINE & MEDICAL IMAGING 核医学",4 [111/206],,,,,,,,,三级
Canadian Journal of Human Sexuality,2025,1188-4517/2291-7063,否,否,否,ESCI,1.2,,医学,4 [3023/5603],否," PUBLIC, ENVIRONMENTAL & OCCUPATIONAL HEALTH 公共卫生、环境卫生与职业卫生",4 [234/404],,,,,,,,,,,三级
Medical Ultrasonography,2025,1844-4172/2066-8643,否,否,否,SCIE,2.3,,医学,4 [3024/5603],否, ACOUSTICS 声学,4 [17/40]," RADIOLOGY, NUCLEAR MEDICINE & MEDICAL IMAGING 核医学",4 [112/206],,,,,,,,,三级
JOURNAL OF CLINICAL DENSITOMETRY,2025,1094-6950/1559-0747,否,否,否,SCIE,1.6,,医学,4 [3025/5603],否, ENDOCRINOLOGY & METABOLISM 内分泌学与代谢,4 [131/184],,,,,,,,,,,三级
Canadian Journal of Emergency Medicine,2025,1481-8035/1481-8043,否,否,否,SCIE,2,,医学,4 [3026/5603],否, EMERGENCY MEDICINE 急救医学,4 [27/54],,,,,,,,,,,三级
OPHTHALMIC PLASTIC AND RECONSTRUCTIVE SURGERY,2025,0740-9303/1537-2677,否,否,否,SCIE,1.3,,医学,4 [3027/5603],否, OPHTHALMOLOGY 眼科学,4 [54/95], SURGERY 外科,4 [159/292],,,,,,,,,三级
Nanomedicine,2025,1743-5889/1748-6963,否,否,否,SCIE,3.9,,医学,4 [3028/5603],否, BIOTECHNOLOGY & APPLIED MICROBIOLOGY 生物工程与应用微生物,3 [86/174], NANOSCIENCE & NANOTECHNOLOGY 纳米科技,4 [75/139],,,,,,,,,三级
Comprehensive Psychoneuroendocrinology,2025,2666-4976/2666-4976,否,否,否,ESCI,2.5,,医学,4 [3029/5603],否, ENDOCRINOLOGY & METABOLISM 内分泌学与代谢,4 [132/184], NEUROSCIENCES 神经科学,4 [219/309], PSYCHIATRY 精神病学,4 [174/277],,,,,,,三级
Anatomical Record-Advances in Integrative Anatomy and Evolutionary Biology,2025,1932-8486/1932-8494,否,否,否,SCIE,2.1,,医学,4 [3030/5603],否, ANATOMY & MORPHOLOGY 解剖学与形态学,3 [9/22],,,,,,,,,,,三级
ANNALS OF SAUDI MEDICINE,2025,0256-4947/1319-9226,否,否,是,SCIE,1.8,,医学,4 [3031/5603],否," MEDICINE, GENERAL & INTERNAL 医学：内科",3 [89/327],,,,,,,,,,,三级
JOURNAL OF NEUROSCIENCE NURSING,2025,0888-0395/1945-2810,否,否,否,SSCI;SCIE,2,,医学,4 [3032/5603],否, CLINICAL NEUROLOGY 临床神经病学,4 [172/278], NURSING 护理,4 [84/191],,,,,,,,,三级
Pedagogy in Health Promotion,2025,2373-3799/2373-3802,否,否,否,ESCI,1.5,,医学,4 [3033/5603],否, EDUCATION & EDUCATIONAL RESEARCH 教育学和教育研究,4 [432/754]," PUBLIC, ENVIRONMENTAL & OCCUPATIONAL HEALTH 公共卫生、环境卫生与职业卫生",4 [235/404],,,,,,,,,三级
CURRENT DIABETES REVIEWS,2025,1573-3998/1875-6417,是,否,否,ESCI,1.9,,医学,4 [3034/5603],否, ENDOCRINOLOGY & METABOLISM 内分泌学与代谢,4 [133/184],,,,,,,,,,,三级
SKIN RESEARCH AND TECHNOLOGY,2025,0909-752X/1600-0846,否,否,否,SCIE,3.2,,医学,4 [3035/5603],否, DERMATOLOGY 皮肤病学,4 [45/94],,,,,,,,,,,三级
LUPUS,2025,0961-2033/1477-0962,否,否,否,SCIE,1.9,,医学,4 [3036/5603],否, RHEUMATOLOGY 风湿病学,4 [33/55],,,,,,,,,,,三级
Clinical Spine Surgery,2025,2380-0186/2380-0186,否,否,否,SCIE,1.7,,医学,4 [3037/5603],否, CLINICAL NEUROLOGY 临床神经病学,4 [173/278], ORTHOPEDICS 骨科,4 [82/136],,,,,,,,,三级
Aesthetic Surgery Journal Open Forum,2025,2631-4797/2631-4797,否,否,是,ESCI,1.9,,医学,4 [3038/5603],否, SURGERY 外科,4 [160/292],,,,,,,,,,,三级
JOURNAL OF OBSTETRICS AND GYNAECOLOGY RESEARCH,2025,1341-8076/1447-0756,否,否,否,SCIE,1.5,,医学,4 [3039/5603],否, OBSTETRICS & GYNECOLOGY 妇产科学,4 [78/135],,,,,,,,,,,三级
Canadian Journal of Gastroenterology and Hepatology,2025,2291-2789/2291-2797,否,否,是,SCIE,2.3,,医学,4 [3040/5603],否, GASTROENTEROLOGY & HEPATOLOGY 胃肠肝病学,4 [86/143],,,,,,,,,,,三级
Journal of Neuroscience Psychology and Economics,2025,1937-321X/2151-318X,否,否,否,SSCI,0.9,,医学,4 [3041/5603],否, ECONOMICS 经济学,4 [317/599]," PSYCHOLOGY, MULTIDISCIPLINARY 心理学：综合",4 [125/219],,,,,,,,,三级
HIV AIDS-Research and Palliative Care,2025,1179-1373/1179-1373,否,否,是,ESCI,1.8,,医学,4 [3042/5603],否, INFECTIOUS DISEASES 传染病学,4 [84/134],,,,,,,,,,,三级
JBJS Open Access,2025,2472-7245/2472-7245,否,否,是,ESCI,3.8,,医学,4 [3043/5603],否, ORTHOPEDICS 骨科,4 [83/136], SURGERY 外科,4 [161/292],,,,,,,,,三级
European Journal of Medical Genetics,2025,1769-7212/1878-0849,否,否,否,SCIE,1.7,,医学,4 [3044/5603],否, GENETICS & HEREDITY 遗传学,4 [113/190],,,,,,,,,,,三级
Journal of Emergencies Trauma and Shock,2025,0974-2700/0974-519X,否,否,是,ESCI,0.7,,医学,4 [3045/5603],否, EMERGENCY MEDICINE 急救医学,4 [28/54],,,,,,,,,,,三级
Womens Health Reports,2025,2688-4844/2688-4844,否,否,是,ESCI,1.8,,医学,4 [3046/5603],否, OBSTETRICS & GYNECOLOGY 妇产科学,4 [79/135],,,,,,,,,,,三级
Dose-Response,2025,1559-3258/1559-3258,否,否,是,SCIE,2.4,,医学,4 [3047/5603],否, PHARMACOLOGY & PHARMACY 药学,4 [186/350]," RADIOLOGY, NUCLEAR MEDICINE & MEDICAL IMAGING 核医学",4 [113/206],,,,,,,,,三级
OTOLARYNGOLOGIC CLINICS OF NORTH AMERICA,2025,0030-6665/1557-8259,是,否,否,SCIE,1.4,,医学,4 [3048/5603],否, OTORHINOLARYNGOLOGY 耳鼻喉科学,4 [39/66],,,,,,,,,,,三级
Journal of Mental Health Research in Intellectual Disabilities,2025,1931-5864/1931-5872,否,否,否,SSCI,1.1,,医学,4 [3049/5603],否," EDUCATION, SPECIAL 特殊教育学",4 [38/62], PSYCHIATRY 精神病学,4 [175/277], REHABILITATION 康复医学,4 [89/169],,,,,,,三级
INTERNATIONAL JOURNAL OF CLINICAL PRACTICE,2025,1368-5031/1742-1241,否,否,是,SCIE,2.4,,医学,4 [3050/5603],否," MEDICINE, GENERAL & INTERNAL 医学：内科",4 [91/327],,,,,,,,,,,三级
Chronic Illness,2025,1742-3953/1745-9206,否,否,否,SSCI;SCIE,1.8,,医学,4 [3051/5603],否, HEALTH CARE SCIENCES & SERVICES 卫生保健与服务,4 [112/173]," MEDICINE, GENERAL & INTERNAL 医学：内科",4 [92/327]," PUBLIC, ENVIRONMENTAL & OCCUPATIONAL HEALTH 公共卫生、环境卫生与职业卫生",4 [236/404],,,,,,,三级
JOURNAL OF MUSIC THERAPY,2025,0022-2917/2053-7395,否,否,否,SSCI,0.8,,医学,4 [3052/5603],否, REHABILITATION 康复医学,4 [90/169],,,,,,,,,,,三级
Parkinsons Disease,2025,2090-8083/2042-0080,否,否,是,SCIE,2.2,,医学,4 [3053/5603],否, CLINICAL NEUROLOGY 临床神经病学,4 [174/278],,,,,,,,,,,三级
NEUROIMAGING CLINICS OF NORTH AMERICA,2025,1052-5149/1557-9867,否,否,否,SCIE,2,,医学,4 [3054/5603],否, NEUROIMAGING 神经成像,4 [11/16], NEUROSCIENCES 神经科学,4 [220/309]," RADIOLOGY, NUCLEAR MEDICINE & MEDICAL IMAGING 核医学",4 [114/206],,,,,,,三级
Adolescent Health Medicine and Therapeutics,2025,1179-318X/1179-318X,否,否,是,ESCI,3.3,,医学,4 [3055/5603],否, PEDIATRICS 儿科,4 [89/185],,,,,,,,,,,三级
Clinical & Translational Oncology,2025,1699-048X/1699-3055,否,否,否,SCIE,2.5,,医学,4 [3056/5603],否, ONCOLOGY 肿瘤学,4 [205/318],,,,,,,,,,,三级
International Journal of Particle Therapy,2025,2331-5180/2331-5180,否,否,是,ESCI,2,,医学,4 [3057/5603],否, ONCOLOGY 肿瘤学,4 [206/318]," RADIOLOGY, NUCLEAR MEDICINE & MEDICAL IMAGING 核医学",4 [115/206],,,,,,,,,三级
INHALATION TOXICOLOGY,2025,0895-8378/1091-7691,否,否,否,SCIE,2,,医学,4 [3058/5603],否, TOXICOLOGY 毒理学,4 [68/106],,,,,,,,,,,三级
Indian Journal of Dermatology Venereology & Leprology,2025,0378-6323/0973-3922,否,否,是,SCIE,3.4,,医学,4 [3059/5603],否, DERMATOLOGY 皮肤病学,4 [46/94],,,,,,,,,,,三级
SCANDINAVIAN JOURNAL OF GASTROENTEROLOGY,2025,0036-5521/1502-7708,否,否,否,SCIE,1.7,,医学,4 [3060/5603],否, GASTROENTEROLOGY & HEPATOLOGY 胃肠肝病学,4 [87/143],,,,,,,,,,,三级
Anatomy & Cell Biology,2025,2093-3665/2093-3673,否,否,否,ESCI,1.2,,医学,4 [3061/5603],否, ANATOMY & MORPHOLOGY 解剖学与形态学,4 [11/22],,,,,,,,,,,三级
BJPsych Bulletin,2025,2056-4694/2056-4708,否,否,是,ESCI,2,,医学,4 [3062/5603],否, PSYCHIATRY 精神病学,4 [176/277],,,,,,,,,,,三级
Cancer Informatics,2025,1176-9351/1176-9351,否,否,是,ESCI,2.5,,医学,4 [3063/5603],否, MATHEMATICAL & COMPUTATIONAL BIOLOGY 数学与计算生物学,4 [36/66], ONCOLOGY 肿瘤学,4 [207/318],,,,,,,,,三级
IMMUNOLOGICAL INVESTIGATIONS,2025,0882-0139/1532-4311,否,否,否,SCIE,2.4,,医学,4 [3064/5603],否, IMMUNOLOGY 免疫学,4 [123/179],,,,,,,,,,,三级
Current Behavioral Neuroscience Reports,2025,2196-2979/2196-2979,是,否,否,ESCI,1,,医学,4 [3065/5603],否, NEUROSCIENCES 神经科学,4 [223/309], PSYCHIATRY 精神病学,4 [177/277],,,,,,,,,三级
Practical Laboratory Medicine,2025,2352-5517/2352-5517,否,否,是,ESCI,1.3,,医学,4 [3066/5603],否, MEDICAL LABORATORY TECHNOLOGY 医学实验技术,4 [18/31],,,,,,,,,,,三级
CytoJournal,2025,0974-5963/1742-6413,否,否,否,SCIE,3.1,,医学,4 [3067/5603],否, PATHOLOGY 病理学,4 [47/88],,,,,,,,,,,三级
Pediatric Quality & Safety,2025,2472-0054/2472-0054,否,否,是,ESCI,1.1,,医学,4 [3068/5603],否, PEDIATRICS 儿科,4 [90/185],,,,,,,,,,,三级
JOURNAL OF BACK AND MUSCULOSKELETAL REHABILITATION,2025,1053-8127/1878-6324,否,否,否,SCIE,1.4,,医学,4 [3069/5603],否, ORTHOPEDICS 骨科,4 [84/136], REHABILITATION 康复医学,4 [91/169],,,,,,,,,三级
ACADEMIC PSYCHIATRY,2025,1042-9670/1545-7230,否,否,否,SSCI,2.8,,医学,4 [3070/5603],否, EDUCATION & EDUCATIONAL RESEARCH 教育学和教育研究,4 [439/754], PSYCHIATRY 精神病学,4 [178/277],,,,,,,,,三级
Annals of Surgical Treatment and Research,2025,2288-6575/2288-6796,否,否,否,SCIE,1.6,,医学,4 [3071/5603],否, SURGERY 外科,4 [162/292],,,,,,,,,,,三级
JOURNAL OF MUSCULOSKELETAL & NEURONAL INTERACTIONS,2025,1108-7161,否,否,否,SCIE,1.6,,医学,4 [3072/5603],否, NEUROSCIENCES 神经科学,4 [224/309], PHYSIOLOGY 生理学,4 [55/84],,,,,,,,,三级
Arthroplasty Today,2025,2352-3441/2352-3441,否,否,是,ESCI,2.1,,医学,4 [3073/5603],否, ORTHOPEDICS 骨科,4 [85/136],,,,,,,,,,,三级
European Journal of Radiology Open,2025,2352-0477/2352-0477,否,否,是,ESCI,2.9,,医学,4 [3074/5603],否," RADIOLOGY, NUCLEAR MEDICINE & MEDICAL IMAGING 核医学",4 [116/206],,,,,,,,,,,三级
ALLERGOLOGIA ET IMMUNOPATHOLOGIA,2025,0301-0546/1578-1267,否,否,否,SCIE,2.1,,医学,4 [3075/5603],否, ALLERGY 过敏,4 [23/39], IMMUNOLOGY 免疫学,4 [124/179],,,,,,,,,三级
Surgical Infections,2025,1096-2964/1557-8674,否,否,否,SCIE,1.4,,医学,4 [3076/5603],否, INFECTIOUS DISEASES 传染病学,4 [85/134], SURGERY 外科,4 [163/292],,,,,,,,,三级
ARCHIVES OF VIROLOGY,2025,0304-8608/1432-8798,否,否,否,SCIE,2.5,,医学,4 [3077/5603],否, VIROLOGY 病毒学,4 [26/41],,,,,,,,,,,三级
International Journal of Hypertension,2025,2090-0384/2090-0392,否,否,是,SCIE,1.7,,医学,4 [3078/5603],否, PERIPHERAL VASCULAR DISEASE 外周血管病,4 [64/96],,,,,,,,,,,三级
Violence and Victims,2025,0886-6708/1945-7073,否,否,否,SSCI,1.1,,医学,4 [3079/5603],否, CRIMINOLOGY & PENOLOGY 犯罪学与刑罚学,4 [76/111],,,,,,,,,,,三级
JOURNAL OF PHARMACY AND PHARMACOLOGY,2025,0022-3573/2042-7158,否,否,否,SCIE,3.2,,医学,4 [3080/5603],否, PHARMACOLOGY & PHARMACY 药学,4 [187/350],,,,,,,,,,,三级
Clinical Imaging,2025,0899-7071/1873-4499,否,否,否,SCIE,1.5,,医学,4 [3081/5603],否," RADIOLOGY, NUCLEAR MEDICINE & MEDICAL IMAGING 核医学",4 [117/206],,,,,,,,,,,三级
ACTA CYTOLOGICA,2025,0001-5547/1938-2650,否,否,否,SCIE,1.7,,医学,4 [3082/5603],否, PATHOLOGY 病理学,4 [48/88],,,,,,,,,,,三级
Journal of the Chinese Medical Association,2025,1726-4901/1728-7731,否,否,否,SCIE,2.4,,医学,4 [3083/5603],否," MEDICINE, GENERAL & INTERNAL 医学：内科",4 [93/327],,,,,,,,,,,三级
Future Journal of Pharmaceutical Sciences,2025,2314-7245/2314-7253,否,否,是,ESCI,3,,医学,4 [3084/5603],否, PHARMACOLOGY & PHARMACY 药学,4 [188/350],,,,,,,,,,,三级
Journal of Pathology and Translational Medicine,2025,2383-7837/2383-7845,否,否,是,ESCI,3,,医学,4 [3085/5603],否, PATHOLOGY 病理学,4 [49/88],,,,,,,,,,,三级
World Journal of Gastrointestinal Surgery,2025,1948-9366/1948-9366,否,否,否,SCIE,1.7,,医学,4 [3086/5603],否, GASTROENTEROLOGY & HEPATOLOGY 胃肠肝病学,4 [88/143], SURGERY 外科,4 [164/292],,,,,,,,,三级
Journal of Sport Rehabilitation,2025,1056-6716/1543-3072,否,否,否,SCIE,1.5,,医学,4 [3087/5603],否, REHABILITATION 康复医学,4 [92/169], SPORT SCIENCES 运动科学,4 [77/126],,,,,,,,,三级
New Solutions-A Journal of Environmental and Occupational Health Policy,2025,1048-2911/1541-3772,否,否,否,ESCI,1.1,,医学,4 [3088/5603],否," PUBLIC, ENVIRONMENTAL & OCCUPATIONAL HEALTH 公共卫生、环境卫生与职业卫生",4 [238/404],,,,,,,,,,,三级
Clinical and Experimental Gastroenterology,2025,1178-7023/1178-7023,否,否,是,ESCI,2.3,,医学,4 [3089/5603],否, GASTROENTEROLOGY & HEPATOLOGY 胃肠肝病学,4 [89/143],,,,,,,,,,,三级
AUSTRALIAN & NEW ZEALAND JOURNAL OF OBSTETRICS & GYNAECOLOGY,2025,0004-8666/1479-828X,否,否,否,SCIE,1.7,,医学,4 [3090/5603],否, OBSTETRICS & GYNECOLOGY 妇产科学,4 [80/135],,,,,,,,,,,三级
Cardiovascular Engineering and Technology,2025,1869-408X/1869-4098,否,否,否,SCIE,1.8,,医学,4 [3091/5603],否, CARDIAC & CARDIOVASCULAR SYSTEMS 心脏和心血管系统,4 [129/223]," ENGINEERING, BIOMEDICAL 工程：生物医学",4 [81/120],,,,,,,,,三级
Journal of Korean Neurosurgical Society,2025,2005-3711/1598-7876,否,否,是,SCIE,1.7,,医学,4 [3092/5603],否, CLINICAL NEUROLOGY 临床神经病学,4 [175/278], SURGERY 外科,4 [165/292],,,,,,,,,三级
MEDICAL PROBLEMS OF PERFORMING ARTISTS,2025,0885-1158/1938-2766,否,否,否,AHCISCIE,0.7,,医学,4 [3093/5603],否, MUSIC 音乐,3 [49/110]," MEDICINE, GENERAL & INTERNAL 医学：内科",4 [94/327],,,,,,,,,三级
Advanced Therapeutics,2025,2366-3987/2366-3987,否,否,否,SCIE,2.6,,医学,4 [3094/5603],否, PHARMACOLOGY & PHARMACY 药学,4 [189/350],,,,,,,,,,,三级
JOURNAL OF PERINATAL MEDICINE,2025,0300-5577/1619-3997,否,否,否,SCIE,1.4,,医学,4 [3095/5603],否, OBSTETRICS & GYNECOLOGY 妇产科学,4 [81/135], PEDIATRICS 儿科,4 [91/185],,,,,,,,,三级
INFECTION CONTROL AND HOSPITAL EPIDEMIOLOGY,2025,0899-823X/1559-6834,否,否,否,SCIE,2.9,,医学,4 [3096/5603],否, INFECTIOUS DISEASES 传染病学,4 [86/134]," PUBLIC, ENVIRONMENTAL & OCCUPATIONAL HEALTH 公共卫生、环境卫生与职业卫生",4 [239/404],,,,,,,,,三级
JOURNAL OF LIPOSOME RESEARCH,2025,0898-2104/1532-2394,否,否,否,SCIE,4.3,,医学,4 [3097/5603],否, BIOCHEMISTRY & MOLECULAR BIOLOGY 生化与分子生物学,4 [206/310], PHARMACOLOGY & PHARMACY 药学,4 [190/350],,,,,,,,,三级
Advances in Skin & Wound Care,2025,1527-7941/1538-8654,否,否,否,SSCI;SCIE,1.4,,医学,4 [3098/5603],否, DERMATOLOGY 皮肤病学,4 [47/94], NURSING 护理,4 [85/191], SURGERY 外科,4 [166/292],,,,,,,三级
Diagnosis,2025,2194-8011/2194-802X,否,否,否,ESCI,2,,医学,4 [3099/5603],否," MEDICINE, GENERAL & INTERNAL 医学：内科",4 [95/327],,,,,,,,,,,三级
Epilepsy & Behavior Reports,2025,2589-9864/2589-9864,否,否,是,ESCI,1.5,,医学,4 [3100/5603],否, CLINICAL NEUROLOGY 临床神经病学,4 [176/278],,,,,,,,,,,三级
Recent Patents on Anti-Cancer Drug Discovery,2025,1574-8928/2212-3970,是,否,否,SCIE,4.1,,医学,4 [3101/5603],否, ONCOLOGY 肿瘤学,4 [208/318], PHARMACOLOGY & PHARMACY 药学,4 [191/350],,,,,,,,,三级
AMERICAN JOURNAL OF HEALTH PROMOTION,2025,0890-1171/2168-6602,否,否,否,SSCI,2.4,,医学,4 [3102/5603],否," PUBLIC, ENVIRONMENTAL & OCCUPATIONAL HEALTH 公共卫生、环境卫生与职业卫生",4 [240/404],,,,,,,,,,,三级
ARCHIVES OF DERMATOLOGICAL RESEARCH,2025,0340-3696/1432-069X,否,否,否,SCIE,2.1,,医学,4 [3103/5603],否, DERMATOLOGY 皮肤病学,4 [48/94],,,,,,,,,,,三级
ASIAN PACIFIC JOURNAL OF ALLERGY AND IMMUNOLOGY,2025,0125-877X/2228-8694,否,否,否,SCIE,1.9,,医学,4 [3104/5603],否, ALLERGY 过敏,4 [24/39], IMMUNOLOGY 免疫学,4 [125/179],,,,,,,,,三级
ORL-Journal for Oto-Rhino-Laryngology Head and Neck Surgery,2025,0301-1569/1423-0275,否,否,否,SCIE,1.3,,医学,4 [3105/5603],否, OTORHINOLARYNGOLOGY 耳鼻喉科学,4 [40/66],,,,,,,,,,,三级
HAND CLINICS,2025,0749-0712/1558-1969,是,否,否,SCIE,1.1,,医学,4 [3106/5603],否, ORTHOPEDICS 骨科,4 [86/136],,,,,,,,,,,三级
Health Promotion and Chronic Disease Prevention in Canada-Research Policy and Practice,2025,2368-738X/2368-738X,否,否,是,SCIE,2.4,,医学,4 [3107/5603],否," PUBLIC, ENVIRONMENTAL & OCCUPATIONAL HEALTH 公共卫生、环境卫生与职业卫生",4 [241/404],,,,,,,,,,,三级
Zdravstveno Varstvo,2025,0351-0026/1854-2476,否,否,是,SSCI,2.4,,医学,4 [3108/5603],否," PUBLIC, ENVIRONMENTAL & OCCUPATIONAL HEALTH 公共卫生、环境卫生与职业卫生",4 [242/404],,,,,,,,,,,三级
HIGH ALTITUDE MEDICINE & BIOLOGY,2025,1527-0297/1557-8682,否,否,否,SCIE,1.4,,医学,4 [3109/5603],否, BIOPHYSICS 生物物理,3 [39/76]," PUBLIC, ENVIRONMENTAL & OCCUPATIONAL HEALTH 公共卫生、环境卫生与职业卫生",4 [243/404], SPORT SCIENCES 运动科学,4 [78/126],,,,,,,三级
Journal of Research in Nursing,2025,1744-9871/1744-988X,否,否,否,ESCI,2,,医学,4 [3110/5603],否, NURSING 护理,4 [86/191],,,,,,,,,,,三级
Journal of Orthopaedics,2025,0972-978X/0972-978X,否,否,否,ESCI,1.5,,医学,4 [3111/5603],否, ORTHOPEDICS 骨科,4 [87/136],,,,,,,,,,,三级
JOURNAL OF CARDIOVASCULAR SURGERY,2025,0021-9509/1827-191X,否,否,否,SCIE,1.5,,医学,4 [3112/5603],否, CARDIAC & CARDIOVASCULAR SYSTEMS 心脏和心血管系统,4 [130/223], PERIPHERAL VASCULAR DISEASE 外周血管病,4 [65/96], SURGERY 外科,4 [167/292],,,,,,,三级
MINIMALLY INVASIVE THERAPY & ALLIED TECHNOLOGIES,2025,1364-5706/1365-2931,否,否,否,SCIE,2,,医学,4 [3113/5603],否, SURGERY 外科,4 [168/292],,,,,,,,,,,三级
EUROPEAN JOURNAL OF PSYCHIATRY,2025,0213-6163/0213-6163,否,否,否,SSCI,1.5,,医学,4 [3114/5603],否, PSYCHIATRY 精神病学,4 [179/277],,,,,,,,,,,三级
AUSTRALASIAN JOURNAL OF DERMATOLOGY,2025,0004-8380/1440-0960,否,否,否,SCIE,1.8,,医学,4 [3115/5603],否, DERMATOLOGY 皮肤病学,4 [49/94],,,,,,,,,,,三级
Forensische Psychiatrie Psychologie Kriminologie,2025,1862-7072/1862-7080,否,否,否,ESCI,0.9,,医学,4 [3116/5603],否, PSYCHIATRY 精神病学,4 [180/277],,,,,,,,,,,三级
Current Research in Physiology,2025,2665-9441/2665-9441,否,否,否,ESCI,1.7,,医学,4 [3117/5603],否, PHYSIOLOGY 生理学,4 [58/84],,,,,,,,,,,三级
Journal of Comparative Effectiveness Research,2025,2042-6305/2042-6313,否,否,是,SCIE,2.5,,医学,4 [3118/5603],否, HEALTH CARE SCIENCES & SERVICES 卫生保健与服务,4 [113/173],,,,,,,,,,,三级
BEST PRACTICE & RESEARCH CLINICAL HAEMATOLOGY,2025,1521-6926/1532-1924,是,否,否,SCIE,2,,医学,4 [3119/5603],否, HEMATOLOGY 血液学,4 [60/96],,,,,,,,,,,三级
Innate Immunity,2025,1753-4259/1753-4267,否,否,否,SCIE,2.8,,医学,4 [3120/5603],否, BIOCHEMISTRY & MOLECULAR BIOLOGY 生化与分子生物学,4 [210/310], IMMUNOLOGY 免疫学,4 [126/179]," MEDICINE, RESEARCH & EXPERIMENTAL 医学：研究与实验",4 [107/188], MICROBIOLOGY 微生物学,4 [99/159],,,,,三级
SWISS MEDICAL WEEKLY,2025,1424-7860/1424-3997,否,否,是,SCIE,1.9,,医学,4 [3121/5603],否," MEDICINE, GENERAL & INTERNAL 医学：内科",4 [96/327],,,,,,,,,,,三级
JOURNAL OF OCCUPATIONAL AND ENVIRONMENTAL MEDICINE,2025,1076-2752/1536-5948,否,否,否,SCIE,1.4,,医学,4 [3122/5603],否," PUBLIC, ENVIRONMENTAL & OCCUPATIONAL HEALTH 公共卫生、环境卫生与职业卫生",4 [245/404],,,,,,,,,,,三级
EUROPEAN JOURNAL OF GASTROENTEROLOGY & HEPATOLOGY,2025,0954-691X/1473-5687,否,否,否,SCIE,1.8,,医学,4 [3123/5603],否, GASTROENTEROLOGY & HEPATOLOGY 胃肠肝病学,4 [90/143],,,,,,,,,,,三级
Cerebral Circulation-Cognition and Behavior,2025,2666-2450/2666-2450,否,否,否,ESCI,2.8,,医学,4 [3124/5603],否, CLINICAL NEUROLOGY 临床神经病学,4 [177/278], PERIPHERAL VASCULAR DISEASE 外周血管病,4 [66/96],,,,,,,,,三级
Journal of Maternal-Fetal & Neonatal Medicine,2025,1476-7058/1476-4954,否,否,否,SCIE,1.6,,医学,4 [3125/5603],否, OBSTETRICS & GYNECOLOGY 妇产科学,4 [82/135],,,,,,,,,,,三级
INDIAN JOURNAL OF OPHTHALMOLOGY,2025,0301-4738/1998-3689,否,否,是,SCIE,1.8,,医学,4 [3126/5603],否, OPHTHALMOLOGY 眼科学,4 [55/95],,,,,,,,,,,三级
Psychiatry Investigation,2025,1738-3684/1976-3026,否,否,否,SSCI;SCIE,1.8,,医学,4 [3127/5603],否, PSYCHIATRY 精神病学,4 [181/277],,,,,,,,,,,三级
ALCOHOL,2025,0741-8329/1873-6823,否,否,否,SCIE,2.9,,医学,4 [3128/5603],否, PHARMACOLOGY & PHARMACY 药学,4 [192/350], SUBSTANCE ABUSE 药物滥用,4 [36/56], TOXICOLOGY 毒理学,4 [69/106],,,,,,,三级
APMIS,2025,0903-4641/1600-0463,否,否,否,SCIE,2.6,,医学,4 [3129/5603],否, IMMUNOLOGY 免疫学,4 [127/179], MICROBIOLOGY 微生物学,4 [100/159], PATHOLOGY 病理学,4 [50/88],,,,,,,三级
International Journal of Indigenous Health,2025,2291-9368/2291-9376,否,否,否,ESCI,0.7,,医学,4 [3130/5603],否," PUBLIC, ENVIRONMENTAL & OCCUPATIONAL HEALTH 公共卫生、环境卫生与职业卫生",4 [246/404],,,,,,,,,,,三级
BMJ Open Quality,2025,2399-6641/2399-6641,否,否,是,ESCI,1.6,,医学,4 [3131/5603],否, HEALTH CARE SCIENCES & SERVICES 卫生保健与服务,4 [114/173]," MEDICINE, GENERAL & INTERNAL 医学：内科",4 [97/327],,,,,,,,,三级
Occupational Health Science,2025,2367-0134/2367-0142,否,否,否,ESCI,2.1,,医学,4 [3132/5603],否," PSYCHOLOGY, APPLIED 心理学：应用",4 [81/112]," PUBLIC, ENVIRONMENTAL & OCCUPATIONAL HEALTH 公共卫生、环境卫生与职业卫生",4 [247/404],,,,,,,,,三级
Australian Journal of Rural Health,2025,1038-5282/1440-1584,否,否,否,SSCI;SCIE,2.1,,医学,4 [3133/5603],否, NURSING 护理,4 [87/191]," PUBLIC, ENVIRONMENTAL & OCCUPATIONAL HEALTH 公共卫生、环境卫生与职业卫生",4 [248/404],,,,,,,,,三级
Frontiers in Medical Technology,2025,2673-3129/2673-3129,否,否,是,ESCI,3.8,,医学,4 [3134/5603],否," ENGINEERING, BIOMEDICAL 工程：生物医学",4 [82/120],,,,,,,,,,,三级
Journal of Arrhythmia,2025,1880-4276/1883-2148,否,否,是,ESCI,1.7,,医学,4 [3135/5603],否, CARDIAC & CARDIOVASCULAR SYSTEMS 心脏和心血管系统,4 [131/223],,,,,,,,,,,三级
Health Promotion Practice,2025,1524-8399/1552-6372,否,否,否,ESCI,1.2,,医学,4 [3136/5603],否," PUBLIC, ENVIRONMENTAL & OCCUPATIONAL HEALTH 公共卫生、环境卫生与职业卫生",4 [249/404],,,,,,,,,,,三级
Journal of Orthopaedic Surgery,2025,1022-5536/2309-4990,否,否,是,SCIE,1.6,,医学,4 [3137/5603],否, ORTHOPEDICS 骨科,4 [88/136], SURGERY 外科,4 [169/292],,,,,,,,,三级
CARDIOLOGY,2025,0008-6312/1421-9751,否,否,否,SCIE,1.7,,医学,4 [3138/5603],否, CARDIAC & CARDIOVASCULAR SYSTEMS 心脏和心血管系统,4 [132/223],,,,,,,,,,,三级
Archivio Italiano di Urologia e Andrologia,2025,1124-3562/2282-4197,否,否,是,ESCI,1.3,,医学,4 [3139/5603],否, UROLOGY & NEPHROLOGY 泌尿学与肾脏学,4 [78/126],,,,,,,,,,,三级
JOURNAL OF DRUG ISSUES,2025,0022-0426/1945-1369,否,否,否,SSCI,1.2,,医学,4 [3140/5603],否, SUBSTANCE ABUSE 药物滥用,4 [37/56],,,,,,,,,,,三级
EXPERIMENTAL BIOLOGY AND MEDICINE,2025,1535-3702/1535-3699,否,否,否,SCIE,2.7,,医学,4 [3141/5603],否," MEDICINE, RESEARCH & EXPERIMENTAL 医学：研究与实验",4 [108/188],,,,,,,,,,,三级
Netherlands Heart Journal,2025,1568-5888/1876-6250,否,否,否,SCIE,2,,医学,4 [3142/5603],否, CARDIAC & CARDIOVASCULAR SYSTEMS 心脏和心血管系统,4 [133/223],,,,,,,,,,,三级
Journal of Transplantation,2025,2090-0007/2090-0015,否,否,是,ESCI,2.2,,医学,4 [3143/5603],否, SURGERY 外科,4 [170/292],,,,,,,,,,,三级
Saudi Dental Journal,2025,1013-9052/1658-3558,否,否,是,ESCI,2.3,,医学,4 [3144/5603],否," DENTISTRY, ORAL SURGERY & MEDICINE 牙科与口腔外科",4 [91/157],,,,,,,,,,,三级
Contemporary Clinical Trials Communications,2025,2451-8654/2451-8654,否,否,是,ESCI,1.4,,医学,4 [3145/5603],否," MEDICINE, RESEARCH & EXPERIMENTAL 医学：研究与实验",4 [109/188],,,,,,,,,,,三级
Microbial Drug Resistance,2025,1076-6294/1931-8448,否,否,否,SCIE,1.9,,医学,4 [3146/5603],否, INFECTIOUS DISEASES 传染病学,4 [87/134], MICROBIOLOGY 微生物学,4 [102/159], PHARMACOLOGY & PHARMACY 药学,4 [193/350],,,,,,,三级
Biomedical Engineering Letters,2025,2093-9868/2093-985X,否,否,否,SCIE,2.8,,医学,4 [3147/5603],否," ENGINEERING, BIOMEDICAL 工程：生物医学",4 [83/120],,,,,,,,,,,三级
Experimental and Therapeutic Medicine,2025,1792-0981/1792-1015,否,否,否,SCIE,2.3,,医学,4 [3148/5603],否," MEDICINE, RESEARCH & EXPERIMENTAL 医学：研究与实验",4 [110/188],,,,,,,,,,,三级
Biosafety and Health,2025,2096-6962/2590-0536,否,否,是,ESCI,3,,医学,4 [3149/5603],否," PUBLIC, ENVIRONMENTAL & OCCUPATIONAL HEALTH 公共卫生、环境卫生与职业卫生",4 [250/404],,,,,,,,,,,三级
SCIENTIA PHARMACEUTICA,2025,2218-0532/2218-0532,否,否,是,ESCI,2.5,,医学,4 [3150/5603],否, PHARMACOLOGY & PHARMACY 药学,4 [194/350],,,,,,,,,,,三级
International Journal of Laboratory Hematology,2025,1751-5521/1751-553X,否,否,否,SCIE,2.3,,医学,4 [3151/5603],否, HEMATOLOGY 血液学,4 [61/96],,,,,,,,,,,三级
INTERNATIONAL JOURNAL OF CARDIOVASCULAR IMAGING,2025,1569-5794/1875-8312,否,否,否,SCIE,1.5,,医学,4 [3152/5603],否, CARDIAC & CARDIOVASCULAR SYSTEMS 心脏和心血管系统,4 [134/223]," RADIOLOGY, NUCLEAR MEDICINE & MEDICAL IMAGING 核医学",4 [118/206],,,,,,,,,三级
JOURNAL OF PEDIATRIC ORTHOPAEDICS-PART B,2025,1060-152X/1473-5865,否,否,否,SCIE,1,,医学,4 [3153/5603],否, ORTHOPEDICS 骨科,4 [89/136], PEDIATRICS 儿科,4 [92/185],,,,,,,,,三级
ANNALS OF OTOLOGY RHINOLOGY AND LARYNGOLOGY,2025,0003-4894/1943-572X,否,否,否,SCIE,1.2,,医学,4 [3154/5603],否, OTORHINOLARYNGOLOGY 耳鼻喉科学,4 [41/66],,,,,,,,,,,三级
JOURNAL OF PHYSIOLOGY AND PHARMACOLOGY,2025,0867-5910,否,否,否,SCIE,1.7,,医学,4 [3155/5603],否, PHYSIOLOGY 生理学,4 [59/84],,,,,,,,,,,三级
Oral and Maxillofacial Surgery Clinics of North America,2025,1042-3699/1558-1365,是,否,否,SCIE,1.3,,医学,4 [3156/5603],否," DENTISTRY, ORAL SURGERY & MEDICINE 牙科与口腔外科",4 [92/157],,,,,,,,,,,三级
Anaesthesiology Intensive Therapy,2025,1642-5758/1731-2531,否,否,是,ESCI,1.7,,医学,4 [3157/5603],否, ANESTHESIOLOGY 麻醉学,4 [33/64],,,,,,,,,,,三级
JOURNAL OF PERINATAL & NEONATAL NURSING,2025,0893-2190/1550-5073,否,否,否,SSCI;SCIE,1.3,,医学,4 [3158/5603],否, NURSING 护理,4 [88/191], OBSTETRICS & GYNECOLOGY 妇产科学,4 [83/135], PEDIATRICS 儿科,4 [93/185],,,,,,,三级
Journal of Child and Adolescent Psychiatric Nursing,2025,1073-6077/1744-6171,否,否,否,ESCI,1.5,,医学,4 [3159/5603],否, NURSING 护理,4 [89/191],,,,,,,,,,,三级
Journal of the American College of Emergency Physicians Open,2025,2688-1152/2688-1152,否,否,是,ESCI,1.9,,医学,4 [3160/5603],否, EMERGENCY MEDICINE 急救医学,4 [29/54],,,,,,,,,,,三级
Journal of Burn Care & Research,2025,1559-047X/1559-0488,否,否,否,SCIE,1.8,,医学,4 [3161/5603],否, CRITICAL CARE MEDICINE 危重病医学,4 [33/56], DERMATOLOGY 皮肤病学,4 [50/94], SURGERY 外科,4 [171/292],,,,,,,三级
STEROIDS,2025,0039-128X/1878-5867,否,否,否,SCIE,2.3,,医学,4 [3162/5603],否, BIOCHEMISTRY & MOLECULAR BIOLOGY 生化与分子生物学,4 [212/310], ENDOCRINOLOGY & METABOLISM 内分泌学与代谢,4 [134/184],,,,,,,,,三级
Music Therapy Perspectives,2025,0734-6875/2053-7387,否,否,否,ESCI,0.8,,医学,4 [3163/5603],否, REHABILITATION 康复医学,4 [93/169],,,,,,,,,,,三级
Annals of Diagnostic Pathology,2025,1092-9134/1532-8198,否,否,否,SCIE,1.4,,医学,4 [3164/5603],否, PATHOLOGY 病理学,4 [51/88],,,,,,,,,,,三级
Journal of Applied Biomaterials & Functional Materials,2025,2280-8000/2280-8000,否,否,是,SCIE,3.1,,医学,4 [3165/5603],否, BIOPHYSICS 生物物理,4 [44/76]," ENGINEERING, BIOMEDICAL 工程：生物医学",4 [84/120]," MATERIALS SCIENCE, BIOMATERIALS 材料科学：生物材料",4 [39/52],,,,,,,三级
International Journal of Nephrology,2025,2090-214X/2090-2158,否,否,是,ESCI,1.4,,医学,4 [3166/5603],否, UROLOGY & NEPHROLOGY 泌尿学与肾脏学,4 [79/126],,,,,,,,,,,三级
Safety,2025,2313-576X/2313-576X,否,否,是,ESCI,1.7,,医学,4 [3167/5603],否," PUBLIC, ENVIRONMENTAL & OCCUPATIONAL HEALTH 公共卫生、环境卫生与职业卫生",4 [251/404],,,,,,,,,,,三级
Toxin Reviews,2025,1556-9543/1556-9551,否,否,否,SCIE,2.4,,医学,4 [3168/5603],否, TOXICOLOGY 毒理学,4 [70/106],,,,,,,,,,,三级
MEDICAL SCIENCE MONITOR,2025,1643-3750/1643-3750,否,否,否,SCIE,2.1,,医学,4 [3169/5603],否," MEDICINE, RESEARCH & EXPERIMENTAL 医学：研究与实验",4 [111/188],,,,,,,,,,,三级
Annals of Work Exposures and Health,2025,2398-7308/2398-7316,否,否,否,SCIE,2.1,,医学,4 [3170/5603],否," PUBLIC, ENVIRONMENTAL & OCCUPATIONAL HEALTH 公共卫生、环境卫生与职业卫生",4 [252/404],,,,,,,,,,,三级
Cognitive Neuropsychiatry,2025,1354-6805/1464-0619,否,否,否,SSCI;SCIE,0.9,,医学,4 [3171/5603],否, PSYCHIATRY 精神病学,4 [182/277],,,,,,,,,,,三级
PHYSIOTHERAPY THEORY AND PRACTICE,2025,0959-3985/1532-5040,否,否,否,SCIE,1.5,,医学,4 [3172/5603],否, REHABILITATION 康复医学,4 [94/169],,,,,,,,,,,三级
JOURNAL OF CLINICAL APHERESIS,2025,0733-2459/1098-1101,否,否,否,SCIE,2.7,,医学,4 [3173/5603],否, HEMATOLOGY 血液学,4 [62/96],,,,,,,,,,,三级
Clinics,2025,1807-5932/1980-5322,否,否,是,SCIE,2.4,,医学,4 [3174/5603],否," MEDICINE, GENERAL & INTERNAL 医学：内科",4 [98/327],,,,,,,,,,,三级
BJGP Open,2025,2398-3795/2398-3795,否,否,是,ESCI,2,,医学,4 [3175/5603],否, PRIMARY HEALTH CARE 初级卫生保健,4 [16/28],,,,,,,,,,,三级
Epigenomics,2025,1750-1911/1750-192X,否,否,否,SCIE,2.6,,医学,4 [3176/5603],否, GENETICS & HEREDITY 遗传学,4 [115/190],,,,,,,,,,,三级
Forensic Science Medicine and Pathology,2025,1547-769X/1556-2891,否,否,否,SCIE,1.4,,医学,4 [3177/5603],否," MEDICINE, LEGAL 医学：法",4 [12/23], PATHOLOGY 病理学,4 [52/88],,,,,,,,,三级
International Journal of Dental Hygiene,2025,1601-5029/1601-5037,否,否,否,SCIE,1.4,,医学,4 [3178/5603],否," DENTISTRY, ORAL SURGERY & MEDICINE 牙科与口腔外科",4 [93/157],,,,,,,,,,,三级
ANZ JOURNAL OF SURGERY,2025,1445-1433/1445-2197,否,否,否,SCIE,1.6,,医学,4 [3179/5603],否, SURGERY 外科,4 [172/292],,,,,,,,,,,三级
Journal of Patient Experience,2025,2374-3743/2374-3735,否,否,是,ESCI,1.8,,医学,4 [3180/5603],否, HEALTH CARE SCIENCES & SERVICES 卫生保健与服务,4 [115/173],,,,,,,,,,,三级
International Journal of Computerized Dentistry,2025,1463-4201/1463-4201,否,否,否,SCIE,2,,医学,4 [3181/5603],否," DENTISTRY, ORAL SURGERY & MEDICINE 牙科与口腔外科",4 [94/157],,,,,,,,,,,三级
Child Care in Practice,2025,1357-5279/1476-489X,否,否,否,ESCI,1.4,,医学,4 [3182/5603],否, FAMILY STUDIES 家庭研究,4 [40/65], SOCIAL WORK 社会工作,4 [51/91],,,,,,,,,三级
JOURNAL OF GENE MEDICINE,2025,1099-498X/1521-2254,否,否,否,SCIE,2.2,,医学,4 [3183/5603],否, BIOTECHNOLOGY & APPLIED MICROBIOLOGY 生物工程与应用微生物,3 [89/174], GENETICS & HEREDITY 遗传学,4 [116/190]," MEDICINE, RESEARCH & EXPERIMENTAL 医学：研究与实验",4 [112/188],,,,,,,三级
Frontiers in Aging,2025,2673-6217/2673-6217,否,否,否,ESCI,4.3,,医学,4 [3184/5603],否, GERIATRICS & GERONTOLOGY 老年医学,4 [49/72],,,,,,,,,,,三级
Operations Research for Health Care,2025,2211-6923/2211-6923,否,否,否,ESCI,1.9,,医学,4 [3185/5603],否, HEALTH CARE SCIENCES & SERVICES 卫生保健与服务,4 [116/173],,,,,,,,,,,三级
JOURNAL OF DENTAL EDUCATION,2025,0022-0337/1930-7837,否,否,否,SCIE,1.6,,医学,4 [3186/5603],否," DENTISTRY, ORAL SURGERY & MEDICINE 牙科与口腔外科",4 [95/157],,,,,,,,,,,三级
MEDICINE SCIENCE AND THE LAW,2025,0025-8024/2042-1818,否,否,否,SSCI;SCIE,1.7,,医学,4 [3187/5603],否, LAW 法学,4 [178/427]," MEDICINE, LEGAL 医学：法",4 [13/23],,,,,,,,,三级
ANNALS OF PHARMACOTHERAPY,2025,1060-0280/1542-6270,否,否,否,SCIE,2.3,,医学,4 [3188/5603],否, PHARMACOLOGY & PHARMACY 药学,4 [195/350],,,,,,,,,,,三级
Social Theory & Health,2025,1477-8211/1477-822X,否,否,否,SSCI,1.4,,医学,4 [3189/5603],否," SOCIAL SCIENCES, BIOMEDICAL 社会科学：生物医学",4 [38/46],,,,,,,,,,,三级
Innovations-Technology and Techniques in Cardiothoracic and Vascular Surgery,2025,1556-9845/1559-0879,否,否,否,ESCI,1.6,,医学,4 [3190/5603],否, SURGERY 外科,4 [173/292],,,,,,,,,,,三级
INTERNATIONAL JOURNAL OF HEMATOLOGY,2025,0925-5710/1865-3774,否,否,否,SCIE,1.8,,医学,4 [3191/5603],否, HEMATOLOGY 血液学,4 [63/96],,,,,,,,,,,三级
NORDIC JOURNAL OF PSYCHIATRY,2025,0803-9488/1502-4725,否,否,否,SSCI;SCIE,1.5,,医学,4 [3192/5603],否, PSYCHIATRY 精神病学,4 [183/277],,,,,,,,,,,三级
Hereditary Cancer in Clinical Practice,2025,1731-2302/1897-4287,否,否,是,SCIE,2.4,,医学,4 [3193/5603],否, ONCOLOGY 肿瘤学,4 [209/318],,,,,,,,,,,三级
Gland Surgery,2025,2227-684X/2227-8575,否,否,否,SCIE,1.6,,医学,4 [3194/5603],否, SURGERY 外科,4 [174/292],,,,,,,,,,,三级
Journal of Central Nervous System Disease,2025,1179-5735/1179-5735,否,否,是,ESCI,2.8,,医学,4 [3195/5603],否, CLINICAL NEUROLOGY 临床神经病学,4 [178/278],,,,,,,,,,,三级
Facts Views and Vision in ObGyn,2025,2032-0418/2032-0418,否,否,否,ESCI,1.4,,医学,4 [3196/5603],否, OBSTETRICS & GYNECOLOGY 妇产科学,4 [84/135],,,,,,,,,,,三级
World Journal of Gastrointestinal Oncology,2025,1948-5204/1948-5204,否,否,否,SCIE,2.5,,医学,4 [3197/5603],否, GASTROENTEROLOGY & HEPATOLOGY 胃肠肝病学,4 [91/143], ONCOLOGY 肿瘤学,4 [210/318],,,,,,,,,三级
Journal of Breast Imaging,2025,2631-6110/2631-6129,否,否,否,ESCI,2,,医学,4 [3198/5603],否, ONCOLOGY 肿瘤学,4 [211/318]," RADIOLOGY, NUCLEAR MEDICINE & MEDICAL IMAGING 核医学",4 [119/206],,,,,,,,,三级
Current Fungal Infection Reports,2025,1936-3761/1936-377X,是,否,否,ESCI,3.3,,医学,4 [3199/5603],否, INFECTIOUS DISEASES 传染病学,4 [88/134],,,,,,,,,,,三级
EUROPEAN JOURNAL OF DRUG METABOLISM AND PHARMACOKINETICS,2025,0378-7966/2107-0180,否,否,否,SCIE,2.4,,医学,4 [3200/5603],否, PHARMACOLOGY & PHARMACY 药学,4 [196/350],,,,,,,,,,,三级
Movement Disorders Clinical Practice,2025,2330-1619/2330-1619,否,否,否,SCIE,2.7,,医学,4 [3201/5603],否, CLINICAL NEUROLOGY 临床神经病学,4 [179/278],,,,,,,,,,,三级
ARCHIVES OF PHYSIOLOGY AND BIOCHEMISTRY,2025,1381-3455/1744-4160,否,否,否,SCIE,2.7,,医学,4 [3202/5603],否, ENDOCRINOLOGY & METABOLISM 内分泌学与代谢,4 [135/184], PHYSIOLOGY 生理学,4 [60/84],,,,,,,,,三级
Tremor and Other Hyperkinetic Movements,2025,2160-8288/2160-8288,否,否,是,ESCI,2.1,,医学,4 [3203/5603],否, CLINICAL NEUROLOGY 临床神经病学,4 [180/278],,,,,,,,,,,三级
Australian Endodontic Journal,2025,1329-1947/1747-4477,否,否,否,SCIE,1.5,,医学,4 [3204/5603],否," DENTISTRY, ORAL SURGERY & MEDICINE 牙科与口腔外科",4 [96/157],,,,,,,,,,,三级
REVISTA CLINICA ESPANOLA,2025,0014-2565/1578-1860,否,否,否,SCIE,1.7,,医学,4 [3205/5603],否," MEDICINE, GENERAL & INTERNAL 医学：内科",4 [99/327],,,,,,,,,,,三级
EPILEPTIC DISORDERS,2025,1294-9361/1950-6945,否,否,否,SCIE,2.7,,医学,4 [3206/5603],否, CLINICAL NEUROLOGY 临床神经病学,4 [181/278],,,,,,,,,,,三级
Clinical Neurophysiology Practice,2025,2467-981X/2467-981X,否,否,是,ESCI,2.7,,医学,4 [3207/5603],否, NEUROSCIENCES 神经科学,4 [227/309],,,,,,,,,,,三级
Journal of Obstetrics and Gynaecology Canada,2025,1701-2163/1701-2163,否,否,否,ESCI,2.2,,医学,4 [3208/5603],否, OBSTETRICS & GYNECOLOGY 妇产科学,4 [85/135],,,,,,,,,,,三级
World Journal of Oncology,2025,1920-4531/1920-454X,否,否,否,ESCI,2.2,,医学,4 [3209/5603],否, ONCOLOGY 肿瘤学,4 [212/318],,,,,,,,,,,三级
KAOHSIUNG JOURNAL OF MEDICAL SCIENCES,2025,1607-551X/2410-8650,否,否,是,SCIE,3.1,,医学,4 [3210/5603],否," MEDICINE, RESEARCH & EXPERIMENTAL 医学：研究与实验",4 [113/188],,,,,,,,,,,三级
LEUKEMIA RESEARCH,2025,0145-2126/1873-5835,否,否,否,SCIE,2.2,,医学,4 [3211/5603],否, HEMATOLOGY 血液学,4 [64/96], ONCOLOGY 肿瘤学,4 [213/318],,,,,,,,,三级
CLIMACTERIC,2025,1369-7137/1473-0804,否,否,否,SCIE,3.2,,医学,4 [3212/5603],否, OBSTETRICS & GYNECOLOGY 妇产科学,4 [86/135],,,,,,,,,,,三级
Journal of Knee Surgery,2025,1538-8506/1938-2480,否,否,否,SCIE,1.6,,医学,4 [3213/5603],否, ORTHOPEDICS 骨科,4 [90/136],,,,,,,,,,,三级
Pragmatic and Observational Research,2025,1179-7266/1179-7266,否,否,是,ESCI,2.7,,医学,4 [3214/5603],否," MEDICINE, GENERAL & INTERNAL 医学：内科",4 [100/327],,,,,,,,,,,三级
Journal of Renal Care,2025,1755-6678/1755-6686,否,否,否,SSCI;SCIE,1.5,,医学,4 [3215/5603],否, NURSING 护理,4 [90/191], UROLOGY & NEPHROLOGY 泌尿学与肾脏学,4 [80/126],,,,,,,,,三级
Paediatrics and International Child Health,2025,2046-9047/2046-9055,否,否,否,SCIE,1.2,,医学,4 [3216/5603],否, PEDIATRICS 儿科,4 [94/185],,,,,,,,,,,三级
Immunological Medicine,2025,2578-5826/2578-5826,否,否,是,ESCI,2.9,,医学,4 [3217/5603],否, IMMUNOLOGY 免疫学,4 [128/179], RHEUMATOLOGY 风湿病学,4 [34/55],,,,,,,,,三级
ARCHIVUM IMMUNOLOGIAE ET THERAPIAE EXPERIMENTALIS,2025,0004-069X/1661-4917,否,否,否,SCIE,3.9,,医学,4 [3218/5603],否, IMMUNOLOGY 免疫学,4 [129/179],,,,,,,,,,,三级
CJC Open,2025,2589-790X/2589-790X,否,否,是,ESCI,1.9,,医学,4 [3219/5603],否, CARDIAC & CARDIOVASCULAR SYSTEMS 心脏和心血管系统,4 [135/223],,,,,,,,,,,三级
Oncology Letters,2025,1792-1074/1792-1082,否,否,否,SCIE,2.2,,医学,4 [3220/5603],否, ONCOLOGY 肿瘤学,4 [214/318],,,,,,,,,,,三级
Clocks & Sleep,2025,2624-5175/2624-5175,否,否,是,ESCI,2.1,,医学,4 [3221/5603],否, CLINICAL NEUROLOGY 临床神经病学,4 [182/278], NEUROSCIENCES 神经科学,4 [228/309],,,,,,,,,三级
Legal Medicine,2025,1344-6223/1344-6223,否,否,否,SCIE,1.4,,医学,4 [3222/5603],否," MEDICINE, LEGAL 医学：法",4 [14/23],,,,,,,,,,,三级
Brazilian Oral Research,2025,1807-3107/1807-3107,否,否,是,SCIE,1.3,,医学,4 [3223/5603],否," DENTISTRY, ORAL SURGERY & MEDICINE 牙科与口腔外科",4 [97/157],,,,,,,,,,,三级
INTERNATIONAL OPHTHALMOLOGY,2025,0165-5701/1573-2630,否,否,否,SCIE,1.4,,医学,4 [3224/5603],否, OPHTHALMOLOGY 眼科学,4 [56/95],,,,,,,,,,,三级
Journal of Developmental Origins of Health and Disease,2025,2040-1744/2040-1752,否,否,否,SCIE,1.5,,医学,4 [3225/5603],否," PUBLIC, ENVIRONMENTAL & OCCUPATIONAL HEALTH 公共卫生、环境卫生与职业卫生",4 [253/404],,,,,,,,,,,三级
International Journal of Developmental Disabilities,2025,2047-3869/2047-3877,否,否,否,SSCI,1.4,,医学,4 [3226/5603],否," EDUCATION, SPECIAL 特殊教育学",4 [41/62], REHABILITATION 康复医学,4 [95/169],,,,,,,,,三级
EMERGENCY MEDICINE CLINICS OF NORTH AMERICA,2025,0733-8627/1558-0539,是,否,否,SCIE,1.4,,医学,4 [3227/5603],否, EMERGENCY MEDICINE 急救医学,4 [30/54],,,,,,,,,,,三级
Journal of Taibah University Medical Sciences,2025,1658-3612/1658-3612,否,否,是,ESCI,1.9,,医学,4 [3228/5603],否," MEDICINE, GENERAL & INTERNAL 医学：内科",4 [101/327],,,,,,,,,,,三级
Journal of Enabling Technologies,2025,2398-6263/2398-6263,否,否,否,ESCI,1,,医学,4 [3229/5603],否, REHABILITATION 康复医学,4 [96/169],,,,,,,,,,,三级
BEHAVIOURAL NEUROLOGY,2025,0953-4180/1875-8584,否,否,是,SCIE,2.3,,医学,4 [3230/5603],否, CLINICAL NEUROLOGY 临床神经病学,4 [183/278],,,,,,,,,,,三级
Rural and Remote Health,2025,1445-6354,否,否,是,SSCI;SCIE,2.5,,医学,4 [3231/5603],否," PUBLIC, ENVIRONMENTAL & OCCUPATIONAL HEALTH 公共卫生、环境卫生与职业卫生",4 [254/404],,,,,,,,,,,三级
CURRENT PHARMACEUTICAL DESIGN,2025,1381-6128/1873-4286,是,否,否,SCIE,2.8,,医学,4 [3232/5603],否, PHARMACOLOGY & PHARMACY 药学,4 [197/350],,,,,,,,,,,三级
NEUROINFORMATICS,2025,1539-2791/1559-0089,否,否,否,SCIE,3.1,,医学,4 [3233/5603],否," COMPUTER SCIENCE, INTERDISCIPLINARY APPLICATIONS 计算机：跨学科应用",4 [109/172], NEUROSCIENCES 神经科学,4 [229/309],,,,,,,,,三级
IN VIVO,2025,0258-851X/1791-7549,否,否,否,SCIE,1.8,,医学,4 [3234/5603],否," MEDICINE, RESEARCH & EXPERIMENTAL 医学：研究与实验",4 [114/188],,,,,,,,,,,三级
JBJS Reviews,2025,2329-9185/2329-9185,是,否,否,ESCI,2.4,,医学,4 [3235/5603],否, SURGERY 外科,4 [175/292],,,,,,,,,,,三级
STRENGTH AND CONDITIONING JOURNAL,2025,1524-1602/1533-4295,否,否,否,SCIE,3,,医学,4 [3236/5603],否, SPORT SCIENCES 运动科学,4 [79/126],,,,,,,,,,,三级
Dermatology Practical & Conceptual,2025,2160-9381/2160-9381,否,否,是,SCIE,2.3,,医学,4 [3237/5603],否, DERMATOLOGY 皮肤病学,4 [51/94],,,,,,,,,,,三级
Central European Journal of Urology,2025,2080-4806/2080-4873,否,否,否,ESCI,1.9,,医学,4 [3238/5603],否, UROLOGY & NEPHROLOGY 泌尿学与肾脏学,4 [81/126],,,,,,,,,,,三级
Pediatric Physical Therapy,2025,0898-5669/1538-005X,否,否,否,SCIE,1.5,,医学,4 [3239/5603],否, PEDIATRICS 儿科,4 [95/185], REHABILITATION 康复医学,4 [97/169],,,,,,,,,三级
JOURNAL OF DRUG TARGETING,2025,1061-186X/1029-2330,否,否,否,SCIE,3.9,,医学,4 [3240/5603],否, PHARMACOLOGY & PHARMACY 药学,4 [198/350],,,,,,,,,,,三级
World Journal for Pediatric and Congenital Heart Surgery,2025,2150-1351/2150-0136,否,否,否,ESCI,1,,医学,4 [3241/5603],否, CARDIAC & CARDIOVASCULAR SYSTEMS 心脏和心血管系统,4 [136/223],,,,,,,,,,,三级
Australian Journal of General Practice,2025,2208-794X/2208-7958,否,否,否,SCIE,1.7,,医学,4 [3242/5603],否," MEDICINE, GENERAL & INTERNAL 医学：内科",4 [102/327], PRIMARY HEALTH CARE 初级卫生保健,4 [17/28],,,,,,,,,三级
Japan Journal of Nursing Science,2025,1742-7932/1742-7924,否,否,否,SSCI;SCIE,1.6,,医学,4 [3243/5603],否, NURSING 护理,4 [91/191],,,,,,,,,,,三级
ACTA NEUROPSYCHIATRICA,2025,0924-2708/1601-5215,否,否,否,SCIE,2.5,,医学,4 [3244/5603],否, NEUROSCIENCES 神经科学,4 [230/309], PSYCHIATRY 精神病学,4 [184/277],,,,,,,,,三级
Journal of the Canadian Academy of Child and Adolescent Psychiatry,2025,1719-8429/1719-8429,否,否,否,ESCI,2.3,,医学,4 [3245/5603],否, PSYCHIATRY 精神病学,4 [185/277],,,,,,,,,,,三级
Primary Health Care Research and Development,2025,1463-4236/1477-1128,否,否,是,SCIE,1.7,,医学,4 [3246/5603],否, PRIMARY HEALTH CARE 初级卫生保健,4 [18/28],,,,,,,,,,,三级
HORMONE AND METABOLIC RESEARCH,2025,0018-5043/1439-4286,否,否,否,SCIE,1.8,,医学,4 [3247/5603],否, ENDOCRINOLOGY & METABOLISM 内分泌学与代谢,4 [136/184],,,,,,,,,,,三级
Journal of Pediatric Hematology-Oncology Nursing,2025,2752-7530/2752-7549,否,否,否,SSCI;SCIE,1.5,,医学,4 [3248/5603],否, NURSING 护理,4 [92/191], ONCOLOGY 肿瘤学,4 [215/318],,,,,,,,,三级
AJIDD-American Journal on Intellectual and Developmental Disabilities,2025,1944-7515/1944-7558,否,否,否,SSCI,2,,医学,4 [3249/5603],否," EDUCATION, SPECIAL 特殊教育学",4 [42/62], REHABILITATION 康复医学,4 [98/169],,,,,,,,,三级
Cognitive Neuroscience,2025,1758-8928/1758-8936,否,否,否,SCIE,2.2,,医学,4 [3250/5603],否, NEUROSCIENCES 神经科学,4 [231/309],,,,,,,,,,,三级
Tobacco Prevention & Cessation,2025,2459-3087/2459-3087,否,否,是,ESCI,2.2,,医学,4 [3251/5603],否, SUBSTANCE ABUSE 药物滥用,4 [38/56],,,,,,,,,,,三级
Journal of Orofacial Orthopedics-Fortschritte der Kieferorthopadie,2025,1434-5293/1615-6714,否,否,否,SCIE,1.6,,医学,4 [3252/5603],否," DENTISTRY, ORAL SURGERY & MEDICINE 牙科与口腔外科",4 [98/157],,,,,,,,,,,三级
HEART AND VESSELS,2025,0910-8327/1615-2573,否,否,否,SCIE,1.5,,医学,4 [3253/5603],否, CARDIAC & CARDIOVASCULAR SYSTEMS 心脏和心血管系统,4 [137/223], PERIPHERAL VASCULAR DISEASE 外周血管病,4 [67/96],,,,,,,,,三级
JOURNAL OF PSYCHOACTIVE DRUGS,2025,0279-1072/2159-9777,否,否,否,SSCI,2.2,,医学,4 [3254/5603],否," PSYCHOLOGY, CLINICAL 心理学：临床",4 [123/179], SUBSTANCE ABUSE 药物滥用,4 [39/56],,,,,,,,,三级
ADMET and DMPK,2025,1848-7718/1848-7718,否,否,是,ESCI,4.3,,医学,4 [3255/5603],否," CHEMISTRY, MEDICINAL 药物化学",4 [44/72], PHARMACOLOGY & PHARMACY 药学,4 [199/350],,,,,,,,,三级
International Journal of Occupational Safety and Ergonomics,2025,1080-3548/2376-9130,否,否,否,SSCI,,,医学,4 [3256/5603],否, ERGONOMICS 人体工程学,4 [17/24]," PUBLIC, ENVIRONMENTAL & OCCUPATIONAL HEALTH 公共卫生、环境卫生与职业卫生",4 [256/404],,,,,,,,,三级
Health Promotion Perspectives,2025,2228-6497/2228-6497,否,否,是,ESCI,2.8,,医学,4 [3257/5603],否," PUBLIC, ENVIRONMENTAL & OCCUPATIONAL HEALTH 公共卫生、环境卫生与职业卫生",4 [257/404],,,,,,,,,,,三级
NUTRITION BULLETIN,2025,1471-9827/1467-3010,否,否,否,SCIE,3.6,,医学,4 [3258/5603],否, NUTRITION & DIETETICS 营养学,4 [70/113],,,,,,,,,,,三级
Mediterranean Journal of Hematology and Infectious Diseases,2025,2035-3006/2035-3006,否,否,是,SCIE,1.5,,医学,4 [3259/5603],否, HEMATOLOGY 血液学,4 [65/96], INFECTIOUS DISEASES 传染病学,4 [89/134],,,,,,,,,三级
XENOTRANSPLANTATION,2025,0908-665X/1399-3089,否,否,否,SCIE,4.1,,医学,4 [3260/5603],否," MEDICINE, RESEARCH & EXPERIMENTAL 医学：研究与实验",4 [115/188], TRANSPLANTATION 移植,4 [19/31],,,,,,,,,三级
ANNALS ACADEMY OF MEDICINE SINGAPORE,2025,2972-4066/2972-4066,否,否,否,SCIE,2,,医学,4 [3261/5603],否," MEDICINE, GENERAL & INTERNAL 医学：内科",4 [104/327],,,,,,,,,,,三级
FOOD AND NUTRITION BULLETIN,2025,0379-5721/1564-8265,否,否,否,SCIE,1.6,,医学,4 [3262/5603],否, FOOD SCIENCE & TECHNOLOGY 食品科技,3 [85/173], NUTRITION & DIETETICS 营养学,4 [71/113],,,,,,,,,三级
Polish Journal of Otolaryngology,2025,0030-6657/2300-8423,否,否,否,ESCI,0.6,,医学,4 [3263/5603],否, OTORHINOLARYNGOLOGY 耳鼻喉科学,4 [42/66],,,,,,,,,,,三级
Cadernos de Saude Publica,2025,0102-311X/1678-4464,否,否,是,SSCI;SCIE,1.8,,医学,4 [3264/5603],否," PUBLIC, ENVIRONMENTAL & OCCUPATIONAL HEALTH 公共卫生、环境卫生与职业卫生",4 [258/404],,,,,,,,,,,三级
Indian Dermatology Online Journal,2025,2229-5178/2249-5673,否,否,是,ESCI,2,,医学,4 [3265/5603],否, DERMATOLOGY 皮肤病学,4 [52/94],,,,,,,,,,,三级
Breast Cancer-Basic and Clinical Research,2025,1178-2234/1178-2234,否,否,是,ESCI,1.9,,医学,4 [3266/5603],否, ONCOLOGY 肿瘤学,4 [216/318],,,,,,,,,,,三级
JOURNAL OF INFECTION AND CHEMOTHERAPY,2025,1341-321X/1437-7780,否,否,否,SCIE,1.5,,医学,4 [3267/5603],否, INFECTIOUS DISEASES 传染病学,4 [90/134], PHARMACOLOGY & PHARMACY 药学,4 [200/350],,,,,,,,,三级
Journal of Cosmetic and Laser Therapy,2025,1476-4172/1476-4180,否,否,否,SCIE,1.3,,医学,4 [3268/5603],否, DERMATOLOGY 皮肤病学,4 [53/94], SURGERY 外科,4 [176/292],,,,,,,,,三级
LEUKEMIA & LYMPHOMA,2025,1042-8194/1029-2403,否,否,否,SCIE,2.2,,医学,4 [3269/5603],否, HEMATOLOGY 血液学,4 [66/96], ONCOLOGY 肿瘤学,4 [217/318],,,,,,,,,三级
JBJS Essential Surgical Techniques,2025,2160-2204/2160-2204,否,否,否,ESCI,1.6,,医学,4 [3270/5603],否, SURGERY 外科,4 [177/292],,,,,,,,,,,三级
Gastroenterology Research and Practice,2025,1687-6121/1687-630X,否,否,是,SCIE,1.4,,医学,4 [3271/5603],否, GASTROENTEROLOGY & HEPATOLOGY 胃肠肝病学,4 [92/143],,,,,,,,,,,三级
Annals of Thoracic Medicine,2025,1817-1737/1998-3557,否,否,是,SCIE,2.3,,医学,4 [3272/5603],否, CARDIAC & CARDIOVASCULAR SYSTEMS 心脏和心血管系统,4 [138/223], RESPIRATORY SYSTEM 呼吸系统,4 [66/101],,,,,,,,,三级
Pharmacogenomics & Personalized Medicine,2025,1178-7066/1178-7066,否,否,是,SCIE,1.8,,医学,4 [3273/5603],否, PHARMACOLOGY & PHARMACY 药学,4 [201/350],,,,,,,,,,,三级
SAUDI MEDICAL JOURNAL,2025,0379-5284/1658-3175,否,否,否,SCIE,1.5,,医学,4 [3274/5603],否," MEDICINE, GENERAL & INTERNAL 医学：内科",4 [105/327],,,,,,,,,,,三级
International Journal of Population Data Science (IJPDS),2025,2399-4908/2399-4908,否,否,是,ESCI,2.2,,医学,4 [3275/5603],否, HEALTH CARE SCIENCES & SERVICES 卫生保健与服务,4 [117/173]," PUBLIC, ENVIRONMENTAL & OCCUPATIONAL HEALTH 公共卫生、环境卫生与职业卫生",4 [259/404]," SOCIAL SCIENCES, INTERDISCIPLINARY 社会科学：跨领域",4 [133/263],,,,,,,三级
Cancer Biomarkers,2025,1574-0153/1875-8592,否,否,否,SCIE,1.9,,医学,4 [3276/5603],否, ONCOLOGY 肿瘤学,4 [218/318],,,,,,,,,,,三级
CHILDS NERVOUS SYSTEM,2025,0256-7040/1433-0350,否,否,否,SCIE,1.2,,医学,4 [3277/5603],否, CLINICAL NEUROLOGY 临床神经病学,4 [184/278], PEDIATRICS 儿科,4 [96/185], SURGERY 外科,4 [178/292],,,,,,,三级
Endokrynologia Polska,2025,0423-104X,否,否,是,SCIE,2.1,,医学,4 [3278/5603],否, ENDOCRINOLOGY & METABOLISM 内分泌学与代谢,4 [137/184],,,,,,,,,,,三级
IMMUNOBIOLOGY,2025,0171-2985/1878-3279,否,否,否,SCIE,2.3,,医学,4 [3279/5603],否, IMMUNOLOGY 免疫学,4 [130/179],,,,,,,,,,,三级
Journal of Forensic and Legal Medicine,2025,1752-928X/1532-2009,否,否,否,SCIE,1.2,,医学,4 [3280/5603],否," MEDICINE, LEGAL 医学：法",4 [15/23],,,,,,,,,,,三级
INTERNATIONAL IMMUNOLOGY,2025,0953-8178/1460-2377,否,否,否,SCIE,3.2,,医学,4 [3281/5603],否, IMMUNOLOGY 免疫学,4 [131/179],,,,,,,,,,,三级
International Journal of Burns and Trauma,2025,2160-2026/2160-2026,否,否,否,ESCI,1,,医学,4 [3282/5603],否, EMERGENCY MEDICINE 急救医学,4 [31/54],,,,,,,,,,,三级
Scandinavian Journal of Child and Adolescent Psychiatry and Psychology,2025,2245-8875/2245-8875,否,否,是,ESCI,1,,医学,4 [3283/5603],否, PSYCHIATRY 精神病学,4 [186/277],,,,,,,,,,,三级
FUNDAMENTAL & CLINICAL PHARMACOLOGY,2025,0767-3981/1472-8206,否,否,否,SCIE,2.5,,医学,4 [3284/5603],否, PHARMACOLOGY & PHARMACY 药学,4 [202/350],,,,,,,,,,,三级
DIGESTIVE DISEASES,2025,0257-2753/1421-9875,否,否,否,SCIE,2.1,,医学,4 [3285/5603],否, GASTROENTEROLOGY & HEPATOLOGY 胃肠肝病学,4 [93/143],,,,,,,,,,,三级
Molecular Informatics,2025,1868-1743/1868-1751,否,否,否,SCIE,3.1,,医学,4 [3286/5603],否," CHEMISTRY, MEDICINAL 药物化学",4 [45/72]," COMPUTER SCIENCE, INTERDISCIPLINARY APPLICATIONS 计算机：跨学科应用",4 [112/172], MATHEMATICAL & COMPUTATIONAL BIOLOGY 数学与计算生物学,4 [40/66],,,,,,,三级
JOURNAL OF CLINICAL PHARMACY AND THERAPEUTICS,2025,0269-4727/1365-2710,否,否,否,SCIE,2,,医学,4 [3287/5603],否, PHARMACOLOGY & PHARMACY 药学,4 [203/350],,,,,,,,,,,三级
Arthroscopy Techniques,2025,2212-6287/2212-6287,否,否,是,ESCI,1.1,,医学,4 [3288/5603],否, ORTHOPEDICS 骨科,4 [91/136],,,,,,,,,,,三级
Current Dermatology Reports,2025,2162-4933/2162-4933,是,否,否,ESCI,1.4,,医学,4 [3289/5603],否, DERMATOLOGY 皮肤病学,4 [54/94],,,,,,,,,,,三级
Oncology Research and Treatment,2025,2296-5270/2296-5262,否,否,否,SCIE,1.6,,医学,4 [3290/5603],否, ONCOLOGY 肿瘤学,4 [219/318],,,,,,,,,,,三级
Health Services and Outcomes Research Methodology,2025,1387-3741/1572-9400,否,否,否,ESCI,1.6,,医学,4 [3291/5603],否, HEALTH CARE SCIENCES & SERVICES 卫生保健与服务,4 [118/173],,,,,,,,,,,三级
Degenerative Neurological and Neuromuscular Disease,2025,1179-9900/1179-9900,否,否,否,ESCI,3.2,,医学,4 [3292/5603],否, CLINICAL NEUROLOGY 临床神经病学,4 [185/278],,,,,,,,,,,三级
Magnetic Resonance Imaging Clinics of North America,2025,1064-9689/1557-9786,否,否,否,SCIE,1.5,,医学,4 [3293/5603],否," RADIOLOGY, NUCLEAR MEDICINE & MEDICAL IMAGING 核医学",4 [121/206],,,,,,,,,,,三级
Translational Pediatrics,2025,2224-4336/2224-4344,否,否,否,SCIE,1.7,,医学,4 [3294/5603],否, PEDIATRICS 儿科,4 [97/185],,,,,,,,,,,三级
Tissue Barriers,2025,2168-8370/2168-8370,否,否,否,ESCI,4,,医学,4 [3295/5603],否," MEDICINE, RESEARCH & EXPERIMENTAL 医学：研究与实验",4 [116/188],,,,,,,,,,,三级
Minerva Anestesiologica,2025,0375-9393/1827-1596,否,否,否,SCIE,2.8,,医学,4 [3296/5603],否, ANESTHESIOLOGY 麻醉学,4 [34/64], CRITICAL CARE MEDICINE 危重病医学,4 [34/56],,,,,,,,,三级
Mental Health Religion & Culture,2025,1367-4676/1469-9737,否,否,否,ESCI,0.8,,医学,4 [3297/5603],否, PSYCHIATRY 精神病学,4 [187/277],,,,,,,,,,,三级
DRUG AND CHEMICAL TOXICOLOGY,2025,0148-0545/1525-6014,否,否,否,SCIE,1.9,,医学,4 [3298/5603],否," CHEMISTRY, MULTIDISCIPLINARY 化学：综合",3 [108/230], PHARMACOLOGY & PHARMACY 药学,4 [204/350], TOXICOLOGY 毒理学,4 [71/106],,,,,,,三级
European Journal of Translational Myology,2025,2037-7452/2037-7460,否,否,是,ESCI,1.8,,医学,4 [3299/5603],否," MEDICINE, RESEARCH & EXPERIMENTAL 医学：研究与实验",4 [117/188],,,,,,,,,,,三级
Hamostaseologie,2025,0720-9355/2567-5761,否,否,否,SCIE,2.4,,医学,4 [3300/5603],否, HEMATOLOGY 血液学,4 [67/96],,,,,,,,,,,三级
Medical Devices-Evidence and Research,2025,1179-1470/1179-1470,否,否,是,ESCI,1.5,,医学,4 [3301/5603],否," ENGINEERING, BIOMEDICAL 工程：生物医学",4 [85/120],,,,,,,,,,,三级
OCCUPATIONAL MEDICINE-OXFORD,2025,0962-7480/1471-8405,否,否,否,SCIE,1.7,,医学,4 [3302/5603],否," PUBLIC, ENVIRONMENTAL & OCCUPATIONAL HEALTH 公共卫生、环境卫生与职业卫生",4 [260/404],,,,,,,,,,,三级
Journal of Hospice & Palliative Nursing,2025,1522-2179/1539-0705,否,否,否,SSCI;SCIE,1.3,,医学,4 [3303/5603],否, NURSING 护理,4 [93/191],,,,,,,,,,,三级
Health Promotion Journal of Australia,2025,1036-1073/2201-1617,否,否,否,SSCI,1.5,,医学,4 [3304/5603],否," PUBLIC, ENVIRONMENTAL & OCCUPATIONAL HEALTH 公共卫生、环境卫生与职业卫生",4 [261/404],,,,,,,,,,,三级
British Journal of Pain,2025,2049-4637/2049-4645,否,否,否,ESCI,1.5,,医学,4 [3305/5603],否, CLINICAL NEUROLOGY 临床神经病学,4 [186/278],,,,,,,,,,,三级
NUTRITION AND HEALTH,2025,0260-1060/2047-945X,否,否,否,ESCI,1.4,,医学,4 [3306/5603],否, NUTRITION & DIETETICS 营养学,4 [72/113],,,,,,,,,,,三级
EUROPEAN SURGICAL RESEARCH,2025,0014-312X/1421-9921,否,否,否,SCIE,1.9,,医学,4 [3307/5603],否, SURGERY 外科,4 [179/292],,,,,,,,,,,三级
Gerontology and Geriatric Medicine,2025,2333-7214/2333-7214,否,否,是,ESCI,1.8,,医学,4 [3308/5603],否, GERIATRICS & GERONTOLOGY 老年医学,4 [50/72],,,,,,,,,,,三级
AIDS Research and Treatment,2025,2090-1240/2090-1259,否,否,是,ESCI,1.8,,医学,4 [3309/5603],否, INFECTIOUS DISEASES 传染病学,4 [91/134],,,,,,,,,,,三级
JOURNAL OF NERVOUS AND MENTAL DISEASE,2025,0022-3018/1539-736X,否,否,否,SSCI;SCIE,1.3,,医学,4 [3310/5603],否, CLINICAL NEUROLOGY 临床神经病学,4 [187/278], PSYCHIATRY 精神病学,4 [188/277],,,,,,,,,三级
NEUROLOGICAL RESEARCH,2025,0161-6412/1743-1328,否,否,否,SCIE,1.5,,医学,4 [3311/5603],否, CLINICAL NEUROLOGY 临床神经病学,4 [188/278], NEUROSCIENCES 神经科学,4 [232/309],,,,,,,,,三级
Child Language Teaching & Therapy,2025,0265-6590/1477-0865,否,否,否,SSCI;AHCI,1.1,,医学,4 [3312/5603],否," EDUCATION, SPECIAL 特殊教育学",4 [43/62], LANGUAGE & LINGUISTICS 语言与语言学,4 [221/391], LINGUISTICS 语言学,4 [220/294],,,,,,,三级
Clinical Respiratory Journal,2025,1752-6981/1752-699X,否,否,是,SCIE,2.3,,医学,4 [3313/5603],否, RESPIRATORY SYSTEM 呼吸系统,4 [67/101],,,,,,,,,,,三级
British Journal of Learning Disabilities,2025,1354-4187/1468-3156,否,否,否,SSCI,1.3,,医学,4 [3314/5603],否," EDUCATION, SPECIAL 特殊教育学",4 [44/62],,,,,,,,,,,三级
Cardiology Research and Practice,2025,2090-8016/2090-0597,否,否,是,SCIE,1.8,,医学,4 [3315/5603],否, CARDIAC & CARDIOVASCULAR SYSTEMS 心脏和心血管系统,4 [139/223],,,,,,,,,,,三级
FACIAL PLASTIC SURGERY,2025,0736-6825/1098-8793,否,否,否,SCIE,1.4,,医学,4 [3316/5603],否, SURGERY 外科,4 [180/292],,,,,,,,,,,三级
CLINICAL PHYSIOLOGY AND FUNCTIONAL IMAGING,2025,1475-0961/1475-097X,否,否,否,SCIE,1.3,,医学,4 [3317/5603],否, PHYSIOLOGY 生理学,4 [61/84],,,,,,,,,,,三级
Scandinavian Journal of Pain,2025,1877-8860/1877-8879,否,否,是,ESCI,1.9,,医学,4 [3318/5603],否, CLINICAL NEUROLOGY 临床神经病学,4 [189/278],,,,,,,,,,,三级
Archives of Endocrinology Metabolism,2025,2359-3997/2359-4292,否,否,是,SCIE,2.3,,医学,4 [3319/5603],否, ENDOCRINOLOGY & METABOLISM 内分泌学与代谢,4 [138/184],,,,,,,,,,,三级
Clinical and Translational Imaging,2025,2281-5872/2281-7565,是,否,否,SCIE,1.6,,医学,4 [3320/5603],否," RADIOLOGY, NUCLEAR MEDICINE & MEDICAL IMAGING 核医学",4 [122/206],,,,,,,,,,,三级
ACTA ODONTOLOGICA SCANDINAVICA,2025,0001-6357/1502-3850,否,否,否,SCIE,1.9,,医学,4 [3321/5603],否," DENTISTRY, ORAL SURGERY & MEDICINE 牙科与口腔外科",4 [99/157],,,,,,,,,,,三级
ENVIRONMENTAL AND MOLECULAR MUTAGENESIS,2025,0893-6692/1098-2280,否,否,否,SCIE,2.3,,医学,4 [3322/5603],否, ENVIRONMENTAL SCIENCES 环境科学,4 [219/357], GENETICS & HEREDITY 遗传学,4 [121/190], TOXICOLOGY 毒理学,4 [72/106],,,,,,,三级
Clinical Nursing Research,2025,1054-7738/1552-3799,否,否,否,SSCI;SCIE,1.8,,医学,4 [3323/5603],否, NURSING 护理,4 [94/191],,,,,,,,,,,三级
COMPUTER METHODS IN BIOMECHANICS AND BIOMEDICAL ENGINEERING,2025,1025-5842/1476-8259,否,否,否,SCIE,1.6,,医学,4 [3324/5603],否," COMPUTER SCIENCE, INTERDISCIPLINARY APPLICATIONS 计算机：跨学科应用",4 [114/172]," ENGINEERING, BIOMEDICAL 工程：生物医学",4 [86/120],,,,,,,,,三级
CLINICAL AND EXPERIMENTAL PHARMACOLOGY AND PHYSIOLOGY,2025,0305-1870/1440-1681,否,否,否,SCIE,2.5,,医学,4 [3325/5603],否, PHARMACOLOGY & PHARMACY 药学,4 [206/350], PHYSIOLOGY 生理学,4 [62/84],,,,,,,,,三级
SCANDINAVIAN CARDIOVASCULAR JOURNAL,2025,1401-7431/1651-2006,否,否,否,SCIE,1,,医学,4 [3326/5603],否, CARDIAC & CARDIOVASCULAR SYSTEMS 心脏和心血管系统,4 [140/223],,,,,,,,,,,三级
Clinical and Experimental Reproductive Medicine-CERM,2025,2233-8233/2233-8241,否,否,否,ESCI,1.6,,医学,4 [3327/5603],否, OBSTETRICS & GYNECOLOGY 妇产科学,4 [87/135], REPRODUCTIVE BIOLOGY 生殖生物学,4 [31/39],,,,,,,,,三级
Thoracic Surgery Clinics,2025,1547-4127/1558-5069,否,否,否,SCIE,1.8,,医学,4 [3328/5603],否, RESPIRATORY SYSTEM 呼吸系统,4 [68/101], SURGERY 外科,4 [181/292],,,,,,,,,三级
Neuropsychopharmacology Reports,2025,2574-173X/2574-173X,否,否,是,ESCI,1.5,,医学,4 [3329/5603],否, NEUROSCIENCES 神经科学,4 [233/309], PHARMACOLOGY & PHARMACY 药学,4 [207/350], PSYCHIATRY 精神病学,4 [189/277],,,,,,,三级
Journal of Transcultural Nursing,2025,1043-6596/1552-7832,否,否,否,SSCI;SCIE,1.4,,医学,4 [3330/5603],否, NURSING 护理,4 [95/191],,,,,,,,,,,三级
Social Neuroscience,2025,1747-0919/1747-0927,否,否,否,SCIE,1.5,,医学,4 [3331/5603],否, NEUROSCIENCES 神经科学,4 [234/309], PSYCHOLOGY 心理学,4 [63/92],,,,,,,,,三级
AMERICAN JOURNAL OF NURSING,2025,0002-936X/1538-7488,否,否,否,SSCI;SCIE,2,,医学,4 [3332/5603],否, NURSING 护理,4 [96/191],,,,,,,,,,,三级
DEN Open,2025,2692-4609/2692-4609,否,否,否,ESCI,1.5,,医学,4 [3333/5603],否, GASTROENTEROLOGY & HEPATOLOGY 胃肠肝病学,4 [94/143],,,,,,,,,,,三级
OncoTargets and Therapy,2025,1178-6930/1178-6930,否,否,是,SCIE,2.8,,医学,4 [3334/5603],否, BIOTECHNOLOGY & APPLIED MICROBIOLOGY 生物工程与应用微生物,4 [92/174], ONCOLOGY 肿瘤学,4 [220/318],,,,,,,,,三级
JGH Open,2025,2397-9070/2397-9070,否,否,是,ESCI,1.5,,医学,4 [3335/5603],否, GASTROENTEROLOGY & HEPATOLOGY 胃肠肝病学,4 [95/143],,,,,,,,,,,三级
Journal of Public Health Research,2025,2279-9028/2279-9036,否,否,是,ESCI,1.8,,医学,4 [3336/5603],否," PUBLIC, ENVIRONMENTAL & OCCUPATIONAL HEALTH 公共卫生、环境卫生与职业卫生",4 [262/404],,,,,,,,,,,三级
Journal of Alzheimers Disease Reports,2025,2542-4823/2542-4823,否,否,是,ESCI,2.8,,医学,4 [3337/5603],否, NEUROSCIENCES 神经科学,4 [235/309],,,,,,,,,,,三级
Current Trauma Reports,2025,2198-6096/2198-6096,是,否,否,ESCI,2.4,,医学,4 [3338/5603],否, CRITICAL CARE MEDICINE 危重病医学,4 [35/56],,,,,,,,,,,三级
Acta Orthopaedica et Traumatologica Turcica,2025,1017-995X/2589-1294,否,否,是,SCIE,1,,医学,4 [3339/5603],否, ORTHOPEDICS 骨科,4 [92/136],,,,,,,,,,,三级
Journal of Craniovertebral Junction and Spine,2025,0974-8237/0976-9285,否,否,是,ESCI,1.3,,医学,4 [3340/5603],否, OTORHINOLARYNGOLOGY 耳鼻喉科学,4 [43/66],,,,,,,,,,,三级
Noise & Health,2025,1463-1741/1998-4030,否,否,是,SCIE,1.4,,医学,4 [3341/5603],否, AUDIOLOGY & SPEECH-LANGUAGE PATHOLOGY 听力学与言语病理学,4 [24/35]," PUBLIC, ENVIRONMENTAL & OCCUPATIONAL HEALTH 公共卫生、环境卫生与职业卫生",4 [263/404],,,,,,,,,三级
HIV Research & Clinical Practice,2025,2578-7489/2578-7470,否,否,是,SCIE,1.8,,医学,4 [3342/5603],否, INFECTIOUS DISEASES 传染病学,4 [92/134], PHARMACOLOGY & PHARMACY 药学,4 [208/350],,,,,,,,,三级
OPTOMETRY AND VISION SCIENCE,2025,1040-5488/1538-9235,否,否,否,SCIE,1.8,,医学,4 [3343/5603],否, OPHTHALMOLOGY 眼科学,4 [57/95],,,,,,,,,,,三级
BioMedicine-Taiwan,2025,2211-8020/2211-8039,否,否,是,ESCI,2.5,,医学,4 [3344/5603],否," MEDICINE, GENERAL & INTERNAL 医学：内科",4 [106/327],,,,,,,,,,,三级
Neurointervention,2025,2093-9043/2233-6273,否,否,是,ESCI,1.2,,医学,4 [3345/5603],否, CLINICAL NEUROLOGY 临床神经病学,4 [190/278],,,,,,,,,,,三级
Journal of Medical Ultrasonics,2025,1346-4523/1613-2254,否,否,否,SCIE,2.1,,医学,4 [3346/5603],否," RADIOLOGY, NUCLEAR MEDICINE & MEDICAL IMAGING 核医学",4 [123/206],,,,,,,,,,,三级
JOURNAL OF AMERICAN COLLEGE HEALTH,2025,0744-8481/1940-3208,否,否,否,SSCI,1.5,,医学,4 [3347/5603],否, EDUCATION & EDUCATIONAL RESEARCH 教育学和教育研究,4 [469/754]," PUBLIC, ENVIRONMENTAL & OCCUPATIONAL HEALTH 公共卫生、环境卫生与职业卫生",4 [264/404],,,,,,,,,三级
BRAIN INJURY,2025,0269-9052/1362-301X,否,否,否,SSCI;SCIE,1.8,,医学,4 [3348/5603],否, NEUROSCIENCES 神经科学,4 [236/309], REHABILITATION 康复医学,4 [99/169],,,,,,,,,三级
Cancer Research Communications,2025,2767-9764/2767-9764,否,否,否,ESCI,3.3,,医学,4 [3349/5603],否, ONCOLOGY 肿瘤学,4 [221/318],,,,,,,,,,,三级
Radiological Physics and Technology,2025,1865-0333/1865-0341,否,否,否,ESCI,1.5,,医学,4 [3350/5603],否," RADIOLOGY, NUCLEAR MEDICINE & MEDICAL IMAGING 核医学",4 [124/206],,,,,,,,,,,三级
JOURNAL OF SPINAL CORD MEDICINE,2025,1079-0268/2045-7723,否,否,否,SCIE,1.5,,医学,4 [3351/5603],否, CLINICAL NEUROLOGY 临床神经病学,4 [191/278],,,,,,,,,,,三级
REJUVENATION RESEARCH,2025,1549-1684/1557-8577,否,否,否,SCIE,2.6,,医学,4 [3352/5603],否, GERIATRICS & GERONTOLOGY 老年医学,4 [51/72],,,,,,,,,,,三级
Journal of Biomedical Semantics,2025,2041-1480/2041-1480,否,否,是,SCIE,2,,医学,4 [3353/5603],否, MATHEMATICAL & COMPUTATIONAL BIOLOGY 数学与计算生物学,4 [41/66],,,,,,,,,,,三级
Orthopedic Research and Reviews,2025,1179-1462/1179-1462,否,否,是,ESCI,2.3,,医学,4 [3354/5603],否, ORTHOPEDICS 骨科,4 [93/136],,,,,,,,,,,三级
OTJR-Occupational Therapy Journal of Research,2025,1539-4492/1938-2383,否,否,否,SSCI,1.5,,医学,4 [3355/5603],否, REHABILITATION 康复医学,4 [100/169],,,,,,,,,,,三级
Journal of Orthodontics,2025,1465-3125/1465-3133,否,否,否,ESCI,1.5,,医学,4 [3356/5603],否," DENTISTRY, ORAL SURGERY & MEDICINE 牙科与口腔外科",4 [100/157],,,,,,,,,,,三级
Tobacco Use Insights,2025,1179-173X/1179-173X,否,否,是,ESCI,2.2,,医学,4 [3357/5603],否," PUBLIC, ENVIRONMENTAL & OCCUPATIONAL HEALTH 公共卫生、环境卫生与职业卫生",4 [265/404],,,,,,,,,,,三级
INTERNAL MEDICINE JOURNAL,2025,1444-0903/1445-5994,否,否,否,SCIE,1.5,,医学,4 [3358/5603],否," MEDICINE, GENERAL & INTERNAL 医学：内科",4 [107/327],,,,,,,,,,,三级
Advanced Pharmaceutical Bulletin,2025,2228-5881/2251-7308,否,否,是,ESCI,4.1,,医学,4 [3359/5603],否, PHARMACOLOGY & PHARMACY 药学,4 [209/350],,,,,,,,,,,三级
JOURNAL OF CARDIAC SURGERY,2025,0886-0440/1540-8191,否,否,否,SCIE,1.3,,医学,4 [3360/5603],否, CARDIAC & CARDIOVASCULAR SYSTEMS 心脏和心血管系统,4 [141/223], SURGERY 外科,4 [182/292],,,,,,,,,三级
HUMAN PSYCHOPHARMACOLOGY-CLINICAL AND EXPERIMENTAL,2025,0885-6222/1099-1077,否,否,否,SCIE,1.7,,医学,4 [3361/5603],否, CLINICAL NEUROLOGY 临床神经病学,4 [192/278], PHARMACOLOGY & PHARMACY 药学,4 [210/350], PSYCHIATRY 精神病学,4 [190/277], PSYCHOLOGY 心理学,4 [64/92],,,,,三级
International Journal of Inflammation,2025,2090-8040/2042-0099,否,否,是,ESCI,2,,医学,4 [3362/5603],否, IMMUNOLOGY 免疫学,4 [132/179],,,,,,,,,,,三级
JOURNAL OF ECT,2025,1095-0680/1533-4112,否,否,否,SSCI;SCIE,1.8,,医学,4 [3363/5603],否, BEHAVIORAL SCIENCES 行为科学,4 [45/55], PSYCHIATRY 精神病学,4 [191/277],,,,,,,,,三级
Current Pediatrics Reports,2025,2167-4841/2167-4841,是,否,否,ESCI,2.8,,医学,4 [3364/5603],否, PEDIATRICS 儿科,4 [98/185],,,,,,,,,,,三级
EXPERIMENTAL PARASITOLOGY,2025,0014-4894/1090-2449,否,否,否,SCIE,1.6,,医学,4 [3365/5603],否, PARASITOLOGY 寄生虫学,4 [29/45],,,,,,,,,,,三级
REVISTA ESPANOLA DE ENFERMEDADES DIGESTIVAS,2025,1130-0108/2340-4167,否,否,是,SCIE,4,,医学,4 [3366/5603],否, GASTROENTEROLOGY & HEPATOLOGY 胃肠肝病学,4 [96/143],,,,,,,,,,,三级
OPERATIVE DENTISTRY,2025,0361-7734/1559-2863,否,否,否,SCIE,2.2,,医学,4 [3367/5603],否," DENTISTRY, ORAL SURGERY & MEDICINE 牙科与口腔外科",4 [101/157],,,,,,,,,,,三级
Intelligent Medicine,2025,2667-1026/2667-1026,否,否,是,ESCI,6.9,,医学,4 [3368/5603],否," COMPUTER SCIENCE, INTERDISCIPLINARY APPLICATIONS 计算机：跨学科应用",4 [115/172], MEDICAL INFORMATICS 医学：信息,4 [38/44],,,,,,,,,三级
International Journal of Mycobacteriology,2025,2212-5531/2212-554X,否,否,是,ESCI,1.5,,医学,4 [3369/5603],否, INFECTIOUS DISEASES 传染病学,4 [93/134], MICROBIOLOGY 微生物学,4 [108/159],,,,,,,,,三级
NEUROSCIENCE RESEARCH,2025,0168-0102/1872-8111,否,否,否,SCIE,2.3,,医学,4 [3370/5603],否, NEUROSCIENCES 神经科学,4 [237/309],,,,,,,,,,,三级
JOURNAL OF INTERFERON AND CYTOKINE RESEARCH,2025,1079-9907/1557-7465,否,否,否,SCIE,1.8,,医学,4 [3371/5603],否, BIOCHEMISTRY & MOLECULAR BIOLOGY 生化与分子生物学,4 [222/310], CELL BIOLOGY 细胞生物学,4 [159/203], IMMUNOLOGY 免疫学,4 [133/179],,,,,,,三级
Diving and Hyperbaric Medicine,2025,1833-3516/1833-3516,否,否,否,SCIE,1.1,,医学,4 [3372/5603],否," PUBLIC, ENVIRONMENTAL & OCCUPATIONAL HEALTH 公共卫生、环境卫生与职业卫生",4 [266/404],,,,,,,,,,,三级
UROLOGIA INTERNATIONALIS,2025,0042-1138/1423-0399,否,否,否,SCIE,1.3,,医学,4 [3373/5603],否, UROLOGY & NEPHROLOGY 泌尿学与肾脏学,4 [82/126],,,,,,,,,,,三级
JOURNAL OF INVESTIGATIVE MEDICINE,2025,1081-5589/1708-8267,否,否,否,SCIE,2,,医学,4 [3374/5603],否," MEDICINE, GENERAL & INTERNAL 医学：内科",4 [108/327]," MEDICINE, RESEARCH & EXPERIMENTAL 医学：研究与实验",4 [118/188],,,,,,,,,三级
CARDIOVASCULAR PATHOLOGY,2025,1054-8807/1879-1336,否,否,否,SCIE,1.9,,医学,4 [3375/5603],否, CARDIAC & CARDIOVASCULAR SYSTEMS 心脏和心血管系统,4 [142/223], PATHOLOGY 病理学,4 [53/88],,,,,,,,,三级
Population Health Management,2025,1942-7891/1942-7905,否,否,否,SCIE,2.1,,医学,4 [3376/5603],否, HEALTH CARE SCIENCES & SERVICES 卫生保健与服务,4 [119/173],,,,,,,,,,,三级
ABCD-Arquivos Brasileiros de Cirurgia Digestiva-Brazilian Archives of Digestive Surgery,2025,0102-6720/2317-6326,否,否,是,ESCI,1.8,,医学,4 [3377/5603],否, GASTROENTEROLOGY & HEPATOLOGY 胃肠肝病学,4 [97/143],,,,,,,,,,,三级
JOURNAL OF CARDIOVASCULAR PHARMACOLOGY,2025,0160-2446/1533-4023,否,否,否,SCIE,2.2,,医学,4 [3378/5603],否, CARDIAC & CARDIOVASCULAR SYSTEMS 心脏和心血管系统,4 [143/223], PHARMACOLOGY & PHARMACY 药学,4 [212/350],,,,,,,,,三级
European Journal of Integrative Medicine,2025,1876-3820/1876-3839,否,否,否,SCIE,1.7,,医学,4 [3379/5603],否, INTEGRATIVE & COMPLEMENTARY MEDICINE 全科医学与补充医学,4 [19/43],,,,,,,,,,,三级
Journal for Specialists in Pediatric Nursing,2025,1539-0136/1744-6155,否,否,否,SSCI;SCIE,1.6,,医学,4 [3380/5603],否, NURSING 护理,4 [97/191], PEDIATRICS 儿科,4 [99/185],,,,,,,,,三级
Journal of Neurological Surgery Part B-Skull Base,2025,2193-6331/2193-634X,否,否,否,SCIE,0.9,,医学,4 [3381/5603],否, CLINICAL NEUROLOGY 临床神经病学,4 [193/278], SURGERY 外科,4 [183/292],,,,,,,,,三级
INTERNATIONAL JOURNAL OF RADIATION BIOLOGY,2025,0955-3002/1362-3095,否,否,否,SCIE,2.4,,医学,4 [3382/5603],否, NUCLEAR SCIENCE & TECHNOLOGY 核科学技术,3 [17/41], BIOLOGY 生物学,4 [59/109]," RADIOLOGY, NUCLEAR MEDICINE & MEDICAL IMAGING 核医学",4 [125/206],,,,,,,三级
EXERCISE IMMUNOLOGY REVIEW,2025,1077-5552/1077-5552,是,否,否,SCIE,3.8,,医学,4 [3383/5603],否, IMMUNOLOGY 免疫学,4 [134/179], SPORT SCIENCES 运动科学,4 [80/126],,,,,,,,,三级
Sexual Development,2025,1661-5425/1661-5433,否,否,否,SCIE,2.4,,医学,4 [3384/5603],否, DEVELOPMENTAL BIOLOGY 发育生物学,4 [24/39],,,,,,,,,,,三级
Journal of Clinical Research in Pediatric Endocrinology,2025,1308-5727/1308-5735,否,否,是,SCIE,1.5,,医学,4 [3385/5603],否, ENDOCRINOLOGY & METABOLISM 内分泌学与代谢,4 [139/184], PEDIATRICS 儿科,4 [100/185],,,,,,,,,三级
Multidisciplinary Respiratory Medicine,2025,1828-695X/2049-6958,否,否,是,ESCI,1.6,,医学,4 [3386/5603],否, RESPIRATORY SYSTEM 呼吸系统,4 [69/101],,,,,,,,,,,三级
Crisis-The Journal of Crisis Intervention and Suicide Prevention,2025,0227-5910/2151-2396,否,否,否,SSCI,2.6,,医学,4 [3387/5603],否, PSYCHIATRY 精神病学,4 [192/277]," PSYCHOLOGY, MULTIDISCIPLINARY 心理学：综合",4 [136/219],,,,,,,,,三级
International Journal of Nursing Education Scholarship,2025,2194-5772/1548-923X,否,否,否,ESCI,1.1,,医学,4 [3388/5603],否, NURSING 护理,4 [98/191],,,,,,,,,,,三级
CANADIAN JOURNAL OF NEUROLOGICAL SCIENCES,2025,0317-1671/2057-0155,否,否,否,SCIE,2.2,,医学,4 [3389/5603],否, CLINICAL NEUROLOGY 临床神经病学,4 [194/278],,,,,,,,,,,三级
JOURNAL OF GERONTOLOGICAL SOCIAL WORK,2025,1540-4048/0163-4372,否,否,否,SSCI,1.5,,医学,4 [3390/5603],否, GERONTOLOGY 老年医学（社科）,4 [31/48], SOCIAL WORK 社会工作,4 [56/91],,,,,,,,,三级
Childhood Obesity,2025,2153-2168/2153-2176,否,否,否,SCIE,1.4,,医学,4 [3391/5603],否, PEDIATRICS 儿科,4 [101/185],,,,,,,,,,,三级
Journal of Patient-Centered Research and Reviews,2025,2330-068X/2330-0698,否,否,是,ESCI,1.5,,医学,4 [3392/5603],否, HEALTH CARE SCIENCES & SERVICES 卫生保健与服务,4 [120/173],,,,,,,,,,,三级
DARU-Journal of Pharmaceutical Sciences,2025,2008-2231/2008-2231,否,否,否,SCIE,2.1,,医学,4 [3393/5603],否, PHARMACOLOGY & PHARMACY 药学,4 [213/350],,,,,,,,,,,三级
Nurse Leader,2025,1541-4612/1541-4620,否,否,否,ESCI,1.4,,医学,4 [3394/5603],否, NURSING 护理,4 [99/191],,,,,,,,,,,三级
Journal of Laparoendoscopic & Advanced Surgical Techniques,2025,1092-6429/1557-9034,否,否,否,SCIE,1.1,,医学,4 [3395/5603],否, SURGERY 外科,4 [184/292],,,,,,,,,,,三级
SOMATOSENSORY AND MOTOR RESEARCH,2025,0899-0220/1369-1651,否,否,否,SCIE,1.1,,医学,4 [3396/5603],否, NEUROSCIENCES 神经科学,4 [239/309],,,,,,,,,,,三级
AMERICAN JOURNAL OF CLINICAL ONCOLOGY-CANCER CLINICAL TRIALS,2025,0277-3732/1537-453X,否,否,否,SCIE,1.8,,医学,4 [3397/5603],否, ONCOLOGY 肿瘤学,4 [222/318],,,,,,,,,,,三级
Hand Surgery & Rehabilitation,2025,2468-1229/2468-1210,否,否,否,SCIE,1,,医学,4 [3398/5603],否, ORTHOPEDICS 骨科,4 [94/136], SURGERY 外科,4 [185/292],,,,,,,,,三级
ECHOCARDIOGRAPHY-A JOURNAL OF CARDIOVASCULAR ULTRASOUND AND ALLIED TECHNIQUES,2025,0742-2822/1540-8175,否,否,否,SCIE,1.4,,医学,4 [3399/5603],否, CARDIAC & CARDIOVASCULAR SYSTEMS 心脏和心血管系统,4 [144/223],,,,,,,,,,,三级
MEDICINA CLINICA,2025,0025-7753/1578-8989,否,否,否,SCIE,2.1,,医学,4 [3400/5603],否," MEDICINE, GENERAL & INTERNAL 医学：内科",4 [109/327],,,,,,,,,,,三级
BIOMARKERS,2025,1354-750X/1366-5804,否,否,否,SCIE,1.9,,医学,4 [3401/5603],否, BIOTECHNOLOGY & APPLIED MICROBIOLOGY 生物工程与应用微生物,4 [100/174], TOXICOLOGY 毒理学,4 [73/106],,,,,,,,,三级
Brain Circulation,2025,2394-8108/2455-4626,否,否,是,ESCI,4.8,,医学,4 [3402/5603],否, CLINICAL NEUROLOGY 临床神经病学,4 [195/278], NEUROSCIENCES 神经科学,4 [240/309],,,,,,,,,三级
Current Opinion in Physiology,2025,2468-8673/2468-8673,是,否,否,ESCI,1.9,,医学,4 [3403/5603],否, PHYSIOLOGY 生理学,4 [63/84],,,,,,,,,,,三级
JOURNAL OF CLINICAL NEUROPHYSIOLOGY,2025,0736-0258/1537-1603,否,否,否,SCIE,1.7,,医学,4 [3404/5603],否, CLINICAL NEUROLOGY 临床神经病学,4 [196/278], NEUROSCIENCES 神经科学,4 [241/309],,,,,,,,,三级
AMERICAN JOURNAL OF HEALTH-SYSTEM PHARMACY,2025,1079-2082/1535-2900,否,否,否,SCIE,2.3,,医学,4 [3405/5603],否, PHARMACOLOGY & PHARMACY 药学,4 [214/350],,,,,,,,,,,三级
Nutrition Research and Practice,2025,1976-1457/2005-6168,否,否,否,SCIE,1.5,,医学,4 [3406/5603],否, NUTRITION & DIETETICS 营养学,4 [73/113],,,,,,,,,,,三级
Interactive Journal of Medical Research,2025,1929-073X/1929-073X,否,否,是,ESCI,2.2,,医学,4 [3407/5603],否," MEDICINE, RESEARCH & EXPERIMENTAL 医学：研究与实验",4 [119/188],,,,,,,,,,,三级
Archives of Rehabilitation Research and Clinical Translation,2025,2590-1095/2590-1095,否,否,是,ESCI,2,,医学,4 [3408/5603],否, REHABILITATION 康复医学,4 [101/169],,,,,,,,,,,三级
JOURNAL OF MICROENCAPSULATION,2025,0265-2048/1464-5246,否,否,否,SCIE,3.2,,医学,4 [3409/5603],否," CHEMISTRY, APPLIED 应用化学",3 [31/74]," ENGINEERING, CHEMICAL 工程：化工",3 [84/169], PHARMACOLOGY & PHARMACY 药学,4 [215/350],,,,,,,三级
JOURNAL OF CRANIOFACIAL SURGERY,2025,1049-2275/1536-3732,否,否,否,SCIE,1,,医学,4 [3410/5603],否, SURGERY 外科,4 [186/292],,,,,,,,,,,三级
Archives of Bone and Joint Surgery-ABJS,2025,2345-4644/2345-461X,否,否,否,ESCI,1.8,,医学,4 [3411/5603],否, ORTHOPEDICS 骨科,4 [95/136],,,,,,,,,,,三级
Medical Science Monitor Basic Research,2025,2325-4416/2325-4394,否,否,否,ESCI,2,,医学,4 [3412/5603],否," MEDICINE, RESEARCH & EXPERIMENTAL 医学：研究与实验",4 [120/188],,,,,,,,,,,三级
Current Sleep Medicine Reports,2025,2198-6401/2198-6401,是,否,否,ESCI,2,,医学,4 [3413/5603],否, CLINICAL NEUROLOGY 临床神经病学,4 [197/278],,,,,,,,,,,三级
STEREOTACTIC AND FUNCTIONAL NEUROSURGERY,2025,1011-6125/1423-0372,否,否,否,SCIE,2.4,,医学,4 [3414/5603],否, NEUROIMAGING 神经成像,4 [12/16], NEUROSCIENCES 神经科学,4 [242/309], SURGERY 外科,4 [187/292],,,,,,,三级
American Journal of Cardiovascular Disease,2025,2160-200X/2160-200X,否,否,否,ESCI,1.4,,医学,4 [3415/5603],否, CARDIAC & CARDIOVASCULAR SYSTEMS 心脏和心血管系统,4 [145/223],,,,,,,,,,,三级
African Journal of Primary Health Care & Family Medicine,2025,2071-2928/2071-2936,否,否,是,ESCI,1.7,,医学,4 [3416/5603],否, PRIMARY HEALTH CARE 初级卫生保健,4 [19/28],,,,,,,,,,,三级
Journal of Medical Imaging and Radiation Oncology,2025,1754-9477/1754-9485,否,否,否,SCIE,1.4,,医学,4 [3417/5603],否," RADIOLOGY, NUCLEAR MEDICINE & MEDICAL IMAGING 核医学",4 [126/206],,,,,,,,,,,三级
SEMINARS IN ULTRASOUND CT AND MRI,2025,0887-2171/1558-5034,是,否,否,SCIE,1.9,,医学,4 [3418/5603],否," RADIOLOGY, NUCLEAR MEDICINE & MEDICAL IMAGING 核医学",4 [127/206],,,,,,,,,,,三级
JOURNAL OF APPLIED TOXICOLOGY,2025,0260-437X/1099-1263,否,否,否,SCIE,2.8,,医学,4 [3419/5603],否, TOXICOLOGY 毒理学,4 [75/106],,,,,,,,,,,三级
EUROPEAN NEUROLOGY,2025,0014-3022/1421-9913,否,否,否,SCIE,2.4,,医学,4 [3420/5603],否, CLINICAL NEUROLOGY 临床神经病学,4 [198/278], NEUROSCIENCES 神经科学,4 [243/309],,,,,,,,,三级
DIAGNOSTIC MICROBIOLOGY AND INFECTIOUS DISEASE,2025,0732-8893/1879-0070,否,否,否,SCIE,1.8,,医学,4 [3421/5603],否, INFECTIOUS DISEASES 传染病学,4 [94/134], MICROBIOLOGY 微生物学,4 [112/159],,,,,,,,,三级
INTERNATIONAL JOURNAL OF PHARMACY PRACTICE,2025,0961-7671/2042-7174,否,否,否,ESCI,1.8,,医学,4 [3422/5603],否, PHARMACOLOGY & PHARMACY 药学,4 [216/350],,,,,,,,,,,三级
TRANSFUSION MEDICINE,2025,0958-7578/1365-3148,否,否,否,SCIE,1.4,,医学,4 [3423/5603],否, HEMATOLOGY 血液学,4 [68/96],,,,,,,,,,,三级
Molecular Genetics & Genomic Medicine,2025,2324-9269/2324-9269,否,否,是,SCIE,1.6,,医学,4 [3424/5603],否, GENETICS & HEREDITY 遗传学,4 [126/190],,,,,,,,,,,三级
Zeitschrift fur Evidenz Fortbildung und Qualitaet im Gesundheitswesen,2025,1865-9217/2212-0289,否,否,否,ESCI,1.7,,医学,4 [3425/5603],否, HEALTH POLICY & SERVICES 卫生政策与服务,4 [88/118],,,,,,,,,,,三级
PM&R,2025,1934-1482/1934-1563,否,否,否,SCIE,2.8,,医学,4 [3426/5603],否, REHABILITATION 康复医学,4 [102/169], SPORT SCIENCES 运动科学,4 [81/126],,,,,,,,,三级
JOURNAL OF ANTIBIOTICS,2025,0021-8820/1881-1469,否,否,否,SCIE,2.7,,医学,4 [3427/5603],否, BIOTECHNOLOGY & APPLIED MICROBIOLOGY 生物工程与应用微生物,4 [101/174], IMMUNOLOGY 免疫学,4 [135/179], MICROBIOLOGY 微生物学,4 [113/159], PHARMACOLOGY & PHARMACY 药学,4 [217/350],,,,,三级
SEMINARS IN DIALYSIS,2025,0894-0959/1525-139X,否,否,否,SCIE,1,,医学,4 [3428/5603],否, UROLOGY & NEPHROLOGY 泌尿学与肾脏学,4 [83/126],,,,,,,,,,,三级
JOURNAL OF VIROLOGICAL METHODS,2025,0166-0934/1879-0984,否,否,否,SCIE,1.6,,医学,4 [3429/5603],否, BIOCHEMICAL RESEARCH METHODS 生化研究方法,4 [52/85], BIOTECHNOLOGY & APPLIED MICROBIOLOGY 生物工程与应用微生物,4 [102/174], VIROLOGY 病毒学,4 [27/41],,,,,,,三级
PRIMARY CARE,2025,0095-4543/1558-299X,是,否,否,SCIE,4.3,,医学,4 [3430/5603],否," MEDICINE, GENERAL & INTERNAL 医学：内科",4 [110/327], PRIMARY HEALTH CARE 初级卫生保健,4 [20/28],,,,,,,,,三级
RADIOPROTECTION,2025,0033-8451/1769-700X,否,否,否,SCIE,1.8,,医学,4 [3431/5603],否, ENVIRONMENTAL SCIENCES 环境科学,4 [233/357], NUCLEAR SCIENCE & TECHNOLOGY 核科学技术,4 [20/41]," PUBLIC, ENVIRONMENTAL & OCCUPATIONAL HEALTH 公共卫生、环境卫生与职业卫生",4 [267/404]," RADIOLOGY, NUCLEAR MEDICINE & MEDICAL IMAGING 核医学",4 [128/206],,,,,三级
ACTA NEUROLOGICA BELGICA,2025,0300-9009/2240-2993,否,否,否,SCIE,2.1,,医学,4 [3432/5603],否, CLINICAL NEUROLOGY 临床神经病学,4 [199/278], NEUROSCIENCES 神经科学,4 [244/309],,,,,,,,,三级
Journal of Applied Biomedicine,2025,1214-021X/1214-0287,否,否,是,SCIE,2,,医学,4 [3433/5603],否," MEDICINE, RESEARCH & EXPERIMENTAL 医学：研究与实验",4 [121/188], PHARMACOLOGY & PHARMACY 药学,4 [218/350],,,,,,,,,三级
Dimensions of Critical Care Nursing,2025,0730-4625/1538-8646,否,否,否,ESCI,1.4,,医学,4 [3434/5603],否, NURSING 护理,4 [100/191],,,,,,,,,,,三级
International Journal of Circumpolar Health,2025,1239-9736/2242-3982,否,否,是,SSCI;SCIE,1.9,,医学,4 [3435/5603],否," PUBLIC, ENVIRONMENTAL & OCCUPATIONAL HEALTH 公共卫生、环境卫生与职业卫生",4 [268/404],,,,,,,,,,,三级
Medizinische Klinik-Intensivmedizin und Notfallmedizin,2025,2193-6218/2193-6226,否,否,否,SCIE,1.5,,医学,4 [3436/5603],否," MEDICINE, GENERAL & INTERNAL 医学：内科",4 [111/327],,,,,,,,,,,三级
World Journal of Hepatology,2025,1948-5182/1948-5182,否,否,否,ESCI,2.5,,医学,4 [3437/5603],否, GASTROENTEROLOGY & HEPATOLOGY 胃肠肝病学,4 [98/143],,,,,,,,,,,三级
ALZHEIMER DISEASE & ASSOCIATED DISORDERS,2025,0893-0341/0893-0341,否,否,否,SCIE,1.4,,医学,4 [3438/5603],否, CLINICAL NEUROLOGY 临床神经病学,4 [200/278], PATHOLOGY 病理学,4 [54/88],,,,,,,,,三级
Biomedical Reports,2025,2049-9434/2049-9442,否,否,否,ESCI,1.9,,医学,4 [3439/5603],否," MEDICINE, RESEARCH & EXPERIMENTAL 医学：研究与实验",4 [122/188],,,,,,,,,,,三级
Journal of Parasitology Research,2025,2090-0023/2090-0031,否,否,是,ESCI,1.8,,医学,4 [3440/5603],否, PARASITOLOGY 寄生虫学,4 [30/45],,,,,,,,,,,三级
JAPANESE JOURNAL OF CLINICAL ONCOLOGY,2025,0368-2811/1465-3621,否,否,否,SCIE,2.2,,医学,4 [3441/5603],否, ONCOLOGY 肿瘤学,4 [223/318],,,,,,,,,,,三级
Australian Journal of Primary Health,2025,1448-7527/1836-7399,否,否,否,SSCI;SCIE,1.3,,医学,4 [3442/5603],否, HEALTH CARE SCIENCES & SERVICES 卫生保健与服务,4 [121/173], HEALTH POLICY & SERVICES 卫生政策与服务,4 [89/118], PRIMARY HEALTH CARE 初级卫生保健,4 [21/28]," PUBLIC, ENVIRONMENTAL & OCCUPATIONAL HEALTH 公共卫生、环境卫生与职业卫生",4 [269/404],,,,,三级
JOURNAL OF MANIPULATIVE AND PHYSIOLOGICAL THERAPEUTICS,2025,0161-4754,否,否,否,SCIE,1.4,,医学,4 [3443/5603],否, HEALTH CARE SCIENCES & SERVICES 卫生保健与服务,4 [122/173], INTEGRATIVE & COMPLEMENTARY MEDICINE 全科医学与补充医学,4 [20/43], REHABILITATION 康复医学,4 [104/169],,,,,,,三级
World Journal of Cardiology,2025,1949-8462/1949-8462,否,否,否,ESCI,2.8,,医学,4 [3444/5603],否, CARDIAC & CARDIOVASCULAR SYSTEMS 心脏和心血管系统,4 [146/223],,,,,,,,,,,三级
Annals of Dermatology,2025,1013-9087/2005-3894,否,否,否,SCIE,1.3,,医学,4 [3445/5603],否, DERMATOLOGY 皮肤病学,4 [55/94],,,,,,,,,,,三级
International Journal of Cardiology Cardiovascular Risk and Prevention,2025,2772-4875/2772-4875,否,否,是,ESCI,2.1,,医学,4 [3446/5603],否, PERIPHERAL VASCULAR DISEASE 外周血管病,4 [68/96],,,,,,,,,,,三级
SEXUALITY AND DISABILITY,2025,0146-1044/1573-6717,否,否,否,SSCI,1.5,,医学,4 [3447/5603],否, REHABILITATION 康复医学,4 [105/169],,,,,,,,,,,三级
ACTA HAEMATOLOGICA,2025,0001-5792/1421-9662,否,否,否,SCIE,1.1,,医学,4 [3448/5603],否, HEMATOLOGY 血液学,4 [69/96],,,,,,,,,,,三级
Ethiopian Journal of Health Sciences,2025,1029-1857/2413-7170,否,否,是,ESCI,1.5,,医学,4 [3449/5603],否, HEALTH CARE SCIENCES & SERVICES 卫生保健与服务,4 [123/173],,,,,,,,,,,三级
BIOMEDICAL MICRODEVICES,2025,1387-2176/1572-8781,否,否,否,SCIE,3.3,,医学,4 [3450/5603],否," ENGINEERING, BIOMEDICAL 工程：生物医学",4 [87/120], NANOSCIENCE & NANOTECHNOLOGY 纳米科技,4 [86/139],,,,,,,,,三级
EUROPEAN HEART JOURNAL SUPPLEMENTS,2025,1520-765X/1554-2815,否,否,否,SCIE,2.5,,医学,4 [3451/5603],否, CARDIAC & CARDIOVASCULAR SYSTEMS 心脏和心血管系统,4 [147/223],,,,,,,,,,,三级
CANCER BIOTHERAPY AND RADIOPHARMACEUTICALS,2025,1084-9785/1557-8852,否,否,否,SCIE,2.1,,医学,4 [3452/5603],否," MEDICINE, RESEARCH & EXPERIMENTAL 医学：研究与实验",4 [123/188], ONCOLOGY 肿瘤学,4 [224/318], PHARMACOLOGY & PHARMACY 药学,4 [219/350]," RADIOLOGY, NUCLEAR MEDICINE & MEDICAL IMAGING 核医学",4 [129/206],,,,,三级
PEDIATRIC EMERGENCY CARE,2025,0749-5161/1535-1815,否,否,否,SCIE,1.2,,医学,4 [3453/5603],否, EMERGENCY MEDICINE 急救医学,4 [32/54], PEDIATRICS 儿科,4 [102/185],,,,,,,,,三级
Pharmacogenetics and Genomics,2025,1744-6872/1744-6880,否,否,否,SCIE,1.7,,医学,4 [3454/5603],否, BIOTECHNOLOGY & APPLIED MICROBIOLOGY 生物工程与应用微生物,4 [105/174], GENETICS & HEREDITY 遗传学,4 [128/190], PHARMACOLOGY & PHARMACY 药学,4 [220/350],,,,,,,三级
Drug Metabolism and Pharmacokinetics,2025,1347-4367/1880-0920,否,否,否,SCIE,2.2,,医学,4 [3455/5603],否, PHARMACOLOGY & PHARMACY 药学,4 [221/350],,,,,,,,,,,三级
Infectious Diseases Now,2025,2666-9927/2666-9919,否,否,否,SCIE,2.2,,医学,4 [3456/5603],否, INFECTIOUS DISEASES 传染病学,4 [95/134],,,,,,,,,,,三级
Annals of Medicine and Surgery,2025,2049-0801/2049-0801,否,否,否,ESCI,1.6,,医学,4 [3457/5603],否," MEDICINE, GENERAL & INTERNAL 医学：内科",4 [112/327],,,,,,,,,,,三级
Analytical Cellular Pathology,2025,2210-7177/2210-7185,否,否,是,SCIE,2.7,,医学,4 [3458/5603],否, CELL BIOLOGY 细胞生物学,4 [163/203], ONCOLOGY 肿瘤学,4 [225/318], PATHOLOGY 病理学,4 [55/88],,,,,,,三级
Lymphatic Research and Biology,2025,1539-6851/1557-8585,否,否,否,SCIE,1.9,,医学,4 [3459/5603],否," MEDICINE, RESEARCH & EXPERIMENTAL 医学：研究与实验",4 [124/188], PHYSIOLOGY 生理学,4 [64/84],,,,,,,,,三级
Annals of Thoracic and Cardiovascular Surgery,2025,1341-1098/2186-1005,否,否,是,SCIE,1.3,,医学,4 [3460/5603],否, CARDIAC & CARDIOVASCULAR SYSTEMS 心脏和心血管系统,4 [148/223], SURGERY 外科,4 [188/292],,,,,,,,,三级
Saudi Journal of Gastroenterology,2025,1319-3767/1998-4049,否,否,是,SCIE,2,,医学,4 [3461/5603],否, GASTROENTEROLOGY & HEPATOLOGY 胃肠肝病学,4 [99/143],,,,,,,,,,,三级
VIRUS GENES,2025,0920-8569/1572-994X,否,否,否,SCIE,1.9,,医学,4 [3462/5603],否, GENETICS & HEREDITY 遗传学,4 [129/190], VIROLOGY 病毒学,4 [28/41],,,,,,,,,三级
FOLIA MORPHOLOGICA,2025,0015-5659/1644-3284,否,否,否,SCIE,1.2,,医学,4 [3463/5603],否, ANATOMY & MORPHOLOGY 解剖学与形态学,4 [14/22],,,,,,,,,,,三级
International Journal of Prisoner Health,2025,1744-9200/1744-9219,否,否,否,ESCI,1.3,,医学,4 [3464/5603],否," PUBLIC, ENVIRONMENTAL & OCCUPATIONAL HEALTH 公共卫生、环境卫生与职业卫生",4 [270/404],,,,,,,,,,,三级
International Journal of Orthopaedic and Trauma Nursing,2025,1878-1241/1878-1292,否,否,否,ESCI,2.1,,医学,4 [3465/5603],否, NURSING 护理,4 [101/191],,,,,,,,,,,三级
THERAPEUTIC APHERESIS AND DIALYSIS,2025,1744-9979/1744-9987,否,否,否,SCIE,1.2,,医学,4 [3466/5603],否, HEMATOLOGY 血液学,4 [70/96], UROLOGY & NEPHROLOGY 泌尿学与肾脏学,4 [84/126],,,,,,,,,三级
Clinical Medicine Insights-Pediatrics,2025,1179-5565/1179-5565,否,否,是,ESCI,1.2,,医学,4 [3467/5603],否, PEDIATRICS 儿科,4 [103/185],,,,,,,,,,,三级
Current Problems in Diagnostic Radiology,2025,0363-0188/0363-0188,否,否,否,ESCI,1.5,,医学,4 [3468/5603],否," RADIOLOGY, NUCLEAR MEDICINE & MEDICAL IMAGING 核医学",4 [130/206],,,,,,,,,,,三级
Current Sports Medicine Reports,2025,1537-890X/1537-8918,是,否,否,SCIE,1.4,,医学,4 [3469/5603],否, SPORT SCIENCES 运动科学,4 [82/126],,,,,,,,,,,三级
Seminars in Ophthalmology,2025,0882-0538/1744-5205,否,否,否,SCIE,2.3,,医学,4 [3470/5603],否, OPHTHALMOLOGY 眼科学,4 [58/95],,,,,,,,,,,三级
Pediatric Reports,2025,2036-7503/2036-7503,否,否,是,ESCI,1.4,,医学,4 [3471/5603],否, PEDIATRICS 儿科,4 [104/185],,,,,,,,,,,三级
Hip International,2025,1120-7000/1724-6067,否,否,否,SCIE,1.1,,医学,4 [3472/5603],否, ORTHOPEDICS 骨科,4 [96/136],,,,,,,,,,,三级
BJPsych Advances,2025,2056-4678/2056-4686,否,否,否,ESCI,1.9,,医学,4 [3473/5603],否, PSYCHIATRY 精神病学,4 [193/277],,,,,,,,,,,三级
Journal of Gastrointestinal Oncology,2025,2078-6891/2219-679X,否,否,否,SCIE,2,,医学,4 [3474/5603],否, GASTROENTEROLOGY & HEPATOLOGY 胃肠肝病学,4 [100/143], ONCOLOGY 肿瘤学,4 [226/318],,,,,,,,,三级
Rheumatology Advances in Practice,2025,2514-1775/2514-1775,否,否,是,ESCI,2.1,,医学,4 [3475/5603],否, RHEUMATOLOGY 风湿病学,4 [35/55],,,,,,,,,,,三级
Turkish Journal of Emergency Medicine,2025,2452-2473/2452-2473,否,否,是,ESCI,2.3,,医学,4 [3476/5603],否, EMERGENCY MEDICINE 急救医学,4 [33/54],,,,,,,,,,,三级
ANALES DE PEDIATRIA,2025,1695-4033/1695-9531,否,否,是,SCIE,2.1,,医学,4 [3477/5603],否, PEDIATRICS 儿科,4 [105/185],,,,,,,,,,,三级
Physiotherapy Research International,2025,1358-2267/1471-2865,否,否,否,ESCI,1.8,,医学,4 [3478/5603],否, REHABILITATION 康复医学,4 [106/169],,,,,,,,,,,三级
Archives of Academic Emergency Medicine,2025,2645-4904/2645-4904,否,否,是,ESCI,2,,医学,4 [3479/5603],否, EMERGENCY MEDICINE 急救医学,4 [34/54],,,,,,,,,,,三级
Journal of Wrist Surgery,2025,2163-3916/2163-3924,否,否,否,ESCI,0.6,,医学,4 [3480/5603],否, ORTHOPEDICS 骨科,4 [97/136],,,,,,,,,,,三级
IMMUNOGENETICS,2025,0093-7711/1432-1211,否,否,否,SCIE,2.9,,医学,4 [3481/5603],否, GENETICS & HEREDITY 遗传学,4 [130/190], IMMUNOLOGY 免疫学,4 [136/179],,,,,,,,,三级
IBRO Neuroscience Reports,2025,2667-2421/2667-2421,否,否,否,ESCI,2.9,,医学,4 [3482/5603],否, NEUROSCIENCES 神经科学,4 [246/309],,,,,,,,,,,三级
New Microbes and New Infections,2025,2052-2975/2052-2975,否,否,是,ESCI,5.4,,医学,4 [3483/5603],否, INFECTIOUS DISEASES 传染病学,4 [96/134], MICROBIOLOGY 微生物学,4 [116/159],,,,,,,,,三级
JOURNAL OF PALLIATIVE CARE,2025,0825-8597/2369-5293,否,否,否,SSCI;SCIE,1.7,,医学,4 [3484/5603],否, HEALTH CARE SCIENCES & SERVICES 卫生保健与服务,4 [124/173], HEALTH POLICY & SERVICES 卫生政策与服务,4 [90/118]," PUBLIC, ENVIRONMENTAL & OCCUPATIONAL HEALTH 公共卫生、环境卫生与职业卫生",4 [272/404],,,,,,,三级
Ciencia & Saude Coletiva,2025,1413-8123/1678-4561,否,否,是,SSCI,1.2,,医学,4 [3485/5603],否," PUBLIC, ENVIRONMENTAL & OCCUPATIONAL HEALTH 公共卫生、环境卫生与职业卫生",4 [273/404],,,,,,,,,,,三级
AMERICAN JOURNAL OF PERINATOLOGY,2025,0735-1631/1098-8785,否,否,否,SCIE,1.2,,医学,4 [3486/5603],否, OBSTETRICS & GYNECOLOGY 妇产科学,4 [88/135], PEDIATRICS 儿科,4 [106/185],,,,,,,,,三级
Cellular and Molecular Bioengineering,2025,1865-5025/1865-5033,否,否,否,SCIE,5,,医学,4 [3487/5603],否, BIOPHYSICS 生物物理,4 [52/76], CELL & TISSUE ENGINEERING 细胞与组织工程,4 [24/31], CELL BIOLOGY 细胞生物学,4 [164/203]," ENGINEERING, BIOMEDICAL 工程：生物医学",4 [88/120],,,,,三级
PEDIATRIC AND DEVELOPMENTAL PATHOLOGY,2025,1093-5266/1615-5742,否,否,否,SCIE,1.3,,医学,4 [3488/5603],否, PATHOLOGY 病理学,4 [56/88], PEDIATRICS 儿科,4 [107/185],,,,,,,,,三级
Infants & Young Children,2025,0896-3746/1550-5081,否,否,否,SSCI,1.2,,医学,4 [3489/5603],否," EDUCATION, SPECIAL 特殊教育学",4 [47/62]," PSYCHOLOGY, DEVELOPMENTAL 心理学：发育",4 [75/91], REHABILITATION 康复医学,4 [107/169],,,,,,,三级
Disaster Medicine and Public Health Preparedness,2025,1935-7893/1938-744X,否,否,否,SSCI;SCIE,1.8,,医学,4 [3490/5603],否," PUBLIC, ENVIRONMENTAL & OCCUPATIONAL HEALTH 公共卫生、环境卫生与职业卫生",4 [274/404],,,,,,,,,,,三级
Clinical Pharmacology in Drug Development,2025,2160-7648/2160-7648,否,否,否,SCIE,1.8,,医学,4 [3491/5603],否, PHARMACOLOGY & PHARMACY 药学,4 [222/350],,,,,,,,,,,三级
General Thoracic and Cardiovascular Surgery,2025,1863-6705/1863-6713,否,否,否,SCIE,1.3,,医学,4 [3492/5603],否, CARDIAC & CARDIOVASCULAR SYSTEMS 心脏和心血管系统,4 [149/223], SURGERY 外科,4 [189/292],,,,,,,,,三级
World Journal of Gastrointestinal Endoscopy,2025,1948-5190/1948-5190,否,否,否,ESCI,1.8,,医学,4 [3493/5603],否, GASTROENTEROLOGY & HEPATOLOGY 胃肠肝病学,4 [101/143],,,,,,,,,,,三级
CIN-COMPUTERS INFORMATICS NURSING,2025,1538-2931/1538-9774,否,否,否,SSCI;SCIE,1.9,,医学,4 [3494/5603],否," COMPUTER SCIENCE, INTERDISCIPLINARY APPLICATIONS 计算机：跨学科应用",4 [121/172], MEDICAL INFORMATICS 医学：信息,4 [39/44], NURSING 护理,4 [102/191],,,,,,,三级
Journal of Mind and Medical Sciences,2025,2392-7674/2392-7674,否,否,是,ESCI,,,医学,4 [3495/5603],否," MEDICINE, GENERAL & INTERNAL 医学：内科",4 [113/327],,,,,,,,,,,三级
Actas Urologicas Espanolas,2025,0210-4806/1699-7980,否,否,否,SCIE,1.2,,医学,4 [3496/5603],否, UROLOGY & NEPHROLOGY 泌尿学与肾脏学,4 [85/126],,,,,,,,,,,三级
Nurse Researcher,2025,1351-5578/2047-8992,否,否,否,ESCI,1.3,,医学,4 [3497/5603],否, NURSING 护理,4 [103/191],,,,,,,,,,,三级
Current Treatment Options in Allergy,2025,2196-3053/2196-3053,是,否,否,ESCI,1.7,,医学,4 [3498/5603],否, ALLERGY 过敏,4 [25/39],,,,,,,,,,,三级
Neurochirurgie,2025,0028-3770/1773-0619,否,否,否,SCIE,1.4,,医学,4 [3499/5603],否, CLINICAL NEUROLOGY 临床神经病学,4 [201/278], SURGERY 外科,4 [190/292],,,,,,,,,三级
Issues in Mental Health Nursing,2025,0161-2840/1096-4673,否,否,否,SSCI;SCIE,1.4,,医学,4 [3500/5603],否, NURSING 护理,4 [104/191], PSYCHIATRY 精神病学,4 [194/277],,,,,,,,,三级
POSTGRADUATE MEDICAL JOURNAL,2025,0032-5473/1469-0756,否,否,否,SCIE,2.7,,医学,4 [3501/5603],否," MEDICINE, GENERAL & INTERNAL 医学：内科",4 [114/327],,,,,,,,,,,三级
SALUD PUBLICA DE MEXICO,2025,0036-3634/1606-7916,否,否,是,SSCI,3.1,,医学,4 [3502/5603],否," PUBLIC, ENVIRONMENTAL & OCCUPATIONAL HEALTH 公共卫生、环境卫生与职业卫生",4 [275/404],,,,,,,,,,,三级
MICROBIOLOGY AND IMMUNOLOGY,2025,0385-5600/1348-0421,否,否,否,SCIE,1.8,,医学,4 [3503/5603],否, IMMUNOLOGY 免疫学,4 [137/179], MICROBIOLOGY 微生物学,4 [118/159],,,,,,,,,三级
Value in Health Regional Issues,2025,2212-1099/2212-1099,否,否,否,ESCI,1.5,,医学,4 [3504/5603],否, HEALTH CARE SCIENCES & SERVICES 卫生保健与服务,4 [125/173], HEALTH POLICY & SERVICES 卫生政策与服务,4 [91/118],,,,,,,,,三级
Health Policy OPEN,2025,2590-2296/2590-2296,否,否,是,ESCI,2.3,,医学,4 [3505/5603],否, HEALTH CARE SCIENCES & SERVICES 卫生保健与服务,4 [126/173], HEALTH POLICY & SERVICES 卫生政策与服务,4 [92/118],,,,,,,,,三级
Journal of Dietary Supplements,2025,1939-0211/1939-022X,否,否,否,ESCI,2.3,,医学,4 [3506/5603],否, NUTRITION & DIETETICS 营养学,4 [75/113], PHARMACOLOGY & PHARMACY 药学,4 [223/350],,,,,,,,,三级
Dermatology Research and Practice,2025,1687-6105/1687-6113,否,否,是,ESCI,1.9,,医学,4 [3507/5603],否, DERMATOLOGY 皮肤病学,4 [56/94],,,,,,,,,,,三级
MOLECULAR VISION,2025,1090-0535,否,否,是,SCIE,1.4,,医学,4 [3508/5603],否, BIOCHEMISTRY & MOLECULAR BIOLOGY 生化与分子生物学,4 [228/310], OPHTHALMOLOGY 眼科学,4 [59/95],,,,,,,,,三级
Bundesgesundheitsblatt-Gesundheitsforschung-Gesundheitsschutz,2025,1436-9990/1437-1588,否,否,否,SCIE,1.5,,医学,4 [3509/5603],否," PUBLIC, ENVIRONMENTAL & OCCUPATIONAL HEALTH 公共卫生、环境卫生与职业卫生",4 [276/404],,,,,,,,,,,三级
Pediatric Investigation,2025,2096-3726/2574-2272,否,否,是,ESCI,2,,医学,4 [3510/5603],否, PEDIATRICS 儿科,4 [108/185],,,,,,,,,,,三级
Medicina Intensiva,2025,0210-5691/1578-6749,否,否,否,SCIE,3.1,,医学,4 [3511/5603],否, CRITICAL CARE MEDICINE 危重病医学,4 [36/56],,,,,,,,,,,三级
Physiology International,2025,2498-602X/2498-602X,否,否,否,SCIE,2.3,,医学,4 [3512/5603],否, PHYSIOLOGY 生理学,4 [66/84],,,,,,,,,,,三级
JOURNAL OF ASTHMA,2025,0277-0903/1532-4303,否,否,否,SCIE,1.3,,医学,4 [3513/5603],否, ALLERGY 过敏,4 [26/39], RESPIRATORY SYSTEM 呼吸系统,4 [70/101],,,,,,,,,三级
Contemporary Nurse,2025,1037-6178/1839-3535,否,否,否,SSCI;SCIE,2.1,,医学,4 [3514/5603],否, NURSING 护理,4 [105/191],,,,,,,,,,,三级
THORACIC AND CARDIOVASCULAR SURGEON,2025,0171-6425/1439-1902,否,否,否,SCIE,1.4,,医学,4 [3515/5603],否, CARDIAC & CARDIOVASCULAR SYSTEMS 心脏和心血管系统,4 [150/223], RESPIRATORY SYSTEM 呼吸系统,4 [71/101], SURGERY 外科,4 [191/292],,,,,,,三级
JPRAS Open,2025,2352-5878/2352-5878,否,否,是,ESCI,1.8,,医学,4 [3516/5603],否, SURGERY 外科,4 [192/292],,,,,,,,,,,三级
INDIAN PEDIATRICS,2025,0019-6061/0974-7559,否,否,否,SCIE,1.5,,医学,4 [3517/5603],否, PEDIATRICS 儿科,4 [109/185],,,,,,,,,,,三级
SEMINARS IN NEUROLOGY,2025,0271-8235/1098-9021,是,否,否,SCIE,2,,医学,4 [3518/5603],否, CLINICAL NEUROLOGY 临床神经病学,4 [202/278],,,,,,,,,,,三级
Journal of Anaesthesiology Clinical Pharmacology,2025,0970-9185/2231-2730,否,否,是,ESCI,1.1,,医学,4 [3519/5603],否, PHARMACOLOGY & PHARMACY 药学,4 [224/350],,,,,,,,,,,三级
Journal of Movement Disorders,2025,2005-940X/2093-4939,否,否,是,SCIE,2.8,,医学,4 [3520/5603],否, CLINICAL NEUROLOGY 临床神经病学,4 [203/278],,,,,,,,,,,三级
PEDIATRIC TRANSPLANTATION,2025,1397-3142/1399-3046,否,否,否,SCIE,1.4,,医学,4 [3521/5603],否, PEDIATRICS 儿科,4 [110/185], TRANSPLANTATION 移植,4 [20/31],,,,,,,,,三级
Neuroradiology Journal,2025,1971-4009/2385-1996,否,否,否,ESCI,0.8,,医学,4 [3522/5603],否, NEUROIMAGING 神经成像,4 [13/16],,,,,,,,,,,三级
AORN JOURNAL,2025,0001-2092/1878-0369,否,否,否,SSCI;SCIE,1.1,,医学,4 [3523/5603],否, NURSING 护理,4 [106/191],,,,,,,,,,,三级
Egyptian Heart Journal,2025,1110-2608/2090-911X,否,否,是,ESCI,1.4,,医学,4 [3524/5603],否, CARDIAC & CARDIOVASCULAR SYSTEMS 心脏和心血管系统,4 [151/223],,,,,,,,,,,三级
Biomed Research International,2025,2314-6133/2314-6141,否,否,是,ESCI,2.3,,医学,4 [3525/5603],否, BIOTECHNOLOGY & APPLIED MICROBIOLOGY 生物工程与应用微生物,4 [110/174]," MEDICINE, RESEARCH & EXPERIMENTAL 医学：研究与实验",4 [125/188],,,,,,,,,三级
AIMS Neuroscience,2025,2373-8006/2373-7972,否,否,是,ESCI,2.7,,医学,4 [3526/5603],否, NEUROSCIENCES 神经科学,4 [247/309],,,,,,,,,,,三级
Annals of Rehabilitation Medicine-ARM,2025,2234-0653/2234-0653,否,否,是,ESCI,2.9,,医学,4 [3527/5603],否, REHABILITATION 康复医学,4 [108/169],,,,,,,,,,,三级
SCANDINAVIAN JOURNAL OF CLINICAL & LABORATORY INVESTIGATION,2025,0036-5513/1502-7686,否,否,否,SCIE,1.4,,医学,4 [3528/5603],否," MEDICINE, RESEARCH & EXPERIMENTAL 医学：研究与实验",4 [126/188],,,,,,,,,,,三级
EUROPEAN JOURNAL OF OPHTHALMOLOGY,2025,1120-6721/1724-6016,否,否,否,SCIE,1.4,,医学,4 [3529/5603],否, OPHTHALMOLOGY 眼科学,4 [60/95],,,,,,,,,,,三级
Advances in Orthopedics,2025,2090-3464/2090-3472,否,否,是,ESCI,1.6,,医学,4 [3530/5603],否, ORTHOPEDICS 骨科,4 [98/136],,,,,,,,,,,三级
Focus on Autism and Other Developmental Disabilities,2025,1088-3576/1538-4829,否,否,否,SSCI,1.8,,医学,4 [3531/5603],否," EDUCATION, SPECIAL 特殊教育学",4 [48/62]," PSYCHOLOGY, DEVELOPMENTAL 心理学：发育",4 [76/91], REHABILITATION 康复医学,4 [109/169],,,,,,,三级
INDIAN JOURNAL OF MEDICAL RESEARCH,2025,0971-5916/0971-5916,否,否,是,SCIE,2.5,,医学,4 [3532/5603],否, IMMUNOLOGY 免疫学,4 [138/179]," MEDICINE, GENERAL & INTERNAL 医学：内科",4 [115/327]," MEDICINE, RESEARCH & EXPERIMENTAL 医学：研究与实验",4 [127/188],,,,,,,三级
JOURNAL OF CLINICAL ULTRASOUND,2025,0091-2751/1097-0096,否,否,否,SCIE,1.4,,医学,4 [3533/5603],否, ACOUSTICS 声学,4 [24/40]," RADIOLOGY, NUCLEAR MEDICINE & MEDICAL IMAGING 核医学",4 [131/206],,,,,,,,,三级
JSLS-Journal of the Society of Laparoendoscopic Surgeons,2025,1086-8089,否,否,否,SCIE,1.8,,医学,4 [3534/5603],否, SURGERY 外科,4 [193/292],,,,,,,,,,,三级
British Journal of Occupational Therapy,2025,0308-0226/1477-6006,否,否,否,SSCI;SCIE,0.9,,医学,4 [3535/5603],否, REHABILITATION 康复医学,4 [110/169],,,,,,,,,,,三级
INTERNATIONAL JOURNAL OF ARTIFICIAL ORGANS,2025,0391-3988/1724-6040,否,否,否,SCIE,1.3,,医学,4 [3536/5603],否," ENGINEERING, BIOMEDICAL 工程：生物医学",4 [89/120], TRANSPLANTATION 移植,4 [21/31],,,,,,,,,三级
PUBLIC HEALTH NURSING,2025,0737-1209/1525-1446,否,否,否,SSCI;SCIE,1.3,,医学,4 [3537/5603],否, NURSING 护理,4 [107/191]," PUBLIC, ENVIRONMENTAL & OCCUPATIONAL HEALTH 公共卫生、环境卫生与职业卫生",4 [277/404],,,,,,,,,三级
JOURNAL OF CLINICAL BIOCHEMISTRY AND NUTRITION,2025,0912-0009/1880-5086,否,否,否,SCIE,1.7,,医学,4 [3538/5603],否, NUTRITION & DIETETICS 营养学,4 [76/113],,,,,,,,,,,三级
NEUROGENETICS,2025,1364-6745/1364-6753,否,否,否,SCIE,1.2,,医学,4 [3539/5603],否, CLINICAL NEUROLOGY 临床神经病学,4 [204/278], GENETICS & HEREDITY 遗传学,4 [132/190],,,,,,,,,三级
Developmental Neurobiology,2025,1932-8451/1932-846X,否,否,否,SCIE,2.3,,医学,4 [3540/5603],否, DEVELOPMENTAL BIOLOGY 发育生物学,4 [26/39], NEUROSCIENCES 神经科学,4 [248/309],,,,,,,,,三级
Journal of Adolescent and Young Adult Oncology,2025,2156-5333/2156-535X,否,否,否,SCIE,1.2,,医学,4 [3541/5603],否, ONCOLOGY 肿瘤学,4 [228/318],,,,,,,,,,,三级
DEMENTIA AND GERIATRIC COGNITIVE DISORDERS,2025,1420-8008/1421-9824,否,否,否,SCIE,1.9,,医学,4 [3542/5603],否, CLINICAL NEUROLOGY 临床神经病学,4 [205/278], GERIATRICS & GERONTOLOGY 老年医学,4 [52/72], PSYCHIATRY 精神病学,4 [195/277],,,,,,,三级
Parasites Hosts and Diseases,2025,2982-5164/2982-6799,否,否,否,SCIE,1.3,,医学,4 [3543/5603],否, PARASITOLOGY 寄生虫学,4 [33/45],,,,,,,,,,,三级
INTERNATIONAL JOURNAL OF TECHNOLOGY ASSESSMENT IN HEALTH CARE,2025,0266-4623/1471-6348,否,否,否,SCIE,3.1,,医学,4 [3544/5603],否, HEALTH CARE SCIENCES & SERVICES 卫生保健与服务,4 [127/173], MEDICAL INFORMATICS 医学：信息,4 [40/44]," PUBLIC, ENVIRONMENTAL & OCCUPATIONAL HEALTH 公共卫生、环境卫生与职业卫生",4 [278/404],,,,,,,三级
INTERNATIONAL JOURNAL OF REHABILITATION RESEARCH,2025,0342-5282/1473-5660,否,否,否,SSCI;SCIE,1.3,,医学,4 [3545/5603],否, REHABILITATION 康复医学,4 [112/169],,,,,,,,,,,三级
Toxicology Research,2025,2045-452X/2045-4538,否,否,否,SCIE,2.1,,医学,4 [3546/5603],否, TOXICOLOGY 毒理学,4 [78/106],,,,,,,,,,,三级
Journal of Dance Medicine & Science,2025,1089-313X/2374-8060,否,否,否,ESCI,1.6,,医学,4 [3547/5603],否, SPORT SCIENCES 运动科学,4 [83/126],,,,,,,,,,,三级
HOME HEALTH CARE SERVICES QUARTERLY,2025,0162-1424/1545-0856,否,否,否,ESCI,0.9,,医学,4 [3548/5603],否, HEALTH POLICY & SERVICES 卫生政策与服务,4 [93/118],,,,,,,,,,,三级
Journal of Child Health Care,2025,1367-4935/1741-2889,否,否,否,SSCI;SCIE,1.6,,医学,4 [3549/5603],否, NURSING 护理,4 [108/191], PEDIATRICS 儿科,4 [111/185],,,,,,,,,三级
Indian Heart Journal,2025,0019-4832/2213-3763,否,否,是,ESCI,1.8,,医学,4 [3550/5603],否, CARDIAC & CARDIOVASCULAR SYSTEMS 心脏和心血管系统,4 [152/223],,,,,,,,,,,三级
PHARMACEUTICAL DEVELOPMENT AND TECHNOLOGY,2025,1083-7450/1097-9867,否,否,否,SCIE,2.5,,医学,4 [3551/5603],否, PHARMACOLOGY & PHARMACY 药学,4 [225/350],,,,,,,,,,,三级
PharmaNutrition,2025,2213-4344/2213-4344,否,否,否,ESCI,2.4,,医学,4 [3552/5603],否, NUTRITION & DIETETICS 营养学,4 [77/113], PHARMACOLOGY & PHARMACY 药学,4 [226/350],,,,,,,,,三级
Australian Health Review,2025,0156-5788/1449-8944,否,否,否,SSCI;SCIE,1.4,,医学,4 [3553/5603],否, HEALTH CARE SCIENCES & SERVICES 卫生保健与服务,4 [128/173], HEALTH POLICY & SERVICES 卫生政策与服务,4 [94/118],,,,,,,,,三级
Annals of Cardiac Anaesthesia,2025,0971-9784/0974-5181,否,否,是,ESCI,1.3,,医学,4 [3554/5603],否, ANESTHESIOLOGY 麻醉学,4 [35/64],,,,,,,,,,,三级
WORK-A Journal of Prevention Assessment & Rehabilitation,2025,1051-9815/1875-9270,否,否,否,SSCI,1.5,,医学,4 [3555/5603],否," PUBLIC, ENVIRONMENTAL & OCCUPATIONAL HEALTH 公共卫生、环境卫生与职业卫生",4 [279/404],,,,,,,,,,,三级
JOURNAL OF PAEDIATRICS AND CHILD HEALTH,2025,1034-4810/1440-1754,否,否,否,SCIE,1.4,,医学,4 [3556/5603],否, PEDIATRICS 儿科,4 [112/185],,,,,,,,,,,三级
Canadian Journal of Urology,2025,1195-9479,否,否,否,SCIE,0.9,,医学,4 [3557/5603],否, UROLOGY & NEPHROLOGY 泌尿学与肾脏学,4 [86/126],,,,,,,,,,,三级
Critical Care Nurse,2025,0279-5442/1940-8250,否,否,否,SSCI;SCIE,2,,医学,4 [3558/5603],否, CRITICAL CARE MEDICINE 危重病医学,4 [37/56], NURSING 护理,4 [109/191],,,,,,,,,三级
AMERICAN JOURNAL OF DERMATOPATHOLOGY,2025,0193-1091/1533-0311,否,否,否,SCIE,1,,医学,4 [3559/5603],否, DERMATOLOGY 皮肤病学,4 [57/94],,,,,,,,,,,三级
China CDC Weekly,2025,2096-7071/2097-3101,否,否,否,SSCI;SCIE,2.9,,医学,4 [3560/5603],否," PUBLIC, ENVIRONMENTAL & OCCUPATIONAL HEALTH 公共卫生、环境卫生与职业卫生",4 [280/404],,,,,,,,,,,三级
Gynecologic Oncology Reports,2025,2352-5789/2352-5789,否,否,是,ESCI,1.3,,医学,4 [3561/5603],否, OBSTETRICS & GYNECOLOGY 妇产科学,4 [89/135],,,,,,,,,,,三级
Revista Espanola de Medicina Nuclear e Imagen Molecular,2025,2253-654X,否,否,否,SCIE,1,,医学,4 [3562/5603],否," RADIOLOGY, NUCLEAR MEDICINE & MEDICAL IMAGING 核医学",4 [132/206],,,,,,,,,,,三级
Advances in Public Health,2025,2356-6868/2314-7784,否,否,是,ESCI,1.2,,医学,4 [3563/5603],否," PUBLIC, ENVIRONMENTAL & OCCUPATIONAL HEALTH 公共卫生、环境卫生与职业卫生",4 [281/404],,,,,,,,,,,三级
JOURNAL OF THE RENIN-ANGIOTENSIN-ALDOSTERONE SYSTEM,2025,1470-3203/1752-8976,否,否,是,SCIE,4.1,,医学,4 [3564/5603],否, PERIPHERAL VASCULAR DISEASE 外周血管病,4 [69/96],,,,,,,,,,,三级
JOURNAL OF CHEMOTHERAPY,2025,1120-009X/1973-9478,否,否,否,SCIE,1.8,,医学,4 [3565/5603],否, INFECTIOUS DISEASES 传染病学,4 [97/134], ONCOLOGY 肿瘤学,4 [229/318], PHARMACOLOGY & PHARMACY 药学,4 [227/350],,,,,,,三级
MEDICINAL CHEMISTRY RESEARCH,2025,1054-2523/1554-8120,否,否,否,SCIE,3.1,,医学,4 [3566/5603],否," CHEMISTRY, MEDICINAL 药物化学",4 [48/72],,,,,,,,,,,三级
CANCER JOURNAL,2025,1528-9117/1540-336X,是,否,否,SCIE,2.2,,医学,4 [3567/5603],否, ONCOLOGY 肿瘤学,4 [230/318],,,,,,,,,,,三级
British Journal of Psychotherapy,2025,0265-9883/1752-0118,否,否,否,ESCI,0.4,,医学,4 [3568/5603],否, PSYCHIATRY 精神病学,4 [197/277],,,,,,,,,,,三级
PANCREAS,2025,0885-3177/1536-4828,否,否,否,SCIE,1.7,,医学,4 [3569/5603],否, GASTROENTEROLOGY & HEPATOLOGY 胃肠肝病学,4 [102/143],,,,,,,,,,,三级
ONCOLOGY NURSING FORUM,2025,0190-535X/1538-0688,否,否,否,SSCI;SCIE,1.4,,医学,4 [3570/5603],否, NURSING 护理,4 [110/191], ONCOLOGY 肿瘤学,4 [231/318],,,,,,,,,三级
SEMINARS IN SPEECH AND LANGUAGE,2025,0734-0478/1098-9056,否,否,否,SCIE,1,,医学,4 [3571/5603],否, AUDIOLOGY & SPEECH-LANGUAGE PATHOLOGY 听力学与言语病理学,4 [26/35], REHABILITATION 康复医学,4 [113/169],,,,,,,,,三级
MAGNETIC RESONANCE MATERIALS IN PHYSICS BIOLOGY AND MEDICINE,2025,1352-8661/1352-8661,否,否,否,SCIE,2.5,,医学,4 [3572/5603],否," RADIOLOGY, NUCLEAR MEDICINE & MEDICAL IMAGING 核医学",4 [133/206],,,,,,,,,,,三级
PRACTICAL NEUROLOGY,2025,1474-7758/1474-7766,否,否,否,ESCI,2.3,,医学,4 [3573/5603],否, CLINICAL NEUROLOGY 临床神经病学,4 [206/278],,,,,,,,,,,三级
INTERNATIONAL JOURNAL OF AGING & HUMAN DEVELOPMENT,2025,0091-4150/1541-3535,否,否,否,SSCI,1.8,,医学,4 [3574/5603],否, GERONTOLOGY 老年医学（社科）,4 [33/48]," PSYCHOLOGY, DEVELOPMENTAL 心理学：发育",4 [77/91],,,,,,,,,三级
Journal of Geriatric Physical Therapy,2025,1539-8412/2152-0895,否,否,否,SCIE,1.8,,医学,4 [3575/5603],否, GERIATRICS & GERONTOLOGY 老年医学,4 [53/72], REHABILITATION 康复医学,4 [114/169],,,,,,,,,三级
Musculoskeletal Care,2025,1478-2189/1557-0681,否,否,否,ESCI,1.6,,医学,4 [3576/5603],否, RHEUMATOLOGY 风湿病学,4 [36/55],,,,,,,,,,,三级
IRISH JOURNAL OF MEDICAL SCIENCE,2025,0021-1265/1863-4362,否,否,否,SCIE,1.6,,医学,4 [3577/5603],否," MEDICINE, GENERAL & INTERNAL 医学：内科",4 [116/327],,,,,,,,,,,三级
CYTOPATHOLOGY,2025,0956-5507/1365-2303,否,否,否,SCIE,1.1,,医学,4 [3578/5603],否, CELL BIOLOGY 细胞生物学,4 [168/203], PATHOLOGY 病理学,4 [58/88],,,,,,,,,三级
JOGNN-JOURNAL OF OBSTETRIC GYNECOLOGIC AND NEONATAL NURSING,2025,0884-2175/1552-6909,否,否,否,SSCI;SCIE,2,,医学,4 [3579/5603],否, NURSING 护理,4 [111/191], OBSTETRICS & GYNECOLOGY 妇产科学,4 [90/135],,,,,,,,,三级
Acute Medicine & Surgery,2025,2052-8817/2052-8817,否,否,是,ESCI,1.3,,医学,4 [3580/5603],否," MEDICINE, GENERAL & INTERNAL 医学：内科",4 [117/327],,,,,,,,,,,三级
WIENER KLINISCHE WOCHENSCHRIFT,2025,0043-5325/1613-7671,否,否,否,SCIE,2.1,,医学,4 [3581/5603],否," MEDICINE, GENERAL & INTERNAL 医学：内科",4 [118/327],,,,,,,,,,,三级
Medical Mycology Case Reports,2025,2211-7539/2211-7539,否,否,是,ESCI,1.3,,医学,4 [3582/5603],否," MEDICINE, RESEARCH & EXPERIMENTAL 医学：研究与实验",4 [128/188],,,,,,,,,,,三级
NEUROPATHOLOGY,2025,0919-6544/1440-1789,否,否,否,SCIE,1.2,,医学,4 [3583/5603],否, CLINICAL NEUROLOGY 临床神经病学,4 [207/278], NEUROSCIENCES 神经科学,4 [249/309], PATHOLOGY 病理学,4 [59/88],,,,,,,三级
Advances in Neurodevelopmental Disorders,2025,2366-7532/2366-7540,否,否,否,ESCI,1.5,,医学,4 [3584/5603],否," EDUCATION, SPECIAL 特殊教育学",4 [51/62]," PSYCHOLOGY, DEVELOPMENTAL 心理学：发育",4 [79/91], REHABILITATION 康复医学,4 [115/169],,,,,,,三级
CLINICS IN LABORATORY MEDICINE,2025,0272-2712/1557-9832,是,否,否,SCIE,1.3,,医学,4 [3585/5603],否, MEDICAL LABORATORY TECHNOLOGY 医学实验技术,4 [19/31],,,,,,,,,,,三级
PROCEEDINGS OF THE INSTITUTION OF MECHANICAL ENGINEERS PART H-JOURNAL OF ENGINEERING IN MEDICINE,2025,0954-4119/2041-3033,否,否,否,SCIE,1.5,,医学,4 [3586/5603],否," ENGINEERING, BIOMEDICAL 工程：生物医学",4 [90/120],,,,,,,,,,,三级
Journal of the American Academy of Orthopaedic Surgeons Global Research and Reviews,2025,2474-7661/2474-7661,否,否,是,ESCI,2.1,,医学,4 [3587/5603],否, ORTHOPEDICS 骨科,4 [99/136],,,,,,,,,,,三级
Journal of International Advanced Otology,2025,1308-7649/2148-3817,否,否,是,SCIE,1.2,,医学,4 [3588/5603],否, OTORHINOLARYNGOLOGY 耳鼻喉科学,4 [44/66],,,,,,,,,,,三级
Health Services Research and Managerial Epidemiology,2025,2333-3928/2333-3928,否,否,是,ESCI,1.5,,医学,4 [3589/5603],否, HEALTH POLICY & SERVICES 卫生政策与服务,4 [95/118],,,,,,,,,,,三级
Jornal Brasileiro de Reproducao Assistida,2025,1517-5693/1518-0557,否,否,否,ESCI,1.9,,医学,4 [3590/5603],否, OBSTETRICS & GYNECOLOGY 妇产科学,4 [91/135],,,,,,,,,,,三级
AIDS RESEARCH AND HUMAN RETROVIRUSES,2025,0889-2229/1931-8405,否,否,否,SCIE,1.1,,医学,4 [3591/5603],否, IMMUNOLOGY 免疫学,4 [139/179], INFECTIOUS DISEASES 传染病学,4 [98/134], VIROLOGY 病毒学,4 [29/41],,,,,,,三级
EASTERN MEDITERRANEAN HEALTH JOURNAL,2025,1020-3397/1687-1634,否,否,否,SSCI;SCIE,1.9,,医学,4 [3592/5603],否, HEALTH CARE SCIENCES & SERVICES 卫生保健与服务,4 [129/173], HEALTH POLICY & SERVICES 卫生政策与服务,4 [96/118]," PUBLIC, ENVIRONMENTAL & OCCUPATIONAL HEALTH 公共卫生、环境卫生与职业卫生",4 [284/404],,,,,,,三级
Pulmonary Medicine,2025,2090-1836/2090-1844,否,否,是,ESCI,2.1,,医学,4 [3593/5603],否, RESPIRATORY SYSTEM 呼吸系统,4 [72/101],,,,,,,,,,,三级
Pain Management,2025,1758-1869/1758-1877,否,否,否,ESCI,1.5,,医学,4 [3594/5603],否, CLINICAL NEUROLOGY 临床神经病学,4 [208/278],,,,,,,,,,,三级
ANTICANCER RESEARCH,2025,0250-7005/1791-7530,否,否,否,SCIE,1.7,,医学,4 [3595/5603],否, ONCOLOGY 肿瘤学,4 [232/318],,,,,,,,,,,三级
BIOMEDICAL AND ENVIRONMENTAL SCIENCES,2025,0895-3988/2214-0190,否,否,否,SCIE,4.1,,医学,4 [3596/5603],否, ENVIRONMENTAL SCIENCES 环境科学,4 [242/357]," PUBLIC, ENVIRONMENTAL & OCCUPATIONAL HEALTH 公共卫生、环境卫生与职业卫生",4 [285/404],,,,,,,,,三级
MOLECULAR AND BIOCHEMICAL PARASITOLOGY,2025,0166-6851/1872-9428,否,否,否,SCIE,1.5,,医学,4 [3597/5603],否, BIOCHEMISTRY & MOLECULAR BIOLOGY 生化与分子生物学,4 [233/310], PARASITOLOGY 寄生虫学,4 [34/45],,,,,,,,,三级
Malawi Medical Journal,2025,1995-7262/1995-7270,否,否,是,SCIE,0.8,,医学,4 [3598/5603],否," PUBLIC, ENVIRONMENTAL & OCCUPATIONAL HEALTH 公共卫生、环境卫生与职业卫生",4 [286/404],,,,,,,,,,,三级
Future Science OA,2025,2056-5623/2056-5623,否,否,是,ESCI,2.1,,医学,4 [3599/5603],否," MEDICINE, RESEARCH & EXPERIMENTAL 医学：研究与实验",4 [129/188],,,,,,,,,,,三级
Clinical and Experimental Optometry,2025,0816-4622/1444-0938,否,否,否,SCIE,1.5,,医学,4 [3600/5603],否, OPHTHALMOLOGY 眼科学,4 [61/95],,,,,,,,,,,三级
Spine Surgery and Related Research,2025,2432-261X/2432-261X,否,否,是,ESCI,1.8,,医学,4 [3601/5603],否, SURGERY 外科,4 [194/292],,,,,,,,,,,三级
Journal of the Anus Rectum and Colon,2025,2432-3853/2432-3853,否,否,是,ESCI,1.5,,医学,4 [3602/5603],否, GASTROENTEROLOGY & HEPATOLOGY 胃肠肝病学,4 [103/143],,,,,,,,,,,三级
JOURNAL OF ETHNICITY IN SUBSTANCE ABUSE,2025,1533-2640/1533-2659,否,否,否,SSCI;SCIE,1.2,,医学,4 [3603/5603],否, SUBSTANCE ABUSE 药物滥用,4 [40/56],,,,,,,,,,,三级
International Journal of Stem Cells,2025,2005-3606/2005-5447,否,否,否,SCIE,2.4,,医学,4 [3604/5603],否, CELL & TISSUE ENGINEERING 细胞与组织工程,4 [25/31], CELL BIOLOGY 细胞生物学,4 [172/203],,,,,,,,,三级
GYNECOLOGICAL ENDOCRINOLOGY,2025,0951-3590/1473-0766,否,否,是,SCIE,1.7,,医学,4 [3605/5603],否, ENDOCRINOLOGY & METABOLISM 内分泌学与代谢,4 [140/184], OBSTETRICS & GYNECOLOGY 妇产科学,4 [92/135],,,,,,,,,三级
Operative Orthopadie und Traumatologie,2025,0934-6694/1439-0981,否,否,否,SCIE,1,,医学,4 [3606/5603],否, ORTHOPEDICS 骨科,4 [100/136],,,,,,,,,,,三级
Frontiers in Computational Neuroscience,2025,1662-5188/1662-5188,否,否,是,SCIE,2.3,,医学,4 [3607/5603],否, MATHEMATICAL & COMPUTATIONAL BIOLOGY 数学与计算生物学,4 [45/66], NEUROSCIENCES 神经科学,4 [250/309],,,,,,,,,三级
ENFERMEDADES INFECCIOSAS Y MICROBIOLOGIA CLINICA,2025,0213-005X/1578-1852,否,否,否,SCIE,2.5,,医学,4 [3608/5603],否, INFECTIOUS DISEASES 传染病学,4 [99/134], MICROBIOLOGY 微生物学,4 [123/159],,,,,,,,,三级
Journal of X-Ray Science and Technology,2025,0895-3996/1095-9114,否,否,否,SCIE,1.4,,医学,4 [3609/5603],否, INSTRUMENTS & INSTRUMENTATION 仪器仪表,4 [41/76], OPTICS 光学,4 [75/119]," PHYSICS, APPLIED 物理：应用",4 [106/178],,,,,,,三级
TOXICOLOGY AND INDUSTRIAL HEALTH,2025,0748-2337/1477-0393,否,否,否,SCIE,1.7,,医学,4 [3610/5603],否," PUBLIC, ENVIRONMENTAL & OCCUPATIONAL HEALTH 公共卫生、环境卫生与职业卫生",4 [287/404], TOXICOLOGY 毒理学,4 [81/106],,,,,,,,,三级
PHYSIOLOGICAL RESEARCH,2025,0862-8408/1802-9973,否,否,是,SCIE,2,,医学,4 [3611/5603],否, PHYSIOLOGY 生理学,4 [68/84],,,,,,,,,,,三级
Biological Research for Nursing,2025,1099-8004/1552-4175,否,否,否,SCIE,2.1,,医学,4 [3612/5603],否, NURSING 护理,4 [112/191],,,,,,,,,,,三级
AMERICAN JOURNAL OF THERAPEUTICS,2025,1075-2765/1536-3686,否,否,否,SCIE,2.5,,医学,4 [3613/5603],否, PHARMACOLOGY & PHARMACY 药学,4 [228/350],,,,,,,,,,,三级
Journal of Gastrointestinal and Liver Diseases,2025,1841-8724/1842-1121,否,否,否,SCIE,2,,医学,4 [3614/5603],否, GASTROENTEROLOGY & HEPATOLOGY 胃肠肝病学,4 [104/143],,,,,,,,,,,三级
Journal of Medical Imaging,2025,2329-4302/2329-4310,否,否,否,ESCI,1.7,,医学,4 [3615/5603],否," RADIOLOGY, NUCLEAR MEDICINE & MEDICAL IMAGING 核医学",4 [135/206],,,,,,,,,,,三级
Brazilian Journal of Cardiovascular Surgery,2025,0102-7638/1678-9741,否,否,是,SCIE,1.2,,医学,4 [3616/5603],否, CARDIAC & CARDIOVASCULAR SYSTEMS 心脏和心血管系统,4 [153/223], SURGERY 外科,4 [195/292],,,,,,,,,三级
Journal of Vocational Rehabilitation,2025,1052-2263/1878-6316,否,否,否,ESCI,1,,医学,4 [3617/5603],否, REHABILITATION 康复医学,4 [116/169],,,,,,,,,,,三级
Indian Journal of Psychiatry,2025,0019-5545/1998-3794,否,否,是,SSCI;SCIE,2,,医学,4 [3618/5603],否, PSYCHIATRY 精神病学,4 [198/277],,,,,,,,,,,三级
Clinics in Colon and Rectal Surgery,2025,1531-0043/1530-9681,是,否,否,SCIE,1.1,,医学,4 [3619/5603],否, GASTROENTEROLOGY & HEPATOLOGY 胃肠肝病学,4 [105/143], SURGERY 外科,4 [196/292],,,,,,,,,三级
BRAIN & DEVELOPMENT,2025,0387-7604/1872-7131,否,否,否,SCIE,1.3,,医学,4 [3620/5603],否, CLINICAL NEUROLOGY 临床神经病学,4 [209/278], PEDIATRICS 儿科,4 [113/185],,,,,,,,,三级
Forensic Sciences Research,2025,2096-1790/2471-1411,否,否,是,ESCI,1.8,,医学,4 [3621/5603],否," MEDICINE, LEGAL 医学：法",4 [16/23],,,,,,,,,,,三级
BIOLOGICAL CYBERNETICS,2025,0340-1200/1432-0770,否,否,否,SCIE,1.6,,医学,4 [3622/5603],否," COMPUTER SCIENCE, CYBERNETICS 计算机：控制论",4 [21/32], NEUROSCIENCES 神经科学,4 [251/309],,,,,,,,,三级
Revista Latino-Americana de Enfermagem,2025,1518-8345/1518-8345,否,否,是,SSCI;SCIE,1.3,,医学,4 [3623/5603],否, NURSING 护理,4 [113/191],,,,,,,,,,,三级
JOURNAL OF AGING AND PHYSICAL ACTIVITY,2025,1063-8652/1543-267X,否,否,否,SSCI;SCIE,1.5,,医学,4 [3624/5603],否, GERIATRICS & GERONTOLOGY 老年医学,4 [54/72], GERONTOLOGY 老年医学（社科）,4 [35/48], SPORT SCIENCES 运动科学,4 [84/126],,,,,,,三级
JOURNAL OF PSYCHOSOCIAL ONCOLOGY,2025,0734-7332/1540-7586,否,否,否,SSCI,1.5,,医学,4 [3625/5603],否," PSYCHOLOGY, SOCIAL 心理学：社会",4 [67/76],,,,,,,,,,,三级
Journal of Kidney Cancer and VHL,2025,2203-5826/2203-5826,否,否,是,ESCI,1.9,,医学,4 [3626/5603],否, ONCOLOGY 肿瘤学,4 [233/318],,,,,,,,,,,三级
Lifestyle Genomics,2025,2504-3161/2504-3188,否,否,是,SCIE,1.4,,医学,4 [3627/5603],否, GENETICS & HEREDITY 遗传学,4 [133/190], NUTRITION & DIETETICS 营养学,4 [78/113],,,,,,,,,三级
INTERNATIONAL JOURNAL OF STD & AIDS,2025,0956-4624/1758-1052,否,否,否,SCIE,1.3,,医学,4 [3628/5603],否, IMMUNOLOGY 免疫学,4 [141/179], INFECTIOUS DISEASES 传染病学,4 [100/134],,,,,,,,,三级
Apunts Sports Medicine,2025,2666-5069/2666-5069,否,否,是,ESCI,1.3,,医学,4 [3629/5603],否, SPORT SCIENCES 运动科学,4 [85/126],,,,,,,,,,,三级
European Journal of Breast Health,2025,2587-0831/2587-0831,否,否,是,ESCI,1.7,,医学,4 [3630/5603],否, ONCOLOGY 肿瘤学,4 [234/318],,,,,,,,,,,三级
DRUGS IN R&D,2025,1174-5886/1179-6901,否,否,是,SCIE,2.1,,医学,4 [3631/5603],否, PHARMACOLOGY & PHARMACY 药学,4 [229/350],,,,,,,,,,,三级
CLINICAL OBSTETRICS AND GYNECOLOGY,2025,0009-9201/1532-5520,否,否,否,SCIE,1.4,,医学,4 [3632/5603],否, OBSTETRICS & GYNECOLOGY 妇产科学,4 [93/135],,,,,,,,,,,三级
SLAS Technology,2025,2472-6303/2472-6311,否,否,否,SCIE,3.7,,医学,4 [3633/5603],否, BIOCHEMICAL RESEARCH METHODS 生化研究方法,4 [54/85]," CHEMISTRY, ANALYTICAL 分析化学",4 [59/106],,,,,,,,,三级
Oral Health & Preventive Dentistry,2025,1602-1622/1757-9996,否,否,是,SCIE,1.4,,医学,4 [3634/5603],否," DENTISTRY, ORAL SURGERY & MEDICINE 牙科与口腔外科",4 [102/157],,,,,,,,,,,三级
American Journal of Translational Research,2025,1943-8141/1943-8141,否,否,否,SCIE,1.6,,医学,4 [3635/5603],否," MEDICINE, RESEARCH & EXPERIMENTAL 医学：研究与实验",4 [130/188], ONCOLOGY 肿瘤学,4 [235/318],,,,,,,,,三级
Medicinal Chemistry,2025,1573-4064/1875-6638,否,否,否,SCIE,2.6,,医学,4 [3636/5603],否," CHEMISTRY, MEDICINAL 药物化学",4 [49/72],,,,,,,,,,,三级
SEMINARS IN INTERVENTIONAL RADIOLOGY,2025,0739-9529/1098-8963,是,否,否,SCIE,1.3,,医学,4 [3637/5603],否," RADIOLOGY, NUCLEAR MEDICINE & MEDICAL IMAGING 核医学",4 [136/206],,,,,,,,,,,三级
Acta Cardiologica Sinica,2025,1011-6842/1011-6842,否,否,否,SCIE,1.8,,医学,4 [3638/5603],否, CARDIAC & CARDIOVASCULAR SYSTEMS 心脏和心血管系统,4 [154/223],,,,,,,,,,,三级
Structural Heart-The Journal of the Heart Team,2025,2474-8706/2474-8714,否,否,是,ESCI,2.8,,医学,4 [3639/5603],否, CARDIAC & CARDIOVASCULAR SYSTEMS 心脏和心血管系统,4 [155/223],,,,,,,,,,,三级
WILDERNESS & ENVIRONMENTAL MEDICINE,2025,1080-6032/1545-1534,否,否,否,SCIE,1.1,,医学,4 [3640/5603],否," PUBLIC, ENVIRONMENTAL & OCCUPATIONAL HEALTH 公共卫生、环境卫生与职业卫生",4 [288/404], SPORT SCIENCES 运动科学,4 [86/126],,,,,,,,,三级
Stroke-Vascular and Interventional Neurology,2025,2694-5746/2694-5746,否,否,是,ESCI,2.8,,医学,4 [3641/5603],否, CLINICAL NEUROLOGY 临床神经病学,4 [210/278], PERIPHERAL VASCULAR DISEASE 外周血管病,4 [70/96],,,,,,,,,三级
Drug Target Insights,2025,1177-3928/1177-3928,否,否,是,ESCI,2.5,,医学,4 [3642/5603],否, PHARMACOLOGY & PHARMACY 药学,4 [230/350],,,,,,,,,,,三级
IJID Regions,2025,2772-7076/2772-7076,否,否,是,ESCI,1.7,,医学,4 [3643/5603],否, INFECTIOUS DISEASES 传染病学,4 [101/134],,,,,,,,,,,三级
SURGICAL LAPAROSCOPY ENDOSCOPY & PERCUTANEOUS TECHNIQUES,2025,1530-4515/1534-4908,否,否,否,SCIE,1.2,,医学,4 [3644/5603],否, SURGERY 外科,4 [197/292],,,,,,,,,,,三级
Palliative Medicine Reports,2025,2689-2820/2689-2820,否,否,是,ESCI,1.3,,医学,4 [3645/5603],否, HEALTH CARE SCIENCES & SERVICES 卫生保健与服务,4 [130/173],,,,,,,,,,,三级
Photobiomodulation Photomedicine and Laser Surgery,2025,2578-5478/2578-5478,否,否,否,SCIE,1.8,,医学,4 [3646/5603],否, SURGERY 外科,4 [198/292],,,,,,,,,,,三级
JRSM Cardiovascular Disease,2025,2048-0040/2048-0040,否,否,是,ESCI,1.5,,医学,4 [3647/5603],否, CARDIAC & CARDIOVASCULAR SYSTEMS 心脏和心血管系统,4 [156/223],,,,,,,,,,,三级
Radiology Research and Practice,2025,2090-1941/2090-195X,否,否,是,ESCI,1.5,,医学,4 [3648/5603],否," RADIOLOGY, NUCLEAR MEDICINE & MEDICAL IMAGING 核医学",4 [137/206],,,,,,,,,,,三级
NEUROREHABILITATION,2025,1053-8135/1878-6448,否,否,否,SSCI;SCIE,1.8,,医学,4 [3649/5603],否, CLINICAL NEUROLOGY 临床神经病学,4 [211/278], REHABILITATION 康复医学,4 [117/169],,,,,,,,,三级
American Journal of Nuclear Medicine and Molecular Imaging,2025,2160-8407/2160-8407,否,否,否,ESCI,1.8,,医学,4 [3650/5603],否," RADIOLOGY, NUCLEAR MEDICINE & MEDICAL IMAGING 核医学",4 [138/206],,,,,,,,,,,三级
CHEMOTHERAPY,2025,0009-3157/1421-9794,否,否,否,SCIE,1.7,,医学,4 [3651/5603],否, ONCOLOGY 肿瘤学,4 [236/318], PHARMACOLOGY & PHARMACY 药学,4 [231/350],,,,,,,,,三级
ACS Chemical Health & Safety,2025,1878-0504/1878-0504,否,否,否,ESCI,3.4,,医学,4 [3652/5603],否," PUBLIC, ENVIRONMENTAL & OCCUPATIONAL HEALTH 公共卫生、环境卫生与职业卫生",4 [289/404],,,,,,,,,,,三级
Journal of Dual Diagnosis,2025,1550-4263/1550-4271,否,否,否,SSCI,2.6,,医学,4 [3653/5603],否, PSYCHIATRY 精神病学,4 [199/277]," PSYCHOLOGY, CLINICAL 心理学：临床",4 [135/179], SUBSTANCE ABUSE 药物滥用,4 [41/56],,,,,,,三级
Cutaneous and Ocular Toxicology,2025,1556-9527/1556-9535,否,否,否,SCIE,1.3,,医学,4 [3654/5603],否, OPHTHALMOLOGY 眼科学,4 [62/95], TOXICOLOGY 毒理学,4 [82/106],,,,,,,,,三级
Journal of Herbal Medicine,2025,2210-8033/2210-8041,否,否,否,SCIE,1.9,,医学,4 [3655/5603],否, INTEGRATIVE & COMPLEMENTARY MEDICINE 全科医学与补充医学,4 [21/43],,,,,,,,,,,三级
Tumori Journal,2025,0300-8916/2038-2529,否,否,否,SCIE,3.1,,医学,4 [3656/5603],否, ONCOLOGY 肿瘤学,4 [237/318],,,,,,,,,,,三级
Journal of Immunotoxicology,2025,1547-691X/1547-6901,否,否,是,SCIE,3.1,,医学,4 [3657/5603],否, TOXICOLOGY 毒理学,4 [83/106],,,,,,,,,,,三级
Brain-Computer Interfaces,2025,2326-263X/2326-2621,否,否,否,ESCI,2.1,,医学,4 [3658/5603],否," ENGINEERING, BIOMEDICAL 工程：生物医学",4 [91/120], NEUROSCIENCES 神经科学,4 [252/309],,,,,,,,,三级
EDUCATIONAL GERONTOLOGY,2025,0360-1277/1521-0472,否,否,否,SSCI,1.5,,医学,4 [3659/5603],否, EDUCATION & EDUCATIONAL RESEARCH 教育学和教育研究,4 [503/754], GERONTOLOGY 老年医学（社科）,4 [36/48],,,,,,,,,三级
AUSTRALASIAN JOURNAL ON AGEING,2025,1440-6381/1741-6612,否,否,否,SSCI;SCIE,1.8,,医学,4 [3660/5603],否, GERIATRICS & GERONTOLOGY 老年医学,4 [55/72], GERONTOLOGY 老年医学（社科）,4 [37/48],,,,,,,,,三级
ANAESTHESIA AND INTENSIVE CARE,2025,0310-057X/1448-0271,否,否,否,SCIE,1.2,,医学,4 [3661/5603],否, ANESTHESIOLOGY 麻醉学,4 [36/64], CRITICAL CARE MEDICINE 危重病医学,4 [38/56],,,,,,,,,三级
ENDOCRINE JOURNAL,2025,0918-8959/1348-4540,否,否,否,SCIE,2.1,,医学,4 [3662/5603],否, ENDOCRINOLOGY & METABOLISM 内分泌学与代谢,4 [141/184],,,,,,,,,,,三级
ANATOMICAL SCIENCE INTERNATIONAL,2025,1447-6959/1447-073X,否,否,否,SCIE,1.7,,医学,4 [3663/5603],否, ANATOMY & MORPHOLOGY 解剖学与形态学,4 [16/22],,,,,,,,,,,三级
INTERNATIONAL JOURNAL OF EXPERIMENTAL PATHOLOGY,2025,0959-9673/1365-2613,否,否,否,SCIE,2.2,,医学,4 [3664/5603],否, PATHOLOGY 病理学,4 [60/88],,,,,,,,,,,三级
DRUGS-EDUCATION PREVENTION AND POLICY,2025,0968-7637/1465-3370,否,否,否,SSCI,1.9,,医学,4 [3665/5603],否, SUBSTANCE ABUSE 药物滥用,4 [42/56],,,,,,,,,,,三级
Journal of the Turkish-German Gynecological Association,2025,1309-0399/1309-0380,否,否,是,ESCI,1.4,,医学,4 [3666/5603],否, OBSTETRICS & GYNECOLOGY 妇产科学,4 [94/135],,,,,,,,,,,三级
JOURNAL OF EMERGENCY MEDICINE,2025,0736-4679/1090-1280,否,否,否,SCIE,1.3,,医学,4 [3667/5603],否, EMERGENCY MEDICINE 急救医学,4 [35/54],,,,,,,,,,,三级
HERD-Health Environments Research & Design Journal,2025,1937-5867/2167-5112,否,否,否,SSCI,1.8,,医学,4 [3668/5603],否," PUBLIC, ENVIRONMENTAL & OCCUPATIONAL HEALTH 公共卫生、环境卫生与职业卫生",4 [291/404],,,,,,,,,,,三级
Journal of Applied Biomechanics,2025,1065-8483/1543-2688,否,否,否,SCIE,1.3,,医学,4 [3669/5603],否," ENGINEERING, BIOMEDICAL 工程：生物医学",4 [92/120], SPORT SCIENCES 运动科学,4 [87/126],,,,,,,,,三级
CURRENT DRUG TARGETS,2025,1389-4501/1873-5592,是,否,否,SCIE,2.5,,医学,4 [3670/5603],否, PHARMACOLOGY & PHARMACY 药学,4 [232/350],,,,,,,,,,,三级
Journal of Aerosol Medicine and Pulmonary Drug Delivery,2025,1941-2711/1941-2703,否,否,否,SCIE,1.8,,医学,4 [3671/5603],否, RESPIRATORY SYSTEM 呼吸系统,4 [73/101],,,,,,,,,,,三级
SCANDINAVIAN JOURNAL OF IMMUNOLOGY,2025,0300-9475/1365-3083,否,否,否,SCIE,1.6,,医学,4 [3672/5603],否, IMMUNOLOGY 免疫学,4 [142/179],,,,,,,,,,,三级
INTERNATIONAL JOURNAL OF BIOLOGICAL MARKERS,2025,0393-6155/1724-6008,否,否,否,SCIE,2,,医学,4 [3673/5603],否, BIOTECHNOLOGY & APPLIED MICROBIOLOGY 生物工程与应用微生物,4 [119/174], ONCOLOGY 肿瘤学,4 [238/318],,,,,,,,,三级
Advances in Pharmacological and Pharmaceutical Sciences,2025,2633-4682/2633-4690,否,否,是,ESCI,3,,医学,4 [3674/5603],否, PHARMACOLOGY & PHARMACY 药学,4 [233/350],,,,,,,,,,,三级
Journal of Oral Biosciences,2025,1349-0079/1880-3865,否,否,是,ESCI,2.3,,医学,4 [3675/5603],否," DENTISTRY, ORAL SURGERY & MEDICINE 牙科与口腔外科",4 [103/157],,,,,,,,,,,三级
Families Systems & Health,2025,1091-7527/1939-0602,否,否,否,SSCI;SCIE,1,,医学,4 [3676/5603],否, FAMILY STUDIES 家庭研究,4 [47/65], HEALTH CARE SCIENCES & SERVICES 卫生保健与服务,4 [131/173]," PUBLIC, ENVIRONMENTAL & OCCUPATIONAL HEALTH 公共卫生、环境卫生与职业卫生",4 [292/404],,,,,,,三级
Gastroenterology Research,2025,1918-2805/1918-2813,否,否,否,ESCI,1.7,,医学,4 [3677/5603],否, GASTROENTEROLOGY & HEPATOLOGY 胃肠肝病学,4 [106/143],,,,,,,,,,,三级
NEUROLOGIA,2025,0213-4853/1578-1968,否,否,是,SCIE,3.1,,医学,4 [3678/5603],否, CLINICAL NEUROLOGY 临床神经病学,4 [212/278],,,,,,,,,,,三级
TECHNOLOGY AND HEALTH CARE,2025,0928-7329/1878-7401,否,否,否,SCIE,1.8,,医学,4 [3679/5603],否," ENGINEERING, BIOMEDICAL 工程：生物医学",4 [93/120], HEALTH CARE SCIENCES & SERVICES 卫生保健与服务,4 [132/173],,,,,,,,,三级
EXPERIMENTAL AGING RESEARCH,2025,0361-073X/1096-4657,否,否,否,SCIE,1.3,,医学,4 [3680/5603],否, GERIATRICS & GERONTOLOGY 老年医学,4 [56/72], PSYCHOLOGY 心理学,4 [71/92],,,,,,,,,三级
Aging Medicine,2025,2475-0360/2475-0360,否,否,是,ESCI,2.5,,医学,4 [3681/5603],否, GERIATRICS & GERONTOLOGY 老年医学,4 [57/72],,,,,,,,,,,三级
DIAGNOSTIC CYTOPATHOLOGY,2025,8755-1039/1097-0339,否,否,否,SCIE,1,,医学,4 [3682/5603],否, MEDICAL LABORATORY TECHNOLOGY 医学实验技术,4 [20/31], PATHOLOGY 病理学,4 [61/88],,,,,,,,,三级
ANNALS OF HUMAN BIOLOGY,2025,0301-4460/1464-5033,否,否,否,SSCI;SCIE,1.3,,医学,4 [3683/5603],否, ANTHROPOLOGY 人类学,4 [107/137], BIOLOGY 生物学,4 [62/109]," PUBLIC, ENVIRONMENTAL & OCCUPATIONAL HEALTH 公共卫生、环境卫生与职业卫生",4 [293/404],,,,,,,三级
JOURNAL OF VISUAL IMPAIRMENT & BLINDNESS,2025,0145-482X/1559-1476,否,否,否,SSCI,1.1,,医学,4 [3684/5603],否, REHABILITATION 康复医学,4 [118/169],,,,,,,,,,,三级
SEMINARS IN MUSCULOSKELETAL RADIOLOGY,2025,1089-7860/1098-898X,是,否,否,SCIE,1.1,,医学,4 [3685/5603],否," RADIOLOGY, NUCLEAR MEDICINE & MEDICAL IMAGING 核医学",4 [139/206],,,,,,,,,,,三级
Turkish Archives of Pediatrics,2025,2757-6256/2757-6256,否,否,是,ESCI,1.7,,医学,4 [3686/5603],否, PEDIATRICS 儿科,4 [114/185],,,,,,,,,,,三级
Rare Tumors,2025,2036-3605/2036-3613,否,否,是,ESCI,0.9,,医学,4 [3687/5603],否, ONCOLOGY 肿瘤学,4 [239/318],,,,,,,,,,,三级
HYPERTENSION IN PREGNANCY,2025,1064-1955/1525-6065,否,否,是,SCIE,2.1,,医学,4 [3688/5603],否, OBSTETRICS & GYNECOLOGY 妇产科学,4 [95/135], PERIPHERAL VASCULAR DISEASE 外周血管病,4 [71/96], PHYSIOLOGY 生理学,4 [69/84],,,,,,,三级
IRISH JOURNAL OF PSYCHOLOGICAL MEDICINE,2025,0790-9667/2051-6967,否,否,否,ESCI,2.1,,医学,4 [3689/5603],否, PSYCHIATRY 精神病学,4 [200/277],,,,,,,,,,,三级
Journal of Minimal Access Surgery,2025,0972-9941/1998-3921,否,否,是,SCIE,1.1,,医学,4 [3690/5603],否, SURGERY 外科,4 [199/292],,,,,,,,,,,三级
JOURNAL OF THE AMERICAN ACADEMY OF PSYCHIATRY AND THE LAW,2025,1093-6793/1943-3662,否,否,否,SSCI,2,,医学,4 [3691/5603],否, LAW 法学,4 [213/427], PSYCHIATRY 精神病学,4 [201/277],,,,,,,,,三级
Journal of Plastic Surgery and Hand Surgery,2025,2000-656X/2000-6764,否,否,否,SCIE,0.9,,医学,4 [3692/5603],否, ORTHOPEDICS 骨科,4 [101/136], SURGERY 外科,4 [200/292],,,,,,,,,三级
European Oral Research,2025,2630-6158/2651-2823,否,否,是,ESCI,1.1,,医学,4 [3693/5603],否," DENTISTRY, ORAL SURGERY & MEDICINE 牙科与口腔外科",4 [104/157],,,,,,,,,,,三级
Atherosclerosis Plus,2025,2667-0909/2667-0895,否,否,否,SCIE,2.1,,医学,4 [3694/5603],否, PERIPHERAL VASCULAR DISEASE 外周血管病,4 [72/96],,,,,,,,,,,三级
ORTHOPEDICS,2025,0147-7447/1938-2367,否,否,否,SCIE,1.2,,医学,4 [3695/5603],否, ORTHOPEDICS 骨科,4 [102/136],,,,,,,,,,,三级
Current Cardiovascular Risk Reports,2025,1932-9520/1932-9563,是,否,否,ESCI,1.8,,医学,4 [3696/5603],否, CARDIAC & CARDIOVASCULAR SYSTEMS 心脏和心血管系统,4 [157/223],,,,,,,,,,,三级
Journal of Osteopathic Medicine,2025,2702-3648/2702-3648,否,否,否,ESCI,1.1,,医学,4 [3697/5603],否," MEDICINE, GENERAL & INTERNAL 医学：内科",4 [119/327],,,,,,,,,,,三级
Current Anesthesiology Reports,2025,2167-6275/2167-6275,是,否,否,ESCI,1.4,,医学,4 [3698/5603],否, ANESTHESIOLOGY 麻醉学,4 [37/64],,,,,,,,,,,三级
INTERNATIONAL JOURNAL OF ENVIRONMENTAL HEALTH RESEARCH,2025,0960-3123/1369-1619,否,否,否,SCIE,1.9,,医学,4 [3699/5603],否, ENVIRONMENTAL SCIENCES 环境科学,4 [251/357]," PUBLIC, ENVIRONMENTAL & OCCUPATIONAL HEALTH 公共卫生、环境卫生与职业卫生",4 [294/404],,,,,,,,,三级
Alter-European Journal of Disability Research,2025,1875-0672/1875-0680,否,否,否,ESCI,0.6,,医学,4 [3700/5603],否, REHABILITATION 康复医学,4 [119/169],,,,,,,,,,,三级
Actas Dermo-Sifiliograficas,2025,0001-7310/1578-2190,否,否,是,ESCI,2.8,,医学,4 [3701/5603],否, DERMATOLOGY 皮肤病学,4 [58/94],,,,,,,,,,,三级
Journal of Forensic Nursing,2025,1556-3693/1939-3938,否,否,否,SSCI;SCIE,0.9,,医学,4 [3702/5603],否, CRIMINOLOGY & PENOLOGY 犯罪学与刑罚学,4 [89/111], NURSING 护理,4 [114/191],,,,,,,,,三级
Hematology Transfusion and Cell Therapy,2025,2531-1379/2531-1379,否,否,是,ESCI,1.6,,医学,4 [3703/5603],否, HEMATOLOGY 血液学,4 [71/96], ONCOLOGY 肿瘤学,4 [240/318],,,,,,,,,三级
Journal of Cancer Prevention,2025,2288-3649/2288-3657,否,否,否,ESCI,1.8,,医学,4 [3704/5603],否, ONCOLOGY 肿瘤学,4 [241/318],,,,,,,,,,,三级
Advances in Clinical and Experimental Medicine,2025,1899-5276/2451-2680,否,否,是,SCIE,1.9,,医学,4 [3705/5603],否," MEDICINE, RESEARCH & EXPERIMENTAL 医学：研究与实验",4 [131/188],,,,,,,,,,,三级
Turk Oftalmoloji Dergisi-Turkish Journal of Ophthalmology,2025,1300-0659/2147-2661,否,否,是,ESCI,1,,医学,4 [3706/5603],否, OPHTHALMOLOGY 眼科学,4 [63/95],,,,,,,,,,,三级
UPSALA JOURNAL OF MEDICAL SCIENCES,2025,0300-9734/2000-1967,否,否,是,SCIE,1.6,,医学,4 [3707/5603],否," MEDICINE, GENERAL & INTERNAL 医学：内科",4 [120/327],,,,,,,,,,,三级
International Journal of Hepatology,2025,2090-3448/2090-3456,否,否,是,ESCI,1.4,,医学,4 [3708/5603],否, GASTROENTEROLOGY & HEPATOLOGY 胃肠肝病学,4 [107/143],,,,,,,,,,,三级
AMERICAN JOURNAL OF THE MEDICAL SCIENCES,2025,0002-9629/1538-2990,否,否,否,SCIE,1.8,,医学,4 [3709/5603],否," MEDICINE, GENERAL & INTERNAL 医学：内科",4 [121/327],,,,,,,,,,,三级
EUROPEAN JOURNAL OF DERMATOLOGY,2025,1167-1122/1952-4013,否,否,否,SCIE,1.5,,医学,4 [3710/5603],否, DERMATOLOGY 皮肤病学,4 [59/94],,,,,,,,,,,三级
Avicenna Journal of Phytomedicine,2025,2228-7930/2228-7949,否,否,是,ESCI,2.2,,医学,4 [3711/5603],否," CHEMISTRY, MEDICINAL 药物化学",4 [51/72],,,,,,,,,,,三级
Anatolian Journal of Cardiology,2025,2149-2263/2149-2271,否,否,是,SCIE,1.5,,医学,4 [3712/5603],否, CARDIAC & CARDIOVASCULAR SYSTEMS 心脏和心血管系统,4 [158/223],,,,,,,,,,,三级
Ulusal Travma ve Acil Cerrahi Dergisi-Turkish Journal of Trauma & Emergency Surgery,2025,1306-696X/1307-7945,否,否,否,SCIE,1,,医学,4 [3713/5603],否, EMERGENCY MEDICINE 急救医学,4 [36/54],,,,,,,,,,,三级
QUINTESSENCE INTERNATIONAL,2025,0033-6572/1936-7163,否,否,否,SCIE,1.5,,医学,4 [3714/5603],否," DENTISTRY, ORAL SURGERY & MEDICINE 牙科与口腔外科",4 [105/157],,,,,,,,,,,三级
Surgical Innovation,2025,1553-3506/1553-3514,否,否,否,SCIE,1.6,,医学,4 [3715/5603],否, SURGERY 外科,4 [201/292],,,,,,,,,,,三级
FAMILY & COMMUNITY HEALTH,2025,0160-6379/1550-5057,否,否,否,SSCI,1.3,,医学,4 [3716/5603],否, FAMILY STUDIES 家庭研究,4 [49/65]," PUBLIC, ENVIRONMENTAL & OCCUPATIONAL HEALTH 公共卫生、环境卫生与职业卫生",4 [295/404],,,,,,,,,三级
Health SA Gesondheid,2025,1025-9848/2071-9736,否,否,是,ESCI,1.2,,医学,4 [3717/5603],否, HEALTH CARE SCIENCES & SERVICES 卫生保健与服务,4 [133/173],,,,,,,,,,,三级
European Journal of Pediatric Surgery Reports,2025,2194-7619/2194-7627,否,否,是,ESCI,0.7,,医学,4 [3718/5603],否, SURGERY 外科,4 [202/292],,,,,,,,,,,三级
DRUG DEVELOPMENT AND INDUSTRIAL PHARMACY,2025,0363-9045/1520-5762,否,否,否,SCIE,2.2,,医学,4 [3719/5603],否," CHEMISTRY, MEDICINAL 药物化学",4 [52/72], PHARMACOLOGY & PHARMACY 药学,4 [234/350],,,,,,,,,三级
PHARMACOGENOMICS,2025,1462-2416/1744-8042,否,否,否,SCIE,1.9,,医学,4 [3720/5603],否, PHARMACOLOGY & PHARMACY 药学,4 [235/350],,,,,,,,,,,三级
Epidemiologia e Servicos de Saude,2025,1679-4974/2237-9622,否,否,是,ESCI,2,,医学,4 [3721/5603],否," PUBLIC, ENVIRONMENTAL & OCCUPATIONAL HEALTH 公共卫生、环境卫生与职业卫生",4 [296/404],,,,,,,,,,,三级
AIDS CARE-PSYCHOLOGICAL AND SOCIO-MEDICAL ASPECTS OF AIDS/HIV,2025,0954-0121/1360-0451,否,否,否,SSCI,1.2,,医学,4 [3722/5603],否, HEALTH POLICY & SERVICES 卫生政策与服务,4 [97/118]," PSYCHOLOGY, MULTIDISCIPLINARY 心理学：综合",4 [147/219]," PUBLIC, ENVIRONMENTAL & OCCUPATIONAL HEALTH 公共卫生、环境卫生与职业卫生",4 [297/404]," SOCIAL SCIENCES, BIOMEDICAL 社会科学：生物医学",4 [41/46],,,,,三级
Journal of Family and Community Medicine,2025,2230-8229/2229-340X,否,否,是,ESCI,1.7,,医学,4 [3723/5603],否," PUBLIC, ENVIRONMENTAL & OCCUPATIONAL HEALTH 公共卫生、环境卫生与职业卫生",4 [298/404],,,,,,,,,,,三级
BRAZILIAN JOURNAL OF MEDICAL AND BIOLOGICAL RESEARCH,2025,0100-879X/1414-431X,否,否,是,SCIE,1.5,,医学,4 [3724/5603],否, BIOLOGY 生物学,4 [63/109]," MEDICINE, RESEARCH & EXPERIMENTAL 医学：研究与实验",4 [133/188],,,,,,,,,三级
World Journal of Clinical Oncology,2025,2218-4333/2218-4333,否,否,否,ESCI,3.2,,医学,4 [3725/5603],否, ONCOLOGY 肿瘤学,4 [242/318],,,,,,,,,,,三级
CANCER INVESTIGATION,2025,0735-7907/1532-4192,否,否,否,SCIE,1.9,,医学,4 [3726/5603],否, ONCOLOGY 肿瘤学,4 [243/318],,,,,,,,,,,三级
EXPERIMENTAL AND CLINICAL ENDOCRINOLOGY & DIABETES,2025,0947-7349/1439-3646,否,否,否,SCIE,1.7,,医学,4 [3727/5603],否, ENDOCRINOLOGY & METABOLISM 内分泌学与代谢,4 [142/184],,,,,,,,,,,三级
Heart International,2025,2036-2579/2036-2579,否,否,是,ESCI,2.3,,医学,4 [3728/5603],否, CARDIAC & CARDIOVASCULAR SYSTEMS 心脏和心血管系统,4 [159/223],,,,,,,,,,,三级
PLANTA MEDICA,2025,0032-0943/1439-0221,否,否,否,SCIE,2,,医学,4 [3729/5603],否," CHEMISTRY, MEDICINAL 药物化学",4 [53/72], INTEGRATIVE & COMPLEMENTARY MEDICINE 全科医学与补充医学,4 [22/43], PHARMACOLOGY & PHARMACY 药学,4 [236/350], PLANT SCIENCES 植物科学,4 [154/265],,,,,三级
Urology Journal,2025,1735-1308/1735-546X,否,否,是,SCIE,0.9,,医学,4 [3730/5603],否, UROLOGY & NEPHROLOGY 泌尿学与肾脏学,4 [87/126],,,,,,,,,,,三级
Frontiers in Rehabilitation Sciences,2025,2673-6861/2673-6861,否,否,是,ESCI,1.9,,医学,4 [3731/5603],否, REHABILITATION 康复医学,4 [120/169],,,,,,,,,,,三级
Amyotrophic Lateral Sclerosis and Frontotemporal Degeneration,2025,2167-8421/2167-9223,否,否,否,SCIE,2.8,,医学,4 [3732/5603],否, CLINICAL NEUROLOGY 临床神经病学,4 [213/278],,,,,,,,,,,三级
Iranian Journal of Basic Medical Sciences,2025,2008-3866/2008-3874,否,否,是,SCIE,2.7,,医学,4 [3733/5603],否," MEDICINE, RESEARCH & EXPERIMENTAL 医学：研究与实验",4 [134/188], PHARMACOLOGY & PHARMACY 药学,4 [237/350],,,,,,,,,三级
Osong Public Health and Research Perspectives,2025,2210-9099/2233-6052,否,否,是,ESCI,1.6,,医学,4 [3734/5603],否," PUBLIC, ENVIRONMENTAL & OCCUPATIONAL HEALTH 公共卫生、环境卫生与职业卫生",4 [299/404],,,,,,,,,,,三级
JOURNAL OF SPORTS MEDICINE AND PHYSICAL FITNESS,2025,0022-4707/1827-1928,否,否,否,SCIE,1.3,,医学,4 [3735/5603],否, SPORT SCIENCES 运动科学,4 [89/126],,,,,,,,,,,三级
Revista da Escola de Enfermagem da USP,2025,0080-6234/1980-220X,否,否,是,SSCI;SCIE,1.3,,医学,4 [3736/5603],否, NURSING 护理,4 [115/191],,,,,,,,,,,三级
FARMACIA,2025,0014-8237/2065-0019,否,否,否,SCIE,1.3,,医学,4 [3737/5603],否, PHARMACOLOGY & PHARMACY 药学,4 [238/350],,,,,,,,,,,三级
JOURNAL OF BODYWORK AND MOVEMENT THERAPIES,2025,1360-8592/1532-9283,否,否,否,ESCI,1.4,,医学,4 [3738/5603],否, REHABILITATION 康复医学,4 [121/169],,,,,,,,,,,三级
TOHOKU JOURNAL OF EXPERIMENTAL MEDICINE,2025,0040-8727/1349-3329,否,否,否,SCIE,1.6,,医学,4 [3739/5603],否," MEDICINE, GENERAL & INTERNAL 医学：内科",4 [122/327]," MEDICINE, RESEARCH & EXPERIMENTAL 医学：研究与实验",4 [135/188],,,,,,,,,三级
Endocrinologia Diabetes y Nutricion,2025,2530-0180/2530-0180,否,否,否,SCIE,1.8,,医学,4 [3740/5603],否, ENDOCRINOLOGY & METABOLISM 内分泌学与代谢,4 [143/184], NUTRITION & DIETETICS 营养学,4 [80/113],,,,,,,,,三级
NURSING SCIENCE QUARTERLY,2025,0894-3184/1552-7409,否,否,否,SSCI;SCIE,1.3,,医学,4 [3741/5603],否, NURSING 护理,4 [116/191],,,,,,,,,,,三级
Medical Dosimetry,2025,0958-3947/1873-4022,否,否,否,SCIE,1,,医学,4 [3742/5603],否, ONCOLOGY 肿瘤学,4 [244/318]," RADIOLOGY, NUCLEAR MEDICINE & MEDICAL IMAGING 核医学",4 [140/206],,,,,,,,,三级
Infection Prevention in Practice,2025,2590-0889/2590-0889,否,否,是,ESCI,1.9,,医学,4 [3743/5603],否, INFECTIOUS DISEASES 传染病学,4 [102/134]," PUBLIC, ENVIRONMENTAL & OCCUPATIONAL HEALTH 公共卫生、环境卫生与职业卫生",4 [300/404],,,,,,,,,三级
Journal of Applied Laboratory Medicine,2025,2576-9456/2475-7241,否,否,否,ESCI,1.9,,医学,4 [3744/5603],否, MEDICAL LABORATORY TECHNOLOGY 医学实验技术,4 [21/31],,,,,,,,,,,三级
CLINICAL LINGUISTICS & PHONETICS,2025,0269-9206/1464-5076,否,否,否,SSCI;SCIE,1,,医学,4 [3745/5603],否, AUDIOLOGY & SPEECH-LANGUAGE PATHOLOGY 听力学与言语病理学,4 [27/35], LINGUISTICS 语言学,4 [244/294], REHABILITATION 康复医学,4 [122/169],,,,,,,三级
SOUTHERN AFRICAN JOURNAL OF HIV MEDICINE,2025,1608-9693/2078-6751,否,否,是,SCIE,2.3,,医学,4 [3746/5603],否, INFECTIOUS DISEASES 传染病学,4 [103/134], VIROLOGY 病毒学,4 [30/41],,,,,,,,,三级
Journal Of Cardiovascular and Thoracic Research,2025,2008-5117/2008-6830,否,否,是,ESCI,0.7,,医学,4 [3747/5603],否, CARDIAC & CARDIOVASCULAR SYSTEMS 心脏和心血管系统,4 [160/223],,,,,,,,,,,三级
ROFO-FORTSCHRITTE AUF DEM GEBIET DER RONTGENSTRAHLEN UND DER BILDGEBENDEN VERFAHREN,2025,1438-9029/1438-9010,否,否,否,SCIE,1.7,,医学,4 [3748/5603],否," RADIOLOGY, NUCLEAR MEDICINE & MEDICAL IMAGING 核医学",4 [141/206],,,,,,,,,,,三级
METHODS OF INFORMATION IN MEDICINE,2025,0026-1270/2511-705X,否,否,否,SCIE,1.8,,医学,4 [3749/5603],否," COMPUTER SCIENCE, INFORMATION SYSTEMS 计算机：信息系统",4 [171/249], HEALTH CARE SCIENCES & SERVICES 卫生保健与服务,4 [134/173], MEDICAL INFORMATICS 医学：信息,4 [41/44],,,,,,,三级
BLOOD PRESSURE MONITORING,2025,1359-5237/1473-5725,否,否,否,SCIE,1.2,,医学,4 [3750/5603],否, PERIPHERAL VASCULAR DISEASE 外周血管病,4 [73/96],,,,,,,,,,,三级
Clinics and Practice,2025,2039-7275/2039-7283,否,否,是,ESCI,2.2,,医学,4 [3751/5603],否," MEDICINE, GENERAL & INTERNAL 医学：内科",4 [123/327],,,,,,,,,,,三级
Public Health in Practice,2025,2666-5352/2666-5352,否,否,是,ESCI,1.9,,医学,4 [3752/5603],否," PUBLIC, ENVIRONMENTAL & OCCUPATIONAL HEALTH 公共卫生、环境卫生与职业卫生",4 [301/404],,,,,,,,,,,三级
Adicciones,2025,0214-4840/2604-6334,否,否,否,SSCI;SCIE,1.8,,医学,4 [3753/5603],否, SUBSTANCE ABUSE 药物滥用,4 [43/56],,,,,,,,,,,三级
Vascular,2025,1708-5381/1708-539X,否,否,否,SCIE,0.9,,医学,4 [3754/5603],否, PERIPHERAL VASCULAR DISEASE 外周血管病,4 [74/96],,,,,,,,,,,三级
CLINICAL EEG AND NEUROSCIENCE,2025,1550-0594/2169-5202,否,否,否,SCIE,1.7,,医学,4 [3755/5603],否, CLINICAL NEUROLOGY 临床神经病学,4 [214/278], NEUROIMAGING 神经成像,4 [14/16], NEUROSCIENCES 神经科学,4 [254/309], PSYCHIATRY 精神病学,4 [202/277], PSYCHOLOGY 心理学,4 [73/92],,,三级
Journal of Ultrasonography,2025,2084-8404/2451-070X,否,否,是,ESCI,1.5,,医学,4 [3756/5603],否," RADIOLOGY, NUCLEAR MEDICINE & MEDICAL IMAGING 核医学",4 [142/206],,,,,,,,,,,三级
International Journal of Endocrinology and Metabolism,2025,1726-913X/1726-9148,否,否,否,ESCI,1.8,,医学,4 [3757/5603],否, ENDOCRINOLOGY & METABOLISM 内分泌学与代谢,4 [144/184],,,,,,,,,,,三级
Balkan Medical Journal,2025,2146-3123/2146-3131,否,否,是,SCIE,3.8,,医学,4 [3758/5603],否," MEDICINE, GENERAL & INTERNAL 医学：内科",4 [124/327],,,,,,,,,,,三级
Journal of Primary Health Care,2025,1172-6164/1172-6156,否,否,是,ESCI,0.9,,医学,4 [3759/5603],否, PRIMARY HEALTH CARE 初级卫生保健,4 [22/28],,,,,,,,,,,三级
International Journal of Breast Cancer,2025,2090-3170/2090-3189,否,否,是,ESCI,3,,医学,4 [3760/5603],否, ONCOLOGY 肿瘤学,4 [245/318],,,,,,,,,,,三级
Current Stem Cell Research & Therapy,2025,1574-888X/2212-3946,是,否,否,SCIE,2.2,,医学,4 [3761/5603],否, CELL & TISSUE ENGINEERING 细胞与组织工程,4 [26/31], CELL BIOLOGY 细胞生物学,4 [177/203],,,,,,,,,三级
BEHAVIORAL NEUROSCIENCE,2025,0735-7044/1939-0084,否,否,否,SCIE,1.5,,医学,4 [3762/5603],否, BEHAVIORAL SCIENCES 行为科学,4 [48/55], NEUROSCIENCES 神经科学,4 [255/309],,,,,,,,,三级
ONCOLOGY-NEW YORK,2025,0890-9091/2767-7389,否,否,否,SCIE,1.8,,医学,4 [3763/5603],否, ONCOLOGY 肿瘤学,4 [246/318],,,,,,,,,,,三级
Acta Gymnica,2025,2336-4912/2336-4920,否,否,是,ESCI,0.7,,医学,4 [3764/5603],否, SPORT SCIENCES 运动科学,4 [90/126],,,,,,,,,,,三级
Journal of the American Association of Nurse Practitioners,2025,2327-6886/2327-6924,否,否,否,SSCI;SCIE,1.6,,医学,4 [3765/5603],否, HEALTH CARE SCIENCES & SERVICES 卫生保健与服务,4 [135/173], NURSING 护理,4 [117/191],,,,,,,,,三级
Skin Appendage Disorders,2025,2296-9195/2296-9160,否,否,否,ESCI,1.3,,医学,4 [3766/5603],否, DERMATOLOGY 皮肤病学,4 [60/94],,,,,,,,,,,三级
BULLETIN OF THE MENNINGER CLINIC,2025,0025-9284/1943-2828,否,否,否,SSCI,0.6,,医学,4 [3767/5603],否, PSYCHIATRY 精神病学,4 [203/277]," PSYCHOLOGY, PSYCHOANALYSIS 心理学：分析",4 [17/23],,,,,,,,,三级
JOURNAL OF ENVIRONMENTAL PATHOLOGY TOXICOLOGY AND ONCOLOGY,2025,0731-8898/2162-6537,否,否,否,SCIE,2.9,,医学,4 [3768/5603],否, TOXICOLOGY 毒理学,4 [84/106],,,,,,,,,,,三级
RESTORATIVE NEUROLOGY AND NEUROSCIENCE,2025,0922-6028/1878-3627,否,否,否,SCIE,1.6,,医学,4 [3769/5603],否, NEUROSCIENCES 神经科学,4 [256/309],,,,,,,,,,,三级
Dermatology Reports,2025,2036-7392/2036-7406,否,否,是,ESCI,1.3,,医学,4 [3770/5603],否, DERMATOLOGY 皮肤病学,4 [61/94],,,,,,,,,,,三级
Journal of the Korean Association of Oral and Maxillofacial Surgeons,2025,2234-7550/2234-5930,否,否,否,ESCI,1.4,,医学,4 [3771/5603],否," DENTISTRY, ORAL SURGERY & MEDICINE 牙科与口腔外科",4 [106/157],,,,,,,,,,,三级
Journal of Brachial Plexus and Peripheral Nerve Injury,2025,1749-7221/1749-7221,否,否,是,ESCI,1,,医学,4 [3772/5603],否, CLINICAL NEUROLOGY 临床神经病学,4 [215/278],,,,,,,,,,,三级
Journal of the American Academy of Audiology,2025,1050-0545/2157-3107,否,否,否,SCIE,1.2,,医学,4 [3773/5603],否, AUDIOLOGY & SPEECH-LANGUAGE PATHOLOGY 听力学与言语病理学,4 [28/35], OTORHINOLARYNGOLOGY 耳鼻喉科学,4 [45/66],,,,,,,,,三级
Journal of Visual Communication in Medicine,2025,1745-3054/1745-3062,否,否,否,ESCI,0.7,,医学,4 [3774/5603],否," RADIOLOGY, NUCLEAR MEDICINE & MEDICAL IMAGING 核医学",4 [143/206],,,,,,,,,,,三级
Medeniyet Medical Journal,2025,2149-2042/2149-4606,否,否,是,ESCI,1.1,,医学,4 [3775/5603],否," MEDICINE, GENERAL & INTERNAL 医学：内科",4 [125/327],,,,,,,,,,,三级
Pakistan Journal of Medical Sciences,2025,1682-024X/1681-715X,否,否,是,SCIE,1.7,,医学,4 [3776/5603],否," MEDICINE, GENERAL & INTERNAL 医学：内科",4 [126/327],,,,,,,,,,,三级
Current Treatment Options in Neurology,2025,1092-8480/1534-3138,是,否,否,SCIE,1.8,,医学,4 [3777/5603],否, CLINICAL NEUROLOGY 临床神经病学,4 [216/278],,,,,,,,,,,三级
Journal of Clinical Imaging Science,2025,2156-7514/2156-5597,否,否,否,ESCI,1.3,,医学,4 [3778/5603],否," RADIOLOGY, NUCLEAR MEDICINE & MEDICAL IMAGING 核医学",4 [144/206],,,,,,,,,,,三级
International Archives of Otorhinolaryngology,2025,1809-9777/1809-4864,否,否,是,ESCI,1.1,,医学,4 [3779/5603],否, OTORHINOLARYNGOLOGY 耳鼻喉科学,4 [46/66],,,,,,,,,,,三级
Chinese Journal of Integrative Medicine,2025,1672-0415/1993-0402,否,否,否,SCIE,2.5,,医学,4 [3780/5603],否, INTEGRATIVE & COMPLEMENTARY MEDICINE 全科医学与补充医学,4 [23/43],,,,,,,,,,,三级
International Journal of Pediatrics,2025,1687-9740/1687-9759,否,否,是,ESCI,1.3,,医学,4 [3781/5603],否, PEDIATRICS 儿科,4 [115/185],,,,,,,,,,,三级
Forensic Imaging,2025,2666-2264/2666-2256,否,否,否,ESCI,1,,医学,4 [3782/5603],否," RADIOLOGY, NUCLEAR MEDICINE & MEDICAL IMAGING 核医学",4 [145/206],,,,,,,,,,,三级
INTERNATIONAL JOURNAL OF DEVELOPMENTAL NEUROSCIENCE,2025,0736-5748/1873-474X,否,否,否,SCIE,1.6,,医学,4 [3783/5603],否, DEVELOPMENTAL BIOLOGY 发育生物学,4 [29/39], NEUROSCIENCES 神经科学,4 [257/309],,,,,,,,,三级
Indian Journal of Critical Care Medicine,2025,0972-5229/1998-359X,否,否,否,ESCI,1.5,,医学,4 [3784/5603],否, CRITICAL CARE MEDICINE 危重病医学,4 [39/56],,,,,,,,,,,三级
Egyptian Journal of Forensic Sciences,2025,2090-536X/2090-5939,否,否,是,ESCI,1.3,,医学,4 [3785/5603],否," MEDICINE, LEGAL 医学：法",4 [17/23],,,,,,,,,,,三级
CURRENT THERAPEUTIC RESEARCH-CLINICAL AND EXPERIMENTAL,2025,0011-393X/1879-0313,否,否,是,ESCI,1.5,,医学,4 [3786/5603],否," MEDICINE, RESEARCH & EXPERIMENTAL 医学：研究与实验",4 [136/188],,,,,,,,,,,三级
JMIR Research Protocols,2025,1929-0748/1929-0748,否,否,是,ESCI,1.5,,医学,4 [3787/5603],否, HEALTH CARE SCIENCES & SERVICES 卫生保健与服务,4 [136/173]," PUBLIC, ENVIRONMENTAL & OCCUPATIONAL HEALTH 公共卫生、环境卫生与职业卫生",4 [302/404],,,,,,,,,三级
Systems Biology in Reproductive Medicine,2025,1939-6368/1939-6376,否,否,否,SCIE,2.2,,医学,4 [3788/5603],否, ANDROLOGY 男科学,4 [7/8], REPRODUCTIVE BIOLOGY 生殖生物学,4 [33/39],,,,,,,,,三级
American Journal of Clinical and Experimental Urology,2025,2330-1910/2330-1910,否,否,否,ESCI,1.4,,医学,4 [3789/5603],否, UROLOGY & NEPHROLOGY 泌尿学与肾脏学,4 [88/126],,,,,,,,,,,三级
Transplant Immunology,2025,0966-3274/1878-5492,否,否,否,SCIE,1.4,,医学,4 [3790/5603],否, IMMUNOLOGY 免疫学,4 [144/179], TRANSPLANTATION 移植,4 [22/31],,,,,,,,,三级
Molecular Imaging,2025,1536-0121/1536-0121,否,否,否,SCIE,2.4,,医学,4 [3791/5603],否, BIOCHEMICAL RESEARCH METHODS 生化研究方法,4 [58/85]," RADIOLOGY, NUCLEAR MEDICINE & MEDICAL IMAGING 核医学",4 [146/206],,,,,,,,,三级
Vascular Specialist International,2025,2288-7970/2288-7989,否,否,是,ESCI,1,,医学,4 [3792/5603],否, PERIPHERAL VASCULAR DISEASE 外周血管病,4 [75/96], SURGERY 外科,4 [203/292],,,,,,,,,三级
CORONARY ARTERY DISEASE,2025,0954-6928/1473-5830,否,否,否,SCIE,2,,医学,4 [3793/5603],否, CARDIAC & CARDIOVASCULAR SYSTEMS 心脏和心血管系统,4 [161/223],,,,,,,,,,,三级
Atencion Primaria,2025,0212-6567/1578-1275,否,否,是,SCIE,1.6,,医学,4 [3794/5603],否," MEDICINE, GENERAL & INTERNAL 医学：内科",4 [127/327], PRIMARY HEALTH CARE 初级卫生保健,4 [23/28],,,,,,,,,三级
Communication Disorders Quarterly,2025,1525-7401/1538-4837,否,否,否,SSCI,0.6,,医学,4 [3795/5603],否, REHABILITATION 康复医学,4 [123/169],,,,,,,,,,,三级
Turkish Journal of Pharmaceutical Sciences,2025,1304-530X/2148-6247,否,否,是,ESCI,2,,医学,4 [3796/5603],否, PHARMACOLOGY & PHARMACY 药学,4 [239/350],,,,,,,,,,,三级
JOURNAL OF PHARMACOLOGICAL AND TOXICOLOGICAL METHODS,2025,1056-8719/1873-488X,否,否,否,SCIE,1.8,,医学,4 [3797/5603],否, PHARMACOLOGY & PHARMACY 药学,4 [240/350], TOXICOLOGY 毒理学,4 [85/106],,,,,,,,,三级
DOCUMENTA OPHTHALMOLOGICA,2025,0012-4486/1573-2622,否,否,否,SCIE,2.9,,医学,4 [3798/5603],否, OPHTHALMOLOGY 眼科学,4 [64/95],,,,,,,,,,,三级
JOURNAL OF NURSING CARE QUALITY,2025,1057-3631/1550-5065,否,否,否,SSCI;SCIE,1.7,,医学,4 [3799/5603],否, NURSING 护理,4 [118/191],,,,,,,,,,,三级
GMS Hygiene and Infection Control,2025,2196-5226/2196-5226,否,否,是,ESCI,1.6,,医学,4 [3800/5603],否," PUBLIC, ENVIRONMENTAL & OCCUPATIONAL HEALTH 公共卫生、环境卫生与职业卫生",4 [303/404],,,,,,,,,,,三级
Dermatologica Sinica,2025,1027-8117/2223-330X,否,否,是,SCIE,2.2,,医学,4 [3801/5603],否, DERMATOLOGY 皮肤病学,4 [62/94],,,,,,,,,,,三级
Journal of Drugs in Dermatology,2025,1545-9616/1545-9616,否,否,否,SCIE,1.8,,医学,4 [3802/5603],否, DERMATOLOGY 皮肤病学,4 [63/94],,,,,,,,,,,三级
INTERVIROLOGY,2025,0300-5526/1423-0100,否,否,否,SCIE,1.8,,医学,4 [3803/5603],否, VIROLOGY 病毒学,4 [31/41],,,,,,,,,,,三级
AMERICAN JOURNAL OF OCCUPATIONAL THERAPY,2025,0272-9490/1943-7676,否,否,否,SSCI,2.1,,医学,4 [3804/5603],否, REHABILITATION 康复医学,4 [124/169],,,,,,,,,,,三级
Psychogeriatrics,2025,1346-3500/1479-8301,否,否,否,SCIE,1.7,,医学,4 [3805/5603],否, GERIATRICS & GERONTOLOGY 老年医学,4 [58/72], PSYCHIATRY 精神病学,4 [205/277],,,,,,,,,三级
Journal of Echocardiography,2025,1349-0222/1880-344X,否,否,否,ESCI,1.5,,医学,4 [3806/5603],否, CARDIAC & CARDIOVASCULAR SYSTEMS 心脏和心血管系统,4 [162/223],,,,,,,,,,,三级
JOURNAL OF INTERNATIONAL MEDICAL RESEARCH,2025,0300-0605/1473-2300,否,否,是,SCIE,1.5,,医学,4 [3807/5603],否," MEDICINE, RESEARCH & EXPERIMENTAL 医学：研究与实验",4 [137/188], PHARMACOLOGY & PHARMACY 药学,4 [242/350],,,,,,,,,三级
Australasian Psychiatry,2025,1039-8562/1440-1665,否,否,否,SSCI;SCIE,1.2,,医学,4 [3808/5603],否, PSYCHIATRY 精神病学,4 [206/277],,,,,,,,,,,三级
Journal of Medical and Biological Engineering,2025,1609-0985/2199-4757,否,否,否,SCIE,1.7,,医学,4 [3809/5603],否," ENGINEERING, BIOMEDICAL 工程：生物医学",4 [94/120],,,,,,,,,,,三级
Kinesiology,2025,1331-1441/1848-638X,否,否,是,SSCI;SCIE,0.9,,医学,4 [3810/5603],否, REHABILITATION 康复医学,4 [125/169], SPORT SCIENCES 运动科学,4 [91/126],,,,,,,,,三级
Current Medical Science,2025,2096-5230/2523-899X,否,否,否,SCIE,1.5,,医学,4 [3811/5603],否," MEDICINE, RESEARCH & EXPERIMENTAL 医学：研究与实验",4 [138/188],,,,,,,,,,,三级
JOURNAL OF LARYNGOLOGY AND OTOLOGY,2025,0022-2151/1748-5460,否,否,否,SCIE,0.8,,医学,4 [3812/5603],否, OTORHINOLARYNGOLOGY 耳鼻喉科学,4 [47/66],,,,,,,,,,,三级
EXPERIMENTAL LUNG RESEARCH,2025,0190-2148/1521-0499,否,否,否,SCIE,1.8,,医学,4 [3813/5603],否, RESPIRATORY SYSTEM 呼吸系统,4 [74/101],,,,,,,,,,,三级
ENT-EAR NOSE & THROAT JOURNAL,2025,0145-5613/1942-7522,否,否,是,SCIE,0.7,,医学,4 [3814/5603],否, OTORHINOLARYNGOLOGY 耳鼻喉科学,4 [48/66],,,,,,,,,,,三级
Physical Activity Review,2025,2300-5076/2300-5076,否,否,是,ESCI,1.1,,医学,4 [3815/5603],否, SPORT SCIENCES 运动科学,4 [92/126],,,,,,,,,,,三级
MINERVA MEDICA,2025,0026-4806/1827-1669,否,否,否,SCIEOnHold,,,医学,4 [3816/5603],否," MEDICINE, GENERAL & INTERNAL 医学：内科",4 [128/327],,,,,,,,,,,三级
BMJ Military Health,2025,2633-3767/2633-3775,否,否,否,SCIE,1.7,,医学,4 [3817/5603],否," MEDICINE, GENERAL & INTERNAL 医学：内科",4 [129/327],,,,,,,,,,,三级
International Journal of Reproductive Biomedicine,2025,2476-4108/2476-3772,否,否,是,ESCI,1.8,,医学,4 [3818/5603],否, OBSTETRICS & GYNECOLOGY 妇产科学,4 [96/135],,,,,,,,,,,三级
JOURNAL OF VASCULAR RESEARCH,2025,1018-1172/1423-0135,否,否,否,SCIE,2.3,,医学,4 [3819/5603],否, PERIPHERAL VASCULAR DISEASE 外周血管病,4 [76/96], PHYSIOLOGY 生理学,4 [71/84],,,,,,,,,三级
NUTRITION AND CANCER-AN INTERNATIONAL JOURNAL,2025,0163-5581/1532-7914,否,否,否,SCIE,2.4,,医学,4 [3820/5603],否, NUTRITION & DIETETICS 营养学,4 [81/113], ONCOLOGY 肿瘤学,4 [247/318],,,,,,,,,三级
Journal of Wound Care,2025,0969-0700/2062-2916,否,否,否,SCIE,1.7,,医学,4 [3821/5603],否, DERMATOLOGY 皮肤病学,4 [64/94],,,,,,,,,,,三级
Gastroenterologia y Hepatologia,2025,0210-5705/0210-5705,否,否,否,SCIE,1.9,,医学,4 [3822/5603],否, GASTROENTEROLOGY & HEPATOLOGY 胃肠肝病学,4 [108/143],,,,,,,,,,,三级
Acta Otorrinolaringologica Espanola,2025,0001-6519/1988-3013,否,否,否,ESCI,1.1,,医学,4 [3823/5603],否, OTORHINOLARYNGOLOGY 耳鼻喉科学,4 [49/66],,,,,,,,,,,三级
Journal of Religion Spirituality & Aging,2025,1552-8030/1552-8049,否,否,否,ESCI,0.8,,医学,4 [3824/5603],否, GERIATRICS & GERONTOLOGY 老年医学,4 [59/72],,,,,,,,,,,三级
ARCHIVES DE PEDIATRIE,2025,0929-693X/1769-664X,否,否,否,SCIE,1.4,,医学,4 [3825/5603],否, PEDIATRICS 儿科,4 [116/185],,,,,,,,,,,三级
ANTIVIRAL THERAPY,2025,1359-6535/2040-2058,否,否,否,SCIE,2.3,,医学,4 [3826/5603],否, INFECTIOUS DISEASES 传染病学,4 [104/134], PHARMACOLOGY & PHARMACY 药学,4 [243/350], VIROLOGY 病毒学,4 [32/41],,,,,,,三级
Journal of Osteoporosis,2025,2090-8059/2042-0064,否,否,是,ESCI,3,,医学,4 [3827/5603],否, ORTHOPEDICS 骨科,4 [103/136],,,,,,,,,,,三级
BIOMEDICAL CHROMATOGRAPHY,2025,0269-3879/1099-0801,否,否,否,SCIE,1.7,,医学,4 [3828/5603],否, BIOCHEMICAL RESEARCH METHODS 生化研究方法,4 [61/85], BIOCHEMISTRY & MOLECULAR BIOLOGY 生化与分子生物学,4 [246/310]," CHEMISTRY, ANALYTICAL 分析化学",4 [68/106], PHARMACOLOGY & PHARMACY 药学,4 [244/350],,,,,三级
Immunotherapy,2025,1750-743X/1750-7448,否,否,否,SCIE,2.3,,医学,4 [3829/5603],否, IMMUNOLOGY 免疫学,4 [145/179],,,,,,,,,,,三级
Journal of the American Psychiatric Nurses Association,2025,1078-3903/1532-5725,否,否,否,SSCI;SCIE,1.7,,医学,4 [3830/5603],否, NURSING 护理,4 [119/191], PSYCHIATRY 精神病学,4 [207/277],,,,,,,,,三级
Clinical Parkinsonism & Related Disorders,2025,2590-1125/2590-1125,否,否,是,ESCI,1.8,,医学,4 [3831/5603],否, CLINICAL NEUROLOGY 临床神经病学,4 [217/278],,,,,,,,,,,三级
Trends in Anaesthesia and Critical Care,2025,2210-8440/2210-8467,否,否,否,ESCI,0.7,,医学,4 [3832/5603],否, ANESTHESIOLOGY 麻醉学,4 [38/64],,,,,,,,,,,三级
ONCOLOGY RESEARCH,2025,0965-0407/1555-3906,否,否,否,SCIE,4.1,,医学,4 [3833/5603],否, ONCOLOGY 肿瘤学,4 [248/318],,,,,,,,,,,三级
Diabetology,2025,2673-4540/2673-4540,否,否,是,ESCI,2.2,,医学,4 [3834/5603],否, ENDOCRINOLOGY & METABOLISM 内分泌学与代谢,4 [145/184],,,,,,,,,,,三级
WOUNDS-A COMPENDIUM OF CLINICAL RESEARCH AND PRACTICE,2025,1044-7946/1943-2704,否,否,否,SCIE,1.1,,医学,4 [3835/5603],否, DERMATOLOGY 皮肤病学,4 [65/94], SURGERY 外科,4 [204/292],,,,,,,,,三级
Open Access Rheumatology-Research and Reviews,2025,1179-156X/1179-156X,否,否,是,ESCI,2.3,,医学,4 [3836/5603],否, RHEUMATOLOGY 风湿病学,4 [37/55],,,,,,,,,,,三级
Global Pediatric Health,2025,2333-794X/2333-794X,否,否,是,ESCI,1.3,,医学,4 [3837/5603],否, PEDIATRICS 儿科,4 [117/185],,,,,,,,,,,三级
Discovery Medicine,2025,1539-6509/1944-7930,否,否,否,SCIE,2.1,,医学,4 [3838/5603],否," MEDICINE, RESEARCH & EXPERIMENTAL 医学：研究与实验",4 [139/188],,,,,,,,,,,三级
INTERNATIONAL JOURNAL OF SURGICAL PATHOLOGY,2025,1066-8969/1940-2465,否,否,否,SCIE,1,,医学,4 [3839/5603],否, PATHOLOGY 病理学,4 [62/88], SURGERY 外科,4 [205/292],,,,,,,,,三级
Molecular and Clinical Oncology,2025,2049-9450/2049-9469,否,否,否,ESCI,1.4,,医学,4 [3840/5603],否, ONCOLOGY 肿瘤学,4 [249/318],,,,,,,,,,,三级
Revista Portuguesa de Cardiologia,2025,0870-2551/0304-4750,否,否,是,SCIE,1.6,,医学,4 [3841/5603],否, CARDIAC & CARDIOVASCULAR SYSTEMS 心脏和心血管系统,4 [163/223],,,,,,,,,,,三级
Sao Paulo Medical Journal,2025,1516-3180,否,否,是,SCIE,1.6,,医学,4 [3842/5603],否," MEDICINE, GENERAL & INTERNAL 医学：内科",4 [130/327],,,,,,,,,,,三级
Journal of the American College of Clinical Pharmacy,2025,2574-9870/2574-9870,否,否,否,ESCI,1.5,,医学,4 [3843/5603],否, PHARMACOLOGY & PHARMACY 药学,4 [245/350],,,,,,,,,,,三级
European Journal of Hospital Pharmacy,2025,2047-9956/2047-9964,否,否,否,SCIE,1.5,,医学,4 [3844/5603],否, PHARMACOLOGY & PHARMACY 药学,4 [246/350],,,,,,,,,,,三级
Australian Journal of Advanced Nursing,2025,0813-0531/1447-4328,否,否,否,SSCI;SCIE,1.3,,医学,4 [3845/5603],否, NURSING 护理,4 [120/191],,,,,,,,,,,三级
CIRUGIA ESPANOLA,2025,0009-739X/1578-147X,否,否,否,SCIE,1.3,,医学,4 [3846/5603],否, SURGERY 外科,4 [206/292],,,,,,,,,,,三级
Breathe,2025,1810-6838/2073-4735,否,否,是,ESCI,3.4,,医学,4 [3847/5603],否, RESPIRATORY SYSTEM 呼吸系统,4 [75/101],,,,,,,,,,,三级
AMERICAN SURGEON,2025,0003-1348/1555-9823,否,否,否,SCIE,0.9,,医学,4 [3848/5603],否, SURGERY 外科,4 [207/292],,,,,,,,,,,三级
Hand Therapy,2025,1758-9983/1758-9991,否,否,否,ESCI,0.6,,医学,4 [3849/5603],否, REHABILITATION 康复医学,4 [126/169],,,,,,,,,,,三级
South African Journal of Physiotherapy,2025,0379-6175/2410-8219,否,否,是,ESCI,1.2,,医学,4 [3850/5603],否, REHABILITATION 康复医学,4 [127/169],,,,,,,,,,,三级
Global Health & Medicine,2025,2434-9186/2434-9194,否,否,否,ESCI,1.4,,医学,4 [3851/5603],否," PUBLIC, ENVIRONMENTAL & OCCUPATIONAL HEALTH 公共卫生、环境卫生与职业卫生",4 [304/404],,,,,,,,,,,三级
Holistic Nursing Practice,2025,0887-9311/1550-5138,否,否,否,SSCI;SCIE,1.6,,医学,4 [3852/5603],否, INTEGRATIVE & COMPLEMENTARY MEDICINE 全科医学与补充医学,4 [24/43], NURSING 护理,4 [121/191],,,,,,,,,三级
Anti-Cancer Agents in Medicinal Chemistry,2025,1871-5206/1875-5992,否,否,否,SCIE,3,,医学,4 [3853/5603],否," CHEMISTRY, MEDICINAL 药物化学",4 [54/72], ONCOLOGY 肿瘤学,4 [250/318],,,,,,,,,三级
Computer Assisted Surgery,2025,2469-9322/2469-9322,否,否,是,SCIE,1.9,,医学,4 [3854/5603],否, SURGERY 外科,4 [208/292],,,,,,,,,,,三级
Physical Medicine and Rehabilitation Clinics of North America,2025,1047-9651/1558-1381,否,否,否,SCIE,2,,医学,4 [3855/5603],否, REHABILITATION 康复医学,4 [128/169],,,,,,,,,,,三级
Clinical Medicine Insights-Oncology,2025,1179-5549/1179-5549,否,否,是,SCIE,1.9,,医学,4 [3856/5603],否, ONCOLOGY 肿瘤学,4 [251/318],,,,,,,,,,,三级
Journal of Ophthalmic & Vision Research,2025,2008-2010/2008-322X,否,否,是,ESCI,1.5,,医学,4 [3857/5603],否, OPHTHALMOLOGY 眼科学,4 [65/95],,,,,,,,,,,三级
Iranian Journal of Nursing and Midwifery Research,2025,1735-9066/2228-5504,否,否,是,ESCI,1.2,,医学,4 [3858/5603],否, NURSING 护理,4 [122/191],,,,,,,,,,,三级
Asia Pacific Allergy,2025,2233-8276/2233-8268,否,否,否,ESCI,2.1,,医学,4 [3859/5603],否, ALLERGY 过敏,4 [27/39],,,,,,,,,,,三级
JOURNAL OF CONTINUING EDUCATION IN NURSING,2025,0022-0124/1938-2472,否,否,否,SSCI;SCIE,1.4,,医学,4 [3860/5603],否, NURSING 护理,4 [123/191],,,,,,,,,,,三级
AJAR-African Journal of AIDS Research,2025,1608-5906/1727-9445,否,否,否,SSCI;SCIE,1.1,,医学,4 [3861/5603],否," PUBLIC, ENVIRONMENTAL & OCCUPATIONAL HEALTH 公共卫生、环境卫生与职业卫生",4 [305/404],,,,,,,,,,,三级
Psychosis-Psychological Social and Integrative Approaches,2025,1752-2439/1752-2447,否,否,否,SSCI,1,,医学,4 [3862/5603],否, PSYCHIATRY 精神病学,4 [208/277]," PSYCHOLOGY, CLINICAL 心理学：临床",4 [139/179],,,,,,,,,三级
Pediatric Gastroenterology Hepatology & Nutrition,2025,2234-8646/2234-8840,否,否,否,ESCI,1.6,,医学,4 [3863/5603],否, PEDIATRICS 儿科,4 [118/185],,,,,,,,,,,三级
Dermatologie in Beruf und Umwelt,2025,1438-776X/1616-7090,否,否,否,ESCI,0.5,,医学,4 [3864/5603],否, DERMATOLOGY 皮肤病学,4 [66/94],,,,,,,,,,,三级
Open Access Journal of Sports Medicine,2025,1179-1543/1179-1543,否,否,是,ESCI,1.6,,医学,4 [3865/5603],否, SPORT SCIENCES 运动科学,4 [93/126],,,,,,,,,,,三级
Journal of Cytology,2025,0970-9371/0974-5165,否,否,是,SCIE,1,,医学,4 [3866/5603],否, MEDICAL LABORATORY TECHNOLOGY 医学实验技术,4 [22/31],,,,,,,,,,,三级
JOURNAL OF PARASITOLOGY,2025,0022-3395/1937-2345,否,否,否,SCIE,1.1,,医学,4 [3867/5603],否, PARASITOLOGY 寄生虫学,4 [36/45],,,,,,,,,,,三级
CANADIAN FAMILY PHYSICIAN,2025,0008-350X/1715-5258,否,否,否,SCIE,2.4,,医学,4 [3868/5603],否," MEDICINE, GENERAL & INTERNAL 医学：内科",4 [131/327], PRIMARY HEALTH CARE 初级卫生保健,4 [24/28],,,,,,,,,三级
Regenerative Medicine,2025,1746-0751/1746-076X,否,否,否,SCIE,2.6,,医学,4 [3869/5603],否, CELL & TISSUE ENGINEERING 细胞与组织工程,4 [27/31]," ENGINEERING, BIOMEDICAL 工程：生物医学",4 [95/120],,,,,,,,,三级
Global Health Promotion,2025,1757-9759/1757-9767,否,否,否,SSCI,1.3,,医学,4 [3870/5603],否," PUBLIC, ENVIRONMENTAL & OCCUPATIONAL HEALTH 公共卫生、环境卫生与职业卫生",4 [306/404],,,,,,,,,,,三级
Saudi Journal of Anaesthesia,2025,1658-354X/0975-3125,否,否,是,ESCI,1.4,,医学,4 [3871/5603],否, ANESTHESIOLOGY 麻醉学,4 [39/64],,,,,,,,,,,三级
CARDIOLOGY IN THE YOUNG,2025,1047-9511/1467-1107,否,否,否,SCIE,0.7,,医学,4 [3872/5603],否, CARDIAC & CARDIOVASCULAR SYSTEMS 心脏和心血管系统,4 [164/223], PEDIATRICS 儿科,4 [119/185],,,,,,,,,三级
Anaesthesiologie,2025,2731-6858/2731-6866,否,否,否,SCIE,1,,医学,4 [3873/5603],否, ANESTHESIOLOGY 麻醉学,4 [40/64],,,,,,,,,,,三级
Vascular and Endovascular Surgery,2025,1538-5744/1938-9116,否,否,否,SCIE,0.7,,医学,4 [3874/5603],否, PERIPHERAL VASCULAR DISEASE 外周血管病,4 [77/96], SURGERY 外科,4 [209/292],,,,,,,,,三级
Hemodialysis International,2025,1492-7535/1542-4758,否,否,否,SCIE,1.2,,医学,4 [3875/5603],否, UROLOGY & NEPHROLOGY 泌尿学与肾脏学,4 [89/126],,,,,,,,,,,三级
PHAGE-Therapy Applications and Research,2025,2641-6530/2641-6549,否,否,否,ESCI,1.8,,医学,4 [3876/5603],否, MICROBIOLOGY 微生物学,4 [131/159], VIROLOGY 病毒学,4 [33/41],,,,,,,,,三级
PEDIATRIC NEUROSURGERY,2025,1016-2291/1423-0305,否,否,否,SCIE,1.3,,医学,4 [3877/5603],否, CLINICAL NEUROLOGY 临床神经病学,4 [218/278], PEDIATRICS 儿科,4 [120/185], SURGERY 外科,4 [210/292],,,,,,,三级
Developmental Neurorehabilitation,2025,1751-8423/1751-8431,否,否,否,SCIE,1.7,,医学,4 [3878/5603],否, CLINICAL NEUROLOGY 临床神经病学,4 [219/278], PEDIATRICS 儿科,4 [121/185], REHABILITATION 康复医学,4 [129/169],,,,,,,三级
Clinical Medicine Insights-Cardiology,2025,1179-5468/1179-5468,否,否,是,ESCI,3.3,,医学,4 [3879/5603],否, CARDIAC & CARDIOVASCULAR SYSTEMS 心脏和心血管系统,4 [165/223],,,,,,,,,,,三级
Journal of School Nursing,2025,1059-8405/1546-8364,否,否,否,SSCI;SCIE,1.5,,医学,4 [3880/5603],否, NURSING 护理,4 [124/191],,,,,,,,,,,三级
Human Nutrition & Metabolism,2025,2666-1497/2666-1497,否,否,是,ESCI,1.8,,医学,4 [3881/5603],否, ENDOCRINOLOGY & METABOLISM 内分泌学与代谢,4 [146/184], NUTRITION & DIETETICS 营养学,4 [82/113],,,,,,,,,三级
ANNALS OF THE ROYAL COLLEGE OF SURGEONS OF ENGLAND,2025,0035-8843/1478-7083,否,否,否,SCIE,1.7,,医学,4 [3882/5603],否, SURGERY 外科,4 [211/292],,,,,,,,,,,三级
Journal of Contemporary Brachytherapy,2025,1689-832X/2081-2841,否,否,是,SCIE,1.2,,医学,4 [3883/5603],否, ONCOLOGY 肿瘤学,4 [252/318]," RADIOLOGY, NUCLEAR MEDICINE & MEDICAL IMAGING 核医学",4 [147/206],,,,,,,,,三级
ACTA RADIOLOGICA,2025,0284-1851/1600-0455,否,否,否,SCIE,1.1,,医学,4 [3884/5603],否," RADIOLOGY, NUCLEAR MEDICINE & MEDICAL IMAGING 核医学",4 [148/206],,,,,,,,,,,三级
Archives of Environmental & Occupational Health,2025,1933-8244/2154-4700,否,否,否,SCIE,0.9,,医学,4 [3885/5603],否, ENVIRONMENTAL SCIENCES 环境科学,4 [259/357]," PUBLIC, ENVIRONMENTAL & OCCUPATIONAL HEALTH 公共卫生、环境卫生与职业卫生",4 [307/404],,,,,,,,,三级
Cancer Genetics,2025,2210-7762/2210-7770,否,否,否,SCIE,2.1,,医学,4 [3886/5603],否, GENETICS & HEREDITY 遗传学,4 [144/190], ONCOLOGY 肿瘤学,4 [253/318],,,,,,,,,三级
PEDIATRIC DERMATOLOGY,2025,0736-8046/1525-1470,否,否,否,SCIE,1.2,,医学,4 [3887/5603],否, DERMATOLOGY 皮肤病学,4 [67/94], PEDIATRICS 儿科,4 [122/185],,,,,,,,,三级
International Journal of Immunogenetics,2025,1744-3121/1744-313X,否,否,否,SCIE,1.1,,医学,4 [3888/5603],否, GENETICS & HEREDITY 遗传学,4 [145/190], IMMUNOLOGY 免疫学,4 [146/179],,,,,,,,,三级
Korean Journal of Family Medicine,2025,2092-6715/2092-6715,否,否,是,ESCI,2.6,,医学,4 [3889/5603],否, PRIMARY HEALTH CARE 初级卫生保健,4 [25/28],,,,,,,,,,,三级
Revista da Sociedade Brasileira de Medicina Tropical,2025,0037-8682,否,否,是,SCIE,2.3,,医学,4 [3890/5603],否, PARASITOLOGY 寄生虫学,4 [37/45], TROPICAL MEDICINE 热带医学,4 [16/28],,,,,,,,,三级
APPLIED IMMUNOHISTOCHEMISTRY & MOLECULAR MORPHOLOGY,2025,1541-2016/1533-4058,否,否,否,SCIE,1.2,,医学,4 [3891/5603],否, ANATOMY & MORPHOLOGY 解剖学与形态学,4 [18/22], MEDICAL LABORATORY TECHNOLOGY 医学实验技术,4 [23/31], PATHOLOGY 病理学,4 [63/88],,,,,,,三级
Canadian Geriatrics Journal,2025,1925-8348/1925-8348,否,否,否,ESCI,1.2,,医学,4 [3892/5603],否, GERIATRICS & GERONTOLOGY 老年医学,4 [60/72],,,,,,,,,,,三级
Journal of Pharmaceutical Health Care and Sciences,2025,2055-0294/2055-0294,否,否,是,ESCI,1.2,,医学,4 [3893/5603],否, PHARMACOLOGY & PHARMACY 药学,4 [247/350],,,,,,,,,,,三级
ACTA GASTRO-ENTEROLOGICA BELGICA,2025,1784-3227/1784-3227,否,否,否,SCIE,1.2,,医学,4 [3894/5603],否, GASTROENTEROLOGY & HEPATOLOGY 胃肠肝病学,4 [109/143],,,,,,,,,,,三级
Orthopedic Reviews,2025,2035-8237/2035-8164,否,否,是,ESCI,2.1,,医学,4 [3895/5603],否, ORTHOPEDICS 骨科,4 [104/136],,,,,,,,,,,三级
Advances in Respiratory Medicine,2025,2451-4934/2543-6031,否,否,是,ESCI,2.3,,医学,4 [3896/5603],否, RESPIRATORY SYSTEM 呼吸系统,4 [76/101],,,,,,,,,,,三级
JOURNAL OF COMPUTATIONAL NEUROSCIENCE,2025,0929-5313/1573-6873,否,否,否,SCIE,2,,医学,4 [3897/5603],否, MATHEMATICAL & COMPUTATIONAL BIOLOGY 数学与计算生物学,4 [49/66], NEUROSCIENCES 神经科学,4 [258/309],,,,,,,,,三级
Islets,2025,1938-2014/1938-2022,否,否,否,SCIE,1.7,,医学,4 [3898/5603],否, ENDOCRINOLOGY & METABOLISM 内分泌学与代谢,4 [147/184],,,,,,,,,,,三级
Journal of International Society of Preventive and Community Dentistry,2025,2231-0762/2250-1002,否,否,否,ESCI,2.1,,医学,4 [3899/5603],否," DENTISTRY, ORAL SURGERY & MEDICINE 牙科与口腔外科",4 [107/157],,,,,,,,,,,三级
Special Care in Dentistry,2025,0275-1879/1754-4505,否,否,否,ESCI,1,,医学,4 [3900/5603],否," DENTISTRY, ORAL SURGERY & MEDICINE 牙科与口腔外科",4 [108/157],,,,,,,,,,,三级
JOURNAL OF BIOMATERIALS APPLICATIONS,2025,0885-3282/1530-8022,否,否,否,SCIE,2.5,,医学,4 [3901/5603],否," ENGINEERING, BIOMEDICAL 工程：生物医学",4 [96/120]," MATERIALS SCIENCE, BIOMATERIALS 材料科学：生物材料",4 [41/52],,,,,,,,,三级
BioImpacts,2025,2228-5652/2228-5660,否,否,是,SCIE,2.2,,医学,4 [3902/5603],否, PHARMACOLOGY & PHARMACY 药学,4 [248/350],,,,,,,,,,,三级
SINGAPORE MEDICAL JOURNAL,2025,0037-5675/2737-5935,否,否,否,SCIE,1.9,,医学,4 [3903/5603],否," MEDICINE, GENERAL & INTERNAL 医学：内科",4 [132/327],,,,,,,,,,,三级
HEMOGLOBIN,2025,0363-0269/1532-432X,否,否,否,SCIE,1,,医学,4 [3904/5603],否, BIOCHEMISTRY & MOLECULAR BIOLOGY 生化与分子生物学,4 [254/310], HEMATOLOGY 血液学,4 [72/96],,,,,,,,,三级
Future Medicinal Chemistry,2025,1756-8919/1756-8927,否,否,否,SCIE,3.4,,医学,4 [3905/5603],否," CHEMISTRY, MEDICINAL 药物化学",4 [55/72],,,,,,,,,,,三级
World Journal of Pediatric Surgery,2025,2096-6938/2516-5410,否,否,是,ESCI,1.3,,医学,4 [3906/5603],否, PEDIATRICS 儿科,4 [123/185], SURGERY 外科,4 [212/292],,,,,,,,,三级
Intervention-International Journal of Mental Health Psychosocial Work and Counselling in Areas of Armed Conflict,2025,1571-8883/1872-1001,否,否,是,ESCI,1.1,,医学,4 [3907/5603],否, PSYCHIATRY 精神病学,4 [209/277],,,,,,,,,,,三级
Journal of Diabetes and Metabolic Disorders,2025,2251-6581/2251-6581,否,否,否,ESCI,1.6,,医学,4 [3908/5603],否, ENDOCRINOLOGY & METABOLISM 内分泌学与代谢,4 [148/184],,,,,,,,,,,三级
Journal of Vascular Surgery Cases Innovations and Techniques,2025,2468-4287/2468-4287,否,否,是,ESCI,0.7,,医学,4 [3909/5603],否, SURGERY 外科,4 [213/292],,,,,,,,,,,三级
Journal of Public Health-Heidelberg,2025,2198-1833/1613-2238,否,否,否,ESCI,1.6,,医学,4 [3910/5603],否," PUBLIC, ENVIRONMENTAL & OCCUPATIONAL HEALTH 公共卫生、环境卫生与职业卫生",4 [308/404],,,,,,,,,,,三级
JOURNAL OF AAPOS,2025,1091-8531/1528-3933,否,否,否,SCIE,1.3,,医学,4 [3911/5603],否, OPHTHALMOLOGY 眼科学,4 [66/95], PEDIATRICS 儿科,4 [124/185],,,,,,,,,三级
KOREAN JOURNAL OF PHYSIOLOGY & PHARMACOLOGY,2025,1226-4512/2093-3827,否,否,否,SCIE,2.2,,医学,4 [3912/5603],否, PHARMACOLOGY & PHARMACY 药学,4 [249/350], PHYSIOLOGY 生理学,4 [72/84],,,,,,,,,三级
Expert Review of Pharmacoeconomics & Outcomes Research,2025,1473-7167/1744-8379,否,否,否,SSCI;SCIE,1.5,,医学,4 [3913/5603],否, HEALTH CARE SCIENCES & SERVICES 卫生保健与服务,4 [137/173], HEALTH POLICY & SERVICES 卫生政策与服务,4 [99/118], PHARMACOLOGY & PHARMACY 药学,4 [250/350],,,,,,,三级
Journal of Biomedical Research,2025,1674-8301/1876-4819,否,否,否,ESCI,2.4,,医学,4 [3914/5603],否," MEDICINE, RESEARCH & EXPERIMENTAL 医学：研究与实验",4 [140/188],,,,,,,,,,,三级
Archives of Budo Science of Martial Arts and Extreme Sports,2025,2300-8822/2300-8822,否,否,否,ESCI,0.9,,医学,4 [3915/5603],否, SPORT SCIENCES 运动科学,4 [94/126],,,,,,,,,,,三级
Journal of Oral Implantology,2025,0160-6972/1548-1336,否,否,否,SCIE,1.3,,医学,4 [3916/5603],否," DENTISTRY, ORAL SURGERY & MEDICINE 牙科与口腔外科",4 [109/157],,,,,,,,,,,三级
International Journal of Occupational Medicine and Environmental Health,2025,1232-1087/1896-494X,否,否,是,SCIE,1.4,,医学,4 [3917/5603],否," PUBLIC, ENVIRONMENTAL & OCCUPATIONAL HEALTH 公共卫生、环境卫生与职业卫生",4 [309/404],,,,,,,,,,,三级
AIDS REVIEWS,2025,1139-6121/1698-6997,是,否,否,SCIE,2.5,,医学,4 [3918/5603],否, IMMUNOLOGY 免疫学,4 [147/179], INFECTIOUS DISEASES 传染病学,4 [105/134],,,,,,,,,三级
Journal of Workplace Behavioral Health,2025,1555-5240/1555-5259,否,否,否,ESCI,0.8,,医学,4 [3919/5603],否," PUBLIC, ENVIRONMENTAL & OCCUPATIONAL HEALTH 公共卫生、环境卫生与职业卫生",4 [310/404],,,,,,,,,,,三级
Drug Research,2025,2194-9379/2194-9387,否,否,否,ESCI,2.1,,医学,4 [3920/5603],否, PHARMACOLOGY & PHARMACY 药学,4 [251/350],,,,,,,,,,,三级
Annals of Occupational and Environmental Medicine,2025,2052-4374/2052-4374,否,否,是,ESCI,1.8,,医学,4 [3921/5603],否," PUBLIC, ENVIRONMENTAL & OCCUPATIONAL HEALTH 公共卫生、环境卫生与职业卫生",4 [311/404],,,,,,,,,,,三级
Arquivos Brasileiros de Cardiologia,2025,0066-782X/1678-4170,否,否,是,SCIE,1.9,,医学,4 [3922/5603],否, CARDIAC & CARDIOVASCULAR SYSTEMS 心脏和心血管系统,4 [166/223],,,,,,,,,,,三级
AMERICAN JOURNAL OF FORENSIC MEDICINE AND PATHOLOGY,2025,0195-7910/1533-404X,否,否,否,SCIE,0.8,,医学,4 [3923/5603],否," MEDICINE, LEGAL 医学：法",4 [18/23], PATHOLOGY 病理学,4 [64/88],,,,,,,,,三级
Nursing-Research and Reviews,2025,2230-522X/2230-522X,否,否,是,ESCI,1.2,,医学,4 [3924/5603],否, NURSING 护理,4 [125/191],,,,,,,,,,,三级
EUROPEAN CYTOKINE NETWORK,2025,1952-4005/1952-4005,否,否,否,SCIE,1.2,,医学,4 [3925/5603],否, BIOCHEMISTRY & MOLECULAR BIOLOGY 生化与分子生物学,4 [255/310], CELL BIOLOGY 细胞生物学,4 [182/203], IMMUNOLOGY 免疫学,4 [148/179],,,,,,,三级
International Journal of Nursing Knowledge,2025,2047-3087/2047-3095,否,否,否,SSCI;SCIE,1.4,,医学,4 [3926/5603],否, NURSING 护理,4 [126/191],,,,,,,,,,,三级
Cancer Radiotherapie,2025,1278-3218/1769-6658,否,否,否,SCIE,1.4,,医学,4 [3927/5603],否, ONCOLOGY 肿瘤学,4 [254/318]," RADIOLOGY, NUCLEAR MEDICINE & MEDICAL IMAGING 核医学",4 [149/206],,,,,,,,,三级
JOURNAL OF PEDIATRIC ENDOCRINOLOGY & METABOLISM,2025,0334-018X/2191-0251,否,否,否,SCIE,1,,医学,4 [3928/5603],否, ENDOCRINOLOGY & METABOLISM 内分泌学与代谢,4 [149/184], PEDIATRICS 儿科,4 [125/185],,,,,,,,,三级
Open Medicine,2025,2391-5463/2391-5463,否,否,是,SCIE,1.6,,医学,4 [3929/5603],否," MEDICINE, GENERAL & INTERNAL 医学：内科",4 [133/327],,,,,,,,,,,三级
Indian Journal of Orthopaedics,2025,0019-5413/1998-3727,否,否,否,SCIE,1.1,,医学,4 [3930/5603],否, ORTHOPEDICS 骨科,4 [105/136],,,,,,,,,,,三级
Journal of Venomous Animals and Toxins including Tropical Diseases,2025,1678-9199/1678-9199,否,否,是,SCIE,1.8,,医学,4 [3931/5603],否, TOXICOLOGY 毒理学,4 [86/106], TROPICAL MEDICINE 热带医学,4 [17/28],,,,,,,,,三级
International Maritime Health,2025,1641-9251/2081-3252,否,否,是,ESCI,1,,医学,4 [3932/5603],否," PUBLIC, ENVIRONMENTAL & OCCUPATIONAL HEALTH 公共卫生、环境卫生与职业卫生",4 [312/404],,,,,,,,,,,三级
Breast Care,2025,1661-3791/1661-3805,否,否,否,SCIE,2.1,,医学,4 [3933/5603],否, OBSTETRICS & GYNECOLOGY 妇产科学,4 [97/135], ONCOLOGY 肿瘤学,4 [255/318],,,,,,,,,三级
International Journal of Mental Health Promotion,2025,1462-3730/2049-8543,否,否,否,SSCI,1.4,,医学,4 [3934/5603],否, PSYCHIATRY 精神病学,4 [210/277]," PUBLIC, ENVIRONMENTAL & OCCUPATIONAL HEALTH 公共卫生、环境卫生与职业卫生",4 [313/404],,,,,,,,,三级
World Medical & Health Policy,2025,1948-4682/1948-4682,否,否,否,ESCI,1.3,,医学,4 [3935/5603],否," PUBLIC, ENVIRONMENTAL & OCCUPATIONAL HEALTH 公共卫生、环境卫生与职业卫生",4 [314/404],,,,,,,,,,,三级
CLINICAL AND EXPERIMENTAL HYPERTENSION,2025,1064-1963/1525-6006,否,否,否,SCIE,3.5,,医学,4 [3936/5603],否, PERIPHERAL VASCULAR DISEASE 外周血管病,4 [78/96], PHARMACOLOGY & PHARMACY 药学,4 [252/350],,,,,,,,,三级
WOMEN & HEALTH,2025,0363-0242/1541-0331,否,否,否,SSCI,1.4,,医学,4 [3937/5603],否," PUBLIC, ENVIRONMENTAL & OCCUPATIONAL HEALTH 公共卫生、环境卫生与职业卫生",4 [315/404], WOMENS STUDIES 女性研究,4 [54/66],,,,,,,,,三级
Current Emergency and Hospital Medicine Reports,2025,2167-4884/2167-4884,是,否,否,ESCI,1.3,,医学,4 [3938/5603],否, EMERGENCY MEDICINE 急救医学,4 [37/54],,,,,,,,,,,三级
AMERICAN JOURNAL OF MEDICAL QUALITY,2025,1062-8606/1555-824X,否,否,否,SCIE,1.3,,医学,4 [3939/5603],否, HEALTH CARE SCIENCES & SERVICES 卫生保健与服务,4 [138/173],,,,,,,,,,,三级
Current Treatment Options in Infectious Diseases,2025,1534-6250/1534-6250,是,否,否,ESCI,3.8,,医学,4 [3940/5603],否, INFECTIOUS DISEASES 传染病学,4 [106/134],,,,,,,,,,,三级
African Journal of Laboratory Medicine,2025,2225-2002/2225-2010,否,否,是,ESCI,1.2,,医学,4 [3941/5603],否," MEDICINE, RESEARCH & EXPERIMENTAL 医学：研究与实验",4 [141/188],,,,,,,,,,,三级
Frontiers in Neuroergonomics,2025,2673-6195/2673-6195,否,否,否,ESCI,1.9,,医学,4 [3942/5603],否, ERGONOMICS 人体工程学,4 [20/24], NEUROSCIENCES 神经科学,4 [259/309],,,,,,,,,三级
ACTA PHARMACEUTICA,2025,1330-0075/1846-9558,否,否,是,SCIE,1.4,,医学,4 [3943/5603],否, PHARMACOLOGY & PHARMACY 药学,4 [253/350],,,,,,,,,,,三级
Investigacion y Educacion en Enfermeria,2025,0120-5307/2216-0280,否,否,是,ESCI,1.3,,医学,4 [3944/5603],否, NURSING 护理,4 [127/191],,,,,,,,,,,三级
Turkish Archives of Otorhinolaryngology,2025,2667-7466/2667-7474,否,否,是,ESCI,0.6,,医学,4 [3945/5603],否, OTORHINOLARYNGOLOGY 耳鼻喉科学,4 [50/66],,,,,,,,,,,三级
BRITISH JOURNAL OF RADIOLOGY,2025,0007-1285/1748-880X,否,否,否,SCIE,3.4,,医学,4 [3946/5603],否," RADIOLOGY, NUCLEAR MEDICINE & MEDICAL IMAGING 核医学",4 [150/206],,,,,,,,,,,三级
Advances in Mental Health,2025,1838-7357/1837-4905,否,否,否,ESCI,1.7,,医学,4 [3947/5603],否, PSYCHIATRY 精神病学,4 [211/277],,,,,,,,,,,三级
ANTI-CANCER DRUGS,2025,0959-4973/1473-5741,否,否,否,SCIE,2.2,,医学,4 [3948/5603],否, ONCOLOGY 肿瘤学,4 [256/318], PHARMACOLOGY & PHARMACY 药学,4 [254/350],,,,,,,,,三级
Journal of EMDR Practice and Research,2025,1933-3196/1933-320X,否,否,否,ESCI,0.7,,医学,4 [3949/5603],否, PSYCHOLOGY 心理学,4 [74/92]," PSYCHOLOGY, CLINICAL 心理学：临床",4 [140/179],,,,,,,,,三级
Ochsner Journal,2025,1524-5012/2831-4107,否,否,是,ESCI,1.2,,医学,4 [3950/5603],否," MEDICINE, GENERAL & INTERNAL 医学：内科",4 [134/327],,,,,,,,,,,三级
Minerva Endocrinology,2025,2724-6507/2724-6116,否,否,否,SCIE,1.9,,医学,4 [3951/5603],否, ENDOCRINOLOGY & METABOLISM 内分泌学与代谢,4 [150/184],,,,,,,,,,,三级
Current Sexual Health Reports,2025,1548-3584/1548-3592,是,否,否,ESCI,2.3,,医学,4 [3952/5603],否, UROLOGY & NEPHROLOGY 泌尿学与肾脏学,4 [90/126],,,,,,,,,,,三级
NUCLEAR MEDICINE COMMUNICATIONS,2025,0143-3636/1473-5628,否,否,否,SCIE,1.3,,医学,4 [3953/5603],否," RADIOLOGY, NUCLEAR MEDICINE & MEDICAL IMAGING 核医学",4 [151/206],,,,,,,,,,,三级
Journal of Infection in Developing Countries,2025,1972-2680/1972-2680,否,否,是,SCIE,1.2,,医学,4 [3954/5603],否, INFECTIOUS DISEASES 传染病学,4 [107/134],,,,,,,,,,,三级
Biomarkers in Medicine,2025,1752-0363/1752-0371,否,否,否,SCIE,2.1,,医学,4 [3955/5603],否," MEDICINE, RESEARCH & EXPERIMENTAL 医学：研究与实验",4 [142/188],,,,,,,,,,,三级
Cancer Reports,2025,2573-8348/2573-8348,否,否,是,ESCI,1.9,,医学,4 [3956/5603],否, ONCOLOGY 肿瘤学,4 [257/318],,,,,,,,,,,三级
Health Care for Women International,2025,0739-9332/1096-4665,否,否,否,SSCI,0.9,,医学,4 [3957/5603],否," PUBLIC, ENVIRONMENTAL & OCCUPATIONAL HEALTH 公共卫生、环境卫生与职业卫生",4 [316/404], WOMENS STUDIES 女性研究,4 [55/66],,,,,,,,,三级
Asian Journal of Endoscopic Surgery,2025,1758-5902/1758-5910,否,否,否,ESCI,0.9,,医学,4 [3958/5603],否, ORTHOPEDICS 骨科,4 [106/136],,,,,,,,,,,三级
Annals of Transplantation,2025,1425-9524,否,否,否,SCIE,1.4,,医学,4 [3959/5603],否, SURGERY 外科,4 [214/292], TRANSPLANTATION 移植,4 [23/31],,,,,,,,,三级
Journal of Geriatric Cardiology,2025,1671-5411/1671-5411,否,否,否,SCIE,2.6,,医学,4 [3960/5603],否, CARDIAC & CARDIOVASCULAR SYSTEMS 心脏和心血管系统,4 [167/223], GERIATRICS & GERONTOLOGY 老年医学,4 [61/72],,,,,,,,,三级
Minerva Dental and Oral Science,2025,2724-6329/2724-6337,否,否,否,ESCI,1.6,,医学,4 [3961/5603],否," DENTISTRY, ORAL SURGERY & MEDICINE 牙科与口腔外科",4 [110/157],,,,,,,,,,,三级
eCancerMedicalScience,2025,1754-6605/1754-6605,否,否,是,ESCI,1.3,,医学,4 [3962/5603],否, ONCOLOGY 肿瘤学,4 [258/318],,,,,,,,,,,三级
MICROCIRCULATION,2025,1073-9688/1549-8719,否,否,否,SCIE,2,,医学,4 [3963/5603],否, HEMATOLOGY 血液学,4 [73/96], PERIPHERAL VASCULAR DISEASE 外周血管病,4 [79/96],,,,,,,,,三级
Health Systems,2025,2047-6965/2047-6973,否,否,否,ESCI,1.2,,医学,4 [3964/5603],否, HEALTH POLICY & SERVICES 卫生政策与服务,4 [100/118],,,,,,,,,,,三级
Journal of Hand Surgery-Asian-Pacific Volume,2025,2424-8355/2424-8363,否,否,否,ESCI,0.5,,医学,4 [3965/5603],否, SURGERY 外科,4 [215/292],,,,,,,,,,,三级
Revista Paulista de Pediatria,2025,0103-0582/1984-0462,否,否,是,ESCI,2,,医学,4 [3966/5603],否, PEDIATRICS 儿科,4 [126/185],,,,,,,,,,,三级
NEW GENETICS AND SOCIETY,2025,1463-6778/1469-9915,否,否,是,SSCI;SCIE,1.5,,医学,4 [3967/5603],否, BIOTECHNOLOGY & APPLIED MICROBIOLOGY 生物工程与应用微生物,4 [131/174], GENETICS & HEREDITY 遗传学,4 [148/190], HISTORY & PHILOSOPHY OF SCIENCE 科学史与科学哲学,4 [76/105], SOCIAL ISSUES 社会问题,4 [49/66]," SOCIAL SCIENCES, BIOMEDICAL 社会科学：生物医学",4 [42/46],,,三级
International Journal of Lower Extremity Wounds,2025,1534-7346/1552-6941,否,否,否,SCIE,1.5,,医学,4 [3968/5603],否, DERMATOLOGY 皮肤病学,4 [68/94], SURGERY 外科,4 [216/292],,,,,,,,,三级
BIOLOGICAL & PHARMACEUTICAL BULLETIN,2025,0918-6158/1347-5215,否,否,否,SCIE,1.7,,医学,4 [3969/5603],否, PHARMACOLOGY & PHARMACY 药学,4 [255/350],,,,,,,,,,,三级
Indian Journal of Urology,2025,0970-1591/1998-3824,否,否,是,ESCI,0.9,,医学,4 [3970/5603],否, UROLOGY & NEPHROLOGY 泌尿学与肾脏学,4 [91/126],,,,,,,,,,,三级
Annali di Igiene Medicina Preventiva e di Comunita,2025,1120-9135/1120-9135,否,否,否,ESCI,1.3,,医学,4 [3971/5603],否, HEALTH CARE SCIENCES & SERVICES 卫生保健与服务,4 [139/173],,,,,,,,,,,三级
Clinical Optometry,2025,1179-2752/1179-2752,否,否,是,ESCI,1.8,,医学,4 [3972/5603],否, OPHTHALMOLOGY 眼科学,4 [67/95],,,,,,,,,,,三级
Experimental Neurobiology,2025,1226-2560/2093-8144,否,否,否,SCIE,2.1,,医学,4 [3973/5603],否," MEDICINE, RESEARCH & EXPERIMENTAL 医学：研究与实验",4 [143/188], NEUROSCIENCES 神经科学,4 [260/309],,,,,,,,,三级
HERZ,2025,0340-9937/1615-6692,否,否,否,SCIE,0.9,,医学,4 [3974/5603],否, CARDIAC & CARDIOVASCULAR SYSTEMS 心脏和心血管系统,4 [168/223],,,,,,,,,,,三级
Orbit-The International Journal on Orbital Disorders-Oculoplastic and Lacrimal Surgery,2025,0167-6830/1744-5108,否,否,否,ESCI,0.8,,医学,4 [3975/5603],否, OPHTHALMOLOGY 眼科学,4 [68/95],,,,,,,,,,,三级
MEDICAL HYPOTHESES,2025,0306-9877/1532-2777,否,否,否,SCIE,0.8,,医学,4 [3976/5603],否," MEDICINE, RESEARCH & EXPERIMENTAL 医学：研究与实验",4 [144/188],,,,,,,,,,,三级
Journal of Electrocardiology,2025,0022-0736/1532-8430,否,否,否,SCIE,1.2,,医学,4 [3977/5603],否, CARDIAC & CARDIOVASCULAR SYSTEMS 心脏和心血管系统,4 [169/223],,,,,,,,,,,三级
Belitung Nursing Journal,2025,2528-181X/2477-4073,否,否,是,ESCI,1.4,,医学,4 [3978/5603],否, NURSING 护理,4 [128/191],,,,,,,,,,,三级
PSYCHIATRIC GENETICS,2025,0955-8829/1473-5873,否,否,否,SCIE,1.4,,医学,4 [3979/5603],否, GENETICS & HEREDITY 遗传学,4 [150/190], NEUROSCIENCES 神经科学,4 [261/309],,,,,,,,,三级
Saudi Journal of Medicine & Medical Sciences,2025,1658-631X/2321-4856,否,否,是,ESCI,1.5,,医学,4 [3980/5603],否," MEDICINE, GENERAL & INTERNAL 医学：内科",4 [135/327],,,,,,,,,,,三级
TRANSFUSION AND APHERESIS SCIENCE,2025,1473-0502/1878-1683,否,否,否,SCIE,1.2,,医学,4 [3981/5603],否, HEMATOLOGY 血液学,4 [74/96],,,,,,,,,,,三级
Advanced NanoBiomed Research,2025,2699-9307/2699-9307,否,否,是,ESCI,4.4,,医学,4 [3982/5603],否," ENGINEERING, BIOMEDICAL 工程：生物医学",4 [97/120]," MATERIALS SCIENCE, BIOMATERIALS 材料科学：生物材料",4 [42/52], NANOSCIENCE & NANOTECHNOLOGY 纳米科技,4 [99/139],,,,,,,三级
Pediatric Allergy Immunology and Pulmonology,2025,2151-321X/2151-3228,否,否,否,SCIE,0.8,,医学,4 [3983/5603],否, ALLERGY 过敏,4 [28/39], IMMUNOLOGY 免疫学,4 [149/179], PEDIATRICS 儿科,4 [127/185], RESPIRATORY SYSTEM 呼吸系统,4 [77/101],,,,,三级
CRITICAL REVIEWS IN THERAPEUTIC DRUG CARRIER SYSTEMS,2025,0743-4863/2162-660X,是,否,否,SCIE,2.5,,医学,4 [3984/5603],否, PHARMACOLOGY & PHARMACY 药学,4 [256/350],,,,,,,,,,,三级
JBI Evidence Implementation,2025,2691-3321/2691-3321,否,否,否,SCIE,1.1,,医学,4 [3985/5603],否, HEALTH CARE SCIENCES & SERVICES 卫生保健与服务,4 [140/173]," MEDICINE, GENERAL & INTERNAL 医学：内科",4 [136/327],,,,,,,,,三级
CANADIAN JOURNAL OF PHYSIOLOGY AND PHARMACOLOGY,2025,0008-4212/1205-7541,否,否,否,SCIE,1.3,,医学,4 [3986/5603],否, PHARMACOLOGY & PHARMACY 药学,4 [257/350], PHYSIOLOGY 生理学,4 [73/84],,,,,,,,,三级
PEDIATRIC HEMATOLOGY AND ONCOLOGY,2025,0888-0018/1521-0669,否,否,否,SCIE,1.2,,医学,4 [3987/5603],否, HEMATOLOGY 血液学,4 [75/96], ONCOLOGY 肿瘤学,4 [259/318], PEDIATRICS 儿科,4 [128/185],,,,,,,三级
PARASITE IMMUNOLOGY,2025,0141-9838/1365-3024,否,否,否,SCIE,2.1,,医学,4 [3988/5603],否, IMMUNOLOGY 免疫学,4 [150/179], PARASITOLOGY 寄生虫学,4 [38/45],,,,,,,,,三级
International Journal of Surgery Protocols,2025,2468-3574/2468-3574,否,否,否,ESCI,1.1,,医学,4 [3989/5603],否, SURGERY 外科,4 [217/292],,,,,,,,,,,三级
NEFROLOGIA,2025,0211-6995/1989-2284,否,否,否,SCIE,2.6,,医学,4 [3990/5603],否, UROLOGY & NEPHROLOGY 泌尿学与肾脏学,4 [92/126],,,,,,,,,,,三级
Journal of Correctional Health Care,2025,1078-3458/1940-5200,否,否,否,SSCI,0.7,,医学,4 [3991/5603],否," PUBLIC, ENVIRONMENTAL & OCCUPATIONAL HEALTH 公共卫生、环境卫生与职业卫生",4 [317/404],,,,,,,,,,,三级
Clinical Practice in Pediatric Psychology,2025,2169-4826/2169-4834,否,否,否,ESCI,0.9,,医学,4 [3992/5603],否," PSYCHOLOGY, CLINICAL 心理学：临床",4 [142/179]," PSYCHOLOGY, DEVELOPMENTAL 心理学：发育",4 [82/91],,,,,,,,,三级
Journal of Research in Health Sciences,2025,2228-7795/2228-7809,否,否,否,ESCI,1.4,,医学,4 [3993/5603],否," PUBLIC, ENVIRONMENTAL & OCCUPATIONAL HEALTH 公共卫生、环境卫生与职业卫生",4 [318/404],,,,,,,,,,,三级
Arab Journal of Gastroenterology,2025,1687-1979/2090-2387,否,否,否,SCIE,1.1,,医学,4 [3994/5603],否, GASTROENTEROLOGY & HEPATOLOGY 胃肠肝病学,4 [110/143],,,,,,,,,,,三级
Rambam Maimonides Medical Journal,2025,2076-9172/2076-9172,否,否,是,ESCI,1.3,,医学,4 [3995/5603],否," MEDICINE, GENERAL & INTERNAL 医学：内科",4 [137/327],,,,,,,,,,,三级
CURRENT NEUROVASCULAR RESEARCH,2025,1567-2026/1875-5739,否,否,否,SCIE,1.7,,医学,4 [3996/5603],否, CLINICAL NEUROLOGY 临床神经病学,4 [220/278], NEUROSCIENCES 神经科学,4 [264/309],,,,,,,,,三级
Neurodegenerative Disease Management,2025,1758-2024/1758-2032,否,否,否,ESCI,3.4,,医学,4 [3997/5603],否, CLINICAL NEUROLOGY 临床神经病学,4 [221/278],,,,,,,,,,,三级
Proceedings of the Institution of Mechanical Engineers Part P-Journal of Sports Engineering and Technology,2025,1754-3371/1754-338X,否,否,否,SCIE,1.1,,医学,4 [3998/5603],否," ENGINEERING, MECHANICAL 工程：机械",4 [103/181], SPORT SCIENCES 运动科学,4 [96/126],,,,,,,,,三级
Journal of Medical Ultrasound,2025,0929-6441/2212-1552,否,否,是,ESCI,0.8,,医学,4 [3999/5603],否," RADIOLOGY, NUCLEAR MEDICINE & MEDICAL IMAGING 核医学",4 [152/206],,,,,,,,,,,三级
Journal of Vascular Nursing,2025,1062-0303/1532-6578,否,否,否,ESCI,1.2,,医学,4 [4000/5603],否, NURSING 护理,4 [129/191],,,,,,,,,,,三级
Mental Illness,2025,2036-7457/2036-7465,否,否,是,ESCI,1.8,,医学,4 [4001/5603],否, PSYCHIATRY 精神病学,4 [213/277],,,,,,,,,,,三级
Journal of Ayurveda and Integrative Medicine,2025,0975-9476/0976-2809,否,否,是,ESCI,1.9,,医学,4 [4002/5603],否, INTEGRATIVE & COMPLEMENTARY MEDICINE 全科医学与补充医学,4 [25/43],,,,,,,,,,,三级
MELANOMA RESEARCH,2025,0960-8931/1473-5636,否,否,否,SCIE,1.9,,医学,4 [4003/5603],否, DERMATOLOGY 皮肤病学,4 [69/94]," MEDICINE, RESEARCH & EXPERIMENTAL 医学：研究与实验",4 [145/188], ONCOLOGY 肿瘤学,4 [260/318],,,,,,,三级
JOURNAL OF OCCUPATIONAL AND ENVIRONMENTAL HYGIENE,2025,1545-9624/1545-9632,否,否,否,SCIE,1.5,,医学,4 [4004/5603],否, ENVIRONMENTAL SCIENCES 环境科学,4 [269/357]," PUBLIC, ENVIRONMENTAL & OCCUPATIONAL HEALTH 公共卫生、环境卫生与职业卫生",4 [320/404],,,,,,,,,三级
Journal of Experimental Psychopathology,2025,2043-8087/2043-8087,否,否,是,SSCI,1.9,,医学,4 [4005/5603],否, PSYCHIATRY 精神病学,4 [214/277]," PSYCHOLOGY, CLINICAL 心理学：临床",4 [145/179],,,,,,,,,三级
Future Cardiology,2025,1479-6678/1744-8298,否,否,否,ESCI,1,,医学,4 [4006/5603],否, CARDIAC & CARDIOVASCULAR SYSTEMS 心脏和心血管系统,4 [170/223],,,,,,,,,,,三级
Turkish Journal of Gastroenterology,2025,2148-5607/2148-5607,否,否,是,SCIE,1.6,,医学,4 [4007/5603],否, GASTROENTEROLOGY & HEPATOLOGY 胃肠肝病学,4 [111/143],,,,,,,,,,,三级
NEUROIMMUNOMODULATION,2025,1021-7401/1423-0216,否,否,否,SCIE,2.4,,医学,4 [4008/5603],否, ENDOCRINOLOGY & METABOLISM 内分泌学与代谢,4 [152/184], IMMUNOLOGY 免疫学,4 [151/179], NEUROSCIENCES 神经科学,4 [266/309],,,,,,,三级
Iranian Journal of Parasitology,2025,1735-7020/2008-238X,否,否,是,SCIE,0.9,,医学,4 [4009/5603],否, PARASITOLOGY 寄生虫学,4 [39/45],,,,,,,,,,,三级
Twin Research and Human Genetics,2025,1832-4274/1839-2628,否,否,否,SCIE,1.2,,医学,4 [4010/5603],否, GENETICS & HEREDITY 遗传学,4 [151/190], OBSTETRICS & GYNECOLOGY 妇产科学,4 [98/135],,,,,,,,,三级
European Journal of Rheumatology,2025,2147-9720/2148-4279,否,否,是,ESCI,1.8,,医学,4 [4011/5603],否, RHEUMATOLOGY 风湿病学,4 [38/55],,,,,,,,,,,三级
Turkish Journal of Hematology,2025,1300-7777/1308-5263,否,否,是,SCIE,1.3,,医学,4 [4012/5603],否, HEMATOLOGY 血液学,4 [76/96],,,,,,,,,,,三级
JOURNAL OF NEUROGENETICS,2025,0167-7063/1563-5260,否,否,否,SCIE,2,,医学,4 [4013/5603],否, GENETICS & HEREDITY 遗传学,4 [152/190], NEUROSCIENCES 神经科学,4 [267/309],,,,,,,,,三级
JOURNAL OF TOXICOLOGICAL SCIENCES,2025,0388-1350/1880-3989,否,否,否,SCIE,1.5,,医学,4 [4014/5603],否, TOXICOLOGY 毒理学,4 [87/106],,,,,,,,,,,三级
Middle East Current Psychiatry-MECPsych,2025,2090-5416/2090-5416,否,否,是,ESCI,1.6,,医学,4 [4015/5603],否, PSYCHIATRY 精神病学,4 [215/277],,,,,,,,,,,三级
MOTOR CONTROL,2025,1087-1640/1543-2696,否,否,否,SCIE,1.4,,医学,4 [4016/5603],否, NEUROSCIENCES 神经科学,4 [268/309], SPORT SCIENCES 运动科学,4 [97/126],,,,,,,,,三级
Speech Language and Hearing,2025,2050-571X/2050-5728,否,否,否,ESCI,0.9,,医学,4 [4017/5603],否, AUDIOLOGY & SPEECH-LANGUAGE PATHOLOGY 听力学与言语病理学,4 [29/35],,,,,,,,,,,三级
HEALTH PHYSICS,2025,0017-9078/1538-5159,否,否,否,SCIE,1.4,,医学,4 [4018/5603],否, ENVIRONMENTAL SCIENCES 环境科学,4 [270/357], NUCLEAR SCIENCE & TECHNOLOGY 核科学技术,4 [29/41]," PUBLIC, ENVIRONMENTAL & OCCUPATIONAL HEALTH 公共卫生、环境卫生与职业卫生",4 [321/404]," RADIOLOGY, NUCLEAR MEDICINE & MEDICAL IMAGING 核医学",4 [154/206],,,,,三级
Hematology Reports,2025,2038-8322/2038-8330,否,否,是,ESCI,1.2,,医学,4 [4019/5603],否, HEMATOLOGY 血液学,4 [77/96],,,,,,,,,,,三级
Clinical Advances in Periodontics,2025,2573-8046/2163-0097,否,否,否,ESCI,0.9,,医学,4 [4020/5603],否," DENTISTRY, ORAL SURGERY & MEDICINE 牙科与口腔外科",4 [111/157],,,,,,,,,,,三级
Revista Espanola de Quimioterapia,2025,0214-3429/1988-9518,否,否,是,SCIE,2.2,,医学,4 [4021/5603],否, MICROBIOLOGY 微生物学,4 [135/159], PHARMACOLOGY & PHARMACY 药学,4 [258/350],,,,,,,,,三级
Indian Journal of Medical Microbiology,2025,0255-0857/1998-3646,否,否,是,SCIE,1.3,,医学,4 [4022/5603],否, IMMUNOLOGY 免疫学,4 [152/179],,,,,,,,,,,三级
Lung India,2025,0970-2113/0974-598X,否,否,是,ESCI,1.2,,医学,4 [4023/5603],否, RESPIRATORY SYSTEM 呼吸系统,4 [78/101],,,,,,,,,,,三级
AACN Advanced Critical Care,2025,1559-7768/1559-7776,否,否,否,ESCI,1.5,,医学,4 [4024/5603],否, NURSING 护理,4 [130/191],,,,,,,,,,,三级
Annals of Indian Academy of Neurology,2025,0972-2327/1998-3549,否,否,是,SCIE,1.8,,医学,4 [4025/5603],否, CLINICAL NEUROLOGY 临床神经病学,4 [223/278],,,,,,,,,,,三级
PERFUSION-UK,2025,0267-6591/1477-111X,否,否,否,SCIE,1.1,,医学,4 [4026/5603],否, CARDIAC & CARDIOVASCULAR SYSTEMS 心脏和心血管系统,4 [171/223], PERIPHERAL VASCULAR DISEASE 外周血管病,4 [80/96],,,,,,,,,三级
American Journal of Case Reports,2025,1941-5923/1941-5923,否,否,否,ESCI,0.7,,医学,4 [4027/5603],否," MEDICINE, GENERAL & INTERNAL 医学：内科",4 [138/327],,,,,,,,,,,三级
Thalassemia Reports,2025,2039-4357/2039-4365,否,否,是,ESCI,1.2,,医学,4 [4028/5603],否, HEMATOLOGY 血液学,4 [78/96],,,,,,,,,,,三级
Public Health Action,2025,2220-8372/2220-8372,否,否,是,ESCI,1.6,,医学,4 [4029/5603],否, RESPIRATORY SYSTEM 呼吸系统,4 [79/101],,,,,,,,,,,三级
Journal of Clinical Medicine Research-Canada,2025,1918-3003/1918-3011,否,否,否,ESCI,2,,医学,4 [4030/5603],否," MEDICINE, GENERAL & INTERNAL 医学：内科",4 [139/327],,,,,,,,,,,三级
Clinical Nurse Specialist,2025,0887-6274/1538-9782,否,否,否,SSCI;SCIE,0.9,,医学,4 [4031/5603],否, NURSING 护理,4 [131/191],,,,,,,,,,,三级
ANNALS OF NONINVASIVE ELECTROCARDIOLOGY,2025,1082-720X/1542-474X,否,否,是,SCIE,1,,医学,4 [4032/5603],否, CARDIAC & CARDIOVASCULAR SYSTEMS 心脏和心血管系统,4 [172/223],,,,,,,,,,,三级
Aging Brain,2025,2589-9589/2589-9589,否,否,是,ESCI,2.7,,医学,4 [4033/5603],否, CLINICAL NEUROLOGY 临床神经病学,4 [224/278], GERIATRICS & GERONTOLOGY 老年医学,4 [62/72], NEUROSCIENCES 神经科学,4 [269/309],,,,,,,三级
Health Education,2025,0965-4283/1758-714X,否,否,否,ESCI,1.9,,医学,4 [4034/5603],否," PUBLIC, ENVIRONMENTAL & OCCUPATIONAL HEALTH 公共卫生、环境卫生与职业卫生",4 [322/404],,,,,,,,,,,三级
Clinical Medicine Insights-Arthritis and Musculoskeletal Disorders,2025,1179-5441/1179-5441,否,否,是,ESCI,1.9,,医学,4 [4035/5603],否, ORTHOPEDICS 骨科,4 [107/136],,,,,,,,,,,三级
JOURNAL OF PEDIATRIC OPHTHALMOLOGY & STRABISMUS,2025,0191-3913/1938-2405,否,否,否,SCIE,0.9,,医学,4 [4036/5603],否, OPHTHALMOLOGY 眼科学,4 [69/95], PEDIATRICS 儿科,4 [129/185],,,,,,,,,三级
INTERNATIONAL ANESTHESIOLOGY CLINICS,2025,0020-5907/1537-1913,否,否,否,ESCI,0.7,,医学,4 [4037/5603],否, ANESTHESIOLOGY 麻醉学,4 [41/64],,,,,,,,,,,三级
Therapeutic Advances in Reproductive Health,2025,2633-4941/2633-4941,否,否,是,ESCI,1.8,,医学,4 [4038/5603],否, OBSTETRICS & GYNECOLOGY 妇产科学,4 [99/135],,,,,,,,,,,三级
Sport Sciences for Health,2025,1824-7490/1825-1234,否,否,否,ESCI,1.3,,医学,4 [4039/5603],否, SPORT SCIENCES 运动科学,4 [98/126],,,,,,,,,,,三级
JMA Journal,2025,2433-328X/2433-3298,否,否,否,ESCI,1.8,,医学,4 [4040/5603],否," MEDICINE, GENERAL & INTERNAL 医学：内科",4 [140/327],,,,,,,,,,,三级
NEUROPEDIATRICS,2025,0174-304X/1439-1899,否,否,否,SCIE,1.2,,医学,4 [4041/5603],否, CLINICAL NEUROLOGY 临床神经病学,4 [225/278], PEDIATRICS 儿科,4 [130/185],,,,,,,,,三级
Paediatrics & Child Health,2025,1205-7088/1918-1485,否,否,否,SCIE,2,,医学,4 [4042/5603],否, PEDIATRICS 儿科,4 [131/185],,,,,,,,,,,三级
Journal of the American Nutrition Association,2025,2769-7061/2769-707X,否,否,否,SCIE,2.6,,医学,4 [4043/5603],否, NUTRITION & DIETETICS 营养学,4 [84/113],,,,,,,,,,,三级
IDCases,2025,2214-2509/2214-2509,否,否,是,ESCI,1,,医学,4 [4044/5603],否, INFECTIOUS DISEASES 传染病学,4 [108/134],,,,,,,,,,,三级
International Journal of Alcohol and Drug Research,2025,1925-7066/1925-7066,否,否,是,ESCI,0.9,,医学,4 [4045/5603],否, BEHAVIORAL SCIENCES 行为科学,4 [53/55],,,,,,,,,,,三级
Ginekologia Polska,2025,0017-0011/2543-6767,否,否,是,SCIE,1,,医学,4 [4046/5603],否, OBSTETRICS & GYNECOLOGY 妇产科学,4 [100/135],,,,,,,,,,,三级
Translational Sports Medicine,2025,2573-8488/2573-8488,否,否,是,ESCI,1.9,,医学,4 [4047/5603],否, SPORT SCIENCES 运动科学,4 [99/126],,,,,,,,,,,三级
Reports of Practical Oncology and Radiotherapy,2025,1507-1367/2083-4640,否,否,是,ESCI,2,,医学,4 [4048/5603],否, ONCOLOGY 肿瘤学,4 [261/318]," RADIOLOGY, NUCLEAR MEDICINE & MEDICAL IMAGING 核医学",4 [155/206],,,,,,,,,三级
Journal of General and Family Medicine,2025,2189-7948/2189-7948,否,否,是,ESCI,2.3,,医学,4 [4049/5603],否," MEDICINE, GENERAL & INTERNAL 医学：内科",4 [141/327],,,,,,,,,,,三级
Postepy w Kardiologii Interwencyjnej,2025,1734-9338/1897-4295,否,否,是,SCIE,1.4,,医学,4 [4050/5603],否, CARDIAC & CARDIOVASCULAR SYSTEMS 心脏和心血管系统,4 [173/223],,,,,,,,,,,三级
Recht & Psychiatrie,2025,0724-2247,否,否,否,SSCI;SCIE,0.8,,医学,4 [4051/5603],否, CRIMINOLOGY & PENOLOGY 犯罪学与刑罚学,4 [93/111], PSYCHIATRY 精神病学,4 [216/277],,,,,,,,,三级
REC-Interventional Cardiology,2025,2604-7306/2604-7276,否,否,是,ESCI,1.1,,医学,4 [4052/5603],否, CARDIAC & CARDIOVASCULAR SYSTEMS 心脏和心血管系统,4 [174/223],,,,,,,,,,,三级
International Journal of Yoga,2025,0973-6131/2231-2714,否,否,是,ESCI,1.1,,医学,4 [4053/5603],否, INTEGRATIVE & COMPLEMENTARY MEDICINE 全科医学与补充医学,4 [26/43],,,,,,,,,,,三级
BMJ Leader,2025,2398-631X/2398-631X,否,否,否,ESCI,1.3,,医学,4 [4054/5603],否, HEALTH CARE SCIENCES & SERVICES 卫生保健与服务,4 [141/173],,,,,,,,,,,三级
Surgery Journal,2025,2378-5128/2378-5136,否,否,是,ESCI,0.8,,医学,4 [4055/5603],否, SURGERY 外科,4 [218/292],,,,,,,,,,,三级
NEW ZEALAND MEDICAL JOURNAL,2025,0028-8446/1175-8716,否,否,否,ESCI,1.3,,医学,4 [4056/5603],否," MEDICINE, GENERAL & INTERNAL 医学：内科",4 [142/327],,,,,,,,,,,三级
JOURNAL OF COMPUTER ASSISTED TOMOGRAPHY,2025,0363-8715/1532-3145,否,否,否,SCIE,1.3,,医学,4 [4057/5603],否," RADIOLOGY, NUCLEAR MEDICINE & MEDICAL IMAGING 核医学",4 [156/206],,,,,,,,,,,三级
Postepy Dermatologii i Alergologii,2025,1642-395X/2299-0046,否,否,是,SCIE,1.7,,医学,4 [4058/5603],否, ALLERGY 过敏,4 [29/39], DERMATOLOGY 皮肤病学,4 [70/94],,,,,,,,,三级
PERSPECTIVES IN BIOLOGY AND MEDICINE,2025,0031-5982/1529-8795,否,否,否,SCIE,0.7,,医学,4 [4059/5603],否, HISTORY & PHILOSOPHY OF SCIENCE 科学史与科学哲学,4 [80/105]," MEDICINE, RESEARCH & EXPERIMENTAL 医学：研究与实验",4 [146/188],,,,,,,,,三级
Nutrition and Dietary Supplements,2025,1179-1489/1179-1489,否,否,是,ESCI,1.9,,医学,4 [4060/5603],否, NUTRITION & DIETETICS 营养学,4 [85/113],,,,,,,,,,,三级
SOUTH AFRICAN JOURNAL OF COMMUNICATION DISORDERS,2025,0379-8046/2225-4765,否,否,是,ESCI,1.4,,医学,4 [4061/5603],否, AUDIOLOGY & SPEECH-LANGUAGE PATHOLOGY 听力学与言语病理学,4 [30/35],,,,,,,,,,,三级
BLOOD COAGULATION & FIBRINOLYSIS,2025,0957-5235/1473-5733,否,否,否,SCIE,1.1,,医学,4 [4062/5603],否, HEMATOLOGY 血液学,4 [79/96],,,,,,,,,,,三级
JOURNAL OF HERBS SPICES AND MEDICINAL PLANTS,2025,1049-6475/1540-3580,否,否,否,ESCI,1.2,,医学,4 [4063/5603],否, PHARMACOLOGY & PHARMACY 药学,4 [259/350], PLANT SCIENCES 植物科学,4 [176/265],,,,,,,,,三级
Journal of Exercise Rehabilitation,2025,2288-176X/2288-1778,否,否,是,ESCI,1.6,,医学,4 [4064/5603],否, REHABILITATION 康复医学,4 [130/169],,,,,,,,,,,三级
Clinics in Podiatric Medicine and Surgery,2025,0891-8422/1558-2302,是,否,否,SCIE,0.7,,医学,4 [4065/5603],否, ORTHOPEDICS 骨科,4 [108/136],,,,,,,,,,,三级
Journal of Perioperative Practice,2025,1750-4589/2515-7949,否,否,否,ESCI,1,,医学,4 [4066/5603],否, SURGERY 外科,4 [219/292],,,,,,,,,,,三级
COMMUNITY DENTAL HEALTH,2025,0265-539X/0265-539X,否,否,否,SCIE,1,,医学,4 [4067/5603],否," DENTISTRY, ORAL SURGERY & MEDICINE 牙科与口腔外科",4 [112/157],,,,,,,,,,,三级
JOURNAL OF AMBULATORY CARE MANAGEMENT,2025,0148-9917/1550-3267,否,否,否,ESCI,1.2,,医学,4 [4068/5603],否, HEALTH CARE SCIENCES & SERVICES 卫生保健与服务,4 [142/173],,,,,,,,,,,三级
European Journal of Physiotherapy,2025,2167-9169/2167-9177,否,否,否,ESCI,1.1,,医学,4 [4069/5603],否, REHABILITATION 康复医学,4 [131/169],,,,,,,,,,,三级
ANNALS OF AGRICULTURAL AND ENVIRONMENTAL MEDICINE,2025,1232-1966/1898-2263,否,否,是,SCIE,1.2,,医学,4 [4070/5603],否, ENVIRONMENTAL SCIENCES 环境科学,4 [272/357]," PUBLIC, ENVIRONMENTAL & OCCUPATIONAL HEALTH 公共卫生、环境卫生与职业卫生",4 [323/404],,,,,,,,,三级
Surgical Case Reports,2025,2198-7793/2198-7793,否,否,是,ESCI,0.7,,医学,4 [4071/5603],否, SURGERY 外科,4 [220/292],,,,,,,,,,,三级
Annals of Pediatric Cardiology,2025,0974-2069/0974-5149,否,否,是,ESCI,0.7,,医学,4 [4072/5603],否, CARDIAC & CARDIOVASCULAR SYSTEMS 心脏和心血管系统,4 [175/223],,,,,,,,,,,三级
Critical Care Nursing Quarterly,2025,0887-9303/1550-5111,否,否,否,ESCI,0.9,,医学,4 [4073/5603],否, CRITICAL CARE MEDICINE 危重病医学,4 [40/56],,,,,,,,,,,三级
Endocrine Metabolic & Immune Disorders-Drug Targets,2025,1871-5303/2212-3873,否,否,否,SCIE,2,,医学,4 [4074/5603],否, ENDOCRINOLOGY & METABOLISM 内分泌学与代谢,4 [153/184], IMMUNOLOGY 免疫学,4 [153/179], PHARMACOLOGY & PHARMACY 药学,4 [260/350],,,,,,,三级
Bioanalysis,2025,1757-6180/1757-6199,否,否,否,SCIE,1.8,,医学,4 [4075/5603],否, BIOCHEMICAL RESEARCH METHODS 生化研究方法,4 [68/85]," CHEMISTRY, ANALYTICAL 分析化学",4 [73/106],,,,,,,,,三级
Toxicology Communications,2025,2473-4306/2473-4306,否,否,是,ESCI,0.5,,医学,4 [4076/5603],否, TOXICOLOGY 毒理学,4 [89/106],,,,,,,,,,,三级
Journal of Lasers in Medical Sciences,2025,2008-9783/2228-6721,否,否,否,ESCI,1.5,,医学,4 [4077/5603],否," RADIOLOGY, NUCLEAR MEDICINE & MEDICAL IMAGING 核医学",4 [157/206],,,,,,,,,,,三级
Canadian Journal of Respiratory Therapy,2025,2368-6820/2368-6820,否,否,是,ESCI,1.1,,医学,4 [4078/5603],否, CRITICAL CARE MEDICINE 危重病医学,4 [41/56], RESPIRATORY SYSTEM 呼吸系统,4 [80/101],,,,,,,,,三级
Journal of Pharmaceutical Innovation,2025,1872-5120/1939-8042,否,否,否,SCIE,2.7,,医学,4 [4079/5603],否, PHARMACOLOGY & PHARMACY 药学,4 [261/350],,,,,,,,,,,三级
Clinical and Experimental Hepatology,2025,2392-1099/2449-8238,否,否,否,ESCI,1.7,,医学,4 [4080/5603],否, GASTROENTEROLOGY & HEPATOLOGY 胃肠肝病学,4 [112/143],,,,,,,,,,,三级
Iranian Journal of Medical Sciences,2025,0253-0716/1735-3688,否,否,是,ESCI,1.5,,医学,4 [4081/5603],否," MEDICINE, GENERAL & INTERNAL 医学：内科",4 [143/327],,,,,,,,,,,三级
Journal of Cancer Research and Therapeutics,2025,0973-1482/1998-4138,否,否,否,SCIE,1.3,,医学,4 [4082/5603],否, ONCOLOGY 肿瘤学,4 [262/318],,,,,,,,,,,三级
Annals of Hepato-Biliary-Pancreatic Surgery,2025,2508-5778/2508-5859,否,否,否,ESCI,1.7,,医学,4 [4083/5603],否, GASTROENTEROLOGY & HEPATOLOGY 胃肠肝病学,4 [113/143], SURGERY 外科,4 [221/292],,,,,,,,,三级
CROATIAN MEDICAL JOURNAL,2025,0353-9504/1332-8166,否,否,是,SCIE,2.3,,医学,4 [4084/5603],否," MEDICINE, GENERAL & INTERNAL 医学：内科",4 [144/327],,,,,,,,,,,三级
British Journal of Music Therapy,2025,1359-4575/2059-9773,否,否,否,ESCI,1,,医学,4 [4085/5603],否, REHABILITATION 康复医学,4 [132/169],,,,,,,,,,,三级
Journal for Nurses in Professional Development,2025,2169-9798/2169-981X,否,否,否,ESCI,1.6,,医学,4 [4086/5603],否, NURSING 护理,4 [132/191],,,,,,,,,,,三级
Indian Journal of Radiology and Imaging,2025,0971-3026/1998-3808,否,否,是,ESCI,1,,医学,4 [4087/5603],否," RADIOLOGY, NUCLEAR MEDICINE & MEDICAL IMAGING 核医学",4 [158/206],,,,,,,,,,,三级
Current Pediatric Reviews,2025,1573-3963/1875-6336,是,否,否,ESCI,1.6,,医学,4 [4088/5603],否, PEDIATRICS 儿科,4 [132/185],,,,,,,,,,,三级
Journal of Smoking Cessation,2025,1834-2612/1834-2612,否,否,是,ESCI,1.2,,医学,4 [4089/5603],否, SUBSTANCE ABUSE 药物滥用,4 [44/56],,,,,,,,,,,三级
Trends in Psychiatry and Psychotherapy,2025,2237-6089/2238-0019,否,否,是,ESCI,2.2,,医学,4 [4090/5603],否, PSYCHIATRY 精神病学,4 [217/277],,,,,,,,,,,三级
Gaceta Sanitaria,2025,0213-9111/1578-1283,否,否,是,SSCI;SCIE,1.5,,医学,4 [4091/5603],否, HEALTH CARE SCIENCES & SERVICES 卫生保健与服务,4 [143/173], HEALTH POLICY & SERVICES 卫生政策与服务,4 [101/118]," PUBLIC, ENVIRONMENTAL & OCCUPATIONAL HEALTH 公共卫生、环境卫生与职业卫生",4 [324/404],,,,,,,三级
REVISTA PANAMERICANA DE SALUD PUBLICA-PAN AMERICAN JOURNAL OF PUBLIC HEALTH,2025,1020-4989/1680-5348,否,否,是,SSCI,2.2,,医学,4 [4092/5603],否," PUBLIC, ENVIRONMENTAL & OCCUPATIONAL HEALTH 公共卫生、环境卫生与职业卫生",4 [325/404],,,,,,,,,,,三级
International Heart Journal,2025,1349-2365/1349-3299,否,否,否,SCIE,1.3,,医学,4 [4093/5603],否, CARDIAC & CARDIOVASCULAR SYSTEMS 心脏和心血管系统,4 [176/223],,,,,,,,,,,三级
Seminars in Cardiothoracic and Vascular Anesthesia,2025,1089-2532/1940-5596,否,否,否,ESCI,1,,医学,4 [4094/5603],否, ANESTHESIOLOGY 麻醉学,4 [42/64],,,,,,,,,,,三级
BRITISH JOURNAL OF NEUROSURGERY,2025,0268-8697/1360-046X,否,否,否,SCIE,0.8,,医学,4 [4095/5603],否, CLINICAL NEUROLOGY 临床神经病学,4 [226/278], SURGERY 外科,4 [222/292],,,,,,,,,三级
Telemedicine Reports,2025,2692-4366/2692-4366,否,否,是,ESCI,1.6,,医学,4 [4096/5603],否, HEALTH CARE SCIENCES & SERVICES 卫生保健与服务,4 [144/173],,,,,,,,,,,三级
Gastroenterology Insights,2025,2036-7414/2036-7422,否,否,是,ESCI,0.7,,医学,4 [4097/5603],否, GASTROENTEROLOGY & HEPATOLOGY 胃肠肝病学,4 [114/143],,,,,,,,,,,三级
Journal of Medical Case Reports,2025,1752-1947/1752-1947,否,否,是,ESCI,0.8,,医学,4 [4098/5603],否," MEDICINE, GENERAL & INTERNAL 医学：内科",4 [145/327],,,,,,,,,,,三级
JOURNAL OF MEDICINAL FOOD,2025,1096-620X/1557-7600,否,否,否,SCIE,2,,医学,4 [4099/5603],否," CHEMISTRY, MEDICINAL 药物化学",4 [57/72], FOOD SCIENCE & TECHNOLOGY 食品科技,4 [118/173], NUTRITION & DIETETICS 营养学,4 [86/113],,,,,,,三级
TRANSFUSION CLINIQUE ET BIOLOGIQUE,2025,1246-7820,否,否,否,SCIE,1.2,,医学,4 [4100/5603],否, HEMATOLOGY 血液学,4 [80/96], IMMUNOLOGY 免疫学,4 [154/179],,,,,,,,,三级
Toxicological Research,2025,1976-8257/2234-2753,否,否,否,SCIE,2.3,,医学,4 [4101/5603],否, TOXICOLOGY 毒理学,4 [90/106],,,,,,,,,,,三级
Journal of Research in Medical Sciences,2025,1735-1995/1735-7136,否,否,是,SCIE,1.5,,医学,4 [4102/5603],否," MEDICINE, GENERAL & INTERNAL 医学：内科",4 [146/327],,,,,,,,,,,三级
International Journal of Online and Biomedical Engineering,2025,2626-8493/2626-8493,否,否,是,ESCI,1.4,,医学,4 [4103/5603],否," COMPUTER SCIENCE, INTERDISCIPLINARY APPLICATIONS 计算机：跨学科应用",4 [139/172],,,,,,,,,,,三级
HNO,2025,0017-6192/1433-0458,否,否,否,SCIE,1.3,,医学,4 [4104/5603],否, OTORHINOLARYNGOLOGY 耳鼻喉科学,4 [51/66],,,,,,,,,,,三级
Journal of Hematology,2025,1927-1212/1927-1220,否,否,否,ESCI,1.3,,医学,4 [4105/5603],否, HEMATOLOGY 血液学,4 [81/96],,,,,,,,,,,三级
International Journal of Osteopathic Medicine,2025,1746-0689/1878-0164,否,否,否,SCIE,1.5,,医学,4 [4106/5603],否," MEDICINE, GENERAL & INTERNAL 医学：内科",4 [147/327], REHABILITATION 康复医学,4 [133/169],,,,,,,,,三级
Asia-Pacific Journal of Clinical Oncology,2025,1743-7555/1743-7563,否,否,否,SCIE,1.6,,医学,4 [4107/5603],否, ONCOLOGY 肿瘤学,4 [263/318],,,,,,,,,,,三级
Biomedical Physics & Engineering Express,2025,2057-1976/2057-1976,否,否,否,ESCI,1.6,,医学,4 [4108/5603],否," RADIOLOGY, NUCLEAR MEDICINE & MEDICAL IMAGING 核医学",4 [159/206],,,,,,,,,,,三级
Neurology Research International,2025,2090-1852/2090-1860,否,否,是,ESCI,2.8,,医学,4 [4109/5603],否, NEUROSCIENCES 神经科学,4 [270/309],,,,,,,,,,,三级
INTERNATIONAL JOURNAL OF NEUROSCIENCE,2025,0020-7454/1563-5279,否,否,否,SCIE,1.5,,医学,4 [4110/5603],否, NEUROSCIENCES 神经科学,4 [271/309],,,,,,,,,,,三级
Minerva Cardiology and Angiology,2025,2724-5683/2724-5772,否,否,否,SCIE,1.3,,医学,4 [4111/5603],否, CARDIAC & CARDIOVASCULAR SYSTEMS 心脏和心血管系统,4 [177/223],,,,,,,,,,,三级
Case Reports in Surgery,2025,2090-6900/2090-6919,否,否,是,ESCI,0.5,,医学,4 [4112/5603],否, SURGERY 外科,4 [223/292],,,,,,,,,,,三级
Australian Journal of Forensic Sciences,2025,0045-0618/1834-562X,否,否,否,SCIE,1.1,,医学,4 [4113/5603],否," MEDICINE, LEGAL 医学：法",4 [19/23],,,,,,,,,,,三级
Critical Care and Resuscitation,2025,1441-2772/1441-2772,否,否,否,SCIE,1.7,,医学,4 [4114/5603],否, CRITICAL CARE MEDICINE 危重病医学,4 [42/56],,,,,,,,,,,三级
Brain Impairment,2025,1443-9646/1839-5252,否,否,否,SCIE,1.4,,医学,4 [4115/5603],否, CLINICAL NEUROLOGY 临床神经病学,4 [227/278], NEUROSCIENCES 神经科学,4 [272/309], REHABILITATION 康复医学,4 [134/169],,,,,,,三级
THERAPIE,2025,0040-5957/1958-5578,否,否,否,SCIE,1.8,,医学,4 [4116/5603],否, PHARMACOLOGY & PHARMACY 药学,4 [262/350],,,,,,,,,,,三级
Advances in Mental Health and Intellectual Disabilities,2025,2044-1282/2044-1290,否,否,否,ESCI,0.4,,医学,4 [4117/5603],否, PSYCHIATRY 精神病学,4 [218/277],,,,,,,,,,,三级
Revista Internacional de Andrologia,2025,1698-031X,否,否,否,SCIE,0.8,,医学,4 [4118/5603],否, ANDROLOGY 男科学,4 [8/8],,,,,,,,,,,三级
JAPANESE JOURNAL OF INFECTIOUS DISEASES,2025,1344-6304/1884-2836,否,否,否,SCIE,1.1,,医学,4 [4119/5603],否, INFECTIOUS DISEASES 传染病学,4 [109/134],,,,,,,,,,,三级
NEUROPSYCHIATRIE,2025,0948-6259/2194-1327,否,否,否,ESCI,1.1,,医学,4 [4120/5603],否, PSYCHIATRY 精神病学,4 [219/277],,,,,,,,,,,三级
Sucht-Zeitschrift fur Wissenschaft und Praxis,2025,0939-5911/1664-2856,否,否,否,ESCI,0.9,,医学,4 [4121/5603],否, SUBSTANCE ABUSE 药物滥用,4 [45/56],,,,,,,,,,,三级
ECOLOGY OF FOOD AND NUTRITION,2025,0367-0244/1543-5237,否,否,否,SCIE,1.3,,医学,4 [4122/5603],否, NUTRITION & DIETETICS 营养学,4 [87/113],,,,,,,,,,,三级
Journal of Neurosurgical Sciences,2025,0390-5616/1827-1855,否,否,否,SCIE,1.2,,医学,4 [4123/5603],否, CLINICAL NEUROLOGY 临床神经病学,4 [228/278], SURGERY 外科,4 [224/292],,,,,,,,,三级
Community Health Equity Research & Policy,2025,2752-535X/2752-5368,否,否,否,ESCI,1.8,,医学,4 [4124/5603],否," PUBLIC, ENVIRONMENTAL & OCCUPATIONAL HEALTH 公共卫生、环境卫生与职业卫生",4 [326/404],,,,,,,,,,,三级
Annals of Vascular Diseases,2025,1881-641X/1881-6428,否,否,是,ESCI,0.6,,医学,4 [4125/5603],否, PERIPHERAL VASCULAR DISEASE 外周血管病,4 [81/96],,,,,,,,,,,三级
JOURNAL OF IMMUNOLOGICAL METHODS,2025,0022-1759/1872-7905,否,否,否,SCIE,1.6,,医学,4 [4126/5603],否, BIOCHEMICAL RESEARCH METHODS 生化研究方法,4 [69/85], IMMUNOLOGY 免疫学,4 [155/179],,,,,,,,,三级
Canadian Pharmacists Journal,2025,1715-1635/1913-701X,否,否,否,ESCI,1.7,,医学,4 [4127/5603],否, PHARMACOLOGY & PHARMACY 药学,4 [263/350],,,,,,,,,,,三级
AJP Reports,2025,2157-6998/2157-7005,否,否,是,ESCI,0.6,,医学,4 [4128/5603],否, PEDIATRICS 儿科,4 [133/185],,,,,,,,,,,三级
Logopedics Phoniatrics Vocology,2025,1401-5439/1651-2022,否,否,否,SCIE,0.7,,医学,4 [4129/5603],否, AUDIOLOGY & SPEECH-LANGUAGE PATHOLOGY 听力学与言语病理学,4 [31/35], OTORHINOLARYNGOLOGY 耳鼻喉科学,4 [52/66],,,,,,,,,三级
Journal of Medical Imaging and Radiation Sciences,2025,1939-8654/1939-8654,否,否,否,ESCI,2,,医学,4 [4130/5603],否," RADIOLOGY, NUCLEAR MEDICINE & MEDICAL IMAGING 核医学",4 [160/206],,,,,,,,,,,三级
Translational Journal of the American College of Sports Medicine,2025,2379-2868/2379-2868,否,否,否,ESCI,2.2,,医学,4 [4131/5603],否, SPORT SCIENCES 运动科学,4 [100/126],,,,,,,,,,,三级
Therapeutic Recreation Journal,2025,0040-5914/2159-6433,否,否,否,ESCI,0.7,,医学,4 [4132/5603],否, REHABILITATION 康复医学,4 [135/169],,,,,,,,,,,三级
JBI Evidence Synthesis,2025,2689-8381/2689-8381,是,否,否,ESCI,4.5,,医学,4 [4133/5603],否, HEALTH CARE SCIENCES & SERVICES 卫生保健与服务,4 [145/173],,,,,,,,,,,三级
Clinica e Investigacion en Arteriosclerosis,2025,0214-9168/1578-1879,否,否,否,ESCI,1.9,,医学,4 [4134/5603],否, PERIPHERAL VASCULAR DISEASE 外周血管病,4 [82/96],,,,,,,,,,,三级
SAMJ SOUTH AFRICAN MEDICAL JOURNAL,2025,0256-9574/2078-5135,否,否,是,SCIE,1.2,,医学,4 [4135/5603],否," MEDICINE, GENERAL & INTERNAL 医学：内科",4 [148/327],,,,,,,,,,,三级
JOURNAL OF ARTIFICIAL ORGANS,2025,1434-7229/1619-0904,否,否,否,SCIE,1.3,,医学,4 [4136/5603],否," ENGINEERING, BIOMEDICAL 工程：生物医学",4 [99/120], TRANSPLANTATION 移植,4 [24/31],,,,,,,,,三级
Asian Pacific Journal of Tropical Biomedicine,2025,2221-1691/2588-9222,否,否,是,SCIE,1.7,,医学,4 [4137/5603],否, TROPICAL MEDICINE 热带医学,4 [18/28],,,,,,,,,,,三级
XENOBIOTICA,2025,0049-8254/1366-5928,否,否,否,SCIE,1.2,,医学,4 [4138/5603],否, PHARMACOLOGY & PHARMACY 药学,4 [264/350], TOXICOLOGY 毒理学,4 [91/106],,,,,,,,,三级
ZEITSCHRIFT FUR GERONTOLOGIE UND GERIATRIE,2025,0948-6704/1435-1269,否,否,否,SSCI;SCIE,1,,医学,4 [4139/5603],否, GERIATRICS & GERONTOLOGY 老年医学,4 [63/72], GERONTOLOGY 老年医学（社科）,4 [40/48],,,,,,,,,三级
Current Treatment Options in Rheumatology,2025,2198-6002/2198-6002,是,否,否,ESCI,1.3,,医学,4 [4140/5603],否, RHEUMATOLOGY 风湿病学,4 [39/55],,,,,,,,,,,三级
WIENER MEDIZINISCHE WOCHENSCHRIFT,2025,0043-5341/1563-258X,否,否,否,ESCI,1.5,,医学,4 [4141/5603],否," MEDICINE, GENERAL & INTERNAL 医学：内科",4 [149/327],,,,,,,,,,,三级
BIOPHARMACEUTICS & DRUG DISPOSITION,2025,0142-2782/1099-081X,否,否,否,SCIE,2,,医学,4 [4142/5603],否, PHARMACOLOGY & PHARMACY 药学,4 [265/350],,,,,,,,,,,三级
Ocular Oncology and Pathology,2025,2296-4681/2296-4657,否,否,否,ESCI,1.3,,医学,4 [4143/5603],否, OPHTHALMOLOGY 眼科学,4 [70/95],,,,,,,,,,,三级
Romanian Journal of Morphology and Embryology,2025,1220-0522/2066-8279,否,否,否,SCIE,1.5,,医学,4 [4144/5603],否, DEVELOPMENTAL BIOLOGY 发育生物学,4 [33/39],,,,,,,,,,,三级
Turkish Journal of Physical Medicine and Rehabilitation,2025,2587-1250/2587-1250,否,否,否,SCIE,1.3,,医学,4 [4145/5603],否, REHABILITATION 康复医学,4 [136/169],,,,,,,,,,,三级
SCOTTISH MEDICAL JOURNAL,2025,0036-9330/2045-6441,否,否,否,SCIE,1.2,,医学,4 [4146/5603],否," MEDICINE, GENERAL & INTERNAL 医学：内科",4 [150/327],,,,,,,,,,,三级
Current Stem Cell Reports,2025,2198-7866/2198-7866,是,否,否,ESCI,2.3,,医学,4 [4147/5603],否, CELL & TISSUE ENGINEERING 细胞与组织工程,4 [28/31],,,,,,,,,,,三级
Journal of Integrated Care,2025,1476-9018/2042-8685,否,否,否,ESCI,0.9,,医学,4 [4148/5603],否, HEALTH POLICY & SERVICES 卫生政策与服务,4 [102/118],,,,,,,,,,,三级
GMS Interdisciplinary Plastic and Reconstructive Surgery DGPW,2025,2193-8091/2193-8091,否,否,是,ESCI,1.5,,医学,4 [4149/5603],否, SURGERY 外科,4 [225/292],,,,,,,,,,,三级
Journal of Psychiatric Practice,2025,1527-4160/1538-1145,否,否,否,SCIE,1,,医学,4 [4150/5603],否, PSYCHIATRY 精神病学,4 [220/277],,,,,,,,,,,三级
Diabetology International,2025,2190-1678/2190-1686,否,否,否,ESCI,1.2,,医学,4 [4151/5603],否, ENDOCRINOLOGY & METABOLISM 内分泌学与代谢,4 [154/184],,,,,,,,,,,三级
LEPROSY REVIEW,2025,0305-7518/2162-8807,否,否,否,SCIE,0.8,,医学,4 [4152/5603],否, DERMATOLOGY 皮肤病学,4 [71/94], INFECTIOUS DISEASES 传染病学,4 [110/134], PATHOLOGY 病理学,4 [65/88], TROPICAL MEDICINE 热带医学,4 [19/28],,,,,三级
CNS & Neurological Disorders-Drug Targets,2025,1871-5273/1996-3181,否,否,否,SCIE,3,,医学,4 [4153/5603],否, NEUROSCIENCES 神经科学,4 [274/309], PHARMACOLOGY & PHARMACY 药学,4 [267/350],,,,,,,,,三级
JOURNAL OF PAIN & PALLIATIVE CARE PHARMACOTHERAPY,2025,1536-0288/1536-0539,否,否,否,ESCI,1,,医学,4 [4154/5603],否, ANESTHESIOLOGY 麻醉学,4 [43/64],,,,,,,,,,,三级
BioNanoScience,2025,2191-1630/2191-1649,否,否,否,ESCI,3.2,,医学,4 [4155/5603],否," MATERIALS SCIENCE, BIOMATERIALS 材料科学：生物材料",4 [43/52],,,,,,,,,,,三级
JOURNAL OF OBSTETRICS AND GYNAECOLOGY,2025,0144-3615/1364-6893,否,否,是,SCIE,1.2,,医学,4 [4156/5603],否, OBSTETRICS & GYNECOLOGY 妇产科学,4 [101/135],,,,,,,,,,,三级
OPHTHALMIC GENETICS,2025,1381-6810/1744-5094,否,否,否,SCIE,1,,医学,4 [4157/5603],否, GENETICS & HEREDITY 遗传学,4 [158/190], OPHTHALMOLOGY 眼科学,4 [71/95],,,,,,,,,三级
Journal of Infusion Nursing,2025,1533-1458/1539-0667,否,否,否,ESCI,1.2,,医学,4 [4158/5603],否, NURSING 护理,4 [133/191],,,,,,,,,,,三级
World Journal of Radiology,2025,1949-8470/1949-8470,否,否,否,ESCI,1.5,,医学,4 [4159/5603],否," RADIOLOGY, NUCLEAR MEDICINE & MEDICAL IMAGING 核医学",4 [161/206],,,,,,,,,,,三级
JOURNAL OF ADDICTIVE DISEASES,2025,1055-0887/1545-0848,否,否,否,SSCI,1.1,,医学,4 [4160/5603],否, SUBSTANCE ABUSE 药物滥用,4 [46/56],,,,,,,,,,,三级
Turkish Journal of Obstetrics and Gynecology,2025,2149-9322/2149-9330,否,否,是,ESCI,1.3,,医学,4 [4161/5603],否, OBSTETRICS & GYNECOLOGY 妇产科学,4 [102/135],,,,,,,,,,,三级
Clinical Medicine & Research,2025,1539-4182/1554-6179,否,否,否,ESCI,1.4,,医学,4 [4162/5603],否," MEDICINE, GENERAL & INTERNAL 医学：内科",4 [151/327],,,,,,,,,,,三级
World Journal of Plastic Surgery,2025,2228-7914/2252-0724,否,否,否,ESCI,1,,医学,4 [4163/5603],否, SURGERY 外科,4 [226/292],,,,,,,,,,,三级
Academic Pathology,2025,2374-2895/2374-2895,否,否,是,ESCI,1.3,,医学,4 [4164/5603],否, PATHOLOGY 病理学,4 [66/88],,,,,,,,,,,三级
Chinese Clinical Oncology,2025,2304-3865/2304-3873,否,否,否,ESCI,2.5,,医学,4 [4165/5603],否, ONCOLOGY 肿瘤学,4 [264/318],,,,,,,,,,,三级
International Journal of Healthcare Management,2025,2047-9700/2047-9719,否,否,否,ESCI,1.1,,医学,4 [4166/5603],否, HEALTH POLICY & SERVICES 卫生政策与服务,4 [103/118],,,,,,,,,,,三级
JOURNAL OF NIPPON MEDICAL SCHOOL,2025,1345-4676/1347-3409,否,否,否,SCIE,1.4,,医学,4 [4167/5603],否," MEDICINE, GENERAL & INTERNAL 医学：内科",4 [152/327],,,,,,,,,,,三级
Open Access Surgery,2025,1178-7082/1178-7082,否,否,是,ESCI,0.3,,医学,4 [4168/5603],否, SURGERY 外科,4 [227/292],,,,,,,,,,,三级
Reproductive Medicine,2025,2673-3897/2673-3897,否,否,否,ESCI,1.3,,医学,4 [4169/5603],否, OBSTETRICS & GYNECOLOGY 妇产科学,4 [103/135], REPRODUCTIVE BIOLOGY 生殖生物学,4 [35/39],,,,,,,,,三级
American Journal of Lifestyle Medicine,2025,1559-8276/1559-8284,否,否,否,ESCI,1.3,,医学,4 [4170/5603],否," PUBLIC, ENVIRONMENTAL & OCCUPATIONAL HEALTH 公共卫生、环境卫生与职业卫生",4 [327/404],,,,,,,,,,,三级
Annals of Phytomedicine-An International Journal,2025,2393-9885/2278-9839,否,否,否,ESCI,,,医学,4 [4171/5603],否, PHARMACOLOGY & PHARMACY 药学,4 [268/350],,,,,,,,,,,三级
Journal of Community Health Nursing,2025,0737-0016/1532-7655,否,否,否,SSCI;SCIE,0.9,,医学,4 [4172/5603],否, NURSING 护理,4 [134/191],,,,,,,,,,,三级
JOURNAL OF TROPICAL PEDIATRICS,2025,0142-6338/1465-3664,否,否,否,SCIE,1.1,,医学,4 [4173/5603],否, PEDIATRICS 儿科,4 [134/185], TROPICAL MEDICINE 热带医学,4 [20/28],,,,,,,,,三级
Romanian Journal of Internal Medicine,2025,1582-3296/2501-062X,否,否,是,ESCI,0.8,,医学,4 [4174/5603],否," MEDICINE, GENERAL & INTERNAL 医学：内科",4 [153/327],,,,,,,,,,,三级
NEOPLASMA,2025,0028-2685/1338-4317,否,否,否,SCIE,2.2,,医学,4 [4175/5603],否, ONCOLOGY 肿瘤学,4 [265/318],,,,,,,,,,,三级
Clinical and Experimental Vaccine Research,2025,2287-3651/2287-366X,否,否,是,ESCI,1.3,,医学,4 [4176/5603],否, IMMUNOLOGY 免疫学,4 [156/179],,,,,,,,,,,三级
Contemporary Clinical Dentistry,2025,0976-237X/0976-2361,否,否,是,ESCI,1.1,,医学,4 [4177/5603],否," DENTISTRY, ORAL SURGERY & MEDICINE 牙科与口腔外科",4 [113/157],,,,,,,,,,,三级
Turkish Journal of Orthodontics,2025,2148-9505/2148-9505,否,否,是,ESCI,1.4,,医学,4 [4178/5603],否," DENTISTRY, ORAL SURGERY & MEDICINE 牙科与口腔外科",4 [114/157],,,,,,,,,,,三级
JNP- The Journal for Nurse Practitioners,2025,1555-4155/1878-058X,否,否,否,SSCI;SCIE,0.8,,医学,4 [4179/5603],否, NURSING 护理,4 [135/191],,,,,,,,,,,三级
Indian Journal of Psychological Medicine,2025,0253-7176/0975-1564,否,否,是,ESCI,2,,医学,4 [4180/5603],否, PSYCHIATRY 精神病学,4 [221/277], PSYCHOLOGY 心理学,4 [76/92],,,,,,,,,三级
Cardiology Research,2025,1923-2829/1923-2837,否,否,否,ESCI,1.4,,医学,4 [4181/5603],否, CARDIAC & CARDIOVASCULAR SYSTEMS 心脏和心血管系统,4 [178/223],,,,,,,,,,,三级
SARCOIDOSIS VASCULITIS AND DIFFUSE LUNG DISEASES,2025,1124-0490,否,否,否,SCIE,1.8,,医学,4 [4182/5603],否, RESPIRATORY SYSTEM 呼吸系统,4 [81/101],,,,,,,,,,,三级
Intractable & Rare Diseases Research,2025,2186-3644/2186-361X,否,否,否,ESCI,1.6,,医学,4 [4183/5603],否," MEDICINE, GENERAL & INTERNAL 医学：内科",4 [154/327],,,,,,,,,,,三级
Case Reports in Neurological Medicine,2025,2090-6668/2090-6676,否,否,是,ESCI,0.9,,医学,4 [4184/5603],否, CLINICAL NEUROLOGY 临床神经病学,4 [229/278],,,,,,,,,,,三级
British Journal of Visual Impairment,2025,0264-6196/1744-5809,否,否,否,ESCI,0.8,,医学,4 [4185/5603],否, OPHTHALMOLOGY 眼科学,4 [72/95],,,,,,,,,,,三级
Quality Management in Health Care,2025,1063-8628/1550-5154,否,否,否,SSCI;SCIE,1.2,,医学,4 [4186/5603],否, HEALTH CARE SCIENCES & SERVICES 卫生保健与服务,4 [146/173], HEALTH POLICY & SERVICES 卫生政策与服务,4 [104/118],,,,,,,,,三级
Neurosciences,2025,1319-6138/1658-3183,否,否,否,SCIE,1.3,,医学,4 [4187/5603],否, CLINICAL NEUROLOGY 临床神经病学,4 [230/278],,,,,,,,,,,三级
Annals of Clinical Psychiatry,2025,1040-1237/1547-3325,否,否,否,SSCI;SCIE,1.1,,医学,4 [4188/5603],否, PSYCHIATRY 精神病学,4 [222/277],,,,,,,,,,,三级
Current Radiology Reports,2025,2167-4825/2167-4825,是,否,否,ESCI,1.9,,医学,4 [4189/5603],否," RADIOLOGY, NUCLEAR MEDICINE & MEDICAL IMAGING 核医学",4 [162/206],,,,,,,,,,,三级
Journal of Mid-life Health,2025,0976-7800/0976-7819,否,否,是,ESCI,1,,医学,4 [4190/5603],否, OBSTETRICS & GYNECOLOGY 妇产科学,4 [104/135],,,,,,,,,,,三级
MEDICINE,2025,0025-7974/1536-5964,否,否,是,SCIE,1.4,Mega-Journal,医学,4 [4191/5603],否," MEDICINE, GENERAL & INTERNAL 医学：内科",4 [155/327],,,,,,,,,,,三级
Metabolic Syndrome and Related Disorders,2025,1540-4196/1557-8518,否,否,否,SCIE,1.7,,医学,4 [4192/5603],否," MEDICINE, RESEARCH & EXPERIMENTAL 医学：研究与实验",4 [147/188],,,,,,,,,,,三级
Jornal Brasileiro de Nefrologia,2025,0101-2800/2175-8239,否,否,是,ESCI,1.3,,医学,4 [4193/5603],否, UROLOGY & NEPHROLOGY 泌尿学与肾脏学,4 [93/126],,,,,,,,,,,三级
Current Reviews in Clinical and Experimental Pharmacology,2025,2772-4328/2772-4336,是,否,否,ESCI,0.9,,医学,4 [4194/5603],否, PHARMACOLOGY & PHARMACY 药学,4 [269/350],,,,,,,,,,,三级
Canadian Journal of Respiratory Critical Care and Sleep Medicine,2025,2474-5332/2474-5340,否,否,否,ESCI,1.1,,医学,4 [4195/5603],否, RESPIRATORY SYSTEM 呼吸系统,4 [82/101],,,,,,,,,,,三级
Journal of Sports Analytics,2025,2215-020X/2215-0218,否,否,是,ESCI,1.2,,医学,4 [4196/5603],否," HOSPITALITY, LEISURE, SPORT & TOURISM 酒店、休闲、体育与旅游",4 [105/139]," SOCIAL SCIENCES, MATHEMATICAL METHODS 社会科学：数理方法",4 [60/67], SPORT SCIENCES 运动科学,4 [101/126],,,,,,,三级
Indian Journal of Palliative Care,2025,0973-1075/1998-3735,否,否,是,ESCI,1.2,,医学,4 [4197/5603],否, HEALTH CARE SCIENCES & SERVICES 卫生保健与服务,4 [147/173],,,,,,,,,,,三级
CURRENT DRUG METABOLISM,2025,1389-2002/1875-5453,是,否,否,SCIE,1.8,,医学,4 [4198/5603],否, BIOCHEMISTRY & MOLECULAR BIOLOGY 生化与分子生物学,4 [266/310], PHARMACOLOGY & PHARMACY 药学,4 [270/350],,,,,,,,,三级
Tzu Chi Medical Journal,2025,1016-3190/2223-8956,否,否,是,ESCI,1.6,,医学,4 [4199/5603],否," MEDICINE, GENERAL & INTERNAL 医学：内科",4 [156/327],,,,,,,,,,,三级
JOMR-Journal of Oral & Maxillofacial Research,2025,2029-283X/2029-283X,否,否,是,ESCI,1.4,,医学,4 [4200/5603],否," DENTISTRY, ORAL SURGERY & MEDICINE 牙科与口腔外科",4 [115/157],,,,,,,,,,,三级
Arab Journal of Urology,2025,2090-598X/2090-5998,否,否,是,ESCI,1.2,,医学,4 [4201/5603],否, UROLOGY & NEPHROLOGY 泌尿学与肾脏学,4 [94/126],,,,,,,,,,,三级
NEUROREPORT,2025,0959-4965/1473-558X,否,否,否,SCIE,1.7,,医学,4 [4202/5603],否, NEUROSCIENCES 神经科学,4 [275/309],,,,,,,,,,,三级
Central European Journal of Public Health,2025,1210-7778/1803-1048,否,否,否,SSCI;SCIE,0.9,,医学,4 [4203/5603],否," PUBLIC, ENVIRONMENTAL & OCCUPATIONAL HEALTH 公共卫生、环境卫生与职业卫生",4 [328/404],,,,,,,,,,,三级
Case Reports in Dentistry,2025,2090-6447/2090-6455,否,否,是,ESCI,0.9,,医学,4 [4204/5603],否," DENTISTRY, ORAL SURGERY & MEDICINE 牙科与口腔外科",4 [116/157],,,,,,,,,,,三级
Journal of Health Management,2025,0972-0634/0973-0729,否,否,否,ESCI,0.6,,医学,4 [4205/5603],否, HEALTH POLICY & SERVICES 卫生政策与服务,4 [105/118],,,,,,,,,,,三级
Research in Gerontological Nursing,2025,1940-4921/1938-2464,否,否,否,SSCI;SCIE,1.6,,医学,4 [4206/5603],否, NURSING 护理,4 [136/191],,,,,,,,,,,三级
International Journal of Surgery Case Reports,2025,2210-2612/2210-2612,否,否,否,ESCI,0.7,,医学,4 [4207/5603],否, SURGERY 外科,4 [228/292],,,,,,,,,,,三级
Case Reports in Dermatology,2025,1662-6567/1662-6567,否,否,是,ESCI,0.8,,医学,4 [4208/5603],否, DERMATOLOGY 皮肤病学,4 [72/94],,,,,,,,,,,三级
Acta Radiologica Open,2025,2058-4601/2058-4601,否,否,是,ESCI,1,,医学,4 [4209/5603],否," RADIOLOGY, NUCLEAR MEDICINE & MEDICAL IMAGING 核医学",4 [163/206],,,,,,,,,,,三级
REVISTA DO INSTITUTO DE MEDICINA TROPICAL DE SAO PAULO,2025,0036-4665/1678-9946,否,否,是,SCIE,1.7,,医学,4 [4210/5603],否, INFECTIOUS DISEASES 传染病学,4 [111/134], PARASITOLOGY 寄生虫学,4 [40/45], TROPICAL MEDICINE 热带医学,4 [21/28],,,,,,,三级
Medical Bulletin of Sisli Etfal Hospital,2025,1302-7123/1308-5123,否,否,否,ESCI,0.9,,医学,4 [4211/5603],否," MEDICINE, GENERAL & INTERNAL 医学：内科",4 [157/327],,,,,,,,,,,三级
Communicable Diseases Intelligence,2025,2209-6051/2209-6051,否,否,否,ESCI,1.6,,医学,4 [4212/5603],否, INFECTIOUS DISEASES 传染病学,4 [112/134],,,,,,,,,,,三级
IISE Transactions on Healthcare Systems Engineering,2025,2472-5579/2472-5587,否,否,否,ESCI,1.3,,医学,4 [4213/5603],否, HEALTH CARE SCIENCES & SERVICES 卫生保健与服务,4 [148/173], HEALTH POLICY & SERVICES 卫生政策与服务,4 [106/118], OPERATIONS RESEARCH & MANAGEMENT SCIENCE 运筹学与管理科学,4 [92/106],,,,,,,三级
European Heart Journal-Case Reports,2025,2514-2119/2514-2119,否,否,是,ESCI,0.8,,医学,4 [4214/5603],否, CARDIAC & CARDIOVASCULAR SYSTEMS 心脏和心血管系统,4 [179/223],,,,,,,,,,,三级
CONGENITAL ANOMALIES,2025,0914-3505/1741-4520,否,否,否,SCIE,1.6,,医学,4 [4215/5603],否, PEDIATRICS 儿科,4 [135/185],,,,,,,,,,,三级
JOURNAL OF HEALTH CARE FOR THE POOR AND UNDERSERVED,2025,1049-2089/1548-6869,否,否,否,SSCI,1.2,,医学,4 [4216/5603],否, HEALTH POLICY & SERVICES 卫生政策与服务,4 [107/118]," PUBLIC, ENVIRONMENTAL & OCCUPATIONAL HEALTH 公共卫生、环境卫生与职业卫生",4 [329/404],,,,,,,,,三级
Turkish Journal Of Medical Sciences,2025,1300-0144/1303-6165,否,否,否,SCIE,1,,医学,4 [4217/5603],否," MEDICINE, GENERAL & INTERNAL 医学：内科",4 [158/327],,,,,,,,,,,三级
Translational Cancer Research,2025,2218-676X/2219-6803,否,否,否,SCIE,1.7,,医学,4 [4218/5603],否, ONCOLOGY 肿瘤学,4 [266/318],,,,,,,,,,,三级
Sahara J-Journal of Social Aspects of HIV-AIDS,2025,1729-0376/1813-4424,否,否,是,SSCI,1.8,,医学,4 [4219/5603],否, HEALTH POLICY & SERVICES 卫生政策与服务,4 [108/118]," PUBLIC, ENVIRONMENTAL & OCCUPATIONAL HEALTH 公共卫生、环境卫生与职业卫生",4 [330/404],,,,,,,,,三级
Reumatologia,2025,0034-6233/2084-9834,否,否,是,ESCI,1.7,,医学,4 [4220/5603],否, RHEUMATOLOGY 风湿病学,4 [40/55],,,,,,,,,,,三级
Hong Kong Journal of Occupational Therapy,2025,1569-1861/1876-4398,否,否,是,SCIE,1.6,,医学,4 [4221/5603],否, REHABILITATION 康复医学,4 [138/169],,,,,,,,,,,三级
Medical Molecular Morphology,2025,1860-1480/1860-1499,否,否,否,SCIE,1.1,,医学,4 [4222/5603],否, PATHOLOGY 病理学,4 [68/88],,,,,,,,,,,三级
MILITARY MEDICINE,2025,0026-4075/1930-613X,否,否,否,SCIE,1.1,,医学,4 [4223/5603],否," MEDICINE, GENERAL & INTERNAL 医学：内科",4 [159/327],,,,,,,,,,,三级
Journal of Pediatric Neuropsychology,2025,2199-2681/2199-2673,否,否,否,ESCI,0.8,,医学,4 [4224/5603],否, CLINICAL NEUROLOGY 临床神经病学,4 [231/278], PSYCHOLOGY 心理学,4 [77/92]," PSYCHOLOGY, CLINICAL 心理学：临床",4 [149/179]," PSYCHOLOGY, DEVELOPMENTAL 心理学：发育",4 [84/91],,,,,三级
CLINICAL NEPHROLOGY,2025,0301-0430/0301-0430,否,否,否,SCIE,1,,医学,4 [4225/5603],否, UROLOGY & NEPHROLOGY 泌尿学与肾脏学,4 [95/126],,,,,,,,,,,三级
International Journal of Esthetic Dentistry,2025,2198-591X/2198-591X,否,否,否,ESCI,1.2,,医学,4 [4226/5603],否," DENTISTRY, ORAL SURGERY & MEDICINE 牙科与口腔外科",4 [117/157],,,,,,,,,,,三级
INTERNATIONAL JOURNAL OF PSYCHIATRY IN MEDICINE,2025,0091-2174/1541-3527,否,否,否,SSCI;SCIE,1.3,,医学,4 [4227/5603],否, PSYCHIATRY 精神病学,4 [223/277],,,,,,,,,,,三级
Journal of Current Ophthalmology,2025,2452-2325/2452-2325,否,否,是,ESCI,0.9,,医学,4 [4228/5603],否, OPHTHALMOLOGY 眼科学,4 [73/95],,,,,,,,,,,三级
Gastroenterology Review-Przeglad Gastroenterologiczny,2025,1895-5770/1897-4317,否,否,是,ESCI,2.5,,医学,4 [4229/5603],否, GASTROENTEROLOGY & HEPATOLOGY 胃肠肝病学,4 [115/143],,,,,,,,,,,三级
Translational Neuroscience,2025,2081-3856/2081-6936,否,否,是,SCIE,2.2,,医学,4 [4230/5603],否, NEUROSCIENCES 神经科学,4 [276/309],,,,,,,,,,,三级
Homeopathy,2025,1475-4916/1476-4245,否,否,否,SCIE,1.3,,医学,4 [4231/5603],否, INTEGRATIVE & COMPLEMENTARY MEDICINE 全科医学与补充医学,4 [27/43],,,,,,,,,,,三级
ACTA MICROBIOLOGICA ET IMMUNOLOGICA HUNGARICA,2025,1217-8950/1588-2640,否,否,否,SCIE,1.6,,医学,4 [4232/5603],否, IMMUNOLOGY 免疫学,4 [157/179], MICROBIOLOGY 微生物学,4 [137/159],,,,,,,,,三级
Journal of Korean Academy of Nursing,2025,2005-3673/2093-758X,否,否,否,SSCI;SCIE,0.8,,医学,4 [4233/5603],否, NURSING 护理,4 [137/191],,,,,,,,,,,三级
PANMINERVA MEDICA,2025,0031-0808/1827-1898,否,否,否,SCIEOnHold,,,医学,4 [4234/5603],否," MEDICINE, GENERAL & INTERNAL 医学：内科",4 [160/327],,,,,,,,,,,三级
African Health Sciences,2025,1680-6905/1729-0503,否,否,否,SCIE,0.9,,医学,4 [4235/5603],否," MEDICINE, GENERAL & INTERNAL 医学：内科",4 [161/327],,,,,,,,,,,三级
JOURNAL OF PEDIATRIC HEMATOLOGY ONCOLOGY,2025,1077-4114/1536-3678,否,否,否,SCIE,0.8,,医学,4 [4236/5603],否, HEMATOLOGY 血液学,4 [82/96], ONCOLOGY 肿瘤学,4 [267/318], PEDIATRICS 儿科,4 [136/185],,,,,,,三级
Comprehensive Child and Adolescent Nursing-Building Evidence for Practice,2025,2469-4193/2469-4207,否,否,否,ESCI,1.4,,医学,4 [4237/5603],否, NURSING 护理,4 [138/191],,,,,,,,,,,三级
Undersea and Hyperbaric Medicine,2025,1066-2936,否,否,否,SCIE,0.7,,医学,4 [4238/5603],否, MARINE & FRESHWATER BIOLOGY 海洋与淡水生物学,4 [81/118]," MEDICINE, RESEARCH & EXPERIMENTAL 医学：研究与实验",4 [148/188],,,,,,,,,三级
European Journal of Prosthodontics and Restorative Dentistry,2025,0965-7452/2396-8893,否,否,否,ESCI,1.2,,医学,4 [4239/5603],否," DENTISTRY, ORAL SURGERY & MEDICINE 牙科与口腔外科",4 [118/157],,,,,,,,,,,三级
New Microbiologica,2025,1121-7138/1121-7138,否,否,否,SCIE,1,,医学,4 [4240/5603],否, MICROBIOLOGY 微生物学,4 [138/159],,,,,,,,,,,三级
Journal of Medical Signals & Sensors,2025,2228-7477/2228-7477,否,否,是,ESCI,1.1,,医学,4 [4241/5603],否," ENGINEERING, BIOMEDICAL 工程：生物医学",4 [100/120],,,,,,,,,,,三级
CHINESE JOURNAL OF PHYSIOLOGY,2025,0304-4920/2666-0059,否,否,否,SCIE,1.6,,医学,4 [4242/5603],否, PHYSIOLOGY 生理学,4 [75/84],,,,,,,,,,,三级
Minerva Obstetrics and Gynecology,2025,2724-606X/2724-6450,否,否,否,ESCI,1,,医学,4 [4243/5603],否, OBSTETRICS & GYNECOLOGY 妇产科学,4 [105/135],,,,,,,,,,,三级
Turkish Journal of Pathology,2025,1018-5615/1309-5730,否,否,是,ESCI,2.1,,医学,4 [4244/5603],否, PATHOLOGY 病理学,4 [69/88],,,,,,,,,,,三级
JA Clinical Reports,2025,2363-9024/2363-9024,否,否,是,ESCI,1,,医学,4 [4245/5603],否, ANESTHESIOLOGY 麻醉学,4 [44/64],,,,,,,,,,,三级
South African Family Practice,2025,2078-6190/2078-6204,否,否,是,ESCI,1.4,,医学,4 [4246/5603],否," MEDICINE, GENERAL & INTERNAL 医学：内科",4 [162/327],,,,,,,,,,,三级
Progress in Community Health Partnerships-Research Education and Action,2025,1557-0541/1557-055X,否,否,否,SSCI,0.6,,医学,4 [4247/5603],否," PUBLIC, ENVIRONMENTAL & OCCUPATIONAL HEALTH 公共卫生、环境卫生与职业卫生",4 [331/404],,,,,,,,,,,三级
Urology Annals,2025,0974-7796/0974-7834,否,否,是,ESCI,0.8,,医学,4 [4248/5603],否, UROLOGY & NEPHROLOGY 泌尿学与肾脏学,4 [96/126],,,,,,,,,,,三级
SYNAPSE,2025,0887-4476/1098-2396,否,否,否,SCIE,2,,医学,4 [4249/5603],否, NEUROSCIENCES 神经科学,4 [277/309],,,,,,,,,,,三级
Southern African Journal of Infectious Diseases,2025,2312-0053/2313-1810,否,否,是,ESCI,1.3,,医学,4 [4250/5603],否, INFECTIOUS DISEASES 传染病学,4 [113/134],,,,,,,,,,,三级
GENETIC EPIDEMIOLOGY,2025,0741-0395/1098-2272,否,否,否,SCIE,3.8,,医学,4 [4251/5603],否, GENETICS & HEREDITY 遗传学,4 [160/190], MATHEMATICAL & COMPUTATIONAL BIOLOGY 数学与计算生物学,4 [54/66],,,,,,,,,三级
JOURNAL OF FORENSIC PSYCHIATRY & PSYCHOLOGY,2025,1478-9949/1478-9957,否,否,否,SSCI,1.1,,医学,4 [4252/5603],否, CRIMINOLOGY & PENOLOGY 犯罪学与刑罚学,4 [96/111], PSYCHIATRY 精神病学,4 [224/277],,,,,,,,,三级
Anaesthesia Reports,2025,2637-3726/2637-3726,否,否,否,ESCI,0.8,,医学,4 [4253/5603],否, ANESTHESIOLOGY 麻醉学,4 [45/64],,,,,,,,,,,三级
Journal of Clinical Virology Plus,2025,2667-0380/2667-0380,否,否,否,ESCI,1.4,,医学,4 [4254/5603],否, INFECTIOUS DISEASES 传染病学,4 [114/134], VIROLOGY 病毒学,4 [34/41],,,,,,,,,三级
Journal of Gastrointestinal Cancer,2025,1941-6628/1941-6636,否,否,否,ESCI,1.6,,医学,4 [4255/5603],否, ONCOLOGY 肿瘤学,4 [268/318],,,,,,,,,,,三级
Revista Brasileira de Enfermagem,2025,0034-7167/1984-0446,否,否,是,ESCI,1.2,,医学,4 [4256/5603],否, NURSING 护理,4 [139/191],,,,,,,,,,,三级
Journal of Pediatric Rehabilitation Medicine,2025,1874-5393/1875-8894,否,否,是,ESCI,1,,医学,4 [4257/5603],否, PEDIATRICS 儿科,4 [137/185],,,,,,,,,,,三级
Drug Discoveries and Therapeutics,2025,1881-7831/1881-784X,否,否,否,ESCI,1.5,,医学,4 [4258/5603],否, PHARMACOLOGY & PHARMACY 药学,4 [272/350],,,,,,,,,,,三级
Journal of Mental Health Training Education and Practice,2025,1755-6228/2042-8707,否,否,否,ESCI,1.2,,医学,4 [4259/5603],否, PSYCHIATRY 精神病学,4 [225/277],,,,,,,,,,,三级
Central European Journal of Immunology,2025,1426-3912/1644-4124,否,否,是,SCIE,1.6,,医学,4 [4260/5603],否, IMMUNOLOGY 免疫学,4 [158/179],,,,,,,,,,,三级
European Burn Journal,2025,2673-1991/2673-1991,否,否,是,ESCI,1.2,,医学,4 [4261/5603],否, CRITICAL CARE MEDICINE 危重病医学,4 [43/56], DERMATOLOGY 皮肤病学,4 [73/94],,,,,,,,,三级
Journal of Investigative Medicine High Impact Case Reports,2025,2324-7096/2324-7096,否,否,是,ESCI,0.8,,医学,4 [4262/5603],否," MEDICINE, GENERAL & INTERNAL 医学：内科",4 [163/327],,,,,,,,,,,三级
Health Security,2025,2326-5094/2326-5108,否,否,否,SSCI,1.6,,医学,4 [4263/5603],否," PUBLIC, ENVIRONMENTAL & OCCUPATIONAL HEALTH 公共卫生、环境卫生与职业卫生",4 [332/404],,,,,,,,,,,三级
Therapeutic Delivery,2025,2041-5990/2041-6008,否,否,否,ESCI,2.2,,医学,4 [4264/5603],否, PHARMACOLOGY & PHARMACY 药学,4 [273/350],,,,,,,,,,,三级
ANNALI DELL ISTITUTO SUPERIORE DI SANITA,2025,0021-2571/2384-8553,否,否,是,SCIE,1.7,,医学,4 [4265/5603],否," PUBLIC, ENVIRONMENTAL & OCCUPATIONAL HEALTH 公共卫生、环境卫生与职业卫生",4 [333/404],,,,,,,,,,,三级
JOURNAL OF ASIAN NATURAL PRODUCTS RESEARCH,2025,1028-6020/1477-2213,否,否,否,SCIE,1.3,,医学,4 [4266/5603],否," CHEMISTRY, APPLIED 应用化学",4 [47/74]," CHEMISTRY, MEDICINAL 药物化学",4 [59/72], PHARMACOLOGY & PHARMACY 药学,4 [274/350], PLANT SCIENCES 植物科学,4 [191/265],,,,,三级
CLINICAL PEDIATRICS,2025,0009-9228/1938-2707,否,否,否,SCIE,0.7,,医学,4 [4267/5603],否, PEDIATRICS 儿科,4 [138/185],,,,,,,,,,,三级
Egyptian Rheumatologist,2025,1110-1164/2090-2433,否,否,是,ESCI,1,,医学,4 [4268/5603],否, RHEUMATOLOGY 风湿病学,4 [41/55],,,,,,,,,,,三级
Notfall & Rettungsmedizin,2025,1434-6222/1436-0578,否,否,否,SCIE,1.1,,医学,4 [4269/5603],否, EMERGENCY MEDICINE 急救医学,4 [38/54],,,,,,,,,,,三级
ISRAEL MEDICAL ASSOCIATION JOURNAL,2025,1565-1088/1565-1088,否,否,否,SCIE,1.3,,医学,4 [4270/5603],否," MEDICINE, GENERAL & INTERNAL 医学：内科",4 [164/327],,,,,,,,,,,三级
PEDIATRICS INTERNATIONAL,2025,1328-8067/1442-200X,否,否,否,SCIE,0.9,,医学,4 [4271/5603],否, PEDIATRICS 儿科,4 [139/185],,,,,,,,,,,三级
Hispanic Health Care International,2025,1540-4153/1938-8993,否,否,否,ESCI,1.1,,医学,4 [4272/5603],否," PUBLIC, ENVIRONMENTAL & OCCUPATIONAL HEALTH 公共卫生、环境卫生与职业卫生",4 [335/404],,,,,,,,,,,三级
Ophthalmic Surgery Lasers & Imaging Retina,2025,2325-8160/2325-8179,否,否,否,SCIE,1.1,,医学,4 [4273/5603],否, OPHTHALMOLOGY 眼科学,4 [74/95], SURGERY 外科,4 [229/292],,,,,,,,,三级
SEMINARS IN ROENTGENOLOGY,2025,0037-198X/1558-4658,否,否,否,SCIE,1.3,,医学,4 [4274/5603],否," RADIOLOGY, NUCLEAR MEDICINE & MEDICAL IMAGING 核医学",4 [164/206],,,,,,,,,,,三级
Current Breast Cancer Reports,2025,1943-4588/1943-4596,是,否,否,ESCI,0.9,,医学,4 [4275/5603],否, ONCOLOGY 肿瘤学,4 [269/318],,,,,,,,,,,三级
Internal Medicine,2025,0918-2918/1349-7235,否,否,否,SCIE,1.1,,医学,4 [4276/5603],否," MEDICINE, GENERAL & INTERNAL 医学：内科",4 [165/327],,,,,,,,,,,三级
Danish Medical Journal,2025,2245-1919/2245-1919,否,否,否,SCIE,1.2,,医学,4 [4277/5603],否," MEDICINE, GENERAL & INTERNAL 医学：内科",4 [166/327],,,,,,,,,,,三级
Hong Kong Physiotherapy Journal,2025,1013-7025/1876-441X,否,否,是,ESCI,1,,医学,4 [4278/5603],否, REHABILITATION 康复医学,4 [139/169],,,,,,,,,,,三级
NEUROLOGIST,2025,1074-7931/2331-2637,否,否,否,SCIE,1,,医学,4 [4279/5603],否, CLINICAL NEUROLOGY 临床神经病学,4 [232/278],,,,,,,,,,,三级
South African Journal of Psychiatry,2025,1608-9685/2078-6786,否,否,是,SSCI;SCIE,1.3,,医学,4 [4280/5603],否, PSYCHIATRY 精神病学,4 [226/277],,,,,,,,,,,三级
Journal for Healthcare Quality,2025,1062-2551/1945-1474,否,否,否,SSCI;SCIE,1.3,,医学,4 [4281/5603],否, HEALTH CARE SCIENCES & SERVICES 卫生保健与服务,4 [149/173], HEALTH POLICY & SERVICES 卫生政策与服务,4 [110/118],,,,,,,,,三级
Annals of Neurosciences,2025,0972-7531/0976-3260,否,否,否,ESCI,2.4,,医学,4 [4282/5603],否, NEUROSCIENCES 神经科学,4 [278/309],,,,,,,,,,,三级
PEDIATRIC ANNALS,2025,0090-4481/1938-2359,否,否,否,SCIE,1,,医学,4 [4283/5603],否, PEDIATRICS 儿科,4 [140/185],,,,,,,,,,,三级
Advances in Integrative Medicine,2025,2212-9588/2212-9596,否,否,否,ESCI,1.3,,医学,4 [4284/5603],否, INTEGRATIVE & COMPLEMENTARY MEDICINE 全科医学与补充医学,4 [28/43],,,,,,,,,,,三级
CELL AND TISSUE BANKING,2025,1389-9333/1573-6814,否,否,否,SCIE,2,,医学,4 [4285/5603],否, CELL BIOLOGY 细胞生物学,4 [190/203]," ENGINEERING, BIOMEDICAL 工程：生物医学",4 [101/120],,,,,,,,,三级
Journal of Yeungnam Medical Science,2025,2799-8010/2799-8010,否,否,是,ESCI,1.4,,医学,4 [4286/5603],否," MEDICINE, GENERAL & INTERNAL 医学：内科",4 [167/327],,,,,,,,,,,三级
GERMS,2025,2248-2997/2248-2997,否,否,否,ESCI,1.7,,医学,4 [4287/5603],否, INFECTIOUS DISEASES 传染病学,4 [115/134],,,,,,,,,,,三级
Medical Acupuncture,2025,1933-6586/1933-6594,否,否,否,ESCI,0.9,,医学,4 [4288/5603],否, INTEGRATIVE & COMPLEMENTARY MEDICINE 全科医学与补充医学,4 [29/43],,,,,,,,,,,三级
LIPIDS,2025,0024-4201/1558-9307,否,否,否,SCIE,1.6,,医学,4 [4289/5603],否, BIOCHEMISTRY & MOLECULAR BIOLOGY 生化与分子生物学,4 [269/310], NUTRITION & DIETETICS 营养学,4 [88/113],,,,,,,,,三级
Journal of Chiropractic Medicine,2025,0899-3467/1556-3715,否,否,否,ESCI,0.8,,医学,4 [4290/5603],否, REHABILITATION 康复医学,4 [140/169],,,,,,,,,,,三级
Journal of the Belgian Society of Radiology,2025,2514-8281/2514-8281,否,否,是,SCIE,1.3,,医学,4 [4291/5603],否," RADIOLOGY, NUCLEAR MEDICINE & MEDICAL IMAGING 核医学",4 [165/206],,,,,,,,,,,三级
Reviews on Recent Clinical Trials,2025,1574-8871/1876-1038,否,否,否,ESCI,1,,医学,4 [4292/5603],否, PHARMACOLOGY & PHARMACY 药学,4 [275/350],,,,,,,,,,,三级
Biomedical Engineering-Biomedizinische Technik,2025,0013-5585/1862-278X,否,否,否,SCIE,1.8,,医学,4 [4293/5603],否," ENGINEERING, BIOMEDICAL 工程：生物医学",4 [102/120], MEDICAL INFORMATICS 医学：信息,4 [42/44],,,,,,,,,三级
Iranian Journal of Pharmaceutical Research,2025,1735-0328/1726-6890,否,否,否,SCIE,1.8,,医学,4 [4294/5603],否, PHARMACOLOGY & PHARMACY 药学,4 [276/350],,,,,,,,,,,三级
Revista Espanola de Anestesiologia y Reanimacion,2025,0034-9356/2340-3284,否,否,否,ESCI,0.8,,医学,4 [4295/5603],否, ANESTHESIOLOGY 麻醉学,4 [46/64],,,,,,,,,,,三级
Southern African Journal of Critical Care,2025,1562-8264/2078-676X,否,否,是,ESCI,1,,医学,4 [4296/5603],否, CRITICAL CARE MEDICINE 危重病医学,4 [44/56],,,,,,,,,,,三级
MUTATION RESEARCH-FUNDAMENTAL AND MOLECULAR MECHANISMS OF MUTAGENESIS,2025,1386-1964/1879-2871,否,否,否,SCIE,1.9,,医学,4 [4297/5603],否, BIOTECHNOLOGY & APPLIED MICROBIOLOGY 生物工程与应用微生物,4 [142/174], GENETICS & HEREDITY 遗传学,4 [162/190], TOXICOLOGY 毒理学,4 [93/106],,,,,,,三级
Polish Journal of Radiology,2025,0137-7183/1899-0967,否,否,否,ESCI,1.6,,医学,4 [4298/5603],否," RADIOLOGY, NUCLEAR MEDICINE & MEDICAL IMAGING 核医学",4 [166/206],,,,,,,,,,,三级
INTERNATIONAL JOURNAL FOR VITAMIN AND NUTRITION RESEARCH,2025,0300-9831/1664-2821,否,否,否,SCIE,2.5,,医学,4 [4299/5603],否, NUTRITION & DIETETICS 营养学,4 [89/113],,,,,,,,,,,三级
Research and Reports in Neonatology,2025,1179-9935/1179-9935,否,否,是,ESCI,1.2,,医学,4 [4300/5603],否, PEDIATRICS 儿科,4 [141/185],,,,,,,,,,,三级
Journal of Family Medicine and Primary Care,2025,2249-4863/2278-7135,否,否,是,ESCI,1,,医学,4 [4301/5603],否, PRIMARY HEALTH CARE 初级卫生保健,4 [26/28],,,,,,,,,,,三级
Clinical Journal of Gastroenterology,2025,1865-7257/1865-7265,否,否,否,ESCI,0.9,,医学,4 [4302/5603],否, GASTROENTEROLOGY & HEPATOLOGY 胃肠肝病学,4 [116/143],,,,,,,,,,,三级
Journal of Neurological Surgery Reports,2025,2193-6358/2193-6366,否,否,是,ESCI,0.7,,医学,4 [4303/5603],否, CLINICAL NEUROLOGY 临床神经病学,4 [233/278],,,,,,,,,,,三级
JOURNAL OF PSYCHOSOCIAL NURSING AND MENTAL HEALTH SERVICES,2025,0279-3695/1938-2413,否,否,否,SSCI;SCIE,1.1,,医学,4 [4304/5603],否, NURSING 护理,4 [140/191],,,,,,,,,,,三级
Journal of Acupuncture and Meridian Studies,2025,2005-2901/2093-8152,否,否,是,ESCI,1.2,,医学,4 [4305/5603],否, INTEGRATIVE & COMPLEMENTARY MEDICINE 全科医学与补充医学,4 [30/43],,,,,,,,,,,三级
NeuroSci,2025,2673-4087/2673-4087,否,否,否,ESCI,2,,医学,4 [4306/5603],否, CLINICAL NEUROLOGY 临床神经病学,4 [234/278], NEUROSCIENCES 神经科学,4 [279/309],,,,,,,,,三级
Drugs Habits and Social Policy,2025,2752-6739/2752-6747,否,否,否,ESCI,1.6,,医学,4 [4307/5603],否, SUBSTANCE ABUSE 药物滥用,4 [47/56],,,,,,,,,,,三级
Turkish Neurosurgery,2025,1019-5149/1019-5149,否,否,否,SCIE,0.8,,医学,4 [4308/5603],否, CLINICAL NEUROLOGY 临床神经病学,4 [235/278], SURGERY 外科,4 [230/292],,,,,,,,,三级
Journal of Infection Prevention,2025,1757-1774/1757-1782,否,否,否,ESCI,1,,医学,4 [4309/5603],否, INFECTIOUS DISEASES 传染病学,4 [116/134]," PUBLIC, ENVIRONMENTAL & OCCUPATIONAL HEALTH 公共卫生、环境卫生与职业卫生",4 [336/404],,,,,,,,,三级
Neurodegenerative Diseases,2025,1660-2854/1660-2862,否,否,否,SCIE,2.6,,医学,4 [4310/5603],否, CLINICAL NEUROLOGY 临床神经病学,4 [236/278], NEUROSCIENCES 神经科学,4 [280/309],,,,,,,,,三级
Revista de Gastroenterologia de Mexico,2025,0375-0906/0375-0906,否,否,是,ESCI,1.7,,医学,4 [4311/5603],否, GASTROENTEROLOGY & HEPATOLOGY 胃肠肝病学,4 [117/143],,,,,,,,,,,三级
Alpha Psychiatry,2025,2757-8038/2757-8038,否,否,否,SCIE,3.5,,医学,4 [4312/5603],否, PSYCHIATRY 精神病学,4 [227/277],,,,,,,,,,,三级
Crohns & Colitis 360,2025,2631-827X/2631-827X,否,否,是,ESCI,2.6,,医学,4 [4313/5603],否, GASTROENTEROLOGY & HEPATOLOGY 胃肠肝病学,4 [118/143],,,,,,,,,,,三级
Craniomaxillofacial Trauma & Reconstruction,2025,1943-3875/1943-3883,否,否,否,ESCI,0.4,,医学,4 [4314/5603],否," DENTISTRY, ORAL SURGERY & MEDICINE 牙科与口腔外科",4 [119/157],,,,,,,,,,,三级
Prostate Cancer,2025,2090-3111/2090-312X,否,否,是,ESCI,2,,医学,4 [4315/5603],否, ONCOLOGY 肿瘤学,4 [270/318],,,,,,,,,,,三级
FOLIA NEUROPATHOLOGICA,2025,1641-4640/1509-572X,否,否,是,SCIE,1.6,,医学,4 [4316/5603],否, NEUROSCIENCES 神经科学,4 [281/309], PATHOLOGY 病理学,4 [70/88],,,,,,,,,三级
Bali Medical Journal,2025,2089-1180/2302-2914,否,否,是,ESCI,0.2,,医学,4 [4317/5603],否," MEDICINE, GENERAL & INTERNAL 医学：内科",4 [168/327],,,,,,,,,,,三级
Frontiers in Virology,2025,2673-818X/2673-818X,否,否,否,ESCI,1.6,,医学,4 [4318/5603],否, VIROLOGY 病毒学,4 [35/41],,,,,,,,,,,三级
Nigerian Journal of Clinical Practice,2025,1119-3077/2229-7731,否,否,否,SCIE,0.7,,医学,4 [4319/5603],否," MEDICINE, GENERAL & INTERNAL 医学：内科",4 [169/327],,,,,,,,,,,三级
International Journal of Preventive Medicine,2025,2008-7802/2008-8213,否,否,是,ESCI,1.5,,医学,4 [4320/5603],否," MEDICINE, GENERAL & INTERNAL 医学：内科",4 [170/327],,,,,,,,,,,三级
Fetal and Pediatric Pathology,2025,1551-3815/1551-3823,否,否,否,SCIE,0.6,,医学,4 [4321/5603],否, PATHOLOGY 病理学,4 [71/88], PEDIATRICS 儿科,4 [142/185],,,,,,,,,三级
Current Hypertension Reviews,2025,1573-4021/1875-6506,是,否,否,ESCI,0.8,,医学,4 [4322/5603],否, PERIPHERAL VASCULAR DISEASE 外周血管病,4 [83/96],,,,,,,,,,,三级
International Journal of Health Sciences-IJHS,2025,1658-3639/1658-7774,否,否,是,ESCI,2.1,,医学,4 [4323/5603],否," MEDICINE, GENERAL & INTERNAL 医学：内科",4 [171/327],,,,,,,,,,,三级
Journal of Agricultural Safety and Health,2025,1074-7583/1943-7846,否,否,否,ESCI,0.9,,医学,4 [4324/5603],否," PUBLIC, ENVIRONMENTAL & OCCUPATIONAL HEALTH 公共卫生、环境卫生与职业卫生",4 [337/404],,,,,,,,,,,三级
Research and Theory for Nursing Practice,2025,1541-6577/1945-7286,否,否,否,SSCI;SCIE,0.5,,医学,4 [4325/5603],否, NURSING 护理,4 [141/191],,,,,,,,,,,三级
Pflege,2025,1012-5302/1664-283X,否,否,否,SSCI;SCIE,0.3,,医学,4 [4326/5603],否, NURSING 护理,4 [142/191],,,,,,,,,,,三级
ASIA PACIFIC JOURNAL OF CLINICAL NUTRITION,2025,0964-7058/1440-6047,否,否,否,SCIE,1.5,,医学,4 [4327/5603],否, NUTRITION & DIETETICS 营养学,4 [90/113],,,,,,,,,,,三级
VIRAL IMMUNOLOGY,2025,0882-8245/1557-8976,否,否,否,SCIE,1.2,,医学,4 [4328/5603],否, IMMUNOLOGY 免疫学,4 [160/179], VIROLOGY 病毒学,4 [36/41],,,,,,,,,三级
International Journal of Clinical and Experimental Pathology,2025,1936-2625/1936-2625,否,否,否,ESCI,0.9,,医学,4 [4329/5603],否, ONCOLOGY 肿瘤学,4 [271/318], PATHOLOGY 病理学,4 [72/88],,,,,,,,,三级
Modern Rheumatology Case Reports,2025,2472-5625/2472-5625,否,否,否,ESCI,0.9,,医学,4 [4330/5603],否, RHEUMATOLOGY 风湿病学,4 [42/55],,,,,,,,,,,三级
Pathology and Laboratory Medicine International,2025,1179-2698/1179-2698,否,否,是,ESCI,1.1,,医学,4 [4331/5603],否, PATHOLOGY 病理学,4 [73/88],,,,,,,,,,,三级
PEDIATRICS IN REVIEW,2025,0191-9601/1526-3347,否,否,否,ESCI,1.6,,医学,4 [4332/5603],否, PEDIATRICS 儿科,4 [143/185],,,,,,,,,,,三级
Advances in Cancer Biology-Metastasis,2025,2667-3940/2667-3940,否,否,否,ESCI,3,,医学,4 [4333/5603],否, ONCOLOGY 肿瘤学,4 [272/318],,,,,,,,,,,三级
ACTA NEUROBIOLOGIAE EXPERIMENTALIS,2025,0065-1400/1689-0035,否,否,否,SCIE,1.4,,医学,4 [4334/5603],否, NEUROSCIENCES 神经科学,4 [282/309],,,,,,,,,,,三级
ULTRASTRUCTURAL PATHOLOGY,2025,0191-3123/1521-0758,否,否,否,SCIE,1.2,,医学,4 [4335/5603],否, MICROSCOPY 显微镜技术,4 [8/8], PATHOLOGY 病理学,4 [74/88],,,,,,,,,三级
COMBINATORIAL CHEMISTRY & HIGH THROUGHPUT SCREENING,2025,1386-2073/1875-5402,否,否,否,SCIE,1.7,,医学,4 [4336/5603],否, BIOCHEMICAL RESEARCH METHODS 生化研究方法,4 [75/85]," CHEMISTRY, APPLIED 应用化学",4 [52/74], PHARMACOLOGY & PHARMACY 药学,4 [277/350],,,,,,,三级
International Journal of Cardiology Congenital Heart Disease,2025,2666-6685/2666-6685,否,否,是,ESCI,1.2,,医学,4 [4337/5603],否, CARDIAC & CARDIOVASCULAR SYSTEMS 心脏和心血管系统,4 [180/223],,,,,,,,,,,三级
HEART SURGERY FORUM,2025,1098-3511/1522-6662,否,否,否,SCIE,0.6,,医学,4 [4338/5603],否, CARDIAC & CARDIOVASCULAR SYSTEMS 心脏和心血管系统,4 [181/223], SURGERY 外科,4 [231/292],,,,,,,,,三级
YONAGO ACTA MEDICA,2025,0513-5710/1346-8049,否,否,否,SCIE,0.6,,医学,4 [4339/5603],否," MEDICINE, RESEARCH & EXPERIMENTAL 医学：研究与实验",4 [149/188],,,,,,,,,,,三级
Journal of Healthcare Quality Research,2025,2603-6479/2603-6479,否,否,否,ESCI,1,,医学,4 [4340/5603],否, HEALTH CARE SCIENCES & SERVICES 卫生保健与服务,4 [150/173],,,,,,,,,,,三级
RADIOLOGIA,2025,0033-8338/1578-178X,否,否,否,ESCI,1.1,,医学,4 [4341/5603],否," RADIOLOGY, NUCLEAR MEDICINE & MEDICAL IMAGING 核医学",4 [167/206],,,,,,,,,,,三级
Zeitschrift fur Orthopadie und Unfallchirurgie,2025,1864-6697/1864-6743,否,否,否,SCIE,0.9,,医学,4 [4342/5603],否, ORTHOPEDICS 骨科,4 [109/136],,,,,,,,,,,三级
Urology Research and Practice,2025,2980-1478/2980-1478,否,否,是,ESCI,1.1,,医学,4 [4343/5603],否, UROLOGY & NEPHROLOGY 泌尿学与肾脏学,4 [97/126],,,,,,,,,,,三级
Open Access Journal of Clinical Trials,2025,1179-1519/1179-1519,否,否,是,ESCI,1,,医学,4 [4344/5603],否," MEDICINE, RESEARCH & EXPERIMENTAL 医学：研究与实验",4 [150/188],,,,,,,,,,,三级
Turk Kardiyoloji Dernegi Arsivi-Archives of the Turkish Society of Cardiology,2025,1016-5169/1308-4488,否,否,是,ESCI,0.6,,医学,4 [4345/5603],否, CARDIAC & CARDIOVASCULAR SYSTEMS 心脏和心血管系统,4 [182/223],,,,,,,,,,,三级
Personalized Medicine,2025,1741-0541/1744-828X,否,否,否,SCIE,1.8,,医学,4 [4346/5603],否, PHARMACOLOGY & PHARMACY 药学,4 [278/350],,,,,,,,,,,三级
Physical Therapy Reviews,2025,1083-3196/1743-288X,是,否,否,ESCI,1.2,,医学,4 [4347/5603],否, REHABILITATION 康复医学,4 [141/169],,,,,,,,,,,三级
ARQUIVOS BRASILEIROS DE OFTALMOLOGIA,2025,0004-2749/1678-2925,否,否,是,SCIE,1.2,,医学,4 [4348/5603],否, OPHTHALMOLOGY 眼科学,4 [75/95],,,,,,,,,,,三级
Current Physical Medicine and Rehabilitation Reports,2025,2167-4833/2167-4833,是,否,否,ESCI,1.2,,医学,4 [4349/5603],否, REHABILITATION 康复医学,4 [142/169],,,,,,,,,,,三级
Journal of Trauma Nursing,2025,1078-7496/1932-3883,否,否,否,SSCI;SCIE,0.9,,医学,4 [4350/5603],否, CRITICAL CARE MEDICINE 危重病医学,4 [45/56], NURSING 护理,4 [143/191],,,,,,,,,三级
Journal of Neurological Surgery Part A-Central European Neurosurgery,2025,2193-6315/2193-6323,否,否,否,SCIE,0.8,,医学,4 [4351/5603],否, CLINICAL NEUROLOGY 临床神经病学,4 [237/278], SURGERY 外科,4 [232/292],,,,,,,,,三级
Geospatial Health,2025,1827-1987/1970-7096,否,否,是,SCIE,0.9,,医学,4 [4352/5603],否, HEALTH CARE SCIENCES & SERVICES 卫生保健与服务,4 [151/173]," PUBLIC, ENVIRONMENTAL & OCCUPATIONAL HEALTH 公共卫生、环境卫生与职业卫生",4 [338/404],,,,,,,,,三级
TEXAS HEART INSTITUTE JOURNAL,2025,0730-2347/1526-6702,否,否,否,SCIE,0.9,,医学,4 [4353/5603],否, CARDIAC & CARDIOVASCULAR SYSTEMS 心脏和心血管系统,4 [183/223],,,,,,,,,,,三级
Public Health Genomics,2025,1662-4246/1662-8063,否,否,是,SSCI;SCIE,1.5,,医学,4 [4354/5603],否, GENETICS & HEREDITY 遗传学,4 [164/190]," PUBLIC, ENVIRONMENTAL & OCCUPATIONAL HEALTH 公共卫生、环境卫生与职业卫生",4 [339/404],,,,,,,,,三级
Oncologie,2025,1292-3818/1765-2839,否,否,否,SCIE,2.5,,医学,4 [4355/5603],否, ONCOLOGY 肿瘤学,4 [273/318],,,,,,,,,,,三级
Frontiers in Dental Medicine,2025,2673-4915/2673-4915,否,否,是,ESCI,1.8,,医学,4 [4356/5603],否," DENTISTRY, ORAL SURGERY & MEDICINE 牙科与口腔外科",4 [120/157],,,,,,,,,,,三级
International Journal of Health Governance,2025,2059-4631/2059-4631,否,否,否,ESCI,1.9,,医学,4 [4357/5603],否, HEALTH POLICY & SERVICES 卫生政策与服务,4 [111/118],,,,,,,,,,,三级
JOURNAL OF PHARMACY PRACTICE AND RESEARCH,2025,1445-937X/2055-2335,否,否,否,ESCI,0.8,,医学,4 [4358/5603],否, PHARMACOLOGY & PHARMACY 药学,4 [279/350],,,,,,,,,,,三级
ENDOCRINE RESEARCH,2025,0743-5800/1532-4206,否,否,否,SCIE,1.8,,医学,4 [4359/5603],否, ENDOCRINOLOGY & METABOLISM 内分泌学与代谢,4 [155/184],,,,,,,,,,,三级
Journal of Gerontological Nursing,2025,0098-9134/1938-243X,否,否,否,SSCI;SCIE,1.1,,医学,4 [4360/5603],否, GERIATRICS & GERONTOLOGY 老年医学,4 [64/72], GERONTOLOGY 老年医学（社科）,4 [41/48], NURSING 护理,4 [144/191],,,,,,,三级
Translational and Clinical Pharmacology,2025,2289-0882/2383-5427,否,否,否,ESCI,1.5,,医学,4 [4361/5603],否, PHARMACOLOGY & PHARMACY 药学,4 [280/350],,,,,,,,,,,三级
Sleep and Biological Rhythms,2025,1446-9235/1479-8425,否,否,否,SCIE,1.3,,医学,4 [4362/5603],否, CLINICAL NEUROLOGY 临床神经病学,4 [238/278], NEUROSCIENCES 神经科学,4 [283/309],,,,,,,,,三级
Journal of Scleroderma and Related Disorders,2025,2397-1983/2397-1991,否,否,否,ESCI,1.2,,医学,4 [4363/5603],否, RHEUMATOLOGY 风湿病学,4 [43/55],,,,,,,,,,,三级
RICYDE-Revista Internacional de Ciencias del Deporte,2025,1885-3137/1885-3137,否,否,是,ESCI,,,医学,4 [4364/5603],否, SPORT SCIENCES 运动科学,4 [102/126],,,,,,,,,,,三级
Neurohospitalist,2025,1941-8744/1941-8752,否,否,否,ESCI,0.7,,医学,4 [4365/5603],否, CLINICAL NEUROLOGY 临床神经病学,4 [239/278],,,,,,,,,,,三级
Revista Brasileira de Ginecologia e Obstetricia,2025,0100-7203/1806-9339,否,否,是,ESCI,1.4,,医学,4 [4366/5603],否, OBSTETRICS & GYNECOLOGY 妇产科学,4 [106/135],,,,,,,,,,,三级
Cognitive and Behavioral Neurology,2025,1543-3633/1543-3641,否,否,否,SCIE,1.7,,医学,4 [4367/5603],否, BEHAVIORAL SCIENCES 行为科学,4 [55/55], CLINICAL NEUROLOGY 临床神经病学,4 [240/278],,,,,,,,,三级
Clinical Medicine Insights-Case Reports,2025,1179-5476/1179-5476,否,否,是,ESCI,0.6,,医学,4 [4368/5603],否," MEDICINE, GENERAL & INTERNAL 医学：内科",4 [172/327],,,,,,,,,,,三级
Arteterapia-Papeles de Arteterapia y Educacion Artistica para la Inclusion Social,2025,1886-6190/1988-8309,否,否,是,ESCI,0.4,,医学,4 [4369/5603],否, REHABILITATION 康复医学,4 [143/169],,,,,,,,,,,三级
Research Reports in Clinical Cardiology,2025,1179-8475/1179-8475,否,否,是,ESCI,0.5,,医学,4 [4370/5603],否, CARDIAC & CARDIOVASCULAR SYSTEMS 心脏和心血管系统,4 [184/223],,,,,,,,,,,三级
Arhiv za Higijenu Rada i Toksikologiju-Archives of Industrial Hygiene and Toxicology,2025,0004-1254/1848-6312,否,否,是,SCIE,1.6,,医学,4 [4371/5603],否," PUBLIC, ENVIRONMENTAL & OCCUPATIONAL HEALTH 公共卫生、环境卫生与职业卫生",4 [340/404], TOXICOLOGY 毒理学,4 [94/106],,,,,,,,,三级
Case Reports in Plastic Surgery and Hand Surgery,2025,2332-0885/2332-0885,否,否,否,ESCI,0.6,,医学,4 [4372/5603],否, SURGERY 外科,4 [233/292],,,,,,,,,,,三级
Journal of Hunger & Environmental Nutrition,2025,1932-0248/1932-0256,否,否,否,ESCI,1,,医学,4 [4373/5603],否," PUBLIC, ENVIRONMENTAL & OCCUPATIONAL HEALTH 公共卫生、环境卫生与职业卫生",4 [341/404],,,,,,,,,,,三级
Advanced Emergency Nursing Journal,2025,1931-4485/1931-4493,否,否,否,ESCI,1,,医学,4 [4374/5603],否, NURSING 护理,4 [145/191],,,,,,,,,,,三级
Florence Nightingale Journal of Nursing,2025,2687-6442/2687-6442,否,否,是,ESCI,0.8,,医学,4 [4375/5603],否, NURSING 护理,4 [146/191],,,,,,,,,,,三级
Revista da Associacao Medica Brasileira,2025,0104-4230/1806-9282,否,否,是,SCIE,1.3,,医学,4 [4376/5603],否," MEDICINE, GENERAL & INTERNAL 医学：内科",4 [173/327],,,,,,,,,,,三级
Brain Hemorrhages,2025,2589-238X/2589-238X,否,否,是,ESCI,1.4,,医学,4 [4377/5603],否, CLINICAL NEUROLOGY 临床神经病学,4 [241/278],,,,,,,,,,,三级
Kardiochirurgia i Torakochirurgia Polska-Polish Journal of Thoracic and Cardiovascular Surgery,2025,1731-5530/1897-4252,否,否,是,ESCI,1.3,,医学,4 [4378/5603],否, SURGERY 外科,4 [234/292],,,,,,,,,,,三级
Nepal Journal of Epidemiology,2025,2091-0800/2091-0800,否,否,否,ESCI,5.8,,医学,4 [4379/5603],否," PUBLIC, ENVIRONMENTAL & OCCUPATIONAL HEALTH 公共卫生、环境卫生与职业卫生",4 [342/404],,,,,,,,,,,三级
OCCUPATIONAL THERAPY IN HEALTH CARE,2025,0738-0577/1541-3098,否,否,否,ESCI,1,,医学,4 [4380/5603],否, REHABILITATION 康复医学,4 [144/169],,,,,,,,,,,三级
ARP Rheumatology,2025,2795-4552/2795-4552,否,否,否,SCIE,1.4,,医学,4 [4381/5603],否, RHEUMATOLOGY 风湿病学,4 [44/55],,,,,,,,,,,三级
PSYCHIATRISCHE PRAXIS,2025,0303-4259/1439-0876,否,否,否,SSCI,1.2,,医学,4 [4382/5603],否, PSYCHIATRY 精神病学,4 [228/277],,,,,,,,,,,三级
Professional Case Management,2025,1932-8087/1932-8095,否,否,否,ESCI,0.9,,医学,4 [4383/5603],否, HEALTH CARE SCIENCES & SERVICES 卫生保健与服务,4 [152/173],,,,,,,,,,,三级
AMERICAN JOURNAL OF DENTISTRY,2025,0894-8275,否,否,否,SCIE,1.2,,医学,4 [4384/5603],否," DENTISTRY, ORAL SURGERY & MEDICINE 牙科与口腔外科",4 [121/157],,,,,,,,,,,三级
Infectious Microbes & Diseases,2025,2641-5917/2641-5917,否,否,否,ESCI,1.8,,医学,4 [4385/5603],否, INFECTIOUS DISEASES 传染病学,4 [117/134], MICROBIOLOGY 微生物学,4 [140/159],,,,,,,,,三级
Dementia and Geriatric Cognitive Disorders Extra,2025,1664-5464/1664-5464,否,否,是,ESCI,1.6,,医学,4 [4386/5603],否, CLINICAL NEUROLOGY 临床神经病学,4 [242/278],,,,,,,,,,,三级
JOURNAL OF PHARMACY TECHNOLOGY,2025,8755-1225/1549-4810,否,否,否,ESCI,1.3,,医学,4 [4387/5603],否, PHARMACOLOGY & PHARMACY 药学,4 [281/350],,,,,,,,,,,三级
Iranian Journal of Public Health,2025,2251-6085/2251-6093,否,否,是,SSCI;SCIE,1.6,,医学,4 [4388/5603],否," PUBLIC, ENVIRONMENTAL & OCCUPATIONAL HEALTH 公共卫生、环境卫生与职业卫生",4 [343/404],,,,,,,,,,,三级
Current Drug Delivery,2025,1567-2018/1875-5704,否,否,否,SCIE,3,,医学,4 [4389/5603],否, PHARMACOLOGY & PHARMACY 药学,4 [282/350],,,,,,,,,,,三级
Science of Gymnastics Journal,2025,1855-7171/1855-7171,否,否,否,ESCI,0.7,,医学,4 [4390/5603],否, SPORT SCIENCES 运动科学,4 [103/126],,,,,,,,,,,三级
Journal of Cardiovascular Echography,2025,2211-4122/2347-193X,否,否,否,ESCI,1,,医学,4 [4391/5603],否, CARDIAC & CARDIOVASCULAR SYSTEMS 心脏和心血管系统,4 [185/223],,,,,,,,,,,三级
TOXICOLOGIC PATHOLOGY,2025,0192-6233/1533-1601,否,否,否,SCIE,1.8,,医学,4 [4392/5603],否, PATHOLOGY 病理学,4 [75/88], TOXICOLOGY 毒理学,4 [95/106],,,,,,,,,三级
Current Geriatrics Reports,2025,2196-7865/2196-7865,是,否,否,ESCI,1,,医学,4 [4393/5603],否, GERIATRICS & GERONTOLOGY 老年医学,4 [65/72],,,,,,,,,,,三级
CURRENT CANCER DRUG TARGETS,2025,1568-0096/1873-5576,否,否,否,SCIE,3.5,,医学,4 [4394/5603],否, ONCOLOGY 肿瘤学,4 [274/318],,,,,,,,,,,三级
Rehabilitation Nursing,2025,0278-4807/2048-7940,否,否,否,SSCI;SCIE,1,,医学,4 [4395/5603],否, NURSING 护理,4 [147/191], REHABILITATION 康复医学,4 [145/169],,,,,,,,,三级
Ultrasound,2025,1742-271X/1743-1344,否,否,否,ESCI,0.7,,医学,4 [4396/5603],否," RADIOLOGY, NUCLEAR MEDICINE & MEDICAL IMAGING 核医学",4 [168/206],,,,,,,,,,,三级
Iranian Journal of Allergy Asthma and Immunology,2025,1735-1502/1735-5249,否,否,是,SCIE,1.2,,医学,4 [4397/5603],否, ALLERGY 过敏,4 [30/39], IMMUNOLOGY 免疫学,4 [161/179],,,,,,,,,三级
Cureus Journal of Medical Science,2025,2168-8184/2168-8184,否,否,否,ESCIOnHold,1.3,Mega-Journal,医学,4 [4398/5603],否," MEDICINE, GENERAL & INTERNAL 医学：内科",4 [174/327],,,,,,,,,,,三级
Journal of Pharmacy & Pharmacognosy Research,2025,0719-4250/0719-4250,否,否,是,ESCI,1,,医学,4 [4399/5603],否, PHARMACOLOGY & PHARMACY 药学,4 [283/350],,,,,,,,,,,三级
Cardiovascular Endocrinology & Metabolism,2025,2574-0954/2574-0954,否,否,是,ESCI,1.1,,医学,4 [4400/5603],否, CARDIAC & CARDIOVASCULAR SYSTEMS 心脏和心血管系统,4 [186/223],,,,,,,,,,,三级
Case Reports in Obstetrics and Gynecology,2025,2090-6684/2090-6692,否,否,是,ESCI,0.8,,医学,4 [4401/5603],否, OBSTETRICS & GYNECOLOGY 妇产科学,4 [107/135],,,,,,,,,,,三级
Pathologie,2025,2731-7188/2731-7196,否,否,否,SCIE,0.6,,医学,4 [4402/5603],否, PATHOLOGY 病理学,4 [76/88],,,,,,,,,,,三级
Chinese Journal of Dental Research,2025,1462-6446/1867-5646,否,否,否,ESCI,0.9,,医学,4 [4403/5603],否," DENTISTRY, ORAL SURGERY & MEDICINE 牙科与口腔外科",4 [122/157],,,,,,,,,,,三级
INTERNATIONAL JOURNAL OF TOXICOLOGY,2025,1091-5818/1092-874X,否,否,否,SCIE,1,,医学,4 [4404/5603],否, PHARMACOLOGY & PHARMACY 药学,4 [284/350], TOXICOLOGY 毒理学,4 [97/106],,,,,,,,,三级
Northern Clinics of Istanbul,2025,2148-4902/2536-4553,否,否,是,ESCI,0.9,,医学,4 [4405/5603],否," MEDICINE, GENERAL & INTERNAL 医学：内科",4 [175/327],,,,,,,,,,,三级
Journal of Gambling Issues,2025,1910-7595/1910-7595,否,否,否,ESCI,1,,医学,4 [4406/5603],否, SUBSTANCE ABUSE 药物滥用,4 [48/56],,,,,,,,,,,三级
Salud Colectiva,2025,1669-2381/1851-8265,否,否,是,SSCI,1,,医学,4 [4407/5603],否," PUBLIC, ENVIRONMENTAL & OCCUPATIONAL HEALTH 公共卫生、环境卫生与职业卫生",4 [344/404],,,,,,,,,,,三级
Psychiatry International,2025,2673-5318/2673-5318,否,否,是,ESCI,1.1,,医学,4 [4408/5603],否, PSYCHIATRY 精神病学,4 [229/277],,,,,,,,,,,三级
Journal of Aging Research,2025,2090-2204/2090-2212,否,否,是,ESCI,2.1,,医学,4 [4409/5603],否, GERIATRICS & GERONTOLOGY 老年医学,4 [66/72],,,,,,,,,,,三级
Journal of Clinical and Experimental Hematopathology,2025,1346-4280/1880-9952,否,否,是,ESCI,1.4,,医学,4 [4410/5603],否, HEMATOLOGY 血液学,4 [83/96],,,,,,,,,,,三级
Journal of Neurosciences in Rural Practice,2025,0976-3147/0976-3155,否,否,是,ESCI,0.9,,医学,4 [4411/5603],否, CLINICAL NEUROLOGY 临床神经病学,4 [243/278],,,,,,,,,,,三级
ACTA CLINICA BELGICA,2025,1784-3286/2295-3337,否,否,否,SCIE,0.9,,医学,4 [4412/5603],否," MEDICINE, GENERAL & INTERNAL 医学：内科",4 [176/327],,,,,,,,,,,三级
Advances in Traditional Medicine,2025,2662-4052/2662-4060,否,否,否,ESCI,1.3,,医学,4 [4413/5603],否, PHARMACOLOGY & PHARMACY 药学,4 [285/350],,,,,,,,,,,三级
GE Portuguese Journal of Gastroenterology,2025,2341-4545/2387-1954,否,否,是,ESCI,0.6,,医学,4 [4414/5603],否, GASTROENTEROLOGY & HEPATOLOGY 胃肠肝病学,4 [119/143],,,,,,,,,,,三级
Case Reports in Pediatrics,2025,2090-6803/2090-6811,否,否,是,ESCI,0.5,,医学,4 [4415/5603],否, PEDIATRICS 儿科,4 [144/185],,,,,,,,,,,三级
Wspolczesna Onkologia-Contemporary Oncology,2025,1428-2526/1897-4309,否,否,是,ESCI,1.3,,医学,4 [4416/5603],否, ONCOLOGY 肿瘤学,4 [275/318],,,,,,,,,,,三级
PHARMACIA,2025,0428-0296/2603-557X,否,否,是,ESCI,1.1,,医学,4 [4417/5603],否, PHARMACOLOGY & PHARMACY 药学,4 [286/350],,,,,,,,,,,三级
Journal of Science in Sport and Exercise,2025,2096-6709/2662-1371,否,否,否,ESCI,1.3,,医学,4 [4418/5603],否, SPORT SCIENCES 运动科学,4 [104/126],,,,,,,,,,,三级
AMERICAN JOURNAL OF LAW & MEDICINE,2025,0098-8588/2375-835X,否,否,否,SSCI,0.6,,医学,4 [4419/5603],否, LAW 法学,4 [307/427],,,,,,,,,,,三级
JOURNAL OF ONCOLOGY PHARMACY PRACTICE,2025,1078-1552/1477-092X,否,否,否,SCIE,0.9,,医学,4 [4420/5603],否, ONCOLOGY 肿瘤学,4 [276/318], PHARMACOLOGY & PHARMACY 药学,4 [287/350],,,,,,,,,三级
Malaysian Orthopaedic Journal,2025,1985-2533/2232-111X,否,否,是,ESCI,0.6,,医学,4 [4421/5603],否, ORTHOPEDICS 骨科,4 [110/136],,,,,,,,,,,三级
Case Reports in Medicine,2025,1687-9627/1687-9635,否,否,是,ESCI,0.7,,医学,4 [4422/5603],否," MEDICINE, GENERAL & INTERNAL 医学：内科",4 [177/327],,,,,,,,,,,三级
EUROPEAN JOURNAL OF PLASTIC SURGERY,2025,0930-343X/1435-0130,否,否,否,ESCI,0.8,,医学,4 [4423/5603],否, SURGERY 外科,4 [235/292],,,,,,,,,,,三级
CURRENT PHARMACEUTICAL BIOTECHNOLOGY,2025,1389-2010/1873-4316,否,否,否,SCIE,2.6,,医学,4 [4424/5603],否, BIOCHEMISTRY & MOLECULAR BIOLOGY 生化与分子生物学,4 [278/310], PHARMACOLOGY & PHARMACY 药学,4 [288/350],,,,,,,,,三级
TRANSPLANTATION PROCEEDINGS,2025,0041-1345/1873-2623,否,否,否,SCIE,0.8,,医学,4 [4425/5603],否, IMMUNOLOGY 免疫学,4 [162/179], SURGERY 外科,4 [236/292], TRANSPLANTATION 移植,4 [25/31],,,,,,,三级
Bratislava Medical Journal-Bratislavske Lekarske Listy,2025,0006-9248/1336-0345,否,否,否,SCIE,1.1,,医学,4 [4426/5603],否," MEDICINE, GENERAL & INTERNAL 医学：内科",4 [178/327],,,,,,,,,,,三级
NEUROLOGY INDIA,2025,0028-3886/1998-4022,否,否,否,SCIE,0.8,,医学,4 [4427/5603],否, NEUROSCIENCES 神经科学,4 [284/309],,,,,,,,,,,三级
Revista de Investigacion Clinica-Clinical and Translational Investigation,2025,0034-8376/2564-8896,否,否,是,SCIE,1.4,,医学,4 [4428/5603],否," MEDICINE, GENERAL & INTERNAL 医学：内科",4 [179/327],,,,,,,,,,,三级
International Journal of Migration Health and Social Care,2025,1747-9894/2042-8650,否,否,否,ESCI,0.7,,医学,4 [4429/5603],否," PUBLIC, ENVIRONMENTAL & OCCUPATIONAL HEALTH 公共卫生、环境卫生与职业卫生",4 [345/404],,,,,,,,,,,三级
INDIAN JOURNAL OF DERMATOLOGY,2025,0019-5154/1998-3611,否,否,是,SCIE,1.3,,医学,4 [4430/5603],否, DERMATOLOGY 皮肤病学,4 [74/94],,,,,,,,,,,三级
Pan African Medical Journal,2025,1937-8688/1937-8688,否,否,是,ESCI,1,,医学,4 [4431/5603],否," PUBLIC, ENVIRONMENTAL & OCCUPATIONAL HEALTH 公共卫生、环境卫生与职业卫生",4 [346/404],,,,,,,,,,,三级
Creative Nursing,2025,1078-4535/1946-1895,否,否,否,ESCI,0.9,,医学,4 [4432/5603],否, NURSING 护理,4 [148/191],,,,,,,,,,,三级
Case Reports in Pathology,2025,2090-6781/2090-679X,否,否,是,ESCI,0.5,,医学,4 [4433/5603],否, PATHOLOGY 病理学,4 [77/88],,,,,,,,,,,三级
Physiotherapy Canada,2025,0300-0508/1708-8313,否,否,否,SCIE,0.8,,医学,4 [4434/5603],否, REHABILITATION 康复医学,4 [146/169],,,,,,,,,,,三级
International Medical Case Reports Journal,2025,1179-142X/1179-142X,否,否,是,ESCI,0.6,,医学,4 [4435/5603],否," MEDICINE, GENERAL & INTERNAL 医学：内科",4 [180/327],,,,,,,,,,,三级
Italian Journal of Dermatology and Venereology,2025,2784-8671/2784-8450,否,否,否,SCIE,2.6,,医学,4 [4436/5603],否, DERMATOLOGY 皮肤病学,4 [75/94],,,,,,,,,,,三级
Nephrology Nursing Journal,2025,1526-744X/2163-5390,否,否,否,SSCI;SCIE,0.7,,医学,4 [4437/5603],否, NURSING 护理,4 [149/191], UROLOGY & NEPHROLOGY 泌尿学与肾脏学,4 [98/126],,,,,,,,,三级
ARQUIVOS DE NEURO-PSIQUIATRIA,2025,0004-282X/1678-4227,否,否,是,SCIE,1.6,,医学,4 [4438/5603],否, NEUROSCIENCES 神经科学,4 [285/309], PSYCHIATRY 精神病学,4 [230/277],,,,,,,,,三级
International Journal of Palliative Nursing,2025,1357-6321/1357-6321,否,否,否,ESCI,1.1,,医学,4 [4439/5603],否, NURSING 护理,4 [150/191],,,,,,,,,,,三级
International Journal of Applied and Basic Medical Research,2025,2229-516X/2248-9606,否,否,否,ESCI,0.8,,医学,4 [4440/5603],否," MEDICINE, GENERAL & INTERNAL 医学：内科",4 [181/327],,,,,,,,,,,三级
Critical Care Nursing Clinics of North America,2025,0899-5885/1558-3481,是,否,否,SSCI;SCIE,1.5,,医学,4 [4441/5603],否, NURSING 护理,4 [151/191],,,,,,,,,,,三级
Case Reports in Infectious Diseases,2025,2090-6625/2090-6633,否,否,是,ESCI,0.8,,医学,4 [4442/5603],否, INFECTIOUS DISEASES 传染病学,4 [118/134],,,,,,,,,,,三级
Journal of the Korean Academy of Child and Adolescent Psychiatry,2025,1225-729X/2233-9183,否,否,否,ESCI,1.4,,医学,4 [4443/5603],否, PSYCHIATRY 精神病学,4 [231/277],,,,,,,,,,,三级
TURKISH JOURNAL OF PEDIATRICS,2025,0041-4301/0041-4301,否,否,否,SCIE,0.8,,医学,4 [4444/5603],否, PEDIATRICS 儿科,4 [145/185],,,,,,,,,,,三级
Respiratory Medicine Case Reports,2025,2213-0071/2213-0071,否,否,是,ESCI,0.7,,医学,4 [4445/5603],否, RESPIRATORY SYSTEM 呼吸系统,4 [83/101],,,,,,,,,,,三级
JOURNAL FRANCAIS D OPHTALMOLOGIE,2025,0181-5512/1773-0597,否,否,否,SCIE,1.1,,医学,4 [4446/5603],否, OPHTHALMOLOGY 眼科学,4 [76/95],,,,,,,,,,,三级
BMJ Innovations,2025,2055-8074/2055-642X,否,否,否,ESCI,1.8,,医学,4 [4447/5603],否, HEALTH CARE SCIENCES & SERVICES 卫生保健与服务,4 [153/173],,,,,,,,,,,三级
Spinal Cord Series and Cases,2025,2058-6124/2058-6124,否,否,否,ESCI,0.9,,医学,4 [4448/5603],否, CLINICAL NEUROLOGY 临床神经病学,4 [244/278], REHABILITATION 康复医学,4 [147/169],,,,,,,,,三级
CoDAS,2025,2317-1782/2317-1782,否,否,是,ESCI,0.8,,医学,4 [4449/5603],否, AUDIOLOGY & SPEECH-LANGUAGE PATHOLOGY 听力学与言语病理学,4 [32/35],,,,,,,,,,,三级
Clinical and Investigative Medicine,2025,0147-958X/1488-2353,否,否,否,SCIE,0.8,,医学,4 [4450/5603],否," MEDICINE, RESEARCH & EXPERIMENTAL 医学：研究与实验",4 [151/188],,,,,,,,,,,三级
Immunotherapy Advances,2025,2732-4303/2732-4303,否,否,否,ESCI,4.9,,医学,4 [4451/5603],否, IMMUNOLOGY 免疫学,4 [163/179],,,,,,,,,,,三级
CRITICAL REVIEWS IN EUKARYOTIC GENE EXPRESSION,2025,1045-4403/2162-6502,否,否,否,SCIE,1.6,,医学,4 [4452/5603],否, BIOTECHNOLOGY & APPLIED MICROBIOLOGY 生物工程与应用微生物,4 [148/174], GENETICS & HEREDITY 遗传学,4 [168/190],,,,,,,,,三级
Therapeutic Hypothermia and Temperature Management,2025,2153-7658/2153-7933,否,否,否,SCIE,1,,医学,4 [4453/5603],否, CRITICAL CARE MEDICINE 危重病医学,4 [46/56],,,,,,,,,,,三级
Journal of Critical Care Medicine,2025,2393-1809/2393-1817,否,否,是,ESCI,1.7,,医学,4 [4454/5603],否, CRITICAL CARE MEDICINE 危重病医学,4 [47/56],,,,,,,,,,,三级
Unfallchirurgie,2025,2731-7021/2731-703X,否,否,否,SCIE,0.7,,医学,4 [4455/5603],否, EMERGENCY MEDICINE 急救医学,4 [39/54], SURGERY 外科,4 [237/292],,,,,,,,,三级
Asia-Pacific Journal of Public Health,2025,1010-5395/1941-2479,否,否,否,SSCI;SCIE,0.9,,医学,4 [4456/5603],否," PUBLIC, ENVIRONMENTAL & OCCUPATIONAL HEALTH 公共卫生、环境卫生与职业卫生",4 [347/404],,,,,,,,,,,三级
Diabetes Epidemiology and Management,2025,2666-9706/2666-9706,否,否,是,ESCI,1.4,,医学,4 [4457/5603],否, ENDOCRINOLOGY & METABOLISM 内分泌学与代谢,4 [156/184],,,,,,,,,,,三级
KLINISCHE PADIATRIE,2025,0300-8630/1439-3824,否,否,否,SCIE,0.9,,医学,4 [4458/5603],否, PEDIATRICS 儿科,4 [146/185],,,,,,,,,,,三级
Journal of Radiation Protection and Research,2025,2508-1888/2466-2461,否,否,否,ESCI,0.9,,医学,4 [4459/5603],否, NUCLEAR SCIENCE & TECHNOLOGY 核科学技术,4 [33/41]," RADIOLOGY, NUCLEAR MEDICINE & MEDICAL IMAGING 核医学",4 [169/206],,,,,,,,,三级
Archives of Rheumatology,2025,2618-6500/2618-6500,否,否,否,SCIE,1.1,,医学,4 [4460/5603],否, RHEUMATOLOGY 风湿病学,4 [45/55],,,,,,,,,,,三级
Taiwan Journal of Ophthalmology,2025,2211-5056/2211-5072,否,否,是,ESCI,1.2,,医学,4 [4461/5603],否, OPHTHALMOLOGY 眼科学,4 [77/95],,,,,,,,,,,三级
CHEMICAL & PHARMACEUTICAL BULLETIN,2025,0009-2363,否,否,否,SCIE,1.3,,医学,4 [4462/5603],否," CHEMISTRY, MEDICINAL 药物化学",4 [60/72]," CHEMISTRY, MULTIDISCIPLINARY 化学：综合",4 [148/230], PHARMACOLOGY & PHARMACY 药学,4 [289/350],,,,,,,三级
Biomedical Human Kinetics,2025,0043-9630/2080-2234,否,否,是,ESCI,1.2,,医学,4 [4463/5603],否, HEALTH CARE SCIENCES & SERVICES 卫生保健与服务,4 [154/173],,,,,,,,,,,三级
NURSING ECONOMICS,2025,0746-1739,否,否,否,SSCI;SCIE,1,,医学,4 [4464/5603],否, NURSING 护理,4 [152/191],,,,,,,,,,,三级
ZEITSCHRIFT FUR RHEUMATOLOGIE,2025,0340-1855/1435-1250,否,否,否,SCIE,1,,医学,4 [4465/5603],否, RHEUMATOLOGY 风湿病学,4 [46/55],,,,,,,,,,,三级
Acta Cirurgica Brasileira,2025,0102-8650/1678-2674,否,否,是,SCIE,1.3,,医学,4 [4466/5603],否, SURGERY 外科,4 [238/292],,,,,,,,,,,三级
Egyptian Journal of Neurology Psychiatry and Neurosurgery,2025,1687-8329/1687-8329,否,否,是,ESCI,1.1,,医学,4 [4467/5603],否, NEUROSCIENCES 神经科学,4 [287/309],,,,,,,,,,,三级
Journal of Maxillofacial & Oral Surgery,2025,0972-8279/0974-942X,否,否,否,ESCI,0.6,,医学,4 [4468/5603],否," DENTISTRY, ORAL SURGERY & MEDICINE 牙科与口腔外科",4 [123/157],,,,,,,,,,,三级
Journal of Health Research,2025,0857-4421/2586-940X,否,否,是,ESCI,0.7,,医学,4 [4469/5603],否, HEALTH CARE SCIENCES & SERVICES 卫生保健与服务,4 [155/173],,,,,,,,,,,三级
Rivista di Psichiatria,2025,0035-6484/2038-2502,否,否,否,SSCI;SCIE,0.9,,医学,4 [4470/5603],否, PSYCHIATRY 精神病学,4 [232/277],,,,,,,,,,,三级
Case Reports in Hematology,2025,2090-6560/2090-6579,否,否,是,ESCI,0.7,,医学,4 [4471/5603],否, HEMATOLOGY 血液学,4 [84/96],,,,,,,,,,,三级
Surgery in Practice and Science,2025,2666-2620/2666-2620,否,否,是,ESCI,0.8,,医学,4 [4472/5603],否, SURGERY 外科,4 [239/292],,,,,,,,,,,三级
Annali Italiani di Chirurgia,2025,0003-469X/2239-253X,否,否,否,SCIE,0.5,,医学,4 [4473/5603],否, SURGERY 外科,4 [240/292],,,,,,,,,,,三级
Current Computer-Aided Drug Design,2025,1573-4099/1875-6697,否,否,否,SCIE,1.6,,医学,4 [4474/5603],否," CHEMISTRY, MEDICINAL 药物化学",4 [61/72]," COMPUTER SCIENCE, INTERDISCIPLINARY APPLICATIONS 计算机：跨学科应用",4 [149/172],,,,,,,,,三级
Blood Science,2025,2543-6368/2543-6368,否,否,否,ESCI,2.7,,医学,4 [4475/5603],否, HEMATOLOGY 血液学,4 [85/96],,,,,,,,,,,三级
Home Health Care Management and Practice,2025,1084-8223/1552-6739,否,否,否,ESCI,0.7,,医学,4 [4476/5603],否, NURSING 护理,4 [153/191],,,,,,,,,,,三级
Salmand-Iranian Journal of Ageing,2025,1735-806X/1735-806X,否,否,是,ESCI,0.6,,医学,4 [4477/5603],否, GERIATRICS & GERONTOLOGY 老年医学,4 [67/72],,,,,,,,,,,三级
Progress in Transplantation,2025,1526-9248/2164-6708,否,否,否,SCIE,1.1,,医学,4 [4478/5603],否, SURGERY 外科,4 [241/292], TRANSPLANTATION 移植,4 [26/31],,,,,,,,,三级
ORVOSI HETILAP,2025,0030-6002/1788-6120,否,否,否,SCIE,0.9,,医学,4 [4479/5603],否," MEDICINE, GENERAL & INTERNAL 医学：内科",4 [182/327],,,,,,,,,,,三级
Ophthalmologie,2025,2731-720X/2731-7218,否,否,否,SCIE,0.6,,医学,4 [4480/5603],否, OPHTHALMOLOGY 眼科学,4 [78/95],,,,,,,,,,,三级
JOURNAL OF THE CANADIAN DENTAL ASSOCIATION,2025,1488-2159/1488-2159,否,否,否,SCIE,0.4,,医学,4 [4481/5603],否," DENTISTRY, ORAL SURGERY & MEDICINE 牙科与口腔外科",4 [124/157],,,,,,,,,,,三级
Archives of Iranian Medicine,2025,1029-2977/1735-3947,否,否,否,SCIE,1,,医学,4 [4482/5603],否," MEDICINE, GENERAL & INTERNAL 医学：内科",4 [183/327],,,,,,,,,,,三级
Agri-The Journal of the Turkish Society of Algology,2025,1300-0012/1300-0012,否,否,否,ESCI,1.1,,医学,4 [4483/5603],否," MEDICINE, GENERAL & INTERNAL 医学：内科",4 [184/327],,,,,,,,,,,三级
Molecular Imaging and Radionuclide Therapy,2025,2146-1414/2147-1959,否,否,是,ESCI,1.1,,医学,4 [4484/5603],否," RADIOLOGY, NUCLEAR MEDICINE & MEDICAL IMAGING 核医学",4 [170/206],,,,,,,,,,,三级
Mental Health Review Journal,2025,1361-9322/2042-8758,否,否,否,ESCI,1.1,,医学,4 [4485/5603],否, PSYCHIATRY 精神病学,4 [233/277],,,,,,,,,,,三级
MAGNESIUM RESEARCH,2025,0953-1424/1952-4021,否,否,否,SCIE,1,,医学,4 [4486/5603],否, BIOCHEMISTRY & MOLECULAR BIOLOGY 生化与分子生物学,4 [279/310], ENDOCRINOLOGY & METABOLISM 内分泌学与代谢,4 [157/184],,,,,,,,,三级
Cardiovascular Innovations and Applications,2025,2009-8618/2009-8782,否,否,是,ESCI,1.4,,医学,4 [4487/5603],否, CARDIAC & CARDIOVASCULAR SYSTEMS 心脏和心血管系统,4 [187/223],,,,,,,,,,,三级
Chirurgie,2025,2731-6971/2731-698X,否,否,否,SCIE,0.6,,医学,4 [4488/5603],否, SURGERY 外科,4 [242/292],,,,,,,,,,,三级
Therapeutic Advances in Pulmonary and Critical Care Medicine,2025,2976-8675/2976-8675,否,否,否,ESCI,3,,医学,4 [4489/5603],否, RESPIRATORY SYSTEM 呼吸系统,4 [84/101],,,,,,,,,,,三级
Wound Management & Prevention,2025,2640-5237/2640-5245,否,否,否,SSCI;SCIE,0.8,,医学,4 [4490/5603],否, DERMATOLOGY 皮肤病学,4 [76/94], NURSING 护理,4 [154/191],,,,,,,,,三级
REHABILITATION,2025,0034-3536/1439-1309,否,否,否,SCIE,2.3,,医学,4 [4491/5603],否, REHABILITATION 康复医学,4 [148/169],,,,,,,,,,,三级
Journal of Indian Prosthodontic Society,2025,0972-4052/1998-4057,否,否,是,ESCI,1,,医学,4 [4492/5603],否," DENTISTRY, ORAL SURGERY & MEDICINE 牙科与口腔外科",4 [125/157],,,,,,,,,,,三级
ACTA CHIRURGICA BELGICA,2025,0001-5458/2577-0160,否,否,否,SCIE,0.8,,医学,4 [4493/5603],否, SURGERY 外科,4 [243/292],,,,,,,,,,,三级
SA Journal of Radiology,2025,1027-202X/2078-6778,否,否,是,ESCI,0.9,,医学,4 [4494/5603],否," RADIOLOGY, NUCLEAR MEDICINE & MEDICAL IMAGING 核医学",4 [171/206],,,,,,,,,,,三级
Clinical Journal of Oncology Nursing,2025,1092-1095/1538-067X,否,否,否,SSCI;SCIE,1.2,,医学,4 [4495/5603],否, NURSING 护理,4 [155/191], ONCOLOGY 肿瘤学,4 [277/318],,,,,,,,,三级
Current Alzheimer Research,2025,1567-2050/1875-5828,否,否,否,SCIE,1.9,,医学,4 [4496/5603],否, CLINICAL NEUROLOGY 临床神经病学,4 [245/278], NEUROSCIENCES 神经科学,4 [288/309],,,,,,,,,三级
Asian Journal of Transfusion Science,2025,0973-6247/1998-3565,否,否,是,ESCI,,,医学,4 [4497/5603],否, HEMATOLOGY 血液学,4 [86/96],,,,,,,,,,,三级
Indian Journal of Community Medicine,2025,0970-0218/1998-3581,否,否,是,ESCI,0.9,,医学,4 [4498/5603],否," PUBLIC, ENVIRONMENTAL & OCCUPATIONAL HEALTH 公共卫生、环境卫生与职业卫生",4 [348/404],,,,,,,,,,,三级
Renal Replacement Therapy,2025,2059-1381/2059-1381,否,否,是,ESCI,1,,医学,4 [4499/5603],否, UROLOGY & NEPHROLOGY 泌尿学与肾脏学,4 [99/126],,,,,,,,,,,三级
CHILDRENS HEALTH CARE,2025,0273-9615/1532-6888,否,否,否,SSCI,0.6,,医学,4 [4500/5603],否," PUBLIC, ENVIRONMENTAL & OCCUPATIONAL HEALTH 公共卫生、环境卫生与职业卫生",4 [349/404],,,,,,,,,,,三级
JOURNAL OF PHARMACY PRACTICE,2025,0897-1900/1531-1937,否,否,否,ESCI,1.1,,医学,4 [4501/5603],否, PHARMACOLOGY & PHARMACY 药学,4 [291/350],,,,,,,,,,,三级
PROGRES EN UROLOGIE,2025,1166-7087/2405-5131,否,否,否,SCIE,1.1,,医学,4 [4502/5603],否, UROLOGY & NEPHROLOGY 泌尿学与肾脏学,4 [100/126],,,,,,,,,,,三级
KLINISCHE MONATSBLATTER FUR AUGENHEILKUNDE,2025,0023-2165/1439-3999,否,否,否,SCIE,0.7,,医学,4 [4503/5603],否, OPHTHALMOLOGY 眼科学,4 [79/95],,,,,,,,,,,三级
Reumatismo,2025,0048-7449/2240-2683,否,否,是,ESCI,1,,医学,4 [4504/5603],否, RHEUMATOLOGY 风湿病学,4 [47/55],,,,,,,,,,,三级
Neonatal Network,2025,0730-0832/1539-2880,否,否,否,ESCI,0.7,,医学,4 [4505/5603],否, NURSING 护理,4 [156/191],,,,,,,,,,,三级
SOUTHERN MEDICAL JOURNAL,2025,0038-4348/1541-8243,否,否,否,SCIE,0.8,,医学,4 [4506/5603],否," MEDICINE, GENERAL & INTERNAL 医学：内科",4 [185/327],,,,,,,,,,,三级
Journal of Mental Health Policy and Economics,2025,1091-4358/1099-176X,否,否,否,SSCI,1.6,,医学,4 [4507/5603],否, HEALTH POLICY & SERVICES 卫生政策与服务,4 [112/118], PSYCHIATRY 精神病学,4 [234/277],,,,,,,,,三级
ZEITSCHRIFT FUR GASTROENTEROLOGIE,2025,0044-2771/1439-7803,否,否,否,SCIE,1.6,,医学,4 [4508/5603],否, GASTROENTEROLOGY & HEPATOLOGY 胃肠肝病学,4 [120/143],,,,,,,,,,,三级
American Journal of Clinical and Experimental Immunology,2025,2164-7712/2164-7712,否,否,否,ESCI,1.3,,医学,4 [4509/5603],否, IMMUNOLOGY 免疫学,4 [164/179],,,,,,,,,,,三级
Urology Practice,2025,2352-0779/2352-0787,否,否,否,ESCI,1.7,,医学,4 [4510/5603],否, UROLOGY & NEPHROLOGY 泌尿学与肾脏学,4 [101/126],,,,,,,,,,,三级
Journal of Radiology Case Reports,2025,1943-0922/1943-0922,否,否,是,ESCI,0.7,,医学,4 [4511/5603],否," RADIOLOGY, NUCLEAR MEDICINE & MEDICAL IMAGING 核医学",4 [172/206],,,,,,,,,,,三级
Nagoya Journal of Medical Science,2025,2186-3326/0027-7622,否,否,否,SCIE,0.9,,医学,4 [4512/5603],否," MEDICINE, RESEARCH & EXPERIMENTAL 医学：研究与实验",4 [152/188],,,,,,,,,,,三级
Complementary Medicine Research,2025,2504-2092/2504-2106,否,否,否,SCIE,0.8,,医学,4 [4513/5603],否, INTEGRATIVE & COMPLEMENTARY MEDICINE 全科医学与补充医学,4 [31/43],,,,,,,,,,,三级
Psychiatria Polska,2025,0033-2674,否,否,否,SCIE,1.1,,医学,4 [4514/5603],否, PSYCHIATRY 精神病学,4 [235/277],,,,,,,,,,,三级
INDIAN JOURNAL OF CANCER,2025,0019-509X/1998-4774,否,否,否,SCIE,1.1,,医学,4 [4515/5603],否, ONCOLOGY 肿瘤学,4 [278/318],,,,,,,,,,,三级
CLINICAL NEUROPATHOLOGY,2025,0722-5091/0722-5091,否,否,否,SCIE,0.8,,医学,4 [4516/5603],否, CLINICAL NEUROLOGY 临床神经病学,4 [246/278], PATHOLOGY 病理学,4 [78/88],,,,,,,,,三级
Computer Methods in Biomechanics and Biomedical Engineering-Imaging and Visualization,2025,2168-1163/2168-1171,否,否,是,ESCI,1.3,,医学,4 [4517/5603],否," ENGINEERING, BIOMEDICAL 工程：生物医学",4 [103/120],,,,,,,,,,,三级
Malaysian Journal of Medical Sciences,2025,1394-195X/2180-4303,否,否,是,ESCI,1.5,,医学,4 [4518/5603],否," MEDICINE, RESEARCH & EXPERIMENTAL 医学：研究与实验",4 [153/188],,,,,,,,,,,三级
PROSTHETICS AND ORTHOTICS INTERNATIONAL,2025,0309-3646/1746-1553,否,否,否,SCIE,1.4,,医学,4 [4519/5603],否, ORTHOPEDICS 骨科,4 [111/136], REHABILITATION 康复医学,4 [149/169],,,,,,,,,三级
INTERNATIONAL JOURNAL OF RISK & SAFETY IN MEDICINE,2025,0924-6479/1878-6847,否,否,否,ESCI,0.8,,医学,4 [4520/5603],否," PUBLIC, ENVIRONMENTAL & OCCUPATIONAL HEALTH 公共卫生、环境卫生与职业卫生",4 [350/404],,,,,,,,,,,三级
Journal of the Saudi Heart Association,2025,1016-7315/2212-5043,否,否,是,ESCI,1.3,,医学,4 [4521/5603],否, CARDIAC & CARDIOVASCULAR SYSTEMS 心脏和心血管系统,4 [188/223],,,,,,,,,,,三级
Pacific Rim International Journal of Nursing Research,2025,1906-8107/1906-8107,否,否,否,ESCI,0.8,,医学,4 [4522/5603],否, NURSING 护理,4 [157/191],,,,,,,,,,,三级
Turkish Journal of Anaesthesiology and Reanimation,2025,2667-6370/2667-6370,否,否,是,ESCI,0.9,,医学,4 [4523/5603],否, ANESTHESIOLOGY 麻醉学,4 [47/64],,,,,,,,,,,三级
Ultrasound Quarterly,2025,0894-8771/1536-0253,否,否,否,SCIE,0.8,,医学,4 [4524/5603],否," RADIOLOGY, NUCLEAR MEDICINE & MEDICAL IMAGING 核医学",4 [173/206],,,,,,,,,,,三级
African Journal of Reproductive Health,2025,1118-4841/2141-3606,否,否,否,SSCI,1,,医学,4 [4525/5603],否," PUBLIC, ENVIRONMENTAL & OCCUPATIONAL HEALTH 公共卫生、环境卫生与职业卫生",4 [351/404],,,,,,,,,,,三级
Current Pulmonology Reports,2025,2199-2428/2199-2428,是,否,否,ESCI,1,,医学,4 [4526/5603],否, RESPIRATORY SYSTEM 呼吸系统,4 [85/101],,,,,,,,,,,三级
LABORATORY MEDICINE,2025,0007-5027/1943-7730,否,否,否,SCIE,1,,医学,4 [4527/5603],否, MEDICAL LABORATORY TECHNOLOGY 医学实验技术,4 [25/31],,,,,,,,,,,三级
Canadian Journal of Rural Medicine,2025,1203-7796/1488-237X,否,否,否,ESCI,0.8,,医学,4 [4528/5603],否," MEDICINE, GENERAL & INTERNAL 医学：内科",4 [186/327],,,,,,,,,,,三级
Orthopadie,2025,2731-7145/2731-7153,否,否,否,SCIE,0.5,,医学,4 [4529/5603],否, ORTHOPEDICS 骨科,4 [112/136],,,,,,,,,,,三级
EGYPTIAN JOURNAL OF ANAESTHESIA,2025,1110-1849/1110-1849,否,否,是,ESCI,0.5,,医学,4 [4530/5603],否, ANESTHESIOLOGY 麻醉学,4 [48/64],,,,,,,,,,,三级
International Journal of Polymeric Materials and Polymeric Biomaterials,2025,0091-4037/1563-535X,否,否,否,SCIE,2.6,,医学,4 [4531/5603],否," MATERIALS SCIENCE, BIOMATERIALS 材料科学：生物材料",4 [45/52], POLYMER SCIENCE 高分子科学,4 [72/94],,,,,,,,,三级
ENCEPHALE-REVUE DE PSYCHIATRIE CLINIQUE BIOLOGIQUE ET THERAPEUTIQUE,2025,0013-7006/2589-4935,否,否,否,SCIE,1,,医学,4 [4532/5603],否, NEUROSCIENCES 神经科学,4 [289/309], PSYCHIATRY 精神病学,4 [236/277],,,,,,,,,三级
Neuroscience Insights,2025,2633-1055/2633-1055,否,否,是,ESCI,2.6,,医学,4 [4533/5603],否, NEUROSCIENCES 神经科学,4 [290/309],,,,,,,,,,,三级
Journal of Traditional Chinese Medicine,2025,0255-2922/1577-7014,否,否,否,SCIE,2.2,,医学,4 [4534/5603],否, INTEGRATIVE & COMPLEMENTARY MEDICINE 全科医学与补充医学,4 [32/43],,,,,,,,,,,三级
International Journal of Human Rights in Health Care,2025,2056-4902/2056-4902,否,否,否,ESCI,0.7,,医学,4 [4535/5603],否, HEALTH POLICY & SERVICES 卫生政策与服务,4 [113/118],,,,,,,,,,,三级
Aerospace Medicine and Human Performance,2025,2375-6314/2375-6322,否,否,否,SCIE,0.9,,医学,4 [4536/5603],否, BIOPHYSICS 生物物理,4 [66/76]," MEDICINE, RESEARCH & EXPERIMENTAL 医学：研究与实验",4 [154/188]," PUBLIC, ENVIRONMENTAL & OCCUPATIONAL HEALTH 公共卫生、环境卫生与职业卫生",4 [352/404],,,,,,,三级
Current Obstetrics and Gynecology Reports,2025,2161-3303/2161-3303,是,否,否,ESCI,1.8,,医学,4 [4537/5603],否, OBSTETRICS & GYNECOLOGY 妇产科学,4 [108/135],,,,,,,,,,,三级
QUARTERLY JOURNAL OF NUCLEAR MEDICINE AND MOLECULAR IMAGING,2025,1824-4785/1827-1936,否,否,否,SCIE,1.4,,医学,4 [4538/5603],否," RADIOLOGY, NUCLEAR MEDICINE & MEDICAL IMAGING 核医学",4 [174/206],,,,,,,,,,,三级
NERVENARZT,2025,0028-2804/1433-0407,否,否,否,SCIE,1.1,,医学,4 [4539/5603],否, CLINICAL NEUROLOGY 临床神经病学,4 [247/278], PSYCHIATRY 精神病学,4 [237/277],,,,,,,,,三级
Endocrinology Diabetes and Metabolism Case Reports,2025,2052-0573/2052-0573,否,否,是,ESCI,0.7,,医学,4 [4540/5603],否, ENDOCRINOLOGY & METABOLISM 内分泌学与代谢,4 [158/184],,,,,,,,,,,三级
Gastrointestinal Tumors,2025,2296-3774/2296-3766,否,否,是,ESCI,0.7,,医学,4 [4541/5603],否, GASTROENTEROLOGY & HEPATOLOGY 胃肠肝病学,4 [121/143],,,,,,,,,,,三级
Indian Journal of Thoracic and Cardiovascular Surgery,2025,0970-9134/0973-7723,否,否,否,ESCI,0.6,,医学,4 [4542/5603],否, CARDIAC & CARDIOVASCULAR SYSTEMS 心脏和心血管系统,4 [189/223],,,,,,,,,,,三级
ISOKINETICS AND EXERCISE SCIENCE,2025,0959-3020/1878-5913,否,否,否,SCIE,0.7,,医学,4 [4543/5603],否," ENGINEERING, BIOMEDICAL 工程：生物医学",4 [104/120], ORTHOPEDICS 骨科,4 [113/136], SPORT SCIENCES 运动科学,4 [105/126],,,,,,,三级
Annals of Pediatric Surgery,2025,1687-4137/2090-5394,否,否,是,ESCI,0.3,,医学,4 [4544/5603],否, PEDIATRICS 儿科,4 [147/185],,,,,,,,,,,三级
CEN Case Reports,2025,2192-4449/2192-4449,否,否,否,ESCI,0.7,,医学,4 [4545/5603],否, UROLOGY & NEPHROLOGY 泌尿学与肾脏学,4 [102/126],,,,,,,,,,,三级
Current Ophthalmology Reports,2025,2167-4868/2167-4868,是,否,否,ESCI,0.8,,医学,4 [4546/5603],否, OPHTHALMOLOGY 眼科学,4 [80/95],,,,,,,,,,,三级
Urology Case Reports,2025,2214-4420/2214-4420,否,否,是,ESCI,0.4,,医学,4 [4547/5603],否, UROLOGY & NEPHROLOGY 泌尿学与肾脏学,4 [103/126],,,,,,,,,,,三级
International Journal of Abdominal Wall and Hernia Surgery,2025,2589-8736/2589-8078,否,否,是,ESCI,0.7,,医学,4 [4548/5603],否, SURGERY 外科,4 [244/292],,,,,,,,,,,三级
PROGRESS IN PALLIATIVE CARE,2025,0969-9260/1743-291X,否,否,否,ESCI,0.8,,医学,4 [4549/5603],否," PUBLIC, ENVIRONMENTAL & OCCUPATIONAL HEALTH 公共卫生、环境卫生与职业卫生",4 [353/404],,,,,,,,,,,三级
Advances in Virology,2025,1687-8639/1687-8647,否,否,是,ESCI,1.4,,医学,4 [4550/5603],否, VIROLOGY 病毒学,4 [37/41],,,,,,,,,,,三级
Journal of Medical Physics,2025,0971-6203/1998-3913,否,否,是,ESCI,0.7,,医学,4 [4551/5603],否," RADIOLOGY, NUCLEAR MEDICINE & MEDICAL IMAGING 核医学",4 [175/206],,,,,,,,,,,三级
Expert Review of Ophthalmology,2025,1746-9899/1746-9902,是,否,否,ESCI,0.9,,医学,4 [4552/5603],否, OPHTHALMOLOGY 眼科学,4 [81/95],,,,,,,,,,,三级
Journal of Laboratory Physicians,2025,0974-2727/0974-7826,否,否,是,ESCI,1,,医学,4 [4553/5603],否," MEDICINE, GENERAL & INTERNAL 医学：内科",4 [187/327],,,,,,,,,,,三级
JCPSP-Journal of the College of Physicians and Surgeons Pakistan,2025,1022-386X/1681-7168,否,否,否,SCIE,0.8,,医学,4 [4554/5603],否," MEDICINE, GENERAL & INTERNAL 医学：内科",4 [188/327],,,,,,,,,,,三级
Current Radiopharmaceuticals,2025,1874-4710/1874-4729,否,否,否,SCIE,1.2,,医学,4 [4555/5603],否, PHARMACOLOGY & PHARMACY 药学,4 [292/350]," RADIOLOGY, NUCLEAR MEDICINE & MEDICAL IMAGING 核医学",4 [176/206],,,,,,,,,三级
Occupational Therapy International,2025,0966-7903/1557-0703,否,否,是,SSCI;SCIE,0.9,,医学,4 [4556/5603],否, REHABILITATION 康复医学,4 [150/169],,,,,,,,,,,三级
BIOMEDICAL RESEARCH-TOKYO,2025,0388-6107/1880-313X,否,否,否,SCIE,1.3,,医学,4 [4557/5603],否," MEDICINE, RESEARCH & EXPERIMENTAL 医学：研究与实验",4 [155/188],,,,,,,,,,,三级
Indian Journal of Plastic Surgery,2025,0970-0358/1998-376X,否,否,是,ESCI,1.5,,医学,4 [4558/5603],否, SURGERY 外科,4 [245/292],,,,,,,,,,,三级
Molecular Syndromology,2025,1661-8769/1661-8777,否,否,否,SCIE,0.9,,医学,4 [4559/5603],否, GENETICS & HEREDITY 遗传学,4 [173/190],,,,,,,,,,,三级
Baltic Journal of Health and Physical Activity,2025,2080-1297/2080-9999,否,否,是,ESCI,1.5,,医学,4 [4560/5603],否, SPORT SCIENCES 运动科学,4 [107/126],,,,,,,,,,,三级
Cardiovascular Journal of Africa,2025,1995-1892/1680-0745,否,否,否,SCIE,0.7,,医学,4 [4561/5603],否, CARDIAC & CARDIOVASCULAR SYSTEMS 心脏和心血管系统,4 [190/223],,,,,,,,,,,三级
INDIAN JOURNAL OF PHARMACOLOGY,2025,0253-7613/1998-3751,否,否,否,SCIE,1.5,,医学,4 [4562/5603],否, PHARMACOLOGY & PHARMACY 药学,4 [293/350],,,,,,,,,,,三级
Case Reports in Oncology,2025,1662-6575/1662-6575,否,否,是,ESCI,0.7,,医学,4 [4563/5603],否, ONCOLOGY 肿瘤学,4 [279/318],,,,,,,,,,,三级
Urologia Journal,2025,0391-5603/1724-6075,否,否,否,ESCI,0.7,,医学,4 [4564/5603],否, UROLOGY & NEPHROLOGY 泌尿学与肾脏学,4 [104/126],,,,,,,,,,,三级
Current Urology,2025,1661-7649/1661-7657,否,否,否,ESCI,1.3,,医学,4 [4565/5603],否, UROLOGY & NEPHROLOGY 泌尿学与肾脏学,4 [105/126],,,,,,,,,,,三级
ZEITSCHRIFT FUR PSYCHOSOMATISCHE MEDIZIN UND PSYCHOTHERAPIE,2025,1438-3608/2196-8349,否,否,否,SSCI;SCIE,0.8,,医学,4 [4566/5603],否, PSYCHIATRY 精神病学,4 [238/277], PSYCHOLOGY 心理学,4 [79/92]," PSYCHOLOGY, CLINICAL 心理学：临床",4 [158/179]," PSYCHOLOGY, MULTIDISCIPLINARY 心理学：综合",4 [178/219]," PSYCHOLOGY, PSYCHOANALYSIS 心理学：分析",4 [20/23],,,三级
Journal of Nuclear Medicine Technology,2025,0091-4916/1535-5675,否,否,否,ESCI,1.3,,医学,4 [4567/5603],否," RADIOLOGY, NUCLEAR MEDICINE & MEDICAL IMAGING 核医学",4 [177/206],,,,,,,,,,,三级
Techniques and Innovations in Gastrointestinal Endoscopy,2025,2666-5107/2590-0307,否,否,否,ESCI,0.9,,医学,4 [4568/5603],否, GASTROENTEROLOGY & HEPATOLOGY 胃肠肝病学,4 [122/143],,,,,,,,,,,三级
SAGE Open Medical Case Reports,2025,2050-313X/2050-313X,否,否,是,ESCI,0.6,,医学,4 [4569/5603],否," MEDICINE, GENERAL & INTERNAL 医学：内科",4 [189/327],,,,,,,,,,,三级
Korean Journal of Women Health Nursing,2025,2287-1640/2093-7695,否,否,是,ESCI,1.2,,医学,4 [4570/5603],否, NURSING 护理,4 [158/191],,,,,,,,,,,三级
FOLIA BIOLOGICA,2025,0015-5500/0015-5500,否,否,否,SCIE,0.6,,医学,4 [4571/5603],否, BIOLOGY 生物学,4 [78/109], ONCOLOGY 肿瘤学,4 [280/318],,,,,,,,,三级
Orthopaedic Nursing,2025,0744-6020/1542-538X,否,否,否,SSCI;SCIE,0.8,,医学,4 [4572/5603],否, NURSING 护理,4 [159/191], ORTHOPEDICS 骨科,4 [114/136],,,,,,,,,三级
Australian Journal of Emergency Management,2025,1324-1540/1324-1540,否,否,否,ESCI,1,,医学,4 [4573/5603],否," PUBLIC, ENVIRONMENTAL & OCCUPATIONAL HEALTH 公共卫生、环境卫生与职业卫生",4 [354/404],,,,,,,,,,,三级
Indian Journal of Nephrology,2025,0971-4065/1998-3662,否,否,是,ESCI,0.8,,医学,4 [4574/5603],否, UROLOGY & NEPHROLOGY 泌尿学与肾脏学,4 [106/126],,,,,,,,,,,三级
TROPICAL BIOMEDICINE,2025,0127-5720,否,否,否,SCIE,0.8,,医学,4 [4575/5603],否, PARASITOLOGY 寄生虫学,4 [41/45], TROPICAL MEDICINE 热带医学,4 [22/28],,,,,,,,,三级
Monaldi Archives for Chest Disease,2025,1122-0643/2532-5264,否,否,是,ESCI,0.8,,医学,4 [4576/5603],否, RESPIRATORY SYSTEM 呼吸系统,4 [86/101],,,,,,,,,,,三级
Nigerian Postgraduate Medical Journal,2025,1117-1936/2468-6875,否,否,是,ESCI,0.9,,医学,4 [4577/5603],否," MEDICINE, GENERAL & INTERNAL 医学：内科",4 [190/327],,,,,,,,,,,三级
Revista Brasileira de Farmacognosia-Brazilian Journal of Pharmacognosy,2025,0102-695X/1981-528X,否,否,否,SCIE,1.6,,医学,4 [4578/5603],否," CHEMISTRY, MEDICINAL 药物化学",4 [62/72], PHARMACOLOGY & PHARMACY 药学,4 [294/350],,,,,,,,,三级
Acta of Bioengineering and Biomechanics,2025,1509-409X,否,否,否,SCIE,0.8,,医学,4 [4579/5603],否, BIOPHYSICS 生物物理,4 [68/76]," ENGINEERING, BIOMEDICAL 工程：生物医学",4 [105/120],,,,,,,,,三级
PHARMAZIE,2025,0031-7144/0031-7144,否,否,否,SCIE,1,,医学,4 [4580/5603],否," CHEMISTRY, MEDICINAL 药物化学",4 [63/72]," CHEMISTRY, MULTIDISCIPLINARY 化学：综合",4 [157/230], PHARMACOLOGY & PHARMACY 药学,4 [295/350],,,,,,,三级
SCHMERZ,2025,0932-433X/1432-2129,否,否,否,SCIE,0.6,,医学,4 [4581/5603],否, ANESTHESIOLOGY 麻醉学,4 [49/64], CLINICAL NEUROLOGY 临床神经病学,4 [248/278],,,,,,,,,三级
Maternal-Fetal Medicine,2025,2096-6954/2641-5895,否,否,是,ESCI,1.7,,医学,4 [4582/5603],否, OBSTETRICS & GYNECOLOGY 妇产科学,4 [109/135],,,,,,,,,,,三级
Case Reports in Endocrinology,2025,2090-6501/2090-651X,否,否,是,ESCI,0.9,,医学,4 [4583/5603],否, ENDOCRINOLOGY & METABOLISM 内分泌学与代谢,4 [159/184],,,,,,,,,,,三级
Journal of Global Infectious Diseases,2025,0974-777X/0974-8245,否,否,是,ESCI,1.1,,医学,4 [4584/5603],否, INFECTIOUS DISEASES 传染病学,4 [119/134],,,,,,,,,,,三级
Case Reports in Gastrointestinal Medicine,2025,2090-6528/2090-6536,否,否,是,ESCI,0.5,,医学,4 [4585/5603],否, GASTROENTEROLOGY & HEPATOLOGY 胃肠肝病学,4 [123/143],,,,,,,,,,,三级
Strabismus,2025,0927-3972/1744-5132,否,否,否,ESCI,0.8,,医学,4 [4586/5603],否, OPHTHALMOLOGY 眼科学,4 [82/95],,,,,,,,,,,三级
CURRENT MOLECULAR MEDICINE,2025,1566-5240/1875-5666,否,否,否,SCIE,2.5,,医学,4 [4587/5603],否," MEDICINE, RESEARCH & EXPERIMENTAL 医学：研究与实验",4 [156/188],,,,,,,,,,,三级
Polish Journal of Surgery,2025,0032-373X/2299-2847,否,否,否,ESCI,0.7,,医学,4 [4588/5603],否, SURGERY 外科,4 [246/292],,,,,,,,,,,三级
Bulletin of Tokyo Dental College,2025,0040-8891/0040-8891,否,否,否,ESCI,0.5,,医学,4 [4589/5603],否," DENTISTRY, ORAL SURGERY & MEDICINE 牙科与口腔外科",4 [126/157],,,,,,,,,,,三级
ISSUES IN LAW & MEDICINE,2025,8756-8160,否,否,否,SSCI,0.4,,医学,4 [4590/5603],否, LAW 法学,4 [337/427],,,,,,,,,,,三级
Case Reports in Cardiology,2025,2090-6404/2090-6412,否,否,是,ESCI,0.5,,医学,4 [4591/5603],否, CARDIAC & CARDIOVASCULAR SYSTEMS 心脏和心血管系统,4 [191/223],,,,,,,,,,,三级
Clinical Case Reports,2025,2050-0904/2050-0904,否,否,是,ESCI,0.6,,医学,4 [4592/5603],否," MEDICINE, GENERAL & INTERNAL 医学：内科",4 [191/327],,,,,,,,,,,三级
Clinical Pathology,2025,2632-010X/2632-010X,否,否,是,ESCI,1.7,,医学,4 [4593/5603],否, PATHOLOGY 病理学,4 [79/88],,,,,,,,,,,三级
Journal of Surgical Case Reports,2025,2042-8812/2042-8812,否,否,是,ESCI,0.5,,医学,4 [4594/5603],否, SURGERY 外科,4 [247/292],,,,,,,,,,,三级
Caspian Journal of Internal Medicine,2025,2008-6164/2008-6172,否,否,是,ESCI,1,,医学,4 [4595/5603],否," MEDICINE, GENERAL & INTERNAL 医学：内科",4 [192/327],,,,,,,,,,,三级
Obstetrician & Gynaecologist,2025,1467-2561/1744-4667,否,否,否,ESCI,1.4,,医学,4 [4596/5603],否, OBSTETRICS & GYNECOLOGY 妇产科学,4 [110/135],,,,,,,,,,,三级
ASSAY AND DRUG DEVELOPMENT TECHNOLOGIES,2025,1540-658X/1557-8127,否,否,否,SCIE,1.7,,医学,4 [4597/5603],否, BIOCHEMICAL RESEARCH METHODS 生化研究方法,4 [79/85], PHARMACOLOGY & PHARMACY 药学,4 [296/350],,,,,,,,,三级
Journal of Community Hospital Internal Medicine Perspectives,2025,2000-9666/2000-9666,否,否,是,ESCI,0.6,,医学,4 [4598/5603],否," MEDICINE, GENERAL & INTERNAL 医学：内科",4 [193/327],,,,,,,,,,,三级
Archive of Clinical Cases,2025,2360-6975/2360-6975,否,否,否,ESCI,0.6,,医学,4 [4599/5603],否," MEDICINE, GENERAL & INTERNAL 医学：内科",4 [194/327],,,,,,,,,,,三级
Einstein-Sao Paulo,2025,1679-4508/2317-6385,否,否,是,ESCI,0.9,,医学,4 [4600/5603],否," MEDICINE, GENERAL & INTERNAL 医学：内科",4 [195/327],,,,,,,,,,,三级
Iranian Journal of Kidney Diseases,2025,1735-8582/1735-8604,否,否,否,SCIE,0.7,,医学,4 [4601/5603],否, UROLOGY & NEPHROLOGY 泌尿学与肾脏学,4 [107/126],,,,,,,,,,,三级
Asian Pacific Journal of Tropical Medicine,2025,1995-7645/2352-4146,否,否,是,SCIE,1.6,,医学,4 [4602/5603],否," PUBLIC, ENVIRONMENTAL & OCCUPATIONAL HEALTH 公共卫生、环境卫生与职业卫生",4 [355/404], TROPICAL MEDICINE 热带医学,4 [23/28],,,,,,,,,三级
Current Drug Safety,2025,1574-8863/2212-3911,否,否,否,ESCI,0.7,,医学,4 [4603/5603],否, PHARMACOLOGY & PHARMACY 药学,4 [297/350],,,,,,,,,,,三级
Clinical Reviews in Bone and Mineral Metabolism,2025,1534-8644/1559-0119,否,否,否,ESCI,2,,医学,4 [4604/5603],否, ENDOCRINOLOGY & METABOLISM 内分泌学与代谢,4 [160/184],,,,,,,,,,,三级
ZEITSCHRIFT FUR KINDER-UND JUGENDPSYCHIATRIE UND PSYCHOTHERAPIE,2025,1422-4917/1664-2880,否,否,否,SSCI,1,,医学,4 [4605/5603],否, PSYCHIATRY 精神病学,4 [239/277],,,,,,,,,,,三级
Acta Clinica Croatica,2025,0353-9466/1333-9451,否,否,是,SCIE,0.8,,医学,4 [4606/5603],否," MEDICINE, GENERAL & INTERNAL 医学：内科",4 [196/327],,,,,,,,,,,三级
Turkish Journal of Surgery,2025,2564-6850/2564-7032,否,否,否,ESCI,0.6,,医学,4 [4607/5603],否, SURGERY 外科,4 [248/292],,,,,,,,,,,三级
Journal of Pharmacopuncture,2025,2093-6966/2234-6856,否,否,是,ESCI,1.8,,医学,4 [4608/5603],否, INTEGRATIVE & COMPLEMENTARY MEDICINE 全科医学与补充医学,4 [33/43],,,,,,,,,,,三级
A & A Practice,2025,2575-3126/2575-3126,否,否,否,ESCI,0.6,,医学,4 [4609/5603],否, ANESTHESIOLOGY 麻醉学,4 [50/64],,,,,,,,,,,三级
Case Reports in Nephrology and Dialysis,2025,2296-9705/2296-9705,否,否,是,ESCI,0.9,,医学,4 [4610/5603],否, UROLOGY & NEPHROLOGY 泌尿学与肾脏学,4 [108/126],,,,,,,,,,,三级
Congenital Heart Disease,2025,1747-079X/1747-0803,否,否,否,SCIE,1.2,,医学,4 [4611/5603],否, CARDIAC & CARDIOVASCULAR SYSTEMS 心脏和心血管系统,4 [192/223],,,,,,,,,,,三级
Hipertension y Riesgo Vascular,2025,1889-1837/1989-4805,否,否,否,ESCI,1.3,,医学,4 [4612/5603],否, CARDIAC & CARDIOVASCULAR SYSTEMS 心脏和心血管系统,4 [193/223], PERIPHERAL VASCULAR DISEASE 外周血管病,4 [84/96],,,,,,,,,三级
JAAPA-Journal of the American Academy of Physician Assistants,2025,1547-1896/0893-7400,否,否,否,SCIE,0.8,,医学,4 [4613/5603],否," MEDICINE, GENERAL & INTERNAL 医学：内科",4 [197/327],,,,,,,,,,,三级
Acta Phlebologica,2025,1593-232X/1827-1766,否,否,否,ESCI,0.3,,医学,4 [4614/5603],否, PERIPHERAL VASCULAR DISEASE 外周血管病,4 [85/96],,,,,,,,,,,三级
Handchirurgie Mikrochirurgie Plastische Chirurgie,2025,0722-1819/1439-3980,否,否,否,SCIE,0.6,,医学,4 [4615/5603],否, SURGERY 外科,4 [249/292],,,,,,,,,,,三级
International Journal of Surgery Open,2025,2405-8572/2405-8572,否,否,否,ESCI,0.8,,医学,4 [4616/5603],否, ORTHOPEDICS 骨科,4 [115/136],,,,,,,,,,,三级
Dermatologie,2025,2731-7005/2731-7013,否,否,否,SCIE,0.7,,医学,4 [4617/5603],否, DERMATOLOGY 皮肤病学,4 [77/94],,,,,,,,,,,三级
JOURNAL OF DENTISTRY FOR CHILDREN,2025,1551-8949/1935-5068,否,否,否,ESCI,0.5,,医学,4 [4618/5603],否," DENTISTRY, ORAL SURGERY & MEDICINE 牙科与口腔外科",4 [127/157],,,,,,,,,,,三级
South African Journal of Clinical Nutrition,2025,1607-0658/2221-1268,否,否,是,ESCI,0.6,,医学,4 [4619/5603],否, NUTRITION & DIETETICS 营养学,4 [93/113],,,,,,,,,,,三级
Cellular Reprogramming,2025,2152-4971/2152-4998,否,否,否,SCIE,1.7,,医学,4 [4620/5603],否, BIOTECHNOLOGY & APPLIED MICROBIOLOGY 生物工程与应用微生物,4 [155/174], CELL & TISSUE ENGINEERING 细胞与组织工程,4 [29/31], GENETICS & HEREDITY 遗传学,4 [177/190],,,,,,,三级
CUTIS,2025,0011-4162/2326-6929,否,否,否,SCIE,2.7,,医学,4 [4621/5603],否, DERMATOLOGY 皮肤病学,4 [78/94],,,,,,,,,,,三级
JOURNAL OF MEDICAL INVESTIGATION,2025,1343-1420/1349-6867,否,否,否,ESCI,0.8,,医学,4 [4622/5603],否," MEDICINE, RESEARCH & EXPERIMENTAL 医学：研究与实验",4 [157/188],,,,,,,,,,,三级
Pravention und Gesundheitsforderung,2025,1861-6755/1861-6763,否,否,否,ESCI,0.5,,医学,4 [4623/5603],否," PUBLIC, ENVIRONMENTAL & OCCUPATIONAL HEALTH 公共卫生、环境卫生与职业卫生",4 [356/404],,,,,,,,,,,三级
American Journal of Health Education,2025,1932-5037/2168-3751,否,否,否,ESCI,0.8,,医学,4 [4624/5603],否," PUBLIC, ENVIRONMENTAL & OCCUPATIONAL HEALTH 公共卫生、环境卫生与职业卫生",4 [357/404],,,,,,,,,,,三级
Journal of Patient Safety and Risk Management,2025,2516-0435/2516-0443,否,否,否,ESCI,0.7,,医学,4 [4625/5603],否, HEALTH CARE SCIENCES & SERVICES 卫生保健与服务,4 [156/173], HEALTH POLICY & SERVICES 卫生政策与服务,4 [114/118],,,,,,,,,三级
Hong Kong Journal of Emergency Medicine,2025,1024-9079/2309-5407,否,否,是,SCIE,0.8,,医学,4 [4626/5603],否, EMERGENCY MEDICINE 急救医学,4 [40/54],,,,,,,,,,,三级
Journal of the Royal College of Physicians of Edinburgh,2025,1478-2715/2042-8189,否,否,是,ESCI,0.9,,医学,4 [4627/5603],否," MEDICINE, GENERAL & INTERNAL 医学：内科",4 [198/327],,,,,,,,,,,三级
Noropsikiyatri Arsivi-Archives of Neuropsychiatry,2025,1300-0667/1309-4866,否,否,否,SCIE,1.1,,医学,4 [4628/5603],否, CLINICAL NEUROLOGY 临床神经病学,4 [249/278],,,,,,,,,,,三级
Alcoholism Treatment Quarterly,2025,0734-7324/1544-4538,否,否,否,ESCI,0.9,,医学,4 [4629/5603],否, SUBSTANCE ABUSE 药物滥用,4 [49/56],,,,,,,,,,,三级
Indian Journal of Public Health,2025,0019-557X/2229-7693,否,否,是,SSCI;SCIE,0.7,,医学,4 [4630/5603],否," PUBLIC, ENVIRONMENTAL & OCCUPATIONAL HEALTH 公共卫生、环境卫生与职业卫生",4 [358/404],,,,,,,,,,,三级
Current Medical Imaging,2025,1573-4056/1875-6603,否,否,否,SCIE,1.1,,医学,4 [4631/5603],否," RADIOLOGY, NUCLEAR MEDICINE & MEDICAL IMAGING 核医学",4 [178/206],,,,,,,,,,,三级
American Heart Journal Plus: Cardiology Research and Practice,2025,2666-6022/2666-6022,否,否,否,ESCI,1.8,,医学,4 [4632/5603],否, CARDIAC & CARDIOVASCULAR SYSTEMS 心脏和心血管系统,4 [194/223],,,,,,,,,,,三级
Plastic Surgery,2025,2292-5503/2292-5511,否,否,否,SCIE,0.6,,医学,4 [4633/5603],否, SURGERY 外科,4 [250/292],,,,,,,,,,,三级
ACSMS HEALTH & FITNESS JOURNAL,2025,1091-5397/1536-593X,否,否,否,SCIE,1.8,,医学,4 [4634/5603],否, SPORT SCIENCES 运动科学,4 [108/126],,,,,,,,,,,三级
Respirology Case Reports,2025,2051-3380/2051-3380,否,否,是,ESCI,0.8,,医学,4 [4635/5603],否, RESPIRATORY SYSTEM 呼吸系统,4 [87/101],,,,,,,,,,,三级
Archives of Disease in Childhood-Education and Practice Edition,2025,1743-0585/1743-0593,否,否,否,SCIE,0.9,,医学,4 [4636/5603],否, PEDIATRICS 儿科,4 [148/185],,,,,,,,,,,三级
HOSPITAL PHARMACY,2025,0018-5787/1945-1253,否,否,否,ESCI,0.7,,医学,4 [4637/5603],否, PHARMACOLOGY & PHARMACY 药学,4 [298/350],,,,,,,,,,,三级
Advanced Biomedical Research,2025,2277-9175/2277-9175,否,否,是,ESCI,1,,医学,4 [4638/5603],否," MEDICINE, RESEARCH & EXPERIMENTAL 医学：研究与实验",4 [158/188],,,,,,,,,,,三级
Biomedical and Biotechnology Research Journal,2025,2588-9834/2588-9842,否,否,是,ESCI,1.1,,医学,4 [4639/5603],否, BIOTECHNOLOGY & APPLIED MICROBIOLOGY 生物工程与应用微生物,4 [156/174]," MEDICINE, RESEARCH & EXPERIMENTAL 医学：研究与实验",4 [159/188],,,,,,,,,三级
Immuno,2025,2673-5601/2673-5601,否,否,否,ESCI,2.5,,医学,4 [4640/5603],否, IMMUNOLOGY 免疫学,4 [166/179],,,,,,,,,,,三级
Indian Journal of Otolaryngology and Head & Neck Surgery,2025,2231-3796/0973-7707,否,否,否,ESCI,0.4,,医学,4 [4641/5603],否, SURGERY 外科,4 [251/292],,,,,,,,,,,三级
Annales de Chirurgie Plastique Esthetique,2025,0294-1260/1768-319X,否,否,否,SCIE,0.5,,医学,4 [4642/5603],否, SURGERY 外科,4 [252/292],,,,,,,,,,,三级
Journal of Nursing and Midwifery Sciences,2025,2345-5756/2345-5764,否,否,是,ESCI,0.7,,医学,4 [4643/5603],否, NURSING 护理,4 [160/191],,,,,,,,,,,三级
American Health and Drug Benefits,2025,1942-2962/1942-2970,否,否,否,SSCI;SCIE,1.5,,医学,4 [4644/5603],否, HEALTH CARE SCIENCES & SERVICES 卫生保健与服务,4 [157/173], HEALTH POLICY & SERVICES 卫生政策与服务,4 [115/118],,,,,,,,,三级
Electronic Journal of General Medicine,2025,2516-3507/2516-3507,否,否,否,ESCI,0.9,,医学,4 [4645/5603],否," MEDICINE, GENERAL & INTERNAL 医学：内科",4 [199/327],,,,,,,,,,,三级
Cardiothoracic Surgeon,2025,2636-333X/2662-2203,否,否,是,ESCI,0.8,,医学,4 [4646/5603],否, CARDIAC & CARDIOVASCULAR SYSTEMS 心脏和心血管系统,4 [195/223],,,,,,,,,,,三级
Jornal Vascular Brasileiro,2025,1677-5449/1677-7301,否,否,是,ESCI,1,,医学,4 [4647/5603],否, PERIPHERAL VASCULAR DISEASE 外周血管病,4 [86/96],,,,,,,,,,,三级
Iranian Journal of Child Neurology,2025,1735-4668/2008-0700,否,否,否,ESCI,0.9,,医学,4 [4648/5603],否, CLINICAL NEUROLOGY 临床神经病学,4 [250/278],,,,,,,,,,,三级
NEUROCIRUGIA,2025,1130-1473/2340-6305,否,否,否,SCIE,0.8,,医学,4 [4649/5603],否, NEUROSCIENCES 神经科学,4 [291/309], SURGERY 外科,4 [253/292],,,,,,,,,三级
BIO-MEDICAL MATERIALS AND ENGINEERING,2025,0959-2989/1878-3619,否,否,否,SCIE,1.3,,医学,4 [4650/5603],否," ENGINEERING, BIOMEDICAL 工程：生物医学",4 [106/120]," MATERIALS SCIENCE, BIOMATERIALS 材料科学：生物材料",4 [46/52],,,,,,,,,三级
European Surgery-Acta Chirurgica Austriaca,2025,1682-8631/1682-4016,否,否,否,SCIE,0.8,,医学,4 [4651/5603],否, SURGERY 外科,4 [254/292],,,,,,,,,,,三级
Journal of Obstetrics and Gynecology of India,2025,0971-9202/0975-6434,否,否,否,ESCI,0.6,,医学,4 [4652/5603],否, OBSTETRICS & GYNECOLOGY 妇产科学,4 [111/135],,,,,,,,,,,三级
LYMPHOLOGY,2025,0024-7766,否,否,否,SCIE,0.6,,医学,4 [4653/5603],否, IMMUNOLOGY 免疫学,4 [167/179], PHYSIOLOGY 生理学,4 [78/84],,,,,,,,,三级
REVUE D EPIDEMIOLOGIE ET DE SANTE PUBLIQUE,2025,0398-7620/1773-0627,否,否,否,SCIE,2.1,,医学,4 [4654/5603],否," PUBLIC, ENVIRONMENTAL & OCCUPATIONAL HEALTH 公共卫生、环境卫生与职业卫生",4 [359/404],,,,,,,,,,,三级
Indian Journal of Pathology and Microbiology,2025,0377-4929/0974-5130,否,否,是,SCIE,0.5,,医学,4 [4655/5603],否, PATHOLOGY 病理学,4 [80/88],,,,,,,,,,,三级
Acta Paulista de Enfermagem,2025,0103-2100/1982-0194,否,否,是,SSCI;SCIE,1,,医学,4 [4656/5603],否, NURSING 护理,4 [161/191],,,,,,,,,,,三级
Giornale di Chirurgia,2025,0391-9005/1971-145X,否,否,否,ESCI,0.4,,医学,4 [4657/5603],否, SURGERY 外科,4 [255/292],,,,,,,,,,,三级
BIOMEDICAL PAPERS-OLOMOUC,2025,1213-8118/1804-7521,否,否,是,SCIE,0.7,,医学,4 [4658/5603],否," MEDICINE, RESEARCH & EXPERIMENTAL 医学：研究与实验",4 [160/188],,,,,,,,,,,三级
Natural Product Communications,2025,1934-578X/1555-9475,否,否,是,SCIE,1.4,,医学,4 [4659/5603],否," CHEMISTRY, MEDICINAL 药物化学",4 [64/72], FOOD SCIENCE & TECHNOLOGY 食品科技,4 [136/173],,,,,,,,,三级
Nutricion Hospitalaria,2025,0212-1611/1699-5198,否,否,是,SCIE,1.1,,医学,4 [4660/5603],否, NUTRITION & DIETETICS 营养学,4 [94/113],,,,,,,,,,,三级
Journal of Nursing Measurement,2025,1061-3749/1945-7049,否,否,否,ESCI,0.9,,医学,4 [4661/5603],否, NURSING 护理,4 [162/191],,,,,,,,,,,三级
Bulletin of the Hospital for Joint Diseases,2025,2328-4633/2328-5273,否,否,否,ESCI,0.5,,医学,4 [4662/5603],否, ORTHOPEDICS 骨科,4 [116/136],,,,,,,,,,,三级
Reumatologia Clinica,2025,1699-258X/1885-1398,否,否,否,ESCI,1.3,,医学,4 [4663/5603],否, RHEUMATOLOGY 风湿病学,4 [48/55],,,,,,,,,,,三级
Egyptian Journal of Neurosurgery,2025,2520-8225/2520-8225,否,否,是,ESCI,0.7,,医学,4 [4664/5603],否, CLINICAL NEUROLOGY 临床神经病学,4 [251/278], SURGERY 外科,4 [256/292],,,,,,,,,三级
BRAIN-Broad Research in Artificial Intelligence and Neuroscience,2025,2067-3957,否,否,是,ESCI,0.5,,医学,4 [4665/5603],否, NEUROSCIENCES 神经科学,4 [292/309],,,,,,,,,,,三级
Bangladesh Journal of Medical Science,2025,2223-4721/2076-0299,否,否,是,ESCI,1.1,,医学,4 [4666/5603],否," MEDICINE, GENERAL & INTERNAL 医学：内科",4 [200/327],,,,,,,,,,,三级
INTERNATIONAL JOURNAL OF CLINICAL PHARMACOLOGY AND THERAPEUTICS,2025,0946-1965/0946-1965,否,否,否,SCIE,0.7,,医学,4 [4667/5603],否, PHARMACOLOGY & PHARMACY 药学,4 [299/350],,,,,,,,,,,三级
NEURO-OPHTHALMOLOGY,2025,0165-8107/1744-506X,否,否,否,ESCI,0.8,,医学,4 [4668/5603],否, CLINICAL NEUROLOGY 临床神经病学,4 [252/278],,,,,,,,,,,三级
Western Pacific Surveillance and Response,2025,2094-7321/2094-7313,否,否,是,ESCI,1.1,,医学,4 [4669/5603],否," PUBLIC, ENVIRONMENTAL & OCCUPATIONAL HEALTH 公共卫生、环境卫生与职业卫生",4 [360/404],,,,,,,,,,,三级
ARCHIVOS ESPANOLES DE UROLOGIA,2025,0004-0614/1576-8260,否,否,否,SCIE,0.9,,医学,4 [4670/5603],否, UROLOGY & NEPHROLOGY 泌尿学与肾脏学,4 [109/126],,,,,,,,,,,三级
Acta Ortopedica Brasileira,2025,1413-7852/1809-4406,否,否,是,SCIE,0.6,,医学,4 [4671/5603],否, ORTHOPEDICS 骨科,4 [117/136],,,,,,,,,,,三级
Obere Extremitaet-Schulter-Ellenbogen-Hand-Upper Extremity-Shoulder Elbow Hand,2025,1862-6599/1862-6602,否,否,否,ESCI,0.3,,医学,4 [4672/5603],否, ORTHOPEDICS 骨科,4 [118/136],,,,,,,,,,,三级
Acta Chirurgiae Orthopaedicae et Traumatologiae Cechoslovaca,2025,0001-5415/0001-5415,否,否,否,SCIE,0.4,,医学,4 [4673/5603],否, ORTHOPEDICS 骨科,4 [119/136],,,,,,,,,,,三级
Fukushima Journal of Medical Science,2025,0016-2590/2185-4610,否,否,否,ESCI,0.9,,医学,4 [4674/5603],否," MEDICINE, GENERAL & INTERNAL 医学：内科",4 [201/327],,,,,,,,,,,三级
Annals of Laparoscopic and Endoscopic Surgery,2025,2518-6973/2518-6973,是,否,否,ESCI,0.8,,医学,4 [4675/5603],否, SURGERY 外科,4 [257/292],,,,,,,,,,,三级
Journal of Skin Cancer,2025,2090-2905/2090-2913,否,否,是,ESCI,2,,医学,4 [4676/5603],否, DERMATOLOGY 皮肤病学,4 [79/94],,,,,,,,,,,三级
Saudi Journal of Ophthalmology,2025,1319-4534/2542-6680,否,否,否,ESCI,1.2,,医学,4 [4677/5603],否, OPHTHALMOLOGY 眼科学,4 [83/95],,,,,,,,,,,三级
Egyptian Journal of Radiology and Nuclear Medicine,2025,2090-4762/2090-4762,否,否,是,ESCI,0.5,,医学,4 [4678/5603],否," RADIOLOGY, NUCLEAR MEDICINE & MEDICAL IMAGING 核医学",4 [179/206],,,,,,,,,,,三级
BMJ Case Reports,2025,1757-790X/1757-790X,否,否,否,ESCI,0.5,,医学,4 [4679/5603],否," MEDICINE, GENERAL & INTERNAL 医学：内科",4 [202/327],,,,,,,,,,,三级
EVOLUTION PSYCHIATRIQUE,2025,0014-3855/1769-6674,否,否,否,SSCI,0.6,,医学,4 [4680/5603],否, PSYCHIATRY 精神病学,4 [240/277],,,,,,,,,,,三级
Journal of Postgraduate Medicine,2025,0022-3859/0972-2823,否,否,是,SCIE,1.2,,医学,4 [4681/5603],否," MEDICINE, GENERAL & INTERNAL 医学：内科",4 [203/327],,,,,,,,,,,三级
Egyptian Rheumatology and Rehabilitation,2025,1110-161X/2090-3235,否,否,是,ESCI,0.7,,医学,4 [4682/5603],否, RHEUMATOLOGY 风湿病学,4 [49/55],,,,,,,,,,,三级
Journal of Acute Medicine,2025,2211-5587/2211-5595,否,否,否,ESCI,0.9,,医学,4 [4683/5603],否, EMERGENCY MEDICINE 急救医学,4 [41/54],,,,,,,,,,,三级
Egyptian Journal of Bronchology,2025,1687-8426/2314-8551,否,否,是,ESCI,0.7,,医学,4 [4684/5603],否, RESPIRATORY SYSTEM 呼吸系统,4 [88/101],,,,,,,,,,,三级
Urological Science,2025,1879-5226/1879-5234,否,否,是,ESCI,0.6,,医学,4 [4685/5603],否, UROLOGY & NEPHROLOGY 泌尿学与肾脏学,4 [110/126],,,,,,,,,,,三级
ZENTRALBLATT FUR CHIRURGIE,2025,0044-409X/1438-9592,否,否,否,SCIE,0.7,,医学,4 [4686/5603],否, SURGERY 外科,4 [258/292],,,,,,,,,,,三级
Journal of Military Veteran and Family Health,2025,2368-7924/2368-7924,否,否,否,ESCI,0.9,,医学,4 [4687/5603],否," PUBLIC, ENVIRONMENTAL & OCCUPATIONAL HEALTH 公共卫生、环境卫生与职业卫生",4 [361/404],,,,,,,,,,,三级
Radiologic Technology,2025,0033-8397/1943-5657,否,否,否,ESCI,0.5,,医学,4 [4688/5603],否," RADIOLOGY, NUCLEAR MEDICINE & MEDICAL IMAGING 核医学",4 [180/206],,,,,,,,,,,三级
Case Reports in Ophthalmological Medicine,2025,2090-6722/2090-6730,否,否,是,ESCI,0.4,,医学,4 [4689/5603],否, OPHTHALMOLOGY 眼科学,4 [84/95],,,,,,,,,,,三级
Acta Orthopaedica Belgica,2025,0001-6462/0001-6462,否,否,否,SCIE,0.6,,医学,4 [4690/5603],否, ORTHOPEDICS 骨科,4 [120/136],,,,,,,,,,,三级
Indian Journal of Sexually Transmitted Diseases and AIDS,2025,2589-0557/2589-0565,否,否,否,ESCI,0.7,,医学,4 [4691/5603],否, INFECTIOUS DISEASES 传染病学,4 [120/134],,,,,,,,,,,三级
Cirugia y Cirujanos,2025,0009-7411/0009-7411,否,否,是,SCIE,0.7,,医学,4 [4692/5603],否, SURGERY 外科,4 [259/292],,,,,,,,,,,三级
SCIENCE & SPORTS,2025,0765-1597/0765-1597,否,否,否,SCIE,1,,医学,4 [4693/5603],否, SPORT SCIENCES 运动科学,4 [109/126],,,,,,,,,,,三级
Journal of Christian Nursing,2025,0743-2550/1931-7662,否,否,否,ESCI,0.6,,医学,4 [4694/5603],否, NURSING 护理,4 [163/191],,,,,,,,,,,三级
Experimental and Clinical Transplantation,2025,1304-0855/2146-8427,否,否,否,SCIE,0.7,,医学,4 [4695/5603],否, TRANSPLANTATION 移植,4 [27/31],,,,,,,,,,,三级
International Indigenous Policy Journal,2025,1916-5781/1916-5781,否,否,是,ESCI,1,,医学,4 [4696/5603],否, ANTHROPOLOGY 人类学,4 [133/137]," SOCIAL SCIENCES, INTERDISCIPLINARY 社会科学：跨领域",4 [204/263],,,,,,,,,三级
Chirurgia,2025,1221-9118/1842-368X,否,否,否,ESCI,0.8,,医学,4 [4697/5603],否, SURGERY 外科,4 [260/292],,,,,,,,,,,三级
Future Virology,2025,1746-0794/1746-0808,否,否,否,SCIE,1.4,,医学,4 [4698/5603],否, VIROLOGY 病毒学,4 [38/41],,,,,,,,,,,三级
Eurasian Journal of Medicine,2025,1308-8742/1308-8742,否,否,是,ESCI,1.2,,医学,4 [4699/5603],否," MEDICINE, GENERAL & INTERNAL 医学：内科",4 [204/327],,,,,,,,,,,三级
Turk Gogus Kalp Damar Cerrahisi Dergisi-Turkish Journal of Thoracic and Cardiovascular Surgery,2025,1301-5680/1301-5680,否,否,否,SCIE,0.5,,医学,4 [4700/5603],否, SURGERY 外科,4 [261/292],,,,,,,,,,,三级
Annals of African Medicine,2025,1596-3519/0975-5764,否,否,否,ESCI,0.7,,医学,4 [4701/5603],否," MEDICINE, GENERAL & INTERNAL 医学：内科",4 [205/327],,,,,,,,,,,三级
Colombia Medica,2025,1657-9534,否,否,否,SCIE,1.3,,医学,4 [4702/5603],否," MEDICINE, GENERAL & INTERNAL 医学：内科",4 [206/327],,,,,,,,,,,三级
Ceska Gynekologie-Czech Gynaecology,2025,1210-7832/1805-4455,否,否,否,ESCI,0.5,,医学,4 [4703/5603],否, OBSTETRICS & GYNECOLOGY 妇产科学,4 [112/135],,,,,,,,,,,三级
GESUNDHEITSWESEN,2025,0941-3790/1439-4421,否,否,否,SSCI,0.8,,医学,4 [4704/5603],否," PUBLIC, ENVIRONMENTAL & OCCUPATIONAL HEALTH 公共卫生、环境卫生与职业卫生",4 [362/404],,,,,,,,,,,三级
ACTA VIROLOGICA,2025,0001-723X/1336-2305,否,否,否,SCIE,0.8,,医学,4 [4705/5603],否, VIROLOGY 病毒学,4 [39/41],,,,,,,,,,,三级
Ain Shams Journal of Anesthesiology,2025,1687-7934/2090-925X,否,否,是,ESCI,0.5,,医学,4 [4706/5603],否, ANESTHESIOLOGY 麻醉学,4 [51/64],,,,,,,,,,,三级
Hemato,2025,2673-6357/2673-6357,否,否,否,ESCI,1,,医学,4 [4707/5603],否, HEMATOLOGY 血液学,4 [87/96],,,,,,,,,,,三级
AME Case Reports,2025,2523-1995/2523-1995,否,否,否,ESCI,0.7,,医学,4 [4708/5603],否," MEDICINE, GENERAL & INTERNAL 医学：内科",4 [207/327],,,,,,,,,,,三级
CANADIAN JOURNAL OF DIETETIC PRACTICE AND RESEARCH,2025,1486-3847/2292-9592,否,否,否,SCIE,0.8,,医学,4 [4709/5603],否, NUTRITION & DIETETICS 营养学,4 [95/113],,,,,,,,,,,三级
Rehabilitation Oncology,2025,2168-3808/2381-2427,否,否,否,ESCI,0.9,,医学,4 [4710/5603],否, ONCOLOGY 肿瘤学,4 [281/318],,,,,,,,,,,三级
MIKROBIYOLOJI BULTENI,2025,0374-9096/0374-9096,否,否,否,SCIE,0.7,,医学,4 [4711/5603],否, MICROBIOLOGY 微生物学,4 [145/159],,,,,,,,,,,三级
Iranian Journal of Immunology,2025,1735-1383/1735-367X,否,否,是,SCIE,1.1,,医学,4 [4712/5603],否, IMMUNOLOGY 免疫学,4 [168/179],,,,,,,,,,,三级
Acta Oto-Laryngologica Case Reports,2025,2377-2484/2377-2484,否,否,是,ESCI,0.2,,医学,4 [4713/5603],否, OTORHINOLARYNGOLOGY 耳鼻喉科学,4 [53/66],,,,,,,,,,,三级
Occupational Therapy in Mental Health,2025,0164-212X/1541-3101,否,否,否,ESCI,0.9,,医学,4 [4714/5603],否, REHABILITATION 康复医学,4 [151/169],,,,,,,,,,,三级
Communication Sciences and Disorders-CSD,2025,2288-1328/2288-0917,否,否,否,ESCI,0.5,,医学,4 [4715/5603],否, AUDIOLOGY & SPEECH-LANGUAGE PATHOLOGY 听力学与言语病理学,4 [33/35],,,,,,,,,,,三级
CLINICAL NEUROPHARMACOLOGY,2025,0362-5664/1537-162X,是,否,否,SCIE,1.5,,医学,4 [4716/5603],否, CLINICAL NEUROLOGY 临床神经病学,4 [253/278], PHARMACOLOGY & PHARMACY 药学,4 [301/350],,,,,,,,,三级
Signa Vitae,2025,1334-5605/1845-206X,否,否,否,SCIE,0.6,,医学,4 [4717/5603],否, EMERGENCY MEDICINE 急救医学,4 [42/54],,,,,,,,,,,三级
Case Reports in Gastroenterology,2025,1662-0631/1662-0631,否,否,是,ESCI,0.6,,医学,4 [4718/5603],否, GASTROENTEROLOGY & HEPATOLOGY 胃肠肝病学,4 [124/143],,,,,,,,,,,三级
Emergency Medicine International,2025,2090-2840/2090-2859,否,否,是,SCIE,0.8,,医学,4 [4719/5603],否, EMERGENCY MEDICINE 急救医学,4 [43/54],,,,,,,,,,,三级
Journal of VitreoRetinal Diseases,2025,2474-1264/2474-1272,否,否,否,ESCI,0.8,,医学,4 [4720/5603],否, OPHTHALMOLOGY 眼科学,4 [85/95],,,,,,,,,,,三级
Thoracic and Cardiovascular Surgeon Reports,2025,2194-7635/2194-7643,否,否,是,ESCI,0.3,,医学,4 [4721/5603],否, SURGERY 外科,4 [262/292],,,,,,,,,,,三级
BJR Case Reports,2025,2055-7159/2055-7159,否,否,是,ESCI,0.5,,医学,4 [4722/5603],否," RADIOLOGY, NUCLEAR MEDICINE & MEDICAL IMAGING 核医学",4 [181/206],,,,,,,,,,,三级
Reports,2025,2571-841X/2571-841X,否,否,是,ESCI,0.6,,医学,4 [4723/5603],否," MEDICINE, GENERAL & INTERNAL 医学：内科",4 [208/327],,,,,,,,,,,三级
JOURNAL OF VECTOR BORNE DISEASES,2025,0972-9062/0972-9062,否,否,是,SCIE,1.2,,医学,4 [4724/5603],否, INFECTIOUS DISEASES 传染病学,4 [121/134], PARASITOLOGY 寄生虫学,4 [42/45], TROPICAL MEDICINE 热带医学,4 [24/28],,,,,,,三级
Indian Journal of Surgical Oncology,2025,0975-7651/0976-6952,否,否,否,ESCI,0.7,,医学,4 [4725/5603],否, ONCOLOGY 肿瘤学,4 [282/318],,,,,,,,,,,三级
Minerva Surgery,2025,2724-5691/2724-5438,否,否,否,SCIE,0.8,,医学,4 [4726/5603],否, SURGERY 外科,4 [263/292],,,,,,,,,,,三级
LARYNGO-RHINO-OTOLOGIE,2025,0935-8943/1438-8685,否,否,否,SCIE,1.4,,医学,4 [4727/5603],否, OTORHINOLARYNGOLOGY 耳鼻喉科学,4 [54/66],,,,,,,,,,,三级
Cadernos Brasileiros de Terapia Ocupacional-Brazilian Journal of Occupational Therapy,2025,2526-8910/2526-8910,否,否,是,ESCI,0.7,,医学,4 [4728/5603],否," PUBLIC, ENVIRONMENTAL & OCCUPATIONAL HEALTH 公共卫生、环境卫生与职业卫生",4 [363/404],,,,,,,,,,,三级
Polish Journal of Medical Physics and Engineering,2025,1898-0309/1898-0309,否,否,否,ESCI,0.8,,医学,4 [4729/5603],否," RADIOLOGY, NUCLEAR MEDICINE & MEDICAL IMAGING 核医学",4 [182/206],,,,,,,,,,,三级
ACTAS ESPANOLAS DE PSIQUIATRIA,2025,1139-9287/1578-2735,否,否,否,SCIE,1.6,,医学,4 [4730/5603],否, NEUROSCIENCES 神经科学,4 [293/309], PSYCHIATRY 精神病学,4 [241/277],,,,,,,,,三级
ACG Case Reports Journal,2025,2326-3253/2326-3253,否,否,是,ESCI,0.5,,医学,4 [4731/5603],否, GASTROENTEROLOGY & HEPATOLOGY 胃肠肝病学,4 [125/143],,,,,,,,,,,三级
Current Rheumatology Reviews,2025,1573-3971/1875-6360,否,否,否,ESCI,1.3,,医学,4 [4732/5603],否, RHEUMATOLOGY 风湿病学,4 [50/55],,,,,,,,,,,三级
Enfermeria Intensiva,2025,1130-2399/1578-1291,否,否,否,ESCI,1,,医学,4 [4733/5603],否, NURSING 护理,4 [164/191],,,,,,,,,,,三级
VISUAL NEUROSCIENCE,2025,0952-5238/1469-8714,否,否,否,SCIE,2.3,,医学,4 [4734/5603],否, NEUROSCIENCES 神经科学,4 [294/309], OPHTHALMOLOGY 眼科学,4 [86/95],,,,,,,,,三级
Case Reports in Neurology,2025,1662-680X/1662-680X,否,否,是,ESCI,0.7,,医学,4 [4735/5603],否, CLINICAL NEUROLOGY 临床神经病学,4 [254/278],,,,,,,,,,,三级
SPORTVERLETZUNG-SPORTSCHADEN,2025,0932-0555/1439-1236,否,否,否,SCIE,0.4,,医学,4 [4736/5603],否, ORTHOPEDICS 骨科,4 [121/136], SPORT SCIENCES 运动科学,4 [110/126],,,,,,,,,三级
Journal of Pharmacy and Bioallied Sciences,2025,0976-4879/0975-7406,否,否,是,ESCI,0.9,,医学,4 [4737/5603],否, PHARMACOLOGY & PHARMACY 药学,4 [302/350],,,,,,,,,,,三级
Pediatric Dental Journal,2025,0917-2394/1880-3997,否,否,否,ESCI,0.8,,医学,4 [4738/5603],否," DENTISTRY, ORAL SURGERY & MEDICINE 牙科与口腔外科",4 [128/157],,,,,,,,,,,三级
Acta Informatica Pragensia,2025,1805-4951/1805-4951,否,否,是,ESCI,1.1,,医学,4 [4739/5603],否," COMPUTER SCIENCE, INTERDISCIPLINARY APPLICATIONS 计算机：跨学科应用",4 [160/172]," SOCIAL SCIENCES, INTERDISCIPLINARY 社会科学：跨领域",4 [211/263],,,,,,,,,三级
PNEUMOLOGIE,2025,0934-8387/1438-8790,否,否,否,ESCI,1.7,,医学,4 [4740/5603],否, RESPIRATORY SYSTEM 呼吸系统,4 [89/101],,,,,,,,,,,三级
Journal of Medical Devices-Transactions of the ASME,2025,1932-6181/1932-619X,否,否,否,SCIE,0.7,,医学,4 [4741/5603],否," ENGINEERING, BIOMEDICAL 工程：生物医学",4 [107/120],,,,,,,,,,,三级
Journal of Research in Pharmacy Practice,2025,2319-9644/2279-042X,否,否,是,ESCI,0.7,,医学,4 [4742/5603],否, PHARMACOLOGY & PHARMACY 药学,4 [303/350],,,,,,,,,,,三级
Oxford Medical Case Reports,2025,2053-8855/2053-8855,否,否,是,ESCI,0.4,,医学,4 [4743/5603],否," MEDICINE, GENERAL & INTERNAL 医学：内科",4 [209/327],,,,,,,,,,,三级
ACTA MEDICA OKAYAMA,2025,0386-300X/0386-300X,否,否,否,SCIE,0.6,,医学,4 [4744/5603],否," MEDICINE, RESEARCH & EXPERIMENTAL 医学：研究与实验",4 [161/188],,,,,,,,,,,三级
Biointerphases,2025,1934-8630/1559-4106,否,否,否,SCIE,1.9,,医学,4 [4745/5603],否, BIOPHYSICS 生物物理,4 [69/76]," MATERIALS SCIENCE, BIOMATERIALS 材料科学：生物材料",4 [47/52],,,,,,,,,三级
Revista Espanola de Discapacidad-REDIS,2025,2340-5104/2340-5104,否,否,是,ESCI,0.6,,医学,4 [4746/5603],否, REHABILITATION 康复医学,4 [152/169],,,,,,,,,,,三级
Journal of Pediatric Surgery Case Reports,2025,2213-5766/2213-5766,否,否,是,ESCI,0.2,,医学,4 [4747/5603],否, PEDIATRICS 儿科,4 [149/185],,,,,,,,,,,三级
JOURNAL OF THE PAKISTAN MEDICAL ASSOCIATION,2025,0030-9982/0030-9982,否,否,否,SCIE,0.8,,医学,4 [4748/5603],否," MEDICINE, GENERAL & INTERNAL 医学：内科",4 [210/327]," MEDICINE, RESEARCH & EXPERIMENTAL 医学：研究与实验",4 [162/188],,,,,,,,,三级
Case Reports in Immunology,2025,2090-6609/2090-6617,否,否,是,ESCI,1.5,,医学,4 [4749/5603],否, IMMUNOLOGY 免疫学,4 [169/179],,,,,,,,,,,三级
Life Span and Disability,2025,1721-0151/2035-5963,否,否,是,ESCI,0.3,,医学,4 [4750/5603],否, RESPIRATORY SYSTEM 呼吸系统,4 [90/101],,,,,,,,,,,三级
Journal of Oral and Maxillofacial Surgery Medicine and Pathology,2025,2212-5558/2212-5566,否,否,否,ESCI,0.4,,医学,4 [4751/5603],否," DENTISTRY, ORAL SURGERY & MEDICINE 牙科与口腔外科",4 [129/157],,,,,,,,,,,三级
Nursing and Midwifery Studies,2025,2322-1488/2322-1674,否,否,是,ESCI,0.5,,医学,4 [4752/5603],否, NURSING 护理,4 [165/191],,,,,,,,,,,三级
Journal of Cardiovascular Emergencies,2025,2457-5518/2457-550X,否,否,是,ESCI,0.8,,医学,4 [4753/5603],否, CARDIAC & CARDIOVASCULAR SYSTEMS 心脏和心血管系统,4 [196/223], EMERGENCY MEDICINE 急救医学,4 [44/54],,,,,,,,,三级
Saude e Sociedade,2025,0104-1290/1984-0470,否,否,是,SSCI,0.4,,医学,4 [4754/5603],否," PUBLIC, ENVIRONMENTAL & OCCUPATIONAL HEALTH 公共卫生、环境卫生与职业卫生",4 [364/404],,,,,,,,,,,三级
African Journal of Urology,2025,1110-5704/1961-9987,否,否,是,ESCI,0.4,,医学,4 [4755/5603],否, UROLOGY & NEPHROLOGY 泌尿学与肾脏学,4 [111/126],,,,,,,,,,,三级
SOUTH AFRICAN JOURNAL OF SURGERY,2025,0038-2361/2078-5151,否,否,否,SCIE,0.6,,医学,4 [4756/5603],否, SURGERY 外科,4 [264/292],,,,,,,,,,,三级
Medwave,2025,0717-6384/0717-6384,否,否,是,ESCI,0.8,,医学,4 [4757/5603],否," MEDICINE, GENERAL & INTERNAL 医学：内科",4 [211/327],,,,,,,,,,,三级
Thoracic Research and Practice,2025,2979-9139/2979-9139,否,否,是,ESCI,0.6,,医学,4 [4758/5603],否, RESPIRATORY SYSTEM 呼吸系统,4 [91/101],,,,,,,,,,,三级
Current Otorhinolaryngology Reports,2025,2167-583X/2167-583X,是,否,否,ESCI,1.2,,医学,4 [4759/5603],否, OTORHINOLARYNGOLOGY 耳鼻喉科学,4 [55/66],,,,,,,,,,,三级
African Journal of Health Professions Education,2025,2078-5127/2078-5127,否,否,是,ESCI,0.6,,医学,4 [4760/5603],否, HEALTH CARE SCIENCES & SERVICES 卫生保健与服务,4 [158/173],,,,,,,,,,,三级
Current Cardiovascular Imaging Reports,2025,1941-9066/1941-9074,是,否,否,ESCI,0.7,,医学,4 [4761/5603],否," RADIOLOGY, NUCLEAR MEDICINE & MEDICAL IMAGING 核医学",4 [183/206],,,,,,,,,,,三级
Trends in Urology & Mens Health,2025,2044-3730/2044-3749,否,否,否,ESCI,0.6,,医学,4 [4762/5603],否, UROLOGY & NEPHROLOGY 泌尿学与肾脏学,4 [112/126],,,,,,,,,,,三级
International Journal of E-Health and Medical Communications,2025,1947-315X/1947-3168,否,否,否,ESCI,1.7,,医学,4 [4763/5603],否, MEDICAL INFORMATICS 医学：信息,4 [43/44],,,,,,,,,,,三级
Journal of Human Sport and Exercise,2025,1988-5202/1988-5202,否,否,是,ESCI,0.8,,医学,4 [4764/5603],否, SPORT SCIENCES 运动科学,4 [111/126],,,,,,,,,,,三级
Translational Medicine at UniSa,2025,2239-9747/2239-9747,否,否,否,ESCI,2.4,,医学,4 [4765/5603],否," MEDICINE, RESEARCH & EXPERIMENTAL 医学：研究与实验",4 [163/188],,,,,,,,,,,三级
Acta Medica Portuguesa,2025,0870-399X/1646-0758,否,否,是,SCIE,1,,医学,4 [4766/5603],否," MEDICINE, GENERAL & INTERNAL 医学：内科",4 [212/327],,,,,,,,,,,三级
ZEITSCHRIFT FUR GEBURTSHILFE UND NEONATOLOGIE,2025,0948-2393/1439-1651,否,否,否,SCIE,0.6,,医学,4 [4767/5603],否, OBSTETRICS & GYNECOLOGY 妇产科学,4 [113/135], PEDIATRICS 儿科,4 [150/185],,,,,,,,,三级
Sovremennye Tehnologii v Medicine,2025,2076-4243/2076-4243,否,否,否,ESCI,0.9,,医学,4 [4768/5603],否," MEDICINE, RESEARCH & EXPERIMENTAL 医学：研究与实验",4 [164/188],,,,,,,,,,,三级
Current Treatment Options in Cardiovascular Medicine,2025,1092-8464/1534-3189,否,否,否,ESCI,0.6,,医学,4 [4769/5603],否, CARDIAC & CARDIOVASCULAR SYSTEMS 心脏和心血管系统,4 [197/223],,,,,,,,,,,三级
Anales del Sistema Sanitario De Navarra,2025,1137-6627/2340-3527,否,否,否,SSCI;SCIE,0.6,,医学,4 [4770/5603],否," PUBLIC, ENVIRONMENTAL & OCCUPATIONAL HEALTH 公共卫生、环境卫生与职业卫生",4 [365/404],,,,,,,,,,,三级
Gastrointestinal Disorders,2025,2624-5647/2624-5647,否,否,是,ESCI,0.8,,医学,4 [4771/5603],否, GASTROENTEROLOGY & HEPATOLOGY 胃肠肝病学,4 [126/143],,,,,,,,,,,三级
Hepatoma Research,2025,2394-5079/2454-2520,否,否,是,ESCI,1.2,,医学,4 [4772/5603],否, GASTROENTEROLOGY & HEPATOLOGY 胃肠肝病学,4 [127/143], ONCOLOGY 肿瘤学,4 [283/318],,,,,,,,,三级
Trauma-England,2025,1460-4086/1477-0350,否,否,否,ESCI,0.7,,医学,4 [4773/5603],否, EMERGENCY MEDICINE 急救医学,4 [45/54],,,,,,,,,,,三级
PROGRESS IN PEDIATRIC CARDIOLOGY,2025,1058-9813/1558-1519,否,否,否,ESCI,0.8,,医学,4 [4774/5603],否, PEDIATRICS 儿科,4 [151/185],,,,,,,,,,,三级
VERHALTENSTHERAPIE,2025,1016-6262/1423-0402,否,否,否,SSCI;SCIE,1.2,,医学,4 [4775/5603],否, PSYCHIATRY 精神病学,4 [242/277]," PSYCHOLOGY, CLINICAL 心理学：临床",4 [169/179],,,,,,,,,三级
Radiologie,2025,2731-7048/2731-7056,否,否,否,SCIE,0.6,,医学,4 [4776/5603],否," RADIOLOGY, NUCLEAR MEDICINE & MEDICAL IMAGING 核医学",4 [184/206],,,,,,,,,,,三级
Nuclear Medicine and Molecular Imaging,2025,1869-3474/1869-3482,否,否,否,ESCI,2.7,,医学,4 [4777/5603],否," RADIOLOGY, NUCLEAR MEDICINE & MEDICAL IMAGING 核医学",4 [185/206],,,,,,,,,,,三级
Artery Research,2025,1872-9312/1876-4401,否,否,是,SCIE,1.6,,医学,4 [4778/5603],否, PERIPHERAL VASCULAR DISEASE 外周血管病,4 [87/96],,,,,,,,,,,三级
Epidemiologia & Prevenzione,2025,1120-9763/2385-1937,否,否,否,SSCI;SCIE,1.5,,医学,4 [4779/5603],否," PUBLIC, ENVIRONMENTAL & OCCUPATIONAL HEALTH 公共卫生、环境卫生与职业卫生",4 [366/404],,,,,,,,,,,三级
Heroin Addiction and Related Clinical Problems,2025,1592-1638/1592-1638,否,否,否,SSCI,0.6,,医学,4 [4780/5603],否, SUBSTANCE ABUSE 药物滥用,4 [50/56],,,,,,,,,,,三级
ANNALS OF CLINICAL AND LABORATORY SCIENCE,2025,0091-7370/1550-8080,否,否,否,SCIE,1,,医学,4 [4781/5603],否, MEDICAL LABORATORY TECHNOLOGY 医学实验技术,4 [26/31],,,,,,,,,,,三级
JOURNAL OF LABELLED COMPOUNDS & RADIOPHARMACEUTICALS,2025,0362-4803/1099-1344,否,否,否,SCIE,0.9,,医学,4 [4782/5603],否, BIOCHEMICAL RESEARCH METHODS 生化研究方法,4 [82/85]," CHEMISTRY, ANALYTICAL 分析化学",4 [92/106]," CHEMISTRY, MEDICINAL 药物化学",4 [65/72],,,,,,,三级
Canadian Liver Journal,2025,2561-4444/2561-4444,否,否,否,ESCI,1.2,,医学,4 [4783/5603],否, GASTROENTEROLOGY & HEPATOLOGY 胃肠肝病学,4 [128/143],,,,,,,,,,,三级
Egyptian Journal of Internal Medicine,2025,1110-7782/2090-9098,否,否,是,ESCI,1,,医学,4 [4784/5603],否," MEDICINE, GENERAL & INTERNAL 医学：内科",4 [213/327],,,,,,,,,,,三级
Bladder Cancer,2025,2352-3727/2352-3735,否,否,是,SCIE,1.2,,医学,4 [4785/5603],否, ONCOLOGY 肿瘤学,4 [284/318], UROLOGY & NEPHROLOGY 泌尿学与肾脏学,4 [113/126],,,,,,,,,三级
Turk Psikiyatri Dergisi,2025,1300-2163/1300-2163,否,否,否,SSCI,1.3,,医学,4 [4786/5603],否, PSYCHIATRY 精神病学,4 [243/277],,,,,,,,,,,三级
MLTJ-Muscles Ligaments and Tendons Journal,2025,2240-4554/2240-4554,否,否,否,ESCI,0.7,,医学,4 [4787/5603],否, ORTHOPEDICS 骨科,4 [122/136],,,,,,,,,,,三级
Clinical Pediatric Endocrinology,2025,0918-5739/1347-7358,否,否,否,ESCI,1.2,,医学,4 [4788/5603],否, ENDOCRINOLOGY & METABOLISM 内分泌学与代谢,4 [161/184],,,,,,,,,,,三级
NEUROCASE,2025,1355-4794/1465-3656,否,否,否,SCIE,0.8,,医学,4 [4789/5603],否, CLINICAL NEUROLOGY 临床神经病学,4 [255/278], PSYCHIATRY 精神病学,4 [244/277], PSYCHOLOGY 心理学,4 [82/92],,,,,,,三级
Annales Pharmaceutiques Francaises,2025,0003-4509/0003-4509,否,否,否,ESCI,1.1,,医学,4 [4790/5603],否, PHARMACOLOGY & PHARMACY 药学,4 [304/350],,,,,,,,,,,三级
Sonography,2025,2202-8323/2054-6750,否,否,否,ESCI,0.5,,医学,4 [4791/5603],否," RADIOLOGY, NUCLEAR MEDICINE & MEDICAL IMAGING 核医学",4 [186/206],,,,,,,,,,,三级
Oral Science International,2025,1348-8643/1881-4204,否,否,否,ESCI,0.3,,医学,4 [4792/5603],否," DENTISTRY, ORAL SURGERY & MEDICINE 牙科与口腔外科",4 [130/157],,,,,,,,,,,三级
Kidney Cancer,2025,2468-4562/2468-4570,否,否,是,ESCI,1.1,,医学,4 [4793/5603],否, ONCOLOGY 肿瘤学,4 [285/318], UROLOGY & NEPHROLOGY 泌尿学与肾脏学,4 [114/126],,,,,,,,,三级
Current Surgery Reports,2025,2167-4817/2167-4817,是,否,否,ESCI,0.7,,医学,4 [4794/5603],否, SURGERY 外科,4 [265/292],,,,,,,,,,,三级
Acta Dermatovenerologica Alpina Pannonica et Adriatica,2025,1318-4458/1581-2979,否,否,否,ESCI,1,,医学,4 [4795/5603],否, DERMATOLOGY 皮肤病学,4 [80/94],,,,,,,,,,,三级
Rheumatology & Autoimmunity,2025,2767-1410/2767-1429,否,否,否,ESCI,1.3,,医学,4 [4796/5603],否, IMMUNOLOGY 免疫学,4 [170/179], RHEUMATOLOGY 风湿病学,4 [51/55],,,,,,,,,三级
Regenerative Engineering and Translational Medicine,2025,2364-4133/2364-4141,否,否,否,ESCI,1.9,,医学,4 [4797/5603],否," ENGINEERING, BIOMEDICAL 工程：生物医学",4 [108/120],,,,,,,,,,,三级
International Journal of Care Coordination,2025,2053-4345/2053-4353,否,否,否,ESCI,1.2,,医学,4 [4798/5603],否, NURSING 护理,4 [166/191],,,,,,,,,,,三级
Egyptian Journal of Otolaryngology,2025,1012-5574/2090-8539,否,否,是,ESCI,0.5,,医学,4 [4799/5603],否, OTORHINOLARYNGOLOGY 耳鼻喉科学,4 [56/66],,,,,,,,,,,三级
World Journal of Nuclear Medicine,2025,1450-1147/1607-3312,否,否,是,ESCI,0.9,,医学,4 [4800/5603],否," RADIOLOGY, NUCLEAR MEDICINE & MEDICAL IMAGING 核医学",4 [187/206],,,,,,,,,,,三级
Hepatology Forum,2025,1307-5888/2757-7392,否,否,否,ESCI,2.1,,医学,4 [4801/5603],否, GASTROENTEROLOGY & HEPATOLOGY 胃肠肝病学,4 [129/143],,,,,,,,,,,三级
CURRENT HIV RESEARCH,2025,1570-162X/1873-4251,否,否,否,SCIE,1,,医学,4 [4802/5603],否, IMMUNOLOGY 免疫学,4 [171/179], INFECTIOUS DISEASES 传染病学,4 [122/134], VIROLOGY 病毒学,4 [40/41],,,,,,,三级
Gastroenterology Nursing,2025,1042-895X/1538-9766,否,否,否,SSCI;SCIE,0.8,,医学,4 [4803/5603],否, GASTROENTEROLOGY & HEPATOLOGY 胃肠肝病学,4 [130/143], NURSING 护理,4 [167/191],,,,,,,,,三级
Nursing Practice Today,2025,2383-1154/2383-1162,否,否,是,ESCI,1,,医学,4 [4804/5603],否, NURSING 护理,4 [168/191],,,,,,,,,,,三级
Gynecologie Obstetrique Fertilite & Senologie,2025,2468-7197/2468-7189,否,否,否,SCIE,0.8,,医学,4 [4805/5603],否, OBSTETRICS & GYNECOLOGY 妇产科学,4 [114/135],,,,,,,,,,,三级
Canadian Journal of Speech-Language Pathology and Audiology,2025,1913-2018/1913-2018,否,否,是,ESCI,0.4,,医学,4 [4806/5603],否, REHABILITATION 康复医学,4 [153/169],,,,,,,,,,,三级
Journal of Hand and Microsurgery,2025,0974-3227/0974-6897,否,否,否,ESCI,0.5,,医学,4 [4807/5603],否, SURGERY 外科,4 [266/292],,,,,,,,,,,三级
Medycyna Pracy-Workers Health and Safety,2025,0465-5893/2353-1339,否,否,是,SCIE,0.9,,医学,4 [4808/5603],否," PUBLIC, ENVIRONMENTAL & OCCUPATIONAL HEALTH 公共卫生、环境卫生与职业卫生",4 [367/404],,,,,,,,,,,三级
Comparative Parasitology,2025,1525-2647/1938-2952,否,否,否,SCIE,0.4,,医学,4 [4809/5603],否, PARASITOLOGY 寄生虫学,4 [43/45], ZOOLOGY 动物学,4 [166/179],,,,,,,,,三级
Enfermeria Clinica,2025,1130-8621/1579-2013,否,否,否,ESCI,1.1,,医学,4 [4810/5603],否, NURSING 护理,4 [169/191],,,,,,,,,,,三级
Health Scope,2025,2251-8959/2251-9513,否,否,否,ESCI,0.8,,医学,4 [4811/5603],否," PUBLIC, ENVIRONMENTAL & OCCUPATIONAL HEALTH 公共卫生、环境卫生与职业卫生",4 [368/404],,,,,,,,,,,三级
Journal of Substance Use,2025,1465-9891/1475-9942,否,否,否,SSCI,0.6,,医学,4 [4812/5603],否, SUBSTANCE ABUSE 药物滥用,4 [51/56],,,,,,,,,,,三级
DISSOLUTION TECHNOLOGIES,2025,1521-298X/2376-869X,否,否,否,SCIE,0.8,,医学,4 [4813/5603],否, PHARMACOLOGY & PHARMACY 药学,4 [305/350],,,,,,,,,,,三级
Case Reports in Womens Health,2025,2214-9112/2214-9112,否,否,是,ESCI,0.6,,医学,4 [4814/5603],否, OBSTETRICS & GYNECOLOGY 妇产科学,4 [115/135],,,,,,,,,,,三级
Journal of Addictions Nursing,2025,1088-4602/1548-7148,否,否,否,SSCI;SCIE,0.7,,医学,4 [4815/5603],否, NURSING 护理,4 [170/191], SUBSTANCE ABUSE 药物滥用,4 [52/56],,,,,,,,,三级
Journal of Endocrinology Metabolism and Diabetes of South Africa,2025,1608-9677/2220-1009,否,否,是,ESCI,0.4,,医学,4 [4816/5603],否, ENDOCRINOLOGY & METABOLISM 内分泌学与代谢,4 [162/184],,,,,,,,,,,三级
Rechtsmedizin,2025,0937-9819/1434-5196,否,否,否,SCIE,0.5,,医学,4 [4817/5603],否," MEDICINE, LEGAL 医学：法",4 [20/23],,,,,,,,,,,三级
Egyptian Pediatric Association Gazette,2025,1110-6638/2090-9942,否,否,是,ESCI,0.5,,医学,4 [4818/5603],否, PEDIATRICS 儿科,4 [152/185],,,,,,,,,,,三级
FARMACIA HOSPITALARIA,2025,1130-6343/2171-8695,否,否,是,ESCI,1.3,,医学,4 [4819/5603],否, PHARMACOLOGY & PHARMACY 药学,4 [306/350],,,,,,,,,,,三级
Research Journal of Pharmacognosy,2025,2345-4458/2345-5977,否,否,是,ESCI,1.2,,医学,4 [4820/5603],否, PHARMACOLOGY & PHARMACY 药学,4 [307/350],,,,,,,,,,,三级
Alexandria Journal of Medicine,2025,2090-5068/2090-5076,否,否,是,ESCI,0.5,,医学,4 [4821/5603],否," MEDICINE, GENERAL & INTERNAL 医学：内科",4 [214/327],,,,,,,,,,,三级
Australasian Orthodontic Journal,2025,2207-7472/2207-7480,否,否,是,SCIE,0.9,,医学,4 [4822/5603],否," DENTISTRY, ORAL SURGERY & MEDICINE 牙科与口腔外科",4 [131/157],,,,,,,,,,,三级
SALUD MENTAL,2025,0185-3325,否,否,否,SSCI,0.8,,医学,4 [4823/5603],否, PSYCHIATRY 精神病学,4 [245/277],,,,,,,,,,,三级
Journal of Laboratory Medicine,2025,2567-9430/2567-9449,否,否,是,SCIE,1.8,,医学,4 [4824/5603],否, MEDICAL LABORATORY TECHNOLOGY 医学实验技术,4 [27/31],,,,,,,,,,,三级
Clinical and Investigative Orthodontics,2025,2770-5781/2770-579X,否,否,是,ESCI,0.4,,医学,4 [4825/5603],否," DENTISTRY, ORAL SURGERY & MEDICINE 牙科与口腔外科",4 [132/157],,,,,,,,,,,三级
International Journal of Angiology,2025,1061-1711/1615-5939,否,否,否,ESCI,0.9,,医学,4 [4826/5603],否, PERIPHERAL VASCULAR DISEASE 外周血管病,4 [88/96],,,,,,,,,,,三级
Hellenic Journal of Nuclear Medicine,2025,1108-1430/1790-5427,否,否,否,SCIE,1,,医学,4 [4827/5603],否," RADIOLOGY, NUCLEAR MEDICINE & MEDICAL IMAGING 核医学",4 [188/206],,,,,,,,,,,三级
CANADIAN JOURNAL OF HOSPITAL PHARMACY,2025,0008-4123/0008-4123,否,否,否,ESCI,0.8,,医学,4 [4828/5603],否, PHARMACOLOGY & PHARMACY 药学,4 [308/350],,,,,,,,,,,三级
World Journal of Acupuncture-Moxibustion,2025,1003-5257/1972-019X,否,否,否,ESCI,1.3,,医学,4 [4829/5603],否, INTEGRATIVE & COMPLEMENTARY MEDICINE 全科医学与补充医学,4 [34/43],,,,,,,,,,,三级
Journal of Public Health in Africa,2025,2038-9922/2038-9930,否,否,是,ESCI,0.8,,医学,4 [4830/5603],否," PUBLIC, ENVIRONMENTAL & OCCUPATIONAL HEALTH 公共卫生、环境卫生与职业卫生",4 [369/404],,,,,,,,,,,三级
ANNALES MEDICO-PSYCHOLOGIQUES,2025,0003-4487/1769-6631,否,否,否,SCIE,0.5,,医学,4 [4831/5603],否, PSYCHIATRY 精神病学,4 [246/277], PSYCHOLOGY 心理学,4 [83/92],,,,,,,,,三级
Case Reports in Orthopedics,2025,2090-6749/2090-6757,否,否,是,ESCI,0.6,,医学,4 [4832/5603],否, ORTHOPEDICS 骨科,4 [123/136],,,,,,,,,,,三级
NUKLEARMEDIZIN-NUCLEAR MEDICINE,2025,0029-5566/2567-6407,否,否,否,SCIE,1.2,,医学,4 [4833/5603],否," RADIOLOGY, NUCLEAR MEDICINE & MEDICAL IMAGING 核医学",4 [189/206],,,,,,,,,,,三级
Revista Portuguesa de Estomatologia Medicina Dentaria e Cirurgia Maxilofacial,2025,1646-2890/1647-6700,否,否,是,ESCI,0.3,,医学,4 [4834/5603],否," DENTISTRY, ORAL SURGERY & MEDICINE 牙科与口腔外科",4 [133/157],,,,,,,,,,,三级
Acta Endocrinologica-Bucharest,2025,1841-0987/1843-066X,否,否,否,SCIE,0.7,,医学,4 [4835/5603],否, ENDOCRINOLOGY & METABOLISM 内分泌学与代谢,4 [163/184],,,,,,,,,,,三级
Pharmaceutical Sciences,2025,1735-403X/2383-2886,否,否,是,ESCI,1.5,,医学,4 [4836/5603],否, PHARMACOLOGY & PHARMACY 药学,4 [309/350],,,,,,,,,,,三级
Case Reports in Otolaryngology,2025,2090-6765/2090-6773,否,否,是,ESCI,0.4,,医学,4 [4837/5603],否, OTORHINOLARYNGOLOGY 耳鼻喉科学,4 [57/66],,,,,,,,,,,三级
Balneo and PRM Research Journal,2025,2734-844X/2734-8458,否,否,是,ESCI,1.1,,医学,4 [4838/5603],否, REHABILITATION 康复医学,4 [154/169],,,,,,,,,,,三级
Boletin Medico del Hospital Infantil de Mexico,2025,0539-6115/1665-1146,否,否,是,ESCI,0.5,,医学,4 [4839/5603],否, PEDIATRICS 儿科,4 [153/185],,,,,,,,,,,三级
BRITISH JOURNAL OF HOSPITAL MEDICINE,2025,1750-8460/1759-7390,否,否,否,SCIE,1.8,,医学,4 [4840/5603],否," MEDICINE, GENERAL & INTERNAL 医学：内科",4 [215/327],,,,,,,,,,,三级
Giornale Italiano di Cardiologia,2025,1827-6806/1972-6481,否,否,否,ESCI,,,医学,4 [4841/5603],否, CARDIAC & CARDIOVASCULAR SYSTEMS 心脏和心血管系统,4 [198/223],,,,,,,,,,,三级
International Journal of Molecular and Cellular Medicine,2025,2251-9637/2251-9645,否,否,否,ESCI,0.8,,医学,4 [4842/5603],否," MEDICINE, RESEARCH & EXPERIMENTAL 医学：研究与实验",4 [165/188],,,,,,,,,,,三级
Indian Journal of Hematology and Blood Transfusion,2025,0971-4502/0974-0449,否,否,否,SCIE,0.6,,医学,4 [4843/5603],否, HEMATOLOGY 血液学,4 [88/96],,,,,,,,,,,三级
Internet Journal of Allied Health Sciences and Practice,2025,1540-580X/1540-580X,否,否,是,ESCI,0.3,,医学,4 [4844/5603],否, HEALTH CARE SCIENCES & SERVICES 卫生保健与服务,4 [159/173],,,,,,,,,,,三级
Case Reports in Ophthalmology,2025,1663-2699/1663-2699,否,否,是,ESCI,0.6,,医学,4 [4845/5603],否, OPHTHALMOLOGY 眼科学,4 [87/95],,,,,,,,,,,三级
Hepatic Oncology,2025,2045-0923/2045-0931,否,否,是,ESCI,1.3,,医学,4 [4846/5603],否, ONCOLOGY 肿瘤学,4 [286/318],,,,,,,,,,,三级
Gefasschirurgie,2025,0948-7034/1434-3932,否,否,否,ESCI,0.4,,医学,4 [4847/5603],否, PERIPHERAL VASCULAR DISEASE 外周血管病,4 [89/96],,,,,,,,,,,三级
Assistenza Infermieristica e Ricerca,2025,1592-5986/2038-1778,否,否,否,SSCI;SCIE,0.9,,医学,4 [4848/5603],否, NURSING 护理,4 [171/191],,,,,,,,,,,三级
Minerva Orthopedics,2025,2784-8469/2784-871X,否,否,否,ESCI,0.4,,医学,4 [4849/5603],否, ORTHOPEDICS 骨科,4 [124/136],,,,,,,,,,,三级
Advances in Laboratory Medicine-Avances en Medicina de Laboratorio,2025,2628-491X/2628-491X,否,否,是,ESCI,0.9,,医学,4 [4850/5603],否, MEDICAL LABORATORY TECHNOLOGY 医学实验技术,4 [28/31],,,,,,,,,,,三级
Archives of Pediatric Infectious Diseases,2025,2322-1828/2322-1836,否,否,否,ESCI,0.4,,医学,4 [4851/5603],否, PEDIATRICS 儿科,4 [154/185],,,,,,,,,,,三级
APOS Trends in Orthodontics,2025,2321-4600/2321-1407,否,否,是,ESCI,0.7,,医学,4 [4852/5603],否," DENTISTRY, ORAL SURGERY & MEDICINE 牙科与口腔外科",4 [134/157],,,,,,,,,,,三级
International Journal of Urological Nursing,2025,1749-7701/1749-771X,否,否,否,ESCI,0.5,,医学,4 [4853/5603],否, NURSING 护理,4 [172/191], UROLOGY & NEPHROLOGY 泌尿学与肾脏学,4 [115/126],,,,,,,,,三级
Odovtos International Journal of Dental Sciences,2025,1659-1046/2215-3411,否,否,是,ESCI,0.6,,医学,4 [4854/5603],否," DENTISTRY, ORAL SURGERY & MEDICINE 牙科与口腔外科",4 [135/157],,,,,,,,,,,三级
Egyptian Liver Journal,2025,2090-6218/2090-6226,否,否,是,ESCI,0.7,,医学,4 [4855/5603],否, GASTROENTEROLOGY & HEPATOLOGY 胃肠肝病学,4 [131/143],,,,,,,,,,,三级
Journal of Indian Academy of Oral Medicine and Radiology,2025,0972-1363/0975-1572,否,否,是,ESCI,0.3,,医学,4 [4856/5603],否," DENTISTRY, ORAL SURGERY & MEDICINE 牙科与口腔外科",4 [136/157],,,,,,,,,,,三级
Kardiologie,2025,2731-7129/2731-7137,否,否,否,ESCI,0.8,,医学,4 [4857/5603],否, CARDIAC & CARDIOVASCULAR SYSTEMS 心脏和心血管系统,4 [199/223],,,,,,,,,,,三级
Middle East African Journal of Ophthalmology,2025,0974-9233/0975-1599,否,否,否,ESCI,0.3,,医学,4 [4858/5603],否, OPHTHALMOLOGY 眼科学,4 [88/95],,,,,,,,,,,三级
Letters in Drug Design & Discovery,2025,1570-1808/1875-628X,否,否,否,SCIE,1.6,,医学,4 [4859/5603],否," CHEMISTRY, MEDICINAL 药物化学",4 [67/72],,,,,,,,,,,三级
Malaysian Journal of Pathology,2025,0126-8635/0126-8635,否,否,否,SCIE,1,,医学,4 [4860/5603],否, PATHOLOGY 病理学,4 [81/88],,,,,,,,,,,三级
Dubai Medical Journal,2025,2571-726X/2571-726X,否,否,是,ESCI,0.6,,医学,4 [4861/5603],否," MEDICINE, GENERAL & INTERNAL 医学：内科",4 [216/327],,,,,,,,,,,三级
Heart Views,2025,1995-705X/0976-5123,否,否,是,ESCI,0.5,,医学,4 [4862/5603],否, CARDIAC & CARDIOVASCULAR SYSTEMS 心脏和心血管系统,4 [200/223],,,,,,,,,,,三级
Minerva Gastroenterology,2025,2724-5985/2724-5365,否,否,否,SCIE,1.5,,医学,4 [4863/5603],否, GASTROENTEROLOGY & HEPATOLOGY 胃肠肝病学,4 [132/143],,,,,,,,,,,三级
Giornale Italiano di Endodonzia,2025,1971-1425/1971-1425,否,否,否,ESCI,0.8,,医学,4 [4864/5603],否," DENTISTRY, ORAL SURGERY & MEDICINE 牙科与口腔外科",4 [137/157],,,,,,,,,,,三级
Innere Medizin,2025,2731-7080/2731-7099,否,否,否,SCIE,0.6,,医学,4 [4865/5603],否," MEDICINE, GENERAL & INTERNAL 医学：内科",4 [217/327],,,,,,,,,,,三级
Clinical Advances in Hematology & Oncology,2025,1543-0790/1543-0790,否,否,否,ESCI,,,医学,4 [4866/5603],否, ONCOLOGY 肿瘤学,4 [287/318],,,,,,,,,,,三级
Medicina de Familia-SEMERGEN,2025,1138-3593/1578-8865,否,否,否,ESCI,0.9,,医学,4 [4867/5603],否, PRIMARY HEALTH CARE 初级卫生保健,4 [27/28],,,,,,,,,,,三级
Nephrologie & Therapeutique,2025,1769-7255/1872-9177,否,否,否,SCIE,0.7,,医学,4 [4868/5603],否, UROLOGY & NEPHROLOGY 泌尿学与肾脏学,4 [116/126],,,,,,,,,,,三级
Cardiogenetics,2025,2035-8253/2035-8148,否,否,是,ESCI,0.9,,医学,4 [4869/5603],否, CARDIAC & CARDIOVASCULAR SYSTEMS 心脏和心血管系统,4 [201/223],,,,,,,,,,,三级
Archives of Trauma Research,2025,2251-953X/2251-9599,否,否,是,ESCI,0.4,,医学,4 [4870/5603],否, ORTHOPEDICS 骨科,4 [125/136],,,,,,,,,,,三级
Jundishapur Journal of Natural Pharmaceutical Products,2025,1735-7780/2228-7876,否,否,否,ESCI,1.2,,医学,4 [4871/5603],否, PHARMACOLOGY & PHARMACY 药学,4 [310/350],,,,,,,,,,,三级
Indian Journal of Occupational and Environmental Medicine,2025,0973-2284/1998-3670,否,否,否,ESCI,,,医学,4 [4872/5603],否," PUBLIC, ENVIRONMENTAL & OCCUPATIONAL HEALTH 公共卫生、环境卫生与职业卫生",4 [370/404],,,,,,,,,,,三级
ANNALES DE PATHOLOGIE,2025,0242-6498/2213-008X,否,否,否,SCIE,0.5,,医学,4 [4873/5603],否, PATHOLOGY 病理学,4 [82/88],,,,,,,,,,,三级
International Cancer Conference Journal,2025,2192-3183/2192-3183,否,否,否,ESCI,0.5,,医学,4 [4874/5603],否, ONCOLOGY 肿瘤学,4 [288/318],,,,,,,,,,,三级
Tuberkuloz ve Toraks-Tuberculosis and Thorax,2025,0494-1373/0494-1373,否,否,否,ESCI,0.7,,医学,4 [4875/5603],否, RESPIRATORY SYSTEM 呼吸系统,4 [92/101],,,,,,,,,,,三级
Journal of Toxicologic Pathology,2025,0914-9198/1881-915X,否,否,否,SCIE,0.9,,医学,4 [4876/5603],否, PATHOLOGY 病理学,4 [83/88], TOXICOLOGY 毒理学,4 [100/106],,,,,,,,,三级
Advanced Biomedical Engineering,2025,2187-5219/2187-5219,否,否,是,ESCI,0.8,,医学,4 [4877/5603],否," ENGINEERING, BIOMEDICAL 工程：生物医学",4 [109/120],,,,,,,,,,,三级
FORTSCHRITTE DER NEUROLOGIE PSYCHIATRIE,2025,0720-4299/1439-3522,否,否,否,SCIE,0.6,,医学,4 [4878/5603],否, CLINICAL NEUROLOGY 临床神经病学,4 [256/278], PSYCHIATRY 精神病学,4 [247/277],,,,,,,,,三级
Phlebolymphology,2025,1286-0107/1286-0107,否,否,否,ESCI,0.2,,医学,4 [4879/5603],否, PERIPHERAL VASCULAR DISEASE 外周血管病,4 [90/96],,,,,,,,,,,三级
Journal of Mens Health,2025,1875-6867/1875-6859,否,否,是,SSCI;SCIE,0.6,,医学,4 [4880/5603],否," PUBLIC, ENVIRONMENTAL & OCCUPATIONAL HEALTH 公共卫生、环境卫生与职业卫生",4 [372/404],,,,,,,,,,,三级
Sport TK-Revista Euroamericana de Ciencias del Deporte,2025,2340-8812/2340-8812,否,否,是,ESCI,0.4,,医学,4 [4881/5603],否, SPORT SCIENCES 运动科学,4 [112/126],,,,,,,,,,,三级
Korean Journal of Gastroenterology,2025,1598-9992/2233-6869,否,否,是,ESCI,0.8,,医学,4 [4882/5603],否, GASTROENTEROLOGY & HEPATOLOGY 胃肠肝病学,4 [133/143],,,,,,,,,,,三级
MEDICINA DELLO SPORT,2025,0025-7826/1827-1863,否,否,否,SCIE,0.6,,医学,4 [4883/5603],否," MEDICINE, GENERAL & INTERNAL 医学：内科",4 [218/327], SPORT SCIENCES 运动科学,4 [113/126],,,,,,,,,三级
Rehabilitation Research Policy and Education,2025,2168-6653/2168-6661,否,否,否,ESCI,0.4,,医学,4 [4884/5603],否, REHABILITATION 康复医学,4 [155/169],,,,,,,,,,,三级
Case Reports in Oncological Medicine,2025,2090-6706/2090-6714,否,否,是,ESCI,0.6,,医学,4 [4885/5603],否, ONCOLOGY 肿瘤学,4 [289/318],,,,,,,,,,,三级
NUCLEAR MEDICINE REVIEW,2025,1506-9680/1644-4345,否,否,是,ESCI,0.7,,医学,4 [4886/5603],否," RADIOLOGY, NUCLEAR MEDICINE & MEDICAL IMAGING 核医学",4 [190/206],,,,,,,,,,,三级
South Asian Journal of Cancer,2025,2278-330X/2278-4306,否,否,是,ESCI,0.8,,医学,4 [4887/5603],否, ONCOLOGY 肿瘤学,4 [290/318],,,,,,,,,,,三级
British Columbia Medical Journal,2025,0007-0556/0007-0556,否,否,否,ESCI,0.4,,医学,4 [4888/5603],否," MEDICINE, GENERAL & INTERNAL 医学：内科",4 [219/327],,,,,,,,,,,三级
Basic and Clinical Neuroscience,2025,2008-126X/2228-7442,否,否,是,ESCI,1.1,,医学,4 [4889/5603],否, NEUROSCIENCES 神经科学,4 [296/309],,,,,,,,,,,三级
Journal of Cancer Metastasis and Treatment,2025,2394-4722/2454-2857,否,否,是,ESCI,1,,医学,4 [4890/5603],否, ONCOLOGY 肿瘤学,4 [291/318],,,,,,,,,,,三级
Psychoterapia,2025,0239-4170/2391-5862,否,否,否,ESCI,<0.1,,医学,4 [4891/5603],否, PSYCHIATRY 精神病学,4 [248/277],,,,,,,,,,,三级
Leukemia Research Reports,2025,2213-0489/2213-0489,否,否,是,ESCI,0.9,,医学,4 [4892/5603],否, HEMATOLOGY 血液学,4 [89/96], ONCOLOGY 肿瘤学,4 [292/318],,,,,,,,,三级
INTERNATIONAL JOURNAL OF MORPHOLOGY,2025,0717-9502/0717-9367,否,否,否,SCIE,0.5,,医学,4 [4893/5603],否, ANATOMY & MORPHOLOGY 解剖学与形态学,4 [20/22],,,,,,,,,,,三级
ALLERGOLOGIE,2025,0344-5062/0344-5062,否,否,否,SCIE,0.9,,医学,4 [4894/5603],否, ALLERGY 过敏,4 [31/39],,,,,,,,,,,三级
Archivos Argentinos de Pediatria,2025,0325-0075/1668-3501,否,否,是,SCIE,0.5,,医学,4 [4895/5603],否, PEDIATRICS 儿科,4 [155/185],,,,,,,,,,,三级
International Journal of Childbirth,2025,2156-5287/2156-5295,否,否,否,ESCI,0.4,,医学,4 [4896/5603],否, NURSING 护理,4 [173/191],,,,,,,,,,,三级
Aging Medicine and Healthcare,2025,2663-8851/2663-8851,否,否,是,ESCI,1.1,,医学,4 [4897/5603],否, GERIATRICS & GERONTOLOGY 老年医学,4 [68/72],,,,,,,,,,,三级
TROPICAL DOCTOR,2025,0049-4755/1758-1133,否,否,否,SCIE,0.6,,医学,4 [4898/5603],否," PUBLIC, ENVIRONMENTAL & OCCUPATIONAL HEALTH 公共卫生、环境卫生与职业卫生",4 [373/404], TROPICAL MEDICINE 热带医学,4 [25/28],,,,,,,,,三级
Journal of Mechanics in Medicine and Biology,2025,0219-5194/1793-6810,否,否,否,SCIE,0.6,,医学,4 [4899/5603],否, BIOPHYSICS 生物物理,4 [72/76]," ENGINEERING, BIOMEDICAL 工程：生物医学",4 [110/120],,,,,,,,,三级
Expert Review of Precision Medicine and Drug Development,2025,2380-8993/2380-8993,是,否,否,ESCI,1.2,,医学,4 [4900/5603],否, PHARMACOLOGY & PHARMACY 药学,4 [311/350],,,,,,,,,,,三级
Journal of Radiosurgery and SBRT,2025,2156-4639/2156-4647,否,否,否,ESCI,0.8,,医学,4 [4901/5603],否, SURGERY 外科,4 [267/292],,,,,,,,,,,三级
Dusunen Adam-Journal of Psychiatry and Neurological Sciences,2025,1018-8681/1309-5749,否,否,否,ESCI,0.4,,医学,4 [4902/5603],否, PSYCHIATRY 精神病学,4 [249/277],,,,,,,,,,,三级
Molecular & Cellular Toxicology,2025,1738-642X/2092-8467,否,否,否,SCIE,1.4,,医学,4 [4903/5603],否, TOXICOLOGY 毒理学,4 [101/106],,,,,,,,,,,三级
Interface-Comunicacao Saude Educacao,2025,1414-3283/1807-5762,否,否,是,ESCI,0.5,,医学,4 [4904/5603],否," PUBLIC, ENVIRONMENTAL & OCCUPATIONAL HEALTH 公共卫生、环境卫生与职业卫生",4 [374/404],,,,,,,,,,,三级
Health Behavior and Policy Review,2025,2326-4403/2326-4403,否,否,否,ESCI,0.4,,医学,4 [4905/5603],否," PUBLIC, ENVIRONMENTAL & OCCUPATIONAL HEALTH 公共卫生、环境卫生与职业卫生",4 [375/404],,,,,,,,,,,三级
Indian Journal of Otology,2025,0971-7749/2249-9520,否,否,否,ESCI,0.1,,医学,4 [4906/5603],否, OTORHINOLARYNGOLOGY 耳鼻喉科学,4 [58/66],,,,,,,,,,,三级
POLISH JOURNAL OF PATHOLOGY,2025,1233-9687/1233-9687,否,否,是,SCIE,0.6,,医学,4 [4907/5603],否, PATHOLOGY 病理学,4 [84/88],,,,,,,,,,,三级
Zeitschrift fur Palliativmedizin,2025,1615-2921/1615-293X,否,否,否,ESCI,0.3,,医学,4 [4908/5603],否, HEALTH CARE SCIENCES & SERVICES 卫生保健与服务,4 [160/173],,,,,,,,,,,三级
Acta Medica Indonesiana,2025,0125-9326/2338-2732,否,否,是,ESCI,0.5,,医学,4 [4909/5603],否," MEDICINE, GENERAL & INTERNAL 医学：内科",4 [220/327],,,,,,,,,,,三级
Revista de Osteoporosis y Metabolismo Mineral,2025,1889-836X/2173-2345,否,否,是,ESCI,0.5,,医学,4 [4910/5603],否, ENDOCRINOLOGY & METABOLISM 内分泌学与代谢,4 [164/184],,,,,,,,,,,三级
JOURNAL OF GYNECOLOGIC SURGERY,2025,1042-4067/1557-7724,否,否,否,ESCI,0.2,,医学,4 [4911/5603],否, OBSTETRICS & GYNECOLOGY 妇产科学,4 [116/135],,,,,,,,,,,三级
Stem Cell Research,2025,1873-5061/1876-7753,否,否,是,SCIE,0.7,,医学,4 [4912/5603],否, BIOTECHNOLOGY & APPLIED MICROBIOLOGY 生物工程与应用微生物,4 [161/174], CELL & TISSUE ENGINEERING 细胞与组织工程,4 [30/31], CELL BIOLOGY 细胞生物学,4 [200/203],,,,,,,三级
Journal of Advanced Oral Research,2025,2320-2068/2320-2076,否,否,否,ESCI,0.4,,医学,4 [4913/5603],否," DENTISTRY, ORAL SURGERY & MEDICINE 牙科与口腔外科",4 [138/157],,,,,,,,,,,三级
Iranian Journal of Pediatric Hematology and Oncology,2025,2008-8892/2228-6993,否,否,否,ESCI,0.4,,医学,4 [4914/5603],否, PEDIATRICS 儿科,4 [156/185],,,,,,,,,,,三级
Journal of Pediatric Intensive Care,2025,2146-4618/2146-4626,否,否,否,ESCI,0.3,,医学,4 [4915/5603],否, PEDIATRICS 儿科,4 [157/185],,,,,,,,,,,三级
Journal of the Anatomical Society of India,2025,0003-2778/2352-3050,否,否,否,SCIE,0.2,,医学,4 [4916/5603],否, ANATOMY & MORPHOLOGY 解剖学与形态学,4 [21/22],,,,,,,,,,,三级
OPERATIVE TECHNIQUES IN SPORTS MEDICINE,2025,1060-1872/1557-9794,否,否,否,SCIE,0.7,,医学,4 [4917/5603],否, SPORT SCIENCES 运动科学,4 [114/126], SURGERY 外科,4 [268/292],,,,,,,,,三级
World Cancer Research Journal,2025,2372-3416/2372-3416,否,否,是,ESCI,0.5,,医学,4 [4918/5603],否, ONCOLOGY 肿瘤学,4 [294/318],,,,,,,,,,,三级
Sante Mentale au Quebec,2025,0383-6320/1708-3923,否,否,否,ESCI,0.3,,医学,4 [4919/5603],否, PSYCHIATRY 精神病学,4 [250/277],,,,,,,,,,,三级
REVUE DE MEDECINE INTERNE,2025,0248-8663,否,否,否,SCIE,0.9,,医学,4 [4920/5603],否," MEDICINE, GENERAL & INTERNAL 医学：内科",4 [221/327],,,,,,,,,,,三级
Urologie,2025,2731-7064/2731-7072,否,否,否,SCIE,0.4,,医学,4 [4921/5603],否, UROLOGY & NEPHROLOGY 泌尿学与肾脏学,4 [117/126],,,,,,,,,,,三级
Global Health Epidemiology and Genomics,2025,2054-4200/2054-4200,否,否,是,ESCI,1.5,,医学,4 [4922/5603],否," PUBLIC, ENVIRONMENTAL & OCCUPATIONAL HEALTH 公共卫生、环境卫生与职业卫生",4 [376/404],,,,,,,,,,,三级
SCIENCES SOCIALES ET SANTE,2025,0294-0337/1777-5914,否,否,否,SSCI,0.5,,医学,4 [4923/5603],否, HEALTH POLICY & SERVICES 卫生政策与服务,4 [116/118]," SOCIAL SCIENCES, INTERDISCIPLINARY 社会科学：跨领域",4 [231/263],,,,,,,,,三级
Otolaryngology Case Reports,2025,2468-5488/2468-5488,否,否,是,ESCI,0.3,,医学,4 [4924/5603],否, OTORHINOLARYNGOLOGY 耳鼻喉科学,4 [59/66],,,,,,,,,,,三级
Journal of Stem Cells & Regenerative Medicine,2025,0973-7154/0973-7154,否,否,是,ESCI,1.6,,医学,4 [4925/5603],否, CELL & TISSUE ENGINEERING 细胞与组织工程,4 [31/31],,,,,,,,,,,三级
Cirugia Cardiovascular,2025,1134-0096/1134-0096,否,否,是,ESCI,0.3,,医学,4 [4926/5603],否, SURGERY 外科,4 [269/292],,,,,,,,,,,三级
African Journal of Nursing and Midwifery,2025,1682-5055/1682-5055,否,否,否,ESCI,0.3,,医学,4 [4927/5603],否, NURSING 护理,4 [174/191],,,,,,,,,,,三级
JOURNAL OF PROSTHETICS AND ORTHOTICS,2025,1040-8800/1534-6331,否,否,否,ESCI,0.6,,医学,4 [4928/5603],否, ORTHOPEDICS 骨科,4 [126/136], REHABILITATION 康复医学,4 [156/169],,,,,,,,,三级
Ideggyogyaszati Szemle-Clinical Neuroscience,2025,0019-1442/2498-6208,否,否,否,SCIE,0.6,,医学,4 [4929/5603],否, CLINICAL NEUROLOGY 临床神经病学,4 [257/278], NEUROSCIENCES 神经科学,4 [297/309],,,,,,,,,三级
International Journal of Healthcare Technology and Management,2025,1368-2156/1741-5144,否,否,否,ESCI,0.5,,医学,4 [4930/5603],否, HEALTH CARE SCIENCES & SERVICES 卫生保健与服务,4 [161/173],,,,,,,,,,,三级
Molecular & Cellular Oncology,2025,2372-3556/2372-3556,否,否,否,ESCI,1.9,,医学,4 [4931/5603],否, ONCOLOGY 肿瘤学,4 [295/318],,,,,,,,,,,三级
ARCHIVOS DE CARDIOLOGIA DE MEXICO,2025,1405-9940/1405-9940,否,否,是,ESCI,0.7,,医学,4 [4932/5603],否, CARDIAC & CARDIOVASCULAR SYSTEMS 心脏和心血管系统,4 [202/223],,,,,,,,,,,三级
Boletin Latinoamericano y del Caribe de Plantas Medicinales y Aromaticas,2025,0717-7917/0717-7917,否,否,否,SCIE,0.7,,医学,4 [4933/5603],否, INTEGRATIVE & COMPLEMENTARY MEDICINE 全科医学与补充医学,4 [35/43], PHARMACOLOGY & PHARMACY 药学,4 [312/350],,,,,,,,,三级
NURSE PRACTITIONER,2025,0361-1817/1538-8662,否,否,否,ESCI,0.9,,医学,4 [4934/5603],否, NURSING 护理,4 [175/191],,,,,,,,,,,三级
Practical Diabetes,2025,2047-2897/2047-2900,否,否,否,ESCI,0.5,,医学,4 [4935/5603],否, ENDOCRINOLOGY & METABOLISM 内分泌学与代谢,4 [165/184],,,,,,,,,,,三级
Wound Practice and Research,2025,1837-6304/2202-9729,否,否,否,ESCI,0.6,,医学,4 [4936/5603],否, DERMATOLOGY 皮肤病学,4 [81/94],,,,,,,,,,,三级
KEIO JOURNAL OF MEDICINE,2025,0022-9717/1880-1293,否,否,否,ESCI,1.5,,医学,4 [4937/5603],否," MEDICINE, RESEARCH & EXPERIMENTAL 医学：研究与实验",4 [166/188],,,,,,,,,,,三级
ARYA Atherosclerosis,2025,1735-3955/2251-6638,否,否,是,ESCI,0.6,,医学,4 [4938/5603],否, CARDIAC & CARDIOVASCULAR SYSTEMS 心脏和心血管系统,4 [203/223],,,,,,,,,,,三级
Seminars in Colon and Rectal Surgery,2025,1043-1489/1558-4585,是,否,否,ESCI,0.5,,医学,4 [4939/5603],否, SURGERY 外科,4 [270/292],,,,,,,,,,,三级
Parasitologists United Journal,2025,1687-7942/2090-2646,否,否,否,ESCI,0.6,,医学,4 [4940/5603],否, PARASITOLOGY 寄生虫学,4 [44/45],,,,,,,,,,,三级
Journal of International Oral Health,2025,0976-7428/0976-1799,否,否,否,ESCI,0.5,,医学,4 [4941/5603],否," DENTISTRY, ORAL SURGERY & MEDICINE 牙科与口腔外科",4 [139/157],,,,,,,,,,,三级
PHYSIKALISCHE MEDIZIN REHABILITATIONSMEDIZIN KURORTMEDIZIN,2025,0940-6689/1439-085X,否,否,否,SCIE,0.5,,医学,4 [4942/5603],否, REHABILITATION 康复医学,4 [157/169], SPORT SCIENCES 运动科学,4 [115/126],,,,,,,,,三级
Formosan Journal of Surgery,2025,1682-606X/2213-5413,否,否,是,ESCI,0.3,,医学,4 [4943/5603],否, SURGERY 外科,4 [271/292],,,,,,,,,,,三级
Iranian Journal of Psychiatry and Behavioral Sciences,2025,1735-8639/1735-9287,否,否,否,ESCI,0.5,,医学,4 [4944/5603],否, PSYCHIATRY 精神病学,4 [251/277],,,,,,,,,,,三级
MHSalud-Revista en Ciencias del Movimiento Humano y la Salud,2025,1659-097X/1659-097X,否,否,是,ESCI,0.6,,医学,4 [4945/5603],否, SPORT SCIENCES 运动科学,4 [116/126],,,,,,,,,,,三级
TECHNOLOGY AND DISABILITY,2025,1055-4181/1878-643X,否,否,否,ESCI,0.7,,医学,4 [4946/5603],否, REHABILITATION 康复医学,4 [158/169],,,,,,,,,,,三级
CELLULAR POLYMERS,2025,0262-4893/1478-2421,否,否,否,SCIE,1.9,,医学,4 [4947/5603],否," MATERIALS SCIENCE, BIOMATERIALS 材料科学：生物材料",4 [48/52], POLYMER SCIENCE 高分子科学,4 [83/94],,,,,,,,,三级
Pharmaceutical Patent Analyst,2025,2046-8954/2046-8962,否,否,否,ESCI,2.1,,医学,4 [4948/5603],否, PHARMACOLOGY & PHARMACY 药学,4 [313/350],,,,,,,,,,,三级
Iranian Journal of Pediatrics,2025,2008-2142/2008-2150,否,否,否,SCIE,0.4,,医学,4 [4949/5603],否, PEDIATRICS 儿科,4 [158/185],,,,,,,,,,,三级
International Journal of Diabetes in Developing Countries,2025,0973-3930/1998-3832,否,否,否,SCIE,0.9,,医学,4 [4950/5603],否, ENDOCRINOLOGY & METABOLISM 内分泌学与代谢,4 [166/184],,,,,,,,,,,三级
Bahrain Medical Bulletin,2025,1012-8298/1012-8298,否,否,否,ESCI,0.3,,医学,4 [4951/5603],否," MEDICINE, GENERAL & INTERNAL 医学：内科",4 [222/327],,,,,,,,,,,三级
Journal of Acute Care Physical Therapy,2025,2158-8686/2159-0524,否,否,否,ESCI,0.4,,医学,4 [4952/5603],否, REHABILITATION 康复医学,4 [159/169],,,,,,,,,,,三级
Asian Oncology Nursing,2025,2287-2434/2093-7776,否,否,否,ESCI,0.7,,医学,4 [4953/5603],否, NURSING 护理,4 [176/191],,,,,,,,,,,三级
Obstetric Medicine,2025,1753-495X/1753-4968,否,否,否,ESCI,0.5,,医学,4 [4954/5603],否, OBSTETRICS & GYNECOLOGY 妇产科学,4 [117/135],,,,,,,,,,,三级
European Journal of Human Movement,2025,2386-4095/2386-4095,否,否,是,ESCI,0.7,,医学,4 [4955/5603],否, SPORT SCIENCES 运动科学,4 [117/126],,,,,,,,,,,三级
BULLETIN OF EXPERIMENTAL BIOLOGY AND MEDICINE,2025,0007-4888/1573-8221,否,否,否,SCIE,0.6,,医学,4 [4956/5603],否," MEDICINE, RESEARCH & EXPERIMENTAL 医学：研究与实验",4 [167/188],,,,,,,,,,,三级
Journal of Hematopathology,2025,1868-9256/1865-5785,否,否,否,SCIE,0.6,,医学,4 [4957/5603],否, HEMATOLOGY 血液学,4 [90/96], PATHOLOGY 病理学,4 [85/88],,,,,,,,,三级
SAJOG-South African Journal of Obstetrics and Gynaecology,2025,0038-2329/2305-8862,否,否,是,ESCI,0.3,,医学,4 [4958/5603],否, OBSTETRICS & GYNECOLOGY 妇产科学,4 [118/135],,,,,,,,,,,三级
Canadian Journal of Addiction,2025,2368-4720/2368-4739,否,否,否,ESCI,0.8,,医学,4 [4959/5603],否, SUBSTANCE ABUSE 药物滥用,4 [53/56],,,,,,,,,,,三级
MEDICINA-BUENOS AIRES,2025,0025-7680/1669-9106,否,否,是,SCIE,0.6,,医学,4 [4960/5603],否," MEDICINE, GENERAL & INTERNAL 医学：内科",4 [223/327],,,,,,,,,,,三级
Balint-Journal,2025,1439-5142/1439-9008,否,否,否,ESCI,<0.1,,医学,4 [4961/5603],否, PSYCHIATRY 精神病学,4 [252/277],,,,,,,,,,,三级
KARDIOLOGIYA,2025,0022-9040,否,否,否,SCIE,0.5,,医学,4 [4962/5603],否, CARDIAC & CARDIOVASCULAR SYSTEMS 心脏和心血管系统,4 [204/223],,,,,,,,,,,三级
Frontiers in Emergency Medicine,2025,2717-3593/2717-3593,否,否,否,ESCI,0.8,,医学,4 [4963/5603],否, EMERGENCY MEDICINE 急救医学,4 [46/54],,,,,,,,,,,三级
Biosurface and Biotribology,2025,2405-4518/2405-4518,否,否,是,ESCI,1.8,,医学,4 [4964/5603],否," ENGINEERING, BIOMEDICAL 工程：生物医学",4 [111/120]," MATERIALS SCIENCE, BIOMATERIALS 材料科学：生物材料",4 [49/52],,,,,,,,,三级
Bewegungstherapie und Gesundheitssport,2025,1613-0863/1613-3269,否,否,否,ESCI,0.4,,医学,4 [4965/5603],否, SPORT SCIENCES 运动科学,4 [118/126],,,,,,,,,,,三级
Nepalese Journal of Ophthalmology,2025,2072-6805/2091-0320,否,否,是,ESCI,0.2,,医学,4 [4966/5603],否, OPHTHALMOLOGY 眼科学,4 [89/95],,,,,,,,,,,三级
Puerto Rico Health Sciences Journal,2025,0738-0658/2373-6011,否,否,否,SCIE,0.3,,医学,4 [4967/5603],否," PUBLIC, ENVIRONMENTAL & OCCUPATIONAL HEALTH 公共卫生、环境卫生与职业卫生",4 [377/404],,,,,,,,,,,三级
Auditory and Vestibular Research,2025,2423-480X/2423-480X,否,否,是,ESCI,0.6,,医学,4 [4968/5603],否, AUDIOLOGY & SPEECH-LANGUAGE PATHOLOGY 听力学与言语病理学,4 [34/35], OTORHINOLARYNGOLOGY 耳鼻喉科学,4 [60/66],,,,,,,,,三级
Biomedica,2025,0120-4157/2590-7379,否,否,是,SCIE,0.6,,医学,4 [4969/5603],否, TROPICAL MEDICINE 热带医学,4 [26/28],,,,,,,,,,,三级
Archives of Aesthetic Plastic Surgery,2025,2234-0831/2288-9337,否,否,是,ESCI,0.2,,医学,4 [4970/5603],否, SURGERY 外科,4 [272/292],,,,,,,,,,,三级
MANUELLE MEDIZIN,2025,0025-2514/1433-0466,否,否,否,ESCI,0.6,,医学,4 [4971/5603],否, REHABILITATION 康复医学,4 [160/169],,,,,,,,,,,三级
PSYCHIATRIE DE L ENFANT,2025,0079-726X/2102-5320,否,否,否,SSCI;SCIE,0.2,,医学,4 [4972/5603],否, PSYCHIATRY 精神病学,4 [253/277],,,,,,,,,,,三级
Journal of Pharmaceutical Health Services Research,2025,1759-8885/1759-8893,否,否,否,ESCI,0.7,,医学,4 [4973/5603],否, HEALTH CARE SCIENCES & SERVICES 卫生保健与服务,4 [162/173],,,,,,,,,,,三级
Current Bladder Dysfunction Reports,2025,1931-7212/1931-7220,是,否,否,ESCI,0.4,,医学,4 [4974/5603],否, UROLOGY & NEPHROLOGY 泌尿学与肾脏学,4 [118/126],,,,,,,,,,,三级
AIMS Bioengineering,2025,2375-1495/2375-1495,否,否,是,ESCI,1.2,,医学,4 [4975/5603],否," ENGINEERING, BIOMEDICAL 工程：生物医学",4 [112/120],,,,,,,,,,,三级
Heart and Mind,2025,2468-6476/2468-6484,否,否,是,ESCI,1.5,,医学,4 [4976/5603],否, CARDIAC & CARDIOVASCULAR SYSTEMS 心脏和心血管系统,4 [205/223], PSYCHIATRY 精神病学,4 [254/277],,,,,,,,,三级
NEUROENDOCRINOLOGY LETTERS,2025,0172-780X/2354-4716,否,否,否,SCIE,0.6,,医学,4 [4977/5603],否, ENDOCRINOLOGY & METABOLISM 内分泌学与代谢,4 [167/184], NEUROSCIENCES 神经科学,4 [298/309],,,,,,,,,三级
Turkish Journal of Physiotherapy Rehabilitation-Turk Fizyoterapi ve Rehabilitasyon Dergisi,2025,2651-4451/2651-446X,否,否,否,ESCI,0.4,,医学,4 [4978/5603],否, REHABILITATION 康复医学,4 [161/169],,,,,,,,,,,三级
Kinesiologia Slovenica,2025,1318-2269/2232-4062,否,否,否,ESCI,0.2,,医学,4 [4979/5603],否, SPORT SCIENCES 运动科学,4 [119/126],,,,,,,,,,,三级
Clinical Laboratory,2025,1433-6510/1433-6510,否,否,否,SCIE,0.6,,医学,4 [4980/5603],否, MEDICAL LABORATORY TECHNOLOGY 医学实验技术,4 [29/31],,,,,,,,,,,三级
Journal of Digestive Endoscopy,2025,0976-5042/0976-5050,否,否,是,ESCI,1.1,,医学,4 [4981/5603],否, GASTROENTEROLOGY & HEPATOLOGY 胃肠肝病学,4 [134/143],,,,,,,,,,,三级
REVUE DES MALADIES RESPIRATOIRES,2025,0761-8425/1776-2588,否,否,否,SCIE,0.5,,医学,4 [4982/5603],否, RESPIRATORY SYSTEM 呼吸系统,4 [93/101],,,,,,,,,,,三级
REVISTA DE NEUROLOGIA,2025,0210-0010/1576-6578,否,否,否,SCIE,0.8,,医学,4 [4983/5603],否, CLINICAL NEUROLOGY 临床神经病学,4 [258/278],,,,,,,,,,,三级
Iranian Journal of Psychiatry and Clinical Psychology,2025,1735-4315/2228-7515,否,否,否,ESCI,0.5,,医学,4 [4984/5603],否, PSYCHIATRY 精神病学,4 [255/277],,,,,,,,,,,三级
Interdisciplinary Neurosurgery-Advanced Techniques and Case Management,2025,2214-7519/2214-7519,否,否,是,ESCI,0.5,,医学,4 [4985/5603],否, CLINICAL NEUROLOGY 临床神经病学,4 [259/278],,,,,,,,,,,三级
Australian Journal of Otolaryngology,2025,2616-2792/2616-2792,否,否,否,ESCI,0.4,,医学,4 [4986/5603],否, OTORHINOLARYNGOLOGY 耳鼻喉科学,4 [61/66],,,,,,,,,,,三级
Allergo Journal,2025,0941-8849/2195-6405,否,否,否,ESCI,1,,医学,4 [4987/5603],否, ALLERGY 过敏,4 [32/39],,,,,,,,,,,三级
MEDICAL LETTER ON DRUGS AND THERAPEUTICS,2025,0025-732X/1523-2859,否,否,否,SCIE,1.4,,医学,4 [4988/5603],否, PHARMACOLOGY & PHARMACY 药学,4 [314/350],,,,,,,,,,,三级
BULLETIN DU CANCER,2025,0007-4551/1769-6917,否,否,否,SCIE,0.8,,医学,4 [4989/5603],否, ONCOLOGY 肿瘤学,4 [296/318],,,,,,,,,,,三级
Indian Journal of Surgery,2025,0972-2068/0973-9793,否,否,否,SCIE,0.4,,医学,4 [4990/5603],否, SURGERY 外科,4 [273/292],,,,,,,,,,,三级
Revista Hispanoamericana de Hernia,2025,2255-2677/2255-2677,否,否,否,ESCI,<0.1,,医学,4 [4991/5603],否, SURGERY 外科,4 [274/292],,,,,,,,,,,三级
Notarzt,2025,0177-2309/1438-8693,否,否,否,SCIE,0.3,,医学,4 [4992/5603],否, EMERGENCY MEDICINE 急救医学,4 [47/54],,,,,,,,,,,三级
JOURNAL OF NUTRITIONAL SCIENCE AND VITAMINOLOGY,2025,0301-4800/1881-7742,否,否,否,SCIE,1.1,,医学,4 [4993/5603],否, NUTRITION & DIETETICS 营养学,4 [96/113],,,,,,,,,,,三级
Hearing Balance and Communication,2025,2169-5717/2169-5725,否,否,否,ESCI,0.7,,医学,4 [4994/5603],否, AUDIOLOGY & SPEECH-LANGUAGE PATHOLOGY 听力学与言语病理学,4 [35/35],,,,,,,,,,,三级
Acta Angiologica,2025,1234-950X/1644-3276,否,否,是,ESCI,0.3,,医学,4 [4995/5603],否, PERIPHERAL VASCULAR DISEASE 外周血管病,4 [91/96],,,,,,,,,,,三级
PHLEBOLOGIE,2025,0939-978X/2567-5826,否,否,否,ESCI,0.1,,医学,4 [4996/5603],否, PERIPHERAL VASCULAR DISEASE 外周血管病,4 [92/96],,,,,,,,,,,三级
Future Neurology,2025,1479-6708/1748-6971,否,否,否,ESCI,0.5,,医学,4 [4997/5603],否, CLINICAL NEUROLOGY 临床神经病学,4 [260/278],,,,,,,,,,,三级
International Journal of Healthcare Information Systems and Informatics,2025,1555-3396/1555-340X,否,否,否,ESCI,0.4,,医学,4 [4998/5603],否, MEDICAL INFORMATICS 医学：信息,4 [44/44],,,,,,,,,,,三级
Journal of Biologically Active Products from Nature,2025,2231-1866/2231-1874,否,否,否,ESCI,1,,医学,4 [4999/5603],否," CHEMISTRY, MEDICINAL 药物化学",4 [68/72],,,,,,,,,,,三级
Pesquisa Brasileira em Odontopediatria e Clinica Integrada,2025,1519-0501/1983-4632,否,否,是,ESCI,0.4,,医学,4 [5000/5603],否," DENTISTRY, ORAL SURGERY & MEDICINE 牙科与口腔外科",4 [140/157],,,,,,,,,,,三级
Indian Journal of Nuclear Medicine,2025,0972-3919/0974-0244,否,否,否,ESCI,0.5,,医学,4 [5001/5603],否," RADIOLOGY, NUCLEAR MEDICINE & MEDICAL IMAGING 核医学",4 [191/206],,,,,,,,,,,三级
Progress in Neurology and Psychiatry,2025,1367-7543/1931-227X,否,否,否,ESCI,0.4,,医学,4 [5002/5603],否, NEUROSCIENCES 神经科学,4 [299/309],,,,,,,,,,,三级
International Journal of Radiation Research,2025,2322-3243/2322-3243,否,否,否,SCIE,0.4,,医学,4 [5003/5603],否," RADIOLOGY, NUCLEAR MEDICINE & MEDICAL IMAGING 核医学",4 [192/206],,,,,,,,,,,三级
European Journal of Anatomy,2025,1136-4890/2340-311X,否,否,否,ESCI,0.2,,医学,4 [5004/5603],否, ANATOMY & MORPHOLOGY 解剖学与形态学,4 [22/22],,,,,,,,,,,三级
Indian Journal of Neurosurgery,2025,2277-954X/2277-9167,否,否,是,ESCI,0.3,,医学,4 [5005/5603],否, SURGERY 外科,4 [275/292],,,,,,,,,,,三级
Family Medicine and Primary Care Review,2025,1734-3402/2449-8580,否,否,是,ESCI,0.4,,医学,4 [5006/5603],否, PRIMARY HEALTH CARE 初级卫生保健,4 [28/28],,,,,,,,,,,三级
Travmatologiya i ortopediya Rossii,2025,2311-2905/2311-2905,否,否,是,ESCI,0.1,,医学,4 [5007/5603],否, ORTHOPEDICS 骨科,4 [127/136],,,,,,,,,,,三级
Chemical Biology Letters,2025,2347-9825/2347-9825,否,否,否,ESCI,6.9,,医学,4 [5008/5603],否, BIOCHEMISTRY & MOLECULAR BIOLOGY 生化与分子生物学,4 [301/310]," CHEMISTRY, MEDICINAL 药物化学",4 [69/72],,,,,,,,,三级
Journal of Endometriosis and Pelvic Pain Disorders,2025,2284-0265/2284-0273,否,否,否,ESCI,0.7,,医学,4 [5009/5603],否, OBSTETRICS & GYNECOLOGY 妇产科学,4 [119/135],,,,,,,,,,,三级
Journal of Pediatric Research,2025,2147-9445/2147-9445,否,否,是,ESCI,0.4,,医学,4 [5010/5603],否, PEDIATRICS 儿科,4 [159/185],,,,,,,,,,,三级
Pakistan Journal of Pharmaceutical Sciences,2025,1011-601X/1011-601X,否,否,否,SCIE,0.6,,医学,4 [5011/5603],否, PHARMACOLOGY & PHARMACY 药学,4 [315/350],,,,,,,,,,,三级
JOURNAL OF DIAGNOSTIC MEDICAL SONOGRAPHY,2025,8756-4793/1552-5430,否,否,否,ESCI,0.4,,医学,4 [5012/5603],否," RADIOLOGY, NUCLEAR MEDICINE & MEDICAL IMAGING 核医学",4 [193/206],,,,,,,,,,,三级
DRUGS & THERAPY PERSPECTIVES,2025,1172-0360/1179-1977,否,否,否,ESCI,0.7,,医学,4 [5013/5603],否, PHARMACOLOGY & PHARMACY 药学,4 [316/350],,,,,,,,,,,三级
Indonesian Biomedical Journal,2025,2355-9179/2355-9179,否,否,是,ESCI,0.6,,医学,4 [5014/5603],否," MEDICINE, RESEARCH & EXPERIMENTAL 医学：研究与实验",4 [168/188],,,,,,,,,,,三级
Nigerian Journal of Basic and Clinical Sciences,2025,0331-8540/2320-477X,否,否,否,ESCI,0.2,,医学,4 [5015/5603],否," MEDICINE, GENERAL & INTERNAL 医学：内科",4 [224/327],,,,,,,,,,,三级
Pneumon,2025,1105-848X/1791-4914,否,否,是,ESCI,0.4,,医学,4 [5016/5603],否, RESPIRATORY SYSTEM 呼吸系统,4 [94/101],,,,,,,,,,,三级
TOPICS IN GERIATRIC REHABILITATION,2025,0882-7524/1550-2414,否,否,否,SSCI,0.7,,医学,4 [5017/5603],否, GERONTOLOGY 老年医学（社科）,4 [45/48], REHABILITATION 康复医学,4 [162/169],,,,,,,,,三级
Cyprus Turkish Journal of Psychiatry and Psychology,2025,1302-7840/2667-8225,否,否,否,ESCI,0.3,,医学,4 [5018/5603],否, PSYCHIATRY 精神病学,4 [256/277]," PSYCHOLOGY, MULTIDISCIPLINARY 心理学：综合",4 [202/219],,,,,,,,,三级
Andes Pediatrica,2025,2452-6053/2452-6053,否,否,是,ESCI,0.5,,医学,4 [5019/5603],否, PEDIATRICS 儿科,4 [160/185],,,,,,,,,,,三级
JOURNAL OF LEGAL MEDICINE,2025,0194-7648/1521-057X,否,否,否,SSCI,0.8,,医学,4 [5020/5603],否, LAW 法学,4 [417/427]," SOCIAL SCIENCES, BIOMEDICAL 社会科学：生物医学",4 [46/46],,,,,,,,,三级
Journal of Military and Veterans Health,2025,1835-1271/1839-2733,否,否,否,ESCI,0.5,,医学,4 [5021/5603],否," MEDICINE, GENERAL & INTERNAL 医学：内科",4 [225/327],,,,,,,,,,,三级
KONTAKT-JOURNAL OF NURSING AND SOCIAL SCIENCES RELATED TO HEALTH AND ILLNESS,2025,1212-4117/1804-7122,否,否,是,ESCI,0.5,,医学,4 [5022/5603],否, NURSING 护理,4 [177/191]," PUBLIC, ENVIRONMENTAL & OCCUPATIONAL HEALTH 公共卫生、环境卫生与职业卫生",4 [378/404],,,,,,,,,三级
Psychiatry and Behavioral Sciences,2025,2636-834X/2636-834X,否,否,否,ESCI,0.4,,医学,4 [5023/5603],否, PSYCHIATRY 精神病学,4 [257/277],,,,,,,,,,,三级
PRAXIS DER KINDERPSYCHOLOGIE UND KINDERPSYCHIATRIE,2025,0032-7034/2196-8225,否,否,否,SSCI,0.2,,医学,4 [5024/5603],否, PSYCHIATRY 精神病学,4 [258/277]," PSYCHOLOGY, DEVELOPMENTAL 心理学：发育",4 [89/91],,,,,,,,,三级
Recent Advances in Inflammation & Allergy Drug Discovery,2025,2772-2708/2772-2716,否,否,否,ESCI,1.1,,医学,4 [5025/5603],否, PHARMACOLOGY & PHARMACY 药学,4 [317/350],,,,,,,,,,,三级
JOURNAL OF CONSUMER HEALTH ON THE INTERNET,2025,1539-8285/1539-8293,否,否,否,ESCI,0.7,,医学,4 [5026/5603],否," PUBLIC, ENVIRONMENTAL & OCCUPATIONAL HEALTH 公共卫生、环境卫生与职业卫生",4 [379/404],,,,,,,,,,,三级
Brazilian Journal of Pharmaceutical Sciences,2025,1984-8250/2175-9790,否,否,是,SCIE,0.9,,医学,4 [5027/5603],否, PHARMACOLOGY & PHARMACY 药学,4 [318/350],,,,,,,,,,,三级
Traditional & Kampo Medicine,2025,2053-4515/2053-4515,否,否,否,ESCI,1.2,,医学,4 [5028/5603],否, INTEGRATIVE & COMPLEMENTARY MEDICINE 全科医学与补充医学,4 [36/43], PHARMACOLOGY & PHARMACY 药学,4 [319/350],,,,,,,,,三级
Clinical and Experimental Obstetrics & Gynecology,2025,0390-6663/2709-0094,否,否,是,SCIE,0.6,,医学,4 [5029/5603],否, OBSTETRICS & GYNECOLOGY 妇产科学,4 [120/135],,,,,,,,,,,三级
Surgical Techniques Development,2025,2038-9574/2038-9582,否,否,是,ESCI,0.3,,医学,4 [5030/5603],否, SURGERY 外科,4 [276/292],,,,,,,,,,,三级
PHARMACEUTICAL CHEMISTRY JOURNAL,2025,0091-150X/1573-9031,否,否,否,SCIE,1,,医学,4 [5031/5603],否," CHEMISTRY, MEDICINAL 药物化学",4 [70/72], PHARMACOLOGY & PHARMACY 药学,4 [320/350],,,,,,,,,三级
Reproductive and Developmental Medicine,2025,2096-2924/2589-8728,否,否,是,ESCI,0.7,,医学,4 [5032/5603],否, OBSTETRICS & GYNECOLOGY 妇产科学,4 [121/135],,,,,,,,,,,三级
Annals of Joint,2025,2415-6809/2415-6809,是,否,否,ESCI,0.9,,医学,4 [5033/5603],否, ORTHOPEDICS 骨科,4 [128/136],,,,,,,,,,,三级
CLINICAL DYSMORPHOLOGY,2025,0962-8827/1473-5717,否,否,否,SCIE,0.5,,医学,4 [5034/5603],否, GENETICS & HEREDITY 遗传学,4 [185/190],,,,,,,,,,,三级
Journal of Acute Disease,2025,2221-6189/2589-5516,否,否,是,ESCI,0.3,,医学,4 [5035/5603],否, CRITICAL CARE MEDICINE 危重病医学,4 [48/56],,,,,,,,,,,三级
Laeknabladid,2025,0023-7213/1670-4959,否,否,是,SCIE,0.6,,医学,4 [5036/5603],否," MEDICINE, GENERAL & INTERNAL 医学：内科",4 [226/327],,,,,,,,,,,三级
Sudan Journal of Medical Sciences,2025,1858-5051/1858-5051,否,否,是,ESCI,0.3,,医学,4 [5037/5603],否," MEDICINE, GENERAL & INTERNAL 医学：内科",4 [227/327],,,,,,,,,,,三级
Archives of Rehabilitation,2025,2538-6247/2538-6247,否,否,否,ESCI,0.3,,医学,4 [5038/5603],否, REHABILITATION 康复医学,4 [163/169],,,,,,,,,,,三级
Journal of Acupuncture and Tuina Science,2025,1672-3597/1993-0399,否,否,否,ESCI,0.5,,医学,4 [5039/5603],否, INTEGRATIVE & COMPLEMENTARY MEDICINE 全科医学与补充医学,4 [37/43],,,,,,,,,,,三级
Haseki TIp Bulteni-Medical Bulletin of Haseki,2025,1302-0072/2147-2688,否,否,是,ESCI,0.2,,医学,4 [5040/5603],否," MEDICINE, GENERAL & INTERNAL 医学：内科",4 [228/327],,,,,,,,,,,三级
Open Dentistry Journal,2025,1874-2106/1874-2106,否,否,否,ESCI,0.6,,医学,4 [5041/5603],否," DENTISTRY, ORAL SURGERY & MEDICINE 牙科与口腔外科",4 [141/157],,,,,,,,,,,三级
Medical Journal of Indonesia,2025,0853-1773/2252-8083,否,否,是,ESCI,0.3,,医学,4 [5042/5603],否," MEDICINE, GENERAL & INTERNAL 医学：内科",4 [229/327],,,,,,,,,,,三级
Southern African Journal of Anaesthesia and Analgesia,2025,2220-1181/2220-1173,否,否,否,ESCI,0.3,,医学,4 [5043/5603],否, ANESTHESIOLOGY 麻醉学,4 [52/64],,,,,,,,,,,三级
Nordisk Sygeplejeforskning-Nordic Nursing Research,2025,1892-2678/1892-2686,否,否,否,ESCI,0.3,,医学,4 [5044/5603],否, NURSING 护理,4 [178/191],,,,,,,,,,,三级
Balkan Journal of Medical Genetics,2025,1311-0160/2199-5761,否,否,是,SCIE,0.9,,医学,4 [5045/5603],否, GENETICS & HEREDITY 遗传学,4 [186/190],,,,,,,,,,,三级
EPIDEMIOLOGIE MIKROBIOLOGIE IMUNOLOGIE,2025,1210-7913,否,否,否,SCIE,0.5,,医学,4 [5046/5603],否, MICROBIOLOGY 微生物学,4 [149/159],,,,,,,,,,,三级
Eurasian Journal of Emergency Medicine,2025,2149-5807/2149-6048,否,否,是,ESCI,0.2,,医学,4 [5047/5603],否, EMERGENCY MEDICINE 急救医学,4 [48/54],,,,,,,,,,,三级
Asia Pacific Journal of Health Management,2025,2204-3136/2204-3136,否,否,是,ESCI,0.6,,医学,4 [5048/5603],否, HEALTH POLICY & SERVICES 卫生政策与服务,4 [117/118],,,,,,,,,,,三级
Journal of Pancreatology,2025,2096-5664/2577-3577,否,否,是,ESCI,1.1,,医学,4 [5049/5603],否, GASTROENTEROLOGY & HEPATOLOGY 胃肠肝病学,4 [135/143],,,,,,,,,,,三级
Saudi Journal of Kidney Diseases and Transplantation,2025,1319-2442/2320-3838,否,否,是,ESCI,0.3,,医学,4 [5050/5603],否, UROLOGY & NEPHROLOGY 泌尿学与肾脏学,4 [119/126],,,,,,,,,,,三级
Toxicologie Analytique et Clinique,2025,2352-0078/2352-0086,否,否,否,ESCI,1.7,,医学,4 [5051/5603],否, TOXICOLOGY 毒理学,4 [103/106],,,,,,,,,,,三级
Clinical Epileptology,2025,2948-104X/2948-1058,否,否,否,ESCI,1,,医学,4 [5052/5603],否, CLINICAL NEUROLOGY 临床神经病学,4 [261/278],,,,,,,,,,,三级
Acta Dermatovenerologica Croatica,2025,1330-027X/1847-6538,否,否,否,SCIE,0.5,,医学,4 [5053/5603],否, DERMATOLOGY 皮肤病学,4 [82/94],,,,,,,,,,,三级
Trauma Monthly,2025,2251-7464/2251-7472,否,否,否,ESCI,0.3,,医学,4 [5054/5603],否, EMERGENCY MEDICINE 急救医学,4 [49/54],,,,,,,,,,,三级
Egyptian Pharmaceutical Journal,2025,1687-4315/2090-9853,否,否,否,ESCI,0.6,,医学,4 [5055/5603],否, PHARMACOLOGY & PHARMACY 药学,4 [321/350],,,,,,,,,,,三级
Journal of Child Science,2025,2474-5871/2474-5871,否,否,否,ESCI,0.4,,医学,4 [5056/5603],否, PEDIATRICS 儿科,4 [161/185],,,,,,,,,,,三级
Canadian Society of Forensic Science Journal,2025,0008-5030/2332-1660,否,否,否,ESCI,0.5,,医学,4 [5057/5603],否," MEDICINE, LEGAL 医学：法",4 [21/23],,,,,,,,,,,三级
Ibnosina Journal of Medicine and Biomedical Sciences,2025,1947-489X/1947-489X,否,否,否,ESCI,0.7,,医学,4 [5058/5603],否," MEDICINE, GENERAL & INTERNAL 医学：内科",4 [230/327],,,,,,,,,,,三级
Research in Cardiovascular Medicine,2025,2251-9572/2251-9580,否,否,是,ESCI,0.1,,医学,4 [5059/5603],否, CARDIAC & CARDIOVASCULAR SYSTEMS 心脏和心血管系统,4 [206/223],,,,,,,,,,,三级
Cultura de los Cuidados,2025,1138-1728/1699-6003,否,否,是,ESCI,0.1,,医学,4 [5060/5603],否," HUMANITIES, MULTIDISCIPLINARY 人文科学",4 [405/406],,,,,,,,,,,三级
Applied Biosafety,2025,1535-6760/2470-1246,否,否,否,ESCI,0.7,,医学,4 [5061/5603],否," PUBLIC, ENVIRONMENTAL & OCCUPATIONAL HEALTH 公共卫生、环境卫生与职业卫生",4 [380/404],,,,,,,,,,,三级
Educacion Fisica y Deporte,2025,0120-677X/2145-5880,否,否,是,ESCI,0.1,,医学,4 [5062/5603],否, SPORT SCIENCES 运动科学,4 [120/126],,,,,,,,,,,三级
NATIONAL MEDICAL JOURNAL OF INDIA,2025,2583-150X/0970-258X,否,否,否,SCIE,0.6,,医学,4 [5063/5603],否," MEDICINE, GENERAL & INTERNAL 医学：内科",4 [231/327],,,,,,,,,,,三级
Precision and Future Medicine,2025,2508-7940/2508-7959,否,否,是,ESCI,3,,医学,4 [5064/5603],否," MEDICINE, GENERAL & INTERNAL 医学：内科",4 [232/327],,,,,,,,,,,三级
Indian Journal of Vascular and Endovascular Surgery,2025,0972-0820/2394-0999,否,否,是,ESCI,0.2,,医学,4 [5065/5603],否, CARDIAC & CARDIOVASCULAR SYSTEMS 心脏和心血管系统,4 [207/223], SURGERY 外科,4 [277/292],,,,,,,,,三级
Activitas Nervosa Superior Rediviva,2025,1337-933X/1338-4015,否,否,否,ESCI,0.2,,医学,4 [5066/5603],否, CLINICAL NEUROLOGY 临床神经病学,4 [262/278],,,,,,,,,,,三级
Journal of Psychiatric Nursing,2025,2149-374X/2149-374X,否,否,是,ESCI,0.4,,医学,4 [5067/5603],否, PSYCHIATRY 精神病学,4 [259/277],,,,,,,,,,,三级
African Vision and Eye Health Journal,2025,0378-9411/2410-3039,否,否,否,ESCI,,,医学,4 [5068/5603],否, OPHTHALMOLOGY 眼科学,4 [90/95],,,,,,,,,,,三级
Journal of Obstetric Anaesthesia and Critical Care,2025,2249-4472/2249-9539,否,否,是,ESCI,0.3,,医学,4 [5069/5603],否, ANESTHESIOLOGY 麻醉学,4 [53/64], OBSTETRICS & GYNECOLOGY 妇产科学,4 [122/135],,,,,,,,,三级
Journal of Psychopathology,2025,1592-1107/2499-6904,否,否,否,ESCI,0.9,,医学,4 [5070/5603],否, PSYCHIATRY 精神病学,4 [260/277],,,,,,,,,,,三级
Emergency Care Journal,2025,1826-9826/2282-2054,否,否,是,ESCI,0.5,,医学,4 [5071/5603],否, EMERGENCY MEDICINE 急救医学,4 [50/54],,,,,,,,,,,三级
Turkish Journal of Geriatrics-Turk Geriatri Dergisi,2025,1304-2947/1307-9948,否,否,否,SSCI;SCIE,0.3,,医学,4 [5072/5603],否, GERIATRICS & GERONTOLOGY 老年医学,4 [69/72], GERONTOLOGY 老年医学（社科）,4 [46/48],,,,,,,,,三级
Physiotherapy Practice and Research,2025,2213-0683/2213-0691,否,否,否,ESCI,0.4,,医学,4 [5073/5603],否, REHABILITATION 康复医学,4 [164/169],,,,,,,,,,,三级
Revista Chilena de Infectologia,2025,0716-1018/0717-6341,否,否,否,SCIE,0.2,,医学,4 [5074/5603],否, INFECTIOUS DISEASES 传染病学,4 [123/134],,,,,,,,,,,三级
Nepalese Heart Journal,2025,2091-2978/2091-2978,否,否,否,ESCI,0.1,,医学,4 [5075/5603],否, CARDIAC & CARDIOVASCULAR SYSTEMS 心脏和心血管系统,4 [208/223],,,,,,,,,,,三级
Revista Iberoamericana de Ciencias de la Actividad Fisica y el Deporte,2025,2255-0461/2255-0461,否,否,是,ESCI,0.7,,医学,4 [5076/5603],否, SPORT SCIENCES 运动科学,4 [121/126],,,,,,,,,,,三级
REVISTA MEDICA DE CHILE,2025,0034-9887/0717-6163,否,否,否,SCIE,0.3,,医学,4 [5077/5603],否," MEDICINE, GENERAL & INTERNAL 医学：内科",4 [233/327],,,,,,,,,,,三级
ANASTHESIOLOGIE INTENSIVMEDIZIN NOTFALLMEDIZIN SCHMERZTHERAPIE,2025,0939-2661/1439-1074,否,否,否,SCIE,0.7,,医学,4 [5078/5603],否, ANESTHESIOLOGY 麻醉学,4 [54/64], CRITICAL CARE MEDICINE 危重病医学,4 [49/56],,,,,,,,,三级
Kesmas-National Public Health Journal,2025,1907-7505/2460-0601,否,否,是,ESCI,0.4,,医学,4 [5079/5603],否," PUBLIC, ENVIRONMENTAL & OCCUPATIONAL HEALTH 公共卫生、环境卫生与职业卫生",4 [381/404],,,,,,,,,,,三级
Italian Journal of Vascular and Endovascular Surgery,2025,1824-4777/1827-1847,否,否,否,ESCI,0.3,,医学,4 [5080/5603],否, PERIPHERAL VASCULAR DISEASE 外周血管病,4 [93/96],,,,,,,,,,,三级
Journal of Medical and Biomedical Science,2025,2026-6294/2026-6294,否,否,否,ESCI,0.3,,医学,4 [5081/5603],否," MEDICINE, GENERAL & INTERNAL 医学：内科",4 [234/327],,,,,,,,,,,三级
Revista de Nutricao-Brazilian Journal of Nutrition,2025,1415-5273/1678-9865,否,否,是,SCIE,0.5,,医学,4 [5082/5603],否, NUTRITION & DIETETICS 营养学,4 [97/113],,,,,,,,,,,三级
Acta Balneologica,2025,2082-1867/2082-1867,否,否,否,ESCI,0.2,,医学,4 [5083/5603],否, REHABILITATION 康复医学,4 [165/169],,,,,,,,,,,三级
Journal of Orthopaedics Trauma and Rehabilitation,2025,2210-4917/2210-4925,否,否,是,ESCI,0.5,,医学,4 [5084/5603],否, ORTHOPEDICS 骨科,4 [129/136],,,,,,,,,,,三级
Addicta-The Turkish Journal on Addictions,2025,2148-7286/2149-1305,否,否,是,ESCI,0.4,,医学,4 [5085/5603],否, SUBSTANCE ABUSE 药物滥用,4 [54/56],,,,,,,,,,,三级
Pediatric Anesthesia and Critical Care Journal,2025,2281-8421/2281-8421,否,否,是,ESCI,0.1,,医学,4 [5086/5603],否, ANESTHESIOLOGY 麻醉学,4 [55/64],,,,,,,,,,,三级
Techniques in Foot and Ankle Surgery,2025,1536-0644/1538-1943,否,否,否,ESCI,0.1,,医学,4 [5087/5603],否, ORTHOPEDICS 骨科,4 [130/136],,,,,,,,,,,三级
Pharmacognosy Research,2025,0974-8490/0976-4836,否,否,否,ESCI,1,,医学,4 [5088/5603],否, PHARMACOLOGY & PHARMACY 药学,4 [322/350],,,,,,,,,,,三级
ENT Updates,2025,2149-7109/2149-6498,否,否,是,ESCI,0.1,,医学,4 [5089/5603],否, OTORHINOLARYNGOLOGY 耳鼻喉科学,4 [62/66],,,,,,,,,,,三级
Operative Techniques in Orthopaedics,2025,1048-6666/1558-3848,否,否,否,ESCI,0.3,,医学,4 [5090/5603],否, ORTHOPEDICS 骨科,4 [131/136],,,,,,,,,,,三级
Bangladesh Journal of Pharmacology,2025,1991-007X/1991-0088,否,否,是,SCIE,0.9,,医学,4 [5091/5603],否, PHARMACOLOGY & PHARMACY 药学,4 [323/350],,,,,,,,,,,三级
Journal of Endocrinology and Metabolism,2025,1923-2861/1923-287X,否,否,否,ESCI,0.6,,医学,4 [5092/5603],否, ENDOCRINOLOGY & METABOLISM 内分泌学与代谢,4 [168/184],,,,,,,,,,,三级
Zentralblatt fur Arbeitsmedizin Arbeitsschutz und Ergonomie,2025,0944-2502/2198-0713,否,否,否,ESCI,0.6,,医学,4 [5093/5603],否," PUBLIC, ENVIRONMENTAL & OCCUPATIONAL HEALTH 公共卫生、环境卫生与职业卫生",4 [382/404],,,,,,,,,,,三级
Journal of Radiotherapy in Practice,2025,1460-3969/1467-1131,否,否,否,ESCI,0.5,,医学,4 [5094/5603],否," RADIOLOGY, NUCLEAR MEDICINE & MEDICAL IMAGING 核医学",4 [194/206],,,,,,,,,,,三级
Medycyna Paliatywna-Palliative Medicine,2025,2081-0016/2081-2833,否,否,否,ESCI,0.2,,医学,4 [5095/5603],否, HEALTH CARE SCIENCES & SERVICES 卫生保健与服务,4 [163/173],,,,,,,,,,,三级
Traditional Medicine Research,2025,2413-3973/2413-3973,否,否,是,ESCI,1.3,,医学,4 [5096/5603],否, INTEGRATIVE & COMPLEMENTARY MEDICINE 全科医学与补充医学,4 [38/43],,,,,,,,,,,三级
Surgical Practice,2025,1744-1625/1744-1633,否,否,否,ESCI,0.2,,医学,4 [5097/5603],否, SURGERY 外科,4 [278/292],,,,,,,,,,,三级
Bariatric Surgical Practice and Patient Care,2025,2168-023X/2168-0248,否,否,否,SSCI;SCIE,0.3,,医学,4 [5098/5603],否, NURSING 护理,4 [179/191], SURGERY 外科,4 [279/292],,,,,,,,,三级
AKTUELLE UROLOGIE,2025,0001-7868/1438-8820,否,否,否,SCIE,0.4,,医学,4 [5099/5603],否, UROLOGY & NEPHROLOGY 泌尿学与肾脏学,4 [120/126],,,,,,,,,,,三级
Lung Cancer Management,2025,1758-1966/1758-1974,否,否,否,ESCI,0.7,,医学,4 [5100/5603],否, RESPIRATORY SYSTEM 呼吸系统,4 [95/101],,,,,,,,,,,三级
International Journal of Therapy and Rehabilitation,2025,1741-1645/1759-779X,否,否,否,ESCI,0.5,,医学,4 [5101/5603],否, REHABILITATION 康复医学,4 [166/169],,,,,,,,,,,三级
Clinical and Experimental Health Sciences,2025,2459-1459/2459-1459,否,否,否,ESCI,0.4,,医学,4 [5102/5603],否," MEDICINE, RESEARCH & EXPERIMENTAL 医学：研究与实验",4 [169/188],,,,,,,,,,,三级
Rev Rene,2025,1517-3852/2175-6783,否,否,是,ESCI,0.3,,医学,4 [5103/5603],否, NURSING 护理,4 [180/191],,,,,,,,,,,三级
Clinical Lactation,2025,2158-0782/2158-0537,否,否,否,ESCI,0.2,,医学,4 [5104/5603],否, NURSING 护理,4 [181/191],,,,,,,,,,,三级
Journal of Nursology,2025,2822-2954/2822-2954,否,否,是,ESCI,0.4,,医学,4 [5105/5603],否, NURSING 护理,4 [182/191],,,,,,,,,,,三级
HIV & AIDS Review,2025,1730-1270/1732-2707,否,否,是,ESCI,0.3,,医学,4 [5106/5603],否, INFECTIOUS DISEASES 传染病学,4 [124/134],,,,,,,,,,,三级
Journal of the ASEAN Federation of Endocrine Societies,2025,0857-1074/2308-118X,否,否,是,ESCI,1.2,,医学,4 [5107/5603],否, ENDOCRINOLOGY & METABOLISM 内分泌学与代谢,4 [169/184],,,,,,,,,,,三级
Romanian Journal of Oral Rehabilitation,2025,2066-7000/2066-7000,否,否,是,ESCI,1.1,,医学,4 [5108/5603],否," DENTISTRY, ORAL SURGERY & MEDICINE 牙科与口腔外科",4 [142/157],,,,,,,,,,,三级
Journal of Osseointegration,2025,2036-413X/2036-4121,否,否,是,ESCI,0.8,,医学,4 [5109/5603],否," DENTISTRY, ORAL SURGERY & MEDICINE 牙科与口腔外科",4 [143/157],,,,,,,,,,,三级
International Journal of Athletic Therapy & Training,2025,2157-7277/2157-7285,否,否,否,ESCI,0.4,,医学,4 [5110/5603],否, SPORT SCIENCES 运动科学,4 [122/126],,,,,,,,,,,三级
Journal of Dentistry Indonesia,2025,1693-9697/2355-4800,否,否,是,ESCI,0.2,,医学,4 [5111/5603],否," DENTISTRY, ORAL SURGERY & MEDICINE 牙科与口腔外科",4 [144/157],,,,,,,,,,,三级
Techniques in Orthopaedics,2025,0885-9698/2333-0600,否,否,否,ESCI,0.2,,医学,4 [5112/5603],否, ORTHOPEDICS 骨科,4 [132/136],,,,,,,,,,,三级
International Journal of Medical Toxicology and Forensic Medicine,2025,2251-8762/2251-8770,否,否,是,ESCI,0.5,,医学,4 [5113/5603],否," MEDICINE, LEGAL 医学：法",4 [22/23], TOXICOLOGY 毒理学,4 [104/106],,,,,,,,,三级
Acta Epileptologica,2025,2096-9384/2524-4434,否,否,是,ESCI,1.2,,医学,4 [5114/5603],否, CLINICAL NEUROLOGY 临床神经病学,4 [263/278],,,,,,,,,,,三级
Mediterranean Journal of Nutrition and Metabolism,2025,1973-798X/1973-7998,否,否,否,ESCI,0.8,,医学,4 [5115/5603],否, NUTRITION & DIETETICS 营养学,4 [98/113],,,,,,,,,,,三级
Journal of Egyptian Womens Dermatological Society,2025,1687-1537/2090-2565,否,否,是,ESCI,0.3,,医学,4 [5116/5603],否, DERMATOLOGY 皮肤病学,4 [83/94],,,,,,,,,,,三级
BIOMEDICAL ENGINEERING-APPLICATIONS BASIS COMMUNICATIONS,2025,1016-2372/1793-7132,否,否,否,ESCI,0.6,,医学,4 [5117/5603],否," ENGINEERING, BIOMEDICAL 工程：生物医学",4 [114/120],,,,,,,,,,,三级
Journal of Indian Association for Child and Adolescent Mental Health,2025,0973-1342/2754-6349,否,否,否,ESCI,0.7,,医学,4 [5118/5603],否, PEDIATRICS 儿科,4 [162/185],,,,,,,,,,,三级
Current Journal of Neurology,2025,2717-011X/2717-011X,否,否,是,ESCI,0.9,,医学,4 [5119/5603],否, CLINICAL NEUROLOGY 临床神经病学,4 [264/278],,,,,,,,,,,三级
Current Womens Health Reviews,2025,1573-4048/1875-6581,否,否,否,ESCI,0.3,,医学,4 [5120/5603],否, OBSTETRICS & GYNECOLOGY 妇产科学,4 [123/135],,,,,,,,,,,三级
Proceedings of Singapore Healthcare,2025,2010-1058/2059-2329,否,否,是,ESCI,0.5,,医学,4 [5121/5603],否," MEDICINE, GENERAL & INTERNAL 医学：内科",4 [235/327],,,,,,,,,,,三级
South African Journal of Child Health,2025,1994-3032/1999-7671,否,否,是,ESCI,0.4,,医学,4 [5122/5603],否, PEDIATRICS 儿科,4 [163/185],,,,,,,,,,,三级
MONATSSCHRIFT KINDERHEILKUNDE,2025,0026-9298/1433-0474,否,否,否,SCIE,0.3,,医学,4 [5123/5603],否, PEDIATRICS 儿科,4 [164/185],,,,,,,,,,,三级
Vojnosanitetski Pregled,2025,0042-8450/2406-0720,否,否,是,SCIE,0.2,,医学,4 [5124/5603],否," MEDICINE, GENERAL & INTERNAL 医学：内科",4 [236/327],,,,,,,,,,,三级
Jurnal Gizi dan Pangan,2025,1978-1059/2407-0920,否,否,是,ESCI,0.3,,医学,4 [5125/5603],否, NUTRITION & DIETETICS 营养学,4 [99/113],,,,,,,,,,,三级
Egyptian Journal of Critical Care Medicine,2025,2090-7303/2090-9209,否,否,是,ESCI,0.3,,医学,4 [5126/5603],否, CRITICAL CARE MEDICINE 危重病医学,4 [50/56],,,,,,,,,,,三级
Angiologia,2025,0003-3170/1695-2987,否,否,否,ESCI,0.2,,医学,4 [5127/5603],否, PERIPHERAL VASCULAR DISEASE 外周血管病,4 [94/96],,,,,,,,,,,三级
Journal of EndoVascular Resuscitation and Trauma Management,2025,2002-7567/2002-7567,否,否,是,ESCI,0.4,,医学,4 [5128/5603],否, EMERGENCY MEDICINE 急救医学,4 [51/54], SURGERY 外科,4 [280/292],,,,,,,,,三级
International Journal of Biomedical Engineering and Technology,2025,1752-6418/1752-6426,否,否,否,ESCI,0.6,,医学,4 [5129/5603],否," ENGINEERING, BIOMEDICAL 工程：生物医学",4 [115/120],,,,,,,,,,,三级
Journal of Indian Association of Public Health Dentistry,2025,2319-5932/2350-0484,否,否,是,ESCI,0.3,,医学,4 [5130/5603],否," DENTISTRY, ORAL SURGERY & MEDICINE 牙科与口腔外科",4 [145/157],,,,,,,,,,,三级
Dental Hypotheses,2025,2155-8213/2155-8213,否,否,是,ESCI,1.6,,医学,4 [5131/5603],否," DENTISTRY, ORAL SURGERY & MEDICINE 牙科与口腔外科",4 [146/157],,,,,,,,,,,三级
Medical Studies-Studia Medyczne,2025,1899-1874/2300-6722,否,否,是,ESCI,0.5,,医学,4 [5132/5603],否," MEDICINE, GENERAL & INTERNAL 医学：内科",4 [237/327],,,,,,,,,,,三级
Acta Kinesiologica,2025,1840-2976/1840-3700,否,否,否,ESCI,1.6,,医学,4 [5133/5603],否, SPORT SCIENCES 运动科学,4 [123/126],,,,,,,,,,,三级
Postepy Psychiatrii i Neurologii,2025,1230-2813/1230-2813,否,否,否,ESCI,1,,医学,4 [5134/5603],否, PSYCHIATRY 精神病学,4 [261/277],,,,,,,,,,,三级
Imaging,2025,2732-0960/2732-0960,否,否,是,ESCI,0.5,,医学,4 [5135/5603],否," MEDICINE, GENERAL & INTERNAL 医学：内科",4 [238/327],,,,,,,,,,,三级
Neurological Sciences and Neurophysiology,2025,2636-865X/2636-865X,否,否,是,SCIE,0.2,,医学,4 [5136/5603],否, NEUROSCIENCES 神经科学,4 [300/309],,,,,,,,,,,三级
Revista Romana de Medicina de Laborator,2025,1841-6624/2284-5623,否,否,是,SCIE,0.5,,医学,4 [5137/5603],否," MEDICINE, RESEARCH & EXPERIMENTAL 医学：研究与实验",4 [170/188],,,,,,,,,,,三级
Immunopathologia Persa,2025,2423-8015/2423-8015,否,否,是,ESCI,0.7,,医学,4 [5138/5603],否, IMMUNOLOGY 免疫学,4 [172/179],,,,,,,,,,,三级
Journal of Krishna Institute of Medical Sciences University,2025,2231-4261/2231-4261,否,否,是,ESCI,0.2,,医学,4 [5139/5603],否," MEDICINE, GENERAL & INTERNAL 医学：内科",4 [239/327],,,,,,,,,,,三级
Global & Regional Health Technology Assessment,2025,2284-2403/2283-5733,否,否,是,ESCI,0.5,,医学,4 [5140/5603],否, HEALTH CARE SCIENCES & SERVICES 卫生保健与服务,4 [164/173],,,,,,,,,,,三级
Somnologie,2025,1432-9123/1439-054X,否,否,否,ESCI,0.5,,医学,4 [5141/5603],否, CLINICAL NEUROLOGY 临床神经病学,4 [265/278],,,,,,,,,,,三级
Turkish Journal of Plastic Surgery,2025,1300-6878/2528-8644,否,否,是,ESCI,0.1,,医学,4 [5142/5603],否, SURGERY 外科,4 [281/292],,,,,,,,,,,三级
Human Sport Medicine,2025,2500-0209/2500-0195,否,否,否,ESCI,0.2,,医学,4 [5143/5603],否, SPORT SCIENCES 运动科学,4 [124/126],,,,,,,,,,,三级
B-ENT,2025,2684-4907/2684-4907,否,否,是,SCIE,0.1,,医学,4 [5144/5603],否, OTORHINOLARYNGOLOGY 耳鼻喉科学,4 [63/66],,,,,,,,,,,三级
Egyptian Journal of Surgery,2025,1110-1121/1687-7624,否,否,否,ESCI,0.1,,医学,4 [5145/5603],否, SURGERY 外科,4 [282/292],,,,,,,,,,,三级
Revista Espanola de Salud Publica,2025,1135-5727/2173-9110,否,否,是,SSCI,0.8,,医学,4 [5146/5603],否," PUBLIC, ENVIRONMENTAL & OCCUPATIONAL HEALTH 公共卫生、环境卫生与职业卫生",4 [383/404],,,,,,,,,,,三级
DEUTSCHE MEDIZINISCHE WOCHENSCHRIFT,2025,0012-0472/1439-4413,否,否,否,SCIE,0.7,,医学,4 [5147/5603],否," MEDICINE, GENERAL & INTERNAL 医学：内科",4 [240/327],,,,,,,,,,,三级
JOURNAL OF THE AMERICAN PODIATRIC MEDICAL ASSOCIATION,2025,8750-7315/1930-8264,否,否,否,SCIE,0.6,,医学,4 [5148/5603],否, ORTHOPEDICS 骨科,4 [133/136],,,,,,,,,,,三级
Gaceta Medica de Mexico,2025,0016-3813/0016-3813,否,否,是,SCIE,0.8,,医学,4 [5149/5603],否," MEDICINE, GENERAL & INTERNAL 医学：内科",4 [241/327],,,,,,,,,,,三级
EUROPEAN JOURNAL OF GYNAECOLOGICAL ONCOLOGY,2025,0392-2936/2709-0086,否,否,否,SCIE,0.5,,医学,4 [5150/5603],否, OBSTETRICS & GYNECOLOGY 妇产科学,4 [124/135], ONCOLOGY 肿瘤学,4 [297/318],,,,,,,,,三级
Open Ophthalmology Journal,2025,1874-3641/1874-3641,否,否,否,ESCI,0.3,,医学,4 [5151/5603],否, OPHTHALMOLOGY 眼科学,4 [91/95],,,,,,,,,,,三级
Journal of Research in Pharmacy,2025,2630-6344/2630-6344,否,否,否,ESCI,0.7,,医学,4 [5152/5603],否, PHARMACOLOGY & PHARMACY 药学,4 [325/350],,,,,,,,,,,三级
Diabetologie und Stoffwechsel,2025,1861-9002/1861-9010,否,否,否,SCIE,0.6,,医学,4 [5153/5603],否, ENDOCRINOLOGY & METABOLISM 内分泌学与代谢,4 [170/184],,,,,,,,,,,三级
World of Medicine and Biology,2025,2079-8334/2079-8334,否,否,否,ESCI,0.1,,医学,4 [5154/5603],否," MEDICINE, RESEARCH & EXPERIMENTAL 医学：研究与实验",4 [171/188],,,,,,,,,,,三级
Comunidad y Salud,2025,1690-3293/1690-3293,否,否,否,ESCI,0.2,,医学,4 [5155/5603],否," PUBLIC, ENVIRONMENTAL & OCCUPATIONAL HEALTH 公共卫生、环境卫生与职业卫生",4 [384/404],,,,,,,,,,,三级
Sri Lankan Journal of Anaesthesiology,2025,1391-8834/2279-1965,否,否,是,ESCI,0.1,,医学,4 [5156/5603],否, ANESTHESIOLOGY 麻醉学,4 [56/64],,,,,,,,,,,三级
Istanbul Journal of Pharmacy,2025,2587-2087/2587-2087,否,否,否,ESCI,0.5,,医学,4 [5157/5603],否, PHARMACOLOGY & PHARMACY 药学,4 [326/350],,,,,,,,,,,三级
Advances in Digestive Medicine,2025,2351-9797/2351-9800,否,否,否,ESCI,0.4,,医学,4 [5158/5603],否, GASTROENTEROLOGY & HEPATOLOGY 胃肠肝病学,4 [136/143],,,,,,,,,,,三级
Middle East Journal of Cancer,2025,2008-6709/2008-6687,否,否,是,ESCI,0.4,,医学,4 [5159/5603],否, ONCOLOGY 肿瘤学,4 [298/318],,,,,,,,,,,三级
Hypertension Research in Pregnancy,2025,2187-5987/2187-9931,否,否,否,ESCI,0.3,,医学,4 [5160/5603],否, OBSTETRICS & GYNECOLOGY 妇产科学,4 [125/135],,,,,,,,,,,三级
Journal of Critical & Intensive Care,2025,2717-6428/2717-6428,否,否,否,ESCI,<0.1,,医学,4 [5161/5603],否, CRITICAL CARE MEDICINE 危重病医学,4 [51/56],,,,,,,,,,,三级
Revista Chilena de Nutricion,2025,0717-7518/0717-7518,否,否,否,ESCI,0.4,,医学,4 [5162/5603],否, NUTRITION & DIETETICS 营养学,4 [100/113],,,,,,,,,,,三级
European Journal of Therapeutics,2025,2564-7784/2564-7040,否,否,否,ESCI,0.5,,医学,4 [5163/5603],否," MEDICINE, GENERAL & INTERNAL 医学：内科",4 [242/327],,,,,,,,,,,三级
Nutrition Clinique et Metabolisme,2025,0985-0562/1768-3092,否,否,否,SCIE,0.4,,医学,4 [5164/5603],否, ENDOCRINOLOGY & METABOLISM 内分泌学与代谢,4 [171/184], NUTRITION & DIETETICS 营养学,4 [101/113],,,,,,,,,三级
Konuralp Tip Dergisi,2025,1309-3878/1309-3878,否,否,否,ESCI,0.3,,医学,4 [5165/5603],否," MEDICINE, GENERAL & INTERNAL 医学：内科",4 [243/327],,,,,,,,,,,三级
Clinical Management Issues,2025,1973-4832/2283-3137,否,否,是,ESCI,<0.1,,医学,4 [5166/5603],否," MEDICINE, GENERAL & INTERNAL 医学：内科",4 [244/327],,,,,,,,,,,三级
Case Reports in Perinatal Medicine,2025,2192-8932/2192-8959,否,否,否,ESCI,0.2,,医学,4 [5167/5603],否, OBSTETRICS & GYNECOLOGY 妇产科学,4 [126/135],,,,,,,,,,,三级
Current Orthopaedic Practice,2025,1940-7041/1941-7551,否,否,否,ESCI,0.3,,医学,4 [5168/5603],否, ORTHOPEDICS 骨科,4 [134/136],,,,,,,,,,,三级
Archives of Neuroscience,2025,2322-3944/2322-5769,否,否,否,ESCI,0.3,,医学,4 [5169/5603],否, NEUROSCIENCES 神经科学,4 [301/309],,,,,,,,,,,三级
Sleep Science,2025,1984-0659/1984-0063,否,否,是,ESCI,1.8,,医学,4 [5170/5603],否, CLINICAL NEUROLOGY 临床神经病学,4 [266/278],,,,,,,,,,,三级
Suchttherapie,2025,1439-9903/1439-989X,否,否,否,SCIE,0.2,,医学,4 [5171/5603],否, PSYCHIATRY 精神病学,4 [262/277],,,,,,,,,,,三级
Journal of Neuroanaesthesiology and Critical Care,2025,2348-0548/2348-926X,否,否,是,ESCI,0.3,,医学,4 [5172/5603],否, ANESTHESIOLOGY 麻醉学,4 [57/64], CLINICAL NEUROLOGY 临床神经病学,4 [267/278], CRITICAL CARE MEDICINE 危重病医学,4 [52/56],,,,,,,三级
International Journal of Organ Transplantation Medicine,2025,2008-6490/2008-6482,否,否,是,ESCI,0.2,,医学,4 [5173/5603],否, TRANSPLANTATION 移植,4 [28/31],,,,,,,,,,,三级
Iranian Red Crescent Medical Journal,2025,2074-1804/2074-1812,否,否,否,SCIE,0.2,,医学,4 [5174/5603],否," MEDICINE, GENERAL & INTERNAL 医学：内科",4 [245/327],,,,,,,,,,,三级
Anaesthesia Pain & Intensive Care,2025,1607-8322/2220-5799,否,否,是,ESCI,0.3,,医学,4 [5175/5603],否, ANESTHESIOLOGY 麻醉学,4 [58/64],,,,,,,,,,,三级
Current Pharmaceutical Analysis,2025,1573-4129/1875-676X,否,否,否,SCIE,1.5,,医学,4 [5176/5603],否, PHARMACOLOGY & PHARMACY 药学,4 [327/350],,,,,,,,,,,三级
Pielegniarstwo XXI Wieku-Nursing in the 21 Century,2025,1730-1912/2450-646X,否,否,是,ESCI,0.4,,医学,4 [5177/5603],否, NURSING 护理,4 [183/191],,,,,,,,,,,三级
Bangladesh Journal of Otorhinolaryngology,2025,1728-8835/2304-6244,否,否,否,ESCI,<0.1,,医学,4 [5178/5603],否, OTORHINOLARYNGOLOGY 耳鼻喉科学,4 [64/66],,,,,,,,,,,三级
Annales Francaises de Medecine d Urgence,2025,2108-6524/2108-6591,否,否,否,ESCI,0.3,,医学,4 [5179/5603],否, EMERGENCY MEDICINE 急救医学,4 [52/54],,,,,,,,,,,三级
Journal of Health and Allied Sciences NU,2025,2582-4287/2582-4953,否,否,否,ESCI,0.4,,医学,4 [5180/5603],否," MEDICINE, GENERAL & INTERNAL 医学：内科",4 [246/327],,,,,,,,,,,三级
European Journal of Inflammation,2025,1721-727X/2058-7392,否,否,是,SCIE,0.8,,医学,4 [5181/5603],否, IMMUNOLOGY 免疫学,4 [173/179],,,,,,,,,,,三级
Rawal Medical Journal,2025,0303-5212/0303-5212,否,否,否,ESCI,0.2,,医学,4 [5182/5603],否," MEDICINE, GENERAL & INTERNAL 医学：内科",4 [247/327],,,,,,,,,,,三级
Journal of Pediatric Emergency and Intensive Care Medicine,2025,2717-9206/2717-9206,否,否,否,ESCI,0.1,,医学,4 [5183/5603],否, EMERGENCY MEDICINE 急救医学,4 [53/54], PEDIATRICS 儿科,4 [165/185],,,,,,,,,三级
Journal of Urological Surgery,2025,2148-9580/2148-9580,否,否,是,ESCI,0.2,,医学,4 [5184/5603],否, UROLOGY & NEPHROLOGY 泌尿学与肾脏学,4 [121/126],,,,,,,,,,,三级
Journal of Arthropod-Borne Diseases,2025,2322-1984/2322-2271,否,否,是,SCIE,0.7,,医学,4 [5185/5603],否, PARASITOLOGY 寄生虫学,4 [45/45]," PUBLIC, ENVIRONMENTAL & OCCUPATIONAL HEALTH 公共卫生、环境卫生与职业卫生",4 [385/404],,,,,,,,,三级
Imagen Diagnostica,2025,2171-3669/2171-9705,否,否,否,ESCI,<0.1,,医学,4 [5186/5603],否," RADIOLOGY, NUCLEAR MEDICINE & MEDICAL IMAGING 核医学",4 [195/206],,,,,,,,,,,三级
Journal of Pediatric Genetics,2025,2146-4596/2146-460X,否,否,否,ESCI,0.4,,医学,4 [5187/5603],否, PEDIATRICS 儿科,4 [166/185],,,,,,,,,,,三级
Indian Anaesthetists Forum,2025,2589-7934/0973-0311,否,否,是,ESCI,0.2,,医学,4 [5188/5603],否, ANESTHESIOLOGY 麻醉学,4 [59/64],,,,,,,,,,,三级
Flugmedizin Tropenmedizin Reisemedizin,2025,1864-4538/1864-175X,否,否,否,ESCI,0.5,,医学,4 [5189/5603],否, TROPICAL MEDICINE 热带医学,4 [27/28],,,,,,,,,,,三级
TIDSSKRIFT FOR DEN NORSKE LAEGEFORENING,2025,0029-2001/0807-7096,否,否,否,ESCI,1.3,,医学,4 [5190/5603],否," MEDICINE, GENERAL & INTERNAL 医学：内科",4 [248/327],,,,,,,,,,,三级
Anaesthesia and Intensive Care Medicine,2025,1472-0299/1878-7584,否,否,否,ESCI,0.3,,医学,4 [5191/5603],否, ANESTHESIOLOGY 麻醉学,4 [60/64],,,,,,,,,,,三级
ANNALES DE BIOLOGIE CLINIQUE,2025,0003-3898/1950-6112,否,否,否,SCIE,0.4,,医学,4 [5192/5603],否, MEDICAL LABORATORY TECHNOLOGY 医学实验技术,4 [30/31]," MEDICINE, RESEARCH & EXPERIMENTAL 医学：研究与实验",4 [172/188],,,,,,,,,三级
ISRAEL JOURNAL OF PSYCHIATRY AND RELATED SCIENCES,2025,0333-7308/0333-7308,否,否,否,SSCI;SCIE,,,医学,4 [5193/5603],否, PSYCHIATRY 精神病学,4 [263/277],,,,,,,,,,,三级
Nanomedicine Journal,2025,2322-3049/2322-5904,否,否,是,ESCI,1.7,,医学,4 [5194/5603],否, NANOSCIENCE & NANOTECHNOLOGY 纳米科技,4 [131/139],,,,,,,,,,,三级
Chirurgia-Italy,2025,0394-9508/1827-1782,否,否,否,ESCI,0.1,,医学,4 [5195/5603],否, SURGERY 外科,4 [283/292],,,,,,,,,,,三级
AIMS Allergy and Immunology,2025,2575-615X/2575-615X,否,否,是,ESCI,0.4,,医学,4 [5196/5603],否, IMMUNOLOGY 免疫学,4 [174/179],,,,,,,,,,,三级
Precision Medical Sciences,2025,2642-2514/2642-2514,否,否,是,ESCI,0.6,,医学,4 [5197/5603],否," MEDICINE, RESEARCH & EXPERIMENTAL 医学：研究与实验",4 [173/188],,,,,,,,,,,三级
Clinical Diabetology,2025,2450-8187/2450-8187,否,否,是,ESCI,0.7,,医学,4 [5198/5603],否, ENDOCRINOLOGY & METABOLISM 内分泌学与代谢,4 [172/184],,,,,,,,,,,三级
Medecine & Droit,2025,1246-7391/1873-6475,否,否,否,ESCI,0.1,,医学,4 [5199/5603],否," MEDICINE, LEGAL 医学：法",4 [23/23],,,,,,,,,,,三级
Journal of Cutaneous Immunology and Allergy,2025,2574-4593/2574-4593,否,否,是,ESCI,0.9,,医学,4 [5200/5603],否, ALLERGY 过敏,4 [33/39], DERMATOLOGY 皮肤病学,4 [84/94], IMMUNOLOGY 免疫学,4 [175/179],,,,,,,三级
Asthma Allergy Immunology,2025,1308-9234/1308-9234,否,否,否,ESCI,0.4,,医学,4 [5201/5603],否, ALLERGY 过敏,4 [34/39],,,,,,,,,,,三级
Iranian Journal of Neonatology,2025,2251-7510/2322-2158,否,否,是,ESCI,0.3,,医学,4 [5202/5603],否, PEDIATRICS 儿科,4 [167/185],,,,,,,,,,,三级
Nutricion Clinica y Dietetica Hospitalaria,2025,0211-6057/1989-208X,否,否,否,ESCI,0.4,,医学,4 [5203/5603],否, NUTRITION & DIETETICS 营养学,4 [102/113],,,,,,,,,,,三级
Journal of Turkish Sleep Medicine-Turk Uyku Tibbi Dergisi,2025,2148-1504/2757-850X,否,否,是,ESCI,0.4,,医学,4 [5204/5603],否, CLINICAL NEUROLOGY 临床神经病学,4 [268/278],,,,,,,,,,,三级
Revue Francaise d Allergologie,2025,1877-0320,否,否,否,SCIE,0.3,,医学,4 [5205/5603],否, ALLERGY 过敏,4 [35/39],,,,,,,,,,,三级
LymphoSign Journal-The Journal of Inherited Immune Disorders,2025,2292-5937/2292-5945,否,否,否,ESCI,0.2,,医学,4 [5206/5603],否, IMMUNOLOGY 免疫学,4 [176/179],,,,,,,,,,,三级
Journal of Health and Safety at Work,2025,2251-807X/2383-2088,否,否,是,ESCI,0.5,,医学,4 [5207/5603],否," PUBLIC, ENVIRONMENTAL & OCCUPATIONAL HEALTH 公共卫生、环境卫生与职业卫生",4 [386/404],,,,,,,,,,,三级
Asian Biomedicine,2025,1905-7415/1875-855X,否,否,否,SCIE,0.9,,医学,4 [5208/5603],否," MEDICINE, RESEARCH & EXPERIMENTAL 医学：研究与实验",4 [174/188],,,,,,,,,,,三级
COLOPROCTOLOGY,2025,0174-2442/1615-6730,否,否,否,ESCI,0.2,,医学,4 [5209/5603],否, GASTROENTEROLOGY & HEPATOLOGY 胃肠肝病学,4 [137/143],,,,,,,,,,,三级
Archives of Clinical Infectious Diseases,2025,2345-2641/2008-1081,否,否,否,ESCI,0.4,,医学,4 [5210/5603],否, INFECTIOUS DISEASES 传染病学,4 [125/134],,,,,,,,,,,三级
Journal of Clinical Neonatology,2025,2249-4847/1658-6093,否,否,否,ESCI,0.2,,医学,4 [5211/5603],否, PEDIATRICS 儿科,4 [168/185],,,,,,,,,,,三级
Journal of Reports in Pharmaceutical Sciences,2025,2322-1232/2322-5106,否,否,否,ESCI,0.4,,医学,4 [5212/5603],否, PHARMACOLOGY & PHARMACY 药学,4 [328/350],,,,,,,,,,,三级
Revista de Senologia y Patologia Mamaria,2025,0214-1582/1578-1399,否,否,否,ESCI,0.2,,医学,4 [5213/5603],否, OBSTETRICS & GYNECOLOGY 妇产科学,4 [127/135], ONCOLOGY 肿瘤学,4 [299/318],,,,,,,,,三级
International Journal of Academic Medicine,2025,2455-5568/2455-5568,否,否,否,ESCI,0.2,,医学,4 [5214/5603],否," MEDICINE, GENERAL & INTERNAL 医学：内科",4 [249/327],,,,,,,,,,,三级
ARTHROSKOPIE,2025,0933-7946/1434-3924,否,否,否,ESCI,0.1,,医学,4 [5215/5603],否, SURGERY 外科,4 [284/292],,,,,,,,,,,三级
Renal Society of Australasia Journal,2025,1832-3804/1832-3804,否,否,否,ESCI,,,医学,4 [5216/5603],否, NURSING 护理,4 [184/191],,,,,,,,,,,三级
Ethiopian Journal of Health Development,2025,1021-6790/1021-6790,否,否,否,SSCI;SCIE,0.4,,医学,4 [5217/5603],否," PUBLIC, ENVIRONMENTAL & OCCUPATIONAL HEALTH 公共卫生、环境卫生与职业卫生",4 [387/404],,,,,,,,,,,三级
Turkish Journal of Intensive Care-Turk Yogun Bakim Dergisi,2025,2602-2974/2602-2974,否,否,是,ESCI,0.2,,医学,4 [5218/5603],否, CRITICAL CARE MEDICINE 危重病医学,4 [53/56],,,,,,,,,,,三级
British Journal of Diabetes,2025,2397-6233/2397-6233,否,否,否,ESCI,,,医学,4 [5219/5603],否, ENDOCRINOLOGY & METABOLISM 内分泌学与代谢,4 [173/184],,,,,,,,,,,三级
Meandros Medical and Dental Journal,2025,2149-9063/2149-9063,否,否,是,ESCI,0.1,,医学,4 [5220/5603],否," MEDICINE, GENERAL & INTERNAL 医学：内科",4 [250/327],,,,,,,,,,,三级
International Journal of Cancer Management,2025,2538-4422/2538-497X,否,否,否,ESCI,0.5,,医学,4 [5221/5603],否, ONCOLOGY 肿瘤学,4 [300/318],,,,,,,,,,,三级
Pakistan Heart Journal,2025,0048-2706/2227-9199,否,否,是,ESCI,0.4,,医学,4 [5222/5603],否, CARDIAC & CARDIOVASCULAR SYSTEMS 心脏和心血管系统,4 [209/223],,,,,,,,,,,三级
KLINISCHE NEUROPHYSIOLOGIE,2025,1434-0275/1439-4081,否,否,否,SCIE,0.3,,医学,4 [5223/5603],否, CLINICAL NEUROLOGY 临床神经病学,4 [269/278], NEUROIMAGING 神经成像,4 [15/16], PHYSIOLOGY 生理学,4 [81/84],,,,,,,三级
Rational Pharmacotherapy in Cardiology,2025,1819-6446/2225-3653,否,否,是,ESCI,0.3,,医学,4 [5224/5603],否, CARDIAC & CARDIOVASCULAR SYSTEMS 心脏和心血管系统,4 [210/223],,,,,,,,,,,三级
Hong Kong Journal of Dermatology & Venereology,2025,1814-7453/1814-7453,否,否,否,SCIE,,,医学,4 [5225/5603],否, DERMATOLOGY 皮肤病学,4 [85/94],,,,,,,,,,,三级
Journal of Clinical Urology,2025,2051-4158/2051-4166,否,否,否,ESCI,0.5,,医学,4 [5226/5603],否, UROLOGY & NEPHROLOGY 泌尿学与肾脏学,4 [122/126],,,,,,,,,,,三级
Sante Publique,2025,0995-3914/2104-3841,否,否,否,SCIE,0.3,,医学,4 [5227/5603],否," PUBLIC, ENVIRONMENTAL & OCCUPATIONAL HEALTH 公共卫生、环境卫生与职业卫生",4 [388/404],,,,,,,,,,,三级
CEYLON MEDICAL JOURNAL,2025,0009-0875/0009-0875,否,否,否,ESCI,0.1,,医学,4 [5228/5603],否," MEDICINE, GENERAL & INTERNAL 医学：内科",4 [251/327],,,,,,,,,,,三级
Journal of Basic and Clinical Health Sciences,2025,2458-8938/2564-7288,否,否,否,ESCI,0.3,,医学,4 [5229/5603],否, HEALTH CARE SCIENCES & SERVICES 卫生保健与服务,4 [165/173],,,,,,,,,,,三级
Galician Medical Journal,2025,2306-4285/2414-1518,否,否,是,ESCI,0.3,,医学,4 [5230/5603],否," MEDICINE, GENERAL & INTERNAL 医学：内科",4 [252/327],,,,,,,,,,,三级
MKG-Chirurgie,2025,2731-748X/2731-7498,否,否,否,ESCI,0.2,,医学,4 [5231/5603],否," DENTISTRY, ORAL SURGERY & MEDICINE 牙科与口腔外科",4 [147/157],,,,,,,,,,,三级
Jundishapur Journal of Microbiology,2025,2008-3645/2008-4161,否,否,否,SCIE,0.5,,医学,4 [5232/5603],否, MICROBIOLOGY 微生物学,4 [153/159],,,,,,,,,,,三级
Geriatrie et Psychologie Neuropsychiatrie du Vieillissement,2025,2115-8789/2115-7863,否,否,否,SCIE,0.3,,医学,4 [5233/5603],否, PSYCHIATRY 精神病学,4 [264/277], PSYCHOLOGY 心理学,4 [88/92],,,,,,,,,三级
Paediatrica Indonesiana,2025,0030-9311/2338-476X,否,否,是,ESCI,0.2,,医学,4 [5234/5603],否, PEDIATRICS 儿科,4 [169/185],,,,,,,,,,,三级
Acta Facultatis Medicae Naissensis,2025,0351-6083/2217-2521,否,否,是,ESCI,0.3,,医学,4 [5235/5603],否," MEDICINE, GENERAL & INTERNAL 医学：内科",4 [253/327],,,,,,,,,,,三级
Postepy w Chirurgii Glowy i Szyi-Advances in Head and Neck Surgery,2025,1643-9279/2084-9842,否,否,否,ESCI,0.1,,医学,4 [5236/5603],否, SURGERY 外科,4 [285/292],,,,,,,,,,,三级
NEUROPHYSIOLOGY,2025,0090-2977/1573-9007,否,否,否,SCIE,0.6,,医学,4 [5237/5603],否, NEUROSCIENCES 神经科学,4 [302/309], PHYSIOLOGY 生理学,4 [82/84],,,,,,,,,三级
Journal of the Korean Medical Association,2025,1975-8456/2093-5951,否,否,是,ESCI,0.5,,医学,4 [5238/5603],否," MEDICINE, GENERAL & INTERNAL 医学：内科",4 [254/327],,,,,,,,,,,三级
Indian Journal of Transplantation,2025,2212-0017/2212-0025,否,否,是,ESCI,0.2,,医学,4 [5239/5603],否, TRANSPLANTATION 移植,4 [29/31],,,,,,,,,,,三级
Journal of Mental Health and Human Behaviour,2025,0971-8990/2543-1897,否,否,是,ESCI,0.4,,医学,4 [5240/5603],否, PSYCHIATRY 精神病学,4 [265/277],,,,,,,,,,,三级
Journal of Biomimetics Biomaterials and Biomedical Engineering,2025,2296-9837/2296-9845,否,否,否,ESCI,0.5,,医学,4 [5241/5603],否," ENGINEERING, BIOMEDICAL 工程：生物医学",4 [116/120],,,,,,,,,,,三级
Journal of Emergency Medicine Case Reports,2025,2149-9934/2149-9934,否,否,否,ESCI,0.1,,医学,4 [5242/5603],否, EMERGENCY MEDICINE 急救医学,4 [54/54],,,,,,,,,,,三级
Cukurova Medical Journal,2025,2602-3032/2602-3040,否,否,是,ESCI,0.2,,医学,4 [5243/5603],否," MEDICINE, GENERAL & INTERNAL 医学：内科",4 [255/327],,,,,,,,,,,三级
International Journal of Gerontology,2025,1873-9598/1873-958X,否,否,是,SCIE,0.3,,医学,4 [5244/5603],否, GERIATRICS & GERONTOLOGY 老年医学,4 [70/72],,,,,,,,,,,三级
International Archives of Health Sciences,2025,2383-2568/2383-2568,否,否,是,ESCI,0.2,,医学,4 [5245/5603],否," PUBLIC, ENVIRONMENTAL & OCCUPATIONAL HEALTH 公共卫生、环境卫生与职业卫生",4 [389/404],,,,,,,,,,,三级
Makara Journal of Health Research,2025,2356-3664/2356-3656,否,否,是,ESCI,0.2,,医学,4 [5246/5603],否," MEDICINE, RESEARCH & EXPERIMENTAL 医学：研究与实验",4 [175/188],,,,,,,,,,,三级
Advances in Gerontology,2025,2079-0570/2079-0589,否,否,否,ESCI,0.5,,医学,4 [5247/5603],否, GERIATRICS & GERONTOLOGY 老年医学,4 [71/72],,,,,,,,,,,三级
Surgical Technology International-International Developments in Surgery and Surgical Research,2025,1090-3941/1090-3941,否,否,否,ESCI,1.2,,医学,4 [5248/5603],否, SURGERY 外科,4 [286/292],,,,,,,,,,,三级
Przeglad Dermatologiczny,2025,0033-2526/2084-9893,否,否,是,ESCI,0.9,,医学,4 [5249/5603],否, DERMATOLOGY 皮肤病学,4 [86/94],,,,,,,,,,,三级
Klimik Journal,2025,1301-143X/1309-1484,否,否,否,ESCI,0.4,,医学,4 [5250/5603],否," MEDICINE, GENERAL & INTERNAL 医学：内科",4 [256/327],,,,,,,,,,,三级
Journal of Pediatric and Neonatal Individualized Medicine,2025,2281-0692/2281-0692,否,否,是,ESCI,0.3,,医学,4 [5251/5603],否, PEDIATRICS 儿科,4 [170/185],,,,,,,,,,,三级
Neurology and Clinical Neuroscience,2025,2049-4173/2049-4173,否,否,否,ESCI,0.4,,医学,4 [5252/5603],否, CLINICAL NEUROLOGY 临床神经病学,4 [270/278],,,,,,,,,,,三级
Environnement Risques & Sante,2025,1635-0421/1952-3998,否,否,否,ESCI,0.3,,医学,4 [5253/5603],否," PUBLIC, ENVIRONMENTAL & OCCUPATIONAL HEALTH 公共卫生、环境卫生与职业卫生",4 [390/404],,,,,,,,,,,三级
CRITICAL REVIEWS IN IMMUNOLOGY,2025,1040-8401/2162-6472,否,否,否,SCIE,0.9,,医学,4 [5254/5603],否, IMMUNOLOGY 免疫学,4 [177/179],,,,,,,,,,,三级
Journal of Clinical Practice and Research,2025,2980-2156/2980-2156,否,否,是,ESCI,0.2,,医学,4 [5255/5603],否," MEDICINE, GENERAL & INTERNAL 医学：内科",4 [257/327],,,,,,,,,,,三级
Journal of the Practice of Cardiovascular Sciences,2025,2395-5414/2454-2830,否,否,是,ESCI,0.3,,医学,4 [5256/5603],否, CARDIAC & CARDIOVASCULAR SYSTEMS 心脏和心血管系统,4 [211/223],,,,,,,,,,,三级
Psychiatry and Clinical Psychopharmacology,2025,2475-0573/2475-0581,否,否,是,SCIE,0.6,,医学,4 [5257/5603],否, PHARMACOLOGY & PHARMACY 药学,4 [329/350], PSYCHIATRY 精神病学,4 [266/277],,,,,,,,,三级
Indian Journal of Gynecologic Oncology,2025,2363-8397/2363-8400,否,否,否,ESCI,0.4,,医学,4 [5258/5603],否, OBSTETRICS & GYNECOLOGY 妇产科学,4 [128/135],,,,,,,,,,,三级
Pensar en Movimiento-Revista de Ciencias del Ejercicio y la Salud,2025,1409-0724/1659-4436,否,否,是,ESCI,0.3,,医学,4 [5259/5603],否, SPORT SCIENCES 运动科学,4 [125/126],,,,,,,,,,,三级
Medecine Palliative,2025,1636-6522/2213-0098,否,否,否,ESCI,0.3,,医学,4 [5260/5603],否, HEALTH CARE SCIENCES & SERVICES 卫生保健与服务,4 [166/173],,,,,,,,,,,三级
Pharmacognosy Magazine,2025,0973-1296/0976-4062,否,否,否,SCIE,0.9,,医学,4 [5261/5603],否," CHEMISTRY, MEDICINAL 药物化学",4 [71/72],,,,,,,,,,,三级
FOOD AND DRUG LAW JOURNAL,2025,1064-590X/1064-590X,否,否,否,SSCI;SCIE,0.4,,医学,4 [5262/5603],否, FOOD SCIENCE & TECHNOLOGY 食品科技,4 [156/173], LAW 法学,4 [424/427], NUTRITION & DIETETICS 营养学,4 [104/113], PHARMACOLOGY & PHARMACY 药学,4 [330/350],,,,,三级
Journal of Diabetology,2025,2543-3288/2078-7685,否,否,是,ESCI,0.3,,医学,4 [5263/5603],否, ENDOCRINOLOGY & METABOLISM 内分泌学与代谢,4 [174/184],,,,,,,,,,,三级
PHYSICAL & OCCUPATIONAL THERAPY IN GERIATRICS,2025,0270-3181/1541-3152,否,否,否,ESCI,0.5,,医学,4 [5264/5603],否, REHABILITATION 康复医学,4 [167/169],,,,,,,,,,,三级
Galen Medical Journal,2025,2588-2767/2322-2379,否,否,否,ESCI,0.6,,医学,4 [5265/5603],否," MEDICINE, RESEARCH & EXPERIMENTAL 医学：研究与实验",4 [176/188],,,,,,,,,,,三级
ANASTHESIOLOGIE & INTENSIVMEDIZIN,2025,0170-5334/1439-0256,否,否,否,SCIE,0.5,,医学,4 [5266/5603],否, ANESTHESIOLOGY 麻醉学,4 [61/64], CRITICAL CARE MEDICINE 危重病医学,4 [54/56],,,,,,,,,三级
Istanbul Medical Journal,2025,2619-9793/2148-094X,否,否,是,ESCI,0.1,,医学,4 [5267/5603],否," MEDICINE, GENERAL & INTERNAL 医学：内科",4 [258/327],,,,,,,,,,,三级
Spektrum der Augenheilkunde,2025,0930-4282/1613-7523,否,否,否,ESCI,0.3,,医学,4 [5268/5603],否, OPHTHALMOLOGY 眼科学,4 [92/95],,,,,,,,,,,三级
International Journal of Gastrointestinal Intervention,2025,2636-0004/2636-0012,否,否,是,ESCI,0.2,,医学,4 [5269/5603],否, GASTROENTEROLOGY & HEPATOLOGY 胃肠肝病学,4 [138/143],,,,,,,,,,,三级
Klinik Psikiyatri Dergisi-Turkish Journal of Clinical Psychiatry,2025,1302-0099/2146-7153,否,否,是,ESCI,0.4,,医学,4 [5270/5603],否, PSYCHIATRY 精神病学,4 [267/277],,,,,,,,,,,三级
Psychiatria i Psychologia Kliniczna-JOURNAL OF PSYCHIATRY AND CLINICAL PSYCHOLOGY,2025,1644-6313/1644-6313,否,否,是,ESCI,0.2,,医学,4 [5271/5603],否, PSYCHIATRY 精神病学,4 [268/277],,,,,,,,,,,三级
Indian Journal of Respiratory Care,2025,2277-9019/2321-4899,否,否,是,ESCI,0.2,,医学,4 [5272/5603],否, RESPIRATORY SYSTEM 呼吸系统,4 [96/101],,,,,,,,,,,三级
Journal of Dermatology & Dermatologic Surgery-JDDS,2025,2352-2410/2352-2429,否,否,是,ESCI,0.1,,医学,4 [5273/5603],否, DERMATOLOGY 皮肤病学,4 [87/94],,,,,,,,,,,三级
Indian Journal of Paediatric Dermatology,2025,2319-7250/2319-7269,否,否,是,ESCI,0.2,,医学,4 [5274/5603],否, DERMATOLOGY 皮肤病学,4 [88/94], PEDIATRICS 儿科,4 [171/185],,,,,,,,,三级
Egyptian Journal of Dermatology and Venereology,2025,1110-6530/2314-7407,否,否,否,ESCI,0.1,,医学,4 [5275/5603],否, DERMATOLOGY 皮肤病学,4 [89/94],,,,,,,,,,,三级
Iranian Heart Journal,2025,1735-7306/1735-7306,否,否,否,ESCI,0.1,,医学,4 [5276/5603],否, CARDIAC & CARDIOVASCULAR SYSTEMS 心脏和心血管系统,4 [212/223],,,,,,,,,,,三级
International Journal of Orthodontic Rehabilitation,2025,2349-5243/2542-5579,否,否,否,ESCI,0.3,,医学,4 [5277/5603],否," DENTISTRY, ORAL SURGERY & MEDICINE 牙科与口腔外科",4 [148/157],,,,,,,,,,,三级
Psycho-Oncologie,2025,1778-3798/1778-381X,否,否,否,SCIE,0.3,,医学,4 [5278/5603],否, ONCOLOGY 肿瘤学,4 [301/318], PSYCHOLOGY 心理学,4 [91/92],,,,,,,,,三级
Journal of Clinical Obstetrics and Gynecology,2025,2619-9467/2619-9467,否,否,是,ESCI,0.2,,医学,4 [5279/5603],否, OBSTETRICS & GYNECOLOGY 妇产科学,4 [129/135],,,,,,,,,,,三级
Journal of Clinical Sciences,2025,2468-6859/2408-7408,否,否,是,ESCI,<0.1,,医学,4 [5280/5603],否," MEDICINE, GENERAL & INTERNAL 医学：内科",4 [259/327],,,,,,,,,,,三级
Mundo da Saude,2025,0104-7809/1980-3990,否,否,是,ESCI,0.1,,医学,4 [5281/5603],否," PUBLIC, ENVIRONMENTAL & OCCUPATIONAL HEALTH 公共卫生、环境卫生与职业卫生",4 [391/404],,,,,,,,,,,三级
Iranian Journal of Radiology,2025,1735-1065/2008-2711,否,否,否,SCIE,0.4,,医学,4 [5282/5603],否," RADIOLOGY, NUCLEAR MEDICINE & MEDICAL IMAGING 核医学",4 [196/206],,,,,,,,,,,三级
Hippokratia,2025,1108-4189/1108-4189,否,否,否,SCIE,0.4,,医学,4 [5283/5603],否," MEDICINE, GENERAL & INTERNAL 医学：内科",4 [260/327],,,,,,,,,,,三级
Revista de la Federacion Argentina de Cardiologia,2025,0326-646X/1666-5694,否,否,否,ESCI,0.2,,医学,4 [5284/5603],否, CARDIAC & CARDIOVASCULAR SYSTEMS 心脏和心血管系统,4 [213/223],,,,,,,,,,,三级
Indian Journal of Rheumatology,2025,0973-3698/0973-3701,否,否,是,ESCI,0.5,,医学,4 [5285/5603],否, RHEUMATOLOGY 风湿病学,4 [52/55],,,,,,,,,,,三级
Biomedical Research and Therapy,2025,2198-4093/2198-4093,否,否,否,ESCI,0.5,,医学,4 [5286/5603],否," MEDICINE, RESEARCH & EXPERIMENTAL 医学：研究与实验",4 [177/188],,,,,,,,,,,三级
Journal of Pharmacology & Pharmacotherapeutics,2025,0976-500X/0976-5018,否,否,否,ESCI,0.8,,医学,4 [5287/5603],否, PHARMACOLOGY & PHARMACY 药学,4 [331/350],,,,,,,,,,,三级
Natural Products Journal,2025,2210-3155/2210-3163,否,否,否,ESCI,1.2,,医学,4 [5288/5603],否," CHEMISTRY, MEDICINAL 药物化学",4 [72/72],,,,,,,,,,,三级
Journal of Fetal Medicine,2025,2348-1153/2348-8859,否,否,否,ESCI,0.2,,医学,4 [5289/5603],否, OBSTETRICS & GYNECOLOGY 妇产科学,4 [130/135],,,,,,,,,,,三级
Eurasian Journal of Medicine and Oncology,2025,2587-196X/2587-196X,否,否,否,ESCI,0.7,,医学,4 [5290/5603],否," MEDICINE, GENERAL & INTERNAL 医学：内科",4 [261/327], ONCOLOGY 肿瘤学,4 [302/318],,,,,,,,,三级
Journal of the Korean Ophthalmological Society,2025,0378-6471/2092-9374,否,否,否,ESCI,0.1,,医学,4 [5291/5603],否, OPHTHALMOLOGY 眼科学,4 [93/95],,,,,,,,,,,三级
INFECTIOUS DISEASES IN CLINICAL PRACTICE,2025,1056-9103/1536-9943,否,否,否,ESCI,0.2,,医学,4 [5292/5603],否, INFECTIOUS DISEASES 传染病学,4 [126/134],,,,,,,,,,,三级
Imagerie de la Femme,2025,1776-9817/2214-8485,否,否,否,ESCI,0.2,,医学,4 [5293/5603],否," RADIOLOGY, NUCLEAR MEDICINE & MEDICAL IMAGING 核医学",4 [197/206],,,,,,,,,,,三级
Khyber Medical University Journal-KMUJ,2025,2305-2643/2305-2651,否,否,是,ESCI,0.2,,医学,4 [5294/5603],否," MEDICINE, GENERAL & INTERNAL 医学：内科",4 [262/327],,,,,,,,,,,三级
Ewha Medical Journal,2025,2234-3180/2234-2591,否,否,否,ESCI,0.2,,医学,4 [5295/5603],否," MEDICINE, GENERAL & INTERNAL 医学：内科",4 [263/327],,,,,,,,,,,三级
Ars Pharmaceutica,2025,0004-2927/2340-9894,否,否,是,ESCI,0.4,,医学,4 [5296/5603],否, PHARMACOLOGY & PHARMACY 药学,4 [332/350],,,,,,,,,,,三级
Cyprus Journal of Medical Sciences,2025,2149-7893/2536-507X,否,否,否,ESCI,0.3,,医学,4 [5297/5603],否," MEDICINE, RESEARCH & EXPERIMENTAL 医学：研究与实验",4 [178/188],,,,,,,,,,,三级
Hong Kong Journal of Radiology,2025,2223-6619/2307-4620,否,否,是,ESCI,0.2,,医学,4 [5298/5603],否," RADIOLOGY, NUCLEAR MEDICINE & MEDICAL IMAGING 核医学",4 [198/206],,,,,,,,,,,三级
Srpski Arhiv za Celokupno Lekarstvo,2025,0370-8179/0370-8179,否,否,是,SCIE,0.2,,医学,4 [5299/5603],否," MEDICINE, GENERAL & INTERNAL 医学：内科",4 [264/327],,,,,,,,,,,三级
Journal of Young Pharmacists,2025,0975-1483/0975-1505,否,否,否,ESCI,0.5,,医学,4 [5300/5603],否, PHARMACOLOGY & PHARMACY 药学,4 [333/350],,,,,,,,,,,三级
Gynakologie,2025,2731-7102/2731-7110,否,否,否,ESCI,0.1,,医学,4 [5301/5603],否, OBSTETRICS & GYNECOLOGY 妇产科学,4 [131/135],,,,,,,,,,,三级
TOPICS IN CLINICAL NUTRITION,2025,0883-5691/1550-5146,否,否,否,SCIE,0.4,,医学,4 [5302/5603],否, NUTRITION & DIETETICS 营养学,4 [105/113],,,,,,,,,,,三级
INTERNATIONAL SURGERY,2025,0020-8868,否,否,否,SCIE,0.2,,医学,4 [5303/5603],否, SURGERY 外科,4 [287/292],,,,,,,,,,,三级
Iranian Journal of Nuclear Medicine,2025,1681-2824/2008-2509,否,否,否,ESCI,0.3,,医学,4 [5304/5603],否," RADIOLOGY, NUCLEAR MEDICINE & MEDICAL IMAGING 核医学",4 [199/206],,,,,,,,,,,三级
Bezmialem Science,2025,2148-2373/2148-2373,否,否,是,ESCI,0.2,,医学,4 [5305/5603],否," MEDICINE, GENERAL & INTERNAL 医学：内科",4 [265/327],,,,,,,,,,,三级
Onkologie,2025,2731-7226/2731-7234,否,否,否,SCIE,0.2,,医学,4 [5306/5603],否, ONCOLOGY 肿瘤学,4 [303/318],,,,,,,,,,,三级
Journal of Clinical and Diagnostic Research,2025,2249-782X/0973-709X,否,否,是,ESCI,0.2,,医学,4 [5307/5603],否," MEDICINE, GENERAL & INTERNAL 医学：内科",4 [266/327],,,,,,,,,,,三级
Journal of Head & Neck Physicians and Surgeons,2025,2347-8128/2347-8128,否,否,是,ESCI,0.2,,医学,4 [5308/5603],否," MEDICINE, GENERAL & INTERNAL 医学：内科",4 [267/327],,,,,,,,,,,三级
Journal of the Dermatology Nurses Association,2025,1945-760X/1945-7618,否,否,否,ESCI,0.2,,医学,4 [5309/5603],否, DERMATOLOGY 皮肤病学,4 [90/94],,,,,,,,,,,三级
BIOMEDICAL ENGINEERING-MEDITSINSKAYA TEKNIKA,2025,0006-3398/1573-8256,否,否,否,ESCI,0.3,,医学,4 [5310/5603],否," ENGINEERING, BIOMEDICAL 工程：生物医学",4 [117/120],,,,,,,,,,,三级
COR ET VASA,2025,0010-8650/1803-7712,否,否,否,ESCI,0.9,,医学,4 [5311/5603],否, CARDIAC & CARDIOVASCULAR SYSTEMS 心脏和心血管系统,4 [214/223],,,,,,,,,,,三级
Revista Peruana de Ginecologia y Obstetricia,2025,2304-5124/2304-5132,否,否,否,ESCI,0.2,,医学,4 [5312/5603],否, OBSTETRICS & GYNECOLOGY 妇产科学,4 [132/135],,,,,,,,,,,三级
Gesundheitsoekonomie und Qualitaetsmanagement,2025,1432-2625/1439-4049,否,否,否,ESCI,0.2,,医学,4 [5313/5603],否," PUBLIC, ENVIRONMENTAL & OCCUPATIONAL HEALTH 公共卫生、环境卫生与职业卫生",4 [392/404],,,,,,,,,,,三级
Turkish Journal of Neurology,2025,1301-062X/1309-2545,否,否,是,ESCI,0.4,,医学,4 [5314/5603],否, CLINICAL NEUROLOGY 临床神经病学,4 [271/278],,,,,,,,,,,三级
AJSP-Reviews and Reports,2025,2381-5949/2381-652X,是,否,否,ESCI,,,医学,4 [5315/5603],否, PATHOLOGY 病理学,4 [86/88],,,,,,,,,,,三级
Journal of Hard Tissue Biology,2025,1341-7649/1341-7649,否,否,否,SCIE,0.4,,医学,4 [5316/5603],否," ENGINEERING, BIOMEDICAL 工程：生物医学",4 [118/120],,,,,,,,,,,三级
Revista Cuidarte,2025,2216-0973/2346-3414,否,否,是,ESCI,0.4,,医学,4 [5317/5603],否, NURSING 护理,4 [185/191],,,,,,,,,,,三级
Endocrinology Research and Practice,2025,2822-6135/2822-6135,否,否,是,ESCI,0.3,,医学,4 [5318/5603],否, ENDOCRINOLOGY & METABOLISM 内分泌学与代谢,4 [175/184],,,,,,,,,,,三级
Indian Journal of Community Health,2025,0971-7587/2248-9509,否,否,否,ESCI,0.3,,医学,4 [5319/5603],否," PUBLIC, ENVIRONMENTAL & OCCUPATIONAL HEALTH 公共卫生、环境卫生与职业卫生",4 [393/404],,,,,,,,,,,三级
Contemporary Diagnostic Radiology,2025,0149-9009/1938-1395,否,否,否,ESCI,0.1,,医学,4 [5320/5603],否," RADIOLOGY, NUCLEAR MEDICINE & MEDICAL IMAGING 核医学",4 [200/206],,,,,,,,,,,三级
MSKMuskuloskelettale Physiotherapie,2025,2701-6986/2701-7818,否,否,否,ESCI,0.2,,医学,4 [5321/5603],否, REHABILITATION 康复医学,4 [168/169],,,,,,,,,,,三级
International Cardiovascular Research Journal,2025,2251-9130/2251-9149,否,否,否,ESCI,<0.1,,医学,4 [5322/5603],否, CARDIAC & CARDIOVASCULAR SYSTEMS 心脏和心血管系统,4 [215/223],,,,,,,,,,,三级
ACTA SCIENTIARUM-HEALTH SCIENCES,2025,1679-9291/1807-8648,否,否,是,ESCI,0.2,,医学,4 [5323/5603],否," PUBLIC, ENVIRONMENTAL & OCCUPATIONAL HEALTH 公共卫生、环境卫生与职业卫生",4 [394/404],,,,,,,,,,,三级
International Journal of Surgery-Oncology,2025,2471-3864/2471-3864,否,否,否,ESCI,0.1,,医学,4 [5324/5603],否, ONCOLOGY 肿瘤学,4 [304/318],,,,,,,,,,,三级
Zeitschrift fur Herz Thorax und Gefasschirurgie,2025,0930-9225/1435-1277,否,否,否,ESCI,0.1,,医学,4 [5325/5603],否, CARDIAC & CARDIOVASCULAR SYSTEMS 心脏和心血管系统,4 [216/223],,,,,,,,,,,三级
Turk Dermatoloji Dergisi-Turkish Journal of Dermatology,2025,1307-7635/1308-5255,否,否,否,ESCI,0.2,,医学,4 [5326/5603],否, DERMATOLOGY 皮肤病学,4 [91/94],,,,,,,,,,,三级
Medecine Nucleaire-Imagerie Fonctionnelle et Metabolique,2025,0928-1258/1878-6820,否,否,否,SCIE,0.2,,医学,4 [5327/5603],否, PATHOLOGY 病理学,4 [87/88],,,,,,,,,,,三级
Iraqi Journal of Hematology,2025,2072-8069/2543-2702,否,否,是,ESCI,0.2,,医学,4 [5328/5603],否, HEMATOLOGY 血液学,4 [91/96],,,,,,,,,,,三级
Journal of Renal Injury Prevention,2025,2345-2781/2345-2781,否,否,否,ESCI,0.2,,医学,4 [5329/5603],否, UROLOGY & NEPHROLOGY 泌尿学与肾脏学,4 [123/126],,,,,,,,,,,三级
Medicina Balear,2025,1579-5853/2255-0569,否,否,否,ESCI,0.5,,医学,4 [5330/5603],否," MEDICINE, GENERAL & INTERNAL 医学：内科",4 [268/327],,,,,,,,,,,三级
Dental Cadmos,2025,0011-8524/0011-8524,否,否,否,ESCI,0.2,,医学,4 [5331/5603],否," DENTISTRY, ORAL SURGERY & MEDICINE 牙科与口腔外科",4 [149/157],,,,,,,,,,,三级
Bioinspired Biomimetic and Nanobiomaterials,2025,2045-9858/2045-9866,否,否,否,SCIE,0.6,,医学,4 [5332/5603],否," ENGINEERING, BIOMEDICAL 工程：生物医学",4 [119/120]," MATERIALS SCIENCE, BIOMATERIALS 材料科学：生物材料",4 [50/52],,,,,,,,,三级
Oral & Maxillofacial Pathology Journal,2025,0976-1225/2322-0384,否,否,否,ESCI,0.2,,医学,4 [5333/5603],否," DENTISTRY, ORAL SURGERY & MEDICINE 牙科与口腔外科",4 [150/157],,,,,,,,,,,三级
CESKA A SLOVENSKA NEUROLOGIE A NEUROCHIRURGIE,2025,1210-7859/1802-4041,否,否,否,SCIE,0.4,,医学,4 [5334/5603],否, NEUROSCIENCES 神经科学,4 [303/309], SURGERY 外科,4 [288/292],,,,,,,,,三级
Journal of the Liaquat University of Medical and Health Sciences,2025,1729-0341/1729-0341,否,否,是,ESCI,0.2,,医学,4 [5335/5603],否, HEALTH CARE SCIENCES & SERVICES 卫生保健与服务,4 [167/173],,,,,,,,,,,三级
AKTUELLE DERMATOLOGIE,2025,0340-2541/1438-938X,否,否,否,ESCI,<0.1,,医学,4 [5336/5603],否, DERMATOLOGY 皮肤病学,4 [92/94],,,,,,,,,,,三级
Nephrologie,2025,2731-7463/2731-7471,否,否,否,ESCI,0.1,,医学,4 [5337/5603],否, UROLOGY & NEPHROLOGY 泌尿学与肾脏学,4 [124/126],,,,,,,,,,,三级
Advances in Pharmacology and Pharmacy,2025,2332-0036/2332-0044,否,否,否,ESCI,0.8,,医学,4 [5338/5603],否, PHARMACOLOGY & PHARMACY 药学,4 [334/350],,,,,,,,,,,三级
Journal of Doctoral Nursing Practice,2025,2380-9418/2380-9426,否,否,否,ESCI,0.8,,医学,4 [5339/5603],否, NURSING 护理,4 [186/191],,,,,,,,,,,三级
ARCHIVOS LATINOAMERICANOS DE NUTRICION,2025,0004-0622/2309-5806,否,否,是,SCIE,0.3,,医学,4 [5340/5603],否, NUTRITION & DIETETICS 营养学,4 [106/113],,,,,,,,,,,三级
European Journal of Geriatrics and Gerontology,2025,2687-2625/2687-2625,否,否,否,ESCI,0.2,,医学,4 [5341/5603],否, GERIATRICS & GERONTOLOGY 老年医学,4 [72/72],,,,,,,,,,,三级
ACTA PSIQUIATRICA Y PSICOLOGICA DE AMERICA LATINA,2025,0001-6896,否,否,否,ESCI,<0.1,,医学,4 [5342/5603],否, PSYCHIATRY 精神病学,4 [269/277],,,,,,,,,,,三级
Biochemistry Moscow-Supplement Series B-Biomedical Chemistry,2025,1990-7508/1990-7516,否,否,否,ESCI,0.4,,医学,4 [5343/5603],否, BIOCHEMISTRY & MOLECULAR BIOLOGY 生化与分子生物学,4 [304/310],,,,,,,,,,,三级
West African Journal of Radiology,2025,1115-3474/2321-6670,否,否,否,ESCI,0.1,,医学,4 [5344/5603],否," RADIOLOGY, NUCLEAR MEDICINE & MEDICAL IMAGING 核医学",4 [201/206],,,,,,,,,,,三级
Anesthesie & Reanimation,2025,2352-5800/2352-5819,否,否,否,ESCI,0.1,,医学,4 [5345/5603],否, ANESTHESIOLOGY 麻醉学,4 [62/64],,,,,,,,,,,三级
Journal of the International Clinical Dental Research Organization,2025,2231-0754/2231-5357,否,否,是,ESCI,0.1,,医学,4 [5346/5603],否," DENTISTRY, ORAL SURGERY & MEDICINE 牙科与口腔外科",4 [151/157],,,,,,,,,,,三级
New Armenian Medical Journal,2025,1829-0825/1829-0825,否,否,否,ESCI,0.2,,医学,4 [5347/5603],否," MEDICINE, GENERAL & INTERNAL 医学：内科",4 [269/327],,,,,,,,,,,三级
Marmara Medical Journal,2025,1309-9469/1309-9469,否,否,否,ESCI,0.3,,医学,4 [5348/5603],否," MEDICINE, GENERAL & INTERNAL 医学：内科",4 [270/327],,,,,,,,,,,三级
Medicni Perspektivi,2025,2307-0404/2786-4804,否,否,是,ESCI,0.2,,医学,4 [5349/5603],否," MEDICINE, GENERAL & INTERNAL 医学：内科",4 [271/327],,,,,,,,,,,三级
Revista Colombiana de Cancerologia,2025,0123-9015/2346-0199,否,否,否,ESCI,0.1,,医学,4 [5350/5603],否, ONCOLOGY 肿瘤学,4 [305/318],,,,,,,,,,,三级
Archives of Epilepsy,2025,2792-0550/2792-0550,否,否,是,ESCI,0.3,,医学,4 [5351/5603],否, CLINICAL NEUROLOGY 临床神经病学,4 [273/278],,,,,,,,,,,三级
Informationen aus Orthodontie und Kieferorthopaedie,2025,0020-0336/1439-4200,否,否,否,ESCI,<0.1,,医学,4 [5352/5603],否," DENTISTRY, ORAL SURGERY & MEDICINE 牙科与口腔外科",4 [152/157],,,,,,,,,,,三级
Pharmaceutical Care Espana,2025,1139-6202/1139-6202,否,否,是,ESCI,0.4,,医学,4 [5353/5603],否, PHARMACOLOGY & PHARMACY 药学,4 [335/350],,,,,,,,,,,三级
Infectious Diseases and Clinical Microbiology,2025,2667-646X/2667-646X,否,否,否,ESCI,0.5,,医学,4 [5354/5603],否, INFECTIOUS DISEASES 传染病学,4 [127/134], MICROBIOLOGY 微生物学,4 [155/159],,,,,,,,,三级
THERAPEUTISCHE UMSCHAU,2025,0040-5930/1664-2864,否,否,否,ESCI,0.2,,医学,4 [5355/5603],否," MEDICINE, GENERAL & INTERNAL 医学：内科",4 [272/327],,,,,,,,,,,三级
Transplant Research and Risk Management,2025,1179-1616/1179-1616,否,否,是,ESCI,0.1,,医学,4 [5356/5603],否, TRANSPLANTATION 移植,4 [30/31],,,,,,,,,,,三级
Egyptian Journal of Chest Diseases and Tuberculosis,2025,0422-7638/2090-9950,否,否,是,ESCI,0.3,,医学,4 [5357/5603],否, RESPIRATORY SYSTEM 呼吸系统,4 [97/101],,,,,,,,,,,三级
Indian Journal of Neurotrauma,2025,0973-0508/2213-3739,否,否,是,ESCI,0.7,,医学,4 [5358/5603],否, NEUROSCIENCES 神经科学,4 [304/309],,,,,,,,,,,三级
Alkoholizm i Narkomania-Alcoholism and Drug Addiction,2025,0867-4361/1689-3530,否,否,是,ESCI,0.3,,医学,4 [5359/5603],否, SUBSTANCE ABUSE 药物滥用,4 [55/56],,,,,,,,,,,三级
Allergy Asthma & Respiratory Disease,2025,2288-0402/2288-0410,否,否,否,ESCI,,,医学,4 [5360/5603],否, ALLERGY 过敏,4 [36/39],,,,,,,,,,,三级
GEMATOLOGIYA I TRANSFUZIOLOGIYA,2025,0234-5730,否,否,否,SCIE,0.1,,医学,4 [5361/5603],否, HEMATOLOGY 血液学,4 [92/96],,,,,,,,,,,三级
AKTUELLE ERNAHRUNGSMEDIZIN,2025,0341-0501/1438-9916,否,否,否,ESCI,0.2,,医学,4 [5362/5603],否, NUTRITION & DIETETICS 营养学,4 [107/113],,,,,,,,,,,三级
Turk Osteoporoz Dergisi-Turkish Journal of Osteoporosis,2025,2147-2653/2147-2653,否,否,是,ESCI,0.3,,医学,4 [5363/5603],否, RHEUMATOLOGY 风湿病学,4 [53/55],,,,,,,,,,,三级
Turk Onkoloji Dergisi-Turkish Journal of Oncology,2025,1300-7467/1300-7467,否,否,否,ESCI,0.1,,医学,4 [5364/5603],否, ONCOLOGY 肿瘤学,4 [306/318],,,,,,,,,,,三级
Plasmatology,2025,2634-8535/2634-8535,否,否,是,ESCI,0.6,,医学,4 [5365/5603],否, HEMATOLOGY 血液学,4 [93/96],,,,,,,,,,,三级
Clinical Social Work and Health Intervention,2025,2222-386X/2076-9741,否,否,否,ESCI,0.3,,医学,4 [5366/5603],否," PUBLIC, ENVIRONMENTAL & OCCUPATIONAL HEALTH 公共卫生、环境卫生与职业卫生",4 [395/404],,,,,,,,,,,三级
Archives of Orofacial Science,2025,1823-8602/2231-7163,否,否,否,ESCI,0.3,,医学,4 [5367/5603],否," DENTISTRY, ORAL SURGERY & MEDICINE 牙科与口腔外科",4 [153/157],,,,,,,,,,,三级
Pielegniarstwo Chirurgiczne i Angiologiczne-Surgical and Vascular Nursing,2025,1897-3116/2084-9850,否,否,否,ESCI,0.3,,医学,4 [5368/5603],否, NURSING 护理,4 [187/191],,,,,,,,,,,三级
Journal of Oral Health and Oral Epidemiology,2025,2322-1372/2322-1372,否,否,是,ESCI,0.2,,医学,4 [5369/5603],否," DENTISTRY, ORAL SURGERY & MEDICINE 牙科与口腔外科",4 [154/157],,,,,,,,,,,三级
International Journal of Child Health and Nutrition,2025,1929-4247/1929-4247,否,否,否,ESCI,0.1,,医学,4 [5370/5603],否, PEDIATRICS 儿科,4 [172/185],,,,,,,,,,,三级
Vestnik Transplantologii i Iskusstvennyh Organov,2025,1995-1191/2412-6160,否,否,是,ESCI,0.3,,医学,4 [5371/5603],否, TRANSPLANTATION 移植,4 [31/31],,,,,,,,,,,三级
Physician Assistant Clinics,2025,2405-7991/2405-7991,否,否,否,ESCI,0.2,,医学,4 [5372/5603],否," MEDICINE, GENERAL & INTERNAL 医学：内科",4 [273/327],,,,,,,,,,,三级
Italian Journal of Medicine,2025,1877-9344/1877-9352,否,否,是,ESCI,0.2,,医学,4 [5373/5603],否," MEDICINE, GENERAL & INTERNAL 医学：内科",4 [274/327],,,,,,,,,,,三级
Vigilancia Sanitaria em Debate-Sociedade Ciencia & Tecnologia,2025,2317-269X/2317-269X,否,否,是,ESCI,0.3,,医学,4 [5374/5603],否, HEALTH CARE SCIENCES & SERVICES 卫生保健与服务,4 [168/173],,,,,,,,,,,三级
Global Journal of Medical Pharmaceutical and Biomedical Update,2025,2765-8910/2765-8910,否,否,否,ESCI,1.1,,医学,4 [5375/5603],否," MEDICINE, GENERAL & INTERNAL 医学：内科",4 [275/327],,,,,,,,,,,三级
Health Problems of Civilization,2025,2353-6942/2354-0265,否,否,是,ESCI,0.2,,医学,4 [5376/5603],否, HEALTH CARE SCIENCES & SERVICES 卫生保健与服务,4 [169/173],,,,,,,,,,,三级
UHOD-Uluslararasi Hematoloji-Onkoloji Dergisi,2025,1306-133X/1306-133X,否,否,否,SCIE,0.2,,医学,4 [5377/5603],否, ONCOLOGY 肿瘤学,4 [307/318],,,,,,,,,,,三级
Gastroenterologie,2025,2731-7420/2731-7439,否,否,否,ESCI,0.1,,医学,4 [5378/5603],否, GASTROENTEROLOGY & HEPATOLOGY 胃肠肝病学,4 [139/143],,,,,,,,,,,三级
FLUORIDE,2025,0015-4725/2253-4083,否,否,是,SCIE,0.6,,医学,4 [5379/5603],否," PUBLIC, ENVIRONMENTAL & OCCUPATIONAL HEALTH 公共卫生、环境卫生与职业卫生",4 [396/404], TOXICOLOGY 毒理学,4 [105/106],,,,,,,,,三级
Journal of the Egyptian Ophthalmological Society,2025,2090-0686/2314-6648,否,否,是,ESCI,<0.1,,医学,4 [5380/5603],否, OPHTHALMOLOGY 眼科学,4 [94/95],,,,,,,,,,,三级
IIUM Medical Journal Malaysia,2025,1823-4631/2735-2285,否,否,否,ESCI,0.2,,医学,4 [5381/5603],否," MEDICINE, GENERAL & INTERNAL 医学：内科",4 [276/327],,,,,,,,,,,三级
Archives des Maladies Professionnelles et de l Environnement,2025,1775-8785/1778-4190,否,否,否,SCIE,0.3,,医学,4 [5382/5603],否," PUBLIC, ENVIRONMENTAL & OCCUPATIONAL HEALTH 公共卫生、环境卫生与职业卫生",4 [397/404],,,,,,,,,,,三级
Current Problems in Cancer: Case Reports,2025,2666-6219/2666-6219,否,否,是,ESCI,0.2,,医学,4 [5383/5603],否, ONCOLOGY 肿瘤学,4 [308/318],,,,,,,,,,,三级
Journal of IMAB,2025,1312-773X/1312-773X,否,否,是,ESCI,0.2,,医学,4 [5384/5603],否," MEDICINE, GENERAL & INTERNAL 医学：内科",4 [277/327],,,,,,,,,,,三级
AIMS Medical Science,2025,2375-1576/2375-1576,否,否,是,ESCI,0.7,,医学,4 [5385/5603],否," MEDICINE, RESEARCH & EXPERIMENTAL 医学：研究与实验",4 [179/188],,,,,,,,,,,三级
BULLETIN DE L ACADEMIE NATIONALE DE MEDECINE,2025,0001-4079/2271-4820,否,否,否,SCIE,0.2,,医学,4 [5386/5603],否," MEDICINE, GENERAL & INTERNAL 医学：内科",4 [278/327],,,,,,,,,,,三级
Current Allergy & Clinical Immunology,2025,1609-3607/1609-3607,否,否,否,ESCI,0.2,,医学,4 [5387/5603],否, ALLERGY 过敏,4 [37/39],,,,,,,,,,,三级
Viral Hepatit Dergisi-Viral Hepatitis Journal,2025,1307-9441/2147-2939,否,否,否,ESCI,0.2,,医学,4 [5388/5603],否," MEDICINE, GENERAL & INTERNAL 医学：内科",4 [279/327],,,,,,,,,,,三级
Journal of Optoelectronic and Biomedical Materials,2025,2066-0049/2066-0049,否,否,否,ESCI,1.1,,医学,4 [5389/5603],否," MATERIALS SCIENCE, MULTIDISCIPLINARY 材料科学：综合",4 [413/436],,,,,,,,,,,三级
Iatreia,2025,0121-0793/2011-7965,否,否,是,ESCI,0.2,,医学,4 [5390/5603],否," MEDICINE, GENERAL & INTERNAL 医学：内科",4 [280/327],,,,,,,,,,,三级
Universa Medicina,2025,1907-3062/2407-2230,否,否,是,ESCI,0.3,,医学,4 [5391/5603],否," MEDICINE, GENERAL & INTERNAL 医学：内科",4 [281/327],,,,,,,,,,,三级
Journal of the Scientific Society,2025,0974-5009/2278-7127,否,否,是,ESCI,0.2,,医学,4 [5392/5603],否," MEDICINE, GENERAL & INTERNAL 医学：内科",4 [282/327],,,,,,,,,,,三级
TERAPEVTICHESKII ARKHIV,2025,0040-3660/2309-5342,否,否,是,SCIE,0.3,,医学,4 [5393/5603],否," MEDICINE, GENERAL & INTERNAL 医学：内科",4 [283/327],,,,,,,,,,,三级
Indian Journal of Medical Specialities,2025,0976-2884/0976-2892,否,否,否,ESCI,0.2,,医学,4 [5394/5603],否," MEDICINE, GENERAL & INTERNAL 医学：内科",4 [284/327],,,,,,,,,,,三级
Current Issues in Pharmacy and Medical Sciences,2025,2084-980X/2300-6676,否,否,是,ESCI,0.7,,医学,4 [5395/5603],否," MEDICINE, GENERAL & INTERNAL 医学：内科",4 [285/327],,,,,,,,,,,三级
Diabetes Mellitus,2025,2072-0351/2072-0378,否,否,是,ESCI,0.4,,医学,4 [5396/5603],否, ENDOCRINOLOGY & METABOLISM 内分泌学与代谢,4 [176/184],,,,,,,,,,,三级
Neurology Asia,2025,1823-6138/1823-6138,否,否,否,SCIE,0.3,,医学,4 [5397/5603],否, CLINICAL NEUROLOGY 临床神经病学,4 [274/278],,,,,,,,,,,三级
Minerva Respiratory Medicine,2025,2784-8477/2724-6493,否,否,否,ESCI,0.1,,医学,4 [5398/5603],否, RESPIRATORY SYSTEM 呼吸系统,4 [98/101],,,,,,,,,,,三级
Revista de Nefrologia Dialisis y Trasplante,2025,0326-3428/2346-8548,否,否,是,SCIE,0.2,,医学,4 [5399/5603],否, UROLOGY & NEPHROLOGY 泌尿学与肾脏学,4 [125/126],,,,,,,,,,,三级
Journal of Marine Medical Society,2025,0975-3605/2589-1235,否,否,是,ESCI,0.2,,医学,4 [5400/5603],否," PUBLIC, ENVIRONMENTAL & OCCUPATIONAL HEALTH 公共卫生、环境卫生与职业卫生",4 [398/404],,,,,,,,,,,三级
Turkish Journal of Nephrology,2025,2667-4440/2667-4440,否,否,是,ESCI,0.2,,医学,4 [5401/5603],否, UROLOGY & NEPHROLOGY 泌尿学与肾脏学,4 [126/126],,,,,,,,,,,三级
M S-MEDECINE SCIENCES,2025,0767-0974/1958-5381,否,否,否,SCIE,0.4,,医学,4 [5402/5603],否," MEDICINE, RESEARCH & EXPERIMENTAL 医学：研究与实验",4 [180/188],,,,,,,,,,,三级
ACUPUNCTURE & ELECTRO-THERAPEUTICS RESEARCH,2025,0360-1293/2167-9010,否,否,否,SCIE,0.4,,医学,4 [5403/5603],否, INTEGRATIVE & COMPLEMENTARY MEDICINE 全科医学与补充医学,4 [39/43], NEUROSCIENCES 神经科学,4 [305/309],,,,,,,,,三级
Indonesian Journal of Pharmacy,2025,2338-9486/2338-9427,否,否,是,ESCI,0.7,,医学,4 [5404/5603],否, PHARMACOLOGY & PHARMACY 药学,4 [336/350],,,,,,,,,,,三级
Medical Journal of Bakirkoy,2025,1305-9319/1305-9327,否,否,否,ESCI,0.2,,医学,4 [5405/5603],否," MEDICINE, GENERAL & INTERNAL 医学：内科",4 [286/327],,,,,,,,,,,三级
Scientia Medica,2025,1806-5562/1980-6108,否,否,是,ESCI,0.1,,医学,4 [5406/5603],否," MEDICINE, GENERAL & INTERNAL 医学：内科",4 [287/327],,,,,,,,,,,三级
AKTUELLE RHEUMATOLOGIE,2025,0341-051X/1438-9940,否,否,否,SCIE,0.2,,医学,4 [5407/5603],否, RHEUMATOLOGY 风湿病学,4 [54/55],,,,,,,,,,,三级
Revista del Cuerpo Medico del Hospital Nacional Almanzor Aguinaga Asenjo,2025,2225-5109/2227-4731,否,否,否,ESCI,0.1,,医学,4 [5408/5603],否," MEDICINE, GENERAL & INTERNAL 医学：内科",4 [288/327],,,,,,,,,,,三级
Crescent Journal of Medical and Biological Sciences,2025,2148-9696/2148-9696,否,否,是,ESCI,0.4,,医学,4 [5409/5603],否," MEDICINE, GENERAL & INTERNAL 医学：内科",4 [289/327],,,,,,,,,,,三级
Revista Medica Clinica Las Condes,2025,0716-8640/0716-8640,否,否,是,ESCI,0.4,,医学,4 [5410/5603],否," MEDICINE, GENERAL & INTERNAL 医学：内科",4 [290/327],,,,,,,,,,,三级
International Journal of Biomedicine,2025,2158-0510/2158-0529,否,否,是,ESCI,0.2,,医学,4 [5411/5603],否," MEDICINE, RESEARCH & EXPERIMENTAL 医学：研究与实验",4 [181/188],,,,,,,,,,,三级
Indian Journal of Medical and Paediatric Oncology,2025,0971-5851/0975-2129,否,否,否,ESCI,0.5,,医学,4 [5412/5603],否, ONCOLOGY 肿瘤学,4 [309/318],,,,,,,,,,,三级
Gazi Medical Journal,2025,2147-2092/2147-2092,否,否,是,ESCI,0.1,,医学,4 [5413/5603],否," MEDICINE, GENERAL & INTERNAL 医学：内科",4 [291/327],,,,,,,,,,,三级
PSYCHIATRIC ANNALS,2025,0048-5713/1938-2456,否,否,否,SSCI,0.4,,医学,4 [5414/5603],否, PSYCHIATRY 精神病学,4 [270/277],,,,,,,,,,,三级
Annals of Indian Psychiatry,2025,2588-8358/2588-8366,否,否,是,ESCI,0.2,,医学,4 [5415/5603],否, PSYCHIATRY 精神病学,4 [271/277],,,,,,,,,,,三级
Kuwait Medical Journal,2025,1607-8047/0023-5776,否,否,否,SCIE,<0.1,,医学,4 [5416/5603],否," MEDICINE, GENERAL & INTERNAL 医学：内科",4 [292/327],,,,,,,,,,,三级
Journal of Behcet Uz Childrens Hospital,2025,2822-4469/2822-4469,否,否,是,ESCI,0.1,,医学,4 [5417/5603],否," MEDICINE, GENERAL & INTERNAL 医学：内科",4 [293/327],,,,,,,,,,,三级
Generations,2025,0738-7806/2694-5126,否,否,否,SSCI,0.3,,医学,4 [5418/5603],否, GERONTOLOGY 老年医学（社科）,4 [48/48],,,,,,,,,,,三级
YAKUGAKU ZASSHI-JOURNAL OF THE PHARMACEUTICAL SOCIETY OF JAPAN,2025,0031-6903/1347-5231,是,否,否,SCIE,0.2,,医学,4 [5419/5603],否, PHARMACOLOGY & PHARMACY 药学,4 [337/350],,,,,,,,,,,三级
Acta Pediatrica de Mexico,2025,0186-2391/2395-8235,否,否,是,ESCI,0.1,,医学,4 [5420/5603],否, PEDIATRICS 儿科,4 [173/185],,,,,,,,,,,三级
Revista Espanola de Nutricion Humana y Dietetica,2025,2173-1292/2174-5145,否,否,是,ESCI,0.3,,医学,4 [5421/5603],否, NUTRITION & DIETETICS 营养学,4 [108/113],,,,,,,,,,,三级
Revista Medica de Rosario,2025,0327-5019/1851-2135,否,否,是,ESCI,0.1,,医学,4 [5422/5603],否," MEDICINE, GENERAL & INTERNAL 医学：内科",4 [294/327],,,,,,,,,,,三级
Journal of Pediatric Infection,2025,1307-1068/1308-5271,否,否,否,ESCI,0.2,,医学,4 [5423/5603],否, PEDIATRICS 儿科,4 [174/185],,,,,,,,,,,三级
US PHARMACIST,2025,0148-4818/2331-3501,否,否,否,ESCI,0.2,,医学,4 [5424/5603],否, PHARMACOLOGY & PHARMACY 药学,4 [338/350],,,,,,,,,,,三级
Revista Portuguesa de Endocrinologia Diabetes e Metabolismo,2025,1646-3439/1646-3439,否,否,否,ESCI,,,医学,4 [5425/5603],否, ENDOCRINOLOGY & METABOLISM 内分泌学与代谢,4 [177/184],,,,,,,,,,,三级
Guncel Pediatri-Journal of Current Pediatrics,2025,1304-9054/1308-6308,否,否,否,ESCI,0.1,,医学,4 [5426/5603],否, PEDIATRICS 儿科,4 [175/185],,,,,,,,,,,三级
WEST INDIAN MEDICAL JOURNAL,2025,0043-3144/2309-5830,否,否,否,SCIE,0.3,,医学,4 [5427/5603],否," MEDICINE, GENERAL & INTERNAL 医学：内科",4 [295/327],,,,,,,,,,,三级
Salud Arte y Cuidado,2025,1856-9528/1856-9528,否,否,否,ESCI,0.1,,医学,4 [5428/5603],否, NURSING 护理,4 [188/191],,,,,,,,,,,三级
Gomal Journal of Medical Sciences,2025,1819-7973/1997-2067,否,否,是,ESCI,0.1,,医学,4 [5429/5603],否," MEDICINE, GENERAL & INTERNAL 医学：内科",4 [296/327],,,,,,,,,,,三级
Therapeutic Communities,2025,0964-1866/2052-4730,否,否,否,ESCI,<0.1,,医学,4 [5430/5603],否, SUBSTANCE ABUSE 药物滥用,4 [56/56],,,,,,,,,,,三级
Netherlands Journal of Critical Care,2025,1569-3511/1569-3511,否,否,否,ESCI,<0.1,,医学,4 [5431/5603],否, CRITICAL CARE MEDICINE 危重病医学,4 [55/56],,,,,,,,,,,三级
Medical-Surgical Journal-Revista Medico-Chirurgicala,2025,0048-7848/2286-2560,否,否,否,ESCI,0.2,,医学,4 [5432/5603],否," MEDICINE, GENERAL & INTERNAL 医学：内科",4 [297/327],,,,,,,,,,,三级
Deutsche Zeitschrift fur Akupunktur,2025,0415-6412/1439-4359,否,否,否,ESCI,0.1,,医学,4 [5433/5603],否, INTEGRATIVE & COMPLEMENTARY MEDICINE 全科医学与补充医学,4 [40/43],,,,,,,,,,,三级
RBNE-Revista Brasileira de Nutricao Esportiva,2025,1981-9927/1981-9927,否,否,是,ESCI,0.2,,医学,4 [5434/5603],否, SPORT SCIENCES 运动科学,4 [126/126],,,,,,,,,,,三级
Uroonkoloji Bulteni-Bulletin of Urooncology,2025,2147-2270/2147-2270,否,否,是,ESCI,0.1,,医学,4 [5435/5603],否, ONCOLOGY 肿瘤学,4 [310/318],,,,,,,,,,,三级
Pediatria i Medycyna Rodzinna-Paediatrics and Family Medicine,2025,1734-1531/2451-0742,否,否,是,ESCI,<0.1,,医学,4 [5436/5603],否, PEDIATRICS 儿科,4 [176/185],,,,,,,,,,,三级
Applied Radiology,2025,0160-9963/1879-2898,否,否,否,ESCI,,,医学,4 [5437/5603],否," RADIOLOGY, NUCLEAR MEDICINE & MEDICAL IMAGING 核医学",4 [202/206],,,,,,,,,,,三级
International Journal of Pharmacology,2025,1811-7775/1812-5700,否,否,否,SCIE,0.2,,医学,4 [5438/5603],否, PHARMACOLOGY & PHARMACY 药学,4 [339/350],,,,,,,,,,,三级
Romanian Journal of Military Medicine,2025,1222-5126/2501-2312,否,否,是,ESCI,0.4,,医学,4 [5439/5603],否," MEDICINE, GENERAL & INTERNAL 医学：内科",4 [298/327],,,,,,,,,,,三级
Minerva Psychiatry,2025,2724-6612/2724-6108,否,否,否,ESCI,0.2,,医学,4 [5440/5603],否, PSYCHIATRY 精神病学,4 [272/277],,,,,,,,,,,三级
Healthcare in Low-resource Settings,2025,2281-7824/2281-7824,否,否,是,ESCI,,,医学,4 [5441/5603],否, HEALTH CARE SCIENCES & SERVICES 卫生保健与服务,4 [170/173],,,,,,,,,,,三级
Annals Abbasi Shaheed Hospital & Karachi Medical & Dental College,2025,1563-3241/1563-3241,否,否,是,ESCI,0.1,,医学,4 [5442/5603],否," MEDICINE, GENERAL & INTERNAL 医学：内科",4 [299/327],,,,,,,,,,,三级
PAEDIATRIE UND PAEDOLOGIE,2025,0030-9338/1613-7558,否,否,否,ESCI,0.1,,医学,4 [5443/5603],否, PEDIATRICS 儿科,4 [177/185],,,,,,,,,,,三级
Archivos de Medicina,2025,1657-320X/2339-3874,否,否,是,ESCI,0.2,,医学,4 [5444/5603],否," MEDICINE, GENERAL & INTERNAL 医学：内科",4 [300/327],,,,,,,,,,,三级
Hong Kong Journal of Paediatrics,2025,1013-9923/1013-9923,否,否,否,SCIE,0.1,,医学,4 [5445/5603],否, PEDIATRICS 儿科,4 [178/185],,,,,,,,,,,三级
CAHIERS DE NUTRITION ET DE DIETETIQUE,2025,0007-9960/0007-9960,否,否,否,ESCI,0.2,,医学,4 [5446/5603],否, NUTRITION & DIETETICS 营养学,4 [109/113],,,,,,,,,,,三级
ACTA POLONIAE PHARMACEUTICA,2025,0001-6837/2353-5288,否,否,是,SCIE,0.4,,医学,4 [5447/5603],否, PHARMACOLOGY & PHARMACY 药学,4 [340/350],,,,,,,,,,,三级
Turkderm-Turkish Archives of Dermatology and Venerology,2025,2717-6398/2651-5164,否,否,是,ESCI,0.2,,医学,4 [5448/5603],否, DERMATOLOGY 皮肤病学,4 [93/94],,,,,,,,,,,三级
Nano LIFE,2025,1793-9844/1793-9852,否,否,否,ESCI,0.7,,医学,4 [5449/5603],否," MATERIALS SCIENCE, BIOMATERIALS 材料科学：生物材料",4 [51/52],,,,,,,,,,,三级
Anil Aggrawals Internet Journal of Forensic Medicine and Toxicology,2025,0972-8066/0972-8074,否,否,否,ESCI,<0.1,,医学,4 [5450/5603],否," MEDICINE, GENERAL & INTERNAL 医学：内科",4 [301/327],,,,,,,,,,,三级
Journal of Pediatrics Review,2025,2322-4398/2322-4401,否,否,是,ESCI,0.3,,医学,4 [5451/5603],否, PEDIATRICS 儿科,4 [179/185],,,,,,,,,,,三级
Brazilian Neurosurgery-Arquivos Brasileiros de Neurocirurgia,2025,0103-5355/2359-5922,否,否,是,ESCI,0.1,,医学,4 [5452/5603],否, SURGERY 外科,4 [289/292],,,,,,,,,,,三级
Revista Mexicana de Neurociencia,2025,1665-5044/1665-5044,否,否,否,ESCI,0.4,,医学,4 [5453/5603],否, CLINICAL NEUROLOGY 临床神经病学,4 [275/278],,,,,,,,,,,三级
Archives of Psychiatry and Psychotherapy,2025,1509-2046/2083-828X,否,否,否,ESCI,0.3,,医学,4 [5454/5603],否, PSYCHIATRY 精神病学,4 [273/277],,,,,,,,,,,三级
Medisur-Revista de Ciencias Medicas de Cienfuegos,2025,1727-897X/1727-897X,否,否,是,ESCI,0.1,,医学,4 [5455/5603],否," MEDICINE, GENERAL & INTERNAL 医学：内科",4 [302/327],,,,,,,,,,,三级
Current Psychiatry Research and Reviews,2025,2666-0822/2666-0830,否,否,否,ESCI,0.4,,医学,4 [5456/5603],否, PSYCHIATRY 精神病学,4 [274/277],,,,,,,,,,,三级
Archives of Hellenic Medicine,2025,1105-3992/1105-3992,否,否,否,ESCI,0.2,,医学,4 [5457/5603],否," MEDICINE, GENERAL & INTERNAL 医学：内科",4 [303/327],,,,,,,,,,,三级
Hepatitis Monthly,2025,1735-143X/1735-3408,否,否,否,SCIE,0.6,,医学,4 [5458/5603],否, GASTROENTEROLOGY & HEPATOLOGY 胃肠肝病学,4 [140/143],,,,,,,,,,,三级
Asian Journal of Pharmaceutical Research and Health Care,2025,2250-1444/2250-1460,否,否,否,ESCI,0.2,,医学,4 [5459/5603],否, PHARMACOLOGY & PHARMACY 药学,4 [341/350],,,,,,,,,,,三级
Journal of Medical and Surgical Research,2025,2351-8200/2351-8200,否,否,是,ESCI,0.2,,医学,4 [5460/5603],否, SURGERY 外科,4 [290/292],,,,,,,,,,,三级
GaBI Journal-Generics and Biosimilars Initiative Journal,2025,2033-6403/2033-6772,否,否,否,ESCI,0.2,,医学,4 [5461/5603],否, PHARMACOLOGY & PHARMACY 药学,4 [342/350],,,,,,,,,,,三级
VIROLOGIE,2025,1267-8694,是,否,否,SCIE,1,,医学,4 [5462/5603],否, VIROLOGY 病毒学,4 [41/41],,,,,,,,,,,三级
Avances en Biomedicina,2025,2477-9369/2244-7881,否,否,是,ESCI,0.1,,医学,4 [5463/5603],否," MEDICINE, GENERAL & INTERNAL 医学：内科",4 [304/327],,,,,,,,,,,三级
Revista de Pesquisa-Cuidado e Fundamental Online,2025,2175-5361/2175-5361,否,否,是,ESCI,0.1,,医学,4 [5464/5603],否, NURSING 护理,4 [189/191],,,,,,,,,,,三级
Anesteziologie a Intenzivni Medicina,2025,1214-2158/1805-4412,否,否,否,ESCI,0.1,,医学,4 [5465/5603],否, ANESTHESIOLOGY 麻醉学,4 [63/64],,,,,,,,,,,三级
Gynakologische Endokrinologie,2025,1610-2894/1610-2908,否,否,否,ESCI,0.1,,医学,4 [5466/5603],否, ENDOCRINOLOGY & METABOLISM 内分泌学与代谢,4 [178/184],,,,,,,,,,,三级
Clinica e Investigacion en Ginecologia y Obstetricia,2025,0210-573X/1578-9349,否,否,否,ESCI,0.1,,医学,4 [5467/5603],否, OBSTETRICS & GYNECOLOGY 妇产科学,4 [133/135],,,,,,,,,,,三级
Journal fur Kardiologie,2025,1024-0098/1680-936X,否,否,否,ESCI,<0.1,,医学,4 [5468/5603],否, CARDIAC & CARDIOVASCULAR SYSTEMS 心脏和心血管系统,4 [217/223],,,,,,,,,,,三级
Chinese Journal of Academic Radiology,2025,2520-8985/2520-8993,否,否,否,ESCI,0.8,,医学,4 [5469/5603],否," RADIOLOGY, NUCLEAR MEDICINE & MEDICAL IMAGING 核医学",4 [203/206],,,,,,,,,,,三级
Current Nutrition & Food Science,2025,1573-4013/2212-3881,否,否,否,ESCI,1.1,,医学,4 [5470/5603],否, NUTRITION & DIETETICS 营养学,4 [110/113],,,,,,,,,,,三级
Journal of Pediatric Epilepsy,2025,2146-457X/2146-4588,否,否,否,ESCI,0.1,,医学,4 [5471/5603],否, PEDIATRICS 儿科,4 [180/185],,,,,,,,,,,三级
Farmaceuticos Comunitarios,2025,1885-8619/2173-9218,否,否,是,ESCI,0.5,,医学,4 [5472/5603],否, HEALTH POLICY & SERVICES 卫生政策与服务,4 [118/118],,,,,,,,,,,三级
Augenheilkunde Up2date,2025,1616-9719/1616-9735,否,否,否,ESCI,<0.1,,医学,4 [5473/5603],否, OPHTHALMOLOGY 眼科学,4 [95/95],,,,,,,,,,,三级
Revista Cubana de Reumatologia,2025,1606-5581/1817-5996,否,否,是,ESCI,0.2,,医学,4 [5474/5603],否, RHEUMATOLOGY 风湿病学,4 [55/55],,,,,,,,,,,三级
Revista ORL,2025,2444-7986/2444-7986,否,否,是,ESCI,0.2,,医学,4 [5475/5603],否, OTORHINOLARYNGOLOGY 耳鼻喉科学,4 [65/66],,,,,,,,,,,三级
Journal of Pediatric Infectious Diseases,2025,1305-7707/1305-7693,否,否,否,SCIE,0.3,,医学,4 [5476/5603],否, INFECTIOUS DISEASES 传染病学,4 [128/134], PEDIATRICS 儿科,4 [181/185],,,,,,,,,三级
Southern African Journal of Gynaecological Oncology,2025,2074-2835/2220-105X,否,否,是,ESCI,0.3,,医学,4 [5477/5603],否, OBSTETRICS & GYNECOLOGY 妇产科学,4 [134/135],,,,,,,,,,,三级
Revista de Epidemiologia e Controle de Infeccao,2025,2238-3360/2238-3360,否,否,是,ESCI,0.1,,医学,4 [5478/5603],否, INFECTIOUS DISEASES 传染病学,4 [129/134],,,,,,,,,,,三级
Pathologia,2025,2306-8027/2310-1237,否,否,是,ESCI,0.2,,医学,4 [5479/5603],否, PATHOLOGY 病理学,4 [88/88],,,,,,,,,,,三级
Revista de Salud Publica-Cordoba,2025,1853-1180/1852-9429,否,否,是,ESCI,<0.1,,医学,4 [5480/5603],否," PUBLIC, ENVIRONMENTAL & OCCUPATIONAL HEALTH 公共卫生、环境卫生与职业卫生",4 [399/404],,,,,,,,,,,三级
SPRACHE-STIMME-GEHOR,2025,0342-0477/1439-1260,否,否,否,ESCI,0.2,,医学,4 [5481/5603],否, OTORHINOLARYNGOLOGY 耳鼻喉科学,4 [66/66],,,,,,,,,,,三级
Journal of Contemporary Medical Sciences,2025,2413-0516/2413-0516,否,否,是,ESCI,0.4,,医学,4 [5482/5603],否," MEDICINE, GENERAL & INTERNAL 医学：内科",4 [305/327],,,,,,,,,,,三级
Eurasian Journal of Pulmonology,2025,2148-3620/2148-5402,否,否,是,ESCI,0.1,,医学,4 [5483/5603],否, RESPIRATORY SYSTEM 呼吸系统,4 [99/101],,,,,,,,,,,三级
Revista Medica del Uruguay,2025,0303-3295/1688-0390,否,否,是,ESCI,0.1,,医学,4 [5484/5603],否," MEDICINE, GENERAL & INTERNAL 医学：内科",4 [306/327],,,,,,,,,,,三级
Journal of Istanbul Faculty of Medicine-Istanbul Tip Fakultesi Dergisi,2025,1305-6441/1305-6441,否,否,是,ESCI,0.2,,医学,4 [5485/5603],否," MEDICINE, GENERAL & INTERNAL 医学：内科",4 [307/327],,,,,,,,,,,三级
Nobel Medicus,2025,1305-2381/1305-2381,否,否,否,ESCI,0.1,,医学,4 [5486/5603],否," MEDICINE, GENERAL & INTERNAL 医学：内科",4 [308/327],,,,,,,,,,,三级
Annals of King Edward Medical University Lahore Pakistan,2025,2079-7192/2079-0694,否,否,是,ESCI,0.1,,医学,4 [5487/5603],否," MEDICINE, GENERAL & INTERNAL 医学：内科",4 [309/327],,,,,,,,,,,三级
Neurochemical Journal,2025,1819-7124/1819-7132,否,否,否,SCIE,0.5,,医学,4 [5488/5603],否, NEUROSCIENCES 神经科学,4 [306/309],,,,,,,,,,,三级
Duazary,2025,1794-5992/2389-783X,否,否,是,ESCI,0.2,,医学,4 [5489/5603],否," MEDICINE, GENERAL & INTERNAL 医学：内科",4 [310/327],,,,,,,,,,,三级
Journal of Pediatric Neurology,2025,1304-2580/1875-9041,否,否,否,ESCI,0.2,,医学,4 [5490/5603],否, PEDIATRICS 儿科,4 [182/185],,,,,,,,,,,三级
Current Cancer Therapy Reviews,2025,1573-3947/1875-6301,是,否,否,ESCI,0.9,,医学,4 [5491/5603],否, ONCOLOGY 肿瘤学,4 [311/318],,,,,,,,,,,三级
Oncology in Clinical Practice,2025,2450-1654/2450-6478,否,否,否,ESCI,0.4,,医学,4 [5492/5603],否, ONCOLOGY 肿瘤学,4 [312/318],,,,,,,,,,,三级
Egyptian Journal of Haematology,2025,1110-1067/2090-9268,否,否,否,ESCI,0.1,,医学,4 [5493/5603],否, HEMATOLOGY 血液学,4 [94/96],,,,,,,,,,,三级
Physioscience,2025,1860-3092/1860-3351,否,否,否,ESCI,0.2,,医学,4 [5494/5603],否, REHABILITATION 康复医学,4 [169/169],,,,,,,,,,,三级
Arterial Hypertension,2025,2449-6170/2449-6162,否,否,是,ESCI,0.6,,医学,4 [5495/5603],否, PERIPHERAL VASCULAR DISEASE 外周血管病,4 [95/96],,,,,,,,,,,三级
Transfusionsmedizin,2025,2191-8805/2191-8813,否,否,否,ESCI,0.2,,医学,4 [5496/5603],否, HEMATOLOGY 血液学,4 [95/96],,,,,,,,,,,三级
Medicine and Health,2025,2289-5728/2289-5728,否,否,否,ESCI,0.1,,医学,4 [5497/5603],否," MEDICINE, GENERAL & INTERNAL 医学：内科",4 [311/327],,,,,,,,,,,三级
African Journal of Neurological Sciences,2025,1015-8618/1992-2647,否,否,否,ESCI,,,医学,4 [5498/5603],否, CLINICAL NEUROLOGY 临床神经病学,4 [276/278],,,,,,,,,,,三级
CorSalud,2025,2078-7170/2078-7170,否,否,是,ESCI,,,医学,4 [5499/5603],否, CARDIAC & CARDIOVASCULAR SYSTEMS 心脏和心血管系统,4 [218/223],,,,,,,,,,,三级
SOUTHEAST ASIAN JOURNAL OF TROPICAL MEDICINE AND PUBLIC HEALTH,2025,0125-1562/0125-1562,否,否,否,SCIE,0.1,,医学,4 [5500/5603],否, INFECTIOUS DISEASES 传染病学,4 [130/134]," PUBLIC, ENVIRONMENTAL & OCCUPATIONAL HEALTH 公共卫生、环境卫生与职业卫生",4 [400/404], TROPICAL MEDICINE 热带医学,4 [28/28],,,,,,,三级
Adolescent Psychiatry,2025,2210-6766/2210-6774,否,否,否,ESCI,0.7,,医学,4 [5501/5603],否, PEDIATRICS 儿科,4 [183/185], PSYCHIATRY 精神病学,4 [275/277],,,,,,,,,三级
Odontoestomatologia,2025,0797-0374/1688-9339,否,否,是,ESCI,0.3,,医学,4 [5502/5603],否," DENTISTRY, ORAL SURGERY & MEDICINE 牙科与口腔外科",4 [155/157],,,,,,,,,,,三级
Actualites Pharmaceutiques,2025,0515-3700/0515-3700,否,否,否,ESCI,0.1,,医学,4 [5503/5603],否, PHARMACOLOGY & PHARMACY 药学,4 [343/350],,,,,,,,,,,三级
PRACTICAL GASTROENTEROLOGY,2025,0277-4208/0277-4208,否,否,否,ESCI,0.2,,医学,4 [5504/5603],否, GASTROENTEROLOGY & HEPATOLOGY 胃肠肝病学,4 [141/143],,,,,,,,,,,三级
Annals of Clinical and Analytical Medicine,2025,2667-663X/2667-663X,否,否,否,ESCI,0.1,,医学,4 [5505/5603],否," MEDICINE, GENERAL & INTERNAL 医学：内科",4 [312/327],,,,,,,,,,,三级
Galicia Clinica,2025,0304-4866/0304-4866,否,否,是,ESCI,0.1,,医学,4 [5506/5603],否," MEDICINE, GENERAL & INTERNAL 医学：内科",4 [313/327],,,,,,,,,,,三级
Implantologie,2025,0943-9692/0943-9692,否,否,否,SCIE,<0.1,,医学,4 [5507/5603],否," DENTISTRY, ORAL SURGERY & MEDICINE 牙科与口腔外科",4 [156/157],,,,,,,,,,,三级
Acta Bioclinica,2025,2244-8136/2244-8136,否,否,否,ESCI,,,医学,4 [5508/5603],否," DENTISTRY, ORAL SURGERY & MEDICINE 牙科与口腔外科",4 [157/157],,,,,,,,,,,三级
ACTA ANAESTHESIOLOGICA BELGICA,2025,0001-5164/2736-5239,否,否,否,ESCI,0.3,,医学,4 [5509/5603],否, ANESTHESIOLOGY 麻醉学,4 [64/64],,,,,,,,,,,三级
Majalah Kedokteran Bandung,2025,0126-074X/2338-6223,否,否,是,ESCI,0.1,,医学,4 [5510/5603],否," MEDICINE, GENERAL & INTERNAL 医学：内科",4 [314/327],,,,,,,,,,,三级
Alergologia Polska-Polish Journal of Allergology,2025,2353-3854/2353-3854,否,否,否,ESCI,0.6,,医学,4 [5511/5603],否, ALLERGY 过敏,4 [38/39],,,,,,,,,,,三级
Onkourologiya,2025,1726-9776/1996-1812,否,否,是,ESCI,0.1,,医学,4 [5512/5603],否, ONCOLOGY 肿瘤学,4 [313/318],,,,,,,,,,,三级
Russian Open Medical Journal,2025,2304-3415/2304-3415,否,否,是,ESCI,0.2,,医学,4 [5513/5603],否," MEDICINE, GENERAL & INTERNAL 医学：内科",4 [315/327],,,,,,,,,,,三级
Aktuelle Kardiologie,2025,2193-5203/2193-5211,否,否,否,ESCI,0.1,,医学,4 [5514/5603],否, CARDIAC & CARDIOVASCULAR SYSTEMS 心脏和心血管系统,4 [219/223],,,,,,,,,,,三级
IEEE Pulse,2025,2154-2287/2154-2317,否,否,否,SCIE,0.2,,医学,4 [5515/5603],否," ENGINEERING, BIOMEDICAL 工程：生物医学",4 [120/120],,,,,,,,,,,三级
Diabetologie,2025,2731-7447/2731-7455,否,否,否,SCIE,0.2,,医学,4 [5516/5603],否, ENDOCRINOLOGY & METABOLISM 内分泌学与代谢,4 [179/184],,,,,,,,,,,三级
International Journal of Physiotherapy,2025,2349-5987/2348-8336,否,否,是,ESCI,0.2,,医学,4 [5517/5603],否, ORTHOPEDICS 骨科,4 [135/136],,,,,,,,,,,三级
Neuropsychiatria i Neuropsychologia,2025,1896-6764/2084-9885,否,否,否,ESCI,0.3,,医学,4 [5518/5603],否, PSYCHIATRY 精神病学,4 [276/277],,,,,,,,,,,三级
Asian Journal of Pharmaceutics,2025,0973-8398/1998-409X,否,否,否,ESCI,0.2,,医学,4 [5519/5603],否, PHARMACOLOGY & PHARMACY 药学,4 [344/350],,,,,,,,,,,三级
Video-Assisted Thoracic Surgery,2025,2519-0792/2519-0792,否,否,否,ESCI,0.4,,医学,4 [5520/5603],否, SURGERY 外科,4 [291/292],,,,,,,,,,,三级
Recherche en Soins Infirmiers,2025,0297-2964/2271-8362,否,否,否,ESCI,0.2,,医学,4 [5521/5603],否, NURSING 护理,4 [190/191],,,,,,,,,,,三级
Anales de la Facultad de Medicina-Universidad de la Republica Uruguay,2025,2301-1254/2301-1254,否,否,是,ESCI,<0.1,,医学,4 [5522/5603],否," MEDICINE, GENERAL & INTERNAL 医学：内科",4 [316/327],,,,,,,,,,,三级
International Journal of Pharmaceutical Investigation,2025,2230-973X/2230-9713,否,否,否,ESCI,0.5,,医学,4 [5523/5603],否, PHARMACOLOGY & PHARMACY 药学,4 [345/350],,,,,,,,,,,三级
Revista de Salud Ambiental,2025,1577-9572/1697-2791,否,否,是,ESCI,0.1,,医学,4 [5524/5603],否," PUBLIC, ENVIRONMENTAL & OCCUPATIONAL HEALTH 公共卫生、环境卫生与职业卫生",4 [401/404],,,,,,,,,,,三级
Bulletin of Russian State Medical University,2025,2500-1094/2542-1204,否,否,是,ESCI,0.4,,医学,4 [5525/5603],否," MEDICINE, GENERAL & INTERNAL 医学：内科",4 [317/327],,,,,,,,,,,三级
Aktualni Gynekologie a Porodnictvi,2025,1803-9588/1803-9588,否,否,否,ESCI,<0.1,,医学,4 [5526/5603],否, OBSTETRICS & GYNECOLOGY 妇产科学,4 [135/135],,,,,,,,,,,三级
RqR Enfermeria Comunitaria,2025,2253-9832/2254-8270,否,否,否,ESCI,<0.1,,医学,4 [5527/5603],否, NURSING 护理,4 [191/191],,,,,,,,,,,三级
Onkologija,2025,1408-1741/1581-3215,否,否,是,ESCI,0.1,,医学,4 [5528/5603],否, ONCOLOGY 肿瘤学,4 [314/318],,,,,,,,,,,三级
Pediatria-Asuncion,2025,1683-979X/1683-9803,否,否,是,ESCI,0.1,,医学,4 [5529/5603],否, PEDIATRICS 儿科,4 [184/185],,,,,,,,,,,三级
Universitas Medica,2025,0041-9095/2011-0839,否,否,是,ESCI,0.2,,医学,4 [5530/5603],否," MEDICINE, GENERAL & INTERNAL 医学：内科",4 [318/327],,,,,,,,,,,三级
Pharmacy & Pharmacology-Farmatsiya i Farmakologiya,2025,2307-9266/2413-2241,否,否,是,ESCI,0.9,,医学,4 [5531/5603],否, PHARMACOLOGY & PHARMACY 药学,4 [346/350],,,,,,,,,,,三级
Gaceta Mexicana de Oncologia,2025,1665-9201/1665-9201,否,否,是,ESCI,0.1,,医学,4 [5532/5603],否, ONCOLOGY 肿瘤学,4 [315/318],,,,,,,,,,,三级
PTERIDINES,2025,0933-4807/2195-4720,否,否,是,SCIE,0.9,,医学,4 [5533/5603],否, BIOCHEMISTRY & MOLECULAR BIOLOGY 生化与分子生物学,4 [307/310], BIOPHYSICS 生物物理,4 [76/76],,,,,,,,,三级
Zaporozhye Medical Journal,2025,2306-4145/2310-1210,否,否,是,ESCI,<0.1,,医学,4 [5534/5603],否," MEDICINE, GENERAL & INTERNAL 医学：内科",4 [319/327],,,,,,,,,,,三级
Zeitschrift fur Pneumologie,2025,2731-7404/2731-7412,否,否,否,ESCI,0.2,,医学,4 [5535/5603],否, RESPIRATORY SYSTEM 呼吸系统,4 [100/101],,,,,,,,,,,三级
Exercer-La Revue Francophone de Medecine Generale,2025,0998-3953/1961-9138,否,否,否,ESCI,0.2,,医学,4 [5536/5603],否," MEDICINE, GENERAL & INTERNAL 医学：内科",4 [320/327],,,,,,,,,,,三级
University of Toronto Medical Journal,2025,0833-2207/1913-5440,否,否,否,ESCI,0.4,,医学,4 [5537/5603],否," MEDICINE, GENERAL & INTERNAL 医学：内科",4 [321/327],,,,,,,,,,,三级
International Journal of Ayurvedic Medicine,2025,0976-5921/0976-5921,否,否,否,ESCI,0.1,,医学,4 [5538/5603],否," MEDICINE, RESEARCH & EXPERIMENTAL 医学：研究与实验",4 [182/188],,,,,,,,,,,三级
Progress on Chemistry and Application of Chitin and its Derivatives,2025,1896-5644/1896-5644,否,否,否,ESCI,0.9,,医学,4 [5539/5603],否," MATERIALS SCIENCE, BIOMATERIALS 材料科学：生物材料",4 [52/52],,,,,,,,,,,三级
Egyptian Journal of Pediatric Allergy and Immunology,2025,1687-1642/2314-8934,否,否,否,ESCI,0.2,,医学,4 [5540/5603],否, ALLERGY 过敏,4 [39/39],,,,,,,,,,,三级
Memo-Magazine of European Medical Oncology,2025,1865-5041/1865-5076,否,否,否,ESCI,0.3,,医学,4 [5541/5603],否, ONCOLOGY 肿瘤学,4 [316/318],,,,,,,,,,,三级
Journal fur Hypertonie,2025,1028-2327/1680-9378,否,否,否,ESCI,<0.1,,医学,4 [5542/5603],否, CARDIAC & CARDIOVASCULAR SYSTEMS 心脏和心血管系统,4 [220/223],,,,,,,,,,,三级
Alergia Astma Immunologia,2025,1427-3101/1427-3101,否,否,否,ESCI,0.3,,医学,4 [5543/5603],否, IMMUNOLOGY 免疫学,4 [178/179],,,,,,,,,,,三级
Finlay,2025,2221-2434/2221-2434,否,否,是,ESCI,0.1,,医学,4 [5544/5603],否," MEDICINE, GENERAL & INTERNAL 医学：内科",4 [322/327],,,,,,,,,,,三级
Open Cardiovascular Medicine Journal,2025,1874-1924/1874-1924,否,否,否,ESCI,0.4,,医学,4 [5545/5603],否, CARDIAC & CARDIOVASCULAR SYSTEMS 心脏和心血管系统,4 [221/223],,,,,,,,,,,三级
Infektsiya i Immunitet,2025,2220-7619/2313-7398,否,否,是,ESCI,0.2,,医学,4 [5546/5603],否, INFECTIOUS DISEASES 传染病学,4 [131/134],,,,,,,,,,,三级
Diabetes Stoffwechsel und Herz,2025,1861-7603/1861-7603,否,否,否,SCIE,0.4,,医学,4 [5547/5603],否, ENDOCRINOLOGY & METABOLISM 内分泌学与代谢,4 [180/184],,,,,,,,,,,三级
SA Pharmaceutical Journal,2025,2221-5875/2220-1017,是,否,否,ESCI,0.3,,医学,4 [5548/5603],否, PHARMACOLOGY & PHARMACY 药学,4 [347/350],,,,,,,,,,,三级
Polish Hyperbaric Research,2025,1734-7009/2084-0535,否,否,是,ESCI,0.1,,医学,4 [5549/5603],否," PUBLIC, ENVIRONMENTAL & OCCUPATIONAL HEALTH 公共卫生、环境卫生与职业卫生",4 [402/404],,,,,,,,,,,三级
Current Respiratory Medicine Reviews,2025,1573-398X/1875-6387,否,否,否,ESCI,0.3,,医学,4 [5550/5603],否, RESPIRATORY SYSTEM 呼吸系统,4 [101/101],,,,,,,,,,,三级
Mediterranean Journal of Infection Microbes and Antimicrobials,2025,2147-673X/2147-673X,否,否,是,ESCI,0.3,,医学,4 [5551/5603],否, INFECTIOUS DISEASES 传染病学,4 [132/134],,,,,,,,,,,三级
International Journal of Clinical and Experimental Medicine,2025,1940-5901/1940-5901,否,否,否,ESCI,0.3,,医学,4 [5552/5603],否," MEDICINE, RESEARCH & EXPERIMENTAL 医学：研究与实验",4 [183/188],,,,,,,,,,,三级
International Journal of Noncommunicable Diseases,2025,2468-8827/2468-8835,否,否,是,ESCI,0.3,,医学,4 [5553/5603],否," MEDICINE, GENERAL & INTERNAL 医学：内科",4 [323/327]," PUBLIC, ENVIRONMENTAL & OCCUPATIONAL HEALTH 公共卫生、环境卫生与职业卫生",4 [403/404],,,,,,,,,三级
Yakut Medical Journal,2025,1813-1905/2312-1017,否,否,否,ESCI,<0.1,,医学,4 [5554/5603],否," MEDICINE, RESEARCH & EXPERIMENTAL 医学：研究与实验",4 [184/188],,,,,,,,,,,三级
Boletin de Pediatria,2025,0214-2597/2340-5384,否,否,否,ESCI,<0.1,,医学,4 [5555/5603],否, PEDIATRICS 儿科,4 [185/185],,,,,,,,,,,三级
Journal of the Pancreas,2025,1590-8577/1590-8577,否,否,否,ESCI,<0.1,,医学,4 [5556/5603],否, GASTROENTEROLOGY & HEPATOLOGY 胃肠肝病学,4 [142/143],,,,,,,,,,,三级
Current Traditional Medicine,2025,2215-0838/2215-0846,否,否,是,ESCI,0.9,,医学,4 [5557/5603],否, INTEGRATIVE & COMPLEMENTARY MEDICINE 全科医学与补充医学,4 [41/43],,,,,,,,,,,三级
Physiology and Pharmacology,2025,2476-5236/2476-5244,否,否,是,ESCI,0.5,,医学,4 [5558/5603],否, PHYSIOLOGY 生理学,4 [83/84],,,,,,,,,,,三级
Hematologie,2025,1264-7527/1950-6368,否,否,否,ESCI,0.1,,医学,4 [5559/5603],否, HEMATOLOGY 血液学,4 [96/96],,,,,,,,,,,三级
Byulleten Sibirskoy Meditsiny,2025,1682-0363/1819-3684,否,否,是,ESCI,0.2,,医学,4 [5560/5603],否," MEDICINE, GENERAL & INTERNAL 医学：内科",4 [324/327],,,,,,,,,,,三级
ERNAHRUNGS UMSCHAU,2025,0174-0008/0174-0008,否,否,否,SCIE,,,医学,4 [5561/5603],否, NUTRITION & DIETETICS 营养学,4 [111/113],,,,,,,,,,,三级
ACTA BIOQUIMICA CLINICA LATINOAMERICANA,2025,0325-2957/1851-6114,否,否,否,SCIE,0.1,,医学,4 [5562/5603],否, MEDICAL LABORATORY TECHNOLOGY 医学实验技术,4 [31/31],,,,,,,,,,,三级
INVESTIGACION CLINICA,2025,0535-5133/2477-9393,否,否,否,SCIE,0.1,,医学,4 [5563/5603],否," MEDICINE, RESEARCH & EXPERIMENTAL 医学：研究与实验",4 [185/188],,,,,,,,,,,三级
Current Drug Therapy,2025,1574-8855/2212-3903,否,否,否,ESCI,0.7,,医学,4 [5564/5603],否, PHARMACOLOGY & PHARMACY 药学,4 [348/350],,,,,,,,,,,三级
ZHURNAL VYSSHEI NERVNOI DEYATELNOSTI IMENI I P PAVLOVA,2025,0044-4677/0044-4677,否,否,否,SCIE,0.2,,医学,4 [5565/5603],否, NEUROSCIENCES 神经科学,4 [307/309], PHYSIOLOGY 生理学,4 [84/84],,,,,,,,,三级
Journal of Pioneering Medical Sciences,2025,2309-7981/2309-7981,否,否,是,ESCI,0.6,,医学,4 [5566/5603],否," MEDICINE, GENERAL & INTERNAL 医学：内科",4 [325/327],,,,,,,,,,,三级
McGill Journal of Law and Health,2025,1920-4825/1920-4825,否,否,否,ESCI,1,,医学,4 [5567/5603],否, LAW 法学,4 [427/427],,,,,,,,,,,三级
JOURNAL OF COSMETIC SCIENCE,2025,1525-7886,否,否,否,SCIE,0.3,,医学,4 [5568/5603],否," CHEMISTRY, APPLIED 应用化学",4 [72/74], DERMATOLOGY 皮肤病学,4 [94/94],,,,,,,,,三级
Austrian Journal of Clinical Endocrinology and Metabolism,2025,1998-7773/1998-7781,否,否,否,ESCI,<0.1,,医学,4 [5569/5603],否, ENDOCRINOLOGY & METABOLISM 内分泌学与代谢,4 [181/184],,,,,,,,,,,三级
Neurosonology and Cerebral Hemodynamics,2025,1312-6431/1312-6431,否,否,否,ESCI,<0.1,,医学,4 [5570/5603],否, NEUROSCIENCES 神经科学,4 [308/309],,,,,,,,,,,三级
BIOPHARM INTERNATIONAL,2025,1542-166X/1939-1862,否,否,否,SCIE,0.2,,医学,4 [5571/5603],否, BIOTECHNOLOGY & APPLIED MICROBIOLOGY 生物工程与应用微生物,4 [171/174], PHARMACOLOGY & PHARMACY 药学,4 [349/350],,,,,,,,,三级
RBONE-Revista Brasileira de Obesidade Nutricao e Emagrecimento,2025,1981-9919/1981-9919,否,否,是,ESCI,,,医学,4 [5572/5603],否, NUTRITION & DIETETICS 营养学,4 [112/113],,,,,,,,,,,三级
Turkish Journal of Immunology,2025,1301-109X/2147-8325,否,否,否,ESCI,0.3,,医学,4 [5573/5603],否, IMMUNOLOGY 免疫学,4 [179/179],,,,,,,,,,,三级
Biuletyn Wydzialu Farmaceutycznego Warszawskiego Uniwersytetu Medycznego,2025,2080-1602/2080-1602,否,否,否,ESCI,,,医学,4 [5574/5603],否, PHARMACOLOGY & PHARMACY 药学,4 [350/350],,,,,,,,,,,三级
Scientific Chronicles,2025,1791-1362/2241-1666,否,否,是,ESCI,<0.1,,医学,4 [5575/5603],否," MEDICINE, GENERAL & INTERNAL 医学：内科",4 [326/327],,,,,,,,,,,三级
Postepy Higieny I Medycyny Doswiadczalnej,2025,0032-5449/1732-2693,否,否,是,SCIE,0.3,,医学,4 [5576/5603],否," MEDICINE, RESEARCH & EXPERIMENTAL 医学：研究与实验",4 [186/188],,,,,,,,,,,三级
Farmeconomia-Health Economics and Therapeutic Pathways,2025,1721-6915/2240-256X,否,否,是,ESCI,0.3,,医学,4 [5577/5603],否, HEALTH CARE SCIENCES & SERVICES 卫生保健与服务,4 [171/173],,,,,,,,,,,三级
Advancements of Microbiology,2025,0079-4252/2545-3149,否,否,是,SCIE,0.7,,医学,4 [5578/5603],否, MICROBIOLOGY 微生物学,4 [159/159],,,,,,,,,,,三级
Journal of Academic Research in Medicine-JAREM,2025,2146-6505/2147-1894,否,否,否,ESCI,0.1,,医学,4 [5579/5603],否," MEDICINE, GENERAL & INTERNAL 医学：内科",4 [327/327],,,,,,,,,,,三级
Actualizaciones en Osteologia,2025,1669-8975/1669-8983,否,否,否,ESCI,0.1,,医学,4 [5580/5603],否," MEDICINE, RESEARCH & EXPERIMENTAL 医学：研究与实验",4 [187/188],,,,,,,,,,,三级
International journal of Health Medicine and Current Research-IJHMCR,2025,2528-4398/2528-3189,否,否,否,ESCI,<0.1,,医学,4 [5581/5603],否, HEALTH CARE SCIENCES & SERVICES 卫生保健与服务,4 [172/173],,,,,,,,,,,三级
Aktualnosci Neurologiczne,2025,1641-9227/1641-9227,否,否,是,ESCI,0.1,,医学,4 [5582/5603],否, CLINICAL NEUROLOGY 临床神经病学,4 [277/278],,,,,,,,,,,三级
Insuficiencia Cardiaca,2025,1850-1044/1852-3862,否,否,否,ESCI,,,医学,4 [5583/5603],否, CARDIAC & CARDIOVASCULAR SYSTEMS 心脏和心血管系统,4 [222/223],,,,,,,,,,,三级
Correspondances en Metabolismes Hormones Diabetes et Nutrition,2025,2100-9619,否,否,否,SCIE,<0.1,,医学,4 [5584/5603],否, ENDOCRINOLOGY & METABOLISM 内分泌学与代谢,4 [183/184], NUTRITION & DIETETICS 营养学,4 [113/113],,,,,,,,,三级
Eneurobiologia,2025,2007-3054/2007-3054,否,否,是,ESCI,0.1,,医学,4 [5585/5603],否, NEUROSCIENCES 神经科学,4 [309/309],,,,,,,,,,,三级
Osteologie,2025,1019-1291/2567-5818,否,否,否,ESCI,0.2,,医学,4 [5586/5603],否, ORTHOPEDICS 骨科,4 [136/136],,,,,,,,,,,三级
Research and Reviews in Parkinsonism,2025,2624-3733/2624-3733,是,否,是,ESCI,,,医学,4 [5587/5603],否, CLINICAL NEUROLOGY 临床神经病学,4 [278/278],,,,,,,,,,,三级
Global Transitions,2025,2589-7918/2589-7918,否,否,是,ESCI,3.1,中国SCI期刊支持计划,医学,4 [5588/5603],否," Public, Environmental & Occupational Health 公共卫生、环境卫生与职业卫生",4 [404/404],,,,,,,,,,,三级
Chinese Medicine and Culture,2025,2589-9627/2589-9473,否,否,是,ESCI,0.5,中国SCI期刊支持计划,医学,4 [5589/5603],否, HISTORY & PHILOSOPHY OF SCIENCE 科学史与科学哲学,4 [105/105], Integrative & Complementary Medicine 全科医学与补充医学,4 [43/43],,,,,,,,,三级
Psychoradiology,2025,2634-4416/2634-4416,否,否,否,ESCI,2.9,中国SCI期刊支持计划,医学,4 [5590/5603],否, Neuroimaging 神经成像,4 [16/16], Psychiatry 精神病学,4 [277/277]," Radiology, Nuclear Medicine & Medical Imaging 核医学",4 [205/206],,,,,,,三级
Portal Hypertension & Cirrhosis,2025,2770-5838/2770-5846,否,否,否,ESCI,1.8,中国SCI期刊支持计划,医学,4 [5591/5603],否, Gastroenterology & Hepatology 胃肠肝病学,4 [143/143], PERIPHERAL VASCULAR DISEASE 外周血管病,4 [96/96],,,,,,,,,三级
Cancer Innovation,2025,2770-9191/2770-9183,否,否,否,ESCI,2,中国SCI期刊支持计划,医学,4 [5592/5603],否, Oncology 肿瘤学,4 [317/318],,,,,,,,,,,三级
Health Care Science,2025,2771-1749/2771-1757,否,否,否,ESCI,3.3,中国SCI期刊支持计划,医学,4 [5593/5603],否, Health Care Sciences & Services 卫生保健与服务,4 [173/173],,,,,,,,,,,三级
LAPAROSCOPIC ENDOSCOPIC AND ROBOTIC SURGERY,2025,2542-3614/2468-9009,否,否,否,ESCI,2,中国SCI期刊支持计划,医学,4 [5594/5603],否, Surgery 外科,4 [292/292],,,,,,,,,,,三级
Life Metabolism,2025,2755-0230/2755-0230,否,否,否,ESCI,3.4,中国SCI期刊支持计划,医学,4 [5595/5603],否, Endocrinology & Metabolism 内分泌学与代谢,4 [184/184],,,,,,,,,,,三级
Life Medicine,2025,2755-1733/2755-1733,否,否,是,ESCI,6,中国SCI期刊支持计划,医学,4 [5596/5603],否," Medicine, Research & Experimental 医学：研究与实验",4 [188/188],,,,,,,,,,,三级
Infectious Diseases & Immunity,2025,2096-9511/2693-8839,否,否,否,ESCI,1.3,中国SCI期刊支持计划,医学,4 [5597/5603],否, Infectious Diseases 传染病学,4 [133/134],,,,,,,,,,,三级
Cardiology Discovery,2025,2096-952X/2693-8499,否,否,是,ESCI,0.9,中国SCI期刊支持计划,医学,4 [5598/5603],否, CARDIAC & CARDIOVASCULAR SYSTEMS 心脏和心血管系统,4 [223/223],,,,,,,,,,,三级
Acupuncture and Herbal Medicine,2025,2097-0226/2765-8619,否,否,否,ESCI,4.3,中国SCI期刊支持计划,医学,4 [5599/5603],否, Integrative & Complementary Medicine 全科医学与补充医学,4 [42/43],,,,,,,,,,,三级
Journal of Intensive Medicine,2025,2097-0250/2667-100X,否,否,否,ESCI,3.3,中国SCI期刊支持计划,医学,4 [5600/5603],否, Critical Care Medicine 危重病医学,4 [56/56],,,,,,,,,,,三级
Infectious Medicine,2025,2097-0684/2772-431X,否,否,否,ESCI,2.8,中国SCI期刊支持计划,医学,4 [5601/5603],否, Infectious Diseases 传染病学,4 [134/134],,,,,,,,,,,三级
Cancer Pathogenesis and Therapy,2025,2097-2563/2949-7132,否,否,否,ESCI,2.8,中国SCI期刊支持计划,医学,4 [5602/5603],否, Oncology 肿瘤学,4 [318/318],,,,,,,,,,,三级
Precision Radiation Oncology,2025,2398-7324/2398-7324,否,否,否,ESCI,2.1,中国SCI期刊支持计划,医学,4 [5603/5603],否," Radiology, Nuclear Medicine & Medical Imaging 核医学",4 [206/206],,,,,,,,,,,三级
