Journal,年份,ISSN/EISSN,Review,OA Journal Index（OAJ）,Open Access,Web of Science,影响因子,标注,大类,大类分区,Top,权威期刊,小类1,小类1分区,小类2,小类2分区,小类3,小类3分区,小类4,小类4分区,小类5,小类5分区,小类6,小类6分区
PHILOSOPHICAL REVIEW,2025,0031-8108/1558-1470,否,否,否,AHCI,2.8,,哲学,1 [1/795],是,一级, PHILOSOPHY 哲学,1 [1/328],,,,,,,,,,
PHILOSOPHY & PUBLIC AFFAIRS,2025,0048-3915/1088-4963,否,否,否,SSCI,2.1,,哲学,1 [2/795],是,一级, ETHICS 伦理学,1 [1/77], POLITICAL SCIENCE 政治学,1 [4/317],,,,,,,,
AMERICAN JOURNAL OF BIOETHICS,2025,1526-5161/1536-0075,否,否,否,SSCI;SCIE,20.8,,哲学,1 [3/795],是,一级, ETHICS 伦理学,1 [2/77], MEDICAL ETHICS 医学：伦理,1 [1/23], SOCIAL ISSUES 社会问题,1 [2/66]," SOCIAL SCIENCES, BIOMEDICAL 社会科学：生物医学",1 [2/46],,,,
JOURNAL OF POLITICAL PHILOSOPHY,2025,0963-8016/1467-9760,否,否,否,SSCI,2.1,,哲学,1 [4/795],是,一级, ETHICS 伦理学,1 [3/77], POLITICAL SCIENCE 政治学,1 [17/317],,,,,,,,
ETHICS,2025,0014-1704/1539-297X,否,否,否,SSCI;AHCI,2.4,,哲学,1 [5/795],是,一级, ETHICS 伦理学,1 [4/77], PHILOSOPHY 哲学,1 [2/328],,,,,,,,
JOURNAL OF BUSINESS ETHICS,2025,0167-4544/1573-0697,否,否,否,SSCI,6.7,,哲学,1 [6/795],是,一级, ETHICS 伦理学,1 [6/77], BUSINESS 商业：管理,3 [43/302],,,,,,,,
JOURNAL FOR THE SCIENTIFIC STUDY OF RELIGION,2025,0021-8294/1468-5906,否,否,否,SSCI;AHCI,1.9,,哲学,1 [7/795],是,一级, RELIGION 宗教,1 [1/340], SOCIOLOGY 社会学,2 [15/216],,,,,,,,
SOCIOLOGY OF RELIGION,2025,1069-4404/1759-8818,否,否,否,SSCI;AHCI,1.7,,哲学,1 [8/795],是,一级, RELIGION 宗教,1 [2/340], SOCIOLOGY 社会学,2 [16/216],,,,,,,,
NOUS,2025,0029-4624/1468-0068,否,否,否,AHCI,2,,哲学,1 [9/795],是,一级, PHILOSOPHY 哲学,1 [3/328],,,,,,,,,,
MIND,2025,0026-4423/1460-2113,否,否,否,AHCI,1.6,,哲学,1 [10/795],是,一级, PHILOSOPHY 哲学,1 [4/328],,,,,,,,,,
Philosophical Perspectives,2025,1520-8583/1758-2245,否,否,否,AHCI,2.3,,哲学,1 [11/795],是,一级, PHILOSOPHY 哲学,1 [5/328],,,,,,,,,,
ANNALS OF SCIENCE,2025,0003-3790/1464-505X,否,否,否,SSCI;AHCISCIE,0.5,,哲学,1 [12/795],是,一级, HISTORY & PHILOSOPHY OF SCIENCE 科学史与科学哲学,1 [2/105],,,,,,,,,,
Philosophy Compass,2025,1747-9991/1747-9991,否,否,否,AHCI,2.4,,哲学,1 [13/795],是,一级, PHILOSOPHY 哲学,1 [6/328],,,,,,,,,,
JOURNAL OF PHILOSOPHY,2025,0022-362X/1939-8549,否,否,否,AHCI,2,,哲学,1 [14/795],是,一级, PHILOSOPHY 哲学,1 [7/328],,,,,,,,,,
BRITISH JOURNAL FOR THE PHILOSOPHY OF SCIENCE,2025,0007-0882/1464-3537,否,否,否,SSCI;AHCISCIE,2.3,,哲学,1 [15/795],是,一级, HISTORY & PHILOSOPHY OF SCIENCE 科学史与科学哲学,1 [3/105],,,,,,,,,,
MINERVA,2025,0026-4695/1573-1871,否,否,是,SSCI,3.2,,哲学,1 [16/795],是,一级, HISTORY & PHILOSOPHY OF SCIENCE 科学史与科学哲学,1 [5/105]," SOCIAL SCIENCES, INTERDISCIPLINARY 社会科学：跨领域",2 [15/263], EDUCATION & EDUCATIONAL RESEARCH 教育学和教育研究,3 [101/754],,,,,,
HISTORY OF SCIENCE,2025,0073-2753/1753-8564,否,否,否,SSCI;AHCISCIE,0.8,,哲学,1 [17/795],是,一级, HISTORY & PHILOSOPHY OF SCIENCE 科学史与科学哲学,1 [6/105],,,,,,,,,,
HUSSERL STUDIES,2025,0167-9848/1572-8501,否,否,否,AHCI,0.8,,哲学,1 [18/795],是,一级, PHILOSOPHY 哲学,1 [8/328],,,,,,,,,,
Philosophers Imprint,2025,1533-628X,否,否,是,AHCI,1.9,,哲学,1 [19/795],是,一级, PHILOSOPHY 哲学,1 [9/328],,,,,,,,,,
BUSINESS ETHICS QUARTERLY,2025,1052-150X/2153-3326,否,否,否,SSCI,3,,哲学,1 [20/795],是,一级, ETHICS 伦理学,2 [7/77], BUSINESS 商业：管理,3 [76/302],,,,,,,,
Politics and Religion,2025,1755-0483/1755-0491,否,否,否,SSCI;AHCI,1.5,,哲学,1 [21/795],是,一级, RELIGION 宗教,1 [3/340], POLITICAL SCIENCE 政治学,3 [74/317],,,,,,,,
JOURNAL OF THE HISTORY OF PHILOSOPHY,2025,0022-5053/1538-4586,否,否,否,AHCI,0.6,,哲学,1 [22/795],是,一级, PHILOSOPHY 哲学,1 [10/328],,,,,,,,,,
Religion State & Society,2025,0963-7494/1465-3974,否,否,否,ESCI,0.8,,哲学,1 [23/795],是,一级, RELIGION 宗教,1 [4/340],,,,,,,,,,
Phenomenology and the Cognitive Sciences,2025,1568-7759/1572-8676,否,否,否,AHCI,1.9,,哲学,1 [24/795],是,一级, PHILOSOPHY 哲学,1 [11/328],,,,,,,,,,
JOURNAL OF BIBLICAL LITERATURE,2025,0021-9231/1934-3876,否,否,否,AHCI,0.5,,哲学,1 [25/795],是,一级, RELIGION 宗教,1 [5/340],,,,,,,,,,
British Journal for the History of Philosophy,2025,0960-8788/1469-3526,否,否,否,AHCI,0.7,,哲学,1 [26/795],是,一级, PHILOSOPHY 哲学,1 [12/328],,,,,,,,,,
Journal for the Study of Judaism,2025,0047-2212/1570-0631,否,否,否,AHCI,0.7,,哲学,1 [27/795],是,一级, HISTORY 历史学,1 [13/523], RELIGION 宗教,1 [6/340],,,,,,,,
Bulletin of the Peabody Museum of Natural History,2025,0079-032X/2162-4135,否,否,否,SCIE,0.9,,哲学,1 [28/795],是,一级, BIODIVERSITY CONSERVATION 生物多样性保护,2 [12/75], ECOLOGY 生态学,2 [40/196],,,,,,,,
Journal of Religion in Japan,2025,2211-8330/2211-8349,否,否,否,ESCI,<0.1,,哲学,1 [29/795],是,一级, RELIGION 宗教,1 [7/340],,,,,,,,,,
AUSTRALASIAN JOURNAL OF PHILOSOPHY,2025,0004-8402/1471-6828,否,否,否,AHCI,1.4,,哲学,1 [30/795],是,一级, PHILOSOPHY 哲学,1 [14/328],,,,,,,,,,
PHILOSOPHICAL STUDIES,2025,0031-8116/1573-0883,否,否,否,AHCI,1.3,,哲学,1 [31/795],是,一级, PHILOSOPHY 哲学,1 [15/328],,,,,,,,,,
PHILOSOPHICAL QUARTERLY,2025,0031-8094/1467-9213,否,否,否,AHCI,1,,哲学,1 [32/795],是,一级, PHILOSOPHY 哲学,1 [16/328],,,,,,,,,,
BRITISH JOURNAL FOR THE HISTORY OF SCIENCE,2025,0007-0874/1474-001X,否,否,否,SSCI;AHCI,1.2,,哲学,1 [33/795],是,一级, HISTORY & PHILOSOPHY OF SCIENCE 科学史与科学哲学,1 [8/105],,,,,,,,,,
Philosophia Mathematica,2025,0031-8019/1744-6406,否,否,否,AHCISCIE,0.6,,哲学,1 [34/795],是,一级, PHILOSOPHY 哲学,1 [17/328], HISTORY & PHILOSOPHY OF SCIENCE 科学史与科学哲学,2 [9/105],,,,,,,,
Politics Philosophy & Economics,2025,1470-594X/1741-3060,否,否,否,SSCI,1.6,,哲学,1 [35/795],是,一级, ETHICS 伦理学,2 [8/77], POLITICAL SCIENCE 政治学,3 [87/317],,,,,,,,
CANADIAN JOURNAL OF PHILOSOPHY,2025,0045-5091/1911-0820,否,否,否,AHCI,1.7,,哲学,1 [36/795],是,一级, PHILOSOPHY 哲学,2 [18/328],,,,,,,,,,
ENVIRONMENTAL VALUES,2025,0963-2719/1752-7015,否,否,否,SSCI,1.6,,哲学,1 [37/795],是,一级, ETHICS 伦理学,2 [9/77], ENVIRONMENTAL STUDIES 环境研究,3 [51/183],,,,,,,,
Episteme-A Journal of Individual and Social Epistemology,2025,1742-3600/1750-0117,否,否,否,AHCI,1.2,,哲学,1 [38/795],是,一级, PHILOSOPHY 哲学,2 [19/328],,,,,,,,,,
JOURNAL OF THE PHILOSOPHY OF SPORT,2025,0094-8705/1543-2939,否,否,否,SSCI,1.7,,哲学,1 [39/795],是,一级, ETHICS 伦理学,2 [10/77]," HOSPITALITY, LEISURE, SPORT & TOURISM 酒店、休闲、体育与旅游",4 [49/139],,,,,,,,
Journal of Responsible Innovation,2025,2329-9460/2329-9037,否,否,是,SSCI,4.1,,哲学,1 [40/795],是,一级, ETHICS 伦理学,2 [11/77], HISTORY & PHILOSOPHY OF SCIENCE 科学史与科学哲学,2 [11/105], SOCIAL ISSUES 社会问题,2 [10/66], MANAGEMENT 管理学,4 [138/404],,,,
Journal of Nietzsche Studies,2025,0968-8005/1538-4594,否,否,否,AHCI,0.4,,哲学,1 [41/795],是,一级, PHILOSOPHY 哲学,2 [20/328],,,,,,,,,,
Dead Sea Discoveries,2025,0929-0761/1568-5179,否,否,否,AHCI,0.1,,哲学,1 [42/795],是,一级, RELIGION 宗教,1 [8/340],,,,,,,,,,
BMC Medical Ethics,2025,1472-6939/1472-6939,否,否,是,SSCI;SCIE,3.1,,哲学,1 [43/795],是,一级, MEDICAL ETHICS 医学：伦理,1 [2/23], ETHICS 伦理学,2 [12/77]," SOCIAL SCIENCES, BIOMEDICAL 社会科学：生物医学",2 [10/46],,,,,,
PHILOSOPHY AND PHENOMENOLOGICAL RESEARCH,2025,0031-8205/1933-1592,否,否,否,AHCI,1.4,,哲学,1 [44/795],是,一级, PHILOSOPHY 哲学,2 [22/328],,,,,,,,,,
NURSING ETHICS,2025,0969-7330/1477-0989,否,否,否,SSCI;SCIE,2.7,,哲学,1 [45/795],是,一级, ETHICS 伦理学,2 [13/77], NURSING 护理,2 [13/191],,,,,,,,
ISIS,2025,0021-1753/1545-6994,否,否,否,SSCI;AHCISCIE,0.9,,哲学,2 [46/795],是,一级, HISTORY & PHILOSOPHY OF SCIENCE 科学史与科学哲学,2 [12/105],,,,,,,,,,
Tyndale Bulletin,2025,0082-7118/0082-7118,否,否,是,AHCI,0.2,,哲学,2 [47/795],否,一级, RELIGION 宗教,1 [9/340],,,,,,,,,,
SYNTHESE,2025,0039-7857/1573-0964,否,否,否,SSCI;AHCISCIE,1.3,,哲学,2 [48/795],是,一级, HISTORY & PHILOSOPHY OF SCIENCE 科学史与科学哲学,2 [13/105], PHILOSOPHY 哲学,2 [23/328],,,,,,,,
RELIGION,2025,0048-721X/1096-1151,否,否,否,AHCI,1,,哲学,2 [49/795],是,一级, RELIGION 宗教,1 [10/340],,,,,,,,,,
JOURNAL OF RELIGION & HEALTH,2025,0022-4197/1573-6571,否,否,否,SSCI;AHCI,2,,哲学,2 [50/795],是,一级, RELIGION 宗教,1 [11/340]," PUBLIC, ENVIRONMENTAL & OCCUPATIONAL HEALTH 公共卫生、环境卫生与职业卫生",2 [73/404],,,,,,,,
Utilitas,2025,0953-8208/1741-6183,否,否,否,AHCI,1,,哲学,2 [51/795],是,一级, PHILOSOPHY 哲学,2 [25/328],,,,,,,,,,
STUDIES IN HISTORY AND PHILOSOPHY OF SCIENCE,2025,0039-3681/1879-2510,否,否,否,SSCI;AHCISCIE,1.8,,哲学,2 [52/795],是,一级, HISTORY & PHILOSOPHY OF SCIENCE 科学史与科学哲学,2 [14/105],,,,,,,,,,
JOURNAL OF THE HISTORY OF IDEAS,2025,0022-5037/1086-3222,否,否,否,AHCI,0.4,,哲学,2 [53/795],是,一级, PHILOSOPHY 哲学,2 [26/328],,,,,,,,,,
ARCHIVE FOR HISTORY OF EXACT SCIENCES,2025,0003-9519/1432-0657,否,否,否,AHCISCIE,0.7,,哲学,2 [54/795],否,一级, HISTORY & PHILOSOPHY OF SCIENCE 科学史与科学哲学,2 [15/105]," MATHEMATICS, INTERDISCIPLINARY APPLICATIONS 数学跨学科应用",2 [19/136],,,,,,,,
Kantian Review,2025,1369-4154/2044-2394,否,否,否,AHCI,1.2,,哲学,2 [55/795],是,一级, PHILOSOPHY 哲学,2 [27/328],,,,,,,,,,
Journal of Sufi Studies,2025,2210-5948/2210-5956,否,否,否,ESCI,0.5,,哲学,2 [56/795],否,一级, RELIGION 宗教,1 [12/340],,,,,,,,,,
REVIEW OF RELIGIOUS RESEARCH,2025,0034-673X/2211-4866,否,否,否,SSCI;AHCI,1.7,,哲学,2 [57/795],否,一级, RELIGION 宗教,1 [13/340], SOCIOLOGY 社会学,3 [73/216],,,,,,,,
OSIRIS,2025,0369-7827/1933-8287,否,否,否,SSCI;AHCISCIE,1,,哲学,2 [58/795],否,一级, HISTORY & PHILOSOPHY OF SCIENCE 科学史与科学哲学,2 [16/105],,,,,,,,,,
European Journal for Philosophy of Science,2025,1879-4912/1879-4920,否,否,否,AHCISCIE,1.8,,哲学,2 [59/795],是,一级, HISTORY & PHILOSOPHY OF SCIENCE 科学史与科学哲学,2 [17/105],,,,,,,,,,
Journal of Moral Philosophy,2025,1740-4681/1745-5243,否,否,否,SSCI;AHCI,0.9,,哲学,2 [60/795],否,一级, ETHICS 伦理学,2 [15/77], PHILOSOPHY 哲学,2 [29/328],,,,,,,,
Currents in Biblical Research,2025,1476-993X/1745-5200,否,否,否,ESCI,0.5,,哲学,2 [61/795],否,一级, RELIGION 宗教,1 [14/340],,,,,,,,,,
SOUTHERN JOURNAL OF PHILOSOPHY,2025,0038-4283/2041-6962,否,否,否,AHCI,0.6,,哲学,2 [62/795],是,一级, PHILOSOPHY 哲学,2 [30/328],,,,,,,,,,
Journal of Religious Education,2025,1442-018X/2199-4625,否,否,否,ESCI,0.8,,哲学,2 [63/795],否,一级, RELIGION 宗教,1 [15/340],,,,,,,,,,
JOURNAL OF THE HISTORY OF BIOLOGY,2025,0022-5010/1573-0387,否,否,否,SSCI;AHCISCIE,0.6,,哲学,2 [64/795],否,一级, BIOLOGY 生物学,2 [20/109], HISTORY & PHILOSOPHY OF SCIENCE 科学史与科学哲学,2 [19/105],,,,,,,,
JOURNAL OF PHILOSOPHICAL LOGIC,2025,0022-3611/1573-0433,否,否,否,AHCI,1,,哲学,2 [65/795],是,一级, PHILOSOPHY 哲学,2 [32/328],,,,,,,,,,
ANALYSIS,2025,0003-2638/1467-8284,否,否,否,AHCI,0.9,,哲学,2 [66/795],是,一级, PHILOSOPHY 哲学,2 [33/328],,,,,,,,,,
Psychology of Religion and Spirituality,2025,1941-1022/1943-1562,否,否,否,SSCI;AHCI,2.2,,哲学,2 [67/795],是,一级, RELIGION 宗教,1 [16/340]," PSYCHOLOGY, MULTIDISCIPLINARY 心理学：综合",3 [59/219],,,,,,,,
JOURNAL OF EARLY CHRISTIAN STUDIES,2025,1067-6341/1086-3184,否,否,否,AHCI,0.3,,哲学,2 [68/795],否,一级, RELIGION 宗教,1 [17/340], HISTORY 历史学,2 [33/523],,,,,,,,
Journal for the Study of the Pseudepigrapha,2025,0951-8207/1745-5286,否,否,否,ESCI,0.4,,哲学,2 [69/795],否,一级, RELIGION 宗教,2 [18/340],,,,,,,,,,
SOCIAL COMPASS,2025,0037-7686/1461-7404,否,否,否,SSCI;AHCI,0.7,,哲学,2 [70/795],否,一级, RELIGION 宗教,2 [19/340], SOCIOLOGY 社会学,3 [76/216],,,,,,,,
Biological Theory,2025,1555-5542/1555-5550,否,否,否,ESCI,1.9,,哲学,2 [71/795],否,一级, HISTORY & PHILOSOPHY OF SCIENCE 科学史与科学哲学,2 [20/105],,,,,,,,,,
Scripta Theologica,2025,0036-9764/2254-6227,否,否,否,ESCI,0.5,,哲学,2 [72/795],否,一级, RELIGION 宗教,2 [20/340],,,,,,,,,,
Business Ethics the Environment & Responsibility,2025,2694-6416/2694-6424,否,否,否,SSCI,4.2,,哲学,2 [73/795],否,一级, ETHICS 伦理学,2 [16/77], BUSINESS 商业：管理,4 [118/302],,,,,,,,
MONIST,2025,0026-9662/2153-3601,否,否,否,AHCI,1.1,,哲学,2 [74/795],否,一级, PHILOSOPHY 哲学,2 [35/328],,,,,,,,,,
JOURNAL OF THE BRITISH SOCIETY FOR PHENOMENOLOGY,2025,0007-1773/2332-0486,否,否,否,AHCI,1,,哲学,2 [75/795],否,一级, PHILOSOPHY 哲学,2 [36/328],,,,,,,,,,
INQUIRY-AN INTERDISCIPLINARY JOURNAL OF PHILOSOPHY,2025,0020-174X/1502-3923,否,否,是,SSCI;AHCI,0.9,,哲学,2 [76/795],否,一级, PHILOSOPHY 哲学,2 [37/328], ETHICS 伦理学,3 [17/77],,,,,,,,
Journal of World Christianity,2025,2377-8784/1943-1538,否,否,否,ESCI,0.5,,哲学,2 [77/795],否,一级, RELIGION 宗教,2 [21/340],,,,,,,,,,
Journal of Ethics,2025,1382-4554/1572-8609,否,否,否,ESCI,0.8,,哲学,2 [78/795],否,一级, PHILOSOPHY 哲学,2 [38/328], ETHICS 伦理学,3 [18/77],,,,,,,,
THEOLOGICAL STUDIES,2025,0040-5639/2169-1304,否,否,否,AHCI,0.4,,哲学,2 [79/795],否,一级, RELIGION 宗教,2 [22/340],,,,,,,,,,
Early Science and Medicine,2025,1383-7427/1573-3823,否,否,否,AHCISCIE,0.2,,哲学,2 [80/795],否,一级, HISTORY & PHILOSOPHY OF SCIENCE 科学史与科学哲学,2 [22/105],,,,,,,,,,
Ethics and Information Technology,2025,1388-1957/1572-8439,否,否,否,SSCI;AHCI,4,,哲学,2 [81/795],否,一级, PHILOSOPHY 哲学,2 [39/328], ETHICS 伦理学,3 [19/77], INFORMATION SCIENCE & LIBRARY SCIENCE 图书情报与档案管理,3 [45/160],,,,,,
JOURNAL OF MEDICAL ETHICS,2025,0306-6800/1473-4257,否,否,否,SSCI;SCIE,3.4,,哲学,2 [82/795],否,一级, MEDICAL ETHICS 医学：伦理,2 [4/23], ETHICS 伦理学,3 [21/77], SOCIAL ISSUES 社会问题,3 [18/66]," SOCIAL SCIENCES, BIOMEDICAL 社会科学：生物医学",3 [16/46],,,,
PACIFIC PHILOSOPHICAL QUARTERLY,2025,0279-0750/1468-0114,否,否,否,AHCI,0.8,,哲学,2 [83/795],否,一级, PHILOSOPHY 哲学,2 [40/328],,,,,,,,,,
HARVARD THEOLOGICAL REVIEW,2025,0017-8160/1475-4517,否,否,否,AHCI,0.5,,哲学,2 [84/795],否,一级, RELIGION 宗教,2 [23/340],,,,,,,,,,
RADICAL PHILOSOPHY,2025,0300-211X/0030-211X,否,否,否,SSCI,1,,哲学,2 [85/795],否,一级, ETHICS 伦理学,3 [22/77], WOMENS STUDIES 女性研究,3 [16/66],,,,,,,,
Ecclesiology,2025,1744-1366/1745-5316,否,否,否,ESCI,0.2,,哲学,2 [86/795],否,一级, RELIGION 宗教,2 [24/340],,,,,,,,,,
LAW AND PHILOSOPHY,2025,0167-5249/1573-0522,否,否,否,SSCI,0.6,,哲学,2 [87/795],否,一级, ETHICS 伦理学,3 [23/77], LAW 法学,3 [63/427],,,,,,,,
EUROPEAN JOURNAL OF PHILOSOPHY,2025,0966-8373/1468-0378,否,否,否,AHCI,0.9,,哲学,2 [88/795],否,一级, PHILOSOPHY 哲学,2 [42/328],,,,,,,,,,
NUMEN-INTERNATIONAL REVIEW FOR THE HISTORY OF RELIGIONS,2025,0029-5973/1568-5276,否,否,否,AHCI,0.3,,哲学,2 [89/795],否,一级, HISTORY 历史学,2 [43/523], RELIGION 宗教,2 [25/340],,,,,,,,
Medicine Health Care and Philosophy,2025,1386-7423/1572-8633,否,否,否,SSCI;AHCI,3.1,,哲学,2 [90/795],否,一级, ETHICS 伦理学,3 [24/77], HISTORY & PHILOSOPHY OF SCIENCE 科学史与科学哲学,3 [24/105],,,,,,,,
PHRONESIS-A JOURNAL FOR ANCIENT PHILOSOPHY,2025,0031-8868/1568-5284,否,否,否,AHCI,0.5,,哲学,2 [91/795],否,一级, PHILOSOPHY 哲学,2 [43/328],,,,,,,,,,
Social Epistemology,2025,0269-1728/1464-5297,否,否,否,SSCI;AHCI,2,,哲学,2 [92/795],否,一级, PHILOSOPHY 哲学,2 [44/328], HISTORY & PHILOSOPHY OF SCIENCE 科学史与科学哲学,3 [25/105]," SOCIAL SCIENCES, INTERDISCIPLINARY 社会科学：跨领域",3 [54/263],,,,,,
Journal of Islamic Studies,2025,0955-2340/1471-6917,否,否,否,AHCI,0.6,,哲学,2 [93/795],否,一级," HUMANITIES, MULTIDISCIPLINARY 人文科学",1 [18/406],,,,,,,,,,
Historical Studies in the Natural Sciences,2025,1939-1811/1939-182X,否,否,否,SSCI;AHCISCIE,0.3,,哲学,2 [94/795],否,一级, HISTORY & PHILOSOPHY OF SCIENCE 科学史与科学哲学,3 [26/105],,,,,,,,,,
Journal for the Study of the New Testament,2025,0142-064X/1745-5294,否,否,否,AHCI,0.4,,哲学,2 [95/795],否,一级, RELIGION 宗教,2 [26/340],,,,,,,,,,
Scientia et Fides,2025,2300-7648/2353-5636,否,否,是,ESCI,,,哲学,2 [96/795],否,一级, RELIGION 宗教,2 [27/340],,,,,,,,,,
HISTORY OF EUROPEAN IDEAS,2025,0191-6599/1873-541X,否,否,否,AHCI,0.5,,哲学,2 [97/795],否,一级, PHILOSOPHY 哲学,2 [45/328],,,,,,,,,,
SCIENCE AS CULTURE,2025,0950-5431/1470-1189,否,否,否,SSCI;AHCI,2.4,,哲学,2 [98/795],否,二级, CULTURAL STUDIES 文化研究,3 [19/59], HISTORY & PHILOSOPHY OF SCIENCE 科学史与科学哲学,3 [27/105],,,,,,,,
Accountability in Research-Ethics Integrity and Policy,2025,0898-9621/1545-5815,否,否,否,SCIE,4,,哲学,2 [99/795],否,二级, MEDICAL ETHICS 医学：伦理,2 [5/23],,,,,,,,,,
ECONOMICS AND PHILOSOPHY,2025,0266-2671/1474-0028,否,否,否,SSCI,1.5,,哲学,2 [100/795],否,二级, ECONOMICS 经济学,3 [176/599], ETHICS 伦理学,3 [25/77],,,,,,,,
CONTINENTAL PHILOSOPHY REVIEW,2025,1387-2842/1573-1103,否,否,否,AHCI,0.7,,哲学,2 [101/795],否,二级, PHILOSOPHY 哲学,2 [46/328],,,,,,,,,,
Berichte zur Wissenschaftsgeschichte,2025,0170-6233/1522-2365,否,否,否,SSCI;AHCISCIE,0.4,,哲学,2 [102/795],否,二级, HISTORY & PHILOSOPHY OF SCIENCE 科学史与科学哲学,3 [28/105],,,,,,,,,,
Journal of Contemporary Religion,2025,1353-7903/1469-9419,否,否,否,AHCI,0.6,,哲学,2 [103/795],否,二级, RELIGION 宗教,2 [28/340],,,,,,,,,,
Journal of Chinese Religions,2025,0737-769X/2050-8999,否,否,否,ESCI,0.5,,哲学,2 [104/795],否,二级, ASIAN STUDIES 亚洲研究,2 [9/102], RELIGION 宗教,2 [29/340],,,,,,,,
Welt des Islams,2025,0043-2539,否,否,否,AHCI,0.5,,哲学,2 [105/795],否,二级, RELIGION 宗教,2 [30/340],,,,,,,,,,
Philological Encounters,2025,2451-9189/2451-9197,否,否,否,ESCI,0.6,,哲学,2 [106/795],否,二级, LITERATURE 其他形式的文学,1 [9/199], LANGUAGE & LINGUISTICS 语言与语言学,3 [91/391],,,,,,,,
PHILOSOPHY OF SCIENCE,2025,0031-8248/1539-767X,否,否,否,SSCI;AHCISCIE,1.1,,哲学,2 [107/795],否,二级, HISTORY & PHILOSOPHY OF SCIENCE 科学史与科学哲学,3 [29/105],,,,,,,,,,
Ethical Theory and Moral Practice,2025,1386-2820/1572-8447,否,否,否,AHCI,1.4,,哲学,2 [108/795],否,二级, PHILOSOPHY 哲学,2 [47/328],,,,,,,,,,
NEW TESTAMENT STUDIES,2025,0028-6885/1469-8145,否,否,否,AHCI,0.6,,哲学,2 [109/795],否,二级, RELIGION 宗教,2 [31/340],,,,,,,,,,
AMERICAN PHILOSOPHICAL QUARTERLY,2025,0003-0481/2152-1123,否,否,否,AHCI,0.7,,哲学,2 [110/795],否,二级, PHILOSOPHY 哲学,2 [49/328],,,,,,,,,,
NOVUM TESTAMENTUM,2025,0048-1009,否,否,否,AHCI,0.4,,哲学,2 [111/795],否,二级, RELIGION 宗教,2 [32/340],,,,,,,,,,
Religion Brain & Behavior,2025,2153-599X/2153-5981,否,否,否,AHCI,3.4,,哲学,2 [112/795],否,二级, RELIGION 宗教,2 [33/340],,,,,,,,,,
Ethics & Bioethics,2025,1338-5615/2453-7829,否,否,是,ESCI,1,,哲学,2 [113/795],否,二级, PHILOSOPHY 哲学,2 [50/328], ETHICS 伦理学,3 [26/77],,,,,,,,
Religion and Theology-A Journal of Contemporary Religious Discourse,2025,1023-0807/1574-3012,否,否,否,ESCI,0.6,,哲学,2 [114/795],否,二级, RELIGION 宗教,2 [35/340],,,,,,,,,,
ARCHIV FUR GESCHICHTE DER PHILOSOPHIE,2025,0003-9101/1613-0650,否,否,否,AHCI,0.7,,哲学,2 [115/795],否,二级, PHILOSOPHY 哲学,2 [51/328],,,,,,,,,,
TECHNOLOGY AND CULTURE,2025,0040-165X/1097-3729,否,否,否,SSCI;AHCISCIE,0.7,,哲学,2 [116/795],否,二级, HISTORY & PHILOSOPHY OF SCIENCE 科学史与科学哲学,3 [30/105],,,,,,,,,,
International Journal of Latin American Religions,2025,2509-9957/2509-9965,否,否,否,ESCI,0.3,,哲学,2 [117/795],否,二级, RELIGION 宗教,2 [36/340],,,,,,,,,,
JOURNAL OF JEWISH STUDIES,2025,0022-2097/0022-2097,否,否,否,AHCI,0.3,,哲学,2 [118/795],否,二级, RELIGION 宗教,2 [37/340],,,,,,,,,,
Bogoslovni Vestnik-Theological Quarterly-Ephemerides Theologicae,2025,0006-5722/1581-2987,否,否,是,ESCI,0.7,,哲学,2 [119/795],否,二级, RELIGION 宗教,2 [38/340],,,,,,,,,,
Modern Theology,2025,0266-7177/1468-0025,否,否,否,AHCI,0.4,,哲学,2 [120/795],否,二级, RELIGION 宗教,2 [39/340],,,,,,,,,,
MODERN JUDAISM,2025,0276-1114/1086-3273,否,否,否,AHCI,0.5,,哲学,2 [121/795],否,二级," HUMANITIES, MULTIDISCIPLINARY 人文科学",2 [22/406],,,,,,,,,,
International Journal of Childrens Spirituality,2025,1364-436X/1469-8455,否,否,否,AHCI,0.8,,哲学,2 [122/795],否,二级, RELIGION 宗教,2 [40/340],,,,,,,,,,
Oriens,2025,0078-6527/1877-8372,否,否,否,AHCI,0.5,,哲学,2 [123/795],否,二级," HUMANITIES, MULTIDISCIPLINARY 人文科学",2 [23/406],,,,,,,,,,
JOURNAL OF INDIAN PHILOSOPHY,2025,0022-1791/1573-0395,否,否,否,AHCI,0.3,,哲学,2 [124/795],否,二级, ASIAN STUDIES 亚洲研究,2 [13/102], PHILOSOPHY 哲学,3 [52/328],,,,,,,,
KANT-STUDIEN,2025,0022-8877/1613-1134,否,否,否,AHCI,0.8,,哲学,2 [125/795],否,二级, PHILOSOPHY 哲学,3 [53/328],,,,,,,,,,
Philosophy Psychiatry & Psychology,2025,1071-6076/1086-3303,否,否,否,ESCI,1.9,,哲学,2 [126/795],否,二级, PHILOSOPHY 哲学,3 [54/328],,,,,,,,,,
Nuncius-Journal of the History of Science,2025,0394-7394/1825-3911,否,否,否,SSCI;AHCISCIE,0.4,,哲学,2 [127/795],否,二级, HISTORY & PHILOSOPHY OF SCIENCE 科学史与科学哲学,3 [31/105],,,,,,,,,,
ENVIRONMENTAL ETHICS,2025,0163-4275/2153-7895,否,否,否,SSCI,1.1,,哲学,2 [128/795],否,二级, ETHICS 伦理学,3 [27/77], ENVIRONMENTAL STUDIES 环境研究,4 [89/183],,,,,,,,
Religion Compass,2025,1749-8171/1749-8171,否,否,否,ESCI,0.4,,哲学,2 [129/795],否,二级, RELIGION 宗教,2 [41/340],,,,,,,,,,
Philosophical Explorations,2025,1386-9795/1741-5918,否,否,否,AHCI,1.1,,哲学,2 [130/795],否,二级, PHILOSOPHY 哲学,3 [55/328],,,,,,,,,,
Hypatia-A Journal of Feminist Philosophy,2025,0887-5367/1527-2001,否,否,否,SSCI;AHCI,1.6,,哲学,2 [131/795],否,二级, PHILOSOPHY 哲学,3 [56/328], WOMENS STUDIES 女性研究,4 [25/66],,,,,,,,
VIVARIUM-AN INTERNATIONAL JOURNAL FOR THE PHILOSOPHY AND INTELLECTUAL LIFE OF THE MIDDLE AGES AND RENAISSANCE,2025,0042-7543,否,否,否,AHCI,0.2,,哲学,2 [132/795],否,二级, MEDIEVAL & RENAISSANCE STUDIES 中世纪与文艺复兴研究,3 [15/82], PHILOSOPHY 哲学,3 [57/328],,,,,,,,
REVUE BIBLIQUE,2025,0035-0907/2466-8583,否,否,否,AHCI,0.2,,哲学,2 [133/795],否,二级, RELIGION 宗教,2 [42/340],,,,,,,,,,
RHETORICA-A JOURNAL OF THE HISTORY OF RHETORIC,2025,0734-8584/1533-8541,否,否,否,AHCI,0.4,,哲学,2 [134/795],否,二级, HISTORY 历史学,2 [69/523], LITERATURE 其他形式的文学,2 [17/199],,,,,,,,
JOURNAL OF ECCLESIASTICAL HISTORY,2025,0022-0469/1469-7637,否,否,否,AHCI,0.3,,哲学,2 [135/795],否,二级, HISTORY 历史学,2 [71/523], RELIGION 宗教,2 [43/340],,,,,,,,
Journal of Law and the Biosciences,2025,2053-9711/2053-9711,否,否,是,SSCI;SCIE,2.4,,哲学,2 [136/795],否,二级," MEDICINE, LEGAL 医学：法",2 [6/23], ETHICS 伦理学,3 [28/77], LAW 法学,3 [84/427], MEDICAL ETHICS 医学：伦理,3 [6/23],,,,
Review of Religion and Chinese Society,2025,2214-3947/2214-3955,否,否,否,ESCI,0.9,,哲学,2 [137/795],否,二级, ASIAN STUDIES 亚洲研究,2 [14/102], RELIGION 宗教,2 [44/340],,,,,,,,
Ethics & International Affairs,2025,0892-6794/1747-7093,否,否,否,SSCI,1.1,,哲学,2 [138/795],否,二级, ETHICS 伦理学,3 [29/77], INTERNATIONAL RELATIONS 国际关系学,4 [86/165], POLITICAL SCIENCE 政治学,4 [153/317],,,,,,
PHILOSOPHY,2025,0031-8191/1469-817X,否,否,否,AHCI,0.7,,哲学,2 [139/795],否,二级, PHILOSOPHY 哲学,3 [58/328],,,,,,,,,,
ERKENNTNIS,2025,0165-0106/1572-8420,否,否,否,AHCI,0.9,,哲学,2 [140/795],否,二级, PHILOSOPHY 哲学,3 [59/328],,,,,,,,,,
Contemporary Islam-Dynamics of Muslim Life,2025,1872-0218/1872-0226,否,否,否,ESCI,0.7,,哲学,2 [141/795],否,二级, RELIGION 宗教,2 [45/340],,,,,,,,,,
Ambix,2025,0002-6980/1745-8234,否,否,否,AHCISCIE,0.6,,哲学,2 [142/795],否,二级, HISTORY & PHILOSOPHY OF SCIENCE 科学史与科学哲学,3 [32/105],,,,,,,,,,
Hume Studies,2025,0319-7336/1947-9921,否,否,否,AHCI,0.2,,哲学,2 [143/795],否,二级, PHILOSOPHY 哲学,3 [60/328],,,,,,,,,,
Journal of the American Philosophical Association,2025,2053-4477/2053-4485,否,否,否,AHCI,1.1,,哲学,2 [144/795],否,二级, PHILOSOPHY 哲学,3 [61/328],,,,,,,,,,
Religions,2025,2077-1444/2077-1444,否,否,是,AHCI,0.6,,哲学,2 [145/795],否,二级, RELIGION 宗教,2 [46/340],,,,,,,,,,
Journal for General Philosophy of Science,2025,0925-4560/1572-8587,否,否,否,AHCI,0.9,,哲学,2 [146/795],否,二级, HISTORY & PHILOSOPHY OF SCIENCE 科学史与科学哲学,3 [33/105],,,,,,,,,,
AJS Review-The Journal of the Association for Jewish Studies,2025,0364-0094/1475-4541,否,否,否,AHCI,0.5,,哲学,2 [147/795],否,二级, HISTORY 历史学,2 [78/523], RELIGION 宗教,2 [47/340],,,,,,,,
RELIGIOUS STUDIES,2025,0034-4125/1469-901X,否,否,否,AHCI,0.7,,哲学,2 [148/795],否,二级, RELIGION 宗教,2 [48/340],,,,,,,,,,
TOPOI-AN INTERNATIONAL REVIEW OF PHILOSOPHY,2025,0167-7411/1572-8749,否,否,否,AHCI,1.3,,哲学,2 [149/795],否,二级, PHILOSOPHY 哲学,3 [63/328],,,,,,,,,,
INTERNATIONAL JOURNAL FOR PHILOSOPHY OF RELIGION,2025,0020-7047/1572-8684,否,否,否,AHCI,0.7,,哲学,3 [150/795],否,二级, RELIGION 宗教,2 [49/340], PHILOSOPHY 哲学,3 [64/328],,,,,,,,
ISLAM-ZEITSCHRIFT FUR GESCHICHTE UND KULTUR DES ISLAMISCHEN ORIENTS,2025,0021-1818/1613-0928,否,否,否,AHCI,0.3,,哲学,3 [151/795],否,二级, ASIAN STUDIES 亚洲研究,2 [16/102], RELIGION 宗教,2 [50/340],,,,,,,,
Biblical Interpretation-A Journal of Contemporary Approaches,2025,0927-2569/1568-5152,否,否,否,AHCI,0.3,,哲学,3 [152/795],否,二级, RELIGION 宗教,2 [51/340],,,,,,,,,,
Informal Logic,2025,0824-2577/0824-2577,否,否,是,AHCI,1,,哲学,3 [153/795],否,二级, PHILOSOPHY 哲学,3 [65/328],,,,,,,,,,
Islamic Africa,2025,0803-0685/2154-0993,否,否,否,AHCI,0.3,,哲学,3 [154/795],否,二级, RELIGION 宗教,2 [52/340],,,,,,,,,,
HISTORY AND PHILOSOPHY OF LOGIC,2025,0144-5340/1464-5149,否,否,否,AHCISCIE,0.7,,哲学,3 [155/795],否,二级, HISTORY & PHILOSOPHY OF SCIENCE 科学史与科学哲学,3 [35/105], LOGIC 逻辑学,3 [7/25], PHILOSOPHY 哲学,3 [67/328],,,,,,
Aleph-Historical Studies in Science & Judaism,2025,1565-1525/1565-5423,否,否,否,AHCI,0.5,,哲学,3 [156/795],否,二级, RELIGION 宗教,2 [53/340], HISTORY & PHILOSOPHY OF SCIENCE 科学史与科学哲学,3 [36/105],,,,,,,,
Monash Bioethics Review,2025,1321-2753/1836-6716,否,否,否,ESCI,1.6,,哲学,3 [157/795],否,二级, ETHICS 伦理学,3 [30/77],,,,,,,,,,
Dao-A Journal of Comparative Philosophy,2025,1540-3009/1569-7274,否,否,否,AHCI,0.6,,哲学,3 [158/795],否,二级, ASIAN STUDIES 亚洲研究,2 [17/102], PHILOSOPHY 哲学,3 [68/328],,,,,,,,
VETUS TESTAMENTUM,2025,0042-4935,否,否,否,AHCI,0.3,,哲学,3 [159/795],否,二级, RELIGION 宗教,2 [54/340],,,,,,,,,,
SCIENCE AND ENGINEERING ETHICS,2025,1353-3452/1471-5546,否,是,是,SSCI;SCIE,3,,哲学,3 [160/795],否,二级," ENGINEERING, MULTIDISCIPLINARY 工程：综合",3 [44/179], ETHICS 伦理学,3 [31/77], HISTORY & PHILOSOPHY OF SCIENCE 科学史与科学哲学,3 [37/105],,,,,,
Ratio,2025,0034-0006/1467-9329,否,否,否,AHCI,0.4,,哲学,3 [161/795],否,二级, PHILOSOPHY 哲学,3 [69/328],,,,,,,,,,
ETHICS & BEHAVIOR,2025,1050-8422/1532-7019,否,否,否,SSCI,1.9,,哲学,3 [162/795],否,二级, ETHICS 伦理学,3 [32/77]," PSYCHOLOGY, MULTIDISCIPLINARY 心理学：综合",3 [89/219],,,,,,,,
Journal for the Study of Spirituality,2025,2044-0243/2044-0251,否,否,否,ESCI,0.8,,哲学,3 [163/795],否,二级, RELIGION 宗教,2 [55/340],,,,,,,,,,
ASIAN PHILOSOPHY,2025,0955-2367/1469-2961,否,否,否,AHCI,0.1,,哲学,3 [164/795],否,二级, ASIAN STUDIES 亚洲研究,2 [18/102], PHILOSOPHY 哲学,3 [71/328],,,,,,,,
JOURNAL OF AGRICULTURAL & ENVIRONMENTAL ETHICS,2025,1187-7863/1573-322X,否,否,否,SSCI;AHCISCIE,2.8,,哲学,3 [165/795],否,二级," AGRICULTURE, MULTIDISCIPLINARY 农业综合",3 [19/88], ENVIRONMENTAL SCIENCES 环境科学,3 [151/357], ETHICS 伦理学,3 [34/77], HISTORY & PHILOSOPHY OF SCIENCE 科学史与科学哲学,3 [38/105],,,,
PHILOSOPHY & SOCIAL CRITICISM,2025,0191-4537/1461-734X,否,否,否,AHCI,0.7,,哲学,3 [166/795],否,二级, PHILOSOPHY 哲学,3 [72/328],,,,,,,,,,
HISTORY OF RELIGIONS,2025,0018-2710/1545-6935,否,否,否,AHCI,0.8,,哲学,3 [167/795],否,二级, RELIGION 宗教,2 [56/340], HISTORY 历史学,3 [85/523],,,,,,,,
Collectanea Christiana Orientalia,2025,1697-2104/2386-7442,否,否,是,ESCI,0.4,,哲学,3 [168/795],否,二级, RELIGION 宗教,3 [57/340],,,,,,,,,,
International Journal of Hindu Studies,2025,1022-4556/1574-9282,否,否,否,AHCI,0.5,,哲学,3 [169/795],否,二级, RELIGION 宗教,3 [58/340],,,,,,,,,,
International Journal for the Psychology of Religion,2025,1050-8619/1532-7582,否,否,否,SSCI;AHCI,1.5,,哲学,3 [170/795],否,二级, RELIGION 宗教,3 [59/340]," PSYCHOLOGY, MULTIDISCIPLINARY 心理学：综合",4 [94/219],,,,,,,,
PHILOSOPHY OF THE SOCIAL SCIENCES,2025,0048-3931/1552-7441,否,否,否,SSCI;AHCI,0.4,,哲学,3 [171/795],否,二级, ETHICS 伦理学,3 [35/77], PHILOSOPHY 哲学,3 [74/328],,,,,,,,
Islamiyyat-The International Journal of Islamic Studies,2025,0126-5636/0126-5636,否,否,否,ESCI,0.8,,哲学,3 [172/795],否,二级, RELIGION 宗教,3 [60/340],,,,,,,,,,
Islam and Christian-Muslim Relations,2025,0959-6410/1469-9311,否,否,否,AHCI,0.3,,哲学,3 [173/795],否,二级, RELIGION 宗教,3 [61/340],,,,,,,,,,
MEDICAL HISTORY,2025,0025-7273/2048-8343,否,否,否,SSCI;AHCISCIE,1.1,,哲学,3 [174/795],否,二级, HISTORY & PHILOSOPHY OF SCIENCE 科学史与科学哲学,3 [39/105], HEALTH CARE SCIENCES & SERVICES 卫生保健与服务,4 [78/173],,,,,,,,
JEWISH QUARTERLY REVIEW,2025,0021-6682/1553-0604,否,否,否,ESCI,0.5,,哲学,3 [175/795],否,二级," HUMANITIES, MULTIDISCIPLINARY 人文科学",2 [42/406],,,,,,,,,,
PHILOSOPHICAL PSYCHOLOGY,2025,0951-5089/1465-394X,否,否,否,SSCI,2.1,,哲学,3 [176/795],否,二级, ETHICS 伦理学,4 [36/77]," PSYCHOLOGY, MULTIDISCIPLINARY 心理学：综合",4 [96/219],,,,,,,,
HASTINGS CENTER REPORT,2025,0093-0334/1552-146X,否,否,否,SSCI;SCIE,2.3,,哲学,3 [177/795],否,二级, MEDICAL ETHICS 医学：伦理,3 [7/23]," SOCIAL SCIENCES, BIOMEDICAL 社会科学：生物医学",3 [23/46], ETHICS 伦理学,4 [37/77], HEALTH CARE SCIENCES & SERVICES 卫生保健与服务,4 [79/173],,,,
Reformation,2025,1357-4175/1752-0738,否,否,否,ESCI,1.1,,哲学,3 [178/795],否,二级, RELIGION 宗教,3 [62/340],,,,,,,,,,
Journal for the Study of the Old Testament,2025,0309-0892/1476-6728,否,否,否,AHCI,0.3,,哲学,3 [179/795],否,二级, RELIGION 宗教,3 [63/340],,,,,,,,,,
Journal of Empirical Theology,2025,0922-2936/1570-9256,否,否,否,ESCI,0.8,,哲学,3 [180/795],否,二级, RELIGION 宗教,3 [64/340],,,,,,,,,,
Sartre Studies International,2025,1357-1559/1357-1559,否,否,否,ESCI,0.3,,哲学,3 [181/795],否,二级, PHILOSOPHY 哲学,3 [75/328],,,,,,,,,,
Jewish Studies Quarterly,2025,0944-5706/1868-6788,否,否,否,ESCI,0.2,,哲学,3 [182/795],否,二级," HUMANITIES, MULTIDISCIPLINARY 人文科学",2 [47/406],,,,,,,,,,
PentecoStudies-An Interdisciplinary Journal for Research on the Pentecostal and Charismatic Movements,2025,2041-3599/1871-7691,否,否,否,ESCI,,,哲学,3 [183/795],否,二级, RELIGION 宗教,3 [65/340],,,,,,,,,,
Journal of Social Philosophy,2025,0047-2786/1467-9833,否,否,否,SSCI;AHCI,1.2,,哲学,3 [184/795],否,二级, PHILOSOPHY 哲学,3 [76/328], ETHICS 伦理学,4 [38/77], SOCIAL ISSUES 社会问题,4 [27/66],,,,,,
Material Religion,2025,1743-2200/1751-8342,否,否,否,AHCI,0.4,,哲学,3 [185/795],否,二级, RELIGION 宗教,3 [66/340],,,,,,,,,,
VIGILIAE CHRISTIANAE,2025,0042-6032/1570-0720,否,否,否,AHCI,0.3,,哲学,3 [186/795],否,二级, RELIGION 宗教,3 [67/340],,,,,,,,,,
Religion and Society-Advances in Research,2025,2150-9298/2150-9301,否,否,是,ESCI,0.3,,哲学,3 [187/795],否,二级, RELIGION 宗教,3 [68/340],,,,,,,,,,
Logic and Logical Philosophy,2025,1425-3305/2300-9802,否,否,否,ESCI,0.4,,哲学,3 [188/795],否,二级, LOGIC 逻辑学,3 [10/25], PHILOSOPHY 哲学,3 [77/328],,,,,,,,
INTERNATIONAL JOURNAL OF PHILOSOPHICAL STUDIES,2025,0967-2559/1466-4542,否,否,否,AHCI,0.6,,哲学,3 [189/795],否,二级, PHILOSOPHY 哲学,3 [78/328],,,,,,,,,,
Ingenium-Revista Electronica de Pensamiento Moderno y Metodologia en Historia de la Ideas,2025,1989-3663/1989-3663,否,否,否,ESCI,<0.1,,哲学,3 [190/795],否,二级, PHILOSOPHY 哲学,3 [79/328],,,,,,,,,,
Medieval Mystical Theology,2025,2046-5726/2046-5734,否,否,否,ESCI,0.3,,哲学,3 [191/795],否,二级, RELIGION 宗教,3 [69/340],,,,,,,,,,
BIOLOGY & PHILOSOPHY,2025,0169-3867/1572-8404,否,否,否,SSCI;AHCISCIE,1.8,,哲学,3 [192/795],否,二级, HISTORY & PHILOSOPHY OF SCIENCE 科学史与科学哲学,3 [41/105],,,,,,,,,,
Journal of Ancient Near Eastern Religions,2025,1569-2116/1569-2124,否,否,否,AHCI,0.1,,哲学,3 [193/795],否,二级, HISTORY 历史学,3 [96/523], RELIGION 宗教,3 [70/340],,,,,,,,
Comparative Philosophy-An International Journal of Constructive Engagement of Distinct Approaches toward World Philosophy,2025,2151-6014/2151-6014,否,否,是,ESCI,0.3,,哲学,3 [194/795],否,二级, PHILOSOPHY 哲学,3 [81/328],,,,,,,,,,
International Journal of the Platonic Tradition,2025,1872-5082/1872-5473,否,否,否,AHCI,0.1,,哲学,3 [195/795],否,二级, PHILOSOPHY 哲学,3 [82/328],,,,,,,,,,
JOURNAL OF RELIGION IN AFRICA,2025,0022-4200/1570-0666,否,否,否,AHCI,0.4,,哲学,3 [196/795],否,二级, RELIGION 宗教,3 [71/340],,,,,,,,,,
JOURNAL OF RELIGIOUS HISTORY,2025,0022-4227/1467-9809,否,否,否,AHCI,0.3,,哲学,3 [197/795],否,二级, HISTORY 历史学,3 [98/523], RELIGION 宗教,3 [72/340],,,,,,,,
Journal of Practical Ethics,2025,2051-655X/2051-655X,否,否,是,ESCI,0.6,,哲学,3 [198/795],否,二级, ETHICS 伦理学,4 [39/77],,,,,,,,,,
Faith and Philosophy,2025,0739-7046/2153-3393,否,否,否,ESCI,,,哲学,3 [199/795],否,二级, PHILOSOPHY 哲学,3 [83/328], RELIGION 宗教,3 [73/340],,,,,,,,
Early Christianity,2025,1868-7032/1868-8020,否,否,否,ESCI,0.2,,哲学,3 [200/795],否,二级, RELIGION 宗教,3 [74/340],,,,,,,,,,
JOURNAL FOR THE HISTORY OF ASTRONOMY,2025,0021-8286/1753-8556,否,否,否,AHCISCIE,0.5,,哲学,3 [201/795],否,二级, HISTORY & PHILOSOPHY OF SCIENCE 科学史与科学哲学,3 [42/105],,,,,,,,,,
Humana Mente-Journal of Philosophical Studies,2025,1972-1293/1972-1293,否,否,是,ESCI,,,哲学,3 [202/795],否,二级, PHILOSOPHY 哲学,3 [84/328],,,,,,,,,,
Constructivist Foundations,2025,1782-348X,否,否,否,AHCI,2.8,,哲学,3 [203/795],否,二级, PHILOSOPHY 哲学,3 [85/328],,,,,,,,,,
Recherches de Theologie et Philosophie Medievales,2025,1370-7493/1783-1717,否,否,否,AHCI,0.3,,哲学,3 [204/795],否,二级, MEDIEVAL & RENAISSANCE STUDIES 中世纪与文艺复兴研究,3 [24/82], RELIGION 宗教,3 [75/340],,,,,,,,
Res Publica-A Journal of Moral Legal and Political Philosophy,2025,1356-4765/1572-8692,否,否,否,AHCI,1.1,,哲学,3 [205/795],否,二级, PHILOSOPHY 哲学,3 [86/328],,,,,,,,,,
Teologia y Vida,2025,0049-3449/0717-6295,否,否,是,AHCI,0.3,,哲学,3 [206/795],否,二级, RELIGION 宗教,3 [76/340],,,,,,,,,,
BULLETIN OF THE HISTORY OF MEDICINE,2025,0007-5140/1086-3176,否,否,否,SSCI;AHCISCIE,0.8,,哲学,3 [207/795],否,二级, HISTORY & PHILOSOPHY OF SCIENCE 科学史与科学哲学,3 [43/105], HEALTH CARE SCIENCES & SERVICES 卫生保健与服务,4 [86/173],,,,,,,,
International Studies in the Philosophy of Science,2025,0269-8595/1469-9281,否,否,否,AHCI,0.8,,哲学,3 [208/795],否,二级, HISTORY & PHILOSOPHY OF SCIENCE 科学史与科学哲学,4 [44/105],,,,,,,,,,
JOURNAL OF THE AMERICAN ACADEMY OF RELIGION,2025,0002-7189/1477-4585,否,否,否,AHCI,0.8,,哲学,3 [209/795],否,二级, RELIGION 宗教,3 [77/340],,,,,,,,,,
Journal for the Study of Religion,2025,1011-7601/1011-7601,否,否,是,ESCI,0.8,,哲学,3 [210/795],否,二级, RELIGION 宗教,3 [78/340],,,,,,,,,,
Perspectiva Teologica,2025,0102-4469/2176-8757,否,否,是,ESCI,0.2,,哲学,3 [211/795],否,二级, RELIGION 宗教,3 [79/340],,,,,,,,,,
HUMAN STUDIES,2025,0163-8548/1572-851X,否,否,否,SSCI,1,,哲学,3 [212/795],否,二级, ETHICS 伦理学,4 [40/77], SOCIOLOGY 社会学,4 [126/216],,,,,,,,
Analytic Philosophy,2025,2153-9596/2153-960X,否,否,否,AHCI,0.4,,哲学,3 [213/795],否,二级, PHILOSOPHY 哲学,3 [88/328],,,,,,,,,,
Arabica,2025,0570-5398/1570-0585,否,否,否,AHCI,0.3,,哲学,3 [214/795],否,二级, HISTORY 历史学,3 [105/523], RELIGION 宗教,3 [80/340],,,,,,,,
Journal of Beliefs & Values-Studies in Religion & Education,2025,1361-7672/1469-9362,否,否,否,SSCI;AHCI,1,,哲学,3 [215/795],否,二级, RELIGION 宗教,3 [81/340], EDUCATION & EDUCATIONAL RESEARCH 教育学和教育研究,4 [350/754],,,,,,,,
MUSLIM WORLD,2025,0027-4909/1478-1913,否,否,否,AHCI,0.5,,哲学,3 [216/795],否,二级, ASIAN STUDIES 亚洲研究,2 [26/102], RELIGION 宗教,3 [82/340],,,,,,,,
Approaching Religion,2025,1799-3121/1799-3121,否,否,是,ESCI,0.4,,哲学,3 [217/795],否,二级, RELIGION 宗教,3 [83/340],,,,,,,,,,
Notes and Records-The Royal Society Journal of the History of Science,2025,0035-9149/1743-0178,否,否,否,AHCISCIE,0.6,,哲学,3 [218/795],否,二级, HISTORY & PHILOSOPHY OF SCIENCE 科学史与科学哲学,4 [45/105],,,,,,,,,,
Ethics & Global Politics,2025,1654-4951/1654-6369,否,否,是,SSCI,0.4,,哲学,3 [219/795],否,二级, ETHICS 伦理学,4 [41/77], POLITICAL SCIENCE 政治学,4 [189/317],,,,,,,,
JOURNAL OF THEOLOGICAL STUDIES,2025,0022-5185/1477-4607,否,否,否,AHCI,0.6,,哲学,3 [220/795],否,二级, RELIGION 宗教,3 [84/340],,,,,,,,,,
Islamic Law and Society,2025,0928-9380/1568-5195,否,否,否,AHCI,0.5,,哲学,3 [221/795],否,二级, RELIGION 宗教,3 [85/340],,,,,,,,,,
HISTORY AND PHILOSOPHY OF THE LIFE SCIENCES,2025,0391-9714/1742-6316,否,否,否,SSCI;AHCISCIE,1,,哲学,3 [222/795],否,二级, HISTORY & PHILOSOPHY OF SCIENCE 科学史与科学哲学,4 [46/105],,,,,,,,,,
British Catholic History,2025,2055-7973/2055-7981,否,否,否,AHCI,0.3,,哲学,3 [223/795],否,二级, HISTORY 历史学,3 [112/523], RELIGION 宗教,3 [86/340],,,,,,,,
Indonesian Journal of Islam and Muslim Societies,2025,2089-1490/2406-825X,否,否,是,ESCI,0.6,,哲学,3 [224/795],否,二级, RELIGION 宗教,3 [87/340],,,,,,,,,,
Journal of Quranic Studies,2025,1465-3591/1755-1730,否,否,否,AHCI,0.4,,哲学,3 [225/795],否,二级, RELIGION 宗教,3 [88/340],,,,,,,,,,
HEALTH CARE ANALYSIS,2025,1065-3058/1573-3394,否,否,否,SSCI,1.6,,哲学,3 [226/795],否,二级, ETHICS 伦理学,4 [42/77], HEALTH POLICY & SERVICES 卫生政策与服务,4 [69/118]," SOCIAL SCIENCES, BIOMEDICAL 社会科学：生物医学",4 [28/46],,,,,,
Critical Research on Religion,2025,2050-3032/2050-3040,否,否,否,ESCI,0.5,,哲学,3 [227/795],否,二级, RELIGION 宗教,3 [89/340],,,,,,,,,,
Biblical Annals,2025,2083-2222/2451-2168,否,否,是,ESCI,0.1,,哲学,3 [228/795],否,二级, RELIGION 宗教,3 [90/340],,,,,,,,,,
PHILOSOPHISCHES JAHRBUCH,2025,0031-8183/0031-8183,否,否,否,AHCI,0.1,,哲学,3 [229/795],否,二级, PHILOSOPHY 哲学,3 [89/328],,,,,,,,,,
CHURCH HISTORY,2025,0009-6407/1755-2613,否,否,否,AHCI,0.3,,哲学,3 [230/795],否,二级, HISTORY 历史学,3 [114/523], RELIGION 宗教,3 [91/340],,,,,,,,
BIOETHICS,2025,0269-9702/1467-8519,否,否,否,SSCI;SCIE,2.1,,哲学,3 [231/795],否,二级, MEDICAL ETHICS 医学：伦理,3 [8/23], ETHICS 伦理学,4 [43/77], SOCIAL ISSUES 社会问题,4 [32/66]," SOCIAL SCIENCES, BIOMEDICAL 社会科学：生物医学",4 [29/46],,,,
JOURNAL OF THE HISTORY OF MEDICINE AND ALLIED SCIENCES,2025,0022-5045/1468-4373,否,否,否,SSCI;AHCISCIE,0.4,,哲学,3 [232/795],否,二级, HEALTH CARE SCIENCES & SERVICES 卫生保健与服务,4 [90/173], HISTORY & PHILOSOPHY OF SCIENCE 科学史与科学哲学,4 [47/105],,,,,,,,
RELIGION AND AMERICAN CULTURE-A JOURNAL OF INTERPRETATION,2025,1052-1151/1533-8568,否,否,否,AHCI,0.3,,哲学,3 [233/795],否,二级, HISTORY 历史学,3 [115/523], RELIGION 宗教,3 [92/340],,,,,,,,
IDEALISTIC STUDIES,2025,0046-8541/2153-8239,否,否,否,AHCI,0.4,,哲学,3 [234/795],否,二级, PHILOSOPHY 哲学,3 [90/328],,,,,,,,,,
Nova Religio-Journal of Alternative and Emergent Religions,2025,1092-6690/1541-8480,否,否,否,AHCI,0.5,,哲学,3 [235/795],否,二级, RELIGION 宗教,3 [93/340],,,,,,,,,,
Open Theology,2025,2300-6579/2300-6579,否,否,是,ESCI,0.5,,哲学,3 [236/795],否,二级, RELIGION 宗教,3 [94/340],,,,,,,,,,
PHILOSOPHICAL INVESTIGATIONS,2025,0190-0536/1467-9205,否,否,否,AHCI,0.3,,哲学,3 [237/795],否,二级, PHILOSOPHY 哲学,3 [91/328],,,,,,,,,,
Neuroethics,2025,1874-5490/1874-5504,否,否,否,SSCI;SCIE,3.8,,哲学,3 [238/795],否,二级, MEDICAL ETHICS 医学：伦理,3 [9/23], ETHICS 伦理学,4 [44/77]," SOCIAL SCIENCES, BIOMEDICAL 社会科学：生物医学",4 [30/46],,,,,,
Journal of Law and Religion,2025,0748-0814/2163-3088,否,否,否,ESCI,0.8,,哲学,3 [239/795],否,二级, RELIGION 宗教,3 [95/340],,,,,,,,,,
Open Philosophy,2025,2543-8875/2543-8875,否,否,是,ESCI,0.4,,哲学,3 [240/795],否,二级, PHILOSOPHY 哲学,3 [92/328],,,,,,,,,,
Review of Faith & International Affairs,2025,1557-0274/1931-7743,否,否,否,AHCI,0.6,,哲学,3 [241/795],否,二级, RELIGION 宗教,3 [96/340],,,,,,,,,,
Apeiron-A Journal for Ancient Philosophy and Science,2025,0003-6390/2156-7093,否,否,否,ESCI,0.3,,哲学,3 [242/795],否,二级, PHILOSOPHY 哲学,3 [93/328],,,,,,,,,,
Studies in Chinese Religions,2025,2372-9988/2372-9996,否,否,否,ESCI,0.2,,哲学,3 [243/795],否,二级, ASIAN STUDIES 亚洲研究,3 [28/102], RELIGION 宗教,3 [97/340],,,,,,,,
Church History and Religious Culture,2025,1871-241X/1871-2428,否,否,否,ESCI,0.3,,哲学,3 [244/795],否,二级, RELIGION 宗教,3 [98/340],,,,,,,,,,
Journal of Ancient Judaism,2025,1869-3296/2196-7954,否,否,否,ESCI,0.4,,哲学,3 [245/795],否,二级, RELIGION 宗教,3 [99/340],,,,,,,,,,
Aries-Journal for the Study of Western Esotericism,2025,1567-9896/1570-0593,否,否,否,ESCI,0.5,,哲学,3 [246/795],否,二级," HUMANITIES, MULTIDISCIPLINARY 人文科学",3 [64/406],,,,,,,,,,
ZYGON,2025,0591-2385/1467-9744,否,否,否,SSCI;AHCI,0.6,,哲学,3 [247/795],否,二级, RELIGION 宗教,3 [100/340], SOCIAL ISSUES 社会问题,4 [33/66],,,,,,,,
Journal of Information Communication & Ethics in Society,2025,1477-996X/1758-8871,否,否,否,ESCI,1.9,,哲学,3 [248/795],否,二级, ETHICS 伦理学,4 [45/77],,,,,,,,,,
Derrida Today,2025,1754-8500/1754-8519,否,否,否,ESCI,0.2,,哲学,3 [249/795],否,二级, PHILOSOPHY 哲学,3 [94/328],,,,,,,,,,
HEGEL-STUDIEN,2025,0073-1587,否,否,否,AHCI,0.2,,哲学,3 [250/795],否,二级, PHILOSOPHY 哲学,3 [95/328],,,,,,,,,,
BLACK THEOLOGY,2025,1476-9948/1743-1670,否,否,否,ESCI,0.3,,哲学,3 [251/795],否,二级, RELIGION 宗教,3 [101/340],,,,,,,,,,
CENTAURUS,2025,0008-8994/1600-0498,否,否,否,SSCI;AHCISCIE,0.5,,哲学,3 [252/795],否,二级, HISTORY & PHILOSOPHY OF SCIENCE 科学史与科学哲学,4 [48/105],,,,,,,,,,
Journal of Al-Tamaddun,2025,1823-7517/1823-7517,否,否,是,ESCI,0.7,,哲学,3 [253/795],否,二级, RELIGION 宗教,3 [102/340],,,,,,,,,,
Journal of Persianate Studies,2025,1874-7094/1874-7167,否,否,否,ESCI,0.2,,哲学,3 [254/795],否,二级," HUMANITIES, MULTIDISCIPLINARY 人文科学",3 [65/406],,,,,,,,,,
Disputatio-International Journal of Philosophy,2025,0873-626X/2182-2875,否,否,否,ESCI,,,哲学,3 [255/795],否,二级, PHILOSOPHY 哲学,3 [96/328],,,,,,,,,,
STUDIES IN EAST EUROPEAN THOUGHT,2025,0925-9392/1573-0948,否,否,否,SSCI;AHCI,0.5,,哲学,3 [256/795],否,二级, PHILOSOPHY 哲学,3 [97/328], ETHICS 伦理学,4 [46/77],,,,,,,,
SCOTTISH JOURNAL OF THEOLOGY,2025,0036-9306/1475-3065,否,否,否,AHCI,0.4,,哲学,3 [257/795],否,二级, RELIGION 宗教,3 [103/340],,,,,,,,,,
Journal of Pentecostal Theology,2025,0966-7369/1745-5251,否,否,否,ESCI,0.2,,哲学,3 [258/795],否,二级, RELIGION 宗教,3 [104/340],,,,,,,,,,
HOPOS-The Journal of the International Society for the History of Philosophy of Science,2025,2152-5188/2156-6240,否,否,否,ESCI,0.4,,哲学,3 [259/795],否,二级, HISTORY & PHILOSOPHY OF SCIENCE 科学史与科学哲学,4 [49/105],,,,,,,,,,
THEORIA-REVISTA DE TEORIA HISTORIA Y FUNDAMENTOS DE LA CIENCIA,2025,0495-4548/2171-679X,否,否,是,AHCI,0.4,,哲学,3 [260/795],否,二级, HISTORY & PHILOSOPHY OF SCIENCE 科学史与科学哲学,4 [50/105],,,,,,,,,,
Politics Religion & Ideology,2025,2156-7689/2156-7697,否,否,否,SSCI;AHCI,0.6,,哲学,3 [261/795],否,二级, HISTORY 历史学,3 [124/523], RELIGION 宗教,3 [105/340], POLITICAL SCIENCE 政治学,4 [199/317],,,,,,
JOURNAL OF RELIGIOUS ETHICS,2025,0384-9694/1467-9795,否,否,否,AHCI,0.3,,哲学,3 [262/795],否,二级, RELIGION 宗教,3 [106/340],,,,,,,,,,
Rural Theology-International Ecumencial and Interdisciplinary Perspectives,2025,1470-4994/2042-1273,否,否,否,ESCI,0.5,,哲学,3 [263/795],否,二级, RELIGION 宗教,3 [107/340],,,,,,,,,,
JOURNAL OF RELIGION,2025,0022-4189/1549-6538,否,否,否,AHCI,0.4,,哲学,3 [264/795],否,二级, RELIGION 宗教,3 [108/340],,,,,,,,,,
Journal of Applied Philosophy,2025,0264-3758/1468-5930,否,否,否,SSCI;AHCI,0.9,,哲学,3 [265/795],否,二级, PHILOSOPHY 哲学,3 [98/328], ETHICS 伦理学,4 [47/77],,,,,,,,
Philosophical Issues,2025,1533-6077/1758-2237,否,否,否,AHCI,1,,哲学,3 [266/795],否,二级, PHILOSOPHY 哲学,3 [99/328],,,,,,,,,,
Culture and Religion,2025,1475-5610/1475-5629,否,否,否,ESCI,0.5,,哲学,3 [267/795],否,二级, RELIGION 宗教,3 [109/340],,,,,,,,,,
SOCIAL HISTORY OF MEDICINE,2025,0951-631X/1477-4666,否,否,否,SSCI;AHCISCIE,0.7,,哲学,3 [268/795],否,二级, HISTORY 历史学,3 [126/523], HISTORY & PHILOSOPHY OF SCIENCE 科学史与科学哲学,4 [51/105],,,,,,,,
JOURNAL FOR THE STUDY OF RELIGIONS AND IDEOLOGIES,2025,1583-0039/1583-0039,否,否,否,AHCI,0.4,,哲学,3 [269/795],否,二级, RELIGION 宗教,3 [110/340],,,,,,,,,,
Textus,2025,0082-3767/2589-255X,否,否,否,ESCI,0.1,,哲学,3 [270/795],否,二级, RELIGION 宗教,3 [111/340],,,,,,,,,,
Anthropological Measurements of Philosophical Research,2025,2227-7242/2304-9685,否,否,是,ESCI,0.5,,哲学,3 [271/795],否,二级, PHILOSOPHY 哲学,3 [100/328],,,,,,,,,,
Ergo-An Open Access Journal of Philosophy,2025,2330-4014/2330-4014,否,否,是,AHCI,0.8,,哲学,3 [272/795],否,二级, PHILOSOPHY 哲学,3 [101/328],,,,,,,,,,
International Journal of Systematic Theology,2025,1463-1652/1468-2400,否,否,否,AHCI,0.3,,哲学,3 [273/795],否,二级, RELIGION 宗教,3 [112/340],,,,,,,,,,
Hispania Sacra,2025,0018-215X/1988-4265,否,否,是,AHCI,0.2,,哲学,3 [274/795],否,二级, HISTORY 历史学,3 [129/523], RELIGION 宗教,3 [113/340],,,,,,,,
Studies in World Christianity,2025,1354-9901/1750-0230,否,否,否,AHCI,0.3,,哲学,3 [275/795],否,二级, RELIGION 宗教,3 [114/340],,,,,,,,,,
Method & Theory in the Study of Religion,2025,0943-3058/1570-0682,否,否,否,AHCI,0.8,,哲学,3 [276/795],否,二级, RELIGION 宗教,3 [115/340],,,,,,,,,,
Asian Journal of Business Ethics,2025,2210-6723/2210-6731,否,否,否,ESCI,3.2,,哲学,3 [277/795],否,二级, ETHICS 伦理学,4 [48/77],,,,,,,,,,
JOURNAL OF VALUE INQUIRY,2025,0022-5363/1573-0492,否,否,否,SSCI;AHCI,0.5,,哲学,3 [278/795],否,二级, PHILOSOPHY 哲学,3 [103/328], ETHICS 伦理学,4 [49/77],,,,,,,,
Journal of Religion Media and Digital Culture,2025,2588-8099/2165-9214,否,否,否,ESCI,0.4,,哲学,3 [279/795],否,二级, RELIGION 宗教,3 [116/340], COMMUNICATION 传播学,4 [124/223],,,,,,,,
Kant Yearbook,2025,1868-4599/1868-4602,否,否,否,ESCI,0.2,,哲学,3 [280/795],否,二级, PHILOSOPHY 哲学,3 [104/328],,,,,,,,,,
Midwest Studies in Philosophy,2025,0363-6550/1475-4975,否,否,否,AHCI,0.5,,哲学,3 [281/795],否,二级, PHILOSOPHY 哲学,3 [105/328],,,,,,,,,,
Philosophical Papers,2025,0556-8641/1996-8523,否,否,否,AHCI,1.3,,哲学,3 [282/795],否,二级, PHILOSOPHY 哲学,3 [106/328],,,,,,,,,,
New Bioethics-A Multidisciplinary Journal of Biotechnology and the Body,2025,2050-2877/2050-2885,否,否,否,ESCI,1.5,,哲学,3 [283/795],否,二级, ETHICS 伦理学,4 [50/77], MEDICAL ETHICS 医学：伦理,4 [10/23]," SOCIAL SCIENCES, BIOMEDICAL 社会科学：生物医学",4 [31/46],,,,,,
Philosophies,2025,2409-9287/2409-9287,否,否,是,ESCI,0.7,,哲学,3 [284/795],否,二级, PHILOSOPHY 哲学,3 [107/328], HISTORY & PHILOSOPHY OF SCIENCE 科学史与科学哲学,4 [52/105],,,,,,,,
RUSSELL-THE JOURNAL OF THE BERTRAND RUSSELL STUDIES,2025,0036-0163/1913-8032,否,否,否,AHCI,0.5,,哲学,3 [285/795],否,二级, PHILOSOPHY 哲学,3 [108/328],,,,,,,,,,
ACTA MISSIOLOGICA,2025,2453-7160/2453-7160,否,否,否,ESCI,3.2,,哲学,3 [286/795],否,二级, RELIGION 宗教,3 [117/340],,,,,,,,,,
Ephemerides Theologicae Lovanienses,2025,0013-9513/1783-1423,否,否,否,AHCI,0.1,,哲学,3 [287/795],否,二级, RELIGION 宗教,3 [118/340],,,,,,,,,,
Journal of Africana Religions,2025,2165-5405/2165-5413,否,否,否,ESCI,0.6,,哲学,3 [288/795],否,二级, RELIGION 宗教,3 [119/340],,,,,,,,,,
TRANSACTIONS OF THE CHARLES S PEIRCE SOCIETY,2025,0009-1774/1558-9587,否,否,否,AHCI,0.4,,哲学,3 [289/795],否,二级, PHILOSOPHY 哲学,3 [109/328],,,,,,,,,,
Practical Theology,2025,1756-073X/1756-0748,否,否,否,ESCI,0.5,,哲学,3 [290/795],否,二级, RELIGION 宗教,3 [120/340],,,,,,,,,,
Anales del Seminario de Historia de la Filosofia,2025,0211-2337/1988-2564,否,否,是,AHCI,0.2,,哲学,3 [291/795],否,二级, PHILOSOPHY 哲学,3 [110/328],,,,,,,,,,
International Journal of Buddhist Thought & Culture,2025,1598-7914/1598-7914,否,否,否,ESCI,0.1,,哲学,3 [292/795],否,二级, RELIGION 宗教,3 [121/340],,,,,,,,,,
International Journal for the Study of the Christian Church,2025,1474-225X/1747-0234,否,否,否,ESCI,0.2,,哲学,3 [293/795],否,二级, RELIGION 宗教,3 [122/340],,,,,,,,,,
CATHOLIC BIBLICAL QUARTERLY,2025,0008-7912/2163-2529,否,否,否,AHCI,0.3,,哲学,3 [294/795],否,二级, RELIGION 宗教,3 [123/340],,,,,,,,,,
BIBLISCHE ZEITSCHRIFT,2025,0006-2014/0006-2014,否,否,否,AHCI,<0.1,,哲学,3 [295/795],否,二级, RELIGION 宗教,3 [124/340],,,,,,,,,,
PHILOSOPHY EAST & WEST,2025,0031-8221/1529-1898,否,否,否,AHCI,0.3,,哲学,3 [296/795],否,二级, ASIAN STUDIES 亚洲研究,3 [39/102], PHILOSOPHY 哲学,3 [111/328],,,,,,,,
IEEE ANNALS OF THE HISTORY OF COMPUTING,2025,1058-6180/1934-1547,否,否,否,AHCISCIE,0.7,,哲学,3 [297/795],否,二级," COMPUTER SCIENCE, THEORY & METHODS 计算机：理论方法",4 [76/143], HISTORY & PHILOSOPHY OF SCIENCE 科学史与科学哲学,4 [53/105],,,,,,,,
Revue d Histoire des Mathematiques,2025,1262-022X/1262-022X,否,否,否,AHCISCIE,0.1,,哲学,3 [298/795],否,二级, HISTORY & PHILOSOPHY OF SCIENCE 科学史与科学哲学,4 [54/105],,,,,,,,,,
Journal for the Study of the Historical Jesus,2025,1476-8690/1745-5197,否,否,否,AHCI,0.5,,哲学,3 [299/795],否,二级, RELIGION 宗教,3 [125/340],,,,,,,,,,
Sophia,2025,0038-1527/1873-930X,否,否,是,AHCI,0.4,,哲学,3 [300/795],否,二级, PHILOSOPHY 哲学,3 [112/328],,,,,,,,,,
Irish Theological Quarterly,2025,0021-1400/1752-4989,否,否,否,AHCI,0.3,,哲学,3 [301/795],否,二级, RELIGION 宗教,4 [126/340],,,,,,,,,,
Spirituality Studies,2025,1339-9578/1339-9578,否,否,是,ESCI,0.4,,哲学,3 [302/795],否,二级, RELIGION 宗教,4 [127/340],,,,,,,,,,
PHILOSOPHICAL FORUM,2025,0031-806X/1467-9191,否,否,否,AHCI,0.2,,哲学,3 [303/795],否,二级, PHILOSOPHY 哲学,4 [113/328],,,,,,,,,,
Journal of Religion in Europe,2025,1874-8910/1874-8929,否,否,否,ESCI,0.4,,哲学,3 [304/795],否,二级, RELIGION 宗教,4 [128/340],,,,,,,,,,
ZEITSCHRIFT FUR DIE ALTTESTAMENTLICHE WISSENSCHAFT,2025,0044-2526/1613-0103,否,否,否,AHCI,0.2,,哲学,3 [305/795],否,二级, RELIGION 宗教,4 [129/340],,,,,,,,,,
Moral Philosophy and Politics,2025,2194-5616/2194-5624,否,否,否,ESCI,0.6,,哲学,3 [306/795],否,二级, ETHICS 伦理学,4 [51/77], PHILOSOPHY 哲学,4 [114/328], POLITICAL SCIENCE 政治学,4 [208/317],,,,,,
Hagiographica,2025,1124-1225/1124-1225,否,否,否,ESCI,0.1,,哲学,3 [307/795],否,二级, RELIGION 宗教,4 [130/340],,,,,,,,,,
HISTORIA MATHEMATICA,2025,0315-0860/1090-249X,否,否,否,SSCI;AHCISCIE,0.4,,哲学,3 [308/795],否,二级, HISTORY & PHILOSOPHY OF SCIENCE 科学史与科学哲学,4 [55/105], MATHEMATICS 数学,4 [251/487]," MATHEMATICS, INTERDISCIPLINARY APPLICATIONS 数学跨学科应用",4 [66/136],,,,,,
Acta Universitatis Carolinae Theologica,2025,1804-5588/2336-3398,否,否,是,ESCI,0.2,,哲学,3 [309/795],否,二级, RELIGION 宗教,4 [131/340],,,,,,,,,,
Hebrew Bible and Ancient Israel,2025,2192-2276/2192-2284,否,否,否,ESCI,0.2,,哲学,3 [310/795],否,二级, RELIGION 宗教,4 [132/340],,,,,,,,,,
Deleuze and Guattari Studies,2025,2398-9777/2398-9785,否,否,否,AHCI,0.2,,哲学,3 [311/795],否,二级, PHILOSOPHY 哲学,4 [116/328],,,,,,,,,,
Exchange-Journal of Contemporary Christianities in Context,2025,0166-2740/1572-543X,否,否,否,AHCI,0.3,,哲学,3 [312/795],否,二级, RELIGION 宗教,4 [133/340],,,,,,,,,,
Theology and Science,2025,1474-6700/1474-6719,否,否,否,AHCISCIE,0.6,,哲学,3 [313/795],否,二级, HISTORY & PHILOSOPHY OF SCIENCE 科学史与科学哲学,4 [57/105], RELIGION 宗教,4 [134/340],,,,,,,,
Journal of Anglican Studies,2025,1740-3553/1745-5278,否,否,否,AHCI,0.3,,哲学,3 [314/795],否,二级, RELIGION 宗教,4 [135/340],,,,,,,,,,
ZEITSCHRIFT FUR DIE NEUTESTAMENTLICHE WISSENSCHAFT UND DIE KUNDE DER ALTEREN KIRCHE,2025,0044-2615/1613-009X,否,否,否,AHCI,0.4,,哲学,3 [315/795],否,二级, RELIGION 宗教,4 [136/340],,,,,,,,,,
HORIZONS,2025,0360-9669/2050-8557,否,否,否,AHCI,0.7,,哲学,3 [316/795],否,二级, RELIGION 宗教,4 [137/340],,,,,,,,,,
PHILOSOPHIA,2025,0048-3893/1574-9274,否,否,否,AHCI,0.5,,哲学,3 [317/795],否,二级, PHILOSOPHY 哲学,4 [117/328],,,,,,,,,,
Kierkegaard Studies Yearbook,2025,1430-5372/1612-9792,否,否,否,ESCI,0.1,,哲学,3 [318/795],否,二级, PHILOSOPHY 哲学,4 [118/328], RELIGION 宗教,4 [138/340],,,,,,,,
Journal of Scottish Philosophy,2025,1479-6651/1755-2001,否,否,否,ESCI,0.2,,哲学,3 [319/795],否,二级, PHILOSOPHY 哲学,4 [119/328],,,,,,,,,,
Al-Jamiah-Journal of Islamic Studies,2025,0126-012X/2338-557X,否,否,是,ESCI,0.2,,哲学,3 [320/795],否,二级, RELIGION 宗教,4 [139/340],,,,,,,,,,
Political Theology,2025,1462-317X/1743-1719,否,否,否,ESCI,0.4,,哲学,3 [321/795],否,二级, RELIGION 宗教,4 [140/340],,,,,,,,,,
Studia et Documenta,2025,1970-4879,否,否,是,ESCI,0.2,,哲学,3 [322/795],否,二级, RELIGION 宗教,4 [141/340],,,,,,,,,,
Journal for the History of Modern Theology-Zeitschrift fur Neuere Theologiegeschichte,2025,0943-7592/1612-9776,否,否,否,ESCI,0.2,,哲学,3 [323/795],否,二级, RELIGION 宗教,4 [142/340],,,,,,,,,,
Aramaic Studies,2025,1477-8351/1745-5227,否,否,否,ESCI,0.2,,哲学,3 [324/795],否,二级, RELIGION 宗教,4 [143/340],,,,,,,,,,
Studia Phaenomenologica,2025,1582-5647/2069-0061,否,否,否,AHCI,0.4,,哲学,3 [325/795],否,二级, PHILOSOPHY 哲学,4 [120/328],,,,,,,,,,
Literature and Theology,2025,0269-1205/1477-4623,否,否,否,AHCI,0.3,,哲学,3 [326/795],否,二级, LITERARY THEORY & CRITICISM 文学理论与文艺批评,3 [14/53], RELIGION 宗教,4 [144/340],,,,,,,,
Judaica Bohemiae,2025,0022-5738/0022-5738,否,否,否,AHCI,0.1,,哲学,3 [327/795],否,二级, RELIGION 宗教,4 [145/340],,,,,,,,,,
METAPHILOSOPHY,2025,0026-1068/1467-9973,否,否,否,AHCI,0.7,,哲学,3 [328/795],否,二级, PHILOSOPHY 哲学,4 [121/328],,,,,,,,,,
KENNEDY INSTITUTE OF ETHICS JOURNAL,2025,1054-6863/1086-3249,否,否,否,SSCI;AHCI,2,,哲学,3 [329/795],否,二级, ETHICS 伦理学,4 [52/77], PHILOSOPHY 哲学,4 [122/328], SOCIAL ISSUES 社会问题,4 [39/66],,,,,,
Religion & Education,2025,1550-7394/1949-8381,否,否,否,ESCI,1.1,,哲学,3 [330/795],否,二级, RELIGION 宗教,4 [146/340],,,,,,,,,,
CITHARA-ESSAYS IN THE JUDEO-CHRISTIAN TRADITION,2025,0009-7527/0009-7527,否,否,否,AHCI,<0.1,,哲学,3 [331/795],否,二级," HUMANITIES, MULTIDISCIPLINARY 人文科学",3 [103/406],,,,,,,,,,
Journal of Muslim Minority Affairs,2025,1360-2004/1469-9591,否,否,否,ESCI,,,哲学,3 [332/795],否,二级, RELIGION 宗教,4 [147/340],,,,,,,,,,
Thought-A Journal of Philosophy,2025,2161-2234/2161-2234,否,否,否,AHCI,,,哲学,3 [333/795],否,二级, PHILOSOPHY 哲学,4 [123/328],,,,,,,,,,
REVUE DE L HISTOIRE DES RELIGIONS,2025,0035-1423/2105-2573,否,否,否,AHCI,0.1,,哲学,3 [334/795],否,二级, HISTORY 历史学,3 [167/523], RELIGION 宗教,4 [148/340],,,,,,,,
THEORETICAL MEDICINE AND BIOETHICS,2025,1386-7415/1573-1200,否,否,否,SSCI,1.5,,哲学,3 [335/795],否,二级, ETHICS 伦理学,4 [53/77], SOCIAL ISSUES 社会问题,4 [40/66]," SOCIAL SCIENCES, BIOMEDICAL 社会科学：生物医学",4 [36/46],,,,,,
Res Philosophica,2025,2168-9105/2168-9113,否,否,否,AHCI,0.4,,哲学,3 [336/795],否,二级, PHILOSOPHY 哲学,4 [124/328],,,,,,,,,,
Foundations of Chemistry,2025,1386-4238/1572-8463,否,否,否,AHCISCIE,1.4,,哲学,3 [337/795],否,二级, HISTORY & PHILOSOPHY OF SCIENCE 科学史与科学哲学,4 [58/105],,,,,,,,,,
ZEITSCHRIFT FUR ANTIKES CHRISTENTUM-JOURNAL OF ANCIENT CHRISTIANITY,2025,0949-9571/1612-961X,否,否,否,AHCI,0.2,,哲学,3 [338/795],否,二级, RELIGION 宗教,4 [149/340],,,,,,,,,,
Asian Bioethics Review,2025,1793-8759/1793-9453,否,否,否,ESCI,1.1,,哲学,3 [339/795],否,二级, ETHICS 伦理学,4 [54/77], MEDICAL ETHICS 医学：伦理,4 [11/23],,,,,,,,
Mission Studies,2025,0168-9789/1573-3831,否,否,否,ESCI,0.4,,哲学,3 [340/795],否,二级, RELIGION 宗教,4 [150/340],,,,,,,,,,
Studies in Christian Ethics,2025,0953-9468/1745-5235,否,否,否,AHCI,0.4,,哲学,3 [341/795],否,二级, RELIGION 宗教,4 [151/340],,,,,,,,,,
BIBLICA,2025,0006-0887/0006-0887,否,否,否,AHCI,0.1,,哲学,3 [342/795],否,二级, RELIGION 宗教,4 [152/340],,,,,,,,,,
JAPANESE JOURNAL OF RELIGIOUS STUDIES,2025,0304-1042/0304-1042,否,否,是,AHCI,0.1,,哲学,3 [343/795],否,二级, RELIGION 宗教,4 [153/340],,,,,,,,,,
Romische Quartalschrift fur Christliche Altertumskunde und Kirchengeschichte,2025,0035-7812/0035-7812,否,否,否,ESCI,<0.1,,哲学,3 [344/795],否,二级, RELIGION 宗教,4 [154/340],,,,,,,,,,
Journal of Empirical Research on Human Research Ethics,2025,1556-2646/1556-2654,否,否,否,SSCI;SCIE,1.1,,哲学,3 [345/795],否,二级, ETHICS 伦理学,4 [55/77], MEDICAL ETHICS 医学：伦理,4 [12/23],,,,,,,,
THOMIST,2025,0040-6325,否,否,否,AHCI,0.2,,哲学,3 [346/795],否,二级, PHILOSOPHY 哲学,4 [125/328], RELIGION 宗教,4 [155/340],,,,,,,,
Cultura y Religion,2025,0718-5472/0718-4727,否,否,是,ESCI,0.3,,哲学,3 [347/795],否,二级, RELIGION 宗教,4 [156/340],,,,,,,,,,
Afkar-Jurnal Akidah & Pemikiran Islam-Journal of Aqidah & Islamic Thought,2025,1511-8819/2550-1755,否,否,否,ESCI,0.4,,哲学,3 [348/795],否,二级, RELIGION 宗教,4 [157/340],,,,,,,,,,
Magic Ritual and Witchcraft,2025,1556-8547/1940-5111,否,否,否,AHCI,,,哲学,3 [349/795],否,二级," HUMANITIES, MULTIDISCIPLINARY 人文科学",3 [110/406],,,,,,,,,,
International Journal of Islamic Thought,2025,2232-1314/2289-6023,否,否,是,ESCI,0.7,,哲学,3 [350/795],否,二级, RELIGION 宗教,4 [158/340],,,,,,,,,,
European Journal of Jewish Studies,2025,1025-9996/1872-471X,否,否,否,AHCI,0.3,,哲学,3 [351/795],否,二级, HISTORY 历史学,4 [174/523], RELIGION 宗教,4 [159/340],,,,,,,,
JOURNAL OF ECUMENICAL STUDIES,2025,0022-0558/2162-3937,否,否,否,AHCI,0.1,,哲学,3 [352/795],否,二级, RELIGION 宗教,4 [160/340],,,,,,,,,,
JOURNAL OF CHURCH AND STATE,2025,0021-969X/2040-4867,否,否,否,AHCI,0.4,,哲学,4 [353/795],否,三级, RELIGION 宗教,4 [161/340],,,,,,,,,,
Religions of South Asia,2025,1751-2689/1751-2697,否,否,否,ESCI,<0.1,,哲学,4 [354/795],否,三级, RELIGION 宗教,4 [162/340],,,,,,,,,,
Journal of Media and Religion,2025,1534-8423/1534-8415,否,否,否,ESCI,0.9,,哲学,4 [355/795],否,三级, RELIGION 宗教,4 [163/340],,,,,,,,,,
Journal of Early Modern Christianity,2025,2196-6648/2196-6656,否,否,否,ESCI,0.1,,哲学,4 [356/795],否,三级, HISTORY 历史学,4 [180/523], RELIGION 宗教,4 [164/340],,,,,,,,
Downside Review,2025,0012-5806/2397-3498,否,否,否,ESCI,0.1,,哲学,4 [357/795],否,三级, RELIGION 宗教,4 [165/340],,,,,,,,,,
Review of Rabbinic Judaism,2025,1568-4857/1570-0704,否,否,否,ESCI,<0.1,,哲学,4 [358/795],否,三级, RELIGION 宗教,4 [166/340],,,,,,,,,,
PHILOSOPHY AND RHETORIC,2025,0031-8213/1527-2079,否,否,否,AHCI,0.5,,哲学,4 [359/795],否,三级, LITERATURE 其他形式的文学,3 [69/199], PHILOSOPHY 哲学,4 [126/328],,,,,,,,
RESEARCH IN PHENOMENOLOGY,2025,0085-5553/1569-1640,否,否,否,AHCI,0.5,,哲学,4 [360/795],否,三级, PHILOSOPHY 哲学,4 [127/328],,,,,,,,,,
Arabic Sciences and Philosophy,2025,0957-4239/1474-0524,否,否,否,AHCI,0.1,,哲学,4 [361/795],否,三级, HISTORY & PHILOSOPHY OF SCIENCE 科学史与科学哲学,4 [59/105], PHILOSOPHY 哲学,4 [128/328],,,,,,,,
Theoria-A Swedish Journal of Philosophy,2025,0040-5825/1755-2567,否,否,否,AHCI,0.5,,哲学,4 [362/795],否,三级, PHILOSOPHY 哲学,4 [129/328],,,,,,,,,,
Global Philosophy,2025,2948-1538/2948-152X,否,否,否,AHCI,0.5,,哲学,4 [363/795],否,三级, PHILOSOPHY 哲学,4 [130/328],,,,,,,,,,
International Journal of Philosophy and Theology,2025,2169-2327/2169-2335,否,否,否,ESCI,0.3,,哲学,4 [364/795],否,三级, PHILOSOPHY 哲学,4 [131/328],,,,,,,,,,
Pneuma,2025,0272-0965/1570-0747,否,否,否,ESCI,0.2,,哲学,4 [365/795],否,三级, RELIGION 宗教,4 [167/340],,,,,,,,,,
Perichoresis,2025,1224-984X/2284-7308,否,否,是,ESCI,0.1,,哲学,4 [366/795],否,三级, RELIGION 宗教,4 [168/340],,,,,,,,,,
JOURNAL OF LAW MEDICINE & ETHICS,2025,1073-1105/1748-720X,否,否,否,SSCI;SCIE,1.7,,哲学,4 [367/795],否,三级, ETHICS 伦理学,4 [56/77], LAW 法学,4 [176/427], MEDICAL ETHICS 医学：伦理,4 [13/23]," MEDICINE, LEGAL 医学：法",4 [11/23],,,,
REVIEW OF METAPHYSICS,2025,0034-6632/2154-1302,否,否,否,AHCI,0.5,,哲学,4 [368/795],否,三级, PHILOSOPHY 哲学,4 [132/328],,,,,,,,,,
AL-QANTARA,2025,0211-3589/1988-2955,否,否,是,AHCI,0.6,,哲学,4 [369/795],否,三级, HISTORY 历史学,4 [185/523], RELIGION 宗教,4 [169/340],,,,,,,,
REVUE DES ETUDES JUIVES,2025,0484-8616/1783-175X,否,否,否,AHCI,<0.1,,哲学,4 [370/795],否,三级," HUMANITIES, MULTIDISCIPLINARY 人文科学",3 [124/406],,,,,,,,,,
Journal of Speculative Philosophy,2025,0891-625X/1527-9383,否,否,否,AHCI,0.2,,哲学,4 [371/795],否,三级, PHILOSOPHY 哲学,4 [133/328],,,,,,,,,,
Ilahiyat Studies-A Journal on Islamic and Religious Studies,2025,1309-1786/1309-1719,否,否,否,ESCI,0.5,,哲学,4 [372/795],否,三级, RELIGION 宗教,4 [170/340],,,,,,,,,,
Grazer Philosophische Studien-International Journal for Analytic Philosophy,2025,0165-9227/1875-6735,否,否,否,ESCI,0.2,,哲学,4 [373/795],否,三级, PHILOSOPHY 哲学,4 [134/328],,,,,,,,,,
Journal of Bioethical Inquiry,2025,1176-7529/1872-4353,否,否,否,SSCI;SCIE,1.5,,哲学,4 [374/795],否,三级, ETHICS 伦理学,4 [57/77], MEDICAL ETHICS 医学：伦理,4 [14/23], SOCIAL ISSUES 社会问题,4 [41/66]," SOCIAL SCIENCES, BIOMEDICAL 社会科学：生物医学",4 [39/46],,,,
Metaphysica-International Journal for Ontology & Metaphysics,2025,1437-2053/1874-6373,否,否,否,ESCI,0.2,,哲学,4 [375/795],否,三级, PHILOSOPHY 哲学,4 [135/328],,,,,,,,,,
Studia Theologica-Nordic Journal of Theology,2025,0039-338X/1502-7791,否,否,否,ESCI,0.3,,哲学,4 [376/795],否,三级, RELIGION 宗教,4 [171/340],,,,,,,,,,
Cauriensia-Revista Anual de Ciencias Eclesiasticas,2025,1886-4945/2340-4256,否,否,是,ESCI,0.3,,哲学,4 [377/795],否,三级, RELIGION 宗教,4 [172/340],,,,,,,,,,
JOURNAL OF CHINESE PHILOSOPHY,2025,0301-8121/1540-6253,否,否,否,AHCI,0.2,,哲学,4 [378/795],否,三级, ASIAN STUDIES 亚洲研究,4 [51/102], PHILOSOPHY 哲学,4 [136/328],,,,,,,,
Journal of Philosophical Research,2025,1053-8364/2153-7984,否,否,否,AHCI,0.4,,哲学,4 [379/795],否,三级, PHILOSOPHY 哲学,4 [137/328],,,,,,,,,,
Public Health Ethics,2025,1754-9973/1754-9981,否,否,否,SSCI;SCIE,2,,哲学,4 [380/795],否,三级, ETHICS 伦理学,4 [58/77], MEDICAL ETHICS 医学：伦理,4 [15/23]," PUBLIC, ENVIRONMENTAL & OCCUPATIONAL HEALTH 公共卫生、环境卫生与职业卫生",4 [255/404],,,,,,
Secular Studies,2025,2589-2517/2589-2525,否,否,否,ESCI,0.1,,哲学,4 [381/795],否,三级, PHILOSOPHY 哲学,4 [138/328], RELIGION 宗教,4 [173/340],,,,,,,,
Journal of Theological Interpretation,2025,1936-0843/2576-7933,否,否,否,ESCI,0.1,,哲学,4 [382/795],否,三级, RELIGION 宗教,4 [174/340],,,,,,,,,,
Occasional Papers on Religion in Eastern Europe,2025,1069-4781/1069-4781,否,否,否,ESCI,0.3,,哲学,4 [383/795],否,三级, RELIGION 宗教,4 [176/340],,,,,,,,,,
Journal of Reformed Theology,2025,1872-5163/1569-7312,否,否,否,ESCI,0.2,,哲学,4 [384/795],否,三级, RELIGION 宗教,4 [177/340],,,,,,,,,,
Phronimon,2025,1561-4018/2413-3086,否,否,否,ESCI,,,哲学,4 [385/795],否,三级, PHILOSOPHY 哲学,4 [139/328],,,,,,,,,,
Wesley and Methodist Studies,2025,2291-1723/2291-1731,否,否,否,ESCI,0.2,,哲学,4 [386/795],否,三级, RELIGION 宗教,4 [178/340],,,,,,,,,,
Pastoral Psychology,2025,0031-2789/1573-6679,否,否,否,ESCI,0.7,,哲学,4 [387/795],否,三级," PSYCHOLOGY, MULTIDISCIPLINARY 心理学：综合",4 [133/219], RELIGION 宗教,4 [179/340],,,,,,,,
Al-Bayan-Journal of Quran and Hadith Studies,2025,2232-1950/2232-1969,否,否,否,ESCI,0.3,,哲学,4 [388/795],否,三级, RELIGION 宗教,4 [180/340],,,,,,,,,,
SEFARAD,2025,0037-0894/1988-320X,否,否,是,AHCI,0.3,,哲学,4 [389/795],否,三级, RELIGION 宗教,4 [181/340],,,,,,,,,,
RIVISTA DI STORIA DELLA FILOSOFIA,2025,0393-2516/1972-5558,否,否,否,AHCI,0.1,,哲学,4 [390/795],否,三级, PHILOSOPHY 哲学,4 [140/328],,,,,,,,,,
Journal of Japanese Philosophy,2025,2327-0195/2327-0209,否,否,否,ESCI,0.1,,哲学,4 [391/795],否,三级, PHILOSOPHY 哲学,4 [141/328],,,,,,,,,,
European Journal of Pragmatism and American Philosophy,2025,2036-4091/2036-4091,否,否,是,ESCI,0.5,,哲学,4 [392/795],否,三级, PHILOSOPHY 哲学,4 [142/328],,,,,,,,,,
Nazariyat-Journal for the History of Islamic Philosophy and Sciences,2025,2528-8563/2547-9415,否,否,是,ESCI,,,哲学,4 [393/795],否,三级, RELIGION 宗教,4 [182/340],,,,,,,,,,
PHILOSOPHY TODAY,2025,0031-8256/2329-8596,否,否,否,AHCI,0.3,,哲学,4 [394/795],否,三级, PHILOSOPHY 哲学,4 [143/328],,,,,,,,,,
East European Jewish Affairs,2025,1350-1674/1743-971X,否,否,否,AHCI,,,哲学,4 [395/795],否,三级, HISTORY 历史学,4 [210/523], RELIGION 宗教,4 [183/340],,,,,,,,
Philosophy Ethics and Humanities in Medicine,2025,1747-5341/1747-5341,否,否,是,SSCI;AHCISCIE,1.9,,哲学,4 [396/795],否,三级, ETHICS 伦理学,4 [59/77], HISTORY & PHILOSOPHY OF SCIENCE 科学史与科学哲学,4 [60/105], MEDICAL ETHICS 医学：伦理,4 [16/23], PHILOSOPHY 哲学,4 [144/328],,,,
Studia Theologica-Czech Republic,2025,1212-8570/2570-9798,否,否,是,AHCI,0.2,,哲学,4 [397/795],否,三级, RELIGION 宗教,4 [184/340],,,,,,,,,,
Cinta de Moebio,2025,0717-554X/0717-554X,否,否,是,ESCI,0.1,,哲学,4 [398/795],否,三级, PHILOSOPHY 哲学,4 [145/328],,,,,,,,,,
New Blackfriars,2025,0028-4289/1741-2005,否,否,否,ESCI,0.2,,哲学,4 [399/795],否,三级, RELIGION 宗教,4 [185/340],,,,,,,,,,
Hobbes Studies,2025,0921-5891/1875-0257,否,否,否,ESCI,0.4,,哲学,4 [400/795],否,三级, PHILOSOPHY 哲学,4 [146/328],,,,,,,,,,
Ecclesiastical Law Journal,2025,0956-618X/1751-8539,否,否,否,AHCI,0.3,,哲学,4 [401/795],否,三级, RELIGION 宗教,4 [186/340],,,,,,,,,,
Doxa-Cuadernos de Filosofia y Derecho,2025,0214-8676/2386-4702,否,否,是,ESCI,0.1,,哲学,4 [402/795],否,三级, PHILOSOPHY 哲学,4 [147/328],,,,,,,,,,
Wittgenstein-Studien,2025,1868-7431/1868-7458,否,否,否,ESCI,0.1,,哲学,4 [403/795],否,三级, PHILOSOPHY 哲学,4 [148/328],,,,,,,,,,
HEYTHROP JOURNAL,2025,0018-1196/1468-2265,否,否,否,AHCI,0.2,,哲学,4 [404/795],否,三级, PHILOSOPHY 哲学,4 [149/328], RELIGION 宗教,4 [187/340],,,,,,,,
Revista de Filosofia-Madrid,2025,0034-8244/1988-284X,否,否,是,ESCI,0.1,,哲学,4 [405/795],否,三级, PHILOSOPHY 哲学,4 [150/328],,,,,,,,,,
Pluralist,2025,1930-7365,否,否,否,AHCI,0.2,,哲学,4 [406/795],否,三级, PHILOSOPHY 哲学,4 [151/328],,,,,,,,,,
Historia Ciencias Saude-Manguinhos,2025,0104-5970/1678-4758,否,否,是,AHCI,0.3,,哲学,4 [407/795],否,三级, HISTORY & PHILOSOPHY OF SCIENCE 科学史与科学哲学,4 [62/105],,,,,,,,,,
Schole-Filosofskoe Antikovedenie i Klassicheskaya Traditsiya-Schole-Ancient Philosophy and the Classical Tradition,2025,1995-4328/1995-4336,否,否,是,ESCI,0.2,,哲学,4 [408/795],否,三级, PHILOSOPHY 哲学,4 [152/328],,,,,,,,,,
EASTERN BUDDHIST,2025,0012-8708,否,否,否,AHCI,0.2,,哲学,4 [409/795],否,三级, ASIAN STUDIES 亚洲研究,4 [54/102], RELIGION 宗教,4 [188/340],,,,,,,,
History of Philosophy & Logical Analysis,2025,2666-4283/2666-4275,否,否,否,ESCI,0.3,,哲学,4 [410/795],否,三级, PHILOSOPHY 哲学,4 [153/328],,,,,,,,,,
Fieldwork in Religion,2025,1743-0615/1743-0623,否,否,否,ESCI,0.4,,哲学,4 [411/795],否,三级, RELIGION 宗教,4 [189/340],,,,,,,,,,
Journal of Hindu Studies,2025,1756-4255/1756-4263,否,否,否,ESCI,0.2,,哲学,4 [412/795],否,三级, RELIGION 宗教,4 [190/340],,,,,,,,,,
Sakarya Universitesi Ilahiyat Fakultesi Dergisi-Journal of Sakarya University Faculty of Theology,2025,2146-9806/1304-6535,否,否,是,ESCI,0.2,,哲学,4 [413/795],否,三级, RELIGION 宗教,4 [191/340],,,,,,,,,,
Revista de Hispanismo Filosofico,2025,1136-8071/1136-8071,否,否,否,AHCI,0.2,,哲学,4 [414/795],否,三级, PHILOSOPHY 哲学,4 [154/328],,,,,,,,,,
REVUE D HISTOIRE ECCLESIASTIQUE,2025,0035-2381/2294-1088,否,否,否,AHCI,0.1,,哲学,4 [415/795],否,三级, HISTORY 历史学,4 [223/523], RELIGION 宗教,4 [192/340],,,,,,,,
ARYS-Antiguedad Religiones y Sociedades,2025,1575-166X/2173-6847,否,否,是,ESCI,0.3,,哲学,4 [416/795],否,三级, HISTORY 历史学,4 [226/523], RELIGION 宗教,4 [193/340],,,,,,,,
EXPOSITORY TIMES,2025,0014-5246/1745-5308,否,否,否,AHCI,0.3,,哲学,4 [417/795],否,三级, RELIGION 宗教,4 [194/340],,,,,,,,,,
DIALOGUE-CANADIAN PHILOSOPHICAL REVIEW,2025,0012-2173/1759-0949,否,否,否,AHCI,0.1,,哲学,4 [418/795],否,三级, PHILOSOPHY 哲学,4 [155/328],,,,,,,,,,
STUDIES IN RELIGION-SCIENCES RELIGIEUSES,2025,0008-4298/2042-0587,否,否,否,AHCI,0.3,,哲学,4 [419/795],否,三级, RELIGION 宗教,4 [195/340],,,,,,,,,,
RIVISTA DI STORIA E LETTERATURA RELIGIOSA,2025,0035-6573/2035-7583,否,否,否,AHCI,,,哲学,4 [420/795],否,三级, RELIGION 宗教,4 [196/340],,,,,,,,,,
Journal of Pastoral Theology,2025,1064-9867/2161-4504,否,否,否,ESCI,0.8,,哲学,4 [421/795],否,三级, RELIGION 宗教,4 [197/340],,,,,,,,,,
NTM,2025,0036-6978/1420-9144,否,否,否,AHCI,0.5,,哲学,4 [422/795],否,三级, HISTORY & PHILOSOPHY OF SCIENCE 科学史与科学哲学,4 [63/105],,,,,,,,,,
AGRICULTURAL HISTORY,2025,0002-1482/1533-8290,否,否,否,SSCI;AHCISCIE,0.5,,哲学,4 [423/795],否,三级, HISTORY 历史学,4 [230/523], HISTORY & PHILOSOPHY OF SCIENCE 科学史与科学哲学,4 [64/105],,,,,,,,
Enrahonar-Quaderns de Filosofia,2025,0211-402X/2014-881X,否,否,是,ESCI,0.2,,哲学,4 [424/795],否,三级, PHILOSOPHY 哲学,4 [156/328],,,,,,,,,,
European Journal of Science and Theology,2025,1841-0464/1842-8517,否,否,否,ESCI,0.3,,哲学,4 [425/795],否,三级, RELIGION 宗教,4 [198/340],,,,,,,,,,
Acta Theologica,2025,1015-8758/2309-9089,否,否,是,AHCI,0.1,,哲学,4 [426/795],否,三级, RELIGION 宗教,4 [199/340],,,,,,,,,,
Teaching Philosophy,2025,0145-5788/2153-6619,否,否,否,AHCI,0.2,,哲学,4 [427/795],否,三级, PHILOSOPHY 哲学,4 [157/328],,,,,,,,,,
Journal of Islamic Manuscripts,2025,1878-4631/1878-464X,否,否,否,ESCI,0.3,,哲学,4 [428/795],否,三级," HUMANITIES, MULTIDISCIPLINARY 人文科学",4 [153/406],,,,,,,,,,
International Journal of Public Theology,2025,1872-5171/1569-7320,否,否,否,AHCI,0.4,,哲学,4 [429/795],否,三级, RELIGION 宗教,4 [200/340],,,,,,,,,,
Journal for the Academic Study of Religion,2025,2047-704X/2047-7058,否,否,否,ESCI,0.8,,哲学,4 [430/795],否,三级, RELIGION 宗教,4 [201/340],,,,,,,,,,
Nova et Vetera-English Edition,2025,1542-7315/2470-5861,否,否,否,ESCI,0.2,,哲学,4 [431/795],否,三级, RELIGION 宗教,4 [202/340],,,,,,,,,,
European Journal of Analytic Philosophy,2025,1845-8475/1849-0514,否,否,是,ESCI,0.6,,哲学,4 [432/795],否,三级, ETHICS 伦理学,4 [60/77], PHILOSOPHY 哲学,4 [158/328],,,,,,,,
Studia Semiotyczne,2025,0137-6608/2544-073X,否,否,是,ESCI,,,哲学,4 [433/795],否,三级, PHILOSOPHY 哲学,4 [159/328],,,,,,,,,,
Journal of Early Christian History,2025,2222-582X/2471-4054,否,否,否,ESCI,0.1,,哲学,4 [434/795],否,三级, RELIGION 宗教,4 [203/340],,,,,,,,,,
Foundations of Science,2025,1233-1821/1572-8471,否,否,否,AHCISCIE,0.9,,哲学,4 [435/795],否,三级, HISTORY & PHILOSOPHY OF SCIENCE 科学史与科学哲学,4 [65/105],,,,,,,,,,
Revista Biblica,2025,0034-7078/2683-7153,否,否,否,ESCI,0.1,,哲学,4 [436/795],否,三级, RELIGION 宗教,4 [204/340],,,,,,,,,,
Archiv fur Religionsgeschichte,2025,1436-3038/1868-8888,否,否,否,ESCI,0.2,,哲学,4 [437/795],否,三级, RELIGION 宗教,4 [205/340],,,,,,,,,,
Feminist Theology,2025,0966-7350/1745-5189,否,否,否,AHCI,0.1,,哲学,4 [438/795],否,三级, RELIGION 宗教,4 [206/340],,,,,,,,,,
INTERNATIONAL PHILOSOPHICAL QUARTERLY,2025,0019-0365/2153-8077,否,否,否,AHCI,0.1,,哲学,4 [439/795],否,三级, PHILOSOPHY 哲学,4 [160/328],,,,,,,,,,
Toronto Journal of Theology,2025,0826-9831/1918-6371,否,否,否,ESCI,0.2,,哲学,4 [440/795],否,三级, RELIGION 宗教,4 [207/340],,,,,,,,,,
Studia Philosophica Kantiana,2025,1338-7758/1338-7758,否,否,否,ESCI,0.5,,哲学,4 [441/795],否,三级, PHILOSOPHY 哲学,4 [161/328],,,,,,,,,,
Biblical Theology Bulletin,2025,0146-1079/1945-7596,否,否,否,ESCI,0.1,,哲学,4 [442/795],否,三级, RELIGION 宗教,4 [208/340],,,,,,,,,,
Hawwa,2025,1569-2078/1569-2086,否,否,否,ESCI,0.3,,哲学,4 [443/795],否,三级," HUMANITIES, MULTIDISCIPLINARY 人文科学",4 [160/406],,,,,,,,,,
Vestnik Sankt-Peterburgskogo Universiteta-Filosofiya i Konfliktologiya,2025,2542-2278/2541-9382,否,否,否,ESCI,0.3,,哲学,4 [444/795],否,三级, PHILOSOPHY 哲学,4 [163/328],,,,,,,,,,
European Legacy-Toward New Paradigms,2025,1084-8770/1470-1316,否,否,否,AHCI,0.3,,哲学,4 [445/795],否,三级," HUMANITIES, MULTIDISCIPLINARY 人文科学",4 [161/406],,,,,,,,,,
REVUE DES SCIENCES PHILOSOPHIQUES ET THEOLOGIQUES,2025,0035-2209/2118-4445,否,否,否,AHCI,0.2,,哲学,4 [446/795],否,三级, PHILOSOPHY 哲学,4 [164/328], RELIGION 宗教,4 [209/340],,,,,,,,
Kriterion-Revista de Filosofia,2025,0100-512X/1981-5336,否,否,是,AHCI,0.2,,哲学,4 [447/795],否,三级, PHILOSOPHY 哲学,4 [165/328],,,,,,,,,,
In die Skriflig-In Luce Verbi,2025,1018-6441/2305-0853,否,否,是,ESCI,0.3,,哲学,4 [448/795],否,三级, RELIGION 宗教,4 [210/340],,,,,,,,,,
Sino-Christian Studies,2025,1990-2670/2224-6606,否,否,否,AHCI,<0.1,,哲学,4 [449/795],否,三级, RELIGION 宗教,4 [211/340],,,,,,,,,,
Interdisciplinary Journal for Religion and Transformation in Contemporary Society,2025,2365-3140/2364-2807,否,否,是,ESCI,0.3,,哲学,4 [450/795],否,三级, RELIGION 宗教,4 [212/340],,,,,,,,,,
Philippiniana Sacra,2025,0115-9577/2651-7418,否,否,否,ESCI,0.1,,哲学,4 [451/795],否,三级, RELIGION 宗教,4 [213/340],,,,,,,,,,
Filosofskii Zhurnal,2025,2072-0726/2658-4883,否,否,否,ESCI,0.2,,哲学,4 [452/795],否,三级, PHILOSOPHY 哲学,4 [166/328],,,,,,,,,,
Stoa,2025,2007-1868/2007-1868,否,否,是,ESCI,0.1,,哲学,4 [453/795],否,三级, PHILOSOPHY 哲学,4 [167/328],,,,,,,,,,
Developing World Bioethics,2025,1471-8731/1471-8847,否,否,否,SSCI;SCIE,1,,哲学,4 [454/795],否,三级, ETHICS 伦理学,4 [61/77], MEDICAL ETHICS 医学：伦理,4 [17/23],,,,,,,,
JOURNAL OF JEWISH THOUGHT & PHILOSOPHY,2025,1053-699X,否,否,否,AHCI,0.5,,哲学,4 [455/795],否,三级, PHILOSOPHY 哲学,4 [168/328],,,,,,,,,,
AMERICAN CATHOLIC PHILOSOPHICAL QUARTERLY,2025,1051-3558/2153-8441,否,否,否,AHCI,0.2,,哲学,4 [456/795],否,三级, PHILOSOPHY 哲学,4 [169/328],,,,,,,,,,
Horizons in Biblical Theology,2025,0195-9085/1871-2207,否,否,否,ESCI,0.1,,哲学,4 [457/795],否,三级, RELIGION 宗教,4 [214/340],,,,,,,,,,
JOURNAL OF MEDICINE AND PHILOSOPHY,2025,0360-5310/1744-5019,否,否,否,SSCI,1.9,,哲学,4 [458/795],否,三级, ETHICS 伦理学,4 [62/77]," SOCIAL SCIENCES, BIOMEDICAL 社会科学：生物医学",4 [40/46],,,,,,,,
Scandinavian Journal of the Old Testament,2025,0901-8328/1502-7244,否,否,否,AHCI,0.1,,哲学,4 [459/795],否,三级, RELIGION 宗教,4 [215/340],,,,,,,,,,
US Catholic Historian,2025,0735-8318/1947-8224,否,否,否,ESCI,0.2,,哲学,4 [460/795],否,三级, RELIGION 宗教,4 [216/340],,,,,,,,,,
REVUE THEOLOGIQUE DE LOUVAIN,2025,0080-2654/1783-8401,否,否,否,AHCI,0.1,,哲学,4 [461/795],否,三级, RELIGION 宗教,4 [217/340],,,,,,,,,,
FILOZOFIA,2025,0046-385X/2585-7061,否,否,是,AHCI,0.1,,哲学,4 [462/795],否,三级, PHILOSOPHY 哲学,4 [170/328],,,,,,,,,,
Convivium,2025,0010-8235/2255-2855,否,否,是,AHCI,0.1,,哲学,4 [463/795],否,三级, PHILOSOPHY 哲学,4 [172/328],,,,,,,,,,
Neotestamentica,2025,0254-8356/2518-4628,否,否,否,AHCI,0.2,,哲学,4 [464/795],否,三级, RELIGION 宗教,4 [218/340],,,,,,,,,,
Cumhuriyet Ilahiyat Dergisi-Cumhuriyet Theology Journal,2025,2528-9861/2528-987X,否,否,是,ESCI,0.2,,哲学,4 [465/795],否,三级, RELIGION 宗教,4 [219/340],,,,,,,,,,
International Bulletin of Mission Research,2025,2396-9393/2396-9407,否,否,否,ESCI,0.3,,哲学,4 [466/795],否,三级, RELIGION 宗教,4 [220/340],,,,,,,,,,
Teoliteraria-Revista Brasileira de Literaturas e Teologias,2025,2236-9937/2236-9937,否,否,是,ESCI,0.1,,哲学,4 [467/795],否,三级, RELIGION 宗教,4 [221/340],,,,,,,,,,
Journal of College of Sharia and Islamic Studies,2025,2305-5545/2523-1715,否,否,是,ESCI,0.1,,哲学,4 [468/795],否,三级, RELIGION 宗教,4 [222/340],,,,,,,,,,
Torres de Lucca-Revista Internacional de Filosofia Politica,2025,2255-3827/2255-3827,否,否,是,ESCI,0.2,,哲学,4 [469/795],否,三级, PHILOSOPHY 哲学,4 [173/328],,,,,,,,,,
Comparative and Continental Philosophy,2025,1757-0638/1757-0646,否,否,否,ESCI,0.3,,哲学,4 [470/795],否,三级, PHILOSOPHY 哲学,4 [174/328],,,,,,,,,,
Journal for the Study of Christian Culture,2025,2071-9957/2071-9957,否,否,否,ESCI,0.1,,哲学,4 [471/795],否,三级, RELIGION 宗教,4 [223/340],,,,,,,,,,
Journal of Media Ethics,2025,2373-6992/2373-700X,否,否,否,SSCI,1.1,,哲学,4 [472/795],否,三级, COMMUNICATION 传播学,4 [151/223], ETHICS 伦理学,4 [63/77],,,,,,,,
Missiology-An International Review,2025,0091-8296/2051-3623,否,否,否,ESCI,0.2,,哲学,4 [473/795],否,三级, RELIGION 宗教,4 [224/340],,,,,,,,,,
ECUMENICAL REVIEW,2025,0013-0796/1758-6623,否,否,否,AHCI,0.2,,哲学,4 [474/795],否,三级, RELIGION 宗教,4 [225/340],,,,,,,,,,
Culture and Dialogue,2025,2222-3282/2468-3949,否,否,否,ESCI,0.1,,哲学,4 [475/795],否,三级, PHILOSOPHY 哲学,4 [175/328],,,,,,,,,,
Vox Patrum,2025,0860-9411/2719-3586,否,否,是,ESCI,0.2,,哲学,4 [476/795],否,三级, HISTORY 历史学,4 [254/523]," HUMANITIES, MULTIDISCIPLINARY 人文科学",4 [178/406], PHILOSOPHY 哲学,4 [176/328], RELIGION 宗教,4 [226/340],,,,
Teologia,2025,0328-1396/0328-1396,否,否,是,ESCI,0.1,,哲学,4 [477/795],否,三级, RELIGION 宗教,4 [227/340],,,,,,,,,,
Revue d Histoire des Sciences,2025,0151-4105/1969-6582,否,否,否,ESCI,0.2,,哲学,4 [478/795],否,三级, HISTORY & PHILOSOPHY OF SCIENCE 科学史与科学哲学,4 [66/105],,,,,,,,,,
Journal of Moravian History,2025,1933-6632/2161-6310,否,否,否,ESCI,0.1,,哲学,4 [479/795],否,三级, RELIGION 宗教,4 [228/340],,,,,,,,,,
Cristianesimo nella Storia,2025,0393-3598/0393-3598,否,否,否,ESCI,0.1,,哲学,4 [480/795],否,三级, RELIGION 宗教,4 [229/340],,,,,,,,,,
Social Sciences and Missions-Sciences Sociales et Missions,2025,1874-8937/1874-8945,否,否,否,ESCI,0.2,,哲学,4 [481/795],否,三级, RELIGION 宗教,4 [230/340],,,,,,,,,,
VOPROSY FILOSOFII,2025,0042-8744/0042-8744,否,否,否,AHCI,0.2,,哲学,4 [482/795],否,三级, PHILOSOPHY 哲学,4 [177/328],,,,,,,,,,
ARCHIVES OF NATURAL HISTORY,2025,0260-9541/1755-6260,否,否,否,SSCI;AHCISCIE,0.2,,哲学,4 [483/795],否,三级, HISTORY & PHILOSOPHY OF SCIENCE 科学史与科学哲学,4 [67/105],,,,,,,,,,
NEUE ZEITSCHRIFT FUR SYSTEMATISCHE THEOLOGIE UND RELIGIONSPHILOSOPHIE,2025,0028-3517/1612-9520,否,否,否,AHCI,0.1,,哲学,4 [484/795],否,三级, PHILOSOPHY 哲学,4 [178/328], RELIGION 宗教,4 [231/340],,,,,,,,
Scriptura-International Journal of Bible Religion and Theology in Southern Africa,2025,0254-1807/2305-445X,否,否,是,ESCI,0.3,,哲学,4 [485/795],否,三级, RELIGION 宗教,4 [232/340],,,,,,,,,,
Journal for the Study of Religion Nature and Culture,2025,1749-4907/1749-4915,否,否,否,ESCI,0.3,,哲学,4 [486/795],否,三级, RELIGION 宗教,4 [233/340],,,,,,,,,,
Studia Islamika,2025,0215-0492/2355-6145,否,否,否,ESCI,0.3,,哲学,4 [487/795],否,三级, RELIGION 宗教,4 [234/340],,,,,,,,,,
Cosmos and History-The Journal of Natural and Social Philosophy,2025,1832-9101/1832-9101,否,否,是,ESCI,0.3,,哲学,4 [488/795],否,三级, PHILOSOPHY 哲学,4 [179/328],,,,,,,,,,
Logos-Anales del Seminario de Metafisica,2025,1575-6866/1988-3242,否,否,是,ESCI,0.2,,哲学,4 [489/795],否,三级, PHILOSOPHY 哲学,4 [180/328],,,,,,,,,,
GIORNALE CRITICO DELLA FILOSOFIA ITALIANA,2025,0017-0089,否,否,否,AHCI,0.1,,哲学,4 [490/795],否,三级, PHILOSOPHY 哲学,4 [181/328],,,,,,,,,,
Symposium-Canadian Journal of Continental Philosophy,2025,1917-9685/2154-5278,否,否,否,ESCI,0.1,,哲学,4 [491/795],否,三级, PHILOSOPHY 哲学,4 [182/328],,,,,,,,,,
REVELETEO-Revista Electronica Espaco Teologico,2025,2177-952X/2177-952X,否,否,否,ESCI,<0.1,,哲学,4 [492/795],否,三级, RELIGION 宗教,4 [235/340],,,,,,,,,,
Museon,2025,0771-6494/1783-158X,否,否,否,AHCI,<0.1,,哲学,4 [493/795],否,三级, ASIAN STUDIES 亚洲研究,4 [69/102]," HUMANITIES, MULTIDISCIPLINARY 人文科学",4 [189/406],,,,,,,,
Vestnik Pravoslavnogo Svyato-Tikhonovskogo Gumanitarnogo Universiteta-Seriya I-Bogoslovie-Filosofiya-Religiovedenie,2025,1991-640X/2409-4692,否,否,是,ESCI,<0.1,,哲学,4 [494/795],否,三级, RELIGION 宗教,4 [236/340],,,,,,,,,,
Epistemology & Philosophy of Science-Epistemologiya i Filosofiya Nauki,2025,1811-833X/2311-7133,否,否,否,ESCI,0.2,,哲学,4 [495/795],否,三级, PHILOSOPHY 哲学,4 [183/328],,,,,,,,,,
Anuario de Historia de la Iglesia,2025,1133-0104/2174-0887,否,否,否,AHCI,0.3,,哲学,4 [496/795],否,三级, HISTORY 历史学,4 [269/523], RELIGION 宗教,4 [237/340],,,,,,,,
Con-textos Kantianos-International Journal of Philosophy,2025,2386-7655/2386-7655,否,否,是,ESCI,0.3,,哲学,4 [497/795],否,三级, PHILOSOPHY 哲学,4 [184/328],,,,,,,,,,
Acta Philosophica,2025,1121-2179/1825-6562,否,否,否,AHCI,0.1,,哲学,4 [498/795],否,三级, PHILOSOPHY 哲学,4 [185/328],,,,,,,,,,
ANTIQVORVM PHILOSOPHIA-An International journal,2025,1973-5030/1974-4501,否,否,否,ESCI,<0.1,,哲学,4 [499/795],否,三级, CLASSICS 古典文学,4 [48/59], HISTORY 历史学,4 [270/523], PHILOSOPHY 哲学,4 [186/328],,,,,,
Empedocles-European Journal for the Philosophy of Communication,2025,1757-1952/1757-1960,否,否,否,ESCI,0.2,,哲学,4 [500/795],否,三级, PHILOSOPHY 哲学,4 [187/328],,,,,,,,,,
Analisis Filosofico,2025,0326-1301/1851-9636,否,否,是,ESCI,0.6,,哲学,4 [501/795],否,三级, PHILOSOPHY 哲学,4 [188/328],,,,,,,,,,
Journal for the Cognitive Science of Religion,2025,2049-7555/2049-7563,否,否,否,ESCI,0.1,,哲学,4 [502/795],否,三级, RELIGION 宗教,4 [238/340],,,,,,,,,,
Problemos,2025,1392-1126/2424-6158,否,否,是,AHCI,0.2,,哲学,4 [503/795],否,三级, PHILOSOPHY 哲学,4 [189/328],,,,,,,,,,
Revista de Cultura Teologica,2025,0104-0529/2317-4307,否,否,是,ESCI,<0.1,,哲学,4 [504/795],否,三级, RELIGION 宗教,4 [239/340],,,,,,,,,,
Nordic Journal of Religion and Society,2025,0809-7291/1890-7008,否,否,否,AHCI,0.3,,哲学,4 [505/795],否,三级, RELIGION 宗教,4 [240/340],,,,,,,,,,
Innes Review,2025,0020-157X/1745-5219,否,否,否,ESCI,0.3,,哲学,4 [506/795],否,三级, RELIGION 宗教,4 [241/340],,,,,,,,,,
Teaching Theology and Religion,2025,1368-4868/1467-9647,否,否,否,ESCI,0.2,,哲学,4 [507/795],否,三级, EDUCATION & EDUCATIONAL RESEARCH 教育学和教育研究,4 [500/754], RELIGION 宗教,4 [242/340],,,,,,,,
Dinbilimleri Akademik Arastirma Dergisi-Journal of Academic Research in Religious Sciences,2025,1303-9199/1303-9199,否,否,否,ESCI,0.1,,哲学,4 [508/795],否,三级, RELIGION 宗教,4 [243/340],,,,,,,,,,
Religious Studies Review,2025,0319-485X/1748-0922,是,否,否,AHCI,0.1,,哲学,4 [509/795],否,三级, RELIGION 宗教,4 [244/340],,,,,,,,,,
Teorema,2025,0210-1602,否,否,否,AHCI,,,哲学,4 [510/795],否,三级, PHILOSOPHY 哲学,4 [190/328],,,,,,,,,,
RELIGIOUS EDUCATION,2025,0034-4087/1547-3201,否,否,否,AHCI,0.4,,哲学,4 [511/795],否,三级, RELIGION 宗教,4 [245/340],,,,,,,,,,
Bulletin of Medieval Canon Law-New Series,2025,0146-2989/2372-2509,否,否,否,ESCI,<0.1,,哲学,4 [512/795],否,三级, RELIGION 宗教,4 [246/340],,,,,,,,,,
International Review of Mission,2025,0020-8582/1758-6631,否,否,否,ESCI,0.2,,哲学,4 [513/795],否,三级, RELIGION 宗教,4 [247/340],,,,,,,,,,
Naharaim,2025,1862-9148/1862-9156,否,否,否,ESCI,<0.1,,哲学,4 [514/795],否,三级," HUMANITIES, MULTIDISCIPLINARY 人文科学",4 [202/406],,,,,,,,,,
Espiritu,2025,0014-0716/0014-0716,否,否,否,ESCI,0.1,,哲学,4 [515/795],否,三级, PHILOSOPHY 哲学,4 [191/328],,,,,,,,,,
Journal of Spiritual Formation and Soul Care,2025,1939-7909/2328-1030,否,否,否,ESCI,0.3,,哲学,4 [516/795],否,三级, RELIGION 宗教,4 [248/340],,,,,,,,,,
Hitit Theology Journal,2025,2757-6949/2757-6949,否,否,是,ESCI,0.1,,哲学,4 [517/795],否,三级, RELIGION 宗教,4 [249/340],,,,,,,,,,
Al-Shajarah,2025,1394-6870/1394-6870,否,否,否,AHCI,0.3,,哲学,4 [518/795],否,三级, RELIGION 宗教,4 [250/340],,,,,,,,,,
Implicit Religion,2025,1463-9955/1743-1697,否,否,否,ESCI,,,哲学,4 [519/795],否,三级, RELIGION 宗教,4 [251/340],,,,,,,,,,
RELIGION & LITERATURE,2025,0888-3769/2328-6911,否,否,否,AHCI,0.1,,哲学,4 [520/795],否,三级, LITERATURE 其他形式的文学,4 [125/199], RELIGION 宗教,4 [252/340],,,,,,,,
Journal of Religion and Popular Culture,2025,1703-289X/1703-289X,否,否,否,ESCI,0.1,,哲学,4 [521/795],否,三级, RELIGION 宗教,4 [253/340],,,,,,,,,,
Chinese Semiotic Studies,2025,2198-9605/2198-9613,否,否,否,ESCI,0.3,,哲学,4 [522/795],否,三级," HUMANITIES, MULTIDISCIPLINARY 人文科学",4 [208/406],,,,,,,,,,
DEUTSCHE ZEITSCHRIFT FUR PHILOSOPHIE,2025,0012-1045/2192-1482,否,否,否,AHCI,0.2,,哲学,4 [523/795],否,三级, PHILOSOPHY 哲学,4 [192/328],,,,,,,,,,
Gosudarstvo Religiya Tserkov v Rossii i za Rubezhom,2025,2073-7203/2073-7211,否,否,否,ESCI,0.1,,哲学,4 [524/795],否,三级, RELIGION 宗教,4 [254/340],,,,,,,,,,
Rivista di Filosofia del Diritto-Journal of Legal Philosophy,2025,2280-482X/2280-482X,否,否,否,ESCI,0.1,,哲学,4 [525/795],否,三级, PHILOSOPHY 哲学,4 [193/328],,,,,,,,,,
STUDIA LEIBNITIANA,2025,0039-3185/2366-228X,否,否,否,AHCI,<0.1,,哲学,4 [526/795],否,三级, PHILOSOPHY 哲学,4 [194/328],,,,,,,,,,
LOGOS-A JOURNAL OF CATHOLIC THOUGHT AND CULTURE,2025,1091-6687/1533-791X,否,否,否,AHCI,0.1,,哲学,4 [527/795],否,三级, RELIGION 宗教,4 [255/340],,,,,,,,,,
Intersezioni,2025,0393-2451/1973-8196,否,否,否,ESCI,<0.1,,哲学,4 [528/795],否,三级," HUMANITIES, MULTIDISCIPLINARY 人文科学",4 [210/406],,,,,,,,,,
Filozofia Nauki,2025,1230-6894,否,否,是,AHCI,,,哲学,4 [529/795],否,三级, PHILOSOPHY 哲学,4 [195/328],,,,,,,,,,
Revista de Filosofia Aurora,2025,2965-1557/2965-1565,否,否,是,AHCI,0.1,,哲学,4 [530/795],否,三级, PHILOSOPHY 哲学,4 [196/328],,,,,,,,,,
Bible Translator,2025,2051-6770/2051-6789,否,否,否,ESCI,0.2,,哲学,4 [531/795],否,三级, RELIGION 宗教,4 [256/340],,,,,,,,,,
Philosophical Inquiries,2025,2281-8618/2282-0248,否,否,否,ESCI,0.2,,哲学,4 [532/795],否,三级, PHILOSOPHY 哲学,4 [197/328],,,,,,,,,,
Anuario Filosofico,2025,0066-5215/0066-5215,否,否,否,AHCI,0.1,,哲学,4 [533/795],否,三级, PHILOSOPHY 哲学,4 [198/328],,,,,,,,,,
Etica & Politica,2025,1825-5167/1825-5167,否,否,是,ESCI,0.1,,哲学,4 [534/795],否,三级, PHILOSOPHY 哲学,4 [199/328],,,,,,,,,,
Arquivo Maaravi-Revista Digital de Estudos Judaicos da UFMG,2025,1982-3053/1982-3053,否,否,是,ESCI,<0.1,,哲学,4 [535/795],否,三级," HUMANITIES, MULTIDISCIPLINARY 人文科学",4 [211/406],,,,,,,,,,
RIVISTA DI FILOSOFIA NEO-SCOLASTICA,2025,0035-6247/0035-6247,否,否,否,AHCI,0.1,,哲学,4 [536/795],否,三级, PHILOSOPHY 哲学,4 [200/328],,,,,,,,,,
European Judaism-A Journal for the New Europe,2025,0014-3006/1752-2323,否,否,否,ESCI,0.1,,哲学,4 [537/795],否,三级, RELIGION 宗教,4 [257/340],,,,,,,,,,
Stellenbosch Theological Journal,2025,2413-9459/2413-9467,否,否,是,ESCI,0.3,,哲学,4 [538/795],否,三级, RELIGION 宗教,4 [258/340],,,,,,,,,,
Journal of Pastoral Care & Counseling,2025,1542-3050/2167-776X,否,否,否,ESCI,0.6,,哲学,4 [539/795],否,三级, RELIGION 宗教,4 [259/340],,,,,,,,,,
Phainomena,2025,1318-3362/2232-6650,否,否,是,ESCI,0.3,,哲学,4 [540/795],否,三级, PHILOSOPHY 哲学,4 [201/328],,,,,,,,,,
Theology,2025,0040-571X/2044-2696,否,否,否,ESCI,0.1,,哲学,4 [541/795],否,三级, RELIGION 宗教,4 [260/340],,,,,,,,,,
Revista Jesus Historico e sua Recepcao,2025,1983-4810/1983-4810,否,否,否,ESCI,,,哲学,4 [542/795],否,三级, RELIGION 宗教,4 [261/340],,,,,,,,,,
Louvain Studies,2025,0024-6964/1783-161X,否,否,否,ESCI,,,哲学,4 [543/795],否,三级, RELIGION 宗教,4 [262/340],,,,,,,,,,
AMERICAN JOURNAL OF SEMIOTICS,2025,0277-7126/2153-2990,否,否,否,AHCI,0.1,,哲学,4 [544/795],否,三级," HUMANITIES, MULTIDISCIPLINARY 人文科学",4 [219/406],,,,,,,,,,
Journal for Semitics,2025,1013-8471/1013-8471,否,否,否,ESCI,0.1,,哲学,4 [545/795],否,三级," HUMANITIES, MULTIDISCIPLINARY 人文科学",4 [221/406],,,,,,,,,,
Philosophia Africana,2025,1539-8250/1944-7914,否,否,否,AHCI,0.2,,哲学,4 [546/795],否,三级, PHILOSOPHY 哲学,4 [203/328],,,,,,,,,,
Dynamis,2025,0211-9536,否,否,否,SSCI;AHCISCIE,0.1,,哲学,4 [547/795],否,三级, HISTORY & PHILOSOPHY OF SCIENCE 科学史与科学哲学,4 [71/105],,,,,,,,,,
Antiphon-A Journal for Liturgical Renewal,2025,1543-9925/1543-9933,否,否,否,ESCI,0.1,,哲学,4 [548/795],否,三级, RELIGION 宗教,4 [263/340],,,,,,,,,,
Religion and the Arts,2025,1079-9265/1568-5292,否,否,否,AHCI,0.1,,哲学,4 [549/795],否,三级, RELIGION 宗教,4 [264/340],,,,,,,,,,
Journal of Astronomical History and Heritage,2025,1440-2807/1440-2807,否,否,否,ESCI,0.4,,哲学,4 [550/795],否,三级, ASTRONOMY & ASTROPHYSICS 天文与天体物理,4 [47/84],,,,,,,,,,
PHYSICS IN PERSPECTIVE,2025,1422-6944/1422-6960,否,否,否,SSCI;SCIE,0.6,,哲学,4 [551/795],否,三级, HISTORY & PHILOSOPHY OF SCIENCE 科学史与科学哲学,4 [72/105],,,,,,,,,,
Newman Studies Journal,2025,1547-9080/2153-6945,否,否,否,ESCI,0.2,,哲学,4 [552/795],否,三级, RELIGION 宗教,4 [265/340],,,,,,,,,,
Nuevo Pensamiento-Revista de Filosofia,2025,1853-7596/1853-7596,否,否,是,ESCI,<0.1,,哲学,4 [553/795],否,三级, PHILOSOPHY 哲学,4 [204/328],,,,,,,,,,
PENSAMIENTO,2025,0031-4749/2386-5822,否,否,是,AHCI,0.3,,哲学,4 [554/795],否,三级, PHILOSOPHY 哲学,4 [205/328],,,,,,,,,,
Journal of Korean Religions,2025,2093-7288/2167-2040,否,否,否,AHCI,0.1,,哲学,4 [555/795],否,三级, ASIAN STUDIES 亚洲研究,4 [82/102], RELIGION 宗教,4 [266/340],,,,,,,,
HISTORY OF PSYCHIATRY,2025,0957-154X/1740-2360,否,否,否,SSCI,0.5,,哲学,4 [556/795],否,三级, HISTORY OF SOCIAL SCIENCES 社会科学史,4 [35/42], PSYCHIATRY 精神病学,4 [204/277],,,,,,,,
Buddhist-Christian Studies,2025,0882-0945/1527-9472,否,否,否,ESCI,<0.1,,哲学,4 [557/795],否,三级, RELIGION 宗教,4 [267/340],,,,,,,,,,
Philosophy and Cosmology-Filosofiya i Kosmologiya,2025,2307-3705/2518-1866,否,否,是,ESCI,0.3,,哲学,4 [558/795],否,三级, PHILOSOPHY 哲学,4 [206/328],,,,,,,,,,
Topicos-Revista de Filosofia,2025,0188-6649/2007-8498,否,否,是,ESCI,0.2,,哲学,4 [559/795],否,三级, PHILOSOPHY 哲学,4 [207/328],,,,,,,,,,
THEOLOGY TODAY,2025,0040-5736/2044-2556,否,否,否,AHCI,0.1,,哲学,4 [560/795],否,三级, RELIGION 宗教,4 [268/340],,,,,,,,,,
TIJDSCHRIFT VOOR FILOSOFIE,2025,0040-750X/2031-8952,否,否,否,AHCI,<0.1,,哲学,4 [561/795],否,三级, PHILOSOPHY 哲学,4 [208/328],,,,,,,,,,
ZEITSCHRIFT FUR THEOLOGIE UND KIRCHE,2025,0044-3549/1868-7377,否,否,否,AHCI,0.1,,哲学,4 [562/795],否,三级, RELIGION 宗教,4 [269/340],,,,,,,,,,
Religion & Human Rights,2025,1871-031X/1871-0328,否,否,否,ESCI,0.1,,哲学,4 [563/795],否,三级, RELIGION 宗教,4 [270/340],,,,,,,,,,
Interpretation-A Journal of Political Philosophy,2025,0020-9635/0020-9635,否,否,否,AHCI,<0.1,,哲学,4 [564/795],否,三级, PHILOSOPHY 哲学,4 [209/328],,,,,,,,,,
Ilu-Revista de Ciencias de las Religiones,2025,1135-4712/1988-3269,否,否,否,ESCI,0.1,,哲学,4 [565/795],否,三级, RELIGION 宗教,4 [272/340],,,,,,,,,,
Dialog-A Journal of Theology,2025,0012-2033/1540-6385,否,否,否,AHCI,0.2,,哲学,4 [566/795],否,三级, RELIGION 宗教,4 [273/340],,,,,,,,,,
FILOSOFICKY CASOPIS,2025,0015-1831,否,否,是,AHCI,0.2,,哲学,4 [567/795],否,三级, PHILOSOPHY 哲学,4 [211/328],,,,,,,,,,
ENDEAVOUR,2025,0160-9327/1873-1929,否,否,否,SCIE,0.5,,哲学,4 [568/795],否,三级, HISTORY & PHILOSOPHY OF SCIENCE 科学史与科学哲学,4 [73/105], MULTIDISCIPLINARY SCIENCES 综合性期刊,4 [54/131],,,,,,,,
Revue Cirkevniho Prava-Church Law Review,2025,1211-1635/2336-5609,否,否,否,ESCI,0.1,,哲学,4 [569/795],否,三级, RELIGION 宗教,4 [274/340],,,,,,,,,,
Archive for the Psychology of Religion-Archiv fur Religionspsychologie,2025,0084-6724/1573-6121,否,否,否,SSCI;AHCI,1.2,,哲学,4 [570/795],否,三级," PSYCHOLOGY, MULTIDISCIPLINARY 心理学：综合",4 [154/219], RELIGION 宗教,4 [275/340],,,,,,,,
ETUDES THEOLOGIQUES ET RELIGIEUSES,2025,0014-2239,否,否,否,AHCI,<0.1,,哲学,4 [571/795],否,三级, RELIGION 宗教,4 [276/340],,,,,,,,,,
Journal of Hebrew Scriptures,2025,1203-1542/1203-1542,否,否,是,ESCI,0.1,,哲学,4 [572/795],否,三级, RELIGION 宗教,4 [277/340],,,,,,,,,,
STUDIA ROSENTHALIANA,2025,1781-7838/1783-1792,否,否,否,AHCI,<0.1,,哲学,4 [573/795],否,三级," HUMANITIES, MULTIDISCIPLINARY 人文科学",4 [243/406],,,,,,,,,,
Themata-Revista de Filosofia,2025,0212-8365/2253-900X,否,否,是,ESCI,0.1,,哲学,4 [574/795],否,三级, PHILOSOPHY 哲学,4 [212/328],,,,,,,,,,
Cinema-Journal of Philosophy and the Moving Image,2025,1647-8991/1647-8991,否,否,是,ESCI,0.2,,哲学,4 [575/795],否,三级," FILM, RADIO, TELEVISION 电影、广播、电视",4 [49/66], PHILOSOPHY 哲学,4 [213/328],,,,,,,,
SOUNDINGS,2025,0038-1861/2161-6302,否,否,否,AHCI,,,哲学,4 [576/795],否,三级," HUMANITIES, MULTIDISCIPLINARY 人文科学",4 [246/406],,,,,,,,,,
Politics and Religion Journal,2025,1820-6581/1820-659X,否,否,是,ESCI,0.2,,哲学,4 [577/795],否,三级, RELIGION 宗教,4 [278/340],,,,,,,,,,
Numen-Revista de Estudos e Pesquisa da Religiao,2025,1516-1021/2236-6296,否,否,否,ESCI,<0.1,,哲学,4 [578/795],否,三级, RELIGION 宗教,4 [279/340],,,,,,,,,,
Communio Viatorum,2025,0010-3713,否,否,否,AHCI,<0.1,,哲学,4 [579/795],否,三级, RELIGION 宗教,4 [280/340],,,,,,,,,,
International Journal for the Study of Skepticism,2025,2210-5697/2210-5700,否,否,否,ESCI,0.1,,哲学,4 [580/795],否,三级, PHILOSOPHY 哲学,4 [214/328],,,,,,,,,,
Plato Journal,2025,2079-7567/2183-4105,否,否,是,ESCI,0.3,,哲学,4 [581/795],否,三级, PHILOSOPHY 哲学,4 [216/328],,,,,,,,,,
Eskiyeni,2025,1306-6218/2636-8536,否,否,是,ESCI,0.2,,哲学,4 [582/795],否,三级, RELIGION 宗教,4 [281/340],,,,,,,,,,
Religious Inquiries,2025,2322-4894/2538-6271,否,否,是,ESCI,0.1,,哲学,4 [583/795],否,三级, RELIGION 宗教,4 [282/340],,,,,,,,,,
BOOK COLLECTOR,2025,0006-7237,否,否,否,AHCI,<0.1,,哲学,4 [584/795],否,三级," HUMANITIES, MULTIDISCIPLINARY 人文科学",4 [251/406],,,,,,,,,,
Cahiers d Etudes du Religieux-Recherches Interdisciplinaires,2025,1760-5776/1760-5776,否,否,是,ESCI,<0.1,,哲学,4 [585/795],否,三级, RELIGION 宗教,4 [283/340],,,,,,,,,,
Aisthesis-Pratiche Linguaggi e Saperi dell Estetico,2025,2035-8466/2035-8466,否,否,是,ESCI,0.3,,哲学,4 [586/795],否,三级, PHILOSOPHY 哲学,4 [218/328],,,,,,,,,,
Argumentos-Revista de Filosofia,2025,1984-4247/1984-4255,否,否,是,ESCI,0.1,,哲学,4 [587/795],否,三级, PHILOSOPHY 哲学,4 [219/328],,,,,,,,,,
Zutot,2025,1571-7283/1875-0214,否,否,否,ESCI,<0.1,,哲学,4 [588/795],否,三级," HUMANITIES, MULTIDISCIPLINARY 人文科学",4 [256/406],,,,,,,,,,
Intellectual Discourse,2025,0128-4878/2289-5639,否,否,否,ESCI,0.1,,哲学,4 [589/795],否,三级, RELIGION 宗教,4 [284/340],,,,,,,,,,
Investigaciones Fenomenologicas,2025,1885-1088/1885-1088,否,否,否,ESCI,0.1,,哲学,4 [590/795],否,三级, PHILOSOPHY 哲学,4 [220/328],,,,,,,,,,
Logos,2025,0869-5377/2499-9628,否,否,否,ESCI,<0.1,,哲学,4 [591/795],否,三级, PHILOSOPHY 哲学,4 [221/328],,,,,,,,,,
Synthesis Philosophica,2025,0352-7875,否,否,是,AHCI,0.1,,哲学,4 [592/795],否,三级, PHILOSOPHY 哲学,4 [222/328],,,,,,,,,,
Organon F,2025,1335-0668/2585-7150,否,否,是,AHCI,0.1,,哲学,4 [593/795],否,三级, PHILOSOPHY 哲学,4 [223/328],,,,,,,,,,
Journal of Early Modern Studies-Romania,2025,2285-6382/2286-0290,否,否,否,ESCI,0.2,,哲学,4 [594/795],否,三级," HUMANITIES, MULTIDISCIPLINARY 人文科学",4 [261/406],,,,,,,,,,
Welt des Orients,2025,0043-2547/2196-9019,否,否,否,ESCI,0.1,,哲学,4 [595/795],否,三级," HUMANITIES, MULTIDISCIPLINARY 人文科学",4 [262/406],,,,,,,,,,
Spiritus-A Journal of Christian Spirituality,2025,1533-1709/1535-3117,否,否,否,AHCI,0.1,,哲学,4 [596/795],否,三级, RELIGION 宗教,4 [285/340],,,,,,,,,,
Trans-Form-Acao,2025,0101-3173/1980-539X,否,否,是,AHCI,0.2,,哲学,4 [597/795],否,三级, PHILOSOPHY 哲学,4 [224/328],,,,,,,,,,
Croatian Journal of Philosophy,2025,1333-1108/1847-6139,否,否,否,AHCI,0.3,,哲学,4 [598/795],否,三级, PHILOSOPHY 哲学,4 [225/328],,,,,,,,,,
NanoEthics,2025,1871-4757/1871-4765,否,否,否,SSCI;SCIE,1.5,,哲学,4 [599/795],否,三级, ETHICS 伦理学,4 [64/77], HISTORY & PHILOSOPHY OF SCIENCE 科学史与科学哲学,4 [74/105],,,,,,,,
Res Publica-Revista de Filosofia Politica,2025,1576-4184/1989-6115,否,否,否,ESCI,0.1,,哲学,4 [600/795],否,三级, PHILOSOPHY 哲学,4 [226/328],,,,,,,,,,
Revue Roumaine de Philosophie,2025,1220-5400,否,否,否,AHCI,0.3,,哲学,4 [601/795],否,三级, PHILOSOPHY 哲学,4 [227/328],,,,,,,,,,
Augustinian Studies,2025,0094-5323/2153-7917,否,否,否,AHCI,0.1,,哲学,4 [602/795],否,三级, HISTORY 历史学,4 [352/523], PHILOSOPHY 哲学,4 [228/328], RELIGION 宗教,4 [286/340],,,,,,
Transformation-An International Journal of Holistic Mission Studies,2025,0265-3788/1759-8931,否,否,否,ESCI,0.1,,哲学,4 [603/795],否,三级, RELIGION 宗教,4 [287/340],,,,,,,,,,
Manuscrito,2025,0100-6045/2317-630X,否,否,是,AHCI,0.2,,哲学,4 [604/795],否,三级, PHILOSOPHY 哲学,4 [229/328],,,,,,,,,,
Claridades-Revista de Filosofia,2025,1889-6855/1989-3787,否,否,是,ESCI,0.1,,哲学,4 [605/795],否,三级, PHILOSOPHY 哲学,4 [230/328],,,,,,,,,,
Tradition & Discovery,2025,1057-1027/2154-1566,否,否,是,ESCI,0.3,,哲学,4 [606/795],否,三级, PHILOSOPHY 哲学,4 [231/328],,,,,,,,,,
Bollettino di Storia delle Scienze Matematiche,2025,0392-4432/1724-1650,否,否,否,AHCISCIE,<0.1,,哲学,4 [607/795],否,三级, HISTORY & PHILOSOPHY OF SCIENCE 科学史与科学哲学,4 [75/105]," MATHEMATICS, INTERDISCIPLINARY APPLICATIONS 数学跨学科应用",4 [105/136],,,,,,,,
ETUDES PHILOSOPHIQUES,2025,0014-2166/2101-0056,否,否,否,AHCI,0.1,,哲学,4 [608/795],否,三级, PHILOSOPHY 哲学,4 [232/328],,,,,,,,,,
PHILOSOPHISCHE RUNDSCHAU,2025,0031-8159/1868-7261,否,否,否,AHCI,<0.1,,哲学,4 [609/795],否,三级, PHILOSOPHY 哲学,4 [233/328],,,,,,,,,,
Disputatio-Philosophical Research Bulletin,2025,2254-0601/2254-0601,否,否,是,ESCI,0.1,,哲学,4 [610/795],否,三级, PHILOSOPHY 哲学,4 [234/328],,,,,,,,,,
Hermeneia,2025,1453-9047/2069-8291,否,否,是,ESCI,0.1,,哲学,4 [611/795],否,三级," HUMANITIES, MULTIDISCIPLINARY 人文科学",4 [274/406],,,,,,,,,,
Bollettino Filosofico,2025,1593-7178/2035-2670,否,否,否,ESCI,0.1,,哲学,4 [612/795],否,三级, PHILOSOPHY 哲学,4 [235/328],,,,,,,,,,
HEC Forum,2025,0956-2737/1572-8498,否,否,否,SSCI,1.2,,哲学,4 [613/795],否,三级, ETHICS 伦理学,4 [65/77],,,,,,,,,,
Studi Kantiani,2025,1123-4938/1724-1812,否,否,否,ESCI,0.8,,哲学,4 [614/795],否,三级, PHILOSOPHY 哲学,4 [236/328],,,,,,,,,,
Philosophy and Society-Filozofija i Drustvo,2025,0353-5738/2334-8577,否,否,是,ESCI,0.2,,哲学,4 [615/795],否,三级, PHILOSOPHY 哲学,4 [237/328],,,,,,,,,,
Estudos Kantianos,2025,2318-0501/2318-0501,否,否,是,ESCI,0.5,,哲学,4 [616/795],否,三级, PHILOSOPHY 哲学,4 [238/328],,,,,,,,,,
Journal of the History of the Neurosciences,2025,0964-704X/1744-5213,否,否,否,SCIE,0.5,,哲学,4 [617/795],否,三级, HISTORY & PHILOSOPHY OF SCIENCE 科学史与科学哲学,4 [78/105], NEUROSCIENCES 神经科学,4 [262/309],,,,,,,,
Endoxa-Series Filosoficas,2025,1133-5351/2174-5676,否,否,否,ESCI,0.1,,哲学,4 [618/795],否,三级, PHILOSOPHY 哲学,4 [239/328],,,,,,,,,,
Journal of Aesthetics and Phenomenology,2025,2053-9320/2053-9339,否,否,否,ESCI,0.2,,哲学,4 [619/795],否,三级, PHILOSOPHY 哲学,4 [240/328],,,,,,,,,,
Archiv fur Rechts- und Sozialphilosophie,2025,0001-2343/2363-5614,否,否,否,ESCI,0.1,,哲学,4 [620/795],否,三级, PHILOSOPHY 哲学,4 [241/328],,,,,,,,,,
JOURNAL OF THE SOCIETY OF CHRISTIAN ETHICS,2025,1540-7942/2326-2176,否,否,否,AHCI,,,哲学,4 [621/795],否,三级, RELIGION 宗教,4 [289/340],,,,,,,,,,
International Studies in Catholic Education,2025,1942-2539/1942-2547,否,否,否,ESCI,0.5,,哲学,4 [622/795],否,三级, RELIGION 宗教,4 [290/340],,,,,,,,,,
Internationale Katholische Zeitschrift Communio,2025,1439-6165/1439-6165,否,否,否,ESCI,0.1,,哲学,4 [623/795],否,三级, RELIGION 宗教,4 [291/340],,,,,,,,,,
Synesis,2025,1678-6785/1984-6754,否,否,否,ESCI,0.4,,哲学,4 [624/795],否,三级, PHILOSOPHY 哲学,4 [242/328],,,,,,,,,,
Filosofia Unisinos,2025,1519-5023/1984-8234,否,否,是,AHCI,0.1,,哲学,4 [625/795],否,三级, PHILOSOPHY 哲学,4 [243/328],,,,,,,,,,
Estudos de Religiao,2025,0103-801X/2176-1078,否,否,是,ESCI,0.1,,哲学,4 [626/795],否,三级, RELIGION 宗教,4 [292/340],,,,,,,,,,
Araucaria-Revista Iberoamericana de Filosofia Politica y Humanidades,2025,1575-6823/2340-2199,否,否,是,ESCI,0.3,,哲学,4 [627/795],否,三级, PHILOSOPHY 哲学,4 [244/328],,,,,,,,,,
Studia Canonica,2025,2295-3019/2295-3027,否,否,否,AHCI,<0.1,,哲学,4 [628/795],否,三级, RELIGION 宗教,4 [293/340],,,,,,,,,,
International Journal of Sino-Western Studies,2025,1799-8204/2242-2471,否,否,是,ESCI,0.3,,哲学,4 [629/795],否,三级, RELIGION 宗教,4 [294/340],,,,,,,,,,
Methodos-Savoirs et Textes,2025,1769-7379/1769-7379,否,否,是,ESCI,0.1,,哲学,4 [630/795],否,三级, PHILOSOPHY 哲学,4 [245/328],,,,,,,,,,
Journal of Humanistic Mathematics,2025,2159-8118/2159-8118,否,否,是,ESCI,0.3,,哲学,4 [631/795],否,三级, HISTORY & PHILOSOPHY OF SCIENCE 科学史与科学哲学,4 [79/105],,,,,,,,,,
International Journal of Practical Theology,2025,1430-6921/1612-9768,否,否,否,ESCI,0.5,,哲学,4 [632/795],否,三级, RELIGION 宗教,4 [295/340],,,,,,,,,,
Nashim-A Journal of Jewish Womens Studies & Gender Issues,2025,0793-8934/1565-5288,否,否,否,ESCI,0.1,,哲学,4 [633/795],否,三级," HUMANITIES, MULTIDISCIPLINARY 人文科学",4 [292/406],,,,,,,,,,
Revista Pistis & Praxis-Teologia e Pastoral,2025,1984-3755/2175-1838,否,否,是,ESCI,<0.1,,哲学,4 [634/795],否,三级, RELIGION 宗教,4 [296/340],,,,,,,,,,
Daimon-Revista Internacional de Filosofia,2025,1130-0507/1989-4651,否,否,是,ESCI,0.3,,哲学,4 [635/795],否,三级, PHILOSOPHY 哲学,4 [246/328],,,,,,,,,,
Studia Warminskie,2025,0137-6624/0137-6624,否,否,是,ESCI,0.4,,哲学,4 [636/795],否,三级," HUMANITIES, MULTIDISCIPLINARY 人文科学",4 [297/406],,,,,,,,,,
Cultura-International Journal of Philosophy of Culture and Axiology,2025,1584-1057/2065-5002,否,否,否,AHCI,,,哲学,4 [637/795],否,三级, PHILOSOPHY 哲学,4 [247/328],,,,,,,,,,
SOUTH AFRICAN JOURNAL OF PHILOSOPHY,2025,0258-0136/2073-4867,否,否,否,AHCI,0.3,,哲学,4 [638/795],否,三级, PHILOSOPHY 哲学,4 [248/328],,,,,,,,,,
Meta-Research in Hermeneutics Phenomenology and Practical Philosophy,2025,2067-3655/2067-3655,否,否,是,ESCI,0.1,,哲学,4 [639/795],否,三级, PHILOSOPHY 哲学,4 [249/328],,,,,,,,,,
Sign Systems Studies,2025,1406-4243/1736-7409,否,否,是,AHCI,1.3,,哲学,4 [640/795],否,三级," HUMANITIES, MULTIDISCIPLINARY 人文科学",4 [305/406],,,,,,,,,,
Journal of Applied Hermeneutics,2025,1927-4416/1927-4416,否,否,是,ESCI,0.3,,哲学,4 [641/795],否,三级, PHILOSOPHY 哲学,4 [250/328],,,,,,,,,,
Rhizomata-A Journal for Ancient Philosophy and Science,2025,2196-5102/2196-5110,否,否,否,ESCI,0.5,,哲学,4 [642/795],否,三级, PHILOSOPHY 哲学,4 [251/328],,,,,,,,,,
Esercizi Filosofici,2025,1970-0164/1970-0164,否,否,是,ESCI,0.1,,哲学,4 [643/795],否,三级, PHILOSOPHY 哲学,4 [252/328],,,,,,,,,,
Estudos Teologicos,2025,0101-3130/2237-6461,否,否,是,ESCI,<0.1,,哲学,4 [644/795],否,三级, RELIGION 宗教,4 [297/340],,,,,,,,,,
ZEITSCHRIFT FUR RELIGIONS-UND GEISTESGESCHICHTE,2025,0044-3441,否,否,否,AHCI,0.2,,哲学,4 [645/795],否,三级, RELIGION 宗教,4 [298/340],,,,,,,,,,
Bilimname,2025,2148-5860/2148-5860,否,否,否,ESCI,0.1,,哲学,4 [646/795],否,三级, RELIGION 宗教,4 [299/340],,,,,,,,,,
VERIFICHE,2025,0391-4186,否,否,否,AHCI,0.1,,哲学,4 [647/795],否,三级, PHILOSOPHY 哲学,4 [253/328],,,,,,,,,,
SOBORNOST INCORPORATING EASTERN CHURCHES REVIEW,2025,0144-8722,否,否,否,AHCI,<0.1,,哲学,4 [648/795],否,三级, RELIGION 宗教,4 [300/340],,,,,,,,,,
Journal of French and Francophone Philosophy,2025,1936-6280/2155-1162,否,否,是,ESCI,<0.1,,哲学,4 [649/795],否,三级, PHILOSOPHY 哲学,4 [254/328],,,,,,,,,,
Pomegranate,2025,1528-0268,否,否,否,AHCI,,,哲学,4 [650/795],否,三级, RELIGION 宗教,4 [301/340],,,,,,,,,,
Bajo Palabra-Journal of Philosophy,2025,1576-3935/1887-505X,否,否,是,ESCI,0.2,,哲学,4 [651/795],否,三级, PHILOSOPHY 哲学,4 [255/328],,,,,,,,,,
Cuestiones de Filosofia,2025,0123-5095/2389-9441,否,否,是,ESCI,0.1,,哲学,4 [652/795],否,三级, PHILOSOPHY 哲学,4 [256/328],,,,,,,,,,
Sirnak University Journal of Divinity Faculty,2025,2146-4901/2667-6575,否,否,是,ESCI,<0.1,,哲学,4 [653/795],否,三级, RELIGION 宗教,4 [302/340],,,,,,,,,,
UNIVERSITAS-Monthly Review of Philosophy and Culture,2025,1015-8383,否,否,否,AHCI,<0.1,,哲学,4 [654/795],否,三级, PHILOSOPHY 哲学,4 [258/328],,,,,,,,,,
REVER-Revista de Estudos da Religiao,2025,1677-1222/1677-1222,否,否,否,ESCI,0.1,,哲学,4 [655/795],否,三级, RELIGION 宗教,4 [303/340],,,,,,,,,,
REVUE DE METAPHYSIQUE ET DE MORALE,2025,0035-1571/2102-5177,否,否,否,AHCI,0.1,,哲学,4 [656/795],否,三级, PHILOSOPHY 哲学,4 [259/328],,,,,,,,,,
Allgemeine Zeitschrift fur Philosophie,2025,0340-7969/0340-7969,否,否,否,AHCI,<0.1,,哲学,4 [657/795],否,三级, PHILOSOPHY 哲学,4 [260/328],,,,,,,,,,
Bogoslovska Smotra-Ephemerides Theologicae Zagrabienses,2025,0352-3101/1848-9648,否,否,是,ESCI,0.1,,哲学,4 [658/795],否,三级, RELIGION 宗教,4 [304/340],,,,,,,,,,
Open Insight,2025,2007-2406/2395-8936,否,否,否,ESCI,0.2,,哲学,4 [659/795],否,三级, PHILOSOPHY 哲学,4 [261/328],,,,,,,,,,
ZEITSCHRIFT FUR EVANGELISCHE ETHIK,2025,0044-2674/2197-912X,否,否,否,AHCI,0.1,,哲学,4 [660/795],否,三级, RELIGION 宗教,4 [305/340],,,,,,,,,,
EARTH SCIENCES HISTORY,2025,0736-623X/1944-6187,否,否,否,SSCI;SCIE,0.6,,哲学,4 [661/795],否,三级," GEOSCIENCES, MULTIDISCIPLINARY 地球科学：综合",4 [180/258], HISTORY & PHILOSOPHY OF SCIENCE 科学史与科学哲学,4 [82/105],,,,,,,,
Religioni e Societa-Rivista di Scienze Sociali della Religione,2025,0394-9397/1722-4705,否,否,否,ESCI,0.1,,哲学,4 [662/795],否,三级, RELIGION 宗教,4 [306/340],,,,,,,,,,
INTERPRETATION-A JOURNAL OF BIBLE AND THEOLOGY,2025,0020-9643/2159-340X,否,否,否,AHCI,0.3,,哲学,4 [663/795],否,三级, RELIGION 宗教,4 [307/340],,,,,,,,,,
Pensando-Revista de Filosofia,2025,2178-843X/2178-843X,否,否,否,ESCI,<0.1,,哲学,4 [664/795],否,三级, PHILOSOPHY 哲学,4 [262/328],,,,,,,,,,
Journal of Management Spirituality & Religion,2025,1476-6086/1942-258X,否,否,否,ESCI,1.5,,哲学,4 [665/795],否,三级, RELIGION 宗教,4 [308/340],,,,,,,,,,
Osterreichisches Religionspadagogisches Forum,2025,1018-1539/1018-1539,否,否,是,ESCI,0.1,,哲学,4 [666/795],否,三级, RELIGION 宗教,4 [309/340],,,,,,,,,,
Contemporary Pragmatism,2025,1572-3429/1875-8185,否,否,否,AHCI,0.2,,哲学,4 [667/795],否,三级, PHILOSOPHY 哲学,4 [263/328],,,,,,,,,,
Philosophia-International Journal of Philosophy,2025,2244-1875/2244-1883,否,否,否,AHCI,0.2,,哲学,4 [668/795],否,三级, PHILOSOPHY 哲学,4 [264/328],,,,,,,,,,
Plura-Revista de Estudos de Religiao,2025,2179-0019/2179-0019,否,否,否,ESCI,0.1,,哲学,4 [669/795],否,三级, RELIGION 宗教,4 [310/340],,,,,,,,,,
Asterion-Philosophie Histoire des Idees Pensee Politique,2025,1762-6110/1762-6110,否,否,是,ESCI,0.1,,哲学,4 [670/795],否,三级, PHILOSOPHY 哲学,4 [265/328],,,,,,,,,,
Aufklarung-Revista de Filosofia,2025,2318-9428/2318-9428,否,否,是,ESCI,0.1,,哲学,4 [671/795],否,三级, PHILOSOPHY 哲学,4 [266/328],,,,,,,,,,
Kosciol i Prawo,2025,0208-7928/2544-5804,否,否,是,ESCI,0.1,,哲学,4 [672/795],否,三级, RELIGION 宗教,4 [311/340],,,,,,,,,,
Cuadernos de Filosofia Latinoamericana,2025,0120-8462/2500-5375,否,否,否,ESCI,0.2,,哲学,4 [673/795],否,三级, PHILOSOPHY 哲学,4 [267/328],,,,,,,,,,
BYU Studies Quarterly,2025,2167-8472/2167-8480,否,否,否,AHCI,0.1,,哲学,4 [674/795],否,三级," HUMANITIES, MULTIDISCIPLINARY 人文科学",4 [316/406],,,,,,,,,,
REVUE PHILOSOPHIQUE DE LOUVAIN,2025,0035-3841/1783-1768,否,否,否,AHCI,0.2,,哲学,4 [675/795],否,三级, PHILOSOPHY 哲学,4 [268/328],,,,,,,,,,
Ilahiyat Tetkikleri Dergisi-Journal of Ilahiyat Researches,2025,2458-7508/2602-3946,否,否,是,ESCI,0.2,,哲学,4 [676/795],否,三级, RELIGION 宗教,4 [312/340],,,,,,,,,,
Rivista di Estetica,2025,0035-6212/0035-6212,否,否,是,AHCI,0.1,,哲学,4 [677/795],否,三级, PHILOSOPHY 哲学,4 [269/328],,,,,,,,,,
Catholic Social Science Review,2025,1091-0905/1944-6292,否,否,是,ESCI,<0.1,,哲学,4 [678/795],否,三级, RELIGION 宗教,4 [313/340],,,,,,,,,,
Eikasia-Revista de Filosofia,2025,1885-5679/1885-5679,否,否,否,ESCI,0.1,,哲学,4 [679/795],否,三级, PHILOSOPHY 哲学,4 [270/328],,,,,,,,,,
International Journal of Christianity & Education,2025,2056-9971/2056-998X,否,否,否,ESCI,0.4,,哲学,4 [680/795],否,三级, RELIGION 宗教,4 [314/340],,,,,,,,,,
Codrul Cosminului,2025,1224-032X/2067-5860,否,否,是,ESCI,0.1,,哲学,4 [681/795],否,三级, AREA STUDIES 地域研究,4 [140/174], HISTORY 历史学,4 [415/523],,,,,,,,
Ideas y Valores,2025,0120-0062/2011-3668,否,否,是,AHCI,0.1,,哲学,4 [682/795],否,三级, PHILOSOPHY 哲学,4 [271/328],,,,,,,,,,
STUDIA MONASTICA,2025,0039-3258,否,否,否,AHCI,<0.1,,哲学,4 [683/795],否,三级, RELIGION 宗教,4 [315/340],,,,,,,,,,
Tradition-A Journal of Orthodox Jewish Thought,2025,0041-0608/2768-0231,否,否,否,ESCI,0.1,,哲学,4 [684/795],否,三级," HUMANITIES, MULTIDISCIPLINARY 人文科学",4 [333/406], PHILOSOPHY 哲学,4 [272/328], RELIGION 宗教,4 [316/340],,,,,,
Revista de Filosofia La Plata,2025,2953-3392/2953-3392,否,否,否,ESCI,<0.1,,哲学,4 [685/795],否,三级, PHILOSOPHY 哲学,4 [273/328],,,,,,,,,,
Studia Universitatis Babes-Bolyai Philosophia,2025,1221-8138/2065-9407,否,否,否,ESCI,0.1,,哲学,4 [686/795],否,三级, PHILOSOPHY 哲学,4 [274/328],,,,,,,,,,
Miscelanea de Estudios Arabes y Hebraicos-Seccion Hebreo,2025,1696-585X/2340-2547,否,否,是,ESCI,0.1,,哲学,4 [687/795],否,三级," HUMANITIES, MULTIDISCIPLINARY 人文科学",4 [336/406],,,,,,,,,,
Religious Studies and Theology,2025,0829-2922/1747-5414,否,否,否,ESCI,0.1,,哲学,4 [688/795],否,三级, RELIGION 宗教,4 [317/340],,,,,,,,,,
Logos & Pneuma-Chinese Journal of Theology,2025,1023-2583,否,否,否,AHCI,0.1,,哲学,4 [689/795],否,三级, RELIGION 宗教,4 [318/340],,,,,,,,,,
ZEITSCHRIFT FUR PHILOSOPHISCHE FORSCHUNG,2025,0044-3301/1439-2615,否,否,否,AHCI,0.1,,哲学,4 [690/795],否,三级, PHILOSOPHY 哲学,4 [275/328],,,,,,,,,,
Think-Philosophy for Everyone,2025,1477-1756/1755-1196,否,否,否,ESCI,0.1,,哲学,4 [691/795],否,三级, PHILOSOPHY 哲学,4 [276/328],,,,,,,,,,
Griot-Revista de Filosofia,2025,2178-1036/2178-1036,否,否,是,ESCI,0.1,,哲学,4 [692/795],否,三级, PHILOSOPHY 哲学,4 [277/328],,,,,,,,,,
Beytulhikme-An International Journal of Philosophy,2025,1303-8303/1303-8303,否,否,否,ESCI,0.1,,哲学,4 [693/795],否,三级, PHILOSOPHY 哲学,4 [278/328],,,,,,,,,,
Filosofiya-Philosophy,2025,0861-6302/1314-8559,否,否,否,ESCI,0.1,,哲学,4 [694/795],否,三级, PHILOSOPHY 哲学,4 [279/328],,,,,,,,,,
Epekeina-International Journal of Ontology History and Critics,2025,2281-3209/2281-3209,否,否,否,ESCI,<0.1,,哲学,4 [695/795],否,三级, PHILOSOPHY 哲学,4 [280/328],,,,,,,,,,
LAVAL THEOLOGIQUE ET PHILOSOPHIQUE,2025,0023-9054/1703-8804,否,否,否,AHCI,0.4,,哲学,4 [696/795],否,三级, PHILOSOPHY 哲学,4 [281/328], RELIGION 宗教,4 [319/340],,,,,,,,
Iride-Filosofia e Discussione Pubblica,2025,1122-7893/1122-7893,否,否,否,ESCI,<0.1,,哲学,4 [697/795],否,三级, PHILOSOPHY 哲学,4 [282/328],,,,,,,,,,
Horizonte-Revista de Estudos de Teologia e Ciencias da Religiao,2025,1679-9615/2175-5841,否,否,是,ESCI,<0.1,,哲学,4 [698/795],否,三级, RELIGION 宗教,4 [320/340],,,,,,,,,,
Sguardo-Rivista di Filosofia,2025,2036-6558/2036-6558,否,否,是,ESCI,,,哲学,4 [699/795],否,三级, PHILOSOPHY 哲学,4 [283/328],,,,,,,,,,
Constelaciones-Revista de Teoria Critica,2025,2172-9506/2172-9506,否,否,否,ESCI,<0.1,,哲学,4 [700/795],否,三级, PHILOSOPHY 哲学,4 [284/328],,,,,,,,,,
Prometeica-Revista de Filosofia y Ciencias,2025,1852-9488/1852-9488,否,否,是,ESCI,0.2,,哲学,4 [701/795],否,三级, PHILOSOPHY 哲学,4 [285/328],,,,,,,,,,
Theology & Sexuality,2025,1355-8358/1745-5170,否,否,否,ESCI,0.3,,哲学,4 [702/795],否,三级, RELIGION 宗教,4 [321/340],,,,,,,,,,
Liturgy,2025,0458-063X/1557-3001,否,否,否,ESCI,0.3,,哲学,4 [703/795],否,三级, RELIGION 宗教,4 [322/340],,,,,,,,,,
JOURNAL OF DHARMA,2025,0253-7222,否,否,否,AHCI,0.2,,哲学,4 [704/795],否,三级, RELIGION 宗教,4 [323/340],,,,,,,,,,
Journal of Medical Biography,2025,0967-7720/1758-1087,否,否,否,AHCI,0.4,,哲学,4 [705/795],否,三级, HISTORY & PHILOSOPHY OF SCIENCE 科学史与科学哲学,4 [84/105],,,,,,,,,,
Filosofia Politica,2025,0394-7297/0394-7297,否,否,否,ESCI,0.2,,哲学,4 [706/795],否,三级, PHILOSOPHY 哲学,4 [286/328],,,,,,,,,,
REVUE INTERNATIONALE DE PHILOSOPHIE,2025,0048-8143/2033-0138,否,否,否,AHCI,<0.1,,哲学,4 [707/795],否,三级, PHILOSOPHY 哲学,4 [287/328],,,,,,,,,,
Australasian Catholic Record,2025,0727-3215/1839-2458,否,否,否,ESCI,,,哲学,4 [708/795],否,三级, RELIGION 宗教,4 [324/340],,,,,,,,,,
Logos-Vilnius,2025,0868-7692/0868-7692,否,否,否,AHCI,0.1,,哲学,4 [709/795],否,三级," HUMANITIES, MULTIDISCIPLINARY 人文科学",4 [350/406],,,,,,,,,,
Revista Colombiana de Filosofia de la Ciencia,2025,0124-4620/2463-1159,否,否,是,ESCI,<0.1,,哲学,4 [710/795],否,三级, HISTORY & PHILOSOPHY OF SCIENCE 科学史与科学哲学,4 [85/105],,,,,,,,,,
Revista de Filosofia UIS,2025,1692-2484/2145-8529,否,否,是,ESCI,0.2,,哲学,4 [711/795],否,三级, PHILOSOPHY 哲学,4 [289/328],,,,,,,,,,
Kalagatos-Revista de Filosofia,2025,1808-107X/1984-9206,否,否,是,ESCI,0.4,,哲学,4 [712/795],否,三级, PHILOSOPHY 哲学,4 [290/328],,,,,,,,,,
PhiloSOPHIA-A Journal of Continental Feminism,2025,2155-0891/2155-0905,否,否,否,ESCI,0.1,,哲学,4 [713/795],否,三级, PHILOSOPHY 哲学,4 [291/328],,,,,,,,,,
Balkan Journal of Philosophy,2025,1313-888X/2367-5438,否,否,否,ESCI,0.2,,哲学,4 [714/795],否,三级, PHILOSOPHY 哲学,4 [292/328],,,,,,,,,,
Worldviews-Global Religions Culture and Ecology,2025,1363-5247/1568-5357,否,否,否,ESCI,0.5,,哲学,4 [715/795],否,三级, RELIGION 宗教,4 [325/340],,,,,,,,,,
SOCIAL PHILOSOPHY & POLICY,2025,0265-0525/1471-6437,否,否,否,SSCI;AHCI,0.3,,哲学,4 [716/795],否,三级, ETHICS 伦理学,4 [66/77], PHILOSOPHY 哲学,4 [293/328]," SOCIAL SCIENCES, INTERDISCIPLINARY 社会科学：跨领域",4 [174/263],,,,,,
Prolegomena,2025,1333-4395,否,否,是,AHCI,0.1,,哲学,4 [717/795],否,三级, PHILOSOPHY 哲学,4 [294/328],,,,,,,,,,
Journal of Indian Council of Philosophical Research,2025,0970-7794/2363-9962,否,否,否,ESCI,0.1,,哲学,4 [718/795],否,三级, PHILOSOPHY 哲学,4 [295/328],,,,,,,,,,
Hybris-Revista de Filosofia,2025,0718-8382/0718-8382,否,否,是,ESCI,0.1,,哲学,4 [719/795],否,三级, PHILOSOPHY 哲学,4 [296/328],,,,,,,,,,
Revista de Filosofia,2025,0034-8236/0718-4360,否,否,是,AHCI,1.2,,哲学,4 [720/795],否,三级, PHILOSOPHY 哲学,4 [297/328],,,,,,,,,,
Frontiers of Philosophy in China,2025,1673-3436/1673-355X,否,否,否,ESCI,0.1,,哲学,4 [721/795],否,三级, PHILOSOPHY 哲学,4 [298/328],,,,,,,,,,
Reti Saperi Linguaggi-Italian Journal of Cognitive Sciences,2025,1826-8889/2279-7777,否,否,否,ESCI,0.2,,哲学,4 [722/795],否,三级, PHILOSOPHY 哲学,4 [299/328],,,,,,,,,,
Rivista Internazionale di Filosofia e Psicologia,2025,2039-4667/2239-2629,否,否,是,ESCI,0.1,,哲学,4 [723/795],否,三级, PHILOSOPHY 哲学,4 [300/328]," PSYCHOLOGY, MULTIDISCIPLINARY 心理学：综合",4 [168/219],,,,,,,,
Rivista di Filosofia,2025,0035-6239/0035-6239,否,否,否,ESCI,0.2,,哲学,4 [724/795],否,三级, PHILOSOPHY 哲学,4 [301/328],,,,,,,,,,
Filozofska Istrazivanja,2025,0351-4706/0351-4706,否,否,是,AHCI,0.1,,哲学,4 [725/795],否,三级, PHILOSOPHY 哲学,4 [302/328],,,,,,,,,,
Perspectives on Science and Christian Faith,2025,0892-2675/0892-2675,否,否,否,ESCI,0.7,,哲学,4 [726/795],否,三级, RELIGION 宗教,4 [326/340],,,,,,,,,,
TEMENOS,2025,0497-1817,否,否,否,AHCI,0.4,,哲学,4 [727/795],否,三级, RELIGION 宗教,4 [327/340],,,,,,,,,,
Contemporary Buddhism,2025,1463-9947/1476-7953,否,否,否,AHCI,0.1,,哲学,4 [728/795],否,三级, PHILOSOPHY 哲学,4 [303/328], RELIGION 宗教,4 [328/340],,,,,,,,
Diametros,2025,1733-5566/1733-5566,否,否,是,ESCI,0.4,,哲学,4 [729/795],否,三级, PHILOSOPHY 哲学,4 [304/328],,,,,,,,,,
Analele Universitatii Bucuresti-Filosofie-Annals of the University of Bucharest-Philosophy,2025,0068-3175/2537-4044,否,否,是,ESCI,<0.1,,哲学,4 [730/795],否,三级, PHILOSOPHY 哲学,4 [305/328],,,,,,,,,,
REVUE PHILOSOPHIQUE DE LA FRANCE ET DE L ETRANGER,2025,0035-3833/2104-385X,否,否,否,AHCI,0.1,,哲学,4 [731/795],否,三级, PHILOSOPHY 哲学,4 [306/328],,,,,,,,,,
Ethics and the Environment,2025,1085-6633/1535-5306,否,否,否,ESCI,0.6,,哲学,4 [732/795],否,三级, PHILOSOPHY 哲学,4 [307/328],,,,,,,,,,
Canadian Journal of Health History,2025,0823-2105/2371-0179,否,否,否,ESCI,0.4,,哲学,4 [733/795],否,三级, HISTORY & PHILOSOPHY OF SCIENCE 科学史与科学哲学,4 [86/105],,,,,,,,,,
FILOZOFSKI VESTNIK,2025,0353-4510/1581-1239,否,否,否,AHCI,0.1,,哲学,4 [734/795],否,三级, PHILOSOPHY 哲学,4 [308/328],,,,,,,,,,
Agora-Papeles de Filosofia,2025,0211-6642/2174-3347,否,否,否,ESCI,0.1,,哲学,4 [735/795],否,三级, PHILOSOPHY 哲学,4 [309/328],,,,,,,,,,
Ignaziana-Rivista di Ricerca Teologica,2025,1828-2377,否,否,否,ESCI,<0.1,,哲学,4 [736/795],否,三级, RELIGION 宗教,4 [330/340],,,,,,,,,,
JOURNAL OF PSYCHOLOGY AND THEOLOGY,2025,0091-6471/2328-1162,否,否,否,SSCI;AHCI,0.7,,哲学,4 [737/795],否,三级," PSYCHOLOGY, MULTIDISCIPLINARY 心理学：综合",4 [172/219], RELIGION 宗教,4 [331/340],,,,,,,,
JOURNAL OF FEMINIST STUDIES IN RELIGION,2025,8755-4178/1553-3913,否,否,否,AHCI,0.2,,哲学,4 [738/795],否,三级, RELIGION 宗教,4 [332/340],,,,,,,,,,
TPM-The Philosophers Magazine,2025,1354-814X/2048-4674,否,否,否,ESCI,0.2,,哲学,4 [739/795],否,三级, PHILOSOPHY 哲学,4 [310/328],,,,,,,,,,
Isegoria,2025,1130-2097/1988-8376,否,否,是,AHCI,0.3,,哲学,4 [740/795],否,三级, PHILOSOPHY 哲学,4 [311/328],,,,,,,,,,
McMaster Journal of Theology and Ministry,2025,1481-0794/1481-0794,否,否,否,ESCI,,,哲学,4 [741/795],否,三级, RELIGION 宗教,4 [333/340],,,,,,,,,,
Asclepio-Revista de Historia de la Medicina y de la Ciencia,2025,0210-4466/1988-3102,否,否,是,AHCI,0.2,,哲学,4 [742/795],否,三级, HISTORY & PHILOSOPHY OF SCIENCE 科学史与科学哲学,4 [87/105],,,,,,,,,,
Comunicazione Filosofica,2025,1128-9082/1128-9082,否,否,否,ESCI,0.2,,哲学,4 [743/795],否,三级, PHILOSOPHY 哲学,4 [312/328],,,,,,,,,,
Review & Expositor,2025,0034-6373/2052-9449,否,否,否,ESCI,0.1,,哲学,4 [744/795],否,三级, RELIGION 宗教,4 [334/340],,,,,,,,,,
Studia Neoaristotelica-A Journal of Analytical Scholasticism,2025,1214-8407/1804-6843,否,否,否,ESCI,<0.1,,哲学,4 [745/795],否,三级, PHILOSOPHY 哲学,4 [313/328],,,,,,,,,,
Nova Prisutnost,2025,1334-2312/1848-8676,否,否,是,ESCI,0.2,,哲学,4 [746/795],否,三级, RELIGION 宗教,4 [335/340],,,,,,,,,,
INDIAN JOURNAL OF HISTORY OF SCIENCE,2025,0019-5235/2454-9991,否,否,否,ESCI,0.5,,哲学,4 [747/795],否,三级, HISTORY & PHILOSOPHY OF SCIENCE 科学史与科学哲学,4 [88/105],,,,,,,,,,
Journal of Posthuman Studies-Philosophy Technology Media,2025,2472-4513/2471-4461,否,否,否,ESCI,0.1,,哲学,4 [748/795],否,三级," HUMANITIES, MULTIDISCIPLINARY 人文科学",4 [377/406],,,,,,,,,,
Person and the Challenges-The Journal of Theology Education Canon Law and Social Studies Inspired by Pope John Paul II,2025,2083-8018/2083-8018,否,否,是,ESCI,0.2,,哲学,4 [749/795],否,三级, RELIGION 宗教,4 [336/340],,,,,,,,,,
S&F-Scienzaefilosofia it,2025,2036-2927/2036-2927,否,否,是,ESCI,<0.1,,哲学,4 [750/795],否,三级, HISTORY & PHILOSOPHY OF SCIENCE 科学史与科学哲学,4 [90/105],,,,,,,,,,
Phenomenology & Practice,2025,1913-4711/1913-4711,否,否,是,ESCI,1.6,,哲学,4 [751/795],否,三级, PHILOSOPHY 哲学,4 [314/328],,,,,,,,,,
Phares-Revue Philosophique Etudiante de l Universite Laval,2025,1496-8533/1496-8533,否,否,否,ESCI,<0.1,,哲学,4 [752/795],否,三级, PHILOSOPHY 哲学,4 [315/328],,,,,,,,,,
Kritike-An Online Journal of Philosophy,2025,1908-7330/1908-7330,否,否,是,ESCI,0.2,,哲学,4 [753/795],否,三级, PHILOSOPHY 哲学,4 [316/328],,,,,,,,,,
Philosophiques,2025,0316-2923/1492-1391,否,否,否,ESCI,0.1,,哲学,4 [754/795],否,三级, PHILOSOPHY 哲学,4 [317/328],,,,,,,,,,
Linacre Quarterly,2025,0024-3639/2050-8549,否,否,否,ESCI,0.5,,哲学,4 [755/795],否,三级, MEDICAL ETHICS 医学：伦理,4 [18/23],,,,,,,,,,
Ethik in der Medizin,2025,0935-7335/1437-1618,否,否,否,SCIE,0.9,,哲学,4 [756/795],否,三级, MEDICAL ETHICS 医学：伦理,4 [19/23],,,,,,,,,,
Lebenswelt-Aesthetics and Philosophy of Experience,2025,2240-9599/2240-9599,否,否,是,ESCI,<0.1,,哲学,4 [757/795],否,三级, PHILOSOPHY 哲学,4 [318/328],,,,,,,,,,
CRITICA-REVISTA HISPANOAMERICANA DE FILOSOFIA,2025,0011-1503/1870-4905,否,否,否,AHCI,0.3,,哲学,4 [758/795],否,三级, PHILOSOPHY 哲学,4 [319/328],,,,,,,,,,
Noema-Rivista Online di Filosofia,2025,2239-5474/2239-5474,否,否,是,ESCI,1.3,,哲学,4 [759/795],否,三级, PHILOSOPHY 哲学,4 [320/328],,,,,,,,,,
AUT AUT,2025,0005-0601,否,否,否,AHCI,<0.1,,哲学,4 [760/795],否,三级," HUMANITIES, MULTIDISCIPLINARY 人文科学",4 [385/406],,,,,,,,,,
Medizinhistorisches Journal,2025,0025-8431/1611-4477,否,否,否,ESCI,0.1,,哲学,4 [761/795],否,三级, HISTORY & PHILOSOPHY OF SCIENCE 科学史与科学哲学,4 [91/105],,,,,,,,,,
History of science and technology,2025,2415-7422/2415-7430,否,否,是,ESCI,0.6,,哲学,4 [762/795],否,三级, HISTORY & PHILOSOPHY OF SCIENCE 科学史与科学哲学,4 [92/105],,,,,,,,,,
PARABOLA,2025,0362-1596/0362-1596,否,否,否,AHCI,0.1,,哲学,4 [763/795],否,三级, RELIGION 宗教,4 [337/340],,,,,,,,,,
Historical Records of Australian Science,2025,0727-3061/1448-5508,否,否,否,AHCISCIE,0.4,,哲学,4 [764/795],否,三级, HISTORY & PHILOSOPHY OF SCIENCE 科学史与科学哲学,4 [93/105],,,,,,,,,,
Teoria-Rivista di Filosofia,2025,1122-1259,否,否,否,AHCI,0.2,,哲学,4 [765/795],否,三级, PHILOSOPHY 哲学,4 [321/328],,,,,,,,,,
Cross Currents,2025,0011-1953/1939-3881,否,否,否,ESCI,0.2,,哲学,4 [766/795],否,三级, RELIGION 宗教,4 [338/340],,,,,,,,,,
Ateliers de l Ethique-The Ethics Forum,2025,1718-9977/1718-9977,否,否,是,ESCI,,,哲学,4 [767/795],否,三级, ETHICS 伦理学,4 [68/77],,,,,,,,,,
Haser-Revista Internacional de Filosofia Aplicada,2025,2172-055X/2386-4761,否,否,否,ESCI,1.1,,哲学,4 [768/795],否,三级, PHILOSOPHY 哲学,4 [322/328],,,,,,,,,,
Ragion Pratica,2025,1720-2396/1720-2396,否,否,否,ESCI,0.2,,哲学,4 [769/795],否,三级, PHILOSOPHY 哲学,4 [323/328],,,,,,,,,,
Etikk i Praksis,2025,1890-3991/1890-4009,否,否,是,SSCI;AHCI,0.8,,哲学,4 [770/795],否,三级, ETHICS 伦理学,4 [69/77], PHILOSOPHY 哲学,4 [324/328],,,,,,,,
South African Journal of Bioethics and Law,2025,1999-7639/1999-7639,否,否,是,ESCI,1.1,,哲学,4 [771/795],否,三级, MEDICAL ETHICS 医学：伦理,4 [20/23],,,,,,,,,,
Acta Bioethica,2025,0717-5906/1726-569X,否,否,是,SSCI;SCIE,0.3,,哲学,4 [772/795],否,三级, ETHICS 伦理学,4 [70/77], MEDICAL ETHICS 医学：伦理,4 [21/23]," SOCIAL SCIENCES, BIOMEDICAL 社会科学：生物医学",4 [44/46],,,,,,
Ethical Perspectives,2025,1370-0049/1783-1431,否,否,否,SSCI;AHCI,0.3,,哲学,4 [773/795],否,三级, ETHICS 伦理学,4 [72/77], PHILOSOPHY 哲学,4 [325/328],,,,,,,,
International Journal of Technoethics,2025,1947-3451/1947-346X,否,否,否,ESCI,0.3,,哲学,4 [774/795],否,三级, ETHICS 伦理学,4 [73/77],,,,,,,,,,
Cuadernos de Bioetica,2025,1132-1989/2386-3773,否,否,否,ESCI,0.6,,哲学,4 [775/795],否,三级, ETHICS 伦理学,4 [74/77],,,,,,,,,,
History of Geo- and Space Sciences,2025,2190-5010/2190-5029,否,否,是,SSCI;SCIE,0.4,,哲学,4 [776/795],否,三级," GEOSCIENCES, MULTIDISCIPLINARY 地球科学：综合",4 [215/258], HISTORY & PHILOSOPHY OF SCIENCE 科学史与科学哲学,4 [94/105],,,,,,,,
Global Journal Al-Thaqafah,2025,2232-0474/2232-0482,否,否,是,ESCI,0.5,,哲学,4 [777/795],否,三级, RELIGION 宗教,4 [339/340],,,,,,,,,,
Acta Medico-Historica Adriatica,2025,1334-4366/1334-6253,否,否,是,ESCI,0.1,,哲学,4 [778/795],否,三级, HISTORY & PHILOSOPHY OF SCIENCE 科学史与科学哲学,4 [96/105],,,,,,,,,,
International Journal of Chinese & Comparative Philosophy of Medicine,2025,1386-6354/1386-6354,否,否,否,ESCI,0.1,,哲学,4 [779/795],否,三级, HISTORY & PHILOSOPHY OF SCIENCE 科学史与科学哲学,4 [97/105],,,,,,,,,,
Revista Colombiana de Bioetica,2025,1900-6896/2590-9452,否,否,是,ESCI,0.1,,哲学,4 [780/795],否,三级, ETHICS 伦理学,4 [75/77],,,,,,,,,,
International Journal for the History of Engineering & Technology,2025,1758-1206/1758-1214,否,否,否,ESCI,0.2,,哲学,4 [781/795],否,三级, HISTORY & PHILOSOPHY OF SCIENCE 科学史与科学哲学,4 [98/105],,,,,,,,,,
Zagadnienia Filozoficzne w Nauce-Philosophical Problems in Science,2025,0867-8286/2451-0602,否,否,是,ESCI,0.1,,哲学,4 [782/795],否,三级, HISTORY & PHILOSOPHY OF SCIENCE 科学史与科学哲学,4 [99/105],,,,,,,,,,
Recerca-Revista de Pensament & Analisi,2025,1130-6149/2254-4135,否,否,是,ESCI,0.4,,哲学,4 [783/795],否,三级, PHILOSOPHY 哲学,4 [326/328],,,,,,,,,,
Dialogues in Philosophy Mental and Neuro Sciences,2025,2035-0031/2035-0031,否,否,否,ESCI,<0.1,,哲学,4 [784/795],否,三级, PHILOSOPHY 哲学,4 [327/328],,,,,,,,,,
Argumentos de Razon Tecnica,2025,1139-3327/2253-8151,否,否,否,ESCI,0.1,,哲学,4 [785/795],否,三级, HISTORY & PHILOSOPHY OF SCIENCE 科学史与科学哲学,4 [100/105],,,,,,,,,,
NATURAL HISTORY,2025,0028-0712,否,否,否,SCIE,0.1,,哲学,4 [786/795],否,三级, BIODIVERSITY CONSERVATION 生物多样性保护,4 [70/75], ECOLOGY 生态学,4 [178/196],,,,,,,,
International Review of Information Ethics,2025,1614-1687/1614-1687,否,否,否,ESCI,0.6,,哲学,4 [787/795],否,三级, ETHICS 伦理学,4 [76/77],,,,,,,,,,
International Journal of Feminist Approaches To Bioethics,2025,1937-4585/1937-4577,否,否,否,SSCI,0.3,,哲学,4 [788/795],否,三级, ETHICS 伦理学,4 [77/77]," SOCIAL SCIENCES, BIOMEDICAL 社会科学：生物医学",4 [45/46], WOMENS STUDIES 女性研究,4 [66/66],,,,,,
Journal of Medical Ethics and History of Medicine,2025,2008-0387/2008-0387,否,否,是,ESCI,0.8,,哲学,4 [789/795],否,三级, MEDICAL ETHICS 医学：伦理,4 [22/23],,,,,,,,,,
Spontaneous Generations-Journal for the History and Philosophy of Science,2025,1913-0465/1913-0465,否,否,否,ESCI,,,哲学,4 [790/795],否,三级, HISTORY & PHILOSOPHY OF SCIENCE 科学史与科学哲学,4 [101/105],,,,,,,,,,
Christian Bioethics,2025,1380-3603/1744-4195,否,否,否,AHCI,0.8,,哲学,4 [791/795],否,三级, PHILOSOPHY 哲学,4 [328/328], RELIGION 宗教,4 [340/340],,,,,,,,
Korean Journal of Medical History,2025,1225-505X,否,否,是,AHCI,0.2,,哲学,4 [792/795],否,三级, ASIAN STUDIES 亚洲研究,4 [102/102], HISTORY & PHILOSOPHY OF SCIENCE 科学史与科学哲学,4 [102/105],,,,,,,,
Health and History,2025,1442-1771/1839-3314,否,否,否,ESCI,0.1,,哲学,4 [793/795],否,三级, HISTORY & PHILOSOPHY OF SCIENCE 科学史与科学哲学,4 [103/105],,,,,,,,,,
Canadian Journal of Bioethics-Revue Canadienne de Bioethique,2025,2561-4665/2561-4665,否,否,是,ESCI,0.3,,哲学,4 [794/795],否,三级, MEDICAL ETHICS 医学：伦理,4 [23/23],,,,,,,,,,
Metode Science Studies Journal,2025,2174-3487/2174-9221,否,否,是,ESCI,0.5,,哲学,4 [795/795],否,三级, HISTORY & PHILOSOPHY OF SCIENCE 科学史与科学哲学,4 [104/105],,,,,,,,,,
