Journal,年份,ISSN/EISSN,Review,OA Journal Index（OAJ）,Open Access,Web of Science,影响因子,标注,大类,大类分区,Top,小类1,小类1分区,小类2,小类2分区,小类3,小类3分区,小类4,小类4分区,小类5,小类5分区,小类6,小类6分区,权威期刊
QUARTERLY JOURNAL OF ECONOMICS,2025,0033-5533/1531-4650,否,否,否,SSCI,12.7,,经济学,1 [1/765],是, ECONOMICS 经济学,1 [1/599],,,,,,,,,,,一级
AMERICAN ECONOMIC REVIEW,2025,0002-8282/1944-7981,否,否,否,SSCI,11.6,,经济学,1 [2/765],是, ECONOMICS 经济学,1 [2/599],,,,,,,,,,,一级
JOURNAL OF POLITICAL ECONOMY,2025,0022-3808/1537-534X,否,否,否,SSCI,6.3,,经济学,1 [3/765],是, ECONOMICS 经济学,1 [3/599],,,,,,,,,,,一级
ECONOMETRICA,2025,0012-9682/1468-0262,否,否,否,SSCI;SCIE,7.1,,经济学,1 [4/765],是, ECONOMICS 经济学,1 [4/599]," MATHEMATICS, INTERDISCIPLINARY APPLICATIONS 数学跨学科应用",1 [1/136]," SOCIAL SCIENCES, MATHEMATICAL METHODS 社会科学：数理方法",1 [1/67], STATISTICS & PROBABILITY 统计学与概率论,1 [1/166],,,,,一级
ECONOMIC GEOGRAPHY,2025,0013-0095/1944-8287,否,否,否,SSCI,8.9,,经济学,1 [5/765],是, ECONOMICS 经济学,1 [5/599], GEOGRAPHY 地理学,1 [2/171],,,,,,,,,一级
American Economic Journal-Applied Economics,2025,1945-7782/1945-7790,否,否,否,SSCI,6.2,,经济学,1 [6/765],是, ECONOMICS 经济学,1 [6/599],,,,,,,,,,,一级
JOURNAL OF FINANCE,2025,0022-1082/1540-6261,否,否,否,SSCI,9.5,,经济学,1 [7/765],是," BUSINESS, FINANCE 商业：财政与金融",1 [2/231], ECONOMICS 经济学,1 [7/599],,,,,,,,,一级
JOURNAL OF FINANCIAL ECONOMICS,2025,0304-405X,否,否,否,SSCI,12,,经济学,1 [8/765],是," BUSINESS, FINANCE 商业：财政与金融",1 [3/231], ECONOMICS 经济学,1 [8/599],,,,,,,,,一级
REVIEW OF ECONOMICS AND STATISTICS,2025,0034-6535/1530-9142,否,否,否,SSCI,6.8,,经济学,1 [9/765],是, ECONOMICS 经济学,1 [9/599]," SOCIAL SCIENCES, MATHEMATICAL METHODS 社会科学：数理方法",1 [2/67],,,,,,,,,一级
REVIEW OF ECONOMIC STUDIES,2025,0034-6527/1467-937X,否,否,否,SSCI,6.4,,经济学,1 [10/765],是, ECONOMICS 经济学,1 [10/599],,,,,,,,,,,一级
JOURNAL OF ECONOMIC PERSPECTIVES,2025,0895-3309/1944-7965,否,否,否,SSCI,8.8,,经济学,1 [11/765],是, ECONOMICS 经济学,1 [11/599],,,,,,,,,,,一级
China Finance Review International,2025,2044-1398/2044-1401,否,否,否,ESCI,7.6,,经济学,1 [12/765],是," BUSINESS, FINANCE 商业：财政与金融",1 [4/231],,,,,,,,,,,一级
American Economic Journal-Macroeconomics,2025,1945-7707/1945-7715,否,否,否,SSCI,5.7,,经济学,1 [13/765],是, ECONOMICS 经济学,1 [12/599],,,,,,,,,,,一级
Global Food Security-Agriculture Policy Economics and Environment,2025,2211-9124/2211-9124,否,否,否,SCIE,9.6,,经济学,1 [14/765],是, AGRICULTURAL ECONOMICS & POLICY 农业经济与政策,1 [1/39], FOOD SCIENCE & TECHNOLOGY 食品科技,1 [4/173],,,,,,,,,一级
Oeconomia Copernicana,2025,2083-1277/2353-1827,否,否,是,SSCI,10.8,,经济学,1 [15/765],是, ECONOMICS 经济学,1 [14/599],,,,,,,,,,,一级
PROGRESS IN PLANNING,2025,0305-9006/1873-4510,否,否,否,SSCI,5.7,,经济学,1 [16/765],是, ENVIRONMENTAL STUDIES 环境研究,1 [7/183], REGIONAL & URBAN PLANNING 区域与城市规划,1 [1/54],,,,,,,,,一级
JOURNAL OF ECONOMIC LITERATURE,2025,0022-0515/2328-8175,否,否,否,SSCI,10.6,,经济学,1 [17/765],是, ECONOMICS 经济学,1 [15/599],,,,,,,,,,,一级
American Economic Journal-Economic Policy,2025,1945-7731/1945-774X,否,否,否,SSCI,5.3,,经济学,1 [18/765],是, ECONOMICS 经济学,1 [16/599],,,,,,,,,,,一级
American Economic Review-Insights,2025,2640-205X/2640-2068,否,否,否,SSCI,6.7,,经济学,1 [19/765],是, ECONOMICS 经济学,1 [17/599],,,,,,,,,,,一级
WORLD BANK RESEARCH OBSERVER,2025,0257-3032/1564-6971,否,否,否,SSCI,3.3,,经济学,1 [20/765],是, DEVELOPMENT STUDIES 发展研究,1 [1/63], ECONOMICS 经济学,1 [18/599],,,,,,,,,一级
Annual Review of Economics,2025,1941-1383/1941-1391,是,否,否,SSCI,11.4,,经济学,1 [21/765],是, ECONOMICS 经济学,1 [19/599],,,,,,,,,,,一级
JOURNAL OF HUMAN RESOURCES,2025,0022-166X/1548-8004,否,否,否,SSCI,6,,经济学,1 [22/765],是, ECONOMICS 经济学,1 [20/599], INDUSTRIAL RELATIONS & LABOR 劳动关系学,1 [1/50],,,,,,,,,一级
FOOD POLICY,2025,0306-9192/1873-5657,否,否,否,SSCI;SCIE,6,,经济学,1 [23/765],是, AGRICULTURAL ECONOMICS & POLICY 农业经济与政策,1 [2/39], ECONOMICS 经济学,1 [23/599], FOOD SCIENCE & TECHNOLOGY 食品科技,1 [8/173], NUTRITION & DIETETICS 营养学,1 [6/113],,,,,一级
HABITAT INTERNATIONAL,2025,0197-3975/1873-5428,否,否,否,SSCI,7,,经济学,1 [24/765],是, DEVELOPMENT STUDIES 发展研究,1 [3/63], ENVIRONMENTAL STUDIES 环境研究,1 [12/183], REGIONAL & URBAN PLANNING 区域与城市规划,1 [3/54], URBAN STUDIES 城市研究,1 [2/77],,,,,一级
JOURNAL OF URBAN ECONOMICS,2025,0094-1190/1095-9068,否,否,否,SSCI,4.8,,经济学,1 [25/765],是, ECONOMICS 经济学,1 [24/599], URBAN STUDIES 城市研究,1 [3/77],,,,,,,,,一级
Energy Economics,2025,0140-9883/1873-6181,否,否,否,SSCI,14.2,,经济学,1 [26/765],是, ECONOMICS 经济学,1 [25/599],,,,,,,,,,,一级
REVIEW OF FINANCIAL STUDIES,2025,0893-9454/1465-7368,否,否,否,SSCI,5.4,,经济学,1 [27/765],是," BUSINESS, FINANCE 商业：财政与金融",1 [8/231], ECONOMICS 经济学,1 [28/599],,,,,,,,,一级
CITIES,2025,0264-2751/1873-6084,否,否,否,SSCI,6.6,,经济学,1 [28/765],是, URBAN STUDIES 城市研究,1 [5/77],,,,,,,,,,,一级
JOURNAL OF LABOR ECONOMICS,2025,0734-306X/1537-5307,否,否,否,SSCI,5,,经济学,1 [29/765],是, ECONOMICS 经济学,1 [29/599], INDUSTRIAL RELATIONS & LABOR 劳动关系学,1 [3/50],,,,,,,,,一级
JOURNAL OF INTERNATIONAL ECONOMICS,2025,0022-1996/1873-0353,否,否,否,SSCI,4,,经济学,1 [30/765],是, ECONOMICS 经济学,1 [30/599],,,,,,,,,,,一级
WORLD DEVELOPMENT,2025,0305-750X/1873-5991,否,否,否,SSCI,4.8,,经济学,1 [31/765],是, ECONOMICS 经济学,1 [31/599], DEVELOPMENT STUDIES 发展研究,2 [5/63],,,,,,,,,一级
URBAN STUDIES,2025,0042-0980/1360-063X,否,否,否,SSCI,4.1,,经济学,1 [32/765],是, ENVIRONMENTAL STUDIES 环境研究,2 [19/183], URBAN STUDIES 城市研究,2 [6/77],,,,,,,,,一级
INTERNATIONAL JOURNAL OF URBAN AND REGIONAL RESEARCH,2025,0309-1317/1468-2427,否,否,否,SSCI,1.9,,经济学,1 [33/765],是, GEOGRAPHY 地理学,2 [12/171], REGIONAL & URBAN PLANNING 区域与城市规划,2 [7/54], URBAN STUDIES 城市研究,2 [7/77],,,,,,,一级
JOURNAL OF DEVELOPMENT ECONOMICS,2025,0304-3878/1872-6089,否,否,否,SSCI,4.6,,经济学,1 [34/765],是, ECONOMICS 经济学,2 [33/599],,,,,,,,,,,一级
Cambridge Journal of Regions Economy and Society,2025,1752-1378/1752-1386,否,否,否,SSCI,4.7,,经济学,1 [35/765],是, DEVELOPMENT STUDIES 发展研究,2 [6/63], ECONOMICS 经济学,2 [34/599], GEOGRAPHY 地理学,2 [15/171],,,,,,,一级
SMALL BUSINESS ECONOMICS,2025,0921-898X/1573-0913,否,否,否,SSCI,4.8,,经济学,1 [36/765],是, BUSINESS 商业：管理,2 [39/302], ECONOMICS 经济学,2 [35/599], MANAGEMENT 管理学,2 [51/404],,,,,,,一级
Planning Theory,2025,1473-0952/1741-3052,否,否,否,SSCI,2.5,,经济学,1 [37/765],是, REGIONAL & URBAN PLANNING 区域与城市规划,2 [8/54],,,,,,,,,,,一级
JOURNAL OF MONETARY ECONOMICS,2025,0304-3932/1873-1295,否,否,否,SSCI,4.1,,经济学,1 [38/765],是," BUSINESS, FINANCE 商业：财政与金融",2 [13/231], ECONOMICS 经济学,2 [38/599],,,,,,,,,一级
NBER Macroeconomics Annual,2025,0889-3365/1537-2642,否,否,否,SSCI,10.7,,经济学,1 [39/765],是, ECONOMICS 经济学,2 [39/599],,,,,,,,,,,一级
URBAN GEOGRAPHY,2025,0272-3638/1938-2847,否,否,否,SSCI,2.6,,经济学,1 [40/765],是, GEOGRAPHY 地理学,2 [16/171], URBAN STUDIES 城市研究,2 [8/77],,,,,,,,,一级
SOCIO-ECONOMIC PLANNING SCIENCES,2025,0038-0121/1873-6041,否,否,否,SSCI;SCIE,5.4,,经济学,1 [41/765],是, ECONOMICS 经济学,2 [43/599], OPERATIONS RESEARCH & MANAGEMENT SCIENCE 运筹学与管理科学,2 [12/106], MANAGEMENT 管理学,3 [67/404],,,,,,,一级
JOURNAL OF CORPORATE FINANCE,2025,0929-1199/1872-6313,否,否,否,SSCI,5.9,,经济学,1 [42/765],是," BUSINESS, FINANCE 商业：财政与金融",2 [14/231],,,,,,,,,,,一级
NEW POLITICAL ECONOMY,2025,1356-3467/1469-9923,否,否,否,SSCI,4.6,,经济学,1 [43/765],是, ECONOMICS 经济学,2 [44/599], INTERNATIONAL RELATIONS 国际关系学,2 [16/165], POLITICAL SCIENCE 政治学,2 [41/317],,,,,,,一级
JOURNAL OF PUBLIC ECONOMICS,2025,0047-2727/0047-2727,否,否,否,SSCI,3.4,,经济学,1 [44/765],是, ECONOMICS 经济学,2 [47/599],,,,,,,,,,,一级
Financial Innovation,2025,2199-4730/2199-4730,否,是,是,SSCI,7.2,中国SCI期刊支持计划,经济学,1 [45/765],是," BUSINESS, FINANCE 商业：财政与金融",1 [11/231]," SOCIAL SCIENCES, MATHEMATICAL METHODS 社会科学：数理方法",1 [4/67],,,,,,,,,一级
International Review of Financial Analysis,2025,1057-5219/1873-8079,否,否,否,SSCI,9.8,,经济学,2 [46/765],是," BUSINESS, FINANCE 商业：财政与金融",2 [15/231],,,,,,,,,,,一级
Research in International Business and Finance,2025,0275-5319/1878-3384,否,否,否,SSCI,6.9,,经济学,2 [47/765],是," BUSINESS, FINANCE 商业：财政与金融",2 [16/231],,,,,,,,,,,一级
CHINA ECONOMIC REVIEW,2025,1043-951X/1873-7781,否,否,否,SSCI,5.5,,经济学,2 [48/765],是, ECONOMICS 经济学,2 [49/599],,,,,,,,,,,一级
Emerging Markets Review,2025,1566-0141/1873-6173,否,否,否,SSCI,4.6,,经济学,2 [49/765],是," BUSINESS, FINANCE 商业：财政与金融",2 [17/231], ECONOMICS 经济学,2 [50/599],,,,,,,,,一级
Journal of Financial Stability,2025,1572-3089/1878-0962,否,否,否,SSCI,4.2,,经济学,2 [50/765],是," BUSINESS, FINANCE 商业：财政与金融",2 [18/231], ECONOMICS 经济学,2 [51/599],,,,,,,,,一级
Economic Analysis and Policy,2025,0313-5926/0313-5926,否,否,否,SSCI,8.7,,经济学,2 [51/765],是, ECONOMICS 经济学,2 [52/599],,,,,,,,,,,一级
Annual Review of Financial Economics,2025,1941-1367/1941-1375,是,否,否,SSCI,5.2,,经济学,2 [52/765],否," BUSINESS, FINANCE 商业：财政与金融",2 [19/231], ECONOMICS 经济学,2 [53/599],,,,,,,,,一级
REVIEW OF INTERNATIONAL POLITICAL ECONOMY,2025,0969-2290/1466-4526,否,否,否,SSCI,3.5,,经济学,2 [53/765],否, ECONOMICS 经济学,2 [55/599], INTERNATIONAL RELATIONS 国际关系学,2 [22/165], POLITICAL SCIENCE 政治学,2 [50/317],,,,,,,一级
Review of Environmental Economics and Policy,2025,1750-6816/1750-6824,否,否,否,SSCI,6.6,,经济学,2 [54/765],否, ECONOMICS 经济学,2 [56/599], ENVIRONMENTAL STUDIES 环境研究,2 [26/183],,,,,,,,,一级
Review of Finance,2025,1572-3097/1573-692X,否,否,否,SSCI,8.4,,经济学,2 [55/765],否," BUSINESS, FINANCE 商业：财政与金融",2 [20/231], ECONOMICS 经济学,2 [57/599],,,,,,,,,一级
JOURNAL OF ECONOMIC SURVEYS,2025,0950-0804/1467-6419,否,否,否,SSCI,5,,经济学,2 [56/765],否, ECONOMICS 经济学,2 [58/599],,,,,,,,,,,一级
ECONOMIC JOURNAL,2025,0013-0133/1468-0297,否,否,否,SSCI,3.6,,经济学,2 [57/765],是, ECONOMICS 经济学,2 [59/599],,,,,,,,,,,一级
Energy Policy,2025,0301-4215/1873-6777,否,否,否,SSCI;SCIE,9.2,,经济学,2 [58/765],是, ECONOMICS 经济学,2 [60/599], ENERGY & FUELS 能源与燃料,2 [30/171], ENVIRONMENTAL SCIENCES 环境科学,2 [42/357], ENVIRONMENTAL STUDIES 环境研究,2 [28/183],,,,,一级
Journal of the European Economic Association,2025,1542-4766/1542-4774,否,否,否,SSCI,3.3,,经济学,2 [59/765],是, ECONOMICS 经济学,2 [61/599],,,,,,,,,,,一级
REGIONAL STUDIES,2025,0034-3404/1360-0591,否,否,否,SSCI,4.2,,经济学,2 [60/765],是, ECONOMICS 经济学,2 [62/599], ENVIRONMENTAL STUDIES 环境研究,2 [29/183], GEOGRAPHY 地理学,2 [20/171], REGIONAL & URBAN PLANNING 区域与城市规划,2 [10/54],,,,,一级
Journal of Agrarian Change,2025,1471-0358/1471-0366,否,否,否,SSCI,2.9,,经济学,2 [61/765],否, DEVELOPMENT STUDIES 发展研究,2 [8/63], ECONOMICS 经济学,2 [63/599],,,,,,,,,一级
JOURNAL OF ECONOMIC PSYCHOLOGY,2025,0167-4870/1872-7719,否,否,否,SSCI,2.3,,经济学,2 [62/765],否, ECONOMICS 经济学,2 [64/599]," PSYCHOLOGY, MULTIDISCIPLINARY 心理学：综合",2 [21/219],,,,,,,,,一级
Equilibrium-Quarterly Journal of Economics and Economic Policy,2025,1689-765X/2353-3293,否,否,是,ESCI,6.2,,经济学,2 [63/765],否, ECONOMICS 经济学,2 [65/599],,,,,,,,,,,一级
Planning Theory & Practice,2025,1464-9357/1470-000X,否,否,否,SSCI,3.2,,经济学,2 [64/765],否, URBAN STUDIES 城市研究,2 [10/77], REGIONAL & URBAN PLANNING 区域与城市规划,3 [11/54],,,,,,,,,一级
Agricultural and Food Economics,2025,2193-7532/2193-7532,否,是,是,SSCI;SCIE,4.5,,经济学,2 [65/765],否, AGRICULTURAL ECONOMICS & POLICY 农业经济与政策,2 [3/39], ECONOMICS 经济学,2 [66/599],,,,,,,,,一级
REGIONAL SCIENCE AND URBAN ECONOMICS,2025,0166-0462/1879-2308,否,否,否,SSCI,2.9,,经济学,2 [66/765],是, ECONOMICS 经济学,2 [67/599], ENVIRONMENTAL STUDIES 环境研究,2 [32/183], URBAN STUDIES 城市研究,2 [11/77],,,,,,,一级
Pacific-Basin Finance Journal,2025,0927-538X/1879-0585,否,否,否,SSCI,5.3,,经济学,2 [67/765],否," BUSINESS, FINANCE 商业：财政与金融",2 [25/231],,,,,,,,,,,一级
ECOLOGICAL ECONOMICS,2025,0921-8009/1873-6106,否,否,否,SSCI;SCIE,6.3,,经济学,2 [68/765],否, ECOLOGY 生态学,2 [31/196], ECONOMICS 经济学,2 [68/599], ENVIRONMENTAL SCIENCES 环境科学,2 [52/357], ENVIRONMENTAL STUDIES 环境研究,2 [33/183],,,,,一级
Finance Research Letters,2025,1544-6123/1544-6131,否,否,否,SSCI,6.9,,经济学,2 [69/765],否," BUSINESS, FINANCE 商业：财政与金融",2 [26/231],,,,,,,,,,,一级
Energy Research & Social Science,2025,2214-6296/2214-6326,否,否,否,SSCI,7.4,,经济学,2 [70/765],否, ENVIRONMENTAL STUDIES 环境研究,2 [34/183],,,,,,,,,,,一级
Environmental Innovation and Societal Transitions,2025,2210-4224/2210-4232,否,否,否,SSCI;SCIE,6.1,,经济学,2 [71/765],否, ENVIRONMENTAL SCIENCES 环境科学,2 [54/357], ENVIRONMENTAL STUDIES 环境研究,2 [35/183],,,,,,,,,一级
Journal of International Financial Markets Institutions & Money,2025,1042-4431/1873-0612,否,否,否,SSCI,6.1,,经济学,2 [72/765],否," BUSINESS, FINANCE 商业：财政与金融",2 [29/231], ECONOMICS 经济学,2 [71/599],,,,,,,,,一级
JOURNAL OF ECONOMIC GROWTH,2025,1381-4338/1573-7020,否,否,否,SSCI,2.9,,经济学,2 [73/765],否, ECONOMICS 经济学,2 [72/599],,,,,,,,,,,一级
IMF Economic Review,2025,2041-4161/2041-417X,否,否,否,SSCI,2.2,,经济学,2 [74/765],否," BUSINESS, FINANCE 商业：财政与金融",2 [31/231], ECONOMICS 经济学,2 [73/599],,,,,,,,,一级
INTERNATIONAL JOURNAL OF FORECASTING,2025,0169-2070/1872-8200,否,否,否,SSCI,7.1,,经济学,2 [75/765],否, ECONOMICS 经济学,2 [74/599], MANAGEMENT 管理学,3 [104/404],,,,,,,,,一级
Journal of Econometrics,2025,0304-4076/1872-6895,否,否,否,SSCI;SCIE,4,,经济学,2 [76/765],否," MATHEMATICS, INTERDISCIPLINARY APPLICATIONS 数学跨学科应用",1 [8/136]," SOCIAL SCIENCES, MATHEMATICAL METHODS 社会科学：数理方法",1 [5/67], ECONOMICS 经济学,2 [77/599],,,,,,,一级
ECONOMIC POLICY,2025,0266-4658/1468-0327,否,否,否,SSCI,6.4,,经济学,2 [77/765],否, ECONOMICS 经济学,2 [78/599],,,,,,,,,,,一级
EUROPEAN URBAN AND REGIONAL STUDIES,2025,0969-7764/1461-7145,否,否,否,SSCI,2.6,,经济学,2 [78/765],否, ENVIRONMENTAL STUDIES 环境研究,2 [37/183], URBAN STUDIES 城市研究,2 [12/77], REGIONAL & URBAN PLANNING 区域与城市规划,3 [12/54],,,,,,,一级
INFORMATION ECONOMICS AND POLICY,2025,0167-6245/1873-5975,否,否,否,SSCI,3.2,,经济学,2 [79/765],否, ECONOMICS 经济学,2 [79/599],,,,,,,,,,,一级
JOURNAL OF PLANNING LITERATURE,2025,0885-4122/1552-6593,否,否,否,SSCI,5.2,,经济学,2 [80/765],否, REGIONAL & URBAN PLANNING 区域与城市规划,3 [13/54], URBAN STUDIES 城市研究,3 [14/77],,,,,,,,,一级
China Agricultural Economic Review,2025,1756-137X/1756-1388,否,否,否,SSCI;SCIE,4.6,,经济学,2 [81/765],否, AGRICULTURAL ECONOMICS & POLICY 农业经济与政策,2 [4/39], ECONOMICS 经济学,2 [80/599],,,,,,,,,一级
Borsa Istanbul Review,2025,2214-8450/2214-8469,否,是,是,SSCI,7.1,,经济学,2 [82/765],否, ECONOMICS 经济学,2 [81/599]," BUSINESS, FINANCE 商业：财政与金融",3 [34/231],,,,,,,,,一级
Structural Change and Economic Dynamics,2025,0954-349X/1873-6017,否,否,否,SSCI,5.5,,经济学,2 [83/765],否, ECONOMICS 经济学,2 [82/599],,,,,,,,,,,一级
European Journal of Political Economy,2025,0176-2680/1873-5703,否,否,否,SSCI,2.4,,经济学,2 [84/765],否, ECONOMICS 经济学,2 [83/599], POLITICAL SCIENCE 政治学,3 [68/317],,,,,,,,,一级
JOURNAL OF ENVIRONMENTAL ECONOMICS AND MANAGEMENT,2025,0095-0696/1096-0449,否,否,否,SSCI,5.9,,经济学,2 [85/765],否, ECONOMICS 经济学,2 [84/599], BUSINESS 商业：管理,3 [72/302], ENVIRONMENTAL STUDIES 环境研究,3 [40/183],,,,,,,一级
ECONOMIC MODELLING,2025,0264-9993/1873-6122,否,否,否,SSCI,4.7,,经济学,2 [86/765],否, ECONOMICS 经济学,2 [85/599],,,,,,,,,,,一级
AMERICAN JOURNAL OF AGRICULTURAL ECONOMICS,2025,0002-9092/1467-8276,否,否,否,SSCI;SCIE,3.3,,经济学,2 [87/765],否, AGRICULTURAL ECONOMICS & POLICY 农业经济与政策,2 [5/39], ECONOMICS 经济学,2 [86/599],,,,,,,,,一级
JOURNAL OF THE AMERICAN PLANNING ASSOCIATION,2025,0194-4363/1939-0130,否,否,否,SSCI,3.4,,经济学,2 [88/765],否, REGIONAL & URBAN PLANNING 区域与城市规划,3 [14/54], URBAN STUDIES 城市研究,3 [15/77],,,,,,,,,一级
RAND JOURNAL OF ECONOMICS,2025,0741-6261/1756-2171,否,否,否,SSCI,2.8,,经济学,2 [89/765],否, ECONOMICS 经济学,2 [87/599],,,,,,,,,,,一级
JOURNAL OF COMPARATIVE ECONOMICS,2025,0147-5967/1095-7227,否,否,否,SSCI,3.1,,经济学,2 [90/765],否, ECONOMICS 经济学,2 [88/599],,,,,,,,,,,二级
ENTREPRENEURSHIP AND REGIONAL DEVELOPMENT,2025,0898-5626/1464-5114,否,否,否,SSCI,3.6,,经济学,2 [91/765],否, DEVELOPMENT STUDIES 发展研究,2 [9/63], BUSINESS 商业：管理,3 [73/302],,,,,,,,,二级
Journal of Economic Policy Reform,2025,1748-7870/1748-7889,否,否,否,SSCI,3.2,,经济学,2 [92/765],否, DEVELOPMENT STUDIES 发展研究,2 [10/63], ECONOMICS 经济学,2 [89/599],,,,,,,,,二级
International Review of Economics & Finance,2025,1059-0560/1873-8036,否,否,否,SSCI,5.6,,经济学,2 [93/765],否, ECONOMICS 经济学,2 [90/599]," BUSINESS, FINANCE 商业：财政与金融",3 [36/231],,,,,,,,,二级
AQUACULTURE ECONOMICS & MANAGEMENT,2025,1365-7305/1551-8663,否,否,否,SCIE,3.7,,经济学,2 [94/765],否, FISHERIES 渔业,1 [4/61], AGRICULTURAL ECONOMICS & POLICY 农业经济与政策,2 [6/39],,,,,,,,,二级
JOURNAL OF ECONOMIC GEOGRAPHY,2025,1468-2702/1468-2710,否,否,否,SSCI,2.9,,经济学,2 [95/765],否, ECONOMICS 经济学,2 [91/599], GEOGRAPHY 地理学,3 [33/171],,,,,,,,,二级
EUROPEAN REVIEW OF AGRICULTURAL ECONOMICS,2025,0165-1587/1464-3618,否,否,否,SSCI;SCIE,3.5,,经济学,2 [96/765],否, ECONOMICS 经济学,2 [92/599], AGRICULTURAL ECONOMICS & POLICY 农业经济与政策,3 [7/39],,,,,,,,,二级
EUROPEAN ECONOMIC REVIEW,2025,0014-2921/1873-572X,否,否,否,SSCI,2.4,,经济学,2 [97/765],否, ECONOMICS 经济学,2 [93/599],,,,,,,,,,,二级
AGRICULTURAL ECONOMICS,2025,0169-5150/1574-0862,否,否,否,SSCI;SCIE,4,,经济学,2 [98/765],否, ECONOMICS 经济学,2 [94/599], AGRICULTURAL ECONOMICS & POLICY 农业经济与政策,3 [8/39],,,,,,,,,二级
National Accounting Review,2025,2689-3010/2689-3010,否,否,是,ESCI,1.8,,经济学,2 [99/765],否, ECONOMICS 经济学,2 [95/599]," BUSINESS, FINANCE 商业：财政与金融",3 [38/231],,,,,,,,,二级
JOURNAL OF POPULATION ECONOMICS,2025,0933-1433/1432-1475,否,否,否,SSCI,3,,经济学,2 [100/765],否, DEMOGRAPHY 人口学,2 [7/49], ECONOMICS 经济学,2 [96/599],,,,,,,,,二级
INSURANCE MATHEMATICS & ECONOMICS,2025,0167-6687/1873-5959,否,否,否,SSCI;SCIE,2.2,,经济学,2 [101/765],否," MATHEMATICS, INTERDISCIPLINARY APPLICATIONS 数学跨学科应用",1 [12/136], STATISTICS & PROBABILITY 统计学与概率论,1 [11/166], ECONOMICS 经济学,2 [97/599]," SOCIAL SCIENCES, MATHEMATICAL METHODS 社会科学：数理方法",2 [6/67],,,,,二级
Journal of Institutional Economics,2025,1744-1374/1744-1382,否,否,否,SSCI,2.5,,经济学,2 [102/765],否, ECONOMICS 经济学,2 [99/599],,,,,,,,,,,二级
CAMBRIDGE JOURNAL OF ECONOMICS,2025,0309-166X/1464-3545,否,否,否,SSCI,2.1,,经济学,2 [103/765],否, ECONOMICS 经济学,3 [102/599],,,,,,,,,,,二级
JOURNAL OF POLICY MODELING,2025,0161-8938/1873-8060,否,否,否,SSCI,3.1,,经济学,2 [104/765],否, ECONOMICS 经济学,3 [104/599],,,,,,,,,,,二级
Green Finance,2025,2643-1092/2643-1092,否,否,是,ESCI,5,,经济学,2 [105/765],否," BUSINESS, FINANCE 商业：财政与金融",3 [39/231], GREEN & SUSTAINABLE SCIENCE & TECHNOLOGY 绿色可持续发展技术,3 [23/91],,,,,,,,,二级
Socio-Economic Review,2025,1475-1461/1475-147X,否,否,否,SSCI,2.6,,经济学,2 [106/765],否, ECONOMICS 经济学,3 [106/599], POLITICAL SCIENCE 政治学,3 [78/317], SOCIOLOGY 社会学,3 [54/216],,,,,,,二级
BULLETIN OF INDONESIAN ECONOMIC STUDIES,2025,0007-4918/1472-7234,否,否,否,SSCI,2.3,,经济学,2 [107/765],否, AREA STUDIES 地域研究,2 [13/174], ECONOMICS 经济学,3 [107/599],,,,,,,,,二级
JOURNAL OF HEALTH ECONOMICS,2025,0167-6296/1879-1646,否,否,否,SSCI;SCIE,3.6,,经济学,2 [108/765],否, HEALTH CARE SCIENCES & SERVICES 卫生保健与服务,2 [24/173], HEALTH POLICY & SERVICES 卫生政策与服务,2 [11/118], ECONOMICS 经济学,3 [108/599],,,,,,,二级
JOURNAL OF FINANCIAL INTERMEDIATION,2025,1042-9573/1096-0473,否,否,否,SSCI,3.7,,经济学,2 [109/765],否," BUSINESS, FINANCE 商业：财政与金融",3 [40/231],,,,,,,,,,,二级
JOURNAL OF BANKING & FINANCE,2025,0378-4266/1872-6372,否,否,否,SSCI,3.8,,经济学,2 [110/765],否," BUSINESS, FINANCE 商业：财政与金融",3 [42/231], ECONOMICS 经济学,3 [109/599],,,,,,,,,二级
Quantitative Economics,2025,1759-7323/1759-7331,否,否,是,SSCI,2.2,,经济学,2 [111/765],否, ECONOMICS 经济学,3 [110/599],,,,,,,,,,,二级
FEMINIST ECONOMICS,2025,1354-5701/1466-4372,否,否,否,SSCI,2,,经济学,2 [112/765],否, WOMENS STUDIES 女性研究,2 [9/66], ECONOMICS 经济学,3 [111/599],,,,,,,,,二级
ISRA International Journal of Islamic Finance,2025,0128-1976/2289-4365,否,否,是,ESCI,1.4,,经济学,2 [113/765],否," BUSINESS, FINANCE 商业：财政与金融",3 [43/231],,,,,,,,,,,二级
Food Security,2025,1876-4517/1876-4525,否,否,否,SCIE,6.2,,经济学,2 [114/765],否, FOOD SCIENCE & TECHNOLOGY 食品科技,2 [33/173],,,,,,,,,,,二级
American Journal of Health Economics,2025,2332-3493/2332-3507,否,否,否,SSCI,2,,经济学,2 [115/765],否, HEALTH POLICY & SERVICES 卫生政策与服务,2 [14/118], ECONOMICS 经济学,3 [112/599],,,,,,,,,二级
JOURNAL OF FINANCIAL AND QUANTITATIVE ANALYSIS,2025,0022-1090/1756-6916,否,否,否,SSCI,2.8,,经济学,2 [116/765],否," BUSINESS, FINANCE 商业：财政与金融",3 [44/231], ECONOMICS 经济学,3 [113/599],,,,,,,,,二级
Quantitative Finance and Economics,2025,2573-0134/2573-0134,否,否,是,ESCI,2.5,,经济学,2 [117/765],否," BUSINESS, FINANCE 商业：财政与金融",3 [45/231],,,,,,,,,,,二级
Energy Strategy Reviews,2025,2211-467X/2211-4688,否,是,是,SCIE,9.9,,经济学,2 [118/765],否, ENERGY & FUELS 能源与燃料,3 [57/171],,,,,,,,,,,二级
World Trade Review,2025,1474-7456/1475-3138,否,否,否,SSCI,2.3,,经济学,2 [119/765],否, LAW 法学,2 [32/427], ECONOMICS 经济学,3 [114/599], INTERNATIONAL RELATIONS 国际关系学,3 [43/165],,,,,,,二级
Global Finance Journal,2025,1044-0283/1873-5665,否,否,否,SSCI,5.5,,经济学,2 [120/765],否," BUSINESS, FINANCE 商业：财政与金融",3 [47/231],,,,,,,,,,,二级
American Economic Journal-Microeconomics,2025,1945-7669/1945-7685,否,否,否,SSCI,2.1,,经济学,2 [121/765],否, ECONOMICS 经济学,3 [115/599],,,,,,,,,,,二级
JOURNAL OF RISK AND INSURANCE,2025,0022-4367/1539-6975,否,否,否,SSCI,1.7,,经济学,2 [122/765],否," BUSINESS, FINANCE 商业：财政与金融",3 [49/231], ECONOMICS 经济学,3 [116/599],,,,,,,,,二级
Work Aging and Retirement,2025,2054-4642/2054-4650,否,否,否,SSCI,2.3,,经济学,2 [123/765],否, INDUSTRIAL RELATIONS & LABOR 劳动关系学,3 [14/50]," PSYCHOLOGY, APPLIED 心理学：应用",3 [35/112], MANAGEMENT 管理学,4 [136/404],,,,,,,二级
JOURNAL OF REGIONAL SCIENCE,2025,0022-4146/1467-9787,否,否,否,SSCI,2.7,,经济学,2 [124/765],否, ECONOMICS 经济学,3 [117/599], ENVIRONMENTAL STUDIES 环境研究,3 [55/183], REGIONAL & URBAN PLANNING 区域与城市规划,3 [16/54],,,,,,,二级
LABOUR ECONOMICS,2025,0927-5371/1879-1034,否,否,否,SSCI,2.6,,经济学,2 [125/765],否, ECONOMICS 经济学,3 [118/599],,,,,,,,,,,二级
Journal of Economic Inequality,2025,1569-1721/1573-8701,否,否,否,SSCI,2.4,,经济学,2 [126/765],否, ECONOMICS 经济学,3 [119/599],,,,,,,,,,,二级
Journal of the History of Economic Thought,2025,1053-8372/1469-9656,否,否,否,SSCI;AHCI,0.7,,经济学,2 [127/765],否, HISTORY 历史学,1 [19/523], HISTORY OF SOCIAL SCIENCES 社会科学史,2 [5/42],,,,,,,,,二级
China & World Economy,2025,1671-2234/1749-124X,否,否,否,SSCI,3.6,,经济学,2 [128/765],否, ECONOMICS 经济学,3 [122/599],,,,,,,,,,,二级
THIRD WORLD QUARTERLY,2025,0143-6597/1360-2241,否,否,否,SSCI,1.8,,经济学,2 [129/765],否, DEVELOPMENT STUDIES 发展研究,3 [12/63],,,,,,,,,,,二级
JOURNAL OF AGRICULTURAL ECONOMICS,2025,0021-857X/1477-9552,否,否,否,SSCI;SCIE,4.2,,经济学,2 [130/765],否, AGRICULTURAL ECONOMICS & POLICY 农业经济与政策,3 [10/39], ECONOMICS 经济学,3 [124/599],,,,,,,,,二级
Journal of Financial Counseling and Planning,2025,1052-3073/1947-7910,否,否,否,ESCI,1.9,,经济学,2 [131/765],否, ECONOMICS 经济学,3 [125/599], BUSINESS 商业：管理,4 [94/302],,,,,,,,,二级
Journal of Asian Economics,2025,1049-0078/1873-7927,否,否,否,SSCI,3.4,,经济学,2 [132/765],否, ECONOMICS 经济学,3 [126/599],,,,,,,,,,,二级
China Economic Quarterly International,2025,2666-9331/2666-9331,否,否,是,ESCI,2.7,中国SCI期刊支持计划,经济学,2 [133/765],否, ECONOMICS 经济学,2 [101/599],,,,,,,,,,,二级
Annual Review of Resource Economics,2025,1941-1340/1941-1359,是,否,否,SSCI;SCIE,8.4,,经济学,3 [134/765],否, AGRICULTURAL ECONOMICS & POLICY 农业经济与政策,3 [9/39], ECONOMICS 经济学,3 [120/599], ENVIRONMENTAL STUDIES 环境研究,3 [57/183],,,,,,,二级
JOURNAL OF PLANNING EDUCATION AND RESEARCH,2025,0739-456X/1552-6577,否,否,否,SSCI,2.5,,经济学,3 [135/765],否, REGIONAL & URBAN PLANNING 区域与城市规划,3 [17/54], URBAN STUDIES 城市研究,3 [17/77],,,,,,,,,二级
Journal of Behavioral and Experimental Finance,2025,2214-6350/2214-6369,否,否,否,SSCI,4.7,,经济学,3 [136/765],否," BUSINESS, FINANCE 商业：财政与金融",3 [54/231], ECONOMICS 经济学,3 [128/599],,,,,,,,,二级
HOUSING POLICY DEBATE,2025,1051-1482/2152-050X,否,否,否,SSCI,2.9,,经济学,3 [137/765],否, DEVELOPMENT STUDIES 发展研究,3 [13/63], URBAN STUDIES 城市研究,3 [18/77],,,,,,,,,二级
Technological and Economic Development of Economy,2025,2029-4913/2029-4921,否,否,是,SSCI,3.9,,经济学,3 [138/765],否, ECONOMICS 经济学,3 [130/599],,,,,,,,,,,二级
Review of Economics of the Household,2025,1569-5239/1573-7152,否,否,否,SSCI,2.2,,经济学,3 [139/765],否, ECONOMICS 经济学,3 [131/599],,,,,,,,,,,二级
PAPERS IN REGIONAL SCIENCE,2025,1056-8190/1435-5957,否,否,否,SSCI,2.3,,经济学,3 [140/765],否, ECONOMICS 经济学,3 [132/599], ENVIRONMENTAL STUDIES 环境研究,3 [60/183], GEOGRAPHY 地理学,3 [39/171], REGIONAL & URBAN PLANNING 区域与城市规划,3 [19/54],,,,,二级
Journal of Risk Finance,2025,1526-5943/2331-2947,否,否,否,ESCI,4.7,,经济学,3 [141/765],否," BUSINESS, FINANCE 商业：财政与金融",3 [55/231],,,,,,,,,,,二级
Journal of Cultural Economics,2025,0885-2545/1573-6997,否,否,否,SSCI,2,,经济学,3 [142/765],否, ECONOMICS 经济学,3 [133/599],,,,,,,,,,,二级
TIJDSCHRIFT VOOR ECONOMISCHE EN SOCIALE GEOGRAFIE,2025,0040-747X/1467-9663,否,否,否,SSCI,1.8,,经济学,3 [143/765],否, ECONOMICS 经济学,3 [134/599], GEOGRAPHY 地理学,3 [42/171],,,,,,,,,二级
Theoretical Economics,2025,1933-6837/1555-7561,否,否,是,SSCI,1.3,,经济学,3 [144/765],否, ECONOMICS 经济学,3 [135/599],,,,,,,,,,,二级
HOUSING STUDIES,2025,0267-3037/1466-1810,否,否,否,SSCI,2.9,,经济学,3 [145/765],否, ENVIRONMENTAL STUDIES 环境研究,3 [64/183], REGIONAL & URBAN PLANNING 区域与城市规划,3 [20/54], URBAN STUDIES 城市研究,3 [19/77],,,,,,,二级
JOURNAL OF INTERNATIONAL MONEY AND FINANCE,2025,0261-5606/1873-0639,否,否,否,SSCI,3.3,,经济学,3 [146/765],否," BUSINESS, FINANCE 商业：财政与金融",3 [56/231],,,,,,,,,,,二级
SIAM Journal on Financial Mathematics,2025,1945-497X/1945-497X,否,否,否,SSCI;SCIE,1.8,,经济学,3 [147/765],否," MATHEMATICS, INTERDISCIPLINARY APPLICATIONS 数学跨学科应用",2 [21/136]," SOCIAL SCIENCES, MATHEMATICAL METHODS 社会科学：数理方法",2 [11/67]," BUSINESS, FINANCE 商业：财政与金融",3 [57/231],,,,,,,二级
JOURNAL OF ECONOMIC BEHAVIOR & ORGANIZATION,2025,0167-2681/1879-1751,否,否,否,SSCI,2.3,,经济学,3 [148/765],否, ECONOMICS 经济学,3 [136/599],,,,,,,,,,,二级
Review of Keynesian Economics,2025,2049-5323/2049-5331,否,否,否,SSCI,2.7,,经济学,3 [149/765],否, ECONOMICS 经济学,3 [137/599],,,,,,,,,,,二级
WORLD BANK ECONOMIC REVIEW,2025,0258-6770/1564-698X,否,否,否,SSCI,1.8,,经济学,3 [150/765],否," BUSINESS, FINANCE 商业：财政与金融",3 [60/231], DEVELOPMENT STUDIES 发展研究,3 [17/63], ECONOMICS 经济学,3 [138/599],,,,,,,二级
REVIEW OF ECONOMIC DYNAMICS,2025,1094-2025/1096-6099,否,否,否,SSCI,2.1,,经济学,3 [151/765],否, ECONOMICS 经济学,3 [139/599],,,,,,,,,,,二级
North American Journal of Economics and Finance,2025,1062-9408/1879-0860,否,否,否,SSCI,3.9,,经济学,3 [152/765],否," BUSINESS, FINANCE 商业：财政与金融",3 [61/231], ECONOMICS 经济学,3 [140/599],,,,,,,,,二级
Astin Bulletin-The Journal of the International Actuarial Association,2025,0515-0361/1783-1350,否,否,否,SSCI;SCIE,1.8,,经济学,3 [153/765],否," MATHEMATICS, INTERDISCIPLINARY APPLICATIONS 数学跨学科应用",2 [22/136]," SOCIAL SCIENCES, MATHEMATICAL METHODS 社会科学：数理方法",2 [12/67], STATISTICS & PROBABILITY 统计学与概率论,2 [25/166], ECONOMICS 经济学,3 [141/599],,,,,二级
Housing Theory & Society,2025,1403-6096/1651-2278,否,否,否,SSCI,2,,经济学,3 [154/765],否, ENVIRONMENTAL STUDIES 环境研究,3 [67/183], URBAN STUDIES 城市研究,3 [21/77], REGIONAL & URBAN PLANNING 区域与城市规划,4 [21/54],,,,,,,二级
Journal of the Economic Science Association-JESA,2025,2199-6776/2199-6784,否,否,否,ESCI,0.6,,经济学,3 [155/765],否, ECONOMICS 经济学,3 [144/599],,,,,,,,,,,二级
Review of Regional Research-Jahrbuch fur Regionalwissenschaft,2025,0173-7600/1613-9836,否,否,否,ESCI,1.5,,经济学,3 [156/765],否, ECONOMICS 经济学,3 [146/599],,,,,,,,,,,二级
ENVIRONMENT AND URBANIZATION,2025,0956-2478/1746-0301,否,否,否,SSCI,2.4,,经济学,3 [157/765],否, ENVIRONMENTAL STUDIES 环境研究,3 [70/183], URBAN STUDIES 城市研究,3 [22/77],,,,,,,,,二级
Journal of the Economics of Ageing,2025,2212-828X/2212-8298,否,否,否,SSCI,2,,经济学,3 [158/765],否, ECONOMICS 经济学,3 [147/599], GERONTOLOGY 老年医学（社科）,3 [14/48], DEMOGRAPHY 人口学,4 [17/49],,,,,,,二级
REVIEW OF SOCIAL ECONOMY,2025,0034-6764/1470-1162,否,否,否,ESCI,1.2,,经济学,3 [159/765],否, ECONOMICS 经济学,3 [148/599],,,,,,,,,,,二级
MATHEMATICAL FINANCE,2025,0960-1627/1467-9965,否,否,否,SSCI;SCIE,2.4,,经济学,3 [160/765],否," MATHEMATICS, INTERDISCIPLINARY APPLICATIONS 数学跨学科应用",2 [25/136]," SOCIAL SCIENCES, MATHEMATICAL METHODS 社会科学：数理方法",2 [13/67]," BUSINESS, FINANCE 商业：财政与金融",3 [63/231], ECONOMICS 经济学,3 [150/599],,,,,二级
World Development Perspectives,2025,2452-2929/2452-2929,否,否,否,ESCI,2.3,,经济学,3 [161/765],否, DEVELOPMENT STUDIES 发展研究,3 [18/63], ECONOMICS 经济学,3 [151/599],,,,,,,,,二级
FINANCIAL MANAGEMENT,2025,0046-3892/1755-053X,否,否,否,SSCI,6,,经济学,3 [162/765],否," BUSINESS, FINANCE 商业：财政与金融",3 [64/231],,,,,,,,,,,二级
Asian Economic Policy Review,2025,1832-8105/1748-3131,否,否,否,SSCI,7,,经济学,3 [163/765],否, ECONOMICS 经济学,3 [152/599],,,,,,,,,,,二级
JOURNAL OF URBAN AFFAIRS,2025,0735-2166/1467-9906,否,否,否,SSCI,1.9,,经济学,3 [164/765],否, URBAN STUDIES 城市研究,3 [23/77],,,,,,,,,,,二级
International Planning Studies,2025,1356-3475/1469-9265,否,否,否,ESCI,1.5,,经济学,3 [165/765],否, REGIONAL & URBAN PLANNING 区域与城市规划,4 [23/54],,,,,,,,,,,二级
Journal of Islamic Accounting and Business Research,2025,1759-0817/1759-0825,否,否,否,ESCI,2.8,,经济学,3 [166/765],否," BUSINESS, FINANCE 商业：财政与金融",3 [66/231],,,,,,,,,,,二级
JOURNAL OF ECONOMICS AND BUSINESS,2025,0148-6195/0148-6195,否,否,否,ESCI,3.4,,经济学,3 [167/765],否," BUSINESS, FINANCE 商业：财政与金融",3 [67/231],,,,,,,,,,,二级
Economics & Politics,2025,0954-1985/1468-0343,否,否,否,SSCI,1.4,,经济学,3 [168/765],否, ECONOMICS 经济学,3 [155/599], POLITICAL SCIENCE 政治学,4 [125/317],,,,,,,,,二级
Journal of Family and Economic Issues,2025,1058-0476/1573-3475,否,否,否,SSCI,2.9,,经济学,3 [169/765],否, ECONOMICS 经济学,3 [156/599], FAMILY STUDIES 家庭研究,3 [19/65],,,,,,,,,二级
Entrepreneurial Business and Economics Review,2025,2353-883X/2353-8821,否,否,是,ESCI,3.4,,经济学,3 [170/765],否, ECONOMICS 经济学,3 [157/599],,,,,,,,,,,二级
International Journal of Islamic and Middle Eastern Finance and Management,2025,1753-8394/1753-8408,否,否,否,SSCI,2.2,,经济学,3 [171/765],否," BUSINESS, FINANCE 商业：财政与金融",3 [69/231], MANAGEMENT 管理学,4 [164/404],,,,,,,,,二级
Smart Cities,2025,2624-6511/2624-6511,否,否,是,ESCI,5.5,,经济学,3 [172/765],否," ENGINEERING, ELECTRICAL & ELECTRONIC 工程：电子与电气",3 [110/352], URBAN STUDIES 城市研究,3 [24/77],,,,,,,,,二级
Economic Systems,2025,0939-3625/1878-5433,否,否,否,SSCI,3.3,,经济学,3 [173/765],否, ECONOMICS 经济学,3 [160/599],,,,,,,,,,,二级
OXFORD REVIEW OF ECONOMIC POLICY,2025,0266-903X/1460-2121,否,否,否,SSCI,1.8,,经济学,3 [174/765],否, ECONOMICS 经济学,3 [161/599],,,,,,,,,,,二级
Applied Economic Analysis,2025,2632-7627/2632-7627,否,否,是,SSCI,2.5,,经济学,3 [175/765],否, ECONOMICS 经济学,3 [162/599],,,,,,,,,,,二级
JOURNAL OF URBAN TECHNOLOGY,2025,1063-0732/1466-1853,否,否,否,SSCI,4.4,,经济学,3 [176/765],否, URBAN STUDIES 城市研究,3 [25/77],,,,,,,,,,,二级
EUROPEAN PLANNING STUDIES,2025,0965-4313/1469-5944,否,否,否,SSCI,3.2,,经济学,3 [177/765],否, ENVIRONMENTAL STUDIES 环境研究,3 [74/183], GEOGRAPHY 地理学,4 [49/171], REGIONAL & URBAN PLANNING 区域与城市规划,4 [25/54], URBAN STUDIES 城市研究,4 [26/77],,,,,二级
Comparative Economic Studies,2025,0888-7233/1478-3320,否,否,否,ESCI,1.5,,经济学,3 [178/765],否, ECONOMICS 经济学,3 [163/599],,,,,,,,,,,二级
JOURNAL OF APPLIED ECONOMETRICS,2025,0883-7252/1099-1255,否,否,否,SSCI,3.1,,经济学,3 [179/765],否, ECONOMICS 经济学,3 [165/599]," SOCIAL SCIENCES, MATHEMATICAL METHODS 社会科学：数理方法",3 [15/67],,,,,,,,,二级
WORLD ECONOMY,2025,0378-5920/1467-9701,否,否,否,SSCI,2.4,,经济学,3 [180/765],否," BUSINESS, FINANCE 商业：财政与金融",3 [74/231], ECONOMICS 经济学,3 [166/599], INTERNATIONAL RELATIONS 国际关系学,4 [70/165],,,,,,,二级
Journal of Wine Economics,2025,1931-4361/1931-437X,否,否,否,SSCI;SCIE,1.5,,经济学,3 [181/765],否, FOOD SCIENCE & TECHNOLOGY 食品科技,2 [46/173], AGRICULTURAL ECONOMICS & POLICY 农业经济与政策,3 [11/39], ECONOMICS 经济学,3 [167/599],,,,,,,二级
Planning Practice and Research,2025,0269-7459/1360-0583,否,否,否,ESCI,2,,经济学,3 [182/765],否, REGIONAL & URBAN PLANNING 区域与城市规划,4 [27/54],,,,,,,,,,,二级
Journal of Central Banking Theory and Practice,2025,1800-9581/2336-9205,否,否,是,ESCI,1.8,,经济学,3 [183/765],否," BUSINESS, FINANCE 商业：财政与金融",3 [75/231],,,,,,,,,,,二级
FISCAL STUDIES,2025,0143-5671/1475-5890,否,否,否,SSCI,1.3,,经济学,3 [184/765],否," BUSINESS, FINANCE 商业：财政与金融",3 [76/231], ECONOMICS 经济学,3 [169/599],,,,,,,,,二级
EXPERIMENTAL ECONOMICS,2025,1386-4157/1573-6938,否,否,否,SSCI,1.7,,经济学,3 [185/765],否, ECONOMICS 经济学,3 [170/599],,,,,,,,,,,二级
NATIONAL TAX JOURNAL,2025,0028-0283/1944-7477,否,否,否,SSCI,1.3,,经济学,3 [186/765],否, ECONOMICS 经济学,3 [171/599]," BUSINESS, FINANCE 商业：财政与金融",4 [77/231],,,,,,,,,二级
Applied Economic Perspectives and Policy,2025,2040-5790/2040-5804,否,否,否,SSCI;SCIE,3.4,,经济学,3 [187/765],否, AGRICULTURAL ECONOMICS & POLICY 农业经济与政策,3 [12/39], ECONOMICS 经济学,3 [172/599],,,,,,,,,二级
Annals of Public and Cooperative Economics,2025,1370-4788/1467-8292,否,否,否,SSCI,2.5,,经济学,3 [188/765],否, ECONOMICS 经济学,3 [173/599],,,,,,,,,,,二级
PUBLIC CHOICE,2025,0048-5829/1573-7101,否,否,否,SSCI,2.2,,经济学,3 [189/765],否, ECONOMICS 经济学,3 [175/599], POLITICAL SCIENCE 政治学,4 [139/317],,,,,,,,,二级
Journal of International Trade & Economic Development,2025,0963-8199/1469-9559,否,否,否,SSCI,2.2,,经济学,3 [190/765],否, ECONOMICS 经济学,3 [179/599],,,,,,,,,,,二级
Central Bank Review,2025,1303-0701/1305-8800,否,否,是,ESCI,1.2,,经济学,3 [191/765],否, ECONOMICS 经济学,3 [180/599],,,,,,,,,,,二级
EURASIAN GEOGRAPHY AND ECONOMICS,2025,1538-7216/1938-2863,否,否,否,SSCI,2.2,,经济学,3 [192/765],否, AREA STUDIES 地域研究,3 [35/174], GEOGRAPHY 地理学,4 [57/171],,,,,,,,,二级
JOURNAL OF PRODUCTIVITY ANALYSIS,2025,0895-562X/1573-0441,否,否,否,SSCI,1.8,,经济学,3 [193/765],否, ECONOMICS 经济学,3 [181/599]," SOCIAL SCIENCES, MATHEMATICAL METHODS 社会科学：数理方法",3 [18/67], BUSINESS 商业：管理,4 [134/302],,,,,,,二级
JOURNAL OF FINANCIAL MARKETS,2025,1386-4181/1878-576X,否,否,否,SSCI,2.1,,经济学,3 [194/765],否," BUSINESS, FINANCE 商业：财政与金融",4 [78/231],,,,,,,,,,,二级
REAL ESTATE ECONOMICS,2025,1080-8620/1540-6229,否,否,否,SSCI,2,,经济学,3 [195/765],否, ECONOMICS 经济学,3 [182/599]," BUSINESS, FINANCE 商业：财政与金融",4 [80/231], URBAN STUDIES 城市研究,4 [29/77],,,,,,,二级
China Economic Journal,2025,1753-8963/1753-8971,否,否,否,ESCI,2.3,,经济学,3 [196/765],否, ECONOMICS 经济学,3 [183/599],,,,,,,,,,,二级
AFRICAN DEVELOPMENT REVIEW-REVUE AFRICAINE DE DEVELOPPEMENT,2025,1017-6772/1467-8268,否,否,否,SSCI,3.1,,经济学,3 [197/765],否, DEVELOPMENT STUDIES 发展研究,3 [22/63],,,,,,,,,,,二级
FINANCIAL REVIEW,2025,0732-8516/1540-6288,否,否,否,ESCI,1.9,,经济学,3 [198/765],否," BUSINESS, FINANCE 商业：财政与金融",4 [81/231],,,,,,,,,,,二级
International Journal of Housing Policy,2025,1949-1247/1949-1255,否,否,否,SSCI,2.6,,经济学,3 [199/765],否, ENVIRONMENTAL STUDIES 环境研究,4 [85/183], REGIONAL & URBAN PLANNING 区域与城市规划,4 [28/54], URBAN STUDIES 城市研究,4 [30/77],,,,,,,二级
Agribusiness,2025,0742-4477/1520-6297,否,否,否,SSCI;SCIE,2,,经济学,3 [200/765],否, ECONOMICS 经济学,3 [186/599], FOOD SCIENCE & TECHNOLOGY 食品科技,3 [51/173], AGRICULTURAL ECONOMICS & POLICY 农业经济与政策,4 [13/39],,,,,,,二级
JOURNAL OF DEVELOPMENT STUDIES,2025,0022-0388/1743-9140,否,否,否,SSCI,1.8,,经济学,3 [201/765],否, ECONOMICS 经济学,3 [187/599], DEVELOPMENT STUDIES 发展研究,4 [25/63],,,,,,,,,二级
Eurasian Economic Review,2025,1309-422X/2147-429X,否,否,否,ESCI,2.3,,经济学,3 [202/765],否, ECONOMICS 经济学,3 [188/599],,,,,,,,,,,二级
Journal of Commodity Markets,2025,2405-8513/2405-8505,否,否,否,SSCI,4.5,,经济学,3 [203/765],否, ECONOMICS 经济学,3 [189/599]," BUSINESS, FINANCE 商业：财政与金融",4 [82/231],,,,,,,,,二级
INTERNATIONAL JOURNAL OF URBAN SCIENCES,2025,1226-5934/2161-6779,否,否,否,SSCI,3,,经济学,3 [204/765],否, ENVIRONMENTAL STUDIES 环境研究,4 [87/183], URBAN STUDIES 城市研究,4 [31/77],,,,,,,,,二级
Journal of Economic Methodology,2025,1350-178X/1469-9427,否,否,否,SSCI,1.8,,经济学,3 [205/765],否, ECONOMICS 经济学,3 [190/599],,,,,,,,,,,二级
JOURNAL OF THE JAPANESE AND INTERNATIONAL ECONOMIES,2025,0889-1583/1095-8681,否,否,否,SSCI,3.1,,经济学,3 [206/765],否, ECONOMICS 经济学,3 [191/599], INTERNATIONAL RELATIONS 国际关系学,4 [79/165],,,,,,,,,二级
JOURNAL OF ECONOMIC THEORY,2025,0022-0531/1095-7235,否,否,否,SSCI,1.2,,经济学,3 [207/765],否, ECONOMICS 经济学,3 [192/599],,,,,,,,,,,二级
Intelligent Systems in Accounting Finance & Management,2025,1055-615X/1099-1174,否,否,否,ESCI,,,经济学,3 [208/765],否," BUSINESS, FINANCE 商业：财政与金融",4 [83/231],,,,,,,,,,,二级
Environment and Planning B-Urban Analytics and City Science,2025,2399-8083/2399-8091,否,否,否,SSCI,3.1,,经济学,3 [209/765],否, ENVIRONMENTAL STUDIES 环境研究,4 [88/183], GEOGRAPHY 地理学,4 [58/171], REGIONAL & URBAN PLANNING 区域与城市规划,4 [29/54], URBAN STUDIES 城市研究,4 [32/77],,,,,二级
Local Economy,2025,0269-0942/1470-9325,否,否,否,ESCI,1.6,,经济学,3 [210/765],否, ECONOMICS 经济学,3 [193/599],,,,,,,,,,,二级
REVIEW OF POLITICAL ECONOMY,2025,0953-8259/1465-3982,否,否,否,ESCI,1.5,,经济学,3 [211/765],否, ECONOMICS 经济学,3 [194/599],,,,,,,,,,,二级
ECONOMIC DEVELOPMENT AND CULTURAL CHANGE,2025,0013-0079/1539-2988,否,否,否,SSCI,1.8,,经济学,3 [212/765],否, AREA STUDIES 地域研究,3 [45/174], ECONOMICS 经济学,3 [195/599], DEVELOPMENT STUDIES 发展研究,4 [27/63],,,,,,,二级
SOUTHERN ECONOMIC JOURNAL,2025,0038-4038/2325-8012,否,否,否,SSCI,1.4,,经济学,3 [213/765],否, ECONOMICS 经济学,3 [196/599],,,,,,,,,,,二级
Utilities Policy,2025,0957-1787/1878-4356,否,否,否,SSCI;SCIE,4.4,,经济学,3 [214/765],否, ENVIRONMENTAL SCIENCES 环境科学,3 [135/357], ENERGY & FUELS 能源与燃料,4 [81/171], ENVIRONMENTAL STUDIES 环境研究,4 [92/183],,,,,,,二级
KYKLOS,2025,0023-5962/1467-6435,否,否,否,SSCI,1.3,,经济学,3 [215/765],否, ECONOMICS 经济学,3 [197/599],,,,,,,,,,,二级
INTERNATIONAL ECONOMIC REVIEW,2025,0020-6598/1468-2354,否,否,否,SSCI,1.3,,经济学,3 [216/765],否, ECONOMICS 经济学,3 [198/599],,,,,,,,,,,二级
POST-COMMUNIST ECONOMIES,2025,1463-1377/1465-3958,否,否,否,SSCI,1.8,,经济学,3 [217/765],否, ECONOMICS 经济学,3 [199/599],,,,,,,,,,,二级
Economics & Sociology,2025,2071-789X/2306-3459,否,否,是,ESCI,1.8,,经济学,3 [218/765],否, ECONOMICS 经济学,3 [200/599],,,,,,,,,,,二级
GROWTH AND CHANGE,2025,0017-4815/1468-2257,否,否,否,SSCI,2.1,,经济学,3 [219/765],否, DEVELOPMENT STUDIES 发展研究,4 [29/63], REGIONAL & URBAN PLANNING 区域与城市规划,4 [33/54],,,,,,,,,二级
International Journal of the Commons,2025,1875-0281/1875-0281,否,否,是,SSCI,1.9,,经济学,3 [220/765],否, ENVIRONMENTAL STUDIES 环境研究,4 [95/183],,,,,,,,,,,二级
Urban Research & Practice,2025,1753-5069/1753-5077,否,否,否,SSCI,1.8,,经济学,3 [221/765],否, URBAN STUDIES 城市研究,4 [33/77],,,,,,,,,,,二级
JOURNAL OF ECONOMIC ISSUES,2025,0021-3624/1946-326X,否,否,否,SSCI,0.8,,经济学,3 [222/765],否, ECONOMICS 经济学,3 [202/599],,,,,,,,,,,二级
QUARTERLY REVIEW OF ECONOMICS AND FINANCE,2025,1062-9769/1878-4259,否,否,否,SSCI,3.1,,经济学,3 [223/765],否, ECONOMICS 经济学,3 [203/599],,,,,,,,,,,二级
British Food Journal,2025,0007-070X/1758-4108,否,否,否,SCIE,4.2,,经济学,3 [224/765],否, FOOD SCIENCE & TECHNOLOGY 食品科技,3 [56/173], AGRICULTURAL ECONOMICS & POLICY 农业经济与政策,4 [14/39],,,,,,,,,二级
REVIEW OF INCOME AND WEALTH,2025,0034-6586/1475-4991,否,否,否,SSCI,1.8,,经济学,3 [225/765],否, ECONOMICS 经济学,3 [204/599],,,,,,,,,,,二级
Asian Economic Papers,2025,1535-3516/1536-0083,否,否,否,SSCI,1.1,,经济学,3 [226/765],否, ECONOMICS 经济学,3 [205/599],,,,,,,,,,,二级
Oxford Development Studies,2025,1360-0818/1469-9966,否,否,否,ESCI,1.2,,经济学,3 [227/765],否, DEVELOPMENT STUDIES 发展研究,4 [30/63],,,,,,,,,,,二级
INTERNATIONAL JOURNAL OF INDUSTRIAL ORGANIZATION,2025,0167-7187/1873-7986,否,否,否,SSCI,1.4,,经济学,3 [228/765],否, ECONOMICS 经济学,3 [207/599],,,,,,,,,,,二级
ECONOMICA,2025,0013-0427/1468-0335,否,否,否,SSCI,1.6,,经济学,3 [229/765],否, ECONOMICS 经济学,3 [208/599],,,,,,,,,,,二级
Economics of Innovation and New Technology,2025,1043-8599/1476-8364,否,否,否,SSCI,2.6,,经济学,3 [230/765],否, ECONOMICS 经济学,3 [210/599],,,,,,,,,,,二级
Journal of Choice Modelling,2025,1755-5345/1755-5345,否,否,否,SSCI,2.4,,经济学,3 [231/765],否, ECONOMICS 经济学,4 [212/599],,,,,,,,,,,二级
Review of Development Economics,2025,1363-6669/1467-9361,否,否,否,SSCI,2.2,,经济学,3 [232/765],否, DEVELOPMENT STUDIES 发展研究,4 [31/63], ECONOMICS 经济学,4 [213/599],,,,,,,,,二级
International Journal of Business Communication,2025,2329-4884/2329-4892,否,否,否,SSCI,3.1,,经济学,3 [233/765],否, BUSINESS 商业：管理,4 [147/302], COMMUNICATION 传播学,4 [95/223],,,,,,,,,二级
Review of Asset Pricing Studies,2025,2045-9920/2045-9939,否,否,否,ESCI,1.5,,经济学,3 [234/765],否," BUSINESS, FINANCE 商业：财政与金融",4 [86/231],,,,,,,,,,,二级
Baltic Journal of Economics,2025,1406-099X/2334-4385,否,否,是,SSCI,0.8,,经济学,3 [235/765],否, ECONOMICS 经济学,4 [215/599],,,,,,,,,,,二级
Health Economics Review,2025,2191-1991/2191-1991,否,否,是,SSCI,3.3,,经济学,3 [236/765],否, HEALTH POLICY & SERVICES 卫生政策与服务,3 [50/118], ECONOMICS 经济学,4 [216/599],,,,,,,,,二级
Economies,2025,2227-7099/2227-7099,否,否,是,ESCI,2.1,,经济学,3 [237/765],否, ECONOMICS 经济学,4 [218/599],,,,,,,,,,,二级
Journal of Accounting and Organizational Change,2025,1832-5912/1839-5473,否,否,否,ESCI,3,,经济学,3 [238/765],否," BUSINESS, FINANCE 商业：财政与金融",4 [87/231],,,,,,,,,,,二级
Economics of Peace and Security Journal,2025,1749-852X/1749-852X,否,否,否,ESCI,0.8,,经济学,3 [239/765],否, ECONOMICS 经济学,4 [219/599],,,,,,,,,,,二级
AUSTRALIAN JOURNAL OF AGRICULTURAL AND RESOURCE ECONOMICS,2025,1364-985X/1467-8489,否,否,否,SSCI;SCIE,2.1,,经济学,3 [240/765],否, AGRICULTURAL ECONOMICS & POLICY 农业经济与政策,4 [15/39], ECONOMICS 经济学,4 [220/599],,,,,,,,,二级
Journal of Empirical Finance,2025,0927-5398/1879-1727,否,否,否,SSCI,2.4,,经济学,3 [241/765],否," BUSINESS, FINANCE 商业：财政与金融",4 [88/231], ECONOMICS 经济学,4 [221/599],,,,,,,,,二级
JOURNAL OF ECONOMIC DYNAMICS & CONTROL,2025,0165-1889/1879-1743,否,否,否,SSCI,2.3,,经济学,3 [242/765],否, ECONOMICS 经济学,4 [222/599],,,,,,,,,,,二级
RESOURCE AND ENERGY ECONOMICS,2025,0928-7655/1873-0221,否,否,否,SSCI,3.1,,经济学,3 [243/765],否, ECONOMICS 经济学,4 [223/599], ENVIRONMENTAL STUDIES 环境研究,4 [97/183],,,,,,,,,二级
CONTEMPORARY ECONOMIC POLICY,2025,1074-3529/1465-7287,否,否,否,SSCI,1.9,,经济学,3 [244/765],否, ECONOMICS 经济学,4 [224/599], PUBLIC ADMINISTRATION 公共管理,4 [49/91],,,,,,,,,二级
JOURNAL OF CONSUMER AFFAIRS,2025,0022-0078/1745-6606,否,否,否,SSCI,3.2,,经济学,3 [245/765],否, BUSINESS 商业：管理,4 [151/302], ECONOMICS 经济学,4 [225/599],,,,,,,,,二级
International Journal of Economic Sciences,2025,1804-9796/1804-9796,否,否,否,ESCI,2.4,,经济学,3 [246/765],否, ECONOMICS 经济学,4 [226/599],,,,,,,,,,,二级
Journal of Financial Regulation and Compliance,2025,1358-1988/1740-0279,否,否,否,ESCI,1.8,,经济学,3 [247/765],否," BUSINESS, FINANCE 商业：财政与金融",4 [90/231],,,,,,,,,,,二级
Journal of the Association of Environmental and Resource Economists,2025,2333-5955/2333-5963,否,否,否,SSCI,3.2,,经济学,3 [248/765],否, ECONOMICS 经济学,4 [227/599], ENVIRONMENTAL STUDIES 环境研究,4 [100/183],,,,,,,,,二级
Water Resources and Economics,2025,2212-4284/2212-4284,否,否,否,SSCI;SCIE,1.9,,经济学,3 [249/765],否, ENVIRONMENTAL SCIENCES 环境科学,3 [149/357], WATER RESOURCES 水资源,3 [34/124], ECONOMICS 经济学,4 [228/599], ENVIRONMENTAL STUDIES 环境研究,4 [101/183],,,,,二级
FINANCE AND STOCHASTICS,2025,0949-2984/1432-1122,否,否,否,SSCI;SCIE,1.4,,经济学,3 [250/765],否," MATHEMATICS, INTERDISCIPLINARY APPLICATIONS 数学跨学科应用",3 [43/136]," SOCIAL SCIENCES, MATHEMATICAL METHODS 社会科学：数理方法",3 [23/67], STATISTICS & PROBABILITY 统计学与概率论,3 [46/166]," BUSINESS, FINANCE 商业：财政与金融",4 [91/231],,,,,二级
Journal of Benefit-Cost Analysis,2025,2194-5888/2152-2812,否,否,否,SSCI,1.8,,经济学,3 [251/765],否, ECONOMICS 经济学,4 [229/599],,,,,,,,,,,二级
Spatial Economic Analysis,2025,1742-1772/1742-1780,否,否,否,SSCI,2.2,,经济学,3 [252/765],否, ECONOMICS 经济学,4 [230/599],,,,,,,,,,,二级
DEFENCE AND PEACE ECONOMICS,2025,1024-2694/1476-8267,否,否,否,SSCI,1.6,,经济学,3 [253/765],否, ECONOMICS 经济学,4 [231/599],,,,,,,,,,,二级
JOURNAL OF INDUSTRIAL ECONOMICS,2025,0022-1821/1467-6451,否,否,否,SSCI,1,,经济学,3 [254/765],否," BUSINESS, FINANCE 商业：财政与金融",4 [94/231], ECONOMICS 经济学,4 [232/599],,,,,,,,,二级
ANNALS OF REGIONAL SCIENCE,2025,0570-1864/1432-0592,否,否,否,SSCI,2.1,,经济学,3 [255/765],否, ECONOMICS 经济学,4 [233/599], ENVIRONMENTAL STUDIES 环境研究,4 [103/183], GEOGRAPHY 地理学,4 [65/171], REGIONAL & URBAN PLANNING 区域与城市规划,4 [34/54],,,,,二级
Journal of Housing and the Built Environment,2025,1566-4910/1573-7772,否,否,否,SSCI,2.1,,经济学,3 [256/765],否, ENVIRONMENTAL STUDIES 环境研究,4 [104/183], REGIONAL & URBAN PLANNING 区域与城市规划,4 [35/54], URBAN STUDIES 城市研究,4 [34/77],,,,,,,二级
Marine Resource Economics,2025,0738-1360/2334-5985,否,否,否,SSCI;SCIE,1.7,,经济学,3 [257/765],否, FISHERIES 渔业,2 [15/61], ECONOMICS 经济学,4 [234/599], ENVIRONMENTAL STUDIES 环境研究,4 [105/183],,,,,,,二级
Journal of Economics Finance and Administrative Science,2025,2077-1886/2218-0648,否,否,是,ESCI,1.9,,经济学,3 [258/765],否, ECONOMICS 经济学,4 [235/599],,,,,,,,,,,二级
ENVIRONMENTAL & RESOURCE ECONOMICS,2025,0924-6460/1573-1502,否,否,否,SSCI,3.4,,经济学,3 [259/765],否, ECONOMICS 经济学,4 [236/599], ENVIRONMENTAL STUDIES 环境研究,4 [106/183],,,,,,,,,二级
FORUM FOR DEVELOPMENT STUDIES,2025,0803-9410/1891-1765,否,否,否,ESCI,1.1,,经济学,3 [260/765],否, DEVELOPMENT STUDIES 发展研究,4 [33/63],,,,,,,,,,,二级
Journal of International Development,2025,0954-1748/1099-1328,否,否,否,SSCI,1.7,,经济学,3 [261/765],否, DEVELOPMENT STUDIES 发展研究,4 [35/63],,,,,,,,,,,二级
Mineral Economics,2025,2191-2203/2191-2211,否,否,否,ESCI,3.5,,经济学,3 [262/765],否, ECONOMICS 经济学,4 [237/599],,,,,,,,,,,二级
Scandinavian Actuarial Journal,2025,0346-1238/1651-2030,否,否,否,SSCI;SCIE,1.4,,经济学,3 [263/765],否," MATHEMATICS, INTERDISCIPLINARY APPLICATIONS 数学跨学科应用",3 [46/136]," SOCIAL SCIENCES, MATHEMATICAL METHODS 社会科学：数理方法",3 [24/67], STATISTICS & PROBABILITY 统计学与概率论,3 [48/166],,,,,,,二级
Development Policy Review,2025,0950-6764/1467-7679,否,否,否,SSCI,1.4,,经济学,3 [264/765],否, DEVELOPMENT STUDIES 发展研究,4 [36/63],,,,,,,,,,,二级
JOURNAL OF FORECASTING,2025,0277-6693/1099-131X,否,否,否,SSCI,2.7,,经济学,3 [265/765],否, ECONOMICS 经济学,4 [239/599], MANAGEMENT 管理学,4 [217/404],,,,,,,,,二级
ZFW-Advances in Economic Geography,2025,2748-1956/2748-1964,否,否,否,SSCI,2,,经济学,3 [266/765],否, ECONOMICS 经济学,4 [240/599], GEOGRAPHY 地理学,4 [67/171],,,,,,,,,二级
Area Development and Policy,2025,2379-2949/2379-2957,否,否,是,ESCI,1.8,,经济学,3 [267/765],否, DEVELOPMENT STUDIES 发展研究,3 [23/63],,,,,,,,,,,二级
Journal of Behavioral and Experimental Economics,2025,2214-8043/2214-8051,否,否,否,SSCI,1.4,,经济学,3 [268/765],否, ECONOMICS 经济学,4 [241/599],,,,,,,,,,,二级
JOURNAL OF RISK AND UNCERTAINTY,2025,0895-5646/1573-0476,否,否,否,SSCI,2.3,,经济学,3 [269/765],否," BUSINESS, FINANCE 商业：财政与金融",4 [98/231], ECONOMICS 经济学,4 [242/599],,,,,,,,,二级
Annals of Actuarial Science,2025,1748-4995/1748-5002,否,否,否,ESCI,1,,经济学,3 [270/765],否," MATHEMATICS, INTERDISCIPLINARY APPLICATIONS 数学跨学科应用",3 [47/136]," SOCIAL SCIENCES, MATHEMATICAL METHODS 社会科学：数理方法",3 [25/67], STATISTICS & PROBABILITY 统计学与概率论,3 [49/166]," BUSINESS, FINANCE 商业：财政与金融",4 [99/231], ECONOMICS 经济学,4 [244/599],,,二级
REVIEW OF WORLD ECONOMICS,2025,1610-2878/1610-2886,否,否,否,SSCI,1.2,,经济学,3 [271/765],否, ECONOMICS 经济学,4 [245/599], INTERNATIONAL RELATIONS 国际关系学,4 [95/165],,,,,,,,,二级
ECONOMIC THEORY,2025,0938-2259/1432-0479,否,否,否,SSCI,1.1,,经济学,3 [272/765],否, ECONOMICS 经济学,4 [246/599],,,,,,,,,,,二级
Econometrics Journal,2025,1368-4221/1368-423X,否,否,否,SSCI;SCIE,7,,经济学,3 [273/765],否," MATHEMATICS, INTERDISCIPLINARY APPLICATIONS 数学跨学科应用",3 [49/136]," SOCIAL SCIENCES, MATHEMATICAL METHODS 社会科学：数理方法",3 [27/67], STATISTICS & PROBABILITY 统计学与概率论,3 [51/166], ECONOMICS 经济学,4 [247/599],,,,,二级
Journal of Human Capital,2025,1932-8575/1932-8664,否,否,否,SSCI,0.8,,经济学,3 [274/765],否, ECONOMICS 经济学,4 [250/599],,,,,,,,,,,二级
Journal of Agribusiness in Developing and Emerging Economies,2025,2044-0839/2044-0847,否,否,否,ESCI,1.8,,经济学,3 [275/765],否, AGRICULTURAL ECONOMICS & POLICY 农业经济与政策,4 [16/39], ECONOMICS 经济学,4 [251/599],,,,,,,,,二级
Journal of Emerging Market Finance,2025,0972-6527/0973-0710,否,否,否,ESCI,1.2,,经济学,3 [276/765],否," BUSINESS, FINANCE 商业：财政与金融",4 [100/231],,,,,,,,,,,二级
Metroeconomica,2025,0026-1386/1467-999X,否,否,否,SSCI,0.9,,经济学,3 [277/765],否, ECONOMICS 经济学,4 [252/599],,,,,,,,,,,二级
SCANDINAVIAN JOURNAL OF ECONOMICS,2025,0347-0520/1467-9442,否,否,否,SSCI,1.6,,经济学,3 [278/765],否, ECONOMICS 经济学,4 [253/599],,,,,,,,,,,二级
FINANCIAL ANALYSTS JOURNAL,2025,0015-198X/1938-3312,否,否,否,SSCI,2.2,,经济学,3 [279/765],否," BUSINESS, FINANCE 商业：财政与金融",4 [101/231],,,,,,,,,,,二级
Urban Forum,2025,1015-3802/1874-6330,否,否,否,ESCI,1.2,,经济学,3 [280/765],否, URBAN STUDIES 城市研究,4 [35/77],,,,,,,,,,,二级
INTERNATIONAL REGIONAL SCIENCE REVIEW,2025,0160-0176/1552-6925,否,否,否,SSCI,2.1,,经济学,3 [281/765],否, ENVIRONMENTAL STUDIES 环境研究,4 [109/183], REGIONAL & URBAN PLANNING 区域与城市规划,4 [36/54], URBAN STUDIES 城市研究,4 [36/77],,,,,,,二级
Urban Planning,2025,2183-7635/2183-7635,否,否,是,ESCI,1.7,,经济学,3 [282/765],否, URBAN STUDIES 城市研究,4 [37/77],,,,,,,,,,,二级
Journal of Asian Business and Economic Studies,2025,2515-964X/2515-964X,否,否,是,ESCI,3.6,,经济学,3 [283/765],否, BUSINESS 商业：管理,4 [168/302], ECONOMICS 经济学,4 [256/599],,,,,,,,,二级
Empirica,2025,0340-8744/1573-6911,否,否,否,SSCI,1.8,,经济学,3 [284/765],否, ECONOMICS 经济学,4 [258/599],,,,,,,,,,,二级
INTERNATIONAL JOURNAL OF SOCIAL ECONOMICS,2025,0306-8293/1758-6712,否,否,否,ESCI,1.7,,经济学,3 [285/765],否, ECONOMICS 经济学,4 [259/599],,,,,,,,,,,二级
Agricultural Economics-Zemedelska Ekonomika,2025,0139-570X/1805-9295,否,否,是,SSCI;SCIE,1.8,,经济学,3 [286/765],否, AGRICULTURAL ECONOMICS & POLICY 农业经济与政策,4 [17/39], ECONOMICS 经济学,4 [260/599],,,,,,,,,二级
Economic and Labour Relations Review,2025,1035-3046/1838-2673,否,否,否,SSCI,1.3,,经济学,3 [287/765],否, ECONOMICS 经济学,4 [261/599], INDUSTRIAL RELATIONS & LABOR 劳动关系学,4 [26/50],,,,,,,,,二级
ECONOMIC INQUIRY,2025,0095-2583/1465-7295,否,否,否,SSCI,1.3,,经济学,3 [288/765],否, ECONOMICS 经济学,4 [262/599],,,,,,,,,,,二级
GAMES AND ECONOMIC BEHAVIOR,2025,0899-8256/1090-2473,否,否,否,SSCI,1,,经济学,3 [289/765],否, ECONOMICS 经济学,4 [263/599],,,,,,,,,,,二级
Journal of Financial Regulation,2025,2053-4833/2053-4841,否,否,否,ESCI,2.5,,经济学,3 [290/765],否, LAW 法学,4 [127/427],,,,,,,,,,,二级
INTERNATIONAL JOURNAL OF FINANCE & ECONOMICS,2025,1076-9307/1099-1158,否,否,否,SSCI,2.8,,经济学,3 [291/765],否," BUSINESS, FINANCE 商业：财政与金融",4 [104/231],,,,,,,,,,,二级
EMERGING MARKETS FINANCE AND TRADE,2025,1540-496X/1558-0938,否,否,否,SSCI,3.1,,经济学,3 [292/765],否, BUSINESS 商业：管理,4 [172/302], ECONOMICS 经济学,4 [264/599], INTERNATIONAL RELATIONS 国际关系学,4 [96/165],,,,,,,二级
Regional Science Policy and Practice,2025,1757-7802/1757-7802,否,否,否,ESCI,2.1,,经济学,3 [293/765],否, GEOGRAPHY 地理学,4 [74/171],,,,,,,,,,,二级
Cogent Economics & Finance,2025,2332-2039/2332-2039,否,否,是,ESCI,2.5,,经济学,3 [294/765],否, ECONOMICS 经济学,4 [265/599],,,,,,,,,,,二级
Journal of Urban Design,2025,1357-4809/1469-9664,否,否,否,ESCI,1.9,,经济学,3 [295/765],否, URBAN STUDIES 城市研究,4 [40/77],,,,,,,,,,,二级
SOUTH AFRICAN JOURNAL OF ECONOMICS,2025,0038-2280/1813-6982,否,否,否,SSCI,0.9,,经济学,3 [296/765],否, ECONOMICS 经济学,4 [266/599],,,,,,,,,,,二级
Economia Politica,2025,1120-2890/1973-820X,否,否,否,SSCI,2,,经济学,3 [297/765],否, ECONOMICS 经济学,4 [267/599],,,,,,,,,,,二级
TOWN PLANNING REVIEW,2025,0041-0020/1478-341X,否,否,否,ESCI,1.1,,经济学,3 [298/765],否, URBAN STUDIES 城市研究,4 [41/77],,,,,,,,,,,二级
International Journal of Financial Studies,2025,2227-7072/2227-7072,否,否,是,ESCI,2.2,,经济学,3 [299/765],否," BUSINESS, FINANCE 商业：财政与金融",4 [106/231],,,,,,,,,,,二级
REVIEW OF RADICAL POLITICAL ECONOMICS,2025,0486-6134/1552-8502,否,否,否,SSCI,1.1,,经济学,3 [300/765],否, ECONOMICS 经济学,4 [268/599],,,,,,,,,,,二级
Risks,2025,2227-9091/2227-9091,否,否,是,ESCI,1.5,,经济学,3 [301/765],否," BUSINESS, FINANCE 商业：财政与金融",4 [107/231],,,,,,,,,,,二级
Journal of Global Economic Analysis,2025,2377-2999/2377-2999,否,否,否,ESCI,2.6,,经济学,3 [302/765],否, ECONOMICS 经济学,4 [269/599],,,,,,,,,,,二级
Journal of Financial Econometrics,2025,1479-8409/1479-8417,否,否,否,SSCI,2.2,,经济学,3 [303/765],否," BUSINESS, FINANCE 商业：财政与金融",4 [109/231], ECONOMICS 经济学,4 [270/599],,,,,,,,,二级
Transnational Corporations Review,2025,1918-6444/1925-2099,否,否,否,ESCI,1.8,中国SCI期刊支持计划,经济学,3 [304/765],否, BUSINESS 商业：管理,3 [82/302], ECONOMICS 经济学,3 [211/599],,,,,,,,,二级
JOURNAL OF ECONOMIC STUDIES,2025,0144-3585,否,否,否,ESCI,2.4,,经济学,4 [305/765],否, ECONOMICS 经济学,4 [271/599],,,,,,,,,,,三级
CANADIAN JOURNAL OF AGRICULTURAL ECONOMICS-REVUE CANADIENNE D AGROECONOMIE,2025,0008-3976/1744-7976,否,否,否,SSCI;SCIE,2.1,,经济学,4 [306/765],否, AGRICULTURAL ECONOMICS & POLICY 农业经济与政策,4 [18/39], ECONOMICS 经济学,4 [272/599],,,,,,,,,三级
JOURNAL OF FUTURES MARKETS,2025,0270-7314/1096-9934,否,否,否,SSCI,2.3,,经济学,4 [307/765],否," BUSINESS, FINANCE 商业：财政与金融",4 [110/231],,,,,,,,,,,三级
MANAGERIAL FINANCE,2025,0307-4358/1758-7743,否,否,否,ESCI,2.2,,经济学,4 [308/765],否," BUSINESS, FINANCE 商业：财政与金融",4 [111/231],,,,,,,,,,,三级
Regional Studies Regional Science,2025,2168-1376/2168-1376,否,否,是,ESCI,2.4,,经济学,4 [309/765],否, GEOGRAPHY 地理学,4 [76/171],,,,,,,,,,,三级
JOURNAL OF FINANCIAL SERVICES RESEARCH,2025,0920-8550/1573-0735,否,否,否,SSCI,2,,经济学,4 [310/765],否," BUSINESS, FINANCE 商业：财政与金融",4 [113/231],,,,,,,,,,,三级
OXFORD BULLETIN OF ECONOMICS AND STATISTICS,2025,0305-9049/1468-0084,否,否,否,SSCI;SCIE,1.4,,经济学,4 [311/765],否, STATISTICS & PROBABILITY 统计学与概率论,3 [59/166], ECONOMICS 经济学,4 [273/599]," SOCIAL SCIENCES, MATHEMATICAL METHODS 社会科学：数理方法",4 [30/67],,,,,,,三级
Journal of Business Economics and Management,2025,1611-1699/2029-4433,否,否,是,SSCI,2.7,,经济学,4 [312/765],否, BUSINESS 商业：管理,4 [176/302], ECONOMICS 经济学,4 [274/599],,,,,,,,,三级
Journal of Environmental Planning and Management,2025,0964-0568/1360-0559,否,否,否,SSCI,3.6,,经济学,4 [313/765],否, DEVELOPMENT STUDIES 发展研究,4 [38/63], REGIONAL & URBAN PLANNING 区域与城市规划,4 [40/54],,,,,,,,,三级
Bio-based and Applied Economics,2025,2280-6180/2280-6172,否,否,是,ESCI,1.7,,经济学,4 [314/765],否, ECONOMICS 经济学,4 [275/599],,,,,,,,,,,三级
JOURNAL OF MACROECONOMICS,2025,0164-0704/1873-152X,否,否,否,SSCI,1.5,,经济学,4 [315/765],否, ECONOMICS 经济学,4 [276/599],,,,,,,,,,,三级
JOURNAL OF WORLD TRADE,2025,1011-6702/2210-2795,否,否,否,SSCI,1.2,,经济学,4 [316/765],否, ECONOMICS 经济学,4 [277/599], INTERNATIONAL RELATIONS 国际关系学,4 [100/165], LAW 法学,4 [137/427],,,,,,,三级
JOURNAL OF EVOLUTIONARY ECONOMICS,2025,0936-9937/1432-1386,否,否,否,SSCI,1.8,,经济学,4 [317/765],否, ECONOMICS 经济学,4 [278/599],,,,,,,,,,,三级
Economic Change and Restructuring,2025,1573-9414/1574-0277,否,否,否,SSCI,4.3,,经济学,4 [318/765],否, ECONOMICS 经济学,4 [279/599],,,,,,,,,,,三级
Journal of Quantitative Analysis in Sports,2025,2194-6388/1559-0410,否,否,否,ESCI,1,,经济学,4 [319/765],否," SOCIAL SCIENCES, MATHEMATICAL METHODS 社会科学：数理方法",4 [31/67],,,,,,,,,,,三级
Community Development,2025,1557-5330/1944-7485,否,否,否,ESCI,1.4,,经济学,4 [320/765],否, DEVELOPMENT STUDIES 发展研究,4 [39/63],,,,,,,,,,,三级
JOURNAL OF MONEY CREDIT AND BANKING,2025,0022-2879/1538-4616,否,否,否,SSCI,1.6,,经济学,4 [321/765],否," BUSINESS, FINANCE 商业：财政与金融",4 [116/231], ECONOMICS 经济学,4 [280/599],,,,,,,,,三级
INTERNATIONAL JOURNAL OF POLITICAL ECONOMY,2025,0891-1916/1558-0970,否,否,否,ESCI,1.3,,经济学,4 [322/765],否, ECONOMICS 经济学,4 [281/599],,,,,,,,,,,三级
European Journal of Finance,2025,1351-847X/1466-4364,否,否,否,SSCI,2.3,,经济学,4 [323/765],否," BUSINESS, FINANCE 商业：财政与金融",4 [117/231],,,,,,,,,,,三级
International Journal of Health Economics and Management,2025,2199-9023/2199-9031,否,否,否,SSCI,1.7,,经济学,4 [324/765],否," BUSINESS, FINANCE 商业：财政与金融",4 [118/231], ECONOMICS 经济学,4 [282/599], HEALTH POLICY & SERVICES 卫生政策与服务,4 [76/118],,,,,,,三级
GENEVA PAPERS ON RISK AND INSURANCE-ISSUES AND PRACTICE,2025,1018-5895/1468-0440,否,否,否,SSCI,3.3,,经济学,4 [325/765],否," BUSINESS, FINANCE 商业：财政与金融",4 [119/231],,,,,,,,,,,三级
JOURNAL OF HOUSING ECONOMICS,2025,1051-1377/1096-0791,否,否,否,SSCI,2.4,,经济学,4 [326/765],否, ECONOMICS 经济学,4 [283/599], URBAN STUDIES 城市研究,4 [42/77],,,,,,,,,三级
ECONOMIC RECORD,2025,0013-0249/1475-4932,否,否,否,SSCI,1.2,,经济学,4 [327/765],否, ECONOMICS 经济学,4 [284/599],,,,,,,,,,,三级
International Journal of Housing Markets and Analysis,2025,1753-8270/1753-8289,否,否,否,ESCI,2,,经济学,4 [328/765],否, URBAN STUDIES 城市研究,4 [43/77],,,,,,,,,,,三级
Computational Economics,2025,0927-7099/1572-9974,否,否,否,SSCI;SCIE,2.2,,经济学,4 [329/765],否, ECONOMICS 经济学,4 [285/599], MANAGEMENT 管理学,4 [239/404]," MATHEMATICS, INTERDISCIPLINARY APPLICATIONS 数学跨学科应用",4 [59/136],,,,,,,三级
ECONOMICS LETTERS,2025,0165-1765/1873-7374,否,否,否,SSCI,1.8,,经济学,4 [330/765],否, ECONOMICS 经济学,4 [286/599],,,,,,,,,,,三级
Journal of Property Research,2025,0959-9916/1466-4453,否,否,否,ESCI,2.3,,经济学,4 [331/765],否, URBAN STUDIES 城市研究,4 [44/77],,,,,,,,,,,三级
Sociology of Development,2025,2374-538X/2374-538X,否,否,否,ESCI,0.8,,经济学,4 [332/765],否, DEVELOPMENT STUDIES 发展研究,4 [40/63], SOCIOLOGY 社会学,4 [140/216],,,,,,,,,三级
MANAGERIAL AND DECISION ECONOMICS,2025,0143-6570/1099-1468,否,否,否,SSCI,2.7,,经济学,4 [333/765],否, ECONOMICS 经济学,4 [287/599], MANAGEMENT 管理学,4 [240/404],,,,,,,,,三级
European Journal of the History of Economic Thought,2025,0967-2567/1469-5936,否,否,否,SSCI,0.7,,经济学,4 [334/765],否, ECONOMICS 经济学,4 [288/599], HISTORY OF SOCIAL SCIENCES 社会科学史,4 [21/42],,,,,,,,,三级
Risk Management-An International Journal,2025,1460-3799/1743-4637,否,否,否,SSCI,1.7,,经济学,4 [335/765],否," SOCIAL SCIENCES, INTERDISCIPLINARY 社会科学：跨领域",4 [110/263],,,,,,,,,,,三级
EJournal of Tax Research,2025,1448-2398/1448-2398,否,否,否,ESCI,0.4,,经济学,4 [336/765],否, LAW 法学,4 [146/427],,,,,,,,,,,三级
Culture Agriculture Food and Environment,2025,2153-9553/2153-9561,否,否,否,ESCI,0.8,,经济学,4 [337/765],否, AGRICULTURAL ECONOMICS & POLICY 农业经济与政策,4 [19/39],,,,,,,,,,,三级
Amfiteatru Economic,2025,1582-9146/2247-9104,否,否,是,SSCI,2,,经济学,4 [338/765],否, BUSINESS 商业：管理,4 [184/302], ECONOMICS 经济学,4 [290/599], MANAGEMENT 管理学,4 [243/404],,,,,,,三级
Qualitative Research in financial Markets,2025,1755-4179/1755-4179,否,否,否,ESCI,2.5,,经济学,4 [339/765],否," BUSINESS, FINANCE 商业：财政与金融",4 [120/231],,,,,,,,,,,三级
ECONOMIC DEVELOPMENT QUARTERLY,2025,0891-2424/1552-3543,否,否,否,SSCI,1.6,,经济学,4 [340/765],否, DEVELOPMENT STUDIES 发展研究,4 [41/63], ECONOMICS 经济学,4 [291/599], URBAN STUDIES 城市研究,4 [45/77],,,,,,,三级
International Journal of Central Banking,2025,1815-4654/1815-7556,否,否,否,SSCI,1.5,,经济学,4 [341/765],否," BUSINESS, FINANCE 商业：财政与金融",4 [121/231],,,,,,,,,,,三级
INTERNATIONAL TAX AND PUBLIC FINANCE,2025,0927-5940/1573-6970,否,否,否,SSCI,1.4,,经济学,4 [342/765],否, ECONOMICS 经济学,4 [292/599],,,,,,,,,,,三级
QUANTITATIVE FINANCE,2025,1469-7688/1469-7696,否,否,否,SSCI;SCIE,1.4,,经济学,4 [343/765],否," BUSINESS, FINANCE 商业：财政与金融",4 [122/231], ECONOMICS 经济学,4 [293/599]," MATHEMATICS, INTERDISCIPLINARY APPLICATIONS 数学跨学科应用",4 [61/136]," SOCIAL SCIENCES, MATHEMATICAL METHODS 社会科学：数理方法",4 [33/67],,,,,三级
Journal of Agricultural and Applied Economics,2025,1074-0708/2056-7405,否,否,是,ESCI,1.1,,经济学,4 [344/765],否, AGRICULTURAL ECONOMICS & POLICY 农业经济与政策,4 [20/39], ECONOMICS 经济学,4 [294/599],,,,,,,,,三级
Journal of Computational Finance,2025,1460-1559/1755-2850,否,否,否,SSCI,0.5,,经济学,4 [345/765],否," BUSINESS, FINANCE 商业：财政与金融",4 [123/231],,,,,,,,,,,三级
EuroChoices,2025,1478-0917/1746-692X,否,否,否,ESCI,3.1,,经济学,4 [346/765],否, AGRICULTURAL ECONOMICS & POLICY 农业经济与政策,4 [21/39],,,,,,,,,,,三级
Poverty & Public Policy,2025,1944-2858/1944-2858,否,否,否,ESCI,0.7,,经济学,4 [347/765],否, SOCIAL WORK 社会工作,4 [41/91],,,,,,,,,,,三级
Series-Journal of the Spanish Economic Association,2025,1869-4187/1869-4195,否,否,是,SSCI,0.5,,经济学,4 [348/765],否, ECONOMICS 经济学,4 [296/599],,,,,,,,,,,三级
Open House International,2025,0168-2601/2633-9838,否,否,否,SSCI;AHCI,1.6,,经济学,4 [349/765],否, ARCHITECTURE 建筑学,2 [7/94], ENVIRONMENTAL STUDIES 环境研究,4 [124/183], URBAN STUDIES 城市研究,4 [47/77],,,,,,,三级
Annals of Financial Economics,2025,2010-4952/2010-4960,否,否,否,ESCISuppressed,3.6,,经济学,4 [350/765],否, ECONOMICS 经济学,4 [297/599],,,,,,,,,,,三级
Journal of Public Economic Theory,2025,1097-3923/1467-9779,否,否,否,SSCI,0.9,,经济学,4 [351/765],否, ECONOMICS 经济学,4 [298/599],,,,,,,,,,,三级
Journal of World Investment & Trade,2025,1660-7112/2211-9000,否,否,否,ESCI,2.1,,经济学,4 [352/765],否, LAW 法学,4 [160/427],,,,,,,,,,,三级
Review of Derivatives Research,2025,1380-6645/1573-7144,否,否,否,SSCI,0.9,,经济学,4 [353/765],否," BUSINESS, FINANCE 商业：财政与金融",4 [124/231], ECONOMICS 经济学,4 [300/599],,,,,,,,,三级
JAPAN AND THE WORLD ECONOMY,2025,0922-1425/1879-2006,否,否,否,SSCI,1.2,,经济学,4 [354/765],否, ECONOMICS 经济学,4 [301/599],,,,,,,,,,,三级
Journal of the Australasian Tax Teachers Association,2025,1832-911X/1832-911X,否,否,否,ESCI,0.1,,经济学,4 [355/765],否, ECONOMICS 经济学,4 [302/599],,,,,,,,,,,三级
CANADIAN JOURNAL OF ECONOMICS-REVUE CANADIENNE D ECONOMIQUE,2025,0008-4085/1540-5982,否,否,否,SSCI,1.1,,经济学,4 [356/765],否, ECONOMICS 经济学,4 [303/599],,,,,,,,,,,三级
Journal of Multinational Financial Management,2025,1042-444X/1873-1309,否,否,否,SSCI,4,,经济学,4 [357/765],否," BUSINESS, FINANCE 商业：财政与金融",4 [125/231],,,,,,,,,,,三级
REVIEW OF INDUSTRIAL ORGANIZATION,2025,0889-938X/1573-7160,否,否,否,SSCI,0.7,,经济学,4 [358/765],否, ECONOMICS 经济学,4 [304/599], MANAGEMENT 管理学,4 [251/404],,,,,,,,,三级
Mathematics and Financial Economics,2025,1862-9679/1862-9660,否,否,否,SSCI;SCIE,1,,经济学,4 [359/765],否," BUSINESS, FINANCE 商业：财政与金融",4 [126/231], ECONOMICS 经济学,4 [305/599]," MATHEMATICS, INTERDISCIPLINARY APPLICATIONS 数学跨学科应用",4 [67/136]," SOCIAL SCIENCES, MATHEMATICAL METHODS 社会科学：数理方法",4 [39/67],,,,,三级
Italian Economic Journal,2025,2199-322X/2199-3238,否,否,否,ESCI,1.2,,经济学,4 [360/765],否, ECONOMICS 经济学,4 [306/599],,,,,,,,,,,三级
JOURNAL OF REAL ESTATE FINANCE AND ECONOMICS,2025,0895-5638/1573-045X,否,否,否,SSCI,1.8,,经济学,4 [361/765],否," BUSINESS, FINANCE 商业：财政与金融",4 [127/231], ECONOMICS 经济学,4 [307/599], URBAN STUDIES 城市研究,4 [48/77],,,,,,,三级
Journal of Asset Management,2025,1470-8272/1479-179X,否,否,否,ESCI,1.4,,经济学,4 [362/765],否," BUSINESS, FINANCE 商业：财政与金融",4 [128/231],,,,,,,,,,,三级
German Economic Review,2025,1465-6485/1468-0475,否,否,否,SSCI,1.4,,经济学,4 [363/765],否, ECONOMICS 经济学,4 [309/599],,,,,,,,,,,三级
Journal of Tax Reform,2025,2412-8872/2414-9497,否,否,是,ESCI,1.1,,经济学,4 [364/765],否," BUSINESS, FINANCE 商业：财政与金融",4 [129/231],,,,,,,,,,,三级
Journal of Property Investment & Finance,2025,1463-578X/1470-2002,否,否,否,ESCI,2,,经济学,4 [365/765],否," BUSINESS, FINANCE 商业：财政与金融",4 [130/231],,,,,,,,,,,三级
Review of Behavioral Economics,2025,2326-6198/2326-6201,否,否,否,ESCI,0.5,,经济学,4 [366/765],否, ECONOMICS 经济学,4 [310/599],,,,,,,,,,,三级
North American Actuarial Journal,2025,1092-0277/2325-0453,否,否,否,ESCI,1.6,,经济学,4 [367/765],否," BUSINESS, FINANCE 商业：财政与金融",4 [132/231],,,,,,,,,,,三级
Agrarian South-Journal of Political Economy,2025,2277-9760/2321-0281,否,否,否,ESCI,0.9,,经济学,4 [368/765],否, DEVELOPMENT STUDIES 发展研究,4 [43/63], ECONOMICS 经济学,4 [311/599],,,,,,,,,三级
Econometrics and Statistics,2025,2468-0389/2452-3062,否,否,否,ESCI,2.5,,经济学,4 [369/765],否, ECONOMICS 经济学,4 [312/599], STATISTICS & PROBABILITY 统计学与概率论,4 [87/166],,,,,,,,,三级
E & M Ekonomie a Management,2025,1212-3609/2336-5064,否,否,否,SSCI,1.2,,经济学,4 [370/765],否, ECONOMICS 经济学,4 [313/599], MANAGEMENT 管理学,4 [258/404],,,,,,,,,三级
Economics of Governance,2025,1435-6104/1435-8131,否,否,否,SSCI,0.8,,经济学,4 [371/765],否, ECONOMICS 经济学,4 [314/599],,,,,,,,,,,三级
Inzinerine Ekonomika-Engineering Economics,2025,1392-2785/2029-5839,否,否,否,SSCI,2,,经济学,4 [372/765],否, ECONOMICS 经济学,4 [315/599],,,,,,,,,,,三级
Asia-Pacific Financial Markets,2025,1387-2834/1573-6946,否,否,否,ESCI,2.6,,经济学,4 [373/765],否, ECONOMICS 经济学,4 [316/599],,,,,,,,,,,三级
Empirical Economics,2025,0377-7332/1435-8921,否,否,否,SSCI,1.9,,经济学,4 [374/765],否, ECONOMICS 经济学,4 [318/599]," SOCIAL SCIENCES, MATHEMATICAL METHODS 社会科学：数理方法",4 [40/67],,,,,,,,,三级
EASTERN EUROPEAN ECONOMICS,2025,0012-8775/1557-9298,否,否,否,SSCI,1.2,,经济学,4 [375/765],否, ECONOMICS 经济学,4 [319/599],,,,,,,,,,,三级
African Journal of Economic and Management Studies,2025,2040-0705/2040-0713,否,否,否,ESCI,1.9,,经济学,4 [376/765],否, ECONOMICS 经济学,4 [320/599],,,,,,,,,,,三级
Agricultural Finance Review,2025,0002-1466/2041-6326,否,否,否,ESCI,1.9,,经济学,4 [377/765],否, AGRICULTURAL ECONOMICS & POLICY 农业经济与政策,4 [22/39],,,,,,,,,,,三级
Millennial Asia,2025,0976-3996/2321-7081,否,否,否,ESCI,0.9,,经济学,4 [378/765],否, AREA STUDIES 地域研究,4 [89/174],,,,,,,,,,,三级
Journal of Banking Regulation,2025,1745-6452/1750-2071,否,否,否,ESCI,1.5,,经济学,4 [379/765],否," BUSINESS, FINANCE 商业：财政与金融",4 [133/231],,,,,,,,,,,三级
Review of Behavioral Finance,2025,1940-5979/1940-5987,否,否,否,ESCI,1.8,,经济学,4 [380/765],否," BUSINESS, FINANCE 商业：财政与金融",4 [134/231],,,,,,,,,,,三级
ECONOMETRIC THEORY,2025,0266-4666/1469-4360,否,否,否,SSCI;SCIE,1,,经济学,4 [381/765],否, ECONOMICS 经济学,4 [321/599]," MATHEMATICS, INTERDISCIPLINARY APPLICATIONS 数学跨学科应用",4 [73/136]," SOCIAL SCIENCES, MATHEMATICAL METHODS 社会科学：数理方法",4 [42/67], STATISTICS & PROBABILITY 统计学与概率论,4 [92/166],,,,,三级
Frontiers in Sustainable Cities,2025,2624-9634/2624-9634,否,否,是,ESCI,2.1,,经济学,4 [382/765],否, ENVIRONMENTAL SCIENCES 环境科学,4 [207/357], ENVIRONMENTAL STUDIES 环境研究,4 [129/183], GREEN & SUSTAINABLE SCIENCE & TECHNOLOGY 绿色可持续发展技术,4 [62/91], URBAN STUDIES 城市研究,4 [49/77],,,,,三级
Journal of Developing Societies,2025,0169-796X/1745-2546,否,否,否,ESCI,0.9,,经济学,4 [383/765],否, DEVELOPMENT STUDIES 发展研究,4 [44/63],,,,,,,,,,,三级
International Journal of Ethics and Systems,2025,2514-9369/2514-9377,否,否,否,ESCI,3.2,,经济学,4 [384/765],否, ECONOMICS 经济学,4 [322/599],,,,,,,,,,,三级
National Institute Economic Review,2025,0027-9501/1741-3036,否,否,否,ESCI,1,,经济学,4 [385/765],否, ECONOMICS 经济学,4 [323/599],,,,,,,,,,,三级
INTERNATIONAL ECONOMICS AND ECONOMIC POLICY,2025,1612-4804/1612-4812,否,否,否,ESCI,1.5,,经济学,4 [386/765],否, ECONOMICS 经济学,4 [324/599],,,,,,,,,,,三级
Journal of Economic Integration,2025,1225-651X/1976-5525,否,否,否,ESCI,1,,经济学,4 [387/765],否, ECONOMICS 经济学,4 [325/599],,,,,,,,,,,三级
APPLIED ECONOMICS,2025,0003-6846/1466-4283,否,否,否,SSCI,2.1,,经济学,4 [388/765],否, ECONOMICS 经济学,4 [326/599],,,,,,,,,,,三级
JAPANESE ECONOMIC REVIEW,2025,1352-4739/1468-5876,否,否,否,SSCI,0.5,,经济学,4 [389/765],否, ECONOMICS 经济学,4 [327/599],,,,,,,,,,,三级
Journal of Chinese Economic and Business Studies,2025,1476-5284/1476-5292,否,否,否,ESCI,3.7,,经济学,4 [390/765],否, ECONOMICS 经济学,4 [328/599],,,,,,,,,,,三级
Economics and Business Review,2025,2392-1641/2450-0097,否,否,是,ESCI,1.6,,经济学,4 [391/765],否, ECONOMICS 经济学,4 [329/599],,,,,,,,,,,三级
JOURNAL OF MATHEMATICAL ECONOMICS,2025,0304-4068/1873-1538,否,否,否,SSCI;SCIE,0.7,,经济学,4 [392/765],否, ECONOMICS 经济学,4 [330/599]," MATHEMATICS, INTERDISCIPLINARY APPLICATIONS 数学跨学科应用",4 [74/136]," SOCIAL SCIENCES, MATHEMATICAL METHODS 社会科学：数理方法",4 [44/67],,,,,,,三级
European Financial Management,2025,1354-7798/1468-036X,否,否,否,SSCI,3.1,,经济学,4 [393/765],否," BUSINESS, FINANCE 商业：财政与金融",4 [136/231],,,,,,,,,,,三级
OPEN ECONOMIES REVIEW,2025,0923-7992/1573-708X,否,否,否,SSCI,1,,经济学,4 [394/765],否, ECONOMICS 经济学,4 [331/599],,,,,,,,,,,三级
Basic Income Studies,2025,2194-6094/1932-0183,否,否,否,ESCI,1.6,,经济学,4 [395/765],否, ECONOMICS 经济学,4 [332/599],,,,,,,,,,,三级
EC Tax Review,2025,0928-2750/1875-8363,否,否,否,ESCI,0.5,,经济学,4 [396/765],否, LAW 法学,4 [185/427],,,,,,,,,,,三级
Portuguese Economic Journal,2025,1617-982X/1617-9838,否,否,否,SSCI,2.2,,经济学,4 [397/765],否, ECONOMICS 经济学,4 [333/599],,,,,,,,,,,三级
Urban Design International,2025,1357-5317/1468-4519,否,否,否,SSCI;AHCI,2.1,,经济学,4 [398/765],否, ARCHITECTURE 建筑学,2 [12/94], REGIONAL & URBAN PLANNING 区域与城市规划,4 [42/54], URBAN STUDIES 城市研究,4 [50/77],,,,,,,三级
Journal of Philosophical Economics,2025,1843-2298/1844-8208,否,否,是,ESCI,0.5,,经济学,4 [399/765],否, ECONOMICS 经济学,4 [336/599],,,,,,,,,,,三级
Studies in Economics and Finance,2025,1086-7376/1755-6791,否,否,否,ESCI,2,,经济学,4 [400/765],否," BUSINESS, FINANCE 商业：财政与金融",4 [139/231],,,,,,,,,,,三级
International Journal of the Economics of Business,2025,1357-1516/1466-1829,否,否,否,ESCI,0.9,,经济学,4 [401/765],否, BUSINESS 商业：管理,4 [201/302], ECONOMICS 经济学,4 [337/599],,,,,,,,,三级
JOURNAL OF POST KEYNESIAN ECONOMICS,2025,0160-3477/1557-7821,否,否,否,SSCI,1,,经济学,4 [402/765],否, ECONOMICS 经济学,4 [338/599],,,,,,,,,,,三级
Review of Economics and Political Science,2025,2356-9980/2631-3561,否,否,是,ESCI,2.4,,经济学,4 [403/765],否, ECONOMICS 经济学,4 [339/599], POLITICAL SCIENCE 政治学,4 [225/317],,,,,,,,,三级
AMERICAN JOURNAL OF ECONOMICS AND SOCIOLOGY,2025,0002-9246/1536-7150,否,否,否,SSCI,1,,经济学,4 [404/765],否, ECONOMICS 经济学,4 [340/599], SOCIOLOGY 社会学,4 [153/216],,,,,,,,,三级
CHINESE ECONOMY,2025,1097-1475/1558-0954,否,否,否,ESCI,1.8,,经济学,4 [405/765],否, ECONOMICS 经济学,4 [341/599],,,,,,,,,,,三级
Asian Economic Journal,2025,1351-3958/1467-8381,否,否,否,SSCI,1.1,,经济学,4 [406/765],否, ECONOMICS 经济学,4 [342/599],,,,,,,,,,,三级
Montenegrin Journal of Economics,2025,1800-5845/1800-6698,否,否,是,ESCI,1,,经济学,4 [407/765],否, ECONOMICS 经济学,4 [343/599],,,,,,,,,,,三级
Journal of Behavioral Finance,2025,1542-7560/1542-7579,否,否,否,SSCI,1.2,,经济学,4 [408/765],否," BUSINESS, FINANCE 商业：财政与金融",4 [141/231], ECONOMICS 经济学,4 [344/599],,,,,,,,,三级
JOURNAL OF REGULATORY ECONOMICS,2025,0922-680X/1573-0468,否,否,否,SSCI,1.4,,经济学,4 [409/765],否, ECONOMICS 经济学,4 [345/599],,,,,,,,,,,三级
Foresight,2025,1463-6689/1465-9832,否,否,否,ESCI,3.1,,经济学,4 [410/765],否, REGIONAL & URBAN PLANNING 区域与城市规划,4 [44/54],,,,,,,,,,,三级
DEVELOPING ECONOMIES,2025,0012-1533/1746-1049,否,否,否,SSCI,1.4,,经济学,4 [411/765],否, DEVELOPMENT STUDIES 发展研究,4 [47/63], ECONOMICS 经济学,4 [346/599],,,,,,,,,三级
Journal of Pension Economics & Finance,2025,1474-7472/1475-3022,否,否,否,SSCI,0.9,,经济学,4 [412/765],否," BUSINESS, FINANCE 商业：财政与金融",4 [143/231], ECONOMICS 经济学,4 [347/599],,,,,,,,,三级
Journal of Economics,2025,0931-8658/1617-7134,否,否,否,SSCI,1.7,,经济学,4 [413/765],否, ECONOMICS 经济学,4 [348/599],,,,,,,,,,,三级
OXFORD ECONOMIC PAPERS-NEW SERIES,2025,0030-7653/1464-3812,否,否,否,SSCI,1.1,,经济学,4 [414/765],否, ECONOMICS 经济学,4 [349/599],,,,,,,,,,,三级
Asia-Pacific Economic History Review,2025,2832-157X/2832-157X,否,否,否,SSCI,0.4,,经济学,4 [415/765],否, ECONOMICS 经济学,4 [350/599], HISTORY OF SOCIAL SCIENCES 社会科学史,4 [32/42],,,,,,,,,三级
LABOUR-LE TRAVAIL,2025,0700-3862/1911-4842,否,否,否,SSCI;AHCI,0.5,,经济学,4 [416/765],否, HISTORY 历史学,4 [234/523], INDUSTRIAL RELATIONS & LABOR 劳动关系学,4 [35/50],,,,,,,,,三级
Review of Financial Economics,2025,1058-3300/1873-5924,否,否,否,ESCI,1.4,,经济学,4 [417/765],否," BUSINESS, FINANCE 商业：财政与金融",4 [145/231],,,,,,,,,,,三级
Computational Urban Science,2025,2730-6852/2730-6852,否,否,是,ESCI,3.2,,经济学,4 [418/765],否," COMPUTER SCIENCE, INTERDISCIPLINARY APPLICATIONS 计算机：跨学科应用",4 [120/172], REGIONAL & URBAN PLANNING 区域与城市规划,4 [45/54],,,,,,,,,三级
JOURNAL OF AFRICAN ECONOMIES,2025,0963-8024/1464-3723,否,否,否,SSCI,1.5,,经济学,4 [419/765],否, ECONOMICS 经济学,4 [351/599],,,,,,,,,,,三级
Global Economic Review,2025,1226-508X/1744-3873,否,否,否,SSCI,2.6,,经济学,4 [420/765],否, ECONOMICS 经济学,4 [352/599],,,,,,,,,,,三级
JOURNAL OF AGRICULTURAL AND RESOURCE ECONOMICS,2025,1068-5502/2327-8285,否,否,是,SSCI;SCIE,1.4,,经济学,4 [421/765],否, AGRICULTURAL ECONOMICS & POLICY 农业经济与政策,4 [23/39], ECONOMICS 经济学,4 [353/599],,,,,,,,,三级
Foreign Trade Review,2025,0015-7325/0971-7625,否,否,否,ESCI,1,,经济学,4 [422/765],否, BUSINESS 商业：管理,4 [213/302], ECONOMICS 经济学,4 [355/599],,,,,,,,,三级
Economics of Transition and Institutional Change,2025,2577-6975/2577-6983,否,否,否,SSCI,1.3,,经济学,4 [423/765],否, ECONOMICS 经济学,4 [356/599],,,,,,,,,,,三级
INTERNATIONAL JOURNAL OF GAME THEORY,2025,0020-7276/1432-1270,否,否,否,SSCI;SCIE,0.4,,经济学,4 [424/765],否, ECONOMICS 经济学,4 [357/599]," MATHEMATICS, INTERDISCIPLINARY APPLICATIONS 数学跨学科应用",4 [85/136]," SOCIAL SCIENCES, MATHEMATICAL METHODS 社会科学：数理方法",4 [46/67], STATISTICS & PROBABILITY 统计学与概率论,4 [112/166],,,,,三级
Journal of Real Estate Research,2025,0896-5803/2691-1175,否,否,否,SSCI,1.2,,经济学,4 [425/765],否," BUSINESS, FINANCE 商业：财政与金融",4 [149/231], ECONOMICS 经济学,4 [358/599],,,,,,,,,三级
Terra Economicus,2025,2073-6606/2073-6606,否,否,否,ESCI,0.9,,经济学,4 [426/765],否, ECONOMICS 经济学,4 [359/599],,,,,,,,,,,三级
Asia-Pacific Journal of Regional Science,2025,2509-7946/2509-7954,否,否,否,ESCI,1.7,,经济学,4 [427/765],否, ECONOMICS 经济学,4 [360/599], ENVIRONMENTAL STUDIES 环境研究,4 [136/183], REGIONAL & URBAN PLANNING 区域与城市规划,4 [46/54],,,,,,,三级
Journal of Applied Economics,2025,1514-0326/1667-6726,否,否,是,SSCI,2,,经济学,4 [428/765],否, ECONOMICS 经济学,4 [361/599],,,,,,,,,,,三级
FEDERAL RESERVE BANK OF ST LOUIS REVIEW,2025,0014-9187/2163-4505,否,否,否,SSCI,1.4,,经济学,4 [429/765],否," BUSINESS, FINANCE 商业：财政与金融",4 [150/231], ECONOMICS 经济学,4 [362/599],,,,,,,,,三级
Climate Change Economics,2025,2010-0078/2010-0086,否,否,否,SSCISuppressed,2.4,,经济学,4 [430/765],否, ECONOMICS 经济学,4 [363/599], ENVIRONMENTAL STUDIES 环境研究,4 [137/183],,,,,,,,,三级
ECONOMIC AFFAIRS,2025,0265-0665/1468-0270,否,否,否,ESCI,1.8,,经济学,4 [431/765],否, ECONOMICS 经济学,4 [364/599],,,,,,,,,,,三级
Contemporary Economics,2025,2084-0845/2300-8814,否,否,是,ESCI,2.3,,经济学,4 [432/765],否, ECONOMICS 经济学,4 [366/599],,,,,,,,,,,三级
Journal of Chinese Economic and Foreign Trade Studies,2025,1754-4408/1754-4416,否,否,否,ESCI,1.6,,经济学,4 [433/765],否, ECONOMICS 经济学,4 [367/599],,,,,,,,,,,三级
Journal of European Real Estate Research,2025,1753-9269/1753-9269,否,否,否,ESCI,0.9,,经济学,4 [434/765],否," BUSINESS, FINANCE 商业：财政与金融",4 [151/231],,,,,,,,,,,三级
Journal of Economic and Administrative Sciences,2025,1026-4116/2054-6246,否,否,否,ESCI,1.7,,经济学,4 [435/765],否, ECONOMICS 经济学,4 [368/599],,,,,,,,,,,三级
Journal of Industrial and Business Economics,2025,0391-2078/1972-4977,否,否,否,ESCI,2.5,,经济学,4 [436/765],否, ECONOMICS 经济学,4 [369/599],,,,,,,,,,,三级
Asian-Pacific Economic Literature,2025,0818-9935/1467-8411,否,否,否,SSCI,0.9,,经济学,4 [437/765],否, ECONOMICS 经济学,4 [370/599],,,,,,,,,,,三级
Review of International Economics,2025,0965-7576/1467-9396,否,否,否,SSCI,1.4,,经济学,4 [438/765],否, ECONOMICS 经济学,4 [371/599],,,,,,,,,,,三级
Critical Finance Review,2025,2164-5744/2164-5760,否,否,否,ESCI,2.5,,经济学,4 [439/765],否," BUSINESS, FINANCE 商业：财政与金融",4 [152/231],,,,,,,,,,,三级
Journal of Entrepreneurship and Public Policy,2025,2045-2101/2045-211X,否,否,否,ESCI,1.7,,经济学,4 [440/765],否, ECONOMICS 经济学,4 [372/599],,,,,,,,,,,三级
Proceedings of the Institution of Civil Engineers-Urban Design and Planning,2025,1755-0793/1755-0807,否,否,否,ESCI,1.6,,经济学,4 [441/765],否, URBAN STUDIES 城市研究,4 [53/77],,,,,,,,,,,三级
Journal of Industry Competition & Trade,2025,1566-1679/1573-7012,否,否,否,ESCI,0.6,,经济学,4 [442/765],否, BUSINESS 商业：管理,4 [217/302],,,,,,,,,,,三级
Journal of South Asian Development,2025,0973-1741/0973-1733,否,否,否,SSCI,0.9,,经济学,4 [443/765],否, DEVELOPMENT STUDIES 发展研究,4 [48/63],,,,,,,,,,,三级
Journal of European Competition Law & Practice,2025,2041-7764/2041-7772,否,否,否,ESCI,1,,经济学,4 [444/765],否, LAW 法学,4 [207/427],,,,,,,,,,,三级
International Journal of E-Planning Research,2025,2160-9918/2160-9926,否,否,否,ESCI,0.5,,经济学,4 [445/765],否, REGIONAL & URBAN PLANNING 区域与城市规划,4 [47/54],,,,,,,,,,,三级
ECONOMIST-NETHERLANDS,2025,0013-063X/1572-9982,否,否,否,SSCI,2.3,,经济学,4 [446/765],否, ECONOMICS 经济学,4 [373/599],,,,,,,,,,,三级
CESifo Economic Studies,2025,1610-241X/1612-7501,否,否,否,SSCI,0.9,,经济学,4 [447/765],否, ECONOMICS 经济学,4 [374/599],,,,,,,,,,,三级
Review of Austrian Economics,2025,0889-3047/1573-7128,否,否,否,ESCI,0.4,,经济学,4 [448/765],否, EDUCATION & EDUCATIONAL RESEARCH 教育学和教育研究,4 [498/754],,,,,,,,,,,三级
International Review of Applied Economics,2025,0269-2171/1465-3486,否,否,否,ESCI,1.6,,经济学,4 [449/765],否, ECONOMICS 经济学,4 [375/599],,,,,,,,,,,三级
JOURNAL OF PORTFOLIO MANAGEMENT,2025,0095-4918/2168-8656,否,否,否,SSCI,0.6,,经济学,4 [450/765],否," BUSINESS, FINANCE 商业：财政与金融",4 [154/231],,,,,,,,,,,三级
International Review of Finance,2025,1369-412X/1468-2443,否,否,否,SSCI,2.6,,经济学,4 [451/765],否," BUSINESS, FINANCE 商业：财政与金融",4 [156/231],,,,,,,,,,,三级
Annals of Finance,2025,1614-2446/1614-2454,否,否,否,ESCI,0.7,,经济学,4 [452/765],否," BUSINESS, FINANCE 商业：财政与金融",4 [157/231],,,,,,,,,,,三级
Agricultural and Resource Economics Review,2025,1068-2805/2372-2614,否,否,是,ESCI,1.4,,经济学,4 [453/765],否, AGRICULTURAL ECONOMICS & POLICY 农业经济与政策,4 [24/39],,,,,,,,,,,三级
IET Smart Cities,2025,2631-7680/2631-7680,否,否,是,ESCI,2.3,,经济学,4 [454/765],否," COMPUTER SCIENCE, INFORMATION SYSTEMS 计算机：信息系统",4 [167/249]," ENGINEERING, ELECTRICAL & ELECTRONIC 工程：电子与电气",4 [216/352], TELECOMMUNICATIONS 电信学,4 [72/119],,,,,,,三级
International Finance,2025,1367-0271/1468-2362,否,否,否,SSCI,1.5,,经济学,4 [455/765],否," BUSINESS, FINANCE 商业：财政与金融",4 [159/231], ECONOMICS 经济学,4 [376/599],,,,,,,,,三级
Energy Efficiency,2025,1570-646X/1570-6478,否,否,否,SSCI;SCIE,4,,经济学,4 [456/765],否, ENERGY & FUELS 能源与燃料,4 [105/171], ENVIRONMENTAL STUDIES 环境研究,4 [142/183], GREEN & SUSTAINABLE SCIENCE & TECHNOLOGY 绿色可持续发展技术,4 [69/91],,,,,,,三级
World Competition,2025,1011-4548/1875-8436,否,否,否,ESCI,0.7,,经济学,4 [457/765],否, LAW 法学,4 [212/427],,,,,,,,,,,三级
Indian Journal of Labour Economics,2025,0971-7927/0019-5308,否,否,否,ESCI,1.1,,经济学,4 [458/765],否, ECONOMICS 经济学,4 [378/599], INDUSTRIAL RELATIONS & LABOR 劳动关系学,4 [37/50],,,,,,,,,三级
PSL Quarterly Review,2025,2037-3635/2037-3643,否,否,是,ESCI,0.8,,经济学,4 [459/765],否, ECONOMICS 经济学,4 [379/599],,,,,,,,,,,三级
Environmental Economics and Policy Studies,2025,1432-847X/1867-383X,否,否,否,ESCI,2.1,,经济学,4 [460/765],否, ECONOMICS 经济学,4 [380/599],,,,,,,,,,,三级
Agrekon,2025,0303-1853/2078-0400,否,否,否,SCIE,1.6,,经济学,4 [461/765],否, AGRICULTURAL ECONOMICS & POLICY 农业经济与政策,4 [25/39],,,,,,,,,,,三级
Economics-The Open Access Open-Assessment E-Journal,2025,1864-6042/1864-6042,否,否,是,SSCI,1.2,,经济学,4 [462/765],否, ECONOMICS 经济学,4 [381/599],,,,,,,,,,,三级
Quarterly Journal of Finance,2025,2010-1392/2010-1406,否,否,否,ESCI,0.4,,经济学,4 [463/765],否," BUSINESS, FINANCE 商业：财政与金融",4 [160/231],,,,,,,,,,,三级
Journal of the Asia Pacific Economy,2025,1354-7860/1469-9648,否,否,否,SSCI,1.5,,经济学,4 [464/765],否, ECONOMICS 经济学,4 [382/599],,,,,,,,,,,三级
Transformations in Business & Economics,2025,1648-4460,否,否,否,SSCI,1.6,,经济学,4 [465/765],否, BUSINESS 商业：管理,4 [220/302], ECONOMICS 经济学,4 [383/599],,,,,,,,,三级
BROOKINGS PAPERS ON ECONOMIC ACTIVITY,2025,0007-2303/1533-4465,否,否,否,SSCI,2.8,,经济学,4 [466/765],否, ECONOMICS 经济学,4 [384/599],,,,,,,,,,,三级
Journal of Demographic Economics,2025,2054-0892/2054-0906,否,否,否,SSCI,0.7,,经济学,4 [467/765],否, DEMOGRAPHY 人口学,4 [37/49], ECONOMICS 经济学,4 [385/599],,,,,,,,,三级
World Review of Political Economy,2025,2042-891X/2042-8928,否,否,是,ESCI,0.5,,经济学,4 [468/765],否, ECONOMICS 经济学,4 [386/599],,,,,,,,,,,三级
JOURNAL OF FINANCIAL RESEARCH,2025,0270-2592/1475-6803,否,否,否,SSCI,2.1,,经济学,4 [469/765],否," BUSINESS, FINANCE 商业：财政与金融",4 [161/231],,,,,,,,,,,三级
JOURNAL OF ECONOMICS AND FINANCE,2025,1055-0925/1938-9744,否,否,否,ESCI,1.5,,经济学,4 [470/765],否," BUSINESS, FINANCE 商业：财政与金融",4 [162/231], ECONOMICS 经济学,4 [387/599],,,,,,,,,三级
Pacific Economic Review,2025,1361-374X/1468-0106,否,否,否,SSCI,0.7,,经济学,4 [471/765],否, ECONOMICS 经济学,4 [388/599],,,,,,,,,,,三级
International Trade Journal,2025,0885-3908/1521-0545,否,否,否,ESCI,1.1,,经济学,4 [472/765],否, ECONOMICS 经济学,4 [389/599],,,,,,,,,,,三级
JAHRBUCHER FUR NATIONALOKONOMIE UND STATISTIK,2025,0021-4027/2366-049X,否,否,否,SSCI,1.1,,经济学,4 [473/765],否, ECONOMICS 经济学,4 [390/599]," SOCIAL SCIENCES, MATHEMATICAL METHODS 社会科学：数理方法",4 [50/67],,,,,,,,,三级
Middle East Development Journal,2025,1793-8120/1793-8171,否,否,否,ESCI,0.8,,经济学,4 [474/765],否, DEVELOPMENT STUDIES 发展研究,4 [49/63],,,,,,,,,,,三级
Economic Computation and Economic Cybernetics Studies and Research,2025,0424-267X/1842-3264,否,否,否,SSCI;SCIE,1,,经济学,4 [475/765],否, ECONOMICS 经济学,4 [391/599]," MATHEMATICS, INTERDISCIPLINARY APPLICATIONS 数学跨学科应用",4 [96/136],,,,,,,,,三级
Asian Development Review,2025,0116-1105/1996-7241,否,否,是,ESCI,1.1,,经济学,4 [476/765],否, DEVELOPMENT STUDIES 发展研究,4 [50/63], ECONOMICS 经济学,4 [392/599],,,,,,,,,三级
MATHEMATICAL SOCIAL SCIENCES,2025,0165-4896/1879-3118,否,否,否,SSCI;SCIE,0.7,,经济学,4 [477/765],否, ECONOMICS 经济学,4 [393/599]," MATHEMATICS, INTERDISCIPLINARY APPLICATIONS 数学跨学科应用",4 [97/136]," SOCIAL SCIENCES, MATHEMATICAL METHODS 社会科学：数理方法",4 [52/67],,,,,,,三级
Journal of Antitrust Enforcement,2025,2050-0688/2050-0696,否,否,否,ESCI,1.1,,经济学,4 [478/765],否, LAW 法学,4 [223/427],,,,,,,,,,,三级
ENERGY JOURNAL,2025,0195-6574/1944-9089,否,否,否,SSCI;SCIE,2.4,,经济学,4 [479/765],否, ECONOMICS 经济学,4 [394/599], ENERGY & FUELS 能源与燃料,4 [110/171], ENVIRONMENTAL STUDIES 环境研究,4 [146/183],,,,,,,三级
Games,2025,2073-4336/2073-4336,否,否,是,ESCI,0.5,,经济学,4 [480/765],否, ECONOMICS 经济学,4 [395/599]," MATHEMATICS, INTERDISCIPLINARY APPLICATIONS 数学跨学科应用",4 [98/136]," SOCIAL SCIENCES, MATHEMATICAL METHODS 社会科学：数理方法",4 [53/67],,,,,,,三级
Organizations and Markets in Emerging Economies,2025,2029-4581/2345-0037,否,否,是,ESCI,1,,经济学,4 [481/765],否, ECONOMICS 经济学,4 [396/599],,,,,,,,,,,三级
ENVIRONMENT AND DEVELOPMENT ECONOMICS,2025,1355-770X/1469-4395,否,否,否,SSCI,1.5,,经济学,4 [482/765],否, ECONOMICS 经济学,4 [397/599], ENVIRONMENTAL STUDIES 环境研究,4 [147/183],,,,,,,,,三级
Journal of Agriculture Food Systems and Community Development,2025,2152-0798/2152-0801,否,否,是,ESCI,1.8,,经济学,4 [483/765],否, AGRICULTURAL ECONOMICS & POLICY 农业经济与政策,4 [26/39], DEVELOPMENT STUDIES 发展研究,4 [51/63],,,,,,,,,三级
Journal of Insurance Issues,2025,1531-6076/2332-4244,否,否,否,ESCI,0.4,,经济学,4 [484/765],否," BUSINESS, FINANCE 商业：财政与金融",4 [164/231],,,,,,,,,,,三级
AUSTRALIAN ECONOMIC PAPERS,2025,0004-900X/1467-8454,否,否,否,SSCI,1.7,,经济学,4 [485/765],否, ECONOMICS 经济学,4 [398/599],,,,,,,,,,,三级
LAND ECONOMICS,2025,0023-7639/1543-8325,否,否,否,SSCI,1.6,,经济学,4 [486/765],否, ECONOMICS 经济学,4 [399/599], ENVIRONMENTAL STUDIES 环境研究,4 [148/183],,,,,,,,,三级
Financial Markets and Portfolio Management,2025,1934-4554/2373-8529,否,否,否,ESCI,1.8,,经济学,4 [487/765],否," BUSINESS, FINANCE 商业：财政与金融",4 [165/231],,,,,,,,,,,三级
Iberian Journal of the History of Economic Thought,2025,2386-5768/2386-5768,否,否,是,ESCI,0.1,,经济学,4 [488/765],否, ECONOMICS 经济学,4 [400/599], HISTORY 历史学,4 [322/523], HISTORY OF SOCIAL SCIENCES 社会科学史,4 [36/42],,,,,,,三级
Journal of Financial Management of Property and Construction,2025,1366-4387/1759-8443,否,否,否,ESCI,1.9,,经济学,4 [489/765],否," BUSINESS, FINANCE 商业：财政与金融",4 [167/231],,,,,,,,,,,三级
Voprosy Ekonomiki,2025,0042-8736/0042-8736,否,否,否,ESCI,0.5,,经济学,4 [490/765],否, ECONOMICS 经济学,4 [401/599],,,,,,,,,,,三级
MANCHESTER SCHOOL,2025,1463-6786/1467-9957,否,否,否,SSCI,1.1,,经济学,4 [491/765],否, ECONOMICS 经济学,4 [402/599],,,,,,,,,,,三级
SCOTTISH JOURNAL OF POLITICAL ECONOMY,2025,0036-9292/1467-9485,否,否,否,SSCI,1.2,,经济学,4 [492/765],否, ECONOMICS 经济学,4 [404/599], POLITICAL SCIENCE 政治学,4 [251/317],,,,,,,,,三级
Australian Economic Review,2025,0004-9018/1467-8462,否,否,否,SSCI,1,,经济学,4 [493/765],否, ECONOMICS 经济学,4 [405/599],,,,,,,,,,,三级
SOCIAL CHOICE AND WELFARE,2025,0176-1714/1432-217X,否,否,否,SSCI,0.8,,经济学,4 [494/765],否, ECONOMICS 经济学,4 [406/599]," SOCIAL SCIENCES, MATHEMATICAL METHODS 社会科学：数理方法",4 [54/67],,,,,,,,,三级
Economic Theory Bulletin,2025,2196-1085/2196-1093,否,否,否,ESCI,0.5,,经济学,4 [495/765],否, ECONOMICS 经济学,4 [408/599],,,,,,,,,,,三级
Research in Economics,2025,1090-9443/1090-9451,否,否,否,ESCI,1.3,,经济学,4 [496/765],否, ECONOMICS 经济学,4 [409/599],,,,,,,,,,,三级
Oeconomia-History Methodology Philosophy,2025,2113-5207/2269-8450,否,否,是,ESCI,0.5,,经济学,4 [497/765],否, ECONOMICS 经济学,4 [410/599],,,,,,,,,,,三级
Agricultural and Resource Economics-International Scientific E-Journal,2025,2414-584X/2414-584X,否,否,是,ESCI,1.1,,经济学,4 [498/765],否, AGRICULTURAL ECONOMICS & POLICY 农业经济与政策,4 [27/39], ECONOMICS 经济学,4 [411/599],,,,,,,,,三级
Economic Papers,2025,0812-0439/1759-3441,否,否,否,ESCI,0.9,,经济学,4 [499/765],否, ECONOMICS 经济学,4 [412/599],,,,,,,,,,,三级
European Actuarial Journal,2025,2190-9733/2190-9741,否,否,否,ESCI,1.6,,经济学,4 [500/765],否," BUSINESS, FINANCE 商业：财政与金融",4 [169/231], STATISTICS & PROBABILITY 统计学与概率论,4 [131/166],,,,,,,,,三级
Hacienda Publica Espanola-Review of Public Economics,2025,0210-1173/2386-4176,否,否,否,SSCI,0.5,,经济学,4 [501/765],否, ECONOMICS 经济学,4 [413/599],,,,,,,,,,,三级
Geneva Risk and Insurance Review,2025,1554-964X/1554-9658,否,否,否,SSCI,1,,经济学,4 [502/765],否," BUSINESS, FINANCE 商业：财政与金融",4 [170/231], ECONOMICS 经济学,4 [414/599],,,,,,,,,三级
disP,2025,0251-3625/2166-8604,否,否,否,SSCI,0.6,,经济学,4 [503/765],否, REGIONAL & URBAN PLANNING 区域与城市规划,4 [48/54],,,,,,,,,,,三级
Journal of Financial Economic Policy,2025,1757-6385/1757-6393,否,否,否,ESCI,1.8,,经济学,4 [504/765],否, ECONOMICS 经济学,4 [415/599],,,,,,,,,,,三级
Asia-Pacific Journal of Financial Studies,2025,2041-9945/2041-6156,否,否,否,SSCI,1.5,,经济学,4 [505/765],否," BUSINESS, FINANCE 商业：财政与金融",4 [171/231],,,,,,,,,,,三级
Journal of Development Effectiveness,2025,1943-9342/1943-9407,否,否,否,SSCI,0.5,,经济学,4 [506/765],否, DEVELOPMENT STUDIES 发展研究,4 [53/63],,,,,,,,,,,三级
International Food and Agribusiness Management Review,2025,1559-2448/1559-2448,否,否,是,SCIE,1.5,,经济学,4 [507/765],否, AGRICULTURAL ECONOMICS & POLICY 农业经济与政策,4 [28/39],,,,,,,,,,,三级
THEORY AND DECISION,2025,0040-5833/1573-7187,否,否,否,SSCI,0.6,,经济学,4 [508/765],否, ECONOMICS 经济学,4 [416/599]," SOCIAL SCIENCES, MATHEMATICAL METHODS 社会科学：数理方法",4 [55/67],,,,,,,,,三级
Investment Analysts Journal,2025,1029-3523/2077-0227,否,否,否,SSCI,2.2,,经济学,4 [509/765],否," BUSINESS, FINANCE 商业：财政与金融",4 [173/231],,,,,,,,,,,三级
Journal of Social and Economic Development,2025,0972-5792/2199-6873,否,否,否,ESCI,1,,经济学,4 [510/765],否, DEVELOPMENT STUDIES 发展研究,4 [54/63], ECONOMICS 经济学,4 [417/599],,,,,,,,,三级
B E Journal of Economic Analysis & Policy,2025,2194-6108/1935-1682,否,否,否,SSCI,0.8,,经济学,4 [511/765],否, ECONOMICS 经济学,4 [418/599],,,,,,,,,,,三级
MONTHLY LABOR REVIEW,2025,0098-1818/1937-4658,否,否,否,SSCI,1.5,,经济学,4 [512/765],否, INDUSTRIAL RELATIONS & LABOR 劳动关系学,4 [42/50],,,,,,,,,,,三级
Econometrics,2025,2225-1146/2225-1146,否,否,是,ESCI,1.4,,经济学,4 [513/765],否, ECONOMICS 经济学,4 [420/599],,,,,,,,,,,三级
JOURNAL OF TRANSPORT ECONOMICS AND POLICY,2025,0022-5258/1754-5951,否,否,否,SSCI,0.9,,经济学,4 [514/765],否, ECONOMICS 经济学,4 [421/599], TRANSPORTATION 交通运输,4 [48/58],,,,,,,,,三级
Revista INVI,2025,0718-1299/0718-8358,否,否,是,ESCI,1.1,,经济学,4 [515/765],否, URBAN STUDIES 城市研究,4 [55/77],,,,,,,,,,,三级
Development Southern Africa,2025,0376-835X/1470-3637,否,否,否,SSCI,1.3,,经济学,4 [516/765],否, DEVELOPMENT STUDIES 发展研究,4 [55/63],,,,,,,,,,,三级
Journal of Southeast Asian Economies,2025,2339-5095/2339-5206,否,否,否,ESCI,0.8,,经济学,4 [517/765],否, ECONOMICS 经济学,4 [422/599],,,,,,,,,,,三级
Journal of Futures Studies,2025,1027-6084/1027-6084,否,否,否,ESCI,1.3,,经济学,4 [518/765],否, REGIONAL & URBAN PLANNING 区域与城市规划,4 [49/54],,,,,,,,,,,三级
RISK MANAGEMENT AND INSURANCE REVIEW,2025,1098-1616/1540-6296,否,否,否,ESCI,1.4,,经济学,4 [519/765],否," BUSINESS, FINANCE 商业：财政与金融",4 [175/231], ECONOMICS 经济学,4 [423/599],,,,,,,,,三级
Development in Practice,2025,0961-4524/1364-9213,否,否,否,ESCI,1.4,,经济学,4 [520/765],否, DEVELOPMENT STUDIES 发展研究,4 [56/63],,,,,,,,,,,三级
Housing Care and Support,2025,1460-8790/2042-8375,否,否,否,ESCI,0.6,,经济学,4 [521/765],否, URBAN STUDIES 城市研究,4 [56/77],,,,,,,,,,,三级
Evolutionary and Institutional Economics Review,2025,1349-4961/2188-2096,否,否,否,ESCI,0.5,,经济学,4 [522/765],否, ECONOMICS 经济学,4 [425/599],,,,,,,,,,,三级
Review of Regional Studies,2025,0048-749X/1553-0892,否,否,是,ESCI,0.4,,经济学,4 [523/765],否, ECONOMICS 经济学,4 [426/599],,,,,,,,,,,三级
Intertax,2025,0165-2826/1875-8347,否,否,否,ESCI,1.2,,经济学,4 [524/765],否, LAW 法学,4 [243/427],,,,,,,,,,,三级
Econometric Reviews,2025,0747-4938/1532-4168,否,否,否,SSCI;SCIE,1,,经济学,4 [525/765],否, ECONOMICS 经济学,4 [427/599]," MATHEMATICS, INTERDISCIPLINARY APPLICATIONS 数学跨学科应用",4 [110/136]," SOCIAL SCIENCES, MATHEMATICAL METHODS 社会科学：数理方法",4 [56/67], STATISTICS & PROBABILITY 统计学与概率论,4 [139/166],,,,,三级
Journal of Derivatives,2025,1074-1240/2168-8524,否,否,否,SSCI,0.5,,经济学,4 [526/765],否," BUSINESS, FINANCE 商业：财政与金融",4 [176/231],,,,,,,,,,,三级
MACROECONOMIC DYNAMICS,2025,1365-1005/1469-8056,否,否,否,SSCI,0.8,,经济学,4 [527/765],否, ECONOMICS 经济学,4 [428/599],,,,,,,,,,,三级
APPLIED ECONOMICS LETTERS,2025,1350-4851/1466-4291,否,否,否,SSCI,1.3,,经济学,4 [528/765],否, ECONOMICS 经济学,4 [429/599],,,,,,,,,,,三级
Forum for Social Economics,2025,0736-0932/1874-6381,否,否,否,ESCI,1.2,,经济学,4 [529/765],否, ECONOMICS 经济学,4 [430/599],,,,,,,,,,,三级
JOURNAL OF QUANTITATIVE ECONOMICS,2025,0971-1554/2364-1045,否,否,否,ESCI,0.6,,经济学,4 [530/765],否, ECONOMICS 经济学,4 [432/599],,,,,,,,,,,三级
INTERNATIONAL ECONOMIC JOURNAL,2025,1016-8737/1743-517X,否,否,否,ESCI,1.2,,经济学,4 [531/765],否, ECONOMICS 经济学,4 [434/599],,,,,,,,,,,三级
Journal of Environmental Economics and Policy,2025,2160-6544/2160-6552,否,否,否,ESCI,1.2,,经济学,4 [532/765],否, ENVIRONMENTAL STUDIES 环境研究,4 [151/183],,,,,,,,,,,三级
Scientific Annals of Economics and Business,2025,2501-1960/2501-3165,否,否,是,ESCI,0.8,,经济学,4 [533/765],否, ECONOMICS 经济学,4 [435/599],,,,,,,,,,,三级
Decisions in Economics and Finance,2025,1593-8883/1129-6569,否,否,否,ESCI,0.7,,经济学,4 [534/765],否," SOCIAL SCIENCES, MATHEMATICAL METHODS 社会科学：数理方法",4 [59/67],,,,,,,,,,,三级
New Zealand Economic Papers,2025,0077-9954/1943-4863,否,否,否,ESCI,0.7,,经济学,4 [535/765],否, ECONOMICS 经济学,4 [436/599],,,,,,,,,,,三级
Homo Oeconomicus-Journal of Behavioral and Institutional Economics,2025,0943-0180/2366-6161,否,否,否,ESCI,0.4,,经济学,4 [536/765],否, ECONOMICS 经济学,4 [437/599],,,,,,,,,,,三级
ACTA OECONOMICA,2025,0001-6373/1588-2659,否,否,否,SSCI,0.7,,经济学,4 [537/765],否, ECONOMICS 经济学,4 [438/599],,,,,,,,,,,三级
EURE-REVISTA LATINOAMERICANA DE ESTUDIOS URBANO REGIONALES,2025,0250-7161/0717-6236,否,否,是,SSCI,1.1,,经济学,4 [538/765],否, URBAN STUDIES 城市研究,4 [57/77],,,,,,,,,,,三级
Eastern Economic Journal,2025,0094-5056/1939-4632,否,否,否,ESCI,0.5,,经济学,4 [539/765],否, ECONOMICS 经济学,4 [439/599],,,,,,,,,,,三级
REVUE D ECONOMIE POLITIQUE,2025,0373-2630/2105-2883,否,否,否,SSCI,0.5,,经济学,4 [540/765],否, ECONOMICS 经济学,4 [440/599], POLITICAL SCIENCE 政治学,4 [262/317],,,,,,,,,三级
SCANDINAVIAN ECONOMIC HISTORY REVIEW,2025,0358-5522/1750-2837,否,否,否,ESCI,1,,经济学,4 [541/765],否, ECONOMICS 经济学,4 [441/599],,,,,,,,,,,三级
Scientific Papers of the University of Pardubice-Series D-Faculty of Economics and Administration,2025,1211-555X/1804-8048,否,否,是,ESCI,1.1,,经济学,4 [542/765],否, BUSINESS 商业：管理,4 [235/302], ECONOMICS 经济学,4 [442/599], MANAGEMENT 管理学,4 [318/404],,,,,,,三级
Data Science in Finance and Economics,2025,2769-2140/2769-2140,否,否,是,ESCI,2.2,,经济学,4 [543/765],否," BUSINESS, FINANCE 商业：财政与金融",4 [182/231], ECONOMICS 经济学,4 [443/599]," SOCIAL SCIENCES, MATHEMATICAL METHODS 社会科学：数理方法",4 [61/67],,,,,,,三级
Journal of Institutional Studies,2025,2076-6297/2412-6039,否,否,是,ESCI,0.5,,经济学,4 [544/765],否, ECONOMICS 经济学,4 [444/599],,,,,,,,,,,三级
PUBLIC FINANCE REVIEW,2025,1091-1421/1552-7530,否,否,否,ESCI,1,,经济学,4 [545/765],否, ECONOMICS 经济学,4 [445/599],,,,,,,,,,,三级
Journal of Economic Interaction and Coordination,2025,1860-711X/1860-7128,否,否,否,SSCI,1,,经济学,4 [546/765],否, ECONOMICS 经济学,4 [446/599],,,,,,,,,,,三级
Review of Economic Design,2025,1434-4742/1434-4750,否,否,否,SSCI,0.5,,经济学,4 [547/765],否, ECONOMICS 经济学,4 [447/599],,,,,,,,,,,三级
Journal of Public Finance and Public Choice,2025,2515-6918/2515-6926,否,否,否,ESCI,0.9,,经济学,4 [548/765],否, ECONOMICS 经济学,4 [448/599], POLITICAL SCIENCE 政治学,4 [264/317],,,,,,,,,三级
Economic Systems Research,2025,0953-5314/1469-5758,否,否,否,SSCI,1.6,,经济学,4 [549/765],否, ECONOMICS 经济学,4 [449/599],,,,,,,,,,,三级
BULLETIN OF ECONOMIC RESEARCH,2025,0307-3378/1467-8586,否,否,否,SSCI,1.2,,经济学,4 [550/765],否, ECONOMICS 经济学,4 [450/599],,,,,,,,,,,三级
New Medit,2025,1594-5685/2611-1128,否,否,是,SCIE,1.4,,经济学,4 [551/765],否, AGRICULTURAL ECONOMICS & POLICY 农业经济与政策,4 [29/39]," AGRICULTURE, MULTIDISCIPLINARY 农业综合",4 [39/88],,,,,,,,,三级
CIRIEC-Espana Revista de Economia Publica Social y Cooperativa,2025,0213-8093/1989-6816,否,否,否,ESCI,1.4,,经济学,4 [552/765],否, ECONOMICS 经济学,4 [451/599],,,,,,,,,,,三级
Margin-Journal of Applied Economic Research,2025,0973-8010/0973-8029,否,否,否,ESCI,0.3,,经济学,4 [553/765],否, ECONOMICS 经济学,4 [452/599],,,,,,,,,,,三级
International Journal of Theoretical and Applied Finance,2025,0219-0249/1793-6322,否,否,否,ESCI,0.4,,经济学,4 [554/765],否," BUSINESS, FINANCE 商业：财政与金融",4 [183/231],,,,,,,,,,,三级
ATLANTIC ECONOMIC JOURNAL,2025,0197-4254/1573-9678,否,否,否,ESCI,0.8,,经济学,4 [555/765],否, ECONOMICS 经济学,4 [453/599],,,,,,,,,,,三级
European Journal of Economics and Economic Policies-Intervention,2025,2052-7764/2052-7772,否,否,否,ESCI,1.4,,经济学,4 [556/765],否, ECONOMICS 经济学,4 [454/599],,,,,,,,,,,三级
Energy Sources Part B-Economics Planning and Policy,2025,1556-7249/1556-7257,否,否,否,SCIE,2.2,,经济学,4 [557/765],否, ENERGY & FUELS 能源与燃料,4 [125/171],,,,,,,,,,,三级
Ciudad y Territorio-Estudios Territoriales-CyTET,2025,1133-4762,否,否,否,ESCI,0.7,,经济学,4 [558/765],否, URBAN STUDIES 城市研究,4 [58/77],,,,,,,,,,,三级
Revista Economia,2025,0254-4415/2304-4306,否,否,是,ESCI,0.3,,经济学,4 [559/765],否, ECONOMICS 经济学,4 [455/599],,,,,,,,,,,三级
International Journal of Economic Theory,2025,1742-7355/1742-7363,否,否,否,SSCI,0.7,,经济学,4 [560/765],否, ECONOMICS 经济学,4 [456/599],,,,,,,,,,,三级
Global Economy Journal,2025,2194-5659/1553-5304,否,否,否,ESCI,1,,经济学,4 [561/765],否, ECONOMICS 经济学,4 [457/599],,,,,,,,,,,三级
Aestimum,2025,1592-6117/1724-2118,否,否,是,ESCI,2.2,,经济学,4 [562/765],否, ECONOMICS 经济学,4 [458/599],,,,,,,,,,,三级
Journal of Planning History,2025,1538-5132/1552-6585,否,否,否,ESCI,0.4,,经济学,4 [563/765],否, REGIONAL & URBAN PLANNING 区域与城市规划,4 [50/54],,,,,,,,,,,三级
Economic Notes,2025,0391-5026/1468-0300,否,否,否,ESCI,1.4,,经济学,4 [564/765],否, ECONOMICS 经济学,4 [459/599],,,,,,,,,,,三级
FinanzArchiv-European Journal of Public Finance,2025,0015-2218/1614-0974,否,否,否,SSCI,0.3,,经济学,4 [565/765],否," BUSINESS, FINANCE 商业：财政与金融",4 [184/231], ECONOMICS 经济学,4 [461/599],,,,,,,,,三级
Real Estate Management and Valuation,2025,1733-2478/2300-5289,否,否,是,ESCI,1.1,,经济学,4 [566/765],否," BUSINESS, FINANCE 商业：财政与金融",4 [185/231], MANAGEMENT 管理学,4 [323/404],,,,,,,,,三级
Korean Economic Review,2025,0254-3737,否,否,否,SSCI,0.3,,经济学,4 [567/765],否, ECONOMICS 经济学,4 [462/599],,,,,,,,,,,三级
Review of Network Economics,2025,2194-5993/1446-9022,否,否,否,SSCI,0.2,,经济学,4 [568/765],否, ECONOMICS 经济学,4 [463/599],,,,,,,,,,,三级
Economics of Energy & Environmental Policy,2025,2160-5882/2160-5890,否,否,否,SSCI,1.2,,经济学,4 [569/765],否, ECONOMICS 经济学,4 [464/599], ENVIRONMENTAL STUDIES 环境研究,4 [158/183],,,,,,,,,三级
IDS BULLETIN-INSTITUTE OF DEVELOPMENT STUDIES,2025,0265-5012/1759-5436,否,否,否,SSCI,0.6,,经济学,4 [570/765],否, AREA STUDIES 地域研究,4 [144/174], DEVELOPMENT STUDIES 发展研究,4 [57/63],,,,,,,,,三级
Economic Journal of Emerging Markets,2025,2086-3128/2502-180X,否,否,是,ESCI,0.7,,经济学,4 [571/765],否, ECONOMICS 经济学,4 [465/599],,,,,,,,,,,三级
Independent Review,2025,1086-1653/2169-3420,否,否,否,SSCI,0.2,,经济学,4 [572/765],否, ECONOMICS 经济学,4 [466/599], POLITICAL SCIENCE 政治学,4 [272/317],,,,,,,,,三级
Economic and Social Changes-Facts Trends Forecast,2025,2307-0331/2312-9824,否,否,是,ESCI,0.3,,经济学,4 [573/765],否, ECONOMICS 经济学,4 [467/599],,,,,,,,,,,三级
Review of Economic Analysis,2025,1973-3909/1973-3909,否,否,是,ESCI,0.5,,经济学,4 [574/765],否, ECONOMICS 经济学,4 [468/599],,,,,,,,,,,三级
Business Management and Economics Engineering,2025,2669-2481/2669-249X,否,否,是,ESCI,1.6,,经济学,4 [575/765],否, BUSINESS 商业：管理,4 [237/302], ECONOMICS 经济学,4 [469/599], MANAGEMENT 管理学,4 [328/404],,,,,,,三级
De Computis-Revista Espanola de Historia de la Contabilidad,2025,1886-1881/1886-1881,否,否,是,ESCI,0.1,,经济学,4 [576/765],否," BUSINESS, FINANCE 商业：财政与金融",4 [187/231],,,,,,,,,,,三级
Macroeconomics and Finance in Emerging Market Economies,2025,1752-0843/1752-0851,否,否,否,ESCI,1.1,,经济学,4 [577/765],否, ECONOMICS 经济学,4 [471/599],,,,,,,,,,,三级
International Advances in Economic Research,2025,1083-0898/1573-966X,否,否,否,ESCI,0.7,,经济学,4 [578/765],否, ECONOMICS 经济学,4 [472/599],,,,,,,,,,,三级
Town and Regional Planning,2025,1012-280X/2415-0495,否,否,是,ESCI,0.9,,经济学,4 [579/765],否, REGIONAL & URBAN PLANNING 区域与城市规划,4 [51/54],,,,,,,,,,,三级
Letters in Spatial and Resource Sciences,2025,1864-4031/1864-404X,否,否,否,ESCI,1.1,,经济学,4 [580/765],否, GEOGRAPHY 地理学,4 [115/171],,,,,,,,,,,三级
International Journal of Knowledge-Based Development,2025,2040-4468/2040-4476,否,否,否,ESCI,0.3,,经济学,4 [581/765],否, URBAN STUDIES 城市研究,4 [59/77],,,,,,,,,,,三级
International Review of Environmental and Resource Economics,2025,1932-1465/1932-1473,是,否,否,ESCI,1.1,,经济学,4 [582/765],否, ECONOMICS 经济学,4 [473/599],,,,,,,,,,,三级
Boletin de la Asociacion Internacional de Derecho Cooperativo-International Association of Cooperative Law Journal,2025,1134-993X/2386-4893,否,否,是,ESCI,0.3,,经济学,4 [583/765],否, LAW 法学,4 [302/427],,,,,,,,,,,三级
B E Journal of Macroeconomics,2025,2194-6116/1935-1690,否,否,否,SSCI,0.5,,经济学,4 [584/765],否, ECONOMICS 经济学,4 [474/599],,,,,,,,,,,三级
Review of Development Finance,2025,1879-9337/1879-9337,否,否,否,ESCI,0.3,,经济学,4 [585/765],否," BUSINESS, FINANCE 商业：财政与金融",4 [189/231],,,,,,,,,,,三级
Economics and Business Letters,2025,2254-4380/2254-4380,否,否,否,ESCI,0.7,,经济学,4 [586/765],否, ECONOMICS 经济学,4 [475/599],,,,,,,,,,,三级
SINGAPORE ECONOMIC REVIEW,2025,0217-5908/1793-6837,否,否,否,SSCI,1.2,,经济学,4 [587/765],否, ECONOMICS 经济学,4 [476/599],,,,,,,,,,,三级
Journal of Investing,2025,1068-0896/2168-8613,否,否,否,ESCI,0.4,,经济学,4 [588/765],否," BUSINESS, FINANCE 商业：财政与金融",4 [190/231],,,,,,,,,,,三级
East Asian Economic Review,2025,2508-1640/2508-1667,否,否,是,ESCI,0.4,,经济学,4 [589/765],否, ECONOMICS 经济学,4 [478/599],,,,,,,,,,,三级
Economists Voice,2025,2194-6167/1553-3832,否,否,否,ESCI,0.9,,经济学,4 [590/765],否, ECONOMICS 经济学,4 [479/599],,,,,,,,,,,三级
Romanian Journal of Economic Forecasting,2025,1582-6163/2537-6071,否,否,否,SSCI,1,,经济学,4 [591/765],否, ECONOMICS 经济学,4 [480/599],,,,,,,,,,,三级
Latin American Economic Review,2025,2198-3526/2196-436X,否,否,是,SSCI,,,经济学,4 [592/765],否, ECONOMICS 经济学,4 [481/599],,,,,,,,,,,三级
Water Economics and Policy,2025,2382-624X/2382-6258,否,否,否,SSCI;SCIE,1.3,,经济学,4 [593/765],否, ECONOMICS 经济学,4 [482/599], ENVIRONMENTAL STUDIES 环境研究,4 [162/183], WATER RESOURCES 水资源,4 [98/124],,,,,,,三级
REVESCO-Revista de Estudios Cooperativos,2025,1885-8031/1135-6618,否,否,是,ESCI,0.9,,经济学,4 [594/765],否, ECONOMICS 经济学,4 [483/599],,,,,,,,,,,三级
Panoeconomicus,2025,1452-595X/2217-2386,否,否,是,SSCI,0.8,,经济学,4 [595/765],否, ECONOMICS 经济学,4 [484/599],,,,,,,,,,,三级
B E Journal of Theoretical Economics,2025,2194-6124/1935-1704,否,否,否,SSCI,0.5,,经济学,4 [596/765],否, ECONOMICS 经济学,4 [485/599],,,,,,,,,,,三级
International Studies of Economics,2025,2831-3224/2831-3224,否,否,是,ESCI,0.5,,经济学,4 [597/765],否, ECONOMICS 经济学,4 [486/599],,,,,,,,,,,三级
STUDIES IN NONLINEAR DYNAMICS AND ECONOMETRICS,2025,1081-1826/1558-3708,否,否,否,SSCI,0.9,,经济学,4 [598/765],否, ECONOMICS 经济学,4 [487/599]," SOCIAL SCIENCES, MATHEMATICAL METHODS 社会科学：数理方法",4 [65/67],,,,,,,,,三级
Retos-Revista de Ciencias de la Administracion y Economia,2025,1390-6291/1390-8618,否,否,是,ESCI,1.6,,经济学,4 [599/765],否, ECONOMICS 经济学,4 [488/599],,,,,,,,,,,三级
Chinese Journal of Urban and Environmental Studies,2025,2345-7481/2345-752X,否,否,是,ESCI,1.2,,经济学,4 [600/765],否, URBAN STUDIES 城市研究,4 [60/77],,,,,,,,,,,三级
Central European Journal of Economic Modelling and Econometrics,2025,2080-0886/2080-119X,否,否,否,ESCI,0.3,,经济学,4 [601/765],否, ECONOMICS 经济学,4 [489/599],,,,,,,,,,,三级
Journal of International Commerce Economics and Policy,2025,1793-9933/1793-9941,否,否,否,ESCI,1.5,,经济学,4 [602/765],否, ECONOMICS 经济学,4 [490/599],,,,,,,,,,,三级
Prague Economic Papers,2025,1210-0455/2336-730X,否,否,否,SSCI,1,,经济学,4 [603/765],否, ECONOMICS 经济学,4 [491/599],,,,,,,,,,,三级
Ekonomika Poljoprivreda-Economics of Agriculture,2025,0352-3462/0352-3462,否,否,是,ESCI,0.7,,经济学,4 [604/765],否, AGRICULTURAL ECONOMICS & POLICY 农业经济与政策,4 [30/39],,,,,,,,,,,三级
Studies in Agricultural Economics,2025,1418-2106/2063-0476,否,否,是,ESCI,1,,经济学,4 [605/765],否, AGRICULTURAL ECONOMICS & POLICY 农业经济与政策,4 [31/39],,,,,,,,,,,三级
Review of Agrarian Studies,2025,2249-4405/2248-9002,否,否,否,ESCI,0.5,,经济学,4 [606/765],否, DEVELOPMENT STUDIES 发展研究,4 [58/63],,,,,,,,,,,三级
Territorios,2025,0123-8418/2215-7484,否,否,是,ESCI,0.5,,经济学,4 [607/765],否, URBAN STUDIES 城市研究,4 [61/77],,,,,,,,,,,三级
ENGINEERING ECONOMIST,2025,0013-791X/1547-2701,否,否,否,SSCI;SCIE,1.2,,经济学,4 [608/765],否, BUSINESS 商业：管理,4 [252/302]," ENGINEERING, INDUSTRIAL 工程：工业",4 [60/70], MANAGEMENT 管理学,4 [343/404], OPERATIONS RESEARCH & MANAGEMENT SCIENCE 运筹学与管理科学,4 [99/106],,,,,三级
Seoul Journal of Economics,2025,1225-0279/1225-0279,否,否,否,ESCI,0.2,,经济学,4 [609/765],否, ECONOMICS 经济学,4 [492/599],,,,,,,,,,,三级
Estudios Gerenciales,2025,0123-5923/0123-5923,否,否,是,ESCI,0.8,,经济学,4 [610/765],否, ECONOMICS 经济学,4 [494/599],,,,,,,,,,,三级
Indian Growth and Development Review,2025,1753-8254/1753-8262,否,否,否,ESCI,1,,经济学,4 [611/765],否, DEVELOPMENT STUDIES 发展研究,4 [59/63],,,,,,,,,,,三级
History of Economic Thought and Policy,2025,2240-9971/2280-188X,否,否,否,ESCI,0.2,,经济学,4 [612/765],否, ECONOMICS 经济学,4 [495/599],,,,,,,,,,,三级
Zhurnal Novaya Ekonomicheskaya Assotsiatsiya-Journal of the New Economic Association,2025,2221-2264/2221-2264,否,否,否,ESCI,0.3,,经济学,4 [613/765],否, ECONOMICS 经济学,4 [496/599],,,,,,,,,,,三级
Investigacion Economica,2025,0185-1667,否,否,否,SSCI,0.6,,经济学,4 [614/765],否, ECONOMICS 经济学,4 [497/599],,,,,,,,,,,三级
Bitacora Urbano Territorial,2025,0124-7913/2027-145X,否,否,是,ESCI,0.4,,经济学,4 [615/765],否, URBAN STUDIES 城市研究,4 [62/77],,,,,,,,,,,三级
REVUE D ETUDES COMPARATIVES EST-OUEST,2025,0338-0599,否,否,否,SSCI,0.2,,经济学,4 [616/765],否, ECONOMICS 经济学,4 [498/599],,,,,,,,,,,三级
Nodo,2025,1909-3888/2346-092X,否,否,是,ESCI,<0.1,,经济学,4 [617/765],否, URBAN STUDIES 城市研究,4 [63/77],,,,,,,,,,,三级
Journal of Structured Finance,2025,1551-9783/2374-1325,否,否,否,ESCI,0.1,,经济学,4 [618/765],否," BUSINESS, FINANCE 商业：财政与金融",4 [192/231],,,,,,,,,,,三级
JOURNAL OF INSTITUTIONAL AND THEORETICAL ECONOMICS-ZEITSCHRIFT FUR DIE GESAMTE STAATSWISSENSCHAFT,2025,0932-4569/1614-0559,否,否,否,SSCI,0.2,,经济学,4 [619/765],否, ECONOMICS 经济学,4 [499/599],,,,,,,,,,,三级
Econ Journal Watch,2025,1933-527X/1933-527X,否,否,否,SSCI,0.6,,经济学,4 [620/765],否, ECONOMICS 经济学,4 [501/599],,,,,,,,,,,三级
Perspectives on Global Development and Technology,2025,1569-1500/1569-1497,否,否,否,ESCI,0.4,,经济学,4 [621/765],否, DEVELOPMENT STUDIES 发展研究,4 [60/63],,,,,,,,,,,三级
South Asian Journal of Macroeconomics and Public Finance,2025,2277-9787/2321-0273,否,否,否,ESCI,0.3,,经济学,4 [622/765],否, ECONOMICS 经济学,4 [502/599],,,,,,,,,,,三级
REICE-Revista Electronica de Investigacion en Ciencias Economicas,2025,2308-782X/2308-782X,否,否,否,ESCI,0.5,,经济学,4 [623/765],否, ECONOMICS 经济学,4 [503/599],,,,,,,,,,,三级
Croatian Economic Survey,2025,1330-4860/1846-3878,否,否,是,ESCI,0.5,,经济学,4 [624/765],否, ECONOMICS 经济学,4 [504/599],,,,,,,,,,,三级
Algorithmic Finance,2025,2158-5571/2157-6203,否,否,否,ESCI,0.2,,经济学,4 [625/765],否," BUSINESS, FINANCE 商业：财政与金融",4 [193/231],,,,,,,,,,,三级
Etikonomi,2025,1412-8969/2461-0771,否,否,是,ESCI,0.6,,经济学,4 [626/765],否, ECONOMICS 经济学,4 [505/599],,,,,,,,,,,三级
Argumenta Oeconomica,2025,1233-5835/2720-5088,否,否,否,SSCI,0.5,,经济学,4 [627/765],否, ECONOMICS 经济学,4 [506/599],,,,,,,,,,,三级
Investigaciones Regionales-Journal of Regional Research,2025,1695-7253/2340-2717,否,否,是,ESCI,1.3,,经济学,4 [628/765],否, ECONOMICS 经济学,4 [507/599],,,,,,,,,,,三级
South East European Journal of Economics and Business,2025,1840-118X/2233-1999,否,否,是,ESCI,1,,经济学,4 [629/765],否, ECONOMICS 经济学,4 [508/599],,,,,,,,,,,三级
Zbornik Radova Ekonomskog Fakulteta u Rijeci-Proceedings of Rijeka Faculty of Economics,2025,1331-8004/1846-7520,否,否,是,ESCI,0.7,,经济学,4 [630/765],否, ECONOMICS 经济学,4 [509/599],,,,,,,,,,,三级
Comparative Economic Research-Central and Eastern Europe,2025,1508-2008/2082-6737,否,否,是,ESCI,0.5,,经济学,4 [631/765],否, ECONOMICS 经济学,4 [510/599],,,,,,,,,,,三级
International Journal of Financial Engineering,2025,2424-7863/2424-7944,否,否,否,ESCI,0.6,,经济学,4 [632/765],否," BUSINESS, FINANCE 商业：财政与金融",4 [194/231],,,,,,,,,,,三级
Ekonomicheskaya politika,2025,1994-5124/2411-2658,否,否,否,ESCI,0.3,,经济学,4 [633/765],否, ECONOMICS 经济学,4 [511/599],,,,,,,,,,,三级
Ter es Tarsadalom,2025,2062-9923/2062-9923,否,否,是,ESCI,0.6,,经济学,4 [634/765],否, GEOGRAPHY 地理学,4 [127/171],,,,,,,,,,,三级
Journal of Rural and Community Development,2025,1712-8277/1712-8277,否,否,是,ESCI,0.5,,经济学,4 [635/765],否, DEVELOPMENT STUDIES 发展研究,4 [61/63],,,,,,,,,,,三级
European Journal of Comparative Economics,2025,1824-2979/1824-2979,否,否,是,ESCI,0.3,,经济学,4 [636/765],否, EDUCATION & EDUCATIONAL RESEARCH 教育学和教育研究,4 [662/754],,,,,,,,,,,三级
African Review of Economics and Finance-AREF,2025,2042-1478/2410-4906,否,否,否,ESCI,0.4,,经济学,4 [637/765],否, ECONOMICS 经济学,4 [512/599],,,,,,,,,,,三级
Urbano,2025,0717-3997/0718-3607,否,否,是,ESCI,0.7,,经济学,4 [638/765],否, REGIONAL & URBAN PLANNING 区域与城市规划,4 [52/54],,,,,,,,,,,三级
Economics Ecology Socium,2025,2616-7107/2786-8958,否,否,是,ESCI,1.2,,经济学,4 [639/765],否, BUSINESS 商业：管理,4 [263/302], ECONOMICS 经济学,4 [513/599],,,,,,,,,三级
POLITICKA EKONOMIE,2025,0032-3233/2336-8225,否,否,否,SSCI,0.4,,经济学,4 [640/765],否, ECONOMICS 经济学,4 [514/599], POLITICAL SCIENCE 政治学,4 [299/317],,,,,,,,,三级
Economy of Region,2025,2072-6414/2411-1406,否,否,是,ESCI,0.4,,经济学,4 [641/765],否, AREA STUDIES 地域研究,4 [155/174],,,,,,,,,,,三级
Scientific Papers-Series Management Economic Engineering in Agriculture and Rural Development,2025,2284-7995/2285-3952,否,否,是,ESCI,0.9,,经济学,4 [642/765],否, AGRICULTURAL ECONOMICS & POLICY 农业经济与政策,4 [32/39],,,,,,,,,,,三级
EKONOMICKY CASOPIS,2025,0013-3035/0013-3035,否,否,否,SSCI,0.6,,经济学,4 [643/765],否, ECONOMICS 经济学,4 [515/599],,,,,,,,,,,三级
Cityscape,2025,1936-007X/1939-1935,否,否,否,ESCI,0.7,,经济学,4 [644/765],否, URBAN STUDIES 城市研究,4 [65/77],,,,,,,,,,,三级
Urbani Izziv-Urban Challenge,2025,0353-6483/1855-8399,否,否,是,ESCI,1.5,,经济学,4 [645/765],否, URBAN STUDIES 城市研究,4 [66/77],,,,,,,,,,,三级
Review of Economic Perspectives,2025,1213-2446/1804-1663,否,否,是,ESCI,0.8,,经济学,4 [646/765],否, ECONOMICS 经济学,4 [516/599],,,,,,,,,,,三级
Financial Internet Quarterly,2025,2719-3454/2719-3454,否,否,是,ESCI,0.5,,经济学,4 [647/765],否," BUSINESS, FINANCE 商业：财政与金融",4 [196/231], ECONOMICS 经济学,4 [517/599],,,,,,,,,三级
Baltic Journal of Economic Studies,2025,2256-0742/2256-0963,否,否,是,ESCI,0.6,,经济学,4 [648/765],否, ECONOMICS 经济学,4 [518/599],,,,,,,,,,,三级
Asian Academy of Management Journal of Accounting and Finance,2025,1823-4992/2180-4192,否,否,是,ESCI,0.5,,经济学,4 [649/765],否," BUSINESS, FINANCE 商业：财政与金融",4 [197/231],,,,,,,,,,,三级
TRIMESTRE ECONOMICO,2025,0041-3011/0041-3011,否,否,是,SSCI,0.5,,经济学,4 [650/765],否, ECONOMICS 经济学,4 [519/599],,,,,,,,,,,三级
Economics and Finance Letters,2025,2312-6310/2312-430X,否,否,否,ESCI,0.4,,经济学,4 [651/765],否," BUSINESS, FINANCE 商业：财政与金融",4 [198/231], ECONOMICS 经济学,4 [520/599],,,,,,,,,三级
Economia Agraria y Recursos Naturales,2025,1578-0732/2174-7350,否,否,是,ESCI,0.7,,经济学,4 [652/765],否, ECONOMICS 经济学,4 [521/599],,,,,,,,,,,三级
Global Trade and Customs Journal,2025,1569-755X/1875-6468,否,否,否,ESCI,0.4,,经济学,4 [653/765],否, INTERNATIONAL RELATIONS 国际关系学,4 [160/165],,,,,,,,,,,三级
Revista de Urbanismo,2025,0717-5051/0717-5051,否,否,是,ESCI,0.7,,经济学,4 [654/765],否, URBAN STUDIES 城市研究,4 [67/77],,,,,,,,,,,三级
Journal of Applied Economics and Business Research,2025,1927-033X/1927-033X,否,否,否,ESCI,0.2,,经济学,4 [655/765],否, ECONOMICS 经济学,4 [522/599],,,,,,,,,,,三级
Journal of Private Enterprise,2025,0890-913X/0890-913X,否,否,否,ESCI,0.4,,经济学,4 [656/765],否, ECONOMICS 经济学,4 [523/599],,,,,,,,,,,三级
Studia Universitatis Vasile Goldis Arad Seria Stiinte Economice,2025,1584-2339/2285-3065,否,否,是,ESCI,0.6,,经济学,4 [657/765],否, ECONOMICS 经济学,4 [524/599],,,,,,,,,,,三级
International Productivity Monitor,2025,1492-9759/1492-9767,否,否,是,ESCI,0.4,,经济学,4 [658/765],否, ECONOMICS 经济学,4 [526/599],,,,,,,,,,,三级
Journal of Operational Risk,2025,1744-6740/1755-2710,否,否,否,SSCI,0.8,,经济学,4 [659/765],否," BUSINESS, FINANCE 商业：财政与金融",4 [199/231],,,,,,,,,,,三级
International Journal of Economic Policy Studies,2025,2524-4892/1881-4387,否,否,否,ESCI,0.8,,经济学,4 [660/765],否, ECONOMICS 经济学,4 [527/599],,,,,,,,,,,三级
Iberoamerican Journal of Development Studies,2025,2254-2035/2254-2035,否,否,是,ESCI,0.4,,经济学,4 [661/765],否, DEVELOPMENT STUDIES 发展研究,4 [62/63],,,,,,,,,,,三级
International Real Estate Review,2025,2154-8919/2154-8919,否,否,否,ESCI,0.3,,经济学,4 [662/765],否, ECONOMICS 经济学,4 [528/599],,,,,,,,,,,三级
Studies in Business and Economics,2025,1842-4120/2344-5416,否,否,是,ESCI,0.9,,经济学,4 [663/765],否, ECONOMICS 经济学,4 [529/599],,,,,,,,,,,三级
German Journal of Agricultural Economics,2025,0515-6866/2191-4028,否,否,否,SCIE,1.5,,经济学,4 [664/765],否, AGRICULTURAL ECONOMICS & POLICY 农业经济与政策,4 [33/39],,,,,,,,,,,三级
International Journal of Economics Management and Accounting,2025,1394-7680/1394-7680,否,否,否,ESCI,0.3,,经济学,4 [665/765],否, ECONOMICS 经济学,4 [530/599],,,,,,,,,,,三级
International Journal of Management and Economics,2025,2299-9701/2543-5361,否,否,是,ESCI,0.8,,经济学,4 [666/765],否, ECONOMICS 经济学,4 [531/599],,,,,,,,,,,三级
TeMA-Journal of Land Use Mobility and Environment,2025,1970-9889/1970-9870,否,否,是,ESCI,,,经济学,4 [667/765],否, URBAN STUDIES 城市研究,4 [68/77],,,,,,,,,,,三级
Ekonomista,2025,0013-3205/2299-6184,否,否,是,ESCI,0.2,,经济学,4 [668/765],否, ECONOMICS 经济学,4 [532/599],,,,,,,,,,,三级
Lecturas de Economia,2025,0120-2596/2323-0622,否,否,是,ESCI,0.2,,经济学,4 [669/765],否, ECONOMICS 经济学,4 [533/599],,,,,,,,,,,三级
Journal of Risk Model Validation,2025,1753-9579/1753-9587,否,否,否,SSCI,0.6,,经济学,4 [670/765],否," BUSINESS, FINANCE 商业：财政与金融",4 [201/231],,,,,,,,,,,三级
Malaysian Journal of Economic Studies,2025,1511-4554/1511-4554,否,否,否,ESCI,0.6,,经济学,4 [671/765],否, ECONOMICS 经济学,4 [535/599],,,,,,,,,,,三级
Journal of Interdisciplinary Economics,2025,0260-1079/2321-5305,否,否,否,ESCI,0.7,,经济学,4 [672/765],否, ECONOMICS 经济学,4 [536/599],,,,,,,,,,,三级
Statistika-Statistics and Economy Journal,2025,0322-788X/1804-8765,否,否,是,ESCI,0.3,,经济学,4 [673/765],否, ECONOMICS 经济学,4 [537/599],,,,,,,,,,,三级
Eptic,2025,1518-2487/1518-2487,否,否,是,ESCI,<0.1,,经济学,4 [674/765],否, ECONOMICS 经济学,4 [538/599],,,,,,,,,,,三级
Cuadernos de Vivienda y Urbanismo,2025,2027-2103/2145-0226,否,否,否,ESCI,0.2,,经济学,4 [675/765],否, URBAN STUDIES 城市研究,4 [69/77],,,,,,,,,,,三级
Financial and Credit Activity-Problems of Theory and Practice,2025,2306-4994/2310-8770,否,否,是,ESCI,0.7,,经济学,4 [676/765],否," BUSINESS, FINANCE 商业：财政与金融",4 [202/231],,,,,,,,,,,三级
Ciudades-Revista del Instituto Universitario de Urbanistica de la Universidad de Valladolid,2025,1133-6579/2445-3943,否,否,是,ESCI,0.4,,经济学,4 [677/765],否, URBAN STUDIES 城市研究,4 [70/77],,,,,,,,,,,三级
Asian Journal of Applied Economics,2025,2985-1610/2985-1610,否,否,否,ESCI,1,,经济学,4 [678/765],否, ECONOMICS 经济学,4 [539/599],,,,,,,,,,,三级
Vestnik Sankt-Peterburgskogo Universiteta-Ekonomika-St Petersburg University Journal of Economic Studies,2025,1026-356X/2542-226X,否,否,否,ESCI,0.3,,经济学,4 [679/765],否, ECONOMICS 经济学,4 [541/599],,,,,,,,,,,三级
Regionologiya-Regionology Russian Journal of Regional Studies,2025,2413-1407/2587-8549,否,否,是,ESCI,0.4,,经济学,4 [680/765],否, AREA STUDIES 地域研究,4 [166/174], ECONOMICS 经济学,4 [542/599],,,,,,,,,三级
Journal of Tax Administration,2025,2059-190X/2059-190X,否,否,否,ESCI,0.1,,经济学,4 [681/765],否," BUSINESS, FINANCE 商业：财政与金融",4 [204/231],,,,,,,,,,,三级
OPEC Energy Review,2025,1753-0229/1753-0237,否,否,否,ESCI,2.3,,经济学,4 [682/765],否, ECONOMICS 经济学,4 [543/599],,,,,,,,,,,三级
Croatian Operational Research Review,2025,1848-0225/1848-9931,否,否,是,ESCI,0.4,,经济学,4 [683/765],否, ECONOMICS 经济学,4 [544/599],,,,,,,,,,,三级
Habitat y Sociedad,2025,2173-125X/2173-125X,否,否,否,ESCI,0.2,,经济学,4 [684/765],否, URBAN STUDIES 城市研究,4 [71/77],,,,,,,,,,,三级
Ekonomia i Prawo-Economics and Law,2025,1898-2255/2392-1625,否,否,是,ESCI,0.5,,经济学,4 [685/765],否, ECONOMICS 经济学,4 [545/599],,,,,,,,,,,三级
Zagadnienia Ekonomiki Rolnej,2025,0044-1600/2392-3458,否,否,否,ESCI,0.6,,经济学,4 [686/765],否, AGRICULTURAL ECONOMICS & POLICY 农业经济与政策,4 [34/39],,,,,,,,,,,三级
Public Finance Quarterly-Hungary,2025,0031-496X/2064-8278,否,否,否,ESCI,0.5,,经济学,4 [687/765],否," BUSINESS, FINANCE 商业：财政与金融",4 [205/231],,,,,,,,,,,三级
Cuadernos del CLAEH-Centro Latinoamericano de Economia Humana,2025,0797-6062/2393-5979,否,否,否,ESCI,0.1,,经济学,4 [688/765],否, ECONOMICS 经济学,4 [546/599],,,,,,,,,,,三级
Revista de Direito da Cidade-City Law,2025,2317-7721/2317-7721,否,否,是,ESCI,0.1,,经济学,4 [689/765],否, URBAN STUDIES 城市研究,4 [72/77],,,,,,,,,,,三级
Economia-Journal of the Latin American and Caribbean Economic Association,2025,1533-6239/1533-6239,否,否,是,ESCI,1.4,,经济学,4 [690/765],否, ECONOMICS 经济学,4 [547/599],,,,,,,,,,,三级
REVUE ECONOMIQUE,2025,0035-2764/1950-6694,否,否,否,ESCI,0.5,,经济学,4 [691/765],否, ECONOMICS 经济学,4 [548/599],,,,,,,,,,,三级
International Journal of Computational Economics and Econometrics,2025,1757-1170/1757-1189,否,否,否,ESCI,0.3,,经济学,4 [692/765],否, ECONOMICS 经济学,4 [549/599],,,,,,,,,,,三级
JOURNAL OF MEDIA ECONOMICS,2025,0899-7764/1532-7736,否,否,否,SSCI,1.9,,经济学,4 [693/765],否, COMMUNICATION 传播学,4 [215/223], ECONOMICS 经济学,4 [550/599],,,,,,,,,三级
Turkish Journal of Islamic Economics-TUJISE,2025,2147-9054/2148-3809,否,否,是,ESCI,,,经济学,4 [694/765],否, ECONOMICS 经济学,4 [551/599],,,,,,,,,,,三级
Revue Interventions Economiques-Papers in Political Economy,2025,0715-3570/1710-7377,否,否,是,ESCI,<0.1,,经济学,4 [695/765],否, ECONOMICS 经济学,4 [552/599],,,,,,,,,,,三级
ECONOMIC AND SOCIAL REVIEW,2025,0012-9984/0012-9984,否,否,否,SSCI,0.4,,经济学,4 [696/765],否, ECONOMICS 经济学,4 [553/599], SOCIOLOGY 社会学,4 [212/216],,,,,,,,,三级
Politica Economica,2025,1120-9496/1973-8218,否,否,否,ESCI,0.1,,经济学,4 [697/765],否, ECONOMICS 经济学,4 [554/599],,,,,,,,,,,三级
Revista Finanzas y Politica Economica,2025,2248-6046/2011-7663,否,否,是,ESCI,0.4,,经济学,4 [698/765],否, ECONOMICS 经济学,4 [555/599],,,,,,,,,,,三级
Gospodarka Narodowa-The Polish Journal of Economics,2025,0867-0005/2300-5238,否,否,是,ESCI,0.2,,经济学,4 [699/765],否, ECONOMICS 经济学,4 [556/599],,,,,,,,,,,三级
Journal of Alternative Investments,2025,1520-3255/2168-8435,否,否,否,ESCI,0.5,,经济学,4 [700/765],否," BUSINESS, FINANCE 商业：财政与金融",4 [206/231],,,,,,,,,,,三级
Ekonomska Misao i Praksa-Economic Thought and Practice,2025,1330-1039/1848-963X,否,否,是,ESCI,0.4,,经济学,4 [701/765],否, ECONOMICS 经济学,4 [557/599],,,,,,,,,,,三级
Revista Uruguaya de Historia Economica,2025,1688-8561/1688-8561,否,否,否,ESCI,<0.1,,经济学,4 [702/765],否, ECONOMICS 经济学,4 [558/599],,,,,,,,,,,三级
Ekonomika i Matematiceskie Metody-Economics and Mathematical Methods,2025,0424-7388/0424-7388,否,否,否,ESCI,0.2,,经济学,4 [703/765],否, ECONOMICS 经济学,4 [559/599],,,,,,,,,,,三级
Journal of Risk,2025,1465-1211/1755-2842,否,否,否,SSCI,0.5,,经济学,4 [704/765],否," BUSINESS, FINANCE 商业：财政与金融",4 [207/231],,,,,,,,,,,三级
Netnomics,2025,1385-9587/1573-7071,否,否,否,ESCI,,,经济学,4 [705/765],否, ECONOMICS 经济学,4 [560/599],,,,,,,,,,,三级
Cuadernos de Economia,2025,0121-4772/2248-4337,否,否,是,ESCI,0.1,,经济学,4 [706/765],否, ECONOMICS 经济学,4 [561/599],,,,,,,,,,,三级
Journal of Korea Trade,2025,1229-828X/1229-828X,否,否,否,SSCI,1.2,,经济学,4 [707/765],否, ECONOMICS 经济学,4 [562/599],,,,,,,,,,,三级
Sosyoekonomi,2025,1305-5577/1305-5577,否,否,否,ESCI,0.4,,经济学,4 [708/765],否, ECONOMICS 经济学,4 [563/599],,,,,,,,,,,三级
Economic Annals-XXI,2025,1728-6220/1728-6239,否,否,否,ESCI,0.3,,经济学,4 [709/765],否, ECONOMICS 经济学,4 [564/599],,,,,,,,,,,三级
Urbe-Revista Brasileira de Gestao Urbana,2025,2175-3369/2175-3369,否,否,是,ESCI,0.3,,经济学,4 [710/765],否, URBAN STUDIES 城市研究,4 [73/77],,,,,,,,,,,三级
Annals of Economics and Finance,2025,1529-7373/1529-7373,否,否,否,SSCI,0.5,,经济学,4 [711/765],否, ECONOMICS 经济学,4 [565/599],,,,,,,,,,,三级
Journal of Credit Risk,2025,1744-6619/1755-9723,否,否,否,SSCI,0.3,,经济学,4 [712/765],否," BUSINESS, FINANCE 商业：财政与金融",4 [209/231],,,,,,,,,,,三级
Portes-Revista Mexicana de Estudios sobre la Cuenca del Pacifico,2025,1870-6800/1870-6800,否,否,是,ESCI,0.1,,经济学,4 [713/765],否, ECONOMICS 经济学,4 [566/599],,,,,,,,,,,三级
Economics Bulletin,2025,1545-2921/1545-2921,否,否,否,ESCI,0.2,,经济学,4 [714/765],否, ECONOMICS 经济学,4 [567/599],,,,,,,,,,,三级
Revista Galega de Economia,2025,1132-2799/2255-5951,否,否,是,ESCI,0.9,,经济学,4 [715/765],否, ECONOMICS 经济学,4 [568/599],,,,,,,,,,,三级
Journal of Investment Management,2025,1545-9144/1545-9152,否,否,否,ESCI,0.2,,经济学,4 [716/765],否," BUSINESS, FINANCE 商业：财政与金融",4 [210/231],,,,,,,,,,,三级
Brussels Studies,2025,2031-0293/2031-0293,否,否,是,ESCI,0.2,,经济学,4 [717/765],否, URBAN STUDIES 城市研究,4 [74/77],,,,,,,,,,,三级
Planlama-Planning,2025,1300-7319/1300-7319,否,否,否,ESCI,0.2,,经济学,4 [718/765],否, REGIONAL & URBAN PLANNING 区域与城市规划,4 [53/54],,,,,,,,,,,三级
HITOTSUBASHI JOURNAL OF ECONOMICS,2025,0018-280X/2436-097X,否,否,否,SSCI,0.2,,经济学,4 [719/765],否, ECONOMICS 经济学,4 [569/599],,,,,,,,,,,三级
Journal of Regional and City Planning,2025,2502-6429/2502-6429,否,否,否,ESCI,0.8,,经济学,4 [720/765],否, REGIONAL & URBAN PLANNING 区域与城市规划,4 [54/54],,,,,,,,,,,三级
Istanbul Iktisat Dergisi-Istanbul Journal of Economics,2025,2602-4152/2602-3954,否,否,是,ESCI,0.3,,经济学,4 [721/765],否," BUSINESS, FINANCE 商业：财政与金融",4 [211/231], ECONOMICS 经济学,4 [570/599],,,,,,,,,三级
FINANCE A UVER-CZECH JOURNAL OF ECONOMICS AND FINANCE,2025,0015-1920/0015-1920,否,否,否,SSCI,0.7,,经济学,4 [722/765],否," BUSINESS, FINANCE 商业：财政与金融",4 [212/231],,,,,,,,,,,三级
International Journal of Built Environment and Sustainability,2025,1511-1369/2289-8948,否,否,是,ESCI,0.6,,经济学,4 [723/765],否, URBAN STUDIES 城市研究,4 [75/77],,,,,,,,,,,三级
Review of Pacific Basin Financial Markets and Policies,2025,0219-0915/1793-6705,否,否,否,ESCI,0.4,,经济学,4 [724/765],否," BUSINESS, FINANCE 商业：财政与金融",4 [213/231],,,,,,,,,,,三级
Estudios de Economia,2025,0718-5286/0718-5286,否,否,是,SSCI,0.5,,经济学,4 [725/765],否, ECONOMICS 经济学,4 [571/599],,,,,,,,,,,三级
Ekonomski Pregled,2025,0424-7558/1848-9494,否,否,否,ESCI,0.2,,经济学,4 [726/765],否, ECONOMICS 经济学,4 [572/599],,,,,,,,,,,三级
Zagreb International Review of Economics & Business,2025,1331-5609/1849-1162,否,否,是,ESCI,0.5,,经济学,4 [727/765],否, ECONOMICS 经济学,4 [573/599],,,,,,,,,,,三级
International Review,2025,2217-9739/2217-9739,否,否,是,ESCI,0.6,,经济学,4 [728/765],否, ECONOMICS 经济学,4 [574/599],,,,,,,,,,,三级
Journal of Investment Strategies,2025,2047-1238/2047-1246,否,否,否,ESCI,0.2,,经济学,4 [729/765],否," BUSINESS, FINANCE 商业：财政与金融",4 [214/231],,,,,,,,,,,三级
Ekonomski Vjesnik,2025,0353-359X/1847-2206,否,否,是,ESCI,0.3,,经济学,4 [730/765],否, ECONOMICS 经济学,4 [575/599],,,,,,,,,,,三级
Revista de Economia Mundial,2025,1576-0162/2340-4264,否,否,是,SSCI,0.4,,经济学,4 [731/765],否, ECONOMICS 经济学,4 [576/599],,,,,,,,,,,三级
Revue d Economie Regionale et Urbaine,2025,0180-7307/2107-0865,否,否,否,ESCI,0.2,,经济学,4 [732/765],否, ECONOMICS 经济学,4 [577/599],,,,,,,,,,,三级
EGE ACADEMIC REVIEW,2025,1303-099X/1303-099X,否,否,否,ESCI,0.6,,经济学,4 [733/765],否, ECONOMICS 经济学,4 [578/599],,,,,,,,,,,三级
Eskisehir Osmangazi Universitesi IIBF Dergisi-Eskisehir Osmangazi University Journal of Economics and Administrative Sciences,2025,1306-6730/1306-6730,否,否,否,ESCI,0.3,,经济学,4 [734/765],否, ECONOMICS 经济学,4 [579/599],,,,,,,,,,,三级
Journal of Financial Market Infrastructures,2025,2049-5404/2049-5412,否,否,否,ESCI,0.3,,经济学,4 [735/765],否," BUSINESS, FINANCE 商业：财政与金融",4 [217/231],,,,,,,,,,,三级
Poljoprivreda,2025,1330-7142/1848-8080,否,否,是,ESCI,1.2,,经济学,4 [736/765],否, AGRICULTURAL ECONOMICS & POLICY 农业经济与政策,4 [35/39],,,,,,,,,,,三级
African Journal of Agricultural and Resource Economics-AFJARE,2025,1993-3738/1993-3738,否,否,否,ESCI,0.5,,经济学,4 [737/765],否, AGRICULTURAL ECONOMICS & POLICY 农业经济与政策,4 [36/39],,,,,,,,,,,三级
Apuntes del CENES,2025,0120-3053/2256-5779,否,否,是,ESCI,0.5,,经济学,4 [738/765],否, ECONOMICS 经济学,4 [580/599],,,,,,,,,,,三级
South African Actuarial Journal,2025,1680-2179/1680-2179,否,否,否,ESCI,<0.1,,经济学,4 [739/765],否," BUSINESS, FINANCE 商业：财政与金融",4 [218/231],,,,,,,,,,,三级
Academy Review,2025,2074-5354/2522-9745,否,否,是,ESCI,0.2,,经济学,4 [740/765],否," BUSINESS, FINANCE 商业：财政与金融",4 [220/231], ECONOMICS 经济学,4 [581/599], MANAGEMENT 管理学,4 [373/404],,,,,,,三级
Indian Journal of Economics and Development,2025,2277-5412/2322-0430,否,否,否,ESCI,0.2,,经济学,4 [741/765],否, ECONOMICS 经济学,4 [582/599],,,,,,,,,,,三级
Economic Issues,2025,1363-7029/1363-7029,否,否,否,ESCI,1.7,,经济学,4 [742/765],否, ECONOMICS 经济学,4 [583/599],,,,,,,,,,,三级
Maliye Dergisi,2025,1300-3623/1300-3623,否,否,否,ESCI,0.2,,经济学,4 [743/765],否," BUSINESS, FINANCE 商业：财政与金融",4 [222/231],,,,,,,,,,,三级
International Journal of Applied Behavioral Economics,2025,2160-9802/2160-9810,否,否,否,ESCI,0.4,,经济学,4 [744/765],否, ECONOMICS 经济学,4 [584/599],,,,,,,,,,,三级
SaberEs,2025,1852-4184/1852-4222,否,否,是,ESCI,0.1,,经济学,4 [745/765],否, ECONOMICS 经济学,4 [585/599],,,,,,,,,,,三级
Anales del Instituto de Actuarios Espanoles,2025,0534-3232/2531-2308,否,否,否,ESCI,0.2,,经济学,4 [746/765],否, ECONOMICS 经济学,4 [586/599],,,,,,,,,,,三级
Indonesian Capital Market Review,2025,1979-8997/2356-3818,否,否,是,ESCI,0.3,,经济学,4 [747/765],否, ECONOMICS 经济学,4 [587/599],,,,,,,,,,,三级
Actualidad Contable Faces,2025,1316-8533/1316-8533,否,否,是,ESCI,0.1,,经济学,4 [748/765],否," BUSINESS, FINANCE 商业：财政与金融",4 [225/231],,,,,,,,,,,三级
Custos e Agronegocio On Line,2025,1808-2882/1808-2882,否,否,是,SSCI;SCIE,0.1,,经济学,4 [749/765],否, AGRICULTURAL ECONOMICS & POLICY 农业经济与政策,4 [37/39], BUSINESS 商业：管理,4 [287/302], ECONOMICS 经济学,4 [588/599],,,,,,,三级
Cepal Review,2025,0251-2920/1684-0348,否,否,否,SSCI,0.4,,经济学,4 [750/765],否, ECONOMICS 经济学,4 [589/599],,,,,,,,,,,三级
Revista Economia y Sociedad,2025,1409-1070/2215-3403,否,否,是,ESCI,<0.1,,经济学,4 [751/765],否, ECONOMICS 经济学,4 [590/599],,,,,,,,,,,三级
Journal of the Statistical and Social Inquiry Society of Ireland,2025,0081-4776/0081-4776,否,否,否,ESCI,0.3,,经济学,4 [752/765],否," SOCIAL SCIENCES, INTERDISCIPLINARY 社会科学：跨领域",4 [255/263],,,,,,,,,,,三级
Region et Developpement,2025,1267-5059/2117-0843,否,否,否,ESCI,0.2,,经济学,4 [753/765],否, ECONOMICS 经济学,4 [591/599],,,,,,,,,,,三级
International Journal of Ecological Economics & Statistics,2025,0973-1385/0973-1385,否,否,否,ESCI,<0.1,,经济学,4 [754/765],否, ECONOMICS 经济学,4 [592/599],,,,,,,,,,,三级
Journal of Mehmet Akif Ersoy University Economics and Administrative Sciences Faculty,2025,2149-1658/2149-1658,否,否,是,ESCI,0.1,,经济学,4 [755/765],否, ECONOMICS 经济学,4 [593/599],,,,,,,,,,,三级
Papeles de Europa,2025,1989-5917/1989-5917,否,否,是,ESCI,0.5,,经济学,4 [756/765],否, AREA STUDIES 地域研究,4 [174/174],,,,,,,,,,,三级
Global & Local Economic Review,2025,1722-4241/1974-5125,否,否,否,ESCI,<0.1,,经济学,4 [757/765],否, ECONOMICS 经济学,4 [595/599],,,,,,,,,,,三级
Revista Cooperativismo y Desarrollo-COODES,2025,2310-340X/2310-340X,否,否,是,ESCI,<0.1,,经济学,4 [758/765],否, DEVELOPMENT STUDIES 发展研究,4 [63/63],,,,,,,,,,,三级
International Journal of Contemporary Economics and Administrative Sciences,2025,1925-4423/1925-4423,否,否,否,ESCI,0.4,,经济学,4 [759/765],否, ECONOMICS 经济学,4 [596/599],,,,,,,,,,,三级
Dimension Empresarial,2025,1692-8563/2322-956X,否,否,是,ESCI,,,经济学,4 [760/765],否, ECONOMICS 经济学,4 [597/599],,,,,,,,,,,三级
Agricultura Sociedad y Desarrollo,2025,1870-5472/2594-0244,否,否,否,ESCI,0.3,,经济学,4 [761/765],否, AGRICULTURAL ECONOMICS & POLICY 农业经济与政策,4 [38/39],,,,,,,,,,,三级
TRIA-Territorio della Ricerca su Insediamenti e Ambiente,2025,1974-6849/2281-4574,否,否,是,ESCI,0.2,,经济学,4 [762/765],否, URBAN STUDIES 城市研究,4 [77/77],,,,,,,,,,,三级
Journal of Energy Markets,2025,1756-3607/1756-3615,否,否,否,ESCI,0.4,,经济学,4 [763/765],否, ECONOMICS 经济学,4 [598/599],,,,,,,,,,,三级
Ledger,2025,2379-5980/2379-5980,否,否,是,ESCI,0.7,,经济学,4 [764/765],否, ECONOMICS 经济学,4 [599/599],,,,,,,,,,,三级
Australasian Agribusiness Review,2025,1833-5675/1442-6951,否,否,否,ESCI,0.1,,经济学,4 [765/765],否, AGRICULTURAL ECONOMICS & POLICY 农业经济与政策,4 [39/39],,,,,,,,,,,三级
