Journal,年份,ISSN/EISSN,Review,OA Journal Index（OAJ）,Open Access,Web of Science,影响因子,标注,大类,大类分区,Top,小类1,小类1分区,小类2,小类2分区,小类3,小类3分区,小类4,小类4分区,小类5,小类5分区,小类6,小类6分区,权威期刊
JOURNAL OF ARCHAEOLOGICAL RESEARCH,2025,1059-0161/1573-7756,否,否,否,SSCI;AHCI,4.1,,历史学,1 [1/778],是, ANTHROPOLOGY 人类学,1 [1/137], ARCHAEOLOGY 考古学,1 [1/164],,,,,,,,,一级
JOURNAL OF WORLD PREHISTORY,2025,0892-7537/1573-7802,否,否,否,SSCI;AHCI,3.1,,历史学,1 [2/778],是, ANTHROPOLOGY 人类学,1 [2/137], ARCHAEOLOGY 考古学,1 [2/164],,,,,,,,,一级
JOURNAL OF ARCHAEOLOGICAL METHOD AND THEORY,2025,1072-5369/1573-7764,否,否,否,SSCI;AHCI,2.8,,历史学,1 [3/778],是, ANTHROPOLOGY 人类学,1 [5/137], ARCHAEOLOGY 考古学,1 [3/164],,,,,,,,,一级
EXPLORATIONS IN ECONOMIC HISTORY,2025,0014-4983/1090-2457,否,否,否,SSCI,1.7,,历史学,1 [4/778],是, ECONOMICS 经济学,1 [22/599], HISTORY OF SOCIAL SCIENCES 社会科学史,1 [1/42],,,,,,,,,一级
RENAISSANCE QUARTERLY,2025,0034-4338/1935-0236,否,否,否,AHCI,0.7,,历史学,1 [5/778],是, MEDIEVAL & RENAISSANCE STUDIES 中世纪与文艺复兴研究,1 [1/82],,,,,,,,,,,一级
Tel Aviv-Journal of the Institute of Archaeology of Tel Aviv University,2025,0334-4355/2040-4786,否,否,否,AHCI,1.2,,历史学,1 [6/778],是, ARCHAEOLOGY 考古学,1 [4/164],,,,,,,,,,,一级
AMERICAN ANTIQUITY,2025,0002-7316/2325-5064,否,否,否,SSCI;AHCI,1.9,,历史学,1 [7/778],是, ANTHROPOLOGY 人类学,1 [6/137], ARCHAEOLOGY 考古学,1 [5/164],,,,,,,,,一级
PAST & PRESENT,2025,0031-2746/1477-464X,否,否,否,SSCI;AHCI,2.4,,历史学,1 [8/778],是, HISTORY 历史学,1 [1/523],,,,,,,,,,,一级
Cliometrica,2025,1863-2505/1863-2513,否,否,否,SSCI;AHCI,0.7,,历史学,1 [9/778],是, HISTORY 历史学,1 [2/523], HISTORY OF SOCIAL SCIENCES 社会科学史,1 [2/42], ECONOMICS 经济学,2 [40/599],,,,,,,一级
Nawpa Pacha,2025,0077-6297/2051-6207,否,否,否,ESCI,0.9,,历史学,1 [10/778],是, ARCHAEOLOGY 考古学,1 [7/164], ANTHROPOLOGY 人类学,2 [12/137],,,,,,,,,一级
COMPARATIVE STUDIES IN SOCIETY AND HISTORY,2025,0010-4175/1475-2999,否,否,否,SSCI;AHCI,1.1,,历史学,1 [11/778],是, HISTORY 历史学,1 [3/523], ANTHROPOLOGY 人类学,2 [13/137], SOCIOLOGY 社会学,2 [21/216],,,,,,,一级
JOURNAL OF ECONOMIC HISTORY,2025,0022-0507/1471-6372,否,否,否,SSCI;AHCI,2.9,,历史学,1 [12/778],是, HISTORY 历史学,1 [4/523], HISTORY OF SOCIAL SCIENCES 社会科学史,1 [3/42], ECONOMICS 经济学,2 [45/599],,,,,,,一级
ECONOMIC HISTORY REVIEW,2025,0013-0117/1468-0289,否,否,否,SSCI;AHCI,1.6,,历史学,1 [13/778],是, HISTORY 历史学,1 [5/523], ECONOMICS 经济学,2 [54/599], HISTORY OF SOCIAL SCIENCES 社会科学史,2 [4/42],,,,,,,一级
Ethnoarchaeology,2025,1944-2904/1944-2890,否,否,否,ESCI,1.3,,历史学,1 [14/778],是, ARCHAEOLOGY 考古学,1 [9/164],,,,,,,,,,,一级
HESPERIA,2025,0018-098X/1553-5622,否,否,否,AHCI,0.6,,历史学,1 [15/778],是, ARCHAEOLOGY 考古学,1 [10/164],,,,,,,,,,,一级
AMERICAN HISTORICAL REVIEW,2025,0002-8762/1937-5239,否,否,否,SSCI;AHCI,1.2,,历史学,1 [16/778],是, HISTORY 历史学,1 [7/523],,,,,,,,,,,一级
WILLIAM AND MARY QUARTERLY,2025,0043-5597/1933-7698,否,否,否,AHCI,0.8,,历史学,1 [17/778],是, HISTORY 历史学,1 [8/523],,,,,,,,,,,一级
Advances in Archaeological Practice,2025,2326-3768/2326-3768,否,否,否,AHCI,1.6,,历史学,1 [18/778],是, ARCHAEOLOGY 考古学,1 [11/164],,,,,,,,,,,一级
SPECULUM-A JOURNAL OF MEDIEVAL STUDIES,2025,0038-7134/2040-8072,否,否,否,AHCI,1.1,,历史学,1 [19/778],是, MEDIEVAL & RENAISSANCE STUDIES 中世纪与文艺复兴研究,1 [3/82],,,,,,,,,,,一级
SOCIAL HISTORY,2025,0307-1022/1470-1200,否,否,否,AHCI,0.9,,历史学,1 [20/778],是, HISTORY 历史学,1 [9/523],,,,,,,,,,,一级
JOURNAL OF ROMAN STUDIES,2025,0075-4358/1753-528X,否,否,否,AHCI,0.8,,历史学,1 [21/778],是, CLASSICS 古典文学,1 [1/59],,,,,,,,,,,一级
Journal of Global History,2025,1740-0228/1740-0236,否,否,否,SSCI;AHCI,1.6,,历史学,1 [22/778],是, HISTORY 历史学,1 [10/523],,,,,,,,,,,一级
JOURNAL OF FIELD ARCHAEOLOGY,2025,0093-4690/2042-4582,否,否,否,AHCI,1.5,,历史学,1 [23/778],是, ARCHAEOLOGY 考古学,2 [13/164],,,,,,,,,,,一级
Journal of Paleolithic Archaeology,2025,2520-8217/2520-8217,否,否,否,ESCI,2.6,,历史学,1 [24/778],是, ANTHROPOLOGY 人类学,2 [22/137], ARCHAEOLOGY 考古学,2 [14/164],,,,,,,,,一级
WORLD ARCHAEOLOGY,2025,0043-8243/1470-1375,否,否,否,AHCI,1.5,,历史学,1 [25/778],是, ARCHAEOLOGY 考古学,2 [16/164],,,,,,,,,,,一级
JOURNAL OF SOCIAL ARCHAEOLOGY,2025,1469-6053/1741-2951,否,否,否,SSCI;AHCI,1.3,,历史学,1 [26/778],是, ANTHROPOLOGY 人类学,2 [25/137], ARCHAEOLOGY 考古学,2 [17/164],,,,,,,,,一级
HISTORICAL METHODS,2025,0161-5440/1940-1906,否,否,否,SSCI;AHCI,0.9,,历史学,1 [27/778],是, HISTORY 历史学,1 [11/523],,,,,,,,,,,一级
JOURNAL OF AFRICAN HISTORY,2025,0021-8537/1469-5138,否,否,否,SSCI;AHCI,0.9,,历史学,1 [28/778],是, HISTORY 历史学,1 [12/523],,,,,,,,,,,一级
CAMBRIDGE ARCHAEOLOGICAL JOURNAL,2025,0959-7743/1474-0540,否,否,否,AHCI,1.6,,历史学,1 [29/778],是, ARCHAEOLOGY 考古学,2 [19/164],,,,,,,,,,,一级
Bulletin of the History of Archaeology,2025,1062-4740/2047-6930,否,否,是,ESCI,0.5,,历史学,1 [30/778],是, ARCHAEOLOGY 考古学,2 [20/164],,,,,,,,,,,一级
JOURNAL OF BRITISH STUDIES,2025,0021-9371/1545-6986,否,否,否,SSCI;AHCI,0.7,,历史学,1 [31/778],是, HISTORY 历史学,1 [14/523],,,,,,,,,,,一级
Slavery & Abolition,2025,0144-039X/1743-9523,否,否,否,AHCI,0.7,,历史学,1 [32/778],是, HISTORY 历史学,1 [15/523],,,,,,,,,,,一级
Twentieth Century British History,2025,0955-2359/1477-4674,否,否,否,AHCI,1.8,,历史学,1 [33/778],是, HISTORY 历史学,1 [16/523],,,,,,,,,,,一级
Transactions of the American Philological Association,2025,0360-5949/1533-0699,否,否,否,AHCI,0.4,,历史学,1 [34/778],是, CLASSICS 古典文学,1 [2/59],,,,,,,,,,,一级
JOURNAL OF HELLENIC STUDIES,2025,0075-4269/2041-4099,否,否,否,AHCI,0.2,,历史学,1 [35/778],是, CLASSICS 古典文学,1 [3/59],,,,,,,,,,,一级
ANTIQUITY,2025,0003-598X/1745-1744,否,否,否,SSCI;AHCI,1.7,,历史学,1 [36/778],是, ARCHAEOLOGY 考古学,2 [21/164], ANTHROPOLOGY 人类学,3 [31/137],,,,,,,,,一级
Contemporary European History,2025,0960-7773/1469-2171,否,否,否,SSCI;AHCI,0.7,,历史学,1 [37/778],是, HISTORY 历史学,1 [18/523],,,,,,,,,,,一级
HISTORICAL JOURNAL,2025,0018-246X/1469-5103,否,否,否,SSCI;AHCI,0.9,,历史学,1 [38/778],是, HISTORY 历史学,1 [20/523],,,,,,,,,,,一级
Early Medieval Europe,2025,0963-9462/1468-0254,否,否,否,AHCI,0.9,,历史学,1 [39/778],是, MEDIEVAL & RENAISSANCE STUDIES 中世纪与文艺复兴研究,1 [5/82],,,,,,,,,,,一级
Journal of Legal History,2025,0144-0365/1744-0564,否,否,否,AHCI,0.4,,历史学,1 [40/778],是, HISTORY 历史学,1 [21/523],,,,,,,,,,,一级
Journal of the Economic and Social History of the Orient,2025,0022-4995/1568-5209,否,否,否,SSCI;AHCI,0.6,,历史学,1 [41/778],是, HISTORY 历史学,1 [22/523],,,,,,,,,,,一级
AMERICAS,2025,0003-1615/1533-6247,否,否,否,SSCI;AHCI,0.6,,历史学,1 [42/778],是, HISTORY 历史学,1 [23/523],,,,,,,,,,,一级
Ancient Mesoamerica,2025,0956-5361/1469-1787,否,否,否,AHCI,0.8,,历史学,1 [43/778],是, ARCHAEOLOGY 考古学,2 [23/164],,,,,,,,,,,一级
JOURNAL OF MODERN HISTORY,2025,0022-2801/1537-5358,否,否,否,SSCI;AHCI,0.9,,历史学,1 [44/778],是, HISTORY 历史学,1 [24/523],,,,,,,,,,,一级
LATIN AMERICAN ANTIQUITY,2025,1045-6635/2325-5080,否,否,否,SSCI;AHCI,1.1,,历史学,1 [45/778],是, ARCHAEOLOGY 考古学,2 [24/164], ANTHROPOLOGY 人类学,3 [34/137],,,,,,,,,一级
JOURNAL OF THE EARLY REPUBLIC,2025,0275-1275/1553-0620,否,否,否,AHCI,0.8,,历史学,1 [46/778],是, HISTORY 历史学,2 [25/523],,,,,,,,,,,一级
CLASSICAL ANTIQUITY,2025,0278-6656,否,否,否,AHCI,0.1,,历史学,1 [47/778],是, CLASSICS 古典文学,1 [4/59],,,,,,,,,,,一级
TEXTILE HISTORY,2025,0040-4969/1743-2952,否,否,否,AHCI,0.1,,历史学,1 [48/778],是," HUMANITIES, MULTIDISCIPLINARY 人文科学",1 [9/406],,,,,,,,,,,一级
Archaeological Dialogues,2025,1380-2038/1478-2294,否,否,否,AHCI,2.2,,历史学,2 [49/778],否, ARCHAEOLOGY 考古学,2 [25/164],,,,,,,,,,,一级
HISTORY AND THEORY,2025,0018-2656/1468-2303,否,否,否,SSCI;AHCI,1.2,,历史学,2 [50/778],是, HISTORY 历史学,2 [27/523],,,,,,,,,,,一级
Journal of Mediterranean Archaeology,2025,0952-7648,否,否,否,AHCI,0.8,,历史学,2 [51/778],否, ARCHAEOLOGY 考古学,2 [27/164],,,,,,,,,,,一级
International Journal of Historical Archaeology,2025,1092-7697/1573-7748,否,否,否,AHCI,0.6,,历史学,2 [52/778],是, ARCHAEOLOGY 考古学,2 [28/164],,,,,,,,,,,一级
HISTORICAL RESEARCH,2025,0950-3471/1468-2281,否,否,否,AHCI,0.5,,历史学,2 [53/778],是, HISTORY 历史学,2 [28/523],,,,,,,,,,,一级
History and Technology,2025,0734-1512/1477-2620,否,否,否,AHCI,1.1,,历史学,2 [54/778],否, HISTORY 历史学,2 [30/523],,,,,,,,,,,一级
Cambridge Classical Journal,2025,1750-2705/2047-993X,否,否,否,AHCI,0.2,,历史学,2 [55/778],否, CLASSICS 古典文学,2 [5/59],,,,,,,,,,,一级
Journal of African Archaeology,2025,1612-1651/2191-5784,否,否,否,AHCI,0.8,,历史学,2 [56/778],否, ARCHAEOLOGY 考古学,2 [29/164],,,,,,,,,,,一级
JOURNAL OF HISTORICAL GEOGRAPHY,2025,0305-7488/1095-8614,否,否,否,SSCI,1.1,,历史学,2 [57/778],是, HISTORY OF SOCIAL SCIENCES 社会科学史,2 [7/42], GEOGRAPHY 地理学,3 [44/171],,,,,,,,,一级
AMERICAN JOURNAL OF PHILOLOGY,2025,0002-9475/1086-3168,否,否,否,AHCI,0.6,,历史学,2 [58/778],否, CLASSICS 古典文学,2 [6/59],,,,,,,,,,,一级
JOURNAL OF IMPERIAL AND COMMONWEALTH HISTORY,2025,0308-6534/1743-9329,否,否,否,AHCI,0.5,,历史学,2 [59/778],是, HISTORY 历史学,2 [31/523],,,,,,,,,,,一级
History of the Family,2025,1081-602X/1873-5398,否,否,否,SSCI,0.7,,历史学,2 [60/778],是, HISTORY OF SOCIAL SCIENCES 社会科学史,2 [8/42], FAMILY STUDIES 家庭研究,3 [17/65],,,,,,,,,一级
Global Sixties,2025,2770-8888/2770-890X,否,否,否,ESCI,0.8,,历史学,2 [61/778],否, HISTORY 历史学,2 [32/523],,,,,,,,,,,一级
AMERICAN JOURNAL OF ARCHAEOLOGY,2025,0002-9114/1939-828X,否,否,否,AHCI,0.8,,历史学,2 [62/778],是, ARCHAEOLOGY 考古学,2 [30/164],,,,,,,,,,,一级
Journal of Archaeological Science-Reports,2025,2352-409X/2352-409X,否,否,否,AHCI,1.4,,历史学,2 [63/778],是, ARCHAEOLOGY 考古学,2 [31/164],,,,,,,,,,,一级
Journal of the Civil War Era,2025,2154-4727/2159-9807,否,否,否,SSCI,0.5,,历史学,2 [64/778],否, HISTORY 历史学,2 [35/523],,,,,,,,,,,一级
JOURNAL OF SOCIAL HISTORY,2025,0022-4529/1527-1897,否,否,否,SSCI;AHCI,0.3,,历史学,2 [65/778],是, HISTORY 历史学,2 [36/523],,,,,,,,,,,一级
HISTORY OF THE HUMAN SCIENCES,2025,0952-6951/1461-720X,否,否,否,SSCI;AHCISCIE,0.5,,历史学,2 [66/778],是, HISTORY & PHILOSOPHY OF SCIENCE 科学史与科学哲学,2 [21/105], HISTORY OF SOCIAL SCIENCES 社会科学史,3 [10/42],,,,,,,,,一级
HISTORY WORKSHOP JOURNAL,2025,1363-3554/1477-4569,否,否,否,SSCI;AHCI,0.9,,历史学,2 [67/778],是, HISTORY 历史学,2 [37/523],,,,,,,,,,,一级
HISTORIA-ZEITSCHRIFT FUR ALTE GESCHICHTE,2025,0018-2311/0018-2311,否,否,是,AHCI,0.2,,历史学,2 [68/778],否, HISTORY 历史学,2 [38/523],,,,,,,,,,,一级
HAHR-Hispanic American Historical Review,2025,0018-2168/1527-1900,否,否,否,SSCI;AHCI,0.7,,历史学,2 [69/778],否, HISTORY 历史学,2 [39/523],,,,,,,,,,,一级
Journal of Early Modern History,2025,1385-3783/1570-0658,否,否,否,SSCI;AHCI,0.9,,历史学,2 [70/778],否, HISTORY 历史学,2 [40/523],,,,,,,,,,,一级
Annual of the British School at Athens,2025,0068-2454/2045-2403,否,否,否,AHCI,0.7,,历史学,2 [71/778],否, ARCHAEOLOGY 考古学,3 [34/164],,,,,,,,,,,一级
RETHINKING HISTORY,2025,1364-2529/1470-1154,否,否,否,SSCI;AHCI,0.8,,历史学,2 [72/778],否, HISTORY 历史学,2 [41/523],,,,,,,,,,,一级
JOURNAL OF MEDIEVAL HISTORY,2025,0304-4181/1873-1279,否,否,否,AHCI,0.2,,历史学,2 [73/778],否, MEDIEVAL & RENAISSANCE STUDIES 中世纪与文艺复兴研究,2 [11/82],,,,,,,,,,,一级
BUSINESS HISTORY REVIEW,2025,0007-6805/2044-768X,否,否,否,SSCI,1.2,,历史学,2 [74/778],否, HISTORY OF SOCIAL SCIENCES 社会科学史,3 [11/42], BUSINESS 商业：管理,4 [125/302],,,,,,,,,一级
TRADITIO-STUDIES IN ANCIENT AND MEDIEVAL HISTORY THOUGHT AND RELIGION,2025,0362-1529/2166-5508,否,否,否,AHCI,0.3,,历史学,2 [75/778],否, MEDIEVAL & RENAISSANCE STUDIES 中世纪与文艺复兴研究,2 [12/82],,,,,,,,,,,一级
Journal of Open Archaeology Data,2025,2049-1565/2049-1565,否,否,是,ESCI,1,,历史学,2 [76/778],否, ARCHAEOLOGY 考古学,3 [35/164],,,,,,,,,,,一级
AGRICULTURAL HISTORY REVIEW,2025,0002-1490/0002-1490,否,否,否,AHCI,0.5,,历史学,2 [77/778],否, HISTORY 历史学,2 [44/523],,,,,,,,,,,一级
Oral History Review,2025,0094-0798/1533-8592,否,否,否,SSCI;AHCI,1.3,,历史学,2 [78/778],否, HISTORY 历史学,2 [45/523],,,,,,,,,,,一级
SCANDINAVIAN JOURNAL OF HISTORY,2025,0346-8755/1502-7716,否,否,否,AHCI,0.8,,历史学,2 [79/778],否, HISTORY 历史学,2 [46/523],,,,,,,,,,,一级
European Journal of Archaeology,2025,1461-9571/1741-2722,否,否,否,AHCI,1.4,,历史学,2 [80/778],否, ARCHAEOLOGY 考古学,3 [36/164],,,,,,,,,,,一级
Contemporary British History,2025,1361-9462/1743-7997,否,否,否,AHCI,0.5,,历史学,2 [81/778],否, HISTORY 历史学,2 [47/523],,,,,,,,,,,一级
Azania-Archaeological Research in Africa,2025,0067-270X/1945-5534,否,否,否,AHCI,1.5,,历史学,2 [82/778],否, ARCHAEOLOGY 考古学,3 [38/164],,,,,,,,,,,一级
Acta Histriae,2025,1318-0185/2591-1767,否,否,是,SSCI;AHCI,0.3,,历史学,2 [83/778],否, HISTORY 历史学,2 [48/523],,,,,,,,,,,一级
Zeitschrift fur Assyriologie und Vorderasiatische Archaologie,2025,0084-5299/1613-1150,否,否,否,AHCI,0.3,,历史学,2 [84/778],否, HISTORY 历史学,2 [49/523], ARCHAEOLOGY 考古学,3 [39/164], LANGUAGE & LINGUISTICS 语言与语言学,3 [86/391],,,,,,,一级
Journal of Early Modern Studies,2025,2279-7149/2279-7149,否,否,是,ESCI,0.1,,历史学,2 [85/778],否, MEDIEVAL & RENAISSANCE STUDIES 中世纪与文艺复兴研究,3 [13/82],,,,,,,,,,,一级
JOURNAL OF NEAR EASTERN STUDIES,2025,0022-2968/1545-6978,否,否,否,AHCI,0.5,,历史学,2 [86/778],否, ASIAN STUDIES 亚洲研究,1 [7/102], ARCHAEOLOGY 考古学,3 [40/164],,,,,,,,,一级
AFRICAN ECONOMIC HISTORY,2025,0145-2258/2163-9108,否,否,否,AHCI,0.3,,历史学,2 [87/778],否, HISTORY 历史学,2 [50/523],,,,,,,,,,,一级
Journal of Cold War Studies,2025,1520-3972/1531-3298,否,否,否,SSCI;AHCI,0.7,,历史学,2 [88/778],否, HISTORY 历史学,2 [51/523], INTERNATIONAL RELATIONS 国际关系学,4 [71/165], POLITICAL SCIENCE 政治学,4 [138/317],,,,,,,一级
Palestine Exploration Quarterly,2025,0031-0328/1743-1301,否,否,否,AHCI,0.8,,历史学,2 [89/778],否, HISTORY 历史学,2 [52/523], ARCHAEOLOGY 考古学,3 [41/164],,,,,,,,,一级
History & Memory,2025,0935-560X/1527-1994,否,否,否,AHCI,0.3,,历史学,2 [90/778],否, HISTORY 历史学,2 [53/523],,,,,,,,,,,一级
JOURNAL OF SOUTHERN HISTORY,2025,0022-4642/2325-6893,否,否,否,AHCI,0.3,,历史学,2 [91/778],否, HISTORY 历史学,2 [54/523],,,,,,,,,,,一级
JOURNAL OF CONTEMPORARY HISTORY,2025,0022-0094/1461-7250,否,否,否,SSCI;AHCI,0.6,,历史学,2 [92/778],否, HISTORY 历史学,2 [55/523],,,,,,,,,,,一级
Cultural & Social History,2025,1478-0038/1478-0046,否,否,否,AHCI,0.5,,历史学,2 [93/778],否, HISTORY 历史学,2 [56/523],,,,,,,,,,,一级
Modern Intellectual History,2025,1479-2443/1479-2451,否,否,否,AHCI,1,,历史学,2 [94/778],否, HISTORY 历史学,2 [57/523],,,,,,,,,,,一级
HOLOCAUST AND GENOCIDE STUDIES,2025,8756-6583/1476-7937,否,否,否,AHCI,0.6,,历史学,2 [95/778],否, HISTORY 历史学,2 [58/523],,,,,,,,,,,一级
ENGLISH HISTORICAL REVIEW,2025,0013-8266/1477-4534,否,否,否,SSCI;AHCI,0.8,,历史学,2 [96/778],否, HISTORY 历史学,2 [59/523],,,,,,,,,,,一级
Fascism,2025,2211-6249/2211-6257,否,否,是,ESCI,0.2,,历史学,2 [97/778],否," HUMANITIES, MULTIDISCIPLINARY 人文科学",2 [20/406],,,,,,,,,,,一级
Terrae Incognitae-The Journal of the Society for the History of Discoveries,2025,0082-2884/2040-8706,否,否,否,ESCI,0.2,,历史学,2 [98/778],否, HISTORY 历史学,2 [60/523],,,,,,,,,,,一级
European Review of Economic History,2025,1361-4916/1474-0044,否,否,否,SSCI,1,,历史学,2 [99/778],否, ECONOMICS 经济学,3 [184/599], HISTORY OF SOCIAL SCIENCES 社会科学史,3 [12/42],,,,,,,,,二级
History and Anthropology,2025,0275-7206/1477-2612,否,否,否,SSCI;AHCI,0.4,,历史学,2 [100/778],否, HISTORY 历史学,2 [61/523], ANTHROPOLOGY 人类学,3 [47/137],,,,,,,,,二级
MNEMOSYNE,2025,0026-7074/1568-525X,否,否,否,AHCI,0.2,,历史学,2 [101/778],否, CLASSICS 古典文学,2 [7/59],,,,,,,,,,,二级
Journal of Jesuit Studies,2025,2214-1324/2214-1332,否,否,是,ESCI,0.4,,历史学,2 [102/778],否, HISTORY 历史学,2 [62/523],,,,,,,,,,,二级
HISTORY OF POLITICAL THOUGHT,2025,0143-781X/2051-2988,否,否,否,AHCI,0.4,,历史学,2 [103/778],否, HISTORY 历史学,2 [63/523],,,,,,,,,,,二级
JOURNAL OF WORLD HISTORY,2025,1045-6007/1527-8050,否,否,否,AHCI,0.5,,历史学,2 [104/778],否, HISTORY 历史学,2 [65/523],,,,,,,,,,,二级
HELIOS,2025,0160-0923/1935-0228,否,否,否,AHCI,0.2,,历史学,2 [105/778],否, CLASSICS 古典文学,2 [8/59],,,,,,,,,,,二级
Revista de Cancioneros Impresos y Manuscritos,2025,2254-7444/2254-7444,否,否,是,ESCI,0.3,,历史学,2 [106/778],否, MEDIEVAL & RENAISSANCE STUDIES 中世纪与文艺复兴研究,3 [14/82],,,,,,,,,,,二级
Archaeological Journal,2025,0066-5983/2373-2288,否,否,否,ESCI,0.8,,历史学,2 [107/778],否, ARCHAEOLOGY 考古学,3 [43/164],,,,,,,,,,,二级
JOURNAL OF AMERICAN HISTORY,2025,0021-8723/1945-2314,否,否,否,SSCI;AHCI,1.2,,历史学,2 [108/778],否, HISTORY 历史学,2 [66/523],,,,,,,,,,,二级
SOUTH AFRICAN ARCHAEOLOGICAL BULLETIN,2025,0038-1969/2224-4654,否,否,否,AHCI,1.6,,历史学,2 [109/778],否, ARCHAEOLOGY 考古学,3 [44/164],,,,,,,,,,,二级
Journal of Global Slavery,2025,2405-8351/2405-836X,否,否,否,ESCI,0.7,,历史学,2 [110/778],否, HISTORY 历史学,2 [67/523],,,,,,,,,,,二级
Mediterranean Historical Review,2025,0951-8967/1743-940X,否,否,否,SSCI;AHCI,0.2,,历史学,2 [111/778],否, HISTORY 历史学,2 [68/523],,,,,,,,,,,二级
Opuscula-Annual of the Swedish Institutes at Athens and Rome,2025,2000-0898/2000-0898,否,否,否,AHCI,0.8,,历史学,2 [112/778],否, ARCHAEOLOGY 考古学,3 [45/164],,,,,,,,,,,二级
Renaissance Studies,2025,0269-1213/1477-4658,否,否,否,AHCI,0.1,,历史学,2 [113/778],否, MEDIEVAL & RENAISSANCE STUDIES 中世纪与文艺复兴研究,3 [16/82],,,,,,,,,,,二级
Journal of Islamic Archaeology,2025,2051-9710/2051-9729,否,否,否,ESCI,0.6,,历史学,2 [114/778],否, ARCHAEOLOGY 考古学,3 [46/164],,,,,,,,,,,二级
CLASSICAL PHILOLOGY,2025,0009-837X/1546-072X,否,否,否,AHCI,0.6,,历史学,2 [115/778],否, CLASSICS 古典文学,2 [9/59],,,,,,,,,,,二级
INTERNATIONAL HISTORY REVIEW,2025,0707-5332/1949-6540,否,否,否,AHCI,0.3,,历史学,2 [116/778],否, HISTORY 历史学,2 [72/523],,,,,,,,,,,二级
JOURNAL OF MEDIEVAL AND EARLY MODERN STUDIES,2025,1082-9636,否,否,否,AHCI,0.1,,历史学,2 [117/778],否, MEDIEVAL & RENAISSANCE STUDIES 中世纪与文艺复兴研究,3 [17/82],,,,,,,,,,,二级
RUSSIAN REVIEW,2025,0036-0341/1467-9434,否,否,否,AHCI,0.4,,历史学,2 [118/778],否, HISTORY 历史学,2 [73/523],,,,,,,,,,,二级
Dutch Crossing-Journal of Low Countries Studies,2025,0309-6564/1759-7854,否,否,否,SSCI;AHCI,0.3,,历史学,2 [119/778],否, HISTORY 历史学,2 [74/523]," HUMANITIES, MULTIDISCIPLINARY 人文科学",2 [29/406],,,,,,,,,二级
Anuario de Estudios Americanos,2025,0210-5810/1988-4273,否,否,是,AHCI,0.2,,历史学,2 [120/778],否, HISTORY 历史学,2 [75/523],,,,,,,,,,,二级
Exemplaria-Medieval Early Modern Theory,2025,1041-2573/1753-3074,否,否,否,AHCI,0.3,,历史学,2 [121/778],否, MEDIEVAL & RENAISSANCE STUDIES 中世纪与文艺复兴研究,3 [18/82],,,,,,,,,,,二级
Revista de Historia Economica,2025,0212-6109/2041-3335,否,否,否,SSCI,0.5,,历史学,2 [122/778],否, HISTORY 历史学,2 [76/523], ECONOMICS 经济学,3 [206/599], HISTORY OF SOCIAL SCIENCES 社会科学史,3 [13/42],,,,,,,二级
ARETHUSA,2025,0004-0975/1080-6504,否,否,否,AHCI,0.2,,历史学,2 [123/778],否, CLASSICS 古典文学,2 [10/59],,,,,,,,,,,二级
European Review of History-Revue Europeenne d Histoire,2025,1350-7486/1469-8293,否,否,否,AHCI,0.5,,历史学,2 [124/778],否, HISTORY 历史学,2 [77/523],,,,,,,,,,,二级
Estonian Journal of Archaeology,2025,1406-2933/1736-7484,否,否,是,AHCI,0.4,,历史学,2 [125/778],否, ARCHAEOLOGY 考古学,3 [48/164],,,,,,,,,,,二级
HISTORY OF POLITICAL ECONOMY,2025,0018-2702/1527-1919,否,否,否,SSCI,0.9,,历史学,2 [126/778],否, ECONOMICS 经济学,3 [209/599], HISTORY OF SOCIAL SCIENCES 社会科学史,3 [14/42],,,,,,,,,二级
EUROPEAN HISTORY QUARTERLY,2025,0265-6914/1461-7110,否,否,否,SSCI;AHCI,0.5,,历史学,2 [127/778],否, HISTORY 历史学,2 [79/523], POLITICAL SCIENCE 政治学,4 [160/317],,,,,,,,,二级
POLIS,2025,0142-257X/2051-2996,否,否,否,AHCI,0.4,,历史学,2 [128/778],否, CLASSICS 古典文学,3 [11/59],,,,,,,,,,,二级
Journal of Medieval Iberian Studies,2025,1754-6559/1754-6567,否,否,否,AHCI,0.4,,历史学,2 [129/778],否, MEDIEVAL & RENAISSANCE STUDIES 中世纪与文艺复兴研究,3 [19/82],,,,,,,,,,,二级
Journal of Late Antiquity,2025,1939-6716/1942-1273,否,否,否,ESCI,0.6,,历史学,2 [130/778],否," HUMANITIES, MULTIDISCIPLINARY 人文科学",2 [31/406],,,,,,,,,,,二级
Journal of Roman Archaeology,2025,1047-7594/2331-5709,否,否,否,AHCI,0.8,,历史学,2 [131/778],否, ARCHAEOLOGY 考古学,3 [49/164],,,,,,,,,,,二级
JOURNAL OF EGYPTIAN ARCHAEOLOGY,2025,0307-5133/2514-0582,否,否,否,AHCI,0.4,,历史学,2 [132/778],否, ARCHAEOLOGY 考古学,3 [50/164],,,,,,,,,,,二级
Oxford Journal of Archaeology,2025,0262-5253/1468-0092,否,否,否,AHCI,0.7,,历史学,2 [133/778],否, ARCHAEOLOGY 考古学,3 [51/164],,,,,,,,,,,二级
JEWISH SOCIAL STUDIES,2025,0021-6704/1527-2028,否,否,否,ESCI,0.4,,历史学,2 [134/778],否," HUMANITIES, MULTIDISCIPLINARY 人文科学",2 [32/406],,,,,,,,,,,二级
Al-Masaq-Journal of the Medieval Mediterranean,2025,0950-3110/1473-348X,否,否,否,AHCI,0.2,,历史学,2 [135/778],否, MEDIEVAL & RENAISSANCE STUDIES 中世纪与文艺复兴研究,3 [20/82],,,,,,,,,,,二级
Virtual Archaeology Review,2025,1989-9947/1989-9947,否,否,是,ESCI,1.6,,历史学,2 [136/778],否, ARCHAEOLOGY 考古学,3 [52/164],,,,,,,,,,,二级
ARCHAEOLOGY IN OCEANIA,2025,0728-4896/1834-4453,否,否,否,SSCI;AHCI,1.4,,历史学,2 [137/778],否, ARCHAEOLOGY 考古学,3 [53/164], ANTHROPOLOGY 人类学,4 [57/137],,,,,,,,,二级
International Journal of the Classical Tradition,2025,1073-0508/1874-6292,否,否,否,AHCI,0.2,,历史学,2 [138/778],否," HUMANITIES, MULTIDISCIPLINARY 人文科学",2 [34/406], CLASSICS 古典文学,3 [12/59],,,,,,,,,二级
Journal of Ancient Near Eastern History,2025,2328-9554/2328-9562,否,否,否,ESCI,0.9,,历史学,2 [139/778],否, ARCHAEOLOGY 考古学,3 [54/164], HISTORY 历史学,3 [80/523],,,,,,,,,二级
INTERNATIONAL REVIEW OF SOCIAL HISTORY,2025,0020-8590/1469-512X,否,否,否,SSCI;AHCI,0.7,,历史学,2 [140/778],否, HISTORY 历史学,3 [81/523],,,,,,,,,,,二级
French History,2025,0269-1191/1477-4542,否,否,否,SSCI;AHCI,0.2,,历史学,2 [141/778],否, HISTORY 历史学,3 [82/523],,,,,,,,,,,二级
LATE IMPERIAL CHINA,2025,0884-3236/1086-3257,否,否,否,AHCI,0.4,,历史学,2 [142/778],否, HISTORY 历史学,3 [83/523],,,,,,,,,,,二级
Norwegian Archaeological Review,2025,0029-3652/1502-7678,否,否,否,AHCI,1.1,,历史学,2 [143/778],否, ARCHAEOLOGY 考古学,3 [55/164],,,,,,,,,,,二级
Journal of Iberian and Latin American Studies,2025,1470-1847/1469-9524,否,否,否,ESCI,0.3,,历史学,2 [144/778],否," HUMANITIES, MULTIDISCIPLINARY 人文科学",2 [37/406],,,,,,,,,,,二级
German History,2025,0266-3554/1477-089X,否,否,否,SSCI;AHCI,0.4,,历史学,2 [145/778],否, HISTORY 历史学,3 [86/523],,,,,,,,,,,二级
Journal of the Philosophy of History,2025,1872-261X/1872-2636,否,否,否,AHCI,0.9,,历史学,2 [146/778],否, HISTORY 历史学,3 [87/523], PHILOSOPHY 哲学,3 [73/328],,,,,,,,,二级
AUSTRALIAN ARCHAEOLOGY,2025,0312-2417/2470-0363,否,否,否,SSCI;AHCI,1.2,,历史学,2 [147/778],否, ARCHAEOLOGY 考古学,3 [57/164], ANTHROPOLOGY 人类学,4 [58/137],,,,,,,,,二级
Journal of Island & Coastal Archaeology,2025,1556-4894/1556-1828,否,否,否,AHCI,1,,历史学,2 [148/778],否, ARCHAEOLOGY 考古学,3 [58/164],,,,,,,,,,,二级
CONTINUITY AND CHANGE,2025,0268-4160/1469-218X,否,否,否,SSCI,1,,历史学,2 [149/778],否," SOCIAL SCIENCES, INTERDISCIPLINARY 社会科学：跨领域",4 [81/263],,,,,,,,,,,二级
BYZANTINE AND MODERN GREEK STUDIES,2025,0307-0131/1749-625X,否,否,否,AHCI,0.3,,历史学,3 [150/778],否," HUMANITIES, MULTIDISCIPLINARY 人文科学",2 [41/406],,,,,,,,,,,二级
Public History Review,2025,1037-9851/1833-4989,否,否,是,ESCI,0.6,,历史学,3 [151/778],否, HISTORY 历史学,3 [88/523],,,,,,,,,,,二级
Ab Imperio-Studies of New Imperial History and Nationalism in the Post-Soviet Space,2025,2166-4072/2164-9731,否,否,否,AHCI,0.6,,历史学,3 [152/778],否, HISTORY 历史学,3 [89/523],,,,,,,,,,,二级
Trabajos de Prehistoria,2025,0082-5638/1988-3218,否,否,是,SSCI;AHCI,1.3,,历史学,3 [153/778],否, ARCHAEOLOGY 考古学,3 [59/164], ANTHROPOLOGY 人类学,4 [61/137],,,,,,,,,二级
HISTORY,2025,0018-2648/1468-229X,否,否,否,AHCI,0.5,,历史学,3 [154/778],否, HISTORY 历史学,3 [91/523],,,,,,,,,,,二级
EIGHTEENTH-CENTURY STUDIES,2025,0013-2586/1086-315X,否,否,否,AHCI,0.3,,历史学,3 [155/778],否," HUMANITIES, MULTIDISCIPLINARY 人文科学",2 [45/406],,,,,,,,,,,二级
Jewish History,2025,0334-701X/1572-8579,否,否,否,AHCI,0.4,,历史学,3 [156/778],否, HISTORY 历史学,3 [92/523],,,,,,,,,,,二级
Journal of Medieval Religious Cultures,2025,1947-6566/2153-9650,否,否,否,ESCI,0.1,,历史学,3 [157/778],否, MEDIEVAL & RENAISSANCE STUDIES 中世纪与文艺复兴研究,3 [21/82],,,,,,,,,,,二级
WOMENS HISTORY REVIEW,2025,0961-2025/1747-583X,否,否,否,AHCI,0.6,,历史学,3 [158/778],否, HISTORY 历史学,3 [93/523],,,,,,,,,,,二级
Tijdschrift voor Rechtsgeschiedenis-Revue d Histoire du Droit-The Legal History Review,2025,0040-7585,否,否,否,SSCI;AHCI,0.1,,历史学,3 [159/778],否, HISTORY 历史学,3 [94/523], LAW 法学,4 [115/427],,,,,,,,,二级
AUSTRALIAN HISTORICAL STUDIES,2025,1031-461X/1940-5049,否,否,否,AHCI,0.6,,历史学,3 [160/778],否, HISTORY 历史学,3 [95/523],,,,,,,,,,,二级
CLASSICAL QUARTERLY,2025,0009-8388/1471-6844,否,否,否,AHCI,0.2,,历史学,3 [161/778],否, CLASSICS 古典文学,3 [13/59],,,,,,,,,,,二级
Southern African Humanities,2025,1681-5564,否,否,否,AHCI,0.2,,历史学,3 [162/778],否," HUMANITIES, MULTIDISCIPLINARY 人文科学",2 [51/406],,,,,,,,,,,二级
IRISH HISTORICAL STUDIES,2025,0021-1214/2056-4139,否,否,否,AHCI,0.6,,历史学,3 [163/778],否, HISTORY 历史学,3 [97/523],,,,,,,,,,,二级
Acta Classica,2025,0065-1141/2227-538X,否,否,否,AHCI,<0.1,,历史学,3 [164/778],否, CLASSICS 古典文学,3 [14/59],,,,,,,,,,,二级
SEVENTEENTH CENTURY,2025,0268-117X/2050-4616,否,否,否,AHCI,0.3,,历史学,3 [165/778],否, MEDIEVAL & RENAISSANCE STUDIES 中世纪与文艺复兴研究,3 [23/82],,,,,,,,,,,二级
Labour History Review,2025,0961-5652/1745-8188,否,否,否,AHCI,0.1,,历史学,3 [166/778],否, HISTORY 历史学,3 [99/523],,,,,,,,,,,二级
INDIAN ECONOMIC AND SOCIAL HISTORY REVIEW,2025,0019-4646/0973-0893,否,否,否,SSCI;AHCI,0.2,,历史学,3 [167/778],否, HISTORY 历史学,3 [100/523],,,,,,,,,,,二级
JOURNAL OF WOMENS HISTORY,2025,1042-7961/1527-2036,否,否,否,SSCI;AHCI,0.3,,历史学,3 [168/778],否, HISTORY 历史学,3 [101/523], WOMENS STUDIES 女性研究,4 [31/66],,,,,,,,,二级
Journal of Chinese History,2025,2059-1632/2059-1640,否,否,否,ESCI,0.6,,历史学,3 [169/778],否, ASIAN STUDIES 亚洲研究,2 [23/102], HISTORY 历史学,3 [102/523],,,,,,,,,二级
JOURNAL OF THE HISTORY OF THE BEHAVIORAL SCIENCES,2025,0022-5061/1520-6696,否,否,否,SSCI,0.5,,历史学,3 [170/778],否, HISTORY OF SOCIAL SCIENCES 社会科学史,4 [18/42],,,,,,,,,,,二级
ACTA ARCHAEOLOGICA,2025,0065-101X/1600-0390,否,否,否,AHCI,0.4,,历史学,3 [171/778],否, ARCHAEOLOGY 考古学,3 [60/164],,,,,,,,,,,二级
Journal of Maritime Archaeology,2025,1557-2285/1557-2293,否,否,否,AHCI,1.3,,历史学,3 [172/778],否, ARCHAEOLOGY 考古学,3 [61/164],,,,,,,,,,,二级
RADICAL HISTORY REVIEW,2025,0163-6545,否,否,否,AHCI,0.9,,历史学,3 [173/778],否, HISTORY 历史学,3 [103/523],,,,,,,,,,,二级
Journal of Eastern Mediterranean Archaeology and Heritage Studies,2025,2166-3548/2166-3556,否,否,否,ESCI,0.8,,历史学,3 [174/778],否, ARCHAEOLOGY 考古学,3 [63/164],,,,,,,,,,,二级
ENVIRONMENT AND HISTORY,2025,0967-3407/1752-7023,否,否,否,SSCI;AHCI,0.6,,历史学,3 [175/778],否, HISTORY 历史学,3 [106/523], ENVIRONMENTAL STUDIES 环境研究,4 [115/183],,,,,,,,,二级
Modern & Contemporary France,2025,0963-9489/1469-9869,否,否,否,AHCI,0.5,,历史学,3 [176/778],否, HISTORY 历史学,3 [107/523],,,,,,,,,,,二级
BYZANTINISCHE ZEITSCHRIFT,2025,0007-7704/1868-9027,否,否,否,AHCI,0.3,,历史学,3 [177/778],否, MEDIEVAL & RENAISSANCE STUDIES 中世纪与文艺复兴研究,3 [26/82],,,,,,,,,,,二级
Austrian History Yearbook,2025,0067-2378/1558-5255,否,否,否,SSCI;AHCI,0.4,,历史学,3 [178/778],否, HISTORY 历史学,3 [108/523],,,,,,,,,,,二级
CAHIERS DU MONDE RUSSE,2025,1252-6576/1777-5388,否,否,否,AHCI,0.3,,历史学,3 [179/778],否, HISTORY 历史学,3 [109/523],,,,,,,,,,,二级
CENTRAL EUROPEAN HISTORY,2025,0008-9389/1569-1616,否,否,否,SSCI;AHCI,0.3,,历史学,3 [180/778],否, HISTORY 历史学,3 [110/523],,,,,,,,,,,二级
Journal of Song-Yuan Studies,2025,1059-3152/2154-6665,否,否,否,AHCI,0.6,,历史学,3 [181/778],否, ASIAN STUDIES 亚洲研究,3 [27/102], HISTORY 历史学,3 [111/523],,,,,,,,,二级
LIAS-Journal of Early Modern Intellectual Culture and its Sources,2025,2033-4753/2033-5016,否,否,否,AHCI,<0.1,,历史学,3 [182/778],否," HUMANITIES, MULTIDISCIPLINARY 人文科学",2 [59/406],,,,,,,,,,,二级
History of Education Review,2025,0819-8691/0819-8691,否,否,否,ESCI,0.5,,历史学,3 [183/778],否, HISTORY OF SOCIAL SCIENCES 社会科学史,4 [19/42],,,,,,,,,,,二级
INTERNATIONAL JOURNAL OF OSTEOARCHAEOLOGY,2025,1047-482X/1099-1212,否,否,否,SSCI;AHCI,1,,历史学,3 [184/778],否, ARCHAEOLOGY 考古学,3 [64/164], ANTHROPOLOGY 人类学,4 [71/137],,,,,,,,,二级
Open Archaeology,2025,2300-6560/2300-6560,否,否,是,AHCI,0.7,,历史学,3 [185/778],否, ARCHAEOLOGY 考古学,3 [65/164],,,,,,,,,,,二级
Bulletin of the American Society of Overseas Research,2025,2769-3600/2769-3589,否,否,否,AHCI,1,,历史学,3 [186/778],否, ARCHAEOLOGY 考古学,3 [66/164],,,,,,,,,,,二级
Espana Medieval,2025,0214-3038/1988-2971,否,否,是,ESCI,0.2,,历史学,3 [187/778],否, MEDIEVAL & RENAISSANCE STUDIES 中世纪与文艺复兴研究,4 [27/82],,,,,,,,,,,二级
Anuario de Estudios Medievales,2025,0066-5061/1988-4230,否,否,是,AHCI,0.2,,历史学,3 [188/778],否, MEDIEVAL & RENAISSANCE STUDIES 中世纪与文艺复兴研究,4 [28/82],,,,,,,,,,,二级
Public Archaeology,2025,1465-5187/1753-5530,否,否,否,AHCI,0.9,,历史学,3 [189/778],否, ARCHAEOLOGY 考古学,4 [67/164],,,,,,,,,,,二级
Journal for Eighteenth-Century Studies,2025,1754-0194/1754-0208,否,否,否,AHCI,0.2,,历史学,3 [190/778],否," HUMANITIES, MULTIDISCIPLINARY 人文科学",2 [61/406],,,,,,,,,,,二级
French Colonial History,2025,1539-3402/1543-7787,否,否,否,ESCI,<0.1,,历史学,3 [191/778],否, HISTORY 历史学,3 [113/523],,,,,,,,,,,二级
Historical Encounters-A Journal of Historical Consciousness Historical Cultures and History Education,2025,2203-7543/2203-7543,否,否,是,ESCI,0.7,,历史学,3 [192/778],否, HISTORY 历史学,3 [116/523],,,,,,,,,,,二级
Journal of Conflict Archaeology,2025,1574-0773/1574-0781,否,否,否,ESCI,0.6,,历史学,3 [193/778],否, ARCHAEOLOGY 考古学,4 [68/164],,,,,,,,,,,二级
Reti Medievali Rivista,2025,1593-2214,否,否,是,AHCI,0.1,,历史学,3 [194/778],否, MEDIEVAL & RENAISSANCE STUDIES 中世纪与文艺复兴研究,4 [29/82],,,,,,,,,,,二级
MEDIEVAL HISTORY JOURNAL,2025,0971-9458/0973-0753,否,否,否,AHCI,0.2,,历史学,3 [195/778],否, MEDIEVAL & RENAISSANCE STUDIES 中世纪与文艺复兴研究,4 [30/82],,,,,,,,,,,二级
JOURNAL OF THE HISTORY OF SEXUALITY,2025,1043-4070/1535-3605,否,否,否,SSCI;AHCI,0.5,,历史学,3 [196/778],否, HISTORY 历史学,3 [117/523], SOCIOLOGY 社会学,4 [135/216],,,,,,,,,二级
Erudition and the Republic of Letters,2025,2405-5050/2405-5069,否,否,否,ESCI,0.1,,历史学,3 [197/778],否, HISTORY 历史学,3 [118/523],,,,,,,,,,,二级
INTERNATIONAL JOURNAL OF NAUTICAL ARCHAEOLOGY,2025,1057-2414/1095-9270,否,否,否,AHCI,0.6,,历史学,3 [198/778],否, ARCHAEOLOGY 考古学,4 [69/164],,,,,,,,,,,二级
Revolutionary Russia,2025,0954-6545/1743-7873,否,否,否,AHCI,0.2,,历史学,3 [199/778],否, HISTORY 历史学,3 [119/523],,,,,,,,,,,二级
HERMES-ZEITSCHRIFT FUR KLASSISCHE PHILOLOGIE,2025,0018-0777/2365-3116,否,否,否,AHCI,0.1,,历史学,3 [200/778],否, CLASSICS 古典文学,3 [16/59],,,,,,,,,,,二级
Colonial Latin American Review,2025,1060-9164/1466-1802,否,否,否,AHCI,0.4,,历史学,3 [201/778],否, HISTORY 历史学,3 [121/523],,,,,,,,,,,二级
Culture & History Digital Journal,2025,2253-797X/2253-797X,否,否,是,SSCI;AHCI,0.4,,历史学,3 [202/778],否, HISTORY 历史学,3 [122/523],,,,,,,,,,,二级
Journal of Contemporary Archaeology,2025,2051-3429/2051-3437,否,否,否,ESCI,0.4,,历史学,3 [203/778],否, ARCHAEOLOGY 考古学,4 [71/164],,,,,,,,,,,二级
Skhidnoievropeiskyi Istorychnyi Visnyk-East European Historical Bulletin,2025,2519-058X/2519-058X,否,否,是,ESCI,0.3,,历史学,3 [204/778],否, HISTORY 历史学,3 [123/523],,,,,,,,,,,二级
De Medio Aevo,2025,2255-5889/2255-5889,否,否,是,ESCI,0.1,,历史学,3 [205/778],否, MEDIEVAL & RENAISSANCE STUDIES 中世纪与文艺复兴研究,4 [32/82],,,,,,,,,,,二级
Erasmus Studies,2025,0276-2854/1874-9275,否,否,否,ESCI,<0.1,,历史学,3 [206/778],否, MEDIEVAL & RENAISSANCE STUDIES 中世纪与文艺复兴研究,4 [33/82],,,,,,,,,,,二级
GREEK ROMAN AND BYZANTINE STUDIES,2025,0017-3916/2159-3159,否,否,是,AHCI,0.2,,历史学,3 [207/778],否, CLASSICS 古典文学,3 [17/59],,,,,,,,,,,二级
Philippine Studies-Historical and Ethnographic Viewpoints,2025,2244-1093/2244-1638,否,否,否,ESCI,0.2,,历史学,3 [208/778],否, HISTORY 历史学,3 [125/523],,,,,,,,,,,二级
Rusin,2025,1857-2685/2345-1149,否,否,否,ESCI,0.3,,历史学,3 [209/778],否, HISTORY 历史学,3 [127/523],,,,,,,,,,,二级
Materiali e Discussioni per l Analisi dei Testi Classici,2025,0392-6338/1724-1693,否,否,否,AHCI,0.1,,历史学,3 [210/778],否, CLASSICS 古典文学,3 [18/59],,,,,,,,,,,二级
Itinerario-International Journal on the History of European Expansion and Global Interaction,2025,0165-1153/2041-2827,否,否,否,SSCI;AHCI,0.6,,历史学,3 [211/778],否, HISTORY 历史学,3 [128/523],,,,,,,,,,,二级
Byzantinoslavica-Revue Internationale des Etudes Byzantines,2025,0007-7712/0007-7712,否,否,否,ESCI,<0.1,,历史学,3 [212/778],否, MEDIEVAL & RENAISSANCE STUDIES 中世纪与文艺复兴研究,4 [34/82],,,,,,,,,,,二级
BUSINESS HISTORY,2025,0007-6791/1743-7938,否,否,否,SSCI,1.3,,历史学,3 [213/778],否, BUSINESS 商业：管理,4 [182/302], HISTORY OF SOCIAL SCIENCES 社会科学史,4 [20/42],,,,,,,,,二级
SCOTTISH HISTORICAL REVIEW,2025,0036-9241/1750-0222,否,否,否,SSCI;AHCI,0.5,,历史学,3 [214/778],否, HISTORY 历史学,3 [130/523],,,,,,,,,,,二级
Iran-Journal of the British Institute of Persian Studies,2025,0578-6967/2396-9202,否,否,否,AHCI,1.1,,历史学,3 [215/778],否, ASIAN STUDIES 亚洲研究,3 [34/102], ARCHAEOLOGY 考古学,4 [72/164],,,,,,,,,二级
CATHOLIC HISTORICAL REVIEW,2025,0008-8080/1534-0708,否,否,否,AHCI,0.1,,历史学,3 [216/778],否, HISTORY 历史学,3 [131/523],,,,,,,,,,,二级
KRITIKA-EXPLORATIONS IN RUSSIAN AND EURASIAN HISTORY,2025,1531-023X/1538-5000,否,否,是,AHCI,0.3,,历史学,3 [217/778],否, HISTORY 历史学,3 [132/523],,,,,,,,,,,二级
CLASSICAL JOURNAL,2025,0009-8353/2327-5812,否,否,否,AHCI,0.1,,历史学,3 [218/778],否, CLASSICS 古典文学,3 [19/59],,,,,,,,,,,二级
Magnificat Cultura i Literatura Medievals,2025,2386-8295/2386-8295,否,否,是,ESCI,0.1,,历史学,3 [219/778],否, MEDIEVAL & RENAISSANCE STUDIES 中世纪与文艺复兴研究,4 [35/82],,,,,,,,,,,二级
INTERNATIONAL JOURNAL OF AFRICAN HISTORICAL STUDIES,2025,0361-7882/2326-3016,否,否,否,AHCI,0.2,,历史学,3 [220/778],否, HISTORY 历史学,3 [133/523],,,,,,,,,,,二级
JOURNAL OF THE POLYNESIAN SOCIETY,2025,0032-4000/2230-5955,否,否,否,SSCI,0.8,,历史学,3 [221/778],否, ANTHROPOLOGY 人类学,4 [79/137],,,,,,,,,,,二级
Archaeological Research in Asia,2025,2352-2267/2352-2275,否,否,否,AHCI,1.1,,历史学,3 [222/778],否, ARCHAEOLOGY 考古学,4 [73/164],,,,,,,,,,,二级
INTERNATIONAL LABOR AND WORKING-CLASS HISTORY,2025,0147-5479/1471-6445,否,否,否,SSCI;AHCI,0.5,,历史学,3 [223/778],否, HISTORY 历史学,3 [134/523], INDUSTRIAL RELATIONS & LABOR 劳动关系学,4 [28/50],,,,,,,,,二级
Cold War History,2025,1468-2745/1743-7962,否,否,否,SSCI;AHCI,0.3,,历史学,3 [224/778],否, HISTORY 历史学,3 [135/523],,,,,,,,,,,二级
Modern Italy,2025,1353-2944/1469-9877,否,否,否,SSCI;AHCI,0.6,,历史学,3 [225/778],否, HISTORY 历史学,3 [136/523], AREA STUDIES 地域研究,4 [70/174],,,,,,,,,二级
PROCEEDINGS OF THE ROYAL IRISH ACADEMY SECTION C-ARCHAEOLOGY CELTIC STUDIES HISTORY LINGUISTICS LITERATURE,2025,0035-8991,否,否,否,AHCI,0.1,,历史学,3 [226/778],否," HUMANITIES, MULTIDISCIPLINARY 人文科学",3 [78/406],,,,,,,,,,,二级
Antichthon,2025,0066-4774/2056-8819,否,否,否,AHCI,0.1,,历史学,3 [227/778],否, CLASSICS 古典文学,3 [20/59],,,,,,,,,,,二级
ETHNOHISTORY,2025,0014-1801/1527-5477,否,否,否,SSCI;AHCI,0.4,,历史学,3 [228/778],否, HISTORY 历史学,3 [137/523], ANTHROPOLOGY 人类学,4 [81/137],,,,,,,,,二级
FRENCH HISTORICAL STUDIES,2025,0016-1071/1527-5493,否,否,否,AHCI,0.2,,历史学,3 [229/778],否, HISTORY 历史学,3 [138/523],,,,,,,,,,,二级
Conimbriga-Revista de Arqueologia,2025,0084-9189/1647-8657,否,否,是,ESCI,0.3,,历史学,3 [230/778],否, ARCHAEOLOGY 考古学,4 [74/164],,,,,,,,,,,二级
Bulletin of Latin American Research,2025,0261-3050/1470-9856,否,否,否,SSCI,0.6,,历史学,3 [231/778],否, AREA STUDIES 地域研究,4 [72/174],,,,,,,,,,,二级
Papers of the British School at Rome,2025,0068-2462/2045-239X,否,否,否,AHCI,0.7,,历史学,3 [232/778],否," HUMANITIES, MULTIDISCIPLINARY 人文科学",3 [83/406],,,,,,,,,,,二级
Listy Filologicke,2025,0024-4457/2570-9410,否,否,否,AHCI,0.1,,历史学,3 [233/778],否," HUMANITIES, MULTIDISCIPLINARY 人文科学",3 [85/406],,,,,,,,,,,二级
Urban History,2025,0963-9268/1469-8706,否,否,否,AHCI,0.4,,历史学,3 [234/778],否, HISTORY 历史学,3 [139/523],,,,,,,,,,,二级
WESTERN HISTORICAL QUARTERLY,2025,0043-3810/1939-8603,否,否,否,AHCI,0.6,,历史学,3 [235/778],否, HISTORY 历史学,3 [140/523],,,,,,,,,,,二级
Cuadernos de Filologia Clasica-Estudios Latinos,2025,1131-9062/1988-2343,否,否,否,ESCI,<0.1,,历史学,3 [236/778],否, CLASSICS 古典文学,3 [21/59],,,,,,,,,,,二级
Contributions to the History of Concepts,2025,1807-9326/1874-656X,否,否,否,ESCI,0.4,,历史学,3 [237/778],否, HISTORY 历史学,3 [141/523],,,,,,,,,,,二级
Historia da Historiografia,2025,1983-9928/1983-9928,否,否,是,ESCI,0.1,,历史学,3 [238/778],否, HISTORY 历史学,3 [142/523],,,,,,,,,,,二级
Ancient Civilizations from Scythia to Siberia,2025,0929-077X/1570-0577,否,否,否,ESCI,<0.1,,历史学,3 [239/778],否," HUMANITIES, MULTIDISCIPLINARY 人文科学",3 [89/406],,,,,,,,,,,二级
Cahiers Balkaniques,2025,0290-7402/2261-4184,否,否,是,ESCI,<0.1,,历史学,3 [240/778],否," HUMANITIES, MULTIDISCIPLINARY 人文科学",3 [90/406],,,,,,,,,,,二级
SOUTH AFRICAN HISTORICAL JOURNAL,2025,0258-2473/1726-1686,否,否,否,SSCI;AHCI,1,,历史学,3 [241/778],否, HISTORY 历史学,3 [143/523],,,,,,,,,,,二级
ARCHIVIO STORICO ITALIANO,2025,0391-7770/2036-4660,否,否,否,AHCI,0.1,,历史学,3 [242/778],否, HISTORY 历史学,3 [144/523],,,,,,,,,,,二级
Planning Perspectives,2025,0266-5433/1466-4518,否,否,否,SSCI;AHCI,0.9,,历史学,3 [243/778],否, ARCHITECTURE 建筑学,2 [6/94], HISTORY 历史学,3 [145/523], HISTORY OF SOCIAL SCIENCES 社会科学史,4 [22/42],,,,,,,二级
Economic History of Developing Regions,2025,2078-0389/2078-0397,否,否,否,ESCI,0.8,,历史学,3 [244/778],否, HISTORY 历史学,3 [146/523],,,,,,,,,,,二级
GESCHICHTE UND GESELLSCHAFT,2025,0340-613X/2196-9000,否,否,否,AHCI,0.3,,历史学,3 [245/778],否, HISTORY 历史学,3 [147/523],,,,,,,,,,,二级
Journal of Modern European History,2025,1611-8944/2631-9764,否,否,否,SSCI;AHCI,0.8,,历史学,3 [246/778],否, HISTORY 历史学,3 [148/523],,,,,,,,,,,二级
JOURNAL OF LATIN AMERICAN STUDIES,2025,0022-216X/1469-767X,否,否,否,SSCI;AHCI,0.9,,历史学,3 [247/778],否," HUMANITIES, MULTIDISCIPLINARY 人文科学",3 [93/406], AREA STUDIES 地域研究,4 [77/174],,,,,,,,,二级
Atlantic Studies-Global Currents,2025,1478-8810/1740-4649,否,否,否,ESCI,0.5,,历史学,3 [248/778],否, HISTORY 历史学,3 [149/523],,,,,,,,,,,二级
Journal of the British Archaeological Association,2025,0068-1288/1747-6704,否,否,否,AHCI,0.3,,历史学,3 [249/778],否, ARCHAEOLOGY 考古学,4 [75/164], MEDIEVAL & RENAISSANCE STUDIES 中世纪与文艺复兴研究,4 [36/82],,,,,,,,,二级
Journal of Egyptian History,2025,1874-1657/1874-1665,否,否,否,ESCI,0.3,,历史学,3 [250/778],否, HISTORY 历史学,3 [150/523],,,,,,,,,,,二级
Imago Mundi-The International Journal for the History of Cartography,2025,0308-5694/1479-7801,否,否,否,SSCI;AHCI,0.5,,历史学,3 [251/778],否, HISTORY 历史学,3 [151/523], GEOGRAPHY 地理学,4 [83/171], HISTORY & PHILOSOPHY OF SCIENCE 科学史与科学哲学,4 [56/105], HISTORY OF SOCIAL SCIENCES 社会科学史,4 [23/42],,,,,二级
Cuadernos de Historia Contemporanea,2025,0214-400X/1988-2734,否,否,是,ESCI,0.3,,历史学,3 [252/778],否, HISTORY 历史学,3 [152/523],,,,,,,,,,,二级
BIBLIOTHEQUE D HUMANISME ET RENAISSANCE,2025,0006-1999,否,否,否,AHCI,<0.1,,历史学,3 [253/778],否, MEDIEVAL & RENAISSANCE STUDIES 中世纪与文艺复兴研究,4 [37/82],,,,,,,,,,,二级
GYMNASIUM,2025,0342-5231/2567-6555,否,否,否,AHCI,0.2,,历史学,3 [254/778],否, CLASSICS 古典文学,3 [23/59],,,,,,,,,,,二级
NEAR EASTERN ARCHAEOLOGY,2025,1094-2076/2325-5404,否,否,否,AHCI,0.4,,历史学,3 [255/778],否, ARCHAEOLOGY 考古学,4 [76/164],,,,,,,,,,,二级
Documenta et Instrumenta,2025,1697-4328/1697-3798,否,否,是,ESCI,0.1,,历史学,3 [256/778],否, HISTORY 历史学,3 [153/523],,,,,,,,,,,二级
ARABIAN ARCHAEOLOGY AND EPIGRAPHY,2025,0905-7196/1600-0471,否,否,否,AHCI,0.8,,历史学,3 [257/778],否, ARCHAEOLOGY 考古学,4 [77/164],,,,,,,,,,,二级
Medieval Archaeology,2025,0076-6097/1745-817X,否,否,否,AHCI,1.4,,历史学,3 [258/778],否, ARCHAEOLOGY 考古学,4 [78/164], MEDIEVAL & RENAISSANCE STUDIES 中世纪与文艺复兴研究,4 [38/82],,,,,,,,,二级
Post-Medieval Archaeology,2025,0079-4236/1745-8137,否,否,否,AHCI,0.5,,历史学,3 [259/778],否, ARCHAEOLOGY 考古学,4 [79/164],,,,,,,,,,,二级
Acta Orientalia Academiae Scientiarum Hungaricae,2025,1588-2667/0001-6446,否,否,否,AHCI,0.2,,历史学,3 [260/778],否, ASIAN STUDIES 亚洲研究,3 [42/102], HISTORY 历史学,3 [156/523],,,,,,,,,二级
AMERICAN INDIAN CULTURE AND RESEARCH JOURNAL,2025,0161-6463/0161-6463,否,否,否,AHCI,0.8,,历史学,3 [261/778],否, HISTORY 历史学,3 [157/523],,,,,,,,,,,二级
Early Modern French Studies,2025,2056-3035/2056-3043,否,否,否,AHCI,0.1,,历史学,3 [262/778],否, HISTORY 历史学,3 [158/523]," HUMANITIES, MULTIDISCIPLINARY 人文科学",3 [101/406],,,,,,,,,二级
RIVISTA STORICA ITALIANA,2025,0035-7073,否,否,否,AHCI,0.1,,历史学,3 [263/778],否, HISTORY 历史学,3 [159/523],,,,,,,,,,,二级
NORTHERN HISTORY,2025,0078-172X/1745-8706,否,否,否,SSCI;AHCI,0.2,,历史学,3 [264/778],否, HISTORY 历史学,3 [160/523],,,,,,,,,,,二级
ENVIRONMENTAL HISTORY,2025,1084-5453/1930-8892,否,否,否,SSCI;AHCI,0.8,,历史学,3 [265/778],否, HISTORY 历史学,3 [161/523], ENVIRONMENTAL STUDIES 环境研究,4 [126/183],,,,,,,,,二级
Journal of Israeli History,2025,1353-1042/1744-0548,否,否,否,SSCI;AHCI,0.3,,历史学,3 [266/778],否, HISTORY 历史学,3 [162/523],,,,,,,,,,,二级
Time & Mind-The Journal of Archaeology Consciousness and Culture,2025,1751-696X/1751-6978,否,否,否,AHCI,0.5,,历史学,3 [267/778],否, ARCHAEOLOGY 考古学,4 [80/164],,,,,,,,,,,二级
Gender and History,2025,0953-5233/1468-0424,否,否,否,SSCI;AHCI,0.4,,历史学,3 [268/778],否, HISTORY 历史学,3 [163/523], WOMENS STUDIES 女性研究,4 [39/66],,,,,,,,,二级
Aboriginal History,2025,0314-8769/1837-9389,否,否,否,ESCI,0.1,,历史学,3 [269/778],否, HISTORY 历史学,3 [164/523],,,,,,,,,,,二级
URBAN HISTORY REVIEW-REVUE D HISTOIRE URBAINE,2025,0703-0428/1918-5138,否,否,否,AHCI,0.3,,历史学,3 [270/778],否, HISTORY 历史学,3 [165/523],,,,,,,,,,,二级
Historische Zeitschrift,2025,0018-2613/2196-680X,否,否,否,AHCI,0.1,,历史学,3 [271/778],否, HISTORY 历史学,3 [166/523],,,,,,,,,,,二级
Convivium-Exchanges and Interactions in the Arts of Medieval Europe Byzantium and the Mediterranean,2025,2336-3452/2336-808X,否,否,否,ESCI,0.1,,历史学,3 [272/778],否, MEDIEVAL & RENAISSANCE STUDIES 中世纪与文艺复兴研究,4 [39/82],,,,,,,,,,,二级
Emotions-History Culture Society,2025,2206-7485/2208-522X,否,否,否,ESCI,0.5,,历史学,3 [273/778],否," HUMANITIES, MULTIDISCIPLINARY 人文科学",3 [104/406],,,,,,,,,,,二级
HISTORICAL REFLECTIONS-REFLEXIONS HISTORIQUES,2025,0315-7997/1939-2419,否,否,否,AHCI,0.4,,历史学,3 [274/778],否, HISTORY 历史学,3 [168/523],,,,,,,,,,,二级
AMERICAN JEWISH HISTORY,2025,0164-0178/1086-3141,否,否,否,AHCI,<0.1,,历史学,3 [275/778],否, HISTORY 历史学,3 [169/523],,,,,,,,,,,二级
Vestnik Drevnei Istorii-Journal of Ancient History,2025,0321-0391/0321-0391,否,否,否,ESCI,0.1,,历史学,3 [276/778],否," HUMANITIES, MULTIDISCIPLINARY 人文科学",3 [105/406],,,,,,,,,,,二级
Papers from the Institute of Archaeology,2025,0965-9315/2041-9015,否,否,是,ESCI,0.1,,历史学,3 [277/778],否, ARCHAEOLOGY 考古学,4 [81/164],,,,,,,,,,,二级
ISRAEL EXPLORATION JOURNAL,2025,0021-2059,否,否,否,AHCI,,,历史学,3 [278/778],否, ARCHAEOLOGY 考古学,4 [82/164],,,,,,,,,,,二级
LATIN AMERICAN PERSPECTIVES,2025,0094-582X/1552-678X,否,否,否,SSCI,0.7,,历史学,3 [279/778],否, AREA STUDIES 地域研究,4 [85/174], POLITICAL SCIENCE 政治学,4 [217/317],,,,,,,,,二级
Drevnyaya Rus-Voprosy Medievistiki,2025,2071-9574/2071-9574,否,否,否,ESCI,0.2,,历史学,3 [280/778],否, MEDIEVAL & RENAISSANCE STUDIES 中世纪与文艺复兴研究,4 [40/82],,,,,,,,,,,二级
WAR IN HISTORY,2025,0968-3445/1477-0385,否,否,否,SSCI;AHCI,0.2,,历史学,3 [281/778],否, HISTORY 历史学,3 [170/523], INTERNATIONAL RELATIONS 国际关系学,4 [110/165],,,,,,,,,二级
SIXTEENTH CENTURY JOURNAL,2025,0361-0160/2326-0726,否,否,否,AHCI,0.1,,历史学,3 [282/778],否, HISTORY 历史学,3 [171/523],,,,,,,,,,,二级
Journal of Australian Studies,2025,1444-3058/1835-6419,否,否,否,SSCI;AHCI,0.5,,历史学,3 [283/778],否, AREA STUDIES 地域研究,4 [87/174], CULTURAL STUDIES 文化研究,4 [42/59], HISTORY 历史学,4 [172/523],,,,,,,二级
MOYEN AGE,2025,0027-2841/1782-1436,否,否,否,AHCI,0.2,,历史学,3 [284/778],否, MEDIEVAL & RENAISSANCE STUDIES 中世纪与文艺复兴研究,4 [41/82],,,,,,,,,,,二级
Minerva-Revista de Filologia Clasica,2025,0213-9634/2530-6480,否,否,是,ESCI,<0.1,,历史学,3 [285/778],否, CLASSICS 古典文学,4 [25/59],,,,,,,,,,,二级
Emerita,2025,0013-6662/1988-8384,否,否,是,AHCI,0.1,,历史学,3 [286/778],否, CLASSICS 古典文学,4 [26/59],,,,,,,,,,,二级
History Compass,2025,1478-0542/1478-0542,否,否,否,ESCI,0.6,,历史学,3 [287/778],否, HISTORY 历史学,4 [173/523],,,,,,,,,,,二级
CIVIL WAR HISTORY,2025,0009-8078/1533-6271,否,否,否,AHCI,0.6,,历史学,3 [288/778],否, HISTORY 历史学,4 [176/523],,,,,,,,,,,二级
Zolotoordynskoe Obozrenie-Golden Horde Review,2025,2308-152X/2313-6197,否,否,是,ESCI,0.2,,历史学,3 [289/778],否, HISTORY 历史学,4 [177/523],,,,,,,,,,,二级
Costume-The Journal of the Costume Society,2025,0590-8876/1749-6306,否,否,否,AHCI,0.3,,历史学,3 [290/778],否," HUMANITIES, MULTIDISCIPLINARY 人文科学",3 [111/406],,,,,,,,,,,二级
HISTORISK TIDSSKRIFT,2025,0018-263X/1504-2944,否,否,是,AHCI,0.4,,历史学,3 [291/778],否, HISTORY 历史学,4 [178/523],,,,,,,,,,,二级
London Journal,2025,0305-8034/1749-6322,否,否,否,SSCI;AHCI,0.3,,历史学,3 [292/778],否, AREA STUDIES 地域研究,4 [91/174], HISTORY 历史学,4 [181/523],,,,,,,,,二级
Cuadernos de Filologia Clasica-Estudios Griegos e Indoeuropeos,2025,1131-9070/1988-2637,否,否,否,ESCI,<0.1,,历史学,3 [293/778],否, CLASSICS 古典文学,4 [28/59],,,,,,,,,,,二级
ENTERPRISE & SOCIETY,2025,1467-2227/1467-2235,否,否,否,SSCI,0.9,,历史学,3 [294/778],否, BUSINESS 商业：管理,4 [197/302], HISTORY OF SOCIAL SCIENCES 社会科学史,4 [26/42],,,,,,,,,二级
SLAVONIC AND EAST EUROPEAN REVIEW,2025,0037-6795/2222-4327,否,否,否,AHCI,0.4,,历史学,3 [295/778],否," HUMANITIES, MULTIDISCIPLINARY 人文科学",3 [117/406],,,,,,,,,,,二级
HISTORICAL ARCHAEOLOGY,2025,0440-9213/2328-1103,否,否,否,AHCI,0.6,,历史学,3 [296/778],否, ARCHAEOLOGY 考古学,4 [84/164],,,,,,,,,,,二级
GLOTTA-ZEITSCHRIFT FUR GRIECHISCHE UND LATEINISCHE SPRACHE,2025,0017-1298/2196-9043,否,否,否,AHCI,0.2,,历史学,3 [297/778],否, CLASSICS 古典文学,4 [29/59],,,,,,,,,,,二级
Shofar-An Interdisciplinary Journal of Jewish Studies,2025,0882-8539/1534-5165,否,否,否,AHCI,0.3,,历史学,3 [298/778],否," HUMANITIES, MULTIDISCIPLINARY 人文科学",3 [119/406],,,,,,,,,,,二级
AEVUM-RASSEGNA DI SCIENZE STORICHE LINGUISTICHE E FILOLOGICHE,2025,0001-9593/1827-787X,否,否,否,AHCI,0.1,,历史学,3 [299/778],否," HUMANITIES, MULTIDISCIPLINARY 人文科学",3 [121/406],,,,,,,,,,,二级
CAMBRIAN MEDIEVAL CELTIC STUDIES,2025,1353-0089/1353-0089,否,否,否,AHCI,0.2,,历史学,3 [300/778],否, MEDIEVAL & RENAISSANCE STUDIES 中世纪与文艺复兴研究,4 [42/82],,,,,,,,,,,二级
Philologus,2025,0031-7985/2196-7008,否,否,否,AHCI,0.1,,历史学,3 [301/778],否, CLASSICS 古典文学,4 [30/59],,,,,,,,,,,二级
New Global Studies,2025,1940-0004/1940-0004,否,否,否,ESCI,0.8,,历史学,3 [302/778],否, HISTORY 历史学,4 [183/523],,,,,,,,,,,二级
RENAISSANCE AND REFORMATION,2025,0034-429X/0034-429X,否,否,否,AHCI,0.1,,历史学,3 [303/778],否, MEDIEVAL & RENAISSANCE STUDIES 中世纪与文艺复兴研究,4 [43/82],,,,,,,,,,,二级
ZEITGESCHICHTE,2025,0256-5250,否,否,否,SSCI;AHCI,0.2,,历史学,3 [304/778],否, HISTORY 历史学,4 [184/523],,,,,,,,,,,二级
Symbolae Osloenses,2025,0039-7679/1502-7805,否,否,否,AHCI,0.1,,历史学,3 [305/778],否, CLASSICS 古典文学,4 [31/59],,,,,,,,,,,二级
REFORMATION & RENAISSANCE REVIEW,2025,1462-2459/1743-1727,否,否,否,ESCI,0.6,,历史学,3 [306/778],否, MEDIEVAL & RENAISSANCE STUDIES 中世纪与文艺复兴研究,4 [44/82],,,,,,,,,,,二级
JOURNAL OF AMERICAN STUDIES,2025,0021-8758/1469-5154,否,否,否,AHCI,0.3,,历史学,3 [307/778],否," HUMANITIES, MULTIDISCIPLINARY 人文科学",3 [123/406],,,,,,,,,,,二级
LATOMUS,2025,0023-8856/2294-4427,否,否,否,AHCI,<0.1,,历史学,3 [308/778],否, CLASSICS 古典文学,4 [32/59],,,,,,,,,,,二级
QUADERNI URBINATI DI CULTURA CLASSICA,2025,0033-4987/1724-1901,否,否,否,AHCI,<0.1,,历史学,3 [309/778],否, CLASSICS 古典文学,4 [33/59],,,,,,,,,,,二级
PACIFIC HISTORICAL REVIEW,2025,0030-8684,否,否,否,AHCI,0.2,,历史学,3 [310/778],否, HISTORY 历史学,4 [186/523],,,,,,,,,,,二级
Studies in History,2025,0257-6430/0973-080X,否,否,否,ESCI,0.1,,历史学,3 [311/778],否, HISTORY 历史学,4 [187/523],,,,,,,,,,,二级
Acta Historica Tallinnensia,2025,1406-2925/1736-7476,否,否,是,AHCI,0.5,,历史学,3 [312/778],否, HISTORY 历史学,4 [188/523],,,,,,,,,,,二级
Twentieth-Century China,2025,1521-5385/1940-5065,否,否,否,ESCI,0.4,,历史学,3 [313/778],否, HISTORY 历史学,4 [189/523],,,,,,,,,,,二级
JOURNAL OF MODERN ITALIAN STUDIES,2025,1354-571X/1469-9583,否,否,否,SSCI;AHCI,0.7,,历史学,3 [314/778],否, HISTORY 历史学,4 [190/523],,,,,,,,,,,二级
Asian and African Studies,2025,1335-1257/2585-8793,否,否,是,ESCI,0.5,,历史学,3 [315/778],否," HUMANITIES, MULTIDISCIPLINARY 人文科学",3 [127/406],,,,,,,,,,,二级
Journal of Victorian Culture,2025,1355-5502/1750-0133,否,否,否,SSCI;AHCI,0.5,,历史学,3 [316/778],否, HISTORY 历史学,4 [191/523],,,,,,,,,,,二级
JOURNAL OF PACIFIC HISTORY,2025,0022-3344/1469-9605,否,否,否,AHCI,0.6,,历史学,3 [317/778],否, HISTORY 历史学,4 [193/523],,,,,,,,,,,二级
Science and Technology of Archaeological Research,2025,2054-8923/2054-8923,否,否,是,ESCI,2,,历史学,3 [318/778],否, ARCHAEOLOGY 考古学,4 [85/164],,,,,,,,,,,二级
REVISTA DE INDIAS,2025,0034-8341/1988-3188,否,否,是,AHCI,0.5,,历史学,3 [319/778],否, HISTORY 历史学,4 [194/523],,,,,,,,,,,二级
COMITATUS-A JOURNAL OF MEDIEVAL AND RENAISSANCE STUDIES,2025,0069-6412/1557-0290,否,否,否,AHCI,<0.1,,历史学,3 [320/778],否, MEDIEVAL & RENAISSANCE STUDIES 中世纪与文艺复兴研究,4 [45/82],,,,,,,,,,,二级
CLASSICAL WORLD,2025,0009-8418/1558-9234,否,否,否,AHCI,0.1,,历史学,3 [321/778],否, CLASSICS 古典文学,4 [34/59],,,,,,,,,,,二级
DIPLOMATIC HISTORY,2025,0145-2096/1467-7709,否,否,否,SSCI;AHCI,0.7,,历史学,3 [322/778],否, HISTORY 历史学,4 [195/523],,,,,,,,,,,二级
BMGN-The Low Countries Historical Review,2025,0165-0505/2211-2898,否,否,是,SSCI;AHCI,0.1,,历史学,3 [323/778],否, HISTORY 历史学,4 [196/523],,,,,,,,,,,二级
Historical Social Research-Historische Sozialforschung,2025,0172-6404,否,否,否,SSCI,0.5,,历史学,3 [324/778],否, HISTORY 历史学,4 [197/523], HISTORY OF SOCIAL SCIENCES 社会科学史,4 [28/42]," SOCIAL SCIENCES, INTERDISCIPLINARY 社会科学：跨领域",4 [129/263],,,,,,,二级
HISTORISCHES JAHRBUCH,2025,0018-2621,否,否,否,AHCI,0.2,,历史学,3 [325/778],否, HISTORY 历史学,4 [198/523],,,,,,,,,,,二级
Journal of Early American History,2025,1877-0223/1877-0703,否,否,否,ESCI,0.3,,历史学,4 [326/778],否, HISTORY 历史学,4 [199/523],,,,,,,,,,,三级
Documenti e Studi sulla Tradizione Filosofica Medievale,2025,1122-5750,否,否,否,ESCI,<0.1,,历史学,4 [327/778],否, MEDIEVAL & RENAISSANCE STUDIES 中世纪与文艺复兴研究,4 [46/82],,,,,,,,,,,三级
HARVARD JOURNAL OF ASIATIC STUDIES,2025,0073-0548/1944-6454,否,否,否,AHCI,0.2,,历史学,4 [328/778],否, ASIAN STUDIES 亚洲研究,4 [52/102], HISTORY 历史学,4 [200/523],,,,,,,,,三级
CANADIAN HISTORICAL REVIEW,2025,0008-3755/1710-1093,否,否,否,SSCI;AHCI,0.6,,历史学,4 [329/778],否, HISTORY 历史学,4 [201/523],,,,,,,,,,,三级
Medieval Encounters,2025,1380-7854/1570-0674,否,否,否,ESCI,0.3,,历史学,4 [330/778],否, HISTORY 历史学,4 [202/523], MEDIEVAL & RENAISSANCE STUDIES 中世纪与文艺复兴研究,4 [47/82], RELIGION 宗教,4 [175/340],,,,,,,三级
Asian Perspectives-The Journal of Archaeology for Asia and the Pacific,2025,0066-8435/1535-8283,否,否,否,AHCI,1,,历史学,4 [331/778],否, ARCHAEOLOGY 考古学,4 [86/164],,,,,,,,,,,三级
Northern Scotland,2025,0306-5278/2042-2717,否,否,否,ESCI,0.1,,历史学,4 [332/778],否, HISTORY 历史学,4 [203/523],,,,,,,,,,,三级
Philologia Classica,2025,0202-2532/2618-6969,否,否,否,ESCI,<0.1,,历史学,4 [333/778],否, CLASSICS 古典文学,4 [35/59],,,,,,,,,,,三级
Early Modern Women-An Interdisciplinary Journal,2025,1933-0065/2378-4776,否,否,否,AHCI,0.2,,历史学,4 [334/778],否," HUMANITIES, MULTIDISCIPLINARY 人文科学",3 [131/406],,,,,,,,,,,三级
Quaestio Rossica,2025,2311-911X/2313-6871,否,否,是,AHCI,0.3,,历史学,4 [335/778],否," HUMANITIES, MULTIDISCIPLINARY 人文科学",3 [132/406],,,,,,,,,,,三级
VIATOR-MEDIEVAL AND RENAISSANCE STUDIES,2025,0083-5897/2031-0234,否,否,否,AHCI,0.1,,历史学,4 [336/778],否, MEDIEVAL & RENAISSANCE STUDIES 中世纪与文艺复兴研究,4 [49/82],,,,,,,,,,,三级
RUSSIAN HISTORY-HISTOIRE RUSSE,2025,0094-288X,否,否,否,AHCI,0.2,,历史学,4 [337/778],否, HISTORY 历史学,4 [204/523],,,,,,,,,,,三级
Revista de Historiografia,2025,1885-2718/2445-0057,否,否,是,ESCI,0.5,,历史学,4 [338/778],否, HISTORY 历史学,4 [205/523],,,,,,,,,,,三级
Rivista Storica Dell Antichita,2025,0300-340X,否,否,否,AHCI,<0.1,,历史学,4 [339/778],否, CLASSICS 古典文学,4 [36/59], HISTORY 历史学,4 [206/523],,,,,,,,,三级
MEDIUM AEVUM,2025,0025-8385,否,否,否,AHCI,,,历史学,4 [340/778],否, MEDIEVAL & RENAISSANCE STUDIES 中世纪与文艺复兴研究,4 [50/82],,,,,,,,,,,三级
Exemplaria Classica,2025,1699-3225/2173-6839,否,否,否,ESCI,0.1,,历史学,4 [341/778],否, CLASSICS 古典文学,4 [37/59],,,,,,,,,,,三级
Tirant,2025,1579-7422/1579-7422,否,否,是,ESCI,0.1,,历史学,4 [342/778],否, MEDIEVAL & RENAISSANCE STUDIES 中世纪与文艺复兴研究,4 [51/82],,,,,,,,,,,三级
History of Economics Review,2025,1037-0196/1838-6318,否,否,否,ESCI,0.3,,历史学,4 [343/778],否, ECONOMICS 经济学,4 [334/599], HISTORY OF SOCIAL SCIENCES 社会科学史,4 [29/42],,,,,,,,,三级
Iran and the Caucasus,2025,1609-8498/1573-384X,否,否,否,AHCI,0.3,,历史学,4 [344/778],否, HISTORY 历史学,4 [207/523],,,,,,,,,,,三级
Explorations in Renaissance Culture,2025,0098-2474/2352-6963,否,否,否,ESCI,0.1,,历史学,4 [345/778],否, MEDIEVAL & RENAISSANCE STUDIES 中世纪与文艺复兴研究,4 [52/82],,,,,,,,,,,三级
Revista Complutense de Historia de America,2025,1132-8312/1988-270X,否,否,否,ESCI,0.3,,历史学,4 [346/778],否, HISTORY 历史学,4 [209/523],,,,,,,,,,,三级
Trends in Classics,2025,1866-7473/1866-7481,否,否,否,AHCI,<0.1,,历史学,4 [347/778],否, CLASSICS 古典文学,4 [38/59],,,,,,,,,,,三级
JOURNAL OF AMERICAN ETHNIC HISTORY,2025,0278-5927/1936-4695,否,否,否,AHCI,0.5,,历史学,4 [348/778],否, HISTORY 历史学,4 [211/523],,,,,,,,,,,三级
HSE-Social and Education History,2025,2014-3567/2014-3567,否,否,是,ESCI,0.8,,历史学,4 [349/778],否, HISTORY OF SOCIAL SCIENCES 社会科学史,4 [30/42],,,,,,,,,,,三级
Archiv fur Papyrusforschung und Verwandte Gebiete,2025,0066-6459/1867-1551,否,否,否,AHCI,0.1,,历史学,4 [350/778],否," HUMANITIES, MULTIDISCIPLINARY 人文科学",4 [139/406],,,,,,,,,,,三级
Bylye Gody,2025,2073-9745/2310-0028,否,否,是,ESCI,0.4,,历史学,4 [351/778],否, HISTORY 历史学,4 [213/523],,,,,,,,,,,三级
SOCIAL SCIENCE HISTORY,2025,0145-5532/1527-8034,否,否,否,SSCI;AHCI,1,,历史学,4 [352/778],否, HISTORY 历史学,4 [214/523], HISTORY OF SOCIAL SCIENCES 社会科学史,4 [31/42],,,,,,,,,三级
Bulletin of the John Rylands Library,2025,2054-9318/2054-9326,否,否,否,AHCI,0.2,,历史学,4 [353/778],否," HUMANITIES, MULTIDISCIPLINARY 人文科学",4 [141/406],,,,,,,,,,,三级
BULLETIN OF THE AMERICAN SOCIETY OF PAPYROLOGISTS,2025,0003-1186/1938-6958,否,否,否,AHCI,0.1,,历史学,4 [354/778],否, ARCHAEOLOGY 考古学,4 [88/164],,,,,,,,,,,三级
HISPANIA-REVISTA ESPANOLA DE HISTORIA,2025,0018-2141/1988-8368,否,否,是,AHCI,0.3,,历史学,4 [355/778],否, HISTORY 历史学,4 [215/523],,,,,,,,,,,三级
STUDI MEDIEVALI,2025,0391-8467,否,否,否,AHCI,<0.1,,历史学,4 [356/778],否, MEDIEVAL & RENAISSANCE STUDIES 中世纪与文艺复兴研究,4 [53/82],,,,,,,,,,,三级
War & Society,2025,0729-2473/2042-4345,否,否,否,SSCI;AHCI,0.2,,历史学,4 [357/778],否, HISTORY 历史学,4 [216/523],,,,,,,,,,,三级
NEW ENGLAND QUARTERLY-A HISTORICAL REVIEW OF NEW ENGLAND LIFE AND LETTERS,2025,0028-4866/1937-2213,否,否,否,AHCI,0.1,,历史学,4 [358/778],否, HISTORY 历史学,4 [217/523]," LITERATURE, AMERICAN 美国文学",4 [13/28],,,,,,,,,三级
ZEITSCHRIFT FUR AGYPTISCHE SPRACHE UND ALTERTUMSKUNDE,2025,0044-216X/2196-713X,否,否,否,AHCI,0.1,,历史学,4 [359/778],否, ARCHAEOLOGY 考古学,4 [89/164],,,,,,,,,,,三级
Revista Brasileira de Historia,2025,0102-0188,否,否,是,AHCI,0.2,,历史学,4 [360/778],否, HISTORY 历史学,4 [218/523],,,,,,,,,,,三级
African Historical Review,2025,1753-2523/1753-2531,否,否,否,ESCI,0.2,,历史学,4 [361/778],否, HISTORY 历史学,4 [219/523],,,,,,,,,,,三级
IHS Antiguos Jesuitas en Iberoamerica,2025,2314-3908/2314-3908,否,否,是,ESCI,0.1,,历史学,4 [362/778],否, HISTORY 历史学,4 [220/523],,,,,,,,,,,三级
Midcontinental Journal of Archaeology,2025,0146-1109/2327-4271,否,否,否,ESCI,0.3,,历史学,4 [363/778],否, ARCHAEOLOGY 考古学,4 [90/164],,,,,,,,,,,三级
Kiva-Journal of Southwestern Anthropology and History,2025,0023-1940/2051-6177,否,否,否,ESCI,0.4,,历史学,4 [364/778],否, ARCHAEOLOGY 考古学,4 [91/164],,,,,,,,,,,三级
Diplomacy & Statecraft,2025,0959-2296/1557-301X,否,否,否,SSCI,0.3,,历史学,4 [365/778],否, HISTORY 历史学,4 [221/523], INTERNATIONAL RELATIONS 国际关系学,4 [116/165],,,,,,,,,三级
Journal of the Gilded Age and Progressive Era,2025,1537-7814/1943-3557,否,否,否,SSCI;AHCI,0.3,,历史学,4 [366/778],否, HISTORY 历史学,4 [222/523],,,,,,,,,,,三级
Historia y Politica,2025,1575-0361/1989-063X,否,否,否,SSCI;AHCI,0.6,,历史学,4 [367/778],否, HISTORY 历史学,4 [224/523], POLITICAL SCIENCE 政治学,4 [227/317],,,,,,,,,三级
Mouseion-Journal of the Classical Association of Canada,2025,1496-9343/1913-5416,否,否,否,ESCI,0.2,,历史学,4 [368/778],否, CLASSICS 古典文学,4 [39/59],,,,,,,,,,,三级
East Central Europe,2025,0094-3037/1876-3308,否,否,否,ESCI,0.3,,历史学,4 [369/778],否, HISTORY 历史学,4 [227/523],,,,,,,,,,,三级
Mediterranean Archaeology & Archaeometry,2025,1108-9628/2241-8121,否,否,否,AHCIOnHold,,,历史学,4 [370/778],否, ARCHAEOLOGY 考古学,4 [92/164],,,,,,,,,,,三级
Medievalismo,2025,1131-8155/1989-8312,否,否,是,ESCI,0.2,,历史学,4 [371/778],否, MEDIEVAL & RENAISSANCE STUDIES 中世纪与文艺复兴研究,4 [54/82],,,,,,,,,,,三级
Rivista di Filologia e di Istruzione Classica,2025,0035-6220/0035-6220,否,否,否,AHCI,<0.1,,历史学,4 [372/778],否, CLASSICS 古典文学,4 [40/59],,,,,,,,,,,三级
Balcanica,2025,0350-7653/0350-7653,否,否,是,ESCI,<0.1,,历史学,4 [373/778],否," HUMANITIES, MULTIDISCIPLINARY 人文科学",4 [147/406],,,,,,,,,,,三级
Soviet and Post Soviet Review,2025,1075-1262/1876-3324,否,否,否,ESCI,0.1,,历史学,4 [374/778],否, HISTORY 历史学,4 [228/523],,,,,,,,,,,三级
Studia Historica-Historia Medieval,2025,0213-2060/0213-2060,否,否,是,ESCI,0.3,,历史学,4 [375/778],否, MEDIEVAL & RENAISSANCE STUDIES 中世纪与文艺复兴研究,4 [55/82],,,,,,,,,,,三级
Eirene-Studia Graeca et Latina,2025,0046-1628,否,否,否,AHCI,<0.1,,历史学,4 [376/778],否, CLASSICS 古典文学,4 [41/59],,,,,,,,,,,三级
Gerion-Revista de Historia Antigua,2025,0213-0181/1988-3080,否,否,是,ESCI,0.1,,历史学,4 [377/778],否, HISTORY 历史学,4 [229/523],,,,,,,,,,,三级
PARERGON,2025,0313-6221/1832-8334,否,否,否,AHCI,0.2,,历史学,4 [378/778],否, MEDIEVAL & RENAISSANCE STUDIES 中世纪与文艺复兴研究,4 [56/82],,,,,,,,,,,三级
Filologia Mediolatina,2025,1124-0008,否,否,否,ESCI,0.2,,历史学,4 [379/778],否, MEDIEVAL & RENAISSANCE STUDIES 中世纪与文艺复兴研究,4 [57/82],,,,,,,,,,,三级
Archaeologia Baltica,2025,1392-5520/2351-6534,否,否,否,ESCI,1.2,,历史学,4 [380/778],否, ARCHAEOLOGY 考古学,4 [94/164],,,,,,,,,,,三级
CAHIERS DE CIVILISATION MEDIEVALE,2025,0007-9731/2119-1026,否,否,否,AHCI,0.1,,历史学,4 [381/778],否, MEDIEVAL & RENAISSANCE STUDIES 中世纪与文艺复兴研究,4 [58/82],,,,,,,,,,,三级
Revista Chilena de Estudios Medievales,2025,0719-2215/0719-689X,否,否,是,ESCI,0.2,,历史学,4 [382/778],否, MEDIEVAL & RENAISSANCE STUDIES 中世纪与文艺复兴研究,4 [59/82],,,,,,,,,,,三级
American Nineteenth Century History,2025,1466-4658/1743-7903,否,否,否,AHCI,0.1,,历史学,4 [383/778],否, HISTORY 历史学,4 [231/523],,,,,,,,,,,三级
Mediterranean Studies,2025,1074-164X/2161-4741,否,否,否,ESCI,<0.1,,历史学,4 [384/778],否," HUMANITIES, MULTIDISCIPLINARY 人文科学",4 [158/406],,,,,,,,,,,三级
Rossiiskaya Istoriya,2025,0869-5687,否,否,否,AHCI,0.3,,历史学,4 [385/778],否, HISTORY 历史学,4 [232/523],,,,,,,,,,,三级
ARCHIV FUR REFORMATIONSGESCHICHTE-ARCHIVE FOR REFORMATION HISTORY,2025,0003-9381/2198-0489,否,否,否,AHCI,<0.1,,历史学,4 [386/778],否, HISTORY 历史学,4 [233/523],,,,,,,,,,,三级
SVMMA-Revista de Cultures Medievals,2025,2014-7023/2014-7023,否,否,是,ESCI,<0.1,,历史学,4 [387/778],否, MEDIEVAL & RENAISSANCE STUDIES 中世纪与文艺复兴研究,4 [60/82],,,,,,,,,,,三级
Studia Ceranea,2025,2084-140X/2084-140X,否,否,是,ESCI,<0.1,,历史学,4 [388/778],否," HUMANITIES, MULTIDISCIPLINARY 人文科学",4 [159/406],,,,,,,,,,,三级
Jahrbuch der Oesterreichischen Byzantinistik,2025,0378-8660/1810-536X,否,否,否,ESCI,<0.1,,历史学,4 [389/778],否, MEDIEVAL & RENAISSANCE STUDIES 中世纪与文艺复兴研究,4 [61/82],,,,,,,,,,,三级
DIX-SEPTIEME SIECLE,2025,0012-4273/1969-6965,否,否,否,AHCI,0.1,,历史学,4 [390/778],否," LITERATURE, ROMANCE 罗曼语系文学",3 [40/116], HISTORY 历史学,4 [235/523],,,,,,,,,三级
Eikasmos-Quaderni Bolognesi di Filologia Classica,2025,1121-8819/1121-8819,否,否,否,AHCI,0.1,,历史学,4 [391/778],否, CLASSICS 古典文学,4 [42/59],,,,,,,,,,,三级
Journal of Mosaic Research,2025,1309-047X/1309-047X,否,否,是,ESCI,0.3,,历史学,4 [392/778],否, ARCHAEOLOGY 考古学,4 [95/164],,,,,,,,,,,三级
Hypnos,2025,1413-9138/2177-5346,否,否,否,ESCI,<0.1,,历史学,4 [393/778],否, CLASSICS 古典文学,4 [43/59],,,,,,,,,,,三级
Arheoloski Vestnik,2025,0570-8966/0570-8966,否,否,是,AHCI,0.4,,历史学,4 [394/778],否, ARCHAEOLOGY 考古学,4 [96/164],,,,,,,,,,,三级
Edad Media-Revista de Historia,2025,1138-9621/2530-6448,否,否,是,ESCI,0.2,,历史学,4 [395/778],否, MEDIEVAL & RENAISSANCE STUDIES 中世纪与文艺复兴研究,4 [62/82],,,,,,,,,,,三级
PHOENIX-THE JOURNAL OF THE CLASSICAL ASSOCIATION OF CANADA,2025,0031-8299/1929-4883,否,否,否,AHCI,<0.1,,历史学,4 [396/778],否, CLASSICS 古典文学,4 [44/59],,,,,,,,,,,三级
Anatolian Studies,2025,0066-1546/2048-0849,否,否,否,AHCI,0.4,,历史学,4 [397/778],否, ARCHAEOLOGY 考古学,4 [97/164], HISTORY 历史学,4 [236/523],,,,,,,,,三级
STUDI STORICI,2025,0039-3037/2036-458X,否,否,否,AHCI,0.2,,历史学,4 [398/778],否, HISTORY 历史学,4 [237/523],,,,,,,,,,,三级
Quest-Issues in Contemporary Jewish History,2025,2037-741X/2037-741X,否,否,是,ESCI,0.1,,历史学,4 [399/778],否, HISTORY 历史学,4 [238/523],,,,,,,,,,,三级
Cartagine-Studi e Ricerche,2025,2532-3563/2532-1110,否,否,是,ESCI,0.1,,历史学,4 [400/778],否, ARCHAEOLOGY 考古学,4 [98/164],,,,,,,,,,,三级
Historia Critica,2025,0121-1617/1900-6152,否,否,是,SSCI;AHCI,0.3,,历史学,4 [401/778],否, HISTORY 历史学,4 [239/523],,,,,,,,,,,三级
Journal of the Australian Early Medieval Association,2025,1449-9320/2207-2802,否,否,否,ESCI,<0.1,,历史学,4 [402/778],否, MEDIEVAL & RENAISSANCE STUDIES 中世纪与文艺复兴研究,4 [63/82],,,,,,,,,,,三级
Seizieme Siecle,2025,1774-4466,否,否,否,AHCI,<0.1,,历史学,4 [403/778],否, MEDIEVAL & RENAISSANCE STUDIES 中世纪与文艺复兴研究,4 [64/82],,,,,,,,,,,三级
Osmanli Arastirmalari-The Journal of Ottoman Studies,2025,0255-0636/0255-0636,否,否,否,AHCI,0.3,,历史学,4 [404/778],否, ASIAN STUDIES 亚洲研究,4 [64/102], HISTORY 历史学,4 [240/523],,,,,,,,,三级
Levant,2025,0075-8914/1756-3801,否,否,否,AHCI,1.1,,历史学,4 [405/778],否, ARCHAEOLOGY 考古学,4 [99/164],,,,,,,,,,,三级
RINASCIMENTO,2025,0080-3073/2037-6138,否,否,否,AHCI,,,历史学,4 [406/778],否, MEDIEVAL & RENAISSANCE STUDIES 中世纪与文艺复兴研究,4 [65/82],,,,,,,,,,,三级
Cuadernos de Prehistoria y Arqueologia-Universidad Autonoma de Madrid,2025,0211-1608/0211-1608,否,否,否,ESCI,0.6,,历史学,4 [407/778],否, ARCHAEOLOGY 考古学,4 [100/164],,,,,,,,,,,三级
Doctor Virtualis-Rivista di Storia della Filosofia Medievale,2025,2035-7362/2035-7362,否,否,是,ESCI,<0.1,,历史学,4 [408/778],否, MEDIEVAL & RENAISSANCE STUDIES 中世纪与文艺复兴研究,4 [66/82], PHILOSOPHY 哲学,4 [171/328],,,,,,,,,三级
Topoi-Revista de Historia,2025,2237-101X/2237-101X,否,否,是,ESCI,0.1,,历史学,4 [409/778],否, HISTORY 历史学,4 [241/523],,,,,,,,,,,三级
JOURNAL OF FAMILY HISTORY,2025,0363-1990/1552-5473,否,否,否,SSCI,0.5,,历史学,4 [410/778],否, ANTHROPOLOGY 人类学,4 [100/137], FAMILY STUDIES 家庭研究,4 [44/65], HISTORY 历史学,4 [242/523], HISTORY OF SOCIAL SCIENCES 社会科学史,4 [33/42],,,,,三级
Revista de Historia da Sociedade e da Cultura,2025,1645-2259/2183-8615,否,否,是,AHCI,0.2,,历史学,4 [411/778],否, HISTORY 历史学,4 [243/523],,,,,,,,,,,三级
Historia-Santiago,2025,0717-7194/0717-7194,否,否,是,AHCI,0.2,,历史学,4 [412/778],否, HISTORY 历史学,4 [244/523],,,,,,,,,,,三级
Praehistorische Zeitschrift,2025,0079-4848/1613-0804,否,否,否,SSCI;AHCI,0.6,,历史学,4 [413/778],否, ANTHROPOLOGY 人类学,4 [101/137], ARCHAEOLOGY 考古学,4 [101/164],,,,,,,,,三级
Boletim do Arquivo da Universidade de Coimbra,2025,0872-5632/2182-7974,否,否,是,ESCI,0.2,,历史学,4 [414/778],否, HISTORY 历史学,4 [245/523],,,,,,,,,,,三级
Arqueologia de la Arquitectura,2025,1695-2731/1989-5313,否,否,是,ESCI,0.3,,历史学,4 [415/778],否, ARCHAEOLOGY 考古学,4 [102/164],,,,,,,,,,,三级
Synthesis-La Plata,2025,0328-1205/1851-779X,否,否,是,AHCI,0.2,,历史学,4 [416/778],否, CLASSICS 古典文学,4 [45/59],,,,,,,,,,,三级
Estudios de Historia Novohispana,2025,1870-9060/2448-6922,否,否,是,ESCI,0.3,,历史学,4 [417/778],否, HISTORY 历史学,4 [247/523],,,,,,,,,,,三级
QUADERNI STORICI,2025,0301-6307/2612-1972,否,否,否,AHCI,0.1,,历史学,4 [418/778],否, HISTORY 历史学,4 [248/523],,,,,,,,,,,三级
Zograf,2025,0350-1361/2406-0755,否,否,是,AHCI,,,历史学,4 [419/778],否, ART 艺术,4 [54/144], MEDIEVAL & RENAISSANCE STUDIES 中世纪与文艺复兴研究,4 [67/82],,,,,,,,,三级
Journal of Supreme Court History,2025,1059-4329/1540-5818,否,否,否,ESCI,0.2,,历史学,4 [420/778],否, HISTORY 历史学,4 [249/523],,,,,,,,,,,三级
Archaeological Reports-London,2025,0570-6084/2041-4102,否,否,否,AHCI,0.2,,历史学,4 [421/778],否, ARCHAEOLOGY 考古学,4 [103/164],,,,,,,,,,,三级
NORTH AMERICAN ARCHAEOLOGIST,2025,0197-6931/1541-3543,否,否,否,AHCI,0.4,,历史学,4 [422/778],否, ARCHAEOLOGY 考古学,4 [104/164],,,,,,,,,,,三级
JOURNAL OF INTERDISCIPLINARY HISTORY,2025,0022-1953/1530-9169,否,否,否,SSCI;AHCI,1.2,,历史学,4 [423/778],否, HISTORY 历史学,4 [250/523],,,,,,,,,,,三级
TIJDSCHRIFT VOOR GESCHIEDENIS,2025,0040-7518/0040-7518,否,否,否,AHCI,<0.1,,历史学,4 [424/778],否, HISTORY 历史学,4 [251/523],,,,,,,,,,,三级
Tempo-Niteroi,2025,1413-7704,否,否,是,AHCI,0.1,,历史学,4 [425/778],否, HISTORY 历史学,4 [252/523],,,,,,,,,,,三级
JOURNAL OF URBAN HISTORY,2025,0096-1442/1552-6771,否,否,否,SSCI;AHCI,0.3,,历史学,4 [426/778],否, HISTORY 历史学,4 [253/523], HISTORY OF SOCIAL SCIENCES 社会科学史,4 [34/42], URBAN STUDIES 城市研究,4 [52/77],,,,,,,三级
VIERTELJAHRSHEFTE FUR ZEITGESCHICHTE,2025,0042-5702/2196-7121,否,否,否,AHCI,0.2,,历史学,4 [427/778],否, HISTORY 历史学,4 [255/523],,,,,,,,,,,三级
Aitia-Regards sur la Culture Hellenistique au XXIe Siecle,2025,1775-4275/1775-4275,否,否,是,ESCI,<0.1,,历史学,4 [428/778],否, HISTORY 历史学,4 [256/523],,,,,,,,,,,三级
Magallanica-Revista de Historia Moderna,2025,2422-779X/2422-779X,否,否,是,ESCI,0.1,,历史学,4 [429/778],否, HISTORY 历史学,4 [257/523],,,,,,,,,,,三级
Auster,2025,1514-0121/2346-8890,否,否,是,ESCI,<0.1,,历史学,4 [430/778],否, CLASSICS 古典文学,4 [46/59],,,,,,,,,,,三级
Parliamentary History,2025,0264-2824/1750-0206,否,否,否,AHCI,0.2,,历史学,4 [431/778],否, HISTORY 历史学,4 [258/523],,,,,,,,,,,三级
Cultural History,2025,2045-290X/2045-2918,否,否,否,ESCI,0.3,,历史学,4 [432/778],否, HISTORY 历史学,4 [259/523],,,,,,,,,,,三级
Preternature-Critical and Historical Studies on the Preternatural,2025,2161-2196/2161-2188,否,否,否,ESCI,<0.1,,历史学,4 [433/778],否," HUMANITIES, MULTIDISCIPLINARY 人文科学",4 [183/406],,,,,,,,,,,三级
Global Intellectual History,2025,2380-1883/2380-1891,否,否,否,ESCI,0.4,,历史学,4 [434/778],否, HISTORY 历史学,4 [260/523],,,,,,,,,,,三级
Historia y Comunicacion Social,2025,1137-0734/1988-3056,否,否,是,AHCI,0.2,,历史学,4 [435/778],否," FILM, RADIO, TELEVISION 电影、广播、电视",4 [39/66], HISTORY 历史学,4 [261/523],,,,,,,,,三级
Gladius,2025,0436-029X/1988-4168,否,否,是,AHCI,0.2,,历史学,4 [436/778],否, ARCHAEOLOGY 考古学,4 [105/164], HISTORY 历史学,4 [262/523],,,,,,,,,三级
MOREANA,2025,0047-8105/2398-4961,否,否,否,ESCI,<0.1,,历史学,4 [437/778],否, MEDIEVAL & RENAISSANCE STUDIES 中世纪与文艺复兴研究,4 [68/82],,,,,,,,,,,三级
Central Europe,2025,1479-0963/1745-8218,否,否,否,AHCI,0.1,,历史学,4 [438/778],否, HISTORY 历史学,4 [263/523],,,,,,,,,,,三级
Cahiers Mondes Anciens,2025,2107-0199/2107-0199,否,否,是,ESCI,0.1,,历史学,4 [439/778],否," HUMANITIES, MULTIDISCIPLINARY 人文科学",4 [188/406],,,,,,,,,,,三级
Journal of Lithic Studies,2025,2055-0472/2055-0472,否,否,是,ESCI,0.7,,历史学,4 [440/778],否, ARCHAEOLOGY 考古学,4 [106/164],,,,,,,,,,,三级
SAECULUM,2025,0080-5319/2194-4075,否,否,否,AHCI,0.2,,历史学,4 [441/778],否, HISTORY 历史学,4 [264/523],,,,,,,,,,,三级
Perspectives Medievales-Revue d'epistemologie des Langues et Litteratures du Moyen Age,2025,2103-6527/2262-5534,否,否,是,ESCI,<0.1,,历史学,4 [442/778],否, MEDIEVAL & RENAISSANCE STUDIES 中世纪与文艺复兴研究,4 [69/82],,,,,,,,,,,三级
Pamatky Archeologicke,2025,0031-0506,否,否,否,AHCI,0.4,,历史学,4 [443/778],否, ARCHAEOLOGY 考古学,4 [107/164],,,,,,,,,,,三级
ACADIENSIS,2025,0044-5851/1712-7432,否,否,否,AHCI,0.2,,历史学,4 [444/778],否, HISTORY 历史学,4 [265/523],,,,,,,,,,,三级
ANTIKE UND ABENDLAND,2025,0003-5696/1613-0421,否,否,否,AHCI,0.2,,历史学,4 [445/778],否, CLASSICS 古典文学,4 [47/59],,,,,,,,,,,三级
California Archaeology,2025,1947-461X/1947-4628,否,否,否,ESCI,0.7,,历史学,4 [446/778],否, ARCHAEOLOGY 考古学,4 [108/164],,,,,,,,,,,三级
International Public History,2025,2567-1111/2567-1111,否,否,否,ESCI,0.5,,历史学,4 [447/778],否, HISTORY 历史学,4 [266/523],,,,,,,,,,,三级
Studia Historica-Historia Moderna,2025,0213-2079/2386-3889,否,否,是,ESCI,0.3,,历史学,4 [448/778],否, HISTORY 历史学,4 [267/523],,,,,,,,,,,三级
Mediaevalia-An Interdisciplinary Journal of Medieval Studies Worldwide,2025,0361-946X/2161-8046,否,否,否,ESCI,0.8,,历史学,4 [449/778],否, MEDIEVAL & RENAISSANCE STUDIES 中世纪与文艺复兴研究,4 [70/82],,,,,,,,,,,三级
Cuadernos de Historia Moderna,2025,0214-4018/1988-2475,否,否,是,ESCI,0.2,,历史学,4 [450/778],否, HISTORY 历史学,4 [268/523],,,,,,,,,,,三级
Adalya,2025,1301-2746,否,否,否,AHCI,0.2,,历史学,4 [451/778],否, ARCHAEOLOGY 考古学,4 [109/164],,,,,,,,,,,三级
Contemporanea,2025,1127-3070/1127-3070,否,否,否,AHCI,0.2,,历史学,4 [452/778],否, HISTORY 历史学,4 [271/523],,,,,,,,,,,三级
Agora-Estudos Classicos em Debate,2025,0874-5498,否,否,是,AHCI,0.1,,历史学,4 [453/778],否, CLASSICS 古典文学,4 [49/59],,,,,,,,,,,三级
GREECE & ROME,2025,0017-3835/1477-4550,否,否,否,AHCI,0.2,,历史学,4 [454/778],否, CLASSICS 古典文学,4 [50/59],,,,,,,,,,,三级
Cahiers des Etudes Anciennes,2025,0317-5065/1923-2713,否,否,是,ESCI,<0.1,,历史学,4 [455/778],否, CLASSICS 古典文学,4 [51/59],,,,,,,,,,,三级
JAHRBUCHER FUR GESCHICHTE OSTEUROPAS,2025,0021-4019,否,否,否,AHCI,,,历史学,4 [456/778],否, HISTORY 历史学,4 [272/523],,,,,,,,,,,三级
Critical Historical Studies,2025,2326-4462/2326-4470,否,否,否,ESCI,0.6,,历史学,4 [457/778],否, HISTORY 历史学,4 [273/523],,,,,,,,,,,三级
ANNALES HISTORIQUES DE LA REVOLUTION FRANCAISE,2025,0003-4436/1952-403X,否,否,否,AHCI,0.1,,历史学,4 [458/778],否, HISTORY 历史学,4 [274/523],,,,,,,,,,,三级
Labour History,2025,0023-6942/1839-3039,否,否,否,SSCI,0.3,,历史学,4 [459/778],否, HISTORY 历史学,4 [275/523], INDUSTRIAL RELATIONS & LABOR 劳动关系学,4 [36/50],,,,,,,,,三级
BULLETIN OF THE INSTITUTE OF CLASSICAL STUDIES,2025,0076-0730/2041-5370,否,否,否,AHCI,0.2,,历史学,4 [460/778],否, CLASSICS 古典文学,4 [52/59],,,,,,,,,,,三级
CURRENT HISTORY,2025,0011-3530/1944-785X,否,否,否,SSCI,4.2,,历史学,4 [461/778],否, INTERNATIONAL RELATIONS 国际关系学,4 [121/165], POLITICAL SCIENCE 政治学,4 [236/317],,,,,,,,,三级
Boletim de Estudos Classicos,2025,0872-2110/2183-7260,否,否,是,ESCI,<0.1,,历史学,4 [462/778],否, CLASSICS 古典文学,4 [53/59],,,,,,,,,,,三级
Book History,2025,1098-7371/1529-1499,否,否,否,ESCI,0.3,,历史学,4 [463/778],否, HISTORY 历史学,4 [276/523],,,,,,,,,,,三级
Rural History-Economy Society Culture,2025,0956-7933/1474-0656,否,否,否,SSCI;AHCI,0.5,,历史学,4 [464/778],否, HISTORY 历史学,4 [277/523],,,,,,,,,,,三级
Vestnik Sankt-Peterburgskogo Universiteta-Istoriya,2025,1812-9323/1812-9323,否,否,否,ESCI,0.3,,历史学,4 [465/778],否, HISTORY 历史学,4 [278/523],,,,,,,,,,,三级
Arenal-Revista de Historia de las Mujeres,2025,1134-6396/1134-6396,否,否,是,ESCI,0.2,,历史学,4 [466/778],否, HISTORY 历史学,4 [279/523],,,,,,,,,,,三级
REVUE DU NORD,2025,0035-2624/2271-7005,否,否,否,AHCI,<0.1,,历史学,4 [467/778],否, HISTORY 历史学,4 [280/523],,,,,,,,,,,三级
HISTORICKY CASOPIS,2025,0018-2575/0018-2575,否,否,是,AHCI,0.1,,历史学,4 [468/778],否, HISTORY 历史学,4 [281/523],,,,,,,,,,,三级
Scripta-Revista Internacional de Literatura i Cultura Medieval i Moderna-International Journal of Medieval & Modern Literature & Culture,2025,2340-4841/2340-4841,否,否,是,ESCI,0.1,,历史学,4 [469/778],否, MEDIEVAL & RENAISSANCE STUDIES 中世纪与文艺复兴研究,4 [71/82],,,,,,,,,,,三级
Vjesnik za arheologiju i povijest dalmatinsku,2025,1845-7789,否,否,否,AHCI,,,历史学,4 [470/778],否, ARCHAEOLOGY 考古学,4 [110/164],,,,,,,,,,,三级
Museum History Journal,2025,1936-9816/1936-9824,否,否,否,ESCI,0.2,,历史学,4 [471/778],否, HISTORY 历史学,4 [282/523],,,,,,,,,,,三级
Estudos Historicos,2025,0103-2186/2178-1494,否,否,是,ESCI,0.2,,历史学,4 [472/778],否, HISTORY 历史学,4 [283/523],,,,,,,,,,,三级
JOURNAL OF MILITARY HISTORY,2025,0899-3718/1543-7795,否,否,否,AHCI,0.2,,历史学,4 [473/778],否, HISTORY 历史学,4 [284/523],,,,,,,,,,,三级
OLBA,2025,1301-7667,否,否,否,AHCI,0.1,,历史学,4 [474/778],否, ARCHAEOLOGY 考古学,4 [111/164],,,,,,,,,,,三级
OREGON HISTORICAL QUARTERLY,2025,0030-4727,否,否,否,AHCI,<0.1,,历史学,4 [475/778],否, HISTORY 历史学,4 [285/523],,,,,,,,,,,三级
Early American Studies-An Interdisciplinary Journal,2025,1543-4273/1559-0895,否,否,否,ESCI,0.3,,历史学,4 [476/778],否, HISTORY 历史学,4 [286/523],,,,,,,,,,,三级
Belleten,2025,0041-4255/0041-4255,否,否,是,AHCI,0.2,,历史学,4 [477/778],否, ARCHAEOLOGY 考古学,4 [112/164], HISTORY 历史学,4 [287/523],,,,,,,,,三级
International Journal of Korean History,2025,1598-2041/2508-5921,否,否,是,ESCI,0.2,,历史学,4 [478/778],否, HISTORY 历史学,4 [288/523],,,,,,,,,,,三级
Myrtia,2025,0213-7674/1989-4619,否,否,否,ESCI,0.1,,历史学,4 [479/778],否, CLASSICS 古典文学,4 [54/59],,,,,,,,,,,三级
BULLETIN MONUMENTAL,2025,0007-473X,否,否,否,AHCI,0.2,,历史学,4 [480/778],否, ARCHITECTURE 建筑学,3 [21/94], ARCHAEOLOGY 考古学,4 [113/164],,,,,,,,,三级
Humanitas-Portugal,2025,0871-1569/2183-1718,否,否,是,ESCI,0.1,,历史学,4 [481/778],否, CLASSICS 古典文学,4 [55/59],,,,,,,,,,,三级
Journal of Ancient History and Archaeology,2025,2360-266X/2360-266X,否,否,是,ESCI,0.3,,历史学,4 [482/778],否, ARCHAEOLOGY 考古学,4 [114/164],,,,,,,,,,,三级
Pennsylvania History-A Journal of Mid-Atlantic Studies,2025,0031-4528/2153-2109,否,否,否,ESCI,0.2,,历史学,4 [483/778],否, HISTORY 历史学,4 [289/523],,,,,,,,,,,三级
Anadolu Arastirmalari-Anatolian Research,2025,0569-9746/2667-629X,否,否,是,ESCI,0.1,,历史学,4 [484/778],否, ARCHAEOLOGY 考古学,4 [115/164], HISTORY 历史学,4 [290/523],,,,,,,,,三级
Zephyrus-Revista de Prehistoria y Arqueologia,2025,0514-7336/2386-3943,否,否,是,AHCI,0.3,,历史学,4 [485/778],否, ARCHAEOLOGY 考古学,4 [116/164],,,,,,,,,,,三级
Studies in Peoples History,2025,2348-4489/2349-7718,否,否,否,ESCI,0.1,,历史学,4 [486/778],否, HISTORY 历史学,4 [291/523],,,,,,,,,,,三级
Dialog so Vremenem-Dialogue with Time,2025,2073-7564/2073-7564,否,否,否,ESCI,0.1,,历史学,4 [487/778],否, HISTORY 历史学,4 [292/523],,,,,,,,,,,三级
Istoriya-Elektronnyi Nauchno-Obrazovatelnyi Zhurnal,2025,2079-8784/2079-8784,否,否,否,ESCI,0.2,,历史学,4 [488/778],否, HISTORY 历史学,4 [293/523],,,,,,,,,,,三级
Zbornik Radova Vizantoloskog Instituta,2025,0584-9888/2406-0917,否,否,是,ESCI,0.1,,历史学,4 [489/778],否, MEDIEVAL & RENAISSANCE STUDIES 中世纪与文艺复兴研究,4 [72/82],,,,,,,,,,,三级
Revista Tefros,2025,1669-726X/1667-9229,否,否,是,ESCI,<0.1,,历史学,4 [490/778],否, HISTORY 历史学,4 [294/523],,,,,,,,,,,三级
History of Education & Childrens Literature,2025,1971-1093/1971-1131,否,否,否,AHCI,0.1,,历史学,4 [491/778],否, HISTORY 历史学,4 [295/523],,,,,,,,,,,三级
Kwartalnik Historii Zydow-Jewish History Quarterly,2025,1899-3044/1899-3044,否,否,否,AHCI,<0.1,,历史学,4 [492/778],否, HISTORY 历史学,4 [296/523],,,,,,,,,,,三级
ARCHITECTURAL HISTORY,2025,0066-622X/2059-5670,否,否,否,AHCI,0.2,,历史学,4 [493/778],否, ARCHITECTURE 建筑学,3 [23/94], HISTORY 历史学,4 [297/523],,,,,,,,,三级
Revista Historia Autonoma,2025,2254-8726/2254-8726,否,否,是,ESCI,0.2,,历史学,4 [494/778],否, HISTORY 历史学,4 [298/523],,,,,,,,,,,三级
Siberian Historical Research-Sibirskie Istoricheskie Issledovaniya,2025,2312-461X/2312-4628,否,否,是,ESCI,0.1,,历史学,4 [495/778],否, HISTORY 历史学,4 [299/523],,,,,,,,,,,三级
Studia Historica-Historia Antigua,2025,0213-2052/2530-4100,否,否,是,ESCI,<0.1,,历史学,4 [496/778],否, HISTORY 历史学,4 [300/523],,,,,,,,,,,三级
Arqueologia,2025,0327-5159/1853-8126,否,否,是,AHCI,0.6,,历史学,4 [497/778],否, ARCHAEOLOGY 考古学,4 [117/164],,,,,,,,,,,三级
Historelo-Revista de Historia Regional y Local,2025,2145-132X/2145-132X,否,否,是,ESCI,0.5,,历史学,4 [498/778],否, HISTORY 历史学,4 [301/523],,,,,,,,,,,三级
Aula Orientalis,2025,0212-5730/0212-5730,否,否,否,AHCI,0.1,,历史学,4 [499/778],否, ARCHAEOLOGY 考古学,4 [118/164], ASIAN STUDIES 亚洲研究,4 [78/102],,,,,,,,,三级
Anali Zavoda za Povijesne Znanosti Hrvatske Akademije Znanosti I Umjetnosti u Dubrovniku,2025,1330-0598/1848-7815,否,否,是,ESCI,0.2,,历史学,4 [500/778],否, HISTORY 历史学,4 [302/523],,,,,,,,,,,三级
JOURNAL OF ASIAN HISTORY,2025,0021-910X/0021-910X,否,否,否,AHCI,0.3,,历史学,4 [501/778],否, ASIAN STUDIES 亚洲研究,4 [80/102], HISTORY 历史学,4 [303/523],,,,,,,,,三级
Vegueta-Anuario de la Facultad de Geografia e Historia,2025,1133-598X/2341-1112,否,否,否,ESCI,0.3,,历史学,4 [502/778],否, HISTORY 历史学,4 [304/523],,,,,,,,,,,三级
Experiment-A Journal of Russian Culture,2025,1084-4945/2211-730X,否,否,否,ESCI,0.2,,历史学,4 [503/778],否," HUMANITIES, MULTIDISCIPLINARY 人文科学",4 [213/406],,,,,,,,,,,三级
ACTA POLONIAE HISTORICA,2025,0001-6829/0001-6829,否,否,否,AHCI,<0.1,,历史学,4 [504/778],否, HISTORY 历史学,4 [305/523],,,,,,,,,,,三级
SOUTHWESTERN HISTORICAL QUARTERLY,2025,0038-478X/1558-9560,否,否,否,AHCI,0.1,,历史学,4 [505/778],否, HISTORY 历史学,4 [306/523],,,,,,,,,,,三级
ZEITSCHRIFT FUR GESCHICHTSWISSENSCHAFT,2025,0044-2828,否,否,否,AHCI,0.1,,历史学,4 [506/778],否, HISTORY 历史学,4 [307/523],,,,,,,,,,,三级
ATHENAEUM-STUDI PERIODICI DI LETTERATURA E STORIA DELL ANTICHITA,2025,0004-6574/0004-6574,否,否,否,AHCI,0.1,,历史学,4 [507/778],否, CLASSICS 古典文学,4 [56/59],,,,,,,,,,,三级
I Tatti Studies,2025,0393-5949/2037-6731,否,否,否,ESCI,0.1,,历史学,4 [508/778],否, MEDIEVAL & RENAISSANCE STUDIES 中世纪与文艺复兴研究,4 [73/82],,,,,,,,,,,三级
HISTORIAN,2025,0018-2370/1540-6563,否,否,否,AHCI,<0.1,,历史学,4 [509/778],否, HISTORY 历史学,4 [308/523],,,,,,,,,,,三级
Libros de la Corte,2025,1989-6425/1989-6425,否,否,是,ESCI,<0.1,,历史学,4 [510/778],否," HUMANITIES, MULTIDISCIPLINARY 人文科学",4 [220/406],,,,,,,,,,,三级
Cercles-Revista d Historia Cultural,2025,1139-0158/1699-7468,否,否,是,ESCI,0.1,,历史学,4 [511/778],否, HISTORY 历史学,4 [309/523],,,,,,,,,,,三级
Codex Aquilarensis,2025,0214-896X/2386-6454,否,否,否,ESCI,,,历史学,4 [512/778],否, MEDIEVAL & RENAISSANCE STUDIES 中世纪与文艺复兴研究,4 [74/82],,,,,,,,,,,三级
Vestnik Permskogo Universiteta-Istoriya-Perm University Herald-History,2025,2219-3111/2219-3111,否,否,否,ESCI,0.1,,历史学,4 [513/778],否, HISTORY 历史学,4 [310/523],,,,,,,,,,,三级
E-Spania-Revue Electronique d etudes Hispaniques Medievales,2025,1951-6169/1951-6169,否,否,是,ESCI,0.1,,历史学,4 [514/778],否, MEDIEVAL & RENAISSANCE STUDIES 中世纪与文艺复兴研究,4 [75/82],,,,,,,,,,,三级
JOURNAL OF THE WEST,2025,0022-5169/1930-0115,否,否,否,AHCI,,,历史学,4 [515/778],否, HISTORY 历史学,4 [311/523],,,,,,,,,,,三级
Dirasat Hispanicas-Revista Tunecina de Estudios Hispanicos,2025,2286-5977/2286-5977,否,否,是,ESCI,<0.1,,历史学,4 [516/778],否," HUMANITIES, MULTIDISCIPLINARY 人文科学",4 [224/406],,,,,,,,,,,三级
MEXICAN STUDIES-ESTUDIOS MEXICANOS,2025,0742-9797,否,否,否,AHCI,0.5,,历史学,4 [517/778],否, HISTORY 历史学,4 [312/523],,,,,,,,,,,三级
Archai-Revista de Estudos Sobre as Origens do Pensamento Ocidental,2025,1984-249X/1984-249X,否,否,是,ESCI,<0.1,,历史学,4 [518/778],否," HUMANITIES, MULTIDISCIPLINARY 人文科学",4 [226/406],,,,,,,,,,,三级
Sociedades Precapitalistas,2025,2250-5121/2250-5121,否,否,是,ESCI,0.1,,历史学,4 [519/778],否, HISTORY 历史学,4 [313/523],,,,,,,,,,,三级
Memoria y Civilizacion-Anuario de Historia,2025,1139-0107/2254-6367,否,否,是,ESCI,0.2,,历史学,4 [520/778],否, HISTORY 历史学,4 [314/523],,,,,,,,,,,三级
Revista de Historia-Sao Paulo,2025,0034-8309/2316-9141,否,否,是,ESCI,0.1,,历史学,4 [521/778],否, HISTORY 历史学,4 [315/523],,,,,,,,,,,三级
PUBLIC HISTORIAN,2025,0272-3433,否,否,否,AHCI,0.6,,历史学,4 [522/778],否, HISTORY 历史学,4 [316/523],,,,,,,,,,,三级
Historia Unisinos,2025,1519-3861/2236-1782,否,否,否,AHCI,0.1,,历史学,4 [523/778],否, HISTORY 历史学,4 [317/523],,,,,,,,,,,三级
Frantsuzskii Ezhegodnik-Annuaire d Etudes Francaises,2025,0235-4349/0235-4349,否,否,否,ESCI,0.3,,历史学,4 [524/778],否, HISTORY 历史学,4 [318/523],,,,,,,,,,,三级
CLIO-A JOURNAL OF LITERATURE HISTORY AND THE PHILOSOPHY OF HISTORY,2025,0884-2043/0884-2043,否,否,否,AHCI,0.2,,历史学,4 [525/778],否, HISTORY 历史学,4 [319/523], LITERARY THEORY & CRITICISM 文学理论与文艺批评,4 [37/53], LITERATURE 其他形式的文学,4 [146/199], PHILOSOPHY 哲学,4 [210/328],,,,,三级
Antiquaries Journal,2025,0003-5815/1758-5309,否,否,否,AHCI,0.3,,历史学,4 [526/778],否," HUMANITIES, MULTIDISCIPLINARY 人文科学",4 [235/406],,,,,,,,,,,三级
Turkish Historical Review,2025,1877-5454/1877-5462,否,否,否,AHCI,0.2,,历史学,4 [527/778],否, HISTORY 历史学,4 [320/523],,,,,,,,,,,三级
Journal of Policy History,2025,0898-0306/1528-4190,否,否,否,SSCI;AHCI,0.4,,历史学,4 [528/778],否, HISTORY 历史学,4 [321/523], POLITICAL SCIENCE 政治学,4 [250/317],,,,,,,,,三级
ZEITSCHRIFT FUR HISTORISCHE FORSCHUNG,2025,0340-0174/1865-5599,否,否,否,AHCI,0.3,,历史学,4 [529/778],否, HISTORY 历史学,4 [323/523],,,,,,,,,,,三级
Britain and the World,2025,2043-8567/2043-8575,否,否,否,SSCI;AHCI,0.1,,历史学,4 [530/778],否, HISTORY 历史学,4 [324/523],,,,,,,,,,,三级
Tuna-Ajalookultuuri Ajakiri,2025,1406-4030,否,否,否,AHCI,0.1,,历史学,4 [531/778],否, HISTORY 历史学,4 [325/523],,,,,,,,,,,三级
Journal of Belgian History-Revue Belge d Histoire Contemporaine-Belgisch Tijdschrift voor Nieuwste Geschiedenis,2025,0035-0869/0035-0869,否,否,否,AHCI,<0.1,,历史学,4 [532/778],否, HISTORY 历史学,4 [327/523],,,,,,,,,,,三级
Taller de la Historia,2025,1657-3633/2382-4794,否,否,是,ESCI,0.1,,历史学,4 [533/778],否, HISTORY 历史学,4 [328/523],,,,,,,,,,,三级
WELSH HISTORY REVIEW,2025,0043-2431/0083-792X,否,否,否,AHCI,0.2,,历史学,4 [534/778],否, HISTORY 历史学,4 [329/523],,,,,,,,,,,三级
Militargeschichtliche Zeitschrift,2025,2193-2336/2196-6850,否,否,否,AHCI,0.3,,历史学,4 [535/778],否, HISTORY 历史学,4 [330/523],,,,,,,,,,,三级
Ukrainskyi Istorychnyi Zhurnal,2025,0130-5247/1729-570X,否,否,否,ESCI,0.3,,历史学,4 [536/778],否, HISTORY 历史学,4 [331/523],,,,,,,,,,,三级
Historia y Sociedad,2025,0121-8417/2357-4720,否,否,是,ESCI,0.3,,历史学,4 [537/778],否, HISTORY 历史学,4 [332/523],,,,,,,,,,,三级
Jewish Historical Studies-Transactions of the Jewish Historical Society of England,2025,0962-9696/2397-1290,否,否,是,ESCI,<0.1,,历史学,4 [538/778],否, HISTORY 历史学,4 [333/523],,,,,,,,,,,三级
Deltion of the Christian Archaeological Society,2025,1105-5758/2241-2190,否,否,否,ESCI,,,历史学,4 [539/778],否, MEDIEVAL & RENAISSANCE STUDIES 中世纪与文艺复兴研究,4 [76/82],,,,,,,,,,,三级
REVIEWS IN AMERICAN HISTORY,2025,0048-7511/1080-6628,是,否,否,AHCI,0.5,,历史学,4 [540/778],否, HISTORY 历史学,4 [334/523],,,,,,,,,,,三级
Tiempos Modernos-Revista Electronica de Historia Moderna,2025,1699-7778/1699-7778,否,否,是,ESCI,0.1,,历史学,4 [541/778],否, HISTORY 历史学,4 [335/523],,,,,,,,,,,三级
Espacio Tiempo y Forma-Serie III-Historia Medieval,2025,0214-9745/2340-1362,否,否,是,ESCI,0.3,,历史学,4 [542/778],否, HISTORY 历史学,4 [336/523],,,,,,,,,,,三级
ACME-Annali della Facolta di Studi Umanistici dell Universita degli Studi di Milano,2025,0001-494X/2282-0035,否,否,是,ESCI,0.1,,历史学,4 [543/778],否," HUMANITIES, MULTIDISCIPLINARY 人文科学",4 [244/406],,,,,,,,,,,三级
Spal,2025,1133-4525/2255-3924,否,否,否,ESCI,0.6,,历史学,4 [544/778],否, ARCHAEOLOGY 考古学,4 [120/164],,,,,,,,,,,三级
Vizantiiskii Vremennik,2025,0132-3776,否,否,否,ESCI,,,历史学,4 [545/778],否, MEDIEVAL & RENAISSANCE STUDIES 中世纪与文艺复兴研究,4 [77/82],,,,,,,,,,,三级
Canadian Journal of History-Annales Canadiennes d Histoire,2025,0008-4107/2292-8502,否,否,否,ESCI,0.3,,历史学,4 [546/778],否, HISTORY 历史学,4 [337/523],,,,,,,,,,,三级
Trashumante-Revista Americana de Historia Social,2025,2322-9381/2322-9675,否,否,是,ESCI,0.1,,历史学,4 [547/778],否," HUMANITIES, MULTIDISCIPLINARY 人文科学",4 [247/406],,,,,,,,,,,三级
SAGVNTVM-Papeles del Laboratorio de Arqueologia de Valencia,2025,0210-3729/2174-517X,否,否,是,ESCI,0.1,,历史学,4 [548/778],否, ARCHAEOLOGY 考古学,4 [121/164],,,,,,,,,,,三级
Revista de Historia das Ideias,2025,0870-0958/2183-8925,否,否,是,ESCI,0.1,,历史学,4 [549/778],否, HISTORY 历史学,4 [340/523],,,,,,,,,,,三级
Archaeologies-Journal of the World Archaeological Congress,2025,1555-8622/1935-3987,否,否,否,AHCI,0.5,,历史学,4 [550/778],否, ARCHAEOLOGY 考古学,4 [122/164],,,,,,,,,,,三级
Historia y Memoria,2025,2027-5137/2322-777X,否,否,是,ESCI,0.2,,历史学,4 [551/778],否, HISTORY 历史学,4 [341/523],,,,,,,,,,,三级
Holocaust-Studii si Cercetari,2025,2065-6602/2065-6602,否,否,否,ESCI,0.2,,历史学,4 [552/778],否, HISTORY 历史学,4 [342/523],,,,,,,,,,,三级
Micrologus-Nature Science and Medieval Societies,2025,1123-2560/1123-2560,否,否,否,ESCI,<0.1,,历史学,4 [553/778],否, MEDIEVAL & RENAISSANCE STUDIES 中世纪与文艺复兴研究,4 [78/82],,,,,,,,,,,三级
Cuadernos de Estudios Gallegos,2025,0210-847X/1988-8333,否,否,是,ESCI,0.1,,历史学,4 [554/778],否, HISTORY 历史学,4 [343/523],,,,,,,,,,,三级
Studia Slavica et Balcanica Petropolitana,2025,1995-848X/1995-848X,否,否,是,ESCI,0.1,,历史学,4 [555/778],否, HISTORY 历史学,4 [344/523],,,,,,,,,,,三级
Ayer,2025,1134-2277/2255-5838,否,否,否,SSCI;AHCI,0.4,,历史学,4 [556/778],否, HISTORY 历史学,4 [345/523],,,,,,,,,,,三级
Bulgarsko e-Spisanie za Arkheologiya-Bulgarian e-Journal of Archaeology,2025,1314-5088/1314-5088,否,否,是,ESCI,0.2,,历史学,4 [557/778],否, ARCHAEOLOGY 考古学,4 [123/164],,,,,,,,,,,三级
Indian Historical Review,2025,0376-9836/0975-5977,否,否,否,AHCI,<0.1,,历史学,4 [558/778],否, ASIAN STUDIES 亚洲研究,4 [86/102], HISTORY 历史学,4 [346/523],,,,,,,,,三级
Anuario Colombiano de Historia Social y de la Cultura,2025,0120-2456/2256-5647,否,否,是,ESCI,0.1,,历史学,4 [559/778],否, HISTORY 历史学,4 [347/523],,,,,,,,,,,三级
Panta Rei-Digital Journal of History and Didactics of History,2025,1136-2464/2386-8864,否,否,是,ESCI,0.4,,历史学,4 [560/778],否, HISTORY 历史学,4 [348/523],,,,,,,,,,,三级
Revista Electronica de Fuentes y Archivos,2025,1853-4503/1853-4503,否,否,是,ESCI,0.3,,历史学,4 [561/778],否, HISTORY 历史学,4 [349/523],,,,,,,,,,,三级
NUOVA RIVISTA STORICA,2025,0029-6236,否,否,否,AHCI,0.1,,历史学,4 [562/778],否, HISTORY 历史学,4 [350/523],,,,,,,,,,,三级
Arms & Armour,2025,1741-6124/1749-6268,否,否,否,AHCI,<0.1,,历史学,4 [563/778],否, MEDIEVAL & RENAISSANCE STUDIES 中世纪与文艺复兴研究,4 [79/82],,,,,,,,,,,三级
Rukopysna ta Knyzhkova Spadshchyna Ukrainy-Manuscript and Book Heritage of Ukraine,2025,2222-4203/2222-4203,否,否,是,ESCI,0.2,,历史学,4 [564/778],否, HISTORY 历史学,4 [351/523],,,,,,,,,,,三级
JOURNAL OF INDO-EUROPEAN STUDIES,2025,0092-2323/0092-2323,否,否,否,AHCI,0.1,,历史学,4 [565/778],否," HUMANITIES, MULTIDISCIPLINARY 人文科学",4 [265/406],,,,,,,,,,,三级
REVUE D HISTOIRE MODERNE ET CONTEMPORAINE,2025,0048-8003,否,否,否,AHCI,0.2,,历史学,4 [566/778],否, HISTORY 历史学,4 [353/523],,,,,,,,,,,三级
Historia Historias,2025,2318-1729/2318-1729,否,否,是,ESCI,<0.1,,历史学,4 [567/778],否, HISTORY 历史学,4 [354/523],,,,,,,,,,,三级
Futuro del Pasado-Revista Electronica de Historia,2025,1989-9289/1989-9289,否,否,是,ESCI,0.1,,历史学,4 [568/778],否, HISTORY 历史学,4 [355/523],,,,,,,,,,,三级
Britannia,2025,0068-113X/1753-5352,否,否,否,AHCI,0.5,,历史学,4 [569/778],否, ARCHAEOLOGY 考古学,4 [124/164], HISTORY 历史学,4 [356/523],,,,,,,,,三级
South African Journal of Cultural History,2025,1011-3053/1011-3053,否,否,否,ESCI,0.3,,历史学,4 [570/778],否, HISTORY 历史学,4 [357/523],,,,,,,,,,,三级
Akroterion-Journal for the Classics in South Africa,2025,0303-1896/2079-2883,否,否,是,ESCI,<0.1,,历史学,4 [571/778],否, CLASSICS 古典文学,4 [57/59],,,,,,,,,,,三级
BULGARIAN HISTORICAL REVIEW-REVUE BULGARE D HISTOIRE,2025,0204-8906,否,否,否,AHCI,0.1,,历史学,4 [572/778],否, HISTORY 历史学,4 [358/523],,,,,,,,,,,三级
Journal of American-East Asian Relations,2025,1058-3947/1876-5610,否,否,否,ESCI,0.2,,历史学,4 [573/778],否, HISTORY 历史学,4 [359/523],,,,,,,,,,,三级
Eminak,2025,1998-4634/2708-0226,否,否,是,ESCI,0.4,,历史学,4 [574/778],否, ARCHAEOLOGY 考古学,4 [125/164], HISTORY 历史学,4 [360/523], HISTORY & PHILOSOPHY OF SCIENCE 科学史与科学哲学,4 [77/105],,,,,,,三级
BULLETIN OF THE INSTITUTE OF HISTORY AND PHILOLOGY ACADEMIA SINICA,2025,1012-4195,否,否,否,AHCI,0.2,,历史学,4 [575/778],否, ASIAN STUDIES 亚洲研究,4 [89/102], HISTORY 历史学,4 [362/523], LANGUAGE & LINGUISTICS 语言与语言学,4 [317/391],,,,,,,三级
Archiwa Biblioteki i Muzea Koscielne,2025,0518-3766/2545-3491,否,否,是,ESCI,<0.1,,历史学,4 [576/778],否, HISTORY 历史学,4 [363/523]," HUMANITIES, MULTIDISCIPLINARY 人文科学",4 [282/406], RELIGION 宗教,4 [288/340],,,,,,,三级
Izvestiya Uralskogo Federalnogo Universiteta-Seriya 2-Gumanitarnye Nauki,2025,2227-2283/2587-6929,否,否,是,ESCI,0.2,,历史学,4 [577/778],否," HUMANITIES, MULTIDISCIPLINARY 人文科学",4 [284/406],,,,,,,,,,,三级
Melanges de la Casa de Velazquez,2025,0076-230X/2173-1306,否,否,是,AHCI,0.2,,历史学,4 [578/778],否, HISTORY 历史学,4 [364/523]," LITERATURE, ROMANCE 罗曼语系文学",4 [93/116],,,,,,,,,三级
Mediterranea-Ricerche Storiche,2025,1828-230X,否,否,是,AHCI,0.1,,历史学,4 [579/778],否, HISTORY 历史学,4 [365/523],,,,,,,,,,,三级
MARINERS MIRROR,2025,0025-3359/2049-680X,否,否,否,AHCI,0.3,,历史学,4 [580/778],否, HISTORY 历史学,4 [366/523],,,,,,,,,,,三级
Obradoiro de Historia Moderna,2025,1133-0481/2340-0013,否,否,否,ESCI,0.3,,历史学,4 [581/778],否, HISTORY 历史学,4 [367/523],,,,,,,,,,,三级
Aspasia,2025,1933-2882/1933-2890,否,否,是,ESCI,0.2,,历史学,4 [582/778],否, HISTORY 历史学,4 [368/523],,,,,,,,,,,三级
HISTORIA MEXICANA,2025,0185-0172/2448-6531,否,否,是,AHCI,0.2,,历史学,4 [583/778],否, HISTORY 历史学,4 [369/523],,,,,,,,,,,三级
Journal of Modern Russian History and Historiography,2025,1947-9956/2210-2388,否,否,否,ESCI,0.2,,历史学,4 [584/778],否, HISTORY 历史学,4 [370/523],,,,,,,,,,,三级
Temas Americanistas,2025,1988-7868/0212-4408,否,否,是,ESCI,0.3,,历史学,4 [585/778],否, HISTORY 历史学,4 [371/523],,,,,,,,,,,三级
Ricerche di Storia Politica,2025,1120-9526/1120-9526,否,否,否,ESCI,0.2,,历史学,4 [586/778],否, HISTORY 历史学,4 [372/523],,,,,,,,,,,三级
Chronica Nova,2025,0210-9611/2445-1908,否,否,否,ESCI,0.1,,历史学,4 [587/778],否, HISTORY 历史学,4 [373/523],,,,,,,,,,,三级
Diasporas-Histoire et Societes,2025,1637-5823/1637-5823,否,否,是,AHCI,<0.1,,历史学,4 [588/778],否, HISTORY 历史学,4 [374/523],,,,,,,,,,,三级
Estudios de Asia y Africa,2025,0185-0164/2448-654X,否,否,是,ESCI,0.1,,历史学,4 [589/778],否, HISTORY 历史学,4 [375/523],,,,,,,,,,,三级
ARCHAEOFAUNA,2025,1132-6891/1132-6891,否,否,否,AHCI,0.6,,历史学,4 [590/778],否, ARCHAEOLOGY 考古学,4 [126/164],,,,,,,,,,,三级
Historiografias-Revista de Historia y Teoria,2025,2174-4289/2174-4289,否,否,否,ESCI,0.2,,历史学,4 [591/778],否, HISTORY 历史学,4 [376/523],,,,,,,,,,,三级
Aristonothos-Scritti per il Mediterraneo Antico,2025,2037-4488/2385-2895,否,否,是,ESCI,<0.1,,历史学,4 [592/778],否, HISTORY 历史学,4 [377/523],,,,,,,,,,,三级
Hiperboreea,2025,2688-8211/2284-5666,否,否,否,ESCI,0.2,,历史学,4 [593/778],否, HISTORY 历史学,4 [378/523],,,,,,,,,,,三级
Historia e Cultura,2025,2238-6270/2238-6270,否,否,是,ESCI,0.1,,历史学,4 [594/778],否, HISTORY 历史学,4 [379/523],,,,,,,,,,,三级
Illes i Imperis,2025,1575-0698/2385-4219,否,否,是,ESCI,0.3,,历史学,4 [595/778],否, HISTORY 历史学,4 [380/523],,,,,,,,,,,三级
Pasado y Memoria-Revista de Historia Contemporanea,2025,1579-3311/2386-4745,否,否,是,ESCI,0.2,,历史学,4 [596/778],否, HISTORY 历史学,4 [381/523],,,,,,,,,,,三级
Journal of Historic Buildings and Places,2025,2753-2453,否,否,否,AHCI,0.1,,历史学,4 [597/778],否, ARCHITECTURE 建筑学,3 [32/94], ARCHAEOLOGY 考古学,4 [127/164],,,,,,,,,三级
CALIFORNIA HISTORY,2025,0162-2897/2327-1485,否,否,否,AHCI,0.4,,历史学,4 [598/778],否, HISTORY 历史学,4 [382/523],,,,,,,,,,,三级
Hispania Nova,2025,1138-7319/1138-7319,否,否,否,ESCI,0.2,,历史学,4 [599/778],否, HISTORY 历史学,4 [383/523],,,,,,,,,,,三级
Historia Instituciones Documentos,2025,0210-7716/2253-8291,否,否,是,ESCI,0.2,,历史学,4 [600/778],否, HISTORY 历史学,4 [384/523],,,,,,,,,,,三级
Storinky Istoriyi-History Pages,2025,2307-5244/2411-0647,否,否,是,ESCI,0.1,,历史学,4 [601/778],否, HISTORY 历史学,4 [385/523],,,,,,,,,,,三级
ANNALES DE BRETAGNE ET DES PAYS DE L OUEST,2025,0399-0826/2108-6443,否,否,否,AHCI,<0.1,,历史学,4 [602/778],否, HISTORY 历史学,4 [386/523],,,,,,,,,,,三级
Anos 90,2025,1983-201X/0104-236X,否,否,是,ESCI,<0.1,,历史学,4 [603/778],否, HISTORY 历史学,4 [387/523],,,,,,,,,,,三级
ARION-A JOURNAL OF HUMANITIES AND THE CLASSICS,2025,0095-5809/0095-5809,否,否,否,AHCI,<0.1,,历史学,4 [604/778],否, CLASSICS 古典文学,4 [58/59],,,,,,,,,,,三级
Istoriya-History,2025,0861-3710/1314-8524,否,否,否,ESCI,0.1,,历史学,4 [605/778],否, HISTORY 历史学,4 [388/523],,,,,,,,,,,三级
International Journal of Military History and Historiography,2025,2468-3299/2468-3302,否,否,否,ESCI,0.2,,历史学,4 [606/778],否, HISTORY 历史学,4 [389/523],,,,,,,,,,,三级
JOURNAL OF THE SOUTHWEST,2025,0894-8410/2158-1371,否,否,否,AHCI,0.3,,历史学,4 [607/778],否, HISTORY 历史学,4 [390/523],,,,,,,,,,,三级
Historia Constitucional,2025,1576-4729/1576-4729,否,否,是,ESCI,0.1,,历史学,4 [608/778],否, HISTORY 历史学,4 [391/523],,,,,,,,,,,三级
Rudn Journal of Russian History,2025,2312-8674/2312-8690,否,否,是,ESCI,0.1,,历史学,4 [609/778],否, HISTORY 历史学,4 [392/523],,,,,,,,,,,三级
Lithuanian Historical Studies,2025,1392-2343/2538-6565,否,否,否,ESCI,<0.1,,历史学,4 [610/778],否, HISTORY 历史学,4 [393/523],,,,,,,,,,,三级
Arheologia,2025,0235-3490/2616-499X,否,否,是,ESCI,0.4,,历史学,4 [611/778],否, ARCHAEOLOGY 考古学,4 [128/164],,,,,,,,,,,三级
SOUTHERN CULTURES,2025,1068-8218/1534-1488,否,否,否,AHCI,0.3,,历史学,4 [612/778],否, HISTORY 历史学,4 [394/523],,,,,,,,,,,三级
NEW YORK HISTORY,2025,0146-437X/2328-8132,否,否,否,AHCI,0.1,,历史学,4 [613/778],否, HISTORY 历史学,4 [395/523],,,,,,,,,,,三级
Tarih Incelemeleri Dergisi,2025,0257-4152/0257-4152,否,否,否,ESCI,0.2,,历史学,4 [614/778],否, HISTORY 历史学,4 [396/523],,,,,,,,,,,三级
JOURNAL OF MEDITERRANEAN STUDIES,2025,1016-3476/2523-9465,否,否,否,AHCI,,,历史学,4 [615/778],否, HISTORY 历史学,4 [397/523],,,,,,,,,,,三级
Vinculos de Historia,2025,2254-6901/2254-6901,否,否,是,ESCI,0.2,,历史学,4 [616/778],否, HISTORY 历史学,4 [398/523],,,,,,,,,,,三级
Noveishaya Istoriya Rossii-Modern History of Russia,2025,2219-9659/2309-7973,否,否,否,ESCI,0.3,,历史学,4 [617/778],否, HISTORY 历史学,4 [399/523],,,,,,,,,,,三级
SLAVONICA,2025,1361-7427/1745-8145,否,否,否,ESCI,<0.1,,历史学,4 [618/778],否," HUMANITIES, MULTIDISCIPLINARY 人文科学",4 [313/406],,,,,,,,,,,三级
Historisk Tidskrift,2025,0345-469X/0345-469X,否,否,否,AHCI,0.2,,历史学,4 [619/778],否, HISTORY 历史学,4 [400/523],,,,,,,,,,,三级
Annali di Storia delle Universita Italiane,2025,1127-8250/2724-5527,否,否,否,ESCI,0.4,,历史学,4 [620/778],否, HISTORY 历史学,4 [401/523],,,,,,,,,,,三级
Ajalooline Ajakiri-The Estonian Historical Journal,2025,1406-3859/2228-3897,否,否,否,ESCI,0.1,,历史学,4 [621/778],否, HISTORY 历史学,4 [402/523],,,,,,,,,,,三级
Patrimonio e Memoria,2025,1808-1967/1808-1967,否,否,是,ESCI,<0.1,,历史学,4 [622/778],否, HISTORY 历史学,4 [403/523],,,,,,,,,,,三级
Slovenska Archeologia,2025,1335-0102/2585-9145,否,否,否,ESCI,0.1,,历史学,4 [623/778],否, ARCHAEOLOGY 考古学,4 [129/164],,,,,,,,,,,三级
Asian Review of World Histories,2025,2287-965X/2287-9811,否,否,否,ESCI,0.2,,历史学,4 [624/778],否, HISTORY 历史学,4 [404/523],,,,,,,,,,,三级
20 Et 21-Revue D Histoire,2025,2649-664X/2649-6100,否,否,否,AHCI,<0.1,,历史学,4 [625/778],否, HISTORY 历史学,4 [405/523],,,,,,,,,,,三级
Turkish Journal of History-Tarih Dergisi,2025,1015-1818/1015-1818,否,否,是,ESCI,<0.1,,历史学,4 [626/778],否, HISTORY 历史学,4 [406/523],,,,,,,,,,,三级
Casopis za Suvremenu Povijest,2025,0590-9597/1848-9079,否,否,否,ESCI,0.1,,历史学,4 [627/778],否, HISTORY 历史学,4 [407/523],,,,,,,,,,,三级
Arqueologia Iberoamericana,2025,1989-4104/1989-4104,否,否,是,ESCI,0.4,,历史学,4 [628/778],否, ARCHAEOLOGY 考古学,4 [130/164],,,,,,,,,,,三级
NEW ZEALAND JOURNAL OF HISTORY,2025,0028-8322/0028-8322,否,否,否,AHCI,<0.1,,历史学,4 [629/778],否, HISTORY 历史学,4 [408/523],,,,,,,,,,,三级
Revista Numismatica Hecate,2025,2386-8643/2386-8643,否,否,是,ESCI,<0.1,,历史学,4 [630/778],否," HUMANITIES, MULTIDISCIPLINARY 人文科学",4 [320/406],,,,,,,,,,,三级
Erasmo-Revista de Historia Bajomedieval y Moderna,2025,2341-2380/2341-2380,否,否,是,ESCI,<0.1,,历史学,4 [631/778],否, MEDIEVAL & RENAISSANCE STUDIES 中世纪与文艺复兴研究,4 [80/82],,,,,,,,,,,三级
British Journal of Canadian Studies,2025,0269-9222/1757-8078,否,否,否,AHCI,0.2,,历史学,4 [632/778],否," HUMANITIES, MULTIDISCIPLINARY 人文科学",4 [324/406],,,,,,,,,,,三级
Americania-Revista de Estudios Latinoamericanos,2025,2174-0178/2174-0178,否,否,是,ESCI,0.2,,历史学,4 [633/778],否, HISTORY 历史学,4 [409/523],,,,,,,,,,,三级
Financial History Review,2025,0968-5650/1474-0052,否,否,否,ESCI,0.8,,历史学,4 [634/778],否, HISTORY OF SOCIAL SCIENCES 社会科学史,4 [39/42],,,,,,,,,,,三级
"International Journal for History, Culture and Modernity",2025,2666-6529/2213-0624,否,否,否,ESCI,<0.1,,历史学,4 [635/778],否, HISTORY 历史学,4 [410/523],,,,,,,,,,,三级
Estudios de Historia Moderna y Contemporanea de Mexico,2025,0185-2620/2448-5004,否,否,是,ESCI,0.2,,历史学,4 [636/778],否, HISTORY 历史学,4 [411/523],,,,,,,,,,,三级
Cordis-Revista Eletronica de Historia Social da Cidade,2025,2176-4174/2176-4174,否,否,否,ESCI,0.1,,历史学,4 [637/778],否, HISTORY 历史学,4 [412/523],,,,,,,,,,,三级
Fronteras de la Historia,2025,2027-4688/2539-4711,否,否,是,ESCI,0.2,,历史学,4 [638/778],否, HISTORY 历史学,4 [413/523],,,,,,,,,,,三级
Avances del Cesor,2025,1514-3899/2422-6580,否,否,是,ESCI,0.1,,历史学,4 [639/778],否, HISTORY 历史学,4 [414/523],,,,,,,,,,,三级
Archaeologia Maritima Mediterranea-An International Journal on Underwater Archaeology,2025,1724-6091/1825-3881,否,否,否,ESCI,0.2,,历史学,4 [640/778],否, ARCHAEOLOGY 考古学,4 [131/164],,,,,,,,,,,三级
Memoria e Ricerca - Rivista di Storia Contemporanea,2025,1127-0195/1972-523X,否,否,否,ESCI,<0.1,,历史学,4 [641/778],否, HISTORY 历史学,4 [416/523],,,,,,,,,,,三级
PENNSYLVANIA MAGAZINE OF HISTORY AND BIOGRAPHY,2025,0031-4587/2169-8546,否,否,否,AHCI,0.1,,历史学,4 [642/778],否, HISTORY 历史学,4 [417/523],,,,,,,,,,,三级
Ming Qing Yanjiu,2025,1724-8574/2468-4791,否,否,否,ESCI,0.4,,历史学,4 [643/778],否, ASIAN STUDIES 亚洲研究,4 [94/102], HISTORY 历史学,4 [418/523],,,,,,,,,三级
GREAT PLAINS QUARTERLY,2025,0275-7664/2333-5092,否,否,否,AHCI,0.1,,历史学,4 [644/778],否," HUMANITIES, MULTIDISCIPLINARY 人文科学",4 [332/406],,,,,,,,,,,三级
Transcultural Studies,2025,2191-6411/2191-6411,否,否,是,ESCI,0.2,,历史学,4 [645/778],否, HISTORY 历史学,4 [419/523],,,,,,,,,,,三级
Historia Caribe,2025,0122-8803/2322-6889,否,否,否,ESCI,0.1,,历史学,4 [646/778],否, HISTORY 历史学,4 [421/523],,,,,,,,,,,三级
Historical Review-La Revue Historique,2025,1790-3572/1791-7603,否,否,是,AHCI,0.1,,历史学,4 [647/778],否, HISTORY 历史学,4 [422/523],,,,,,,,,,,三级
Stratum Plus,2025,1608-9057/1857-3533,否,否,否,ESCI,0.2,,历史学,4 [648/778],否, ARCHAEOLOGY 考古学,4 [132/164],,,,,,,,,,,三级
GUERRES MONDIALES ET CONFLITS CONTEMPORAINS,2025,0984-2292/2101-0137,否,否,否,AHCI,<0.1,,历史学,4 [649/778],否, HISTORY 历史学,4 [423/523],,,,,,,,,,,三级
Antiteses,2025,1984-3356/1984-3356,否,否,是,ESCI,0.1,,历史学,4 [650/778],否, HISTORY 历史学,4 [424/523],,,,,,,,,,,三级
Anuario de la Escuela de Historia Virtual,2025,1853-7049/1853-7049,否,否,是,ESCI,0.3,,历史学,4 [651/778],否, HISTORY 历史学,4 [425/523],,,,,,,,,,,三级
Prilozi Instituta za Arheologiju u Zagrebu,2025,1330-0644/1848-6371,否,否,否,ESCI,0.2,,历史学,4 [652/778],否, ARCHAEOLOGY 考古学,4 [133/164],,,,,,,,,,,三级
REVUE HISTORIQUE,2025,0035-3264/2104-3825,否,否,否,AHCI,1,,历史学,4 [653/778],否, HISTORY 历史学,4 [426/523],,,,,,,,,,,三级
Istorija,2025,1392-0456/2029-7181,否,否,否,ESCI,<0.1,,历史学,4 [654/778],否, HISTORY 历史学,4 [427/523],,,,,,,,,,,三级
Journal of Migration History,2025,2351-9916/2351-9924,否,否,否,ESCI,0.2,,历史学,4 [655/778],否, HISTORY 历史学,4 [428/523]," HUMANITIES, MULTIDISCIPLINARY 人文科学",4 [337/406], SOCIAL ISSUES 社会问题,4 [52/66],,,,,,,三级
Archaeology International,2025,1463-1725/2048-4194,否,否,是,ESCI,0.1,,历史学,4 [656/778],否, ARCHAEOLOGY 考古学,4 [134/164],,,,,,,,,,,三级
Istorija 20 Veka,2025,0352-3160/2560-3647,否,否,是,ESCI,0.2,,历史学,4 [657/778],否, HISTORY 历史学,4 [429/523],,,,,,,,,,,三级
Transylvanian Review,2025,1221-1249,否,否,否,AHCI,0.1,,历史学,4 [658/778],否, HISTORY 历史学,4 [430/523],,,,,,,,,,,三级
Tzintzun-Revista de Estudios Historicos,2025,1870-719X/2007-963X,否,否,否,ESCI,0.1,,历史学,4 [659/778],否, HISTORY 历史学,4 [431/523],,,,,,,,,,,三级
VSWG-Vierteljahrschrift fur Sozial-und Wirtschaftsgeschichte,2025,0340-8728/0340-8728,否,否,否,ESCI,0.2,,历史学,4 [660/778],否, HISTORY 历史学,4 [432/523],,,,,,,,,,,三级
Cuadernos de Historia del Derecho,2025,1133-7613/1988-2521,否,否,否,ESCI,0.1,,历史学,4 [661/778],否, HISTORY OF SOCIAL SCIENCES 社会科学史,4 [40/42],,,,,,,,,,,三级
NEW MEXICO HISTORICAL REVIEW,2025,0028-6206/0028-6206,否,否,否,AHCI,<0.1,,历史学,4 [662/778],否, HISTORY 历史学,4 [433/523],,,,,,,,,,,三级
Historia y Espacio,2025,0120-4661/2357-6448,否,否,是,ESCI,<0.1,,历史学,4 [663/778],否, HISTORY 历史学,4 [434/523],,,,,,,,,,,三级
ESTUDOS IBERO-AMERICANOS,2025,0101-4064/1980-864X,否,否,是,AHCI,0.1,,历史学,4 [664/778],否, HISTORY 历史学,4 [435/523],,,,,,,,,,,三级
Revista Universitaria de Historia Militar,2025,2254-6111/2254-6111,否,否,是,ESCI,0.2,,历史学,4 [665/778],否, HISTORY 历史学,4 [436/523],,,,,,,,,,,三级
Sport History Review,2025,1087-1659/1543-2947,否,否,否,AHCI,0.6,,历史学,4 [666/778],否, HISTORY 历史学,4 [437/523],,,,,,,,,,,三级
Midland History,2025,0047-729X/1756-381X,否,否,否,ESCI,0.3,,历史学,4 [667/778],否, HISTORY 历史学,4 [438/523],,,,,,,,,,,三级
Lietuvos istorijos studijos,2025,1392-0448/1648-9101,否,否,是,ESCI,<0.1,,历史学,4 [668/778],否, HISTORY 历史学,4 [439/523],,,,,,,,,,,三级
Herald of an Archivist,2025,2073-0101/2073-0101,否,否,否,ESCI,<0.1,,历史学,4 [669/778],否, HISTORY 历史学,4 [440/523],,,,,,,,,,,三级
Historia 396,2025,0719-0719/0719-7969,否,否,是,ESCI,0.1,,历史学,4 [670/778],否, HISTORY 历史学,4 [441/523],,,,,,,,,,,三级
Passagens-International Review of Political History and Legal Culture,2025,1984-2503/1984-2503,否,否,是,ESCI,0.2,,历史学,4 [671/778],否, HISTORY 历史学,4 [442/523],,,,,,,,,,,三级
MICHIGAN HISTORICAL REVIEW,2025,0890-1686/2327-9672,否,否,否,AHCI,<0.1,,历史学,4 [672/778],否, HISTORY 历史学,4 [443/523],,,,,,,,,,,三级
Vulcan,2025,2213-459X/2213-4603,否,否,否,ESCI,0.2,,历史学,4 [673/778],否, HISTORY 历史学,4 [444/523],,,,,,,,,,,三级
Volgogradskii Gosudarstvennyi Universitet-Vestnik-Seriya 4-Istoriya Regionovedenie Mezhdunarodnye Otnosheniya,2025,1998-9938/2312-8704,否,否,是,ESCI,0.1,,历史学,4 [674/778],否, HISTORY 历史学,4 [445/523],,,,,,,,,,,三级
Storica,2025,1125-0194/1973-2236,否,否,否,ESCI,0.3,,历史学,4 [675/778],否, HISTORY 历史学,4 [446/523],,,,,,,,,,,三级
HISTOIRE SOCIALE-SOCIAL HISTORY,2025,0018-2257/0018-2257,否,否,否,AHCI,0.3,,历史学,4 [676/778],否, HISTORY 历史学,4 [447/523],,,,,,,,,,,三级
Anuario de Historia Regional y de las Fronteras,2025,0122-2066/2145-8499,否,否,是,ESCI,0.1,,历史学,4 [677/778],否, HISTORY 历史学,4 [448/523],,,,,,,,,,,三级
Aportes-Revista de Historia Contemporanea,2025,0213-5868/2386-4850,否,否,否,ESCI,0.1,,历史学,4 [678/778],否, HISTORY 历史学,4 [449/523],,,,,,,,,,,三级
Aedos-Revista do Corpo Discente do Programa de Pos-Graduacao em Historia da UFRGS,2025,1984-5634/1984-5634,否,否,否,ESCI,<0.1,,历史学,4 [679/778],否, HISTORY 历史学,4 [450/523],,,,,,,,,,,三级
Estudios de Historia de Espana,2025,0328-0284/2469-0961,否,否,是,ESCI,0.2,,历史学,4 [680/778],否, HISTORY 历史学,4 [451/523],,,,,,,,,,,三级
Archeologia e Calcolatori,2025,1120-6861/2385-1953,否,否,是,ESCI,0.3,,历史学,4 [681/778],否, ARCHAEOLOGY 考古学,4 [135/164],,,,,,,,,,,三级
Arqueologia y Territorio Medieval,2025,1134-3184/2386-5423,否,否,是,ESCI,0.2,,历史学,4 [682/778],否, MEDIEVAL & RENAISSANCE STUDIES 中世纪与文艺复兴研究,4 [81/82],,,,,,,,,,,三级
Novyi Istoricheskii Vestnik-The New Historical Bulletin,2025,2072-9286/2072-9286,否,否,否,ESCI,0.1,,历史学,4 [683/778],否, HISTORY 历史学,4 [452/523],,,,,,,,,,,三级
Pamiec i Sprawiedliwosc,2025,1427-7476/1427-7476,否,否,否,ESCI,,,历史学,4 [684/778],否, HISTORY 历史学,4 [453/523],,,,,,,,,,,三级
Procesos-Revista Ecuatoriana de Historia,2025,1390-0099/2588-0780,否,否,否,ESCI,0.1,,历史学,4 [685/778],否, HISTORY 历史学,4 [454/523],,,,,,,,,,,三级
Scottish Archaeological Journal,2025,1471-5767/1755-2028,否,否,否,ESCI,0.1,,历史学,4 [686/778],否, ARCHAEOLOGY 考古学,4 [136/164],,,,,,,,,,,三级
Procesos Historicos-Revista Semestral de Historia Arte y Ciencias Sociales,2025,1690-4818/1690-4818,否,否,否,ESCI,<0.1,,历史学,4 [687/778],否, HISTORY 历史学,4 [455/523],,,,,,,,,,,三级
Journal of Transport History,2025,0022-5266/1759-3999,否,否,否,ESCI,0.6,,历史学,4 [688/778],否, HISTORY 历史学,4 [457/523],,,,,,,,,,,三级
Journal of Pacific Archaeology,2025,1179-4704/1179-4712,否,否,否,ESCI,2.7,,历史学,4 [689/778],否, ARCHAEOLOGY 考古学,4 [137/164],,,,,,,,,,,三级
Lucentum,2025,0213-2338/1989-9904,否,否,是,ESCI,0.7,,历史学,4 [690/778],否, ARCHAEOLOGY 考古学,4 [138/164],,,,,,,,,,,三级
Revista Portuguesa de Historia,2025,0870-4147/2183-3796,否,否,是,ESCI,0.4,,历史学,4 [691/778],否, HISTORY 历史学,4 [458/523],,,,,,,,,,,三级
Epohi,2025,1310-2141/2534-8418,否,否,否,ESCI,0.2,,历史学,4 [692/778],否, HISTORY 历史学,4 [459/523],,,,,,,,,,,三级
Archaeologia Austriaca,2025,0003-8008/1816-2959,否,否,否,ESCI,0.7,,历史学,4 [693/778],否, ARCHAEOLOGY 考古学,4 [139/164],,,,,,,,,,,三级
Tempo e Argumento,2025,2175-1803/2175-1803,否,否,是,ESCI,0.1,,历史学,4 [694/778],否, HISTORY 历史学,4 [460/523],,,,,,,,,,,三级
Transfers-Interdisciplinary Journal of Mobility Studies,2025,2045-4813/2045-4821,否,否,否,ESCI,0.4,,历史学,4 [695/778],否, HISTORY 历史学,4 [461/523],,,,,,,,,,,三级
ARCHAEOLOGY,2025,0003-8113/1943-5746,否,否,否,AHCI,0.7,,历史学,4 [696/778],否, ARCHAEOLOGY 考古学,4 [140/164],,,,,,,,,,,三级
Boletin del Archivo General de la Nacion,2025,0185-1926/2448-8798,否,否,否,ESCI,0.1,,历史学,4 [697/778],否, HISTORY 历史学,4 [462/523],,,,,,,,,,,三级
Revista de Historia Industrial,2025,1132-7200/2385-3247,否,否,否,SSCI;AHCI,0.5,,历史学,4 [698/778],否, BUSINESS 商业：管理,4 [238/302], ECONOMICS 经济学,4 [470/599], HISTORY 历史学,4 [463/523], HISTORY OF SOCIAL SCIENCES 社会科学史,4 [41/42],,,,,三级
Estudios Atacamenos,2025,0718-1043/0718-1043,否,否,是,SSCI;AHCI,0.6,,历史学,4 [699/778],否, ANTHROPOLOGY 人类学,4 [123/137], ARCHAEOLOGY 考古学,4 [141/164], HISTORY 历史学,4 [464/523],,,,,,,三级
Mesto a Dejiny-The City and History,2025,1339-0163/1339-0163,否,否,否,ESCI,0.1,,历史学,4 [700/778],否, HISTORY 历史学,4 [465/523],,,,,,,,,,,三级
International Journal of Maritime History,2025,0843-8714/2052-7756,否,否,否,ESCI,0.3,,历史学,4 [701/778],否, HISTORY 历史学,4 [466/523],,,,,,,,,,,三级
Lanx-Journal of the Scuola di Specializzazione in Archeologia of the University of Milan,2025,2035-4797/2035-4797,否,否,是,ESCI,<0.1,,历史学,4 [702/778],否, ARCHAEOLOGY 考古学,4 [142/164],,,,,,,,,,,三级
Radovi-Zavoda za Hrvatsku Povijest,2025,0353-295X/0353-295X,否,否,是,ESCI,0.1,,历史学,4 [703/778],否, HISTORY 历史学,4 [467/523],,,,,,,,,,,三级
Studijne Zvesti Archeologickeho Ustavu Slovenskej Akademie Vied,2025,0560-2793/0560-2793,否,否,否,ESCI,0.1,,历史学,4 [704/778],否, ARCHAEOLOGY 考古学,4 [143/164],,,,,,,,,,,三级
Frontiers of History in China,2025,1673-3401/1673-3525,否,否,否,ESCI,0.1,,历史学,4 [705/778],否, HISTORY 历史学,4 [468/523],,,,,,,,,,,三级
Anuario IEHS,2025,0326-9671/2524-9339,否,否,是,ESCI,0.1,,历史学,4 [706/778],否, HISTORY 历史学,4 [469/523],,,,,,,,,,,三级
Navigator-Subsidios para a Historia Maritima do Brasil,2025,0100-1248/0100-1248,否,否,是,ESCI,0.1,,历史学,4 [707/778],否, HISTORY 历史学,4 [470/523],,,,,,,,,,,三级
Revista de Arqueologia Historica Argentina y Latinoamericana,2025,1851-3190/2344-9918,否,否,是,ESCI,0.2,,历史学,4 [708/778],否, ARCHAEOLOGY 考古学,4 [144/164],,,,,,,,,,,三级
Cahiers de Civilisation Espagnole Contemporaine-De 1808 Au Temps Present,2025,1957-7761/1957-7761,否,否,是,ESCI,0.1,,历史学,4 [709/778],否, HISTORY 历史学,4 [471/523],,,,,,,,,,,三级
Journal of Scottish Historical Studies,2025,1748-538X/1755-1749,否,否,否,ESCI,0.3,,历史学,4 [710/778],否, HISTORY 历史学,4 [472/523],,,,,,,,,,,三级
Journal of African Military History,2025,2468-0958/2468-0966,否,否,否,ESCI,0.2,,历史学,4 [711/778],否, AREA STUDIES 地域研究,4 [146/174], HISTORY 历史学,4 [473/523], INTERNATIONAL RELATIONS 国际关系学,4 [146/165],,,,,,,三级
Vestnik Tomskogo Gosudarstvennogo Universiteta Istoriya-Tomsk State University Journal of History,2025,1998-8613/2311-2387,否,否,否,ESCI,0.1,,历史学,4 [712/778],否, HISTORY 历史学,4 [474/523],,,,,,,,,,,三级
Historia Social,2025,0214-2570/0214-2570,否,否,否,ESCI,0.2,,历史学,4 [713/778],否, HISTORY 历史学,4 [475/523],,,,,,,,,,,三级
Historia Agraria,2025,1139-1472/2340-3659,否,否,是,SSCI;AHCI,0.5,,历史学,4 [714/778],否, HISTORY 历史学,4 [476/523],,,,,,,,,,,三级
HISTORY TODAY,2025,0018-2753,否,否,否,AHCI,0.1,,历史学,4 [715/778],否, HISTORY 历史学,4 [477/523],,,,,,,,,,,三级
Histria,2025,1848-1183/1849-5699,否,否,否,ESCI,<0.1,,历史学,4 [716/778],否, HISTORY 历史学,4 [478/523],,,,,,,,,,,三级
Journal of Classics Teaching,2025,1741-7627/2058-6310,否,否,是,ESCI,0.5,,历史学,4 [717/778],否, CLASSICS 古典文学,4 [59/59],,,,,,,,,,,三级
Revista de Historia Moderna-Anales de la Universidad de Alicante,2025,0212-5862/1989-9823,否,否,是,ESCI,0.3,,历史学,4 [718/778],否, HISTORY 历史学,4 [479/523],,,,,,,,,,,三级
Investigaciones de Historia Economica,2025,1698-6989/2340-3373,否,否,否,ESCI,0.3,,历史学,4 [719/778],否, ECONOMICS 经济学,4 [477/599], HISTORY 历史学,4 [480/523],,,,,,,,,三级
Radovi Zavoda za povijesne znanosti HAZU u Zadru,2025,1330-0474/1330-0474,否,否,否,AHCI,<0.1,,历史学,4 [720/778],否, HISTORY 历史学,4 [481/523],,,,,,,,,,,三级
CHINESE STUDIES IN HISTORY,2025,0009-4633/1558-0407,否,否,否,AHCI,0.2,,历史学,4 [721/778],否, ASIAN STUDIES 亚洲研究,4 [98/102], HISTORY 历史学,4 [482/523],,,,,,,,,三级
Chinese Historical Review,2025,1547-402X/2048-7827,否,否,否,ESCI,0.1,,历史学,4 [722/778],否, HISTORY 历史学,4 [483/523],,,,,,,,,,,三级
Historia Contemporanea,2025,1130-2402/2340-0277,否,否,是,ESCI,0.1,,历史学,4 [723/778],否, HISTORY 历史学,4 [484/523],,,,,,,,,,,三级
Irish Economic and Social History,2025,0332-4893/2050-4918,否,否,否,ESCI,0.2,,历史学,4 [724/778],否, HISTORY 历史学,4 [485/523],,,,,,,,,,,三级
Rossiiskaya Arkheologiya,2025,0869-6063/0869-6063,否,否,否,AHCI,0.2,,历史学,4 [725/778],否, ARCHAEOLOGY 考古学,4 [145/164],,,,,,,,,,,三级
PACIFIC NORTHWEST QUARTERLY,2025,0030-8803/2327-9753,否,否,否,AHCI,<0.1,,历史学,4 [726/778],否, HISTORY 历史学,4 [486/523],,,,,,,,,,,三级
Imago Temporis-Medium Aevum,2025,1888-3931/2340-7778,否,否,是,AHCI,0.3,,历史学,4 [727/778],否, HISTORY 历史学,4 [487/523], MEDIEVAL & RENAISSANCE STUDIES 中世纪与文艺复兴研究,4 [82/82],,,,,,,,,三级
Chinese Archaeology,2025,2160-5025/2160-5068,否,否,否,ESCI,0.3,,历史学,4 [728/778],否, ARCHAEOLOGY 考古学,4 [146/164],,,,,,,,,,,三级
Annales Instituti Archaeologici,2025,1845-4046/1848-6363,否,否,否,ESCI,0.3,,历史学,4 [729/778],否, ARCHAEOLOGY 考古学,4 [147/164],,,,,,,,,,,三级
Coordenadas-Revista de Historia Local y Regional,2025,2362-4752/2362-4752,否,否,是,ESCI,<0.1,,历史学,4 [730/778],否, HISTORY 历史学,4 [488/523],,,,,,,,,,,三级
Trabajos y comunicaciones,2025,0325-173X/2346-8971,否,否,是,ESCI,0.2,,历史学,4 [731/778],否, HISTORY 历史学,4 [489/523],,,,,,,,,,,三级
Complutum,2025,1131-6993/1988-2327,否,否,否,AHCI,0.4,,历史学,4 [732/778],否, ARCHAEOLOGY 考古学,4 [148/164],,,,,,,,,,,三级
Egyptian Journal of Archaeological and Restoration Studies,2025,2090-4932/2090-4940,否,否,否,ESCI,0.4,,历史学,4 [733/778],否, ARCHAEOLOGY 考古学,4 [149/164],,,,,,,,,,,三级
Estudios Historicos,2025,1688-5317/1688-5317,否,否,否,ESCI,0.1,,历史学,4 [734/778],否, HISTORY 历史学,4 [490/523],,,,,,,,,,,三级
HISTORIA,2025,1270-0835,否,否,是,AHCI,0.1,,历史学,4 [735/778],否, HISTORY 历史学,4 [491/523],,,,,,,,,,,三级
Victorian Historical Journal,2025,1030-7710/1320-6001,否,否,否,ESCI,<0.1,,历史学,4 [736/778],否, HISTORY 历史学,4 [492/523],,,,,,,,,,,三级
CTAD-Cumhuriyet Tarihi Arastirmalari Dergisi,2025,1305-1458/2147-1592,否,否,否,ESCI,0.1,,历史学,4 [737/778],否, HISTORY 历史学,4 [493/523],,,,,,,,,,,三级
Fornvannen-Journal of Swedish Antiquarian Research,2025,0015-7813/1404-9430,否,否,否,AHCI,0.1,,历史学,4 [738/778],否, ARCHAEOLOGY 考古学,4 [150/164], HISTORY 历史学,4 [494/523],,,,,,,,,三级
Register of the Kentucky Historical Society,2025,0023-0243/2161-0355,否,否,否,ESCI,<0.1,,历史学,4 [739/778],否, HISTORY 历史学,4 [495/523],,,,,,,,,,,三级
Yorkshire Archaeological Journal,2025,0084-4276/2045-0664,否,否,否,ESCI,0.2,,历史学,4 [740/778],否, ARCHAEOLOGY 考古学,4 [151/164],,,,,,,,,,,三级
Scandia,2025,0036-5483/0036-5483,否,否,否,SSCI;AHCI,0.3,,历史学,4 [741/778],否, HISTORY 历史学,4 [496/523],,,,,,,,,,,三级
Journal of Chinese Military History,2025,2212-7445/2212-7453,否,否,否,ESCI,0.3,,历史学,4 [742/778],否, ASIAN STUDIES 亚洲研究,4 [99/102], HISTORY 历史学,4 [497/523],,,,,,,,,三级
New Contree,2025,0379-9867/0379-9867,否,否,是,ESCI,0.1,,历史学,4 [743/778],否, HISTORY 历史学,4 [498/523],,,,,,,,,,,三级
Historia Actual Online,2025,1696-2060/1696-2060,否,否,是,ESCI,0.2,,历史学,4 [744/778],否, HISTORY 历史学,4 [499/523],,,,,,,,,,,三级
ARKANSAS HISTORICAL QUARTERLY,2025,0004-1823/2327-1213,否,否,否,AHCI,,,历史学,4 [745/778],否, HISTORY 历史学,4 [500/523],,,,,,,,,,,三级
Razon Historica-Revista Hispanoamericana de Historia de las Ideas,2025,1989-2659/1989-2659,否,否,是,ESCI,<0.1,,历史学,4 [746/778],否, HISTORY 历史学,4 [501/523],,,,,,,,,,,三级
Memoires Identites Marginalites dans le Monde Occidental Contemporain,2025,1951-6789/1951-6789,否,否,是,ESCI,<0.1,,历史学,4 [747/778],否, HISTORY 历史学,4 [502/523],,,,,,,,,,,三级
Jebat-Malaysian Journal of History Politics and Strategic Studies,2025,0126-5644/2180-0251,否,否,是,ESCI,0.2,,历史学,4 [748/778],否, HISTORY 历史学,4 [503/523],,,,,,,,,,,三级
Ancient Near Eastern Studies,2025,1378-4641/1783-1326,否,否,否,ESCI,,,历史学,4 [749/778],否," HUMANITIES, MULTIDISCIPLINARY 人文科学",4 [380/406],,,,,,,,,,,三级
Kratkie Soobshcheniya Instituta Arkheologii,2025,0130-2620/0130-2620,否,否,否,ESCI,0.2,,历史学,4 [750/778],否, ARCHAEOLOGY 考古学,4 [152/164],,,,,,,,,,,三级
Archeologicke Rozhledy,2025,0323-1267,否,否,是,AHCI,0.5,,历史学,4 [751/778],否, ARCHAEOLOGY 考古学,4 [153/164],,,,,,,,,,,三级
Cadernos de Historia,2025,2237-8871/2237-8871,否,否,是,ESCI,<0.1,,历史学,4 [752/778],否, HISTORY 历史学,4 [504/523],,,,,,,,,,,三级
Bulletin de la Societe Prehistorique Francaise,2025,0249-7638/1760-7361,否,否,否,ESCI,0.4,,历史学,4 [753/778],否, ARCHAEOLOGY 考古学,4 [154/164],,,,,,,,,,,三级
Iranica Antiqua,2025,0021-0870/1783-1482,否,否,否,AHCI,<0.1,,历史学,4 [754/778],否, ARCHAEOLOGY 考古学,4 [156/164],,,,,,,,,,,三级
Vjesnik Arheoloskog Muzeja u Zagrebu,2025,0350-7165/0350-7165,否,否,是,ESCI,0.6,,历史学,4 [755/778],否, ARCHAEOLOGY 考古学,4 [157/164],,,,,,,,,,,三级
Sociohistorica-Cuadernos del CISH,2025,1514-0113/1852-1606,否,否,是,ESCI,0.1,,历史学,4 [756/778],否, HISTORY 历史学,4 [506/523],,,,,,,,,,,三级
Journal of Modern Chinese History,2025,1753-5654/1753-5662,否,否,否,ESCI,<0.1,,历史学,4 [757/778],否, HISTORY 历史学,4 [507/523],,,,,,,,,,,三级
PRESERVATION,2025,1090-9931,否,否,否,AHCI,<0.1,,历史学,4 [758/778],否, HISTORY 历史学,4 [508/523],,,,,,,,,,,三级
Revista Historia-Debates e Tendencias,2025,1517-2856/2238-8885,否,否,是,ESCI,<0.1,,历史学,4 [759/778],否, HISTORY 历史学,4 [509/523],,,,,,,,,,,三级
Jahrbuch Fur Wirtschaftsgeschichte,2025,0075-2800/2196-6842,否,否,是,ESCI,0.3,,历史学,4 [760/778],否, ECONOMICS 经济学,4 [500/599], HISTORY 历史学,4 [510/523],,,,,,,,,三级
Ancient Asia-Journal of the Society of South Asian Archaeology,2025,2042-5937/2042-5937,否,否,是,ESCI,<0.1,,历史学,4 [761/778],否, ARCHAEOLOGY 考古学,4 [158/164],,,,,,,,,,,三级
Estudios Sociales-Revista Universitaria Semestral,2025,0327-4934/2250-6950,否,否,是,ESCI,0.2,,历史学,4 [762/778],否, HISTORY 历史学,4 [511/523],,,,,,,,,,,三级
RIVAR-Revista Iberoamericana de Viticultura Agroindustria y Ruralidad,2025,0719-4994/0719-4994,否,否,是,ESCI,0.5,,历史学,4 [763/778],否, HISTORY 历史学,4 [512/523],,,,,,,,,,,三级
Archivo Espanol de Arqueologia,2025,0066-6742/1988-3110,否,否,是,AHCI,0.4,,历史学,4 [764/778],否, ARCHAEOLOGY 考古学,4 [159/164],,,,,,,,,,,三级
Journal of History-NCCU,2025,0301-9667/0301-9667,否,否,否,ESCI,<0.1,,历史学,4 [765/778],否, HISTORY 历史学,4 [513/523],,,,,,,,,,,三级
Conservation and Management of Archaeological Sites,2025,1350-5033/1753-5522,否,否,否,AHCI,0.8,,历史学,4 [766/778],否, ARCHAEOLOGY 考古学,4 [160/164],,,,,,,,,,,三级
Bulletin of the German Historical Institute,2025,1048-9134/1048-9134,否,否,否,ESCI,0.1,,历史学,4 [767/778],否, HISTORY 历史学,4 [514/523],,,,,,,,,,,三级
MONTANA-THE MAGAZINE OF WESTERN HISTORY,2025,0026-9891/2328-4293,否,否,否,AHCI,<0.1,,历史学,4 [768/778],否, HISTORY 历史学,4 [515/523],,,,,,,,,,,三级
Industrial Archaeology Review,2025,0309-0728/1745-8196,否,否,否,AHCI,0.3,,历史学,4 [769/778],否, ARCHAEOLOGY 考古学,4 [161/164], HISTORY 历史学,4 [516/523],,,,,,,,,三级
Presente y Pasado-Revista de Historia,2025,1316-1369/2343-5682,否,否,否,ESCI,<0.1,,历史学,4 [770/778],否, HISTORY 历史学,4 [517/523],,,,,,,,,,,三级
FAMILY & COMMUNITY HISTORY,2025,1463-1180/1751-3812,否,否,否,ESCI,0.3,,历史学,4 [771/778],否, HISTORY 历史学,4 [518/523],,,,,,,,,,,三级
Acta Historica Universitatis Klaipedensis,2025,1392-4095/2351-6526,否,否,是,ESCI,0.3,,历史学,4 [772/778],否, HISTORY 历史学,4 [519/523],,,,,,,,,,,三级
Revue Archeologique du Centre de la France,2025,1951-6207/1951-6207,否,否,是,ESCI,0.1,,历史学,4 [773/778],否, ARCHAEOLOGY 考古学,4 [162/164],,,,,,,,,,,三级
Atelier du Centre de Recherches Historiques,2025,1760-7914/1760-7914,否,否,是,ESCI,<0.1,,历史学,4 [774/778],否, HISTORY 历史学,4 [520/523],,,,,,,,,,,三级
Origini,2025,0474-6805/0474-6805,否,否,否,AHCI,0.7,,历史学,4 [775/778],否, ARCHAEOLOGY 考古学,4 [163/164],,,,,,,,,,,三级
Studia Historiae Oeconomicae,2025,0081-6485/0081-6485,否,否,是,ESCI,0.1,,历史学,4 [776/778],否, ECONOMICS 经济学,4 [540/599], HISTORY 历史学,4 [521/523], HISTORY OF SOCIAL SCIENCES 社会科学史,4 [42/42],,,,,,,三级
Construction History-International Journal of the Construction History Society,2025,0267-7768/0267-7768,否,否,否,AHCI,,,历史学,4 [777/778],否, ARCHITECTURE 建筑学,4 [89/94], HISTORY 历史学,4 [522/523],,,,,,,,,三级
NURSING HISTORY REVIEW,2025,1062-8061/1938-1913,否,否,否,ESCI,0.1,,历史学,4 [778/778],否, HISTORY 历史学,4 [523/523],,,,,,,,,,,三级
