Journal,年份,ISSN/EISSN,Review,OA Journal Index（OAJ）,Open Access,Web of Science,影响因子,标注,大类,大类分区,Top,小类1,小类1分区,小类2,小类2分区,小类3,小类3分区,小类4,小类4分区,小类5,小类5分区,小类6,小类6分区,权威期刊
Annual Review of Psychology,2025,0066-4308/1545-2085,是,否,否,SSCI;SCIE,29.4,,心理学,1 [1/657],是, PSYCHOLOGY 心理学,1 [1/92]," PSYCHOLOGY, MULTIDISCIPLINARY 心理学：综合",1 [1/219],,,,,,,,,一级
TRENDS IN COGNITIVE SCIENCES,2025,1364-6613/1879-307X,是,否,否,SSCI;SCIE,17.2,,心理学,1 [2/657],是, BEHAVIORAL SCIENCES 行为科学,1 [1/55], NEUROSCIENCES 神经科学,1 [2/309]," PSYCHOLOGY, EXPERIMENTAL 心理学：实验",1 [1/99],,,,,,,一级
Nature Reviews Psychology,2025,2731-0574/2731-0574,是,否,否,ESCI,21.8,,心理学,1 [3/657],是," PSYCHOLOGY, MULTIDISCIPLINARY 心理学：综合",1 [2/219],,,,,,,,,,,一级
Nature Human Behaviour,2025,2397-3374/2397-3374,否,否,否,SSCI;SCIE,15.9,,心理学,1 [4/657],是, NEUROSCIENCES 神经科学,1 [4/309]," PSYCHOLOGY, BIOLOGICAL 心理学：生物",1 [1/18]," PSYCHOLOGY, EXPERIMENTAL 心理学：实验",1 [2/99],,,,,,,一级
Annual Review of Clinical Psychology,2025,1548-5943/1548-5951,是,否,否,SSCI;SCIE,16.5,,心理学,1 [5/657],是, PSYCHOLOGY 心理学,1 [2/92]," PSYCHOLOGY, CLINICAL 心理学：临床",1 [1/179],,,,,,,,,一级
Social Issues and Policy Review,2025,1751-2395/1751-2409,否,否,否,SSCI,5.6,,心理学,1 [6/657],是," PSYCHOLOGY, SOCIAL 心理学：社会",1 [1/76], SOCIAL ISSUES 社会问题,1 [1/66],,,,,,,,,一级
CLINICAL PSYCHOLOGY REVIEW,2025,0272-7358/1873-7811,是,否,否,SSCI,12.2,,心理学,1 [7/657],是," PSYCHOLOGY, CLINICAL 心理学：临床",1 [2/179],,,,,,,,,,,一级
PSYCHOLOGICAL BULLETIN,2025,0033-2909/1939-1455,否,否,否,SSCI;SCIE,19.8,,心理学,1 [8/657],是, PSYCHOLOGY 心理学,1 [3/92]," PSYCHOLOGY, MULTIDISCIPLINARY 心理学：综合",1 [4/219],,,,,,,,,一级
PERSONALITY AND SOCIAL PSYCHOLOGY REVIEW,2025,1088-8683/1532-7957,否,否,否,SSCI,10.4,,心理学,1 [9/657],是," PSYCHOLOGY, SOCIAL 心理学：社会",1 [2/76],,,,,,,,,,,一级
Advances in Methods and Practices in Psychological Science,2025,2515-2459/2515-2467,否,是,是,SSCI;SCIE,13.4,,心理学,1 [10/657],是, PSYCHOLOGY 心理学,1 [4/92]," PSYCHOLOGY, MULTIDISCIPLINARY 心理学：综合",1 [5/219],,,,,,,,,一级
International Review of Sport and Exercise Psychology,2025,1750-984X/1750-9858,是,否,否,SSCI,6.7,,心理学,1 [11/657],是," HOSPITALITY, LEISURE, SPORT & TOURISM 酒店、休闲、体育与旅游",1 [1/139]," PSYCHOLOGY, APPLIED 心理学：应用",1 [2/112],,,,,,,,,一级
Perspectives on Psychological Science,2025,1745-6916/1745-6924,否,否,否,SSCI,8.4,,心理学,1 [12/657],是," PSYCHOLOGY, MULTIDISCIPLINARY 心理学：综合",1 [6/219],,,,,,,,,,,一级
CURRENT DIRECTIONS IN PSYCHOLOGICAL SCIENCE,2025,0963-7214/1467-8721,否,否,否,SSCI,5.8,,心理学,1 [13/657],是," PSYCHOLOGY, MULTIDISCIPLINARY 心理学：综合",1 [7/219],,,,,,,,,,,一级
Child Development Perspectives,2025,1750-8592/1750-8606,否,否,否,SSCI,5.3,,心理学,1 [14/657],是," PSYCHOLOGY, DEVELOPMENTAL 心理学：发育",1 [1/91],,,,,,,,,,,一级
AMERICAN PSYCHOLOGIST,2025,0003-066X/1935-990X,否,否,否,SSCI,7.2,,心理学,1 [15/657],是," PSYCHOLOGY, MULTIDISCIPLINARY 心理学：综合",1 [8/219],,,,,,,,,,,一级
JOURNAL OF PERSONALITY AND SOCIAL PSYCHOLOGY,2025,0022-3514/1939-1315,否,否,否,SSCI,6.7,,心理学,1 [16/657],是," PSYCHOLOGY, SOCIAL 心理学：社会",1 [3/76],,,,,,,,,,,一级
European Review of Social Psychology,2025,1046-3283/1479-277X,否,否,否,SSCI,7.8,,心理学,1 [17/657],是," PSYCHOLOGY, SOCIAL 心理学：社会",1 [4/76],,,,,,,,,,,一级
JOURNAL OF APPLIED PSYCHOLOGY,2025,0021-9010/1939-1854,否,否,否,SSCI,6.1,,心理学,1 [18/657],是, MANAGEMENT 管理学,1 [14/404]," PSYCHOLOGY, APPLIED 心理学：应用",1 [4/112],,,,,,,,,一级
Psychological Science in the Public Interest,2025,1529-1006/1539-6053,否,否,否,SSCI,17.6,,心理学,1 [19/657],是," PSYCHOLOGY, MULTIDISCIPLINARY 心理学：综合",1 [9/219],,,,,,,,,,,一级
JOURNAL OF CONSULTING AND CLINICAL PSYCHOLOGY,2025,0022-006X/1939-2117,否,否,否,SSCI,5,,心理学,1 [20/657],是," PSYCHOLOGY, CLINICAL 心理学：临床",1 [3/179],,,,,,,,,,,一级
COMPUTERS IN HUMAN BEHAVIOR,2025,0747-5632/1873-7692,否,否,否,SSCI,8.9,,心理学,1 [21/657],是," PSYCHOLOGY, EXPERIMENTAL 心理学：实验",1 [3/99]," PSYCHOLOGY, MULTIDISCIPLINARY 心理学：综合",1 [10/219],,,,,,,,,一级
CLINICAL CHILD AND FAMILY PSYCHOLOGY REVIEW,2025,1096-4037/1573-2827,是,否,否,SSCI,6.1,,心理学,1 [22/657],是," PSYCHOLOGY, CLINICAL 心理学：临床",1 [4/179],,,,,,,,,,,一级
DEVELOPMENTAL REVIEW,2025,0273-2297/1090-2406,否,否,否,SSCI,5.6,,心理学,1 [23/657],是," PSYCHOLOGY, DEVELOPMENTAL 心理学：发育",1 [3/91],,,,,,,,,,,一级
PSYCHOLOGICAL REVIEW,2025,0033-295X/1939-1471,否,否,否,SSCI;SCIE,5.8,,心理学,1 [24/657],是, PSYCHOLOGY 心理学,1 [6/92]," PSYCHOLOGY, MULTIDISCIPLINARY 心理学：综合",1 [11/219],,,,,,,,,一级
NEUROPSYCHOLOGY REVIEW,2025,1040-7308/1573-6660,是,否,否,SSCI;SCIE,5,,心理学,1 [25/657],是," PSYCHOLOGY, CLINICAL 心理学：临床",1 [5/179], NEUROSCIENCES 神经科学,2 [28/309],,,,,,,,,一级
PSYCHOLOGICAL METHODS,2025,1082-989X/1939-1463,否,否,否,SSCI,7.8,,心理学,1 [26/657],是," PSYCHOLOGY, MULTIDISCIPLINARY 心理学：综合",1 [12/219],,,,,,,,,,,一级
BEHAVIORAL AND BRAIN SCIENCES,2025,0140-525X/1469-1825,否,否,否,SSCI;SCIE,13.7,,心理学,1 [27/657],是, BEHAVIORAL SCIENCES 行为科学,1 [3/55], NEUROSCIENCES 神经科学,1 [24/309]," PSYCHOLOGY, BIOLOGICAL 心理学：生物",1 [2/18],,,,,,,一级
MONOGRAPHS OF THE SOCIETY FOR RESEARCH IN CHILD DEVELOPMENT,2025,0037-976X/1540-5834,否,否,否,SSCI,6.2,,心理学,1 [28/657],是," PSYCHOLOGY, DEVELOPMENTAL 心理学：发育",1 [4/91],,,,,,,,,,,一级
PSYCHOLOGICAL SCIENCE,2025,0956-7976/1467-9280,否,否,否,SSCI,5.1,,心理学,1 [29/657],是," PSYCHOLOGY, MULTIDISCIPLINARY 心理学：综合",1 [13/219],,,,,,,,,,,一级
Body Image,2025,1740-1445/1873-6807,否,否,否,SSCI,5.4,,心理学,1 [30/657],是, PSYCHIATRY 精神病学,1 [10/277]," PSYCHOLOGY, CLINICAL 心理学：临床",1 [6/179]," PSYCHOLOGY, MULTIDISCIPLINARY 心理学：综合",1 [14/219],,,,,,,一级
PERSONNEL PSYCHOLOGY,2025,0031-5826/1744-6570,否,否,否,SSCI,6.4,,心理学,1 [31/657],是," PSYCHOLOGY, APPLIED 心理学：应用",1 [9/112], MANAGEMENT 管理学,2 [35/404],,,,,,,,,一级
JOURNAL OF VOCATIONAL BEHAVIOR,2025,0001-8791/1095-9084,否,否,否,SSCI,5.2,,心理学,1 [32/657],是," PSYCHOLOGY, APPLIED 心理学：应用",2 [10/112],,,,,,,,,,,一级
Journal of Occupational Health Psychology,2025,1076-8998/1939-1307,否,否,否,SSCI,3.9,,心理学,1 [33/657],是," PUBLIC, ENVIRONMENTAL & OCCUPATIONAL HEALTH 公共卫生、环境卫生与职业卫生",1 [15/404]," PSYCHOLOGY, APPLIED 心理学：应用",2 [11/112],,,,,,,,,一级
JOURNAL OF SCHOOL PSYCHOLOGY,2025,0022-4405/1873-3506,否,否,否,SSCI,4.1,,心理学,1 [34/657],是," PSYCHOLOGY, EDUCATIONAL 心理学：教育",2 [7/74],,,,,,,,,,,一级
JOURNAL OF ENVIRONMENTAL PSYCHOLOGY,2025,0272-4944/1522-9610,否,否,否,SSCI,7,,心理学,1 [35/657],是, ENVIRONMENTAL STUDIES 环境研究,2 [16/183]," PSYCHOLOGY, MULTIDISCIPLINARY 心理学：综合",2 [16/219],,,,,,,,,一级
LEARNING AND INDIVIDUAL DIFFERENCES,2025,1041-6080/1873-3425,否,否,否,SSCI,9,,心理学,1 [36/657],是," PSYCHOLOGY, EDUCATIONAL 心理学：教育",2 [8/74],,,,,,,,,,,一级
CHILD DEVELOPMENT,2025,0009-3920/1467-8624,否,否,否,SSCI,3.8,,心理学,1 [37/657],是," PSYCHOLOGY, DEVELOPMENTAL 心理学：发育",2 [9/91]," PSYCHOLOGY, EDUCATIONAL 心理学：教育",2 [9/74],,,,,,,,,一级
COGNITIVE PSYCHOLOGY,2025,0010-0285/1095-5623,否,否,否,SSCI;SCIE,3,,心理学,1 [38/657],是, PSYCHOLOGY 心理学,1 [8/92]," PSYCHOLOGY, EXPERIMENTAL 心理学：实验",1 [4/99],,,,,,,,,一级
JOURNAL OF YOUTH AND ADOLESCENCE,2025,0047-2891/1573-6601,否,否,否,SSCI,3.6,,心理学,1 [39/657],是," PSYCHOLOGY, DEVELOPMENTAL 心理学：发育",2 [10/91],,,,,,,,,,,一级
JOURNAL OF APPLIED BEHAVIOR ANALYSIS,2025,0021-8855/1938-3703,否,否,否,SSCI,3,,心理学,1 [40/657],是," PSYCHOLOGY, CLINICAL 心理学：临床",1 [8/179],,,,,,,,,,,一级
Neurobiology of Language,2025,2641-4368/2641-4368,否,否,否,ESCI,3.1,,心理学,1 [41/657],是," PSYCHOLOGY, EXPERIMENTAL 心理学：实验",1 [5/99], LINGUISTICS 语言学,2 [22/294], NEUROSCIENCES 神经科学,2 [35/309],,,,,,,一级
BEHAVIOUR RESEARCH AND THERAPY,2025,0005-7967/1873-622X,否,否,否,SSCI,4.5,,心理学,1 [42/657],是," PSYCHOLOGY, CLINICAL 心理学：临床",1 [9/179],,,,,,,,,,,一级
JOURNAL OF EXPERIMENTAL PSYCHOLOGY-GENERAL,2025,0096-3445/1939-2222,否,否,否,SSCI,3.5,,心理学,1 [43/657],是," PSYCHOLOGY, EXPERIMENTAL 心理学：实验",1 [6/99],,,,,,,,,,,一级
HUMAN DEVELOPMENT,2025,0018-716X/1423-0054,否,否,否,SSCI,6,,心理学,1 [44/657],是," PSYCHOLOGY, DEVELOPMENTAL 心理学：发育",2 [11/91],,,,,,,,,,,一级
Revista de Psicodidactica,2025,1136-1034/2254-4372,否,否,否,SSCI,3.3,,心理学,1 [45/657],是, EDUCATION & EDUCATIONAL RESEARCH 教育学和教育研究,2 [47/754]," PSYCHOLOGY, EDUCATIONAL 心理学：教育",2 [13/74],,,,,,,,,一级
AUTISM,2025,1362-3613/1461-7005,否,否,否,SSCI,5.6,,心理学,1 [46/657],是," PSYCHOLOGY, DEVELOPMENTAL 心理学：发育",2 [12/91],,,,,,,,,,,一级
WORK AND STRESS,2025,0267-8373/1464-5335,否,否,否,SSCI,6,,心理学,1 [47/657],是," PSYCHOLOGY, APPLIED 心理学：应用",2 [15/112],,,,,,,,,,,一级
EUROPEAN JOURNAL OF PERSONALITY,2025,0890-2070/1099-0984,否,否,否,SSCI,3.7,,心理学,1 [48/657],是," PSYCHOLOGY, SOCIAL 心理学：社会",2 [10/76],,,,,,,,,,,一级
Policy Insights from the Behavioral and Brain Sciences,2025,2372-7322/2372-7330,否,否,否,ESCI,2.3,,心理学,1 [49/657],是, EDUCATION & EDUCATIONAL RESEARCH 教育学和教育研究,2 [48/754]," PSYCHOLOGY, MULTIDISCIPLINARY 心理学：综合",2 [17/219],,,,,,,,,一级
JOURNAL OF CLINICAL CHILD AND ADOLESCENT PSYCHOLOGY,2025,1537-4416/1537-4424,否,否,否,SSCI,4.4,,心理学,1 [50/657],是," PSYCHOLOGY, CLINICAL 心理学：临床",1 [12/179]," PSYCHOLOGY, DEVELOPMENTAL 心理学：发育",2 [13/91],,,,,,,,,一级
DEVELOPMENTAL SCIENCE,2025,1363-755X/1467-7687,否,否,否,SSCI,3.2,,心理学,1 [51/657],是," PSYCHOLOGY, EXPERIMENTAL 心理学：实验",1 [7/99]," PSYCHOLOGY, DEVELOPMENTAL 心理学：发育",2 [14/91],,,,,,,,,一级
EVOLUTION AND HUMAN BEHAVIOR,2025,1090-5138/1879-0607,否,否,否,SSCI;SCIE,3.2,,心理学,1 [52/657],是, BEHAVIORAL SCIENCES 行为科学,1 [4/55]," SOCIAL SCIENCES, BIOMEDICAL 社会科学：生物医学",1 [3/46]," PSYCHOLOGY, BIOLOGICAL 心理学：生物",2 [3/18],,,,,,,一级
Qualitative Psychology,2025,2326-3601/2326-3598,否,否,否,ESCI,14.3,,心理学,1 [53/657],是," PSYCHOLOGY, MULTIDISCIPLINARY 心理学：综合",2 [18/219],,,,,,,,,,,一级
BRITISH JOURNAL OF SOCIAL PSYCHOLOGY,2025,0144-6665/2044-8309,否,否,否,SSCI,3,,心理学,1 [54/657],是," PSYCHOLOGY, SOCIAL 心理学：社会",2 [11/76],,,,,,,,,,,一级
JOURNAL OF COUNSELING PSYCHOLOGY,2025,0022-0167/1939-2168,否,否,否,SSCI,3.8,,心理学,1 [55/657],是," PSYCHOLOGY, APPLIED 心理学：应用",2 [16/112]," PSYCHOLOGY, EDUCATIONAL 心理学：教育",2 [14/74],,,,,,,,,一级
MUSICAE SCIENTIAE,2025,1029-8649/2045-4147,否,否,否,SSCI;AHCI,1.7,,心理学,1 [56/657],是, MUSIC 音乐,1 [2/110]," PSYCHOLOGY, EXPERIMENTAL 心理学：实验",1 [8/99],,,,,,,,,一级
Journal of Psychopathology and Clinical Science,2025,2769-7541/2769-755X,否,否,否,SSCI,3.9,,心理学,1 [57/657],是," PSYCHOLOGY, CLINICAL 心理学：临床",1 [14/179], PSYCHIATRY 精神病学,2 [26/277],,,,,,,,,一级
Current Opinion in Psychology,2025,2352-250X/2352-2518,是,否,否,SSCI,6.9,,心理学,2 [58/657],是," PSYCHOLOGY, MULTIDISCIPLINARY 心理学：综合",2 [15/219],,,,,,,,,,,一级
Health Psychology Review,2025,1743-7199/1743-7202,是,否,否,SSCI,9.7,,心理学,2 [59/657],否," PSYCHOLOGY, CLINICAL 心理学：临床",1 [7/179],,,,,,,,,,,一级
Adolescent Research Review,2025,2363-8346/2363-8354,是,否,否,SSCI,8.1,,心理学,2 [60/657],否," SOCIAL SCIENCES, INTERDISCIPLINARY 社会科学：跨领域",1 [4/263]," PSYCHOLOGY, DEVELOPMENTAL 心理学：发育",2 [8/91],,,,,,,,,一级
AMERICAN JOURNAL OF COMMUNITY PSYCHOLOGY,2025,0091-0562/1573-2770,否,否,否,SSCI,2.3,,心理学,2 [61/657],否," PUBLIC, ENVIRONMENTAL & OCCUPATIONAL HEALTH 公共卫生、环境卫生与职业卫生",1 [22/404], SOCIAL WORK 社会工作,1 [2/91]," PSYCHOLOGY, MULTIDISCIPLINARY 心理学：综合",2 [19/219],,,,,,,一级
JOURNAL OF MEMORY AND LANGUAGE,2025,0749-596X/1096-0821,否,否,否,SSCI;SCIE,3,,心理学,2 [62/657],否," PSYCHOLOGY, EXPERIMENTAL 心理学：实验",1 [9/99], LINGUISTICS 语言学,2 [27/294], PSYCHOLOGY 心理学,2 [11/92],,,,,,,一级
Wiley Interdisciplinary Reviews-Cognitive Science,2025,1939-5078/1939-5086,是,否,否,SSCI,3.8,,心理学,2 [63/657],否," PSYCHOLOGY, EXPERIMENTAL 心理学：实验",2 [10/99],,,,,,,,,,,一级
Memory Studies,2025,1750-6980/1750-6999,否,否,否,SSCI;AHCI,1.2,,心理学,2 [64/657],是, CULTURAL STUDIES 文化研究,1 [1/59], HISTORY 历史学,1 [6/523],,,,,,,,,一级
BEHAVIOR THERAPY,2025,0005-7894/1878-1888,否,否,否,SSCI,3.8,,心理学,2 [65/657],是," PSYCHOLOGY, CLINICAL 心理学：临床",1 [15/179], PSYCHIATRY 精神病学,2 [28/277],,,,,,,,,一级
PSYCHOLOGY AND AGING,2025,0882-7974/1939-1498,否,否,否,SSCI,3.5,,心理学,2 [66/657],是, GERONTOLOGY 老年医学（社科）,1 [1/48]," PSYCHOLOGY, DEVELOPMENTAL 心理学：发育",2 [16/91],,,,,,,,,一级
Cognition,2025,0010-0277/1873-7838,否,否,否,SSCI,2.8,,心理学,2 [67/657],是," PSYCHOLOGY, EXPERIMENTAL 心理学：实验",2 [11/99],,,,,,,,,,,一级
JOURNAL OF RESEARCH ON ADOLESCENCE,2025,1050-8392/1532-7795,否,否,否,SSCI,3.5,,心理学,2 [68/657],是, FAMILY STUDIES 家庭研究,1 [3/65]," PSYCHOLOGY, DEVELOPMENTAL 心理学：发育",2 [17/91],,,,,,,,,一级
Social and Personality Psychology Compass,2025,1751-9004/1751-9004,否,否,否,SSCI,2.8,,心理学,2 [69/657],否," PSYCHOLOGY, SOCIAL 心理学：社会",2 [12/76],,,,,,,,,,,一级
International Journal of Clinical and Health Psychology,2025,1697-2600/1576-7329,否,是,是,SSCI,4.4,,心理学,2 [70/657],否," PSYCHOLOGY, CLINICAL 心理学：临床",2 [17/179],,,,,,,,,,,一级
DEVELOPMENTAL PSYCHOLOGY,2025,0012-1649/1939-0599,否,否,否,SSCI,3.1,,心理学,2 [71/657],是," PSYCHOLOGY, DEVELOPMENTAL 心理学：发育",2 [18/91],,,,,,,,,,,一级
PSYCHOTHERAPY RESEARCH,2025,1050-3307/1468-4381,否,否,否,SSCI,3,,心理学,2 [72/657],是," PSYCHOLOGY, CLINICAL 心理学：临床",2 [18/179],,,,,,,,,,,一级
REVIEW OF GENERAL PSYCHOLOGY,2025,1089-2680/1939-1552,否,否,否,SSCI,3.2,,心理学,2 [73/657],否," PSYCHOLOGY, MULTIDISCIPLINARY 心理学：综合",2 [23/219],,,,,,,,,,,一级
CHILD ABUSE & NEGLECT,2025,0145-2134/1873-7757,否,否,否,SSCI,3.4,,心理学,2 [74/657],是, FAMILY STUDIES 家庭研究,1 [4/65], SOCIAL WORK 社会工作,1 [3/91]," PSYCHOLOGY, SOCIAL 心理学：社会",2 [15/76],,,,,,,一级
COGNITIVE SCIENCE,2025,0364-0213/1551-6709,否,否,否,SSCI,2.4,,心理学,2 [75/657],是," PSYCHOLOGY, EXPERIMENTAL 心理学：实验",2 [12/99],,,,,,,,,,,一级
Psychology of Aesthetics Creativity and the Arts,2025,1931-3896/1931-390X,否,否,否,SSCI;AHCI,2.7,,心理学,2 [76/657],是," HUMANITIES, MULTIDISCIPLINARY 人文科学",1 [2/406]," PSYCHOLOGY, EXPERIMENTAL 心理学：实验",2 [13/99],,,,,,,,,一级
PSYCHOLOGY OF SPORT AND EXERCISE,2025,1469-0292/1878-5476,否,否,否,SSCI;SCIE,3.3,,心理学,2 [77/657],是, PSYCHOLOGY 心理学,2 [14/92]," PSYCHOLOGY, APPLIED 心理学：应用",2 [18/112], SPORT SCIENCES 运动科学,2 [13/126]," HOSPITALITY, LEISURE, SPORT & TOURISM 酒店、休闲、体育与旅游",3 [25/139],,,,,一级
JOURNAL OF PERSONALITY,2025,0022-3506/1467-6494,否,否,否,SSCI,2.7,,心理学,2 [78/657],是," PSYCHOLOGY, SOCIAL 心理学：社会",2 [16/76],,,,,,,,,,,一级
PSYCHOLOGY OF WOMEN QUARTERLY,2025,0361-6843/1471-6402,否,否,否,SSCI,3,,心理学,2 [79/657],否," PSYCHOLOGY, MULTIDISCIPLINARY 心理学：综合",2 [25/219], WOMENS STUDIES 女性研究,2 [5/66],,,,,,,,,一级
Social Psychological and Personality Science,2025,1948-5506/1948-5514,否,否,否,SSCI,3.3,,心理学,2 [80/657],是," PSYCHOLOGY, SOCIAL 心理学：社会",3 [17/76],,,,,,,,,,,一级
EMOTION,2025,1528-3542/1931-1516,否,否,否,SSCI,3.6,,心理学,2 [81/657],是," PSYCHOLOGY, EXPERIMENTAL 心理学：实验",2 [14/99],,,,,,,,,,,一级
COGNITION AND INSTRUCTION,2025,0737-0008/1532-690X,否,否,否,SSCI,2.6,,心理学,2 [82/657],否," PSYCHOLOGY, EXPERIMENTAL 心理学：实验",2 [15/99]," PSYCHOLOGY, EDUCATIONAL 心理学：教育",3 [18/74],,,,,,,,,一级
CLINICAL PSYCHOLOGY-SCIENCE AND PRACTICE,2025,0969-5893/1468-2850,是,否,否,SSCI,6.6,,心理学,2 [83/657],否," PSYCHOLOGY, CLINICAL 心理学：临床",2 [21/179],,,,,,,,,,,一级
BRITISH JOURNAL OF PSYCHOLOGY,2025,0007-1269/2044-8295,否,否,否,SSCI,3.3,,心理学,2 [84/657],否," PSYCHOLOGY, MULTIDISCIPLINARY 心理学：综合",2 [26/219],,,,,,,,,,,一级
JOURNAL OF CAREER ASSESSMENT,2025,1069-0727/1552-4590,否,否,否,SSCI,2.8,,心理学,2 [85/657],否," PSYCHOLOGY, APPLIED 心理学：应用",2 [19/112],,,,,,,,,,,一级
JOURNAL OF CREATIVE BEHAVIOR,2025,0022-0175/2162-6057,否,否,否,SSCI,3,,心理学,2 [86/657],否," PSYCHOLOGY, EDUCATIONAL 心理学：教育",3 [20/74],,,,,,,,,,,一级
SCHOOL PSYCHOLOGY REVIEW,2025,2372-966X/2372-966X,否,否,否,SSCI,4.2,,心理学,2 [87/657],否," PSYCHOLOGY, EDUCATIONAL 心理学：教育",3 [21/74],,,,,,,,,,,一级
Psychosocial Intervention,2025,1132-0559/2173-4712,否,否,是,SSCI,4.4,,心理学,2 [88/657],否," PSYCHOLOGY, MULTIDISCIPLINARY 心理学：综合",2 [27/219],,,,,,,,,,,一级
INTELLIGENCE,2025,0160-2896/1873-7935,否,否,否,SSCI,2.8,,心理学,2 [89/657],否," PSYCHOLOGY, MULTIDISCIPLINARY 心理学：综合",2 [28/219],,,,,,,,,,,一级
Journal of Happiness Studies,2025,1389-4978/1573-7780,否,否,否,SSCI,3.3,,心理学,2 [90/657],否," PSYCHOLOGY, MULTIDISCIPLINARY 心理学：综合",2 [29/219]," SOCIAL SCIENCES, INTERDISCIPLINARY 社会科学：跨领域",2 [16/263],,,,,,,,,一级
Psychology of Men & Masculinities,2025,1524-9220/1939-151X,否,否,否,SSCI,2.8,,心理学,2 [91/657],否," PSYCHOLOGY, SOCIAL 心理学：社会",3 [18/76],,,,,,,,,,,一级
Cultural Diversity & Ethnic Minority Psychology,2025,1099-9809/1939-0106,否,否,否,SSCI,2.9,,心理学,2 [92/657],否, ETHNIC STUDIES 民族研究,2 [3/39]," PSYCHOLOGY, SOCIAL 心理学：社会",3 [19/76],,,,,,,,,一级
SOCIAL PSYCHOLOGY QUARTERLY,2025,0190-2725/1939-8999,否,否,否,SSCI,2.1,,心理学,2 [93/657],否," PSYCHOLOGY, SOCIAL 心理学：社会",3 [20/76],,,,,,,,,,,一级
PSYCHOLOGICAL ASSESSMENT,2025,1040-3590/1939-134X,否,否,否,SSCI,3.3,,心理学,2 [94/657],否," PSYCHOLOGY, CLINICAL 心理学：临床",2 [23/179],,,,,,,,,,,一级
PERSONALITY AND SOCIAL PSYCHOLOGY BULLETIN,2025,0146-1672/1552-7433,否,否,是,SSCI,2.9,,心理学,2 [95/657],否," PSYCHOLOGY, SOCIAL 心理学：社会",3 [21/76],,,,,,,,,,,一级
GROUP PROCESSES & INTERGROUP RELATIONS,2025,1368-4302/1461-7188,否,否,否,SSCI,2.3,,心理学,2 [96/657],否," PSYCHOLOGY, SOCIAL 心理学：社会",3 [22/76],,,,,,,,,,,一级
Psychology of Sexual Orientation and Gender Diversity,2025,2329-0382/2329-0390,否,否,否,SSCI;SCIE,3.9,,心理学,2 [97/657],否, PSYCHOLOGY 心理学,2 [16/92]," PSYCHOLOGY, MULTIDISCIPLINARY 心理学：综合",2 [31/219],,,,,,,,,一级
ENVIRONMENT AND BEHAVIOR,2025,0013-9165/1552-390X,否,否,否,SSCI,4.6,,心理学,2 [98/657],否," PSYCHOLOGY, MULTIDISCIPLINARY 心理学：综合",2 [32/219], ENVIRONMENTAL STUDIES 环境研究,3 [43/183],,,,,,,,,一级
DEVELOPMENT AND PSYCHOPATHOLOGY,2025,0954-5794/1469-2198,否,否,否,SSCI,3.7,,心理学,2 [99/657],否," PSYCHOLOGY, DEVELOPMENTAL 心理学：发育",3 [22/91],,,,,,,,,,,一级
JOURNAL OF BUSINESS AND PSYCHOLOGY,2025,0889-3268/1573-353X,否,否,否,SSCI,4.9,,心理学,2 [100/657],否," PSYCHOLOGY, APPLIED 心理学：应用",2 [23/112], BUSINESS 商业：管理,3 [77/302],,,,,,,,,一级
DISCOURSE PROCESSES,2025,0163-853X/1532-6950,否,否,否,SSCI,2.1,,心理学,2 [101/657],否," PSYCHOLOGY, EXPERIMENTAL 心理学：实验",2 [16/99]," PSYCHOLOGY, EDUCATIONAL 心理学：教育",3 [25/74],,,,,,,,,一级
Behavior Research Methods,2025,1554-351X/1554-3528,否,否,否,SSCI,3.9,,心理学,2 [102/657],否," PSYCHOLOGY, MATHEMATICAL 心理学：数学",1 [1/13]," PSYCHOLOGY, EXPERIMENTAL 心理学：实验",2 [17/99],,,,,,,,,一级
APPLIED PSYCHOLOGY-AN INTERNATIONAL REVIEW-PSYCHOLOGIE APPLIQUEE-REVUE INTERNATIONALE,2025,0269-994X/1464-0597,否,否,否,SSCI,4.3,,心理学,2 [103/657],否," PSYCHOLOGY, APPLIED 心理学：应用",3 [24/112],,,,,,,,,,,一级
Identity-An International Journal of Theory and Research,2025,1528-3488/1532-706X,否,否,否,ESCI,1.9,,心理学,2 [104/657],否," PSYCHOLOGY, SOCIAL 心理学：社会",3 [23/76],,,,,,,,,,,一级
MUSIC PERCEPTION,2025,0730-7829,否,否,否,SSCI;AHCI,1.6,,心理学,2 [105/657],否, MUSIC 音乐,1 [5/110]," PSYCHOLOGY, EXPERIMENTAL 心理学：实验",2 [19/99],,,,,,,,,一级
Journal of Black Psychology,2025,0095-7984/1552-4558,否,否,否,SSCI,2.2,,心理学,2 [106/657],否," PSYCHOLOGY, MULTIDISCIPLINARY 心理学：综合",2 [33/219],,,,,,,,,,,一级
Applied Psychology-Health and Well Being,2025,1758-0846/1758-0854,否,否,否,SSCI,3.6,,心理学,2 [107/657],否," PSYCHOLOGY, APPLIED 心理学：应用",3 [26/112],,,,,,,,,,,一级
JOURNAL OF THE AMERICAN PSYCHOANALYTIC ASSOCIATION,2025,0003-0651/1941-2460,否,否,否,SSCI,0.7,,心理学,2 [108/657],否," PSYCHOLOGY, PSYCHOANALYSIS 心理学：分析",1 [1/23], PSYCHIATRY 精神病学,2 [47/277],,,,,,,,,一级
Current Opinion in Behavioral Sciences,2025,2352-1546/2352-1554,是,否,否,SSCI;SCIE,3.5,,心理学,2 [109/657],否, BEHAVIORAL SCIENCES 行为科学,2 [7/55], NEUROSCIENCES 神经科学,2 [68/309]," PSYCHOLOGY, EXPERIMENTAL 心理学：实验",2 [20/99],,,,,,,一级
Research on Child and Adolescent Psychopathology,2025,2730-7166/2730-7174,否,否,否,SSCI,2.4,,心理学,2 [110/657],否," PSYCHOLOGY, CLINICAL 心理学：临床",2 [25/179]," PSYCHOLOGY, DEVELOPMENTAL 心理学：发育",3 [23/91],,,,,,,,,二级
Behavioral and Brain Functions,2025,1744-9081/1744-9081,否,否,是,SCIE,3.3,,心理学,2 [111/657],否, BEHAVIORAL SCIENCES 行为科学,2 [8/55], NEUROSCIENCES 神经科学,2 [70/309],,,,,,,,,二级
European Journal of Work and Organizational Psychology,2025,1359-432X/1464-0643,否,否,否,SSCI,3.4,,心理学,2 [112/657],否," PSYCHOLOGY, APPLIED 心理学：应用",3 [28/112], MANAGEMENT 管理学,4 [124/404],,,,,,,,,二级
JOURNAL OF APPLIED SPORT PSYCHOLOGY,2025,1041-3200/1533-1571,否,否,否,SSCI;SCIE,3.2,,心理学,2 [113/657],否, PSYCHOLOGY 心理学,2 [18/92], SPORT SCIENCES 运动科学,2 [21/126]," PSYCHOLOGY, APPLIED 心理学：应用",3 [29/112]," HOSPITALITY, LEISURE, SPORT & TOURISM 酒店、休闲、体育与旅游",4 [40/139],,,,,二级
SEXUAL ABUSE-A JOURNAL OF RESEARCH AND TREATMENT,2025,1079-0632/1573-286X,否,否,否,SSCI,1.8,,心理学,2 [114/657],否, CRIMINOLOGY & PENOLOGY 犯罪学与刑罚学,2 [16/111]," PSYCHOLOGY, CLINICAL 心理学：临床",2 [26/179],,,,,,,,,二级
FEMINISM & PSYCHOLOGY,2025,0959-3535/1461-7161,否,否,否,SSCI,1.9,,心理学,2 [115/657],否," PSYCHOLOGY, MULTIDISCIPLINARY 心理学：综合",2 [36/219], WOMENS STUDIES 女性研究,2 [7/66],,,,,,,,,二级
Evolutionary Human Sciences,2025,2513-843X/2513-843X,否,否,是,ESCI,2.3,,心理学,2 [116/657],否, ANTHROPOLOGY 人类学,3 [28/137], EVOLUTIONARY BIOLOGY 进化生物学,3 [18/52],,,,,,,,,二级
ASSESSMENT,2025,1073-1911/1552-3489,否,否,否,SSCI,3.4,,心理学,2 [117/657],否," PSYCHOLOGY, CLINICAL 心理学：临床",2 [27/179],,,,,,,,,,,二级
CORTEX,2025,0010-9452/1973-8102,否,否,否,SSCI;SCIE,3.3,,心理学,2 [118/657],否, BEHAVIORAL SCIENCES 行为科学,2 [10/55], NEUROSCIENCES 神经科学,2 [74/309]," PSYCHOLOGY, EXPERIMENTAL 心理学：实验",2 [21/99],,,,,,,二级
AGGRESSION AND VIOLENT BEHAVIOR,2025,1359-1789/1873-6335,是,否,否,SSCI,3.4,,心理学,2 [119/657],否, CRIMINOLOGY & PENOLOGY 犯罪学与刑罚学,2 [17/111]," PSYCHOLOGY, MULTIDISCIPLINARY 心理学：综合",2 [37/219],,,,,,,,,二级
Journal of Applied Research in Memory and Cognition,2025,2211-3681/2211-369X,否,否,否,SSCI,2.6,,心理学,2 [120/657],否," PSYCHOLOGY, EXPERIMENTAL 心理学：实验",2 [22/99],,,,,,,,,,,二级
Journal of Contextual Behavioral Science,2025,2212-1447/2212-1455,否,否,否,SSCI,3,,心理学,2 [121/657],否," PSYCHOLOGY, CLINICAL 心理学：临床",2 [28/179],,,,,,,,,,,二级
JOURNAL OF EXPERIMENTAL SOCIAL PSYCHOLOGY,2025,0022-1031/1096-0465,否,否,否,SSCI,3.1,,心理学,2 [122/657],否," PSYCHOLOGY, SOCIAL 心理学：社会",3 [24/76],,,,,,,,,,,二级
MEDIA PSYCHOLOGY,2025,1521-3269/1532-785X,否,否,否,SSCI;AHCI,2.6,,心理学,2 [123/657],否," FILM, RADIO, TELEVISION 电影、广播、电视",1 [1/66], COMMUNICATION 传播学,3 [38/223]," PSYCHOLOGY, APPLIED 心理学：应用",3 [31/112],,,,,,,二级
Journal of Positive Psychology,2025,1743-9760/1743-9779,否,否,否,SSCI,2.9,,心理学,2 [124/657],否," PSYCHOLOGY, MULTIDISCIPLINARY 心理学：综合",2 [38/219],,,,,,,,,,,二级
PSYCHOANALYTIC QUARTERLY,2025,0033-2828/2167-4086,否,否,否,SSCI,1.3,,心理学,2 [125/657],否," PSYCHOLOGY, PSYCHOANALYSIS 心理学：分析",1 [2/23],,,,,,,,,,,二级
Asian American Journal of Psychology,2025,1948-1985/1948-1993,否,否,否,SSCI,2.8,,心理学,2 [126/657],否," PSYCHOLOGY, MULTIDISCIPLINARY 心理学：综合",2 [39/219], ETHNIC STUDIES 民族研究,3 [7/39],,,,,,,,,二级
COGNITIVE BEHAVIOUR THERAPY,2025,1650-6073/1651-2316,否,否,否,SSCI,3.2,,心理学,2 [127/657],否," PSYCHOLOGY, CLINICAL 心理学：临床",2 [30/179],,,,,,,,,,,二级
ANNALS OF BEHAVIORAL MEDICINE,2025,0883-6612/1532-4796,否,否,否,SSCI,3.3,,心理学,2 [128/657],否," PSYCHOLOGY, MULTIDISCIPLINARY 心理学：综合",2 [40/219],,,,,,,,,,,二级
AGGRESSIVE BEHAVIOR,2025,0096-140X/1098-2337,否,否,否,SSCI;SCIE,2.3,,心理学,2 [129/657],否, BEHAVIORAL SCIENCES 行为科学,2 [11/55]," PSYCHOLOGY, MULTIDISCIPLINARY 心理学：综合",2 [41/219],,,,,,,,,二级
CREATIVITY RESEARCH JOURNAL,2025,1040-0419/1532-6934,否,否,否,SSCI,3.1,,心理学,2 [130/657],否," PSYCHOLOGY, MULTIDISCIPLINARY 心理学：综合",2 [42/219]," PSYCHOLOGY, EDUCATIONAL 心理学：教育",3 [28/74],,,,,,,,,二级
JOURNAL OF RESEARCH IN PERSONALITY,2025,0092-6566/1095-7251,否,否,否,SSCI,3.1,,心理学,2 [131/657],否," PSYCHOLOGY, SOCIAL 心理学：社会",3 [25/76],,,,,,,,,,,二级
International Journal of Art Therapy,2025,1745-4832/1745-4840,否,否,否,ESCI,1.5,,心理学,2 [132/657],否," PSYCHOLOGY, CLINICAL 心理学：临床",2 [33/179], REHABILITATION 康复医学,2 [13/169],,,,,,,,,二级
JOURNAL OF ADOLESCENCE,2025,0140-1971/1095-9254,否,否,否,SSCI,3.2,,心理学,2 [133/657],否," PSYCHOLOGY, DEVELOPMENTAL 心理学：发育",3 [25/91],,,,,,,,,,,二级
Personality Disorders-Theory Research and Treatment,2025,1949-2715/1949-2723,否,否,否,SSCI,4.2,,心理学,2 [134/657],否," PSYCHOLOGY, CLINICAL 心理学：临床",2 [34/179],,,,,,,,,,,二级
Qualitative Research in Psychology,2025,1478-0887/1478-0895,否,否,否,SSCI,4.4,,心理学,2 [135/657],否," PSYCHOLOGY, MULTIDISCIPLINARY 心理学：综合",2 [43/219],,,,,,,,,,,二级
Computers in Human Behavior Reports,2025,2451-9588/2451-9588,否,否,是,ESCI,5.8,,心理学,2 [136/657],否," PSYCHOLOGY, EXPERIMENTAL 心理学：实验",2 [24/99]," PSYCHOLOGY, MULTIDISCIPLINARY 心理学：综合",3 [45/219],,,,,,,,,二级
EUROPEAN EATING DISORDERS REVIEW,2025,1072-4133/1099-0968,否,否,否,SSCI,3.4,,心理学,2 [137/657],否, PSYCHIATRY 精神病学,2 [55/277]," PSYCHOLOGY, CLINICAL 心理学：临床",2 [35/179],,,,,,,,,二级
JOURNAL OF CROSS-CULTURAL PSYCHOLOGY,2025,0022-0221/1552-5422,否,否,否,SSCI,2.8,,心理学,2 [138/657],否," PSYCHOLOGY, SOCIAL 心理学：社会",3 [26/76],,,,,,,,,,,二级
JOURNAL OF FAMILY PSYCHOLOGY,2025,0893-3200/1939-1293,否,否,否,SSCI,2,,心理学,2 [139/657],否, FAMILY STUDIES 家庭研究,2 [8/65]," PSYCHOLOGY, CLINICAL 心理学：临床",2 [36/179],,,,,,,,,二级
Sport Exercise and Performance Psychology,2025,2157-3905/2157-3913,否,否,否,SSCI,2.3,,心理学,2 [140/657],否," PSYCHOLOGY, APPLIED 心理学：应用",3 [33/112]," HOSPITALITY, LEISURE, SPORT & TOURISM 酒店、休闲、体育与旅游",4 [46/139],,,,,,,,,二级
BRITISH JOURNAL OF HEALTH PSYCHOLOGY,2025,1359-107X/2044-8287,否,否,否,SSCI,2.5,,心理学,2 [141/657],否," PSYCHOLOGY, CLINICAL 心理学：临床",2 [37/179],,,,,,,,,,,二级
Mindfulness,2025,1868-8527/1868-8535,否,否,否,SSCI,3.5,,心理学,2 [142/657],否, PSYCHIATRY 精神病学,2 [58/277]," PSYCHOLOGY, CLINICAL 心理学：临床",2 [38/179],,,,,,,,,二级
JOURNAL OF SEX RESEARCH,2025,0022-4499/1559-8519,否,否,否,SSCI,2.7,,心理学,2 [143/657],否," PSYCHOLOGY, CLINICAL 心理学：临床",2 [39/179]," SOCIAL SCIENCES, INTERDISCIPLINARY 社会科学：跨领域",2 [26/263],,,,,,,,,二级
ATTACHMENT & HUMAN DEVELOPMENT,2025,1461-6734/1469-2988,否,否,否,SSCI,2.4,,心理学,2 [144/657],否," PSYCHOLOGY, DEVELOPMENTAL 心理学：发育",3 [26/91],,,,,,,,,,,二级
HEALTH PSYCHOLOGY,2025,0278-6133/1930-7810,否,否,否,SSCI;SCIE,3.2,,心理学,2 [145/657],否, PSYCHOLOGY 心理学,2 [20/92]," PSYCHOLOGY, CLINICAL 心理学：临床",3 [41/179],,,,,,,,,二级
INTERNATIONAL JOURNAL OF PSYCHOLOGY,2025,0020-7594/1464-066X,否,否,否,SSCI,1.6,,心理学,2 [146/657],否," PSYCHOLOGY, MULTIDISCIPLINARY 心理学：综合",3 [47/219],,,,,,,,,,,二级
PSYCHOPHYSIOLOGY,2025,0048-5772/1469-8986,否,否,否,SSCI;SCIE,2.8,,心理学,2 [147/657],否, NEUROSCIENCES 神经科学,2 [83/309], PHYSIOLOGY 生理学,2 [15/84], PSYCHOLOGY 心理学,2 [21/92]," PSYCHOLOGY, BIOLOGICAL 心理学：生物",2 [4/18]," PSYCHOLOGY, EXPERIMENTAL 心理学：实验",2 [26/99],,,二级
School Psychology,2025,2578-4218/2578-4226,否,否,否,SSCI,1.8,,心理学,2 [148/657],否," PSYCHOLOGY, EDUCATIONAL 心理学：教育",3 [29/74],,,,,,,,,,,二级
EUROPEAN JOURNAL OF SOCIAL PSYCHOLOGY,2025,0046-2772/1099-0992,否,否,否,SSCI,2.7,,心理学,2 [149/657],否," PSYCHOLOGY, SOCIAL 心理学：社会",3 [28/76],,,,,,,,,,,二级
STRESS AND HEALTH,2025,1532-3005/1532-2998,否,否,否,SSCI;SCIE,2.7,,心理学,2 [150/657],否, PSYCHOLOGY 心理学,2 [22/92], PSYCHIATRY 精神病学,3 [63/277]," PSYCHOLOGY, APPLIED 心理学：应用",3 [37/112],,,,,,,二级
PSICOTHEMA,2025,0214-9915/1886-144X,否,否,是,SSCI,3.5,,心理学,2 [151/657],否," PSYCHOLOGY, MULTIDISCIPLINARY 心理学：综合",3 [49/219],,,,,,,,,,,二级
PSYCHOMETRIKA,2025,0033-3123/1860-0980,否,否,否,SSCI;SCIE,3.1,,心理学,2 [152/657],否," PSYCHOLOGY, MATHEMATICAL 心理学：数学",1 [2/13]," MATHEMATICS, INTERDISCIPLINARY APPLICATIONS 数学跨学科应用",2 [16/136]," SOCIAL SCIENCES, MATHEMATICAL METHODS 社会科学：数理方法",2 [8/67],,,,,,,二级
Revista Iberoamericana de Psicologia y Salud,2025,2171-2069/1989-9246,否,否,否,ESCI,2.8,,心理学,2 [153/657],否," PSYCHOLOGY, MULTIDISCIPLINARY 心理学：综合",3 [50/219],,,,,,,,,,,二级
Perspectives on Behavior Science,2025,2520-8969/2520-8977,否,否,否,SSCI,3.8,,心理学,2 [154/657],否," PSYCHOLOGY, CLINICAL 心理学：临床",3 [43/179],,,,,,,,,,,二级
Motivation Science,2025,2333-8113/2333-8121,否,否,否,SSCI,3.3,,心理学,2 [155/657],否," PSYCHOLOGY, MULTIDISCIPLINARY 心理学：综合",3 [52/219],,,,,,,,,,,二级
PERSONALITY AND INDIVIDUAL DIFFERENCES,2025,0191-8869/1873-3549,否,否,否,SSCI,2.6,,心理学,2 [156/657],否," PSYCHOLOGY, SOCIAL 心理学：社会",3 [29/76],,,,,,,,,,,二级
PSYCHONOMIC BULLETIN & REVIEW,2025,1069-9384/1531-5320,否,否,否,SSCI,3,,心理学,2 [157/657],否," PSYCHOLOGY, MATHEMATICAL 心理学：数学",2 [3/13]," PSYCHOLOGY, EXPERIMENTAL 心理学：实验",3 [28/99],,,,,,,,,二级
npj Science of Learning,2025,2056-7936/2056-7936,否,是,是,SSCI;SCIE,3,,心理学,2 [158/657],否, NEUROSCIENCES 神经科学,3 [91/309]," PSYCHOLOGY, EXPERIMENTAL 心理学：实验",3 [29/99], EDUCATION & EDUCATIONAL RESEARCH 教育学和教育研究,4 [166/754],,,,,,,二级
Topics in Cognitive Science,2025,1756-8757/1756-8765,否,否,否,SSCI,3,,心理学,2 [159/657],否," PSYCHOLOGY, EXPERIMENTAL 心理学：实验",3 [30/99],,,,,,,,,,,二级
Cognitive Research-Principles and Implications,2025,2365-7464/2365-7464,否,是,是,SSCI,3.1,,心理学,2 [160/657],否," PSYCHOLOGY, EXPERIMENTAL 心理学：实验",3 [31/99],,,,,,,,,,,二级
Acta Psychologica Sinica,2025,0439-755X,否,否,否,ESCI,1.5,"中英文期刊""同质等效""评价",心理学,2 [161/657],否," PSYCHOLOGY, MULTIDISCIPLINARY 心理学：综合",2 [44/219],,,,,,,,,,,二级
INTERNATIONAL JOURNAL OF PSYCHOANALYSIS,2025,0020-7578/1745-8315,否,否,否,SSCI,0.9,,心理学,3 [162/657],否," PSYCHOLOGY, PSYCHOANALYSIS 心理学：分析",2 [3/23],,,,,,,,,,,二级
BMC Psychology,2025,2050-7283/2050-7283,否,否,是,SSCI,3,,心理学,3 [163/657],否," PSYCHOLOGY, MULTIDISCIPLINARY 心理学：综合",3 [53/219],,,,,,,,,,,二级
JOURNAL OF EXPERIMENTAL PSYCHOLOGY-HUMAN PERCEPTION AND PERFORMANCE,2025,0096-1523/1939-1277,否,否,否,SSCI;SCIE,2.3,,心理学,3 [164/657],否, PSYCHOLOGY 心理学,3 [25/92]," PSYCHOLOGY, EXPERIMENTAL 心理学：实验",3 [32/99],,,,,,,,,二级
MULTIVARIATE BEHAVIORAL RESEARCH,2025,0027-3171/1532-7906,否,否,否,SSCI;SCIE,3.5,,心理学,3 [165/657],否," MATHEMATICS, INTERDISCIPLINARY APPLICATIONS 数学跨学科应用",2 [18/136]," SOCIAL SCIENCES, MATHEMATICAL METHODS 社会科学：数理方法",2 [9/67], STATISTICS & PROBABILITY 统计学与概率论,2 [19/166]," PSYCHOLOGY, EXPERIMENTAL 心理学：实验",3 [33/99],,,,,二级
INTERNATIONAL JOURNAL OF BEHAVIORAL DEVELOPMENT,2025,0165-0254/1464-0651,否,否,否,SSCI,2.7,,心理学,3 [166/657],否," PSYCHOLOGY, DEVELOPMENTAL 心理学：发育",3 [29/91],,,,,,,,,,,二级
European Journal of Investigation in Health Psychology and Education,2025,2254-9625/2254-9625,否,否,是,ESCI,2.6,,心理学,3 [167/657],否," PSYCHOLOGY, CLINICAL 心理学：临床",3 [46/179],,,,,,,,,,,二级
JOURNAL OF CLINICAL PSYCHOLOGY,2025,0021-9762/1097-4679,否,否,否,SSCI,2.5,,心理学,3 [168/657],否," PSYCHOLOGY, CLINICAL 心理学：临床",3 [47/179],,,,,,,,,,,二级
MIND & LANGUAGE,2025,0268-1064/1468-0017,否,否,否,SSCI,1.8,,心理学,3 [169/657],否, LINGUISTICS 语言学,3 [87/294]," PSYCHOLOGY, EXPERIMENTAL 心理学：实验",3 [34/99],,,,,,,,,二级
JOURNAL OF EXPERIMENTAL PSYCHOLOGY-LEARNING MEMORY AND COGNITION,2025,0278-7393/1939-1285,否,否,否,SSCI;SCIE,2.1,,心理学,3 [170/657],否, PSYCHOLOGY 心理学,3 [26/92]," PSYCHOLOGY, EXPERIMENTAL 心理学：实验",3 [35/99],,,,,,,,,二级
CLINICAL PSYCHOLOGY & PSYCHOTHERAPY,2025,1063-3995/1099-0879,否,否,否,SSCI,2.7,,心理学,3 [171/657],否," PSYCHOLOGY, CLINICAL 心理学：临床",3 [48/179],,,,,,,,,,,二级
Review of Philosophy and Psychology,2025,1878-5158/1878-5166,否,否,否,ESCI,2,,心理学,3 [172/657],否," PSYCHOLOGY, MULTIDISCIPLINARY 心理学：综合",3 [54/219],,,,,,,,,,,二级
Emotion Review,2025,1754-0739/1754-0747,否,否,否,SSCI,3.4,,心理学,3 [173/657],否," PSYCHOLOGY, MULTIDISCIPLINARY 心理学：综合",3 [55/219],,,,,,,,,,,二级
Journal of Intelligence,2025,2079-3200/2079-3200,否,否,是,SSCI,3.4,,心理学,3 [174/657],否," PSYCHOLOGY, MULTIDISCIPLINARY 心理学：综合",3 [56/219],,,,,,,,,,,二级
JOURNAL OF INTERPERSONAL VIOLENCE,2025,0886-2605/1552-6518,否,否,否,SSCI,2.3,,心理学,3 [175/657],否, CRIMINOLOGY & PENOLOGY 犯罪学与刑罚学,2 [24/111], FAMILY STUDIES 家庭研究,2 [12/65]," PSYCHOLOGY, APPLIED 心理学：应用",3 [40/112],,,,,,,二级
BEHAVIORAL DISORDERS,2025,0198-7429/2163-5307,否,否,否,SSCI,1.6,,心理学,3 [176/657],否," EDUCATION, SPECIAL 特殊教育学",2 [10/62]," PSYCHOLOGY, CLINICAL 心理学：临床",3 [50/179]," PSYCHOLOGY, EDUCATIONAL 心理学：教育",4 [32/74],,,,,,,二级
Psychological Trauma-Theory Research Practice and Policy,2025,1942-9681/1942-969X,否,否,否,SSCI,2.3,,心理学,3 [177/657],否, PSYCHIATRY 精神病学,3 [73/277]," PSYCHOLOGY, CLINICAL 心理学：临床",3 [51/179],,,,,,,,,二级
Psychology of Violence,2025,2152-0828/2152-081X,否,否,否,SSCI,2.4,,心理学,3 [178/657],否, FAMILY STUDIES 家庭研究,2 [13/65], CRIMINOLOGY & PENOLOGY 犯罪学与刑罚学,3 [25/111]," PSYCHOLOGY, CLINICAL 心理学：临床",3 [52/179],,,,,,,二级
JOURNAL OF COUNSELING AND DEVELOPMENT,2025,0748-9633/1556-6676,否,否,否,SSCI,2.5,,心理学,3 [179/657],否," PSYCHOLOGY, APPLIED 心理学：应用",3 [41/112],,,,,,,,,,,二级
HUMAN PERFORMANCE,2025,0895-9285/1532-7043,否,否,否,SSCI,2.2,,心理学,3 [180/657],否," PSYCHOLOGY, APPLIED 心理学：应用",3 [42/112],,,,,,,,,,,二级
PSYCHOTHERAPY,2025,0033-3204/1939-1536,否,否,否,SSCI,3.9,,心理学,3 [181/657],否," PSYCHOLOGY, CLINICAL 心理学：临床",3 [53/179],,,,,,,,,,,二级
Journal of Latinx Psychology,2025,2578-8086/2578-8094,否,否,否,SSCI,2.2,,心理学,3 [182/657],否," PSYCHOLOGY, CLINICAL 心理学：临床",3 [54/179]," PSYCHOLOGY, DEVELOPMENTAL 心理学：发育",3 [30/91]," PSYCHOLOGY, MULTIDISCIPLINARY 心理学：综合",3 [57/219]," PSYCHOLOGY, SOCIAL 心理学：社会",3 [32/76],,,,,二级
Parenting-Science and Practice,2025,1529-5192/1532-7922,否,否,否,SSCI,3.2,,心理学,3 [183/657],否, FAMILY STUDIES 家庭研究,3 [14/65]," PSYCHOLOGY, DEVELOPMENTAL 心理学：发育",3 [31/91],,,,,,,,,二级
JOURNAL OF COMMUNITY & APPLIED SOCIAL PSYCHOLOGY,2025,1052-9284/1099-1298,否,否,否,SSCI,2.1,,心理学,3 [184/657],否," PSYCHOLOGY, SOCIAL 心理学：社会",3 [34/76],,,,,,,,,,,二级
New Directions for Child and Adolescent Development,2025,1520-3247/1534-8687,否,否,否,SSCI,2.1,,心理学,3 [185/657],否," PSYCHOLOGY, DEVELOPMENTAL 心理学：发育",3 [32/91], SOCIOLOGY 社会学,3 [74/216],,,,,,,,,二级
INTERNATIONAL JOURNAL OF STRESS MANAGEMENT,2025,1072-5245/1573-3424,否,否,否,SSCI,2.5,,心理学,3 [186/657],否," PSYCHOLOGY, APPLIED 心理学：应用",3 [43/112],,,,,,,,,,,二级
JOURNAL OF APPLIED DEVELOPMENTAL PSYCHOLOGY,2025,0193-3973/1873-7900,否,否,否,SSCI,2.1,,心理学,3 [187/657],否," PSYCHOLOGY, DEVELOPMENTAL 心理学：发育",3 [33/91],,,,,,,,,,,二级
JOURNAL OF FAMILY VIOLENCE,2025,0885-7482/1573-2851,否,否,否,SSCI,2.2,,心理学,3 [188/657],否, FAMILY STUDIES 家庭研究,3 [15/65]," PSYCHOLOGY, CLINICAL 心理学：临床",3 [55/179],,,,,,,,,二级
THINKING & REASONING,2025,1354-6783/1464-0708,否,否,否,SSCI,2.3,,心理学,3 [189/657],否," PSYCHOLOGY, EXPERIMENTAL 心理学：实验",3 [37/99],,,,,,,,,,,二级
JOURNAL OF PERSONALITY ASSESSMENT,2025,0022-3891/1532-7752,否,否,否,SSCI,2,,心理学,3 [190/657],否," PSYCHOLOGY, CLINICAL 心理学：临床",3 [56/179]," PSYCHOLOGY, SOCIAL 心理学：社会",3 [35/76],,,,,,,,,二级
JOURNAL OF SOCIAL AND PERSONAL RELATIONSHIPS,2025,0265-4075/1460-3608,否,否,否,SSCI,2.3,,心理学,3 [191/657],否, FAMILY STUDIES 家庭研究,3 [16/65], COMMUNICATION 传播学,4 [60/223]," PSYCHOLOGY, SOCIAL 心理学：社会",4 [36/76],,,,,,,二级
JOURNAL OF EXPERIMENTAL CHILD PSYCHOLOGY,2025,0022-0965/1096-0457,否,否,否,SSCI,2,,心理学,3 [192/657],否," PSYCHOLOGY, DEVELOPMENTAL 心理学：发育",3 [35/91]," PSYCHOLOGY, EXPERIMENTAL 心理学：实验",3 [39/99],,,,,,,,,二级
JOURNAL OF EXPERIMENTAL PSYCHOLOGY-APPLIED,2025,1076-898X/1939-2192,否,否,否,SSCI,2.1,,心理学,3 [193/657],否," PSYCHOLOGY, APPLIED 心理学：应用",3 [44/112],,,,,,,,,,,二级
JOURNAL OF AUTISM AND DEVELOPMENTAL DISORDERS,2025,0162-3257/1573-3432,否,否,否,SSCI,2.8,,心理学,3 [194/657],否," PSYCHOLOGY, DEVELOPMENTAL 心理学：发育",3 [36/91],,,,,,,,,,,二级
History of Psychology,2025,1093-4510/1939-0610,否,否,否,SSCI,0.8,,心理学,3 [195/657],否, HISTORY OF SOCIAL SCIENCES 社会科学史,2 [9/42]," PSYCHOLOGY, MULTIDISCIPLINARY 心理学：综合",3 [58/219],,,,,,,,,二级
INFANCY,2025,1525-0008/1532-7078,否,否,否,SSCI,2.6,,心理学,3 [196/657],否," PSYCHOLOGY, DEVELOPMENTAL 心理学：发育",3 [38/91],,,,,,,,,,,二级
Review Journal of Autism and Developmental Disorders,2025,2195-7177/2195-7185,是,否,否,SSCI,3,,心理学,3 [197/657],否," PSYCHOLOGY, DEVELOPMENTAL 心理学：发育",3 [39/91],,,,,,,,,,,二级
BRITISH JOURNAL OF CLINICAL PSYCHOLOGY,2025,0144-6657/2044-8260,否,否,否,SSCI,3.1,,心理学,3 [198/657],否," PSYCHOLOGY, CLINICAL 心理学：临床",3 [57/179],,,,,,,,,,,二级
Psychology of Music,2025,0305-7356/1741-3087,否,否,否,SSCI;AHCI,1.6,,心理学,3 [199/657],否, MUSIC 音乐,2 [11/110]," PSYCHOLOGY, APPLIED 心理学：应用",3 [45/112]," PSYCHOLOGY, EXPERIMENTAL 心理学：实验",3 [40/99]," PSYCHOLOGY, EDUCATIONAL 心理学：教育",4 [35/74],,,,,二级
Cyberpsychology Behavior and Social Networking,2025,2152-2715/2152-2723,否,否,否,SSCI,3.9,,心理学,3 [200/657],否," PSYCHOLOGY, SOCIAL 心理学：社会",4 [37/76],,,,,,,,,,,二级
School Mental Health,2025,1866-2625/1866-2633,否,否,否,SSCI,3.7,,心理学,3 [201/657],否," PSYCHOLOGY, DEVELOPMENTAL 心理学：发育",3 [40/91]," PSYCHOLOGY, EDUCATIONAL 心理学：教育",4 [36/74],,,,,,,,,二级
International Journal of Sport and Exercise Psychology,2025,1612-197X/1557-251X,否,否,否,SSCI,2.3,,心理学,3 [202/657],否," HOSPITALITY, LEISURE, SPORT & TOURISM 酒店、休闲、体育与旅游",4 [55/139]," PSYCHOLOGY, APPLIED 心理学：应用",4 [46/112],,,,,,,,,二级
JOURNAL OF ADOLESCENT RESEARCH,2025,0743-5584/1552-6895,否,否,否,SSCI,2.4,,心理学,3 [203/657],否," PSYCHOLOGY, DEVELOPMENTAL 心理学：发育",3 [41/91],,,,,,,,,,,二级
MEMORY & COGNITION,2025,0090-502X/1532-5946,否,否,否,SSCI,2.1,,心理学,3 [204/657],否," PSYCHOLOGY, EXPERIMENTAL 心理学：实验",3 [41/99],,,,,,,,,,,二级
JOURNAL FOR THE THEORY OF SOCIAL BEHAVIOUR,2025,0021-8308/1468-5914,否,否,否,SSCI,1.6,,心理学,3 [205/657],否," PSYCHOLOGY, SOCIAL 心理学：社会",4 [38/76],,,,,,,,,,,二级
JOURNAL OF CAREER DEVELOPMENT,2025,0894-8453/1556-0856,否,否,否,SSCI,2.4,,心理学,3 [206/657],否," PSYCHOLOGY, APPLIED 心理学：应用",4 [47/112],,,,,,,,,,,二级
Psychological Injury & Law,2025,1938-971X/1938-9728,否,否,否,ESCI,2.3,,心理学,3 [207/657],否," PSYCHOLOGY, CLINICAL 心理学：临床",3 [58/179],,,,,,,,,,,二级
BRAIN AND LANGUAGE,2025,0093-934X/1090-2155,否,否,否,SSCI;SCIE,2.3,,心理学,3 [208/657],否, AUDIOLOGY & SPEECH-LANGUAGE PATHOLOGY 听力学与言语病理学,3 [10/35], LINGUISTICS 语言学,3 [102/294], NEUROSCIENCES 神经科学,3 [108/309]," PSYCHOLOGY, EXPERIMENTAL 心理学：实验",3 [42/99],,,,,二级
Organizational Psychology Review,2025,2041-3866/2041-3874,否,否,否,SSCI,7.1,,心理学,3 [209/657],否, MANAGEMENT 管理学,4 [163/404]," PSYCHOLOGY, APPLIED 心理学：应用",4 [48/112],,,,,,,,,二级
Human Behavior and Emerging Technologies,2025,2578-1863/2578-1863,否,否,是,ESCI,3,,心理学,3 [210/657],否," PSYCHOLOGY, MULTIDISCIPLINARY 心理学：综合",3 [60/219],,,,,,,,,,,二级
Psychology Research and Behavior Management,2025,1179-1578/1179-1578,否,否,是,SSCI,3.2,,心理学,3 [211/657],否," PSYCHOLOGY, CLINICAL 心理学：临床",3 [61/179]," PSYCHOLOGY, MULTIDISCIPLINARY 心理学：综合",3 [61/219],,,,,,,,,二级
COUNSELING PSYCHOLOGIST,2025,0011-0000/1552-3861,否,否,否,SSCI,2.8,,心理学,3 [212/657],否," PSYCHOLOGY, APPLIED 心理学：应用",4 [51/112],,,,,,,,,,,二级
Psychology & Sexuality,2025,1941-9899/1941-9902,否,否,否,SSCI,1.9,,心理学,3 [213/657],否," PSYCHOLOGY, MULTIDISCIPLINARY 心理学：综合",3 [62/219],,,,,,,,,,,二级
MEMORY,2025,0965-8211/1464-0686,否,否,否,SSCI,2,,心理学,3 [214/657],否," PSYCHOLOGY, EXPERIMENTAL 心理学：实验",3 [43/99],,,,,,,,,,,二级
Journal of Poetry Therapy,2025,0889-3675/1567-2344,否,否,否,ESCI,0.7,,心理学,3 [215/657],否," PSYCHOLOGY, MULTIDISCIPLINARY 心理学：综合",3 [63/219],,,,,,,,,,,二级
CAREER DEVELOPMENT QUARTERLY,2025,0889-4019/2161-0045,否,否,否,SSCI,2.3,,心理学,3 [216/657],否," PSYCHOLOGY, APPLIED 心理学：应用",4 [52/112],,,,,,,,,,,二级
EUROPEAN PSYCHOLOGIST,2025,1016-9040/1878-531X,否,否,否,SSCI,4.2,,心理学,3 [217/657],否," PSYCHOLOGY, MULTIDISCIPLINARY 心理学：综合",3 [64/219],,,,,,,,,,,二级
FAMILY PROCESS,2025,0014-7370/1545-5300,否,否,否,SSCI,2.2,,心理学,3 [218/657],否, FAMILY STUDIES 家庭研究,3 [20/65]," PSYCHOLOGY, CLINICAL 心理学：临床",3 [63/179],,,,,,,,,二级
PSYCHOANALYTIC DIALOGUES,2025,1048-1885/1940-9222,否,否,否,SSCI,1.3,,心理学,3 [219/657],否," PSYCHOLOGY, PSYCHOANALYSIS 心理学：分析",2 [4/23],,,,,,,,,,,二级
JOURNAL OF SEX & MARITAL THERAPY,2025,0092-623X/1521-0715,否,否,否,SSCI,2.5,,心理学,3 [220/657],否, FAMILY STUDIES 家庭研究,3 [21/65]," PSYCHOLOGY, CLINICAL 心理学：临床",3 [64/179],,,,,,,,,二级
Behavioral Sciences,2025,2076-328X/2076-328X,否,否,是,SSCI,2.5,,心理学,3 [221/657],否," PSYCHOLOGY, MULTIDISCIPLINARY 心理学：综合",3 [65/219],,,,,,,,,,,二级
JOURNAL OF BEHAVIORAL DECISION MAKING,2025,0894-3257/1099-0771,否,否,否,SSCI,1.4,,心理学,3 [222/657],否," PSYCHOLOGY, APPLIED 心理学：应用",4 [54/112],,,,,,,,,,,二级
ACTA PSYCHOLOGICA,2025,0001-6918/1873-6297,否,否,是,SSCI,2.7,,心理学,3 [223/657],否," PSYCHOLOGY, EXPERIMENTAL 心理学：实验",3 [45/99],,,,,,,,,,,二级
COGNITIVE THERAPY AND RESEARCH,2025,0147-5916/1573-2819,否,否,否,SSCI,2,,心理学,3 [224/657],否," PSYCHOLOGY, CLINICAL 心理学：临床",3 [65/179],,,,,,,,,,,二级
Cyberpsychology-Journal of Psychosocial Research on Cyberspace,2025,1802-7962/1802-7962,否,否,是,SSCI,2.4,,心理学,3 [225/657],否," PSYCHOLOGY, MULTIDISCIPLINARY 心理学：综合",3 [66/219], COMMUNICATION 传播学,4 [77/223],,,,,,,,,二级
SMALL GROUP RESEARCH,2025,1046-4964/1552-8278,否,否,否,SSCI,1.9,,心理学,3 [226/657],否, MANAGEMENT 管理学,4 [177/404]," PSYCHOLOGY, APPLIED 心理学：应用",4 [56/112]," PSYCHOLOGY, SOCIAL 心理学：社会",4 [40/76],,,,,,,二级
Industrial and Organizational Psychology-Perspectives on Science and Practice,2025,1754-9426/1754-9434,否,否,否,SSCI,4.3,,心理学,3 [227/657],否," PSYCHOLOGY, APPLIED 心理学：应用",4 [57/112],,,,,,,,,,,二级
AMERICAN JOURNAL OF PSYCHOTHERAPY,2025,0002-9564/2575-6559,否,否,否,ESCI,2.5,,心理学,3 [228/657],否," PSYCHOLOGY, CLINICAL 心理学：临床",3 [66/179],,,,,,,,,,,二级
STRUCTURAL EQUATION MODELING-A MULTIDISCIPLINARY JOURNAL,2025,1070-5511/1532-8007,否,否,否,SSCI;SCIE,3.2,,心理学,3 [229/657],否," MATHEMATICS, INTERDISCIPLINARY APPLICATIONS 数学跨学科应用",2 [28/136]," SOCIAL SCIENCES, MATHEMATICAL METHODS 社会科学：数理方法",3 [17/67],,,,,,,,,二级
NEW IDEAS IN PSYCHOLOGY,2025,0732-118X/1873-3522,否,否,否,SSCI,2.9,,心理学,3 [230/657],否," PSYCHOLOGY, EXPERIMENTAL 心理学：实验",3 [46/99]," PSYCHOLOGY, MULTIDISCIPLINARY 心理学：综合",3 [68/219],,,,,,,,,二级
Health Psychology and Behavioral Medicine,2025,2164-2850/2164-2850,否,否,是,ESCI,2.2,,心理学,3 [231/657],否," PSYCHOLOGY, CLINICAL 心理学：临床",3 [67/179],,,,,,,,,,,二级
JOURNAL OF THE INTERNATIONAL NEUROPSYCHOLOGICAL SOCIETY,2025,1355-6177/1469-7661,否,否,否,SCIE,2.6,,心理学,3 [232/657],否, CLINICAL NEUROLOGY 临床神经病学,3 [104/278], NEUROSCIENCES 神经科学,3 [122/309], PSYCHIATRY 精神病学,3 [95/277], PSYCHOLOGY 心理学,3 [30/92],,,,,二级
JOURNAL OF SPORT & EXERCISE PSYCHOLOGY,2025,0895-2779/1543-2904,否,否,否,SSCI;SCIE,2.6,,心理学,3 [233/657],否, PSYCHOLOGY 心理学,3 [31/92], SPORT SCIENCES 运动科学,3 [44/126]," HOSPITALITY, LEISURE, SPORT & TOURISM 酒店、休闲、体育与旅游",4 [67/139]," PSYCHOLOGY, APPLIED 心理学：应用",4 [58/112],,,,,二级
BEHAVIOR MODIFICATION,2025,0145-4455/1552-4167,否,否,否,SSCI,2.4,,心理学,3 [234/657],否," PSYCHOLOGY, CLINICAL 心理学：临床",3 [69/179],,,,,,,,,,,二级
JOURNAL OF PSYCHOLOGY,2025,0022-3980/1940-1019,否,否,否,SSCI,2.9,,心理学,3 [235/657],否," PSYCHOLOGY, MULTIDISCIPLINARY 心理学：综合",3 [69/219],,,,,,,,,,,二级
COGNITIVE DEVELOPMENT,2025,0885-2014/1879-226X,否,否,否,SSCI,1.8,,心理学,3 [236/657],否," PSYCHOLOGY, EXPERIMENTAL 心理学：实验",3 [48/99]," PSYCHOLOGY, DEVELOPMENTAL 心理学：发育",4 [43/91],,,,,,,,,二级
Ecopsychology,2025,1942-9347/1942-9347,否,否,否,ESCI,2.5,,心理学,3 [237/657],否," PSYCHOLOGY, MULTIDISCIPLINARY 心理学：综合",3 [70/219],,,,,,,,,,,二级
HUMAN FACTORS,2025,0018-7208/1547-8181,否,否,否,SSCI;SCIE,3.3,,心理学,3 [238/657],否, BEHAVIORAL SCIENCES 行为科学,3 [17/55], ERGONOMICS 人体工程学,3 [9/24], PSYCHOLOGY 心理学,3 [32/92]," ENGINEERING, INDUSTRIAL 工程：工业",4 [31/70]," PSYCHOLOGY, APPLIED 心理学：应用",4 [59/112],,,二级
AUSTRALIAN JOURNAL OF PSYCHOLOGY,2025,0004-9530/1742-9536,否,否,是,SSCI,1.6,,心理学,3 [239/657],否," PSYCHOLOGY, MULTIDISCIPLINARY 心理学：综合",3 [71/219],,,,,,,,,,,二级
COGNITION & EMOTION,2025,0269-9931/1464-0600,否,否,否,SSCI,2.2,,心理学,3 [240/657],否," PSYCHOLOGY, EXPERIMENTAL 心理学：实验",4 [49/99],,,,,,,,,,,二级
JOURNAL OF MATHEMATICAL PSYCHOLOGY,2025,0022-2496/1096-0880,否,否,否,SSCI;SCIE,1.5,,心理学,3 [241/657],否," MATHEMATICS, INTERDISCIPLINARY APPLICATIONS 数学跨学科应用",3 [32/136]," PSYCHOLOGY, MATHEMATICAL 心理学：数学",3 [6/13]," SOCIAL SCIENCES, MATHEMATICAL METHODS 社会科学：数理方法",3 [19/67],,,,,,,二级
International Journal of Adolescence and Youth,2025,0267-3843/2164-4527,否,否,是,ESCI,2.2,,心理学,3 [242/657],否," PSYCHOLOGY, DEVELOPMENTAL 心理学：发育",4 [44/91],,,,,,,,,,,二级
CULTURE & PSYCHOLOGY,2025,1354-067X/1461-7056,否,否,否,SSCI,0.9,,心理学,3 [243/657],否," PSYCHOLOGY, MULTIDISCIPLINARY 心理学：综合",3 [72/219],,,,,,,,,,,二级
CONTEMPORARY PSYCHOANALYSIS,2025,0010-7530/2330-9091,否,否,否,SSCI,0.2,,心理学,3 [244/657],否, PSYCHIATRY 精神病学,3 [100/277]," PSYCHOLOGY, PSYCHOANALYSIS 心理学：分析",3 [5/23],,,,,,,,,二级
COGNITIVE AND BEHAVIORAL PRACTICE,2025,1077-7229/1878-187X,否,否,否,SSCI,2.9,,心理学,3 [245/657],否," PSYCHOLOGY, CLINICAL 心理学：临床",3 [71/179],,,,,,,,,,,二级
Neuropsychologia,2025,0028-3932/1873-3514,否,否,否,SSCI;SCIE,2,,心理学,3 [246/657],否, BEHAVIORAL SCIENCES 行为科学,3 [20/55], NEUROSCIENCES 神经科学,3 [132/309]," PSYCHOLOGY, EXPERIMENTAL 心理学：实验",4 [51/99],,,,,,,二级
International Gambling Studies,2025,1445-9795/1479-4276,否,否,否,SSCI,1.8,,心理学,3 [247/657],否, SUBSTANCE ABUSE 药物滥用,3 [22/56],,,,,,,,,,,二级
INTERNATIONAL JOURNAL OF PSYCHOPHYSIOLOGY,2025,0167-8760/1872-7697,否,否,否,SSCI;SCIE,2.6,,心理学,3 [248/657],否, NEUROSCIENCES 神经科学,3 [134/309], PHYSIOLOGY 生理学,3 [26/84], PSYCHOLOGY 心理学,3 [33/92]," PSYCHOLOGY, BIOLOGICAL 心理学：生物",3 [7/18]," PSYCHOLOGY, EXPERIMENTAL 心理学：实验",4 [52/99],,,二级
Emerging Adulthood,2025,2167-6968/2167-6984,否,否,否,SSCI,2,,心理学,3 [249/657],否, FAMILY STUDIES 家庭研究,3 [23/65]," PSYCHOLOGY, DEVELOPMENTAL 心理学：发育",4 [45/91]," PSYCHOLOGY, SOCIAL 心理学：社会",4 [42/76],,,,,,,二级
APPLIED PSYCHOPHYSIOLOGY AND BIOFEEDBACK,2025,1090-0586/1573-3270,否,否,否,SSCI,2.4,,心理学,3 [250/657],否," PSYCHOLOGY, CLINICAL 心理学：临床",3 [73/179],,,,,,,,,,,二级
JOURNAL OF HEALTH PSYCHOLOGY,2025,1359-1053/1461-7277,否,否,否,SSCI,2.2,,心理学,3 [251/657],否," PSYCHOLOGY, CLINICAL 心理学：临床",4 [75/179],,,,,,,,,,,二级
AMERICAN INDIAN AND ALASKA NATIVE MENTAL HEALTH RESEARCH,2025,1533-7731/1533-7731,否,否,否,SSCI,1.2,,心理学,3 [252/657],否," PSYCHOLOGY, CLINICAL 心理学：临床",4 [76/179],,,,,,,,,,,二级
ECOLOGICAL PSYCHOLOGY,2025,1040-7413/1532-6969,否,否,否,SSCI,1.7,,心理学,3 [253/657],否," PSYCHOLOGY, EXPERIMENTAL 心理学：实验",4 [53/99],,,,,,,,,,,二级
JOURNAL OF PEDIATRIC PSYCHOLOGY,2025,0146-8693/1465-735X,否,否,否,SSCI,2.1,,心理学,3 [254/657],否," PSYCHOLOGY, DEVELOPMENTAL 心理学：发育",4 [46/91],,,,,,,,,,,二级
Empirical Studies of the Arts,2025,0276-2374/1541-4493,否,否,否,SSCI;AHCI,1.4,,心理学,3 [255/657],否," HUMANITIES, MULTIDISCIPLINARY 人文科学",2 [26/406]," PSYCHOLOGY, MULTIDISCIPLINARY 心理学：综合",3 [74/219],,,,,,,,,二级
CONSCIOUSNESS AND COGNITION,2025,1053-8100/1090-2376,否,否,否,SSCI,2,,心理学,3 [256/657],否," PSYCHOLOGY, EXPERIMENTAL 心理学：实验",4 [54/99],,,,,,,,,,,二级
Europes Journal of Psychology,2025,1841-0413/1841-0413,否,否,是,ESCI,2.1,,心理学,3 [257/657],否," PSYCHOLOGY, MULTIDISCIPLINARY 心理学：综合",3 [75/219],,,,,,,,,,,二级
PSYCHOLOGY & HEALTH,2025,0887-0446/1476-8321,否,否,否,SSCI,1.9,,心理学,3 [258/657],否," PSYCHOLOGY, MULTIDISCIPLINARY 心理学：综合",3 [76/219]," PUBLIC, ENVIRONMENTAL & OCCUPATIONAL HEALTH 公共卫生、环境卫生与职业卫生",3 [141/404],,,,,,,,,二级
CURRENT PSYCHOLOGY,2025,1046-1310/1936-4733,否,否,否,SSCI,2.6,,心理学,3 [259/657],否," PSYCHOLOGY, MULTIDISCIPLINARY 心理学：综合",3 [77/219],,,,,,,,,,,二级
Frontiers in Psychology,2025,1664-1078/1664-1078,否,否,是,SSCI,2.9,Mega-Journal,心理学,3 [260/657],否," PSYCHOLOGY, MULTIDISCIPLINARY 心理学：综合",3 [78/219],,,,,,,,,,,二级
Attention Perception & Psychophysics,2025,1943-3921/1943-393X,否,否,否,SSCI;SCIE,1.7,,心理学,3 [261/657],否, PSYCHOLOGY 心理学,3 [35/92]," PSYCHOLOGY, EXPERIMENTAL 心理学：实验",4 [55/99],,,,,,,,,二级
Journal of Pacific Rim Psychology,2025,1834-4909/1834-4909,否,否,是,SSCI,2.4,,心理学,3 [262/657],否," PSYCHOLOGY, MULTIDISCIPLINARY 心理学：综合",3 [79/219],,,,,,,,,,,二级
JOURNAL OF EARLY ADOLESCENCE,2025,0272-4316/1552-5449,否,否,否,SSCI,2.2,,心理学,3 [263/657],否, FAMILY STUDIES 家庭研究,3 [24/65]," PSYCHOLOGY, DEVELOPMENTAL 心理学：发育",4 [47/91],,,,,,,,,二级
JOURNAL OF ADULT DEVELOPMENT,2025,1068-0667/1573-3440,否,否,否,SSCI,1.7,,心理学,3 [264/657],否," PSYCHOLOGY, DEVELOPMENTAL 心理学：发育",4 [48/91],,,,,,,,,,,二级
PSYCHOLOGICAL RESEARCH-PSYCHOLOGISCHE FORSCHUNG,2025,0340-0727/1430-2772,否,否,否,SSCI,2.3,,心理学,3 [265/657],否," PSYCHOLOGY, EXPERIMENTAL 心理学：实验",4 [56/99],,,,,,,,,,,二级
ANXIETY STRESS AND COPING,2025,1061-5806/1477-2205,否,否,否,SSCI,1.9,,心理学,3 [266/657],否, PSYCHIATRY 精神病学,3 [109/277]," PSYCHOLOGY, MULTIDISCIPLINARY 心理学：综合",3 [80/219],,,,,,,,,二级
PHARMACOLOGY BIOCHEMISTRY AND BEHAVIOR,2025,0091-3057/1873-5177,否,否,否,SCIE,2.5,,心理学,3 [267/657],否, BEHAVIORAL SCIENCES 行为科学,3 [21/55], NEUROSCIENCES 神经科学,3 [142/309], PHARMACOLOGY & PHARMACY 药学,3 [115/350],,,,,,,二级
Journal of Gender-Based Violence,2025,2398-6808/2398-6816,否,否,否,ESCI,1.4,,心理学,3 [268/657],否, CRIMINOLOGY & PENOLOGY 犯罪学与刑罚学,3 [43/111], WOMENS STUDIES 女性研究,4 [27/66],,,,,,,,,二级
PSYCHOLOGICA BELGICA,2025,0033-2879/0033-2879,否,否,是,SSCI,2.6,,心理学,3 [269/657],否," PSYCHOLOGY, MULTIDISCIPLINARY 心理学：综合",3 [81/219],,,,,,,,,,,二级
HUMOR-INTERNATIONAL JOURNAL OF HUMOR RESEARCH,2025,0933-1719/1613-3722,否,否,否,SSCI;AHCI,1.1,,心理学,3 [270/657],否, LANGUAGE & LINGUISTICS 语言与语言学,3 [108/391]," PSYCHOLOGY, MULTIDISCIPLINARY 心理学：综合",3 [82/219],,,,,,,,,二级
APPLIED COGNITIVE PSYCHOLOGY,2025,0888-4080/1099-0720,否,否,否,SSCI,1.8,,心理学,3 [271/657],否," PSYCHOLOGY, EXPERIMENTAL 心理学：实验",4 [58/99],,,,,,,,,,,二级
BRITISH JOURNAL OF DEVELOPMENTAL PSYCHOLOGY,2025,0261-510X/2044-835X,否,否,否,SSCI,2.2,,心理学,3 [272/657],否," PSYCHOLOGY, DEVELOPMENTAL 心理学：发育",4 [49/91],,,,,,,,,,,二级
Zeitschrift fur Psychologie-Journal of Psychology,2025,2190-8370/2151-2604,否,否,否,SSCI,2.5,,心理学,3 [273/657],否," PSYCHOLOGY, MULTIDISCIPLINARY 心理学：综合",3 [84/219],,,,,,,,,,,二级
PSYCHOLOGY IN THE SCHOOLS,2025,0033-3085/1520-6807,否,否,否,SSCI,1.7,,心理学,3 [274/657],否," PSYCHOLOGY, EDUCATIONAL 心理学：教育",4 [42/74],,,,,,,,,,,二级
Decision-Washington,2025,2325-9965/2325-9973,否,否,否,ESCI,1.2,,心理学,3 [275/657],否," PSYCHOLOGY, MULTIDISCIPLINARY 心理学：综合",3 [85/219],,,,,,,,,,,二级
Journal of Social and Political Psychology,2025,2195-3325/2195-3325,否,否,是,ESCI,1.4,,心理学,3 [276/657],否," PSYCHOLOGY, SOCIAL 心理学：社会",4 [45/76],,,,,,,,,,,二级
EUROPEAN JOURNAL OF PSYCHOLOGICAL ASSESSMENT,2025,1015-5759/2151-2426,否,否,否,SSCI,4.1,,心理学,3 [277/657],否," PSYCHOLOGY, APPLIED 心理学：应用",4 [61/112],,,,,,,,,,,二级
Research in Psychotherapy-Psychopathology Process and Outcome,2025,2239-8031/2239-8031,否,否,是,ESCI,2.3,,心理学,3 [278/657],否," PSYCHOLOGY, CLINICAL 心理学：临床",4 [78/179],,,,,,,,,,,二级
JOURNAL OF VISION,2025,1534-7362/1534-7362,否,否,是,SCIE,2.3,,心理学,3 [279/657],否, OPHTHALMOLOGY 眼科学,3 [28/95],,,,,,,,,,,二级
Language and Cognition,2025,1866-9808/1866-9859,否,否,是,SSCI;AHCI,1.4,,心理学,3 [280/657],否, LANGUAGE & LINGUISTICS 语言与语言学,3 [113/391], LINGUISTICS 语言学,4 [141/294]," PSYCHOLOGY, EXPERIMENTAL 心理学：实验",4 [59/99],,,,,,,二级
BEHAVIOURAL AND COGNITIVE PSYCHOTHERAPY,2025,1352-4658/1469-1833,否,否,否,SSCI,1.6,,心理学,3 [281/657],否," PSYCHOLOGY, CLINICAL 心理学：临床",4 [79/179],,,,,,,,,,,二级
Behavior Analysis in Practice,2025,1998-1929/2196-8934,否,否,否,ESCI,1.7,,心理学,3 [282/657],否," PSYCHOLOGY, CLINICAL 心理学：临床",4 [80/179],,,,,,,,,,,二级
Psychology Learning and Teaching-PLAT,2025,1475-7257/2057-3022,否,否,否,ESCI,1.5,,心理学,3 [283/657],否," PSYCHOLOGY, MULTIDISCIPLINARY 心理学：综合",3 [86/219],,,,,,,,,,,二级
JOURNAL OF COMMUNITY PSYCHOLOGY,2025,0090-4392/1520-6629,否,否,否,SSCI,2,,心理学,3 [284/657],否," PSYCHOLOGY, MULTIDISCIPLINARY 心理学：综合",3 [87/219]," PUBLIC, ENVIRONMENTAL & OCCUPATIONAL HEALTH 公共卫生、环境卫生与职业卫生",3 [159/404], SOCIAL WORK 社会工作,3 [21/91],,,,,,,二级
Translational Issues in Psychological Science,2025,2332-2136/2332-2179,否,否,否,ESCI,1.7,,心理学,3 [285/657],否, PSYCHOLOGY 心理学,3 [37/92]," PSYCHOLOGY, MULTIDISCIPLINARY 心理学：综合",3 [88/219],,,,,,,,,二级
JOURNAL OF GAMBLING STUDIES,2025,1050-5350/1573-3602,否,否,否,SSCI,2.2,,心理学,3 [286/657],否," PSYCHOLOGY, MULTIDISCIPLINARY 心理学：综合",3 [90/219], SUBSTANCE ABUSE 药物滥用,4 [26/56],,,,,,,,,二级
NEUROPSYCHOLOGY,2025,0894-4105/1931-1559,否,否,否,SSCI;SCIE,3,,心理学,3 [287/657],否, NEUROSCIENCES 神经科学,3 [152/309], PSYCHOLOGY 心理学,3 [38/92]," PSYCHOLOGY, CLINICAL 心理学：临床",4 [84/179],,,,,,,二级
BRAIN AND COGNITION,2025,0278-2626/1090-2147,否,否,否,SSCI;SCIE,1.4,,心理学,3 [288/657],否, NEUROSCIENCES 神经科学,4 [155/309]," PSYCHOLOGY, EXPERIMENTAL 心理学：实验",4 [61/99],,,,,,,,,二级
Journal of Media Psychology-Theories Methods and Applications,2025,1864-1105/2151-2388,否,否,否,SSCI,2.4,,心理学,3 [289/657],否, COMMUNICATION 传播学,4 [100/223]," PSYCHOLOGY, MULTIDISCIPLINARY 心理学：综合",4 [91/219],,,,,,,,,二级
HUMAN MOVEMENT SCIENCE,2025,0167-9457/1872-7646,否,否,否,SSCI;SCIE,1.9,,心理学,3 [290/657],否, PSYCHOLOGY 心理学,3 [39/92], NEUROSCIENCES 神经科学,4 [158/309]," PSYCHOLOGY, EXPERIMENTAL 心理学：实验",4 [62/99], SPORT SCIENCES 运动科学,4 [54/126],,,,,二级
JOURNAL OF HOMOSEXUALITY,2025,0091-8369/1540-3602,否,否,否,SSCI,2,,心理学,3 [291/657],否," PSYCHOLOGY, MULTIDISCIPLINARY 心理学：综合",4 [92/219]," SOCIAL SCIENCES, INTERDISCIPLINARY 社会科学：跨领域",4 [80/263],,,,,,,,,二级
Behavior and Social Issues,2025,1064-9506/2376-6786,否,否,否,ESCI,1.6,,心理学,3 [292/657],否," PSYCHOLOGY, MULTIDISCIPLINARY 心理学：综合",4 [93/219],,,,,,,,,,,二级
Spatial Cognition and Computation,2025,1387-5868/1542-7633,否,否,否,SSCI,1.6,,心理学,3 [293/657],否," PSYCHOLOGY, EXPERIMENTAL 心理学：实验",4 [63/99],,,,,,,,,,,二级
I-Perception,2025,2041-6695/2041-6695,否,否,是,SSCI,1.1,,心理学,3 [294/657],否," PSYCHOLOGY, EXPERIMENTAL 心理学：实验",4 [64/99],,,,,,,,,,,二级
JOURNAL OF APPLIED BEHAVIORAL SCIENCE,2025,0021-8863/1552-6879,否,否,否,SSCI,2.4,,心理学,3 [295/657],否, MANAGEMENT 管理学,4 [215/404]," PSYCHOLOGY, APPLIED 心理学：应用",4 [63/112],,,,,,,,,二级
INTERNATIONAL JOURNAL OF BEHAVIORAL MEDICINE,2025,1070-5503/1532-7558,否,否,否,SSCI,1.7,,心理学,3 [296/657],否," PSYCHOLOGY, CLINICAL 心理学：临床",4 [85/179],,,,,,,,,,,二级
International Review of Social Psychology,2025,2397-8570/2397-8570,否,否,是,SSCI,1.6,,心理学,3 [297/657],否," PSYCHOLOGY, SOCIAL 心理学：社会",4 [46/76],,,,,,,,,,,二级
CLINICAL NEUROPSYCHOLOGIST,2025,1385-4046/1744-4144,否,否,否,SSCI;SCIE,2.7,,心理学,3 [298/657],否, PSYCHOLOGY 心理学,3 [40/92], CLINICAL NEUROLOGY 临床神经病学,4 [134/278]," PSYCHOLOGY, CLINICAL 心理学：临床",4 [86/179],,,,,,,二级
SCANDINAVIAN JOURNAL OF PSYCHOLOGY,2025,0036-5564/1467-9450,否,否,否,SSCI,2.1,,心理学,3 [299/657],否," PSYCHOLOGY, MULTIDISCIPLINARY 心理学：综合",4 [95/219],,,,,,,,,,,二级
Journal of School Violence,2025,1538-8220/1538-8239,否,否,否,SSCI,2,,心理学,3 [300/657],否, CRIMINOLOGY & PENOLOGY 犯罪学与刑罚学,4 [51/111], EDUCATION & EDUCATIONAL RESEARCH 教育学和教育研究,4 [327/754]," PSYCHOLOGY, DEVELOPMENTAL 心理学：发育",4 [52/91]," PSYCHOLOGY, EDUCATIONAL 心理学：教育",4 [43/74],,,,,二级
Journal of Cognition and Development,2025,1524-8372/1532-7647,否,否,否,SSCI,2.1,,心理学,3 [301/657],否," PSYCHOLOGY, DEVELOPMENTAL 心理学：发育",4 [53/91]," PSYCHOLOGY, EXPERIMENTAL 心理学：实验",4 [65/99],,,,,,,,,二级
INFANT MENTAL HEALTH JOURNAL,2025,0163-9641/1097-0355,否,否,否,SSCI,2,,心理学,3 [302/657],否," PSYCHOLOGY, DEVELOPMENTAL 心理学：发育",4 [54/91],,,,,,,,,,,二级
Collabra-Psychology,2025,2474-7394/2474-7394,否,否,是,SSCI,3.2,,心理学,3 [303/657],否," PSYCHOLOGY, MULTIDISCIPLINARY 心理学：综合",4 [97/219],,,,,,,,,,,二级
Brain and Behavior,2025,2162-3279/2162-3279,否,否,是,SCIE,2.7,,心理学,3 [304/657],否, BEHAVIORAL SCIENCES 行为科学,3 [26/55], NEUROSCIENCES 神经科学,4 [164/309],,,,,,,,,二级
MOTIVATION AND EMOTION,2025,0146-7239/1573-6644,否,否,否,SSCI,2.5,,心理学,3 [305/657],否," PSYCHOLOGY, EXPERIMENTAL 心理学：实验",4 [66/99]," PSYCHOLOGY, SOCIAL 心理学：社会",4 [47/76],,,,,,,,,二级
Human Arenas,2025,2522-5790/2522-5804,否,否,否,ESCI,0.9,,心理学,3 [306/657],否," PSYCHOLOGY, MULTIDISCIPLINARY 心理学：综合",4 [98/219],,,,,,,,,,,二级
GENES BRAIN AND BEHAVIOR,2025,1601-1848/1601-183X,否,否,否,SCIE,2.3,,心理学,3 [307/657],否, BEHAVIORAL SCIENCES 行为科学,3 [27/55], NEUROSCIENCES 神经科学,4 [166/309],,,,,,,,,二级
ASIAN JOURNAL OF SOCIAL PSYCHOLOGY,2025,1367-2223/1467-839X,否,否,否,SSCI,1.6,,心理学,3 [308/657],否," PSYCHOLOGY, SOCIAL 心理学：社会",4 [48/76],,,,,,,,,,,二级
JOURNAL OF APPLIED SOCIAL PSYCHOLOGY,2025,0021-9029/1559-1816,否,否,否,SSCI,2.3,,心理学,3 [309/657],否," PSYCHOLOGY, SOCIAL 心理学：社会",4 [49/76],,,,,,,,,,,二级
AUSTRALIAN PSYCHOLOGIST,2025,0005-0067/1742-9544,否,否,否,SSCI,2,,心理学,3 [310/657],否," PSYCHOLOGY, MULTIDISCIPLINARY 心理学：综合",4 [99/219],,,,,,,,,,,二级
BEHAVIOURAL BRAIN RESEARCH,2025,0166-4328/1872-7549,否,否,否,SCIE,2.3,,心理学,3 [311/657],否, BEHAVIORAL SCIENCES 行为科学,3 [28/55], NEUROSCIENCES 神经科学,4 [167/309],,,,,,,,,二级
COGNITIVE NEUROPSYCHOLOGY,2025,0264-3294/1464-0627,否,否,否,SSCI;SCIE,1.7,,心理学,3 [312/657],否, PSYCHOLOGY 心理学,3 [41/92]," PSYCHOLOGY, EXPERIMENTAL 心理学：实验",4 [67/99],,,,,,,,,二级
SOCIAL DEVELOPMENT,2025,0961-205X/1467-9507,否,否,否,SSCI,1.9,,心理学,3 [313/657],否," PSYCHOLOGY, DEVELOPMENTAL 心理学：发育",4 [55/91],,,,,,,,,,,二级
Journal of Child and Family Studies,2025,1062-1024/1573-2843,否,否,否,SSCI,1.8,,心理学,3 [314/657],否, FAMILY STUDIES 家庭研究,4 [29/65], PSYCHIATRY 精神病学,4 [130/277]," PSYCHOLOGY, DEVELOPMENTAL 心理学：发育",4 [56/91],,,,,,,二级
European Journal of Developmental Psychology,2025,1740-5629/1740-5610,否,否,否,SSCI,2.1,,心理学,3 [315/657],否," PSYCHOLOGY, DEVELOPMENTAL 心理学：发育",4 [57/91],,,,,,,,,,,二级
GROUP DYNAMICS-THEORY RESEARCH AND PRACTICE,2025,1089-2699/1930-7802,否,否,否,SSCI,2.2,,心理学,3 [316/657],否," PSYCHOLOGY, SOCIAL 心理学：社会",4 [50/76],,,,,,,,,,,二级
JOURNAL OF PSYCHOTHERAPY INTEGRATION,2025,1053-0479/1573-3696,否,否,否,ESCI,1.7,,心理学,3 [317/657],否," PSYCHOLOGY, CLINICAL 心理学：临床",4 [90/179],,,,,,,,,,,二级
Counselling Psychology Quarterly,2025,0951-5070/1469-3674,否,否,否,ESCI,1.5,,心理学,3 [318/657],否," PSYCHOLOGY, APPLIED 心理学：应用",4 [64/112],,,,,,,,,,,二级
Applied Developmental Science,2025,1088-8691/1532-480X,否,否,否,SSCI,1.5,,心理学,3 [319/657],否," PSYCHOLOGY, DEVELOPMENTAL 心理学：发育",4 [58/91],,,,,,,,,,,二级
JOURNAL OF EMPLOYMENT COUNSELING,2025,0022-0787/2161-1920,否,否,否,SSCI,0.8,,心理学,4 [320/657],否," PSYCHOLOGY, APPLIED 心理学：应用",4 [66/112],,,,,,,,,,,三级
INFANT BEHAVIOR & DEVELOPMENT,2025,0163-6383/1879-0453,否,否,否,SSCI,2,,心理学,4 [321/657],否," PSYCHOLOGY, DEVELOPMENTAL 心理学：发育",4 [59/91],,,,,,,,,,,三级
Psychological Services,2025,1541-1559/1939-148X,否,否,否,SSCI,1.8,,心理学,4 [322/657],否," PSYCHOLOGY, CLINICAL 心理学：临床",4 [91/179],,,,,,,,,,,三级
Journal of Cultural Cognitive Science,2025,2520-100X/2520-1018,否,否,否,ESCI,1.5,,心理学,4 [323/657],否," PSYCHOLOGY, EXPERIMENTAL 心理学：实验",4 [68/99],,,,,,,,,,,三级
VISUAL COGNITION,2025,1350-6285/1464-0716,否,否,否,SSCI,1.4,,心理学,4 [324/657],否," PSYCHOLOGY, EXPERIMENTAL 心理学：实验",4 [69/99],,,,,,,,,,,三级
Journal of Theoretical Social Psychology,2025,2475-0387/2475-0387,否,否,否,ESCI,1.2,,心理学,4 [325/657],否," PSYCHOLOGY, SOCIAL 心理学：社会",4 [52/76],,,,,,,,,,,三级
CHILD & YOUTH CARE FORUM,2025,1053-1890/1573-3319,否,否,否,SSCI,1.6,,心理学,4 [326/657],否," PSYCHOLOGY, DEVELOPMENTAL 心理学：发育",4 [60/91],,,,,,,,,,,三级
Judgment and Decision Making,2025,1930-2975/1930-2975,否,否,是,SSCI,1.9,,心理学,4 [327/657],否," PSYCHOLOGY, MULTIDISCIPLINARY 心理学：综合",4 [100/219],,,,,,,,,,,三级
QUARTERLY JOURNAL OF EXPERIMENTAL PSYCHOLOGY,2025,1747-0218/1747-0226,否,否,否,SSCI;SCIE,1.4,,心理学,4 [328/657],否, PHYSIOLOGY 生理学,3 [39/84], PSYCHOLOGY 心理学,4 [43/92]," PSYCHOLOGY, EXPERIMENTAL 心理学：实验",4 [70/99],,,,,,,三级
Psychology of Consciousness-Theory Research and Practice,2025,2326-5523/2326-5531,否,否,否,ESCI,1.5,,心理学,4 [329/657],否," PSYCHOLOGY, EXPERIMENTAL 心理学：实验",4 [71/99],,,,,,,,,,,三级
BRAIN BEHAVIOR AND EVOLUTION,2025,0006-8977/1421-9743,否,否,否,SCIE,1.8,,心理学,4 [330/657],否, ZOOLOGY 动物学,2 [39/179], BEHAVIORAL SCIENCES 行为科学,4 [30/55], NEUROSCIENCES 神经科学,4 [173/309],,,,,,,三级
CHILD NEUROPSYCHOLOGY,2025,0929-7049/1744-4136,否,否,否,SCIE,1.9,,心理学,4 [331/657],否, CLINICAL NEUROLOGY 临床神经病学,4 [143/278],,,,,,,,,,,三级
Childhood in the Past,2025,1758-5716/2040-8528,否,否,否,ESCI,0.5,,心理学,4 [332/657],否, ARCHAEOLOGY 考古学,3 [62/164], HISTORY 历史学,3 [104/523], ANTHROPOLOGY 人类学,4 [70/137],,,,,,,三级
LEARNING & BEHAVIOR,2025,1543-4494/1543-4508,否,否,否,SSCI;SCIE,1.5,,心理学,4 [333/657],否, ZOOLOGY 动物学,2 [40/179], BEHAVIORAL SCIENCES 行为科学,4 [31/55]," PSYCHOLOGY, BIOLOGICAL 心理学：生物",4 [9/18]," PSYCHOLOGY, EXPERIMENTAL 心理学：实验",4 [72/99],,,,,三级
PSYCHOLOGICAL INQUIRY,2025,1047-840X/1532-7965,否,否,否,SSCI,4.1,,心理学,4 [334/657],否," PSYCHOLOGY, MULTIDISCIPLINARY 心理学：综合",4 [101/219],,,,,,,,,,,三级
PERSONAL RELATIONSHIPS,2025,1350-4126/1475-6811,否,否,否,SSCI,2.2,,心理学,4 [335/657],否, COMMUNICATION 传播学,4 [108/223], FAMILY STUDIES 家庭研究,4 [31/65]," PSYCHOLOGY, SOCIAL 心理学：社会",4 [54/76],,,,,,,三级
PSYCHOLOGISCHE RUNDSCHAU,2025,0033-3042/2190-6238,否,否,否,SSCI,1.8,,心理学,4 [336/657],否," PSYCHOLOGY, MULTIDISCIPLINARY 心理学：综合",4 [102/219],,,,,,,,,,,三级
SPORT PSYCHOLOGIST,2025,0888-4781/1543-2793,否,否,否,SSCI;SCIE,1.2,,心理学,4 [337/657],否," HOSPITALITY, LEISURE, SPORT & TOURISM 酒店、休闲、体育与旅游",4 [78/139], PSYCHOLOGY 心理学,4 [44/92]," PSYCHOLOGY, APPLIED 心理学：应用",4 [68/112], SPORT SCIENCES 运动科学,4 [63/126],,,,,三级
Research in Human Development,2025,1542-7609/1542-7617,否,否,否,SSCI,1,,心理学,4 [338/657],否," PSYCHOLOGY, DEVELOPMENTAL 心理学：发育",4 [62/91],,,,,,,,,,,三级
ARTS IN PSYCHOTHERAPY,2025,0197-4556/1873-5878,否,否,否,SSCI,1.5,,心理学,4 [339/657],否, REHABILITATION 康复医学,3 [65/169]," PSYCHOLOGY, CLINICAL 心理学：临床",4 [94/179],,,,,,,,,三级
JOURNAL OF GENETIC PSYCHOLOGY,2025,0022-1325/1940-0896,否,否,否,SSCI;SCIE,1.7,,心理学,4 [340/657],否, PSYCHOLOGY 心理学,4 [45/92]," PSYCHOLOGY, DEVELOPMENTAL 心理学：发育",4 [63/91]," PSYCHOLOGY, MULTIDISCIPLINARY 心理学：综合",4 [105/219],,,,,,,三级
Canadian Journal of School Psychology,2025,0829-5735/2154-3984,否,否,否,SSCI,1.8,,心理学,4 [341/657],否," PSYCHOLOGY, EDUCATIONAL 心理学：教育",4 [45/74],,,,,,,,,,,三级
Self and Identity,2025,1529-8868/1529-8876,否,否,否,SSCI,2.1,,心理学,4 [342/657],否," PSYCHOLOGY, SOCIAL 心理学：社会",4 [55/76],,,,,,,,,,,三级
Journal of Work and Organizational Psychology-Revista de Psicologia del Trabajo y de las Organizaciones,2025,1576-5962/2174-0534,否,否,是,SSCI,2.1,,心理学,4 [343/657],否," PSYCHOLOGY, APPLIED 心理学：应用",4 [70/112],,,,,,,,,,,三级
Journal of Neuropsychology,2025,1748-6645/1748-6653,否,否,否,SSCI;SCIE,1.8,,心理学,4 [344/657],否, PSYCHOLOGY 心理学,4 [47/92]," PSYCHOLOGY, EXPERIMENTAL 心理学：实验",4 [73/99],,,,,,,,,三级
Journal of Theoretical and Philosophical Psychology,2025,1068-8471/2151-3341,否,否,否,ESCI,1.2,,心理学,4 [345/657],否," PSYCHOLOGY, MULTIDISCIPLINARY 心理学：综合",4 [107/219],,,,,,,,,,,三级
AMERICAN JOURNAL OF DANCE THERAPY,2025,0146-3721/1573-3262,否,否,否,ESCI,0.6,,心理学,4 [346/657],否," PSYCHOLOGY, MULTIDISCIPLINARY 心理学：综合",4 [108/219],,,,,,,,,,,三级
STRESS-THE INTERNATIONAL JOURNAL ON THE BIOLOGY OF STRESS,2025,1025-3890/1607-8888,否,否,是,SCIE,2.9,,心理学,4 [347/657],否, BEHAVIORAL SCIENCES 行为科学,4 [34/55], ENDOCRINOLOGY & METABOLISM 内分泌学与代谢,4 [114/184], NEUROSCIENCES 神经科学,4 [190/309],,,,,,,三级
Educational and Developmental Psychologist,2025,2059-0776/2059-0784,否,否,否,ESCI,2.6,,心理学,4 [348/657],否," PSYCHOLOGY, DEVELOPMENTAL 心理学：发育",4 [66/91],,,,,,,,,,,三级
Journal of Personnel Psychology,2025,1866-5888/2190-5150,否,否,否,SSCI,1.4,,心理学,4 [349/657],否," PSYCHOLOGY, APPLIED 心理学：应用",4 [72/112],,,,,,,,,,,三级
JOURNAL OF REPRODUCTIVE AND INFANT PSYCHOLOGY,2025,0264-6838/1469-672X,否,否,否,SSCI,1.6,,心理学,4 [350/657],否," PSYCHOLOGY, MULTIDISCIPLINARY 心理学：综合",4 [109/219],,,,,,,,,,,三级
Psychomusicology,2025,0275-3987/2162-1535,否,否,否,ESCI,1.2,,心理学,4 [351/657],否, MUSIC 音乐,3 [36/110]," PSYCHOLOGY, EXPERIMENTAL 心理学：实验",4 [74/99],,,,,,,,,三级
Journal of Rational-Emotive and Cognitive-Behavior Therapy,2025,0894-9085/1573-6563,否,否,否,SSCI,1.4,,心理学,4 [352/657],否," PSYCHOLOGY, CLINICAL 心理学：临床",4 [96/179],,,,,,,,,,,三级
JOURNAL OF POSITIVE BEHAVIOR INTERVENTIONS,2025,1098-3007/1538-4772,否,否,否,SSCI,1.5,,心理学,4 [353/657],否," EDUCATION, SPECIAL 特殊教育学",4 [31/62]," PSYCHOLOGY, CLINICAL 心理学：临床",4 [98/179],,,,,,,,,三级
Journal of the Academy of Consultation-Liaison Psychiatry,2025,2667-2960/2667-2960,否,否,否,SSCI;SCIE,2.5,,心理学,4 [354/657],否, PSYCHIATRY 精神病学,4 [147/277], PSYCHOLOGY 心理学,4 [48/92],,,,,,,,,三级
NEUROBIOLOGY OF LEARNING AND MEMORY,2025,1074-7427/1095-9564,否,否,否,SSCI;SCIE,1.8,,心理学,4 [355/657],否, BEHAVIORAL SCIENCES 行为科学,4 [36/55], NEUROSCIENCES 神经科学,4 [196/309], PSYCHOLOGY 心理学,4 [49/92]," PSYCHOLOGY, MULTIDISCIPLINARY 心理学：综合",4 [111/219],,,,,三级
EMOTIONAL AND BEHAVIOURAL DIFFICULTIES,2025,1363-2752/1741-2692,否,否,否,ESCI,1.2,,心理学,4 [356/657],否," PSYCHOLOGY, EDUCATIONAL 心理学：教育",4 [47/74],,,,,,,,,,,三级
INTERNATIONAL JOURNAL OF CLINICAL AND EXPERIMENTAL HYPNOSIS,2025,0020-7144/1744-5183,否,否,否,SSCI,2.4,,心理学,4 [357/657],否, PSYCHIATRY 精神病学,4 [150/277]," PSYCHOLOGY, CLINICAL 心理学：临床",4 [99/179],,,,,,,,,三级
Journal of Children and Media,2025,1748-2798/1748-2801,否,否,否,SSCI,2.1,,心理学,4 [358/657],否, COMMUNICATION 传播学,4 [121/223]," SOCIAL SCIENCES, INTERDISCIPLINARY 社会科学：跨领域",4 [102/263],,,,,,,,,三级
INFANT AND CHILD DEVELOPMENT,2025,1522-7227/1522-7219,否,否,否,SSCI,2.9,,心理学,4 [359/657],否," PSYCHOLOGY, DEVELOPMENTAL 心理学：发育",4 [68/91],,,,,,,,,,,三级
SCHOOL PSYCHOLOGY INTERNATIONAL,2025,0143-0343/1461-7374,否,否,否,SSCI,1.5,,心理学,4 [360/657],否," PSYCHOLOGY, EDUCATIONAL 心理学：教育",4 [50/74],,,,,,,,,,,三级
JOURNAL OF SOCIAL PSYCHOLOGY,2025,0022-4545/1940-1183,否,否,否,SSCI,1.7,,心理学,4 [361/657],否," PSYCHOLOGY, SOCIAL 心理学：社会",4 [57/76],,,,,,,,,,,三级
PROFESSIONAL PSYCHOLOGY-RESEARCH AND PRACTICE,2025,0735-7028/1939-1323,否,否,否,SSCI,1.5,,心理学,4 [362/657],否," PSYCHOLOGY, MULTIDISCIPLINARY 心理学：综合",4 [112/219],,,,,,,,,,,三级
JOURNAL OF CONSCIOUSNESS STUDIES,2025,1355-8250,否,否,否,SSCI;AHCI,1.2,,心理学,4 [363/657],否, PHILOSOPHY 哲学,3 [102/328]," SOCIAL SCIENCES, INTERDISCIPLINARY 社会科学：跨领域",4 [106/263],,,,,,,,,三级
JOURNAL OF CLINICAL AND EXPERIMENTAL NEUROPSYCHOLOGY,2025,1380-3395/1744-411X,否,否,否,SSCI;SCIE,1.7,,心理学,4 [364/657],否, CLINICAL NEUROLOGY 临床神经病学,4 [160/278], PSYCHOLOGY 心理学,4 [51/92]," PSYCHOLOGY, CLINICAL 心理学：临床",4 [100/179],,,,,,,三级
Journal of Child Sexual Abuse,2025,1053-8712/1547-0679,否,否,否,SSCI,1.4,,心理学,4 [365/657],否, FAMILY STUDIES 家庭研究,4 [33/65]," PSYCHOLOGY, CLINICAL 心理学：临床",4 [101/179],,,,,,,,,三级
Health Psychology Research,2025,2420-8124/2420-8124,否,否,是,ESCI,3,,心理学,4 [366/657],否," PSYCHOLOGY, CLINICAL 心理学：临床",4 [102/179],,,,,,,,,,,三级
Journal of Sport Psychology in Action,2025,2152-0704/2152-0712,否,否,否,ESCI,1.4,,心理学,4 [367/657],否," PSYCHOLOGY, APPLIED 心理学：应用",4 [75/112],,,,,,,,,,,三级
Psychoanalytic Study of the Child,2025,0079-7308/2474-3356,否,否,否,SSCI,0.6,,心理学,4 [368/657],否," PSYCHOLOGY, PSYCHOANALYSIS 心理学：分析",3 [6/23], PSYCHIATRY 精神病学,4 [153/277],,,,,,,,,三级
Reading Psychology,2025,0270-2711/1521-0685,否,否,否,ESCI,1,,心理学,4 [369/657],否," PSYCHOLOGY, EDUCATIONAL 心理学：教育",4 [52/74],,,,,,,,,,,三级
European Journal of Psychology Open,2025,2673-8627/2673-8627,否,否,是,SSCI,0.9,,心理学,4 [370/657],否," PSYCHOLOGY, MULTIDISCIPLINARY 心理学：综合",4 [113/219],,,,,,,,,,,三级
Evolutionary Behavioral Sciences,2025,2330-2925/2330-2933,否,否,否,ESCI,1.4,,心理学,4 [371/657],否, BEHAVIORAL SCIENCES 行为科学,4 [38/55], PSYCHOLOGY 心理学,4 [52/92],,,,,,,,,三级
BRITISH JOURNAL OF MATHEMATICAL & STATISTICAL PSYCHOLOGY,2025,0007-1102/2044-8317,否,否,否,SSCI;SCIE,1.8,,心理学,4 [372/657],否, STATISTICS & PROBABILITY 统计学与概率论,3 [69/166]," MATHEMATICS, INTERDISCIPLINARY APPLICATIONS 数学跨学科应用",4 [60/136]," PSYCHOLOGY, EXPERIMENTAL 心理学：实验",4 [75/99]," PSYCHOLOGY, MATHEMATICAL 心理学：数学",4 [9/13],,,,,三级
JOURNAL OF EMOTIONAL AND BEHAVIORAL DISORDERS,2025,1063-4266/1538-4799,否,否,否,SSCI,1.6,,心理学,4 [373/657],否," EDUCATION, SPECIAL 特殊教育学",4 [34/62]," PSYCHOLOGY, EDUCATIONAL 心理学：教育",4 [53/74]," PSYCHOLOGY, MULTIDISCIPLINARY 心理学：综合",4 [114/219],,,,,,,三级
Art Therapy,2025,0742-1656/2159-9394,否,否,否,ESCI,1.2,,心理学,4 [374/657],否," PSYCHOLOGY, CLINICAL 心理学：临床",4 [103/179],,,,,,,,,,,三级
Psicologia-Reflexao e Critica,2025,0102-7972/1678-7153,否,否,是,SSCI,2,,心理学,4 [375/657],否," PSYCHOLOGY, MULTIDISCIPLINARY 心理学：综合",4 [115/219],,,,,,,,,,,三级
COUNSELOR EDUCATION AND SUPERVISION,2025,0011-0035/1556-6978,否,否,否,ESCI,1.6,,心理学,4 [376/657],否," PSYCHOLOGY, APPLIED 心理学：应用",4 [77/112],,,,,,,,,,,三级
PSYCHOANALYTIC PSYCHOLOGY,2025,0736-9735/1939-1331,否,否,否,SSCI,0.6,,心理学,4 [377/657],否," PSYCHOLOGY, PSYCHOANALYSIS 心理学：分析",3 [7/23]," PSYCHOLOGY, CLINICAL 心理学：临床",4 [105/179],,,,,,,,,三级
CANADIAN PSYCHOLOGY-PSYCHOLOGIE CANADIENNE,2025,0708-5591/1878-7304,否,否,否,SSCI,2,,心理学,4 [378/657],否," PSYCHOLOGY, MULTIDISCIPLINARY 心理学：综合",4 [116/219],,,,,,,,,,,三级
VISION RESEARCH,2025,0042-6989/1878-5646,否,否,否,SCIE,1.4,,心理学,4 [379/657],否, NEUROSCIENCES 神经科学,4 [208/309], OPHTHALMOLOGY 眼科学,4 [46/95], PSYCHOLOGY 心理学,4 [53/92],,,,,,,三级
Integrative Psychological and Behavioral Science,2025,1932-4502/1936-3567,否,否,否,SSCI,1.1,,心理学,4 [380/657],否," PSYCHOLOGY, BIOLOGICAL 心理学：生物",4 [10/18],,,,,,,,,,,三级
Journal of Gay & Lesbian Mental Health,2025,1935-9705/1935-9713,否,否,否,ESCI,2.3,,心理学,4 [381/657],否, PSYCHIATRY 精神病学,4 [156/277]," PSYCHOLOGY, CLINICAL 心理学：临床",4 [107/179],,,,,,,,,三级
CANADIAN JOURNAL OF EXPERIMENTAL PSYCHOLOGY-REVUE CANADIENNE DE PSYCHOLOGIE EXPERIMENTALE,2025,1196-1961/1878-7290,否,否,否,SSCI,1.6,,心理学,4 [382/657],否," PSYCHOLOGY, EXPERIMENTAL 心理学：实验",4 [76/99],,,,,,,,,,,三级
International Forum of Psychoanalysis,2025,0803-706X/1651-2324,否,否,否,ESCI,0.4,,心理学,4 [383/657],否," PSYCHOLOGY, PSYCHOANALYSIS 心理学：分析",4 [8/23],,,,,,,,,,,三级
Spirituality in Clinical Practice,2025,2326-4500/2326-4519,否,否,否,ESCI,1.5,,心理学,4 [384/657],否," PSYCHOLOGY, CLINICAL 心理学：临床",4 [108/179],,,,,,,,,,,三级
DEVELOPMENTAL PSYCHOBIOLOGY,2025,0012-1630/1098-2302,否,否,否,SCIE,2.2,,心理学,4 [385/657],否, DEVELOPMENTAL BIOLOGY 发育生物学,3 [18/39], PSYCHOLOGY 心理学,4 [55/92],,,,,,,,,三级
Journal of Spirituality in Mental Health,2025,1934-9637/1934-9645,否,否,否,ESCI,0.7,,心理学,4 [386/657],否," PSYCHOLOGY, APPLIED 心理学：应用",4 [78/112],,,,,,,,,,,三级
Health Psychology Report,2025,2353-4184/2353-5571,否,否,是,ESCI,1.2,,心理学,4 [387/657],否," PSYCHOLOGY, SOCIAL 心理学：社会",4 [58/76],,,,,,,,,,,三级
Clinica y Salud,2025,1130-5274/2174-0550,否,否,是,SSCI,2.2,,心理学,4 [388/657],否," PSYCHOLOGY, CLINICAL 心理学：临床",4 [109/179],,,,,,,,,,,三级
NEUROPSYCHOBIOLOGY,2025,0302-282X/1423-0224,否,否,否,SCIE,3.1,,心理学,4 [389/657],否, NEUROSCIENCES 神经科学,4 [211/309], PSYCHIATRY 精神病学,4 [163/277], PSYCHOLOGY 心理学,4 [56/92],,,,,,,三级
Psychology and Developing Societies,2025,0971-3336/0973-0761,否,否,否,ESCI,0.8,,心理学,4 [390/657],否," PSYCHOLOGY, MULTIDISCIPLINARY 心理学：综合",4 [118/219],,,,,,,,,,,三级
AGING NEUROPSYCHOLOGY AND COGNITION,2025,1382-5585/1744-4128,否,否,否,SSCI,1.6,,心理学,4 [391/657],否," PSYCHOLOGY, DEVELOPMENTAL 心理学：发育",4 [71/91]," PSYCHOLOGY, EXPERIMENTAL 心理学：实验",4 [77/99],,,,,,,,,三级
Methodology-European Journal of Research Methods for the Behavioral and Social Sciences,2025,1614-1881/1614-2241,否,否,是,SSCI,1.7,,心理学,4 [392/657],否," PSYCHOLOGY, MATHEMATICAL 心理学：数学",4 [10/13]," SOCIAL SCIENCES, MATHEMATICAL METHODS 社会科学：数理方法",4 [37/67],,,,,,,,,三级
Mediterranean Journal of Clinical Psychology,2025,2282-1619/2282-1619,否,否,是,ESCI,1.7,,心理学,4 [393/657],否," PSYCHOLOGY, CLINICAL 心理学：临床",4 [111/179],,,,,,,,,,,三级
Health Psychology Open,2025,2055-1029/2055-1029,否,否,是,ESCI,1.3,,心理学,4 [394/657],否," PSYCHOLOGY, CLINICAL 心理学：临床",4 [112/179],,,,,,,,,,,三级
Spanish Journal of Psychology,2025,1138-7416/1988-2904,否,否,否,SSCI;SCIE,1.8,,心理学,4 [395/657],否, PSYCHOLOGY 心理学,4 [57/92]," PSYCHOLOGY, MULTIDISCIPLINARY 心理学：综合",4 [120/219],,,,,,,,,三级
JOURNAL OF MARITAL AND FAMILY THERAPY,2025,0194-472X/1752-0606,否,否,否,SSCI,1.1,,心理学,4 [396/657],否, FAMILY STUDIES 家庭研究,4 [36/65]," PSYCHOLOGY, CLINICAL 心理学：临床",4 [113/179],,,,,,,,,三级
International Journal of Cognitive Therapy,2025,1937-1209/1937-1217,否,否,否,SSCI,1.4,,心理学,4 [397/657],否, PSYCHIATRY 精神病学,4 [168/277]," PSYCHOLOGY, CLINICAL 心理学：临床",4 [114/179],,,,,,,,,三级
PSYCHOLOGICAL REPORTS,2025,0033-2941/1558-691X,否,否,否,SSCI,1.6,,心理学,4 [398/657],否," PSYCHOLOGY, MULTIDISCIPLINARY 心理学：综合",4 [122/219],,,,,,,,,,,三级
Peace and Conflict-Journal of Peace Psychology,2025,1078-1919/1532-7949,否,否,否,ESCI,1.5,,心理学,4 [399/657],否," PSYCHOLOGY, SOCIAL 心理学：社会",4 [59/76],,,,,,,,,,,三级
ZEITSCHRIFT FUR ENTWICKLUNGSPSYCHOLOGIE UND PADAGOGISCHE PSYCHOLOGIE,2025,0049-8637/2190-6262,否,否,否,SSCI,1.3,,心理学,4 [400/657],否," PSYCHOLOGY, EDUCATIONAL 心理学：教育",4 [56/74],,,,,,,,,,,三级
Journal of Eye Movement Research,2025,1995-8692/1995-8692,否,否,是,SCIE,2.8,,心理学,4 [401/657],否, OPHTHALMOLOGY 眼科学,4 [51/95],,,,,,,,,,,三级
Anales de Psicologia,2025,0212-9728/1695-2294,否,否,是,SSCI;SCIE,1.3,,心理学,4 [402/657],否, PSYCHOLOGY 心理学,4 [58/92]," PSYCHOLOGY, MULTIDISCIPLINARY 心理学：综合",4 [123/219],,,,,,,,,三级
Applied Neuropsychology-Child,2025,2162-2965/2162-2973,否,否,否,SCIE,1.1,,心理学,4 [403/657],否, CLINICAL NEUROLOGY 临床神经病学,4 [168/278], PSYCHOLOGY 心理学,4 [59/92],,,,,,,,,三级
JOURNAL OF CONTEMPORARY PSYCHOTHERAPY,2025,0022-0116/1573-3564,否,否,否,ESCI,1.3,,心理学,4 [404/657],否," PSYCHOLOGY, CLINICAL 心理学：临床",4 [115/179],,,,,,,,,,,三级
BASIC AND APPLIED SOCIAL PSYCHOLOGY,2025,0197-3533/1532-4834,否,否,否,SSCI,1.8,,心理学,4 [405/657],否," PSYCHOLOGY, SOCIAL 心理学：社会",4 [60/76],,,,,,,,,,,三级
JOURNAL OF COLLEGE STUDENT PSYCHOTHERAPY,2025,8756-8225/1540-4730,否,否,否,ESCI,1.1,,心理学,4 [406/657],否," PSYCHOLOGY, APPLIED 心理学：应用",4 [80/112],,,,,,,,,,,三级
PERCEPTION,2025,0301-0066/1468-4233,否,否,否,SSCI;SCIE,1.1,,心理学,4 [407/657],否, OPHTHALMOLOGY 眼科学,4 [52/95], PSYCHOLOGY 心理学,4 [60/92]," PSYCHOLOGY, EXPERIMENTAL 心理学：实验",4 [78/99],,,,,,,三级
Journal of Child & Adolescent Trauma,2025,1936-1521/1936-153X,否,否,否,ESCI,2,,心理学,4 [408/657],否, FAMILY STUDIES 家庭研究,4 [37/65], SOCIAL WORK 社会工作,4 [45/91],,,,,,,,,三级
DEVELOPMENTAL NEUROPSYCHOLOGY,2025,8756-5641/1532-6942,否,否,否,SSCI;SCIE,2.2,,心理学,4 [409/657],否, PSYCHOLOGY 心理学,4 [61/92]," PSYCHOLOGY, DEVELOPMENTAL 心理学：发育",4 [72/91]," PSYCHOLOGY, EXPERIMENTAL 心理学：实验",4 [79/99],,,,,,,三级
JOURNAL OF GENERAL PSYCHOLOGY,2025,0022-1309/1940-0888,否,否,否,SSCI,1.5,,心理学,4 [410/657],否," PSYCHOLOGY, MULTIDISCIPLINARY 心理学：综合",4 [126/219],,,,,,,,,,,三级
NEUROPSYCHOLOGICAL REHABILITATION,2025,0960-2011/1464-0694,否,否,否,SCIE,1.9,,心理学,4 [411/657],否, NEUROSCIENCES 神经科学,4 [221/309], PSYCHOLOGY 心理学,4 [62/92],,,,,,,,,三级
Cogent Psychology,2025,2331-1908/2331-1908,否,否,是,ESCI,1.7,,心理学,4 [412/657],否," PSYCHOLOGY, MULTIDISCIPLINARY 心理学：综合",4 [127/219],,,,,,,,,,,三级
Comparative Cognition & Behavior Reviews,2025,1911-4745/1911-4745,否,否,是,ESCI,2.9,,心理学,4 [413/657],否, BEHAVIORAL SCIENCES 行为科学,4 [39/55],,,,,,,,,,,三级
Sexual and Relationship Therapy,2025,1468-1994/1468-1749,否,否,否,SSCI,1.4,,心理学,4 [414/657],否," PSYCHOLOGY, CLINICAL 心理学：临床",4 [116/179],,,,,,,,,,,三级
Evolutionary Psychological Science,2025,2198-9885/2198-9885,否,否,否,ESCI,1.5,,心理学,4 [415/657],否," PSYCHOLOGY, MULTIDISCIPLINARY 心理学：综合",4 [128/219],,,,,,,,,,,三级
JOURNAL OF CONSTRUCTIVIST PSYCHOLOGY,2025,1072-0537/1521-0650,否,否,否,SSCI,0.7,,心理学,4 [416/657],否," PSYCHOLOGY, CLINICAL 心理学：临床",4 [117/179],,,,,,,,,,,三级
Cognitive Behaviour Therapist,2025,1754-470X/1754-470X,否,否,否,ESCI,2.7,,心理学,4 [417/657],否," PSYCHOLOGY, CLINICAL 心理学：临床",4 [118/179],,,,,,,,,,,三级
JOURNAL OF COMPARATIVE PHYSIOLOGY A-NEUROETHOLOGY SENSORY NEURAL AND BEHAVIORAL PHYSIOLOGY,2025,0340-7594/1432-1351,否,否,否,SCIE,2.2,,心理学,4 [418/657],否, ZOOLOGY 动物学,3 [67/179], BEHAVIORAL SCIENCES 行为科学,4 [40/55], NEUROSCIENCES 神经科学,4 [225/309], PHYSIOLOGY 生理学,4 [56/84],,,,,三级
Psychoanalytic Psychotherapy,2025,0266-8734/1474-9734,否,否,否,ESCI,1.2,,心理学,4 [419/657],否," PSYCHOLOGY, PSYCHOANALYSIS 心理学：分析",4 [9/23],,,,,,,,,,,三级
JOURNAL OF THE EXPERIMENTAL ANALYSIS OF BEHAVIOR,2025,0022-5002/1938-3711,否,否,否,SSCI;SCIE,1.9,,心理学,4 [420/657],否, BEHAVIORAL SCIENCES 行为科学,4 [42/55]," PSYCHOLOGY, BIOLOGICAL 心理学：生物",4 [11/18]," PSYCHOLOGY, EXPERIMENTAL 心理学：实验",4 [80/99],,,,,,,三级
JOURNAL OF FAMILY THERAPY,2025,0163-4445/1467-6427,否,否,否,SSCI,0.9,,心理学,4 [421/657],否, FAMILY STUDIES 家庭研究,4 [38/65]," PSYCHOLOGY, CLINICAL 心理学：临床",4 [119/179],,,,,,,,,三级
APPLIED PSYCHOLOGICAL MEASUREMENT,2025,0146-6216/1552-3497,否,否,否,SSCI,1.2,,心理学,4 [422/657],否," PSYCHOLOGY, MATHEMATICAL 心理学：数学",4 [11/13]," SOCIAL SCIENCES, MATHEMATICAL METHODS 社会科学：数理方法",4 [43/67],,,,,,,,,三级
Cognitive Systems Research,2025,2214-4366/1389-0417,否,否,否,SSCI;SCIE,2.4,,心理学,4 [423/657],否," COMPUTER SCIENCE, ARTIFICIAL INTELLIGENCE 计算机：人工智能",4 [125/196], NEUROSCIENCES 神经科学,4 [226/309]," PSYCHOLOGY, EXPERIMENTAL 心理学：实验",4 [81/99],,,,,,,三级
PSYCHOLOGICAL STUDIES,2025,0033-2968/0974-9861,否,否,否,ESCI,1.1,,心理学,4 [424/657],否," PSYCHOLOGY, MULTIDISCIPLINARY 心理学：综合",4 [129/219],,,,,,,,,,,三级
PSYCHE-ZEITSCHRIFT FUR PSYCHOANALYSE UND IHRE ANWENDUNGEN,2025,0033-2623,否,否,否,SSCI,0.3,,心理学,4 [425/657],否," PSYCHOLOGY, PSYCHOANALYSIS 心理学：分析",4 [10/23],,,,,,,,,,,三级
OMEGA-JOURNAL OF DEATH AND DYING,2025,0030-2228/1541-3764,否,否,否,SSCI,1.3,,心理学,4 [426/657],否," PSYCHOLOGY, MULTIDISCIPLINARY 心理学：综合",4 [130/219]," SOCIAL SCIENCES, BIOMEDICAL 社会科学：生物医学",4 [37/46],,,,,,,,,三级
PERCEPTUAL AND MOTOR SKILLS,2025,0031-5125/1558-688X,否,否,否,SSCI,1.8,,心理学,4 [427/657],否," PSYCHOLOGY, EXPERIMENTAL 心理学：实验",4 [82/99],,,,,,,,,,,三级
PSYCHOANALYTIC INQUIRY,2025,0735-1690/1940-9133,否,否,否,SSCI,0.5,,心理学,4 [428/657],否," PSYCHOLOGY, PSYCHOANALYSIS 心理学：分析",4 [11/23],,,,,,,,,,,三级
Cognitive Processing,2025,1612-4782/1612-4790,否,否,否,SSCI,1.4,,心理学,4 [429/657],否," PSYCHOLOGY, EXPERIMENTAL 心理学：实验",4 [83/99],,,,,,,,,,,三级
JOURNAL OF CLINICAL PSYCHOLOGY IN MEDICAL SETTINGS,2025,1068-9583/1573-3572,否,否,否,SSCI,1.9,,心理学,4 [430/657],否," PSYCHOLOGY, CLINICAL 心理学：临床",4 [120/179],,,,,,,,,,,三级
Quantitative Methods for Psychology,2025,1913-4126/2292-1354,否,否,是,ESCI,1.3,,心理学,4 [431/657],否," SOCIAL SCIENCES, INTERDISCIPLINARY 社会科学：跨领域",4 [127/263],,,,,,,,,,,三级
JOURNAL OF PSYCHOPATHOLOGY AND BEHAVIORAL ASSESSMENT,2025,0882-2689/1573-3505,否,否,否,SSCI,1.7,,心理学,4 [432/657],否," PSYCHOLOGY, CLINICAL 心理学：临床",4 [121/179],,,,,,,,,,,三级
Psychotherapy and Politics International,2025,1476-9263/1556-9195,否,否,否,ESCI,0.6,,心理学,4 [433/657],否," PSYCHOLOGY, MULTIDISCIPLINARY 心理学：综合",4 [131/219],,,,,,,,,,,三级
AMERICAN IMAGO,2025,0065-860X/1085-7931,否,否,否,AHCI,0.1,,心理学,4 [434/657],否," HUMANITIES, MULTIDISCIPLINARY 人文科学",3 [126/406],,,,,,,,,,,三级
Psychoanalysis and History,2025,1460-8235/1755-201X,否,否,否,SSCI;AHCI,0.4,,心理学,4 [435/657],否, HISTORY 历史学,4 [192/523], HISTORY OF SOCIAL SCIENCES 社会科学史,4 [27/42]," PSYCHOLOGY, PSYCHOANALYSIS 心理学：分析",4 [12/23],,,,,,,三级
European Journal of Health Psychology,2025,2512-8442/2512-8450,否,否,否,SSCI,1.3,,心理学,4 [436/657],否," PSYCHOLOGY, CLINICAL 心理学：临床",4 [122/179],,,,,,,,,,,三级
JOURNAL OF LOSS & TRAUMA,2025,1532-5024/1532-5032,否,否,否,SSCI,2.1,,心理学,4 [437/657],否," PSYCHOLOGY, SOCIAL 心理学：社会",4 [61/76],,,,,,,,,,,三级
SOCIAL COGNITION,2025,0278-016X,否,否,否,SSCI,0.9,,心理学,4 [438/657],否," PSYCHOLOGY, SOCIAL 心理学：社会",4 [62/76],,,,,,,,,,,三级
MEASUREMENT AND EVALUATION IN COUNSELING AND DEVELOPMENT,2025,0748-1756/1947-6302,否,否,否,SSCI,2.2,,心理学,4 [439/657],否," PSYCHOLOGY, APPLIED 心理学：应用",4 [82/112]," PSYCHOLOGY, EDUCATIONAL 心理学：教育",4 [59/74],,,,,,,,,三级
Adaptive Human Behavior and Physiology,2025,2198-7335/2198-7335,否,否,否,ESCI,1.5,,心理学,4 [440/657],否," PSYCHOLOGY, BIOLOGICAL 心理学：生物",4 [13/18],,,,,,,,,,,三级
LEARNING AND MOTIVATION,2025,0023-9690/1095-9122,否,否,否,SSCI,1.8,,心理学,4 [441/657],否," PSYCHOLOGY, BIOLOGICAL 心理学：生物",4 [14/18]," PSYCHOLOGY, EXPERIMENTAL 心理学：实验",4 [84/99],,,,,,,,,三级
Psychoanalysis Self and Context,2025,2472-0038/2472-0046,否,否,否,ESCI,0.4,,心理学,4 [442/657],否," PSYCHOLOGY, PSYCHOANALYSIS 心理学：分析",4 [13/23],,,,,,,,,,,三级
INTERNATIONAL JOURNAL FOR THE ADVANCEMENT OF COUNSELLING,2025,0165-0653/1573-3246,否,否,否,ESCI,1.1,,心理学,4 [443/657],否," PSYCHOLOGY, APPLIED 心理学：应用",4 [83/112],,,,,,,,,,,三级
Journal of Investigative Psychology and Offender Profiling,2025,1544-4759/1544-4767,否,否,否,SSCI,1,,心理学,4 [444/657],否, CRIMINOLOGY & PENOLOGY 犯罪学与刑罚学,4 [83/111]," PSYCHOLOGY, APPLIED 心理学：应用",4 [84/112],,,,,,,,,三级
Residential Treatment for Children & Youth,2025,0886-571X/1541-0358,否,否,否,ESCI,1.2,,心理学,4 [445/657],否," PSYCHOLOGY, CLINICAL 心理学：临床",4 [124/179],,,,,,,,,,,三级
THEORY & PSYCHOLOGY,2025,0959-3543/1461-7447,否,否,否,SSCI,1.9,,心理学,4 [446/657],否," PSYCHOLOGY, MULTIDISCIPLINARY 心理学：综合",4 [134/219],,,,,,,,,,,三级
JOURNAL OF ANALYTICAL PSYCHOLOGY,2025,0021-8774/1468-5922,否,否,否,ESCI,0.3,,心理学,4 [447/657],否," PSYCHOLOGY, PSYCHOANALYSIS 心理学：分析",4 [14/23],,,,,,,,,,,三级
Neuroscience of Consciousness,2025,2057-2107/2057-2107,否,否,是,ESCI,4.3,,心理学,4 [448/657],否," PSYCHOLOGY, BIOLOGICAL 心理学：生物",4 [15/18],,,,,,,,,,,三级
PsyCh Journal,2025,2046-0252/2046-0260,否,否,否,SSCI,1.3,,心理学,4 [449/657],否," PSYCHOLOGY, MULTIDISCIPLINARY 心理学：综合",4 [135/219],,,,,,,,,,,三级
Multisensory Research,2025,2213-4794/2213-4808,否,否,否,SSCI;SCIE,1.5,,心理学,4 [450/657],否, BIOPHYSICS 生物物理,4 [51/76], PSYCHOLOGY 心理学,4 [65/92]," PSYCHOLOGY, EXPERIMENTAL 心理学：实验",4 [86/99],,,,,,,三级
Affective Science,2025,2662-2041/2662-205X,否,否,否,ESCI,2.6,,心理学,4 [451/657],否, PSYCHOLOGY 心理学,4 [66/92]," PSYCHOLOGY, EXPERIMENTAL 心理学：实验",4 [87/99],,,,,,,,,三级
ARCHIVES OF CLINICAL NEUROPSYCHOLOGY,2025,0887-6177/1873-5843,否,否,否,SSCI;SCIE,2.1,,心理学,4 [452/657],否, PSYCHOLOGY 心理学,4 [67/92]," PSYCHOLOGY, CLINICAL 心理学：临床",4 [125/179],,,,,,,,,三级
Journal of Cognitive Psychology,2025,2044-5911/2044-592X,否,否,否,SSCI,1.2,,心理学,4 [453/657],否," PSYCHOLOGY, EXPERIMENTAL 心理学：实验",4 [88/99],,,,,,,,,,,三级
Journal of Cognition and Culture,2025,1567-7095/1568-5373,否,否,否,ESCI,0.7,,心理学,4 [454/657],否," PSYCHOLOGY, MULTIDISCIPLINARY 心理学：综合",4 [137/219],,,,,,,,,,,三级
CONTEMPORARY FAMILY THERAPY,2025,0892-2764/1573-3335,否,否,否,ESCI,0.7,,心理学,4 [455/657],否," PSYCHOLOGY, CLINICAL 心理学：临床",4 [126/179],,,,,,,,,,,三级
Psychology in Russia-State of the Art,2025,2074-6857/2307-2202,否,否,是,ESCI,1.6,,心理学,4 [456/657],否," PSYCHOLOGY, MULTIDISCIPLINARY 心理学：综合",4 [138/219],,,,,,,,,,,三级
Australian Journal of Career Development,2025,1038-4162/2200-6974,否,否,否,ESCI,2,,心理学,4 [457/657],否," PSYCHOLOGY, APPLIED 心理学：应用",4 [86/112],,,,,,,,,,,三级
BEHAVIORAL INTERVENTIONS,2025,1072-0847/1099-078X,否,否,否,SSCI,1.2,,心理学,4 [458/657],否," PSYCHOLOGY, CLINICAL 心理学：临床",4 [127/179],,,,,,,,,,,三级
JOURNAL OF NEUROLINGUISTICS,2025,0911-6044/1873-8052,否,否,否,SSCI;SCIE,1.2,,心理学,4 [459/657],否, LINGUISTICS 语言学,4 [226/294], NEUROSCIENCES 神经科学,4 [245/309]," PSYCHOLOGY, EXPERIMENTAL 心理学：实验",4 [89/99],,,,,,,三级
Social Psychology,2025,1864-9335/2151-2590,否,否,否,SSCI,1.5,,心理学,4 [460/657],否," PSYCHOLOGY, SOCIAL 心理学：社会",4 [63/76],,,,,,,,,,,三级
JOURNAL OF NONVERBAL BEHAVIOR,2025,0191-5886/1573-3653,否,否,否,SSCI,1.7,,心理学,4 [461/657],否," PSYCHOLOGY, SOCIAL 心理学：社会",4 [64/76],,,,,,,,,,,三级
INTERNATIONAL JOURNAL OF GROUP PSYCHOTHERAPY,2025,0020-7284/1943-2836,否,否,否,SSCI,0.8,,心理学,4 [462/657],否," PSYCHOLOGY, CLINICAL 心理学：临床",4 [128/179],,,,,,,,,,,三级
European Journal of Psychotherapy & Counselling,2025,1364-2537/1469-5901,否,否,否,ESCI,0.6,,心理学,4 [463/657],否," PSYCHOLOGY, CLINICAL 心理学：临床",4 [129/179],,,,,,,,,,,三级
FORUM DER PSYCHOANALYSE,2025,0178-7667/1437-0751,否,否,否,SSCI,0.3,,心理学,4 [464/657],否," PSYCHOLOGY, PSYCHOANALYSIS 心理学：分析",4 [15/23],,,,,,,,,,,三级
JOURNAL OF EXPERIMENTAL PSYCHOLOGY-ANIMAL LEARNING AND COGNITION,2025,2329-8456/2329-8464,否,否,否,SSCI;SCIE,0.9,,心理学,4 [465/657],否, BEHAVIORAL SCIENCES 行为科学,4 [46/55], PSYCHOLOGY 心理学,4 [68/92]," PSYCHOLOGY, BIOLOGICAL 心理学：生物",4 [16/18]," PSYCHOLOGY, EXPERIMENTAL 心理学：实验",4 [90/99], ZOOLOGY 动物学,4 [91/179],,,三级
Journal of Psychologists and Counsellors in Schools,2025,2055-6365/2055-6373,否,否,否,SSCI,0.9,,心理学,4 [466/657],否, EDUCATION & EDUCATIONAL RESEARCH 教育学和教育研究,4 [483/754], SOCIAL WORK 社会工作,4 [62/91],,,,,,,,,三级
Journal of Behavioral and Cognitive Therapy,2025,2589-9791/2589-9791,否,否,否,ESCI,1.6,,心理学,4 [467/657],否, PSYCHIATRY 精神病学,4 [196/277]," PSYCHOLOGY, CLINICAL 心理学：临床",4 [130/179],,,,,,,,,三级
Counselling & Psychotherapy Research,2025,1473-3145/1746-1405,否,否,否,ESCI,1.3,,心理学,4 [468/657],否," PSYCHOLOGY, CLINICAL 心理学：临床",4 [131/179],,,,,,,,,,,三级
JOURNAL OF MULTICULTURAL COUNSELING AND DEVELOPMENT,2025,0883-8534/2161-1912,否,否,否,SSCI,1,,心理学,4 [469/657],否," PSYCHOLOGY, APPLIED 心理学：应用",4 [87/112],,,,,,,,,,,三级
Evolutionary Psychology,2025,1474-7049/1474-7049,否,否,是,SSCI,0.9,,心理学,4 [470/657],否," PSYCHOLOGY, EXPERIMENTAL 心理学：实验",4 [91/99],,,,,,,,,,,三级
Journal of Individual Differences,2025,1614-0001/2151-2299,否,否,否,SSCI,0.9,,心理学,4 [471/657],否," PSYCHOLOGY, SOCIAL 心理学：社会",4 [65/76],,,,,,,,,,,三级
MERRILL-PALMER QUARTERLY-JOURNAL OF DEVELOPMENTAL PSYCHOLOGY,2025,0272-930X/1535-0266,否,否,否,SSCI,0.2,,心理学,4 [472/657],否," PSYCHOLOGY, DEVELOPMENTAL 心理学：发育",4 [78/91],,,,,,,,,,,三级
Clinical Psychologist,2025,1328-4207/1742-9552,否,否,否,SSCI;SCIE,1.4,,心理学,4 [473/657],否, PSYCHOLOGY 心理学,4 [69/92]," PSYCHOLOGY, CLINICAL 心理学：临床",4 [132/179],,,,,,,,,三级
PSYCHOLOGICAL RECORD,2025,0033-2933/2163-3452,否,否,否,SSCI,0.8,,心理学,4 [474/657],否," PSYCHOLOGY, MULTIDISCIPLINARY 心理学：综合",4 [141/219],,,,,,,,,,,三级
Journal for Specialists in Group Work,2025,0193-3922/1549-6295,否,否,否,ESCI,0.7,,心理学,4 [475/657],否," PSYCHOLOGY, CLINICAL 心理学：临床",4 [133/179],,,,,,,,,,,三级
Journal of Humanistic Counseling,2025,2159-0311/2161-1939,否,否,否,ESCI,0.9,,心理学,4 [476/657],否," PSYCHOLOGY, APPLIED 心理学：应用",4 [88/112],,,,,,,,,,,三级
Social Influence,2025,1553-4510/1553-4529,否,否,是,SSCI,0.6,,心理学,4 [477/657],否," PSYCHOLOGY, SOCIAL 心理学：社会",4 [66/76],,,,,,,,,,,三级
Papeles del Psicologo,2025,0214-7823/1886-1415,否,否,是,ESCI,1.1,,心理学,4 [478/657],否," PSYCHOLOGY, MULTIDISCIPLINARY 心理学：综合",4 [142/219],,,,,,,,,,,三级
Psicoterapia e Scienze Umane,2025,0394-2864/1972-5043,否,否,否,ESCI,0.2,,心理学,4 [479/657],否," PSYCHOLOGY, CLINICAL 心理学：临床",4 [134/179],,,,,,,,,,,三级
Psychological Perspectives-A Quarterly Journal of Jungian Thought,2025,0033-2925/1556-3030,否,否,否,ESCI,0.1,,心理学,4 [480/657],否," PSYCHOLOGY, PSYCHOANALYSIS 心理学：分析",4 [16/23],,,,,,,,,,,三级
INTERNATIONAL JOURNAL OF MENTAL HEALTH,2025,0020-7411/1557-9328,否,否,否,ESCI,1.7,,心理学,4 [481/657],否," PSYCHOLOGY, CLINICAL 心理学：临床",4 [136/179],,,,,,,,,,,三级
JOURNAL OF COMPARATIVE PSYCHOLOGY,2025,0735-7036/1939-2087,否,否,否,SSCI;SCIE,0.9,,心理学,4 [482/657],否, BEHAVIORAL SCIENCES 行为科学,4 [47/55], PSYCHOLOGY 心理学,4 [70/92]," PSYCHOLOGY, MULTIDISCIPLINARY 心理学：综合",4 [143/219], ZOOLOGY 动物学,4 [97/179],,,,,三级
Journal of Applied School Psychology,2025,1537-7903/1537-7911,否,否,否,ESCI,1.5,,心理学,4 [483/657],否," PSYCHOLOGY, EDUCATIONAL 心理学：教育",4 [62/74],,,,,,,,,,,三级
JOURNAL OF HUMANISTIC PSYCHOLOGY,2025,0022-1678/1552-650X,否,否,否,SSCI,1.1,,心理学,4 [484/657],否," PSYCHOLOGY, MULTIDISCIPLINARY 心理学：综合",4 [144/219],,,,,,,,,,,三级
CANADIAN JOURNAL OF BEHAVIOURAL SCIENCE-REVUE CANADIENNE DES SCIENCES DU COMPORTEMENT,2025,0008-400X/1879-2669,否,否,否,SSCI,1.6,,心理学,4 [485/657],否," PSYCHOLOGY, MULTIDISCIPLINARY 心理学：综合",4 [145/219],,,,,,,,,,,三级
SA Journal of Industrial Psychology,2025,0258-5200/2071-0763,否,否,是,ESCI,1.3,,心理学,4 [486/657],否," PSYCHOLOGY, APPLIED 心理学：应用",4 [89/112],,,,,,,,,,,三级
JOURNAL OF MOTOR BEHAVIOR,2025,0022-2895/1940-1027,否,否,否,SSCI;SCIE,1.2,,心理学,4 [487/657],否, NEUROSCIENCES 神经科学,4 [253/309], PSYCHOLOGY 心理学,4 [72/92]," PSYCHOLOGY, EXPERIMENTAL 心理学：实验",4 [92/99], SPORT SCIENCES 运动科学,4 [88/126],,,,,三级
MILITARY PSYCHOLOGY,2025,0899-5605/1532-7876,否,否,否,SSCI,1.3,,心理学,4 [488/657],否," PSYCHOLOGY, MULTIDISCIPLINARY 心理学：综合",4 [146/219],,,,,,,,,,,三级
Early Child Development and Care,2025,0300-4430/1476-8275,否,否,否,SSCI,0.8,,心理学,4 [489/657],否, EDUCATION & EDUCATIONAL RESEARCH 教育学和教育研究,4 [510/754]," PSYCHOLOGY, DEVELOPMENTAL 心理学：发育",4 [80/91],,,,,,,,,三级
WOMEN & THERAPY,2025,0270-3149/1541-0315,否,否,否,SSCI,1.4,,心理学,4 [490/657],否," PSYCHOLOGY, MULTIDISCIPLINARY 心理学：综合",4 [148/219], WOMENS STUDIES 女性研究,4 [50/66],,,,,,,,,三级
ZEITSCHRIFT FUR PADAGOGISCHE PSYCHOLOGIE,2025,1010-0652/1664-2910,否,否,否,SSCI,1.2,,心理学,4 [491/657],否," PSYCHOLOGY, EDUCATIONAL 心理学：教育",4 [63/74],,,,,,,,,,,三级
AMERICAN JOURNAL OF CLINICAL HYPNOSIS,2025,0002-9157/2160-0562,否,否,否,SSCI,1.2,,心理学,4 [492/657],否," PSYCHOLOGY, CLINICAL 心理学：临床",4 [137/179],,,,,,,,,,,三级
HISPANIC JOURNAL OF BEHAVIORAL SCIENCES,2025,0739-9863/1552-6364,否,否,否,SSCI,0.4,,心理学,4 [493/657],否," PSYCHOLOGY, MULTIDISCIPLINARY 心理学：综合",4 [149/219],,,,,,,,,,,三级
Journal of Forensic Psychology Research and Practice,2025,2473-2850/2473-2842,否,否,否,SSCI,1.1,,心理学,4 [494/657],否, CRIMINOLOGY & PENOLOGY 犯罪学与刑罚学,4 [90/111]," PSYCHOLOGY, MULTIDISCIPLINARY 心理学：综合",4 [150/219],,,,,,,,,三级
International Journal of Evidence Based Coaching & Mentoring,2025,1741-8305/1741-8305,否,否,是,ESCI,0.9,,心理学,4 [495/657],否," PSYCHOLOGY, APPLIED 心理学：应用",4 [90/112],,,,,,,,,,,三级
SOUTH AFRICAN JOURNAL OF PSYCHOLOGY,2025,0081-2463/2078-208X,否,否,否,SSCI,1.5,,心理学,4 [496/657],否," PSYCHOLOGY, MULTIDISCIPLINARY 心理学：综合",4 [151/219],,,,,,,,,,,三级
Kulturno-Istoricheskaya Psikhologiya-Cultural-Historical Psychology,2025,1816-5435/2224-8935,否,否,是,ESCI,0.7,,心理学,4 [497/657],否," PSYCHOLOGY, MULTIDISCIPLINARY 心理学：综合",4 [152/219],,,,,,,,,,,三级
Analysis of Verbal Behavior,2025,0889-9401/2196-8926,否,否,否,ESCI,0.8,,心理学,4 [498/657],否," PSYCHOLOGY, MULTIDISCIPLINARY 心理学：综合",4 [153/219],,,,,,,,,,,三级
JOURNAL OF ADDICTIONS & OFFENDER COUNSELING,2025,1055-3835/2161-1874,否,否,否,ESCI,1,,心理学,4 [499/657],否," PSYCHOLOGY, APPLIED 心理学：应用",4 [91/112],,,,,,,,,,,三级
EUROPEAN REVIEW OF APPLIED PSYCHOLOGY-REVUE EUROPEENNE DE PSYCHOLOGIE APPLIQUEE,2025,1162-9088/1162-9088,否,否,否,SSCI,1.4,,心理学,4 [500/657],否," PSYCHOLOGY, APPLIED 心理学：应用",4 [92/112],,,,,,,,,,,三级
JOURNAL OF CHILD PSYCHOTHERAPY,2025,0075-417X/1469-9370,否,否,否,ESCI,0.8,,心理学,4 [501/657],否," PSYCHOLOGY, CLINICAL 心理学：临床",4 [138/179],,,,,,,,,,,三级
EXPERIMENTAL PSYCHOLOGY,2025,1618-3169/2190-5142,否,否,否,SSCI,1.3,,心理学,4 [502/657],否," PSYCHOLOGY, EXPERIMENTAL 心理学：实验",4 [93/99],,,,,,,,,,,三级
International Journal of Psychological Research,2025,2011-7922/2011-2084,否,否,是,SSCI,0.8,,心理学,4 [503/657],否," PSYCHOLOGY, MULTIDISCIPLINARY 心理学：综合",4 [155/219],,,,,,,,,,,三级
TPM-Testing Psychometrics Methodology in Applied Psychology,2025,1972-6325,否,否,否,ESCI,0.9,,心理学,4 [504/657],否," PSYCHOLOGY, APPLIED 心理学：应用",4 [93/112],,,,,,,,,,,三级
International Journal of Social Psychology,2025,0213-4748/1579-3680,否,否,否,SSCI,1.2,,心理学,4 [505/657],否," PSYCHOLOGY, SOCIAL 心理学：社会",4 [68/76],,,,,,,,,,,三级
Coaching-An International Journal of Theory Research and Practice,2025,1752-1882/1752-1890,否,否,否,ESCI,2,,心理学,4 [506/657],否," PSYCHOLOGY, APPLIED 心理学：应用",4 [94/112],,,,,,,,,,,三级
Revista De Historia De La Psicologia,2025,0211-0040/2445-0928,否,否,否,ESCI,0.3,,心理学,4 [507/657],否," PSYCHOLOGY, MULTIDISCIPLINARY 心理学：综合",4 [156/219],,,,,,,,,,,三级
Journal of Motor Learning and Development,2025,2325-3193/2325-3215,否,否,否,ESCI,1.4,,心理学,4 [508/657],否," PSYCHOLOGY, DEVELOPMENTAL 心理学：发育",4 [81/91]," PSYCHOLOGY, EXPERIMENTAL 心理学：实验",4 [94/99], SPORT SCIENCES 运动科学,4 [95/126],,,,,,,三级
Advances in Cognitive Psychology,2025,1895-1171/1895-1171,否,否,是,SSCI,0.9,,心理学,4 [509/657],否," PSYCHOLOGY, EXPERIMENTAL 心理学：实验",4 [95/99],,,,,,,,,,,三级
STUDIA PSYCHOLOGICA,2025,0039-3320/2585-8815,否,否,是,SSCI,0.6,,心理学,4 [510/657],否," PSYCHOLOGY, MULTIDISCIPLINARY 心理学：综合",4 [157/219],,,,,,,,,,,三级
Clinical Case Studies,2025,1534-6501/1552-3802,否,否,否,SSCI,0.8,,心理学,4 [511/657],否, PSYCHIATRY 精神病学,4 [212/277]," PSYCHOLOGY, CLINICAL 心理学：临床",4 [141/179],,,,,,,,,三级
JOURNAL OF SOCIAL AND CLINICAL PSYCHOLOGY,2025,0736-7236,否,否,否,SSCI,0.9,,心理学,4 [512/657],否," PSYCHOLOGY, CLINICAL 心理学：临床",4 [143/179]," PSYCHOLOGY, SOCIAL 心理学：社会",4 [69/76],,,,,,,,,三级
CHEMICAL SENSES,2025,0379-864X/1464-3553,否,否,否,SCIE,1.9,,心理学,4 [513/657],否, BEHAVIORAL SCIENCES 行为科学,4 [51/55], FOOD SCIENCE & TECHNOLOGY 食品科技,4 [113/173], NEUROSCIENCES 神经科学,4 [263/309], PHYSIOLOGY 生理学,4 [74/84],,,,,三级
International Journal of Applied Psychoanalytic Studies,2025,1742-3341/1556-9187,否,否,否,ESCI,0.4,,心理学,4 [514/657],否," PSYCHOLOGY, PSYCHOANALYSIS 心理学：分析",4 [18/23],,,,,,,,,,,三级
Timing & Time Perception,2025,2213-445X/2213-4468,否,否,否,ESCI,1,,心理学,4 [515/657],否, NEUROSCIENCES 神经科学,4 [265/309]," PSYCHOLOGY, EXPERIMENTAL 心理学：实验",4 [96/99],,,,,,,,,三级
Journal of Couple & Relationship Therapy-Innovations in Clinical and Educational Interventions,2025,1533-2691/1533-2683,否,否,否,ESCI,0.8,,心理学,4 [516/657],否," PSYCHOLOGY, CLINICAL 心理学：临床",4 [144/179],,,,,,,,,,,三级
REVISTA LATINOAMERICANA DE PSICOLOGIA,2025,0120-0534/0120-0534,否,否,否,SSCI,0.8,,心理学,4 [517/657],否," PSYCHOLOGY, MULTIDISCIPLINARY 心理学：综合",4 [158/219],,,,,,,,,,,三级
Applied Neuropsychology-Adult,2025,2327-9095/2327-9109,否,否,否,SCIE,1.5,,心理学,4 [518/657],否, CLINICAL NEUROLOGY 临床神经病学,4 [222/278], PSYCHOLOGY 心理学,4 [75/92],,,,,,,,,三级
Studies in Psychology,2025,0210-9395/1579-3699,否,否,否,SSCI,1,,心理学,4 [519/657],否," PSYCHOLOGY, MULTIDISCIPLINARY 心理学：综合",4 [159/219],,,,,,,,,,,三级
Australian and New Zealand Journal of Family Therapy,2025,0814-723X/1467-8438,否,否,否,SSCI,0.6,,心理学,4 [520/657],否, FAMILY STUDIES 家庭研究,4 [53/65],,,,,,,,,,,三级
Psychology of Leaders and Leadership,2025,2769-6863/2769-6898,否,否,否,ESCI,1.3,,心理学,4 [521/657],否," PSYCHOLOGY, APPLIED 心理学：应用",4 [95/112],,,,,,,,,,,三级
Body Movement and Dance in Psychotherapy,2025,1743-2979/1743-2987,否,否,否,ESCI,0.5,,心理学,4 [522/657],否," PSYCHOLOGY, CLINICAL 心理学：临床",4 [146/179],,,,,,,,,,,三级
Counseling and Values,2025,0160-7960/2161-007X,否,否,否,ESCI,0.5,,心理学,4 [523/657],否," PSYCHOLOGY, APPLIED 心理学：应用",4 [96/112],,,,,,,,,,,三级
Psicologia Sociale,2025,1827-2517/2612-2006,否,否,否,ESCI,0.8,,心理学,4 [524/657],否," PSYCHOLOGY, SOCIAL 心理学：社会",4 [70/76],,,,,,,,,,,三级
Person-Centered and Experiential Psychotherapies,2025,1477-9757/1752-9182,否,否,否,ESCI,0.8,,心理学,4 [525/657],否," PSYCHOLOGY, CLINICAL 心理学：临床",4 [147/179],,,,,,,,,,,三级
Psikhologicheskaya Nauka i Obrazovanie-Psychological Science and Education,2025,1814-2052/2311-7273,否,否,是,ESCI,0.7,,心理学,4 [526/657],否, EDUCATION & EDUCATIONAL RESEARCH 教育学和教育研究,4 [559/754]," PSYCHOLOGY, MULTIDISCIPLINARY 心理学：综合",4 [161/219],,,,,,,,,三级
Psychodynamic Practice,2025,1475-3634/1475-3626,否,否,否,ESCI,0.4,,心理学,4 [527/657],否," PSYCHOLOGY, CLINICAL 心理学：临床",4 [148/179]," PSYCHOLOGY, PSYCHOANALYSIS 心理学：分析",4 [19/23],,,,,,,,,三级
BRITISH JOURNAL OF GUIDANCE & COUNSELLING,2025,0306-9885/1469-3534,否,否,否,SSCI,1.1,,心理学,4 [528/657],否," PSYCHOLOGY, APPLIED 心理学：应用",4 [97/112],,,,,,,,,,,三级
LATERALITY,2025,1357-650X/1464-0678,否,否,否,SSCI,1.5,,心理学,4 [529/657],否," PSYCHOLOGY, EXPERIMENTAL 心理学：实验",4 [97/99]," PSYCHOLOGY, MULTIDISCIPLINARY 心理学：综合",4 [162/219],,,,,,,,,三级
Current Issues in Personality Psychology,2025,2353-4192/2353-561X,否,否,是,ESCI,1.1,,心理学,4 [530/657],否," PSYCHOLOGY, SOCIAL 心理学：社会",4 [71/76],,,,,,,,,,,三级
AMERICAN JOURNAL OF PSYCHOLOGY,2025,0002-9556/1939-8298,否,否,否,SSCI,0.6,,心理学,4 [531/657],否," PSYCHOLOGY, MULTIDISCIPLINARY 心理学：综合",4 [163/219],,,,,,,,,,,三级
Journal of LGBTQ Issues in Counseling,2025,2692-4951/2692-496X,否,否,否,ESCI,0.8,,心理学,4 [532/657],否," PSYCHOLOGY, APPLIED 心理学：应用",4 [98/112],,,,,,,,,,,三级
BEHAVIOURAL PHARMACOLOGY,2025,0955-8810/1473-5849,否,否,否,SCIE,1.6,,心理学,4 [533/657],否, BEHAVIORAL SCIENCES 行为科学,4 [54/55], NEUROSCIENCES 神经科学,4 [273/309], PHARMACOLOGY & PHARMACY 药学,4 [266/350],,,,,,,三级
Journal of Psychosocial Studies,2025,1478-6737/1478-6737,否,否,否,ESCI,0.4,,心理学,4 [534/657],否," PSYCHOLOGY, MULTIDISCIPLINARY 心理学：综合",4 [164/219]," SOCIAL SCIENCES, INTERDISCIPLINARY 社会科学：跨领域",4 [166/263],,,,,,,,,三级
TEACHING OF PSYCHOLOGY,2025,0098-6283/1532-8023,否,否,否,SSCI,0.7,,心理学,4 [535/657],否, EDUCATION & EDUCATIONAL RESEARCH 教育学和教育研究,4 [568/754]," PSYCHOLOGY, MULTIDISCIPLINARY 心理学：综合",4 [165/219],,,,,,,,,三级
KINDHEIT UND ENTWICKLUNG,2025,0942-5403/2190-6246,否,否,否,SSCI,0.4,,心理学,4 [536/657],否," PSYCHOLOGY, DEVELOPMENTAL 心理学：发育",4 [83/91],,,,,,,,,,,三级
Psihologija,2025,0048-5705,否,否,是,SSCI,0.9,,心理学,4 [537/657],否," PSYCHOLOGY, MULTIDISCIPLINARY 心理学：综合",4 [166/219],,,,,,,,,,,三级
AMERICAN JOURNAL OF FAMILY THERAPY,2025,0192-6187/1521-0383,否,否,否,SSCI,0.9,,心理学,4 [538/657],否, FAMILY STUDIES 家庭研究,4 [55/65]," PSYCHOLOGY, CLINICAL 心理学：临床",4 [150/179],,,,,,,,,三级
Journal of Youth Development,2025,2325-4017/2325-4017,否,否,是,ESCI,0.7,,心理学,4 [539/657],否," PSYCHOLOGY, DEVELOPMENTAL 心理学：发育",4 [85/91],,,,,,,,,,,三级
Consulting Psychology Journal-Practice and Research,2025,1065-9293/1939-0149,否,否,否,ESCI,1.4,,心理学,4 [540/657],否," PSYCHOLOGY, APPLIED 心理学：应用",4 [99/112],,,,,,,,,,,三级
Sexual Health & Compulsivity,2025,2692-9953/2692-9996,否,否,否,ESCI,1.2,,心理学,4 [541/657],否," PSYCHOLOGY, CLINICAL 心理学：临床",4 [151/179],,,,,,,,,,,三级
Organisational and Social Dynamics,2025,1474-2780/2044-3765,否,否,否,ESCI,0.2,,心理学,4 [542/657],否," PSYCHOLOGY, APPLIED 心理学：应用",4 [101/112],,,,,,,,,,,三级
Social Psychology and Society,2025,2221-1527/2311-7052,否,否,是,ESCI,0.5,,心理学,4 [543/657],否," PSYCHOLOGY, APPLIED 心理学：应用",4 [102/112],,,,,,,,,,,三级
Psicologica,2025,0211-2159/1576-8597,否,否,是,SSCI,1.2,,心理学,4 [544/657],否," PSYCHOLOGY, EXPERIMENTAL 心理学：实验",4 [98/99],,,,,,,,,,,三级
Advances in Autism,2025,2056-3868/2056-3868,否,否,否,ESCI,1,,心理学,4 [545/657],否," PSYCHOLOGY, DEVELOPMENTAL 心理学：发育",4 [86/91],,,,,,,,,,,三级
PsyArt Journal-Online Journal for the Psychological Study of the Arts,2025,1088-5870/1088-5870,否,否,否,ESCI,<0.1,,心理学,4 [546/657],否," PSYCHOLOGY, MULTIDISCIPLINARY 心理学：综合",4 [167/219],,,,,,,,,,,三级
Psychotherapie,2025,2731-7161/2731-717X,否,否,否,SSCI,0.6,,心理学,4 [547/657],否," PSYCHOLOGY, CLINICAL 心理学：临床",4 [152/179],,,,,,,,,,,三级
SOCIAL BEHAVIOR AND PERSONALITY,2025,0301-2212/1179-6391,否,否,否,SSCI,0.8,,心理学,4 [548/657],否," PSYCHOLOGY, SOCIAL 心理学：社会",4 [72/76],,,,,,,,,,,三级
Jung Journal-Culture & Psyche,2025,1934-2039/1934-2047,否,否,否,AHCI,0.2,,心理学,4 [549/657],否," HUMANITIES, MULTIDISCIPLINARY 人文科学",4 [360/406],,,,,,,,,,,三级
Journal of Psychology in Africa,2025,1433-0237/1815-5626,否,否,否,SSCI,0.8,,心理学,4 [550/657],否," PSYCHOLOGY, MULTIDISCIPLINARY 心理学：综合",4 [169/219],,,,,,,,,,,三级
Revista Espanola de Orientacion y Psicopedagogia,2025,1989-7448/1989-7448,否,否,否,ESCI,0.8,,心理学,4 [551/657],否," PSYCHOLOGY, APPLIED 心理学：应用",4 [103/112],,,,,,,,,,,三级
PSIKHOLOGICHESKII ZHURNAL,2025,0205-9592,否,否,否,SSCI,0.5,,心理学,4 [552/657],否," PSYCHOLOGY, MULTIDISCIPLINARY 心理学：综合",4 [170/219],,,,,,,,,,,三级
Journal of Prevention & Intervention in the Community,2025,1085-2352/1540-7330,否,否,否,ESCI,1.5,,心理学,4 [553/657],否," PSYCHOLOGY, MULTIDISCIPLINARY 心理学：综合",4 [171/219],,,,,,,,,,,三级
Journal of Creativity in Mental Health,2025,1540-1383/1540-1391,否,否,否,ESCI,0.8,,心理学,4 [554/657],否," PSYCHOLOGY, CLINICAL 心理学：临床",4 [153/179],,,,,,,,,,,三级
GRUPPENPSYCHOTHERAPIE UND GRUPPENDYNAMIK,2025,0017-4947/2196-7989,否,否,否,SSCI,0.2,,心理学,4 [555/657],否," PSYCHOLOGY, CLINICAL 心理学：临床",4 [154/179],,,,,,,,,,,三级
JAPANESE PSYCHOLOGICAL RESEARCH,2025,0021-5368/1468-5884,否,否,否,SSCI,0.8,,心理学,4 [556/657],否," PSYCHOLOGY, MULTIDISCIPLINARY 心理学：综合",4 [173/219],,,,,,,,,,,三级
Psychology and Law,2025,2222-5196/2222-5196,否,否,是,ESCI,0.4,,心理学,4 [557/657],否," PSYCHOLOGY, MULTIDISCIPLINARY 心理学：综合",4 [174/219],,,,,,,,,,,三级
Journal of Occupational Therapy Schools and Early Intervention,2025,1941-1243/1941-1251,否,否,否,ESCI,1.1,,心理学,4 [558/657],否," PSYCHOLOGY, EDUCATIONAL 心理学：教育",4 [68/74],,,,,,,,,,,三级
Journal of Muslim Mental Health,2025,1556-4908/1556-5009,否,否,是,ESCI,0.7,,心理学,4 [559/657],否," PSYCHOLOGY, MULTIDISCIPLINARY 心理学：综合",4 [175/219],,,,,,,,,,,三级
Nordic Psychology,2025,1901-2276/1904-0016,否,否,否,SSCI,1.1,,心理学,4 [560/657],否," PSYCHOLOGY, MULTIDISCIPLINARY 心理学：综合",4 [176/219],,,,,,,,,,,三级
Acta Colombiana de Psicologia,2025,0123-9155/1909-9711,否,否,是,ESCI,0.7,,心理学,4 [561/657],否," PSYCHOLOGY, CLINICAL 心理学：临床",4 [155/179],,,,,,,,,,,三级
Nonlinear Dynamics Psychology and Life Sciences,2025,1090-0578/1573-6652,否,否,否,SSCI,0.7,,心理学,4 [562/657],否," PSYCHOLOGY, MATHEMATICAL 心理学：数学",4 [13/13]," SOCIAL SCIENCES, MATHEMATICAL METHODS 社会科学：数理方法",4 [64/67],,,,,,,,,三级
Papers on Social Representations,2025,1021-5573/1819-3978,否,否,否,ESCI,0.5,,心理学,4 [563/657],否," PSYCHOLOGY, SOCIAL 心理学：社会",4 [73/76],,,,,,,,,,,三级
Interaction Studies,2025,1572-0373/1572-0381,否,否,否,SSCI,1.2,,心理学,4 [564/657],否, COMMUNICATION 传播学,4 [192/223], LINGUISTICS 语言学,4 [283/294],,,,,,,,,三级
Terapia Psicologica,2025,0718-4808/0718-4808,否,否,否,SSCI,0.8,,心理学,4 [565/657],否," PSYCHOLOGY, CLINICAL 心理学：临床",4 [156/179],,,,,,,,,,,三级
International Journal of AEROSPACE Psychology,2025,2472-1832/2472-1840,否,否,否,SSCI,1.4,,心理学,4 [566/657],否," PSYCHOLOGY, APPLIED 心理学：应用",4 [104/112],,,,,,,,,,,三级
DIAGNOSTICA,2025,0012-1924/2190-622X,否,否,否,SSCI,0.8,,心理学,4 [567/657],否," PSYCHOLOGY, CLINICAL 心理学：临床",4 [157/179],,,,,,,,,,,三级
INTERNATIONAL JOURNAL OF SPORT PSYCHOLOGY,2025,0047-0767,否,否,否,SSCI;SCIE,0.6,,心理学,4 [568/657],否," HOSPITALITY, LEISURE, SPORT & TOURISM 酒店、休闲、体育与旅游",4 [116/139], PSYCHOLOGY 心理学,4 [78/92]," PSYCHOLOGY, MULTIDISCIPLINARY 心理学：综合",4 [177/219], SPORT SCIENCES 运动科学,4 [106/126],,,,,三级
ZEITSCHRIFT FUR KLINISCHE PSYCHOLOGIE UND PSYCHOTHERAPIE,2025,1616-3443/2190-6297,否,否,否,SSCI,0.8,,心理学,4 [569/657],否," PSYCHOLOGY, CLINICAL 心理学：临床",4 [159/179],,,,,,,,,,,三级
Zeitschrift fur Sexualforschung,2025,0932-8114/1438-9460,否,否,否,SSCI,0.9,,心理学,4 [570/657],否," PSYCHOLOGY, CLINICAL 心理学：临床",4 [160/179]," SOCIAL SCIENCES, INTERDISCIPLINARY 社会科学：跨领域",4 [195/263],,,,,,,,,三级
GIO-Gruppe-Interaktion-Organisation-Zeitschrift fuer Angewandte Organisationspsychologie,2025,2366-6145/2366-6218,否,否,否,ESCI,0.6,,心理学,4 [571/657],否," PSYCHOLOGY, SOCIAL 心理学：社会",4 [74/76],,,,,,,,,,,三级
Aloma-Revista de Psicologia Ciencies de l Educacio i de l Esport,2025,1138-3194/2339-9694,否,否,否,ESCI,1.1,,心理学,4 [572/657],否," PSYCHOLOGY, MULTIDISCIPLINARY 心理学：综合",4 [179/219],,,,,,,,,,,三级
Journal of Evidence-Based Psychotherapies,2025,2360-0853,否,否,否,SSCI,0.5,,心理学,4 [573/657],否," PSYCHOLOGY, CLINICAL 心理学：临床",4 [161/179],,,,,,,,,,,三级
Revista Iberoamericana de Diagnostico y Evaluacion-e Avaliacao Psicologica,2025,2183-6051/2183-6051,否,否,否,SSCI,0.7,,心理学,4 [574/657],否," PSYCHOLOGY, CLINICAL 心理学：临床",4 [162/179],,,,,,,,,,,三级
Behavioral Psychology-Psicologia Conductual,2025,1132-9483/1132-9483,否,否,否,SSCI,0.9,,心理学,4 [575/657],否," PSYCHOLOGY, CLINICAL 心理学：临床",4 [163/179],,,,,,,,,,,三级
Desde el Jardin de Freud-Revista de Psicoanalisis,2025,1657-3986/2256-5477,否,否,是,ESCI,,,心理学,4 [576/657],否," PSYCHOLOGY, PSYCHOANALYSIS 心理学：分析",4 [21/23],,,,,,,,,,,三级
Konsultativnaya Psikhologiya i Psikhoterapiya-Counseling Psychology and Psychotherapy,2025,2075-3470/2311-9446,否,否,是,ESCI,0.6,,心理学,4 [577/657],否," PSYCHOLOGY, CLINICAL 心理学：临床",4 [164/179],,,,,,,,,,,三级
Zeitschrift fuer Individualpsychologie,2025,0342-393X/2196-8330,否,否,否,ESCI,0.1,,心理学,4 [578/657],否," PSYCHOLOGY, PSYCHOANALYSIS 心理学：分析",4 [22/23],,,,,,,,,,,三级
Filigrane-Revue de Psychanalyse,2025,1192-1412/1911-4656,否,否,否,ESCI,<0.1,,心理学,4 [579/657],否," PSYCHOLOGY, PSYCHOANALYSIS 心理学：分析",4 [23/23],,,,,,,,,,,三级
Psychologica,2025,0871-4657/1647-8606,否,否,是,ESCI,<0.1,,心理学,4 [580/657],否," PSYCHOLOGY, MULTIDISCIPLINARY 心理学：综合",4 [180/219],,,,,,,,,,,三级
GeroPsych-The Journal of Gerontopsychology and Geriatric Psychiatry,2025,1662-9647/1662-971X,否,否,否,ESCI,1,,心理学,4 [581/657],否," PSYCHOLOGY, DEVELOPMENTAL 心理学：发育",4 [87/91],,,,,,,,,,,三级
European Journal of Mental Health,2025,1788-4934/1788-7119,否,否,是,ESCI,0.6,,心理学,4 [582/657],否," PSYCHOLOGY, CLINICAL 心理学：临床",4 [165/179],,,,,,,,,,,三级
Psychology-Journal of the Higher School of Economics,2025,1813-8918/1813-8918,否,否,否,ESCI,0.3,,心理学,4 [583/657],否," PSYCHOLOGY, MULTIDISCIPLINARY 心理学：综合",4 [181/219],,,,,,,,,,,三级
Anuario de Psicologia,2025,0066-5126/1988-5253,否,否,否,ESCI,0.4,,心理学,4 [584/657],否, PSYCHOLOGY 心理学,4 [80/92]," PSYCHOLOGY, MULTIDISCIPLINARY 心理学：综合",4 [182/219],,,,,,,,,三级
Quaderns de Psicologia,2025,0211-3481/2014-4520,否,否,是,ESCI,0.3,,心理学,4 [585/657],否," PSYCHOLOGY, MULTIDISCIPLINARY 心理学：综合",4 [183/219],,,,,,,,,,,三级
PSYCHOTHERAPIE PSYCHOSOMATIK MEDIZINISCHE PSYCHOLOGIE,2025,0937-2032/1439-1058,否,否,否,SSCI,0.8,,心理学,4 [586/657],否," PSYCHOLOGY, CLINICAL 心理学：临床",4 [166/179],,,,,,,,,,,三级
Canadian Journal of Career Development,2025,1499-1845/1499-1853,否,否,否,ESCI,0.3,,心理学,4 [587/657],否," PSYCHOLOGY, APPLIED 心理学：应用",4 [105/112],,,,,,,,,,,三级
CHILD & FAMILY BEHAVIOR THERAPY,2025,0731-7107/1545-228X,否,否,否,SSCI,1.1,,心理学,4 [588/657],否, FAMILY STUDIES 家庭研究,4 [61/65]," PSYCHOLOGY, CLINICAL 心理学：临床",4 [167/179],,,,,,,,,三级
Interdisciplinaria,2025,1668-7027/1668-7027,否,否,是,ESCI,0.4,,心理学,4 [589/657],否," PSYCHOLOGY, MULTIDISCIPLINARY 心理学：综合",4 [184/219],,,,,,,,,,,三级
International Journal of Systemic Therapy,2025,2692-398X/2692-3998,否,否,否,ESCI,0.4,,心理学,4 [590/657],否," PSYCHOLOGY, CLINICAL 心理学：临床",4 [168/179],,,,,,,,,,,三级
Psychology Society & Education,2025,2171-2085/1989-709X,否,否,是,ESCI,0.9,,心理学,4 [591/657],否," PSYCHOLOGY, MULTIDISCIPLINARY 心理学：综合",4 [185/219],,,,,,,,,,,三级
International Journal of Psychology and Psychological Therapy,2025,1577-7057/1989-2780,否,否,否,ESCI,0.4,,心理学,4 [592/657],否," PSYCHOLOGY, MULTIDISCIPLINARY 心理学：综合",4 [186/219],,,,,,,,,,,三级
PSYCHOLOGIA,2025,0033-2852/1347-5916,否,否,否,SSCI,0.5,,心理学,4 [593/657],否," PSYCHOLOGY, MULTIDISCIPLINARY 心理学：综合",4 [187/219],,,,,,,,,,,三级
ZEITSCHRIFT FUR ARBEITS-UND ORGANISATIONSPSYCHOLOGIE,2025,0932-4089/2190-6270,否,否,否,SSCI,1.3,,心理学,4 [594/657],否," PSYCHOLOGY, APPLIED 心理学：应用",4 [106/112],,,,,,,,,,,三级
Advances in Dual Diagnosis,2025,1757-0972/2042-8324,否,否,否,ESCI,0.8,,心理学,4 [595/657],否," PSYCHOLOGY, CLINICAL 心理学：临床",4 [170/179],,,,,,,,,,,三级
Acta Neuropsychologica,2025,1730-7503/2084-4298,否,否,否,ESCI,1.1,,心理学,4 [596/657],否, PSYCHOLOGY 心理学,4 [81/92],,,,,,,,,,,三级
Sibirskiy Psikhologicheskiy Zhurnal-Siberian Journal of Psychology,2025,1726-7080/2411-0809,否,否,否,ESCI,0.3,,心理学,4 [597/657],否," PSYCHOLOGY, MULTIDISCIPLINARY 心理学：综合",4 [188/219],,,,,,,,,,,三级
Liberabit-Revista de Psicologia,2025,1729-4827/2223-7666,否,否,是,ESCI,0.6,,心理学,4 [598/657],否," PSYCHOLOGY, MULTIDISCIPLINARY 心理学：综合",4 [189/219],,,,,,,,,,,三级
Primenjena Psihologija,2025,1821-0147/2334-7287,否,否,是,ESCI,0.5,,心理学,4 [599/657],否," PSYCHOLOGY, MULTIDISCIPLINARY 心理学：综合",4 [190/219],,,,,,,,,,,三级
JOURNAL OF PSYCHOPHYSIOLOGY,2025,0269-8803/2151-2124,否,否,否,SSCI;SCIE,0.9,,心理学,4 [600/657],否, NEUROSCIENCES 神经科学,4 [295/309]," PSYCHOLOGY, BIOLOGICAL 心理学：生物",4 [17/18],,,,,,,,,三级
ECOS-Estudos Contemporaneos da Subjetividade,2025,2237-941X/2237-941X,否,否,否,ESCI,<0.1,,心理学,4 [601/657],否," PSYCHOLOGY, MULTIDISCIPLINARY 心理学：综合",4 [191/219],,,,,,,,,,,三级
CESKOSLOVENSKA PSYCHOLOGIE,2025,0009-062X/1804-6436,否,否,否,SSCI,0.4,,心理学,4 [602/657],否," PSYCHOLOGY, MULTIDISCIPLINARY 心理学：综合",4 [192/219],,,,,,,,,,,三级
Pratiques Psychologiques,2025,1269-1763,否,否,否,SSCI;SCIE,0.3,,心理学,4 [603/657],否, PSYCHOLOGY 心理学,4 [84/92]," PSYCHOLOGY, MULTIDISCIPLINARY 心理学：综合",4 [193/219],,,,,,,,,三级
Revista de Psicoterapia,2025,1130-5142/2339-7950,否,否,否,ESCI,0.3,,心理学,4 [604/657],否," PSYCHOLOGY, CLINICAL 心理学：临床",4 [171/179],,,,,,,,,,,三级
Neuropsychological Trends,2025,1970-321X/1970-3201,否,否,是,ESCI,1.1,,心理学,4 [605/657],否, PSYCHOLOGY 心理学,4 [86/92],,,,,,,,,,,三级
Revista de Psicologia Clinica con Ninos y Adolescentes,2025,2340-8340/2340-8340,否,否,是,ESCI,0.8,,心理学,4 [606/657],否," PSYCHOLOGY, DEVELOPMENTAL 心理学：发育",4 [88/91],,,,,,,,,,,三级
Journal of Educational Cultural and Psychological Studies,2025,2037-7932/2037-7924,否,否,是,ESCI,0.3,,心理学,4 [607/657],否," PSYCHOLOGY, EDUCATIONAL 心理学：教育",4 [72/74],,,,,,,,,,,三级
Psihologijske teme,2025,1332-0742/1849-0395,否,否,是,ESCI,0.4,,心理学,4 [608/657],否," PSYCHOLOGY, MULTIDISCIPLINARY 心理学：综合",4 [194/219],,,,,,,,,,,三级
REVISTA MEXICANA DE PSICOLOGIA,2025,0185-6073,否,否,否,SSCI,,,心理学,4 [609/657],否," PSYCHOLOGY, MULTIDISCIPLINARY 心理学：综合",4 [195/219],,,,,,,,,,,三级
Eksperimentalnaya Psikhologiya,2025,2072-7593/2311-7036,否,否,是,ESCI,0.4,,心理学,4 [610/657],否," PSYCHOLOGY, EXPERIMENTAL 心理学：实验",4 [99/99],,,,,,,,,,,三级
ANNEE PSYCHOLOGIQUE,2025,0003-5033/1955-2580,否,否,否,SSCI,0.6,,心理学,4 [611/657],否," PSYCHOLOGY, MULTIDISCIPLINARY 心理学：综合",4 [196/219],,,,,,,,,,,三级
Revista de Psicologia PUCP,2025,0254-9247/2223-3733,否,否,是,ESCI,0.5,,心理学,4 [612/657],否," PSYCHOLOGY, MULTIDISCIPLINARY 心理学：综合",4 [197/219],,,,,,,,,,,三级
DREAMING,2025,1053-0797/1573-3351,否,否,否,SSCI,1.1,,心理学,4 [613/657],否," PSYCHOLOGY, MULTIDISCIPLINARY 心理学：综合",4 [198/219],,,,,,,,,,,三级
PSYCHOLOGIST,2025,0952-8229/0952-8229,否,否,否,SSCI,,,心理学,4 [614/657],否," PSYCHOLOGY, MULTIDISCIPLINARY 心理学：综合",4 [199/219],,,,,,,,,,,三级
VOPROSY PSIKHOLOGII,2025,0042-8841/0042-8841,否,否,否,SSCI,0.1,,心理学,4 [615/657],否," PSYCHOLOGY, EDUCATIONAL 心理学：教育",4 [73/74],,,,,,,,,,,三级
Asia Pacific Journal of Counselling and Psychotherapy,2025,2150-7686/2150-7708,否,否,否,ESCI,0.5,,心理学,4 [616/657],否," PSYCHOLOGY, CLINICAL 心理学：临床",4 [172/179],,,,,,,,,,,三级
Revista Iberoamericana de Psicologia del Ejercicio y el Deporte,2025,1886-8576/2340-7700,否,否,否,ESCI,0.2,,心理学,4 [617/657],否," PSYCHOLOGY, APPLIED 心理学：应用",4 [108/112],,,,,,,,,,,三级
PSYCHOLOGIE IN ERZIEHUNG UND UNTERRICHT,2025,0342-183X/0342-183X,否,否,否,SSCI,0.3,,心理学,4 [618/657],否," PSYCHOLOGY, EDUCATIONAL 心理学：教育",4 [74/74],,,,,,,,,,,三级
ARQUIVOS BRASILEROS DE PSICOLOGIA,2025,1809-5267/1809-5267,否,否,是,ESCI,0.2,,心理学,4 [619/657],否," PSYCHOLOGY, MULTIDISCIPLINARY 心理学：综合",4 [200/219],,,,,,,,,,,三级
Journal of Cognitive Psychotherapy,2025,0889-8391/1938-887X,否,否,否,SSCI,1.1,,心理学,4 [620/657],否," PSYCHOLOGY, CLINICAL 心理学：临床",4 [173/179],,,,,,,,,,,三级
Psicodebate-Psicologia Cultura y Sociedad,2025,1515-2251/2451-6600,否,否,是,ESCI,0.2,,心理学,4 [621/657],否," PSYCHOLOGY, MULTIDISCIPLINARY 心理学：综合",4 [201/219],,,,,,,,,,,三级
Organizatsionnaya Psikologiya,2025,2312-5942/2312-5942,否,否,否,ESCI,0.4,,心理学,4 [622/657],否," PSYCHOLOGY, APPLIED 心理学：应用",4 [109/112],,,,,,,,,,,三级
Psyecology-Bilingual Journal of Environmental Psychology-Revista Bilingue de Psicologia Ambiental,2025,2171-1976/1989-9386,否,否,否,ESCI,0.8,,心理学,4 [623/657],否, ENVIRONMENTAL STUDIES 环境研究,4 [176/183]," PSYCHOLOGY, MULTIDISCIPLINARY 心理学：综合",4 [203/219],,,,,,,,,三级
International Journal of Integrative Psychotherapy,2025,2156-9703/2156-9703,否,否,是,ESCI,0.2,,心理学,4 [624/657],否," PSYCHOLOGY, CLINICAL 心理学：临床",4 [174/179],,,,,,,,,,,三级
Clinical Psychology and Special Education,2025,2304-0394/2304-0394,否,否,是,ESCI,0.6,,心理学,4 [625/657],否," PSYCHOLOGY, CLINICAL 心理学：临床",4 [175/179],,,,,,,,,,,三级
Suicidology,2025,2224-1264/2224-1264,否,否,否,ESCI,0.1,,心理学,4 [626/657],否," PSYCHOLOGY, MULTIDISCIPLINARY 心理学：综合",4 [204/219],,,,,,,,,,,三级
Accion Psicologica,2025,1578-908X/2255-1271,否,否,是,ESCI,0.6,,心理学,4 [627/657],否," PSYCHOLOGY, MULTIDISCIPLINARY 心理学：综合",4 [205/219],,,,,,,,,,,三级
Psychologie Francaise,2025,0033-2984/0033-2984,否,否,否,SSCI,0.5,,心理学,4 [628/657],否," PSYCHOLOGY, MULTIDISCIPLINARY 心理学：综合",4 [206/219],,,,,,,,,,,三级
NEW ZEALAND JOURNAL OF PSYCHOLOGY,2025,0112-109X/1179-7924,否,否,否,ESCI,0.4,,心理学,4 [629/657],否," PSYCHOLOGY, MULTIDISCIPLINARY 心理学：综合",4 [207/219],,,,,,,,,,,三级
Revista CES Psicologia,2025,2011-3080/2011-3080,否,否,否,ESCI,0.4,,心理学,4 [630/657],否," PSYCHOLOGY, MULTIDISCIPLINARY 心理学：综合",4 [208/219],,,,,,,,,,,三级
Zeitschrift fur Sportpsychologie,2025,1612-5010/2190-6300,否,否,否,SSCI,0.4,,心理学,4 [631/657],否," PSYCHOLOGY, APPLIED 心理学：应用",4 [110/112],,,,,,,,,,,三级
Ricerche di Psicologia,2025,0391-6081/1972-5620,否,否,否,ESCI,0.1,,心理学,4 [632/657],否, PSYCHOLOGY 心理学,4 [87/92],,,,,,,,,,,三级
Ansiedad y Estres-Anxiety and Stress,2025,1134-7937/2174-0437,否,否,否,ESCI,0.5,,心理学,4 [633/657],否," PSYCHOLOGY, CLINICAL 心理学：临床",4 [176/179],,,,,,,,,,,三级
Revista Argentina de Ciencias del Comportamiento,2025,1852-4206/1852-4206,否,否,是,ESCI,0.5,,心理学,4 [634/657],否," PSYCHOLOGY, MULTIDISCIPLINARY 心理学：综合",4 [209/219],,,,,,,,,,,三级
Gedrag & Organisatie,2025,0921-5077/1875-7235,否,否,否,SSCI,0.5,,心理学,4 [635/657],否," PSYCHOLOGY, APPLIED 心理学：应用",4 [111/112]," PSYCHOLOGY, SOCIAL 心理学：社会",4 [75/76],,,,,,,,,三级
Psychologie du Travail et des Organisations,2025,1420-2530/1420-2530,否,否,否,ESCI,0.4,,心理学,4 [636/657],否," PSYCHOLOGY, APPLIED 心理学：应用",4 [112/112],,,,,,,,,,,三级
Activites-Revue Electronique,2025,1765-2723/1765-2723,否,否,是,ESCI,0.6,,心理学,4 [637/657],否, ERGONOMICS 人体工程学,4 [24/24],,,,,,,,,,,三级
Avances en Psicologia Latinoamericana,2025,1794-4724/2145-4515,否,否,是,ESCI,0.4,,心理学,4 [638/657],否, PSYCHOLOGY 心理学,4 [89/92],,,,,,,,,,,三级
Current Research in Social Psychology,2025,1088-7423/1088-7423,否,否,否,ESCI,0.3,,心理学,4 [639/657],否," PSYCHOLOGY, SOCIAL 心理学：社会",4 [76/76],,,,,,,,,,,三级
Actualidades en Psicologia,2025,0258-6444/2215-3535,否,否,是,ESCI,0.4,,心理学,4 [640/657],否, PSYCHOLOGY 心理学,4 [90/92],,,,,,,,,,,三级
Universitas Psychologica,2025,1657-9267,否,否,否,SSCI,0.3,,心理学,4 [641/657],否," PSYCHOLOGY, MULTIDISCIPLINARY 心理学：综合",4 [210/219],,,,,,,,,,,三级
Enfance,2025,0013-7545/1969-6981,否,否,否,ESCI,0.2,,心理学,4 [642/657],否," PSYCHOLOGY, DEVELOPMENTAL 心理学：发育",4 [90/91],,,,,,,,,,,三级
Psicologia Clinica dello Sviluppo,2025,1824-078X/1824-078X,否,否,否,ESCI,0.4,,心理学,4 [643/657],否," PSYCHOLOGY, DEVELOPMENTAL 心理学：发育",4 [91/91],,,,,,,,,,,三级
Psicologia Conocimiento y Sociedad,2025,1688-7026/1688-7026,否,否,是,ESCI,0.1,,心理学,4 [644/657],否," PSYCHOLOGY, MULTIDISCIPLINARY 心理学：综合",4 [211/219],,,,,,,,,,,三级
Zeitschrift fur Neuropsychologie,2025,1016-264X/1664-2902,否,否,否,SCIE,1,,心理学,4 [645/657],否, CLINICAL NEUROLOGY 临床神经病学,4 [272/278], PSYCHOLOGY 心理学,4 [92/92],,,,,,,,,三级
Studies in Psychology-Psikoloji Calismalari Dergisi,2025,1304-4680/2602-2982,否,否,是,ESCI,0.2,,心理学,4 [646/657],否," PSYCHOLOGY, MULTIDISCIPLINARY 心理学：综合",4 [212/219],,,,,,,,,,,三级
Revista Costarricense de Psicologia,2025,0257-1439/1659-2913,否,否,是,ESCI,0.5,,心理学,4 [647/657],否," PSYCHOLOGY, MULTIDISCIPLINARY 心理学：综合",4 [213/219],,,,,,,,,,,三级
Diversitas-Perspectivas en Psicologia,2025,1794-9998/2256-3067,否,否,是,ESCI,0.1,,心理学,4 [648/657],否," PSYCHOLOGY, MULTIDISCIPLINARY 心理学：综合",4 [214/219],,,,,,,,,,,三级
Journal of Child and Adolescent Mental Health,2025,1728-0583/1728-0591,否,否,否,ESCI,1,,心理学,4 [649/657],否," PSYCHOLOGY, CLINICAL 心理学：临床",4 [177/179],,,,,,,,,,,三级
Rivista di Psicologia dell Emergenza e dell Assistenza Umanitaria,2025,2280-9120/2280-9120,否,否,是,ESCI,<0.1,,心理学,4 [650/657],否," PSYCHOLOGY, CLINICAL 心理学：临床",4 [178/179],,,,,,,,,,,三级
TURK PSIKOLOJI DERGISI,2025,1300-4433/1300-4433,否,否,否,SSCI,0.3,,心理学,4 [651/657],否," PSYCHOLOGY, MULTIDISCIPLINARY 心理学：综合",4 [215/219],,,,,,,,,,,三级
Eureka-Revista Cientifica de Psicologia,2025,2218-0559/2220-9026,否,否,否,ESCI,0.2,,心理学,4 [652/657],否," PSYCHOLOGY, MULTIDISCIPLINARY 心理学：综合",4 [216/219],,,,,,,,,,,三级
Pensando Psicologia,2025,1900-3099/2382-3984,否,否,是,ESCI,0.2,,心理学,4 [653/657],否," PSYCHOLOGY, MULTIDISCIPLINARY 心理学：综合",4 [217/219],,,,,,,,,,,三级
Indian Journal of Psychological Science,2025,0976-9218/0976-9218,否,否,否,ESCI,0.1,,心理学,4 [654/657],否," PSYCHOLOGY, MULTIDISCIPLINARY 心理学：综合",4 [218/219],,,,,,,,,,,三级
Calidad de Vida y Salud,2025,1850-6216/1850-6216,否,否,否,ESCI,0.2,,心理学,4 [655/657],否," PSYCHOLOGY, MULTIDISCIPLINARY 心理学：综合",4 [219/219],,,,,,,,,,,三级
Cuadernos de Neuropsicologia-Panamerican Journal of Neuropsychology,2025,0718-4123/0718-4123,否,否,是,ESCI,0.1,,心理学,4 [656/657],否," PSYCHOLOGY, BIOLOGICAL 心理学：生物",4 [18/18],,,,,,,,,,,三级
Revista Clinica Contemporanea,2025,1989-9912/1989-9912,否,否,是,ESCI,<0.1,,心理学,4 [657/657],否," PSYCHOLOGY, CLINICAL 心理学：临床",4 [179/179],,,,,,,,,,,三级
