Journal,年份,ISSN/EISSN,Review,OA Journal Index（OAJ）,Open Access,Web of Science,影响因子,标注,大类,大类分区,Top,权威期刊,小类1,小类1分区,小类2,小类2分区,小类3,小类3分区,小类4,小类4分区,小类5,小类5分区,小类6,小类6分区
IEEE Communications Surveys and Tutorials,2025,1553-877X/1553-877X,是,否,否,SCIE,46.7,,计算机科学,1 [1/758],是,一级," COMPUTER SCIENCE, INFORMATION SYSTEMS 计算机：信息系统",1 [1/249], TELECOMMUNICATIONS 电信学,1 [1/119],,,,,,,,
Science Robotics,2025,2470-9476/2470-9476,否,否,否,SCIE,27.5,,计算机科学,1 [2/758],是,一级, ROBOTICS 机器人学,1 [1/47],,,,,,,,,,
Foundations and Trends in Machine Learning,2025,1935-8237/1935-8245,是,否,否,ESCI,25.4,,计算机科学,1 [3/758],是,一级," COMPUTER SCIENCE, ARTIFICIAL INTELLIGENCE 计算机：人工智能",1 [1/196],,,,,,,,,,
ACM COMPUTING SURVEYS,2025,0360-0300/1557-7341,是,否,否,SCIE,28,,计算机科学,1 [4/758],是,一级," COMPUTER SCIENCE, THEORY & METHODS 计算机：理论方法",1 [1/143],,,,,,,,,,
Nature Machine Intelligence,2025,2522-5839/2522-5839,否,否,否,SCIE,23.9,,计算机科学,1 [5/758],是,一级," COMPUTER SCIENCE, ARTIFICIAL INTELLIGENCE 计算机：人工智能",1 [2/196]," COMPUTER SCIENCE, INTERDISCIPLINARY APPLICATIONS 计算机：跨学科应用",1 [1/172],,,,,,,,
PROCEEDINGS OF THE IEEE,2025,0018-9219/1558-2256,是,否,否,SCIE,25.9,,计算机科学,1 [6/758],是,一级," ENGINEERING, ELECTRICAL & ELECTRONIC 工程：电子与电气",1 [2/352],,,,,,,,,,
Annual Review of Control Robotics and Autonomous Systems,2025,2573-5144/2573-5144,是,否,否,SCIE,14,,计算机科学,1 [7/758],是,一级, AUTOMATION & CONTROL SYSTEMS 自动化与控制系统,1 [1/83], ROBOTICS 机器人学,1 [2/47],,,,,,,,
Foundations and Trends in Information Retrieval,2025,1554-0669/1554-0677,是,否,否,SCIE,12.9,,计算机科学,1 [8/758],是,一级," COMPUTER SCIENCE, INFORMATION SYSTEMS 计算机：信息系统",1 [2/249],,,,,,,,,,
Cyborg and Bionic Systems,2025,2692-7632/2692-7632,否,否,是,SCIE,18.1,,计算机科学,1 [9/758],是,一级," ENGINEERING, BIOMEDICAL 工程：生物医学",1 [5/120], ROBOTICS 机器人学,1 [3/47],,,,,,,,
IEEE TRANSACTIONS ON PATTERN ANALYSIS AND MACHINE INTELLIGENCE,2025,0162-8828/1939-3539,否,否,否,SCIE,18.6,,计算机科学,1 [10/758],是,一级," COMPUTER SCIENCE, ARTIFICIAL INTELLIGENCE 计算机：人工智能",1 [3/196]," ENGINEERING, ELECTRICAL & ELECTRONIC 工程：电子与电气",1 [3/352],,,,,,,,
Information Fusion,2025,1566-2535/1872-6305,否,否,否,SCIE,15.5,,计算机科学,1 [11/758],是,一级," COMPUTER SCIENCE, ARTIFICIAL INTELLIGENCE 计算机：人工智能",1 [4/196]," COMPUTER SCIENCE, THEORY & METHODS 计算机：理论方法",1 [2/143],,,,,,,,
IEEE Transactions on Industrial Informatics,2025,1551-3203/1941-0050,否,否,否,SCIE,9.9,,计算机科学,1 [12/758],是,一级, AUTOMATION & CONTROL SYSTEMS 自动化与控制系统,1 [2/83]," COMPUTER SCIENCE, INTERDISCIPLINARY APPLICATIONS 计算机：跨学科应用",1 [3/172]," ENGINEERING, INDUSTRIAL 工程：工业",1 [3/70],,,,,,
IEEE TRANSACTIONS ON FUZZY SYSTEMS,2025,1063-6706/1941-0034,否,否,否,SCIE,11.9,,计算机科学,1 [13/758],是,一级," COMPUTER SCIENCE, ARTIFICIAL INTELLIGENCE 计算机：人工智能",1 [5/196]," ENGINEERING, ELECTRICAL & ELECTRONIC 工程：电子与电气",1 [4/352],,,,,,,,
IEEE-CAA Journal of Automatica Sinica,2025,2329-9266/2329-9274,否,否,否,SCIE,19.2,,计算机科学,1 [14/758],是,一级, AUTOMATION & CONTROL SYSTEMS 自动化与控制系统,1 [3/83],,,,,,,,,,
IEEE TRANSACTIONS ON EVOLUTIONARY COMPUTATION,2025,1089-778X/1941-0026,否,否,否,SCIE,12,,计算机科学,1 [15/758],是,一级," COMPUTER SCIENCE, ARTIFICIAL INTELLIGENCE 计算机：人工智能",1 [6/196]," COMPUTER SCIENCE, THEORY & METHODS 计算机：理论方法",1 [3/143],,,,,,,,
IEEE JOURNAL ON SELECTED AREAS IN COMMUNICATIONS,2025,0733-8716/1558-0008,否,否,否,SCIE,17.2,,计算机科学,1 [16/758],是,一级," ENGINEERING, ELECTRICAL & ELECTRONIC 工程：电子与电气",1 [6/352], TELECOMMUNICATIONS 电信学,1 [3/119],,,,,,,,
IEEE TRANSACTIONS ON CIRCUITS AND SYSTEMS FOR VIDEO TECHNOLOGY,2025,1051-8215/1558-2205,否,否,否,SCIE,11.1,,计算机科学,1 [17/758],是,一级," ENGINEERING, ELECTRICAL & ELECTRONIC 工程：电子与电气",1 [7/352],,,,,,,,,,
ROBOTICS AND COMPUTER-INTEGRATED MANUFACTURING,2025,0736-5845/1879-2537,否,否,否,SCIE,11.4,,计算机科学,1 [18/758],是,一级," COMPUTER SCIENCE, INTERDISCIPLINARY APPLICATIONS 计算机：跨学科应用",1 [5/172]," ENGINEERING, MANUFACTURING 工程：制造",1 [3/70], ROBOTICS 机器人学,1 [4/47],,,,,,
IEEE TRANSACTIONS ON MULTIMEDIA,2025,1520-9210/1941-0077,否,否,否,SCIE,9.7,,计算机科学,1 [19/758],是,一级," COMPUTER SCIENCE, INFORMATION SYSTEMS 计算机：信息系统",1 [4/249]," COMPUTER SCIENCE, SOFTWARE ENGINEERING 计算机：软件工程",1 [1/131], TELECOMMUNICATIONS 电信学,1 [4/119],,,,,,
Foundations and Trends in Systems and Control,2025,2325-6818/2325-6826,是,否,否,ESCI,0.7,,计算机科学,1 [20/758],是,一级, AUTOMATION & CONTROL SYSTEMS 自动化与控制系统,2 [7/83],,,,,,,,,,
IEEE TRANSACTIONS ON IMAGE PROCESSING,2025,1057-7149/1941-0042,否,否,否,SCIE,13.7,,计算机科学,1 [21/758],是,一级," COMPUTER SCIENCE, ARTIFICIAL INTELLIGENCE 计算机：人工智能",1 [8/196]," ENGINEERING, ELECTRICAL & ELECTRONIC 工程：电子与电气",1 [9/352],,,,,,,,
Computer Science Review,2025,1574-0137/1876-7745,是,否,否,SCIE,12.7,,计算机科学,1 [22/758],是,一级," COMPUTER SCIENCE, INFORMATION SYSTEMS 计算机：信息系统",1 [5/249]," COMPUTER SCIENCE, SOFTWARE ENGINEERING 计算机：软件工程",1 [2/131]," COMPUTER SCIENCE, THEORY & METHODS 计算机：理论方法",1 [4/143],,,,,,
ACM TRANSACTIONS ON GRAPHICS,2025,0730-0301/1557-7368,否,否,否,SCIE,9.5,,计算机科学,1 [23/758],是,一级," COMPUTER SCIENCE, SOFTWARE ENGINEERING 计算机：软件工程",1 [3/131],,,,,,,,,,
IEEE Transactions on Cybernetics,2025,2168-2267/2168-2275,否,否,否,SCIE,10.5,,计算机科学,1 [24/758],是,一级, AUTOMATION & CONTROL SYSTEMS 自动化与控制系统,1 [5/83]," COMPUTER SCIENCE, ARTIFICIAL INTELLIGENCE 计算机：人工智能",1 [10/196]," COMPUTER SCIENCE, CYBERNETICS 计算机：控制论",1 [1/32],,,,,,
Nature Computational Science,2025,2662-8457/2662-8457,否,否,否,ESCI,18.3,,计算机科学,1 [25/758],是,一级," COMPUTER SCIENCE, INTERDISCIPLINARY APPLICATIONS 计算机：跨学科应用",1 [8/172]," COMPUTER SCIENCE, THEORY & METHODS 计算机：理论方法",1 [5/143], MULTIDISCIPLINARY SCIENCES 综合性期刊,1 [11/131],,,,,,
INFORMATION PROCESSING & MANAGEMENT,2025,0306-4573/1873-5371,否,否,否,SSCI;SCIE,6.9,,计算机科学,1 [26/758],是,一级," COMPUTER SCIENCE, INFORMATION SYSTEMS 计算机：信息系统",1 [6/249], INFORMATION SCIENCE & LIBRARY SCIENCE 图书情报与档案管理,1 [5/160],,,,,,,,
PATTERN RECOGNITION,2025,0031-3203/1873-5142,否,否,否,SCIE,7.6,,计算机科学,1 [27/758],是,一级," COMPUTER SCIENCE, ARTIFICIAL INTELLIGENCE 计算机：人工智能",1 [11/196]," ENGINEERING, ELECTRICAL & ELECTRONIC 工程：电子与电气",1 [16/352],,,,,,,,
CAAI Transactions on Intelligence Technology,2025,2468-6557/2468-2322,否,是,是,SCIE,7.3,,计算机科学,1 [28/758],是,一级," COMPUTER SCIENCE, ARTIFICIAL INTELLIGENCE 计算机：人工智能",1 [12/196],,,,,,,,,,
Journal of Industrial Information Integration,2025,2467-964X/2452-414X,否,否,否,SCIE,11.6,,计算机科学,1 [29/758],是,一级," COMPUTER SCIENCE, INTERDISCIPLINARY APPLICATIONS 计算机：跨学科应用",1 [9/172]," ENGINEERING, INDUSTRIAL 工程：工业",2 [7/70],,,,,,,,
Big Data Mining and Analytics,2025,2096-0654/2096-0654,否,否,是,ESCI,6.2,,计算机科学,1 [30/758],是,一级," COMPUTER SCIENCE, ARTIFICIAL INTELLIGENCE 计算机：人工智能",1 [14/196]," COMPUTER SCIENCE, INFORMATION SYSTEMS 计算机：信息系统",1 [7/249],,,,,,,,
ACM TRANSACTIONS ON SOFTWARE ENGINEERING AND METHODOLOGY,2025,1049-331X/1557-7392,否,否,否,SCIE,6.2,,计算机科学,1 [31/758],是,一级," COMPUTER SCIENCE, SOFTWARE ENGINEERING 计算机：软件工程",1 [4/131],,,,,,,,,,
IEEE Transactions on Robotics,2025,1552-3098/1941-0468,否,否,否,SCIE,10.5,,计算机科学,1 [32/758],是,一级, ROBOTICS 机器人学,2 [5/47],,,,,,,,,,
IEEE TRANSACTIONS ON SOFTWARE ENGINEERING,2025,0098-5589/1939-3520,否,否,否,SCIE,5.6,,计算机科学,1 [33/758],是,一级," COMPUTER SCIENCE, SOFTWARE ENGINEERING 计算机：软件工程",1 [5/131]," ENGINEERING, ELECTRICAL & ELECTRONIC 工程：电子与电气",1 [17/352],,,,,,,,
IEEE TRANSACTIONS ON WIRELESS COMMUNICATIONS,2025,1536-1276/1558-2248,否,否,否,SCIE,10.7,,计算机科学,1 [34/758],是,一级," ENGINEERING, ELECTRICAL & ELECTRONIC 工程：电子与电气",1 [19/352], TELECOMMUNICATIONS 电信学,1 [5/119],,,,,,,,
IEEE Transactions on Systems Man Cybernetics-Systems,2025,2168-2216/2168-2232,否,否,否,SCIE,8.7,,计算机科学,1 [35/758],是,一级, AUTOMATION & CONTROL SYSTEMS 自动化与控制系统,1 [6/83]," COMPUTER SCIENCE, CYBERNETICS 计算机：控制论",1 [2/32],,,,,,,,
IEEE Transactions on Neural Networks and Learning Systems,2025,2162-237X/2162-2388,否,否,否,SCIE,8.9,,计算机科学,1 [36/758],是,一级," COMPUTER SCIENCE, HARDWARE & ARCHITECTURE 计算机：硬件",1 [1/58]," COMPUTER SCIENCE, THEORY & METHODS 计算机：理论方法",1 [6/143]," ENGINEERING, ELECTRICAL & ELECTRONIC 工程：电子与电气",1 [20/352]," COMPUTER SCIENCE, ARTIFICIAL INTELLIGENCE 计算机：人工智能",2 [16/196],,,,
ACM Transactions on Computer-Human Interaction,2025,1073-0516/1557-7325,否,否,否,SCIE,6.6,,计算机科学,1 [37/758],是,一级," COMPUTER SCIENCE, INFORMATION SYSTEMS 计算机：信息系统",1 [11/249]," COMPUTER SCIENCE, CYBERNETICS 计算机：控制论",2 [3/32],,,,,,,,
IEEE Transactions on Information Forensics and Security,2025,1556-6013/1556-6021,否,否,否,SCIE,8,,计算机科学,1 [38/758],是,一级," COMPUTER SCIENCE, THEORY & METHODS 计算机：理论方法",1 [7/143]," ENGINEERING, ELECTRICAL & ELECTRONIC 工程：电子与电气",1 [21/352],,,,,,,,
IEEE Transactions on Affective Computing,2025,1949-3045/1949-3045,否,否,否,SCIE,9.8,,计算机科学,1 [39/758],是,一级," COMPUTER SCIENCE, ARTIFICIAL INTELLIGENCE 计算机：人工智能",2 [17/196]," COMPUTER SCIENCE, CYBERNETICS 计算机：控制论",2 [4/32],,,,,,,,
COMPUTERS IN INDUSTRY,2025,0166-3615/1872-6194,否,否,否,SCIE,9.1,,计算机科学,1 [40/758],是,一级," COMPUTER SCIENCE, INTERDISCIPLINARY APPLICATIONS 计算机：跨学科应用",2 [13/172],,,,,,,,,,
Proceedings of the ACM on Programming Languages-PACMPL,2025,2475-1421/2475-1421,否,否,否,ESCI,2.8,,计算机科学,1 [41/758],是,一级," COMPUTER SCIENCE, SOFTWARE ENGINEERING 计算机：软件工程",1 [6/131],,,,,,,,,,
EXPERT SYSTEMS WITH APPLICATIONS,2025,0957-4174/1873-6793,否,否,否,SCIE,7.5,Mega-Journal,计算机科学,1 [42/758],是,一级," COMPUTER SCIENCE, ARTIFICIAL INTELLIGENCE 计算机：人工智能",2 [18/196]," ENGINEERING, ELECTRICAL & ELECTRONIC 工程：电子与电气",2 [28/352], OPERATIONS RESEARCH & MANAGEMENT SCIENCE 运筹学与管理科学,2 [9/106],,,,,,
IEEE TRANSACTIONS ON KNOWLEDGE AND DATA ENGINEERING,2025,1041-4347/1558-2191,否,否,否,SCIE,10.4,,计算机科学,1 [43/758],是,一级," COMPUTER SCIENCE, INFORMATION SYSTEMS 计算机：信息系统",1 [12/249]," COMPUTER SCIENCE, ARTIFICIAL INTELLIGENCE 计算机：人工智能",2 [19/196]," ENGINEERING, ELECTRICAL & ELECTRONIC 工程：电子与电气",2 [29/352],,,,,,
IEEE Transactions on Intelligent Vehicles,2025,2379-8858/2379-8904,否,否,否,SCIEOnHold,14.3,,计算机科学,1 [44/758],是,一级," COMPUTER SCIENCE, ARTIFICIAL INTELLIGENCE 计算机：人工智能",2 [20/196]," ENGINEERING, ELECTRICAL & ELECTRONIC 工程：电子与电气",2 [30/352], TRANSPORTATION SCIENCE & TECHNOLOGY 运输科技,2 [10/71],,,,,,
IEEE Transactions on Cognitive Communications and Networking,2025,2332-7731/2332-7731,否,否,否,SCIE,7,,计算机科学,1 [45/758],是,一级, TELECOMMUNICATIONS 电信学,1 [6/119],,,,,,,,,,
ENGINEERING APPLICATIONS OF ARTIFICIAL INTELLIGENCE,2025,0952-1976/1873-6769,否,否,否,SCIE,8,,计算机科学,1 [46/758],是,一级," ENGINEERING, MULTIDISCIPLINARY 工程：综合",1 [6/179], AUTOMATION & CONTROL SYSTEMS 自动化与控制系统,2 [10/83]," COMPUTER SCIENCE, ARTIFICIAL INTELLIGENCE 计算机：人工智能",2 [21/196]," ENGINEERING, ELECTRICAL & ELECTRONIC 工程：电子与电气",2 [31/352],,,,
International Journal of Neural Systems,2025,0129-0657/1793-6462,否,否,否,SCIE,6.4,,计算机科学,1 [47/758],是,一级," COMPUTER SCIENCE, ARTIFICIAL INTELLIGENCE 计算机：人工智能",2 [22/196],,,,,,,,,,
IEEE TRANSACTIONS ON ANTENNAS AND PROPAGATION,2025,0018-926X/1558-2221,否,否,否,SCIE,5.8,,计算机科学,1 [48/758],是,一级, TELECOMMUNICATIONS 电信学,1 [7/119]," ENGINEERING, ELECTRICAL & ELECTRONIC 工程：电子与电气",2 [32/352],,,,,,,,
ARTIFICIAL INTELLIGENCE REVIEW,2025,0269-2821/1573-7462,否,否,否,SCIE,13.9,,计算机科学,1 [49/758],是,一级," COMPUTER SCIENCE, ARTIFICIAL INTELLIGENCE 计算机：人工智能",2 [23/196],,,,,,,,,,
IEEE TRANSACTIONS ON MOBILE COMPUTING,2025,1536-1233/1558-0660,否,否,否,SCIE,9.2,,计算机科学,1 [50/758],是,一级," COMPUTER SCIENCE, INFORMATION SYSTEMS 计算机：信息系统",1 [14/249], TELECOMMUNICATIONS 电信学,1 [8/119],,,,,,,,
KNOWLEDGE-BASED SYSTEMS,2025,0950-7051/1872-7409,否,否,否,SCIE,7.6,,计算机科学,1 [51/758],是,一级," COMPUTER SCIENCE, ARTIFICIAL INTELLIGENCE 计算机：人工智能",2 [24/196],,,,,,,,,,
Data Science and Engineering,2025,2364-1185/2364-1541,否,否,是,ESCI,4.6,中国SCI期刊支持计划,计算机科学,1 [52/758],是,一级," COMPUTER SCIENCE, INFORMATION SYSTEMS 计算机：信息系统",1 [18/249]," COMPUTER SCIENCE, THEORY & METHODS 计算机：理论方法",1 [11/143],,,,,,,,
Science China-Information Sciences,2025,1674-733X/1869-1919,否,否,否,SCIE,7.6,,计算机科学,1 [53/758],是,一级," COMPUTER SCIENCE, INFORMATION SYSTEMS 计算机：信息系统",1 [20/249]," ENGINEERING, ELECTRICAL & ELECTRONIC 工程：电子与电气",1 [25/352],,,,,,,,
ANNUAL REVIEWS IN CONTROL,2025,1367-5788/1872-9088,是,否,否,SCIE,10.7,,计算机科学,2 [54/758],否,一级, AUTOMATION & CONTROL SYSTEMS 自动化与控制系统,2 [9/83],,,,,,,,,,
IEEE Internet of Things Journal,2025,2327-4662/2327-4662,否,否,否,SCIE,8.9,,计算机科学,2 [55/758],是,一级," COMPUTER SCIENCE, INFORMATION SYSTEMS 计算机：信息系统",1 [15/249], TELECOMMUNICATIONS 电信学,1 [9/119]," ENGINEERING, ELECTRICAL & ELECTRONIC 工程：电子与电气",2 [33/352],,,,,,
IEEE Journal of Selected Topics in Signal Processing,2025,1932-4553/1941-0484,否,否,否,SCIE,13.7,,计算机科学,2 [56/758],否,一级," ENGINEERING, ELECTRICAL & ELECTRONIC 工程：电子与电气",2 [34/352],,,,,,,,,,
IEEE TRANSACTIONS ON INTELLIGENT TRANSPORTATION SYSTEMS,2025,1524-9050/1558-0016,否,否,否,SCIE,8.4,,计算机科学,2 [57/758],是,一级," ENGINEERING, CIVIL 工程：土木",1 [11/180]," ENGINEERING, ELECTRICAL & ELECTRONIC 工程：电子与电气",2 [35/352], TRANSPORTATION SCIENCE & TECHNOLOGY 运输科技,2 [11/71],,,,,,
ACM TRANSACTIONS ON INFORMATION SYSTEMS,2025,1046-8188/1558-2868,否,否,否,SCIE,9.1,,计算机科学,2 [58/758],否,一级," COMPUTER SCIENCE, INFORMATION SYSTEMS 计算机：信息系统",1 [17/249],,,,,,,,,,
IEEE TRANSACTIONS ON AUTOMATIC CONTROL,2025,0018-9286/1558-2523,否,否,否,SCIE,7,,计算机科学,2 [59/758],是,一级, AUTOMATION & CONTROL SYSTEMS 自动化与控制系统,2 [11/83]," ENGINEERING, ELECTRICAL & ELECTRONIC 工程：电子与电气",2 [37/352],,,,,,,,
APPLIED SOFT COMPUTING,2025,1568-4946/1872-9681,否,否,否,SCIE,6.6,,计算机科学,2 [60/758],是,一级," COMPUTER SCIENCE, ARTIFICIAL INTELLIGENCE 计算机：人工智能",2 [25/196]," COMPUTER SCIENCE, INTERDISCIPLINARY APPLICATIONS 计算机：跨学科应用",2 [16/172],,,,,,,,
NEURAL NETWORKS,2025,0893-6080/1879-2782,否,否,否,SCIE,6.3,,计算机科学,2 [61/758],是,一级," COMPUTER SCIENCE, ARTIFICIAL INTELLIGENCE 计算机：人工智能",2 [26/196], NEUROSCIENCES 神经科学,2 [40/309],,,,,,,,
IEEE WIRELESS COMMUNICATIONS,2025,1536-1284/1558-0687,否,否,否,SCIE,11.5,,计算机科学,2 [62/758],否,一级," COMPUTER SCIENCE, HARDWARE & ARCHITECTURE 计算机：硬件",1 [2/58]," COMPUTER SCIENCE, INFORMATION SYSTEMS 计算机：信息系统",2 [21/249]," ENGINEERING, ELECTRICAL & ELECTRONIC 工程：电子与电气",2 [38/352], TELECOMMUNICATIONS 电信学,2 [11/119],,,,
ISA TRANSACTIONS,2025,0019-0578/1879-2022,否,否,否,SCIE,6.5,,计算机科学,2 [63/758],是,一级," ENGINEERING, MULTIDISCIPLINARY 工程：综合",1 [9/179], INSTRUMENTS & INSTRUMENTATION 仪器仪表,1 [4/76], AUTOMATION & CONTROL SYSTEMS 自动化与控制系统,2 [12/83],,,,,,
IEEE TRANSACTIONS ON COMMUNICATIONS,2025,0090-6778/1558-0857,否,否,否,SCIE,8.3,,计算机科学,2 [64/758],是,一级," ENGINEERING, ELECTRICAL & ELECTRONIC 工程：电子与电气",2 [39/352], TELECOMMUNICATIONS 电信学,2 [12/119],,,,,,,,
Swarm and Evolutionary Computation,2025,2210-6502/2210-6510,否,否,否,SCIE,8.5,,计算机科学,2 [65/758],否,一级," COMPUTER SCIENCE, THEORY & METHODS 计算机：理论方法",1 [8/143]," COMPUTER SCIENCE, ARTIFICIAL INTELLIGENCE 计算机：人工智能",2 [27/196],,,,,,,,
IEEE TRANSACTIONS ON VISUALIZATION AND COMPUTER GRAPHICS,2025,1077-2626/1941-0506,否,否,否,SCIE,6.5,,计算机科学,2 [66/758],是,一级," COMPUTER SCIENCE, SOFTWARE ENGINEERING 计算机：软件工程",1 [7/131],,,,,,,,,,
INTERNATIONAL JOURNAL OF ROBOTICS RESEARCH,2025,0278-3649/1741-3176,否,否,否,SCIE,5,,计算机科学,2 [67/758],否,一级, ROBOTICS 机器人学,2 [6/47],,,,,,,,,,
Journal of Statistical Software,2025,1548-7660/1548-7660,否,否,是,SCIE,8.1,,计算机科学,2 [68/758],否,一级, STATISTICS & PROBABILITY 统计学与概率论,1 [5/166]," COMPUTER SCIENCE, INTERDISCIPLINARY APPLICATIONS 计算机：跨学科应用",2 [17/172],,,,,,,,
IEEE Transactions on Services Computing,2025,1939-1374/1939-1374,否,否,否,SCIE,5.8,,计算机科学,2 [69/758],是,一级," COMPUTER SCIENCE, SOFTWARE ENGINEERING 计算机：软件工程",1 [8/131]," COMPUTER SCIENCE, INFORMATION SYSTEMS 计算机：信息系统",2 [23/249],,,,,,,,
INTERNATIONAL JOURNAL OF COMPUTER VISION,2025,0920-5691/1573-1405,否,否,否,SCIE,9.3,,计算机科学,2 [70/758],否,一级," COMPUTER SCIENCE, ARTIFICIAL INTELLIGENCE 计算机：人工智能",2 [28/196],,,,,,,,,,
ACM TRANSACTIONS ON DATABASE SYSTEMS,2025,0362-5915/1557-4644,否,否,否,SCIE,1.7,,计算机科学,2 [71/758],否,一级," COMPUTER SCIENCE, SOFTWARE ENGINEERING 计算机：软件工程",1 [9/131]," COMPUTER SCIENCE, INFORMATION SYSTEMS 计算机：信息系统",2 [25/249],,,,,,,,
Foundations and Trends in Programming Languages,2025,2325-1107/2325-1131,是,否,否,ESCI,0.5,,计算机科学,2 [72/758],否,一级," COMPUTER SCIENCE, SOFTWARE ENGINEERING 计算机：软件工程",2 [12/131],,,,,,,,,,
Digital Communications and Networks,2025,2468-5925/2352-8648,否,是,是,SCIE,7.5,,计算机科学,2 [73/758],否,一级, TELECOMMUNICATIONS 电信学,2 [13/119],,,,,,,,,,
IEEE Transactions on Dependable and Secure Computing,2025,1545-5971/1941-0018,否,否,否,SCIE,7.5,,计算机科学,2 [74/758],是,一级," COMPUTER SCIENCE, HARDWARE & ARCHITECTURE 计算机：硬件",1 [3/58]," COMPUTER SCIENCE, SOFTWARE ENGINEERING 计算机：软件工程",1 [10/131]," COMPUTER SCIENCE, INFORMATION SYSTEMS 计算机：信息系统",2 [26/249],,,,,,
IEEE TRANSACTIONS ON PARALLEL AND DISTRIBUTED SYSTEMS,2025,1045-9219/1558-2183,否,否,否,SCIE,6,,计算机科学,2 [75/758],是,一级," COMPUTER SCIENCE, THEORY & METHODS 计算机：理论方法",1 [10/143]," ENGINEERING, ELECTRICAL & ELECTRONIC 工程：电子与电气",2 [41/352],,,,,,,,
IEEE-ACM Transactions on Audio Speech and Language Processing,2025,2329-9290/2329-9304,否,否,否,SCIE,5.1,,计算机科学,2 [76/758],否,一级, ACOUSTICS 声学,1 [3/40]," ENGINEERING, ELECTRICAL & ELECTRONIC 工程：电子与电气",2 [42/352],,,,,,,,
IEEE TRANSACTIONS ON VEHICULAR TECHNOLOGY,2025,0018-9545/1939-9359,否,否,否,SCIE,7.1,,计算机科学,2 [77/758],否,一级," ENGINEERING, ELECTRICAL & ELECTRONIC 工程：电子与电气",2 [45/352], TELECOMMUNICATIONS 电信学,2 [15/119], TRANSPORTATION SCIENCE & TECHNOLOGY 运输科技,3 [15/71],,,,,,
INTEGRATED COMPUTER-AIDED ENGINEERING,2025,1069-2509/1875-8835,否,否,否,SCIE,5.3,,计算机科学,2 [78/758],否,一级," COMPUTER SCIENCE, ARTIFICIAL INTELLIGENCE 计算机：人工智能",2 [29/196]," COMPUTER SCIENCE, INTERDISCIPLINARY APPLICATIONS 计算机：跨学科应用",2 [20/172]," ENGINEERING, MULTIDISCIPLINARY 工程：综合",2 [13/179],,,,,,
IEEE COMMUNICATIONS MAGAZINE,2025,0163-6804/1558-1896,否,否,否,SCIE,8.2,,计算机科学,2 [79/758],否,一级," ENGINEERING, ELECTRICAL & ELECTRONIC 工程：电子与电气",2 [47/352], TELECOMMUNICATIONS 电信学,2 [16/119],,,,,,,,
IEEE Transactions on Automation Science and Engineering,2025,1545-5955/1558-3783,否,否,否,SCIE,6.4,,计算机科学,2 [80/758],否,一级, AUTOMATION & CONTROL SYSTEMS 自动化与控制系统,2 [13/83],,,,,,,,,,
INFORMATION SCIENCES,2025,0020-0255/1872-6291,否,否,否,SCIESuppressed,6.8,,计算机科学,2 [81/758],否,一级," COMPUTER SCIENCE, INFORMATION SYSTEMS 计算机：信息系统",2 [28/249],,,,,,,,,,
IEEE Transactions on Cloud Computing,2025,2168-7161/2168-7161,否,否,否,SCIE,5,,计算机科学,2 [82/758],否,一级," COMPUTER SCIENCE, THEORY & METHODS 计算机：理论方法",1 [12/143]," COMPUTER SCIENCE, INFORMATION SYSTEMS 计算机：信息系统",2 [29/249],,,,,,,,
Foundations and Trends in Computer Graphics and Vision,2025,1572-2740/1572-2759,是,否,否,ESCI,9.3,,计算机科学,2 [83/758],否,一级," COMPUTER SCIENCE, INTERDISCIPLINARY APPLICATIONS 计算机：跨学科应用",2 [21/172],,,,,,,,,,
HUMAN-COMPUTER INTERACTION,2025,0737-0024/1532-7051,否,否,否,SCIE,4.4,,计算机科学,2 [84/758],否,一级," COMPUTER SCIENCE, THEORY & METHODS 计算机：理论方法",1 [13/143]," COMPUTER SCIENCE, CYBERNETICS 计算机：控制论",2 [5/32],,,,,,,,
IEEE TRANSACTIONS ON CONSUMER ELECTRONICS,2025,0098-3063/1558-4127,否,否,否,SCIE,10.9,,计算机科学,2 [85/758],否,一级," ENGINEERING, ELECTRICAL & ELECTRONIC 工程：电子与电气",2 [50/352], TELECOMMUNICATIONS 电信学,2 [19/119],,,,,,,,
Journal of Optical Communications and Networking,2025,1943-0620/1943-0639,否,否,否,SCIE,4.3,,计算机科学,2 [86/758],否,一级," COMPUTER SCIENCE, HARDWARE & ARCHITECTURE 计算机：硬件",1 [4/58]," COMPUTER SCIENCE, INFORMATION SYSTEMS 计算机：信息系统",2 [30/249], OPTICS 光学,2 [17/119], TELECOMMUNICATIONS 电信学,2 [20/119],,,,
IEEE Transactions on Network Science and Engineering,2025,2327-4697/2327-4697,否,否,否,SCIE,7.9,,计算机科学,2 [87/758],否,一级," MATHEMATICS, INTERDISCIPLINARY APPLICATIONS 数学跨学科应用",1 [6/136]," ENGINEERING, MULTIDISCIPLINARY 工程：综合",2 [15/179],,,,,,,,
JOURNAL OF NETWORK AND COMPUTER APPLICATIONS,2025,1084-8045/1095-8592,否,否,否,SCIE,8,,计算机科学,2 [88/758],否,一级," COMPUTER SCIENCE, HARDWARE & ARCHITECTURE 计算机：硬件",1 [5/58]," COMPUTER SCIENCE, SOFTWARE ENGINEERING 计算机：软件工程",1 [11/131]," COMPUTER SCIENCE, INTERDISCIPLINARY APPLICATIONS 计算机：跨学科应用",2 [25/172],,,,,,
IEEE Transactions on Big Data,2025,2332-7790/2332-7790,否,否,否,SCIE,5.7,,计算机科学,2 [89/758],否,一级," COMPUTER SCIENCE, INFORMATION SYSTEMS 计算机：信息系统",2 [33/249]," COMPUTER SCIENCE, THEORY & METHODS 计算机：理论方法",2 [14/143],,,,,,,,
MINDS AND MACHINES,2025,0924-6495/1572-8641,否,否,否,SCIE,3.4,,计算机科学,2 [90/758],否,一级," COMPUTER SCIENCE, ARTIFICIAL INTELLIGENCE 计算机：人工智能",2 [31/196],,,,,,,,,,
Foundations and Trends in Communications and Information Theory,2025,1567-2190/1567-2328,是,否,否,ESCI,3.9,,计算机科学,2 [91/758],否,一级," COMPUTER SCIENCE, INTERDISCIPLINARY APPLICATIONS 计算机：跨学科应用",2 [27/172],,,,,,,,,,
INTERNATIONAL JOURNAL OF HUMAN-COMPUTER STUDIES,2025,1071-5819/1095-9300,否,否,否,SSCI;SCIE,5.1,,计算机科学,2 [92/758],否,一级," COMPUTER SCIENCE, CYBERNETICS 计算机：控制论",2 [6/32], ERGONOMICS 人体工程学,2 [3/24]," PSYCHOLOGY, MULTIDISCIPLINARY 心理学：综合",2 [24/219],,,,,,
IEEE Computational Intelligence Magazine,2025,1556-603X/1556-6048,否,否,否,SCIE,11.2,,计算机科学,2 [93/758],否,一级," COMPUTER SCIENCE, ARTIFICIAL INTELLIGENCE 计算机：人工智能",2 [32/196],,,,,,,,,,
CONTROL ENGINEERING PRACTICE,2025,0967-0661/1873-6939,否,否,否,SCIE,4.6,,计算机科学,2 [94/758],否,一级, AUTOMATION & CONTROL SYSTEMS 自动化与控制系统,2 [14/83]," ENGINEERING, ELECTRICAL & ELECTRONIC 工程：电子与电气",2 [55/352],,,,,,,,
INFORMATION AND SOFTWARE TECHNOLOGY,2025,0950-5849/1873-6025,否,否,否,SCIE,4.3,,计算机科学,2 [95/758],否,一级," COMPUTER SCIENCE, INFORMATION SYSTEMS 计算机：信息系统",2 [34/249]," COMPUTER SCIENCE, SOFTWARE ENGINEERING 计算机：软件工程",2 [13/131],,,,,,,,
Patterns,2025,2666-3899/2666-3899,否,否,是,ESCI,7.4,,计算机科学,2 [96/758],否,一级," COMPUTER SCIENCE, ARTIFICIAL INTELLIGENCE 计算机：人工智能",2 [34/196]," COMPUTER SCIENCE, INFORMATION SYSTEMS 计算机：信息系统",2 [36/249]," COMPUTER SCIENCE, INTERDISCIPLINARY APPLICATIONS 计算机：跨学科应用",2 [29/172],,,,,,
International Journal on Semantic Web and Information Systems,2025,1552-6283/1552-6291,否,否,否,SCIE,5.6,,计算机科学,2 [97/758],否,一级," COMPUTER SCIENCE, ARTIFICIAL INTELLIGENCE 计算机：人工智能",2 [35/196]," COMPUTER SCIENCE, INFORMATION SYSTEMS 计算机：信息系统",2 [37/249],,,,,,,,
ACM Transactions on Human-Robot Interaction,2025,2573-9522/2573-9522,否,否,否,ESCI,5.5,,计算机科学,2 [98/758],否,一级, ROBOTICS 机器人学,2 [7/47],,,,,,,,,,
AUTOMATICA,2025,0005-1098/1873-2836,否,否,否,SCIE,5.9,,计算机科学,2 [99/758],否,一级, AUTOMATION & CONTROL SYSTEMS 自动化与控制系统,2 [15/83]," ENGINEERING, ELECTRICAL & ELECTRONIC 工程：电子与电气",2 [56/352],,,,,,,,
IEEE Robotics and Automation Letters,2025,2377-3766/2377-3766,否,否,否,SCIE,5.3,,计算机科学,2 [100/758],否,一级, ROBOTICS 机器人学,2 [8/47],,,,,,,,,,
Soft Robotics,2025,2169-5172/2169-5180,否,否,否,SCIE,6.1,,计算机科学,2 [101/758],否,一级, ROBOTICS 机器人学,2 [9/47],,,,,,,,,,
IEEE TRANSACTIONS ON BROADCASTING,2025,0018-9316/1557-9611,否,否,否,SCIE,4.8,,计算机科学,2 [102/758],否,一级," ENGINEERING, ELECTRICAL & ELECTRONIC 工程：电子与电气",2 [57/352], TELECOMMUNICATIONS 电信学,2 [21/119],,,,,,,,
Transactions of the Association for Computational Linguistics,2025,2307-387X/2307-387X,否,否,是,SSCI;AHCISCIE,6.9,,计算机科学,2 [103/758],否,一级," COMPUTER SCIENCE, ARTIFICIAL INTELLIGENCE 计算机：人工智能",2 [36/196], LANGUAGE & LINGUISTICS 语言与语言学,2 [34/391], LINGUISTICS 语言学,2 [49/294],,,,,,
EMPIRICAL SOFTWARE ENGINEERING,2025,1382-3256/1573-7616,否,否,否,SCIE,3.6,,计算机科学,2 [104/758],否,二级," COMPUTER SCIENCE, SOFTWARE ENGINEERING 计算机：软件工程",2 [14/131],,,,,,,,,,
ACM TRANSACTIONS ON PROGRAMMING LANGUAGES AND SYSTEMS,2025,0164-0925/1558-4593,否,否,否,SCIE,1.6,,计算机科学,2 [105/758],否,二级," COMPUTER SCIENCE, SOFTWARE ENGINEERING 计算机：软件工程",2 [15/131],,,,,,,,,,
IEEE Transactions on Green Communications and Networking,2025,2473-2400/2473-2400,否,否,否,SCIE,6.7,,计算机科学,2 [106/758],否,二级, TELECOMMUNICATIONS 电信学,2 [22/119],,,,,,,,,,
Journal of King Saud University-Computer and Information Sciences,2025,1319-1578/2213-1248,否,否,是,SCIE,6.1,,计算机科学,2 [107/758],否,二级," COMPUTER SCIENCE, INFORMATION SYSTEMS 计算机：信息系统",2 [39/249],,,,,,,,,,
Vehicular Communications,2025,2214-2096/2214-2096,否,否,否,SCIE,6.5,,计算机科学,2 [108/758],否,二级, TELECOMMUNICATIONS 电信学,2 [23/119], TRANSPORTATION SCIENCE & TECHNOLOGY 运输科技,3 [17/71],,,,,,,,
ACM Transactions on Accessible Computing,2025,1936-7228/1936-7236,否,否,否,ESCI,3.5,,计算机科学,2 [109/758],否,二级," COMPUTER SCIENCE, INTERDISCIPLINARY APPLICATIONS 计算机：跨学科应用",2 [31/172],,,,,,,,,,
JOURNAL OF SYSTEMS AND SOFTWARE,2025,0164-1212/1873-1228,否,否,否,SCIE,4.1,,计算机科学,2 [110/758],否,二级," COMPUTER SCIENCE, SOFTWARE ENGINEERING 计算机：软件工程",2 [16/131]," COMPUTER SCIENCE, THEORY & METHODS 计算机：理论方法",2 [17/143],,,,,,,,
IEEE TRANSACTIONS ON RELIABILITY,2025,0018-9529/1558-1721,否,否,否,SCIE,5.7,,计算机科学,2 [111/758],否,二级," COMPUTER SCIENCE, HARDWARE & ARCHITECTURE 计算机：硬件",2 [6/58]," COMPUTER SCIENCE, SOFTWARE ENGINEERING 计算机：软件工程",2 [17/131]," ENGINEERING, ELECTRICAL & ELECTRONIC 工程：电子与电气",2 [60/352],,,,,,
IEEE TRANSACTIONS ON AEROSPACE AND ELECTRONIC SYSTEMS,2025,0018-9251/1557-9603,否,否,否,SCIE,5.7,,计算机科学,2 [112/758],否,二级," ENGINEERING, AEROSPACE 工程：宇航",2 [6/53]," ENGINEERING, ELECTRICAL & ELECTRONIC 工程：电子与电气",2 [61/352], TELECOMMUNICATIONS 电信学,3 [24/119],,,,,,
Digital Discovery,2025,2635-098X/2635-098X,否,否,是,ESCI,5.6,,计算机科学,2 [113/758],否,二级," CHEMISTRY, MULTIDISCIPLINARY 化学：综合",2 [45/230]," COMPUTER SCIENCE, INTERDISCIPLINARY APPLICATIONS 计算机：跨学科应用",2 [33/172],,,,,,,,
IEEE Transactions on Emerging Topics in Computing,2025,2168-6750/2168-6750,否,否,否,SCIE,5.4,,计算机科学,2 [114/758],否,二级," COMPUTER SCIENCE, INFORMATION SYSTEMS 计算机：信息系统",2 [41/249], TELECOMMUNICATIONS 电信学,3 [25/119],,,,,,,,
IEEE Antennas and Wireless Propagation Letters,2025,1536-1225/1548-5757,否,否,否,SCIE,4.8,,计算机科学,2 [115/758],否,二级," ENGINEERING, ELECTRICAL & ELECTRONIC 工程：电子与电气",2 [62/352], TELECOMMUNICATIONS 电信学,3 [26/119],,,,,,,,
Future Generation Computer Systems-The International Journal of eScience,2025,0167-739X/1872-7115,否,否,否,SCIE,6.1,,计算机科学,2 [116/758],否,二级," COMPUTER SCIENCE, THEORY & METHODS 计算机：理论方法",2 [19/143],,,,,,,,,,
SOCIAL NETWORKS,2025,0378-8733/1879-2111,否,否,否,SSCI,2.4,,计算机科学,2 [117/758],否,二级, ANTHROPOLOGY 人类学,2 [23/137], SOCIOLOGY 社会学,3 [45/216],,,,,,,,
IEEE Transactions on Computational Imaging,2025,2573-0436/2333-9403,否,否,否,SCIE,4.8,,计算机科学,2 [118/758],否,二级," ENGINEERING, ELECTRICAL & ELECTRONIC 工程：电子与电气",2 [64/352], IMAGING SCIENCE & PHOTOGRAPHIC TECHNOLOGY 成像科学与照相技术,2 [7/35],,,,,,,,
JOURNAL OF THE ACM,2025,0004-5411/1557-735X,否,否,否,SCIE,2.5,,计算机科学,2 [119/758],否,二级," COMPUTER SCIENCE, HARDWARE & ARCHITECTURE 计算机：硬件",2 [7/58]," COMPUTER SCIENCE, INFORMATION SYSTEMS 计算机：信息系统",2 [42/249]," COMPUTER SCIENCE, SOFTWARE ENGINEERING 计算机：软件工程",2 [18/131]," COMPUTER SCIENCE, THEORY & METHODS 计算机：理论方法",2 [20/143],,,,
COMPUTERS & SECURITY,2025,0167-4048/1872-6208,否,否,否,SCIE,5.4,,计算机科学,2 [120/758],否,二级," COMPUTER SCIENCE, INFORMATION SYSTEMS 计算机：信息系统",2 [43/249],,,,,,,,,,
Artificial Intelligence and Law,2025,0924-8463/1572-8382,否,否,否,SSCI;SCIE,3.1,,计算机科学,2 [121/758],否,二级," COMPUTER SCIENCE, ARTIFICIAL INTELLIGENCE 计算机：人工智能",2 [38/196]," COMPUTER SCIENCE, INTERDISCIPLINARY APPLICATIONS 计算机：跨学科应用",2 [35/172], LAW 法学,2 [20/427],,,,,,
ARTIFICIAL INTELLIGENCE,2025,0004-3702/1872-7921,否,否,否,SCIE,4.6,,计算机科学,2 [122/758],否,二级," COMPUTER SCIENCE, ARTIFICIAL INTELLIGENCE 计算机：人工智能",2 [39/196],,,,,,,,,,
TSINGHUA SCIENCE AND TECHNOLOGY,2025,1007-0214/1878-7606,否,否,否,SCIE,3.5,,计算机科学,2 [123/758],否,二级," COMPUTER SCIENCE, INFORMATION SYSTEMS 计算机：信息系统",2 [45/249]," COMPUTER SCIENCE, SOFTWARE ENGINEERING 计算机：软件工程",2 [19/131]," ENGINEERING, ELECTRICAL & ELECTRONIC 工程：电子与电气",2 [65/352],,,,,,
IEEE Transactions on Network and Service Management,2025,1932-4537/1932-4537,否,否,否,SCIE,5.4,,计算机科学,2 [124/758],否,二级," COMPUTER SCIENCE, INFORMATION SYSTEMS 计算机：信息系统",2 [46/249],,,,,,,,,,
VIRTUAL REALITY,2025,1359-4338/1434-9957,否,否,是,SCIE,5,,计算机科学,2 [125/758],否,二级," COMPUTER SCIENCE, SOFTWARE ENGINEERING 计算机：软件工程",2 [21/131], IMAGING SCIENCE & PHOTOGRAPHIC TECHNOLOGY 成像科学与照相技术,2 [8/35]," COMPUTER SCIENCE, INTERDISCIPLINARY APPLICATIONS 计算机：跨学科应用",3 [42/172],,,,,,
COMPUTER STANDARDS & INTERFACES,2025,0920-5489/1872-7018,否,否,否,SCIE,3.1,,计算机科学,2 [126/758],否,二级," COMPUTER SCIENCE, HARDWARE & ARCHITECTURE 计算机：硬件",2 [8/58]," COMPUTER SCIENCE, SOFTWARE ENGINEERING 计算机：软件工程",2 [22/131],,,,,,,,
NEUROCOMPUTING,2025,0925-2312/1872-8286,否,否,否,SCIE,6.5,,计算机科学,2 [127/758],否,二级," COMPUTER SCIENCE, ARTIFICIAL INTELLIGENCE 计算机：人工智能",2 [41/196],,,,,,,,,,
IEEE TRANSACTIONS ON COMPUTERS,2025,0018-9340/1557-9956,否,否,否,SCIE,3.8,,计算机科学,2 [128/758],否,二级," COMPUTER SCIENCE, HARDWARE & ARCHITECTURE 计算机：硬件",2 [9/58]," ENGINEERING, ELECTRICAL & ELECTRONIC 工程：电子与电气",2 [67/352],,,,,,,,
Journal of Field Robotics,2025,1556-4959/1556-4967,否,否,否,SCIE,5.2,,计算机科学,2 [129/758],否,二级, ROBOTICS 机器人学,2 [10/47],,,,,,,,,,
ROBOTICS AND AUTONOMOUS SYSTEMS,2025,0921-8890/1872-793X,否,否,否,SCIE,5.2,,计算机科学,2 [130/758],否,二级, AUTOMATION & CONTROL SYSTEMS 自动化与控制系统,2 [16/83]," COMPUTER SCIENCE, ARTIFICIAL INTELLIGENCE 计算机：人工智能",3 [44/196], ROBOTICS 机器人学,3 [11/47],,,,,,
USER MODELING AND USER-ADAPTED INTERACTION,2025,0924-1868/1573-1391,否,否,否,SCIE,3.5,,计算机科学,2 [131/758],否,二级," COMPUTER SCIENCE, CYBERNETICS 计算机：控制论",3 [7/32],,,,,,,,,,
IEEE TRANSACTIONS ON CONTROL SYSTEMS TECHNOLOGY,2025,1063-6536/1558-0865,否,否,否,SCIE,3.9,,计算机科学,2 [132/758],否,二级, AUTOMATION & CONTROL SYSTEMS 自动化与控制系统,2 [17/83]," ENGINEERING, ELECTRICAL & ELECTRONIC 工程：电子与电气",2 [71/352],,,,,,,,
EPJ Data Science,2025,2193-1127/2193-1127,否,是,是,SSCI;SCIE,2.5,,计算机科学,2 [133/758],否,二级," MATHEMATICS, INTERDISCIPLINARY APPLICATIONS 数学跨学科应用",1 [13/136]," SOCIAL SCIENCES, MATHEMATICAL METHODS 社会科学：数理方法",2 [7/67],,,,,,,,
Journal of Artificial Intelligence and Soft Computing Research,2025,2083-2567/2449-6499,否,否,是,SCIE,2.4,,计算机科学,2 [134/758],否,二级," COMPUTER SCIENCE, ARTIFICIAL INTELLIGENCE 计算机：人工智能",3 [45/196],,,,,,,,,,
Proceedings of the VLDB Endowment,2025,2150-8097/2150-8097,否,否,否,SCIE,3.3,,计算机科学,2 [135/758],否,二级," COMPUTER SCIENCE, INFORMATION SYSTEMS 计算机：信息系统",2 [47/249]," COMPUTER SCIENCE, THEORY & METHODS 计算机：理论方法",2 [21/143],,,,,,,,
IACR Transactions on Symmetric Cryptology,2025,2519-173X/2519-173X,否,否,是,ESCI,2.2,,计算机科学,2 [136/758],否,二级," COMPUTER SCIENCE, SOFTWARE ENGINEERING 计算机：软件工程",2 [23/131]," COMPUTER SCIENCE, THEORY & METHODS 计算机：理论方法",2 [22/143],,,,,,,,
Egyptian Informatics Journal,2025,1110-8665/2090-4754,否,否,是,SCIE,4.3,,计算机科学,2 [137/758],否,二级," COMPUTER SCIENCE, ARTIFICIAL INTELLIGENCE 计算机：人工智能",3 [46/196]," COMPUTER SCIENCE, INFORMATION SYSTEMS 计算机：信息系统",3 [53/249],,,,,,,,
International Journal of Social Robotics,2025,1875-4791/1875-4805,否,否,否,SCIE,3.7,,计算机科学,2 [138/758],否,二级, ROBOTICS 机器人学,3 [12/47],,,,,,,,,,
Visual Informatics,2025,2468-502X/2468-502X,否,否,是,ESCI,3.9,,计算机科学,2 [139/758],否,二级," COMPUTER SCIENCE, INFORMATION SYSTEMS 计算机：信息系统",2 [48/249]," COMPUTER SCIENCE, INTERDISCIPLINARY APPLICATIONS 计算机：跨学科应用",2 [37/172]," COMPUTER SCIENCE, SOFTWARE ENGINEERING 计算机：软件工程",2 [25/131],,,,,,
Internet of Things,2025,2543-1536/2542-6605,否,否,否,SCIE,7.6,,计算机科学,2 [140/758],否,二级," COMPUTER SCIENCE, INFORMATION SYSTEMS 计算机：信息系统",3 [56/249]," ENGINEERING, ELECTRICAL & ELECTRONIC 工程：电子与电气",3 [77/352], TELECOMMUNICATIONS 电信学,3 [27/119],,,,,,
IEEE Transactions on Emerging Topics in Computational Intelligence,2025,2471-285X/2471-285X,否,否,否,SCIE,6.5,,计算机科学,2 [141/758],否,二级," COMPUTER SCIENCE, ARTIFICIAL INTELLIGENCE 计算机：人工智能",3 [48/196],,,,,,,,,,
IEEE Open Journal of Vehicular Technology,2025,2644-1330/2644-1330,否,否,是,ESCI,4.8,,计算机科学,2 [142/758],否,二级," ENGINEERING, ELECTRICAL & ELECTRONIC 工程：电子与电气",3 [79/352], TELECOMMUNICATIONS 电信学,3 [28/119], TRANSPORTATION SCIENCE & TECHNOLOGY 运输科技,3 [20/71],,,,,,
COMPUTATIONAL LINGUISTICS,2025,0891-2017/1530-9312,否,否,是,SSCI;AHCISCIE,5.3,,计算机科学,2 [143/758],否,二级, LANGUAGE & LINGUISTICS 语言与语言学,2 [56/391]," COMPUTER SCIENCE, ARTIFICIAL INTELLIGENCE 计算机：人工智能",3 [49/196]," COMPUTER SCIENCE, INTERDISCIPLINARY APPLICATIONS 计算机：跨学科应用",3 [49/172], LINGUISTICS 语言学,3 [73/294],,,,
Journal of Big Data,2025,2196-1115/2196-1115,否,是,是,SCIE,6.4,,计算机科学,2 [144/758],否,二级," COMPUTER SCIENCE, THEORY & METHODS 计算机：理论方法",2 [23/143],,,,,,,,,,
VLDB JOURNAL,2025,1066-8888/0949-877X,否,否,否,SCIE,3.8,,计算机科学,2 [145/758],否,二级," COMPUTER SCIENCE, HARDWARE & ARCHITECTURE 计算机：硬件",2 [11/58]," COMPUTER SCIENCE, INFORMATION SYSTEMS 计算机：信息系统",3 [57/249],,,,,,,,
DISPLAYS,2025,0141-9382/1872-7387,否,否,否,SCIE,3.4,,计算机科学,2 [146/758],否,二级," COMPUTER SCIENCE, HARDWARE & ARCHITECTURE 计算机：硬件",2 [12/58], INSTRUMENTS & INSTRUMENTATION 仪器仪表,2 [14/76], OPTICS 光学,2 [24/119]," ENGINEERING, ELECTRICAL & ELECTRONIC 工程：电子与电气",3 [84/352],,,,
International Journal of Artificial Intelligence in Education,2025,1560-4292/1560-4306,否,否,否,ESCI,8.5,,计算机科学,2 [147/758],否,二级," COMPUTER SCIENCE, INTERDISCIPLINARY APPLICATIONS 计算机：跨学科应用",3 [53/172],,,,,,,,,,
Blockchain-Research and Applications,2025,2096-7209/2096-7209,否,否,否,ESCI,5.6,,计算机科学,2 [148/758],否,二级," COMPUTER SCIENCE, INFORMATION SYSTEMS 计算机：信息系统",2 [49/249]," COMPUTER SCIENCE, INTERDISCIPLINARY APPLICATIONS 计算机：跨学科应用",2 [38/172],,,,,,,,
IEEE Transactions on Human-Machine Systems,2025,2168-2291/2168-2305,否,否,否,SCIE,4.4,,计算机科学,2 [149/758],否,二级," COMPUTER SCIENCE, ARTIFICIAL INTELLIGENCE 计算机：人工智能",3 [52/196]," COMPUTER SCIENCE, CYBERNETICS 计算机：控制论",3 [8/32],,,,,,,,
Computational Visual Media,2025,2096-0433/2096-0662,否,否,是,SCIE,18.3,中国SCI期刊支持计划,计算机科学,2 [150/758],否,二级," COMPUTER SCIENCE, SOFTWARE ENGINEERING 计算机：软件工程",2 [29/131],,,,,,,,,,
Machine Intelligence Research,2025,2731-538X/2731-5398,否,否,否,ESCI,8.7,中国SCI期刊支持计划,计算机科学,2 [151/758],否,二级, AUTOMATION & CONTROL SYSTEMS 自动化与控制系统,2 [20/83]," COMPUTER SCIENCE, ARTIFICIAL INTELLIGENCE 计算机：人工智能",2 [42/196],,,,,,,,
Frontiers of Computer Science,2025,2095-2228/2095-2236,否,否,否,SCIE,4.6,中国SCI期刊支持计划,计算机科学,2 [152/758],否,二级," COMPUTER SCIENCE, INFORMATION SYSTEMS 计算机：信息系统",2 [50/249]," COMPUTER SCIENCE, SOFTWARE ENGINEERING 计算机：软件工程",2 [34/131]," COMPUTER SCIENCE, THEORY & METHODS 计算机：理论方法",2 [36/143],,,,,,
Data Intelligence,2025,2641-435X/2641-435X,否,否,是,ESCI,1.9,中国SCI期刊支持计划,计算机科学,2 [153/758],否,二级," COMPUTER SCIENCE, ARTIFICIAL INTELLIGENCE 计算机：人工智能",2 [43/196]," COMPUTER SCIENCE, INFORMATION SYSTEMS 计算机：信息系统",2 [51/249]," COMPUTER SCIENCE, INTERDISCIPLINARY APPLICATIONS 计算机：跨学科应用",2 [39/172],,,,,,
Journal of Data and Information Science,2025,2096-157X/2543-683X,否,是,是,ESCI,1.8,中国SCI期刊支持计划,计算机科学,2 [154/758],否,二级," COMPUTER SCIENCE, INTERDISCIPLINARY APPLICATIONS 计算机：跨学科应用",2 [40/172], INFORMATION SCIENCE & LIBRARY SCIENCE 图书情报与档案管理,2 [24/160],,,,,,,,
Wiley Interdisciplinary Reviews-Data Mining and Knowledge Discovery,2025,1942-4787/1942-4795,是,否,否,SCIE,11.7,,计算机科学,3 [155/758],否,二级," COMPUTER SCIENCE, THEORY & METHODS 计算机：理论方法",2 [24/143]," COMPUTER SCIENCE, ARTIFICIAL INTELLIGENCE 计算机：人工智能",3 [50/196],,,,,,,,
IEEE Vehicular Technology Magazine,2025,1556-6072/1556-6080,否,否,否,SCIE,7.2,,计算机科学,3 [156/758],否,二级," ENGINEERING, ELECTRICAL & ELECTRONIC 工程：电子与电气",3 [85/352], TELECOMMUNICATIONS 电信学,3 [29/119], TRANSPORTATION SCIENCE & TECHNOLOGY 运输科技,3 [22/71],,,,,,
Foundations and Trends in Databases,2025,1931-7883/1931-7891,是,否,否,ESCI,1,,计算机科学,3 [157/758],否,二级," COMPUTER SCIENCE, SOFTWARE ENGINEERING 计算机：软件工程",2 [28/131],,,,,,,,,,
IEEE TRANSACTIONS ON INFORMATION THEORY,2025,0018-9448/1557-9654,否,否,否,SCIE,2.9,,计算机科学,3 [158/758],否,二级," COMPUTER SCIENCE, INFORMATION SYSTEMS 计算机：信息系统",3 [59/249]," ENGINEERING, ELECTRICAL & ELECTRONIC 工程：电子与电气",3 [87/352],,,,,,,,
IEEE Transactions on Cognitive and Developmental Systems,2025,2379-8920/2379-8939,否,否,否,SCIE,4.9,,计算机科学,3 [159/758],否,二级," COMPUTER SCIENCE, ARTIFICIAL INTELLIGENCE 计算机：人工智能",3 [53/196], NEUROSCIENCES 神经科学,3 [94/309], ROBOTICS 机器人学,3 [13/47],,,,,,
SPEECH COMMUNICATION,2025,0167-6393/1872-7182,否,否,否,SCIE,3,,计算机科学,3 [160/758],否,二级, ACOUSTICS 声学,2 [8/40]," COMPUTER SCIENCE, INTERDISCIPLINARY APPLICATIONS 计算机：跨学科应用",3 [55/172],,,,,,,,
Fuzzy Optimization and Decision Making,2025,1568-4539/1573-2908,否,否,否,SCIE,7.4,,计算机科学,3 [161/758],否,二级," COMPUTER SCIENCE, ARTIFICIAL INTELLIGENCE 计算机：人工智能",3 [54/196], OPERATIONS RESEARCH & MANAGEMENT SCIENCE 运筹学与管理科学,3 [28/106],,,,,,,,
IEEE Transactions on Computational Social Systems,2025,2329-924X/2329-924X,否,否,否,SCIE,4.9,,计算机科学,3 [162/758],否,二级," COMPUTER SCIENCE, CYBERNETICS 计算机：控制论",3 [9/32]," COMPUTER SCIENCE, INFORMATION SYSTEMS 计算机：信息系统",3 [60/249],,,,,,,,
JOURNAL OF NEW MUSIC RESEARCH,2025,0929-8215/1744-5027,否,否,否,AHCISCIE,0.9,,计算机科学,3 [163/758],否,二级, MUSIC 音乐,2 [10/110]," COMPUTER SCIENCE, INTERDISCIPLINARY APPLICATIONS 计算机：跨学科应用",3 [56/172],,,,,,,,
ACM Transactions on Reconfigurable Technology and Systems,2025,1936-7406/1936-7414,否,否,否,SCIE,2.8,,计算机科学,3 [164/758],否,二级," COMPUTER SCIENCE, HARDWARE & ARCHITECTURE 计算机：硬件",2 [13/58],,,,,,,,,,
Big Data and Cognitive Computing,2025,2504-2289/2504-2289,否,否,是,ESCI,4.4,,计算机科学,3 [165/758],否,二级," COMPUTER SCIENCE, THEORY & METHODS 计算机：理论方法",2 [25/143]," COMPUTER SCIENCE, ARTIFICIAL INTELLIGENCE 计算机：人工智能",3 [55/196]," COMPUTER SCIENCE, INFORMATION SYSTEMS 计算机：信息系统",3 [61/249],,,,,,
IEEE NETWORK,2025,0890-8044/1558-156X,否,否,否,SCIE,6.3,,计算机科学,3 [166/758],否,二级," COMPUTER SCIENCE, HARDWARE & ARCHITECTURE 计算机：硬件",3 [14/58]," COMPUTER SCIENCE, INFORMATION SYSTEMS 计算机：信息系统",3 [62/249]," ENGINEERING, ELECTRICAL & ELECTRONIC 工程：电子与电气",3 [90/352], TELECOMMUNICATIONS 电信学,3 [30/119],,,,
IEEE Wireless Communications Letters,2025,2162-2337/2162-2345,否,否,否,SCIE,5.5,,计算机科学,3 [167/758],否,二级," COMPUTER SCIENCE, INFORMATION SYSTEMS 计算机：信息系统",3 [64/249]," ENGINEERING, ELECTRICAL & ELECTRONIC 工程：电子与电气",3 [91/352], TELECOMMUNICATIONS 电信学,3 [31/119],,,,,,
SIMULATION MODELLING PRACTICE AND THEORY,2025,1569-190X/1878-1462,否,否,否,SCIE,4.6,,计算机科学,3 [168/758],否,二级," COMPUTER SCIENCE, SOFTWARE ENGINEERING 计算机：软件工程",2 [30/131]," COMPUTER SCIENCE, INTERDISCIPLINARY APPLICATIONS 计算机：跨学科应用",3 [57/172],,,,,,,,
IEEE ROBOTICS & AUTOMATION MAGAZINE,2025,1070-9932/1558-223X,否,否,否,SCIE,7.1,,计算机科学,3 [169/758],否,二级, AUTOMATION & CONTROL SYSTEMS 自动化与控制系统,2 [18/83], ROBOTICS 机器人学,3 [14/47],,,,,,,,
JOURNAL OF AUTOMATED REASONING,2025,0168-7433/1573-0670,否,否,否,SCIE,0.8,,计算机科学,3 [170/758],否,二级," COMPUTER SCIENCE, ARTIFICIAL INTELLIGENCE 计算机：人工智能",3 [56/196],,,,,,,,,,
International Journal of Interactive Multimedia and Artificial Intelligence,2025,1989-1660/1989-1660,否,否,是,SCIE,2.4,,计算机科学,3 [171/758],否,二级," COMPUTER SCIENCE, ARTIFICIAL INTELLIGENCE 计算机：人工智能",3 [57/196]," COMPUTER SCIENCE, INTERDISCIPLINARY APPLICATIONS 计算机：跨学科应用",3 [58/172],,,,,,,,
IMAGE AND VISION COMPUTING,2025,0262-8856/1872-8138,否,否,否,SCIE,4.2,,计算机科学,3 [172/758],否,二级," COMPUTER SCIENCE, SOFTWARE ENGINEERING 计算机：软件工程",2 [31/131]," COMPUTER SCIENCE, THEORY & METHODS 计算机：理论方法",2 [26/143], OPTICS 光学,2 [26/119]," COMPUTER SCIENCE, ARTIFICIAL INTELLIGENCE 计算机：人工智能",3 [58/196]," ENGINEERING, ELECTRICAL & ELECTRONIC 工程：电子与电气",3 [93/352],,
IEEE Transactions on Signal and Information Processing over Networks,2025,2373-776X/2373-776X,否,否,否,SCIE,4.9,,计算机科学,3 [173/758],否,二级," ENGINEERING, ELECTRICAL & ELECTRONIC 工程：电子与电气",3 [94/352], TELECOMMUNICATIONS 电信学,3 [32/119],,,,,,,,
COMPUTER SPEECH AND LANGUAGE,2025,0885-2308/1095-8363,否,否,否,SCIE,3.4,,计算机科学,3 [174/758],否,二级," COMPUTER SCIENCE, ARTIFICIAL INTELLIGENCE 计算机：人工智能",3 [59/196],,,,,,,,,,
Ad Hoc Networks,2025,1570-8705/1570-8713,否,否,否,SCIE,4.8,,计算机科学,3 [175/758],否,二级," COMPUTER SCIENCE, INFORMATION SYSTEMS 计算机：信息系统",3 [65/249], TELECOMMUNICATIONS 电信学,3 [33/119],,,,,,,,
Drones,2025,2504-446X/2504-446X,否,否,是,SCIE,4.8,,计算机科学,3 [176/758],否,二级, REMOTE SENSING 遥感,3 [17/61],,,,,,,,,,
INTERNATIONAL JOURNAL OF HIGH PERFORMANCE COMPUTING APPLICATIONS,2025,1094-3420/1741-2846,否,否,否,SCIE,2.5,,计算机科学,3 [177/758],否,二级," COMPUTER SCIENCE, THEORY & METHODS 计算机：理论方法",2 [27/143]," COMPUTER SCIENCE, HARDWARE & ARCHITECTURE 计算机：硬件",3 [15/58]," COMPUTER SCIENCE, INTERDISCIPLINARY APPLICATIONS 计算机：跨学科应用",3 [59/172],,,,,,
JOURNAL OF FUNCTIONAL PROGRAMMING,2025,0956-7968/1469-7653,否,否,否,SCIE,0.6,,计算机科学,3 [178/758],否,二级," COMPUTER SCIENCE, SOFTWARE ENGINEERING 计算机：软件工程",2 [32/131],,,,,,,,,,
IEEE MICROWAVE MAGAZINE,2025,1527-3342/1557-9581,否,否,否,SCIE,2.6,,计算机科学,3 [179/758],否,二级," ENGINEERING, ELECTRICAL & ELECTRONIC 工程：电子与电气",3 [95/352], TELECOMMUNICATIONS 电信学,3 [34/119],,,,,,,,
ACM Transactions on Storage,2025,1553-3077/1553-3093,否,否,否,SCIE,2.6,,计算机科学,3 [180/758],否,二级," COMPUTER SCIENCE, SOFTWARE ENGINEERING 计算机：软件工程",2 [33/131]," COMPUTER SCIENCE, HARDWARE & ARCHITECTURE 计算机：硬件",3 [16/58],,,,,,,,
IEEE SIGNAL PROCESSING LETTERS,2025,1070-9908/1558-2361,否,否,否,SCIE,3.9,,计算机科学,3 [181/758],否,二级," ENGINEERING, ELECTRICAL & ELECTRONIC 工程：电子与电气",3 [96/352],,,,,,,,,,
IEEE TRANSACTIONS ON COMPUTER-AIDED DESIGN OF INTEGRATED CIRCUITS AND SYSTEMS,2025,0278-0070/1937-4151,否,否,否,SCIE,2.9,,计算机科学,3 [182/758],否,二级," COMPUTER SCIENCE, HARDWARE & ARCHITECTURE 计算机：硬件",3 [17/58]," COMPUTER SCIENCE, INTERDISCIPLINARY APPLICATIONS 计算机：跨学科应用",3 [61/172]," ENGINEERING, ELECTRICAL & ELECTRONIC 工程：电子与电气",3 [97/352],,,,,,
DATA & KNOWLEDGE ENGINEERING,2025,0169-023X/1872-6933,否,否,否,SCIE,2.6,,计算机科学,3 [183/758],否,二级," COMPUTER SCIENCE, ARTIFICIAL INTELLIGENCE 计算机：人工智能",3 [60/196]," COMPUTER SCIENCE, INFORMATION SYSTEMS 计算机：信息系统",3 [67/249],,,,,,,,
IEEE ANTENNAS AND PROPAGATION MAGAZINE,2025,1045-9243/1558-4143,否,否,否,SCIE,5.7,,计算机科学,3 [184/758],否,二级," ENGINEERING, ELECTRICAL & ELECTRONIC 工程：电子与电气",3 [98/352], TELECOMMUNICATIONS 电信学,3 [35/119],,,,,,,,
MECHATRONICS,2025,0957-4158/0957-4158,否,否,否,SCIE,3.1,,计算机科学,3 [185/758],否,二级," ENGINEERING, MECHANICAL 工程：机械",2 [34/181], AUTOMATION & CONTROL SYSTEMS 自动化与控制系统,3 [21/83]," ENGINEERING, ELECTRICAL & ELECTRONIC 工程：电子与电气",3 [99/352], ROBOTICS 机器人学,3 [15/47],,,,
Complex & Intelligent Systems,2025,2199-4536/2198-6053,否,是,是,SCIE,4.6,,计算机科学,3 [186/758],否,二级," COMPUTER SCIENCE, ARTIFICIAL INTELLIGENCE 计算机：人工智能",3 [61/196],,,,,,,,,,
ACM Transactions on Knowledge Discovery from Data,2025,1556-4681/1556-472X,否,否,否,SCIE,4.8,,计算机科学,3 [187/758],否,二级," COMPUTER SCIENCE, INFORMATION SYSTEMS 计算机：信息系统",3 [68/249]," COMPUTER SCIENCE, SOFTWARE ENGINEERING 计算机：软件工程",3 [35/131],,,,,,,,
AEU-INTERNATIONAL JOURNAL OF ELECTRONICS AND COMMUNICATIONS,2025,1434-8411/1618-0399,否,否,否,SCIE,3.2,,计算机科学,3 [188/758],否,二级," ENGINEERING, ELECTRICAL & ELECTRONIC 工程：电子与电气",3 [101/352], TELECOMMUNICATIONS 电信学,3 [36/119],,,,,,,,
SIAM JOURNAL ON COMPUTING,2025,0097-5397/1095-7111,否,否,否,SCIE,1.6,,计算机科学,3 [189/758],否,二级," COMPUTER SCIENCE, THEORY & METHODS 计算机：理论方法",2 [28/143]," MATHEMATICS, APPLIED 应用数学",2 [44/330],,,,,,,,
JOURNAL OF SYSTEMS ARCHITECTURE,2025,1383-7621/1873-6165,否,否,否,SCIE,4.1,,计算机科学,3 [190/758],否,二级," COMPUTER SCIENCE, HARDWARE & ARCHITECTURE 计算机：硬件",3 [18/58]," COMPUTER SCIENCE, SOFTWARE ENGINEERING 计算机：软件工程",3 [36/131],,,,,,,,
IEEE Open Journal of Antennas and Propagation,2025,2637-6431/2637-6431,否,否,是,ESCI,3.6,,计算机科学,3 [191/758],否,二级," ENGINEERING, ELECTRICAL & ELECTRONIC 工程：电子与电气",3 [102/352], TELECOMMUNICATIONS 电信学,3 [37/119],,,,,,,,
Journal of Information Security and Applications,2025,2214-2126/2214-2134,否,否,否,SCIE,3.7,,计算机科学,3 [192/758],否,二级," COMPUTER SCIENCE, INFORMATION SYSTEMS 计算机：信息系统",3 [69/249],,,,,,,,,,
COMPUTER-AIDED DESIGN,2025,0010-4485/1879-2685,否,否,否,SCIE,3.1,,计算机科学,3 [193/758],否,二级," COMPUTER SCIENCE, SOFTWARE ENGINEERING 计算机：软件工程",3 [37/131],,,,,,,,,,
INTERNATIONAL JOURNAL OF HUMAN-COMPUTER INTERACTION,2025,1044-7318/1532-7590,否,否,否,SSCI;SCIE,4.9,,计算机科学,3 [194/758],否,二级," COMPUTER SCIENCE, CYBERNETICS 计算机：控制论",3 [10/32], ERGONOMICS 人体工程学,3 [7/24],,,,,,,,
INFORMATION SYSTEMS,2025,0306-4379/1873-6076,否,否,否,SCIE,3.4,,计算机科学,3 [195/758],否,二级," COMPUTER SCIENCE, INFORMATION SYSTEMS 计算机：信息系统",3 [70/249],,,,,,,,,,
JOURNAL OF THE FRANKLIN INSTITUTE-ENGINEERING AND APPLIED MATHEMATICS,2025,0016-0032/1879-2693,否,否,否,SCIE,4.2,,计算机科学,3 [196/758],否,二级," MATHEMATICS, INTERDISCIPLINARY APPLICATIONS 数学跨学科应用",2 [24/136], AUTOMATION & CONTROL SYSTEMS 自动化与控制系统,3 [22/83]," ENGINEERING, ELECTRICAL & ELECTRONIC 工程：电子与电气",3 [105/352]," ENGINEERING, MULTIDISCIPLINARY 工程：综合",3 [30/179],,,,
Computer Networks,2025,1389-1286/1872-7069,否,否,否,SCIE,4.6,,计算机科学,3 [197/758],否,二级," COMPUTER SCIENCE, HARDWARE & ARCHITECTURE 计算机：硬件",3 [19/58]," COMPUTER SCIENCE, INFORMATION SYSTEMS 计算机：信息系统",3 [71/249]," ENGINEERING, ELECTRICAL & ELECTRONIC 工程：电子与电气",3 [106/352], TELECOMMUNICATIONS 电信学,3 [38/119],,,,
Semantic Web,2025,1570-0844/2210-4968,否,否,否,SCIE,2.9,,计算机科学,3 [198/758],否,二级," COMPUTER SCIENCE, THEORY & METHODS 计算机：理论方法",2 [29/143]," COMPUTER SCIENCE, ARTIFICIAL INTELLIGENCE 计算机：人工智能",3 [62/196]," COMPUTER SCIENCE, INFORMATION SYSTEMS 计算机：信息系统",3 [72/249],,,,,,
International Journal of Information and Learning Technology,2025,2056-4880/2056-4880,否,否,否,ESCI,2.6,,计算机科学,3 [199/758],否,二级," COMPUTER SCIENCE, INTERDISCIPLINARY APPLICATIONS 计算机：跨学科应用",3 [63/172],,,,,,,,,,
Sustainable Computing-Informatics & Systems,2025,2210-5379/2210-5387,否,否,否,SCIE,5.7,,计算机科学,3 [200/758],否,二级," COMPUTER SCIENCE, HARDWARE & ARCHITECTURE 计算机：硬件",3 [20/58]," COMPUTER SCIENCE, INFORMATION SYSTEMS 计算机：信息系统",3 [73/249],,,,,,,,
IEEE Open Journal of the Communications Society,2025,2644-125X/2644-125X,否,否,是,ESCI,6.1,,计算机科学,3 [201/758],否,二级," ENGINEERING, ELECTRICAL & ELECTRONIC 工程：电子与电气",3 [107/352], TELECOMMUNICATIONS 电信学,3 [39/119],,,,,,,,
Advanced Intelligent Systems,2025,2640-4567/2640-4567,否,否,是,SCIE,6.1,,计算机科学,3 [202/758],否,二级, AUTOMATION & CONTROL SYSTEMS 自动化与控制系统,3 [23/83]," COMPUTER SCIENCE, ARTIFICIAL INTELLIGENCE 计算机：人工智能",3 [63/196], ROBOTICS 机器人学,3 [17/47],,,,,,
JOURNAL OF PROCESS CONTROL,2025,0959-1524/1873-2771,否,否,否,SCIE,3.9,,计算机科学,3 [203/758],否,二级," ENGINEERING, CHEMICAL 工程：化工",2 [41/169], AUTOMATION & CONTROL SYSTEMS 自动化与控制系统,3 [24/83],,,,,,,,
Journal of Cognitive Engineering and Decision Making,2025,1555-3434/2169-5032,否,否,否,ESCI,3.2,,计算机科学,3 [204/758],否,二级, ERGONOMICS 人体工程学,3 [8/24]," ENGINEERING, INDUSTRIAL 工程：工业",4 [29/70]," PSYCHOLOGY, APPLIED 心理学：应用",4 [50/112],,,,,,
COMPUTER VISION AND IMAGE UNDERSTANDING,2025,1077-3142/1090-235X,否,否,否,SCIE,3.5,,计算机科学,3 [205/758],否,二级," COMPUTER SCIENCE, ARTIFICIAL INTELLIGENCE 计算机：人工智能",3 [64/196]," ENGINEERING, ELECTRICAL & ELECTRONIC 工程：电子与电气",3 [111/352],,,,,,,,
COMPUTER COMMUNICATIONS,2025,0140-3664/1873-703X,否,否,否,SCIE,4.3,,计算机科学,3 [206/758],否,二级," COMPUTER SCIENCE, INFORMATION SYSTEMS 计算机：信息系统",3 [74/249]," ENGINEERING, ELECTRICAL & ELECTRONIC 工程：电子与电气",3 [112/352], TELECOMMUNICATIONS 电信学,3 [40/119],,,,,,
INFORMS JOURNAL ON COMPUTING,2025,1091-9856/1526-5528,否,否,否,SCIE,2.1,,计算机科学,3 [207/758],否,二级," COMPUTER SCIENCE, INTERDISCIPLINARY APPLICATIONS 计算机：跨学科应用",3 [65/172], OPERATIONS RESEARCH & MANAGEMENT SCIENCE 运筹学与管理科学,3 [30/106],,,,,,,,
IEEE Systems Journal,2025,1932-8184/1937-9234,否,否,否,SCIE,4.4,,计算机科学,3 [208/758],否,二级," COMPUTER SCIENCE, INFORMATION SYSTEMS 计算机：信息系统",3 [75/249]," ENGINEERING, ELECTRICAL & ELECTRONIC 工程：电子与电气",3 [114/352], OPERATIONS RESEARCH & MANAGEMENT SCIENCE 运筹学与管理科学,3 [31/106], TELECOMMUNICATIONS 电信学,3 [41/119],,,,
IEEE Transactions on Haptics,2025,1939-1412/2329-4051,否,否,否,SCIE,2.8,,计算机科学,3 [209/758],否,二级," COMPUTER SCIENCE, CYBERNETICS 计算机：控制论",3 [11/32],,,,,,,,,,
ACM Transactions on Multimedia Computing Communications and Applications,2025,1551-6857/1551-6865,否,否,否,SCIE,6,,计算机科学,3 [210/758],否,二级," COMPUTER SCIENCE, THEORY & METHODS 计算机：理论方法",2 [30/143]," COMPUTER SCIENCE, INFORMATION SYSTEMS 计算机：信息系统",3 [76/249]," COMPUTER SCIENCE, SOFTWARE ENGINEERING 计算机：软件工程",3 [39/131],,,,,,
IEEE COMMUNICATIONS LETTERS,2025,1089-7798/1558-2558,否,否,否,SCIE,4.4,,计算机科学,3 [211/758],否,二级, TELECOMMUNICATIONS 电信学,3 [42/119],,,,,,,,,,
Forensic Science International-Digital Investigation,2025,2666-2817/2666-2817,否,否,否,SCIE,2.2,,计算机科学,3 [212/758],否,二级," COMPUTER SCIENCE, INFORMATION SYSTEMS 计算机：信息系统",3 [78/249]," COMPUTER SCIENCE, INTERDISCIPLINARY APPLICATIONS 计算机：跨学科应用",3 [67/172],,,,,,,,
ACM Transactions on Embedded Computing Systems,2025,1539-9087/1558-3465,否,否,否,SCIE,2.6,,计算机科学,3 [213/758],否,二级," COMPUTER SCIENCE, HARDWARE & ARCHITECTURE 计算机：硬件",3 [21/58]," COMPUTER SCIENCE, SOFTWARE ENGINEERING 计算机：软件工程",3 [40/131],,,,,,,,
Journal of Network and Systems Management,2025,1064-7570/1573-7705,否,否,否,SCIE,3.9,,计算机科学,3 [214/758],否,二级," COMPUTER SCIENCE, INFORMATION SYSTEMS 计算机：信息系统",3 [79/249], TELECOMMUNICATIONS 电信学,3 [43/119],,,,,,,,
Enterprise Information Systems,2025,1751-7575/1751-7583,否,否,否,SCIE,3.9,,计算机科学,3 [215/758],否,二级," COMPUTER SCIENCE, INFORMATION SYSTEMS 计算机：信息系统",3 [80/249],,,,,,,,,,
COMPUTERS & ELECTRICAL ENGINEERING,2025,0045-7906/1879-0755,否,否,否,SCIE,4.9,2025年《国际期刊预警名单》,计算机科学,3 [216/758],否,二级," COMPUTER SCIENCE, HARDWARE & ARCHITECTURE 计算机：硬件",3 [22/58]," COMPUTER SCIENCE, INTERDISCIPLINARY APPLICATIONS 计算机：跨学科应用",3 [68/172]," ENGINEERING, ELECTRICAL & ELECTRONIC 工程：电子与电气",3 [116/352],,,,,,
International Journal of Critical Infrastructure Protection,2025,1874-5482/2212-2087,否,否,否,SCIE,5.3,,计算机科学,3 [217/758],否,二级," COMPUTER SCIENCE, INFORMATION SYSTEMS 计算机：信息系统",3 [81/249]," ENGINEERING, MULTIDISCIPLINARY 工程：综合",3 [35/179],,,,,,,,
AUTONOMOUS ROBOTS,2025,0929-5593/1573-7527,否,否,否,SCIE,4.3,,计算机科学,3 [218/758],否,二级," COMPUTER SCIENCE, ARTIFICIAL INTELLIGENCE 计算机：人工智能",3 [66/196], ROBOTICS 机器人学,3 [18/47],,,,,,,,
Human-centric Computing and Information Sciences,2025,2192-1962/2192-1962,否,否,是,SCIE,3,,计算机科学,3 [219/758],否,二级," COMPUTER SCIENCE, INFORMATION SYSTEMS 计算机：信息系统",3 [82/249],,,,,,,,,,
Neuromorphic Computing and Engineering,2025,2634-4386/2634-4386,否,否,是,ESCI,6.1,,计算机科学,3 [220/758],否,二级," ENGINEERING, ELECTRICAL & ELECTRONIC 工程：电子与电气",3 [118/352]," PHYSICS, APPLIED 物理：应用",3 [54/178],,,,,,,,
Journal of Membrane Computing,2025,2523-8906/2523-8914,否,否,否,ESCI,2.9,,计算机科学,3 [221/758],否,二级," COMPUTER SCIENCE, THEORY & METHODS 计算机：理论方法",2 [32/143],,,,,,,,,,
ACM Transactions on Privacy and Security,2025,2471-2566/2471-2574,否,否,否,SCIE,2.8,,计算机科学,3 [222/758],否,二级," COMPUTER SCIENCE, INFORMATION SYSTEMS 计算机：信息系统",3 [83/249],,,,,,,,,,
JOURNAL OF ARTIFICIAL INTELLIGENCE RESEARCH,2025,1076-9757/1943-5037,否,否,是,SCIE,4,,计算机科学,3 [223/758],否,二级," COMPUTER SCIENCE, ARTIFICIAL INTELLIGENCE 计算机：人工智能",3 [67/196],,,,,,,,,,
Journal of Web Semantics,2025,1570-8268/1873-7749,否,否,否,SCIE,3.1,,计算机科学,3 [224/758],否,二级," COMPUTER SCIENCE, ARTIFICIAL INTELLIGENCE 计算机：人工智能",3 [68/196]," COMPUTER SCIENCE, INFORMATION SYSTEMS 计算机：信息系统",3 [84/249]," COMPUTER SCIENCE, SOFTWARE ENGINEERING 计算机：软件工程",3 [42/131],,,,,,
PATTERN RECOGNITION LETTERS,2025,0167-8655/1872-7344,否,否,否,SCIE,3.3,,计算机科学,3 [225/758],否,二级," COMPUTER SCIENCE, ARTIFICIAL INTELLIGENCE 计算机：人工智能",3 [69/196],,,,,,,,,,
JOURNAL OF COMPUTER AND SYSTEM SCIENCES,2025,0022-0000/1090-2724,否,否,否,SCIE,0.9,,计算机科学,3 [226/758],否,二级," COMPUTER SCIENCE, THEORY & METHODS 计算机：理论方法",2 [33/143]," COMPUTER SCIENCE, HARDWARE & ARCHITECTURE 计算机：硬件",3 [24/58],,,,,,,,
Big Data Research,2025,2214-5796/2214-5796,否,否,否,SCIE,4.2,,计算机科学,3 [227/758],否,二级," COMPUTER SCIENCE, THEORY & METHODS 计算机：理论方法",2 [34/143]," COMPUTER SCIENCE, ARTIFICIAL INTELLIGENCE 计算机：人工智能",3 [70/196]," COMPUTER SCIENCE, INFORMATION SYSTEMS 计算机：信息系统",3 [85/249],,,,,,
Journal of Grid Computing,2025,1570-7873/1572-9184,否,否,否,SCIE,2.9,,计算机科学,3 [228/758],否,二级," COMPUTER SCIENCE, THEORY & METHODS 计算机：理论方法",2 [35/143]," COMPUTER SCIENCE, INFORMATION SYSTEMS 计算机：信息系统",3 [86/249],,,,,,,,
INTERNATIONAL JOURNAL OF APPROXIMATE REASONING,2025,0888-613X/1873-4731,否,否,否,SCIE,3,,计算机科学,3 [229/758],否,二级," COMPUTER SCIENCE, ARTIFICIAL INTELLIGENCE 计算机：人工智能",3 [71/196],,,,,,,,,,
ACM Transactions on Intelligent Systems and Technology,2025,2157-6904/2157-6912,否,否,否,SCIE,6.6,,计算机科学,3 [230/758],否,二级," COMPUTER SCIENCE, ARTIFICIAL INTELLIGENCE 计算机：人工智能",3 [72/196]," COMPUTER SCIENCE, INFORMATION SYSTEMS 计算机：信息系统",3 [87/249],,,,,,,,
JOURNAL OF PARALLEL AND DISTRIBUTED COMPUTING,2025,0743-7315/1096-0848,否,否,否,SCIE,4,,计算机科学,3 [231/758],否,二级," COMPUTER SCIENCE, THEORY & METHODS 计算机：理论方法",3 [38/143],,,,,,,,,,
EVOLUTIONARY COMPUTATION,2025,1063-6560/1530-9304,否,否,否,SCIE,3.4,,计算机科学,3 [232/758],否,二级," COMPUTER SCIENCE, ARTIFICIAL INTELLIGENCE 计算机：人工智能",3 [73/196]," COMPUTER SCIENCE, THEORY & METHODS 计算机：理论方法",3 [39/143],,,,,,,,
INTERNATIONAL JOURNAL OF INTELLIGENT SYSTEMS,2025,0884-8173/1098-111X,否,是,是,SCIE,3.7,,计算机科学,3 [233/758],否,二级," COMPUTER SCIENCE, ARTIFICIAL INTELLIGENCE 计算机：人工智能",3 [74/196],,,,,,,,,,
CONNECTION SCIENCE,2025,0954-0091/1360-0494,否,否,是,SCIE,3.4,,计算机科学,3 [234/758],否,二级," COMPUTER SCIENCE, ARTIFICIAL INTELLIGENCE 计算机：人工智能",3 [75/196]," COMPUTER SCIENCE, THEORY & METHODS 计算机：理论方法",3 [41/143],,,,,,,,
Cybersecurity,2025,2523-3246/2523-3246,否,否,是,ESCI,3.7,,计算机科学,3 [235/758],否,二级," COMPUTER SCIENCE, INFORMATION SYSTEMS 计算机：信息系统",3 [88/249]," COMPUTER SCIENCE, SOFTWARE ENGINEERING 计算机：软件工程",3 [43/131]," COMPUTER SCIENCE, INTERDISCIPLINARY APPLICATIONS 计算机：跨学科应用",4 [72/172],,,,,,
Bioinspiration & Biomimetics,2025,1748-3182/1748-3190,否,否,否,SCIE,3,,计算机科学,3 [236/758],否,二级," ENGINEERING, MULTIDISCIPLINARY 工程：综合",3 [37/179]," MATERIALS SCIENCE, BIOMATERIALS 材料科学：生物材料",3 [22/52], ROBOTICS 机器人学,4 [19/47],,,,,,
Software and Systems Modeling,2025,1619-1366/1619-1374,否,否,否,SCIE,3.2,,计算机科学,3 [237/758],否,二级," COMPUTER SCIENCE, SOFTWARE ENGINEERING 计算机：软件工程",3 [45/131],,,,,,,,,,
IEEE Transactions on Games,2025,2475-1502/2475-1510,否,否,否,SCIE,2.8,,计算机科学,3 [238/758],否,二级," COMPUTER SCIENCE, ARTIFICIAL INTELLIGENCE 计算机：人工智能",3 [76/196]," COMPUTER SCIENCE, SOFTWARE ENGINEERING 计算机：软件工程",3 [47/131],,,,,,,,
IEEE-ACM TRANSACTIONS ON NETWORKING,2025,1063-6692/1558-2566,否,否,否,SCIE,3.6,,计算机科学,3 [239/758],否,二级," COMPUTER SCIENCE, HARDWARE & ARCHITECTURE 计算机：硬件",3 [25/58]," COMPUTER SCIENCE, THEORY & METHODS 计算机：理论方法",3 [42/143]," ENGINEERING, ELECTRICAL & ELECTRONIC 工程：电子与电气",3 [125/352], TELECOMMUNICATIONS 电信学,3 [44/119],,,,
Computer Supported Cooperative Work-The Journal of Collaborative Computing and Work Practices,2025,0925-9724/1573-7551,否,否,否,SCIE,2.3,,计算机科学,3 [240/758],否,二级," COMPUTER SCIENCE, INTERDISCIPLINARY APPLICATIONS 计算机：跨学科应用",4 [74/172],,,,,,,,,,
ACM Transactions on Architecture and Code Optimization,2025,1544-3566/1544-3973,否,否,否,SCIE,1.8,,计算机科学,3 [241/758],否,二级," COMPUTER SCIENCE, HARDWARE & ARCHITECTURE 计算机：硬件",3 [26/58]," COMPUTER SCIENCE, THEORY & METHODS 计算机：理论方法",3 [43/143],,,,,,,,
Nonlinear Analysis-Hybrid Systems,2025,1751-570X/1878-7460,否,否,否,SCIE,4.1,,计算机科学,3 [242/758],否,二级, AUTOMATION & CONTROL SYSTEMS 自动化与控制系统,3 [26/83]," MATHEMATICS, APPLIED 应用数学",3 [78/330],,,,,,,,
IEEE INTERNET COMPUTING,2025,1089-7801/1941-0131,否,否,否,SCIE,4.4,,计算机科学,3 [243/758],否,二级," COMPUTER SCIENCE, SOFTWARE ENGINEERING 计算机：软件工程",3 [48/131],,,,,,,,,,
KNOWLEDGE ENGINEERING REVIEW,2025,0269-8889/1469-8005,是,否,否,SCIE,2,,计算机科学,3 [244/758],否,二级," COMPUTER SCIENCE, ARTIFICIAL INTELLIGENCE 计算机：人工智能",3 [77/196],,,,,,,,,,
Entertainment Computing,2025,1875-9521/1875-953X,否,否,否,SCIE,2.4,,计算机科学,3 [245/758],否,二级," COMPUTER SCIENCE, CYBERNETICS 计算机：控制论",3 [12/32]," COMPUTER SCIENCE, SOFTWARE ENGINEERING 计算机：软件工程",3 [49/131]," COMPUTER SCIENCE, INTERDISCIPLINARY APPLICATIONS 计算机：跨学科应用",4 [75/172],,,,,,
IEEE Transactions on Sustainable Computing,2025,2377-3782/2377-3782,否,否,否,SCIE,3.9,,计算机科学,3 [246/758],否,二级," COMPUTER SCIENCE, HARDWARE & ARCHITECTURE 计算机：硬件",3 [27/58]," COMPUTER SCIENCE, INFORMATION SYSTEMS 计算机：信息系统",3 [89/249], TELECOMMUNICATIONS 电信学,3 [45/119],,,,,,
JOURNAL OF CLASSIFICATION,2025,0176-4268/1432-1343,否,否,否,SSCI;SCIE,1.9,,计算机科学,3 [247/758],否,二级," MATHEMATICS, INTERDISCIPLINARY APPLICATIONS 数学跨学科应用",3 [34/136]," PSYCHOLOGY, MATHEMATICAL 心理学：数学",3 [7/13],,,,,,,,
ACM Transactions on Internet of Things,2025,2691-1914/2577-6207,否,否,否,ESCI,3.7,,计算机科学,3 [248/758],否,二级," ENGINEERING, ELECTRICAL & ELECTRONIC 工程：电子与电气",3 [127/352], TELECOMMUNICATIONS 电信学,3 [46/119]," COMPUTER SCIENCE, INFORMATION SYSTEMS 计算机：信息系统",4 [92/249],,,,,,
AI & Society,2025,0951-5666/1435-5655,否,否,否,ESCI,4.7,,计算机科学,3 [249/758],否,二级," COMPUTER SCIENCE, ARTIFICIAL INTELLIGENCE 计算机：人工智能",3 [78/196],,,,,,,,,,
Multimodal Technologies and Interaction,2025,2414-4088/2414-4088,否,否,是,ESCI,2.4,,计算机科学,3 [250/758],否,二级," COMPUTER SCIENCE, ARTIFICIAL INTELLIGENCE 计算机：人工智能",3 [79/196]," COMPUTER SCIENCE, CYBERNETICS 计算机：控制论",4 [13/32]," COMPUTER SCIENCE, INFORMATION SYSTEMS 计算机：信息系统",4 [93/249],,,,,,
ACM Transactions on Algorithms,2025,1549-6325/1549-6333,否,否,否,SCIE,1.4,,计算机科学,3 [251/758],否,二级," COMPUTER SCIENCE, THEORY & METHODS 计算机：理论方法",3 [44/143]," MATHEMATICS, APPLIED 应用数学",3 [87/330],,,,,,,,
IEEE Transactions on Control of Network Systems,2025,2325-5870/2372-2533,否,否,否,SCIE,5,,计算机科学,3 [252/758],否,二级, AUTOMATION & CONTROL SYSTEMS 自动化与控制系统,3 [27/83]," COMPUTER SCIENCE, INFORMATION SYSTEMS 计算机：信息系统",4 [94/249],,,,,,,,
DATA MINING AND KNOWLEDGE DISCOVERY,2025,1384-5810/1573-756X,否,否,否,SCIE,4.3,,计算机科学,3 [253/758],否,二级," COMPUTER SCIENCE, ARTIFICIAL INTELLIGENCE 计算机：人工智能",3 [80/196]," COMPUTER SCIENCE, INFORMATION SYSTEMS 计算机：信息系统",4 [95/249],,,,,,,,
International Journal on Document Analysis and Recognition,2025,1433-2833/1433-2825,否,否,否,SCIE,2.5,,计算机科学,3 [254/758],否,二级," COMPUTER SCIENCE, ARTIFICIAL INTELLIGENCE 计算机：人工智能",3 [81/196],,,,,,,,,,
Applied Ontology,2025,1570-5838/1875-8533,否,否,否,SCIE,3.5,,计算机科学,3 [255/758],否,二级," COMPUTER SCIENCE, ARTIFICIAL INTELLIGENCE 计算机：人工智能",3 [82/196]," COMPUTER SCIENCE, THEORY & METHODS 计算机：理论方法",3 [45/143]," COMPUTER SCIENCE, INFORMATION SYSTEMS 计算机：信息系统",4 [96/249],,,,,,
Proceedings of the ACM on Interactive Mobile Wearable and Ubiquitous Technologies-IMWUT,2025,2474-9567/2474-9567,否,否,否,ESCI,4.5,,计算机科学,3 [256/758],否,二级," ENGINEERING, ELECTRICAL & ELECTRONIC 工程：电子与电气",3 [131/352], TELECOMMUNICATIONS 电信学,3 [48/119]," COMPUTER SCIENCE, INFORMATION SYSTEMS 计算机：信息系统",4 [97/249],,,,,,
Cryptography and Communications-Discrete-Structures Boolean Functions and Sequences,2025,1936-2447/1936-2455,否,否,否,SCIE,1.1,,计算机科学,3 [257/758],否,二级," COMPUTER SCIENCE, THEORY & METHODS 计算机：理论方法",3 [46/143]," MATHEMATICS, APPLIED 应用数学",3 [94/330],,,,,,,,
AUTONOMOUS AGENTS AND MULTI-AGENT SYSTEMS,2025,1387-2532/1573-7454,否,否,否,SCIE,2.6,,计算机科学,3 [258/758],否,二级, AUTOMATION & CONTROL SYSTEMS 自动化与控制系统,3 [28/83]," COMPUTER SCIENCE, ARTIFICIAL INTELLIGENCE 计算机：人工智能",3 [83/196],,,,,,,,
Journal of Computational Science,2025,1877-7503/1877-7511,否,否,否,SCIE,3.7,,计算机科学,3 [259/758],否,二级," COMPUTER SCIENCE, THEORY & METHODS 计算机：理论方法",3 [47/143]," COMPUTER SCIENCE, INTERDISCIPLINARY APPLICATIONS 计算机：跨学科应用",4 [76/172],,,,,,,,
REQUIREMENTS ENGINEERING,2025,0947-3602/1432-010X,否,否,否,SCIE,3.3,,计算机科学,3 [260/758],否,二级," COMPUTER SCIENCE, SOFTWARE ENGINEERING 计算机：软件工程",3 [51/131]," COMPUTER SCIENCE, INFORMATION SYSTEMS 计算机：信息系统",4 [98/249],,,,,,,,
PARALLEL COMPUTING,2025,0167-8191/1872-7336,否,否,否,SCIE,2.1,,计算机科学,3 [261/758],否,二级," COMPUTER SCIENCE, THEORY & METHODS 计算机：理论方法",3 [48/143],,,,,,,,,,
IEEE CONTROL SYSTEMS MAGAZINE,2025,1066-033X/1941-000X,否,否,否,SCIE,6.3,,计算机科学,3 [262/758],否,二级, AUTOMATION & CONTROL SYSTEMS 自动化与控制系统,3 [29/83],,,,,,,,,,
IEEE Open Journal of the Computer Society,2025,2644-1268/2644-1268,否,否,是,ESCI,8.2,,计算机科学,3 [263/758],否,二级," COMPUTER SCIENCE, THEORY & METHODS 计算机：理论方法",3 [49/143]," ENGINEERING, ELECTRICAL & ELECTRONIC 工程：电子与电气",3 [133/352]," COMPUTER SCIENCE, HARDWARE & ARCHITECTURE 计算机：硬件",4 [28/58]," COMPUTER SCIENCE, INFORMATION SYSTEMS 计算机：信息系统",4 [99/249]," COMPUTER SCIENCE, INTERDISCIPLINARY APPLICATIONS 计算机：跨学科应用",4 [77/172],,
Memetic Computing,2025,1865-9284/1865-9292,否,否,否,SCIE,2.3,,计算机科学,3 [264/758],否,二级," COMPUTER SCIENCE, ARTIFICIAL INTELLIGENCE 计算机：人工智能",3 [84/196], OPERATIONS RESEARCH & MANAGEMENT SCIENCE 运筹学与管理科学,3 [39/106],,,,,,,,
Informatics-Basel,2025,2227-9709/2227-9709,否,否,是,ESCI,2.8,,计算机科学,3 [265/758],否,二级," COMPUTER SCIENCE, INTERDISCIPLINARY APPLICATIONS 计算机：跨学科应用",4 [79/172],,,,,,,,,,
Journal of Cloud Computing-Advances Systems and Applications,2025,2192-113X/2192-113X,否,否,是,SCIE,4.3,,计算机科学,3 [266/758],否,二级," COMPUTER SCIENCE, INFORMATION SYSTEMS 计算机：信息系统",4 [100/249],,,,,,,,,,
FORMAL ASPECTS OF COMPUTING,2025,0934-5043/1433-299X,否,否,否,SCIE,1.4,,计算机科学,3 [267/758],否,二级," COMPUTER SCIENCE, SOFTWARE ENGINEERING 计算机：软件工程",3 [52/131],,,,,,,,,,
International Journal of Data Science and Analytics,2025,2364-415X/2364-4168,否,否,否,ESCI,2.8,,计算机科学,3 [268/758],否,二级," COMPUTER SCIENCE, ARTIFICIAL INTELLIGENCE 计算机：人工智能",4 [85/196]," COMPUTER SCIENCE, INFORMATION SYSTEMS 计算机：信息系统",4 [101/249],,,,,,,,
COMMUNICATIONS OF THE ACM,2025,0001-0782/1557-7317,否,否,否,SCIE,12.2,,计算机科学,3 [269/758],否,二级," COMPUTER SCIENCE, SOFTWARE ENGINEERING 计算机：软件工程",3 [53/131]," COMPUTER SCIENCE, THEORY & METHODS 计算机：理论方法",3 [50/143]," COMPUTER SCIENCE, HARDWARE & ARCHITECTURE 计算机：硬件",4 [29/58],,,,,,
Cognitive Computation,2025,1866-9956/1866-9964,否,否,否,SCIE,4.3,,计算机科学,3 [270/758],否,二级, NEUROSCIENCES 神经科学,3 [149/309]," COMPUTER SCIENCE, ARTIFICIAL INTELLIGENCE 计算机：人工智能",4 [86/196],,,,,,,,
Journal of Bionic Engineering,2025,1672-6529/2543-2141,否,否,否,SCIE,5.8,,计算机科学,3 [271/758],否,二级," ENGINEERING, MULTIDISCIPLINARY 工程：综合",3 [43/179]," MATERIALS SCIENCE, BIOMATERIALS 材料科学：生物材料",4 [27/52], ROBOTICS 机器人学,4 [20/47],,,,,,
Argument & Computation,2025,1946-2166/1946-2174,否,否,是,ESCI,1,,计算机科学,3 [272/758],否,二级," COMPUTER SCIENCE, ARTIFICIAL INTELLIGENCE 计算机：人工智能",4 [87/196],,,,,,,,,,
IEEE MICRO,2025,0272-1732/1937-4143,否,否,否,SCIE,2.9,,计算机科学,3 [273/758],否,二级," COMPUTER SCIENCE, SOFTWARE ENGINEERING 计算机：软件工程",3 [54/131]," COMPUTER SCIENCE, HARDWARE & ARCHITECTURE 计算机：硬件",4 [30/58],,,,,,,,
ACM Transactions on Applied Perception,2025,1544-3558/1544-3965,否,否,否,SCIE,2.1,,计算机科学,3 [274/758],否,二级," COMPUTER SCIENCE, SOFTWARE ENGINEERING 计算机：软件工程",3 [55/131],,,,,,,,,,
SIGNAL PROCESSING-IMAGE COMMUNICATION,2025,0923-5965/1879-2677,否,否,否,SCIE,2.7,,计算机科学,3 [275/758],否,二级," ENGINEERING, ELECTRICAL & ELECTRONIC 工程：电子与电气",3 [138/352],,,,,,,,,,
New Review of Hypermedia and Multimedia,2025,1361-4568/1740-7842,否,否,否,SCIE,0.8,,计算机科学,3 [276/758],否,二级," COMPUTER SCIENCE, INFORMATION SYSTEMS 计算机：信息系统",4 [103/249],,,,,,,,,,
Pervasive and Mobile Computing,2025,1574-1192/1873-1589,否,否,否,SCIE,3.5,,计算机科学,3 [277/758],否,二级, TELECOMMUNICATIONS 电信学,3 [50/119]," COMPUTER SCIENCE, INFORMATION SYSTEMS 计算机：信息系统",4 [104/249],,,,,,,,
JOURNAL OF INTELLIGENT INFORMATION SYSTEMS,2025,0925-9902/1573-7675,否,否,否,SCIE,3.4,,计算机科学,3 [278/758],否,二级," COMPUTER SCIENCE, ARTIFICIAL INTELLIGENCE 计算机：人工智能",4 [88/196]," COMPUTER SCIENCE, INFORMATION SYSTEMS 计算机：信息系统",4 [105/249],,,,,,,,
COMPUTERS & GRAPHICS-UK,2025,0097-8493/1873-7684,否,否,否,SCIE,2.8,,计算机科学,3 [279/758],否,二级," COMPUTER SCIENCE, SOFTWARE ENGINEERING 计算机：软件工程",3 [56/131],,,,,,,,,,
Cluster Computing-The Journal of Networks Software Tools and Applications,2025,1386-7857/1573-7543,否,否,否,SCIE,4.1,,计算机科学,3 [280/758],否,二级," COMPUTER SCIENCE, THEORY & METHODS 计算机：理论方法",3 [52/143]," COMPUTER SCIENCE, INFORMATION SYSTEMS 计算机：信息系统",4 [106/249],,,,,,,,
Journal on Multimodal User Interfaces,2025,1783-7677/1783-8738,否,否,否,SCIE,2.1,,计算机科学,3 [281/758],否,二级," COMPUTER SCIENCE, ARTIFICIAL INTELLIGENCE 计算机：人工智能",4 [89/196]," COMPUTER SCIENCE, CYBERNETICS 计算机：控制论",4 [15/32],,,,,,,,
JOURNAL OF CRYPTOLOGY,2025,0933-2790/1432-1378,否,否,否,SCIE,2.2,,计算机科学,3 [282/758],否,二级," COMPUTER SCIENCE, THEORY & METHODS 计算机：理论方法",3 [53/143]," ENGINEERING, ELECTRICAL & ELECTRONIC 工程：电子与电气",3 [140/352]," MATHEMATICS, APPLIED 应用数学",3 [104/330],,,,,,
ACM Transactions on Internet Technology,2025,1533-5399/1557-6051,否,否,否,SCIE,4.1,,计算机科学,3 [283/758],否,二级," COMPUTER SCIENCE, SOFTWARE ENGINEERING 计算机：软件工程",3 [57/131]," COMPUTER SCIENCE, INFORMATION SYSTEMS 计算机：信息系统",4 [107/249],,,,,,,,
Journal of Imaging,2025,2313-433X/2313-433X,否,否,是,ESCI,3.3,,计算机科学,3 [284/758],否,二级, IMAGING SCIENCE & PHOTOGRAPHIC TECHNOLOGY 成像科学与照相技术,3 [13/35],,,,,,,,,,
GEOINFORMATICA,2025,1384-6175/1573-7624,否,否,否,SCIE,2.6,,计算机科学,3 [285/758],否,二级," COMPUTER SCIENCE, INFORMATION SYSTEMS 计算机：信息系统",4 [108/249]," GEOGRAPHY, PHYSICAL 自然地理",4 [31/63],,,,,,,,
Frontiers in Virtual Reality,2025,2673-4192/2673-4192,否,否,是,ESCI,3.6,,计算机科学,3 [286/758],否,二级," COMPUTER SCIENCE, SOFTWARE ENGINEERING 计算机：软件工程",3 [59/131],,,,,,,,,,
Information Visualization,2025,1473-8716/1473-8724,否,否,否,SCIE,2,,计算机科学,3 [287/758],否,二级," COMPUTER SCIENCE, SOFTWARE ENGINEERING 计算机：软件工程",3 [60/131],,,,,,,,,,
IEEE Control Systems Letters,2025,2475-1456,否,否,否,ESCI,2,,计算机科学,3 [288/758],否,二级, AUTOMATION & CONTROL SYSTEMS 自动化与控制系统,3 [30/83],,,,,,,,,,
APPLIED INTELLIGENCE,2025,0924-669X/1573-7497,否,否,否,SCIE,3.5,,计算机科学,3 [289/758],否,二级," COMPUTER SCIENCE, ARTIFICIAL INTELLIGENCE 计算机：人工智能",4 [91/196],,,,,,,,,,
ICT Express,2025,2405-9595/2405-9595,否,否,是,SCIE,4.2,,计算机科学,3 [290/758],否,二级," COMPUTER SCIENCE, INFORMATION SYSTEMS 计算机：信息系统",4 [109/249], TELECOMMUNICATIONS 电信学,4 [51/119],,,,,,,,
OPTICAL FIBER TECHNOLOGY,2025,1068-5200/1095-9912,否,否,否,SCIE,2.7,,计算机科学,3 [291/758],否,二级," ENGINEERING, ELECTRICAL & ELECTRONIC 工程：电子与电气",3 [142/352], OPTICS 光学,3 [43/119], TELECOMMUNICATIONS 电信学,4 [52/119],,,,,,
VISUAL COMPUTER,2025,0178-2789/1432-2315,否,否,否,SCIE,2.9,,计算机科学,3 [292/758],否,二级," COMPUTER SCIENCE, SOFTWARE ENGINEERING 计算机：软件工程",3 [61/131],,,,,,,,,,
INFORMATICA,2025,0868-4952/1822-8844,否,否,否,SCIE,2.8,,计算机科学,3 [293/758],否,二级," MATHEMATICS, APPLIED 应用数学",3 [113/330]," COMPUTER SCIENCE, INFORMATION SYSTEMS 计算机：信息系统",4 [110/249],,,,,,,,
SYSTEMS & CONTROL LETTERS,2025,0167-6911/1872-7956,否,否,否,SCIE,2.5,,计算机科学,3 [294/758],否,二级, AUTOMATION & CONTROL SYSTEMS 自动化与控制系统,3 [31/83], OPERATIONS RESEARCH & MANAGEMENT SCIENCE 运筹学与管理科学,3 [43/106],,,,,,,,
GRAPHICAL MODELS,2025,1524-0703/1524-0711,否,否,是,SCIE,2.2,,计算机科学,3 [295/758],否,二级," COMPUTER SCIENCE, SOFTWARE ENGINEERING 计算机：软件工程",4 [63/131],,,,,,,,,,
ACM Journal on Computing and Cultural Heritage,2025,1556-4673/1556-4711,否,否,否,AHCISCIE,2.2,,计算机科学,3 [296/758],否,二级," HUMANITIES, MULTIDISCIPLINARY 人文科学",2 [40/406]," COMPUTER SCIENCE, INTERDISCIPLINARY APPLICATIONS 计算机：跨学科应用",4 [82/172],,,,,,,,
Unmanned Systems,2025,2301-3850/2301-3869,否,否,否,ESCI,2.4,中国SCI期刊支持计划,计算机科学,3 [297/758],否,二级, AUTOMATION & CONTROL SYSTEMS 自动化与控制系统,3 [37/83],,,,,,,,,,
High-Confidence Computing,2025,2667-2952/2667-2952,否,否,是,ESCI,3,中国SCI期刊支持计划,计算机科学,3 [298/758],否,二级," COMPUTER SCIENCE, INFORMATION SYSTEMS 计算机：信息系统",3 [90/249],,,,,,,,,,
Frontiers of Information Technology & Electronic Engineering,2025,2095-9184/2095-9230,否,否,否,SCIE,2.9,中国SCI期刊支持计划,计算机科学,3 [299/758],否,二级," COMPUTER SCIENCE, INFORMATION SYSTEMS 计算机：信息系统",3 [91/249]," COMPUTER SCIENCE, SOFTWARE ENGINEERING 计算机：软件工程",3 [62/131]," ENGINEERING, ELECTRICAL & ELECTRONIC 工程：电子与电气",3 [162/352],,,,,,
CHINESE JOURNAL OF ELECTRONICS,2025,1022-4653/2075-5597,否,否,否,SCIE,3,中国SCI期刊支持计划,计算机科学,3 [300/758],否,二级," ENGINEERING, ELECTRICAL & ELECTRONIC 工程：电子与电气",3 [163/352],,,,,,,,,,
Journal of Electronics & Information Technology,2025,1009-5896/1009-5896,否,否,否,ESCI,,"中英文期刊""同质等效""评价",计算机科学,3 [301/758],否,二级," ENGINEERING, ELECTRICAL & ELECTRONIC 工程：电子与电气",3 [165/352],,,,,,,,,,
SCIENCE OF COMPUTER PROGRAMMING,2025,0167-6423/1872-7964,否,否,否,SCIE,1.4,,计算机科学,4 [302/758],否,三级," COMPUTER SCIENCE, SOFTWARE ENGINEERING 计算机：软件工程",4 [64/131],,,,,,,,,,
Journal of Real-Time Image Processing,2025,1861-8200/1861-8219,否,否,否,SCIE,3,,计算机科学,4 [303/758],否,三级," ENGINEERING, ELECTRICAL & ELECTRONIC 工程：电子与电气",3 [144/352], IMAGING SCIENCE & PHOTOGRAPHIC TECHNOLOGY 成像科学与照相技术,3 [15/35]," COMPUTER SCIENCE, ARTIFICIAL INTELLIGENCE 计算机：人工智能",4 [92/196],,,,,,
ACM Transactions on Management Information Systems,2025,2158-656X/2158-6578,否,否,否,ESCI,3.6,,计算机科学,4 [304/758],否,三级," COMPUTER SCIENCE, INFORMATION SYSTEMS 计算机：信息系统",4 [111/249],,,,,,,,,,
Advances in Data Analysis and Classification,2025,1862-5347/1862-5355,否,否,否,SCIE,1.3,,计算机科学,4 [305/758],否,三级, STATISTICS & PROBABILITY 统计学与概率论,3 [47/166],,,,,,,,,,
Proceedings of the ACM on Measurement and Analysis of Computing Systems,2025,2476-1249/2476-1249,否,否,否,ESCI,2.7,,计算机科学,4 [306/758],否,三级," COMPUTER SCIENCE, HARDWARE & ARCHITECTURE 计算机：硬件",4 [31/58]," COMPUTER SCIENCE, INFORMATION SYSTEMS 计算机：信息系统",4 [112/249],,,,,,,,
COMPUTER GRAPHICS FORUM,2025,0167-7055/1467-8659,否,否,否,SCIE,2.9,,计算机科学,4 [307/758],否,三级," COMPUTER SCIENCE, SOFTWARE ENGINEERING 计算机：软件工程",4 [65/131],,,,,,,,,,
Nano Communication Networks,2025,1878-7789/1878-7797,否,否,否,SCIE,4.7,,计算机科学,4 [308/758],否,三级," ENGINEERING, ELECTRICAL & ELECTRONIC 工程：电子与电气",3 [146/352], NANOSCIENCE & NANOTECHNOLOGY 纳米科技,4 [60/139], TELECOMMUNICATIONS 电信学,4 [54/119],,,,,,
JOURNAL OF INTELLIGENT & ROBOTIC SYSTEMS,2025,0921-0296/1573-0409,否,否,否,SCIE,2.8,,计算机科学,4 [309/758],否,三级," COMPUTER SCIENCE, ARTIFICIAL INTELLIGENCE 计算机：人工智能",4 [94/196], ROBOTICS 机器人学,4 [21/47],,,,,,,,
ALGORITHMICA,2025,0178-4617/1432-0541,否,否,否,SCIE,0.7,,计算机科学,4 [310/758],否,三级," MATHEMATICS, APPLIED 应用数学",3 [124/330]," COMPUTER SCIENCE, SOFTWARE ENGINEERING 计算机：软件工程",4 [66/131],,,,,,,,
INTERNATIONAL JOURNAL OF GENERAL SYSTEMS,2025,0308-1079/1563-5104,否,否,否,SCIE,2.9,,计算机科学,4 [311/758],否,三级," COMPUTER SCIENCE, THEORY & METHODS 计算机：理论方法",3 [54/143],,,,,,,,,,
Language Resources and Evaluation,2025,1574-020X/1574-0218,否,否,否,SCIE,1.8,,计算机科学,4 [312/758],否,三级," COMPUTER SCIENCE, INTERDISCIPLINARY APPLICATIONS 计算机：跨学科应用",4 [85/172],,,,,,,,,,
Theory of Computing,2025,1557-2862/1557-2862,否,否,否,SCIE,0.7,,计算机科学,4 [313/758],否,三级," COMPUTER SCIENCE, THEORY & METHODS 计算机：理论方法",3 [55/143],,,,,,,,,,
Kunstliche Intelligenz,2025,0933-1875/1610-1987,否,否,否,ESCI,3.6,,计算机科学,4 [314/758],否,三级," COMPUTER SCIENCE, ARTIFICIAL INTELLIGENCE 计算机：人工智能",4 [95/196],,,,,,,,,,
IEEE INTELLIGENT SYSTEMS,2025,1541-1672/1941-1294,否,否,否,SCIE,6.1,,计算机科学,4 [315/758],否,三级," ENGINEERING, ELECTRICAL & ELECTRONIC 工程：电子与电气",3 [147/352]," COMPUTER SCIENCE, ARTIFICIAL INTELLIGENCE 计算机：人工智能",4 [96/196],,,,,,,,
ACM Transactions on Sensor Networks,2025,1550-4859/1550-4867,否,否,否,SCIE,4.7,,计算机科学,4 [316/758],否,三级," COMPUTER SCIENCE, INFORMATION SYSTEMS 计算机：信息系统",4 [113/249], TELECOMMUNICATIONS 电信学,4 [55/119],,,,,,,,
INTERNATIONAL JOURNAL OF ROBUST AND NONLINEAR CONTROL,2025,1049-8923/1099-1239,否,否,否,SCIE,3.2,,计算机科学,4 [317/758],否,三级, AUTOMATION & CONTROL SYSTEMS 自动化与控制系统,3 [33/83]," ENGINEERING, ELECTRICAL & ELECTRONIC 工程：电子与电气",3 [150/352]," MATHEMATICS, APPLIED 应用数学",3 [130/330],,,,,,
IEEE Access,2025,2169-3536/2169-3536,否,否,是,SCIE,3.6,Mega-Journal,计算机科学,4 [318/758],否,三级," COMPUTER SCIENCE, INFORMATION SYSTEMS 计算机：信息系统",4 [114/249]," ENGINEERING, ELECTRICAL & ELECTRONIC 工程：电子与电气",4 [166/352], TELECOMMUNICATIONS 电信学,4 [56/119],,,,,,
COMPUTING,2025,0010-485X/1436-5057,否,否,否,SCIE,2.8,,计算机科学,4 [319/758],否,三级," COMPUTER SCIENCE, THEORY & METHODS 计算机：理论方法",3 [57/143],,,,,,,,,,
ACM Transactions on Computation Theory,2025,1942-3454/1942-3462,否,否,否,ESCI,0.8,,计算机科学,4 [320/758],否,三级," COMPUTER SCIENCE, THEORY & METHODS 计算机：理论方法",3 [58/143],,,,,,,,,,
DISTRIBUTED COMPUTING,2025,0178-2770/1432-0452,否,否,否,SCIE,2.1,,计算机科学,4 [321/758],否,三级," COMPUTER SCIENCE, THEORY & METHODS 计算机：理论方法",3 [59/143],,,,,,,,,,
ACM TRANSACTIONS ON DESIGN AUTOMATION OF ELECTRONIC SYSTEMS,2025,1084-4309/1557-7309,否,否,否,SCIE,2,,计算机科学,4 [322/758],否,三级," COMPUTER SCIENCE, HARDWARE & ARCHITECTURE 计算机：硬件",4 [33/58]," COMPUTER SCIENCE, SOFTWARE ENGINEERING 计算机：软件工程",4 [67/131],,,,,,,,
ACM Transactions on Autonomous and Adaptive Systems,2025,1556-4665/1556-4703,否,否,否,SCIE,2.1,,计算机科学,4 [323/758],否,三级," COMPUTER SCIENCE, THEORY & METHODS 计算机：理论方法",3 [60/143]," COMPUTER SCIENCE, ARTIFICIAL INTELLIGENCE 计算机：人工智能",4 [98/196]," COMPUTER SCIENCE, INFORMATION SYSTEMS 计算机：信息系统",4 [115/249],,,,,,
International Journal of Computer Games Technology,2025,1687-7047/1687-7055,否,否,是,ESCI,1.1,,计算机科学,4 [324/758],否,三级," COMPUTER SCIENCE, SOFTWARE ENGINEERING 计算机：软件工程",4 [68/131],,,,,,,,,,
MACHINE LEARNING,2025,0885-6125/1573-0565,否,否,否,SCIE,2.9,,计算机科学,4 [325/758],否,三级," COMPUTER SCIENCE, ARTIFICIAL INTELLIGENCE 计算机：人工智能",4 [99/196],,,,,,,,,,
Journal of Internet Services and Applications,2025,1867-4828/1869-0238,否,否,是,ESCI,0.9,,计算机科学,4 [326/758],否,三级," COMPUTER SCIENCE, INFORMATION SYSTEMS 计算机：信息系统",4 [116/249],,,,,,,,,,
Journal of Cryptographic Engineering,2025,2190-8508/2190-8516,否,否,否,SCIE,1.4,,计算机科学,4 [327/758],否,三级," COMPUTER SCIENCE, THEORY & METHODS 计算机：理论方法",3 [61/143],,,,,,,,,,
Frontiers in Artificial Intelligence,2025,2624-8212/2624-8212,否,否,是,ESCI,4.7,,计算机科学,4 [328/758],否,三级," COMPUTER SCIENCE, ARTIFICIAL INTELLIGENCE 计算机：人工智能",4 [100/196]," COMPUTER SCIENCE, INFORMATION SYSTEMS 计算机：信息系统",4 [117/249],,,,,,,,
JOURNAL OF VISUAL COMMUNICATION AND IMAGE REPRESENTATION,2025,1047-3203/1095-9076,否,否,否,SCIE,3.1,,计算机科学,4 [329/758],否,三级," COMPUTER SCIENCE, INFORMATION SYSTEMS 计算机：信息系统",4 [118/249]," COMPUTER SCIENCE, SOFTWARE ENGINEERING 计算机：软件工程",4 [69/131],,,,,,,,
Information Retrieval Journal,2025,1386-4564/1573-7659,否,否,否,SCIE,1.9,,计算机科学,4 [330/758],否,三级," COMPUTER SCIENCE, INFORMATION SYSTEMS 计算机：信息系统",4 [119/249],,,,,,,,,,
China Communications,2025,1673-5447,否,否,否,SCIE,3.1,,计算机科学,4 [331/758],否,三级, TELECOMMUNICATIONS 电信学,4 [57/119],,,,,,,,,,
Journal of Sensor and Actuator Networks,2025,2224-2708/2224-2708,否,否,是,ESCI,4.2,,计算机科学,4 [332/758],否,三级," COMPUTER SCIENCE, INFORMATION SYSTEMS 计算机：信息系统",4 [120/249], TELECOMMUNICATIONS 电信学,4 [58/119],,,,,,,,
EUROPEAN JOURNAL OF CONTROL,2025,0947-3580/1435-5671,否,否,否,SCIE,2.6,,计算机科学,4 [333/758],否,三级, AUTOMATION & CONTROL SYSTEMS 自动化与控制系统,3 [34/83],,,,,,,,,,
ACM TRANSACTIONS ON COMPUTER SYSTEMS,2025,0734-2071/1557-7333,否,否,否,SCIE,1.8,,计算机科学,4 [334/758],否,三级," COMPUTER SCIENCE, THEORY & METHODS 计算机：理论方法",3 [62/143],,,,,,,,,,
Applied System Innovation,2025,2571-5577/2571-5577,否,否,是,ESCI,3.7,,计算机科学,4 [335/758],否,三级," ENGINEERING, ELECTRICAL & ELECTRONIC 工程：电子与电气",3 [154/352]," COMPUTER SCIENCE, INFORMATION SYSTEMS 计算机：信息系统",4 [121/249], TELECOMMUNICATIONS 电信学,4 [59/119],,,,,,
ACM Transactions on Economics and Computation,2025,2167-8375/2167-8383,否,否,否,ESCI,0.9,,计算机科学,4 [336/758],否,三级," COMPUTER SCIENCE, INTERDISCIPLINARY APPLICATIONS 计算机：跨学科应用",4 [88/172],,,,,,,,,,
Universal Access in the Information Society,2025,1615-5289/1615-5297,否,否,否,SSCI;SCIE,2.7,,计算机科学,4 [337/758],否,三级," COMPUTER SCIENCE, CYBERNETICS 计算机：控制论",4 [16/32], ERGONOMICS 人体工程学,4 [14/24],,,,,,,,
IEEE SOFTWARE,2025,0740-7459/1937-4194,否,否,否,SCIE,3,,计算机科学,4 [338/758],否,三级," COMPUTER SCIENCE, SOFTWARE ENGINEERING 计算机：软件工程",4 [70/131],,,,,,,,,,
PeerJ Computer Science,2025,2376-5992/2376-5992,否,否,是,SCIE,2.5,,计算机科学,4 [339/758],否,三级," COMPUTER SCIENCE, THEORY & METHODS 计算机：理论方法",3 [63/143]," COMPUTER SCIENCE, ARTIFICIAL INTELLIGENCE 计算机：人工智能",4 [101/196]," COMPUTER SCIENCE, INFORMATION SYSTEMS 计算机：信息系统",4 [122/249],,,,,,
International Journal of Machine Learning and Cybernetics,2025,1868-8071/1868-808X,否,否,否,SCIE,2.7,,计算机科学,4 [340/758],否,三级," COMPUTER SCIENCE, ARTIFICIAL INTELLIGENCE 计算机：人工智能",4 [102/196],,,,,,,,,,
Future Internet,2025,1999-5903/1999-5903,否,否,是,ESCI,3.6,,计算机科学,4 [341/758],否,三级," COMPUTER SCIENCE, INFORMATION SYSTEMS 计算机：信息系统",4 [123/249],,,,,,,,,,
Journal of Mechanisms and Robotics-Transactions of the ASME,2025,1942-4302/1942-4310,否,否,否,SCIE,3.2,,计算机科学,4 [342/758],否,三级," ENGINEERING, MECHANICAL 工程：机械",3 [63/181], ROBOTICS 机器人学,4 [23/47],,,,,,,,
ASIAN JOURNAL OF CONTROL,2025,1561-8625/1934-6093,否,否,否,SCIE,2.7,,计算机科学,4 [343/758],否,三级, AUTOMATION & CONTROL SYSTEMS 自动化与控制系统,3 [35/83],,,,,,,,,,
Machine Learning and Knowledge Extraction,2025,2504-4990/2504-4990,否,否,是,ESCI,6,,计算机科学,4 [344/758],否,三级," ENGINEERING, ELECTRICAL & ELECTRONIC 工程：电子与电气",3 [155/352]," COMPUTER SCIENCE, ARTIFICIAL INTELLIGENCE 计算机：人工智能",4 [103/196]," COMPUTER SCIENCE, INTERDISCIPLINARY APPLICATIONS 计算机：跨学科应用",4 [89/172],,,,,,
Foundations of Data Science,2025,2639-8001/2639-8001,否,否,否,ESCI,1.4,,计算机科学,4 [345/758],否,三级, STATISTICS & PROBABILITY 统计学与概率论,3 [60/166]," MATHEMATICS, APPLIED 应用数学",4 [147/330],,,,,,,,
MULTIMEDIA SYSTEMS,2025,0942-4962/1432-1882,否,否,否,SCIE,3.1,,计算机科学,4 [346/758],否,三级," COMPUTER SCIENCE, INFORMATION SYSTEMS 计算机：信息系统",4 [124/249]," COMPUTER SCIENCE, THEORY & METHODS 计算机：理论方法",4 [65/143],,,,,,,,
Automated Software Engineering,2025,0928-8910/1573-7535,否,否,否,SCIE,3.1,,计算机科学,4 [347/758],否,三级," COMPUTER SCIENCE, SOFTWARE ENGINEERING 计算机：软件工程",4 [71/131],,,,,,,,,,
ACM Transactions on Interactive Intelligent Systems,2025,2160-6455/2160-6463,否,否,否,SCIE,4.8,,计算机科学,4 [348/758],否,三级," COMPUTER SCIENCE, ARTIFICIAL INTELLIGENCE 计算机：人工智能",4 [104/196],,,,,,,,,,
Peer-to-Peer Networking and Applications,2025,1936-6442/1936-6450,否,否,否,SCIE,2.6,,计算机科学,4 [349/758],否,三级," COMPUTER SCIENCE, INFORMATION SYSTEMS 计算机：信息系统",4 [125/249], TELECOMMUNICATIONS 电信学,4 [60/119],,,,,,,,
International Journal of Fuzzy Systems,2025,1562-2479/2199-3211,否,否,否,SCIE,3.6,,计算机科学,4 [350/758],否,三级, AUTOMATION & CONTROL SYSTEMS 自动化与控制系统,3 [36/83]," COMPUTER SCIENCE, ARTIFICIAL INTELLIGENCE 计算机：人工智能",4 [105/196]," COMPUTER SCIENCE, INFORMATION SYSTEMS 计算机：信息系统",4 [126/249],,,,,,
International Journal on Software Tools for Technology Transfer,2025,1433-2779/1433-2787,否,否,否,SCIE,1.4,,计算机科学,4 [351/758],否,三级," COMPUTER SCIENCE, SOFTWARE ENGINEERING 计算机：软件工程",4 [72/131],,,,,,,,,,
REAL-TIME SYSTEMS,2025,0922-6443/1573-1383,否,否,否,SCIE,1.3,,计算机科学,4 [352/758],否,三级," COMPUTER SCIENCE, THEORY & METHODS 计算机：理论方法",4 [67/143],,,,,,,,,,
JOURNAL OF SUPERCOMPUTING,2025,0920-8542/1573-0484,否,否,否,SCIE,2.7,,计算机科学,4 [353/758],否,三级," ENGINEERING, ELECTRICAL & ELECTRONIC 工程：电子与电气",3 [157/352]," COMPUTER SCIENCE, HARDWARE & ARCHITECTURE 计算机：硬件",4 [34/58]," COMPUTER SCIENCE, THEORY & METHODS 计算机：理论方法",4 [68/143],,,,,,
Social Network Analysis and Mining,2025,1869-5450/1869-5469,否,否,否,ESCI,2.8,,计算机科学,4 [354/758],否,三级," COMPUTER SCIENCE, INFORMATION SYSTEMS 计算机：信息系统",4 [127/249],,,,,,,,,,
Information,2025,2078-2489/2078-2489,否,否,是,ESCI,2.9,,计算机科学,4 [355/758],否,三级," COMPUTER SCIENCE, INFORMATION SYSTEMS 计算机：信息系统",4 [128/249],,,,,,,,,,
Applied Computing and Informatics,2025,2634-1964/2210-8327,否,否,是,ESCI,4.9,,计算机科学,4 [356/758],否,三级," COMPUTER SCIENCE, INFORMATION SYSTEMS 计算机：信息系统",4 [129/249],,,,,,,,,,
SOFTWARE TESTING VERIFICATION & RELIABILITY,2025,0960-0833/1099-1689,否,否,否,SCIE,1.2,,计算机科学,4 [357/758],否,三级," COMPUTER SCIENCE, SOFTWARE ENGINEERING 计算机：软件工程",4 [73/131],,,,,,,,,,
Genetic Programming and Evolvable Machines,2025,1389-2576/1573-7632,否,否,否,SCIE,0.9,,计算机科学,4 [358/758],否,三级," COMPUTER SCIENCE, ARTIFICIAL INTELLIGENCE 计算机：人工智能",4 [106/196]," COMPUTER SCIENCE, THEORY & METHODS 计算机：理论方法",4 [69/143],,,,,,,,
IEEE Embedded Systems Letters,2025,1943-0663/1943-0671,否,否,否,SCIE,2,,计算机科学,4 [359/758],否,三级," COMPUTER SCIENCE, HARDWARE & ARCHITECTURE 计算机：硬件",4 [35/58]," COMPUTER SCIENCE, SOFTWARE ENGINEERING 计算机：软件工程",4 [74/131],,,,,,,,
COMPUTER AIDED GEOMETRIC DESIGN,2025,0167-8396/1879-2332,否,否,否,SCIE,1.7,,计算机科学,4 [360/758],否,三级," COMPUTER SCIENCE, SOFTWARE ENGINEERING 计算机：软件工程",4 [75/131]," MATHEMATICS, APPLIED 应用数学",4 [155/330],,,,,,,,
Frontiers in Robotics and AI,2025,2296-9144/2296-9144,否,否,是,ESCI,3,,计算机科学,4 [361/758],否,三级, ROBOTICS 机器人学,4 [24/47],,,,,,,,,,
KNOWLEDGE AND INFORMATION SYSTEMS,2025,0219-1377/0219-3116,否,否,否,SCIE,3.1,,计算机科学,4 [362/758],否,三级," COMPUTER SCIENCE, ARTIFICIAL INTELLIGENCE 计算机：人工智能",4 [107/196]," COMPUTER SCIENCE, INFORMATION SYSTEMS 计算机：信息系统",4 [131/249],,,,,,,,
IEEE SECURITY & PRIVACY,2025,1540-7993/1558-4046,否,否,否,SCIE,3,,计算机科学,4 [363/758],否,三级," COMPUTER SCIENCE, INFORMATION SYSTEMS 计算机：信息系统",4 [132/249]," COMPUTER SCIENCE, SOFTWARE ENGINEERING 计算机：软件工程",4 [76/131],,,,,,,,
MATHEMATICS OF CONTROL SIGNALS AND SYSTEMS,2025,0932-4194/1435-568X,否,否,否,SCIE,1.8,,计算机科学,4 [364/758],否,三级," MATHEMATICS, INTERDISCIPLINARY APPLICATIONS 数学跨学科应用",3 [58/136], AUTOMATION & CONTROL SYSTEMS 自动化与控制系统,4 [38/83]," ENGINEERING, ELECTRICAL & ELECTRONIC 工程：电子与电气",4 [167/352],,,,,,
Cryptography,2025,2410-387X/2410-387X,否,否,是,ESCI,2.1,,计算机科学,4 [365/758],否,三级," COMPUTER SCIENCE, INFORMATION SYSTEMS 计算机：信息系统",4 [133/249]," COMPUTER SCIENCE, THEORY & METHODS 计算机：理论方法",4 [71/143],,,,,,,,
Theoretical Computer Science,2025,0304-3975/1879-2294,否,否,否,SCIE,1,,计算机科学,4 [366/758],否,三级," COMPUTER SCIENCE, THEORY & METHODS 计算机：理论方法",4 [72/143],,,,,,,,,,
SOFTWARE QUALITY JOURNAL,2025,0963-9314/1573-1367,否,否,否,SCIE,2.3,,计算机科学,4 [367/758],否,三级," COMPUTER SCIENCE, SOFTWARE ENGINEERING 计算机：软件工程",4 [77/131],,,,,,,,,,
KYBERNETES,2025,0368-492X/1758-7883,否,否,否,SCIE,2.9,,计算机科学,4 [368/758],否,三级," COMPUTER SCIENCE, CYBERNETICS 计算机：控制论",4 [17/32],,,,,,,,,,
Journal of Computer Languages,2025,2590-1184/2665-9182,否,否,否,SCIE,1.8,,计算机科学,4 [369/758],否,三级," COMPUTER SCIENCE, SOFTWARE ENGINEERING 计算机：软件工程",4 [78/131],,,,,,,,,,
Array,2025,2590-0056/2590-0056,否,否,是,ESCI,4.5,,计算机科学,4 [370/758],否,三级," COMPUTER SCIENCE, THEORY & METHODS 计算机：理论方法",4 [73/143],,,,,,,,,,
WORLD WIDE WEB-INTERNET AND WEB INFORMATION SYSTEMS,2025,1386-145X/1573-1413,否,否,否,SCIE,3.4,,计算机科学,4 [371/758],否,三级," COMPUTER SCIENCE, INFORMATION SYSTEMS 计算机：信息系统",4 [135/249]," COMPUTER SCIENCE, SOFTWARE ENGINEERING 计算机：软件工程",4 [79/131],,,,,,,,
INFORMATION AND COMPUTATION,2025,0890-5401/1090-2651,否,否,否,SCIE,1,,计算机科学,4 [372/758],否,三级," COMPUTER SCIENCE, THEORY & METHODS 计算机：理论方法",4 [74/143]," MATHEMATICS, APPLIED 应用数学",4 [165/330],,,,,,,,
INTERNATIONAL JOURNAL OF SYSTEMS SCIENCE,2025,0020-7721/1464-5319,否,否,否,SCIE,4.6,,计算机科学,4 [373/758],否,三级, AUTOMATION & CONTROL SYSTEMS 自动化与控制系统,4 [40/83]," COMPUTER SCIENCE, THEORY & METHODS 计算机：理论方法",4 [75/143], OPERATIONS RESEARCH & MANAGEMENT SCIENCE 运筹学与管理科学,4 [54/106],,,,,,
JOURNAL OF COMMUNICATIONS AND NETWORKS,2025,1229-2370/1976-5541,否,否,否,SCIE,3.2,,计算机科学,4 [374/758],否,三级," COMPUTER SCIENCE, INFORMATION SYSTEMS 计算机：信息系统",4 [136/249], TELECOMMUNICATIONS 电信学,4 [61/119],,,,,,,,
Natural Language Engineering,2025,1351-3249/1469-8110,否,否,否,SSCI;AHCISCIE,1.9,,计算机科学,4 [375/758],否,三级," COMPUTER SCIENCE, ARTIFICIAL INTELLIGENCE 计算机：人工智能",4 [108/196], LANGUAGE & LINGUISTICS 语言与语言学,4 [170/391], LINGUISTICS 语言学,4 [184/294],,,,,,
Computers,2025,2073-431X/2073-431X,否,否,是,ESCI,4.2,,计算机科学,4 [376/758],否,三级," COMPUTER SCIENCE, INTERDISCIPLINARY APPLICATIONS 计算机：跨学科应用",4 [95/172],,,,,,,,,,
Information Technology and Control,2025,1392-124X/1392-124X,否,否,是,SCIE,1.9,,计算机科学,4 [377/758],否,三级, AUTOMATION & CONTROL SYSTEMS 自动化与控制系统,4 [41/83]," COMPUTER SCIENCE, ARTIFICIAL INTELLIGENCE 计算机：人工智能",4 [110/196]," COMPUTER SCIENCE, INFORMATION SYSTEMS 计算机：信息系统",4 [139/249],,,,,,
Robotics,2025,2218-6581/2218-6581,否,否,是,ESCI,3.3,,计算机科学,4 [378/758],否,三级, ROBOTICS 机器人学,4 [25/47],,,,,,,,,,
IEEE Computer Architecture Letters,2025,1556-6056/1556-6064,否,否,否,SCIE,1.4,,计算机科学,4 [379/758],否,三级," COMPUTER SCIENCE, HARDWARE & ARCHITECTURE 计算机：硬件",4 [36/58],,,,,,,,,,
EURASIP Journal on Audio Speech and Music Processing,2025,1687-4722/1687-4722,否,否,是,SCIE,1.9,,计算机科学,4 [380/758],否,三级, ACOUSTICS 声学,3 [16/40]," ENGINEERING, ELECTRICAL & ELECTRONIC 工程：电子与电气",4 [172/352],,,,,,,,
ACM Transactions on Parallel Computing,2025,2329-4949/2329-4957,否,否,否,ESCI,1.2,,计算机科学,4 [381/758],否,三级," COMPUTER SCIENCE, THEORY & METHODS 计算机：理论方法",4 [78/143],,,,,,,,,,
Data,2025,2306-5729/2306-5729,否,否,是,ESCI,2,,计算机科学,4 [382/758],否,三级," COMPUTER SCIENCE, INFORMATION SYSTEMS 计算机：信息系统",4 [140/249], MULTIDISCIPLINARY SCIENCES 综合性期刊,4 [41/131],,,,,,,,
Evolving Systems,2025,1868-6478/1868-6486,否,否,否,SCIE,2.7,,计算机科学,4 [383/758],否,三级," COMPUTER SCIENCE, ARTIFICIAL INTELLIGENCE 计算机：人工智能",4 [112/196],,,,,,,,,,
ACM Transactions on Asian and Low-Resource Language Information Processing,2025,2375-4699/2375-4702,否,否,否,SCIE,2,,计算机科学,4 [384/758],否,三级," COMPUTER SCIENCE, ARTIFICIAL INTELLIGENCE 计算机：人工智能",4 [113/196],,,,,,,,,,
Electronics,2025,2079-9292/2079-9292,否,否,是,SCIE,2.6,Mega-Journal,计算机科学,4 [385/758],否,三级," COMPUTER SCIENCE, INFORMATION SYSTEMS 计算机：信息系统",4 [141/249]," ENGINEERING, ELECTRICAL & ELECTRONIC 工程：电子与电气",4 [173/352]," PHYSICS, APPLIED 物理：应用",4 [91/178],,,,,,
INTERNATIONAL JOURNAL OF CONTROL AUTOMATION AND SYSTEMS,2025,1598-6446/2005-4092,否,否,否,SCIE,2.9,,计算机科学,4 [386/758],否,三级, AUTOMATION & CONTROL SYSTEMS 自动化与控制系统,4 [42/83],,,,,,,,,,
IET Computers and Digital Techniques,2025,1751-8601/1751-861X,否,否,是,SCIE,0.8,,计算机科学,4 [387/758],否,三级," COMPUTER SCIENCE, HARDWARE & ARCHITECTURE 计算机：硬件",4 [37/58]," COMPUTER SCIENCE, THEORY & METHODS 计算机：理论方法",4 [79/143],,,,,,,,
MACHINE VISION AND APPLICATIONS,2025,0932-8092/1432-1769,否,否,否,SCIE,2.3,,计算机科学,4 [388/758],否,三级," COMPUTER SCIENCE, ARTIFICIAL INTELLIGENCE 计算机：人工智能",4 [114/196]," COMPUTER SCIENCE, CYBERNETICS 计算机：控制论",4 [18/32]," ENGINEERING, ELECTRICAL & ELECTRONIC 工程：电子与电气",4 [174/352],,,,,,
SOFTWARE-PRACTICE & EXPERIENCE,2025,0038-0644/1097-024X,否,否,否,SCIE,2.7,,计算机科学,4 [389/758],否,三级," COMPUTER SCIENCE, SOFTWARE ENGINEERING 计算机：软件工程",4 [80/131],,,,,,,,,,
EURASIP Journal on Information Security,2025,2510-523X/2510-523X,否,否,是,ESCI,2.1,,计算机科学,4 [390/758],否,三级," COMPUTER SCIENCE, INFORMATION SYSTEMS 计算机：信息系统",4 [143/249],,,,,,,,,,
Proceedings of the ACM on Computer Graphics and Interactive Techniques,2025,2577-6193/2577-6193,否,否,否,ESCI,2.3,,计算机科学,4 [391/758],否,三级," COMPUTER SCIENCE, SOFTWARE ENGINEERING 计算机：软件工程",4 [81/131],,,,,,,,,,
Frontiers in Neurorobotics,2025,1662-5218/1662-5218,否,否,是,SCIE,2.8,,计算机科学,4 [392/758],否,三级," COMPUTER SCIENCE, ARTIFICIAL INTELLIGENCE 计算机：人工智能",4 [115/196], NEUROSCIENCES 神经科学,4 [222/309], ROBOTICS 机器人学,4 [26/47],,,,,,
International Journal of Software Science and Computational Intelligence-IJSSCI,2025,1942-9045/1942-9037,否,否,否,ESCI,3.4,,计算机科学,4 [393/758],否,三级," COMPUTER SCIENCE, ARTIFICIAL INTELLIGENCE 计算机：人工智能",4 [116/196]," COMPUTER SCIENCE, INFORMATION SYSTEMS 计算机：信息系统",4 [145/249]," COMPUTER SCIENCE, SOFTWARE ENGINEERING 计算机：软件工程",4 [82/131],,,,,,
AI MAGAZINE,2025,0738-4602/2371-9621,否,否,否,SCIE,3.2,,计算机科学,4 [394/758],否,三级," COMPUTER SCIENCE, ARTIFICIAL INTELLIGENCE 计算机：人工智能",4 [117/196],,,,,,,,,,
JOURNAL OF MACHINE LEARNING RESEARCH,2025,1532-4435,否,否,否,SCIE,5.2,,计算机科学,4 [395/758],否,三级, AUTOMATION & CONTROL SYSTEMS 自动化与控制系统,4 [43/83]," COMPUTER SCIENCE, ARTIFICIAL INTELLIGENCE 计算机：人工智能",4 [118/196],,,,,,,,
Mathematical Foundations of Computing,2025,2577-8838/2577-8838,否,否,是,ESCI,0.8,,计算机科学,4 [396/758],否,三级," COMPUTER SCIENCE, THEORY & METHODS 计算机：理论方法",4 [81/143],,,,,,,,,,
Information and Computer Security,2025,2056-4961/2056-4961,否,否,否,ESCI,1.8,,计算机科学,4 [397/758],否,三级," COMPUTER SCIENCE, INFORMATION SYSTEMS 计算机：信息系统",4 [147/249],,,,,,,,,,
International Journal of Information Security,2025,1615-5262/1615-5270,否,否,否,SCIE,3.2,,计算机科学,4 [398/758],否,三级," COMPUTER SCIENCE, INFORMATION SYSTEMS 计算机：信息系统",4 [148/249]," COMPUTER SCIENCE, SOFTWARE ENGINEERING 计算机：软件工程",4 [83/131]," COMPUTER SCIENCE, THEORY & METHODS 计算机：理论方法",4 [83/143],,,,,,
Big Data,2025,2167-6461/2167-647X,否,否,否,SCIE,2,,计算机科学,4 [399/758],否,三级," COMPUTER SCIENCE, INTERDISCIPLINARY APPLICATIONS 计算机：跨学科应用",4 [103/172]," COMPUTER SCIENCE, THEORY & METHODS 计算机：理论方法",4 [84/143],,,,,,,,
SOFT COMPUTING,2025,1432-7643/1433-7479,否,否,否,SCIEOnHold,2.5,,计算机科学,4 [400/758],否,三级," COMPUTER SCIENCE, ARTIFICIAL INTELLIGENCE 计算机：人工智能",4 [119/196]," COMPUTER SCIENCE, INTERDISCIPLINARY APPLICATIONS 计算机：跨学科应用",4 [104/172],,,,,,,,
DESIGN AUTOMATION FOR EMBEDDED SYSTEMS,2025,0929-5585/1572-8080,否,否,否,SCIE,0.9,,计算机科学,4 [401/758],否,三级," COMPUTER SCIENCE, HARDWARE & ARCHITECTURE 计算机：硬件",4 [38/58]," COMPUTER SCIENCE, SOFTWARE ENGINEERING 计算机：软件工程",4 [84/131],,,,,,,,
AI,2025,2673-2688/2673-2688,否,否,是,ESCI,5,,计算机科学,4 [402/758],否,三级," COMPUTER SCIENCE, ARTIFICIAL INTELLIGENCE 计算机：人工智能",4 [120/196]," COMPUTER SCIENCE, INTERDISCIPLINARY APPLICATIONS 计算机：跨学科应用",4 [106/172],,,,,,,,
IEEE PERVASIVE COMPUTING,2025,1536-1268/1558-2590,否,否,否,SCIE,1.8,,计算机科学,4 [403/758],否,三级," COMPUTER SCIENCE, INFORMATION SYSTEMS 计算机：信息系统",4 [149/249]," ENGINEERING, ELECTRICAL & ELECTRONIC 工程：电子与电气",4 [179/352], TELECOMMUNICATIONS 电信学,4 [62/119],,,,,,
Network Science,2025,2050-1242/2050-1250,否,否,否,ESCI,1.5,,计算机科学,4 [404/758],否,三级," SOCIAL SCIENCES, INTERDISCIPLINARY 社会科学：跨领域",4 [125/263]," SOCIAL SCIENCES, MATHEMATICAL METHODS 社会科学：数理方法",4 [41/67], SOCIOLOGY 社会学,4 [147/216],,,,,,
APPLIED ARTIFICIAL INTELLIGENCE,2025,0883-9514/1087-6545,否,否,是,SCIE,4.3,,计算机科学,4 [405/758],否,三级," COMPUTER SCIENCE, ARTIFICIAL INTELLIGENCE 计算机：人工智能",4 [121/196]," ENGINEERING, ELECTRICAL & ELECTRONIC 工程：电子与电气",4 [180/352],,,,,,,,
Journal of Information and Telecommunication,2025,2475-1839/2475-1847,否,否,是,ESCI,1.7,,计算机科学,4 [406/758],否,三级," COMPUTER SCIENCE, INFORMATION SYSTEMS 计算机：信息系统",4 [150/249]," ENGINEERING, ELECTRICAL & ELECTRONIC 工程：电子与电气",4 [181/352], TELECOMMUNICATIONS 电信学,4 [63/119],,,,,,
ANNALS OF MATHEMATICS AND ARTIFICIAL INTELLIGENCE,2025,1012-2443/1573-7470,否,否,否,SCIE,1,,计算机科学,4 [407/758],否,三级," COMPUTER SCIENCE, ARTIFICIAL INTELLIGENCE 计算机：人工智能",4 [122/196]," MATHEMATICS, APPLIED 应用数学",4 [187/330],,,,,,,,
THEORY OF COMPUTING SYSTEMS,2025,1432-4350/1433-0490,否,否,否,SCIE,0.4,,计算机科学,4 [408/758],否,三级," COMPUTER SCIENCE, THEORY & METHODS 计算机：理论方法",4 [86/143], MATHEMATICS 数学,4 [289/487],,,,,,,,
Applied Network Science,2025,2364-8228/2364-8228,否,否,是,ESCI,1.5,,计算机科学,4 [409/758],否,三级," COMPUTER SCIENCE, THEORY & METHODS 计算机：理论方法",4 [87/143], MULTIDISCIPLINARY SCIENCES 综合性期刊,4 [44/131],,,,,,,,
IEEE Consumer Electronics Magazine,2025,2162-2248/2162-2256,否,否,否,SCIE,4.1,,计算机科学,4 [410/758],否,三级," COMPUTER SCIENCE, HARDWARE & ARCHITECTURE 计算机：硬件",4 [39/58]," ENGINEERING, ELECTRICAL & ELECTRONIC 工程：电子与电气",4 [183/352], TELECOMMUNICATIONS 电信学,4 [64/119],,,,,,
PATTERN ANALYSIS AND APPLICATIONS,2025,1433-7541/1433-755X,否,否,否,SCIE,2,,计算机科学,4 [411/758],否,三级," COMPUTER SCIENCE, ARTIFICIAL INTELLIGENCE 计算机：人工智能",4 [124/196],,,,,,,,,,
NEURAL PROCESSING LETTERS,2025,1370-4621/1573-773X,否,否,否,SCIE,2.8,,计算机科学,4 [412/758],否,三级," COMPUTER SCIENCE, ARTIFICIAL INTELLIGENCE 计算机：人工智能",4 [126/196],,,,,,,,,,
International Journal of Multimedia Information Retrieval,2025,2192-6611/2192-662X,否,否,否,SCIE,2.9,,计算机科学,4 [413/758],否,三级," COMPUTER SCIENCE, ARTIFICIAL INTELLIGENCE 计算机：人工智能",4 [127/196]," COMPUTER SCIENCE, SOFTWARE ENGINEERING 计算机：软件工程",4 [86/131],,,,,,,,
MACHINE TRANSLATION,2025,0922-6567/1573-0573,否,否,否,ESCI,,,计算机科学,4 [414/758],否,三级," COMPUTER SCIENCE, ARTIFICIAL INTELLIGENCE 计算机：人工智能",4 [128/196],,,,,,,,,,
INTERNATIONAL JOURNAL OF IMAGING SYSTEMS AND TECHNOLOGY,2025,0899-9457/1098-1098,否,否,否,SCIE,2.5,,计算机科学,4 [415/758],否,三级," ENGINEERING, ELECTRICAL & ELECTRONIC 工程：电子与电气",4 [188/352], IMAGING SCIENCE & PHOTOGRAPHIC TECHNOLOGY 成像科学与照相技术,4 [21/35], OPTICS 光学,4 [66/119],,,,,,
MOBILE NETWORKS & APPLICATIONS,2025,1383-469X/1572-8153,否,否,否,SCIE,2,,计算机科学,4 [416/758],否,三级," COMPUTER SCIENCE, HARDWARE & ARCHITECTURE 计算机：硬件",4 [40/58]," COMPUTER SCIENCE, INFORMATION SYSTEMS 计算机：信息系统",4 [153/249], TELECOMMUNICATIONS 电信学,4 [65/119],,,,,,
DISCRETE EVENT DYNAMIC SYSTEMS-THEORY AND APPLICATIONS,2025,0924-6703/1573-7594,否,否,否,SCIE,1.6,,计算机科学,4 [417/758],否,三级, AUTOMATION & CONTROL SYSTEMS 自动化与控制系统,4 [44/83]," MATHEMATICS, APPLIED 应用数学",4 [195/330], OPERATIONS RESEARCH & MANAGEMENT SCIENCE 运筹学与管理科学,4 [65/106],,,,,,
INTERNATIONAL JOURNAL OF ADAPTIVE CONTROL AND SIGNAL PROCESSING,2025,0890-6327/1099-1115,否,否,否,SCIE,3.8,,计算机科学,4 [418/758],否,三级, AUTOMATION & CONTROL SYSTEMS 自动化与控制系统,4 [45/83]," ENGINEERING, ELECTRICAL & ELECTRONIC 工程：电子与电气",4 [190/352],,,,,,,,
IEEE Journal on Exploratory Solid-State Computational Devices and Circuits,2025,2329-9231/2329-9231,否,否,是,ESCI,2.7,,计算机科学,4 [419/758],否,三级," COMPUTER SCIENCE, HARDWARE & ARCHITECTURE 计算机：硬件",4 [41/58],,,,,,,,,,
MATHEMATICAL STRUCTURES IN COMPUTER SCIENCE,2025,0960-1295/1469-8072,否,否,否,SCIE,0.9,,计算机科学,4 [420/758],否,三级," COMPUTER SCIENCE, THEORY & METHODS 计算机：理论方法",4 [88/143],,,,,,,,,,
IMA JOURNAL OF MATHEMATICAL CONTROL AND INFORMATION,2025,0265-0754/1471-6887,否,否,否,SCIE,1,,计算机科学,4 [421/758],否,三级, AUTOMATION & CONTROL SYSTEMS 自动化与控制系统,4 [46/83]," MATHEMATICS, APPLIED 应用数学",4 [200/330],,,,,,,,
Frontiers in Computer Science,2025,2624-9898/2624-9898,否,否,是,ESCI,2.7,,计算机科学,4 [422/758],否,三级," COMPUTER SCIENCE, INTERDISCIPLINARY APPLICATIONS 计算机：跨学科应用",4 [110/172],,,,,,,,,,
CCF Transactions on Pervasive Computing and Interaction,2025,2524-521X/2524-5228,否,否,否,ESCI,2,,计算机科学,4 [423/758],否,三级," COMPUTER SCIENCE, ARTIFICIAL INTELLIGENCE 计算机：人工智能",4 [129/196]," COMPUTER SCIENCE, CYBERNETICS 计算机：控制论",4 [19/32]," COMPUTER SCIENCE, INFORMATION SYSTEMS 计算机：信息系统",4 [154/249]," COMPUTER SCIENCE, INTERDISCIPLINARY APPLICATIONS 计算机：跨学科应用",4 [111/172],,,,
Intelligent Service Robotics,2025,1861-2776/1861-2784,否,否,否,SCIE,4.3,,计算机科学,4 [424/758],否,三级, ROBOTICS 机器人学,4 [27/47],,,,,,,,,,
IEEE MULTIMEDIA,2025,1070-986X/1941-0166,否,否,否,SCIE,3.3,,计算机科学,4 [425/758],否,三级," COMPUTER SCIENCE, HARDWARE & ARCHITECTURE 计算机：硬件",4 [42/58]," COMPUTER SCIENCE, INFORMATION SYSTEMS 计算机：信息系统",4 [155/249]," COMPUTER SCIENCE, SOFTWARE ENGINEERING 计算机：软件工程",4 [87/131]," COMPUTER SCIENCE, THEORY & METHODS 计算机：理论方法",4 [89/143],,,,
ACM Transactions on Cyber-Physical Systems,2025,2378-962X/2378-9638,否,否,否,ESCI,2.9,,计算机科学,4 [426/758],否,三级," COMPUTER SCIENCE, INTERDISCIPLINARY APPLICATIONS 计算机：跨学科应用",4 [113/172],,,,,,,,,,
EXPERT SYSTEMS,2025,0266-4720/1468-0394,否,否,否,SCIE,2.3,,计算机科学,4 [427/758],否,三级," COMPUTER SCIENCE, ARTIFICIAL INTELLIGENCE 计算机：人工智能",4 [130/196]," COMPUTER SCIENCE, THEORY & METHODS 计算机：理论方法",4 [90/143],,,,,,,,
ACM Transactions on the Web,2025,1559-1131/1559-114X,否,否,否,SCIE,4.1,,计算机科学,4 [428/758],否,三级," COMPUTER SCIENCE, INFORMATION SYSTEMS 计算机：信息系统",4 [156/249]," COMPUTER SCIENCE, SOFTWARE ENGINEERING 计算机：软件工程",4 [88/131],,,,,,,,
COMPUTATIONAL GEOMETRY-THEORY AND APPLICATIONS,2025,0925-7721/1879-081X,否,否,否,SCIE,0.7,,计算机科学,4 [429/758],否,三级, MATHEMATICS 数学,4 [312/487]," MATHEMATICS, APPLIED 应用数学",4 [206/330],,,,,,,,
NEW GENERATION COMPUTING,2025,0288-3635/1882-7055,否,否,否,SCIE,2.8,,计算机科学,4 [430/758],否,三级," COMPUTER SCIENCE, HARDWARE & ARCHITECTURE 计算机：硬件",4 [43/58]," COMPUTER SCIENCE, THEORY & METHODS 计算机：理论方法",4 [92/143],,,,,,,,
ACM Journal on Emerging Technologies in Computing Systems,2025,1550-4832/1550-4840,否,否,否,SCIE,2.6,,计算机科学,4 [431/758],否,三级," COMPUTER SCIENCE, HARDWARE & ARCHITECTURE 计算机：硬件",4 [44/58]," ENGINEERING, ELECTRICAL & ELECTRONIC 工程：电子与电气",4 [197/352], NANOSCIENCE & NANOTECHNOLOGY 纳米科技,4 [83/139],,,,,,
ARTIFICIAL LIFE,2025,1064-5462/1530-9185,否,否,否,SCIE,1.5,,计算机科学,4 [432/758],否,三级," COMPUTER SCIENCE, ARTIFICIAL INTELLIGENCE 计算机：人工智能",4 [131/196]," COMPUTER SCIENCE, THEORY & METHODS 计算机：理论方法",4 [93/143],,,,,,,,
Journal of Usability Studies,2025,1931-3357/1931-3357,否,否,否,ESCI,0.8,,计算机科学,4 [433/758],否,三级," COMPUTER SCIENCE, CYBERNETICS 计算机：控制论",4 [20/32],,,,,,,,,,
ADAPTIVE BEHAVIOR,2025,1059-7123/1741-2633,否,否,否,SSCI;SCIE,1.3,,计算机科学,4 [434/758],否,三级," COMPUTER SCIENCE, ARTIFICIAL INTELLIGENCE 计算机：人工智能",4 [132/196]," PSYCHOLOGY, EXPERIMENTAL 心理学：实验",4 [85/99]," SOCIAL SCIENCES, INTERDISCIPLINARY 社会科学：跨领域",4 [135/263],,,,,,
NEURAL COMPUTATION,2025,0899-7667/1530-888X,否,否,否,SCIE,2.1,,计算机科学,4 [435/758],否,三级," COMPUTER SCIENCE, ARTIFICIAL INTELLIGENCE 计算机：人工智能",4 [133/196], NEUROSCIENCES 神经科学,4 [238/309],,,,,,,,
INFORMATION PROCESSING LETTERS,2025,0020-0190/1872-6119,否,否,否,SCIE,0.6,,计算机科学,4 [436/758],否,三级," COMPUTER SCIENCE, INFORMATION SYSTEMS 计算机：信息系统",4 [157/249],,,,,,,,,,
COMPUTATIONAL COMPLEXITY,2025,1016-3328/1420-8954,否,否,否,SCIE,1,,计算机科学,4 [437/758],否,三级," COMPUTER SCIENCE, THEORY & METHODS 计算机：理论方法",4 [94/143], MATHEMATICS 数学,4 [321/487],,,,,,,,
INTERNATIONAL JOURNAL OF PARALLEL PROGRAMMING,2025,0885-7458/1573-7640,否,否,否,SCIE,0.9,,计算机科学,4 [438/758],否,三级," COMPUTER SCIENCE, THEORY & METHODS 计算机：理论方法",4 [95/143],,,,,,,,,,
Optical Switching and Networking,2025,1573-4277/1872-9770,否,否,否,SCIE,3.1,,计算机科学,4 [439/758],否,三级," COMPUTER SCIENCE, INFORMATION SYSTEMS 计算机：信息系统",4 [158/249], OPTICS 光学,4 [70/119], TELECOMMUNICATIONS 电信学,4 [66/119],,,,,,
DISTRIBUTED AND PARALLEL DATABASES,2025,0926-8782/1573-7578,否,否,否,SCIE,0.9,,计算机科学,4 [440/758],否,三级," COMPUTER SCIENCE, INFORMATION SYSTEMS 计算机：信息系统",4 [159/249]," COMPUTER SCIENCE, THEORY & METHODS 计算机：理论方法",4 [97/143],,,,,,,,
ACM Journal of Data and Information Quality,2025,1936-1955/1936-1955,否,否,否,ESCI,2.9,,计算机科学,4 [441/758],否,三级," COMPUTER SCIENCE, INFORMATION SYSTEMS 计算机：信息系统",4 [160/249],,,,,,,,,,
Frontiers in Big Data,2025,2624-909X/2624-909X,否,否,是,ESCI,2.3,,计算机科学,4 [442/758],否,三级," COMPUTER SCIENCE, INFORMATION SYSTEMS 计算机：信息系统",4 [161/249]," COMPUTER SCIENCE, INTERDISCIPLINARY APPLICATIONS 计算机：跨学科应用",4 [117/172], MULTIDISCIPLINARY SCIENCES 综合性期刊,4 [48/131],,,,,,
Journal of Software-Evolution and Process,2025,2047-7473/2047-7481,否,否,否,SCIE,1.8,,计算机科学,4 [443/758],否,三级," COMPUTER SCIENCE, SOFTWARE ENGINEERING 计算机：软件工程",4 [90/131],,,,,,,,,,
International Journal of Web Information Systems,2025,1744-0084/1744-0092,否,否,否,ESCI,2.3,,计算机科学,4 [444/758],否,三级," COMPUTER SCIENCE, INFORMATION SYSTEMS 计算机：信息系统",4 [162/249],,,,,,,,,,
IEEE Journal of Radio Frequency Identification,2025,2469-7281/2469-7281,否,否,否,ESCI,3.4,,计算机科学,4 [445/758],否,三级," ENGINEERING, ELECTRICAL & ELECTRONIC 工程：电子与电气",4 [201/352], TELECOMMUNICATIONS 电信学,4 [67/119],,,,,,,,
CONSTRAINTS,2025,1383-7133/1572-9354,否,否,否,SCIE,1.3,,计算机科学,4 [446/758],否,三级," COMPUTER SCIENCE, ARTIFICIAL INTELLIGENCE 计算机：人工智能",4 [137/196]," COMPUTER SCIENCE, THEORY & METHODS 计算机：理论方法",4 [98/143],,,,,,,,
International Journal of Computational Intelligence Systems,2025,1875-6891/1875-6883,否,否,是,SCIE,3,,计算机科学,4 [447/758],否,三级," COMPUTER SCIENCE, ARTIFICIAL INTELLIGENCE 计算机：人工智能",4 [138/196]," COMPUTER SCIENCE, INTERDISCIPLINARY APPLICATIONS 计算机：跨学科应用",4 [118/172],,,,,,,,
Applied Computational Intelligence and Soft Computing,2025,1687-9724/1687-9732,否,否,是,ESCI,2.9,,计算机科学,4 [448/758],否,三级," COMPUTER SCIENCE, ARTIFICIAL INTELLIGENCE 计算机：人工智能",4 [139/196],,,,,,,,,,
International Journal of Information Technologies and Systems Approach,2025,1935-570X/1935-5718,否,否,否,ESCI,0.9,,计算机科学,4 [449/758],否,三级," COMPUTER SCIENCE, INFORMATION SYSTEMS 计算机：信息系统",4 [163/249],,,,,,,,,,
Journal of Systems Engineering and Electronics,2025,1004-4132/1004-4132,否,否,否,SCIE,2.1,,计算机科学,4 [450/758],否,三级, AUTOMATION & CONTROL SYSTEMS 自动化与控制系统,4 [47/83]," ENGINEERING, ELECTRICAL & ELECTRONIC 工程：电子与电气",4 [202/352], OPERATIONS RESEARCH & MANAGEMENT SCIENCE 运筹学与管理科学,4 [71/106],,,,,,
Advances in Human-Computer Interaction,2025,1687-5893/1687-5907,否,否,是,ESCI,1.9,,计算机科学,4 [451/758],否,三级," COMPUTER SCIENCE, ARTIFICIAL INTELLIGENCE 计算机：人工智能",4 [140/196],,,,,,,,,,
Transactions on Emerging Telecommunications Technologies,2025,2161-3915/2161-3915,否,否,否,SCIE,2.5,,计算机科学,4 [452/758],否,三级, TELECOMMUNICATIONS 电信学,4 [68/119],,,,,,,,,,
Romanian Journal of Information Science and Technology,2025,1453-8245/1453-8245,否,否,否,SCIE,3.9,,计算机科学,4 [453/758],否,三级," COMPUTER SCIENCE, THEORY & METHODS 计算机：理论方法",4 [99/143], INSTRUMENTS & INSTRUMENTATION 仪器仪表,4 [36/76]," PHYSICS, APPLIED 物理：应用",4 [100/178],,,,,,
Advances in Mathematics of Communications,2025,1930-5346/1930-5338,否,否,否,SCIE,0.7,,计算机科学,4 [454/758],否,三级," COMPUTER SCIENCE, THEORY & METHODS 计算机：理论方法",4 [100/143]," MATHEMATICS, APPLIED 应用数学",4 [222/330],,,,,,,,
Telecom,2025,2673-4001/2673-4001,否,否,是,ESCI,2.4,,计算机科学,4 [455/758],否,三级, TELECOMMUNICATIONS 电信学,4 [69/119],,,,,,,,,,
IEEE Design & Test,2025,2168-2356/2168-2364,否,否,否,SCIE,1.9,,计算机科学,4 [456/758],否,三级," COMPUTER SCIENCE, HARDWARE & ARCHITECTURE 计算机：硬件",4 [45/58]," ENGINEERING, ELECTRICAL & ELECTRONIC 工程：电子与电气",4 [205/352],,,,,,,,
Journal of Object Technology,2025,1660-1769,否,否,否,ESCI,1.4,,计算机科学,4 [457/758],否,三级," COMPUTER SCIENCE, SOFTWARE ENGINEERING 计算机：软件工程",4 [91/131],,,,,,,,,,
SoftwareX,2025,2352-7110/2352-7110,否,否,是,SCIE,2.4,,计算机科学,4 [458/758],否,三级," COMPUTER SCIENCE, SOFTWARE ENGINEERING 计算机：软件工程",4 [92/131],,,,,,,,,,
EURASIP Journal on Image and Video Processing,2025,1687-5176/1687-5281,否,否,是,SCIE,1.8,,计算机科学,4 [459/758],否,三级," ENGINEERING, ELECTRICAL & ELECTRONIC 工程：电子与电气",4 [206/352], IMAGING SCIENCE & PHOTOGRAPHIC TECHNOLOGY 成像科学与照相技术,4 [24/35],,,,,,,,
Automatika,2025,0005-1144/1848-3380,否,否,是,SCIE,1.7,,计算机科学,4 [460/758],否,三级, AUTOMATION & CONTROL SYSTEMS 自动化与控制系统,4 [48/83]," ENGINEERING, ELECTRICAL & ELECTRONIC 工程：电子与电气",4 [207/352],,,,,,,,
PERFORMANCE EVALUATION,2025,0166-5316/1872-745X,否,否,否,SCIE,0.8,,计算机科学,4 [461/758],否,三级," COMPUTER SCIENCE, HARDWARE & ARCHITECTURE 计算机：硬件",4 [46/58]," COMPUTER SCIENCE, THEORY & METHODS 计算机：理论方法",4 [101/143],,,,,,,,
IET Control Theory and Applications,2025,1751-8644/1751-8652,否,否,是,SCIE,2.3,,计算机科学,4 [462/758],否,三级, AUTOMATION & CONTROL SYSTEMS 自动化与控制系统,4 [49/83]," ENGINEERING, ELECTRICAL & ELECTRONIC 工程：电子与电气",4 [208/352], INSTRUMENTS & INSTRUMENTATION 仪器仪表,4 [38/76],,,,,,
IET Image Processing,2025,1751-9659/1751-9667,否,否,是,SCIE,2.2,,计算机科学,4 [463/758],否,三级," COMPUTER SCIENCE, ARTIFICIAL INTELLIGENCE 计算机：人工智能",4 [141/196]," ENGINEERING, ELECTRICAL & ELECTRONIC 工程：电子与电气",4 [209/352], IMAGING SCIENCE & PHOTOGRAPHIC TECHNOLOGY 成像科学与照相技术,4 [25/35],,,,,,
Service Oriented Computing and Applications,2025,1863-2386/1863-2394,否,否,否,ESCI,1.7,,计算机科学,4 [464/758],否,三级," COMPUTER SCIENCE, INTERDISCIPLINARY APPLICATIONS 计算机：跨学科应用",4 [122/172],,,,,,,,,,
OPTIMAL CONTROL APPLICATIONS & METHODS,2025,0143-2087/1099-1514,否,否,否,SCIE,1.5,,计算机科学,4 [465/758],否,三级, AUTOMATION & CONTROL SYSTEMS 自动化与控制系统,4 [50/83]," MATHEMATICS, APPLIED 应用数学",4 [232/330], OPERATIONS RESEARCH & MANAGEMENT SCIENCE 运筹学与管理科学,4 [76/106],,,,,,
International Journal of Applied Mathematics and Computer Science,2025,1641-876X/2083-8492,否,否,是,SCIE,1.2,,计算机科学,4 [466/758],否,三级, AUTOMATION & CONTROL SYSTEMS 自动化与控制系统,4 [51/83]," COMPUTER SCIENCE, ARTIFICIAL INTELLIGENCE 计算机：人工智能",4 [142/196]," MATHEMATICS, APPLIED 应用数学",4 [233/330],,,,,,
IET Biometrics,2025,2047-4938/2047-4946,否,否,是,SCIE,1.8,,计算机科学,4 [467/758],否,三级," COMPUTER SCIENCE, ARTIFICIAL INTELLIGENCE 计算机：人工智能",4 [143/196],,,,,,,,,,
CMC-Computers Materials & Continua,2025,1546-2218/1546-2226,否,否,否,SCIE,1.7,,计算机科学,4 [468/758],否,三级," COMPUTER SCIENCE, INFORMATION SYSTEMS 计算机：信息系统",4 [164/249]," MATERIALS SCIENCE, MULTIDISCIPLINARY 材料科学：综合",4 [257/436],,,,,,,,
ACTA INFORMATICA,2025,0001-5903/1432-0525,否,否,否,SCIE,0.5,,计算机科学,4 [469/758],否,三级," COMPUTER SCIENCE, INFORMATION SYSTEMS 计算机：信息系统",4 [165/249],,,,,,,,,,
International Journal of Intelligent Robotics and Applications,2025,2366-5971/2366-598X,否,否,否,ESCI,2,,计算机科学,4 [470/758],否,三级, ROBOTICS 机器人学,4 [28/47],,,,,,,,,,
WIRELESS NETWORKS,2025,1022-0038/1572-8196,否,否,否,SCIE,2.1,,计算机科学,4 [471/758],否,三级," COMPUTER SCIENCE, INFORMATION SYSTEMS 计算机：信息系统",4 [166/249]," ENGINEERING, ELECTRICAL & ELECTRONIC 工程：电子与电气",4 [212/352], TELECOMMUNICATIONS 电信学,4 [71/119],,,,,,
ROBOTICA,2025,0263-5747/1469-8668,否,否,否,SCIE,2.7,,计算机科学,4 [472/758],否,三级, ROBOTICS 机器人学,4 [29/47],,,,,,,,,,
International Journal of Intelligent Computing and Cybernetics,2025,1756-378X/1756-3798,否,否,否,ESCI,2.6,,计算机科学,4 [473/758],否,三级," COMPUTER SCIENCE, CYBERNETICS 计算机：控制论",4 [22/32],,,,,,,,,,
FORMAL METHODS IN SYSTEM DESIGN,2025,0925-9856/1572-8102,否,否,否,SCIE,0.8,,计算机科学,4 [474/758],否,三级," COMPUTER SCIENCE, THEORY & METHODS 计算机：理论方法",4 [103/143],,,,,,,,,,
Journal of Intelligent Systems,2025,0334-1860/2191-026X,否,否,是,ESCI,2,,计算机科学,4 [475/758],否,三级," COMPUTER SCIENCE, ARTIFICIAL INTELLIGENCE 计算机：人工智能",4 [144/196],,,,,,,,,,
PHOTONIC NETWORK COMMUNICATIONS,2025,1387-974X/1572-8188,否,否,否,SCIE,1.7,,计算机科学,4 [476/758],否,三级," COMPUTER SCIENCE, INFORMATION SYSTEMS 计算机：信息系统",4 [168/249], OPTICS 光学,4 [77/119], TELECOMMUNICATIONS 电信学,4 [73/119],,,,,,
Signal Image and Video Processing,2025,1863-1703/1863-1711,否,否,否,SCIE,2.1,,计算机科学,4 [477/758],否,三级," ENGINEERING, ELECTRICAL & ELECTRONIC 工程：电子与电气",4 [219/352], IMAGING SCIENCE & PHOTOGRAPHIC TECHNOLOGY 成像科学与照相技术,4 [26/35],,,,,,,,
INTERNATIONAL JOURNAL OF FOUNDATIONS OF COMPUTER SCIENCE,2025,0129-0541/1793-6373,否,否,否,SCIE,0.6,,计算机科学,4 [478/758],否,三级," COMPUTER SCIENCE, THEORY & METHODS 计算机：理论方法",4 [104/143],,,,,,,,,,
IEEE COMPUTER GRAPHICS AND APPLICATIONS,2025,0272-1716/1558-1756,否,否,否,SCIE,1.4,,计算机科学,4 [479/758],否,三级," COMPUTER SCIENCE, SOFTWARE ENGINEERING 计算机：软件工程",4 [95/131],,,,,,,,,,
Physical Communication,2025,1874-4907/1874-4907,否,否,否,SCIE,2.2,,计算机科学,4 [480/758],否,三级," ENGINEERING, ELECTRICAL & ELECTRONIC 工程：电子与电气",4 [221/352], TELECOMMUNICATIONS 电信学,4 [74/119],,,,,,,,
IT Professional,2025,1520-9202/1941-045X,否,否,否,SCIE,2.6,,计算机科学,4 [481/758],否,三级," COMPUTER SCIENCE, INFORMATION SYSTEMS 计算机：信息系统",4 [169/249]," COMPUTER SCIENCE, SOFTWARE ENGINEERING 计算机：软件工程",4 [96/131], TELECOMMUNICATIONS 电信学,4 [76/119],,,,,,
Scientific Annals of Computer Science,2025,1843-8121/1843-8121,否,否,是,ESCI,0.5,,计算机科学,4 [482/758],否,三级," COMPUTER SCIENCE, THEORY & METHODS 计算机：理论方法",4 [105/143],,,,,,,,,,
ETRI JOURNAL,2025,1225-6463/2233-7326,否,否,是,SCIE,1.6,,计算机科学,4 [483/758],否,三级," ENGINEERING, ELECTRICAL & ELECTRONIC 工程：电子与电气",4 [223/352], TELECOMMUNICATIONS 电信学,4 [77/119],,,,,,,,
INTERNATIONAL JOURNAL OF COMMUNICATION SYSTEMS,2025,1074-5351/1099-1131,否,否,否,SCIE,1.8,,计算机科学,4 [484/758],否,三级," ENGINEERING, ELECTRICAL & ELECTRONIC 工程：电子与电气",4 [225/352], TELECOMMUNICATIONS 电信学,4 [78/119],,,,,,,,
Archives of Control Sciences,2025,2300-2611/2300-2611,否,否,是,SCIE,1.1,,计算机科学,4 [485/758],否,三级, AUTOMATION & CONTROL SYSTEMS 自动化与控制系统,4 [53/83]," MATHEMATICS, APPLIED 应用数学",4 [259/330],,,,,,,,
Data Technologies and Applications,2025,2514-9288/2514-9318,否,否,否,SSCI;SCIE,1.5,,计算机科学,4 [486/758],否,三级," COMPUTER SCIENCE, INFORMATION SYSTEMS 计算机：信息系统",4 [170/249], INFORMATION SCIENCE & LIBRARY SCIENCE 图书情报与档案管理,4 [94/160],,,,,,,,
EURASIP Journal on Wireless Communications and Networking,2025,1687-1472/1687-1499,否,否,是,SCIE,1.9,,计算机科学,4 [487/758],否,三级," ENGINEERING, ELECTRICAL & ELECTRONIC 工程：电子与电气",4 [226/352], TELECOMMUNICATIONS 电信学,4 [79/119],,,,,,,,
TELECOMMUNICATION SYSTEMS,2025,1018-4864/1572-9451,否,否,否,SCIE,2.3,,计算机科学,4 [488/758],否,三级, TELECOMMUNICATIONS 电信学,4 [80/119],,,,,,,,,,
IET Software,2025,1751-8806/1751-8814,否,否,是,SCIE,1.3,,计算机科学,4 [489/758],否,三级," COMPUTER SCIENCE, SOFTWARE ENGINEERING 计算机：软件工程",4 [97/131],,,,,,,,,,
Journal of Ambient Intelligence and Smart Environments,2025,1876-1364/1876-1372,否,否,否,SCIE,2,,计算机科学,4 [490/758],否,三级," COMPUTER SCIENCE, ARTIFICIAL INTELLIGENCE 计算机：人工智能",4 [145/196]," COMPUTER SCIENCE, INFORMATION SYSTEMS 计算机：信息系统",4 [172/249], TELECOMMUNICATIONS 电信学,4 [81/119],,,,,,
IEEE Revista Iberoamericana de Tecnologias del Aprendizaje-IEEE RITA,2025,1932-8540/1932-8540,否,否,否,ESCI,1,,计算机科学,4 [491/758],否,三级," COMPUTER SCIENCE, INTERDISCIPLINARY APPLICATIONS 计算机：跨学科应用",4 [129/172],,,,,,,,,,
COMPUTER,2025,0018-9162/1558-0814,否,否,否,SCIE,2.3,,计算机科学,4 [492/758],否,三级," COMPUTER SCIENCE, HARDWARE & ARCHITECTURE 计算机：硬件",4 [47/58]," COMPUTER SCIENCE, SOFTWARE ENGINEERING 计算机：软件工程",4 [98/131],,,,,,,,
Annals of Telecommunications,2025,0003-4347/1958-9395,否,否,否,SCIE,2.2,,计算机科学,4 [493/758],否,三级, TELECOMMUNICATIONS 电信学,4 [82/119],,,,,,,,,,
International Journal of Fuzzy Logic and Intelligent Systems,2025,1598-2645/2093-744X,否,否,否,ESCI,1.2,,计算机科学,4 [494/758],否,三级," COMPUTER SCIENCE, THEORY & METHODS 计算机：理论方法",4 [106/143],,,,,,,,,,
SIGMOD RECORD,2025,0163-5808/1943-5835,否,否,否,SCIE,1.3,,计算机科学,4 [495/758],否,三级," COMPUTER SCIENCE, INFORMATION SYSTEMS 计算机：信息系统",4 [173/249]," COMPUTER SCIENCE, SOFTWARE ENGINEERING 计算机：软件工程",4 [99/131],,,,,,,,
Robotic Intelligence and Automation,2025,2754-6969/2754-6977,否,否,否,SCIE,4.4,,计算机科学,4 [496/758],否,三级, AUTOMATION & CONTROL SYSTEMS 自动化与控制系统,4 [54/83]," ENGINEERING, MANUFACTURING 工程：制造",4 [52/70],,,,,,,,
ACM Transactions on Modeling and Computer Simulation,2025,1049-3301/1558-1195,否,否,否,SCIE,1.9,,计算机科学,4 [497/758],否,三级," COMPUTER SCIENCE, INTERDISCIPLINARY APPLICATIONS 计算机：跨学科应用",4 [131/172]," MATHEMATICS, APPLIED 应用数学",4 [263/330],,,,,,,,
WIRELESS PERSONAL COMMUNICATIONS,2025,0929-6212/1572-834X,否,否,否,SCIE,2.2,2025年《国际期刊预警名单》,计算机科学,4 [498/758],否,三级, TELECOMMUNICATIONS 电信学,4 [83/119],,,,,,,,,,
Cybernetics and Information Technologies,2025,1311-9702/1314-4081,否,否,是,ESCI,1.1,,计算机科学,4 [499/758],否,三级," COMPUTER SCIENCE, INFORMATION SYSTEMS 计算机：信息系统",4 [174/249],,,,,,,,,,
JOURNAL OF COMPUTER SCIENCE AND TECHNOLOGY,2025,1000-9000/1860-4749,否,否,否,SCIE,1.3,,计算机科学,4 [500/758],否,三级," COMPUTER SCIENCE, HARDWARE & ARCHITECTURE 计算机：硬件",4 [48/58]," COMPUTER SCIENCE, SOFTWARE ENGINEERING 计算机：软件工程",4 [100/131],,,,,,,,
Natural Computing,2025,1567-7818/1572-9796,否,否,否,SCIE,1.6,,计算机科学,4 [501/758],否,三级," COMPUTER SCIENCE, ARTIFICIAL INTELLIGENCE 计算机：人工智能",4 [146/196]," COMPUTER SCIENCE, THEORY & METHODS 计算机：理论方法",4 [107/143],,,,,,,,
Journal of Signal Processing Systems for Signal Image and Video Technology,2025,1939-8018/1939-8115,否,否,否,SCIE,1.8,,计算机科学,4 [502/758],否,三级," COMPUTER SCIENCE, INFORMATION SYSTEMS 计算机：信息系统",4 [175/249]," ENGINEERING, ELECTRICAL & ELECTRONIC 工程：电子与电气",4 [229/352],,,,,,,,
Progress in Artificial Intelligence,2025,2192-6352/2192-6360,否,否,否,ESCI,2.4,,计算机科学,4 [503/758],否,三级," COMPUTER SCIENCE, ARTIFICIAL INTELLIGENCE 计算机：人工智能",4 [147/196],,,,,,,,,,
INTERNATIONAL JOURNAL OF INFORMATION TECHNOLOGY & DECISION MAKING,2025,0219-6220/1793-6845,否,否,否,SCIE,1.8,,计算机科学,4 [504/758],否,三级," COMPUTER SCIENCE, ARTIFICIAL INTELLIGENCE 计算机：人工智能",4 [148/196]," COMPUTER SCIENCE, INFORMATION SYSTEMS 计算机：信息系统",4 [176/249]," COMPUTER SCIENCE, INTERDISCIPLINARY APPLICATIONS 计算机：跨学科应用",4 [132/172], OPERATIONS RESEARCH & MANAGEMENT SCIENCE 运筹学与管理科学,4 [81/106],,,,
INTERACTING WITH COMPUTERS,2025,0953-5438/1873-7951,否,否,否,SSCI;SCIE,1.3,,计算机科学,4 [505/758],否,三级," COMPUTER SCIENCE, CYBERNETICS 计算机：控制论",4 [23/32], ERGONOMICS 人体工程学,4 [19/24],,,,,,,,
IET Radar Sonar and Navigation,2025,1751-8784/1751-8792,否,否,是,SCIE,1.5,,计算机科学,4 [506/758],否,三级," ENGINEERING, ELECTRICAL & ELECTRONIC 工程：电子与电气",4 [231/352], TELECOMMUNICATIONS 电信学,4 [84/119],,,,,,,,
COMPUTER JOURNAL,2025,0010-4620/1460-2067,否,否,否,SCIE,1.5,,计算机科学,4 [507/758],否,三级," COMPUTER SCIENCE, HARDWARE & ARCHITECTURE 计算机：硬件",4 [49/58]," COMPUTER SCIENCE, INFORMATION SYSTEMS 计算机：信息系统",4 [177/249]," COMPUTER SCIENCE, SOFTWARE ENGINEERING 计算机：软件工程",4 [101/131]," COMPUTER SCIENCE, THEORY & METHODS 计算机：理论方法",4 [108/143],,,,
IET Information Security,2025,1751-8709/1751-8717,否,否,是,SCIE,2.6,,计算机科学,4 [508/758],否,三级," COMPUTER SCIENCE, INFORMATION SYSTEMS 计算机：信息系统",4 [178/249]," COMPUTER SCIENCE, THEORY & METHODS 计算机：理论方法",4 [109/143],,,,,,,,
JOURNAL OF VISUALIZATION,2025,1343-8875/1875-8975,否,否,否,SCIE,2.3,,计算机科学,4 [509/758],否,三级," COMPUTER SCIENCE, INTERDISCIPLINARY APPLICATIONS 计算机：跨学科应用",4 [133/172], IMAGING SCIENCE & PHOTOGRAPHIC TECHNOLOGY 成像科学与照相技术,4 [27/35],,,,,,,,
IFAC Journal of Systems and Control,2025,2468-6018/2468-6018,否,否,否,ESCI,1.8,,计算机科学,4 [510/758],否,三级, AUTOMATION & CONTROL SYSTEMS 自动化与控制系统,4 [55/83],,,,,,,,,,
International Journal of Distributed Sensor Networks,2025,1550-1329/1550-1477,否,否,是,SCIE,2.5,,计算机科学,4 [511/758],否,三级," COMPUTER SCIENCE, INFORMATION SYSTEMS 计算机：信息系统",4 [179/249], TELECOMMUNICATIONS 电信学,4 [85/119],,,,,,,,
JOURNAL OF HEURISTICS,2025,1381-1231/1572-9397,否,否,否,SCIE,1.4,,计算机科学,4 [512/758],否,三级," COMPUTER SCIENCE, ARTIFICIAL INTELLIGENCE 计算机：人工智能",4 [149/196]," COMPUTER SCIENCE, THEORY & METHODS 计算机：理论方法",4 [110/143],,,,,,,,
IEEE Canadian Journal of Electrical and Computer Engineering,2025,2694-1783/2694-1783,否,否,否,SCIE,1.9,,计算机科学,4 [513/758],否,三级," COMPUTER SCIENCE, HARDWARE & ARCHITECTURE 计算机：硬件",4 [51/58]," ENGINEERING, ELECTRICAL & ELECTRONIC 工程：电子与电气",4 [236/352],,,,,,,,
International Journal of Advanced Robotic Systems,2025,1729-8814/1729-8814,否,否,是,SCIE,2.1,,计算机科学,4 [514/758],否,三级, ROBOTICS 机器人学,4 [30/47],,,,,,,,,,
Systems Science & Control Engineering,2025,2164-2583/2164-2583,否,否,是,ESCI,4.4,,计算机科学,4 [515/758],否,三级, AUTOMATION & CONTROL SYSTEMS 自动化与控制系统,4 [56/83],,,,,,,,,,
IET Microwaves Antennas & Propagation,2025,1751-8725/1751-8733,否,否,是,SCIE,1.2,,计算机科学,4 [516/758],否,三级," ENGINEERING, ELECTRICAL & ELECTRONIC 工程：电子与电气",4 [238/352], TELECOMMUNICATIONS 电信学,4 [86/119],,,,,,,,
International Journal of Wavelets Multiresolution and Information Processing,2025,0219-6913/1793-690X,否,否,否,SCIE,0.8,,计算机科学,4 [517/758],否,三级," COMPUTER SCIENCE, SOFTWARE ENGINEERING 计算机：软件工程",4 [102/131]," MATHEMATICS, INTERDISCIPLINARY APPLICATIONS 数学跨学科应用",4 [106/136],,,,,,,,
CCF Transactions on High Performance Computing,2025,2524-4922/2524-4930,否,否,否,ESCI,1.9,,计算机科学,4 [518/758],否,三级," COMPUTER SCIENCE, HARDWARE & ARCHITECTURE 计算机：硬件",4 [52/58]," COMPUTER SCIENCE, INFORMATION SYSTEMS 计算机：信息系统",4 [180/249]," COMPUTER SCIENCE, INTERDISCIPLINARY APPLICATIONS 计算机：跨学科应用",4 [135/172]," COMPUTER SCIENCE, THEORY & METHODS 计算机：理论方法",4 [111/143],,,,
Journal of Computer Virology and Hacking Techniques,2025,2263-8733/2263-8733,否,否,是,ESCI,1.9,,计算机科学,4 [519/758],否,三级," COMPUTER SCIENCE, INFORMATION SYSTEMS 计算机：信息系统",4 [181/249],,,,,,,,,,
Journal of Computer Networks and Communications,2025,2090-7141/2090-715X,否,否,是,ESCI,1.8,,计算机科学,4 [520/758],否,三级, TELECOMMUNICATIONS 电信学,4 [87/119],,,,,,,,,,
Information Security Journal,2025,1939-3555/1939-3547,否,否,否,ESCI,1.4,,计算机科学,4 [521/758],否,三级," COMPUTER SCIENCE, INFORMATION SYSTEMS 计算机：信息系统",4 [182/249],,,,,,,,,,
IET Optoelectronics,2025,1751-8768/1751-8776,否,否,是,SCIE,1.6,,计算机科学,4 [522/758],否,三级," ENGINEERING, ELECTRICAL & ELECTRONIC 工程：电子与电气",4 [240/352], OPTICS 光学,4 [84/119], TELECOMMUNICATIONS 电信学,4 [88/119],,,,,,
JOURNAL OF DATABASE MANAGEMENT,2025,1063-8016/1533-8010,否,否,否,SCIE,0.8,,计算机科学,4 [523/758],否,三级," COMPUTER SCIENCE, INFORMATION SYSTEMS 计算机：信息系统",4 [183/249]," COMPUTER SCIENCE, SOFTWARE ENGINEERING 计算机：软件工程",4 [103/131],,,,,,,,
NETWORKS,2025,0028-3045/1097-0037,否,否,否,SCIE,1.3,,计算机科学,4 [524/758],否,三级," COMPUTER SCIENCE, HARDWARE & ARCHITECTURE 计算机：硬件",4 [53/58], OPERATIONS RESEARCH & MANAGEMENT SCIENCE 运筹学与管理科学,4 [86/106],,,,,,,,
ACM SIGCOMM Computer Communication Review,2025,0146-4833/1943-5819,否,否,否,SCIE,2.8,,计算机科学,4 [525/758],否,三级," COMPUTER SCIENCE, INFORMATION SYSTEMS 计算机：信息系统",4 [184/249],,,,,,,,,,
AI COMMUNICATIONS,2025,0921-7126/1875-8452,否,否,否,SCIE,1,,计算机科学,4 [526/758],否,三级," COMPUTER SCIENCE, ARTIFICIAL INTELLIGENCE 计算机：人工智能",4 [150/196],,,,,,,,,,
e-Informatica Software Engineering Journal,2025,1897-7979/2084-4840,否,否,是,ESCI,1.2,,计算机科学,4 [527/758],否,三级," COMPUTER SCIENCE, SOFTWARE ENGINEERING 计算机：软件工程",4 [104/131],,,,,,,,,,
International Journal of Bio-Inspired Computation,2025,1758-0366/1758-0374,否,否,否,SCIE,2,,计算机科学,4 [528/758],否,三级," COMPUTER SCIENCE, ARTIFICIAL INTELLIGENCE 计算机：人工智能",4 [151/196]," COMPUTER SCIENCE, THEORY & METHODS 计算机：理论方法",4 [112/143],,,,,,,,
JOURNAL OF DYNAMIC SYSTEMS MEASUREMENT AND CONTROL-TRANSACTIONS OF THE ASME,2025,0022-0434/1528-9028,否,否,否,SCIE,1.3,,计算机科学,4 [529/758],否,三级, AUTOMATION & CONTROL SYSTEMS 自动化与控制系统,4 [57/83], INSTRUMENTS & INSTRUMENTATION 仪器仪表,4 [49/76],,,,,,,,
IETE TECHNICAL REVIEW,2025,0256-4602/0974-5971,否,否,否,SCIE,1.8,,计算机科学,4 [530/758],否,三级," ENGINEERING, ELECTRICAL & ELECTRONIC 工程：电子与电气",4 [244/352], TELECOMMUNICATIONS 电信学,4 [89/119],,,,,,,,
ADVANCED ROBOTICS,2025,0169-1864/1568-5535,否,否,否,SCIE,2,,计算机科学,4 [531/758],否,三级, ROBOTICS 机器人学,4 [31/47],,,,,,,,,,
International Journal of Dynamics and Control,2025,2195-268X/2195-2698,否,否,否,ESCI,1.9,,计算机科学,4 [532/758],否,三级, AUTOMATION & CONTROL SYSTEMS 自动化与控制系统,4 [59/83]," ENGINEERING, MECHANICAL 工程：机械",4 [107/181]," MATHEMATICS, APPLIED 应用数学",4 [275/330],,,,,,
INTERNATIONAL JOURNAL OF CONTROL,2025,0020-7179/1366-5820,否,否,否,SCIE,1.6,,计算机科学,4 [533/758],否,三级, AUTOMATION & CONTROL SYSTEMS 自动化与控制系统,4 [60/83],,,,,,,,,,
Journal of Mathematical Cryptology,2025,1862-2976/1862-2984,否,否,是,ESCI,0.8,,计算机科学,4 [534/758],否,三级," COMPUTER SCIENCE, THEORY & METHODS 计算机：理论方法",4 [113/143],,,,,,,,,,
Evolutionary Intelligence,2025,1864-5909/1864-5917,否,否,否,ESCI,2.6,,计算机科学,4 [535/758],否,三级," COMPUTER SCIENCE, ARTIFICIAL INTELLIGENCE 计算机：人工智能",4 [154/196],,,,,,,,,,
Problems of Information Transmission,2025,0032-9460/1608-3253,否,否,否,SCIE,0.9,,计算机科学,4 [536/758],否,三级," COMPUTER SCIENCE, THEORY & METHODS 计算机：理论方法",4 [114/143]," MATHEMATICS, APPLIED 应用数学",4 [278/330],,,,,,,,
COMPUTING IN SCIENCE & ENGINEERING,2025,1521-9615/1558-366X,否,否,否,SCIE,1.9,,计算机科学,4 [537/758],否,三级," COMPUTER SCIENCE, INTERDISCIPLINARY APPLICATIONS 计算机：跨学科应用",4 [140/172],,,,,,,,,,
International Journal of Microwave and Wireless Technologies,2025,1759-0787/1759-0795,否,否,否,SCIE,1.3,,计算机科学,4 [538/758],否,三级," ENGINEERING, ELECTRICAL & ELECTRONIC 工程：电子与电气",4 [247/352], TELECOMMUNICATIONS 电信学,4 [90/119],,,,,,,,
Swarm Intelligence,2025,1935-3812/1935-3820,否,否,否,SCIE,1.9,,计算机科学,4 [539/758],否,三级," COMPUTER SCIENCE, ARTIFICIAL INTELLIGENCE 计算机：人工智能",4 [155/196], ROBOTICS 机器人学,4 [32/47],,,,,,,,
RAIRO-THEORETICAL INFORMATICS AND APPLICATIONS,2025,0988-3754/2804-7346,否,否,否,SCIE,0.5,,计算机科学,4 [540/758],否,三级," COMPUTER SCIENCE, THEORY & METHODS 计算机：理论方法",4 [115/143]," MATHEMATICS, APPLIED 应用数学",4 [283/330],,,,,,,,
TRANSACTIONS OF THE INSTITUTE OF MEASUREMENT AND CONTROL,2025,0142-3312/1477-0369,否,否,否,SCIE,1.9,,计算机科学,4 [541/758],否,三级, AUTOMATION & CONTROL SYSTEMS 自动化与控制系统,4 [61/83], INSTRUMENTS & INSTRUMENTATION 仪器仪表,4 [56/76],,,,,,,,
Control Theory and Technology,2025,2095-6983/2198-0942,否,否,否,ESCI,1.5,,计算机科学,4 [542/758],否,三级, AUTOMATION & CONTROL SYSTEMS 自动化与控制系统,4 [62/83],,,,,,,,,,
Innovations in Systems and Software Engineering,2025,1614-5046/1614-5054,否,否,否,ESCI,1.1,,计算机科学,4 [543/758],否,三级," COMPUTER SCIENCE, SOFTWARE ENGINEERING 计算机：软件工程",4 [105/131],,,,,,,,,,
ICGA JOURNAL,2025,1389-6911/2468-2438,否,否,否,SCIE,0.1,,计算机科学,4 [544/758],否,三级," COMPUTER SCIENCE, SOFTWARE ENGINEERING 计算机：软件工程",4 [106/131],,,,,,,,,,
IT-Information Technology,2025,1611-2776/2196-7032,否,否,否,ESCI,1.3,,计算机科学,4 [545/758],否,三级," COMPUTER SCIENCE, INFORMATION SYSTEMS 计算机：信息系统",4 [186/249],,,,,,,,,,
PROGRAMMING AND COMPUTER SOFTWARE,2025,0361-7688/1608-3261,否,否,否,SCIE,0.5,,计算机科学,4 [546/758],否,三级," COMPUTER SCIENCE, SOFTWARE ENGINEERING 计算机：软件工程",4 [107/131],,,,,,,,,,
IET Wireless Sensor Systems,2025,2043-6386/2043-6394,否,否,是,ESCI,2.4,,计算机科学,4 [547/758],否,三级, TELECOMMUNICATIONS 电信学,4 [91/119],,,,,,,,,,
COMPUTATIONAL INTELLIGENCE,2025,0824-7935/1467-8640,否,否,否,SCIE,1.7,,计算机科学,4 [548/758],否,三级," COMPUTER SCIENCE, ARTIFICIAL INTELLIGENCE 计算机：人工智能",4 [156/196],,,,,,,,,,
IMAGING SCIENCE JOURNAL,2025,1368-2199/1743-131X,否,否,否,SCIE,1.1,,计算机科学,4 [549/758],否,三级, IMAGING SCIENCE & PHOTOGRAPHIC TECHNOLOGY 成像科学与照相技术,4 [28/35],,,,,,,,,,
CONCURRENCY AND COMPUTATION-PRACTICE & EXPERIENCE,2025,1532-0626/1532-0634,否,否,否,SCIE,1.5,,计算机科学,4 [550/758],否,三级," COMPUTER SCIENCE, SOFTWARE ENGINEERING 计算机：软件工程",4 [108/131]," COMPUTER SCIENCE, THEORY & METHODS 计算机：理论方法",4 [116/143],,,,,,,,
Industrial Robot-The International Journal of Robotics Research and Application,2025,0143-991X/1758-5791,否,否,否,SCIE,2.5,,计算机科学,4 [551/758],否,三级," ENGINEERING, INDUSTRIAL 工程：工业",4 [55/70], ROBOTICS 机器人学,4 [33/47],,,,,,,,
Transactions on Data Privacy,2025,1888-5063/2013-1631,否,否,否,ESCI,0.8,,计算机科学,4 [552/758],否,三级," COMPUTER SCIENCE, THEORY & METHODS 计算机：理论方法",4 [117/143],,,,,,,,,,
International Journal of Wireless Information Networks,2025,1068-9605/1572-8129,否,否,否,ESCI,1.2,,计算机科学,4 [553/758],否,三级, TELECOMMUNICATIONS 电信学,4 [92/119],,,,,,,,,,
IET Communications,2025,1751-8628/1751-8636,否,否,是,SCIE,1.6,,计算机科学,4 [554/758],否,三级," ENGINEERING, ELECTRICAL & ELECTRONIC 工程：电子与电气",4 [251/352],,,,,,,,,,
Computer Science and Information Systems,2025,1820-0214/1820-0214,否,否,是,SCIE,1.8,,计算机科学,4 [555/758],否,三级," COMPUTER SCIENCE, INFORMATION SYSTEMS 计算机：信息系统",4 [187/249]," COMPUTER SCIENCE, SOFTWARE ENGINEERING 计算机：软件工程",4 [109/131],,,,,,,,
IEEE Systems Man and Cybernetics Magazine,2025,2380-1298/2333-942X,否,否,否,ESCI,1.5,,计算机科学,4 [556/758],否,三级," COMPUTER SCIENCE, CYBERNETICS 计算机：控制论",4 [24/32],,,,,,,,,,
EURASIP Journal on Advances in Signal Processing,2025,1687-6180/1687-6180,否,否,是,SCIE,1.9,,计算机科学,4 [557/758],否,三级," ENGINEERING, ELECTRICAL & ELECTRONIC 工程：电子与电气",4 [253/352],,,,,,,,,,
International Journal on Information Technologies and Security,2025,1313-8251/1313-8251,否,否,否,ESCI,0.9,,计算机科学,4 [558/758],否,三级," COMPUTER SCIENCE, INFORMATION SYSTEMS 计算机：信息系统",4 [188/249],,,,,,,,,,
3C Tic,2025,2254-6529/2254-6529,否,否,是,ESCI,0.1,,计算机科学,4 [559/758],否,三级," COMPUTER SCIENCE, THEORY & METHODS 计算机：理论方法",4 [118/143],,,,,,,,,,
Software Impacts,2025,2665-9638/2665-9638,否,否,否,ESCI,1.2,,计算机科学,4 [560/758],否,三级," COMPUTER SCIENCE, SOFTWARE ENGINEERING 计算机：软件工程",4 [110/131],,,,,,,,,,
Image Analysis & Stereology,2025,1580-3139,否,否,是,SCIE,1,,计算机科学,4 [561/758],否,三级, IMAGING SCIENCE & PHOTOGRAPHIC TECHNOLOGY 成像科学与照相技术,4 [29/35]," MATHEMATICS, APPLIED 应用数学",4 [290/330],,,,,,,,
R Journal,2025,2073-4859,否,否,否,SCIE,1.1,,计算机科学,4 [562/758],否,三级," COMPUTER SCIENCE, INTERDISCIPLINARY APPLICATIONS 计算机：跨学科应用",4 [141/172], STATISTICS & PROBABILITY 统计学与概率论,4 [148/166],,,,,,,,
PROCEEDINGS OF THE INSTITUTION OF MECHANICAL ENGINEERS PART I-JOURNAL OF SYSTEMS AND CONTROL ENGINEERING,2025,0959-6518/2041-3041,否,否,否,SCIE,1.5,,计算机科学,4 [563/758],否,三级, AUTOMATION & CONTROL SYSTEMS 自动化与控制系统,4 [63/83],,,,,,,,,,
Intelligenza Artificiale,2025,1724-8035/2211-0097,否,否,否,ESCI,1.4,,计算机科学,4 [564/758],否,三级," COMPUTER SCIENCE, ARTIFICIAL INTELLIGENCE 计算机：人工智能",4 [157/196],,,,,,,,,,
International Journal of Innovative Computing Information and Control,2025,1349-4198/1349-418X,否,否,否,ESCI,1.1,,计算机科学,4 [565/758],否,三级," COMPUTER SCIENCE, ARTIFICIAL INTELLIGENCE 计算机：人工智能",4 [158/196],,,,,,,,,,
Studies in Informatics and Control,2025,1220-1766,否,否,否,SCIE,1.1,,计算机科学,4 [566/758],否,三级, AUTOMATION & CONTROL SYSTEMS 自动化与控制系统,4 [65/83], OPERATIONS RESEARCH & MANAGEMENT SCIENCE 运筹学与管理科学,4 [94/106],,,,,,,,
International Arab Journal of Information Technology,2025,1683-3198/1683-3198,否,否,否,SCIE,1.1,,计算机科学,4 [567/758],否,三级," COMPUTER SCIENCE, ARTIFICIAL INTELLIGENCE 计算机：人工智能",4 [159/196]," COMPUTER SCIENCE, INFORMATION SYSTEMS 计算机：信息系统",4 [189/249]," ENGINEERING, ELECTRICAL & ELECTRONIC 工程：电子与电气",4 [258/352],,,,,,
JOURNAL OF EXPERIMENTAL & THEORETICAL ARTIFICIAL INTELLIGENCE,2025,0952-813X/1362-3079,否,否,否,SCIE,1.7,,计算机科学,4 [568/758],否,三级," COMPUTER SCIENCE, ARTIFICIAL INTELLIGENCE 计算机：人工智能",4 [160/196],,,,,,,,,,
International Journal of Computers Communications & Control,2025,1841-9836/1841-9844,否,否,是,SCIE,1.9,,计算机科学,4 [569/758],否,三级, AUTOMATION & CONTROL SYSTEMS 自动化与控制系统,4 [66/83]," COMPUTER SCIENCE, INFORMATION SYSTEMS 计算机：信息系统",4 [190/249],,,,,,,,
FUNDAMENTA INFORMATICAE,2025,0169-2968/1875-8681,否,否,否,SCIE,0.4,,计算机科学,4 [570/758],否,三级," COMPUTER SCIENCE, SOFTWARE ENGINEERING 计算机：软件工程",4 [111/131]," MATHEMATICS, APPLIED 应用数学",4 [295/330],,,,,,,,
International Journal of Intelligent Engineering Informatics,2025,1758-8715/1758-8723,否,否,否,ESCI,1.6,,计算机科学,4 [571/758],否,三级," COMPUTER SCIENCE, INTERDISCIPLINARY APPLICATIONS 计算机：跨学科应用",4 [142/172],,,,,,,,,,
IET Cyber-Physical Systems: Theory & Applications,2025,2398-3396/2398-3396,否,否,是,ESCI,0.8,,计算机科学,4 [572/758],否,三级," COMPUTER SCIENCE, INFORMATION SYSTEMS 计算机：信息系统",4 [191/249]," COMPUTER SCIENCE, INTERDISCIPLINARY APPLICATIONS 计算机：跨学科应用",4 [143/172]," ENGINEERING, ELECTRICAL & ELECTRONIC 工程：电子与电气",4 [259/352],,,,,,
Journal of Computer Security,2025,0926-227X/1875-8924,否,否,否,ESCI,1.3,,计算机科学,4 [573/758],否,三级," COMPUTER SCIENCE, INFORMATION SYSTEMS 计算机：信息系统",4 [192/249],,,,,,,,,,
ACM SIGecom Exchanges,2025,1551-9031/1551-9031,否,否,否,ESCI,0.4,,计算机科学,4 [574/758],否,三级," COMPUTER SCIENCE, INTERDISCIPLINARY APPLICATIONS 计算机：跨学科应用",4 [146/172],,,,,,,,,,
IET Cyber-systems and Robotics,2025,2631-6315/2631-6315,否,否,是,ESCI,1.2,,计算机科学,4 [575/758],否,三级, AUTOMATION & CONTROL SYSTEMS 自动化与控制系统,4 [67/83]," COMPUTER SCIENCE, ARTIFICIAL INTELLIGENCE 计算机：人工智能",4 [161/196]," COMPUTER SCIENCE, CYBERNETICS 计算机：控制论",4 [25/32], ROBOTICS 机器人学,4 [34/47],,,,
Review of Socionetwork Strategies,2025,2523-3173/1867-3236,否,否,否,ESCI,1,,计算机科学,4 [576/758],否,三级," COMPUTER SCIENCE, INFORMATION SYSTEMS 计算机：信息系统",4 [193/249],,,,,,,,,,
AUTOMATIC DOCUMENTATION AND MATHEMATICAL LINGUISTICS,2025,0005-1055/1934-8371,否,否,否,ESCI,0.5,,计算机科学,4 [577/758],否,三级," COMPUTER SCIENCE, INFORMATION SYSTEMS 计算机：信息系统",4 [194/249],,,,,,,,,,
KYBERNETIKA,2025,0023-5954,否,否,否,SCIE,2.2,,计算机科学,4 [578/758],否,三级," COMPUTER SCIENCE, CYBERNETICS 计算机：控制论",4 [26/32],,,,,,,,,,
International Journal of Sensor Networks,2025,1748-1279/1748-1287,否,否,否,SCIE,1.1,,计算机科学,4 [579/758],否,三级," COMPUTER SCIENCE, INFORMATION SYSTEMS 计算机：信息系统",4 [195/249], TELECOMMUNICATIONS 电信学,4 [93/119],,,,,,,,
International Journal of Unconventional Computing,2025,1548-7199/1548-7202,否,否,否,SCIE,0.7,,计算机科学,4 [580/758],否,三级," COMPUTER SCIENCE, THEORY & METHODS 计算机：理论方法",4 [119/143],,,,,,,,,,
ROBOMECH Journal,2025,2197-4225/2197-4225,否,否,是,ESCI,1.7,,计算机科学,4 [581/758],否,三级, INSTRUMENTS & INSTRUMENTATION 仪器仪表,4 [62/76], ROBOTICS 机器人学,4 [35/47],,,,,,,,
Security and Privacy,2025,2475-6725/2475-6725,否,否,否,ESCI,2.1,,计算机科学,4 [582/758],否,三级," COMPUTER SCIENCE, INFORMATION SYSTEMS 计算机：信息系统",4 [196/249], TELECOMMUNICATIONS 电信学,4 [94/119],,,,,,,,
Journal of Location Based Services,2025,1748-9725/1748-9733,否,否,否,ESCI,1.4,,计算机科学,4 [583/758],否,三级, TELECOMMUNICATIONS 电信学,4 [95/119],,,,,,,,,,
Open Computer Science,2025,2299-1093/2299-1093,否,否,是,ESCI,1.2,,计算机科学,4 [584/758],否,三级," COMPUTER SCIENCE, THEORY & METHODS 计算机：理论方法",4 [120/143],,,,,,,,,,
NETWORK-COMPUTATION IN NEURAL SYSTEMS,2025,0954-898X/1361-6536,否,否,否,SCIE,1.6,,计算机科学,4 [585/758],否,三级," COMPUTER SCIENCE, ARTIFICIAL INTELLIGENCE 计算机：人工智能",4 [162/196]," ENGINEERING, ELECTRICAL & ELECTRONIC 工程：电子与电气",4 [268/352], NEUROSCIENCES 神经科学,4 [286/309],,,,,,
IET Computer Vision,2025,1751-9632/1751-9640,否,否,是,SCIE,1.3,,计算机科学,4 [586/758],否,三级," COMPUTER SCIENCE, ARTIFICIAL INTELLIGENCE 计算机：人工智能",4 [164/196]," ENGINEERING, ELECTRICAL & ELECTRONIC 工程：电子与电气",4 [269/352],,,,,,,,
International Journal of Computational Science and Engineering,2025,1742-7185/1742-7193,否,否,否,ESCI,1.2,,计算机科学,4 [587/758],否,三级," COMPUTER SCIENCE, INTERDISCIPLINARY APPLICATIONS 计算机：跨学科应用",4 [148/172],,,,,,,,,,
International Journal of Antennas and Propagation,2025,1687-5869/1687-5877,否,否,是,SCIE,1.1,,计算机科学,4 [588/758],否,三级," ENGINEERING, ELECTRICAL & ELECTRONIC 工程：电子与电气",4 [271/352], TELECOMMUNICATIONS 电信学,4 [96/119],,,,,,,,
Journal of Information and Communication Technology-Malaysia,2025,1675-414X/2180-3862,否,否,是,ESCI,1.3,,计算机科学,4 [589/758],否,三级," COMPUTER SCIENCE, INFORMATION SYSTEMS 计算机：信息系统",4 [197/249],,,,,,,,,,
International Journal of Network Management,2025,1055-7148/1099-1190,否,否,否,SCIE,2.6,,计算机科学,4 [590/758],否,三级," COMPUTER SCIENCE, INFORMATION SYSTEMS 计算机：信息系统",4 [198/249], TELECOMMUNICATIONS 电信学,4 [97/119],,,,,,,,
INTERNATIONAL JOURNAL OF UNCERTAINTY FUZZINESS AND KNOWLEDGE-BASED SYSTEMS,2025,0218-4885/1793-6411,否,否,否,SCIE,1,,计算机科学,4 [591/758],否,三级," COMPUTER SCIENCE, ARTIFICIAL INTELLIGENCE 计算机：人工智能",4 [165/196],,,,,,,,,,
International Journal of Applied Pattern Recognition,2025,2049-887X/2049-8888,否,否,否,ESCI,0.8,,计算机科学,4 [592/758],否,三级," COMPUTER SCIENCE, ARTIFICIAL INTELLIGENCE 计算机：人工智能",4 [166/196],,,,,,,,,,
Frontiers in Blockchain,2025,2624-7852/2624-7852,否,否,是,ESCI,2.4,,计算机科学,4 [593/758],否,三级," COMPUTER SCIENCE, INFORMATION SYSTEMS 计算机：信息系统",4 [199/249]," COMPUTER SCIENCE, INTERDISCIPLINARY APPLICATIONS 计算机：跨学科应用",4 [150/172],,,,,,,,
International Journal on Artificial Intelligence Tools,2025,0218-2130/1793-6349,否,否,否,SCIE,1,,计算机科学,4 [594/758],否,三级," COMPUTER SCIENCE, ARTIFICIAL INTELLIGENCE 计算机：人工智能",4 [167/196]," COMPUTER SCIENCE, INTERDISCIPLINARY APPLICATIONS 计算机：跨学科应用",4 [151/172],,,,,,,,
International Journal of Gaming and Computer-Mediated Simulations,2025,1942-3888/1942-3896,否,否,否,ESCI,0.8,,计算机科学,4 [595/758],否,三级," COMPUTER SCIENCE, INTERDISCIPLINARY APPLICATIONS 计算机：跨学科应用",4 [152/172],,,,,,,,,,
COMPUTER ANIMATION AND VIRTUAL WORLDS,2025,1546-4261/1546-427X,否,否,否,SCIE,1.7,,计算机科学,4 [596/758],否,三级," COMPUTER SCIENCE, SOFTWARE ENGINEERING 计算机：软件工程",4 [112/131],,,,,,,,,,
Journal of Control Automation and Electrical Systems,2025,2195-3880/2195-3899,否,否,否,ESCI,1.3,,计算机科学,4 [597/758],否,三级, AUTOMATION & CONTROL SYSTEMS 自动化与控制系统,4 [68/83],,,,,,,,,,
International Journal of Humanoid Robotics,2025,0219-8436/1793-6942,否,否,否,SCIE,1.6,,计算机科学,4 [598/758],否,三级, ROBOTICS 机器人学,4 [36/47],,,,,,,,,,
IETE JOURNAL OF RESEARCH,2025,0377-2063/0974-780X,否,否,否,SCIE,1.3,,计算机科学,4 [599/758],否,三级," ENGINEERING, ELECTRICAL & ELECTRONIC 工程：电子与电气",4 [278/352], TELECOMMUNICATIONS 电信学,4 [98/119],,,,,,,,
Revista Iberoamericana de Automatica e Informatica Industrial,2025,1697-7912/1697-7920,否,否,是,SCIE,1.2,,计算机科学,4 [600/758],否,三级, AUTOMATION & CONTROL SYSTEMS 自动化与控制系统,4 [69/83], ROBOTICS 机器人学,4 [37/47],,,,,,,,
Turkish Journal of Electrical Engineering and Computer Sciences,2025,1300-0632/1303-6203,否,否,否,SCIE,1.5,,计算机科学,4 [601/758],否,三级," COMPUTER SCIENCE, ARTIFICIAL INTELLIGENCE 计算机：人工智能",4 [168/196]," ENGINEERING, ELECTRICAL & ELECTRONIC 工程：电子与电气",4 [279/352],,,,,,,,
Traitement du Signal,2025,0765-0019/1958-5608,否,否,否,SCIE,1,,计算机科学,4 [602/758],否,三级," COMPUTER SCIENCE, ARTIFICIAL INTELLIGENCE 计算机：人工智能",4 [169/196]," ENGINEERING, ELECTRICAL & ELECTRONIC 工程：电子与电气",4 [282/352],,,,,,,,
Qwerty,2025,1828-7344/2240-2950,否,否,否,ESCI,1,,计算机科学,4 [603/758],否,三级," COMPUTER SCIENCE, INTERDISCIPLINARY APPLICATIONS 计算机：跨学科应用",4 [154/172],,,,,,,,,,
Intelligent Data Analysis,2025,1088-467X/1571-4128,否,否,否,SCIE,0.8,,计算机科学,4 [604/758],否,三级," COMPUTER SCIENCE, ARTIFICIAL INTELLIGENCE 计算机：人工智能",4 [170/196],,,,,,,,,,
Cognitive Computation and Systems,2025,2517-7567/2517-7567,否,否,是,ESCI,1.3,,计算机科学,4 [605/758],否,三级," COMPUTER SCIENCE, ARTIFICIAL INTELLIGENCE 计算机：人工智能",4 [171/196], ROBOTICS 机器人学,4 [38/47],,,,,,,,
Journal of Control and Decision,2025,2330-7706/2330-7714,否,否,否,ESCI,1.8,,计算机科学,4 [606/758],否,三级, AUTOMATION & CONTROL SYSTEMS 自动化与控制系统,4 [70/83]," ENGINEERING, ELECTRICAL & ELECTRONIC 工程：电子与电气",4 [284/352],,,,,,,,
IET Networks,2025,2047-4954/2047-4962,否,否,是,ESCI,1.4,,计算机科学,4 [607/758],否,三级," COMPUTER SCIENCE, INFORMATION SYSTEMS 计算机：信息系统",4 [201/249],,,,,,,,,,
International Journal of Automation and Control,2025,1740-7516/1740-7524,否,否,否,ESCI,1.8,,计算机科学,4 [608/758],否,三级, AUTOMATION & CONTROL SYSTEMS 自动化与控制系统,4 [71/83],,,,,,,,,,
Frontiers in Communications and Networks,2025,2673-530X/2673-530X,否,否,是,ESCI,2.4,,计算机科学,4 [609/758],否,三级, TELECOMMUNICATIONS 电信学,4 [99/119],,,,,,,,,,
Journal of Advances in Information Technology,2025,1798-2340/1798-2340,否,否,否,ESCI,1.5,,计算机科学,4 [610/758],否,三级," COMPUTER SCIENCE, INFORMATION SYSTEMS 计算机：信息系统",4 [202/249]," COMPUTER SCIENCE, INTERDISCIPLINARY APPLICATIONS 计算机：跨学科应用",4 [156/172],,,,,,,,
JOURNAL OF INTELLIGENT & FUZZY SYSTEMS,2025,1064-1246/1875-8967,否,否,否,SCIEOnHold,1,,计算机科学,4 [611/758],否,三级," COMPUTER SCIENCE, ARTIFICIAL INTELLIGENCE 计算机：人工智能",4 [172/196],,,,,,,,,,
Journal of Internet Technology,2025,1607-9264/2079-4029,否,否,否,SCIE,1.2,,计算机科学,4 [612/758],否,三级," COMPUTER SCIENCE, INFORMATION SYSTEMS 计算机：信息系统",4 [203/249], TELECOMMUNICATIONS 电信学,4 [100/119],,,,,,,,
AUTOMATION AND REMOTE CONTROL,2025,0005-1179/1608-3032,否,否,否,SCIE,0.6,,计算机科学,4 [613/758],否,三级, AUTOMATION & CONTROL SYSTEMS 自动化与控制系统,4 [72/83], INSTRUMENTS & INSTRUMENTATION 仪器仪表,4 [65/76],,,,,,,,
JOURNAL OF UNIVERSAL COMPUTER SCIENCE,2025,0948-695X/0948-6968,否,否,是,SCIE,0.9,,计算机科学,4 [614/758],否,三级," COMPUTER SCIENCE, SOFTWARE ENGINEERING 计算机：软件工程",4 [113/131]," COMPUTER SCIENCE, THEORY & METHODS 计算机：理论方法",4 [122/143],,,,,,,,
Journal of Cellular Automata,2025,1557-5969/1557-5977,否,否,否,SCIE,0.3,,计算机科学,4 [615/758],否,三级," COMPUTER SCIENCE, THEORY & METHODS 计算机：理论方法",4 [123/143]," MATHEMATICS, INTERDISCIPLINARY APPLICATIONS 数学跨学科应用",4 [125/136],,,,,,,,
Parallel Processing Letters,2025,0129-6264/1793-642X,否,否,否,ESCI,0.5,,计算机科学,4 [616/758],否,三级," COMPUTER SCIENCE, INTERDISCIPLINARY APPLICATIONS 计算机：跨学科应用",4 [157/172],,,,,,,,,,
Inteligencia Artificial-Iberoamerical Journal of Artificial Intelligence,2025,1137-3601/1988-3064,否,否,是,ESCI,3.7,,计算机科学,4 [617/758],否,三级," COMPUTER SCIENCE, ARTIFICIAL INTELLIGENCE 计算机：人工智能",4 [173/196],,,,,,,,,,
International Journal of Parallel Emergent and Distributed Systems,2025,1744-5760/1744-5779,否,否,否,ESCI,0.7,,计算机科学,4 [618/758],否,三级," COMPUTER SCIENCE, THEORY & METHODS 计算机：理论方法",4 [124/143],,,,,,,,,,
JOURNAL OF COMPUTER AND SYSTEMS SCIENCES INTERNATIONAL,2025,1064-2307/1555-6530,否,否,否,SCIE,0.5,,计算机科学,4 [619/758],否,三级," COMPUTER SCIENCE, ARTIFICIAL INTELLIGENCE 计算机：人工智能",4 [174/196]," COMPUTER SCIENCE, CYBERNETICS 计算机：控制论",4 [27/32]," COMPUTER SCIENCE, THEORY & METHODS 计算机：理论方法",4 [126/143],,,,,,
International Journal of Web Services Research,2025,1545-7362/1546-5004,否,否,否,SCIE,0.7,,计算机科学,4 [620/758],否,三级," COMPUTER SCIENCE, INFORMATION SYSTEMS 计算机：信息系统",4 [204/249]," COMPUTER SCIENCE, SOFTWARE ENGINEERING 计算机：软件工程",4 [114/131],,,,,,,,
Infocommunications Journal,2025,2061-2079/2061-2125,否,否,否,ESCI,1.3,,计算机科学,4 [621/758],否,三级, TELECOMMUNICATIONS 电信学,4 [101/119],,,,,,,,,,
KSII Transactions on Internet and Information Systems,2025,1976-7277/1976-7277,否,否,否,SCIE,0.9,,计算机科学,4 [622/758],否,三级," COMPUTER SCIENCE, INFORMATION SYSTEMS 计算机：信息系统",4 [205/249], TELECOMMUNICATIONS 电信学,4 [102/119],,,,,,,,
International Journal of Networked and Distributed Computing,2025,2211-7938/2211-7946,否,否,是,ESCI,0.5,,计算机科学,4 [623/758],否,三级," COMPUTER SCIENCE, SOFTWARE ENGINEERING 计算机：软件工程",4 [115/131],,,,,,,,,,
CYBERNETICS AND SYSTEMS,2025,0196-9722/1087-6553,否,否,否,SCIE,1.8,,计算机科学,4 [624/758],否,三级," COMPUTER SCIENCE, CYBERNETICS 计算机：控制论",4 [28/32],,,,,,,,,,
COMPUTING AND INFORMATICS,2025,1335-9150/1335-9150,否,否,否,SCIE,1.7,,计算机科学,4 [625/758],否,三级," COMPUTER SCIENCE, ARTIFICIAL INTELLIGENCE 计算机：人工智能",4 [175/196],,,,,,,,,,
International Journal of Agricultural and Environmental Information Systems,2025,1947-3192/1947-3206,否,否,否,ESCI,0.4,,计算机科学,4 [626/758],否,三级," COMPUTER SCIENCE, INTERDISCIPLINARY APPLICATIONS 计算机：跨学科应用",4 [158/172],,,,,,,,,,
Communications in Information and Systems,2025,1526-7555/2163-4548,否,否,否,ESCI,0.8,,计算机科学,4 [627/758],否,三级," COMPUTER SCIENCE, INFORMATION SYSTEMS 计算机：信息系统",4 [207/249],,,,,,,,,,
INTERNATIONAL JOURNAL OF SOFTWARE ENGINEERING AND KNOWLEDGE ENGINEERING,2025,0218-1940/1793-6403,否,否,否,SCIE,0.6,,计算机科学,4 [628/758],否,三级," COMPUTER SCIENCE, ARTIFICIAL INTELLIGENCE 计算机：人工智能",4 [176/196]," COMPUTER SCIENCE, SOFTWARE ENGINEERING 计算机：软件工程",4 [116/131]," ENGINEERING, ELECTRICAL & ELECTRONIC 工程：电子与电气",4 [294/352],,,,,,
INTERNATIONAL JOURNAL OF SATELLITE COMMUNICATIONS AND NETWORKING,2025,1542-0973/1542-0981,否,否,否,SCIE,1.6,,计算机科学,4 [629/758],否,三级," ENGINEERING, AEROSPACE 工程：宇航",4 [38/53], TELECOMMUNICATIONS 电信学,4 [103/119],,,,,,,,
Acta Cybernetica,2025,0324-721X/0324-721X,否,否,否,ESCI,,,计算机科学,4 [630/758],否,三级," COMPUTER SCIENCE, CYBERNETICS 计算机：控制论",4 [29/32],,,,,,,,,,
JOURNAL OF ELECTRONIC IMAGING,2025,1017-9909/1560-229X,否,否,否,SCIE,1,,计算机科学,4 [631/758],否,三级," ENGINEERING, ELECTRICAL & ELECTRONIC 工程：电子与电气",4 [295/352], IMAGING SCIENCE & PHOTOGRAPHIC TECHNOLOGY 成像科学与照相技术,4 [31/35], OPTICS 光学,4 [102/119],,,,,,
MICROPROCESSORS AND MICROSYSTEMS,2025,0141-9331/1872-9436,否,否,否,SCIE,2.6,,计算机科学,4 [632/758],否,三级," COMPUTER SCIENCE, HARDWARE & ARCHITECTURE 计算机：硬件",4 [55/58]," COMPUTER SCIENCE, THEORY & METHODS 计算机：理论方法",4 [127/143]," ENGINEERING, ELECTRICAL & ELECTRONIC 工程：电子与电气",4 [296/352],,,,,,
Malaysian Journal of Computer Science,2025,0127-9084/0127-9084,否,否,否,SCIE,1.2,,计算机科学,4 [633/758],否,三级," COMPUTER SCIENCE, ARTIFICIAL INTELLIGENCE 计算机：人工智能",4 [177/196]," COMPUTER SCIENCE, THEORY & METHODS 计算机：理论方法",4 [128/143],,,,,,,,
Mechatronic Systems and Control,2025,2561-1771/2561-178X,否,否,否,ESCI,1,,计算机科学,4 [634/758],否,三级, AUTOMATION & CONTROL SYSTEMS 自动化与控制系统,4 [73/83],,,,,,,,,,
Image Processing On Line,2025,2105-1232/2105-1232,否,否,是,ESCI,0.8,,计算机科学,4 [635/758],否,三级," COMPUTER SCIENCE, SOFTWARE ENGINEERING 计算机：软件工程",4 [117/131],,,,,,,,,,
Baltic Journal of Modern Computing,2025,2255-8942/2255-8950,否,否,是,ESCI,0.7,,计算机科学,4 [636/758],否,三级," COMPUTER SCIENCE, SOFTWARE ENGINEERING 计算机：软件工程",4 [118/131],,,,,,,,,,
Bulletin of the European Association for Theoretical Computer Science,2025,0252-9742/0252-9742,否,否,否,ESCI,0.2,,计算机科学,4 [637/758],否,三级," COMPUTER SCIENCE, THEORY & METHODS 计算机：理论方法",4 [129/143],,,,,,,,,,
Ad Hoc & Sensor Wireless Networks,2025,1551-9899/1552-0633,否,否,否,SCIE,0.6,,计算机科学,4 [638/758],否,三级," COMPUTER SCIENCE, INFORMATION SYSTEMS 计算机：信息系统",4 [208/249], TELECOMMUNICATIONS 电信学,4 [104/119],,,,,,,,
IEICE TRANSACTIONS ON COMMUNICATIONS,2025,0916-8516/1745-1345,否,否,否,SCIE,0.6,,计算机科学,4 [639/758],否,三级," ENGINEERING, ELECTRICAL & ELECTRONIC 工程：电子与电气",4 [300/352], TELECOMMUNICATIONS 电信学,4 [105/119],,,,,,,,
Journal of Robotics and Mechatronics,2025,0915-3942/1883-8049,否,否,是,ESCI,0.8,,计算机科学,4 [640/758],否,三级, ROBOTICS 机器人学,4 [39/47],,,,,,,,,,
International Journal of Communication Networks and Distributed Systems,2025,1754-3916/1754-3924,否,否,否,ESCI,1,,计算机科学,4 [641/758],否,三级," COMPUTER SCIENCE, INFORMATION SYSTEMS 计算机：信息系统",4 [209/249],,,,,,,,,,
Artificial Life and Robotics,2025,1433-5298/1614-7456,否,否,否,ESCI,0.8,,计算机科学,4 [642/758],否,三级, ROBOTICS 机器人学,4 [40/47],,,,,,,,,,
International Journal of Web and Grid Services,2025,1741-1106/1741-1114,否,否,否,SCIE,1.4,,计算机科学,4 [643/758],否,三级," COMPUTER SCIENCE, INFORMATION SYSTEMS 计算机：信息系统",4 [210/249]," COMPUTER SCIENCE, SOFTWARE ENGINEERING 计算机：软件工程",4 [119/131],,,,,,,,
JOURNAL OF IMAGING SCIENCE AND TECHNOLOGY,2025,1062-3701/1943-3522,否,否,否,SCIE,0.5,,计算机科学,4 [644/758],否,三级, IMAGING SCIENCE & PHOTOGRAPHIC TECHNOLOGY 成像科学与照相技术,4 [33/35],,,,,,,,,,
Journal of Web Engineering,2025,1540-9589/1544-5976,否,否,否,SCIE,1,,计算机科学,4 [645/758],否,三级," COMPUTER SCIENCE, SOFTWARE ENGINEERING 计算机：软件工程",4 [120/131]," COMPUTER SCIENCE, THEORY & METHODS 计算机：理论方法",4 [131/143],,,,,,,,
Neural Network World,2025,1210-0552,否,否,否,SCIE,0.9,,计算机科学,4 [646/758],否,三级," COMPUTER SCIENCE, ARTIFICIAL INTELLIGENCE 计算机：人工智能",4 [178/196],,,,,,,,,,
International Journal of Modeling Simulation and Scientific Computing,2025,1793-9623/1793-9615,否,否,否,ESCI,1,,计算机科学,4 [647/758],否,三级," COMPUTER SCIENCE, THEORY & METHODS 计算机：理论方法",4 [132/143],,,,,,,,,,
Journal of Computer Science & Technology,2025,1666-6046/1666-6038,否,否,是,ESCI,0.7,,计算机科学,4 [648/758],否,三级," COMPUTER SCIENCE, ARTIFICIAL INTELLIGENCE 计算机：人工智能",4 [179/196],,,,,,,,,,
ADCAIJ-Advances in Distributed Computing and Artificial Intelligence Journal,2025,2255-2863/2255-2863,否,否,是,ESCI,1.6,,计算机科学,4 [649/758],否,三级," COMPUTER SCIENCE, ARTIFICIAL INTELLIGENCE 计算机：人工智能",4 [180/196],,,,,,,,,,
INTERNATIONAL JOURNAL OF COMPUTER APPLICATIONS IN TECHNOLOGY,2025,0952-8091/1741-5047,否,否,否,ESCI,0.6,,计算机科学,4 [650/758],否,三级," COMPUTER SCIENCE, INTERDISCIPLINARY APPLICATIONS 计算机：跨学科应用",4 [161/172],,,,,,,,,,
PATTERN RECOGNITION AND IMAGE ANALYSIS,2025,1054-6618/1555-6212,否,否,否,ESCI,0.5,,计算机科学,4 [651/758],否,三级," COMPUTER SCIENCE, INTERDISCIPLINARY APPLICATIONS 计算机：跨学科应用",4 [162/172],,,,,,,,,,
TEM Journal-Technology Education Management Informatics,2025,2217-8309/2217-8333,否,否,是,ESCI,0.7,,计算机科学,4 [652/758],否,三级," COMPUTER SCIENCE, INFORMATION SYSTEMS 计算机：信息系统",4 [211/249],,,,,,,,,,
JOURNAL OF INTERCONNECTION NETWORKS,2025,0219-2659/1793-6713,否,否,否,ESCI,0.8,,计算机科学,4 [653/758],否,三级," COMPUTER SCIENCE, THEORY & METHODS 计算机：理论方法",4 [134/143],,,,,,,,,,
Journal of Information Processing Systems,2025,1976-913X/2092-805X,否,否,否,ESCI,0.5,,计算机科学,4 [654/758],否,三级," COMPUTER SCIENCE, INFORMATION SYSTEMS 计算机：信息系统",4 [212/249],,,,,,,,,,
International Journal of Data Warehousing and Mining,2025,1548-3924/1548-3932,否,否,否,SCIE,0.7,,计算机科学,4 [655/758],否,三级," COMPUTER SCIENCE, SOFTWARE ENGINEERING 计算机：软件工程",4 [121/131],,,,,,,,,,
Journal of Robotics,2025,1687-9600/1687-9619,否,否,是,ESCI,1.3,,计算机科学,4 [656/758],否,三级, ROBOTICS 机器人学,4 [41/47],,,,,,,,,,
Vietnam Journal of Computer Science,2025,2196-8888/2196-8896,否,否,是,ESCI,1.1,,计算机科学,4 [657/758],否,三级," COMPUTER SCIENCE, ARTIFICIAL INTELLIGENCE 计算机：人工智能",4 [181/196]," COMPUTER SCIENCE, INFORMATION SYSTEMS 计算机：信息系统",4 [213/249]," COMPUTER SCIENCE, THEORY & METHODS 计算机：理论方法",4 [135/143],,,,,,
Journal of Advanced Computational Intelligence and Intelligent Informatics,2025,1343-0130/1883-8014,否,否,是,ESCI,0.8,,计算机科学,4 [658/758],否,三级," COMPUTER SCIENCE, ARTIFICIAL INTELLIGENCE 计算机：人工智能",4 [182/196],,,,,,,,,,
IEICE TRANSACTIONS ON INFORMATION AND SYSTEMS,2025,0916-8532/1745-1361,否,否,否,SCIE,0.8,,计算机科学,4 [659/758],否,三级," COMPUTER SCIENCE, INFORMATION SYSTEMS 计算机：信息系统",4 [214/249]," COMPUTER SCIENCE, SOFTWARE ENGINEERING 计算机：软件工程",4 [122/131],,,,,,,,
Journal of Communications Software and Systems,2025,1845-6421/1846-6079,否,否,是,ESCI,0.7,,计算机科学,4 [660/758],否,三级," COMPUTER SCIENCE, INFORMATION SYSTEMS 计算机：信息系统",4 [215/249], TELECOMMUNICATIONS 电信学,4 [106/119],,,,,,,,
INTERNATIONAL JOURNAL OF PATTERN RECOGNITION AND ARTIFICIAL INTELLIGENCE,2025,0218-0014/1793-6381,否,否,否,SCIE,1.1,,计算机科学,4 [661/758],否,三级," COMPUTER SCIENCE, ARTIFICIAL INTELLIGENCE 计算机：人工智能",4 [183/196],,,,,,,,,,
Journal of the British Blockchain Association,2025,2516-3957/2516-3957,否,否,是,ESCI,2,,计算机科学,4 [662/758],否,三级, ECONOMICS 经济学,4 [534/599],,,,,,,,,,
Scalable Computing-Practice and Experience,2025,1895-1767/1895-1767,否,否,否,ESCI,,2025年《国际期刊预警名单》,计算机科学,4 [663/758],否,三级," COMPUTER SCIENCE, SOFTWARE ENGINEERING 计算机：软件工程",4 [123/131],,,,,,,,,,
APPLIED COMPUTATIONAL ELECTROMAGNETICS SOCIETY JOURNAL,2025,1054-4887/1943-5711,否,否,否,SCIE,0.6,,计算机科学,4 [664/758],否,三级," ENGINEERING, ELECTRICAL & ELECTRONIC 工程：电子与电气",4 [310/352], TELECOMMUNICATIONS 电信学,4 [107/119],,,,,,,,
Acta Universitatis Sapientiae Informatica,2025,1844-6086/2066-7760,否,否,是,ESCI,0.3,,计算机科学,4 [665/758],否,三级," COMPUTER SCIENCE, THEORY & METHODS 计算机：理论方法",4 [136/143],,,,,,,,,,
International Journal of Automation Technology,2025,1881-7629/1883-8022,否,否,是,ESCI,0.8,,计算机科学,4 [666/758],否,三级, AUTOMATION & CONTROL SYSTEMS 自动化与控制系统,4 [74/83],,,,,,,,,,
ACM Transactions on Modeling and Performance Evaluation of Computing Systems,2025,2376-3639/2376-3647,否,否,否,ESCI,1.6,,计算机科学,4 [667/758],否,三级," COMPUTER SCIENCE, INFORMATION SYSTEMS 计算机：信息系统",4 [217/249],,,,,,,,,,
International Journal of Decision Support System Technology,2025,1941-6296/1941-630X,否,否,否,ESCI,0.7,,计算机科学,4 [668/758],否,三级," COMPUTER SCIENCE, INFORMATION SYSTEMS 计算机：信息系统",4 [218/249],,,,,,,,,,
Journal of Micro-Bio Robotics,2025,2194-6418/2194-6426,否,否,否,ESCI,1.1,,计算机科学,4 [669/758],否,三级, ROBOTICS 机器人学,4 [42/47],,,,,,,,,,
International Journal of Ad Hoc and Ubiquitous Computing,2025,1743-8225/1743-8233,否,否,否,SCIE,0.7,,计算机科学,4 [670/758],否,三级," COMPUTER SCIENCE, INFORMATION SYSTEMS 计算机：信息系统",4 [219/249], TELECOMMUNICATIONS 电信学,4 [108/119],,,,,,,,
International Journal of Multimedia Data Engineering & Management,2025,1947-8534/1947-8542,否,否,否,ESCI,0.5,,计算机科学,4 [671/758],否,三级," COMPUTER SCIENCE, SOFTWARE ENGINEERING 计算机：软件工程",4 [124/131],,,,,,,,,,
International Journal of Arts and Technology,2025,1754-8853/1754-8861,否,否,否,ESCI,1,,计算机科学,4 [672/758],否,三级," COMPUTER SCIENCE, INTERDISCIPLINARY APPLICATIONS 计算机：跨学科应用",4 [163/172],,,,,,,,,,
International Journal of Image and Graphics,2025,0219-4678/1793-6756,否,否,否,ESCI,0.9,,计算机科学,4 [673/758],否,三级," COMPUTER SCIENCE, SOFTWARE ENGINEERING 计算机：软件工程",4 [125/131],,,,,,,,,,
Foundations of Computing and Decision Sciences,2025,0867-6356/2300-3405,否,否,是,ESCI,1.3,,计算机科学,4 [674/758],否,三级," COMPUTER SCIENCE, ARTIFICIAL INTELLIGENCE 计算机：人工智能",4 [184/196],,,,,,,,,,
Journal of Electrical and Computer Engineering,2025,2090-0147/2090-0155,否,否,是,ESCI,1.1,,计算机科学,4 [675/758],否,三级," COMPUTER SCIENCE, INFORMATION SYSTEMS 计算机：信息系统",4 [221/249],,,,,,,,,,
Applied Computing Review,2025,1559-6915,否,否,否,ESCI,0.9,,计算机科学,4 [676/758],否,三级," COMPUTER SCIENCE, INFORMATION SYSTEMS 计算机：信息系统",4 [222/249],,,,,,,,,,
IEICE TRANSACTIONS ON FUNDAMENTALS OF ELECTRONICS COMMUNICATIONS AND COMPUTER SCIENCES,2025,0916-8508/1745-1337,否,否,否,SCIE,0.4,,计算机科学,4 [677/758],否,三级," COMPUTER SCIENCE, HARDWARE & ARCHITECTURE 计算机：硬件",4 [56/58]," COMPUTER SCIENCE, INFORMATION SYSTEMS 计算机：信息系统",4 [223/249]," ENGINEERING, ELECTRICAL & ELECTRONIC 工程：电子与电气",4 [320/352],,,,,,
ISeCure-ISC International Journal of Information Security,2025,2008-2045/2008-3076,否,否,是,ESCI,0.5,,计算机科学,4 [678/758],否,三级," COMPUTER SCIENCE, INFORMATION SYSTEMS 计算机：信息系统",4 [224/249],,,,,,,,,,
Computer Science Journal of Moldova,2025,1561-4042/1561-4042,否,否,是,ESCI,0.3,,计算机科学,4 [679/758],否,三级," COMPUTER SCIENCE, THEORY & METHODS 计算机：理论方法",4 [137/143],,,,,,,,,,
International Journal of Knowledge-Based and Intelligent Engineering Systems,2025,1327-2314/1875-8827,否,否,否,ESCI,1.5,,计算机科学,4 [680/758],否,三级," COMPUTER SCIENCE, ARTIFICIAL INTELLIGENCE 计算机：人工智能",4 [185/196],,,,,,,,,,
Multiagent and Grid Systems,2025,1574-1702/1875-9076,否,否,否,ESCI,0.4,,计算机科学,4 [681/758],否,三级," COMPUTER SCIENCE, THEORY & METHODS 计算机：理论方法",4 [138/143],,,,,,,,,,
International Journal of Information Technology and Web Engineering,2025,1554-1045/1554-1053,否,否,否,ESCI,0.8,,计算机科学,4 [682/758],否,三级," COMPUTER SCIENCE, INFORMATION SYSTEMS 计算机：信息系统",4 [225/249],,,,,,,,,,
MODELING IDENTIFICATION AND CONTROL,2025,0332-7353/1890-1328,否,否,是,SCIE,0.9,,计算机科学,4 [683/758],否,三级, AUTOMATION & CONTROL SYSTEMS 自动化与控制系统,4 [75/83]," COMPUTER SCIENCE, CYBERNETICS 计算机：控制论",4 [30/32],,,,,,,,
IPSI BgD Transactions on Internet Research,2025,1820-4503/1820-4503,否,否,否,ESCI,0.2,,计算机科学,4 [684/758],否,三级," COMPUTER SCIENCE, INFORMATION SYSTEMS 计算机：信息系统",4 [227/249],,,,,,,,,,
JOURNAL OF COMMUNICATIONS TECHNOLOGY AND ELECTRONICS,2025,1064-2269/1555-6557,否,否,否,SCIE,0.4,,计算机科学,4 [685/758],否,三级," ENGINEERING, ELECTRICAL & ELECTRONIC 工程：电子与电气",4 [323/352], TELECOMMUNICATIONS 电信学,4 [109/119],,,,,,,,
International Journal of Computational Intelligence and Applications,2025,1469-0268/1757-5885,否,否,否,ESCI,1.3,,计算机科学,4 [686/758],否,三级," COMPUTER SCIENCE, ARTIFICIAL INTELLIGENCE 计算机：人工智能",4 [186/196],,,,,,,,,,
"Advances in Computational Design, An International Journal",2025,2383-8477/2466-0523,否,否,否,ESCI,0.6,,计算机科学,4 [687/758],否,三级," COMPUTER SCIENCE, SOFTWARE ENGINEERING 计算机：软件工程",4 [126/131],,,,,,,,,,
International Journal of Electronic Security and Digital Forensics,2025,1751-911X/1751-9128,否,否,否,ESCI,0.5,,计算机科学,4 [688/758],否,三级," COMPUTER SCIENCE, INFORMATION SYSTEMS 计算机：信息系统",4 [228/249],,,,,,,,,,
International Journal of Mobile Computing and Multimedia Communications,2025,1937-9412/1937-9404,否,否,否,ESCI,0.9,,计算机科学,4 [689/758],否,三级, TELECOMMUNICATIONS 电信学,4 [110/119],,,,,,,,,,
International Journal of Advanced Computer Science and Applications,2025,2158-107X/2156-5570,否,否,否,ESCI,0.9,,计算机科学,4 [690/758],否,三级," COMPUTER SCIENCE, THEORY & METHODS 计算机：理论方法",4 [139/143],,,,,,,,,,
International Journal of Electronics and Telecommunications,2025,2081-8491/2300-1933,否,否,是,ESCI,0.7,,计算机科学,4 [691/758],否,三级, TELECOMMUNICATIONS 电信学,4 [111/119],,,,,,,,,,
International Journal of Embedded Systems,2025,1741-1068/1741-1076,否,否,否,ESCI,0.7,,计算机科学,4 [692/758],否,三级," COMPUTER SCIENCE, HARDWARE & ARCHITECTURE 计算机：硬件",4 [57/58],,,,,,,,,,
Jordanian Journal of Computers and Information Technology,2025,2413-9351/2415-1076,否,否,是,ESCI,1.2,,计算机科学,4 [693/758],否,三级," COMPUTER SCIENCE, INFORMATION SYSTEMS 计算机：信息系统",4 [229/249], TELECOMMUNICATIONS 电信学,4 [112/119],,,,,,,,
International Journal of Grid and High Performance Computing,2025,1938-0259/1938-0267,否,否,否,ESCI,0.6,,计算机科学,4 [694/758],否,三级," COMPUTER SCIENCE, THEORY & METHODS 计算机：理论方法",4 [140/143],,,,,,,,,,
Internet Technology Letters,2025,2476-1508/2476-1508,否,否,否,ESCI,0.5,,计算机科学,4 [695/758],否,三级, TELECOMMUNICATIONS 电信学,4 [113/119],,,,,,,,,,
Computer Science-AGH,2025,1508-2806/2300-7036,否,否,是,ESCI,0.6,,计算机科学,4 [696/758],否,三级," COMPUTER SCIENCE, THEORY & METHODS 计算机：理论方法",4 [141/143],,,,,,,,,,
AUTOMATIC CONTROL AND COMPUTER SCIENCES,2025,0146-4116/1558-108X,否,否,否,ESCI,0.5,,计算机科学,4 [697/758],否,三级, AUTOMATION & CONTROL SYSTEMS 自动化与控制系统,4 [76/83],,,,,,,,,,
AT-Automatisierungstechnik,2025,0178-2312/2196-677X,否,否,否,SCIE,0.9,,计算机科学,4 [698/758],否,三级, AUTOMATION & CONTROL SYSTEMS 自动化与控制系统,4 [77/83],,,,,,,,,,
EAI Endorsed Transactions on Scalable Information Systems,2025,2032-9407/2032-9407,否,否,是,ESCI,0.8,,计算机科学,4 [699/758],否,三级," COMPUTER SCIENCE, INFORMATION SYSTEMS 计算机：信息系统",4 [230/249],,,,,,,,,,
JOURNAL OF INFORMATION SCIENCE AND ENGINEERING,2025,1016-2364,否,否,否,SCIE,1.1,,计算机科学,4 [700/758],否,三级," COMPUTER SCIENCE, INFORMATION SYSTEMS 计算机：信息系统",4 [231/249],,,,,,,,,,
International Journal of Information System Modeling and Design,2025,1947-8186/1947-8194,否,否,否,ESCI,0.6,,计算机科学,4 [701/758],否,三级," COMPUTER SCIENCE, INFORMATION SYSTEMS 计算机：信息系统",4 [232/249],,,,,,,,,,
International Journal of Swarm Intelligence Research,2025,1947-9263/1947-9271,否,否,否,ESCI,0.8,,计算机科学,4 [702/758],否,三级," COMPUTER SCIENCE, ARTIFICIAL INTELLIGENCE 计算机：人工智能",4 [187/196],,,,,,,,,,
JOURNAL OF FLOW VISUALIZATION AND IMAGE PROCESSING,2025,1065-3090/1940-4336,否,否,否,ESCI,0.8,,计算机科学,4 [703/758],否,三级," ENGINEERING, MECHANICAL 工程：机械",4 [160/181], MECHANICS 力学,4 [157/171],,,,,,,,
International Journal of Biometrics,2025,1755-8301/1755-831X,否,否,否,ESCI,0.7,,计算机科学,4 [704/758],否,三级," COMPUTER SCIENCE, ARTIFICIAL INTELLIGENCE 计算机：人工智能",4 [188/196],,,,,,,,,,
INTERNATIONAL JOURNAL OF COOPERATIVE INFORMATION SYSTEMS,2025,0218-8430/1793-6365,否,否,否,SCIE,0.8,,计算机科学,4 [705/758],否,三级," COMPUTER SCIENCE, INFORMATION SYSTEMS 计算机：信息系统",4 [233/249],,,,,,,,,,
International Journal of Pervasive Computing and Communications,2025,1742-7371/1742-738X,否,否,否,ESCI,0.8,,计算机科学,4 [706/758],否,三级," COMPUTER SCIENCE, INTERDISCIPLINARY APPLICATIONS 计算机：跨学科应用",4 [164/172],,,,,,,,,,
JOURNAL OF HIGH SPEED NETWORKS,2025,0926-6801/1875-8940,否,否,否,ESCI,1,,计算机科学,4 [707/758],否,三级," COMPUTER SCIENCE, INFORMATION SYSTEMS 计算机：信息系统",4 [234/249],,,,,,,,,,
Applied Bionics and Biomechanics,2025,1176-2322/1754-2103,否,否,是,SCIE,0.6,,计算机科学,4 [708/758],否,三级," ENGINEERING, BIOMEDICAL 工程：生物医学",4 [113/120], ROBOTICS 机器人学,4 [43/47],,,,,,,,
International Journal of Applied Metaheuristic Computing,2025,1947-8283/1947-8291,否,否,否,ESCI,0.7,,计算机科学,4 [709/758],否,三级," COMPUTER SCIENCE, ARTIFICIAL INTELLIGENCE 计算机：人工智能",4 [190/196],,,,,,,,,,
Romanian Journal of Information Technology and Automatic Control-Revista Romana de Informatica si Automatica,2025,1220-1758/1841-4303,否,否,是,ESCI,0.7,,计算机科学,4 [710/758],否,三级," COMPUTER SCIENCE, INTERDISCIPLINARY APPLICATIONS 计算机：跨学科应用",4 [165/172],,,,,,,,,,
International Journal of Digital Crime and Forensics,2025,1941-6210/1941-6229,否,否,否,ESCI,1,,计算机科学,4 [711/758],否,三级," COMPUTER SCIENCE, INTERDISCIPLINARY APPLICATIONS 计算机：跨学科应用",4 [166/172],,,,,,,,,,
Journal of Algorithms & Computational Technology,2025,1748-3018/1748-3026,否,否,是,ESCI,1.7,,计算机科学,4 [712/758],否,三级," COMPUTER SCIENCE, INTERDISCIPLINARY APPLICATIONS 计算机：跨学科应用",4 [167/172],,,,,,,,,,
International Journal of Information Retrieval Research,2025,2155-6377/2155-6385,否,否,否,ESCI,0.5,,计算机科学,4 [713/758],否,三级," COMPUTER SCIENCE, INFORMATION SYSTEMS 计算机：信息系统",4 [236/249],,,,,,,,,,
International Journal of Semantic Computing,2025,1793-351X/1793-7108,否,否,否,ESCI,0.6,,计算机科学,4 [714/758],否,三级," COMPUTER SCIENCE, ARTIFICIAL INTELLIGENCE 计算机：人工智能",4 [191/196],,,,,,,,,,
International Journal of Data Mining Modelling and Management,2025,1759-1163/1759-1171,否,否,否,ESCI,0.5,,计算机科学,4 [715/758],否,三级," COMPUTER SCIENCE, ARTIFICIAL INTELLIGENCE 计算机：人工智能",4 [192/196],,,,,,,,,,
Journal of Digital Forensics Security and Law,2025,1558-7215/1558-7223,否,否,是,ESCI,,,计算机科学,4 [716/758],否,三级," COMPUTER SCIENCE, INFORMATION SYSTEMS 计算机：信息系统",4 [237/249],,,,,,,,,,
Journal of Information and Organizational Sciences,2025,1846-3312/1846-9418,否,否,是,ESCI,0.5,,计算机科学,4 [717/758],否,三级," COMPUTER SCIENCE, INTERDISCIPLINARY APPLICATIONS 计算机：跨学科应用",4 [168/172],,,,,,,,,,
Journal of Cases on Information Technology,2025,1548-7717/1548-7725,否,否,否,ESCI,0.9,,计算机科学,4 [718/758],否,三级," COMPUTER SCIENCE, INFORMATION SYSTEMS 计算机：信息系统",4 [238/249],,,,,,,,,,
Applied Computer Systems,2025,2255-8683/2255-8691,否,否,是,ESCI,0.8,,计算机科学,4 [719/758],否,三级," COMPUTER SCIENCE, THEORY & METHODS 计算机：理论方法",4 [142/143],,,,,,,,,,
Communications in Mathematical Biology and Neuroscience,2025,2052-2541/2052-2541,否,否,否,ESCI,0.8,,计算机科学,4 [720/758],否,三级," COMPUTER SCIENCE, INFORMATION SYSTEMS 计算机：信息系统",4 [239/249],,,,,,,,,,
INTERNATIONAL JOURNAL OF ROBOTICS & AUTOMATION,2025,0826-8185/1925-7090,否,否,否,SCIE,1,,计算机科学,4 [721/758],否,三级, AUTOMATION & CONTROL SYSTEMS 自动化与控制系统,4 [78/83], ROBOTICS 机器人学,4 [44/47],,,,,,,,
International Journal of Distributed Systems and Technologies,2025,1947-3532/1947-3540,否,否,否,ESCI,0.6,,计算机科学,4 [722/758],否,三级," COMPUTER SCIENCE, INFORMATION SYSTEMS 计算机：信息系统",4 [240/249],,,,,,,,,,
International Journal of Business Data Communications and Networking,2025,1548-0631/1548-064X,否,否,否,ESCI,<0.1,,计算机科学,4 [723/758],否,三级," COMPUTER SCIENCE, INFORMATION SYSTEMS 计算机：信息系统",4 [241/249],,,,,,,,,,
Vestnik Tomskogo Gosudarstvennogo Universiteta-Upravlenie Vychislitelnaja Tehnika i Informatika-Tomsk State University Journal of Control and Computer Science,2025,1998-8605/2311-2085,否,否,否,ESCI,0.2,,计算机科学,4 [724/758],否,三级, AUTOMATION & CONTROL SYSTEMS 自动化与控制系统,4 [79/83],,,,,,,,,,
International Journal of Embedded and Real-Time Communication Systems (IJERTCS),2025,1947-3176/1947-3184,否,否,否,ESCI,,,计算机科学,4 [725/758],否,三级," COMPUTER SCIENCE, SOFTWARE ENGINEERING 计算机：软件工程",4 [127/131], TELECOMMUNICATIONS 电信学,4 [114/119],,,,,,,,
International Journal of Information Security and Privacy,2025,1930-1650/1930-1669,否,否,否,ESCI,0.9,,计算机科学,4 [726/758],否,三级," COMPUTER SCIENCE, SOFTWARE ENGINEERING 计算机：软件工程",4 [128/131],,,,,,,,,,
International Journal of Intelligent Unmanned Systems,2025,2049-6427/2049-6435,否,否,否,ESCI,1.3,,计算机科学,4 [727/758],否,三级, ROBOTICS 机器人学,4 [45/47],,,,,,,,,,
Annual Review of CyberTherapy and Telemedicine,2025,1554-8716/2352-927X,是,否,是,ESCI,0.6,,计算机科学,4 [728/758],否,三级," COMPUTER SCIENCE, CYBERNETICS 计算机：控制论",4 [31/32],,,,,,,,,,
Journal of Information Technology Research,2025,1938-7857/1938-7865,否,否,否,ESCI,0.5,,计算机科学,4 [729/758],否,三级," COMPUTER SCIENCE, INTERDISCIPLINARY APPLICATIONS 计算机：跨学科应用",4 [169/172],,,,,,,,,,
International Journal of Grid and Utility Computing,2025,1741-847X/1741-8488,否,否,否,ESCI,0.7,,计算机科学,4 [730/758],否,三级," COMPUTER SCIENCE, INFORMATION SYSTEMS 计算机：信息系统",4 [242/249],,,,,,,,,,
International Journal of Interdisciplinary Telecommunications and Networking,2025,1941-8663/1941-8671,否,否,否,ESCI,0.7,,计算机科学,4 [731/758],否,三级, TELECOMMUNICATIONS 电信学,4 [115/119],,,,,,,,,,
Intelligent Decision Technologies-Netherlands,2025,1872-4981/1875-8843,否,否,否,ESCI,0.8,,计算机科学,4 [732/758],否,三级," COMPUTER SCIENCE, ARTIFICIAL INTELLIGENCE 计算机：人工智能",4 [193/196],,,,,,,,,,
International Journal of System Dynamics Applications,2025,2160-9772/2160-9799,否,否,否,ESCI,0.1,,计算机科学,4 [733/758],否,三级," COMPUTER SCIENCE, ARTIFICIAL INTELLIGENCE 计算机：人工智能",4 [194/196],,,,,,,,,,
Foundations and Trends in Theoretical Computer Science,2025,1551-305X/1551-3068,是,否,否,ESCI,0.7,,计算机科学,4 [734/758],否,三级," COMPUTER SCIENCE, THEORY & METHODS 计算机：理论方法",4 [143/143],,,,,,,,,,
Journal of ICT Research and Applications,2025,2337-5787/2338-5499,否,否,是,ESCI,0.6,,计算机科学,4 [735/758],否,三级," COMPUTER SCIENCE, INFORMATION SYSTEMS 计算机：信息系统",4 [244/249],,,,,,,,,,
International Journal of Modelling Identification and Control,2025,1746-6172/1746-6180,否,否,否,ESCI,1,,计算机科学,4 [736/758],否,三级, AUTOMATION & CONTROL SYSTEMS 自动化与控制系统,4 [80/83],,,,,,,,,,
International Journal of Software Innovation,2025,2166-7160/2166-7179,否,否,否,ESCI,0.6,,计算机科学,4 [737/758],否,三级," COMPUTER SCIENCE, SOFTWARE ENGINEERING 计算机：软件工程",4 [129/131],,,,,,,,,,
International Journal of Cognitive Informatics and Natural Intelligence,2025,1557-3958/1557-3966,否,否,否,ESCI,1,,计算机科学,4 [738/758],否,三级," COMPUTER SCIENCE, ARTIFICIAL INTELLIGENCE 计算机：人工智能",4 [195/196],,,,,,,,,,
Journal of Print and Media Technology Research,2025,2223-8905/2414-6250,否,否,是,ESCI,0.4,,计算机科学,4 [739/758],否,三级, IMAGING SCIENCE & PHOTOGRAPHIC TECHNOLOGY 成像科学与照相技术,4 [35/35],,,,,,,,,,
Journal of Robotics Networking and Artificial Life,2025,2352-6386/2352-6386,否,否,是,ESCI,0.2,,计算机科学,4 [740/758],否,三级, ROBOTICS 机器人学,4 [46/47],,,,,,,,,,
GetMobile-Mobile Computing & Communications Review,2025,2375-0529/2375-0537,否,否,否,ESCI,1.2,,计算机科学,4 [741/758],否,三级, TELECOMMUNICATIONS 电信学,4 [116/119],,,,,,,,,,
International Journal of Intelligent Information Technologies,2025,1548-3657/1548-3665,否,否,否,ESCI,0.6,,计算机科学,4 [742/758],否,三级," COMPUTER SCIENCE, INFORMATION SYSTEMS 计算机：信息系统",4 [245/249],,,,,,,,,,
Radio Electronics Computer Science Control,2025,1607-3274/2313-688X,否,否,是,ESCI,0.3,,计算机科学,4 [743/758],否,三级," COMPUTER SCIENCE, HARDWARE & ARCHITECTURE 计算机：硬件",4 [58/58],,,,,,,,,,
International Journal of Autonomous and Adaptive Communications Systems,2025,1754-8632/1754-8640,否,否,否,ESCI,0.3,,计算机科学,4 [744/758],否,三级," COMPUTER SCIENCE, INFORMATION SYSTEMS 计算机：信息系统",4 [246/249]," ENGINEERING, ELECTRICAL & ELECTRONIC 工程：电子与电气",4 [338/352], TELECOMMUNICATIONS 电信学,4 [117/119],,,,,,
Control Engineering and Applied Informatics,2025,1454-8658,否,否,否,SCIE,0.6,,计算机科学,4 [745/758],否,三级, AUTOMATION & CONTROL SYSTEMS 自动化与控制系统,4 [81/83],,,,,,,,,,
International Journal of e-Collaboration,2025,1548-3673/1548-3681,否,否,否,ESCI,0.4,,计算机科学,4 [746/758],否,三级," COMPUTER SCIENCE, INFORMATION SYSTEMS 计算机：信息系统",4 [247/249],,,,,,,,,,
MICROWAVE JOURNAL,2025,0192-6225,否,否,否,SCIE,0.3,,计算机科学,4 [747/758],否,三级," ENGINEERING, ELECTRICAL & ELECTRONIC 工程：电子与电气",4 [346/352], TELECOMMUNICATIONS 电信学,4 [118/119],,,,,,,,
IADIS-International Journal on Computer Science and Information Systems,2025,1646-3692/1646-3692,否,否,否,ESCI,0.4,,计算机科学,4 [748/758],否,三级," COMPUTER SCIENCE, INTERDISCIPLINARY APPLICATIONS 计算机：跨学科应用",4 [170/172],,,,,,,,,,
Journal of Information Assurance and Security,2025,1554-1010/1554-1029,否,否,否,ESCI,0.5,,计算机科学,4 [749/758],否,三级," COMPUTER SCIENCE, INFORMATION SYSTEMS 计算机：信息系统",4 [248/249],,,,,,,,,,
International Journal of Internet Protocol Technology,2025,1743-8209/1743-8217,否,否,否,ESCI,0.2,,计算机科学,4 [750/758],否,三级," COMPUTER SCIENCE, INFORMATION SYSTEMS 计算机：信息系统",4 [249/249],,,,,,,,,,
Journal of Control Science and Engineering,2025,1687-5249/1687-5257,否,否,是,ESCI,0.3,,计算机科学,4 [751/758],否,三级, AUTOMATION & CONTROL SYSTEMS 自动化与控制系统,4 [82/83],,,,,,,,,,
Revista Brasileira de Computacao Aplicada,2025,2176-6649/2176-6649,否,否,是,ESCI,0.1,,计算机科学,4 [752/758],否,三级," COMPUTER SCIENCE, INTERDISCIPLINARY APPLICATIONS 计算机：跨学科应用",4 [171/172],,,,,,,,,,
Telematique,2025,1856-4194/1856-4194,否,否,否,ESCI,1.2,,计算机科学,4 [753/758],否,三级, TELECOMMUNICATIONS 电信学,4 [119/119],,,,,,,,,,
Web Intelligence,2025,2405-6456/2405-6464,否,否,否,ESCI,0.3,,计算机科学,4 [754/758],否,三级," COMPUTER SCIENCE, ARTIFICIAL INTELLIGENCE 计算机：人工智能",4 [196/196],,,,,,,,,,
ATP Magazine,2025,2190-4111/2364-3137,否,否,否,ESCI,0.3,,计算机科学,4 [755/758],否,三级, AUTOMATION & CONTROL SYSTEMS 自动化与控制系统,4 [83/83],,,,,,,,,,
ERCIM News,2025,0926-4981/1564-0094,否,否,否,ESCI,0.1,,计算机科学,4 [756/758],否,三级," COMPUTER SCIENCE, INTERDISCIPLINARY APPLICATIONS 计算机：跨学科应用",4 [172/172],,,,,,,,,,
PRESENCE-Virtual and Augmented Reality,2025,1054-7460/1531-3263,否,否,否,SCIE,1.5,,计算机科学,4 [757/758],否,三级," COMPUTER SCIENCE, CYBERNETICS 计算机：控制论",4 [32/32]," COMPUTER SCIENCE, SOFTWARE ENGINEERING 计算机：软件工程",4 [130/131],,,,,,,,
Internetworking Indonesia,2025,1942-9703/1942-9703,否,否,是,ESCI,,,计算机科学,4 [758/758],否,三级," COMPUTER SCIENCE, SOFTWARE ENGINEERING 计算机：软件工程",4 [131/131],,,,,,,,,,
