Journal,年份,ISSN/EISSN,Review,OA Journal Index（OAJ）,Open Access,Web of Science,影响因子,标注,大类,大类分区,Top,小类1,小类1分区,小类2,小类2分区,小类3,小类3分区,小类4,小类4分区,小类5,小类5分区,小类6,小类6分区,权威期刊
ACTA NUMERICA,2025,0962-4929/1474-0508,是,否,否,SCIE,11.3,,数学,1 [1/815],是, MATHEMATICS 数学,1 [1/487],,,,,,,,,,,一级
ANNALS OF MATHEMATICS,2025,0003-486X/1939-8980,否,否,否,SCIE,5.3,,数学,1 [2/815],是, MATHEMATICS 数学,1 [2/487],,,,,,,,,,,一级
ACTA MATHEMATICA,2025,0001-5962/1871-2509,否,否,否,SCIE,6.7,,数学,1 [3/815],是, MATHEMATICS 数学,1 [3/487],,,,,,,,,,,一级
Publications Mathematiques de l IHES,2025,0073-8301/1618-1913,否,否,否,SCIE,3.5,,数学,1 [4/815],是, MATHEMATICS 数学,1 [4/487],,,,,,,,,,,一级
Forum of Mathematics Pi,2025,2050-5086/2050-5086,否,是,是,SCIE,2.9,,数学,1 [5/815],是, MATHEMATICS 数学,1 [5/487]," MATHEMATICS, APPLIED 应用数学",1 [1/330],,,,,,,,,一级
INVENTIONES MATHEMATICAE,2025,0020-9910/1432-1297,否,否,否,SCIE,3.6,,数学,1 [6/815],是, MATHEMATICS 数学,1 [6/487],,,,,,,,,,,一级
Annual Review of Statistics and Its Application,2025,2326-8298/2326-831X,是,否,否,SCIE,8.7,,数学,1 [7/815],是," MATHEMATICS, INTERDISCIPLINARY APPLICATIONS 数学跨学科应用",1 [2/136], STATISTICS & PROBABILITY 统计学与概率论,1 [2/166],,,,,,,,,一级
DUKE MATHEMATICAL JOURNAL,2025,0012-7094/1547-7398,否,否,否,SCIE,3,,数学,1 [8/815],是, MATHEMATICS 数学,1 [7/487],,,,,,,,,,,一级
GEOMETRIC AND FUNCTIONAL ANALYSIS,2025,1016-443X/1420-8970,否,否,否,SCIE,2.5,,数学,1 [9/815],是, MATHEMATICS 数学,1 [8/487],,,,,,,,,,,一级
JOURNAL OF THE AMERICAN MATHEMATICAL SOCIETY,2025,0894-0347/1088-6834,否,否,否,SCIE,3.2,,数学,1 [10/815],是, MATHEMATICS 数学,1 [9/487],,,,,,,,,,,一级
JOURNAL OF THE EUROPEAN MATHEMATICAL SOCIETY,2025,1435-9855,否,否,是,SCIE,2.9,,数学,1 [11/815],是, MATHEMATICS 数学,1 [10/487]," MATHEMATICS, APPLIED 应用数学",1 [2/330],,,,,,,,,一级
Advances in Nonlinear Analysis,2025,2191-9496/2191-950X,否,否,是,SCIE,3.7,,数学,1 [12/815],是, MATHEMATICS 数学,1 [11/487]," MATHEMATICS, APPLIED 应用数学",1 [3/330],,,,,,,,,一级
COMMUNICATIONS ON PURE AND APPLIED MATHEMATICS,2025,0010-3640/1097-0312,否,否,否,SCIE,2.7,,数学,1 [13/815],是, MATHEMATICS 数学,1 [12/487]," MATHEMATICS, APPLIED 应用数学",1 [4/330],,,,,,,,,一级
ANNALS OF PROBABILITY,2025,0091-1798,否,否,否,SCIE,2.5,,数学,1 [14/815],是, STATISTICS & PROBABILITY 统计学与概率论,1 [3/166],,,,,,,,,,,一级
ARCHIVE FOR RATIONAL MECHANICS AND ANALYSIS,2025,0003-9527/1432-0673,否,否,否,SCIE,2.4,,数学,1 [15/815],是," MATHEMATICS, APPLIED 应用数学",1 [5/330], MECHANICS 力学,1 [7/171],,,,,,,,,一级
AMERICAN JOURNAL OF MATHEMATICS,2025,0002-9327/1080-6377,否,否,否,SCIE,1.7,,数学,1 [16/815],是, MATHEMATICS 数学,1 [13/487],,,,,,,,,,,一级
ANNALS OF STATISTICS,2025,0090-5364,否,否,否,SCIE,3.7,,数学,1 [17/815],是, STATISTICS & PROBABILITY 统计学与概率论,1 [4/166],,,,,,,,,,,一级
FOUNDATIONS OF COMPUTATIONAL MATHEMATICS,2025,1615-3375/1615-3383,否,否,否,SCIE,2.7,,数学,1 [18/815],是," COMPUTER SCIENCE, THEORY & METHODS 计算机：理论方法",1 [9/143], MATHEMATICS 数学,1 [14/487]," MATHEMATICS, APPLIED 应用数学",1 [6/330],,,,,,,一级
Annals of PDE,2025,2524-5317/2199-2576,否,否,否,SCIE,2.6,,数学,1 [19/815],是, MATHEMATICS 数学,1 [15/487]," PHYSICS, MATHEMATICAL 物理：数学物理",1 [1/60],,,,,,,,,一级
SIAM REVIEW,2025,0036-1445/1095-7200,否,否,否,SCIE,6.1,,数学,1 [20/815],是," MATHEMATICS, APPLIED 应用数学",1 [7/330],,,,,,,,,,,一级
ADVANCED NONLINEAR STUDIES,2025,1536-1365/2169-0375,否,否,是,SCIE,2,,数学,1 [21/815],是, MATHEMATICS 数学,1 [16/487]," MATHEMATICS, APPLIED 应用数学",1 [8/330],,,,,,,,,一级
JOURNAL OF THE ROYAL STATISTICAL SOCIETY SERIES B-STATISTICAL METHODOLOGY,2025,1369-7412/1467-9868,否,否,否,SCIE,3.6,,数学,1 [22/815],是, STATISTICS & PROBABILITY 统计学与概率论,1 [6/166],,,,,,,,,,,一级
PROCEEDINGS OF THE LONDON MATHEMATICAL SOCIETY,2025,0024-6115/1460-244X,否,否,否,SCIE,1.6,,数学,1 [23/815],是, MATHEMATICS 数学,1 [17/487],,,,,,,,,,,一级
COMPOSITIO MATHEMATICA,2025,0010-437X/1570-5846,否,否,否,SCIE,1.4,,数学,1 [24/815],是, MATHEMATICS 数学,1 [18/487],,,,,,,,,,,一级
Algebraic Geometry,2025,2313-1691/2214-2584,否,否,是,SCIE,1.7,,数学,1 [25/815],是, MATHEMATICS 数学,1 [19/487],,,,,,,,,,,一级
GEOMETRY & TOPOLOGY,2025,1465-3060/1364-0380,否,否,否,SCIE,2.2,,数学,1 [26/815],是, MATHEMATICS 数学,1 [20/487],,,,,,,,,,,一级
CHAOS SOLITONS & FRACTALS,2025,0960-0779/1873-2887,否,否,否,SCIE,5.6,,数学,1 [27/815],是," MATHEMATICS, INTERDISCIPLINARY APPLICATIONS 数学跨学科应用",1 [7/136]," PHYSICS, MATHEMATICAL 物理：数学物理",1 [3/60]," PHYSICS, MULTIDISCIPLINARY 物理：综合",2 [16/111],,,,,,,一级
JOURNAL FUR DIE REINE UND ANGEWANDTE MATHEMATIK,2025,0075-4102/1435-5345,否,否,否,SCIE,1.3,,数学,1 [28/815],是, MATHEMATICS 数学,1 [21/487],,,,,,,,,,,一级
Analysis & PDE,2025,1948-206X,否,否,否,SCIE,1.9,,数学,1 [29/815],是, MATHEMATICS 数学,1 [22/487]," MATHEMATICS, APPLIED 应用数学",1 [9/330],,,,,,,,,一级
MATHEMATICAL MODELS & METHODS IN APPLIED SCIENCES,2025,0218-2025/1793-6314,否,否,否,SCIE,3,,数学,1 [30/815],是," MATHEMATICS, APPLIED 应用数学",1 [10/330],,,,,,,,,,,一级
STATISTICAL SCIENCE,2025,0883-4237/2168-8745,否,否,否,SCIE,3.4,,数学,1 [31/815],是, STATISTICS & PROBABILITY 统计学与概率论,1 [8/166],,,,,,,,,,,一级
Cambridge Journal of Mathematics,2025,2168-0930/2168-0949,否,否,否,SCIE,2.8,,数学,1 [32/815],是, MATHEMATICS 数学,1 [23/487],,,,,,,,,,,一级
FUZZY SETS AND SYSTEMS,2025,0165-0114/1872-6801,否,否,否,SCIE,2.7,,数学,1 [33/815],是," MATHEMATICS, APPLIED 应用数学",1 [11/330], STATISTICS & PROBABILITY 统计学与概率论,1 [9/166]," COMPUTER SCIENCE, THEORY & METHODS 计算机：理论方法",2 [16/143],,,,,,,一级
ANNALES SCIENTIFIQUES DE L ECOLE NORMALE SUPERIEURE,2025,0012-9593/1873-2151,否,否,否,SCIE,1.6,,数学,1 [34/815],是, MATHEMATICS 数学,1 [24/487],,,,,,,,,,,一级
SIAM JOURNAL ON NUMERICAL ANALYSIS,2025,0036-1429/1095-7170,否,否,否,SCIE,2.9,,数学,1 [35/815],是," MATHEMATICS, APPLIED 应用数学",1 [12/330],,,,,,,,,,,一级
ADVANCES IN MATHEMATICS,2025,0001-8708/1090-2082,否,否,否,SCIE,1.5,,数学,1 [36/815],是, MATHEMATICS 数学,1 [25/487],,,,,,,,,,,一级
Journal of Mathematical Logic,2025,0219-0613/1793-6691,否,否,否,SCIE,0.9,,数学,1 [37/815],是, LOGIC 逻辑学,1 [1/25], MATHEMATICS 数学,1 [26/487],,,,,,,,,一级
COMMENTARII MATHEMATICI HELVETICI,2025,0010-2571/1420-8946,否,否,是,SCIE,1.4,,数学,1 [38/815],是, MATHEMATICS 数学,1 [27/487],,,,,,,,,,,一级
CALCULUS OF VARIATIONS AND PARTIAL DIFFERENTIAL EQUATIONS,2025,0944-2669/1432-0835,否,否,否,SCIE,2,,数学,1 [39/815],是," MATHEMATICS, APPLIED 应用数学",1 [13/330], MATHEMATICS 数学,2 [29/487],,,,,,,,,一级
Journal of Differential Equations,2025,0022-0396/1090-2732,否,否,否,SCIE,2.3,,数学,1 [40/815],是, MATHEMATICS 数学,2 [30/487],,,,,,,,,,,一级
Bayesian Analysis,2025,1931-6690/1936-0975,否,否,是,SCIE,2.5,,数学,1 [41/815],是," MATHEMATICS, INTERDISCIPLINARY APPLICATIONS 数学跨学科应用",1 [11/136], STATISTICS & PROBABILITY 统计学与概率论,1 [10/166],,,,,,,,,一级
JOURNAL DE MATHEMATIQUES PURES ET APPLIQUEES,2025,0021-7824/1776-3371,否,否,否,SCIE,2.3,,数学,1 [42/815],是," MATHEMATICS, APPLIED 应用数学",1 [14/330], MATHEMATICS 数学,2 [31/487],,,,,,,,,一级
MATHEMATICS OF COMPUTATION,2025,0025-5718/1088-6842,否,否,否,SCIE,2.1,,数学,1 [43/815],是," MATHEMATICS, APPLIED 应用数学",1 [15/330],,,,,,,,,,,一级
JOURNAL OF FUNCTIONAL ANALYSIS,2025,0022-1236/1096-0783,否,否,否,SCIE,1.6,,数学,1 [44/815],是, MATHEMATICS 数学,2 [32/487],,,,,,,,,,,一级
JOURNAL OF DIFFERENTIAL GEOMETRY,2025,0022-040X/1945-743X,否,否,否,SCIE,1.6,,数学,1 [45/815],是, MATHEMATICS 数学,2 [33/487],,,,,,,,,,,一级
BIOMETRIKA,2025,0006-3444/1464-3510,否,否,否,SCIE,2.8,,数学,1 [46/815],是, MATHEMATICAL & COMPUTATIONAL BIOLOGY 数学与计算生物学,1 [6/66], BIOLOGY 生物学,2 [15/109], STATISTICS & PROBABILITY 统计学与概率论,2 [13/166],,,,,,,一级
SIAM JOURNAL ON MATHEMATICAL ANALYSIS,2025,0036-1410/1095-7154,否,否,否,SCIE,1.9,,数学,1 [47/815],是," MATHEMATICS, APPLIED 应用数学",1 [16/330],,,,,,,,,,,一级
JOURNAL OF COMBINATORIAL THEORY SERIES B,2025,0095-8956/1096-0902,否,否,否,SCIE,1.2,,数学,1 [48/815],是, MATHEMATICS 数学,2 [34/487],,,,,,,,,,,一级
NUMERISCHE MATHEMATIK,2025,0029-599X/0945-3245,否,否,否,SCIE,2.2,,数学,1 [49/815],是," MATHEMATICS, APPLIED 应用数学",1 [17/330],,,,,,,,,,,一级
Science China-Mathematics,2025,1674-7283/1869-1862,否,否,否,SCIE,1.5,,数学,1 [50/815],是, MATHEMATICS 数学,1 [28/487]," MATHEMATICS, APPLIED 应用数学",1 [23/330],,,,,,,,,一级
Statistics Surveys,2025,1935-7516/1935-7516,否,否,否,ESCI,15.4,,数学,2 [51/815],否, STATISTICS & PROBABILITY 统计学与概率论,2 [12/166],,,,,,,,,,,一级
PROBABILITY THEORY AND RELATED FIELDS,2025,0178-8051/1432-2064,否,否,否,SCIE,1.6,,数学,2 [52/815],是, STATISTICS & PROBABILITY 统计学与概率论,2 [14/166],,,,,,,,,,,一级
Applied and Computational Mathematics,2025,1683-3511/1683-6154,否,否,否,SCIE,4.3,,数学,2 [53/815],否," MATHEMATICS, APPLIED 应用数学",1 [18/330],,,,,,,,,,,一级
JOURNAL OF THE AMERICAN STATISTICAL ASSOCIATION,2025,0162-1459/1537-274X,否,否,否,SCIE,3,,数学,2 [54/815],是, STATISTICS & PROBABILITY 统计学与概率论,2 [15/166],,,,,,,,,,,一级
SIAM JOURNAL ON SCIENTIFIC COMPUTING,2025,1064-8275/1095-7197,否,否,否,SCIE,2.6,,数学,2 [55/815],是," MATHEMATICS, APPLIED 应用数学",1 [19/330],,,,,,,,,,,一级
Journal of Nonlinear and Variational Analysis,2025,2560-6921/2560-6778,否,否,否,SCIE,1.9,,数学,2 [56/815],否," MATHEMATICS, APPLIED 应用数学",1 [20/330], MATHEMATICS 数学,2 [35/487],,,,,,,,,一级
MATHEMATICAL PROGRAMMING,2025,0025-5610/1436-4646,否,否,否,SCIE,2.5,,数学,2 [57/815],是," MATHEMATICS, APPLIED 应用数学",1 [21/330]," COMPUTER SCIENCE, SOFTWARE ENGINEERING 计算机：软件工程",2 [24/131], OPERATIONS RESEARCH & MANAGEMENT SCIENCE 运筹学与管理科学,2 [22/106],,,,,,,一级
JOURNAL OF COMPLEXITY,2025,0885-064X/1090-2708,否,否,否,SCIE,1.8,,数学,2 [58/815],否," MATHEMATICS, APPLIED 应用数学",1 [22/330], MATHEMATICS 数学,2 [36/487],,,,,,,,,一级
Milan Journal of Mathematics,2025,1424-9286/1424-9294,否,否,否,SCIE,0.8,,数学,2 [59/815],否, MATHEMATICS 数学,2 [37/487]," MATHEMATICS, APPLIED 应用数学",2 [24/330],,,,,,,,,一级
Journal de l Ecole Polytechnique-Mathematiques,2025,2429-7100/2270-518X,否,否,是,SCIE,1.2,,数学,2 [60/815],否, MATHEMATICS 数学,2 [38/487],,,,,,,,,,,一级
Fractal and Fractional,2025,2504-3110/2504-3110,否,否,是,SCIE,3.3,,数学,2 [61/815],否," MATHEMATICS, INTERDISCIPLINARY APPLICATIONS 数学跨学科应用",2 [14/136],,,,,,,,,,,一级
ANNALES DE L INSTITUT HENRI POINCARE-ANALYSE NON LINEAIRE,2025,0294-1449/1873-1430,否,否,是,SCIE,2.2,,数学,2 [62/815],否," MATHEMATICS, APPLIED 应用数学",2 [25/330],,,,,,,,,,,一级
Selecta Mathematica-New Series,2025,1022-1824/1420-9020,否,否,否,SCIE,1.2,,数学,2 [63/815],是, MATHEMATICS 数学,2 [39/487]," MATHEMATICS, APPLIED 应用数学",2 [26/330],,,,,,,,,一级
MATHEMATICS AND COMPUTERS IN SIMULATION,2025,0378-4754/1872-7166,否,否,否,SCIE,4.4,,数学,2 [64/815],是," COMPUTER SCIENCE, SOFTWARE ENGINEERING 计算机：软件工程",2 [26/131]," MATHEMATICS, APPLIED 应用数学",2 [27/330]," COMPUTER SCIENCE, INTERDISCIPLINARY APPLICATIONS 计算机：跨学科应用",3 [45/172],,,,,,,一级
SIAM JOURNAL ON OPTIMIZATION,2025,1052-6234/1095-7189,否,否,否,SCIE,2.3,,数学,2 [65/815],是," MATHEMATICS, APPLIED 应用数学",2 [28/330],,,,,,,,,,,一级
APPLIED AND COMPUTATIONAL HARMONIC ANALYSIS,2025,1063-5203/1096-603X,否,否,否,SCIE,3.2,,数学,2 [66/815],是," MATHEMATICS, APPLIED 应用数学",2 [29/330],,,,,,,,,,,一级
Mathematical Programming Computation,2025,1867-2949/1867-2957,否,否,否,SCIE,3.6,,数学,2 [67/815],否," COMPUTER SCIENCE, SOFTWARE ENGINEERING 计算机：软件工程",2 [27/131]," MATHEMATICS, APPLIED 应用数学",2 [30/330], OPERATIONS RESEARCH & MANAGEMENT SCIENCE 运筹学与管理科学,2 [23/106],,,,,,,一级
Probability Surveys,2025,1549-5787/1549-5787,否,否,是,ESCI,1.4,,数学,2 [68/815],否, STATISTICS & PROBABILITY 统计学与概率论,2 [16/166],,,,,,,,,,,一级
COMMUNICATIONS IN PARTIAL DIFFERENTIAL EQUATIONS,2025,0360-5302/1532-4133,否,否,否,SCIE,1.7,,数学,2 [69/815],否, MATHEMATICS 数学,2 [40/487]," MATHEMATICS, APPLIED 应用数学",2 [31/330],,,,,,,,,一级
Forum of Mathematics Sigma,2025,2050-5094/2050-5094,否,是,是,SCIE,1.2,,数学,2 [70/815],是, MATHEMATICS 数学,2 [41/487]," MATHEMATICS, APPLIED 应用数学",2 [32/330],,,,,,,,,一级
Wiley Interdisciplinary Reviews-Computational Statistics,2025,1939-0068/1939-0068,是,否,否,SCIE,5.4,,数学,2 [71/815],否, STATISTICS & PROBABILITY 统计学与概率论,2 [18/166],,,,,,,,,,,一级
PUBLICATIONS OF THE RESEARCH INSTITUTE FOR MATHEMATICAL SCIENCES,2025,0034-5318/1663-4926,否,否,否,SCIE,0.7,,数学,2 [72/815],否, MATHEMATICS 数学,2 [42/487],,,,,,,,,,,一级
Communications in Nonlinear Science and Numerical Simulation,2025,1007-5704/1878-7274,否,否,否,SCIE,3.8,,数学,2 [73/815],否," PHYSICS, MATHEMATICAL 物理：数学物理",1 [5/60]," MATHEMATICS, APPLIED 应用数学",2 [33/330]," MATHEMATICS, INTERDISCIPLINARY APPLICATIONS 数学跨学科应用",2 [17/136], MECHANICS 力学,2 [30/171]," PHYSICS, FLUIDS & PLASMAS 物理：流体与等离子体",2 [6/40],,,一级
APPLIED MATHEMATICS AND COMPUTATION,2025,0096-3003/1873-5649,否,否,否,SCIE,3.4,,数学,2 [74/815],否," MATHEMATICS, APPLIED 应用数学",2 [34/330],,,,,,,,,,,一级
Transactions of the London Mathematical Society,2025,2052-4986/2052-4986,否,否,是,ESCI,0.8,,数学,2 [75/815],否, MATHEMATICS 数学,2 [43/487],,,,,,,,,,,一级
Revista Matematica Complutense,2025,1139-1138/1988-2807,否,否,否,SCIE,1.7,,数学,2 [76/815],否, MATHEMATICS 数学,2 [44/487]," MATHEMATICS, APPLIED 应用数学",2 [35/330],,,,,,,,,一级
Formalized Mathematics,2025,1898-9934/1898-9934,否,否,是,ESCI,1,,数学,2 [77/815],否, MATHEMATICS 数学,2 [45/487],,,,,,,,,,,一级
SIAM Journal on Applied Algebra and Geometry,2025,2470-6566/2470-6566,否,否,否,SCIE,1.6,,数学,2 [78/815],否," MATHEMATICS, APPLIED 应用数学",2 [36/330],,,,,,,,,,,一级
Analysis and Applications,2025,0219-5305/1793-6861,否,否,否,SCIE,2.4,,数学,2 [79/815],否, MATHEMATICS 数学,2 [46/487]," MATHEMATICS, APPLIED 应用数学",2 [37/330],,,,,,,,,一级
ANNALS OF APPLIED PROBABILITY,2025,1050-5164,否,否,否,SCIE,1.8,,数学,2 [80/815],否, STATISTICS & PROBABILITY 统计学与概率论,2 [20/166],,,,,,,,,,,一级
COMBINATORICA,2025,0209-9683/1439-6912,否,否,否,SCIE,1,,数学,2 [81/815],否, MATHEMATICS 数学,2 [47/487],,,,,,,,,,,一级
TRANSACTIONS OF THE AMERICAN MATHEMATICAL SOCIETY,2025,0002-9947/1088-6850,否,否,否,SCIE,1.2,,数学,2 [82/815],否, MATHEMATICS 数学,2 [48/487],,,,,,,,,,,一级
BERNOULLI,2025,1350-7265/1573-9759,否,否,否,SCIE,1.7,,数学,2 [83/815],否, STATISTICS & PROBABILITY 统计学与概率论,2 [22/166],,,,,,,,,,,一级
Mathematical Population Studies,2025,0889-8480/1547-724X,否,否,否,SSCI;SCIE,1.3,,数学,2 [84/815],否," MATHEMATICS, INTERDISCIPLINARY APPLICATIONS 数学跨学科应用",2 [20/136]," SOCIAL SCIENCES, MATHEMATICAL METHODS 社会科学：数理方法",2 [10/67], STATISTICS & PROBABILITY 统计学与概率论,2 [23/166], DEMOGRAPHY 人口学,3 [14/49],,,,,一级
Algebra & Number Theory,2025,1937-0652/1944-7833,否,否,否,SCIE,1,,数学,2 [85/815],否, MATHEMATICS 数学,2 [49/487],,,,,,,,,,,一级
Review of Symbolic Logic,2025,1755-0203/1755-0211,否,否,否,AHCISCIE,0.9,,数学,2 [86/815],否, LOGIC 逻辑学,1 [2/25], MATHEMATICS 数学,2 [50/487]," MATHEMATICS, APPLIED 应用数学",2 [38/330], PHILOSOPHY 哲学,2 [28/328],,,,,一级
Journal of Modern Dynamics,2025,1930-5311/1930-532X,否,否,否,SCIE,1,,数学,2 [87/815],否, MATHEMATICS 数学,2 [51/487]," MATHEMATICS, APPLIED 应用数学",2 [39/330],,,,,,,,,一级
Journal of Topology,2025,1753-8416/1753-8424,否,否,否,SCIE,1.1,,数学,2 [88/815],否, MATHEMATICS 数学,2 [52/487],,,,,,,,,,,一级
SIAM JOURNAL ON CONTROL AND OPTIMIZATION,2025,0363-0129/1095-7138,否,否,否,SCIE,2.4,,数学,2 [89/815],否, AUTOMATION & CONTROL SYSTEMS 自动化与控制系统,2 [19/83]," MATHEMATICS, APPLIED 应用数学",2 [40/330],,,,,,,,,一级
Stochastics and Partial Differential Equations-Analysis and Computations,2025,2194-0401/2194-041X,否,否,否,SCIE,1.4,,数学,2 [90/815],否," MATHEMATICS, APPLIED 应用数学",2 [41/330], STATISTICS & PROBABILITY 统计学与概率论,2 [24/166],,,,,,,,,一级
Revista de la Real Academia de Ciencias Exactas Fisicas y Naturales Serie A-Matematicas,2025,1578-7303/1579-1505,否,否,否,SCIE,1.6,,数学,2 [91/815],否, MATHEMATICS 数学,2 [53/487],,,,,,,,,,,一级
TWMS Journal of Pure and Applied Mathematics,2025,2076-2585/2219-1259,否,否,否,SCIE,3.2,,数学,2 [92/815],否, MATHEMATICS 数学,2 [54/487]," MATHEMATICS, APPLIED 应用数学",2 [42/330],,,,,,,,,一级
Advances in Continuous and Discrete Models,2025,2731-4235/2731-4235,否,否,否,SCIE,1.8,,数学,2 [93/815],否, MATHEMATICS 数学,2 [55/487]," MATHEMATICS, APPLIED 应用数学",2 [43/330],,,,,,,,,一级
Journal of the Institute of Mathematics of Jussieu,2025,1474-7480/1475-3030,否,否,否,SCIE,1,,数学,2 [94/815],否, MATHEMATICS 数学,2 [56/487],,,,,,,,,,,一级
JOURNAL OF THE LONDON MATHEMATICAL SOCIETY-SECOND SERIES,2025,0024-6107/1469-7750,否,否,否,SCIE,1.2,,数学,2 [95/815],否, MATHEMATICS 数学,2 [57/487],,,,,,,,,,,一级
Bulletin of Mathematical Sciences,2025,1664-3607/1664-3615,否,否,是,SCIE,2.5,,数学,2 [96/815],否, MATHEMATICS 数学,2 [58/487],,,,,,,,,,,一级
REVISTA MATEMATICA IBEROAMERICANA,2025,0213-2230,否,否,是,SCIE,1,,数学,2 [97/815],否, MATHEMATICS 数学,2 [59/487],,,,,,,,,,,一级
Applied Mathematics Letters,2025,0893-9659/1873-5452,否,否,否,SCIE,2.8,,数学,2 [98/815],否," MATHEMATICS, APPLIED 应用数学",2 [45/330],,,,,,,,,,,一级
JOURNAL OF NONLINEAR SCIENCE,2025,0938-8974/1432-1467,否,否,否,SCIE,2.6,,数学,2 [99/815],否," MATHEMATICS, APPLIED 应用数学",2 [46/330], MECHANICS 力学,2 [35/171]," PHYSICS, MATHEMATICAL 物理：数学物理",2 [6/60],,,,,,,二级
Journal of Applied Mathematics and Computing,2025,1598-5865/1865-2085,否,否,是,SCIE,2.7,,数学,2 [100/815],否, MATHEMATICS 数学,2 [60/487]," MATHEMATICS, APPLIED 应用数学",2 [47/330],,,,,,,,,二级
JOURNAL OF SCIENTIFIC COMPUTING,2025,0885-7474/1573-7691,否,否,否,SCIE,3.3,,数学,2 [101/815],否," MATHEMATICS, APPLIED 应用数学",2 [48/330],,,,,,,,,,,二级
MATHEMATISCHE ANNALEN,2025,0025-5831/1432-1807,否,否,否,SCIE,1.4,,数学,2 [102/815],否, MATHEMATICS 数学,2 [61/487],,,,,,,,,,,二级
BULLETIN OF THE AMERICAN MATHEMATICAL SOCIETY,2025,0273-0979/1088-9485,否,否,否,SCIE,1.6,,数学,2 [103/815],否, MATHEMATICS 数学,2 [62/487],,,,,,,,,,,二级
ACM TRANSACTIONS ON MATHEMATICAL SOFTWARE,2025,0098-3500/1557-7295,否,否,否,SCIE,3.2,,数学,2 [104/815],否," MATHEMATICS, APPLIED 应用数学",2 [49/330]," COMPUTER SCIENCE, SOFTWARE ENGINEERING 计算机：软件工程",3 [38/131],,,,,,,,,二级
SIAM JOURNAL ON DISCRETE MATHEMATICS,2025,0895-4801/1095-7146,否,否,否,SCIE,1,,数学,2 [105/815],否, MATHEMATICS 数学,2 [63/487]," MATHEMATICS, APPLIED 应用数学",2 [50/330],,,,,,,,,二级
IMA JOURNAL OF NUMERICAL ANALYSIS,2025,0272-4979/1464-3642,否,否,否,SCIE,2.4,,数学,2 [106/815],否," MATHEMATICS, APPLIED 应用数学",2 [51/330],,,,,,,,,,,二级
Advances in Differential Equations,2025,1079-9389/1079-9389,否,否,否,SCIE,1.9,,数学,2 [107/815],否, MATHEMATICS 数学,2 [64/487]," MATHEMATICS, APPLIED 应用数学",2 [52/330],,,,,,,,,二级
INDIANA UNIVERSITY MATHEMATICS JOURNAL,2025,0022-2518/1943-5258,否,否,否,SCIE,1.2,,数学,2 [108/815],否, MATHEMATICS 数学,2 [65/487],,,,,,,,,,,二级
Spatial Statistics,2025,2211-6753,否,否,否,SCIE,2.5,,数学,2 [109/815],否," MATHEMATICS, INTERDISCIPLINARY APPLICATIONS 数学跨学科应用",2 [26/136], STATISTICS & PROBABILITY 统计学与概率论,2 [26/166]," GEOSCIENCES, MULTIDISCIPLINARY 地球科学：综合",3 [77/258], REMOTE SENSING 遥感,3 [21/61],,,,,二级
Homology Homotopy and Applications,2025,1532-0073/1532-0081,否,否,否,SCIE,0.5,,数学,2 [110/815],否, MATHEMATICS 数学,2 [66/487]," MATHEMATICS, APPLIED 应用数学",2 [54/330],,,,,,,,,二级
Demonstratio Mathematica,2025,0420-1213/2391-4661,否,否,是,SCIE,2.1,,数学,2 [111/815],否, MATHEMATICS 数学,2 [67/487],,,,,,,,,,,二级
STUDIES IN APPLIED MATHEMATICS,2025,0022-2526/1467-9590,否,否,否,SCIE,2.3,,数学,2 [112/815],否," MATHEMATICS, APPLIED 应用数学",2 [55/330],,,,,,,,,,,二级
COMPUTERS & MATHEMATICS WITH APPLICATIONS,2025,0898-1221/1873-7668,否,否,否,SCIE,2.5,,数学,2 [113/815],否," MATHEMATICS, APPLIED 应用数学",2 [56/330],,,,,,,,,,,二级
COMMUNICATIONS IN CONTEMPORARY MATHEMATICS,2025,0219-1997/1793-6683,否,否,否,SCIE,1.2,,数学,2 [114/815],否, MATHEMATICS 数学,2 [68/487]," MATHEMATICS, APPLIED 应用数学",2 [57/330],,,,,,,,,二级
SIAM JOURNAL ON MATRIX ANALYSIS AND APPLICATIONS,2025,0895-4798/1095-7162,否,否,否,SCIE,1.7,,数学,2 [115/815],否," MATHEMATICS, APPLIED 应用数学",2 [58/330],,,,,,,,,,,二级
ANNALI DELLA SCUOLA NORMALE SUPERIORE DI PISA-CLASSE DI SCIENZE,2025,0391-173X/2036-2145,否,否,否,SCIE,1.3,,数学,2 [116/815],否, MATHEMATICS 数学,2 [69/487],,,,,,,,,,,二级
NONLINEARITY,2025,0951-7715/1361-6544,否,否,否,SCIE,1.6,,数学,2 [117/815],否," MATHEMATICS, APPLIED 应用数学",2 [59/330]," PHYSICS, MATHEMATICAL 物理：数学物理",2 [7/60],,,,,,,,,二级
JOURNAL OF GEOMETRIC ANALYSIS,2025,1050-6926/1559-002X,否,否,否,SCIE,1.5,,数学,2 [118/815],否, MATHEMATICS 数学,2 [70/487],,,,,,,,,,,二级
JOURNAL OF ALGEBRA,2025,0021-8693/1090-266X,否,否,否,SCIE,0.8,,数学,2 [119/815],否, MATHEMATICS 数学,2 [71/487],,,,,,,,,,,二级
Applied Numerical Mathematics,2025,0168-9274/1873-5460,否,否,否,SCIE,2.4,,数学,2 [120/815],否," MATHEMATICS, APPLIED 应用数学",2 [60/330],,,,,,,,,,,二级
MEMOIRS OF THE AMERICAN MATHEMATICAL SOCIETY,2025,0065-9266/1947-6221,否,否,否,SCIE,2.4,,数学,2 [121/815],否, MATHEMATICS 数学,2 [72/487],,,,,,,,,,,二级
NAGOYA MATHEMATICAL JOURNAL,2025,0027-7630/2152-6842,否,否,否,SCIE,0.8,,数学,2 [122/815],否, MATHEMATICS 数学,2 [73/487],,,,,,,,,,,二级
JOURNAL OF COMPUTATIONAL AND APPLIED MATHEMATICS,2025,0377-0427/1879-1778,否,否,否,SCIE,2.6,,数学,2 [123/815],否," MATHEMATICS, APPLIED 应用数学",2 [61/330],,,,,,,,,,,二级
APPLIED MATHEMATICS AND OPTIMIZATION,2025,0095-4616/1432-0606,否,否,否,SCIE,1.7,,数学,2 [124/815],否," MATHEMATICS, APPLIED 应用数学",2 [62/330],,,,,,,,,,,二级
FORUM MATHEMATICUM,2025,0933-7741/1435-5337,否,否,否,SCIE,0.9,,数学,2 [125/815],否, MATHEMATICS 数学,2 [74/487]," MATHEMATICS, APPLIED 应用数学",2 [63/330],,,,,,,,,二级
Banach Journal of Mathematical Analysis,2025,2662-2033/1735-8787,否,否,否,SCIE,1.1,,数学,2 [126/815],否, MATHEMATICS 数学,2 [75/487]," MATHEMATICS, APPLIED 应用数学",2 [64/330],,,,,,,,,二级
THEORY AND PRACTICE OF LOGIC PROGRAMMING,2025,1471-0684/1475-3081,否,否,否,SCIE,1.1,,数学,2 [127/815],否," COMPUTER SCIENCE, THEORY & METHODS 计算机：理论方法",2 [31/143], LOGIC 逻辑学,2 [3/25]," COMPUTER SCIENCE, SOFTWARE ENGINEERING 计算机：软件工程",3 [41/131],,,,,,,二级
JOURNAL OF GRAPH THEORY,2025,0364-9024/1097-0118,否,否,否,SCIE,1,,数学,2 [128/815],否, MATHEMATICS 数学,2 [76/487],,,,,,,,,,,二级
FINITE FIELDS AND THEIR APPLICATIONS,2025,1071-5797/1090-2465,否,否,否,SCIE,1.2,,数学,2 [129/815],否, MATHEMATICS 数学,2 [77/487]," MATHEMATICS, APPLIED 应用数学",2 [65/330],,,,,,,,,二级
Qualitative Theory of Dynamical Systems,2025,1575-5460/1662-3592,否,否,否,SCIE,2.1,,数学,2 [130/815],否, MATHEMATICS 数学,2 [78/487]," MATHEMATICS, APPLIED 应用数学",2 [66/330],,,,,,,,,二级
Mediterranean Journal of Mathematics,2025,1660-5446/1660-5454,否,否,否,SCIE,1.2,,数学,2 [131/815],否, MATHEMATICS 数学,2 [79/487]," MATHEMATICS, APPLIED 应用数学",2 [67/330],,,,,,,,,二级
Documenta Mathematica,2025,1431-0643/1431-0643,否,否,是,SCIE,0.6,,数学,2 [132/815],否, MATHEMATICS 数学,2 [80/487],,,,,,,,,,,二级
Journal of Homotopy and Related Structures,2025,2193-8407/1512-2891,否,否,否,SCIE,0.5,,数学,2 [133/815],否, MATHEMATICS 数学,2 [81/487],,,,,,,,,,,二级
Epijournal de Geometrie Algebrique,2025,2491-6765/2491-6765,否,否,是,ESCI,0.9,,数学,2 [134/815],否, MATHEMATICS 数学,2 [82/487],,,,,,,,,,,二级
MATHEMATISCHE ZEITSCHRIFT,2025,0025-5874/1432-1823,否,否,否,SCIE,1,,数学,2 [135/815],否, MATHEMATICS 数学,2 [83/487],,,,,,,,,,,二级
JOURNAL OF BUSINESS & ECONOMIC STATISTICS,2025,0735-0015/1537-2707,否,否,否,SSCI;SCIE,2.5,,数学,2 [136/815],否, STATISTICS & PROBABILITY 统计学与概率论,2 [28/166], ECONOMICS 经济学,3 [177/599]," SOCIAL SCIENCES, MATHEMATICAL METHODS 社会科学：数理方法",3 [16/67],,,,,,,二级
ELECTRONIC JOURNAL OF PROBABILITY,2025,1083-6489/1083-6489,否,否,是,SCIE,1.1,,数学,2 [137/815],否, STATISTICS & PROBABILITY 统计学与概率论,2 [29/166],,,,,,,,,,,二级
JOURNAL OF MULTIVARIATE ANALYSIS,2025,0047-259X,否,否,否,SCIE,1.7,,数学,2 [138/815],否, STATISTICS & PROBABILITY 统计学与概率论,2 [30/166],,,,,,,,,,,二级
EUROPEAN JOURNAL OF COMBINATORICS,2025,0195-6698/1095-9971,否,否,否,SCIE,0.9,,数学,2 [139/815],否, MATHEMATICS 数学,2 [84/487],,,,,,,,,,,二级
INTERNATIONAL MATHEMATICS RESEARCH NOTICES,2025,1073-7928/1687-0247,否,否,否,SCIE,0.9,,数学,2 [140/815],否, MATHEMATICS 数学,2 [85/487],,,,,,,,,,,二级
STATISTICS AND COMPUTING,2025,0960-3174/1573-1375,否,否,否,SCIE,1.6,,数学,2 [141/815],否, STATISTICS & PROBABILITY 统计学与概率论,2 [32/166]," COMPUTER SCIENCE, THEORY & METHODS 计算机：理论方法",3 [37/143],,,,,,,,,二级
JOURNAL OF ALGEBRAIC GEOMETRY,2025,1056-3911/1534-7486,否,否,否,SCIE,,,数学,2 [142/815],否, MATHEMATICS 数学,2 [86/487],,,,,,,,,,,二级
Journal of Spectral Theory,2025,1664-039X/1664-0403,否,否,是,SCIE,0.8,,数学,2 [143/815],否, MATHEMATICS 数学,2 [87/487]," MATHEMATICS, APPLIED 应用数学",3 [69/330],,,,,,,,,二级
Communications in Number Theory and Physics,2025,1931-4523/1931-4531,否,否,否,SCIE,1.7,,数学,2 [144/815],否," PHYSICS, MATHEMATICAL 物理：数学物理",2 [9/60], MATHEMATICS 数学,3 [89/487]," MATHEMATICS, APPLIED 应用数学",3 [70/330],,,,,,,二级
ANNALS OF PURE AND APPLIED LOGIC,2025,0168-0072/1873-2461,否,否,否,SCIE,0.6,,数学,2 [145/815],否, LOGIC 逻辑学,2 [4/25], MATHEMATICS 数学,3 [90/487]," MATHEMATICS, APPLIED 应用数学",3 [71/330],,,,,,,二级
International Journal of Biomathematics,2025,1793-5245/1793-7159,否,否,否,SCIE,2,中国SCI期刊支持计划,数学,2 [146/815],否, MATHEMATICAL & COMPUTATIONAL BIOLOGY 数学与计算生物学,2 [16/66],,,,,,,,,,,二级
Japanese Journal of Mathematics,2025,0289-2316/1861-3624,否,否,否,SCIE,1.5,,数学,3 [147/815],否, MATHEMATICS 数学,3 [88/487],,,,,,,,,,,二级
ANNALES DE L INSTITUT HENRI POINCARE-PROBABILITES ET STATISTIQUES,2025,0246-0203,否,否,否,SCIE,1.6,,数学,3 [148/815],否, STATISTICS & PROBABILITY 统计学与概率论,2 [33/166],,,,,,,,,,,二级
DESIGNS CODES AND CRYPTOGRAPHY,2025,0925-1022/1573-7586,否,否,否,SCIE,1.2,,数学,3 [149/815],否," COMPUTER SCIENCE, THEORY & METHODS 计算机：理论方法",3 [40/143]," MATHEMATICS, APPLIED 应用数学",3 [72/330],,,,,,,,,二级
BULLETIN OF THE LONDON MATHEMATICAL SOCIETY,2025,0024-6093/1469-2120,否,否,否,SCIE,0.9,,数学,3 [150/815],否, MATHEMATICS 数学,3 [91/487],,,,,,,,,,,二级
INTEGRAL EQUATIONS AND OPERATOR THEORY,2025,0378-620X/1420-8989,否,否,否,SCIE,0.9,,数学,3 [151/815],否, MATHEMATICS 数学,3 [92/487],,,,,,,,,,,二级
JOURNAL OF NUMBER THEORY,2025,0022-314X/1096-1658,否,否,否,SCIE,0.7,,数学,3 [152/815],否, MATHEMATICS 数学,3 [93/487],,,,,,,,,,,二级
Notre Dame Journal of Formal Logic,2025,0029-4527/1939-0726,否,否,否,AHCISCIE,0.5,,数学,3 [153/815],否, LOGIC 逻辑学,2 [5/25], PHILOSOPHY 哲学,2 [48/328], MATHEMATICS 数学,3 [94/487],,,,,,,二级
COMPUTATIONAL OPTIMIZATION AND APPLICATIONS,2025,0926-6003/1573-2894,否,否,否,SCIE,2,,数学,3 [154/815],否," MATHEMATICS, APPLIED 应用数学",3 [73/330], OPERATIONS RESEARCH & MANAGEMENT SCIENCE 运筹学与管理科学,3 [36/106],,,,,,,,,二级
BIT NUMERICAL MATHEMATICS,2025,0006-3835/1572-9125,否,否,否,SCIE,1.7,,数学,3 [155/815],否," COMPUTER SCIENCE, SOFTWARE ENGINEERING 计算机：软件工程",3 [44/131]," MATHEMATICS, APPLIED 应用数学",3 [74/330],,,,,,,,,二级
Fractional Calculus and Applied Analysis,2025,1311-0454/1314-2224,否,否,否,SCIE,2.9,,数学,3 [156/815],否, MATHEMATICS 数学,3 [95/487]," MATHEMATICS, APPLIED 应用数学",3 [75/330]," MATHEMATICS, INTERDISCIPLINARY APPLICATIONS 数学跨学科应用",3 [31/136],,,,,,,二级
Quantum Topology,2025,1663-487X/1664-073X,否,否,是,SCIE,0.7,,数学,3 [157/815],否, MATHEMATICS 数学,3 [96/487], QUANTUM SCIENCE & TECHNOLOGY 量子科技,3 [9/26],,,,,,,,,二级
SEMIGROUP FORUM,2025,0037-1912/1432-2137,否,否,否,SCIE,0.7,,数学,3 [158/815],否, MATHEMATICS 数学,3 [97/487],,,,,,,,,,,二级
INVERSE PROBLEMS,2025,0266-5611/1361-6420,否,否,否,SCIE,2.1,,数学,3 [159/815],否," PHYSICS, MATHEMATICAL 物理：数学物理",2 [11/60]," MATHEMATICS, APPLIED 应用数学",3 [76/330],,,,,,,,,二级
SIAM Journal on Mathematics of Data Science,2025,2577-0187/2577-0187,否,否,否,SCIE,2.6,,数学,3 [160/815],否," MATHEMATICS, APPLIED 应用数学",3 [77/330],,,,,,,,,,,二级
Research in the Mathematical Sciences,2025,2522-0144/2197-9847,否,否,否,SCIE,1.2,,数学,3 [161/815],否, MATHEMATICS 数学,3 [98/487],,,,,,,,,,,二级
Representation Theory,2025,1088-4165/1088-4165,否,否,否,SCIE,0.6,,数学,3 [162/815],否, MATHEMATICS 数学,3 [99/487],,,,,,,,,,,二级
Journal of Numerical Mathematics,2025,1570-2820/1569-3953,否,否,否,SCIE,4,,数学,3 [163/815],否, MATHEMATICS 数学,3 [100/487]," MATHEMATICS, APPLIED 应用数学",3 [79/330],,,,,,,,,二级
Journal of Mathematics and Computer Science-JMCS,2025,2008-949X/2008-949X,否,否,否,ESCI,1.2,,数学,3 [164/815],否, MATHEMATICS 数学,3 [101/487],,,,,,,,,,,二级
ADVANCES IN COMPUTATIONAL MATHEMATICS,2025,1019-7168/1572-9044,否,否,否,SCIE,2.1,,数学,3 [165/815],否," MATHEMATICS, APPLIED 应用数学",3 [80/330],,,,,,,,,,,二级
MICHIGAN MATHEMATICAL JOURNAL,2025,0026-2285/1945-2365,否,否,否,SCIE,0.6,,数学,3 [166/815],否, MATHEMATICS 数学,3 [102/487],,,,,,,,,,,二级
Results in Mathematics,2025,1422-6383/1420-9012,否,否,否,SCIE,1.2,,数学,3 [167/815],否, MATHEMATICS 数学,3 [103/487]," MATHEMATICS, APPLIED 应用数学",3 [81/330],,,,,,,,,二级
NUMERICAL ALGORITHMS,2025,1017-1398/1572-9265,否,否,否,SCIE,2,,数学,3 [168/815],否," MATHEMATICS, APPLIED 应用数学",3 [82/330],,,,,,,,,,,二级
Annals of Functional Analysis,2025,2639-7390/2008-8752,否,否,否,SCIE,1,,数学,3 [169/815],否, MATHEMATICS 数学,3 [104/487]," MATHEMATICS, APPLIED 应用数学",3 [83/330],,,,,,,,,二级
MATHEMATIKA,2025,0025-5793/2041-7942,否,否,否,SCIE,0.8,,数学,3 [170/815],否, MATHEMATICS 数学,3 [105/487]," MATHEMATICS, APPLIED 应用数学",3 [84/330],,,,,,,,,二级
Advances in Calculus of Variations,2025,1864-8258/1864-8266,否,否,否,SCIE,1.4,,数学,3 [171/815],否, MATHEMATICS 数学,3 [106/487]," MATHEMATICS, APPLIED 应用数学",3 [85/330],,,,,,,,,二级
Dissertationes Mathematicae,2025,0012-3862/1730-6310,否,否,否,SCIE,0.8,,数学,3 [172/815],否, MATHEMATICS 数学,3 [107/487],,,,,,,,,,,二级
Journal of Fractal Geometry,2025,2308-1309/2308-1317,否,否,是,SCIE,0.7,,数学,3 [173/815],否, MATHEMATICS 数学,3 [108/487],,,,,,,,,,,二级
BULLETIN OF SYMBOLIC LOGIC,2025,1079-8986/1943-5894,否,否,否,SCIE,1.1,,数学,3 [174/815],否, LOGIC 逻辑学,2 [6/25], MATHEMATICS 数学,3 [109/487],,,,,,,,,二级
JOURNAL OF OPTIMIZATION THEORY AND APPLICATIONS,2025,0022-3239/1573-2878,否,否,否,SCIE,1.5,,数学,3 [175/815],否," MATHEMATICS, APPLIED 应用数学",3 [86/330], OPERATIONS RESEARCH & MANAGEMENT SCIENCE 运筹学与管理科学,3 [37/106],,,,,,,,,二级
JOURNAL OF COMBINATORIAL THEORY SERIES A,2025,0097-3165/1096-0899,否,否,否,SCIE,1.2,,数学,3 [176/815],否, MATHEMATICS 数学,3 [110/487],,,,,,,,,,,二级
ERGODIC THEORY AND DYNAMICAL SYSTEMS,2025,0143-3857/1469-4417,否,否,否,SCIE,0.8,,数学,3 [177/815],否, MATHEMATICS 数学,3 [111/487]," MATHEMATICS, APPLIED 应用数学",3 [88/330],,,,,,,,,二级
NUMERICAL LINEAR ALGEBRA WITH APPLICATIONS,2025,1070-5325/1099-1506,否,否,否,SCIE,2.1,,数学,3 [178/815],否, MATHEMATICS 数学,3 [112/487]," MATHEMATICS, APPLIED 应用数学",3 [89/330],,,,,,,,,二级
Set-Valued and Variational Analysis,2025,1877-0533/1877-0541,否,否,否,SCIE,1.1,,数学,3 [179/815],否," MATHEMATICS, APPLIED 应用数学",3 [90/330],,,,,,,,,,,二级
NONLINEAR ANALYSIS-THEORY METHODS & APPLICATIONS,2025,0362-546X/1873-5215,否,否,否,SCIE,1.3,,数学,3 [180/815],否, MATHEMATICS 数学,3 [113/487]," MATHEMATICS, APPLIED 应用数学",3 [91/330],,,,,,,,,二级
JOURNAL OF GEOMETRY AND PHYSICS,2025,0393-0440/1879-1662,否,否,否,SCIE,1.2,,数学,3 [181/815],否," PHYSICS, MATHEMATICAL 物理：数学物理",2 [13/60], MATHEMATICS 数学,3 [114/487],,,,,,,,,二级
ANNALES DE L INSTITUT FOURIER,2025,0373-0956/1777-5310,否,否,否,SCIE,0.7,,数学,3 [182/815],否, MATHEMATICS 数学,3 [115/487],,,,,,,,,,,二级
STATISTICAL METHODS IN MEDICAL RESEARCH,2025,0962-2802/1477-0334,否,否,否,SCIE,1.9,,数学,3 [183/815],否, MATHEMATICAL & COMPUTATIONAL BIOLOGY 数学与计算生物学,2 [11/66], STATISTICS & PROBABILITY 统计学与概率论,2 [35/166], HEALTH CARE SCIENCES & SERVICES 卫生保健与服务,3 [60/173], MEDICAL INFORMATICS 医学：信息,4 [22/44],,,,,二级
RANDOM STRUCTURES & ALGORITHMS,2025,1042-9832/1098-2418,否,否,否,SCIE,0.8,,数学,3 [184/815],否," COMPUTER SCIENCE, SOFTWARE ENGINEERING 计算机：软件工程",3 [50/131], MATHEMATICS 数学,3 [116/487]," MATHEMATICS, APPLIED 应用数学",3 [92/330],,,,,,,二级
JOURNAL OF PURE AND APPLIED ALGEBRA,2025,0022-4049/1873-1376,否,否,否,SCIE,0.8,,数学,3 [185/815],否, MATHEMATICS 数学,3 [117/487]," MATHEMATICS, APPLIED 应用数学",3 [93/330],,,,,,,,,二级
AMERICAN STATISTICIAN,2025,0003-1305/1537-2731,否,否,否,SCIE,2.1,,数学,3 [186/815],否, STATISTICS & PROBABILITY 统计学与概率论,3 [36/166],,,,,,,,,,,二级
JOURNAL OF MATHEMATICAL ANALYSIS AND APPLICATIONS,2025,0022-247X/1096-0813,否,否,否,SCIE,1.2,,数学,3 [187/815],否, MATHEMATICS 数学,3 [118/487]," MATHEMATICS, APPLIED 应用数学",3 [95/330],,,,,,,,,二级
Journal of Survey Statistics and Methodology,2025,2325-0984/2325-0992,否,否,否,SSCI;SCIE,1.6,,数学,3 [188/815],否," SOCIAL SCIENCES, MATHEMATICAL METHODS 社会科学：数理方法",3 [21/67], STATISTICS & PROBABILITY 统计学与概率论,3 [37/166],,,,,,,,,二级
STATISTICS IN MEDICINE,2025,0277-6715/1097-0258,否,否,否,SCIE,1.8,,数学,3 [189/815],否, MATHEMATICAL & COMPUTATIONAL BIOLOGY 数学与计算生物学,2 [12/66]," MEDICINE, RESEARCH & EXPERIMENTAL 医学：研究与实验",3 [79/188]," PUBLIC, ENVIRONMENTAL & OCCUPATIONAL HEALTH 公共卫生、环境卫生与职业卫生",3 [143/404], STATISTICS & PROBABILITY 统计学与概率论,3 [38/166], MEDICAL INFORMATICS 医学：信息,4 [23/44],,,二级
Research in Number Theory,2025,2522-0160/2363-9555,否,否,否,ESCI,0.8,,数学,3 [190/815],否, MATHEMATICS 数学,3 [119/487],,,,,,,,,,,二级
Constructive Mathematical Analysis,2025,2651-2939/2651-2939,否,否,是,ESCI,1.8,,数学,3 [191/815],否, MATHEMATICS 数学,3 [120/487],,,,,,,,,,,二级
JOURNAL OF FOURIER ANALYSIS AND APPLICATIONS,2025,1069-5869/1531-5851,否,否,否,SCIE,1.2,,数学,3 [192/815],否," MATHEMATICS, APPLIED 应用数学",3 [96/330],,,,,,,,,,,二级
Algebraic and Geometric Topology,2025,1472-2739/1472-2739,否,否,否,SCIE,0.6,,数学,3 [193/815],否, MATHEMATICS 数学,3 [121/487],,,,,,,,,,,二级
STOCHASTIC PROCESSES AND THEIR APPLICATIONS,2025,0304-4149/1879-209X,否,否,否,SCIE,1.2,,数学,3 [194/815],否, STATISTICS & PROBABILITY 统计学与概率论,3 [39/166],,,,,,,,,,,二级
Analysis and Mathematical Physics,2025,1664-2368/1664-235X,否,否,否,SCIE,1.6,,数学,3 [195/815],否, MATHEMATICS 数学,3 [122/487]," MATHEMATICS, APPLIED 应用数学",3 [98/330],,,,,,,,,二级
Journal of Symplectic Geometry,2025,1527-5256/1540-2347,否,否,否,SCIE,0.4,,数学,3 [196/815],否, MATHEMATICS 数学,3 [123/487],,,,,,,,,,,二级
ISRAEL JOURNAL OF MATHEMATICS,2025,0021-2172/1565-8511,否,否,否,SCIE,0.8,,数学,3 [197/815],否, MATHEMATICS 数学,3 [124/487],,,,,,,,,,,二级
COMPUTATIONAL STATISTICS & DATA ANALYSIS,2025,0167-9473/1872-7352,否,否,否,SCIE,1.6,,数学,3 [198/815],否, STATISTICS & PROBABILITY 统计学与概率论,3 [40/166]," COMPUTER SCIENCE, INTERDISCIPLINARY APPLICATIONS 计算机：跨学科应用",4 [80/172],,,,,,,,,二级
ESAIM-Mathematical Modelling and Numerical Analysis,2025,2822-7840/2804-7214,否,否,否,SCIE,2.2,,数学,3 [199/815],否," MATHEMATICS, APPLIED 应用数学",3 [99/330],,,,,,,,,,,二级
Journal of Fixed Point Theory and Applications,2025,1661-7738/1661-7746,否,否,否,SCIE,1.1,,数学,3 [200/815],否, MATHEMATICS 数学,3 [125/487]," MATHEMATICS, APPLIED 应用数学",3 [100/330],,,,,,,,,二级
CHAOS,2025,1054-1500/1089-7682,否,否,否,SCIE,3.2,,数学,3 [201/815],否," MATHEMATICS, APPLIED 应用数学",3 [101/330]," PHYSICS, MATHEMATICAL 物理：数学物理",3 [17/60],,,,,,,,,二级
Journal of Combinatorial Algebra,2025,2415-6302/2415-6310,否,否,是,SCIE,0.8,,数学,3 [202/815],否, MATHEMATICS 数学,3 [126/487],,,,,,,,,,,二级
JOURNAL OF COMPUTATIONAL AND GRAPHICAL STATISTICS,2025,1061-8600/1537-2715,否,否,否,SCIE,1.8,,数学,3 [203/815],否, STATISTICS & PROBABILITY 统计学与概率论,3 [41/166],,,,,,,,,,,二级
Muenster Journal of Mathematics,2025,1867-5778/1867-5786,否,否,否,ESCI,,,数学,3 [204/815],否, MATHEMATICS 数学,3 [127/487],,,,,,,,,,,二级
Groups Geometry and Dynamics,2025,1661-7207/1661-7215,否,否,是,SCIE,0.8,,数学,3 [205/815],否, MATHEMATICS 数学,3 [128/487],,,,,,,,,,,二级
Journal of Mathematical Fluid Mechanics,2025,1422-6928/1422-6952,否,否,否,SCIE,1.3,,数学,3 [206/815],否," MATHEMATICS, APPLIED 应用数学",3 [102/330], MECHANICS 力学,3 [60/171]," PHYSICS, FLUIDS & PLASMAS 物理：流体与等离子体",3 [14/40],,,,,,,二级
CONSTRUCTIVE APPROXIMATION,2025,0176-4276/1432-0940,否,否,否,SCIE,1.2,,数学,3 [207/815],否, MATHEMATICS 数学,3 [129/487],,,,,,,,,,,二级
STATISTICA SINICA,2025,1017-0405/1996-8507,否,否,否,SCIE,1.2,,数学,3 [208/815],否, STATISTICS & PROBABILITY 统计学与概率论,3 [42/166],,,,,,,,,,,二级
MATHEMATICAL PROCEEDINGS OF THE CAMBRIDGE PHILOSOPHICAL SOCIETY,2025,0305-0041/1469-8064,否,否,否,SCIE,0.8,,数学,3 [209/815],否, MATHEMATICS 数学,3 [130/487],,,,,,,,,,,二级
Kyushu Journal of Mathematics,2025,1340-6116/1883-2032,否,否,否,SCIE,0.5,,数学,3 [210/815],否, MATHEMATICS 数学,3 [131/487],,,,,,,,,,,二级
JOURNAL OF ALGEBRAIC COMBINATORICS,2025,0925-9899/1572-9192,否,否,否,SCIE,0.9,,数学,3 [211/815],否, MATHEMATICS 数学,3 [132/487],,,,,,,,,,,二级
PUBLICACIONS MATEMATIQUES,2025,0214-1493/0214-1493,否,否,否,SCIE,1,,数学,3 [212/815],否, MATHEMATICS 数学,3 [133/487],,,,,,,,,,,二级
Extremes,2025,1386-1999/1572-915X,否,否,否,SCIE,2.2,,数学,3 [213/815],否," MATHEMATICS, INTERDISCIPLINARY APPLICATIONS 数学跨学科应用",3 [39/136], STATISTICS & PROBABILITY 统计学与概率论,3 [43/166],,,,,,,,,二级
MULTISCALE MODELING & SIMULATION,2025,1540-3459/1540-3467,否,否,否,SCIE,1.6,,数学,3 [214/815],否," MATHEMATICS, INTERDISCIPLINARY APPLICATIONS 数学跨学科应用",3 [40/136]," PHYSICS, MATHEMATICAL 物理：数学物理",3 [18/60],,,,,,,,,二级
Nonlinear Analysis-Modelling and Control,2025,1392-5113/2335-8963,否,否,是,SCIE,2,,数学,3 [215/815],否," MATHEMATICS, APPLIED 应用数学",3 [103/330]," MATHEMATICS, INTERDISCIPLINARY APPLICATIONS 数学跨学科应用",3 [41/136], MECHANICS 力学,3 [62/171],,,,,,,二级
RUSSIAN MATHEMATICAL SURVEYS,2025,0036-0279/1468-4829,否,否,否,SCIE,2.1,,数学,3 [216/815],否, MATHEMATICS 数学,3 [134/487],,,,,,,,,,,二级
COMBINATORICS PROBABILITY & COMPUTING,2025,0963-5483/1469-2163,否,否,否,SCIE,0.8,,数学,3 [217/815],否," COMPUTER SCIENCE, THEORY & METHODS 计算机：理论方法",3 [51/143], MATHEMATICS 数学,3 [135/487], STATISTICS & PROBABILITY 统计学与概率论,3 [44/166],,,,,,,二级
Australasian Journal of Logic,2025,1448-5052/1448-5052,否,否,否,ESCI,0.4,,数学,3 [218/815],否, LOGIC 逻辑学,3 [8/25],,,,,,,,,,,二级
Annales Fennici Mathematici,2025,2737-0690/2737-114X,否,否,否,SCIE,1.1,,数学,3 [219/815],否, MATHEMATICS 数学,3 [136/487],,,,,,,,,,,二级
EXPOSITIONES MATHEMATICAE,2025,0723-0869/1878-0792,否,否,否,SCIE,0.9,,数学,3 [220/815],否, MATHEMATICS 数学,3 [137/487],,,,,,,,,,,二级
BIOSTATISTICS,2025,1465-4644/1468-4357,否,否,否,SCIE,2,,数学,3 [221/815],否, MATHEMATICAL & COMPUTATIONAL BIOLOGY 数学与计算生物学,2 [13/66], STATISTICS & PROBABILITY 统计学与概率论,3 [45/166],,,,,,,,,二级
SIAM Journal on Imaging Sciences,2025,1936-4954/1936-4954,否,否,否,SCIE,2.3,,数学,3 [222/815],否," COMPUTER SCIENCE, SOFTWARE ENGINEERING 计算机：软件工程",3 [58/131], IMAGING SCIENCE & PHOTOGRAPHIC TECHNOLOGY 成像科学与照相技术,3 [12/35]," MATHEMATICS, APPLIED 应用数学",3 [105/330]," COMPUTER SCIENCE, ARTIFICIAL INTELLIGENCE 计算机：人工智能",4 [90/196],,,,,二级
NUMERICAL FUNCTIONAL ANALYSIS AND OPTIMIZATION,2025,0163-0563/1532-2467,否,否,否,SCIE,1.4,,数学,3 [223/815],否," MATHEMATICS, APPLIED 应用数学",3 [106/330],,,,,,,,,,,二级
COMPUTATIONAL & APPLIED MATHEMATICS,2025,2238-3603/1807-0302,否,否,否,SCIE,2.5,,数学,3 [224/815],否," MATHEMATICS, APPLIED 应用数学",3 [107/330],,,,,,,,,,,二级
PROCEEDINGS OF THE EDINBURGH MATHEMATICAL SOCIETY,2025,0013-0915/1464-3839,否,否,否,SCIE,0.9,,数学,3 [225/815],否, MATHEMATICS 数学,3 [138/487],,,,,,,,,,,二级
Journal of Noncommutative Geometry,2025,1661-6952/1661-6960,否,否,是,SCIE,1,,数学,3 [226/815],否, MATHEMATICS 数学,3 [139/487]," MATHEMATICS, APPLIED 应用数学",3 [108/330]," PHYSICS, MATHEMATICAL 物理：数学物理",3 [21/60],,,,,,,二级
ARKIV FOR MATEMATIK,2025,0004-2080/1871-2487,否,否,否,SCIE,0.7,,数学,3 [227/815],否, MATHEMATICS 数学,3 [140/487],,,,,,,,,,,二级
LINEAR ALGEBRA AND ITS APPLICATIONS,2025,0024-3795/1873-1856,否,否,否,SCIE,1.1,,数学,3 [228/815],否, MATHEMATICS 数学,3 [141/487]," MATHEMATICS, APPLIED 应用数学",3 [109/330],,,,,,,,,二级
Analysis and Geometry in Metric Spaces,2025,2299-3274/2299-3274,否,否,是,SCIE,0.6,,数学,3 [229/815],否, MATHEMATICS 数学,3 [142/487],,,,,,,,,,,二级
NONLINEAR ANALYSIS-REAL WORLD APPLICATIONS,2025,1468-1218/1878-5719,否,否,否,SCIE,1.8,,数学,3 [230/815],否," MATHEMATICS, APPLIED 应用数学",3 [110/330],,,,,,,,,,,二级
JOURNAL OF SYMBOLIC LOGIC,2025,0022-4812/1943-5886,否,否,否,SCIE,0.6,,数学,3 [231/815],否, LOGIC 逻辑学,3 [9/25], MATHEMATICS 数学,3 [143/487],,,,,,,,,二级
DISCRETE APPLIED MATHEMATICS,2025,0166-218X/1872-6771,否,否,否,SCIE,1.1,,数学,3 [232/815],否," MATHEMATICS, APPLIED 应用数学",3 [111/330],,,,,,,,,,,二级
JOURNAL OF EVOLUTION EQUATIONS,2025,1424-3199/1424-3202,否,否,否,SCIE,1.2,,数学,3 [233/815],否, MATHEMATICS 数学,3 [144/487]," MATHEMATICS, APPLIED 应用数学",3 [112/330],,,,,,,,,二级
PROCEEDINGS OF THE ROYAL SOCIETY OF EDINBURGH SECTION A-MATHEMATICS,2025,0308-2105/1473-7124,否,否,否,SCIE,0.9,,数学,3 [234/815],否, MATHEMATICS 数学,3 [145/487]," MATHEMATICS, APPLIED 应用数学",3 [114/330],,,,,,,,,二级
AIMS Mathematics,2025,2473-6988/2473-6988,否,否,是,SCIE,1.8,,数学,3 [235/815],否, MATHEMATICS 数学,3 [146/487]," MATHEMATICS, APPLIED 应用数学",3 [115/330],,,,,,,,,二级
POSITIVITY,2025,1385-1292/1572-9281,否,否,否,SCIE,0.9,,数学,3 [236/815],否, MATHEMATICS 数学,3 [147/487],,,,,,,,,,,二级
Axioms,2025,2075-1680/2075-1680,否,否,是,SCIE,1.6,,数学,3 [237/815],否," MATHEMATICS, APPLIED 应用数学",3 [116/330],,,,,,,,,,,二级
ZEITSCHRIFT FUR ANGEWANDTE MATHEMATIK UND PHYSIK,2025,0044-2275/1420-9039,否,否,否,SCIE,1.6,,数学,3 [238/815],否," MATHEMATICS, APPLIED 应用数学",3 [117/330],,,,,,,,,,,二级
Differential and Integral Equations,2025,0893-4983/0893-4983,否,否,否,SCIE,1.1,,数学,3 [239/815],否, MATHEMATICS 数学,3 [148/487]," MATHEMATICS, APPLIED 应用数学",3 [118/330],,,,,,,,,二级
JOURNAL D ANALYSE MATHEMATIQUE,2025,0021-7670/1565-8538,否,否,否,SCIE,0.9,,数学,3 [240/815],否, MATHEMATICS 数学,3 [149/487],,,,,,,,,,,二级
CALCOLO,2025,0008-0624/1126-5434,否,否,否,SCIE,1.3,,数学,3 [241/815],否, MATHEMATICS 数学,3 [150/487]," MATHEMATICS, APPLIED 应用数学",3 [119/330],,,,,,,,,二级
APPLIED CATEGORICAL STRUCTURES,2025,0927-2852/1572-9095,否,否,否,SCIE,0.5,,数学,3 [242/815],否, MATHEMATICS 数学,3 [151/487],,,,,,,,,,,二级
Applicable Analysis and Discrete Mathematics,2025,1452-8630/1452-8630,否,否,否,SCIE,1.4,,数学,3 [243/815],否, MATHEMATICS 数学,3 [152/487]," MATHEMATICS, APPLIED 应用数学",3 [120/330],,,,,,,,,二级
COMMUNICATIONS IN ALGEBRA,2025,0092-7872/1532-4125,否,否,否,SCIE,0.6,,数学,3 [244/815],否, MATHEMATICS 数学,3 [153/487],,,,,,,,,,,二级
ANNALI DI MATEMATICA PURA ED APPLICATA,2025,0373-3114/1618-1891,否,否,否,SCIE,0.9,,数学,3 [245/815],否, MATHEMATICS 数学,3 [154/487]," MATHEMATICS, APPLIED 应用数学",3 [121/330],,,,,,,,,二级
BULLETIN DES SCIENCES MATHEMATIQUES,2025,0007-4497/1952-4773,否,否,否,SCIE,0.9,,数学,3 [246/815],否," MATHEMATICS, APPLIED 应用数学",3 [122/330],,,,,,,,,,,二级
Bulletin of the Malaysian Mathematical Sciences Society,2025,0126-6705/2180-4206,否,否,否,SCIE,1.2,,数学,3 [247/815],否, MATHEMATICS 数学,3 [155/487],,,,,,,,,,,二级
PACIFIC JOURNAL OF MATHEMATICS,2025,0030-8730/1945-5844,否,否,否,SCIE,0.7,,数学,3 [248/815],否, MATHEMATICS 数学,3 [156/487],,,,,,,,,,,二级
AKCE International Journal of Graphs and Combinatorics,2025,0972-8600/2543-3474,否,否,是,SCIE,0.7,,数学,3 [249/815],否, MATHEMATICS 数学,3 [157/487]," MATHEMATICS, APPLIED 应用数学",3 [123/330],,,,,,,,,二级
ACTA MATHEMATICA SCIENTIA,2025,0252-9602/1572-9087,否,否,否,SCIE,1.1,,数学,3 [250/815],否, MATHEMATICS 数学,3 [158/487],,,,,,,,,,,二级
JOURNAL OF OPERATOR THEORY,2025,0379-4024/1841-7744,否,否,否,SCIE,1,,数学,3 [251/815],否, MATHEMATICS 数学,3 [159/487],,,,,,,,,,,二级
JOURNAL OF INEQUALITIES AND APPLICATIONS,2025,1029-242X/1029-242X,否,否,是,SCIE,1.8,,数学,3 [252/815],否, MATHEMATICS 数学,3 [160/487]," MATHEMATICS, APPLIED 应用数学",3 [125/330],,,,,,,,,二级
ADVANCES IN APPLIED MATHEMATICS,2025,0196-8858/1090-2074,否,否,否,SCIE,1.3,,数学,3 [253/815],否," MATHEMATICS, APPLIED 应用数学",3 [126/330],,,,,,,,,,,二级
Stata Journal,2025,1536-867X/1536-8734,否,否,否,SSCI;SCIE,2.4,,数学,3 [254/815],否," SOCIAL SCIENCES, MATHEMATICAL METHODS 社会科学：数理方法",3 [26/67], STATISTICS & PROBABILITY 统计学与概率论,3 [50/166],,,,,,,,,二级
ACTA ARITHMETICA,2025,0065-1036/1730-6264,否,否,否,SCIE,0.4,,数学,3 [255/815],否, MATHEMATICS 数学,3 [161/487],,,,,,,,,,,二级
OPTIMIZATION,2025,0233-1934/1029-4945,否,否,否,SCIE,1.8,,数学,3 [256/815],否," MATHEMATICS, APPLIED 应用数学",3 [127/330], OPERATIONS RESEARCH & MANAGEMENT SCIENCE 运筹学与管理科学,3 [45/106],,,,,,,,,二级
Annals of Combinatorics,2025,0218-0006/0219-3094,否,否,否,SCIE,0.7,,数学,3 [257/815],否," MATHEMATICS, APPLIED 应用数学",3 [128/330],,,,,,,,,,,二级
ESAIM-CONTROL OPTIMISATION AND CALCULUS OF VARIATIONS,2025,1292-8119/1262-3377,否,否,否,SCIE,1.2,,数学,3 [258/815],否, AUTOMATION & CONTROL SYSTEMS 自动化与控制系统,3 [32/83]," MATHEMATICS, APPLIED 应用数学",3 [129/330],,,,,,,,,二级
SBORNIK MATHEMATICS,2025,1064-5616/1468-4802,否,否,否,SCIE,0.8,,数学,3 [259/815],否, MATHEMATICS 数学,3 [162/487],,,,,,,,,,,二级
JOURNAL OF LOGIC AND COMPUTATION,2025,0955-792X/1465-363X,否,否,否,SCIE,0.7,,数学,3 [260/815],否," COMPUTER SCIENCE, THEORY & METHODS 计算机：理论方法",3 [56/143], LOGIC 逻辑学,3 [11/25],,,,,,,,,二级
BIOMETRICAL JOURNAL,2025,0323-3847/1521-4036,否,否,否,SCIE,1.8,,数学,3 [261/815],否, MATHEMATICAL & COMPUTATIONAL BIOLOGY 数学与计算生物学,2 [15/66], STATISTICS & PROBABILITY 统计学与概率论,3 [53/166],,,,,,,,,二级
Journal of Logic Language and Information,2025,0925-8531/1572-9583,否,否,否,AHCISCIE,0.6,,数学,3 [262/815],否, LANGUAGE & LINGUISTICS 语言与语言学,3 [130/391], LOGIC 逻辑学,3 [12/25], PHILOSOPHY 哲学,3 [80/328]," COMPUTER SCIENCE, ARTIFICIAL INTELLIGENCE 计算机：人工智能",4 [97/196],,,,,二级
Categories and General Algebraic Structures with Applications,2025,2345-5853/2345-5861,否,否,是,ESCI,,,数学,3 [263/815],否, MATHEMATICS 数学,3 [163/487],,,,,,,,,,,二级
Dynamics of Partial Differential Equations,2025,1548-159X/1548-159X,否,否,否,SCIE,1,,数学,3 [264/815],否," MATHEMATICS, APPLIED 应用数学",3 [131/330],,,,,,,,,,,二级
JOURNAL OF THE MATHEMATICAL SOCIETY OF JAPAN,2025,0025-5645,否,否,否,SCIE,0.7,,数学,3 [265/815],否, MATHEMATICS 数学,3 [164/487],,,,,,,,,,,二级
MATHEMATICAL PHYSICS ANALYSIS AND GEOMETRY,2025,1385-0172/1572-9656,否,否,否,SCIE,1.1,,数学,3 [266/815],否," MATHEMATICS, APPLIED 应用数学",3 [132/330]," PHYSICS, MATHEMATICAL 物理：数学物理",3 [23/60],,,,,,,,,二级
PROCEEDINGS OF THE AMERICAN MATHEMATICAL SOCIETY,2025,0002-9939/1088-6826,否,否,否,SCIE,0.8,,数学,3 [267/815],否, MATHEMATICS 数学,3 [165/487]," MATHEMATICS, APPLIED 应用数学",3 [133/330],,,,,,,,,二级
Kyoto Journal of Mathematics,2025,2156-2261/2154-3321,否,否,否,SCIE,0.4,,数学,3 [268/815],否, MATHEMATICS 数学,3 [166/487],,,,,,,,,,,二级
Aequationes Mathematicae,2025,0001-9054/1420-8903,否,否,否,SCIE,0.7,,数学,3 [269/815],否, MATHEMATICS 数学,3 [167/487]," MATHEMATICS, APPLIED 应用数学",3 [134/330],,,,,,,,,二级
Collectanea Mathematica,2025,0010-0757/2038-4815,否,否,否,SCIE,0.5,,数学,3 [270/815],否, MATHEMATICS 数学,3 [168/487]," MATHEMATICS, APPLIED 应用数学",4 [136/330],,,,,,,,,二级
BULLETIN OF THE BRAZILIAN MATHEMATICAL SOCIETY,2025,1678-7544/1678-7714,否,否,否,SCIE,0.9,,数学,3 [271/815],否, MATHEMATICS 数学,3 [169/487],,,,,,,,,,,二级
Carpathian Journal of Mathematics,2025,1584-2851/1843-4401,否,否,否,SCIE,1.1,,数学,3 [272/815],否, MATHEMATICS 数学,3 [170/487]," MATHEMATICS, APPLIED 应用数学",4 [137/330],,,,,,,,,二级
POTENTIAL ANALYSIS,2025,0926-2601/1572-929X,否,否,否,SCIE,0.8,,数学,3 [273/815],否, MATHEMATICS 数学,3 [171/487],,,,,,,,,,,二级
STATISTICAL PAPERS,2025,0932-5026/1613-9798,否,否,否,SCIE,1.1,,数学,3 [274/815],否, STATISTICS & PROBABILITY 统计学与概率论,3 [54/166],,,,,,,,,,,二级
TEST,2025,1133-0686/1863-8260,否,否,否,SCIE,1.3,,数学,3 [275/815],否, STATISTICS & PROBABILITY 统计学与概率论,3 [55/166],,,,,,,,,,,二级
RAMANUJAN JOURNAL,2025,1382-4090/1572-9303,否,否,否,SCIE,0.7,,数学,3 [276/815],否, MATHEMATICS 数学,3 [172/487],,,,,,,,,,,二级
Annals of K-Theory,2025,2379-1683/2379-1691,否,否,否,ESCI,0.8,,数学,3 [277/815],否, MATHEMATICS 数学,3 [173/487],,,,,,,,,,,二级
FRACTALS-COMPLEX GEOMETRY PATTERNS AND SCALING IN NATURE AND SOCIETY,2025,0218-348X/1793-6543,否,否,否,SCIE,2.9,,数学,3 [278/815],否," MATHEMATICS, INTERDISCIPLINARY APPLICATIONS 数学跨学科应用",3 [53/136],,,,,,,,,,,二级
BIOMETRICS,2025,0006-341X/1541-0420,否,否,否,SCIE,1.7,,数学,3 [279/815],否, BIOLOGY 生物学,3 [38/109], MATHEMATICAL & COMPUTATIONAL BIOLOGY 数学与计算生物学,3 [18/66], STATISTICS & PROBABILITY 统计学与概率论,3 [56/166],,,,,,,二级
ORDER-A JOURNAL ON THE THEORY OF ORDERED SETS AND ITS APPLICATIONS,2025,0167-8094/1572-9273,否,否,否,SCIE,0.3,,数学,3 [280/815],否, MATHEMATICS 数学,3 [174/487],,,,,,,,,,,二级
Studia Logica,2025,0039-3215/1572-8730,否,否,否,AHCISCIE,0.6,,数学,3 [281/815],否, LOGIC 逻辑学,3 [13/25], MATHEMATICS 数学,3 [175/487], PHILOSOPHY 哲学,3 [87/328],,,,,,,二级
EXPERIMENTAL MATHEMATICS,2025,1058-6458/1944-950X,否,否,否,SCIE,0.9,,数学,3 [282/815],否, MATHEMATICS 数学,3 [176/487],,,,,,,,,,,二级
ADVANCES IN APPLIED PROBABILITY,2025,0001-8678/1475-6064,否,否,否,SCIE,1.2,,数学,3 [283/815],否, STATISTICS & PROBABILITY 统计学与概率论,3 [57/166],,,,,,,,,,,二级
Periodica Mathematica Hungarica,2025,0031-5303/1588-2829,否,否,否,SCIE,0.5,,数学,3 [284/815],否, MATHEMATICS 数学,4 [178/487]," MATHEMATICS, APPLIED 应用数学",4 [138/330],,,,,,,,,二级
Journal of Biological Dynamics,2025,1751-3758/1751-3766,否,否,是,SCIE,2.2,,数学,3 [285/815],否, MATHEMATICAL & COMPUTATIONAL BIOLOGY 数学与计算生物学,3 [19/66], ECOLOGY 生态学,4 [94/196],,,,,,,,,二级
Mathematical Methods of Statistics,2025,1066-5307/1934-8045,否,否,否,ESCI,0.7,,数学,3 [286/815],否, STATISTICS & PROBABILITY 统计学与概率论,3 [58/166],,,,,,,,,,,二级
Mathematical Modelling and Analysis,2025,1392-6292/1648-3510,否,否,是,SCIE,1.4,,数学,3 [287/815],否, MATHEMATICS 数学,4 [179/487],,,,,,,,,,,二级
ELECTRONIC JOURNAL OF COMBINATORICS,2025,1077-8926/1077-8926,否,否,是,SCIE,0.7,,数学,3 [288/815],否, MATHEMATICS 数学,4 [180/487]," MATHEMATICS, APPLIED 应用数学",4 [139/330],,,,,,,,,二级
DISCRETE MATHEMATICS,2025,0012-365X/1872-681X,否,否,否,SCIE,0.9,,数学,3 [289/815],否, MATHEMATICS 数学,4 [181/487],,,,,,,,,,,二级
DISCRETE AND CONTINUOUS DYNAMICAL SYSTEMS,2025,1078-0947/1553-5231,否,否,否,SCIE,1.1,,数学,3 [290/815],否, MATHEMATICS 数学,4 [182/487]," MATHEMATICS, APPLIED 应用数学",4 [140/330],,,,,,,,,二级
EMS Surveys in Mathematical Sciences,2025,2308-2151/2308-216X,否,否,是,ESCI,1.2,,数学,3 [291/815],否, MATHEMATICS 数学,4 [183/487],,,,,,,,,,,二级
ALGEBRA UNIVERSALIS,2025,0002-5240/1420-8911,否,否,否,SCIE,0.6,,数学,3 [292/815],否, MATHEMATICS 数学,4 [184/487],,,,,,,,,,,二级
INTERFACES AND FREE BOUNDARIES,2025,1463-9963/1463-9971,否,否,是,SCIE,1,,数学,3 [293/815],否, MATHEMATICS 数学,4 [185/487]," MATHEMATICS, APPLIED 应用数学",4 [141/330],,,,,,,,,二级
Communications in Mathematics and Statistics,2025,2194-6701/2194-671X,否,否,否,SCIE,1,中国SCI期刊支持计划,数学,3 [294/815],否, MATHEMATICS 数学,3 [177/487],,,,,,,,,,,二级
Probability Uncertainty and Quantitative Risk,2025,2095-9672/2367-0126,否,否,是,ESCI,0.8,中国SCI期刊支持计划,数学,3 [295/815],否, STATISTICS & PROBABILITY 统计学与概率论,3 [66/166],,,,,,,,,,,二级
Fuzzy Information and Engineering,2025,1616-8658/1616-8666,否,否,是,ESCI,1.1,中国SCI期刊支持计划,数学,3 [296/815],否," MATHEMATICS, APPLIED 应用数学",3 [135/330],,,,,,,,,,,二级
Journal of Systems Science & Complexity,2025,1009-6124/1559-7067,否,否,否,SCIE,2.8,,数学,4 [297/815],否," MATHEMATICS, INTERDISCIPLINARY APPLICATIONS 数学跨学科应用",3 [54/136],,,,,,,,,,,三级
BULLETIN OF MATHEMATICAL BIOLOGY,2025,0092-8240/1522-9602,否,否,否,SCIE,2.2,,数学,4 [298/815],否, BIOLOGY 生物学,3 [39/109], MATHEMATICAL & COMPUTATIONAL BIOLOGY 数学与计算生物学,3 [21/66],,,,,,,,,三级
Advances in Group Theory and Applications,2025,2499-1287/2499-1287,否,否,是,ESCI,0.2,,数学,4 [299/815],否, MATHEMATICS 数学,4 [186/487],,,,,,,,,,,三级
Information and Inference-A Journal of the IMA,2025,2049-8764/2049-8772,否,否,否,SCIE,1.6,,数学,4 [300/815],否," MATHEMATICS, APPLIED 应用数学",4 [142/330],,,,,,,,,,,三级
ARCHIVE FOR MATHEMATICAL LOGIC,2025,0933-5846/1432-0665,否,否,否,SCIE,0.4,,数学,4 [301/815],否, LOGIC 逻辑学,4 [14/25], MATHEMATICS 数学,4 [187/487],,,,,,,,,三级
Rendiconti del Circolo Matematico di Palermo,2025,0009-725X/1973-4409,否,否,否,ESCI,0.9,,数学,4 [302/815],否, MATHEMATICS 数学,4 [188/487],,,,,,,,,,,三级
ALGEBRAS AND REPRESENTATION THEORY,2025,1386-923X/1572-9079,否,否,否,SCIE,0.6,,数学,4 [303/815],否, MATHEMATICS 数学,4 [189/487],,,,,,,,,,,三级
JOURNAL OF GLOBAL OPTIMIZATION,2025,0925-5001/1573-2916,否,否,否,SCIE,1.7,,数学,4 [304/815],否, OPERATIONS RESEARCH & MANAGEMENT SCIENCE 运筹学与管理科学,3 [47/106]," MATHEMATICS, APPLIED 应用数学",4 [143/330],,,,,,,,,三级
Annales Mathematiques du Quebec,2025,2195-4755/2195-4763,否,否,否,ESCI,0.4,,数学,4 [305/815],否, MATHEMATICS 数学,4 [190/487],,,,,,,,,,,三级
Mathematics,2025,2227-7390/2227-7390,否,否,是,SCIE,2.2,Mega-Journal,数学,4 [306/815],否, MATHEMATICS 数学,4 [191/487],,,,,,,,,,,三级
INTERNATIONAL JOURNAL OF ALGEBRA AND COMPUTATION,2025,0218-1967/1793-6500,否,否,否,SCIE,0.5,,数学,4 [307/815],否, MATHEMATICS 数学,4 [192/487],,,,,,,,,,,三级
MATHEMATICAL RESEARCH LETTERS,2025,1073-2780/1945-001X,否,否,否,SCIE,0.6,,数学,4 [308/815],否, MATHEMATICS 数学,4 [193/487],,,,,,,,,,,三级
Journal of Mathematics and Music,2025,1745-9737/1745-9745,否,否,否,AHCISCIE,0.7,,数学,4 [309/815],否," MATHEMATICS, INTERDISCIPLINARY APPLICATIONS 数学跨学科应用",3 [55/136], MUSIC 音乐,3 [32/110],,,,,,,,,三级
JOURNAL OF ALGEBRA AND ITS APPLICATIONS,2025,0219-4988/1793-6829,否,否,否,SCIE,0.6,,数学,4 [310/815],否, MATHEMATICS 数学,4 [194/487]," MATHEMATICS, APPLIED 应用数学",4 [144/330],,,,,,,,,三级
British Journal for the History of Mathematics,2025,2637-5451/2637-5494,否,否,否,ESCI,0.3,,数学,4 [311/815],否, MATHEMATICS 数学,4 [195/487],,,,,,,,,,,三级
ANNALS OF GLOBAL ANALYSIS AND GEOMETRY,2025,0232-704X/1572-9060,否,否,否,SCIE,0.7,,数学,4 [312/815],否, MATHEMATICS 数学,4 [196/487],,,,,,,,,,,三级
Journal of Pseudo-Differential Operators and Applications,2025,1662-9981/1662-999X,否,否,否,SCIE,1.3,,数学,4 [313/815],否, MATHEMATICS 数学,4 [197/487]," MATHEMATICS, APPLIED 应用数学",4 [145/330],,,,,,,,,三级
Discrete Analysis,2025,2397-3129/2397-3129,否,否,是,SCIE,1.3,,数学,4 [314/815],否, MATHEMATICS 数学,4 [198/487],,,,,,,,,,,三级
JOURNAL OF GROUP THEORY,2025,1433-5883/1435-4446,否,否,否,SCIE,0.5,,数学,4 [315/815],否, MATHEMATICS 数学,4 [199/487],,,,,,,,,,,三级
GLASGOW MATHEMATICAL JOURNAL,2025,0017-0895/1469-509X,否,否,否,SCIE,0.4,,数学,4 [316/815],否, MATHEMATICS 数学,4 [200/487],,,,,,,,,,,三级
MATHEMATISCHE NACHRICHTEN,2025,0025-584X/1522-2616,否,否,否,SCIE,0.8,,数学,4 [317/815],否, MATHEMATICS 数学,4 [201/487],,,,,,,,,,,三级
JOURNAL OF MATHEMATICAL BIOLOGY,2025,0303-6812/1432-1416,否,否,否,SCIE,2.3,,数学,4 [318/815],否, BIOLOGY 生物学,3 [41/109], MATHEMATICAL & COMPUTATIONAL BIOLOGY 数学与计算生物学,3 [22/66],,,,,,,,,三级
STUDIA MATHEMATICA,2025,0039-3223/1730-6337,否,否,否,SCIE,0.9,,数学,4 [319/815],否, MATHEMATICS 数学,4 [202/487],,,,,,,,,,,三级
ACTA MATHEMATICA HUNGARICA,2025,0236-5294/1588-2632,否,否,否,SCIE,0.6,,数学,4 [320/815],否, MATHEMATICS 数学,4 [203/487],,,,,,,,,,,三级
NODEA-NONLINEAR DIFFERENTIAL EQUATIONS AND APPLICATIONS,2025,1021-9722/1420-9004,否,否,否,SCIE,1.2,,数学,4 [321/815],否," MATHEMATICS, APPLIED 应用数学",4 [146/330],,,,,,,,,,,三级
Advances in Applied Clifford Algebras,2025,0188-7009/1661-4909,否,否,否,SCIE,1.2,,数学,4 [322/815],否," PHYSICS, MATHEMATICAL 物理：数学物理",3 [26/60]," MATHEMATICS, APPLIED 应用数学",4 [148/330],,,,,,,,,三级
LINEAR & MULTILINEAR ALGEBRA,2025,0308-1087/1563-5139,否,否,否,SCIE,1,,数学,4 [323/815],否, MATHEMATICS 数学,4 [204/487],,,,,,,,,,,三级
DISCRETE & COMPUTATIONAL GEOMETRY,2025,0179-5376/1432-0444,否,否,否,SCIE,0.6,,数学,4 [324/815],否," COMPUTER SCIENCE, THEORY & METHODS 计算机：理论方法",4 [66/143], MATHEMATICS 数学,4 [205/487],,,,,,,,,三级
SIBERIAN MATHEMATICAL JOURNAL,2025,0037-4466/1573-9260,否,否,否,SCIE,0.7,,数学,4 [325/815],否, MATHEMATICS 数学,4 [206/487],,,,,,,,,,,三级
COMPTES RENDUS MATHEMATIQUE,2025,1631-073X/1778-3569,否,否,是,SCIE,0.7,,数学,4 [326/815],否, MATHEMATICS 数学,4 [207/487],,,,,,,,,,,三级
International Journal of Number Theory,2025,1793-0421/1793-7310,否,否,否,SCIE,0.4,,数学,4 [327/815],否, MATHEMATICS 数学,4 [208/487],,,,,,,,,,,三级
MATHEMATICAL METHODS IN THE APPLIED SCIENCES,2025,0170-4214/1099-1476,否,否,否,SCIE,1.8,,数学,4 [328/815],否," MATHEMATICS, APPLIED 应用数学",4 [149/330],,,,,,,,,,,三级
Annales Polonici Mathematici,2025,0066-2216/1730-6272,否,否,否,SCIE,0.3,,数学,4 [329/815],否, MATHEMATICS 数学,4 [209/487],,,,,,,,,,,三级
JOURNAL OF APPROXIMATION THEORY,2025,0021-9045/1096-0430,否,否,否,SCIE,0.6,,数学,4 [330/815],否, MATHEMATICS 数学,4 [210/487],,,,,,,,,,,三级
Advances in Operator Theory,2025,2662-2009/2538-225X,否,否,否,ESCI,0.7,,数学,4 [331/815],否, MATHEMATICS 数学,4 [211/487],,,,,,,,,,,三级
Moscow Mathematical Journal,2025,1609-3321/1609-4514,否,否,否,SCIE,0.5,,数学,4 [332/815],否, MATHEMATICS 数学,4 [212/487]," MATHEMATICS, APPLIED 应用数学",4 [150/330],,,,,,,,,三级
STATISTICA NEERLANDICA,2025,0039-0402/1467-9574,否,否,否,SCIE,0.8,,数学,4 [333/815],否, STATISTICS & PROBABILITY 统计学与概率论,3 [62/166],,,,,,,,,,,三级
SIAM JOURNAL ON APPLIED DYNAMICAL SYSTEMS,2025,1536-0040,否,否,否,SCIE,1.8,,数学,4 [334/815],否," PHYSICS, MATHEMATICAL 物理：数学物理",3 [28/60]," MATHEMATICS, APPLIED 应用数学",4 [151/330],,,,,,,,,三级
INTERNATIONAL STATISTICAL REVIEW,2025,0306-7734/1751-5823,否,否,否,SCIE,1.8,,数学,4 [335/815],否, STATISTICS & PROBABILITY 统计学与概率论,3 [63/166],,,,,,,,,,,三级
INTERNATIONAL JOURNAL OF MATHEMATICS,2025,0129-167X/1793-6519,否,否,否,SCIE,0.7,,数学,4 [336/815],否, MATHEMATICS 数学,4 [213/487],,,,,,,,,,,三级
Discrete Mathematics Letters,2025,2664-2557/2664-2557,否,否,是,ESCI,0.8,,数学,4 [337/815],否, MATHEMATICS 数学,4 [214/487]," MATHEMATICS, APPLIED 应用数学",4 [152/330],,,,,,,,,三级
Journal of Elliptic and Parabolic Equations,2025,2296-9020/2296-9039,否,否,否,ESCI,1.1,,数学,4 [338/815],否, MATHEMATICS 数学,4 [215/487],,,,,,,,,,,三级
Communications in Combinatorics and Optimization,2025,2538-2128/2538-2136,否,否,是,ESCI,0.8,,数学,4 [339/815],否, MATHEMATICS 数学,4 [216/487]," MATHEMATICS, APPLIED 应用数学",4 [153/330],,,,,,,,,三级
European Journal of Mathematics,2025,2199-675X/2199-6768,否,否,否,ESCI,0.5,,数学,4 [340/815],否, MATHEMATICS 数学,4 [217/487],,,,,,,,,,,三级
FUNDAMENTA MATHEMATICAE,2025,0016-2736/1730-6329,否,否,否,SCIE,0.5,,数学,4 [341/815],否, MATHEMATICS 数学,4 [218/487],,,,,,,,,,,三级
TOPOLOGY AND ITS APPLICATIONS,2025,0166-8641/1879-3207,否,否,否,SCIE,0.5,,数学,4 [342/815],否, MATHEMATICS 数学,4 [219/487]," MATHEMATICS, APPLIED 应用数学",4 [154/330],,,,,,,,,三级
FUNCTIONES ET APPROXIMATIO COMMENTARII MATHEMATICI,2025,0208-6573/0208-6573,否,否,否,ESCI,0.5,,数学,4 [343/815],否, MATHEMATICS 数学,4 [220/487],,,,,,,,,,,三级
MATHEMATICS OF OPERATIONS RESEARCH,2025,0364-765X/1526-5471,否,否,否,SCIE,1.9,,数学,4 [344/815],否, OPERATIONS RESEARCH & MANAGEMENT SCIENCE 运筹学与管理科学,3 [49/106]," MATHEMATICS, APPLIED 应用数学",4 [156/330],,,,,,,,,三级
IZVESTIYA MATHEMATICS,2025,1064-5632/1468-4810,否,否,否,SCIE,0.9,,数学,4 [345/815],否, MATHEMATICS 数学,4 [221/487],,,,,,,,,,,三级
Opuscula Mathematica,2025,1232-9274/2300-6919,否,否,是,ESCI,2,,数学,4 [346/815],否, MATHEMATICS 数学,4 [222/487],,,,,,,,,,,三级
Algebra and Logic,2025,0002-5232/1573-8302,否,否,否,SCIE,0.6,,数学,4 [347/815],否, LOGIC 逻辑学,4 [15/25], MATHEMATICS 数学,4 [223/487],,,,,,,,,三级
Glasnik Matematicki,2025,0017-095X/1846-7989,否,否,否,SCIE,0.6,,数学,4 [348/815],否, MATHEMATICS 数学,4 [224/487]," MATHEMATICS, APPLIED 应用数学",4 [157/330],,,,,,,,,三级
ACM Transactions on Computational Logic,2025,1529-3785/1557-945X,否,否,否,SCIE,0.9,,数学,4 [349/815],否," COMPUTER SCIENCE, THEORY & METHODS 计算机：理论方法",4 [70/143], LOGIC 逻辑学,4 [16/25],,,,,,,,,三级
EUROPEAN JOURNAL OF APPLIED MATHEMATICS,2025,0956-7925/1469-4425,否,否,是,SCIE,1.1,,数学,4 [350/815],否," MATHEMATICS, APPLIED 应用数学",4 [158/330],,,,,,,,,,,三级
Statistics & Risk Modeling,2025,2193-1402/2196-7040,否,否,否,ESCI,0.9,,数学,4 [351/815],否, STATISTICS & PROBABILITY 统计学与概率论,3 [67/166],,,,,,,,,,,三级
Bulletin of the Korean Mathematical Society,2025,1015-8634/1015-8634,否,否,否,SCIE,0.5,,数学,4 [352/815],否, MATHEMATICS 数学,4 [225/487],,,,,,,,,,,三级
Analysis Mathematica,2025,0133-3852/1588-273X,否,否,否,SCIE,0.5,,数学,4 [353/815],否, MATHEMATICS 数学,4 [226/487],,,,,,,,,,,三级
Carpathian Mathematical Publications,2025,2075-9827/2313-0210,否,否,是,ESCI,1,,数学,4 [354/815],否, MATHEMATICS 数学,4 [227/487],,,,,,,,,,,三级
Complex Analysis and Operator Theory,2025,1661-8254/1661-8262,否,否,否,SCIE,0.8,,数学,4 [355/815],否, MATHEMATICS 数学,4 [228/487]," MATHEMATICS, APPLIED 应用数学",4 [159/330],,,,,,,,,三级
AStA-Advances in Statistical Analysis,2025,1863-8171/1863-818X,否,否,否,SCIE,1.4,,数学,4 [356/815],否, STATISTICS & PROBABILITY 统计学与概率论,3 [68/166],,,,,,,,,,,三级
MONATSHEFTE FUR MATHEMATIK,2025,0026-9255/1436-5081,否,否,否,SCIE,0.8,,数学,4 [357/815],否, MATHEMATICS 数学,4 [229/487],,,,,,,,,,,三级
Tunisian Journal of Mathematics,2025,2576-7658/2576-7666,否,否,否,ESCI,1.1,,数学,4 [358/815],否, MATHEMATICS 数学,4 [230/487],,,,,,,,,,,三级
Journal of Function Spaces,2025,2314-8896/2314-8888,否,否,是,SCIE,1.3,,数学,4 [359/815],否, MATHEMATICS 数学,4 [231/487]," MATHEMATICS, APPLIED 应用数学",4 [160/330],,,,,,,,,三级
GRAPHS AND COMBINATORICS,2025,0911-0119/1435-5914,否,否,否,SCIE,0.6,,数学,4 [360/815],否, MATHEMATICS 数学,4 [232/487],,,,,,,,,,,三级
BULLETIN DE LA SOCIETE MATHEMATIQUE DE FRANCE,2025,0037-9484/2102-622X,否,否,否,SCIE,0.6,,数学,4 [361/815],否, MATHEMATICS 数学,4 [233/487],,,,,,,,,,,三级
Applied General Topology,2025,1989-4147/1989-4147,否,否,是,ESCI,0.8,,数学,4 [362/815],否, MATHEMATICS 数学,4 [234/487],,,,,,,,,,,三级
Journal of Dynamics and Differential Equations,2025,1040-7294/1572-9222,否,否,否,SCIE,1.3,,数学,4 [363/815],否, MATHEMATICS 数学,4 [235/487]," MATHEMATICS, APPLIED 应用数学",4 [161/330],,,,,,,,,三级
Random Matrices-Theory and Applications,2025,2010-3263/2010-3271,否,否,否,SCIE,0.6,,数学,4 [364/815],否," PHYSICS, MATHEMATICAL 物理：数学物理",3 [30/60], STATISTICS & PROBABILITY 统计学与概率论,3 [70/166],,,,,,,,,三级
ARS Mathematica Contemporanea,2025,1855-3966/1855-3974,否,否,否,SCIE,0.9,,数学,4 [365/815],否, MATHEMATICS 数学,4 [236/487]," MATHEMATICS, APPLIED 应用数学",4 [162/330],,,,,,,,,三级
ACTA SCIENTIARUM MATHEMATICARUM,2025,0001-6969/2064-8316,否,否,否,ESCI,0.6,,数学,4 [366/815],否, MATHEMATICS 数学,4 [237/487],,,,,,,,,,,三级
ADVANCES IN GEOMETRY,2025,1615-715X/1615-7168,否,否,否,SCIE,0.5,,数学,4 [367/815],否, MATHEMATICS 数学,4 [238/487],,,,,,,,,,,三级
Communications in Analysis and Mechanics,2025,2836-3310/2836-3310,否,否,是,SCIE,3,,数学,4 [368/815],否," MATHEMATICS, APPLIED 应用数学",4 [163/330]," PHYSICS, MATHEMATICAL 物理：数学物理",4 [32/60],,,,,,,,,三级
LIFETIME DATA ANALYSIS,2025,1380-7870/1572-9249,否,否,否,SCIE,1,,数学,4 [369/815],否, STATISTICS & PROBABILITY 统计学与概率论,3 [71/166]," MATHEMATICS, INTERDISCIPLINARY APPLICATIONS 数学跨学科应用",4 [62/136],,,,,,,,,三级
ALEA-Latin American Journal of Probability and Mathematical Statistics,2025,1980-0436,否,否,否,SCIE,0.6,,数学,4 [370/815],否, STATISTICS & PROBABILITY 统计学与概率论,4 [72/166],,,,,,,,,,,三级
Funkcialaj Ekvacioj-Serio Internacia,2025,0532-8721,否,否,否,SCIE,,,数学,4 [371/815],否, MATHEMATICS 数学,4 [239/487]," MATHEMATICS, APPLIED 应用数学",4 [164/330],,,,,,,,,三级
JOURNAL OF THE ROYAL STATISTICAL SOCIETY SERIES A-STATISTICS IN SOCIETY,2025,0964-1998/1467-985X,否,否,否,SSCI;SCIE,1.6,,数学,4 [372/815],否," SOCIAL SCIENCES, MATHEMATICAL METHODS 社会科学：数理方法",4 [34/67], STATISTICS & PROBABILITY 统计学与概率论,4 [73/166],,,,,,,,,三级
JOURNAL OF AGRICULTURAL BIOLOGICAL AND ENVIRONMENTAL STATISTICS,2025,1085-7117/1537-2693,否,否,否,SCIE,1.1,,数学,4 [373/815],否, BIOLOGY 生物学,3 [48/109], MATHEMATICAL & COMPUTATIONAL BIOLOGY 数学与计算生物学,3 [27/66], STATISTICS & PROBABILITY 统计学与概率论,4 [74/166],,,,,,,三级
Iranian Journal of Fuzzy Systems,2025,1735-0654/2676-4334,否,否,否,SCIE,1.2,,数学,4 [374/815],否, MATHEMATICS 数学,4 [240/487]," MATHEMATICS, APPLIED 应用数学",4 [166/330],,,,,,,,,三级
Electronic Journal of Statistics,2025,1935-7524/1935-7524,否,否,是,SCIE,1.3,,数学,4 [375/815],否, STATISTICS & PROBABILITY 统计学与概率论,4 [75/166],,,,,,,,,,,三级
International Journal of Optimization and Control-Theories & Applications-IJOCTA,2025,2146-0957/2146-5703,否,否,是,ESCI,1.9,,数学,4 [376/815],否," MATHEMATICS, APPLIED 应用数学",4 [167/330],,,,,,,,,,,三级
Results in Applied Mathematics,2025,2590-0374/2590-0374,否,否,是,ESCI,1.3,,数学,4 [377/815],否," MATHEMATICS, APPLIED 应用数学",4 [168/330],,,,,,,,,,,三级
SIAM JOURNAL ON APPLIED MATHEMATICS,2025,0036-1399/1095-712X,否,否,否,SCIE,2.1,,数学,4 [378/815],否," MATHEMATICS, APPLIED 应用数学",4 [169/330],,,,,,,,,,,三级
Journal of Topology and Analysis,2025,1793-5253/1793-7167,否,否,否,SCIE,0.4,,数学,4 [379/815],否, MATHEMATICS 数学,4 [241/487],,,,,,,,,,,三级
Complex Manifolds,2025,2300-7443/2300-7443,否,否,是,ESCI,0.5,,数学,4 [380/815],否, MATHEMATICS 数学,4 [242/487],,,,,,,,,,,三级
Mathematica Slovaca,2025,0139-9918/1337-2211,否,否,否,SCIE,0.9,,数学,4 [381/815],否, MATHEMATICS 数学,4 [243/487],,,,,,,,,,,三级
MANUSCRIPTA MATHEMATICA,2025,0025-2611/1432-1785,否,否,否,SCIE,0.6,,数学,4 [382/815],否, MATHEMATICS 数学,4 [244/487],,,,,,,,,,,三级
Notes on Number Theory and Discrete Mathematics,2025,1310-5132/2367-8275,否,否,是,ESCI,0.6,,数学,4 [383/815],否, MATHEMATICS 数学,4 [245/487],,,,,,,,,,,三级
Georgian Mathematical Journal,2025,1072-947X/1572-9176,否,否,否,SCIE,0.7,,数学,4 [384/815],否, MATHEMATICS 数学,4 [246/487],,,,,,,,,,,三级
Mathematical Modelling of Natural Phenomena,2025,0973-5348/1760-6101,否,否,否,SCIE,2.1,,数学,4 [385/815],否, MATHEMATICAL & COMPUTATIONAL BIOLOGY 数学与计算生物学,3 [30/66]," MATHEMATICS, APPLIED 应用数学",4 [170/330]," MATHEMATICS, INTERDISCIPLINARY APPLICATIONS 数学跨学科应用",4 [64/136],,,,,,,三级
Dynamic Games and Applications,2025,2153-0785/2153-0793,否,否,否,SCIE,1.6,,数学,4 [386/815],否," MATHEMATICS, INTERDISCIPLINARY APPLICATIONS 数学跨学科应用",4 [65/136],,,,,,,,,,,三级
Bulletin of the Iranian Mathematical Society,2025,1017-060X/1735-8515,否,否,否,SCIE,0.8,,数学,4 [387/815],否, MATHEMATICS 数学,4 [247/487],,,,,,,,,,,三级
BULLETIN OF THE AUSTRALIAN MATHEMATICAL SOCIETY,2025,0004-9727/1755-1633,否,否,否,SCIE,0.5,,数学,4 [388/815],否, MATHEMATICS 数学,4 [248/487],,,,,,,,,,,三级
QUARTERLY JOURNAL OF MATHEMATICS,2025,0033-5606/1464-3847,否,否,否,SCIE,0.5,,数学,4 [389/815],否, MATHEMATICS 数学,4 [249/487],,,,,,,,,,,三级
International Journal of Computer Mathematics- Computer Systems Theory,2025,2379-9927/2379-9935,否,否,否,ESCI,0.6,,数学,4 [390/815],否," COMPUTER SCIENCE, THEORY & METHODS 计算机：理论方法",4 [77/143], MATHEMATICS 数学,4 [250/487],,,,,,,,,三级
MATHEMATICAL INEQUALITIES & APPLICATIONS,2025,1331-4343/1331-4343,否,否,否,SCIE,0.7,,数学,4 [391/815],否, MATHEMATICS 数学,4 [252/487],,,,,,,,,,,三级
JOURNAL OF THE AUSTRALIAN MATHEMATICAL SOCIETY,2025,1446-7887/1446-8107,否,否,否,SCIE,0.8,,数学,4 [392/815],否, MATHEMATICS 数学,4 [253/487],,,,,,,,,,,三级
CANADIAN JOURNAL OF MATHEMATICS-JOURNAL CANADIEN DE MATHEMATIQUES,2025,0008-414X/1496-4279,否,否,否,SCIE,0.7,,数学,4 [393/815],否, MATHEMATICS 数学,4 [254/487],,,,,,,,,,,三级
Survey Methodology,2025,0714-0045,否,否,否,SSCI;SCIE,1.2,,数学,4 [394/815],否," SOCIAL SCIENCES, MATHEMATICAL METHODS 社会科学：数理方法",4 [38/67], STATISTICS & PROBABILITY 统计学与概率论,4 [77/166],,,,,,,,,三级
INDAGATIONES MATHEMATICAE-NEW SERIES,2025,0019-3577/1872-6100,否,否,否,SCIE,0.8,,数学,4 [395/815],否, MATHEMATICS 数学,4 [255/487],,,,,,,,,,,三级
European Journal of Pure and Applied Mathematics,2025,1307-5543/1307-5543,否,否,是,ESCI,1,,数学,4 [396/815],否, MATHEMATICS 数学,4 [256/487],,,,,,,,,,,三级
Turkish Journal of Mathematics,2025,1300-0098/1303-6149,否,否,否,SCIE,0.9,,数学,4 [397/815],否, MATHEMATICS 数学,4 [257/487],,,,,,,,,,,三级
ASYMPTOTIC ANALYSIS,2025,0921-7134/1875-8576,否,否,否,SCIE,0.9,,数学,4 [398/815],否," MATHEMATICS, APPLIED 应用数学",4 [171/330],,,,,,,,,,,三级
METRIKA,2025,0026-1335/1435-926X,否,否,否,SCIE,0.9,,数学,4 [399/815],否, STATISTICS & PROBABILITY 统计学与概率论,4 [78/166],,,,,,,,,,,三级
JOURNAL OF COMBINATORIAL DESIGNS,2025,1063-8539/1520-6610,否,否,否,SCIE,0.8,,数学,4 [400/815],否, MATHEMATICS 数学,4 [258/487],,,,,,,,,,,三级
ESAIM-Probability and Statistics,2025,1292-8100/1262-3318,否,否,否,SCIE,0.7,,数学,4 [401/815],否, STATISTICS & PROBABILITY 统计学与概率论,4 [79/166],,,,,,,,,,,三级
STATISTICS,2025,0233-1888/1029-4910,否,否,否,SCIE,1,,数学,4 [402/815],否, STATISTICS & PROBABILITY 统计学与概率论,4 [80/166],,,,,,,,,,,三级
Journal of Commutative Algebra,2025,1939-0807/1939-2346,否,否,否,SCIE,0.6,,数学,4 [403/815],否, MATHEMATICS 数学,4 [259/487],,,,,,,,,,,三级
Modern Stochastics-Theory and Applications,2025,2351-6054/2351-6054,否,否,是,ESCI,1,,数学,4 [404/815],否, STATISTICS & PROBABILITY 统计学与概率论,4 [81/166],,,,,,,,,,,三级
ANNALS OF THE INSTITUTE OF STATISTICAL MATHEMATICS,2025,0020-3157/1572-9052,否,否,否,SCIE,0.6,,数学,4 [405/815],否, STATISTICS & PROBABILITY 统计学与概率论,4 [82/166],,,,,,,,,,,三级
JOURNAL OF STATISTICAL COMPUTATION AND SIMULATION,2025,0094-9655/1563-5163,否,否,否,SCIE,1.2,,数学,4 [406/815],否," COMPUTER SCIENCE, INTERDISCIPLINARY APPLICATIONS 计算机：跨学科应用",4 [97/172], STATISTICS & PROBABILITY 统计学与概率论,4 [83/166],,,,,,,,,三级
Special Matrices,2025,2300-7451/2300-7451,否,否,是,ESCI,1,,数学,4 [407/815],否, MATHEMATICS 数学,4 [260/487],,,,,,,,,,,三级
BOLETIN DE LA SOCIEDAD MATEMATICA MEXICANA,2025,1405-213X/2296-4495,否,否,否,ESCI,0.8,,数学,4 [408/815],否, MATHEMATICS 数学,4 [261/487],,,,,,,,,,,三级
STUDIA SCIENTIARUM MATHEMATICARUM HUNGARICA,2025,0081-6906/1588-2896,否,否,否,SCIE,0.6,,数学,4 [409/815],否, MATHEMATICS 数学,4 [262/487],,,,,,,,,,,三级
PROCEEDINGS OF THE JAPAN ACADEMY SERIES A-MATHEMATICAL SCIENCES,2025,0386-2194,否,否,否,SCIE,0.3,,数学,4 [410/815],否, MATHEMATICS 数学,4 [263/487],,,,,,,,,,,三级
Mathematical Sciences,2025,2008-1359/2251-7456,否,否,否,SCIE,2.3,,数学,4 [411/815],否, MATHEMATICS 数学,4 [264/487]," MATHEMATICS, APPLIED 应用数学",4 [172/330],,,,,,,,,三级
COMPUTATIONAL STATISTICS,2025,0943-4062/1613-9658,否,否,否,SCIE,1.4,,数学,4 [412/815],否, STATISTICS & PROBABILITY 统计学与概率论,4 [84/166],,,,,,,,,,,三级
Discussiones Mathematicae Graph Theory,2025,1234-3099/2083-5892,否,否,是,SCIE,0.8,,数学,4 [413/815],否, MATHEMATICS 数学,4 [265/487],,,,,,,,,,,三级
RICERCHE DI MATEMATICA,2025,0035-5038/1827-3491,否,否,否,SCIE,1.1,,数学,4 [414/815],否, MATHEMATICS 数学,4 [266/487]," MATHEMATICS, APPLIED 应用数学",4 [173/330],,,,,,,,,三级
Communications in Applied Mathematics and Computational Science,2025,1559-3940/2157-5452,否,否,否,SCIE,2.1,,数学,4 [415/815],否," MATHEMATICS, APPLIED 应用数学",4 [174/330]," PHYSICS, MATHEMATICAL 物理：数学物理",4 [33/60],,,,,,,,,三级
SORT-Statistics and Operations Research Transactions,2025,1696-2281/2013-8830,否,否,否,SCIE,1.2,,数学,4 [416/815],否, OPERATIONS RESEARCH & MANAGEMENT SCIENCE 运筹学与管理科学,4 [56/106], STATISTICS & PROBABILITY 统计学与概率论,4 [85/166],,,,,,,,,三级
JOURNAL OF THEORETICAL PROBABILITY,2025,0894-9840/1572-9230,否,否,否,SCIE,0.6,,数学,4 [417/815],否, STATISTICS & PROBABILITY 统计学与概率论,4 [86/166],,,,,,,,,,,三级
ROCKY MOUNTAIN JOURNAL OF MATHEMATICS,2025,0035-7596/1945-3795,否,否,否,SCIE,0.7,,数学,4 [418/815],否, MATHEMATICS 数学,4 [267/487],,,,,,,,,,,三级
TRANSFORMATION GROUPS,2025,1083-4362/1531-586X,否,否,否,SCIE,,,数学,4 [419/815],否, MATHEMATICS 数学,4 [268/487],,,,,,,,,,,三级
ACTA MATHEMATICA SINICA-ENGLISH SERIES,2025,1439-8516/1439-7617,否,否,否,SCIE,0.9,,数学,4 [420/815],否, MATHEMATICS 数学,4 [269/487]," MATHEMATICS, APPLIED 应用数学",4 [175/330],,,,,,,,,三级
Communications in Mathematical Sciences,2025,1539-6746/1539-6746,否,否,否,SCIE,1.3,,数学,4 [421/815],否," MATHEMATICS, APPLIED 应用数学",4 [176/330],,,,,,,,,,,三级
Beitrage zur Algebra und Geometrie-Contributions to Algebra and Geometry,2025,0138-4821/2191-0383,否,否,否,ESCI,0.4,,数学,4 [422/815],否, MATHEMATICS 数学,4 [270/487],,,,,,,,,,,三级
Miskolc Mathematical Notes,2025,1787-2405/1787-2413,否,否,是,SCIE,0.7,,数学,4 [423/815],否, MATHEMATICS 数学,4 [271/487],,,,,,,,,,,三级
Afrika Matematika,2025,1012-9405/2190-7668,否,否,否,ESCI,0.7,,数学,4 [424/815],否, MATHEMATICS 数学,4 [272/487],,,,,,,,,,,三级
Quaestiones Mathematicae,2025,1607-3606/1727-933X,否,否,否,SCIE,0.8,,数学,4 [425/815],否, MATHEMATICS 数学,4 [273/487],,,,,,,,,,,三级
International Electronic Journal of Algebra,2025,1306-6048/1306-6048,否,否,是,ESCI,0.3,,数学,4 [426/815],否, MATHEMATICS 数学,4 [274/487],,,,,,,,,,,三级
Journal de Theorie des Nombres de Bordeaux,2025,1246-7405/2118-8572,否,否,否,SCIE,0.3,,数学,4 [427/815],否, MATHEMATICS 数学,4 [275/487],,,,,,,,,,,三级
Operators and Matrices,2025,1846-3886/1846-3886,否,否,否,SCIE,0.6,,数学,4 [428/815],否, MATHEMATICS 数学,4 [276/487],,,,,,,,,,,三级
INTERNATIONAL JOURNAL OF BIFURCATION AND CHAOS,2025,0218-1274/1793-6551,否,否,否,SCIE,2.3,,数学,4 [429/815],否," MATHEMATICS, INTERDISCIPLINARY APPLICATIONS 数学跨学科应用",4 [69/136], MULTIDISCIPLINARY SCIENCES 综合性期刊,4 [42/131],,,,,,,,,三级
Optimization Letters,2025,1862-4472/1862-4480,否,否,否,SCIE,1.1,,数学,4 [430/815],否," MATHEMATICS, APPLIED 应用数学",4 [178/330], OPERATIONS RESEARCH & MANAGEMENT SCIENCE 运筹学与管理科学,4 [59/106],,,,,,,,,三级
Filomat,2025,0354-5180/0354-5180,否,否,否,SCIE,0.9,,数学,4 [431/815],否, MATHEMATICS 数学,4 [277/487]," MATHEMATICS, APPLIED 应用数学",4 [179/330],,,,,,,,,三级
Journal of Geometry,2025,0047-2468/1420-8997,否,否,否,ESCI,0.5,,数学,4 [432/815],否, MATHEMATICS 数学,4 [278/487],,,,,,,,,,,三级
Journal of Logical and Algebraic Methods in Programming,2025,2352-2208/2352-2216,否,否,否,SCIE,1.2,,数学,4 [433/815],否," COMPUTER SCIENCE, THEORY & METHODS 计算机：理论方法",4 [80/143], LOGIC 逻辑学,4 [17/25],,,,,,,,,三级
STATISTICAL MODELLING,2025,1471-082X/1477-0342,否,否,否,SCIE,1,,数学,4 [434/815],否, STATISTICS & PROBABILITY 统计学与概率论,4 [88/166],,,,,,,,,,,三级
Lithuanian Mathematical Journal,2025,0363-1672/1573-8825,否,否,否,SCIE,0.7,,数学,4 [435/815],否, MATHEMATICS 数学,4 [279/487],,,,,,,,,,,三级
JOURNAL OF SYMBOLIC COMPUTATION,2025,0747-7171/1095-855X,否,否,否,SCIE,1.1,,数学,4 [436/815],否," COMPUTER SCIENCE, THEORY & METHODS 计算机：理论方法",4 [82/143]," MATHEMATICS, APPLIED 应用数学",4 [180/330],,,,,,,,,三级
ILLINOIS JOURNAL OF MATHEMATICS,2025,0019-2082/1945-6581,否,否,否,ESCI,0.7,,数学,4 [437/815],否, MATHEMATICS 数学,4 [280/487]," MATHEMATICS, APPLIED 应用数学",4 [181/330],,,,,,,,,三级
COMMUNICATIONS IN ANALYSIS AND GEOMETRY,2025,1019-8385/1944-9992,否,否,否,SCIE,,,数学,4 [438/815],否, MATHEMATICS 数学,4 [281/487],,,,,,,,,,,三级
METHODOLOGY AND COMPUTING IN APPLIED PROBABILITY,2025,1387-5841/1573-7713,否,否,否,SCIE,1,,数学,4 [439/815],否, STATISTICS & PROBABILITY 统计学与概率论,4 [89/166],,,,,,,,,,,三级
JOURNAL OF DIFFERENCE EQUATIONS AND APPLICATIONS,2025,1023-6198/1563-5120,否,否,否,SCIE,1,,数学,4 [440/815],否," MATHEMATICS, APPLIED 应用数学",4 [182/330],,,,,,,,,,,三级
ALGEBRA COLLOQUIUM,2025,1005-3867/0219-1733,否,否,否,SCIE,0.4,,数学,4 [441/815],否, MATHEMATICS 数学,4 [282/487]," MATHEMATICS, APPLIED 应用数学",4 [183/330],,,,,,,,,三级
JOURNAL OF APPLIED PROBABILITY,2025,0021-9002/1475-6072,否,否,否,SCIE,0.7,,数学,4 [442/815],否, STATISTICS & PROBABILITY 统计学与概率论,4 [90/166],,,,,,,,,,,三级
Mathematical and Computational Applications,2025,1300-686X/2297-8747,否,否,是,ESCI,2.1,,数学,4 [443/815],否," MATHEMATICS, INTERDISCIPLINARY APPLICATIONS 数学跨学科应用",4 [70/136],,,,,,,,,,,三级
Theory and Applications of Categories,2025,1201-561X,否,否,否,SCIE,0.7,,数学,4 [444/815],否, MATHEMATICS 数学,4 [283/487]," MATHEMATICS, APPLIED 应用数学",4 [185/330],,,,,,,,,三级
Electronic Journal of Qualitative Theory of Differential Equations,2025,1417-3875/1417-3875,否,否,是,SCIE,0.8,,数学,4 [445/815],否, MATHEMATICS 数学,4 [284/487]," MATHEMATICS, APPLIED 应用数学",4 [186/330],,,,,,,,,三级
Journal of Complex Networks,2025,2051-1310/2051-1329,否,否,否,SCIE,1.5,,数学,4 [446/815],否," MATHEMATICS, INTERDISCIPLINARY APPLICATIONS 数学跨学科应用",4 [71/136],,,,,,,,,,,三级
Annals of Applied Statistics,2025,1932-6157/1941-7330,否,否,否,SCIE,1.4,,数学,4 [447/815],否, STATISTICS & PROBABILITY 统计学与概率论,4 [93/166],,,,,,,,,,,三级
CANADIAN MATHEMATICAL BULLETIN-BULLETIN CANADIEN DE MATHEMATIQUES,2025,0008-4395/1496-4287,否,否,否,SCIE,0.4,,数学,4 [448/815],否, MATHEMATICS 数学,4 [285/487],,,,,,,,,,,三级
GEOMETRIAE DEDICATA,2025,0046-5755/1572-9168,否,否,否,SCIE,0.5,,数学,4 [449/815],否, MATHEMATICS 数学,4 [286/487],,,,,,,,,,,三级
Hiroshima Mathematical Journal,2025,0018-2079/0018-2079,否,否,否,SCIE,0.5,,数学,4 [450/815],否, MATHEMATICS 数学,4 [287/487],,,,,,,,,,,三级
JOURNAL OF LIE THEORY,2025,0949-5932/0949-5932,否,否,否,SCIE,0.3,,数学,4 [451/815],否, MATHEMATICS 数学,4 [288/487],,,,,,,,,,,三级
SCANDINAVIAN JOURNAL OF STATISTICS,2025,0303-6898/1467-9469,否,否,否,SCIE,1,,数学,4 [452/815],否, STATISTICS & PROBABILITY 统计学与概率论,4 [94/166],,,,,,,,,,,三级
Mathematical Communications,2025,1331-0623/1331-0623,否,否,是,SCIE,0.5,,数学,4 [453/815],否, MATHEMATICS 数学,4 [290/487]," MATHEMATICS, APPLIED 应用数学",4 [188/330],,,,,,,,,三级
MATHEMATICAL LOGIC QUARTERLY,2025,0942-5616/1521-3870,否,否,否,SCIE,0.4,,数学,4 [454/815],否, LOGIC 逻辑学,4 [18/25], MATHEMATICS 数学,4 [291/487],,,,,,,,,三级
JOURNAL OF THE ROYAL STATISTICAL SOCIETY SERIES C-APPLIED STATISTICS,2025,0035-9254/1467-9876,否,否,否,SCIE,1.3,,数学,4 [455/815],否, STATISTICS & PROBABILITY 统计学与概率论,4 [95/166],,,,,,,,,,,三级
Advances in Fuzzy Systems,2025,1687-7101/1687-711X,否,否,是,ESCI,1.1,,数学,4 [456/815],否," COMPUTER SCIENCE, ARTIFICIAL INTELLIGENCE 计算机：人工智能",4 [123/196]," MATHEMATICS, APPLIED 应用数学",4 [189/330],,,,,,,,,三级
Hokkaido Mathematical Journal,2025,0385-4035,否,否,否,SCIE,0.5,,数学,4 [457/815],否, MATHEMATICS 数学,4 [292/487],,,,,,,,,,,三级
PUBLICATIONES MATHEMATICAE DEBRECEN,2025,0033-3883/2064-2849,否,否,否,SCIE,0.5,,数学,4 [458/815],否, MATHEMATICS 数学,4 [293/487],,,,,,,,,,,三级
Open Mathematics,2025,2391-5455/2391-5455,否,否,是,SCIE,0.9,,数学,4 [459/815],否, MATHEMATICS 数学,4 [294/487],,,,,,,,,,,三级
ARCHIV DER MATHEMATIK,2025,0003-889X/1420-8938,否,否,否,SCIE,0.5,,数学,4 [460/815],否, MATHEMATICS 数学,4 [295/487],,,,,,,,,,,三级
New York Journal of Mathematics,2025,1076-9803,否,否,是,SCIE,0.4,,数学,4 [461/815],否, MATHEMATICS 数学,4 [296/487],,,,,,,,,,,三级
MATHEMATICAL BIOSCIENCES,2025,0025-5564/1879-3134,否,否,否,SCIE,1.8,,数学,4 [462/815],否, BIOLOGY 生物学,4 [54/109], MATHEMATICAL & COMPUTATIONAL BIOLOGY 数学与计算生物学,4 [37/66],,,,,,,,,三级
OPTIMIZATION METHODS & SOFTWARE,2025,1055-6788/1029-4937,否,否,否,SCIE,1.4,,数学,4 [463/815],否," COMPUTER SCIENCE, SOFTWARE ENGINEERING 计算机：软件工程",4 [85/131]," MATHEMATICS, APPLIED 应用数学",4 [190/330], OPERATIONS RESEARCH & MANAGEMENT SCIENCE 运筹学与管理科学,4 [62/106],,,,,,,三级
Journal of Mathematical Inequalities,2025,1846-579X/1846-579X,否,否,否,SCIE,1,,数学,4 [464/815],否, MATHEMATICS 数学,4 [297/487]," MATHEMATICS, APPLIED 应用数学",4 [191/330],,,,,,,,,三级
BULLETIN OF THE BELGIAN MATHEMATICAL SOCIETY-SIMON STEVIN,2025,1370-1444/2034-1970,否,否,否,SCIE,0.6,,数学,4 [465/815],否, MATHEMATICS 数学,4 [298/487],,,,,,,,,,,三级
Stochastics-An International Journal of Probability and Stochastic Processes,2025,1744-2508/1744-2516,否,否,否,SCIE,0.9,,数学,4 [466/815],否," MATHEMATICS, APPLIED 应用数学",4 [192/330], STATISTICS & PROBABILITY 统计学与概率论,4 [96/166],,,,,,,,,三级
Discrete Mathematics Algorithms and Applications,2025,1793-8309/1793-8317,否,否,否,ESCI,0.4,,数学,4 [467/815],否," MATHEMATICS, APPLIED 应用数学",4 [193/330],,,,,,,,,,,三级
International Journal of Group Theory,2025,2251-7650/2251-7669,否,否,是,ESCI,1.3,,数学,4 [468/815],否, MATHEMATICS 数学,4 [299/487],,,,,,,,,,,三级
Journal of Business Analytics,2025,2573-234X/2573-2358,否,否,否,ESCI,1.6,,数学,4 [469/815],否," COMPUTER SCIENCE, INFORMATION SYSTEMS 计算机：信息系统",4 [152/249], OPERATIONS RESEARCH & MANAGEMENT SCIENCE 运筹学与管理科学,4 [63/106],,,,,,,,,三级
ZEITSCHRIFT FUR ANALYSIS UND IHRE ANWENDUNGEN,2025,0232-2064/1661-4534,否,否,否,SCIE,0.7,,数学,4 [470/815],否, MATHEMATICS 数学,4 [300/487]," MATHEMATICS, APPLIED 应用数学",4 [194/330],,,,,,,,,三级
Transactions on Combinatorics,2025,2251-8657/2251-8665,否,否,是,ESCI,0.6,,数学,4 [471/815],否, MATHEMATICS 数学,4 [301/487],,,,,,,,,,,三级
OSAKA JOURNAL OF MATHEMATICS,2025,0030-6126,否,否,否,SCIE,0.4,,数学,4 [472/815],否, MATHEMATICS 数学,4 [302/487],,,,,,,,,,,三级
Statistical Methods and Applications,2025,1618-2510/1613-981X,否,否,否,SCIE,0.8,,数学,4 [473/815],否, STATISTICS & PROBABILITY 统计学与概率论,4 [97/166],,,,,,,,,,,三级
Analele Stiintifice ale Universitatii Ovidius Constanta-Seria Matematica,2025,1224-1784/1844-0835,否,否,是,SCIE,0.7,,数学,4 [474/815],否, MATHEMATICS 数学,4 [303/487]," MATHEMATICS, APPLIED 应用数学",4 [196/330],,,,,,,,,三级
Armenian Journal of Mathematics,2025,1829-1163/1829-1163,否,否,是,ESCI,0.7,,数学,4 [475/815],否, MATHEMATICS 数学,4 [304/487],,,,,,,,,,,三级
Fixed Point Theory,2025,1583-5022/2066-9208,否,否,否,SCIE,1.1,,数学,4 [476/815],否, MATHEMATICS 数学,4 [305/487]," MATHEMATICS, APPLIED 应用数学",4 [197/330],,,,,,,,,三级
JOURNAL OF NONPARAMETRIC STATISTICS,2025,1048-5252/1029-0311,否,否,否,SCIE,0.9,,数学,4 [477/815],否, STATISTICS & PROBABILITY 统计学与概率论,4 [98/166],,,,,,,,,,,三级
Computability-The Journal of the Association CiE,2025,2211-3568/2211-3576,否,否,否,ESCI,0.7,,数学,4 [478/815],否," MATHEMATICS, APPLIED 应用数学",4 [198/330],,,,,,,,,,,三级
Complex Variables and Elliptic Equations,2025,1747-6933/1747-6941,否,否,否,SCIE,0.6,,数学,4 [479/815],否, MATHEMATICS 数学,4 [306/487],,,,,,,,,,,三级
JOURNAL OF THEORETICAL BIOLOGY,2025,0022-5193/1095-8541,否,否,否,SCIE,2,,数学,4 [480/815],否, BIOLOGY 生物学,4 [57/109], MATHEMATICAL & COMPUTATIONAL BIOLOGY 数学与计算生物学,4 [39/66],,,,,,,,,三级
Topological Methods in Nonlinear Analysis,2025,1230-3429/1230-3429,否,否,否,SCIE,0.7,,数学,4 [481/815],否, MATHEMATICS 数学,4 [307/487],,,,,,,,,,,三级
Numerical Mathematics-Theory Methods and Applications,2025,1004-8979/2079-7338,否,否,否,SCIE,1.8,,数学,4 [482/815],否, MATHEMATICS 数学,4 [308/487]," MATHEMATICS, APPLIED 应用数学",4 [199/330],,,,,,,,,三级
Logica Universalis,2025,1661-8297/1661-8300,否,否,否,SCIE,0.5,,数学,4 [483/815],否, LOGIC 逻辑学,4 [19/25],,,,,,,,,,,三级
Computation,2025,2079-3197/2079-3197,否,否,是,ESCI,1.9,,数学,4 [484/815],否," MATHEMATICS, INTERDISCIPLINARY APPLICATIONS 数学跨学科应用",4 [76/136],,,,,,,,,,,三级
JOURNAL OF THE KOREAN MATHEMATICAL SOCIETY,2025,0304-9914/2234-3008,否,否,否,SCIE,0.5,,数学,4 [485/815],否, MATHEMATICS 数学,4 [309/487]," MATHEMATICS, APPLIED 应用数学",4 [201/330],,,,,,,,,三级
COMMUNICATIONS ON PURE AND APPLIED ANALYSIS,2025,1534-0392/1553-5258,否,否,否,SCIE,0.9,,数学,4 [486/815],否, MATHEMATICS 数学,4 [310/487]," MATHEMATICS, APPLIED 应用数学",4 [202/330],,,,,,,,,三级
INTERNATIONAL JOURNAL OF COMPUTER MATHEMATICS,2025,0020-7160/1029-0265,否,否,否,SCIE,1.3,,数学,4 [487/815],否," MATHEMATICS, APPLIED 应用数学",4 [203/330],,,,,,,,,,,三级
Stochastics and Dynamics,2025,0219-4937/1793-6799,否,否,否,SCIE,0.8,,数学,4 [488/815],否, STATISTICS & PROBABILITY 统计学与概率论,4 [99/166],,,,,,,,,,,三级
NUMERICAL METHODS FOR PARTIAL DIFFERENTIAL EQUATIONS,2025,0749-159X/1098-2426,否,否,否,SCIE,1.7,,数学,4 [489/815],否," MATHEMATICS, APPLIED 应用数学",4 [204/330],,,,,,,,,,,三级
TOHOKU MATHEMATICAL JOURNAL,2025,0040-8735/0040-8735,否,否,否,SCIE,0.4,,数学,4 [490/815],否, MATHEMATICS 数学,4 [311/487],,,,,,,,,,,三级
Algebra And Discrete Mathematics,2025,1726-3255/2415-721X,否,否,否,ESCI,0.4,,数学,4 [491/815],否," MATHEMATICS, APPLIED 应用数学",4 [205/330],,,,,,,,,,,三级
Logical Methods in Computer Science,2025,1860-5974/1860-5974,否,否,是,SCIE,1,,数学,4 [492/815],否," COMPUTER SCIENCE, THEORY & METHODS 计算机：理论方法",4 [91/143], LOGIC 逻辑学,4 [20/25],,,,,,,,,三级
Asian Journal of Mathematics,2025,1093-6106/1945-0036,否,否,否,SCIE,0.5,,数学,4 [493/815],否, MATHEMATICS 数学,4 [313/487]," MATHEMATICS, APPLIED 应用数学",4 [207/330],,,,,,,,,三级
Electronic Journal of Linear Algebra,2025,1537-9582/1081-3810,否,否,否,SCIE,0.8,,数学,4 [494/815],否, MATHEMATICS 数学,4 [314/487],,,,,,,,,,,三级
RENDICONTI DEL SEMINARIO MATEMATICO DELLA UNIVERSITA DI PADOVA,2025,0041-8994/2240-2926,否,否,是,SCIE,0.5,,数学,4 [495/815],否, MATHEMATICS 数学,4 [315/487]," MATHEMATICS, APPLIED 应用数学",4 [208/330],,,,,,,,,三级
Communications on Applied Mathematics and Computation,2025,2096-6385/2661-8893,否,否,否,ESCI,1.4,,数学,4 [496/815],否," MATHEMATICS, APPLIED 应用数学",4 [209/330],,,,,,,,,,,三级
Kodai Mathematical Journal,2025,0386-5991/0386-5991,否,否,否,SCIE,0.5,,数学,4 [497/815],否, MATHEMATICS 数学,4 [316/487],,,,,,,,,,,三级
AUSTRALIAN & NEW ZEALAND JOURNAL OF STATISTICS,2025,1369-1473/1467-842X,否,否,否,SCIE,0.8,,数学,4 [498/815],否, STATISTICS & PROBABILITY 统计学与概率论,4 [100/166],,,,,,,,,,,三级
DIFFERENTIAL GEOMETRY AND ITS APPLICATIONS,2025,0926-2245/1872-6984,否,否,否,SCIE,0.7,,数学,4 [499/815],否, MATHEMATICS 数学,4 [317/487]," MATHEMATICS, APPLIED 应用数学",4 [210/330],,,,,,,,,三级
Revista de la Union Matematica Argentina,2025,0041-6932/1669-9637,否,否,是,SCIE,0.5,,数学,4 [500/815],否, MATHEMATICS 数学,4 [318/487]," MATHEMATICS, APPLIED 应用数学",4 [211/330],,,,,,,,,三级
Eurasian Mathematical Journal,2025,2077-9879/2077-9879,否,否,否,ESCI,1.1,,数学,4 [501/815],否, MATHEMATICS 数学,4 [319/487],,,,,,,,,,,三级
STATISTICS & PROBABILITY LETTERS,2025,0167-7152/1879-2103,否,否,否,SCIE,0.7,,数学,4 [502/815],否, STATISTICS & PROBABILITY 统计学与概率论,4 [101/166],,,,,,,,,,,三级
Reports on Mathematical Logic,2025,0137-2904/0137-2904,否,否,否,SCIE,<0.1,,数学,4 [503/815],否, LOGIC 逻辑学,4 [21/25], MATHEMATICS 数学,4 [320/487],,,,,,,,,三级
Azerbaijan Journal of Mathematics,2025,2218-6816/2218-6816,否,否,否,ESCI,0.6,,数学,4 [504/815],否, MATHEMATICS 数学,4 [322/487],,,,,,,,,,,三级
Statistical Analysis and Data Mining,2025,1932-1864/1932-1872,否,否,否,SCIE,3.6,,数学,4 [505/815],否," COMPUTER SCIENCE, ARTIFICIAL INTELLIGENCE 计算机：人工智能",4 [134/196]," COMPUTER SCIENCE, INTERDISCIPLINARY APPLICATIONS 计算机：跨学科应用",4 [116/172], STATISTICS & PROBABILITY 统计学与概率论,4 [102/166],,,,,,,三级
Acta Universitatis Sapientiae-Mathematica,2025,1844-6094/2066-7752,否,否,是,ESCI,0.6,,数学,4 [506/815],否, MATHEMATICS 数学,4 [324/487],,,,,,,,,,,三级
Hacettepe Journal of Mathematics and Statistics,2025,2651-477X/2651-477X,否,否,否,SCIE,0.9,,数学,4 [507/815],否, MATHEMATICS 数学,4 [325/487], STATISTICS & PROBABILITY 统计学与概率论,4 [104/166],,,,,,,,,三级
JOURNAL OF MATHEMATICAL IMAGING AND VISION,2025,0924-9907/1573-7683,否,否,否,SCIE,1.5,,数学,4 [508/815],否," COMPUTER SCIENCE, ARTIFICIAL INTELLIGENCE 计算机：人工智能",4 [136/196]," COMPUTER SCIENCE, SOFTWARE ENGINEERING 计算机：软件工程",4 [89/131]," MATHEMATICS, APPLIED 应用数学",4 [212/330],,,,,,,三级
ACTA APPLICANDAE MATHEMATICAE,2025,0167-8019/1572-9036,否,否,否,SCIE,1,,数学,4 [509/815],否," MATHEMATICS, APPLIED 应用数学",4 [213/330],,,,,,,,,,,三级
Mathematics in Computer Science,2025,1661-8270/1661-8289,否,否,否,ESCI,1,,数学,4 [510/815],否," MATHEMATICS, APPLIED 应用数学",4 [214/330],,,,,,,,,,,三级
Sahand Communications in Mathematical Analysis,2025,2423-3900/2423-3900,否,否,是,ESCI,0.6,,数学,4 [511/815],否, MATHEMATICS 数学,4 [326/487],,,,,,,,,,,三级
MATHEMATICAL NOTES,2025,0001-4346/1573-8876,否,否,否,SCIE,0.6,,数学,4 [512/815],否, MATHEMATICS 数学,4 [327/487],,,,,,,,,,,三级
Pure and Applied Mathematics Quarterly,2025,1558-8599/1558-8602,否,否,否,SCIE,0.8,,数学,4 [513/815],否, MATHEMATICS 数学,4 [328/487]," MATHEMATICS, APPLIED 应用数学",4 [215/330],,,,,,,,,三级
Acta Mathematicae Applicatae Sinica-English Series,2025,0168-9673/1618-3932,否,否,否,SCIE,0.9,,数学,4 [514/815],否," MATHEMATICS, APPLIED 应用数学",4 [216/330],,,,,,,,,,,三级
ABHANDLUNGEN AUS DEM MATHEMATISCHEN SEMINAR DER UNIVERSITAT HAMBURG,2025,0025-5858/1865-8784,否,否,否,SCIE,0.3,,数学,4 [515/815],否, MATHEMATICS 数学,4 [329/487],,,,,,,,,,,三级
TAIWANESE JOURNAL OF MATHEMATICS,2025,1027-5487/2224-6851,否,否,否,SCIE,0.6,,数学,4 [516/815],否, MATHEMATICS 数学,4 [330/487],,,,,,,,,,,三级
INTEGRAL TRANSFORMS AND SPECIAL FUNCTIONS,2025,1065-2469/1476-8291,否,否,否,SCIE,1,,数学,4 [517/815],否, MATHEMATICS 数学,4 [331/487]," MATHEMATICS, APPLIED 应用数学",4 [217/330],,,,,,,,,三级
P-Adic Numbers Ultrametric Analysis and Applications,2025,2070-0466/2070-0474,否,否,否,ESCI,0.4,,数学,4 [518/815],否," MATHEMATICS, INTERDISCIPLINARY APPLICATIONS 数学跨学科应用",4 [80/136],,,,,,,,,,,三级
CZECHOSLOVAK MATHEMATICAL JOURNAL,2025,0011-4642/1572-9141,否,否,否,SCIE,0.5,,数学,4 [519/815],否, MATHEMATICS 数学,4 [332/487],,,,,,,,,,,三级
Kyungpook Mathematical Journal,2025,1225-6951/0454-8124,否,否,否,ESCI,0.2,,数学,4 [520/815],否, MATHEMATICS 数学,4 [333/487],,,,,,,,,,,三级
Journal of Nonlinear Functional Analysis,2025,2052-532X/2052-532X,否,否,否,ESCI,1,,数学,4 [521/815],否, MATHEMATICS 数学,4 [334/487]," MATHEMATICS, APPLIED 应用数学",4 [218/330],,,,,,,,,三级
Frontiers of Mathematics,2025,2731-8648/2731-8656,否,否,否,SCIE,0.4,,数学,4 [522/815],否, MATHEMATICS 数学,4 [335/487],,,,,,,,,,,三级
Stats,2025,2571-905X/2571-905X,否,否,是,ESCI,1,,数学,4 [523/815],否," MATHEMATICS, INTERDISCIPLINARY APPLICATIONS 数学跨学科应用",4 [82/136], STATISTICS & PROBABILITY 统计学与概率论,4 [105/166],,,,,,,,,三级
Arabian Journal of Mathematics,2025,2193-5343/2193-5351,否,否,是,ESCI,0.9,,数学,4 [524/815],否, MATHEMATICS 数学,4 [336/487],,,,,,,,,,,三级
Journal of Integral Equations and Applications,2025,0897-3962/1938-2626,否,否,否,SCIE,0.6,,数学,4 [525/815],否, MATHEMATICS 数学,4 [337/487]," MATHEMATICS, APPLIED 应用数学",4 [219/330],,,,,,,,,三级
JOURNAL OF TIME SERIES ANALYSIS,2025,0143-9782/1467-9892,否,否,否,SCIE,1,,数学,4 [526/815],否," MATHEMATICS, INTERDISCIPLINARY APPLICATIONS 数学跨学科应用",4 [83/136], STATISTICS & PROBABILITY 统计学与概率论,4 [106/166],,,,,,,,,三级
ELECTRONIC TRANSACTIONS ON NUMERICAL ANALYSIS,2025,1068-9613/1068-9613,否,否,否,SCIE,1.1,,数学,4 [527/815],否," MATHEMATICS, APPLIED 应用数学",4 [220/330],,,,,,,,,,,三级
Contributions to Discrete Mathematics,2025,1715-0868/1715-0868,否,否,否,SCIE,0.6,,数学,4 [528/815],否, MATHEMATICS 数学,4 [338/487],,,,,,,,,,,三级
Japanese Journal of Statistics and Data Science,2025,2520-8756/2520-8764,否,否,否,ESCI,1,,数学,4 [529/815],否, STATISTICS & PROBABILITY 统计学与概率论,4 [107/166],,,,,,,,,,,三级
Journal of Statistical Planning and Inference,2025,0378-3758/1873-1171,否,否,否,SCIE,0.8,,数学,4 [530/815],否, STATISTICS & PROBABILITY 统计学与概率论,4 [108/166],,,,,,,,,,,三级
JOURNAL OF CONVEX ANALYSIS,2025,0944-6532/0944-6532,否,否,否,SCIE,0.7,,数学,4 [531/815],否, MATHEMATICS 数学,4 [339/487],,,,,,,,,,,三级
Archivum Mathematicum,2025,1212-5059/1212-5059,否,否,是,ESCI,0.4,,数学,4 [532/815],否, MATHEMATICS 数学,4 [340/487],,,,,,,,,,,三级
Applied Mathematics-A Journal of Chinese Universities Series B,2025,1005-1031/1993-0445,否,否,否,SCIE,1.3,,数学,4 [533/815],否," MATHEMATICS, APPLIED 应用数学",4 [221/330],,,,,,,,,,,三级
STOCHASTIC ANALYSIS AND APPLICATIONS,2025,0736-2994/1532-9356,否,否,否,SCIE,0.7,,数学,4 [534/815],否," MATHEMATICS, APPLIED 应用数学",4 [223/330], STATISTICS & PROBABILITY 统计学与概率论,4 [109/166],,,,,,,,,三级
Journal of the Indian Society for Probability and Statistics,2025,2364-9569/2364-9569,否,否,否,ESCI,0.6,,数学,4 [535/815],否, STATISTICS & PROBABILITY 统计学与概率论,4 [110/166],,,,,,,,,,,三级
Vietnam Journal of Mathematics,2025,2305-221X/2305-2228,否,否,否,ESCI,0.7,,数学,4 [536/815],否, MATHEMATICS 数学,4 [341/487],,,,,,,,,,,三级
CANADIAN JOURNAL OF STATISTICS-REVUE CANADIENNE DE STATISTIQUE,2025,0319-5724/1708-945X,否,否,否,SCIE,1,,数学,4 [537/815],否, STATISTICS & PROBABILITY 统计学与概率论,4 [111/166],,,,,,,,,,,三级
Kragujevac Journal of Mathematics,2025,1450-9628/1450-9628,否,否,是,ESCI,0.6,,数学,4 [538/815],否, MATHEMATICS 数学,4 [342/487],,,,,,,,,,,三级
JOURNAL OF KNOT THEORY AND ITS RAMIFICATIONS,2025,0218-2165/1793-6527,否,否,否,SCIE,0.4,,数学,4 [539/815],否, MATHEMATICS 数学,4 [343/487],,,,,,,,,,,三级
Analysis-International Mathematical Journal of Analysis and its Applications,2025,0174-4747/2196-6753,否,否,否,ESCI,0.6,,数学,4 [540/815],否, MATHEMATICS 数学,4 [344/487]," MATHEMATICS, APPLIED 应用数学",4 [224/330],,,,,,,,,三级
Electronic Research Archive,2025,2688-1594/2688-1594,否,否,是,SCIE,1.1,,数学,4 [541/815],否, MATHEMATICS 数学,4 [345/487],,,,,,,,,,,三级
Communications of the Korean Mathematical Society,2025,1225-1763/2234-3024,否,否,否,ESCI,0.5,,数学,4 [542/815],否, MATHEMATICS 数学,4 [346/487],,,,,,,,,,,三级
International Journal of Biostatistics,2025,2194-573X/1557-4679,否,否,否,SCIE,1.2,,数学,4 [543/815],否, MATHEMATICAL & COMPUTATIONAL BIOLOGY 数学与计算生物学,4 [43/66], STATISTICS & PROBABILITY 统计学与概率论,4 [113/166],,,,,,,,,三级
Journal of Analysis,2025,0971-3611/2367-2501,否,否,否,ESCI,1.1,,数学,4 [544/815],否, MATHEMATICS 数学,4 [347/487],,,,,,,,,,,三级
COLLOQUIUM MATHEMATICUM,2025,0010-1354/1730-6302,否,否,否,SCIE,0.4,,数学,4 [545/815],否, MATHEMATICS 数学,4 [348/487],,,,,,,,,,,三级
APPLIED STOCHASTIC MODELS IN BUSINESS AND INDUSTRY,2025,1524-1904/1526-4025,否,否,否,SCIE,1.5,,数学,4 [546/815],否," MATHEMATICS, INTERDISCIPLINARY APPLICATIONS 数学跨学科应用",4 [86/136], OPERATIONS RESEARCH & MANAGEMENT SCIENCE 运筹学与管理科学,4 [74/106], STATISTICS & PROBABILITY 统计学与概率论,4 [114/166],,,,,,,三级
Computational Methods and Function Theory,2025,1617-9447/2195-3724,否,否,否,SCIE,0.7,,数学,4 [547/815],否, MATHEMATICS 数学,4 [349/487]," MATHEMATICS, APPLIED 应用数学",4 [225/330],,,,,,,,,三级
Computational Methods in Applied Mathematics,2025,1609-4840/1609-9389,否,否,否,SCIE,1.2,,数学,4 [548/815],否," MATHEMATICS, APPLIED 应用数学",4 [226/330],,,,,,,,,,,三级
JOURNAL OF DISCRETE MATHEMATICAL SCIENCES & CRYPTOGRAPHY,2025,0972-0529/2169-0065,否,否,否,ESCI,1.1,,数学,4 [549/815],否," MATHEMATICS, APPLIED 应用数学",4 [227/330],,,,,,,,,,,三级
Journal of Statistical Theory and Applications,2025,2214-1766/2214-1766,否,否,是,ESCI,1.8,,数学,4 [550/815],否, STATISTICS & PROBABILITY 统计学与概率论,4 [115/166],,,,,,,,,,,三级
Journal of Computational Dynamics,2025,2158-2491/2158-2505,否,否,否,ESCI,0.8,,数学,4 [551/815],否, MATHEMATICS 数学,4 [350/487]," MATHEMATICS, APPLIED 应用数学",4 [228/330],,,,,,,,,三级
International Journal of Numerical Analysis and Modeling,2025,1705-5105/1705-5105,否,否,否,SCIE,0.7,,数学,4 [552/815],否, MATHEMATICS 数学,4 [351/487]," MATHEMATICS, APPLIED 应用数学",4 [229/330],,,,,,,,,三级
Sequential Analysis-Design Methods and Applications,2025,0747-4946/1532-4176,否,否,否,SCIE,0.6,,数学,4 [553/815],否, STATISTICS & PROBABILITY 统计学与概率论,4 [116/166],,,,,,,,,,,三级
Dolomites Research Notes on Approximation,2025,2035-6803/2035-6803,否,否,是,ESCI,1.2,,数学,4 [554/815],否, MATHEMATICS 数学,4 [352/487],,,,,,,,,,,三级
Enseignement Mathematique,2025,0013-8584/2309-4672,否,否,是,ESCI,0.6,,数学,4 [555/815],否, MATHEMATICS 数学,4 [353/487],,,,,,,,,,,三级
Journal of Mathematical Study,2025,2096-9856/2617-8702,否,否,否,ESCI,0.4,,数学,4 [556/815],否, MATHEMATICS 数学,4 [354/487],,,,,,,,,,,三级
Journal of Inverse and Ill-Posed Problems,2025,0928-0219/1569-3945,否,否,否,SCIE,1,,数学,4 [557/815],否, MATHEMATICS 数学,4 [355/487]," MATHEMATICS, APPLIED 应用数学",4 [230/330],,,,,,,,,三级
DISCRETE AND CONTINUOUS DYNAMICAL SYSTEMS-SERIES B,2025,1531-3492/1553-524X,否,否,否,SCIE,1.3,,数学,4 [558/815],否," MATHEMATICS, APPLIED 应用数学",4 [231/330],,,,,,,,,,,三级
Matematiche,2025,0373-3505/2037-5298,否,否,是,ESCI,0.4,,数学,4 [559/815],否, MATHEMATICS 数学,4 [356/487],,,,,,,,,,,三级
Publications de l Institut Mathematique-Beograd,2025,0350-1302/0350-1302,否,否,否,ESCI,0.5,,数学,4 [560/815],否, MATHEMATICS 数学,4 [357/487]," MATHEMATICS, APPLIED 应用数学",4 [234/330],,,,,,,,,三级
JOURNAL OF APPLIED STATISTICS,2025,0266-4763/1360-0532,否,否,否,SCIE,1.1,,数学,4 [561/815],否, STATISTICS & PROBABILITY 统计学与概率论,4 [117/166],,,,,,,,,,,三级
FIBONACCI QUARTERLY,2025,0015-0517/0015-0517,否,否,否,ESCI,0.4,,数学,4 [562/815],否, MATHEMATICS 数学,4 [358/487],,,,,,,,,,,三级
INDIAN JOURNAL OF PURE & APPLIED MATHEMATICS,2025,0019-5588/0975-7465,否,否,否,SCIE,0.5,,数学,4 [563/815],否, MATHEMATICS 数学,4 [359/487],,,,,,,,,,,三级
Journal of Dynamics and Games,2025,2164-6066/2164-6074,否,否,否,ESCI,0.3,,数学,4 [564/815],否," MATHEMATICS, INTERDISCIPLINARY APPLICATIONS 数学跨学科应用",4 [87/136],,,,,,,,,,,三级
PROCEEDINGS OF THE INDIAN ACADEMY OF SCIENCES-MATHEMATICAL SCIENCES,2025,0253-4142/0973-7685,否,否,否,SCIE,0.4,,数学,4 [565/815],否, MATHEMATICS 数学,4 [360/487],,,,,,,,,,,三级
Ufa Mathematical Journal,2025,2304-0122/2304-0122,否,否,否,ESCI,0.4,,数学,4 [566/815],否, MATHEMATICS 数学,4 [361/487],,,,,,,,,,,三级
Networks and Heterogeneous Media,2025,1556-1801/1556-181X,否,否,否,SCIE,1.3,,数学,4 [567/815],否," MATHEMATICS, INTERDISCIPLINARY APPLICATIONS 数学跨学科应用",4 [88/136],,,,,,,,,,,三级
Rivista di Matematica della Universita di Parma,2025,0035-6298,否,否,否,ESCI,0.2,,数学,4 [568/815],否, MATHEMATICS 数学,4 [362/487],,,,,,,,,,,三级
QUARTERLY OF APPLIED MATHEMATICS,2025,0033-569X/1552-4485,否,否,否,SCIE,0.9,,数学,4 [569/815],否," MATHEMATICS, APPLIED 应用数学",4 [235/330],,,,,,,,,,,三级
Journal of Combinatorics,2025,2156-3527/2150-959X,否,否,否,ESCI,0.4,,数学,4 [570/815],否," MATHEMATICS, APPLIED 应用数学",4 [236/330],,,,,,,,,,,三级
Evolution Equations and Control Theory,2025,2163-2480/2163-2480,否,否,否,SCIE,1.2,,数学,4 [571/815],否, MATHEMATICS 数学,4 [363/487]," MATHEMATICS, APPLIED 应用数学",4 [237/330],,,,,,,,,三级
DISCRETE MATHEMATICS AND THEORETICAL COMPUTER SCIENCE,2025,1462-7264/1365-8050,否,否,是,SCIE,0.5,,数学,4 [572/815],否," COMPUTER SCIENCE, SOFTWARE ENGINEERING 计算机：软件工程",4 [93/131], MATHEMATICS 数学,4 [364/487]," MATHEMATICS, APPLIED 应用数学",4 [238/330],,,,,,,三级
ASTERISQUE,2025,0303-1179/2492-5926,否,否,否,SCIE,0.5,,数学,4 [573/815],否, MATHEMATICS 数学,4 [365/487],,,,,,,,,,,三级
Frontiers in Applied Mathematics and Statistics,2025,2297-4687/2297-4687,否,否,是,ESCI,1.5,,数学,4 [574/815],否," MATHEMATICS, INTERDISCIPLINARY APPLICATIONS 数学跨学科应用",4 [89/136],,,,,,,,,,,三级
ELECTRONIC COMMUNICATIONS IN PROBABILITY,2025,1083-589X/1083-589X,否,否,是,SCIE,0.6,,数学,4 [575/815],否, STATISTICS & PROBABILITY 统计学与概率论,4 [119/166],,,,,,,,,,,三级
Rendiconti Lincei-Matematica e Applicazioni,2025,1120-6330/1720-0768,否,否,是,SCIE,0.8,,数学,4 [576/815],否, MATHEMATICS 数学,4 [366/487]," MATHEMATICS, APPLIED 应用数学",4 [239/330],,,,,,,,,三级
APPLICABLE ANALYSIS,2025,0003-6811/1563-504X,否,否,否,SCIE,1.2,,数学,4 [577/815],否," MATHEMATICS, APPLIED 应用数学",4 [240/330],,,,,,,,,,,三级
Honam Mathematical Journal,2025,1225-293X/2288-6176,否,否,否,ESCI,0.3,,数学,4 [578/815],否, MATHEMATICS 数学,4 [367/487],,,,,,,,,,,三级
THEORY OF PROBABILITY AND ITS APPLICATIONS,2025,0040-585X/1095-7219,否,否,否,SCIE,0.6,,数学,4 [579/815],否, STATISTICS & PROBABILITY 统计学与概率论,4 [120/166],,,,,,,,,,,三级
Mathematical Control and Related Fields,2025,2156-8472/2156-8499,否,否,否,SCIE,0.9,,数学,4 [580/815],否, MATHEMATICS 数学,4 [368/487]," MATHEMATICS, APPLIED 应用数学",4 [242/330],,,,,,,,,三级
Applied Mathematics in Science and Engineering,2025,2769-0911/2769-0911,否,否,是,SCIE,2.5,,数学,4 [581/815],否," ENGINEERING, MULTIDISCIPLINARY 工程：综合",4 [62/179]," MATHEMATICS, INTERDISCIPLINARY APPLICATIONS 数学跨学科应用",4 [91/136],,,,,,,,,三级
Tsukuba Journal of Mathematics,2025,0387-4982/2423-821X,否,否,否,ESCI,0.3,,数学,4 [582/815],否, MATHEMATICS 数学,4 [369/487],,,,,,,,,,,三级
CSIAM Transactions on Applied Mathematics,2025,2708-0560/2708-0579,否,否,否,ESCI,0.9,,数学,4 [583/815],否," MATHEMATICS, APPLIED 应用数学",4 [243/330],,,,,,,,,,,三级
Concrete Operators,2025,2299-3282/2299-3282,否,否,是,ESCI,0.4,,数学,4 [584/815],否, MATHEMATICS 数学,4 [370/487],,,,,,,,,,,三级
JOURNAL OF DYNAMICAL AND CONTROL SYSTEMS,2025,1079-2724/1573-8698,否,否,否,SCIE,0.8,,数学,4 [585/815],否, AUTOMATION & CONTROL SYSTEMS 自动化与控制系统,4 [52/83]," MATHEMATICS, APPLIED 应用数学",4 [244/330],,,,,,,,,三级
Journal of Mathematical Physics Analysis Geometry,2025,1812-9471/1817-5805,否,否,否,SCIE,0.4,,数学,4 [586/815],否, MATHEMATICS 数学,4 [371/487]," MATHEMATICS, APPLIED 应用数学",4 [245/330]," PHYSICS, MATHEMATICAL 物理：数学物理",4 [41/60],,,,,,,三级
Pakistan Journal of Statistics and Operation Research,2025,1816-2711/2220-5810,否,否,否,ESCI,0.8,,数学,4 [587/815],否, STATISTICS & PROBABILITY 统计学与概率论,4 [122/166],,,,,,,,,,,三级
MATHEMATICAL AND COMPUTER MODELLING OF DYNAMICAL SYSTEMS,2025,1387-3954/1744-5051,否,否,是,SCIE,1.8,,数学,4 [588/815],否," COMPUTER SCIENCE, INTERDISCIPLINARY APPLICATIONS 计算机：跨学科应用",4 [124/172]," MATHEMATICS, APPLIED 应用数学",4 [246/330],,,,,,,,,三级
Discrete and Continuous Dynamical Systems-Series S,2025,1937-1632/1937-1179,否,否,否,SCIE,1,,数学,4 [589/815],否," MATHEMATICS, APPLIED 应用数学",4 [247/330],,,,,,,,,,,三级
Tamkang Journal of Mathematics,2025,0049-2930/2073-9826,否,否,否,ESCI,1,,数学,4 [590/815],否, MATHEMATICS 数学,4 [372/487],,,,,,,,,,,三级
Boundary Value Problems,2025,1687-2770/1687-2770,否,否,是,SCIE,1.7,,数学,4 [591/815],否, MATHEMATICS 数学,4 [373/487]," MATHEMATICS, APPLIED 应用数学",4 [248/330],,,,,,,,,三级
AMERICAN MATHEMATICAL MONTHLY,2025,0002-9890/1930-0972,否,否,否,SCIE,0.4,,数学,4 [592/815],否, MATHEMATICS 数学,4 [374/487],,,,,,,,,,,三级
Portugaliae Mathematica,2025,0032-5155/1662-2758,否,否,是,SCIE,0.8,,数学,4 [593/815],否, MATHEMATICS 数学,4 [375/487]," MATHEMATICS, APPLIED 应用数学",4 [250/330],,,,,,,,,三级
Minimax Theory and its Applications,2025,2199-1413/2199-1421,否,否,否,ESCI,0.7,,数学,4 [594/815],否," MATHEMATICS, APPLIED 应用数学",4 [251/330],,,,,,,,,,,三级
Asian-European Journal of Mathematics,2025,1793-5571/1793-7183,否,否,否,ESCI,0.5,,数学,4 [595/815],否, MATHEMATICS 数学,4 [376/487],,,,,,,,,,,三级
East Asian Journal on Applied Mathematics,2025,2079-7362/2079-7370,否,否,否,SCIE,1.1,,数学,4 [596/815],否," MATHEMATICS, APPLIED 应用数学",4 [252/330],,,,,,,,,,,三级
MATHEMATICAL METHODS OF OPERATIONS RESEARCH,2025,1432-2994/1432-5217,否,否,否,SCIE,1.2,,数学,4 [597/815],否," MATHEMATICS, APPLIED 应用数学",4 [253/330], OPERATIONS RESEARCH & MANAGEMENT SCIENCE 运筹学与管理科学,4 [78/106],,,,,,,,,三级
JOURNAL OF COMBINATORIAL OPTIMIZATION,2025,1382-6905/1573-2886,否,否,否,SCIE,1.1,,数学,4 [598/815],否," COMPUTER SCIENCE, INTERDISCIPLINARY APPLICATIONS 计算机：跨学科应用",4 [127/172]," MATHEMATICS, APPLIED 应用数学",4 [254/330],,,,,,,,,三级
INTERNATIONAL JOURNAL OF MATHEMATICS AND MATHEMATICAL SCIENCES,2025,0161-1712/1687-0425,否,否,是,ESCI,1.1,,数学,4 [599/815],否, MATHEMATICS 数学,4 [377/487]," MATHEMATICS, APPLIED 应用数学",4 [255/330],,,,,,,,,三级
Communications Faculty of Sciences University of Ankara-Series A1 Mathematics and Statistics,2025,1303-5991/1303-5991,否,否,否,ESCI,0.5,,数学,4 [600/815],否, MATHEMATICS 数学,4 [378/487],,,,,,,,,,,三级
DYNAMICAL SYSTEMS-AN INTERNATIONAL JOURNAL,2025,1468-9367/1468-9375,否,否,否,SCIE,0.6,,数学,4 [601/815],否," MATHEMATICS, APPLIED 应用数学",4 [256/330]," PHYSICS, MATHEMATICAL 物理：数学物理",4 [42/60],,,,,,,,,三级
Siberian Electronic Mathematical Reports-Sibirskie Elektronnye Matematicheskie Izvestiya,2025,1813-3304/1813-3304,否,否,否,ESCI,0.5,,数学,4 [602/815],否, MATHEMATICS 数学,4 [379/487],,,,,,,,,,,三级
Australasian Journal of Combinatorics,2025,2202-3518/2202-3518,否,否,是,ESCI,0.4,,数学,4 [603/815],否, MATHEMATICS 数学,4 [380/487],,,,,,,,,,,三级
Sao Paulo Journal of Mathematical Sciences,2025,1982-6907/2316-9028,否,否,否,ESCI,0.6,,数学,4 [604/815],否, MATHEMATICS 数学,4 [381/487],,,,,,,,,,,三级
Kinetic and Related Models,2025,1937-5093/1937-5077,否,否,否,SCIE,1.5,,数学,4 [605/815],否, MATHEMATICS 数学,4 [382/487]," MATHEMATICS, APPLIED 应用数学",4 [257/330],,,,,,,,,三级
FUNCTIONAL ANALYSIS AND ITS APPLICATIONS,2025,0016-2663/1573-8485,否,否,否,SCIE,0.7,,数学,4 [606/815],否, MATHEMATICS 数学,4 [383/487]," MATHEMATICS, APPLIED 应用数学",4 [258/330],,,,,,,,,三级
JOURNAL OF INTERDISCIPLINARY MATHEMATICS,2025,0972-0502/2169-012X,否,否,否,ESCI,0.8,,数学,4 [607/815],否, MATHEMATICS 数学,4 [384/487],,,,,,,,,,,三级
Bulletin Mathematique de la Societe des Sciences Mathematiques de Roumanie,2025,1220-3874/2065-0264,否,否,否,SCIE,0.6,,数学,4 [608/815],否, MATHEMATICS 数学,4 [385/487],,,,,,,,,,,三级
Journal of Applied Logics-IfCoLoG Journal of Logics and their Applications,2025,2631-9810/2631-9829,否,否,否,ESCI,0.2,,数学,4 [609/815],否, LOGIC 逻辑学,4 [22/25],,,,,,,,,,,三级
REGULAR & CHAOTIC DYNAMICS,2025,1560-3547/1468-4845,否,否,否,SCIE,0.8,,数学,4 [610/815],否," MATHEMATICS, APPLIED 应用数学",4 [260/330], MECHANICS 力学,4 [105/171]," PHYSICS, MATHEMATICAL 物理：数学物理",4 [43/60],,,,,,,三级
BOLLETTINO DELLA UNIONE MATEMATICA ITALIANA,2025,1972-6724/2198-2759,否,否,否,ESCI,0.7,,数学,4 [611/815],否, MATHEMATICS 数学,4 [386/487],,,,,,,,,,,三级
INFINITE DIMENSIONAL ANALYSIS QUANTUM PROBABILITY AND RELATED TOPICS,2025,0219-0257/1793-6306,否,否,否,SCIE,0.8,,数学,4 [612/815],否," MATHEMATICS, APPLIED 应用数学",4 [261/330]," PHYSICS, MATHEMATICAL 物理：数学物理",4 [44/60], QUANTUM SCIENCE & TECHNOLOGY 量子科技,4 [21/26], STATISTICS & PROBABILITY 统计学与概率论,4 [123/166],,,,,三级
Bulletin of Irkutsk State University-Series Mathematics,2025,1997-7670/2541-8785,否,否,是,ESCI,0.8,,数学,4 [613/815],否, MATHEMATICS 数学,4 [387/487],,,,,,,,,,,三级
Bulletin of the Karaganda University-Mathematics,2025,2518-7929,否,否,是,ESCI,0.9,,数学,4 [614/815],否, MATHEMATICS 数学,4 [388/487],,,,,,,,,,,三级
Journal of Integer Sequences,2025,1530-7638/1530-7638,否,否,否,ESCI,0.4,,数学,4 [615/815],否, MATHEMATICS 数学,4 [389/487],,,,,,,,,,,三级
International Electronic Journal of Geometry,2025,1307-5624/1307-5624,否,否,否,ESCI,0.8,,数学,4 [616/815],否, MATHEMATICS 数学,4 [390/487],,,,,,,,,,,三级
Journal of Probability and Statistics,2025,1687-952X/1687-9538,否,否,是,ESCI,1.3,,数学,4 [617/815],否, STATISTICS & PROBABILITY 统计学与概率论,4 [124/166],,,,,,,,,,,三级
Annales Mathematicae Silesianae,2025,0860-2107/2391-4238,否,否,是,ESCI,0.4,,数学,4 [618/815],否, MATHEMATICS 数学,4 [391/487]," MATHEMATICS, APPLIED 应用数学",4 [262/330],,,,,,,,,三级
Journal of the Ramanujan Mathematical Society,2025,0970-1249/2320-3110,否,否,否,SCIE,0.3,,数学,4 [619/815],否, MATHEMATICS 数学,4 [392/487],,,,,,,,,,,三级
Acta et Commentationes Universitatis Tartuensis de Mathematica,2025,1406-2283/2228-4699,否,否,否,ESCI,0.6,,数学,4 [620/815],否, MATHEMATICS 数学,4 [393/487],,,,,,,,,,,三级
MATHEMATICA SCANDINAVICA,2025,0025-5521/1903-1807,否,否,否,SCIE,0.7,,数学,4 [621/815],否, MATHEMATICS 数学,4 [394/487],,,,,,,,,,,三级
Tokyo Journal of Mathematics,2025,0387-3870,否,否,否,SCIE,0.3,,数学,4 [622/815],否, MATHEMATICS 数学,4 [395/487],,,,,,,,,,,三级
Metron-International Journal of Statistics,2025,0026-1424/2281-695X,否,否,否,ESCI,1.2,,数学,4 [623/815],否, STATISTICS & PROBABILITY 统计学与概率论,4 [125/166],,,,,,,,,,,三级
Conformal Geometry and Dynamics,2025,1088-4173/1088-4173,否,否,否,ESCI,0.2,,数学,4 [624/815],否, MATHEMATICS 数学,4 [396/487],,,,,,,,,,,三级
Statistica,2025,0390-590X/1973-2201,否,否,是,ESCI,,,数学,4 [625/815],否, STATISTICS & PROBABILITY 统计学与概率论,4 [126/166],,,,,,,,,,,三级
Journal of the Operations Research Society of China,2025,2194-668X/2194-6698,否,否,否,ESCI,1.1,,数学,4 [626/815],否, OPERATIONS RESEARCH & MANAGEMENT SCIENCE 运筹学与管理科学,4 [80/106],,,,,,,,,,,三级
Brazilian Journal of Probability and Statistics,2025,0103-0752/0103-0752,否,否,否,SCIE,0.5,,数学,4 [627/815],否, STATISTICS & PROBABILITY 统计学与概率论,4 [127/166],,,,,,,,,,,三级
Mathematical Modelling and Control,2025,2767-8946/2767-8946,否,否,是,ESCI,2.7,,数学,4 [628/815],否, MATHEMATICS 数学,4 [397/487]," MATHEMATICS, APPLIED 应用数学",4 [264/330],,,,,,,,,三级
Austrian Journal of Statistics,2025,1026-597X/1026-597X,否,否,是,ESCI,0.7,,数学,4 [629/815],否, STATISTICS & PROBABILITY 统计学与概率论,4 [128/166],,,,,,,,,,,三级
COMMUNICATIONS IN STATISTICS-SIMULATION AND COMPUTATION,2025,0361-0918/1532-4141,否,否,否,SCIE,0.8,,数学,4 [630/815],否, STATISTICS & PROBABILITY 统计学与概率论,4 [129/166],,,,,,,,,,,三级
GEM-International Journal on Geomathematics,2025,1869-2672/1869-2680,否,否,否,ESCI,1,,数学,4 [631/815],否," MATHEMATICS, INTERDISCIPLINARY APPLICATIONS 数学跨学科应用",4 [99/136],,,,,,,,,,,三级
Journal of Singularities,2025,1949-2006/1949-2006,否,否,否,ESCI,0.6,,数学,4 [632/815],否, MATHEMATICS 数学,4 [398/487],,,,,,,,,,,三级
Acta Mathematica Vietnamica,2025,0251-4184/2315-4144,否,否,否,ESCI,0.3,,数学,4 [633/815],否, MATHEMATICS 数学,4 [399/487],,,,,,,,,,,三级
CHINESE ANNALS OF MATHEMATICS SERIES B,2025,0252-9599/1860-6261,否,否,否,SCIE,0.5,,数学,4 [634/815],否, MATHEMATICS 数学,4 [400/487],,,,,,,,,,,三级
Journal of Applied Analysis and Computation,2025,2156-907X/2158-5644,否,否,否,SCIE,1.1,,数学,4 [635/815],否," MATHEMATICS, APPLIED 应用数学",4 [265/330],,,,,,,,,,,三级
DIFFERENTIAL EQUATIONS,2025,0012-2661/1608-3083,否,否,否,SCIE,0.8,,数学,4 [636/815],否, MATHEMATICS 数学,4 [401/487],,,,,,,,,,,三级
Problemy Analiza-Issues of Analysis,2025,2306-3424/2306-3432,否,否,是,ESCI,1.1,,数学,4 [637/815],否, MATHEMATICS 数学,4 [402/487],,,,,,,,,,,三级
Journal of Mathematics in Industry,2025,2190-5983/2190-5983,否,否,是,ESCI,1.7,,数学,4 [638/815],否," MATHEMATICS, INTERDISCIPLINARY APPLICATIONS 数学跨学科应用",4 [102/136],,,,,,,,,,,三级
Research in Mathematics,2025,2768-4830/2768-4830,否,否,否,ESCI,1.1,,数学,4 [639/815],否, MATHEMATICS 数学,4 [403/487], STATISTICS & PROBABILITY 统计学与概率论,4 [130/166],,,,,,,,,三级
Vestnik Udmurtskogo Universiteta-Matematika Mekhanika Kompyuternye Nauki,2025,1994-9197/2076-5959,否,否,否,ESCI,0.7,,数学,4 [640/815],否, MATHEMATICS 数学,4 [404/487],,,,,,,,,,,三级
Inverse Problems and Imaging,2025,1930-8337/1930-8345,否,否,否,SCIE,1.5,,数学,4 [641/815],否," MATHEMATICS, APPLIED 应用数学",4 [266/330]," PHYSICS, MATHEMATICAL 物理：数学物理",4 [46/60],,,,,,,,,三级
Nonlinear Engineering - Modeling and Application,2025,2192-8010/2192-8029,否,否,是,ESCI,1.5,,数学,4 [642/815],否," ENGINEERING, MECHANICAL 工程：机械",4 [98/181]," MATHEMATICS, INTERDISCIPLINARY APPLICATIONS 数学跨学科应用",4 [103/136],,,,,,,,,三级
Journal of Reliability and Statistical Studies,2025,0974-8024/2229-5666,否,否,否,ESCI,1.1,,数学,4 [643/815],否, STATISTICS & PROBABILITY 统计学与概率论,4 [132/166],,,,,,,,,,,三级
Missouri Journal of Mathematical Sciences,2025,0899-6180/1085-2581,否,否,否,ESCI,0.3,,数学,4 [644/815],否, MATHEMATICS 数学,4 [405/487],,,,,,,,,,,三级
St Petersburg Mathematical Journal,2025,1061-0022/1547-7371,否,否,否,SCIE,0.6,,数学,4 [645/815],否, MATHEMATICS 数学,4 [406/487],,,,,,,,,,,三级
Lobachevskii Journal of Mathematics,2025,1995-0802/1818-9962,否,否,否,ESCI,,,数学,4 [646/815],否, MATHEMATICS 数学,4 [407/487],,,,,,,,,,,三级
Advances in Pure and Applied Mathematics,2025,1867-1152/1869-6090,否,否,否,ESCI,0.5,,数学,4 [647/815],否, MATHEMATICS 数学,4 [408/487],,,,,,,,,,,三级
Journal of Mathematics,2025,2314-4629/2314-4785,否,否,是,SCIE,1.3,,数学,4 [648/815],否, MATHEMATICS 数学,4 [409/487],,,,,,,,,,,三级
Commentationes Mathematicae Universitatis Carolinae,2025,0010-2628/1213-7243,否,否,否,ESCI,0.1,,数学,4 [649/815],否, MATHEMATICS 数学,4 [410/487],,,,,,,,,,,三级
Russian Mathematics,2025,1066-369X/1934-810X,否,否,否,ESCI,0.6,,数学,4 [650/815],否, MATHEMATICS 数学,4 [411/487],,,,,,,,,,,三级
Thailand Statistician,2025,1685-9057/2351-0676,否,否,否,ESCI,0.5,,数学,4 [651/815],否, STATISTICS & PROBABILITY 统计学与概率论,4 [133/166],,,,,,,,,,,三级
JAPAN JOURNAL OF INDUSTRIAL AND APPLIED MATHEMATICS,2025,0916-7005/1868-937X,否,否,否,SCIE,1.1,,数学,4 [652/815],否," MATHEMATICS, APPLIED 应用数学",4 [267/330],,,,,,,,,,,三级
REVSTAT-Statistical Journal,2025,1645-6726/2183-0371,否,否,是,SCIE,1.2,,数学,4 [653/815],否, STATISTICS & PROBABILITY 统计学与概率论,4 [134/166],,,,,,,,,,,三级
Journal of Logic and Analysis,2025,1759-9008/1759-9008,否,否,是,ESCI,0.5,,数学,4 [654/815],否, LOGIC 逻辑学,4 [23/25],,,,,,,,,,,三级
Proceedings of the Institute of Mathematics and Mechanics,2025,2409-4986/2409-4994,否,否,否,ESCI,0.9,,数学,4 [655/815],否, MATHEMATICS 数学,4 [412/487],,,,,,,,,,,三级
Computational Methods for Differential Equations,2025,2345-3982/2383-2533,否,否,是,ESCI,1.3,,数学,4 [656/815],否," MATHEMATICS, APPLIED 应用数学",4 [268/330],,,,,,,,,,,三级
Probability and Mathematical Statistics-Poland,2025,0208-4147,否,否,否,SCIE,0.4,,数学,4 [657/815],否, STATISTICS & PROBABILITY 统计学与概率论,4 [135/166],,,,,,,,,,,三级
Ukrainian Mathematical Journal,2025,0041-5995/1573-9376,否,否,否,SCIE,0.6,,数学,4 [658/815],否, MATHEMATICS 数学,4 [413/487]," MATHEMATICS, APPLIED 应用数学",4 [269/330],,,,,,,,,三级
ANZIAM JOURNAL,2025,1446-1811/1446-8735,否,否,否,SCIE,0.9,,数学,4 [659/815],否," MATHEMATICS, APPLIED 应用数学",4 [270/330],,,,,,,,,,,三级
CUBO-A Mathematical Journal,2025,0716-7776/0719-0646,否,否,是,ESCI,0.5,,数学,4 [660/815],否, MATHEMATICS 数学,4 [414/487]," MATHEMATICS, APPLIED 应用数学",4 [271/330],,,,,,,,,三级
Journal of Contemporary Mathematical Analysis-Armenian Academy of Sciences,2025,1068-3623/1934-9416,否,否,否,SCIE,0.4,,数学,4 [661/815],否, MATHEMATICS 数学,4 [415/487],,,,,,,,,,,三级
Matematicki Vesnik,2025,0025-5165/2406-0682,否,否,是,ESCI,0.3,,数学,4 [662/815],否, MATHEMATICS 数学,4 [416/487],,,,,,,,,,,三级
Computational and Mathematical Methods,2025,2577-7408/2577-7408,否,否,是,ESCI,1.2,,数学,4 [663/815],否," MATHEMATICS, APPLIED 应用数学",4 [272/330],,,,,,,,,,,三级
IMA JOURNAL OF APPLIED MATHEMATICS,2025,0272-4960/1464-3634,否,否,否,SCIE,1.2,,数学,4 [664/815],否," MATHEMATICS, APPLIED 应用数学",4 [273/330],,,,,,,,,,,三级
JOURNAL OF BIOLOGICAL SYSTEMS,2025,0218-3390/1793-6470,否,否,否,SCIE,1.5,,数学,4 [665/815],否, BIOLOGY 生物学,4 [67/109], MATHEMATICAL & COMPUTATIONAL BIOLOGY 数学与计算生物学,4 [52/66],,,,,,,,,三级
Mathematics Enthusiast,2025,1551-3440/1551-3440,否,否,否,ESCI,0.2,,数学,4 [666/815],否, MATHEMATICS 数学,4 [417/487],,,,,,,,,,,三级
DOKLADY MATHEMATICS,2025,1064-5624/1531-8362,否,否,否,SCIE,0.6,,数学,4 [667/815],否, MATHEMATICS 数学,4 [418/487],,,,,,,,,,,三级
Rad Hrvatske Akademije Znanosti i Umjetnosti-Matematicke Znanosti,2025,1849-2215/1849-2215,否,否,否,ESCI,0.3,,数学,4 [668/815],否, MATHEMATICS 数学,4 [419/487],,,,,,,,,,,三级
STOCHASTIC MODELS,2025,1532-6349/1532-4214,否,否,否,SCIE,0.7,,数学,4 [669/815],否, STATISTICS & PROBABILITY 统计学与概率论,4 [136/166],,,,,,,,,,,三级
COMMUNICATIONS IN STATISTICS-THEORY AND METHODS,2025,0361-0926/1532-415X,否,否,否,SCIE,0.8,,数学,4 [670/815],否, STATISTICS & PROBABILITY 统计学与概率论,4 [137/166],,,,,,,,,,,三级
Electronic Journal of Graph Theory and Applications,2025,2338-2287/2338-2287,否,否,是,ESCI,0.5,,数学,4 [671/815],否, MATHEMATICS 数学,4 [420/487],,,,,,,,,,,三级
Advanced Studies-Euro-Tbilisi Mathematical Journal,2025,2667-9930/2667-9930,否,否,否,ESCI,0.3,,数学,4 [672/815],否, MATHEMATICS 数学,4 [421/487],,,,,,,,,,,三级
Journal of Computational Geometry,2025,1920-180X/1920-180X,否,否,是,ESCI,0.5,,数学,4 [673/815],否, MATHEMATICS 数学,4 [422/487],,,,,,,,,,,三级
Numerical Algebra Control and Optimization,2025,2155-3289/2155-3297,否,否,否,ESCI,1.1,,数学,4 [674/815],否," MATHEMATICS, APPLIED 应用数学",4 [276/330],,,,,,,,,,,三级
Iranian Journal of Mathematical Sciences and Informatics,2025,1735-4463/2008-9473,否,否,否,ESCI,0.4,,数学,4 [675/815],否, MATHEMATICS 数学,4 [423/487],,,,,,,,,,,三级
Discrete Optimization,2025,1572-5286/1873-636X,否,否,否,SCIE,1.6,,数学,4 [676/815],否," MATHEMATICS, APPLIED 应用数学",4 [277/330], OPERATIONS RESEARCH & MANAGEMENT SCIENCE 运筹学与管理科学,4 [90/106],,,,,,,,,三级
Note di Matematica,2025,1123-2536/1590-0932,否,否,是,ESCI,0.3,,数学,4 [677/815],否, MATHEMATICS 数学,4 [424/487],,,,,,,,,,,三级
Acta Mathematica Universitatis Comenianae,2025,0231-6986/0862-9544,否,否,否,ESCI,0.4,,数学,4 [678/815],否, MATHEMATICS 数学,4 [425/487],,,,,,,,,,,三级
Journal of Applied Analysis,2025,1425-6908/1869-6082,否,否,否,ESCI,0.6,,数学,4 [679/815],否," MATHEMATICS, APPLIED 应用数学",4 [279/330],,,,,,,,,,,三级
Sankhya-Series A-Mathematical Statistics and Probability,2025,0976-836X/0976-8378,否,否,否,ESCI,0.5,,数学,4 [680/815],否, STATISTICS & PROBABILITY 统计学与概率论,4 [140/166],,,,,,,,,,,三级
Journal of Statistical Theory and Practice,2025,1559-8608/1559-8616,否,否,否,ESCI,0.9,,数学,4 [681/815],否, STATISTICS & PROBABILITY 统计学与概率论,4 [141/166],,,,,,,,,,,三级
HOUSTON JOURNAL OF MATHEMATICS,2025,0362-1588,否,否,否,SCIE,0.3,,数学,4 [682/815],否, MATHEMATICS 数学,4 [426/487],,,,,,,,,,,三级
Memoirs on Differential Equations and Mathematical Physics,2025,1512-0015/1512-0015,否,否,否,ESCI,0.5,,数学,4 [683/815],否," MATHEMATICS, APPLIED 应用数学",4 [280/330],,,,,,,,,,,三级
LOGIC JOURNAL OF THE IGPL,2025,1367-0751/1368-9894,否,否,否,SCIE,0.8,,数学,4 [684/815],否, LOGIC 逻辑学,4 [24/25], MATHEMATICS 数学,4 [427/487]," MATHEMATICS, APPLIED 应用数学",4 [281/330],,,,,,,三级
Monte Carlo Methods and Applications,2025,1569-3961/0929-9629,否,否,否,ESCI,0.6,,数学,4 [685/815],否, STATISTICS & PROBABILITY 统计学与概率论,4 [142/166],,,,,,,,,,,三级
Differential Equations and Dynamical Systems,2025,0971-3514/0974-6870,否,否,否,ESCI,0.9,,数学,4 [686/815],否," MATHEMATICS, APPLIED 应用数学",4 [282/330],,,,,,,,,,,三级
Korean Journal of Mathematics,2025,1976-8605/2288-1433,否,否,否,ESCI,0.5,,数学,4 [687/815],否, MATHEMATICS 数学,4 [429/487],,,,,,,,,,,三级
International Journal of Differential Equations,2025,1687-9643/1687-9651,否,否,是,ESCI,1.5,,数学,4 [688/815],否," MATHEMATICS, APPLIED 应用数学",4 [284/330],,,,,,,,,,,三级
Facta Universitatis-Series Mathematics and Informatics,2025,0352-9665/2406-047X,否,否,否,ESCI,0.3,,数学,4 [689/815],否, MATHEMATICS 数学,4 [430/487],,,,,,,,,,,三级
Discrete Mathematics and Applications,2025,0924-9265/1569-3929,否,否,否,ESCI,0.3,,数学,4 [690/815],否," MATHEMATICS, APPLIED 应用数学",4 [285/330],,,,,,,,,,,三级
COMPUTATIONAL MATHEMATICS AND MATHEMATICAL PHYSICS,2025,0965-5425/1555-6662,否,否,否,SCIE,0.7,,数学,4 [691/815],否," MATHEMATICS, APPLIED 应用数学",4 [286/330]," PHYSICS, MATHEMATICAL 物理：数学物理",4 [50/60],,,,,,,,,三级
International Journal of Analysis and Applications,2025,2291-8639/2291-8639,否,否,是,ESCI,0.8,,数学,4 [692/815],否, MATHEMATICS 数学,4 [431/487],,,,,,,,,,,三级
Proceedings of the Steklov Institute of Mathematics,2025,0081-5438/1531-8605,否,否,否,SCIE,0.4,,数学,4 [693/815],否, MATHEMATICS 数学,4 [432/487]," MATHEMATICS, APPLIED 应用数学",4 [287/330],,,,,,,,,三级
Chilean Journal of Statistics,2025,0718-7912/0718-7920,否,否,否,ESCI,0.9,,数学,4 [694/815],否, STATISTICS & PROBABILITY 统计学与概率论,4 [144/166],,,,,,,,,,,三级
Journal of Mathematics and the Arts,2025,1751-3472/1751-3480,否,否,否,ESCI,0.2,,数学,4 [695/815],否," MATHEMATICS, INTERDISCIPLINARY APPLICATIONS 数学跨学科应用",4 [113/136],,,,,,,,,,,三级
Journal of Official Statistics,2025,0282-423X/2001-7367,否,否,是,SSCI;SCIE,1.1,,数学,4 [696/815],否," SOCIAL SCIENCES, MATHEMATICAL METHODS 社会科学：数理方法",4 [58/67], STATISTICS & PROBABILITY 统计学与概率论,4 [145/166],,,,,,,,,三级
Statistical Inference for Stochastic Processes,2025,1387-0874/1572-9311,否,否,否,ESCI,1,,数学,4 [697/815],否, STATISTICS & PROBABILITY 统计学与概率论,4 [146/166],,,,,,,,,,,三级
Journal of the Korean Society of Mathematical Education Series B-Pure and Applied Mathematics,2025,1226-0657/2287-6081,否,否,否,ESCI,,,数学,4 [698/815],否, MATHEMATICS 数学,4 [433/487],,,,,,,,,,,三级
MATHEMATICAL INTELLIGENCER,2025,0343-6993/1866-7414,否,否,否,SCIE,0.4,,数学,4 [699/815],否, MATHEMATICS 数学,4 [434/487],,,,,,,,,,,三级
Differential Equations & Applications,2025,1847-120X/1848-9605,否,否,否,ESCI,0.7,,数学,4 [700/815],否," MATHEMATICS, APPLIED 应用数学",4 [288/330],,,,,,,,,,,三级
Theory of Probability and Mathematical Statistics,2025,0094-9000/1547-7363,否,否,否,ESCI,0.6,,数学,4 [701/815],否, STATISTICS & PROBABILITY 统计学与概率论,4 [147/166],,,,,,,,,,,三级
Boletim Sociedade Paranaense de Matematica,2025,0037-8712/2175-1188,否,否,是,ESCI,0.4,,数学,4 [702/815],否, MATHEMATICS 数学,4 [435/487],,,,,,,,,,,三级
Methods and Applications of Analysis,2025,1073-2772/1945-0001,否,否,否,ESCI,0.5,,数学,4 [703/815],否," MATHEMATICS, APPLIED 应用数学",4 [291/330],,,,,,,,,,,三级
Malaysian Journal of Mathematical Sciences,2025,1823-8343/1823-8343,否,否,否,ESCI,1.3,,数学,4 [704/815],否, MATHEMATICS 数学,4 [436/487],,,,,,,,,,,三级
"Involve, a journal of mathematics",2025,1944-4176/1944-4184,否,否,否,ESCI,0.2,,数学,4 [705/815],否, MATHEMATICS 数学,4 [437/487],,,,,,,,,,,三级
JP Journal of Algebra Number Theory and Applications,2025,0972-5555/0972-5555,否,否,否,ESCI,0.1,,数学,4 [706/815],否, MATHEMATICS 数学,4 [438/487],,,,,,,,,,,三级
Journal of Inequalities and Special Functions,2025,2217-4303/2217-4303,否,否,否,ESCI,0.3,,数学,4 [707/815],否, MATHEMATICS 数学,4 [439/487],,,,,,,,,,,三级
Analysis in Theory and Applications,2025,1672-4070/1573-8175,否,否,否,ESCI,0.2,,数学,4 [708/815],否, MATHEMATICS 数学,4 [440/487]," MATHEMATICS, APPLIED 应用数学",4 [292/330],,,,,,,,,三级
Southeast Asian Bulletin of Mathematics,2025,0129-2021/0219-175X,否,否,否,ESCI,,,数学,4 [709/815],否, MATHEMATICS 数学,4 [441/487],,,,,,,,,,,三级
Journal of the Korean Statistical Society,2025,1226-3192/2005-2863,否,否,否,SCIE,0.8,,数学,4 [710/815],否, STATISTICS & PROBABILITY 统计学与概率论,4 [149/166],,,,,,,,,,,三级
Electronic Journal of Applied Statistical Analysis,2025,2070-5948/2070-5948,否,否,否,ESCI,0.8,,数学,4 [711/815],否, STATISTICS & PROBABILITY 统计学与概率论,4 [150/166],,,,,,,,,,,三级
Journal of Applied Mathematics & Informatics,2025,2734-1194/2234-8417,否,否,否,ESCI,0.3,,数学,4 [712/815],否," MATHEMATICS, APPLIED 应用数学",4 [293/330],,,,,,,,,,,三级
Stat,2025,2049-1573/2049-1573,否,否,否,SCIE,0.8,,数学,4 [713/815],否, STATISTICS & PROBABILITY 统计学与概率论,4 [151/166],,,,,,,,,,,三级
International Journal of Mathematics and Computer Science,2025,1814-0424/1814-0432,否,否,否,ESCI,0.8,,数学,4 [714/815],否, MATHEMATICS 数学,4 [442/487],,,,,,,,,,,三级
Contemporary Mathematics,2025,2705-1064/2705-1056,否,否,否,ESCI,2.5,,数学,4 [715/815],否, MATHEMATICS 数学,4 [443/487]," MATHEMATICS, APPLIED 应用数学",4 [294/330],,,,,,,,,三级
SOUTH AFRICAN STATISTICAL JOURNAL,2025,0038-271X/1996-8450,否,否,否,ESCI,<0.1,,数学,4 [716/815],否, STATISTICS & PROBABILITY 统计学与概率论,4 [152/166],,,,,,,,,,,三级
Sankhya-Series B-Applied and Interdisciplinary Statistics,2025,0976-8386/0976-8394,否,否,否,ESCI,0.7,,数学,4 [717/815],否, STATISTICS & PROBABILITY 统计学与概率论,4 [153/166],,,,,,,,,,,三级
Jordan Journal of Mathematics and Statistics,2025,2075-7905/2227-5487,否,否,否,ESCI,0.3,,数学,4 [718/815],否, MATHEMATICS 数学,4 [444/487],,,,,,,,,,,三级
Electronic Journal of Differential Equations,2025,1072-6691,否,否,是,SCIE,1,,数学,4 [719/815],否, MATHEMATICS 数学,4 [445/487]," MATHEMATICS, APPLIED 应用数学",4 [296/330],,,,,,,,,三级
Mathematica Bohemica,2025,0862-7959/2464-7136,否,否,是,ESCI,0.4,,数学,4 [720/815],否, MATHEMATICS 数学,4 [446/487],,,,,,,,,,,三级
Statistical Theory and Related Fields,2025,2475-4269/2475-4277,否,否,是,ESCI,1.3,,数学,4 [721/815],否, STATISTICS & PROBABILITY 统计学与概率论,4 [155/166],,,,,,,,,,,三级
Journal of the Indonesian Mathematical Society,2025,2086-8952/2086-8952,否,否,否,ESCI,0.4,,数学,4 [722/815],否, MATHEMATICS 数学,4 [447/487],,,,,,,,,,,三级
University Politehnica of Bucharest Scientific Bulletin-Series A-Applied Mathematics and Physics,2025,1223-7027,否,否,否,SCIE,0.6,,数学,4 [723/815],否," MATHEMATICS, APPLIED 应用数学",4 [297/330]," PHYSICS, MULTIDISCIPLINARY 物理：综合",4 [72/111],,,,,,,,,三级
Studia Universitatis Babes-Bolyai Mathematica,2025,0252-1938/2065-961X,否,否,否,ESCI,0.4,,数学,4 [724/815],否, MATHEMATICS 数学,4 [448/487],,,,,,,,,,,三级
Transactions of A Razmadze Mathematical Institute,2025,2346-8092/2346-8092,否,否,是,ESCI,0.4,,数学,4 [725/815],否, MATHEMATICS 数学,4 [449/487],,,,,,,,,,,三级
Markov Processes and Related Fields,2025,1024-2953/1024-2953,否,否,否,SCIE,0.3,,数学,4 [726/815],否, STATISTICS & PROBABILITY 统计学与概率论,4 [156/166],,,,,,,,,,,三级
Bulletin of Mathematical Analysis and Applications,2025,1821-1291/1821-1291,否,否,否,ESCI,0.5,,数学,4 [727/815],否, MATHEMATICS 数学,4 [450/487],,,,,,,,,,,三级
Journal of Hyperbolic Differential Equations,2025,0219-8916/1793-6993,否,否,否,SCIE,1.1,,数学,4 [728/815],否," MATHEMATICS, APPLIED 应用数学",4 [298/330]," PHYSICS, MATHEMATICAL 物理：数学物理",4 [54/60],,,,,,,,,三级
JOURNAL OF COMPUTATIONAL MATHEMATICS,2025,0254-9409/1991-7139,否,否,否,SCIE,1,,数学,4 [729/815],否, MATHEMATICS 数学,4 [451/487]," MATHEMATICS, APPLIED 应用数学",4 [299/330],,,,,,,,,三级
Punjab University Journal of Mathematics,2025,1016-2526/1016-2526,否,否,否,ESCI,,,数学,4 [730/815],否, MATHEMATICS 数学,4 [452/487],,,,,,,,,,,三级
Moscow University Mathematics Bulletin,2025,0027-1322/1934-8444,否,否,否,ESCI,0.2,,数学,4 [731/815],否, MATHEMATICS 数学,4 [453/487],,,,,,,,,,,三级
Applications of Mathematics,2025,0862-7940/1572-9109,否,否,否,SCIE,0.7,,数学,4 [732/815],否," MATHEMATICS, APPLIED 应用数学",4 [300/330],,,,,,,,,,,三级
Applied Mathematics E-Notes,2025,1607-2510/1607-2510,否,否,否,ESCI,0.4,,数学,4 [733/815],否, MATHEMATICS 数学,4 [454/487],,,,,,,,,,,三级
Journal of Nonlinear and Convex Analysis,2025,1345-4773/1880-5221,否,否,否,SCIE,0.5,,数学,4 [734/815],否, MATHEMATICS 数学,4 [455/487]," MATHEMATICS, APPLIED 应用数学",4 [301/330],,,,,,,,,三级
ACM Communications in Computer Algebra,2025,1932-2232/1932-2240,否,否,否,ESCI,0.5,,数学,4 [735/815],否," MATHEMATICS, APPLIED 应用数学",4 [302/330],,,,,,,,,,,三级
ADVANCES IN COMPLEX SYSTEMS,2025,0219-5259/1793-6802,否,否,否,SCIE,1,,数学,4 [736/815],否," MATHEMATICS, INTERDISCIPLINARY APPLICATIONS 数学跨学科应用",4 [117/136], MULTIDISCIPLINARY SCIENCES 综合性期刊,4 [69/131],,,,,,,,,三级
Elemente der Mathematik,2025,0013-6018/1420-8962,否,否,是,ESCI,0.1,,数学,4 [737/815],否, MATHEMATICS 数学,4 [456/487],,,,,,,,,,,三级
Journal for Geometry and Graphics,2025,1433-8157/1433-8157,否,否,否,ESCI,0.3,,数学,4 [738/815],否, MATHEMATICS 数学,4 [457/487],,,,,,,,,,,三级
Journal of Applied Mathematics,2025,1110-757X/1687-0042,否,否,是,ESCI,1.3,,数学,4 [739/815],否," MATHEMATICS, APPLIED 应用数学",4 [303/330]," MATHEMATICS, INTERDISCIPLINARY APPLICATIONS 数学跨学科应用",4 [118/136],,,,,,,,,三级
Vestnik Samarskogo Gosudarstvennogo Tekhnicheskogo Universiteta-Seriya-Fiziko-Matematicheskiye Nauki,2025,1991-8615/2310-7081,否,否,是,ESCI,0.4,,数学,4 [740/815],否," PHYSICS, MATHEMATICAL 物理：数学物理",4 [56/60]," PHYSICS, MULTIDISCIPLINARY 物理：综合",4 [74/111],,,,,,,,,三级
Trudy Instituta Matematiki i Mekhaniki UrO RAN,2025,0134-4889/0134-4889,否,否,否,ESCI,0.3,,数学,4 [741/815],否," MATHEMATICS, APPLIED 应用数学",4 [304/330],,,,,,,,,,,三级
Symmetry-Culture and Science,2025,0865-4824/2226-1877,否,否,否,ESCI,0.2,,数学,4 [742/815],否," MATHEMATICS, INTERDISCIPLINARY APPLICATIONS 数学跨学科应用",4 [119/136],,,,,,,,,,,三级
Complex Systems,2025,0891-2513/0891-2513,否,否,否,ESCI,0.5,,数学,4 [743/815],否," MATHEMATICS, INTERDISCIPLINARY APPLICATIONS 数学跨学科应用",4 [120/136],,,,,,,,,,,三级
Dependence Modeling,2025,2300-2298/2300-2298,否,否,是,ESCI,0.8,,数学,4 [744/815],否, STATISTICS & PROBABILITY 统计学与概率论,4 [157/166],,,,,,,,,,,三级
JOURNAL OF MULTIPLE-VALUED LOGIC AND SOFT COMPUTING,2025,1542-3980/1542-3999,否,否,否,SCIE,0.7,,数学,4 [745/815],否," COMPUTER SCIENCE, ARTIFICIAL INTELLIGENCE 计算机：人工智能",4 [163/196]," COMPUTER SCIENCE, THEORY & METHODS 计算机：理论方法",4 [121/143], LOGIC 逻辑学,4 [25/25],,,,,,,三级
Mathematical Reports,2025,1582-3067/1582-3067,否,否,否,SCIE,0.3,,数学,4 [746/815],否, MATHEMATICS 数学,4 [458/487],,,,,,,,,,,三级
Prikladnaya Diskretnaya Matematika,2025,2071-0410/2311-2263,否,否,否,ESCI,0.1,,数学,4 [747/815],否," MATHEMATICS, APPLIED 应用数学",4 [306/330],,,,,,,,,,,三级
New Mathematics and Natural Computation,2025,1793-0057/1793-7027,否,否,否,ESCI,1.1,,数学,4 [748/815],否," MATHEMATICS, INTERDISCIPLINARY APPLICATIONS 数学跨学科应用",4 [121/136],,,,,,,,,,,三级
MATHEMATICAL GAZETTE,2025,0025-5572/2056-6328,否,否,否,ESCI,0.2,,数学,4 [749/815],否, MATHEMATICS 数学,4 [459/487],,,,,,,,,,,三级
Groups Complexity Cryptology,2025,1867-1144/1869-6104,否,否,是,ESCI,0.3,,数学,4 [750/815],否, MATHEMATICS 数学,4 [460/487],,,,,,,,,,,三级
Statistics in Biosciences,2025,1867-1764/1867-1772,否,否,否,ESCI,0.4,,数学,4 [751/815],否, MATHEMATICAL & COMPUTATIONAL BIOLOGY 数学与计算生物学,4 [58/66],,,,,,,,,,,三级
Random Operators and Stochastic Equations,2025,0926-6364/1569-397X,否,否,否,ESCI,0.3,,数学,4 [752/815],否, STATISTICS & PROBABILITY 统计学与概率论,4 [158/166],,,,,,,,,,,三级
Journal of Mathematical Analysis,2025,2217-3412/2217-3412,否,否,否,ESCI,0.4,,数学,4 [753/815],否, MATHEMATICS 数学,4 [461/487]," MATHEMATICS, APPLIED 应用数学",4 [308/330],,,,,,,,,三级
Annals of the University of Craiova-Mathematics and Computer Science Series,2025,1223-6934/2246-9958,否,否,否,ESCI,0.7,,数学,4 [754/815],否, MATHEMATICS 数学,4 [462/487],,,,,,,,,,,三级
International Game Theory Review,2025,0219-1989/1793-6675,否,否,否,ESCI,0.5,,数学,4 [755/815],否," MATHEMATICS, INTERDISCIPLINARY APPLICATIONS 数学跨学科应用",4 [122/136],,,,,,,,,,,三级
JSIAM Letters,2025,1883-0609/1883-0617,否,否,否,ESCI,0.3,,数学,4 [756/815],否," MATHEMATICS, APPLIED 应用数学",4 [309/330],,,,,,,,,,,三级
CYBERNETICS AND SYSTEMS ANALYSIS,2025,1060-0396/1573-8337,否,否,否,ESCI,0.6,,数学,4 [757/815],否," MATHEMATICS, INTERDISCIPLINARY APPLICATIONS 数学跨学科应用",4 [123/136],,,,,,,,,,,三级
Statistics and Its Interface,2025,1938-7989/1938-7997,否,否,否,SCIE,0.7,,数学,4 [758/815],否, MATHEMATICAL & COMPUTATIONAL BIOLOGY 数学与计算生物学,4 [59/66]," MATHEMATICS, INTERDISCIPLINARY APPLICATIONS 数学跨学科应用",4 [124/136],,,,,,,,,三级
Numerical Analysis and Applications,2025,1995-4239/1995-4247,否,否,否,ESCI,0.5,,数学,4 [759/815],否," MATHEMATICS, APPLIED 应用数学",4 [311/330],,,,,,,,,,,三级
Annales Mathematicae et Informaticae,2025,1787-5021/1787-6117,否,否,否,ESCI,0.3,,数学,4 [760/815],否, MATHEMATICS 数学,4 [463/487],,,,,,,,,,,三级
Methods of Functional Analysis and Topology,2025,1029-3531/1029-3531,否,否,是,ESCI,0.1,,数学,4 [761/815],否, MATHEMATICS 数学,4 [464/487],,,,,,,,,,,三级
Advances and Applications in Discrete Mathematics,2025,0974-1658/0974-1658,否,否,否,ESCI,,,数学,4 [762/815],否, MATHEMATICS 数学,4 [465/487],,,,,,,,,,,三级
Real Analysis Exchange,2025,0147-1937/1930-1219,否,否,否,ESCI,0.4,,数学,4 [763/815],否, MATHEMATICS 数学,4 [466/487],,,,,,,,,,,三级
Thai Journal of Mathematics,2025,1686-0209/1686-0209,否,否,否,ESCI,0.4,,数学,4 [764/815],否, MATHEMATICS 数学,4 [467/487],,,,,,,,,,,三级
Pacific Journal of Optimization,2025,1348-9151/1348-9151,否,否,否,SCIE,0.7,,数学,4 [765/815],否," MATHEMATICS, APPLIED 应用数学",4 [312/330], OPERATIONS RESEARCH & MANAGEMENT SCIENCE 运筹学与管理科学,4 [102/106],,,,,,,,,三级
Journal of Applied Mathematics and Computational Mechanics,2025,2299-9965/2353-0588,否,否,是,ESCI,1.3,,数学,4 [766/815],否, MATHEMATICS 数学,4 [468/487],,,,,,,,,,,三级
MATHEMATICAL MEDICINE AND BIOLOGY-A JOURNAL OF THE IMA,2025,1477-8599/1477-8602,否,否,否,SCIE,1.5,,数学,4 [767/815],否, BIOLOGY 生物学,4 [81/109], MATHEMATICAL & COMPUTATIONAL BIOLOGY 数学与计算生物学,4 [61/66],,,,,,,,,三级
RMS-Research in Mathematics & Statistics,2025,2765-8449/2765-8449,否,否,否,ESCI,,,数学,4 [768/815],否, MATHEMATICS 数学,4 [469/487], STATISTICS & PROBABILITY 统计学与概率论,4 [159/166],,,,,,,,,三级
Communications for Statistical Applications and Methods,2025,2287-7843/2383-4757,否,否,否,ESCI,0.6,,数学,4 [769/815],否, STATISTICS & PROBABILITY 统计学与概率论,4 [160/166],,,,,,,,,,,三级
TWMS Journal of Applied and Engineering Mathematics,2025,2146-1147/2146-1147,否,否,是,ESCI,0.4,,数学,4 [770/815],否," MATHEMATICS, APPLIED 应用数学",4 [313/330],,,,,,,,,,,三级
Bruno Pini Mathematical Analysis Seminar,2025,2240-2829/2240-2829,否,否,是,ESCI,0.2,,数学,4 [771/815],否, MATHEMATICS 数学,4 [470/487],,,,,,,,,,,三级
REVUE ROUMAINE DE MATHEMATIQUES PURES ET APPLIQUEES,2025,0035-3965/2343-774X,否,否,否,ESCI,0.1,,数学,4 [772/815],否, MATHEMATICS 数学,4 [471/487],,,,,,,,,,,三级
DISCRETE DYNAMICS IN NATURE AND SOCIETY,2025,1026-0226/1607-887X,否,否,是,SCIE,1.2,,数学,4 [773/815],否," MATHEMATICS, INTERDISCIPLINARY APPLICATIONS 数学跨学科应用",4 [126/136], MULTIDISCIPLINARY SCIENCES 综合性期刊,4 [83/131],,,,,,,,,三级
Annals of Mathematical Sciences and Applications,2025,2380-288X/2380-2898,否,否,否,ESCI,0.5,,数学,4 [774/815],否," MATHEMATICS, INTERDISCIPLINARY APPLICATIONS 数学跨学科应用",4 [127/136],,,,,,,,,,,三级
Journal of Siberian Federal University-Mathematics & Physics,2025,1997-1397/2313-6022,否,否,否,ESCI,0.3,,数学,4 [775/815],否, MATHEMATICS 数学,4 [472/487],,,,,,,,,,,三级
Journal of Partial Differential Equations,2025,2079-732X/1000-940X,否,否,否,ESCI,0.3,,数学,4 [776/815],否," MATHEMATICS, APPLIED 应用数学",4 [315/330],,,,,,,,,,,三级
Bulletin of the Institute of Mathematics Academia Sinica New Series,2025,2304-7909/2304-7895,否,否,否,ESCI,0.2,,数学,4 [777/815],否, MATHEMATICS 数学,4 [473/487],,,,,,,,,,,三级
Vestnik St Petersburg University-Mathematics,2025,1063-4541/1934-7855,否,否,否,ESCI,,,数学,4 [778/815],否, MATHEMATICS 数学,4 [474/487],,,,,,,,,,,三级
Journal of Applied Mathematics Statistics and Informatics,2025,1336-9180/1339-0015,否,否,是,ESCI,0.5,,数学,4 [779/815],否," MATHEMATICS, APPLIED 应用数学",4 [316/330],,,,,,,,,,,三级
Jaen Journal on Approximation,2025,1889-3066/1989-7251,否,否,否,ESCI,,,数学,4 [780/815],否, MATHEMATICS 数学,4 [475/487],,,,,,,,,,,三级
Italian Journal of Pure and Applied Mathematics,2025,1126-8042/2239-0227,否,否,否,ESCI,0.2,,数学,4 [781/815],否, MATHEMATICS 数学,4 [476/487],,,,,,,,,,,三级
Journal of Mathematical Extension,2025,1735-8299/1735-8299,否,否,是,ESCI,0.4,,数学,4 [782/815],否, MATHEMATICS 数学,4 [477/487],,,,,,,,,,,三级
Journal of Dynamical Systems and Geometric Theories,2025,1726-037X/2169-0057,否,否,否,ESCI,0.2,,数学,4 [783/815],否, MATHEMATICS 数学,4 [478/487],,,,,,,,,,,三级
Eurasian Journal of Mathematical and Computer Applications,2025,2306-6172/2308-9822,否,否,否,ESCI,0.4,,数学,4 [784/815],否," MATHEMATICS, INTERDISCIPLINARY APPLICATIONS 数学跨学科应用",4 [128/136],,,,,,,,,,,三级
Izvestiya Instituta Matematiki i Informatiki-Udmurtskogo Gosudarstvennogo Universiteta,2025,2226-3594/2410-1737,否,否,否,ESCI,0.6,,数学,4 [785/815],否, MATHEMATICS 数学,4 [479/487],,,,,,,,,,,三级
Annales Universitatis Paedagogicae Cracoviensis-Studia Mathematica,2025,2081-545X/2300-133X,否,否,是,ESCI,0.2,,数学,4 [786/815],否, MATHEMATICS 数学,4 [480/487],,,,,,,,,,,三级
International Journal of Applied Mathematics & Statistics,2025,0973-1377/0973-7545,否,否,否,ESCI,0.3,,数学,4 [787/815],否," MATHEMATICS, APPLIED 应用数学",4 [318/330],,,,,,,,,,,三级
Izvestiya of Saratov University Mathematics Mechanics Informatics,2025,1816-9791/2541-9005,否,否,是,ESCI,0.4,,数学,4 [788/815],否, MATHEMATICS 数学,4 [481/487],,,,,,,,,,,三级
Applications and Applied Mathematics-An International Journal,2025,1932-9466/1932-9466,否,否,否,ESCI,0.4,,数学,4 [789/815],否," MATHEMATICS, APPLIED 应用数学",4 [319/330],,,,,,,,,,,三级
Statistical Applications in Genetics and Molecular Biology,2025,2194-6302/1544-6115,否,否,否,SCIE,0.4,,数学,4 [790/815],否, BIOCHEMISTRY & MOLECULAR BIOLOGY 生化与分子生物学,4 [293/310], MATHEMATICAL & COMPUTATIONAL BIOLOGY 数学与计算生物学,4 [64/66], STATISTICS & PROBABILITY 统计学与概率论,4 [161/166],,,,,,,三级
Communications in Mathematics and Applications,2025,0976-5905/0975-8607,否,否,否,ESCI,0.3,,数学,4 [791/815],否, MATHEMATICS 数学,4 [482/487],,,,,,,,,,,三级
Journal of Multiscale Modelling,2025,1756-9737/1756-9745,否,否,否,ESCI,0.9,,数学,4 [792/815],否," MATHEMATICS, INTERDISCIPLINARY APPLICATIONS 数学跨学科应用",4 [130/136],,,,,,,,,,,三级
RUSSIAN JOURNAL OF NUMERICAL ANALYSIS AND MATHEMATICAL MODELLING,2025,0927-6467/1569-3988,否,否,否,SCIE,0.6,,数学,4 [793/815],否," MATHEMATICS, APPLIED 应用数学",4 [320/330],,,,,,,,,,,三级
Statistics and Applications,2025,2454-7395/2454-7395,否,否,否,ESCI,0.4,,数学,4 [794/815],否, STATISTICS & PROBABILITY 统计学与概率论,4 [162/166],,,,,,,,,,,三级
Vestnik Sankt-Peterburgskogo Universiteta Seriya 10 Prikladnaya Matematika Informatika Protsessy Upravleniya,2025,1811-9905/2542-2251,否,否,否,ESCI,0.3,,数学,4 [795/815],否," MATHEMATICS, INTERDISCIPLINARY APPLICATIONS 数学跨学科应用",4 [131/136],,,,,,,,,,,三级
JIRSS-Journal of the Iranian Statistical Society,2025,1726-4057/2538-189X,否,否,否,ESCI,,,数学,4 [796/815],否, STATISTICS & PROBABILITY 统计学与概率论,4 [163/166],,,,,,,,,,,三级
IEICE Nonlinear Theory and Its Applications,2025,2185-4106/2185-4106,否,否,是,ESCI,0.6,,数学,4 [797/815],否," MATHEMATICS, INTERDISCIPLINARY APPLICATIONS 数学跨学科应用",4 [132/136],,,,,,,,,,,三级
Abakos,2025,2316-9451/2316-9451,否,否,是,ESCI,<0.1,,数学,4 [798/815],否," MATHEMATICS, INTERDISCIPLINARY APPLICATIONS 数学跨学科应用",4 [133/136],,,,,,,,,,,三级
Bulletin of the South Ural State University Series-Mathematical Modelling Programming & Computer Software,2025,2071-0216/2308-0256,否,否,否,ESCI,0.3,,数学,4 [799/815],否," MATHEMATICS, APPLIED 应用数学",4 [321/330],,,,,,,,,,,三级
Journal of Mathematics Mechanics and Computer Science,2025,1563-0277/2617-4871,否,否,是,ESCI,0.3,,数学,4 [800/815],否, MATHEMATICS 数学,4 [483/487], MECHANICS 力学,4 [160/171],,,,,,,,,三级
Korean Journal of Applied Statistics,2025,1225-066X/2383-5818,否,否,否,ESCI,0.2,,数学,4 [801/815],否, STATISTICS & PROBABILITY 统计学与概率论,4 [164/166],,,,,,,,,,,三级
Journal of the Korean Society for Industrial and Applied Mathematics,2025,1226-9433/1229-0645,否,否,否,ESCI,0.3,,数学,4 [802/815],否," MATHEMATICS, APPLIED 应用数学",4 [322/330],,,,,,,,,,,三级
Advances and Applications in Statistics,2025,0972-3617/0972-3617,否,否,否,ESCI,0.2,,数学,4 [803/815],否, STATISTICS & PROBABILITY 统计学与概率论,4 [165/166],,,,,,,,,,,三级
Advances in Data Science and Adaptive Analysis,2025,2424-922X/2424-9238,否,否,否,ESCI,0.9,,数学,4 [804/815],否," MATHEMATICS, INTERDISCIPLINARY APPLICATIONS 数学跨学科应用",4 [135/136],,,,,,,,,,,三级
International Journal of Dynamical Systems and Differential Equations,2025,1752-3583/1752-3591,否,否,否,ESCI,0.2,,数学,4 [805/815],否," MATHEMATICS, APPLIED 应用数学",4 [323/330],,,,,,,,,,,三级
Communications in Applied and Industrial Mathematics,2025,2038-0909/2038-0909,否,否,是,ESCI,0.6,,数学,4 [806/815],否, MATHEMATICS 数学,4 [484/487],,,,,,,,,,,三级
Matematika,2025,0127-8274/0127-8274,否,否,否,ESCI,0.6,,数学,4 [807/815],否, MATHEMATICS 数学,4 [485/487],,,,,,,,,,,三级
Bulletin of Computational Applied Mathematics,2025,2244-8659/2244-8659,否,否,是,ESCI,0.2,,数学,4 [808/815],否," MATHEMATICS, APPLIED 应用数学",4 [324/330],,,,,,,,,,,三级
Mathematics in Applied Sciences and Engineering,2025,2563-1926/2563-1926,否,否,是,ESCI,0.6,,数学,4 [809/815],否," MATHEMATICS, APPLIED 应用数学",4 [325/330],,,,,,,,,,,三级
International Journal of Combinatorial Optimization Problems and Informatics,2025,2007-1558/2007-1558,否,否,否,ESCI,0.3,,数学,4 [810/815],否," MATHEMATICS, APPLIED 应用数学",4 [326/330],,,,,,,,,,,三级
Advances in Differential Equations and Control Processes,2025,0974-3243/0974-3243,否,否,否,ESCI,0.3,,数学,4 [811/815],否," MATHEMATICS, APPLIED 应用数学",4 [327/330],,,,,,,,,,,三级
International Journal of Applied Nonlinear Science,2025,1752-2862/1752-2870,否,否,否,ESCI,0.4,,数学,4 [812/815],否," MATHEMATICS, APPLIED 应用数学",4 [328/330],,,,,,,,,,,三级
JP Journal of Biostatistics,2025,0973-5143/0973-5143,否,否,否,ESCI,0.1,,数学,4 [813/815],否, STATISTICS & PROBABILITY 统计学与概率论,4 [166/166],,,,,,,,,,,三级
Uchenye Zapiski Kazanskogo Universiteta-Seriya Fiziko-Matematicheskie Nauki,2025,2541-7746/2500-2198,否,否,是,ESCI,0.3,,数学,4 [814/815],否," MATHEMATICS, APPLIED 应用数学",4 [329/330],,,,,,,,,,,三级
Sigmae,2025,2317-0840/2317-0840,否,否,否,ESCI,0.1,,数学,4 [815/815],否, MATHEMATICS 数学,4 [487/487],,,,,,,,,,,三级
