Journal,年份,ISSN/EISSN,Review,OA Journal Index（OAJ）,Open Access,Web of Science,影响因子,标注,大类,大类分区,Top,权威期刊,小类1,小类1分区,小类2,小类2分区,小类3,小类3分区,小类4,小类4分区,小类5,小类5分区,小类6,小类6分区
EDUCATIONAL PSYCHOLOGIST,2025,0046-1520/1532-6985,否,否,否,SSCI,11.4,,教育学,1 [1/840],是,一级, EDUCATION & EDUCATIONAL RESEARCH 教育学和教育研究,1 [1/754]," PSYCHOLOGY, EDUCATIONAL 心理学：教育",1 [1/74],,,,,,,,
REVIEW OF EDUCATIONAL RESEARCH,2025,0034-6543/1935-1046,是,否,否,SSCI,7.4,,教育学,1 [2/840],是,一级, EDUCATION & EDUCATIONAL RESEARCH 教育学和教育研究,1 [2/754],,,,,,,,,,
Educational Research Review,2025,1747-938X/1878-0385,是,否,否,SSCI,10.6,,教育学,1 [3/840],是,一级, EDUCATION & EDUCATIONAL RESEARCH 教育学和教育研究,1 [3/754],,,,,,,,,,
EDUCATIONAL PSYCHOLOGY REVIEW,2025,1040-726X/1573-336X,是,否,否,SSCI,8.8,,教育学,1 [4/840],是,一级," PSYCHOLOGY, EDUCATIONAL 心理学：教育",1 [2/74],,,,,,,,,,
COMPUTERS & EDUCATION,2025,0360-1315/1873-782X,否,否,否,SSCI;SCIE,10.5,,教育学,1 [5/840],是,一级," COMPUTER SCIENCE, INTERDISCIPLINARY APPLICATIONS 计算机：跨学科应用",1 [2/172], EDUCATION & EDUCATIONAL RESEARCH 教育学和教育研究,1 [4/754],,,,,,,,
Studies in Science Education,2025,0305-7267/1940-8412,是,否,否,SSCI;SCIE,9.9,,教育学,1 [6/840],是,一级, EDUCATION & EDUCATIONAL RESEARCH 教育学和教育研究,1 [5/754]," EDUCATION, SCIENTIFIC DISCIPLINES 学科教育",1 [1/86],,,,,,,,
JOURNAL OF EDUCATIONAL PSYCHOLOGY,2025,0022-0663/1939-2176,否,否,否,SSCI,6.4,,教育学,1 [7/840],是,一级," PSYCHOLOGY, EDUCATIONAL 心理学：教育",1 [3/74],,,,,,,,,,
International Journal of Educational Technology in Higher Education,2025,2365-9440/2365-9440,否,是,是,SSCI,16.7,,教育学,1 [8/840],是,一级, EDUCATION & EDUCATIONAL RESEARCH 教育学和教育研究,1 [6/754],,,,,,,,,,
Internet and Higher Education,2025,1096-7516/1873-5525,否,否,否,SSCI,6.8,,教育学,1 [9/840],是,一级, EDUCATION & EDUCATIONAL RESEARCH 教育学和教育研究,1 [7/754],,,,,,,,,,
International Journal of STEM Education,2025,2196-7822/2196-7822,否,是,是,SSCI;SCIE,8,,教育学,1 [10/840],是,一级, EDUCATION & EDUCATIONAL RESEARCH 教育学和教育研究,1 [8/754]," EDUCATION, SCIENTIFIC DISCIPLINES 学科教育",1 [2/86],,,,,,,,
BRITISH JOURNAL OF EDUCATIONAL TECHNOLOGY,2025,0007-1013/1467-8535,否,否,否,SSCI,8.1,,教育学,1 [11/840],是,一级, EDUCATION & EDUCATIONAL RESEARCH 教育学和教育研究,1 [9/754],,,,,,,,,,
AMERICAN EDUCATIONAL RESEARCH JOURNAL,2025,0002-8312/1935-1011,否,否,否,SSCI,3.6,,教育学,1 [12/840],是,一级, EDUCATION & EDUCATIONAL RESEARCH 教育学和教育研究,1 [10/754],,,,,,,,,,
LEARNING AND INSTRUCTION,2025,0959-4752/1873-3263,否,否,否,SSCI,4.9,,教育学,1 [13/840],是,一级, EDUCATION & EDUCATIONAL RESEARCH 教育学和教育研究,1 [11/754]," PSYCHOLOGY, EDUCATIONAL 心理学：教育",1 [4/74],,,,,,,,
MEDICAL EDUCATION,2025,0308-0110/1365-2923,否,否,否,SCIE,5.2,,教育学,1 [14/840],是,一级," EDUCATION, SCIENTIFIC DISCIPLINES 学科教育",1 [3/86], HEALTH CARE SCIENCES & SERVICES 卫生保健与服务,1 [5/173],,,,,,,,
TEACHING AND TEACHER EDUCATION,2025,0742-051X/1879-2480,否,否,否,SSCI,3.9,,教育学,1 [15/840],是,一级, EDUCATION & EDUCATIONAL RESEARCH 教育学和教育研究,1 [13/754],,,,,,,,,,
SOCIOLOGY OF EDUCATION,2025,0038-0407/1939-8573,否,否,否,SSCI,2.8,,教育学,1 [16/840],是,一级, EDUCATION & EDUCATIONAL RESEARCH 教育学和教育研究,1 [14/754], SOCIOLOGY 社会学,1 [7/216],,,,,,,,
READING RESEARCH QUARTERLY,2025,0034-0553/1936-2722,否,否,否,SSCI,4.1,,教育学,1 [17/840],是,一级, EDUCATION & EDUCATIONAL RESEARCH 教育学和教育研究,1 [15/754]," PSYCHOLOGY, EDUCATIONAL 心理学：教育",1 [5/74],,,,,,,,
Metacognition and Learning,2025,1556-1623/1556-1631,否,否,否,SSCI,4.8,,教育学,1 [18/840],是,一级, EDUCATION & EDUCATIONAL RESEARCH 教育学和教育研究,1 [17/754]," PSYCHOLOGY, EDUCATIONAL 心理学：教育",1 [6/74],,,,,,,,
International Journal of Management Education,2025,1472-8117/2352-3565,否,否,否,SSCI,7.4,,教育学,1 [19/840],是,一级, EDUCATION & EDUCATIONAL RESEARCH 教育学和教育研究,1 [19/754], BUSINESS 商业：管理,2 [22/302], MANAGEMENT 管理学,2 [31/404],,,,,,
JOURNAL OF RESEARCH IN SCIENCE TEACHING,2025,0022-4308/1098-2736,否,否,否,SSCI,4.5,,教育学,1 [20/840],是,一级, EDUCATION & EDUCATIONAL RESEARCH 教育学和教育研究,1 [20/754],,,,,,,,,,
COMPARATIVE EDUCATION,2025,0305-0068/1360-0486,否,否,否,SSCI,3.7,,教育学,1 [21/840],是,一级, EDUCATION & EDUCATIONAL RESEARCH 教育学和教育研究,1 [23/754],,,,,,,,,,
International Journal of Computer-Supported Collaborative Learning,2025,1556-1607/1556-1615,否,否,否,SSCI,5.7,,教育学,1 [22/840],是,一级, EDUCATION & EDUCATIONAL RESEARCH 教育学和教育研究,1 [24/754], INFORMATION SCIENCE & LIBRARY SCIENCE 图书情报与档案管理,1 [7/160],,,,,,,,
JOURNAL OF COMPUTER ASSISTED LEARNING,2025,0266-4909/1365-2729,否,否,否,SSCI,4.6,,教育学,1 [23/840],是,一级, EDUCATION & EDUCATIONAL RESEARCH 教育学和教育研究,2 [25/754],,,,,,,,,,
Learning Media and Technology,2025,1743-9884/1743-9892,否,否,否,SSCI,3.1,,教育学,1 [24/840],是,一级, EDUCATION & EDUCATIONAL RESEARCH 教育学和教育研究,2 [26/754],,,,,,,,,,
European Physical Education Review,2025,1356-336X/1741-2749,否,否,否,SSCI,3.3,,教育学,1 [25/840],是,一级, EDUCATION & EDUCATIONAL RESEARCH 教育学和教育研究,2 [29/754],,,,,,,,,,
Journal of New Approaches in Educational Research,2025,2254-7339/2254-7339,否,否,是,ESCI,4.9,,教育学,1 [26/840],是,一级, EDUCATION & EDUCATIONAL RESEARCH 教育学和教育研究,2 [30/754],,,,,,,,,,
EARLY CHILDHOOD RESEARCH QUARTERLY,2025,0885-2006/1873-7706,否,否,否,SSCI,3.1,,教育学,1 [27/840],是,一级," PSYCHOLOGY, DEVELOPMENTAL 心理学：发育",1 [7/91], EDUCATION & EDUCATIONAL RESEARCH 教育学和教育研究,2 [31/754],,,,,,,,
JOURNAL OF TEACHER EDUCATION,2025,0022-4871/1552-7816,否,否,否,SSCI,4.1,,教育学,1 [28/840],是,一级, EDUCATION & EDUCATIONAL RESEARCH 教育学和教育研究,2 [33/754],,,,,,,,,,
Educational Researcher,2025,0013-189X/1935-102X,否,否,否,SSCI,4.9,,教育学,1 [29/840],是,一级, EDUCATION & EDUCATIONAL RESEARCH 教育学和教育研究,2 [35/754],,,,,,,,,,
ACADEMIC MEDICINE,2025,1040-2446/1938-808X,否,否,否,SCIE,5.2,,教育学,1 [30/840],是,一级," EDUCATION, SCIENTIFIC DISCIPLINES 学科教育",1 [4/86], HEALTH CARE SCIENCES & SERVICES 卫生保健与服务,1 [9/173],,,,,,,,
Perspectives on Medical Education,2025,2212-2761/2212-277X,否,否,是,SCIE,3.9,,教育学,1 [31/840],是,一级," EDUCATION, SCIENTIFIC DISCIPLINES 学科教育",1 [5/86], HEALTH CARE SCIENCES & SERVICES 卫生保健与服务,1 [10/173],,,,,,,,
JOURNAL OF EDUCATION POLICY,2025,0268-0939/1464-5106,否,否,否,SSCI,3,,教育学,1 [32/840],是,一级, EDUCATION & EDUCATIONAL RESEARCH 教育学和教育研究,2 [36/754],,,,,,,,,,
HIGHER EDUCATION,2025,0018-1560/1573-174X,否,否,否,SSCI,4.6,,教育学,1 [33/840],是,一级, EDUCATION & EDUCATIONAL RESEARCH 教育学和教育研究,2 [37/754],,,,,,,,,,
CONTEMPORARY EDUCATIONAL PSYCHOLOGY,2025,0361-476X/1090-2384,否,否,否,SSCI,3.8,,教育学,1 [34/840],是,一级," PSYCHOLOGY, EDUCATIONAL 心理学：教育",2 [10/74],,,,,,,,,,
Active Learning in Higher Education,2025,1469-7874/1741-2625,否,否,否,SSCI,3.2,,教育学,1 [35/840],是,一级, EDUCATION & EDUCATIONAL RESEARCH 教育学和教育研究,2 [38/754],,,,,,,,,,
SCIENTIFIC STUDIES OF READING,2025,1088-8438/1532-799X,否,否,否,SSCI,2.4,,教育学,2 [36/840],否,一级, EDUCATION & EDUCATIONAL RESEARCH 教育学和教育研究,2 [39/754]," PSYCHOLOGY, EDUCATIONAL 心理学：教育",2 [11/74],,,,,,,,
JOURNAL OF THE LEARNING SCIENCES,2025,1050-8406/1532-7809,否,否,否,SSCI,3.9,,教育学,2 [37/840],否,一级, EDUCATION & EDUCATIONAL RESEARCH 教育学和教育研究,2 [40/754]," PSYCHOLOGY, EDUCATIONAL 心理学：教育",2 [12/74],,,,,,,,
Smart Learning Environments,2025,2196-7091/2196-7091,否,否,是,ESCI,12.1,,教育学,2 [38/840],否,一级, EDUCATION & EDUCATIONAL RESEARCH 教育学和教育研究,2 [41/754],,,,,,,,,,
ADVANCES IN HEALTH SCIENCES EDUCATION,2025,1382-4996/1573-1677,否,否,否,SSCI;SCIE,3.3,,教育学,2 [39/840],是,一级, EDUCATION & EDUCATIONAL RESEARCH 教育学和教育研究,2 [42/754]," EDUCATION, SCIENTIFIC DISCIPLINES 学科教育",2 [6/86], HEALTH CARE SCIENCES & SERVICES 卫生保健与服务,2 [11/173],,,,,,
Assessment & Evaluation in Higher Education,2025,0260-2938/1469-297X,否,否,否,SSCI,3.8,,教育学,2 [40/840],是,一级, EDUCATION & EDUCATIONAL RESEARCH 教育学和教育研究,2 [43/754],,,,,,,,,,
JOURNAL FOR RESEARCH IN MATHEMATICS EDUCATION,2025,0021-8251/1945-2306,否,否,否,SSCI,3.6,,教育学,2 [41/840],否,一级, EDUCATION & EDUCATIONAL RESEARCH 教育学和教育研究,2 [44/754],,,,,,,,,,
CBE-Life Sciences Education,2025,1931-7913/1931-7913,否,否,否,SCIE,4.1,,教育学,2 [42/840],是,一级," EDUCATION, SCIENTIFIC DISCIPLINES 学科教育",2 [7/86],,,,,,,,,,
Educational Studies in Mathematics,2025,0013-1954/1573-0816,否,否,否,SSCI,1.9,,教育学,2 [43/840],是,一级, EDUCATION & EDUCATIONAL RESEARCH 教育学和教育研究,2 [45/754],,,,,,,,,,
Journal of Hospitality Leisure Sport & Tourism Education,2025,1473-8376,否,否,否,SSCI,4.1,,教育学,2 [44/840],是,一级, EDUCATION & EDUCATIONAL RESEARCH 教育学和教育研究,2 [46/754]," HOSPITALITY, LEISURE, SPORT & TOURISM 酒店、休闲、体育与旅游",2 [16/139],,,,,,,,
Journal of Science Education and Technology,2025,1059-0145/1573-1839,否,否,否,SSCI;SCIE,5.5,,教育学,2 [45/840],是,一级, EDUCATION & EDUCATIONAL RESEARCH 教育学和教育研究,2 [49/754]," EDUCATION, SCIENTIFIC DISCIPLINES 学科教育",2 [8/86],,,,,,,,
School Leadership & Management,2025,1363-2434/1364-2626,否,否,否,ESCI,3.3,,教育学,2 [46/840],否,一级, EDUCATION & EDUCATIONAL RESEARCH 教育学和教育研究,2 [50/754], MANAGEMENT 管理学,3 [71/404],,,,,,,,
European Journal of Teacher Education,2025,0261-9768/1469-5928,否,否,否,SSCI,3.1,,教育学,2 [47/840],否,一级, EDUCATION & EDUCATIONAL RESEARCH 教育学和教育研究,2 [52/754],,,,,,,,,,
Educacion XX1,2025,1139-613X/2174-5374,否,否,是,SSCI,3,,教育学,2 [48/840],否,一级, EDUCATION & EDUCATIONAL RESEARCH 教育学和教育研究,2 [53/754],,,,,,,,,,
STUDIES IN HIGHER EDUCATION,2025,0307-5079/1470-174X,否,否,否,SSCI,3.2,,教育学,2 [49/840],是,一级, EDUCATION & EDUCATIONAL RESEARCH 教育学和教育研究,2 [54/754],,,,,,,,,,
Anatomical Sciences Education,2025,1935-9772/1935-9780,否,否,否,SCIE,4.7,,教育学,2 [50/840],是,一级," EDUCATION, SCIENTIFIC DISCIPLINES 学科教育",2 [9/86],,,,,,,,,,
Journal of Mathematics Teacher Education,2025,1386-4416/1573-1820,否,否,否,SSCI,1.8,,教育学,2 [51/840],否,一级, EDUCATION & EDUCATIONAL RESEARCH 教育学和教育研究,2 [55/754],,,,,,,,,,
EDUCATIONAL ADMINISTRATION QUARTERLY,2025,0013-161X/1552-3519,否,否,否,SSCI,3.7,,教育学,2 [52/840],否,一级, EDUCATION & EDUCATIONAL RESEARCH 教育学和教育研究,2 [56/754],,,,,,,,,,
Physical Education and Sport Pedagogy,2025,1740-8989/1742-5786,否,否,否,SSCI,3,,教育学,2 [53/840],否,一级, EDUCATION & EDUCATIONAL RESEARCH 教育学和教育研究,2 [57/754],,,,,,,,,,
Chemistry Education Research and Practice,2025,1109-4028/1756-1108,否,否,否,SSCI;SCIE,3.2,,教育学,2 [54/840],否,一级, EDUCATION & EDUCATIONAL RESEARCH 教育学和教育研究,2 [58/754]," EDUCATION, SCIENTIFIC DISCIPLINES 学科教育",2 [10/86],,,,,,,,
Assessment in Education-Principles Policy & Practice,2025,0969-594X/1465-329X,否,否,否,SSCI,2.2,,教育学,2 [55/840],否,一级, EDUCATION & EDUCATIONAL RESEARCH 教育学和教育研究,2 [59/754],,,,,,,,,,
Policy Reviews in Higher Education,2025,2332-2969/2332-2950,否,否,否,ESCI,1.7,,教育学,2 [56/840],否,一级, EDUCATION & EDUCATIONAL RESEARCH 教育学和教育研究,2 [60/754],,,,,,,,,,
Review of Research in Education,2025,0091-732X/1935-1038,否,否,否,SSCI,2.4,,教育学,2 [57/840],否,一级, EDUCATION & EDUCATIONAL RESEARCH 教育学和教育研究,2 [61/754],,,,,,,,,,
Physical Review Physics Education Research,2025,2469-9896/2469-9896,否,否,是,SSCI;SCIE,3.6,,教育学,2 [58/840],否,一级, EDUCATION & EDUCATIONAL RESEARCH 教育学和教育研究,2 [62/754]," EDUCATION, SCIENTIFIC DISCIPLINES 学科教育",2 [11/86],,,,,,,,
THEORY AND RESEARCH IN SOCIAL EDUCATION,2025,0093-3104/2163-1654,否,否,否,SSCI,2.1,,教育学,2 [59/840],否,一级, EDUCATION & EDUCATIONAL RESEARCH 教育学和教育研究,2 [63/754],,,,,,,,,,
Critical Studies in Education,2025,1750-8487/1750-8495,否,否,否,SSCI,2.7,,教育学,2 [60/840],否,一级, EDUCATION & EDUCATIONAL RESEARCH 教育学和教育研究,2 [64/754],,,,,,,,,,
EDUCATIONAL EVALUATION AND POLICY ANALYSIS,2025,0162-3737/1935-1062,否,否,否,SSCI,2.7,,教育学,2 [61/840],否,一级, EDUCATION & EDUCATIONAL RESEARCH 教育学和教育研究,2 [65/754],,,,,,,,,,
BRITISH EDUCATIONAL RESEARCH JOURNAL,2025,0141-1926/1469-3518,否,否,否,SSCI,2.1,,教育学,2 [62/840],否,一级, EDUCATION & EDUCATIONAL RESEARCH 教育学和教育研究,2 [66/754],,,,,,,,,,
EDUCATIONAL REVIEW,2025,0013-1911/1465-3397,否,否,否,SSCI,3.4,,教育学,2 [63/840],否,一级, EDUCATION & EDUCATIONAL RESEARCH 教育学和教育研究,2 [67/754],,,,,,,,,,
Journal of Educational Change,2025,1389-2843/1573-1812,否,否,否,SSCI,2.9,,教育学,2 [64/840],否,一级, EDUCATION & EDUCATIONAL RESEARCH 教育学和教育研究,2 [68/754],,,,,,,,,,
Educational Assessment Evaluation and Accountability,2025,1874-8597/1874-8600,否,否,否,SSCI,1.6,,教育学,2 [65/840],否,一级, EDUCATION & EDUCATIONAL RESEARCH 教育学和教育研究,2 [69/754],,,,,,,,,,
Education and Information Technologies,2025,1360-2357/1573-7608,否,否,否,SSCI,5.4,,教育学,2 [66/840],否,一级, EDUCATION & EDUCATIONAL RESEARCH 教育学和教育研究,2 [70/754],,,,,,,,,,
Journal of Computers in Education,2025,2197-9987/2197-9995,否,否,否,ESCI,4.7,,教育学,2 [67/840],否,一级, EDUCATION & EDUCATIONAL RESEARCH 教育学和教育研究,2 [71/754],,,,,,,,,,
INSTRUCTIONAL SCIENCE,2025,0020-4277/1573-1952,否,否,否,SSCI,2.1,,教育学,2 [68/840],否,一级, EDUCATION & EDUCATIONAL RESEARCH 教育学和教育研究,2 [72/754]," PSYCHOLOGY, EDUCATIONAL 心理学：教育",2 [15/74],,,,,,,,
SCIENCE EDUCATION,2025,0036-8326/1098-237X,否,否,否,SSCI,3.4,,教育学,2 [69/840],否,一级, EDUCATION & EDUCATIONAL RESEARCH 教育学和教育研究,2 [73/754],,,,,,,,,,
International Journal for Educational Integrity,2025,1833-2595/1833-2595,否,否,是,ESCI,6.9,,教育学,2 [70/840],否,一级, EDUCATION & EDUCATIONAL RESEARCH 教育学和教育研究,2 [74/754],,,,,,,,,,
JOURNAL OF LEARNING DISABILITIES,2025,0022-2194/1538-4780,否,否,否,SSCI,2.9,,教育学,2 [71/840],否,一级," EDUCATION, SPECIAL 特殊教育学",1 [1/62], REHABILITATION 康复医学,1 [5/169],,,,,,,,
RESEARCH AND PRACTICE FOR PERSONS WITH SEVERE DISABILITIES,2025,1540-7969/2169-2408,否,否,否,SSCI,3.7,,教育学,2 [72/840],否,二级," EDUCATION, SPECIAL 特殊教育学",1 [2/62], REHABILITATION 康复医学,1 [6/169],,,,,,,,
JOURNAL OF EDUCATIONAL COMPUTING RESEARCH,2025,0735-6331/1541-4140,否,否,否,SSCI,4.9,,教育学,2 [73/840],否,二级, EDUCATION & EDUCATIONAL RESEARCH 教育学和教育研究,2 [75/754],,,,,,,,,,
AMERICAN JOURNAL OF EDUCATION,2025,0195-6744/1549-6511,否,否,否,SSCI,2.3,,教育学,2 [74/840],否,二级, EDUCATION & EDUCATIONAL RESEARCH 教育学和教育研究,2 [76/754],,,,,,,,,,
AERA Open,2025,2332-8584/2332-8584,否,否,是,SSCI,3.6,,教育学,2 [75/840],否,二级, EDUCATION & EDUCATIONAL RESEARCH 教育学和教育研究,3 [77/754],,,,,,,,,,
BRITISH JOURNAL OF EDUCATIONAL PSYCHOLOGY,2025,0007-0998/2044-8279,否,否,否,SSCI,3.6,,教育学,2 [76/840],否,二级," PSYCHOLOGY, EDUCATIONAL 心理学：教育",2 [16/74],,,,,,,,,,
HIGHER EDUCATION QUARTERLY,2025,0951-5224/1468-2273,否,否,否,ESCI,2.3,,教育学,2 [77/840],否,二级, EDUCATION & EDUCATIONAL RESEARCH 教育学和教育研究,3 [78/754],,,,,,,,,,
JOURNAL OF GEOGRAPHY,2025,0022-1341/1752-6868,否,否,否,SSCI,1.8,,教育学,2 [78/840],否,二级, GEOGRAPHY 地理学,3 [24/171],,,,,,,,,,
European Educational Research Journal,2025,1474-9041/1474-9041,否,否,否,SSCI,2,,教育学,2 [79/840],否,二级, EDUCATION & EDUCATIONAL RESEARCH 教育学和教育研究,3 [81/754],,,,,,,,,,
Mind Culture and Activity,2025,1074-9039/1532-7884,否,否,否,SSCI,1.4,,教育学,2 [80/840],否,二级, EDUCATION & EDUCATIONAL RESEARCH 教育学和教育研究,3 [82/754],,,,,,,,,,
Educational Psychology,2025,0144-3410/1469-5820,否,否,否,SSCI,3,,教育学,2 [81/840],否,二级, EDUCATION & EDUCATIONAL RESEARCH 教育学和教育研究,3 [83/754]," PSYCHOLOGY, EDUCATIONAL 心理学：教育",3 [17/74],,,,,,,,
LEARNING ENVIRONMENTS RESEARCH,2025,1387-1579/1573-1855,否,否,否,ESCI,2.8,,教育学,2 [82/840],否,二级, EDUCATION & EDUCATIONAL RESEARCH 教育学和教育研究,3 [85/754],,,,,,,,,,
JOURNAL OF PUBLIC AFFAIRS EDUCATION,2025,1523-6803/2328-9643,否,否,否,ESCI,2,,教育学,2 [83/840],否,二级, EDUCATION & EDUCATIONAL RESEARCH 教育学和教育研究,3 [86/754], PUBLIC ADMINISTRATION 公共管理,3 [18/91],,,,,,,,
RESEARCH IN THE TEACHING OF ENGLISH,2025,0034-527X/1943-2348,否,否,否,SSCI,1.4,,教育学,2 [84/840],否,二级, EDUCATION & EDUCATIONAL RESEARCH 教育学和教育研究,3 [87/754],,,,,,,,,,
EDUCATIONAL TECHNOLOGY & SOCIETY,2025,1176-3647/1436-4522,否,否,是,SSCI,6,,教育学,2 [85/840],否,二级, EDUCATION & EDUCATIONAL RESEARCH 教育学和教育研究,3 [88/754],,,,,,,,,,
European Journal of Higher Education,2025,2156-8235/2156-8243,否,否,否,ESCI,3.2,,教育学,2 [86/840],否,二级, EDUCATION & EDUCATIONAL RESEARCH 教育学和教育研究,3 [89/754],,,,,,,,,,
Linguistics and Education,2025,0898-5898/1873-1864,否,否,否,SSCI;AHCI,2.1,,教育学,2 [87/840],否,二级, LANGUAGE & LINGUISTICS 语言与语言学,2 [25/391], LINGUISTICS 语言学,2 [40/294], EDUCATION & EDUCATIONAL RESEARCH 教育学和教育研究,3 [90/754],,,,,,
International Journal of Bilingual Education and Bilingualism,2025,1367-0050/1747-7522,否,否,否,SSCI;AHCI,2.5,,教育学,2 [88/840],否,二级, LANGUAGE & LINGUISTICS 语言与语言学,2 [28/391], LINGUISTICS 语言学,2 [43/294], EDUCATION & EDUCATIONAL RESEARCH 教育学和教育研究,3 [91/754],,,,,,
NURSE EDUCATION TODAY,2025,0260-6917/1532-2793,否,否,否,SSCI;SCIE,4.2,,教育学,2 [89/840],否,二级, NURSING 护理,1 [4/191]," EDUCATION, SCIENTIFIC DISCIPLINES 学科教育",2 [12/86],,,,,,,,
Thinking Skills and Creativity,2025,1871-1871/1878-0423,否,否,否,SSCI,4.5,,教育学,2 [90/840],否,二级, EDUCATION & EDUCATIONAL RESEARCH 教育学和教育研究,3 [92/754],,,,,,,,,,
Computer Science Education,2025,0899-3408/1744-5175,否,否,否,ESCI,2.2,,教育学,2 [91/840],否,二级, EDUCATION & EDUCATIONAL RESEARCH 教育学和教育研究,3 [93/754],,,,,,,,,,
JOURNAL OF ENGINEERING EDUCATION,2025,1069-4730/2168-9830,否,否,否,SSCI;SCIE,3.4,,教育学,2 [92/840],否,二级," ENGINEERING, MULTIDISCIPLINARY 工程：综合",2 [16/179], EDUCATION & EDUCATIONAL RESEARCH 教育学和教育研究,3 [94/754]," EDUCATION, SCIENTIFIC DISCIPLINES 学科教育",3 [13/86],,,,,,
Curriculum Studies in Health and Physical Education,2025,2574-2981/2574-299X,否,否,否,ESCI,2.1,,教育学,2 [93/840],否,二级, EDUCATION & EDUCATIONAL RESEARCH 教育学和教育研究,3 [95/754]," HOSPITALITY, LEISURE, SPORT & TOURISM 酒店、休闲、体育与旅游",3 [27/139],,,,,,,,
Journal of Studies in International Education,2025,1028-3153/1552-7808,否,否,否,SSCI,2,,教育学,2 [94/840],否,二级, EDUCATION & EDUCATIONAL RESEARCH 教育学和教育研究,3 [96/754],,,,,,,,,,
Language and Education,2025,0950-0782/1747-7581,否,否,否,SSCI;AHCI,2.8,,教育学,2 [95/840],否,二级, LANGUAGE & LINGUISTICS 语言与语言学,2 [29/391], LINGUISTICS 语言学,2 [44/294], EDUCATION & EDUCATIONAL RESEARCH 教育学和教育研究,3 [97/754],,,,,,
Social Psychology of Education,2025,1381-2890/1573-1928,否,否,否,SSCI,3.2,,教育学,2 [96/840],否,二级," PSYCHOLOGY, EDUCATIONAL 心理学：教育",3 [19/74],,,,,,,,,,
European Journal of Education,2025,0141-8211/1465-3435,否,否,否,SSCI,3.6,,教育学,2 [97/840],否,二级, EDUCATION & EDUCATIONAL RESEARCH 教育学和教育研究,3 [98/754],,,,,,,,,,
Asia-Pacific Education Researcher,2025,0119-5646/2243-7908,否,否,否,SSCI,4.6,,教育学,2 [98/840],否,二级, EDUCATION & EDUCATIONAL RESEARCH 教育学和教育研究,3 [100/754],,,,,,,,,,
Journal of Higher Education Policy and Management,2025,1360-080X/1469-9508,否,否,否,SSCI,2.4,,教育学,2 [99/840],否,二级, EDUCATION & EDUCATIONAL RESEARCH 教育学和教育研究,3 [102/754],,,,,,,,,,
SPORT EDUCATION AND SOCIETY,2025,1357-3322/1470-1243,否,否,否,SSCI;SCIE,2.7,,教育学,2 [100/840],否,二级, SPORT SCIENCES 运动科学,2 [14/126], EDUCATION & EDUCATIONAL RESEARCH 教育学和教育研究,3 [103/754]," HOSPITALITY, LEISURE, SPORT & TOURISM 酒店、休闲、体育与旅游",3 [29/139],,,,,,
Globalisation Societies and Education,2025,1476-7724/1476-7732,否,否,否,ESCI,1.9,,教育学,2 [101/840],否,二级, EDUCATION & EDUCATIONAL RESEARCH 教育学和教育研究,3 [104/754],,,,,,,,,,
Professional Development in Education,2025,1941-5257/1941-5265,否,否,否,SSCI,3.1,,教育学,2 [102/840],否,二级, EDUCATION & EDUCATIONAL RESEARCH 教育学和教育研究,3 [105/754],,,,,,,,,,
HARVARD EDUCATIONAL REVIEW,2025,0017-8055/1943-5045,否,否,否,SSCI,3.3,,教育学,2 [103/840],否,二级, EDUCATION & EDUCATIONAL RESEARCH 教育学和教育研究,3 [106/754],,,,,,,,,,
JOURNAL OF CURRICULUM STUDIES,2025,0022-0272/1366-5839,否,否,否,SSCI,2,,教育学,2 [104/840],否,二级, EDUCATION & EDUCATIONAL RESEARCH 教育学和教育研究,3 [107/754],,,,,,,,,,
REVIEW OF HIGHER EDUCATION,2025,0162-5748/1090-7009,否,否,否,SSCI,2.2,,教育学,2 [105/840],否,二级, EDUCATION & EDUCATIONAL RESEARCH 教育学和教育研究,3 [108/754],,,,,,,,,,
Studies in Educational Evaluation,2025,0191-491X,否,否,否,SSCI,3.1,,教育学,2 [106/840],否,二级, EDUCATION & EDUCATIONAL RESEARCH 教育学和教育研究,3 [109/754]," PSYCHOLOGY, EDUCATIONAL 心理学：教育",3 [22/74],,,,,,,,
Distance Education,2025,0158-7919/1475-0198,否,否,否,SSCI,3,,教育学,2 [107/840],否,二级, EDUCATION & EDUCATIONAL RESEARCH 教育学和教育研究,3 [110/754],,,,,,,,,,
JOURNAL OF HIGHER EDUCATION,2025,0022-1546/1538-4640,否,否,否,SSCI,2.4,,教育学,3 [108/840],否,二级, EDUCATION & EDUCATIONAL RESEARCH 教育学和教育研究,3 [111/754],,,,,,,,,,
MEDICAL TEACHER,2025,0142-159X/1466-187X,否,否,否,SCIE,4.4,,教育学,3 [109/840],否,二级, HEALTH CARE SCIENCES & SERVICES 卫生保健与服务,2 [20/173]," EDUCATION, SCIENTIFIC DISCIPLINES 学科教育",3 [14/86],,,,,,,,
Journal of Computing in Higher Education,2025,1042-1726/1867-1233,否,否,否,SSCI,4.9,,教育学,3 [110/840],否,二级, EDUCATION & EDUCATIONAL RESEARCH 教育学和教育研究,3 [112/754],,,,,,,,,,
ETR&D-EDUCATIONAL TECHNOLOGY RESEARCH AND DEVELOPMENT,2025,1042-1629/1556-6501,否,否,否,SSCI,4.2,,教育学,3 [111/840],否,二级, EDUCATION & EDUCATIONAL RESEARCH 教育学和教育研究,3 [113/754],,,,,,,,,,
ACM Transactions on Computing Education,2025,1946-6226/1946-6226,否,否,否,SCIE,3.8,,教育学,3 [112/840],否,二级," EDUCATION, SCIENTIFIC DISCIPLINES 学科教育",3 [15/86],,,,,,,,,,
Teacher Education and Special Education,2025,0888-4064/1944-4931,否,否,否,SSCI,2.6,,教育学,3 [113/840],否,二级, EDUCATION & EDUCATIONAL RESEARCH 教育学和教育研究,3 [114/754],,,,,,,,,,
Australasian Journal of Educational Technology,2025,1449-3098/1449-5554,否,否,是,SSCI,4.2,,教育学,3 [114/840],否,二级, EDUCATION & EDUCATIONAL RESEARCH 教育学和教育研究,3 [115/754],,,,,,,,,,
EXCEPTIONAL CHILDREN,2025,0014-4029/2163-5560,否,否,否,SSCI,4.3,,教育学,3 [115/840],否,二级," EDUCATION, SPECIAL 特殊教育学",1 [3/62], REHABILITATION 康复医学,1 [10/169],,,,,,,,
READING AND WRITING,2025,0922-4777/1573-0905,否,否,否,SSCI,2.2,,教育学,3 [116/840],否,二级, EDUCATION & EDUCATIONAL RESEARCH 教育学和教育研究,3 [116/754]," PSYCHOLOGY, EDUCATIONAL 心理学：教育",3 [23/74],,,,,,,,
JOURNAL OF RESEARCH IN READING,2025,0141-0423/1467-9817,否,否,否,SSCI,2,,教育学,3 [117/840],否,二级, EDUCATION & EDUCATIONAL RESEARCH 教育学和教育研究,3 [117/754]," PSYCHOLOGY, EDUCATIONAL 心理学：教育",3 [24/74],,,,,,,,
Mathematical Thinking and Learning,2025,1098-6065/1532-7833,否,否,否,SSCI,1.5,,教育学,3 [118/840],否,二级, EDUCATION & EDUCATIONAL RESEARCH 教育学和教育研究,3 [118/754],,,,,,,,,,
Innovation in Language Learning and Teaching,2025,1750-1229/1750-1237,否,否,否,SSCI,4.6,,教育学,3 [119/840],否,二级, LINGUISTICS 语言学,2 [54/294], EDUCATION & EDUCATIONAL RESEARCH 教育学和教育研究,3 [119/754],,,,,,,,
OXFORD REVIEW OF EDUCATION,2025,0305-4985/1465-3915,否,否,否,SSCI,2.1,,教育学,3 [120/840],否,二级, EDUCATION & EDUCATIONAL RESEARCH 教育学和教育研究,3 [120/754],,,,,,,,,,
Research and Practice in Technology Enhanced Learning,2025,1793-7078/1793-7078,否,否,是,ESCI,3,,教育学,3 [121/840],否,二级, EDUCATION & EDUCATIONAL RESEARCH 教育学和教育研究,3 [121/754],,,,,,,,,,
TEACHING IN HIGHER EDUCATION,2025,1356-2517/1470-1294,否,否,否,SSCI,2.4,,教育学,3 [122/840],否,二级, EDUCATION & EDUCATIONAL RESEARCH 教育学和教育研究,3 [122/754],,,,,,,,,,
Computers and Education Open,2025,2666-5573/2666-5573,否,否,是,ESCI,5.7,,教育学,3 [123/840],否,二级," COMPUTER SCIENCE, INTERDISCIPLINARY APPLICATIONS 计算机：跨学科应用",2 [34/172], EDUCATION & EDUCATIONAL RESEARCH 教育学和教育研究,3 [123/754],,,,,,,,
Large-Scale Assessments in Education,2025,2196-0739/2196-0739,否,否,是,ESCI,3,,教育学,3 [124/840],否,二级, EDUCATION & EDUCATIONAL RESEARCH 教育学和教育研究,3 [124/754],,,,,,,,,,
Higher Education Research & Development,2025,0729-4360/1469-8366,否,否,否,SSCI,2.9,,教育学,3 [125/840],否,二级, EDUCATION & EDUCATIONAL RESEARCH 教育学和教育研究,3 [125/754],,,,,,,,,,
Pedagogy Culture and Society,2025,1468-1366/1747-5104,否,否,否,ESCI,1.9,,教育学,3 [126/840],否,二级, EDUCATION & EDUCATIONAL RESEARCH 教育学和教育研究,3 [126/754],,,,,,,,,,
Education for Chemical Engineers,2025,1749-7728/1749-7728,否,否,否,SCIE,2.3,,教育学,3 [127/840],否,二级," ENGINEERING, CHEMICAL 工程：化工",2 [23/169]," EDUCATION, SCIENTIFIC DISCIPLINES 学科教育",3 [16/86],,,,,,,,
Educational Management Administration & Leadership,2025,1741-1432/1741-1440,否,否,否,SSCI,3.3,,教育学,3 [128/840],否,二级, EDUCATION & EDUCATIONAL RESEARCH 教育学和教育研究,3 [127/754],,,,,,,,,,
Journal of Research on Technology in Education,2025,1539-1523/1945-0818,否,否,否,SSCI,5,,教育学,3 [129/840],否,二级, EDUCATION & EDUCATIONAL RESEARCH 教育学和教育研究,3 [128/754],,,,,,,,,,
BRITISH JOURNAL OF SOCIOLOGY OF EDUCATION,2025,0142-5692/1465-3346,否,否,否,SSCI,2.1,,教育学,3 [130/840],否,二级, EDUCATION & EDUCATIONAL RESEARCH 教育学和教育研究,3 [129/754], SOCIOLOGY 社会学,3 [53/216],,,,,,,,
International Journal of Leadership in Education,2025,1360-3124/1464-5092,否,否,否,ESCI,2.5,,教育学,3 [131/840],否,二级, EDUCATION & EDUCATIONAL RESEARCH 教育学和教育研究,3 [130/754],,,,,,,,,,
EUROPEAN JOURNAL OF PSYCHOLOGY OF EDUCATION,2025,0256-2928/1878-5174,否,否,否,SSCI,2.8,,教育学,3 [132/840],否,二级," PSYCHOLOGY, EDUCATIONAL 心理学：教育",3 [26/74],,,,,,,,,,
E-Learning and Digital Media,2025,2042-7530/2042-7530,否,否,否,ESCI,2.6,,教育学,3 [133/840],否,二级, EDUCATION & EDUCATIONAL RESEARCH 教育学和教育研究,3 [131/754],,,,,,,,,,
Race Ethnicity and Education,2025,1361-3324/1470-109X,否,否,否,SSCI,2,,教育学,3 [134/840],否,二级, ETHNIC STUDIES 民族研究,2 [5/39], EDUCATION & EDUCATIONAL RESEARCH 教育学和教育研究,3 [132/754],,,,,,,,
JOURNAL OF CHEMICAL EDUCATION,2025,0021-9584/1938-1328,否,否,否,SCIE,2.9,,教育学,3 [135/840],否,二级," CHEMISTRY, MULTIDISCIPLINARY 化学：综合",2 [47/230]," EDUCATION, SCIENTIFIC DISCIPLINES 学科教育",3 [17/86],,,,,,,,
SCHOOL EFFECTIVENESS AND SCHOOL IMPROVEMENT,2025,0924-3453/1744-5124,否,否,否,SSCI,2.8,,教育学,3 [136/840],否,二级, EDUCATION & EDUCATIONAL RESEARCH 教育学和教育研究,3 [133/754],,,,,,,,,,
JOURNAL OF LITERACY RESEARCH,2025,1086-296X/1554-8430,否,否,否,SSCI,1.7,,教育学,3 [137/840],否,二级, EDUCATION & EDUCATIONAL RESEARCH 教育学和教育研究,3 [134/754]," PSYCHOLOGY, EDUCATIONAL 心理学：教育",3 [27/74],,,,,,,,
European Journal of Special Needs Education,2025,0885-6257/1469-591X,否,否,否,SSCI,1.6,,教育学,3 [138/840],否,二级," EDUCATION, SPECIAL 特殊教育学",1 [4/62],,,,,,,,,,
INTERNATIONAL JOURNAL OF SCIENCE EDUCATION,2025,0950-0693/1464-5289,否,否,否,SSCI,2.3,,教育学,3 [139/840],否,二级, EDUCATION & EDUCATIONAL RESEARCH 教育学和教育研究,3 [136/754],,,,,,,,,,
Educational Assessment,2025,1062-7197/1532-6977,否,否,否,ESCI,2.3,,教育学,3 [140/840],否,二级, EDUCATION & EDUCATIONAL RESEARCH 教育学和教育研究,3 [137/754],,,,,,,,,,
Medical Education Online,2025,1087-2981/1087-2981,否,否,是,SSCI,3.8,,教育学,3 [141/840],否,二级, EDUCATION & EDUCATIONAL RESEARCH 教育学和教育研究,3 [138/754],,,,,,,,,,
Review of Education,2025,2049-6613/2049-6613,是,否,否,ESCI,3.4,,教育学,3 [142/840],否,二级, EDUCATION & EDUCATIONAL RESEARCH 教育学和教育研究,3 [139/754],,,,,,,,,,
Journal of Learning Analytics,2025,1929-7750/1929-7750,否,否,否,ESCI,3.6,,教育学,3 [143/840],否,二级, EDUCATION & EDUCATIONAL RESEARCH 教育学和教育研究,3 [140/754],,,,,,,,,,
Equity & Excellence in Education,2025,1066-5684/1547-3457,否,否,否,ESCI,1.7,,教育学,3 [144/840],否,二级, EDUCATION & EDUCATIONAL RESEARCH 教育学和教育研究,3 [141/754],,,,,,,,,,
Music Education Research,2025,1461-3808/1469-9893,否,否,否,SSCI;AHCI,1.1,,教育学,3 [145/840],否,二级, MUSIC 音乐,1 [7/110], EDUCATION & EDUCATIONAL RESEARCH 教育学和教育研究,3 [142/754],,,,,,,,
ANNALS OF DYSLEXIA,2025,0736-9387/1934-7243,否,否,否,SSCI,2.3,,教育学,3 [146/840],否,二级," EDUCATION, SPECIAL 特殊教育学",2 [5/62], REHABILITATION 康复医学,2 [12/169],,,,,,,,
RESEARCH IN SCIENCE EDUCATION,2025,0157-244X/1573-1898,否,否,否,SSCI,2.3,,教育学,3 [147/840],否,二级, EDUCATION & EDUCATIONAL RESEARCH 教育学和教育研究,3 [143/754],,,,,,,,,,
Language Learning Journal,2025,0957-1736/1753-2167,否,否,否,ESCI,2.1,,教育学,3 [148/840],否,二级, EDUCATION & EDUCATIONAL RESEARCH 教育学和教育研究,3 [144/754],,,,,,,,,,
BMC Medical Education,2025,1472-6920/1472-6920,否,否,是,SSCI;SCIE,3.2,,教育学,3 [149/840],否,二级, EDUCATION & EDUCATIONAL RESEARCH 教育学和教育研究,3 [145/754]," EDUCATION, SCIENTIFIC DISCIPLINES 学科教育",3 [18/86],,,,,,,,
Journal of Writing Research,2025,2030-1006/2294-3307,否,否,是,ESCI,0.9,,教育学,3 [150/840],否,二级, EDUCATION & EDUCATIONAL RESEARCH 教育学和教育研究,3 [146/754],,,,,,,,,,
International Journal of Science and Mathematics Education,2025,1571-0068/1573-1774,否,否,否,SSCI,2.1,,教育学,3 [151/840],否,二级, EDUCATION & EDUCATIONAL RESEARCH 教育学和教育研究,3 [147/754],,,,,,,,,,
Journal of Marketing Education,2025,0273-4753/1552-6550,否,否,否,ESCI,4.1,,教育学,3 [152/840],否,二级, EDUCATION & EDUCATIONAL RESEARCH 教育学和教育研究,3 [148/754],,,,,,,,,,
Teachers and Teaching,2025,1354-0602/1470-1278,否,否,否,SSCI,1.9,,教育学,3 [153/840],否,二级, EDUCATION & EDUCATIONAL RESEARCH 教育学和教育研究,3 [149/754],,,,,,,,,,
International Journal of Educational Research,2025,0883-0355/1873-538X,否,否,否,SSCI,2.5,,教育学,3 [154/840],否,二级, EDUCATION & EDUCATIONAL RESEARCH 教育学和教育研究,3 [150/754],,,,,,,,,,
Accounting Education,2025,0963-9284/1468-4489,否,否,否,ESCI,2.3,,教育学,3 [155/840],否,二级," BUSINESS, FINANCE 商业：财政与金融",3 [50/231],,,,,,,,,,
TEACHING AND LEARNING IN MEDICINE,2025,1040-1334/1532-8015,否,否,否,SCIE,1.8,,教育学,3 [156/840],否,二级," EDUCATION, SCIENTIFIC DISCIPLINES 学科教育",3 [19/86], HEALTH CARE SCIENCES & SERVICES 卫生保健与服务,3 [31/173],,,,,,,,
Research Papers in Education,2025,0267-1522/1470-1146,否,否,否,SSCI,1.8,,教育学,3 [157/840],否,二级, EDUCATION & EDUCATIONAL RESEARCH 教育学和教育研究,3 [151/754],,,,,,,,,,
JOURNAL OF EDUCATIONAL ADMINISTRATION,2025,0957-8234/1758-7395,否,否,否,SSCI,2,,教育学,3 [158/840],否,二级, EDUCATION & EDUCATIONAL RESEARCH 教育学和教育研究,3 [152/754],,,,,,,,,,
Classroom Discourse,2025,1946-3014/1946-3022,否,否,否,ESCI,1.6,,教育学,3 [159/840],否,二级, EDUCATION & EDUCATIONAL RESEARCH 教育学和教育研究,3 [153/754],,,,,,,,,,
Cambridge Journal of Education,2025,0305-764X/1469-3577,否,否,否,SSCI,1.5,,教育学,3 [160/840],否,二级, EDUCATION & EDUCATIONAL RESEARCH 教育学和教育研究,3 [154/754],,,,,,,,,,
Learning Culture and Social Interaction,2025,2210-6561/2210-657X,否,否,否,SSCI,1.8,,教育学,3 [161/840],否,二级, EDUCATION & EDUCATIONAL RESEARCH 教育学和教育研究,3 [155/754],,,,,,,,,,
Knowledge Management & E-Learning-An International Journal,2025,2073-7904/2073-7904,否,否,是,ESCI,2.8,,教育学,3 [162/840],否,二级, EDUCATION & EDUCATIONAL RESEARCH 教育学和教育研究,3 [156/754],,,,,,,,,,
RIED-Revista Iberoamericana de Educacion a Distancia,2025,1138-2783/1390-3306,否,否,是,SSCI,2.4,,教育学,3 [163/840],否,二级, EDUCATION & EDUCATIONAL RESEARCH 教育学和教育研究,3 [157/754],,,,,,,,,,
INTERNATIONAL JOURNAL OF EDUCATIONAL DEVELOPMENT,2025,0738-0593/1873-4871,否,否,否,SSCI,2.3,,教育学,3 [164/840],否,二级, EDUCATION & EDUCATIONAL RESEARCH 教育学和教育研究,3 [158/754],,,,,,,,,,
IEEE Transactions on Learning Technologies,2025,1939-1382/1939-1382,否,否,否,SSCI;SCIE,4.9,,教育学,3 [165/840],否,二级," COMPUTER SCIENCE, INTERDISCIPLINARY APPLICATIONS 计算机：跨学科应用",3 [47/172], EDUCATION & EDUCATIONAL RESEARCH 教育学和教育研究,3 [159/754],,,,,,,,
RESEARCH IN HIGHER EDUCATION,2025,0361-0365/1573-188X,否,否,否,SSCI,2.3,,教育学,3 [166/840],否,二级, EDUCATION & EDUCATIONAL RESEARCH 教育学和教育研究,3 [160/754],,,,,,,,,,
AUSTRALIAN EDUCATIONAL RESEARCHER,2025,0311-6999/2210-5328,否,否,否,SSCI,2.4,,教育学,3 [167/840],否,二级, EDUCATION & EDUCATIONAL RESEARCH 教育学和教育研究,3 [161/754],,,,,,,,,,
Education Finance and Policy,2025,1557-3060/1557-3079,否,否,否,SSCI,2,,教育学,3 [168/840],否,二级, ECONOMICS 经济学,3 [123/599], EDUCATION & EDUCATIONAL RESEARCH 教育学和教育研究,3 [162/754],,,,,,,,
Journal of Language Identity and Education,2025,1534-8458/1532-7701,否,否,否,SSCI;AHCI,1.8,,教育学,3 [169/840],否,二级, LANGUAGE & LINGUISTICS 语言与语言学,2 [55/391], EDUCATION & EDUCATIONAL RESEARCH 教育学和教育研究,3 [164/754], LINGUISTICS 语言学,3 [72/294],,,,,,
INTERNATIONAL REVIEW OF EDUCATION,2025,0020-8566/1573-0638,否,否,否,ESCI,1.6,,教育学,3 [170/840],否,二级, EDUCATION & EDUCATIONAL RESEARCH 教育学和教育研究,4 [167/754],,,,,,,,,,
Education and Training,2025,0040-0912/1758-6127,否,否,否,SSCI,3.2,,教育学,3 [171/840],否,二级, EDUCATION & EDUCATIONAL RESEARCH 教育学和教育研究,4 [168/754],,,,,,,,,,
Education Sciences,2025,2227-7102/2227-7102,否,否,是,ESCI,2.6,,教育学,3 [172/840],否,二级, EDUCATION & EDUCATIONAL RESEARCH 教育学和教育研究,4 [169/754],,,,,,,,,,
DYSLEXIA,2025,1076-9242/1099-0909,否,否,否,SSCI,2.5,,教育学,3 [173/840],否,二级," EDUCATION, SPECIAL 特殊教育学",2 [7/62], REHABILITATION 康复医学,2 [16/169]," PSYCHOLOGY, EDUCATIONAL 心理学：教育",3 [30/74],,,,,,
Technology Pedagogy and Education,2025,1475-939X/1747-5139,否,否,否,SSCI,2.5,,教育学,3 [174/840],否,二级, EDUCATION & EDUCATIONAL RESEARCH 教育学和教育研究,4 [170/754],,,,,,,,,,
International Studies in Sociology of Education,2025,0962-0214/1747-5066,否,否,否,ESCI,1.5,,教育学,3 [175/840],否,二级, SOCIOLOGY 社会学,3 [69/216], EDUCATION & EDUCATIONAL RESEARCH 教育学和教育研究,4 [171/754],,,,,,,,
International Review of Research in Open and Distributed Learning,2025,1492-3831/1492-3831,否,否,是,SSCI,1.9,,教育学,3 [176/840],否,二级, EDUCATION & EDUCATIONAL RESEARCH 教育学和教育研究,4 [172/754],,,,,,,,,,
Journal of Science Teacher Education,2025,1046-560X/1573-1847,否,否,否,ESCI,1.9,,教育学,3 [177/840],否,二级, EDUCATION & EDUCATIONAL RESEARCH 教育学和教育研究,4 [173/754],,,,,,,,,,
GENDER AND EDUCATION,2025,0954-0253/1360-0516,否,否,否,SSCI,1.9,,教育学,3 [178/840],否,二级, EDUCATION & EDUCATIONAL RESEARCH 教育学和教育研究,4 [174/754],,,,,,,,,,
INTERACTIVE LEARNING ENVIRONMENTS,2025,1049-4820/1744-5191,否,否,否,SSCI,5.3,,教育学,3 [179/840],否,二级, EDUCATION & EDUCATIONAL RESEARCH 教育学和教育研究,4 [175/754],,,,,,,,,,
JOURNAL OF GEOGRAPHY IN HIGHER EDUCATION,2025,0309-8265/1466-1845,否,否,否,SSCI,1,,教育学,3 [180/840],否,二级, GEOGRAPHY 地理学,3 [40/171], EDUCATION & EDUCATIONAL RESEARCH 教育学和教育研究,4 [176/754],,,,,,,,
Scandinavian Journal of Educational Research,2025,0031-3831/1470-1170,否,否,否,SSCI,1.5,,教育学,3 [181/840],否,二级, EDUCATION & EDUCATIONAL RESEARCH 教育学和教育研究,4 [177/754],,,,,,,,,,
REMEDIAL AND SPECIAL EDUCATION,2025,0741-9325/1538-4756,否,否,否,SSCI,2.1,,教育学,3 [182/840],否,二级," EDUCATION, SPECIAL 特殊教育学",2 [9/62],,,,,,,,,,
Compare-A Journal of Comparative and International Education,2025,0305-7925/1469-3623,否,否,否,SSCI,1.9,,教育学,3 [183/840],否,二级, EDUCATION & EDUCATIONAL RESEARCH 教育学和教育研究,4 [178/754],,,,,,,,,,
Journal of Diversity in Higher Education,2025,1938-8926/1938-8934,否,否,否,SSCI,2.4,,教育学,3 [184/840],否,二级," PSYCHOLOGY, EDUCATIONAL 心理学：教育",3 [31/74]," PSYCHOLOGY, SOCIAL 心理学：社会",3 [31/76], EDUCATION & EDUCATIONAL RESEARCH 教育学和教育研究,4 [180/754],,,,,,
EDUCATIONAL POLICY,2025,0895-9048/1552-3896,否,否,否,SSCI,1.8,,教育学,3 [185/840],否,二级, EDUCATION & EDUCATIONAL RESEARCH 教育学和教育研究,4 [181/754],,,,,,,,,,
Journal of Management Education,2025,1052-5629/1552-6658,否,否,否,ESCI,2.6,,教育学,3 [186/840],否,二级, EDUCATION & EDUCATIONAL RESEARCH 教育学和教育研究,4 [182/754],,,,,,,,,,
JOURNAL OF RESEARCH IN MUSIC EDUCATION,2025,0022-4294/1945-0095,否,否,否,SSCI;AHCI,1,,教育学,3 [187/840],否,二级, MUSIC 音乐,2 [9/110], EDUCATION & EDUCATIONAL RESEARCH 教育学和教育研究,4 [183/754],,,,,,,,
Interactive Technology and Smart Education,2025,1741-5659/1758-8510,否,否,否,ESCI,5.6,,教育学,3 [188/840],否,二级, EDUCATION & EDUCATIONAL RESEARCH 教育学和教育研究,4 [184/754],,,,,,,,,,
Reflective Practice,2025,1462-3943/1470-1103,否,否,否,ESCI,1.8,,教育学,3 [189/840],否,二级, EDUCATION & EDUCATIONAL RESEARCH 教育学和教育研究,4 [185/754],,,,,,,,,,
Literacy,2025,1741-4350/1741-4369,否,否,否,SSCI;AHCI,1.5,,教育学,3 [190/840],否,二级, LANGUAGE & LINGUISTICS 语言与语言学,3 [71/391], LINGUISTICS 语言学,3 [91/294], EDUCATION & EDUCATIONAL RESEARCH 教育学和教育研究,4 [186/754],,,,,,
Educational Research and Evaluation,2025,1380-3611/1744-4187,否,否,否,ESCI,3.3,,教育学,3 [191/840],否,二级, EDUCATION & EDUCATIONAL RESEARCH 教育学和教育研究,4 [187/754],,,,,,,,,,
MENTORING & TUTORING,2025,1361-1267/1469-9745,否,否,否,ESCI,1.4,,教育学,3 [192/840],否,二级, EDUCATION & EDUCATIONAL RESEARCH 教育学和教育研究,4 [188/754],,,,,,,,,,
Online Learning,2025,2472-5749/2472-5730,否,否,是,ESCI,2.3,,教育学,3 [193/840],否,二级, EDUCATION & EDUCATIONAL RESEARCH 教育学和教育研究,4 [189/754],,,,,,,,,,
Science & Education,2025,0926-7220/1573-1901,否,否,否,SSCI;AHCISCIE,2.5,,教育学,3 [194/840],否,二级, HISTORY & PHILOSOPHY OF SCIENCE 科学史与科学哲学,2 [18/105], EDUCATION & EDUCATIONAL RESEARCH 教育学和教育研究,4 [190/754],,,,,,,,
AMERICAN JOURNAL OF PHARMACEUTICAL EDUCATION,2025,0002-9459/1553-6467,否,否,否,SCIE,3.5,,教育学,3 [195/840],否,二级, PHARMACOLOGY & PHARMACY 药学,2 [68/350]," EDUCATION, SCIENTIFIC DISCIPLINES 学科教育",3 [20/86],,,,,,,,
Learning Disabilities Research & Practice,2025,0938-8982/1540-5826,否,否,否,SSCI,1.6,,教育学,3 [196/840],否,二级," EDUCATION, SPECIAL 特殊教育学",2 [11/62], REHABILITATION 康复医学,2 [21/169],,,,,,,,
BRITISH JOURNAL OF EDUCATIONAL STUDIES,2025,0007-1005/1467-8527,否,否,否,SSCI,2.1,,教育学,3 [197/840],否,二级, EDUCATION & EDUCATIONAL RESEARCH 教育学和教育研究,4 [191/754],,,,,,,,,,
URBAN EDUCATION,2025,0042-0859/1552-8340,否,否,否,SSCI,1.7,,教育学,3 [198/840],否,二级, URBAN STUDIES 城市研究,3 [20/77], EDUCATION & EDUCATIONAL RESEARCH 教育学和教育研究,4 [192/754],,,,,,,,
Journal of Educational Administration and History,2025,0022-0620/1478-7431,否,否,否,ESCI,1.6,,教育学,3 [199/840],否,二级, EDUCATION & EDUCATIONAL RESEARCH 教育学和教育研究,4 [193/754],,,,,,,,,,
International Journal of Instruction,2025,1694-609X/1308-1470,否,否,是,ESCI,1.5,,教育学,3 [200/840],否,二级, EDUCATION & EDUCATIONAL RESEARCH 教育学和教育研究,4 [194/754],,,,,,,,,,
JOURNAL OF EDUCATION FOR TEACHING,2025,0260-7476/1360-0540,否,否,否,SSCI,1.7,,教育学,3 [201/840],否,二级, EDUCATION & EDUCATIONAL RESEARCH 教育学和教育研究,4 [195/754],,,,,,,,,,
Theory and Research in Education,2025,1477-8785/1741-3192,否,否,否,ESCI,1.1,,教育学,3 [202/840],否,二级, EDUCATION & EDUCATIONAL RESEARCH 教育学和教育研究,4 [196/754],,,,,,,,,,
Journal of Interactive Media in Education,2025,1365-893X/1365-893X,否,否,是,ESCI,2.2,,教育学,3 [203/840],否,二级, EDUCATION & EDUCATIONAL RESEARCH 教育学和教育研究,4 [198/754],,,,,,,,,,
Early Education and Development,2025,1040-9289/1556-6935,否,否,否,SSCI,2.2,,教育学,3 [204/840],否,二级," PSYCHOLOGY, DEVELOPMENTAL 心理学：发育",3 [37/91], EDUCATION & EDUCATIONAL RESEARCH 教育学和教育研究,4 [199/754]," PSYCHOLOGY, EDUCATIONAL 心理学：教育",4 [33/74],,,,,,
Studies in Continuing Education,2025,0158-037X/1470-126X,否,否,否,SSCI,1.8,,教育学,3 [205/840],否,二级, EDUCATION & EDUCATIONAL RESEARCH 教育学和教育研究,4 [200/754],,,,,,,,,,
ZDM-Mathematics Education,2025,1863-9690/1863-9704,否,否,否,SSCI,2.4,,教育学,3 [206/840],否,二级, EDUCATION & EDUCATIONAL RESEARCH 教育学和教育研究,4 [201/754],,,,,,,,,,
JOURNAL OF EXPERIMENTAL EDUCATION,2025,0022-0973/1940-0683,否,否,否,SSCI,1.7,,教育学,3 [207/840],否,二级, EDUCATION & EDUCATIONAL RESEARCH 教育学和教育研究,4 [202/754]," PSYCHOLOGY, EDUCATIONAL 心理学：教育",4 [34/74],,,,,,,,
Journal of Early Childhood Research,2025,1476-718X/1741-2927,否,否,否,ESCI,1.5,,教育学,3 [208/840],否,二级, EDUCATION & EDUCATIONAL RESEARCH 教育学和教育研究,4 [203/754],,,,,,,,,,
Roeper Review-A Journal on Gifted Education,2025,0278-3193/1940-865X,否,否,否,ESCI,1,,教育学,3 [209/840],否,二级," EDUCATION, SPECIAL 特殊教育学",3 [13/62],,,,,,,,,,
Journal of Workplace Learning,2025,1366-5626/1758-7859,否,否,否,ESCI,1.7,,教育学,3 [210/840],否,二级, EDUCATION & EDUCATIONAL RESEARCH 教育学和教育研究,4 [204/754],,,,,,,,,,
ECONOMICS OF EDUCATION REVIEW,2025,0272-7757/1873-7382,否,否,否,SSCI,1.8,,教育学,3 [211/840],否,二级, ECONOMICS 经济学,3 [142/599], EDUCATION & EDUCATIONAL RESEARCH 教育学和教育研究,4 [205/754],,,,,,,,
Mathematics Education Research Journal,2025,1033-2170/2211-050X,否,否,否,ESCI,1.3,,教育学,3 [212/840],否,二级," EDUCATION, SCIENTIFIC DISCIPLINES 学科教育",3 [21/86],,,,,,,,,,
Hematology-American Society of Hematology Education Program,2025,1520-4391/1520-4383,否,否,否,SCIE,3.2,,教育学,3 [213/840],否,二级," EDUCATION, SCIENTIFIC DISCIPLINES 学科教育",3 [22/86], HEMATOLOGY 血液学,3 [28/96],,,,,,,,
Innovative Higher Education,2025,0742-5627/1573-1758,否,否,否,ESCI,2.4,,教育学,3 [214/840],否,二级, EDUCATION & EDUCATIONAL RESEARCH 教育学和教育研究,4 [207/754],,,,,,,,,,
GIFTED CHILD QUARTERLY,2025,0016-9862/1934-9041,否,否,否,SSCI,4,,教育学,3 [215/840],否,二级," EDUCATION, SPECIAL 特殊教育学",3 [14/62]," PSYCHOLOGY, EDUCATIONAL 心理学：教育",4 [37/74],,,,,,,,
Environmental Education Research,2025,1350-4622/1469-5871,否,否,否,SSCI,3.1,,教育学,3 [216/840],否,二级, ENVIRONMENTAL STUDIES 环境研究,3 [69/183], EDUCATION & EDUCATIONAL RESEARCH 教育学和教育研究,4 [208/754],,,,,,,,
Studies in Graduate and Postdoctoral Education,2025,2398-4686/2398-4694,否,否,否,ESCI,1.6,,教育学,3 [217/840],否,二级, EDUCATION & EDUCATIONAL RESEARCH 教育学和教育研究,4 [209/754],,,,,,,,,,
EDUCATIONAL RESEARCH,2025,0013-1881/1469-5847,否,否,否,SSCI,2.6,,教育学,3 [218/840],否,二级, EDUCATION & EDUCATIONAL RESEARCH 教育学和教育研究,4 [210/754],,,,,,,,,,
Career Development and Transition for Exceptional Individuals,2025,2165-1434/2165-1442,否,否,否,SSCI,1.4,,教育学,3 [219/840],否,二级, REHABILITATION 康复医学,2 [26/169]," EDUCATION, SPECIAL 特殊教育学",3 [15/62],,,,,,,,
Educational Studies-AESA,2025,0013-1946/1532-6993,否,否,否,ESCI,1.3,,教育学,3 [220/840],否,二级, EDUCATION & EDUCATIONAL RESEARCH 教育学和教育研究,4 [211/754],,,,,,,,,,
Research in Comparative and International Education,2025,1745-4999/1745-4999,否,否,否,ESCI,1.4,,教育学,3 [221/840],否,二级, EDUCATION & EDUCATIONAL RESEARCH 教育学和教育研究,4 [212/754],,,,,,,,,,
Empirical Research in Vocational Education and Training,2025,1877-6345/1877-6345,否,否,是,ESCI,3.1,,教育学,3 [222/840],否,二级, EDUCATION & EDUCATIONAL RESEARCH 教育学和教育研究,4 [213/754],,,,,,,,,,
Journal of Early Childhood Literacy,2025,1468-7984/1741-2919,否,否,否,SSCI,1.3,,教育学,3 [223/840],否,二级, EDUCATION & EDUCATIONAL RESEARCH 教育学和教育研究,4 [214/754],,,,,,,,,,
Technology Knowledge and Learning,2025,2211-1662/2211-1670,否,否,否,ESCI,3.5,,教育学,3 [224/840],否,二级, EDUCATION & EDUCATIONAL RESEARCH 教育学和教育研究,4 [215/754],,,,,,,,,,
TOPICS IN EARLY CHILDHOOD SPECIAL EDUCATION,2025,0271-1214/1538-4845,否,否,否,SSCI,1.4,,教育学,3 [225/840],否,二级," EDUCATION, SPECIAL 特殊教育学",3 [16/62],,,,,,,,,,
Early Childhood Education Journal,2025,1082-3301/1573-1707,否,否,否,SSCI,1.8,,教育学,3 [226/840],否,二级, EDUCATION & EDUCATIONAL RESEARCH 教育学和教育研究,4 [216/754],,,,,,,,,,
THEORY INTO PRACTICE,2025,0040-5841/1543-0421,否,否,否,SSCI,1.9,,教育学,3 [227/840],否,二级, EDUCATION & EDUCATIONAL RESEARCH 教育学和教育研究,4 [217/754],,,,,,,,,,
Irish Educational Studies,2025,0332-3315/1747-4965,否,否,否,SSCI,1.2,,教育学,3 [228/840],否,二级, EDUCATION & EDUCATIONAL RESEARCH 教育学和教育研究,4 [218/754],,,,,,,,,,
JOURNAL OF TEACHING IN PHYSICAL EDUCATION,2025,0273-5024/1543-2769,否,否,否,SSCI;SCIE,1.8,,教育学,3 [229/840],否,二级, SPORT SCIENCES 运动科学,3 [34/126], EDUCATION & EDUCATIONAL RESEARCH 教育学和教育研究,4 [219/754],,,,,,,,
Discourse-Studies in the Cultural Politics of Education,2025,0159-6306/1469-3739,否,否,否,SSCI,2,,教育学,3 [230/840],否,二级, EDUCATION & EDUCATIONAL RESEARCH 教育学和教育研究,4 [220/754],,,,,,,,,,
ANTHROPOLOGY & EDUCATION QUARTERLY,2025,0161-7761/1548-1492,否,否,否,SSCI,1.3,,教育学,3 [231/840],否,二级, ANTHROPOLOGY 人类学,3 [41/137], EDUCATION & EDUCATIONAL RESEARCH 教育学和教育研究,4 [221/754],,,,,,,,
JOURNAL OF EDUCATIONAL AND BEHAVIORAL STATISTICS,2025,1076-9986/1935-1054,否,否,否,SSCI,1.7,,教育学,3 [232/840],否,二级," PSYCHOLOGY, MATHEMATICAL 心理学：数学",2 [4/13]," SOCIAL SCIENCES, MATHEMATICAL METHODS 社会科学：数理方法",2 [14/67], EDUCATION & EDUCATIONAL RESEARCH 教育学和教育研究,4 [222/754],,,,,,
Multicultural Education Review,2025,2005-615X/2377-0031,否,否,否,ESCI,1.1,,教育学,3 [233/840],否,二级, EDUCATION & EDUCATIONAL RESEARCH 教育学和教育研究,4 [223/754],,,,,,,,,,
Journal of Professional Capital and Community,2025,2056-9548/2056-9556,否,否,否,SSCI,1.7,,教育学,3 [234/840],否,二级, EDUCATION & EDUCATIONAL RESEARCH 教育学和教育研究,4 [225/754],,,,,,,,,,
HIGH ABILITY STUDIES,2025,1359-8139/1469-834X,否,否,否,SSCI,1.3,,教育学,3 [235/840],否,二级," EDUCATION, SPECIAL 特殊教育学",3 [17/62]," PSYCHOLOGY, EDUCATIONAL 心理学：教育",4 [38/74],,,,,,,,
Education Inquiry,2025,2000-4508/2000-4508,否,否,是,ESCI,1.6,,教育学,3 [236/840],否,二级, EDUCATION & EDUCATIONAL RESEARCH 教育学和教育研究,4 [226/754],,,,,,,,,,
REICE-Revista Iberoamericana sobre Calidad Eficacia y Cambio en Educacion,2025,1696-4713/1696-4713,否,否,是,ESCI,1.3,,教育学,3 [237/840],否,二级, EDUCATION & EDUCATIONAL RESEARCH 教育学和教育研究,4 [227/754],,,,,,,,,,
Asian-Pacific Journal of Second and Foreign Language Education,2025,2363-5169/2363-5169,否,否,是,ESCI,2.2,,教育学,3 [238/840],否,二级, LINGUISTICS 语言学,3 [107/294], EDUCATION & EDUCATIONAL RESEARCH 教育学和教育研究,4 [228/754],,,,,,,,
Asia Pacific Education Review,2025,1598-1037/1876-407X,否,否,否,SSCI,2.3,,教育学,3 [239/840],否,二级, EDUCATION & EDUCATIONAL RESEARCH 教育学和教育研究,4 [229/754],,,,,,,,,,
JOURNAL OF FURTHER AND HIGHER EDUCATION,2025,0309-877X/1469-9486,否,否,否,ESCI,2.4,,教育学,3 [240/840],否,二级, EDUCATION & EDUCATIONAL RESEARCH 教育学和教育研究,4 [230/754],,,,,,,,,,
Ethnography and Education,2025,1745-7823/1745-7831,否,否,否,ESCI,1.1,,教育学,3 [241/840],否,二级, EDUCATION & EDUCATIONAL RESEARCH 教育学和教育研究,4 [231/754],,,,,,,,,,
JMIR Medical Education,2025,2369-3762/2369-3762,否,否,是,ESCI,,,教育学,3 [242/840],否,二级," EDUCATION, SCIENTIFIC DISCIPLINES 学科教育",4 [24/86],,,,,,,,,,
Teaching Education,2025,1047-6210/1470-1286,否,否,否,ESCI,1.1,,教育学,3 [243/840],否,二级, EDUCATION & EDUCATIONAL RESEARCH 教育学和教育研究,4 [232/754],,,,,,,,,,
Journal of Hospitality & Tourism Education,2025,1096-3758/2325-6540,否,否,否,ESCI,2,,教育学,3 [244/840],否,二级, EDUCATION & EDUCATIONAL RESEARCH 教育学和教育研究,4 [233/754],,,,,,,,,,
Journal of Surgical Education,2025,1931-7204/1878-7452,否,否,否,SCIE,2.1,,教育学,3 [245/840],否,二级, SURGERY 外科,3 [77/292]," EDUCATION, SCIENTIFIC DISCIPLINES 学科教育",4 [25/86],,,,,,,,
International Journal of Mentoring and Coaching in Education,2025,2046-6854/2046-6854,否,否,否,ESCI,1.8,,教育学,4 [246/840],否,三级, EDUCATION & EDUCATIONAL RESEARCH 教育学和教育研究,4 [234/754],,,,,,,,,,
International Journal of Lifelong Education,2025,0260-1370/1464-519X,否,否,否,ESCI,1.9,,教育学,4 [247/840],否,三级, EDUCATION & EDUCATIONAL RESEARCH 教育学和教育研究,4 [235/754],,,,,,,,,,
International Journal of Child Care and Education Policy,2025,1976-5681/2288-6729,否,否,是,ESCI,1.8,,教育学,4 [248/840],否,三级, EDUCATION & EDUCATIONAL RESEARCH 教育学和教育研究,4 [236/754],,,,,,,,,,
QUEST,2025,0033-6297/1543-2750,否,否,否,SSCI;SCIE,1.7,,教育学,4 [249/840],否,三级, SPORT SCIENCES 运动科学,3 [39/126], EDUCATION & EDUCATIONAL RESEARCH 教育学和教育研究,4 [237/754],,,,,,,,
International Journal of Performance Analysis in Sport,2025,2474-8668/1474-8185,否,否,否,SCIE,1.6,,教育学,4 [250/840],否,三级, SPORT SCIENCES 运动科学,3 [40/126],,,,,,,,,,
Literacy Research and Instruction,2025,1938-8071/1938-8063,否,否,否,ESCI,1.1,,教育学,4 [251/840],否,三级, EDUCATION & EDUCATIONAL RESEARCH 教育学和教育研究,4 [238/754],,,,,,,,,,
Training and Education in Professional Psychology,2025,1931-3918/1931-3926,否,否,否,SSCI,1.4,,教育学,4 [252/840],否,三级," PSYCHOLOGY, EDUCATIONAL 心理学：教育",4 [39/74],,,,,,,,,,
JOURNAL OF MORAL EDUCATION,2025,0305-7240/1465-3877,否,否,否,SSCI,1.8,,教育学,4 [253/840],否,三级, EDUCATION & EDUCATIONAL RESEARCH 教育学和教育研究,4 [239/754],,,,,,,,,,
Tertiary Education and Management,2025,1358-3883/1573-1936,否,否,否,ESCI,1.6,,教育学,4 [254/840],否,三级, EDUCATION & EDUCATIONAL RESEARCH 教育学和教育研究,4 [240/754],,,,,,,,,,
Leadership and Policy in Schools,2025,1570-0763/1744-5043,否,否,否,ESCI,1.3,,教育学,4 [255/840],否,三级, EDUCATION & EDUCATIONAL RESEARCH 教育学和教育研究,4 [241/754],,,,,,,,,,
INTERNATIONAL JOURNAL OF TECHNOLOGY AND DESIGN EDUCATION,2025,0957-7572/1573-1804,否,否,否,SSCI;SCIE,2.7,,教育学,4 [256/840],否,三级," ENGINEERING, MULTIDISCIPLINARY 工程：综合",3 [36/179], EDUCATION & EDUCATIONAL RESEARCH 教育学和教育研究,4 [242/754]," EDUCATION, SCIENTIFIC DISCIPLINES 学科教育",4 [26/86],,,,,,
Arts and Humanities in Higher Education,2025,1474-0222/1741-265X,否,否,否,ESCI,1.1,,教育学,4 [257/840],否,三级, EDUCATION & EDUCATIONAL RESEARCH 教育学和教育研究,4 [243/754],,,,,,,,,,
Open Learning,2025,0268-0513/1469-9958,否,否,否,ESCI,3.1,,教育学,4 [258/840],否,三级, EDUCATION & EDUCATIONAL RESEARCH 教育学和教育研究,4 [244/754],,,,,,,,,,
Research in Science & Technological Education,2025,0263-5143/1470-1138,否,否,否,SSCI,2,,教育学,4 [259/840],否,三级, EDUCATION & EDUCATIONAL RESEARCH 教育学和教育研究,4 [245/754],,,,,,,,,,
Journal of Music Teacher Education,2025,1057-0837/1945-0079,否,否,否,ESCI,0.9,,教育学,4 [260/840],否,三级, EDUCATION & EDUCATIONAL RESEARCH 教育学和教育研究,4 [246/754],,,,,,,,,,
European Journal of Engineering Education,2025,0304-3797/1469-5898,否,否,否,ESCI,2.8,,教育学,4 [261/840],否,三级, EDUCATION & EDUCATIONAL RESEARCH 教育学和教育研究,4 [247/754],,,,,,,,,,
LEARNING DISABILITY QUARTERLY,2025,0731-9487/2168-376X,否,否,否,SSCI,1.2,,教育学,4 [262/840],否,三级, REHABILITATION 康复医学,2 [32/169]," EDUCATION, SPECIAL 特殊教育学",3 [18/62],,,,,,,,
Teaching & Learning Inquiry-The ISSOTL Journal,2025,2167-4779/2167-4787,否,否,是,ESCI,1,,教育学,4 [263/840],否,三级, EDUCATION & EDUCATIONAL RESEARCH 教育学和教育研究,4 [248/754],,,,,,,,,,
Multidisciplinary Journal for Education Social and Technological Sciences,2025,2341-2593/2341-2593,否,否,是,ESCI,0.8,,教育学,4 [264/840],否,三级, EDUCATION & EDUCATIONAL RESEARCH 教育学和教育研究,4 [249/754],,,,,,,,,,
International Journal of Research & Method in Education,2025,1743-727X/1743-7288,否,否,否,ESCI,2.2,,教育学,4 [265/840],否,三级, EDUCATION & EDUCATIONAL RESEARCH 教育学和教育研究,4 [250/754],,,,,,,,,,
Journal of Research on Educational Effectiveness,2025,1934-5747/1934-5739,否,否,否,SSCI,1.6,,教育学,4 [266/840],否,三级, EDUCATION & EDUCATIONAL RESEARCH 教育学和教育研究,4 [251/754],,,,,,,,,,
Journal of Education and Work,2025,1363-9080/1469-9435,否,否,否,ESCI,1.7,,教育学,4 [267/840],否,三级, EDUCATION & EDUCATIONAL RESEARCH 教育学和教育研究,4 [252/754],,,,,,,,,,
Journal of Deaf Studies and Deaf Education,2025,1081-4159/1465-7325,否,否,否,SSCI,1.4,,教育学,4 [268/840],否,三级," EDUCATION, SPECIAL 特殊教育学",3 [19/62], REHABILITATION 康复医学,3 [34/169],,,,,,,,
International Journal of Inclusive Education,2025,1360-3116/1464-5173,否,否,否,SSCI,1.7,,教育学,4 [269/840],否,三级, EDUCATION & EDUCATIONAL RESEARCH 教育学和教育研究,4 [253/754],,,,,,,,,,
International Sport Coaching Journal,2025,2328-918X/2328-9198,否,否,否,ESCI,1.8,,教育学,4 [270/840],否,三级, EDUCATION & EDUCATIONAL RESEARCH 教育学和教育研究,4 [254/754],,,,,,,,,,
EDUCATIONAL AND PSYCHOLOGICAL MEASUREMENT,2025,0013-1644/1552-3888,否,否,否,SSCI;SCIE,2.3,,教育学,4 [271/840],否,三级," MATHEMATICS, INTERDISCIPLINARY APPLICATIONS 数学跨学科应用",2 [29/136]," PSYCHOLOGY, MATHEMATICAL 心理学：数学",3 [5/13]," PSYCHOLOGY, EDUCATIONAL 心理学：教育",4 [40/74],,,,,,
CURRICULUM INQUIRY,2025,0362-6784/1467-873X,否,否,否,SSCI,2.3,,教育学,4 [272/840],否,三级, EDUCATION & EDUCATIONAL RESEARCH 教育学和教育研究,4 [255/754],,,,,,,,,,
Asia-Pacific Journal of Teacher Education,2025,1359-866X/1469-2945,否,否,否,SSCI,1.6,,教育学,4 [273/840],否,三级, EDUCATION & EDUCATIONAL RESEARCH 教育学和教育研究,4 [256/754],,,,,,,,,,
Community College Review,2025,0091-5521/1940-2325,否,否,否,ESCI,1.5,,教育学,4 [274/840],否,三级, EDUCATION & EDUCATIONAL RESEARCH 教育学和教育研究,4 [257/754],,,,,,,,,,
International Journal of Research in Undergraduate Mathematics Education,2025,2198-9745/2198-9753,否,否,否,ESCI,1.8,,教育学,4 [275/840],否,三级, EDUCATION & EDUCATIONAL RESEARCH 教育学和教育研究,4 [258/754],,,,,,,,,,
Australian Journal of Environmental Education,2025,0814-0626/2049-775X,否,否,否,ESCI,2.7,,教育学,4 [276/840],否,三级, EDUCATION & EDUCATIONAL RESEARCH 教育学和教育研究,4 [259/754],,,,,,,,,,
Nordic Journal of Digital Literacy,2025,0809-6724/1891-943X,否,否,是,ESCI,1.6,,教育学,4 [277/840],否,三级, EDUCATION & EDUCATIONAL RESEARCH 教育学和教育研究,4 [260/754],,,,,,,,,,
Frontiers in Education,2025,2504-284X/2504-284X,否,否,是,ESCI,1.9,,教育学,4 [278/840],否,三级, EDUCATION & EDUCATIONAL RESEARCH 教育学和教育研究,4 [261/754],,,,,,,,,,
International Journal for Lesson and Learning Studies,2025,2046-8253/2016-8261,否,否,否,SSCI,,,教育学,4 [279/840],否,三级, EDUCATION & EDUCATIONAL RESEARCH 教育学和教育研究,4 [262/754],,,,,,,,,,
TESOL Journal,2025,1056-7941/1949-3533,否,否,否,ESCI,1.7,,教育学,4 [280/840],否,三级, EDUCATION & EDUCATIONAL RESEARCH 教育学和教育研究,4 [263/754],,,,,,,,,,
TEACHING SOCIOLOGY,2025,0092-055X/1939-862X,否,否,否,SSCI,1.1,,教育学,4 [281/840],否,三级, EDUCATION & EDUCATIONAL RESEARCH 教育学和教育研究,4 [264/754], SOCIOLOGY 社会学,4 [98/216],,,,,,,,
International Research in Geographical and Environmental Education,2025,1038-2046/1747-7611,否,否,否,ESCI,3.1,,教育学,4 [282/840],否,三级, EDUCATION & EDUCATIONAL RESEARCH 教育学和教育研究,4 [265/754],,,,,,,,,,
Curriculum Journal,2025,0958-5176/1469-3704,否,否,否,ESCI,1.7,,教育学,4 [283/840],否,三级, EDUCATION & EDUCATIONAL RESEARCH 教育学和教育研究,4 [266/754],,,,,,,,,,
Journal of Mathematical Behavior,2025,0732-3123/1873-8028,否,否,否,ESCI,1.7,,教育学,4 [284/840],否,三级, EDUCATION & EDUCATIONAL RESEARCH 教育学和教育研究,4 [267/754],,,,,,,,,,
British Journal of Religious Education,2025,0141-6200/1740-7931,否,否,否,SSCI;AHCI,0.7,,教育学,4 [285/840],否,三级, RELIGION 宗教,2 [34/340], EDUCATION & EDUCATIONAL RESEARCH 教育学和教育研究,4 [268/754],,,,,,,,
Vocations and Learning,2025,1874-785X/1874-7868,否,是,是,SSCI,1.8,,教育学,4 [286/840],否,三级, EDUCATION & EDUCATIONAL RESEARCH 教育学和教育研究,4 [269/754],,,,,,,,,,
International Journal of Music Education,2025,0255-7614/1744-795X,否,否,否,SSCI;AHCI,1.2,,教育学,4 [287/840],否,三级, MUSIC 音乐,2 [15/110], EDUCATION & EDUCATIONAL RESEARCH 教育学和教育研究,4 [270/754],,,,,,,,
ELEMENTARY SCHOOL JOURNAL,2025,0013-5984/1554-8279,否,否,否,SSCI,1.4,,教育学,4 [288/840],否,三级, EDUCATION & EDUCATIONAL RESEARCH 教育学和教育研究,4 [271/754],,,,,,,,,,
IEEE TRANSACTIONS ON EDUCATION,2025,0018-9359/1557-9638,否,否,否,SCIE,2,,教育学,4 [289/840],否,三级," ENGINEERING, ELECTRICAL & ELECTRONIC 工程：电子与电气",3 [130/352]," EDUCATION, SCIENTIFIC DISCIPLINES 学科教育",4 [27/86],,,,,,,,
Journal of Education for Students Placed at Risk,2025,1082-4669/1532-7671,否,否,否,ESCI,1.2,,教育学,4 [290/840],否,三级, EDUCATION & EDUCATIONAL RESEARCH 教育学和教育研究,4 [272/754],,,,,,,,,,
Journal of Vocational Education and Training,2025,1363-6820/1747-5090,否,否,否,ESCI,1.4,,教育学,4 [291/840],否,三级, EDUCATION & EDUCATIONAL RESEARCH 教育学和教育研究,4 [273/754],,,,,,,,,,
European Journal for Research on the Education and Learning of Adults,2025,2000-7426/2000-7426,否,否,是,ESCI,,,教育学,4 [292/840],否,三级, EDUCATION & EDUCATIONAL RESEARCH 教育学和教育研究,4 [274/754],,,,,,,,,,
International Journal of Qualitative Studies in Education,2025,0951-8398/1366-5898,否,否,否,ESCI,1.5,,教育学,4 [293/840],否,三级, EDUCATION & EDUCATIONAL RESEARCH 教育学和教育研究,4 [275/754],,,,,,,,,,
International Journal for Research in Vocational Education and Training-IJRVET,2025,2197-8638/2197-8646,否,否,是,ESCI,1.7,,教育学,4 [294/840],否,三级, EDUCATION & EDUCATIONAL RESEARCH 教育学和教育研究,4 [276/754],,,,,,,,,,
Language Teaching for Young Learners,2025,2589-2053/2589-207X,否,否,否,ESCI,1,,教育学,4 [295/840],否,三级, LANGUAGE & LINGUISTICS 语言与语言学,3 [102/391], EDUCATION & EDUCATIONAL RESEARCH 教育学和教育研究,4 [277/754], LINGUISTICS 语言学,4 [127/294],,,,,,
Ocnos-Journal of Reading Research,2025,1885-446X/2254-9099,否,否,是,ESCI,1.1,,教育学,4 [296/840],否,三级, EDUCATION & EDUCATIONAL RESEARCH 教育学和教育研究,4 [278/754],,,,,,,,,,
Revista Electronica Complutense de Investigacion en Educacion Musical-RECIEM,2025,1698-7454/1698-7454,否,否,是,ESCI,0.6,,教育学,4 [297/840],否,三级, MUSIC 音乐,2 [16/110], EDUCATION & EDUCATIONAL RESEARCH 教育学和教育研究,4 [279/754],,,,,,,,
COMPARATIVE EDUCATION REVIEW,2025,0010-4086/1545-701X,否,否,否,SSCI,1.6,,教育学,4 [298/840],否,三级, EDUCATION & EDUCATIONAL RESEARCH 教育学和教育研究,4 [280/754],,,,,,,,,,
International Journal of Technology in Education,2025,2689-2758/2689-2758,否,否,否,ESCI,1.4,,教育学,4 [299/840],否,三级, EDUCATION & EDUCATIONAL RESEARCH 教育学和教育研究,4 [281/754],,,,,,,,,,
QUALITY ASSURANCE IN EDUCATION,2025,0968-4883/1758-7662,否,否,否,ESCI,1.6,,教育学,4 [300/840],否,三级, EDUCATION & EDUCATIONAL RESEARCH 教育学和教育研究,4 [282/754],,,,,,,,,,
Journal of University Teaching and Learning Practice,2025,1449-9789/1449-9789,否,否,否,ESCI,4.4,,教育学,4 [301/840],否,三级, EDUCATION & EDUCATIONAL RESEARCH 教育学和教育研究,4 [283/754],,,,,,,,,,
Reading & Writing Quarterly,2025,1057-3569/1521-0693,否,否,否,SSCI,1.2,,教育学,4 [302/840],否,三级," EDUCATION, SPECIAL 特殊教育学",3 [21/62], EDUCATION & EDUCATIONAL RESEARCH 教育学和教育研究,4 [284/754],,,,,,,,
JOURNAL OF NUTRITION EDUCATION AND BEHAVIOR,2025,1499-4046/1878-2620,否,否,否,SCIE,2.3,,教育学,4 [303/840],否,三级, NUTRITION & DIETETICS 营养学,3 [48/113]," EDUCATION, SCIENTIFIC DISCIPLINES 学科教育",4 [28/86],,,,,,,,
Higher Education Skills and Work-based Learning,2025,2042-3896/2042-390X,否,否,否,ESCI,1.8,,教育学,4 [304/840],否,三级, EDUCATION & EDUCATIONAL RESEARCH 教育学和教育研究,4 [285/754],,,,,,,,,,
ADULT EDUCATION QUARTERLY,2025,0741-7136/1552-3047,否,否,否,SSCI,1.5,,教育学,4 [305/840],否,三级, EDUCATION & EDUCATIONAL RESEARCH 教育学和教育研究,4 [286/754],,,,,,,,,,
Studies in the Education of Adults-NIACE,2025,0266-0830/1478-9833,否,否,否,ESCI,1.2,,教育学,4 [306/840],否,三级, EDUCATION & EDUCATIONAL RESEARCH 教育学和教育研究,4 [287/754],,,,,,,,,,
Journal of Applied Research in Higher Education,2025,2050-7003/1758-1184,否,否,否,ESCI,1.6,,教育学,4 [307/840],否,三级, EDUCATION & EDUCATIONAL RESEARCH 教育学和教育研究,4 [288/754],,,,,,,,,,
Education and Treatment of Children,2025,0748-8491/1934-8924,否,否,否,SSCI,1.4,,教育学,4 [308/840],否,三级," EDUCATION, SPECIAL 特殊教育学",3 [22/62], REHABILITATION 康复医学,3 [46/169],,,,,,,,
European Early Childhood Education Research Journal,2025,1350-293X/1752-1807,否,否,否,SSCI,1.4,,教育学,4 [309/840],否,三级, EDUCATION & EDUCATIONAL RESEARCH 教育学和教育研究,4 [289/754],,,,,,,,,,
International Journal of Science Education Part B-Communication and Public Engagement,2025,2154-8455/2154-8463,否,否,否,ESCI,1.8,,教育学,4 [310/840],否,三级, EDUCATION & EDUCATIONAL RESEARCH 教育学和教育研究,4 [290/754],,,,,,,,,,
Journal of Research in International Education,2025,1475-2409/1741-2943,否,否,否,ESCI,1.4,,教育学,4 [311/840],否,三级, EDUCATION & EDUCATIONAL RESEARCH 教育学和教育研究,4 [291/754],,,,,,,,,,
INNOVATIONS IN EDUCATION AND TEACHING INTERNATIONAL,2025,1470-3297/1470-3300,否,否,否,SSCI,4.9,,教育学,4 [312/840],否,三级, EDUCATION & EDUCATIONAL RESEARCH 教育学和教育研究,4 [292/754],,,,,,,,,,
READING TEACHER,2025,0034-0561/1936-2714,否,否,否,SSCI,1.5,,教育学,4 [313/840],否,三级, EDUCATION & EDUCATIONAL RESEARCH 教育学和教育研究,4 [294/754],,,,,,,,,,
Australian Journal of Language and Literacy,2025,1038-1562/1839-4728,否,否,否,ESCI,1.1,,教育学,4 [314/840],否,三级, EDUCATION & EDUCATIONAL RESEARCH 教育学和教育研究,4 [295/754],,,,,,,,,,
Journal of Research in Childhood Education,2025,0256-8543/2150-2641,否,否,否,ESCI,1.3,,教育学,4 [315/840],否,三级, EDUCATION & EDUCATIONAL RESEARCH 教育学和教育研究,4 [297/754],,,,,,,,,,
Studying Teacher Education,2025,1742-5964/1742-5972,否,否,否,ESCI,1.5,,教育学,4 [316/840],否,三级, EDUCATION & EDUCATIONAL RESEARCH 教育学和教育研究,4 [298/754],,,,,,,,,,
STUDIES IN PHILOSOPHY AND EDUCATION,2025,0039-3746/1573-191X,否,否,否,SSCI;AHCI,0.8,,教育学,4 [317/840],否,三级, PHILOSOPHY 哲学,3 [62/328], EDUCATION & EDUCATIONAL RESEARCH 教育学和教育研究,4 [299/754],,,,,,,,
International Journal of Distance Education Technologies,2025,1539-3100/1539-3119,否,否,否,ESCI,0.7,,教育学,4 [318/840],否,三级, EDUCATION & EDUCATIONAL RESEARCH 教育学和教育研究,4 [300/754],,,,,,,,,,
JOURNAL OF PHILOSOPHY OF EDUCATION,2025,0309-8249/1467-9752,否,否,否,SSCI,0.7,,教育学,4 [319/840],否,三级, HISTORY OF SOCIAL SCIENCES 社会科学史,3 [15/42], EDUCATION & EDUCATIONAL RESEARCH 教育学和教育研究,4 [301/754],,,,,,,,
Journal of Childhood Studies,2025,2371-4107/2371-4115,否,否,是,ESCI,0.6,,教育学,4 [320/840],否,三级, EDUCATION & EDUCATIONAL RESEARCH 教育学和教育研究,4 [302/754],,,,,,,,,,
EDUCATIONAL STUDIES,2025,0305-5698/1465-3400,否,否,否,SSCI,1.6,,教育学,4 [321/840],否,三级, EDUCATION & EDUCATIONAL RESEARCH 教育学和教育研究,4 [303/754],,,,,,,,,,
Cogent Education,2025,2331-186X/2331-186X,否,否,是,ESCI,2,,教育学,4 [322/840],否,三级, EDUCATION & EDUCATIONAL RESEARCH 教育学和教育研究,4 [304/754],,,,,,,,,,
TechTrends,2025,8756-3894/1559-7075,否,否,否,ESCI,3.8,,教育学,4 [323/840],否,三级, EDUCATION & EDUCATIONAL RESEARCH 教育学和教育研究,4 [305/754],,,,,,,,,,
EDUCATIONAL THEORY,2025,0013-2004/1741-5446,否,否,否,ESCI,0.9,,教育学,4 [324/840],否,三级, EDUCATION & EDUCATIONAL RESEARCH 教育学和教育研究,4 [306/754],,,,,,,,,,
Revista Internacional de Educacion para la Justicia Social,2025,2254-3139/2254-3139,否,否,是,ESCI,1.5,,教育学,4 [325/840],否,三级, EDUCATION & EDUCATIONAL RESEARCH 教育学和教育研究,4 [307/754],,,,,,,,,,
Educational Philosophy and Theory,2025,0013-1857/1469-5812,否,否,否,SSCI,1.8,,教育学,4 [326/840],否,三级, EDUCATION & EDUCATIONAL RESEARCH 教育学和教育研究,4 [308/754],,,,,,,,,,
English in Education,2025,0425-0494/1754-8845,否,否,否,SSCI,0.8,,教育学,4 [327/840],否,三级, EDUCATION & EDUCATIONAL RESEARCH 教育学和教育研究,4 [309/754],,,,,,,,,,
JOURNAL OF CONTINUING EDUCATION IN THE HEALTH PROFESSIONS,2025,0894-1912/1554-558X,否,否,否,SCIE,1.7,,教育学,4 [328/840],否,三级," EDUCATION, SCIENTIFIC DISCIPLINES 学科教育",4 [29/86], HEALTH CARE SCIENCES & SERVICES 卫生保健与服务,4 [69/173],,,,,,,,
Research in Mathematics Education,2025,1479-4802/1754-0178,否,否,否,ESCI,1.1,,教育学,4 [329/840],否,三级, EDUCATION & EDUCATIONAL RESEARCH 教育学和教育研究,4 [310/754],,,,,,,,,,
Higher Education Policy,2025,0952-8733/1740-3863,否,否,否,SSCI,2.4,,教育学,4 [330/840],否,三级, EDUCATION & EDUCATIONAL RESEARCH 教育学和教育研究,4 [311/754],,,,,,,,,,
Canadian Journal of Science Mathematics and Technology Education,2025,1492-6156/1942-4051,否,否,否,ESCI,0.9,,教育学,4 [331/840],否,三级," EDUCATION, SCIENTIFIC DISCIPLINES 学科教育",4 [30/86],,,,,,,,,,
JOURNAL OF EDUCATIONAL RESEARCH,2025,0022-0671/1940-0675,否,否,否,SSCI,1.8,,教育学,4 [332/840],否,三级, EDUCATION & EDUCATIONAL RESEARCH 教育学和教育研究,4 [312/754],,,,,,,,,,
Journal of Research on Leadership Education,2025,1942-7751/1942-7751,否,否,否,ESCI,1.6,,教育学,4 [333/840],否,三级, EDUCATION & EDUCATIONAL RESEARCH 教育学和教育研究,4 [313/754],,,,,,,,,,
Teoria de la Educacion,2025,1130-3743/2386-5660,否,否,是,ESCI,1.4,,教育学,4 [334/840],否,三级, EDUCATION & EDUCATIONAL RESEARCH 教育学和教育研究,4 [314/754],,,,,,,,,,
Journal of Adventure Education and Outdoor Learning,2025,1472-9679/1754-0402,否,否,否,ESCI,1.6,,教育学,4 [335/840],否,三级, EDUCATION & EDUCATIONAL RESEARCH 教育学和教育研究,4 [315/754],,,,,,,,,,
Asia Pacific Journal of Education,2025,0218-8791/1742-6855,否,否,否,SSCI,1.7,,教育学,4 [336/840],否,三级, EDUCATION & EDUCATIONAL RESEARCH 教育学和教育研究,4 [316/754],,,,,,,,,,
Journal of Statistics and Data Science Education,2025,2693-9169/2693-9169,否,否,是,ESCI,1.6,,教育学,4 [337/840],否,三级," EDUCATION, SCIENTIFIC DISCIPLINES 学科教育",4 [31/86],,,,,,,,,,
Contemporary Educational Technology,2025,1309-517X/1309-517X,否,否,否,ESCI,4.3,,教育学,4 [338/840],否,三级, EDUCATION & EDUCATIONAL RESEARCH 教育学和教育研究,4 [317/754],,,,,,,,,,
Journal of International Students,2025,2162-3104/2166-3750,否,否,是,ESCI,1.5,,教育学,4 [339/840],否,三级, EDUCATION & EDUCATIONAL RESEARCH 教育学和教育研究,4 [318/754],,,,,,,,,,
Early Years,2025,0957-5146/1472-4421,否,否,否,SSCI,1,,教育学,4 [340/840],否,三级, EDUCATION & EDUCATIONAL RESEARCH 教育学和教育研究,4 [319/754],,,,,,,,,,
International Journal of Engineering Pedagogy,2025,2192-4880/2192-4880,否,否,是,ESCI,1.7,,教育学,4 [341/840],否,三级," EDUCATION, SCIENTIFIC DISCIPLINES 学科教育",4 [32/86],,,,,,,,,,
CALICO Journal,2025,2056-9017/2056-9017,否,否,否,ESCI,2.1,,教育学,4 [342/840],否,三级, EDUCATION & EDUCATIONAL RESEARCH 教育学和教育研究,4 [320/754],,,,,,,,,,
International Journal of Medical Education,2025,2042-6372/2042-6372,否,否,否,ESCI,1.9,,教育学,4 [343/840],否,三级," EDUCATION, SCIENTIFIC DISCIPLINES 学科教育",4 [33/86],,,,,,,,,,
Journal of Marketing for Higher Education,2025,0884-1241/1540-7144,否,否,否,SSCI,2.1,,教育学,4 [344/840],否,三级, BUSINESS 商业：管理,4 [158/302], EDUCATION & EDUCATIONAL RESEARCH 教育学和教育研究,4 [321/754],,,,,,,,
Teaching Mathematics and Its Applications,2025,0268-3679/1471-6976,否,否,否,ESCI,0.9,,教育学,4 [345/840],否,三级, EDUCATION & EDUCATIONAL RESEARCH 教育学和教育研究,4 [322/754],,,,,,,,,,
Issues in Educational Research,2025,1837-6290/1837-6290,否,否,是,ESCI,1.3,,教育学,4 [346/840],否,三级, EDUCATION & EDUCATIONAL RESEARCH 教育学和教育研究,4 [323/754],,,,,,,,,,
On the Horizon,2025,1074-8121/2054-1708,否,否,否,ESCI,1.4,,教育学,4 [347/840],否,三级, EDUCATION & EDUCATIONAL RESEARCH 教育学和教育研究,4 [324/754],,,,,,,,,,
International Review of Economics Education,2025,1477-3880/2352-4421,否,否,否,SSCI,1.4,,教育学,4 [348/840],否,三级, ECONOMICS 经济学,4 [238/599], EDUCATION & EDUCATIONAL RESEARCH 教育学和教育研究,4 [325/754],,,,,,,,
EDUCATIONAL FORUM,2025,0013-1725/1938-8098,否,否,否,ESCI,0.9,,教育学,4 [349/840],否,三级, EDUCATION & EDUCATIONAL RESEARCH 教育学和教育研究,4 [326/754],,,,,,,,,,
Journal of College Student Retention-Research Theory & Practice,2025,1521-0251/1541-4167,否,否,否,ESCI,1.1,,教育学,4 [350/840],否,三级, EDUCATION & EDUCATIONAL RESEARCH 教育学和教育研究,4 [328/754],,,,,,,,,,
History of Education,2025,0046-760X/1464-5130,否,否,否,SSCI,0.6,,教育学,4 [351/840],否,三级, HISTORY OF SOCIAL SCIENCES 社会科学史,3 [17/42], EDUCATION & EDUCATIONAL RESEARCH 教育学和教育研究,4 [329/754],,,,,,,,
TEACHERS COLLEGE RECORD,2025,0161-4681/1467-9620,否,否,否,SSCI,1.9,,教育学,4 [352/840],否,三级, EDUCATION & EDUCATIONAL RESEARCH 教育学和教育研究,4 [330/754],,,,,,,,,,
Policy Futures in Education,2025,1478-2103/1478-2103,否,否,否,ESCI,1.4,,教育学,4 [353/840],否,三级, EDUCATION & EDUCATIONAL RESEARCH 教育学和教育研究,4 [331/754],,,,,,,,,,
Contemporary Issues in Early Childhood,2025,1463-9491/1463-9491,否,否,否,ESCI,1.8,,教育学,4 [354/840],否,三级, EDUCATION & EDUCATIONAL RESEARCH 教育学和教育研究,4 [332/754],,,,,,,,,,
AUSTRALIAN JOURNAL OF EDUCATION,2025,0004-9441/2050-5884,否,否,否,SSCI,2.6,,教育学,4 [355/840],否,三级, EDUCATION & EDUCATIONAL RESEARCH 教育学和教育研究,4 [333/754],,,,,,,,,,
Zeitschrift fur Erziehungswissenschaft,2025,1434-663X/1862-5215,否,否,否,SSCI,1,,教育学,4 [356/840],否,三级, EDUCATION & EDUCATIONAL RESEARCH 教育学和教育研究,4 [334/754],,,,,,,,,,
JOURNAL OF EDUCATIONAL MEASUREMENT,2025,0022-0655/1745-3984,否,否,否,SSCI,1.6,,教育学,4 [357/840],否,三级," PSYCHOLOGY, APPLIED 心理学：应用",4 [65/112]," PSYCHOLOGY, EDUCATIONAL 心理学：教育",4 [44/74]," PSYCHOLOGY, MATHEMATICAL 心理学：数学",4 [8/13],,,,,,
Sex Education-Sexuality Society and Learning,2025,1468-1811/1472-0825,否,否,否,SSCI,1.9,,教育学,4 [358/840],否,三级, EDUCATION & EDUCATIONAL RESEARCH 教育学和教育研究,4 [335/754]," PUBLIC, ENVIRONMENTAL & OCCUPATIONAL HEALTH 公共卫生、环境卫生与职业卫生",4 [177/404],,,,,,,,
International Journal of Work-Integrated Learning,2025,2538-1032/2538-1032,否,否,是,ESCI,1.5,,教育学,4 [359/840],否,三级, EDUCATION & EDUCATIONAL RESEARCH 教育学和教育研究,4 [336/754],,,,,,,,,,
Journal of Educational Evaluation for Health Professions,2025,1975-5937/1975-5937,否,否,是,ESCI,3.7,,教育学,4 [360/840],否,三级," EDUCATION, SCIENTIFIC DISCIPLINES 学科教育",4 [34/86],,,,,,,,,,
Iranian Journal of Language Teaching Research,2025,2322-1291/2322-1291,否,否,是,ESCI,1.4,,教育学,4 [361/840],否,三级, EDUCATION & EDUCATIONAL RESEARCH 教育学和教育研究,4 [337/754],,,,,,,,,,
Power and Education,2025,1757-7438/1757-7438,否,否,是,ESCI,1,,教育学,4 [362/840],否,三级, EDUCATION & EDUCATIONAL RESEARCH 教育学和教育研究,4 [340/754],,,,,,,,,,
International Journal of Education through Art,2025,1743-5234/2040-090X,否,否,否,ESCI,0.9,,教育学,4 [363/840],否,三级, EDUCATION & EDUCATIONAL RESEARCH 教育学和教育研究,4 [341/754],,,,,,,,,,
HEALTH EDUCATION RESEARCH,2025,0268-1153/1465-3648,否,否,否,SSCI,2,,教育学,4 [364/840],否,三级, EDUCATION & EDUCATIONAL RESEARCH 教育学和教育研究,4 [342/754]," PUBLIC, ENVIRONMENTAL & OCCUPATIONAL HEALTH 公共卫生、环境卫生与职业卫生",4 [179/404],,,,,,,,
Education Citizenship and Social Justice,2025,1746-1979/1746-1987,否,否,否,ESCI,1.3,,教育学,4 [365/840],否,三级, EDUCATION & EDUCATIONAL RESEARCH 教育学和教育研究,4 [344/754],,,,,,,,,,
Journal of International Education in Business,2025,2046-469X/1836-3261,否,否,否,ESCI,2.5,,教育学,4 [366/840],否,三级, EDUCATION & EDUCATIONAL RESEARCH 教育学和教育研究,4 [345/754],,,,,,,,,,
Advances in Medical Education and Practice,2025,1179-7258/1179-7258,否,否,是,ESCI,1.7,,教育学,4 [367/840],否,三级," EDUCATION, SCIENTIFIC DISCIPLINES 学科教育",4 [35/86],,,,,,,,,,
Journal of Behavioral Education,2025,1053-0819/1573-3513,否,否,否,SSCI,1.2,,教育学,4 [368/840],否,三级," EDUCATION, SPECIAL 特殊教育学",4 [25/62],,,,,,,,,,
Research in Education,2025,0034-5237/2050-4608,否,否,否,ESCI,1.7,,教育学,4 [369/840],否,三级, EDUCATION & EDUCATIONAL RESEARCH 教育学和教育研究,4 [346/754],,,,,,,,,,
European Journal of Dental Education,2025,1396-5883/1600-0579,否,否,否,SCIE,1.9,,教育学,4 [370/840],否,三级," DENTISTRY, ORAL SURGERY & MEDICINE 牙科与口腔外科",4 [69/157]," EDUCATION, SCIENTIFIC DISCIPLINES 学科教育",4 [36/86],,,,,,,,
ASSESSMENT FOR EFFECTIVE INTERVENTION,2025,1534-5084/1938-7458,否,否,否,ESCI,0.8,,教育学,4 [371/840],否,三级, EDUCATION & EDUCATIONAL RESEARCH 教育学和教育研究,4 [347/754],,,,,,,,,,
International Journal of Early Years Education,2025,0966-9760/1469-8463,否,否,否,ESCI,1.3,,教育学,4 [372/840],否,三级, EDUCATION & EDUCATIONAL RESEARCH 教育学和教育研究,4 [348/754],,,,,,,,,,
Journal of Agricultural Education & Extension,2025,1389-224X/1750-8622,否,否,否,SSCI,2.6,,教育学,4 [373/840],否,三级, EDUCATION & EDUCATIONAL RESEARCH 教育学和教育研究,4 [349/754], ENVIRONMENTAL STUDIES 环境研究,4 [116/183],,,,,,,,
British Journal of Music Education,2025,0265-0517/1469-2104,否,否,否,SSCI;AHCI,0.8,,教育学,4 [374/840],否,三级, MUSIC 音乐,3 [28/110], EDUCATION & EDUCATIONAL RESEARCH 教育学和教育研究,4 [351/754],,,,,,,,
Intercultural Education,2025,1467-5986/1469-8439,否,否,否,ESCI,0.8,,教育学,4 [375/840],否,三级, EDUCATION & EDUCATIONAL RESEARCH 教育学和教育研究,4 [352/754],,,,,,,,,,
Changing English-Studies in Culture and Education,2025,1358-684X/1469-3585,否,否,否,ESCI,0.6,,教育学,4 [376/840],否,三级, EDUCATION & EDUCATIONAL RESEARCH 教育学和教育研究,4 [353/754],,,,,,,,,,
Medical Science Educator,2025,2156-8650/2156-8650,否,否,否,ESCI,1.8,,教育学,4 [377/840],否,三级," EDUCATION, SCIENTIFIC DISCIPLINES 学科教育",4 [37/86],,,,,,,,,,
Electronic Journal of e-Learning,2025,1479-4403/1479-4403,否,否,是,ESCI,2.7,,教育学,4 [378/840],否,三级, EDUCATION & EDUCATIONAL RESEARCH 教育学和教育研究,4 [354/754],,,,,,,,,,
JOURNAL FOR THE EDUCATION OF THE GIFTED,2025,0162-3532/2162-9501,否,否,否,ESCI,1.5,,教育学,4 [379/840],否,三级," EDUCATION, SPECIAL 特殊教育学",4 [27/62],,,,,,,,,,
AIDS EDUCATION AND PREVENTION,2025,0899-9546/1943-2755,否,否,否,SSCI,1.2,,教育学,4 [380/840],否,三级, EDUCATION & EDUCATIONAL RESEARCH 教育学和教育研究,4 [355/754]," PUBLIC, ENVIRONMENTAL & OCCUPATIONAL HEALTH 公共卫生、环境卫生与职业卫生",4 [190/404],,,,,,,,
INTERNATIONAL JOURNAL OF ART & DESIGN EDUCATION,2025,1476-8062/1476-8070,否,否,否,SSCI;AHCI,1.2,,教育学,4 [381/840],否,三级, ART 艺术,2 [15/144], EDUCATION & EDUCATIONAL RESEARCH 教育学和教育研究,4 [356/754],,,,,,,,
Research in Learning Technology,2025,2156-7069/2156-7077,否,否,是,ESCI,1.2,,教育学,4 [382/840],否,三级, EDUCATION & EDUCATIONAL RESEARCH 教育学和教育研究,4 [357/754],,,,,,,,,,
INTERNATIONAL JOURNAL OF EARLY CHILDHOOD,2025,0020-7187/1878-4658,否,否,否,ESCI,1.8,,教育学,4 [383/840],否,三级, EDUCATION & EDUCATIONAL RESEARCH 教育学和教育研究,4 [358/754],,,,,,,,,,
COMPUTERS IN THE SCHOOLS,2025,0738-0569/1528-7033,否,否,否,ESCI,1.9,,教育学,4 [384/840],否,三级, EDUCATION & EDUCATIONAL RESEARCH 教育学和教育研究,4 [359/754],,,,,,,,,,
Mind Brain and Education,2025,1751-2271/1751-228X,否,否,否,SSCI,2.2,,教育学,4 [385/840],否,三级, EDUCATION & EDUCATIONAL RESEARCH 教育学和教育研究,4 [360/754]," PSYCHOLOGY, DEVELOPMENTAL 心理学：发育",4 [65/91],,,,,,,,
Turkish Online Journal of Distance Education,2025,1302-6488/1302-6488,否,否,是,ESCI,1.1,,教育学,4 [386/840],否,三级, EDUCATION & EDUCATIONAL RESEARCH 教育学和教育研究,4 [361/754],,,,,,,,,,
JOURNAL OF SOCIAL WORK EDUCATION,2025,1043-7797/2163-5811,否,否,否,SSCI,1.2,,教育学,4 [387/840],否,三级, EDUCATION & EDUCATIONAL RESEARCH 教育学和教育研究,4 [362/754], SOCIAL WORK 社会工作,4 [31/91],,,,,,,,
Journal of Research in Special Educational Needs,2025,1471-3802/1471-3802,否,否,否,ESCI,1,,教育学,4 [388/840],否,三级," EDUCATION, SPECIAL 特殊教育学",4 [28/62],,,,,,,,,,
Journal of Medical Education and Curricular Development,2025,2382-1205/2382-1205,否,否,是,ESCI,1.6,,教育学,4 [389/840],否,三级," EDUCATION, SCIENTIFIC DISCIPLINES 学科教育",4 [38/86],,,,,,,,,,
Journal of Second Language Studies,2025,2542-3835/2542-3843,否,否,否,ESCI,1,,教育学,4 [390/840],否,三级, LANGUAGE & LINGUISTICS 语言与语言学,3 [143/391], EDUCATION & EDUCATIONAL RESEARCH 教育学和教育研究,4 [363/754], LINGUISTICS 语言学,4 [168/294],,,,,,
Law Teacher,2025,0306-9400/1943-0353,否,否,否,ESCI,1.2,,教育学,4 [391/840],否,三级, EDUCATION & EDUCATIONAL RESEARCH 教育学和教育研究,4 [364/754],,,,,,,,,,
International Journal for Academic Development,2025,1360-144X/1470-1324,否,否,否,SSCI,1.4,,教育学,4 [392/840],否,三级, EDUCATION & EDUCATIONAL RESEARCH 教育学和教育研究,4 [365/754],,,,,,,,,,
Innoeduca-International Journal of Technology and Educational Innovation,2025,2444-2925/2444-2925,否,否,是,ESCI,3.3,,教育学,4 [393/840],否,三级, EDUCATION & EDUCATIONAL RESEARCH 教育学和教育研究,4 [366/754],,,,,,,,,,
Journal of Special Education Technology,2025,0162-6434/2381-3121,否,否,否,SSCI,1.5,,教育学,4 [394/840],否,三级," EDUCATION, SPECIAL 特殊教育学",4 [30/62], REHABILITATION 康复医学,4 [73/169],,,,,,,,
International Journal for Educational and Vocational Guidance,2025,1873-0388/1573-1782,否,否,否,SSCI,1.7,,教育学,4 [395/840],否,三级, EDUCATION & EDUCATIONAL RESEARCH 教育学和教育研究,4 [367/754]," PSYCHOLOGY, APPLIED 心理学：应用",4 [73/112],,,,,,,,
Journal of Teaching and Learning,2025,1492-1154/1911-8279,否,否,是,ESCI,1.8,,教育学,4 [396/840],否,三级, EDUCATION & EDUCATIONAL RESEARCH 教育学和教育研究,4 [368/754],,,,,,,,,,
Reading & Writing-Journal of the Reading Association of South Africa,2025,2079-8245/2308-1422,否,否,是,ESCI,0.7,,教育学,4 [397/840],否,三级, EDUCATION & EDUCATIONAL RESEARCH 教育学和教育研究,4 [369/754],,,,,,,,,,
COMPUTER APPLICATIONS IN ENGINEERING EDUCATION,2025,1061-3773/1099-0542,否,否,否,SCIE,2.2,,教育学,4 [398/840],否,三级," ENGINEERING, MULTIDISCIPLINARY 工程：综合",3 [47/179]," COMPUTER SCIENCE, INTERDISCIPLINARY APPLICATIONS 计算机：跨学科应用",4 [90/172]," EDUCATION, SCIENTIFIC DISCIPLINES 学科教育",4 [39/86],,,,,,
Journal of Museum Education,2025,1059-8650/2051-6169,否,否,否,ESCI,0.6,,教育学,4 [399/840],否,三级, EDUCATION & EDUCATIONAL RESEARCH 教育学和教育研究,4 [370/754],,,,,,,,,,
Adult Learning,2025,1045-1595/2162-4070,否,否,否,ESCI,1.3,,教育学,4 [400/840],否,三级, EDUCATION & EDUCATIONAL RESEARCH 教育学和教育研究,4 [371/754],,,,,,,,,,
Sport Management Education Journal,2025,1938-6974/2163-2367,否,否,否,ESCI,1.1,,教育学,4 [401/840],否,三级, EDUCATION & EDUCATIONAL RESEARCH 教育学和教育研究,4 [372/754],,,,,,,,,,
L1 Educational Studies in Language and Literature,2025,1573-1731/1573-1731,否,否,否,ESCI,0.7,,教育学,4 [402/840],否,三级, EDUCATION & EDUCATIONAL RESEARCH 教育学和教育研究,4 [373/754],,,,,,,,,,
SIMULATION & GAMING,2025,1046-8781/1552-826X,否,否,否,ESCI,1.8,,教育学,4 [403/840],否,三级, EDUCATION & EDUCATIONAL RESEARCH 教育学和教育研究,4 [374/754],,,,,,,,,,
Ethics and Education,2025,1744-9642/1744-9650,否,否,否,ESCI,0.7,,教育学,4 [404/840],否,三级, EDUCATION & EDUCATIONAL RESEARCH 教育学和教育研究,4 [375/754],,,,,,,,,,
International Journal of Education in Mathematics Science and Technology,2025,2147-611X/2147-611X,否,否,否,ESCI,1.1,,教育学,4 [405/840],否,三级," EDUCATION, SCIENTIFIC DISCIPLINES 学科教育",4 [40/86],,,,,,,,,,
Learning and Teaching in Higher Education-Gulf Perspectives,2025,2077-5504/2077-5504,否,否,是,ESCI,,,教育学,4 [406/840],否,三级, EDUCATION & EDUCATIONAL RESEARCH 教育学和教育研究,4 [376/754],,,,,,,,,,
Teaching Statistics,2025,0141-982X/1467-9639,否,否,否,ESCI,0.8,,教育学,4 [407/840],否,三级, EDUCATION & EDUCATIONAL RESEARCH 教育学和教育研究,4 [377/754],,,,,,,,,,
Educational Measurement-Issues and Practice,2025,0731-1745/1745-3992,否,否,否,SSCI,1.9,,教育学,4 [408/840],否,三级, EDUCATION & EDUCATIONAL RESEARCH 教育学和教育研究,4 [378/754]," PSYCHOLOGY, EDUCATIONAL 心理学：教育",4 [48/74],,,,,,,,
JOURNAL OF ENVIRONMENTAL EDUCATION,2025,0095-8964/1940-1892,否,否,否,SSCI,2.4,,教育学,4 [409/840],否,三级, EDUCATION & EDUCATIONAL RESEARCH 教育学和教育研究,4 [379/754], ENVIRONMENTAL STUDIES 环境研究,4 [118/183],,,,,,,,
NEW ZEALAND JOURNAL OF EDUCATIONAL STUDIES,2025,0028-8276/2199-4714,否,否,否,ESCI,1.5,,教育学,4 [410/840],否,三级, EDUCATION & EDUCATIONAL RESEARCH 教育学和教育研究,4 [380/754],,,,,,,,,,
Quality in Higher Education,2025,1353-8322/1470-1081,否,否,否,ESCI,1.5,,教育学,4 [411/840],否,三级, EDUCATION & EDUCATIONAL RESEARCH 教育学和教育研究,4 [381/754],,,,,,,,,,
Cultural Studies of Science Education,2025,1871-1502/1871-1510,否,否,否,SSCI;AHCI,1.5,,教育学,4 [412/840],否,三级, CULTURAL STUDIES 文化研究,4 [31/59], EDUCATION & EDUCATIONAL RESEARCH 教育学和教育研究,4 [382/754],,,,,,,,
Journal of Legal Studies Education,2025,0896-5811/1744-1722,否,否,否,ESCI,<0.1,,教育学,4 [413/840],否,三级, LAW 法学,4 [141/427],,,,,,,,,,
British Journal of Special Education,2025,0952-3383/1467-8578,否,否,否,ESCI,1.4,,教育学,4 [414/840],否,三级," EDUCATION, SPECIAL 特殊教育学",4 [32/62],,,,,,,,,,
SOCIAL WORK EDUCATION,2025,0261-5479/1470-1227,否,否,否,ESCI,1.1,,教育学,4 [415/840],否,三级, EDUCATION & EDUCATIONAL RESEARCH 教育学和教育研究,4 [383/754],,,,,,,,,,
Journal for Multicultural Education,2025,2053-535X/2053-535X,否,否,否,ESCI,1.3,,教育学,4 [416/840],否,三级, EDUCATION & EDUCATIONAL RESEARCH 教育学和教育研究,4 [384/754],,,,,,,,,,
JOURNAL OF PSYCHOEDUCATIONAL ASSESSMENT,2025,0734-2829/1557-5144,否,否,否,SSCI,1.2,,教育学,4 [417/840],否,三级," PSYCHOLOGY, EDUCATIONAL 心理学：教育",4 [51/74],,,,,,,,,,
Informatics in Education,2025,1648-5831/2335-8971,否,否,是,ESCI,2.8,,教育学,4 [418/840],否,三级, EDUCATION & EDUCATIONAL RESEARCH 教育学和教育研究,4 [385/754],,,,,,,,,,
ECNU Review of Education,2025,2096-5311/2632-1742,否,否,是,ESCI,2.6,,教育学,4 [419/840],否,三级, EDUCATION & EDUCATIONAL RESEARCH 教育学和教育研究,4 [386/754],,,,,,,,,,
JOURNAL OF COLLEGE STUDENT DEVELOPMENT,2025,0897-5264/1543-3382,否,否,否,SSCI,1.3,,教育学,4 [420/840],否,三级, EDUCATION & EDUCATIONAL RESEARCH 教育学和教育研究,4 [387/754]," PSYCHOLOGY, APPLIED 心理学：应用",4 [74/112],,,,,,,,
London Review of Education,2025,1474-8460/1474-8479,否,否,是,ESCI,1.1,,教育学,4 [421/840],否,三级, EDUCATION & EDUCATIONAL RESEARCH 教育学和教育研究,4 [388/754],,,,,,,,,,
Journal of Formative Design in Learning,2025,2509-8039/2509-8039,否,否,否,ESCI,0.9,,教育学,4 [422/840],否,三级, EDUCATION & EDUCATIONAL RESEARCH 教育学和教育研究,4 [389/754],,,,,,,,,,
English Teaching-Practice and Critique,2025,1175-8708/1175-8708,否,否,否,SSCI;AHCI,1.2,,教育学,4 [423/840],否,三级, EDUCATION & EDUCATIONAL RESEARCH 教育学和教育研究,4 [390/754], LANGUAGE & LINGUISTICS 语言与语言学,4 [161/391], LINGUISTICS 语言学,4 [179/294],,,,,,
Research in Post-Compulsory Education,2025,1359-6748/1747-5112,否,否,否,ESCI,0.9,,教育学,4 [424/840],否,三级, EDUCATION & EDUCATIONAL RESEARCH 教育学和教育研究,4 [391/754],,,,,,,,,,
Chemistry Teacher International,2025,2569-3263/2569-3263,否,否,是,ESCI,1.6,,教育学,4 [425/840],否,三级," EDUCATION, SCIENTIFIC DISCIPLINES 学科教育",4 [41/86],,,,,,,,,,
International Journal of Education and the Arts,2025,1529-8094/1529-8094,否,否,是,ESCI,0.9,,教育学,4 [426/840],否,三级, EDUCATION & EDUCATIONAL RESEARCH 教育学和教育研究,4 [392/754],,,,,,,,,,
Educational Research for Policy and Practice,2025,1570-2081/1573-1723,否,否,否,ESCI,2.1,,教育学,4 [427/840],否,三级, EDUCATION & EDUCATIONAL RESEARCH 教育学和教育研究,4 [393/754],,,,,,,,,,
Journal of Peace Education,2025,1740-0201/1740-021X,否,否,否,ESCI,1.3,,教育学,4 [428/840],否,三级, EDUCATION & EDUCATIONAL RESEARCH 教育学和教育研究,4 [394/754],,,,,,,,,,
Australian Journal of Teacher Education,2025,1835-517X/1835-517X,否,否,否,ESCI,0.5,,教育学,4 [429/840],否,三级, EDUCATION & EDUCATIONAL RESEARCH 教育学和教育研究,4 [395/754],,,,,,,,,,
Journal of Adult and Continuing Education,2025,1477-9714/1479-7194,否,否,否,ESCI,1.3,,教育学,4 [430/840],否,三级, EDUCATION & EDUCATIONAL RESEARCH 教育学和教育研究,4 [396/754],,,,,,,,,,
Educational Psychology in Practice,2025,0266-7363/1469-5839,否,否,否,ESCI,1.4,,教育学,4 [431/840],否,三级," PSYCHOLOGY, EDUCATIONAL 心理学：教育",4 [54/74],,,,,,,,,,
Australian Journal of Indigenous Education,2025,1326-0111/2049-7784,否,否,是,ESCI,1,,教育学,4 [432/840],否,三级, EDUCATION & EDUCATIONAL RESEARCH 教育学和教育研究,4 [398/754],,,,,,,,,,
Educational Media International,2025,0952-3987/1469-5790,否,否,否,ESCI,1.1,,教育学,4 [433/840],否,三级, EDUCATION & EDUCATIONAL RESEARCH 教育学和教育研究,4 [399/754],,,,,,,,,,
MANAGEMENT IN EDUCATION,2025,0892-0206/1741-9883,否,否,否,ESCI,3,,教育学,4 [434/840],否,三级, EDUCATION & EDUCATIONAL RESEARCH 教育学和教育研究,4 [400/754],,,,,,,,,,
International Journal of School & Educational Psychology,2025,2168-3603/2168-3611,否,否,否,ESCI,1.2,,教育学,4 [435/840],否,三级, EDUCATION & EDUCATIONAL RESEARCH 教育学和教育研究,4 [401/754]," PSYCHOLOGY, EDUCATIONAL 心理学：教育",4 [55/74],,,,,,,,
Malaysian Journal of Learning & Instruction,2025,1675-8110/2180-2483,否,否,是,ESCI,0.8,,教育学,4 [436/840],否,三级, EDUCATION & EDUCATIONAL RESEARCH 教育学和教育研究,4 [402/754],,,,,,,,,,
Journal of Advanced Academics,2025,1932-202X/2162-9536,否,否,否,ESCI,1.6,,教育学,4 [437/840],否,三级," EDUCATION, SPECIAL 特殊教育学",4 [36/62],,,,,,,,,,
Campus Virtuales,2025,2255-1514/2255-1514,否,否,否,ESCI,1,,教育学,4 [438/840],否,三级, EDUCATION & EDUCATIONAL RESEARCH 教育学和教育研究,4 [403/754],,,,,,,,,,
International Journal of Serious Games,2025,2384-8766/2384-8766,否,否,是,ESCI,2.2,,教育学,4 [439/840],否,三级, EDUCATION & EDUCATIONAL RESEARCH 教育学和教育研究,4 [404/754],,,,,,,,,,
Journal of Information Technology Education-Research,2025,1547-9714/1539-3585,否,否,否,ESCI,2.2,,教育学,4 [440/840],否,三级, EDUCATION & EDUCATIONAL RESEARCH 教育学和教育研究,4 [405/754],,,,,,,,,,
PHI DELTA KAPPAN,2025,0031-7217/1940-6487,否,否,否,SSCI,1.1,,教育学,4 [441/840],否,三级, EDUCATION & EDUCATIONAL RESEARCH 教育学和教育研究,4 [406/754],,,,,,,,,,
COMMUNICATION EDUCATION,2025,0363-4523/1479-5795,否,否,否,ESCI,0.8,,教育学,4 [442/840],否,三级, COMMUNICATION 传播学,4 [132/223], EDUCATION & EDUCATIONAL RESEARCH 教育学和教育研究,4 [407/754],,,,,,,,
Deafness & Education International,2025,1464-3154/1557-069X,否,否,否,ESCI,1,,教育学,4 [443/840],否,三级, EDUCATION & EDUCATIONAL RESEARCH 教育学和教育研究,4 [408/754],,,,,,,,,,
Pastoral Care in Education,2025,0264-3944/1468-0122,否,否,否,ESCI,1.1,,教育学,4 [444/840],否,三级, EDUCATION & EDUCATIONAL RESEARCH 教育学和教育研究,4 [409/754],,,,,,,,,,
Qualitative Research in Education,2025,2014-6418/2014-6418,否,否,是,ESCI,0.8,,教育学,4 [445/840],否,三级, EDUCATION & EDUCATIONAL RESEARCH 教育学和教育研究,4 [410/754],,,,,,,,,,
Teacher Development,2025,1366-4530/1747-5120,否,否,否,ESCI,1.1,,教育学,4 [446/840],否,三级, EDUCATION & EDUCATIONAL RESEARCH 教育学和教育研究,4 [411/754],,,,,,,,,,
Asia-Pacific Science Education,2025,2364-1177/2364-1177,否,否,是,ESCI,0.7,,教育学,4 [447/840],否,三级, EDUCATION & EDUCATIONAL RESEARCH 教育学和教育研究,4 [412/754]," EDUCATION, SCIENTIFIC DISCIPLINES 学科教育",4 [43/86],,,,,,,,
Studies in Art Education,2025,0039-3541/2325-8039,否,否,否,ESCI,0.7,,教育学,4 [448/840],否,三级, EDUCATION & EDUCATIONAL RESEARCH 教育学和教育研究,4 [413/754],,,,,,,,,,
Education in the Knowledge Society,2025,2444-8729/2444-8729,否,否,是,ESCI,2.8,,教育学,4 [449/840],否,三级, EDUCATION & EDUCATIONAL RESEARCH 教育学和教育研究,4 [414/754],,,,,,,,,,
GMS Journal for Medical Education,2025,2366-5017/2366-5017,否,否,是,ESCI,1.7,,教育学,4 [450/840],否,三级," EDUCATION, SCIENTIFIC DISCIPLINES 学科教育",4 [44/86],,,,,,,,,,
PAEDAGOGICA HISTORICA,2025,0030-9230/1477-674X,否,否,否,SSCI,0.3,,教育学,4 [451/840],否,三级, EDUCATION & EDUCATIONAL RESEARCH 教育学和教育研究,4 [417/754], HISTORY OF SOCIAL SCIENCES 社会科学史,4 [24/42],,,,,,,,
Journal of Microbiology & Biology Education,2025,1935-7877/1935-7885,否,否,是,ESCI,1.5,,教育学,4 [452/840],否,三级," EDUCATION, SCIENTIFIC DISCIPLINES 学科教育",4 [45/86],,,,,,,,,,
International Journal of Comparative Education and Development,2025,2396-7404/2396-7404,否,否,否,ESCI,1.4,,教育学,4 [453/840],否,三级, EDUCATION & EDUCATIONAL RESEARCH 教育学和教育研究,4 [418/754],,,,,,,,,,
Measurement in Physical Education and Exercise Science,2025,1091-367X/1532-7841,否,否,否,SSCI;SCIE,1.9,,教育学,4 [454/840],否,三级, EDUCATION & EDUCATIONAL RESEARCH 教育学和教育研究,4 [419/754]," HOSPITALITY, LEISURE, SPORT & TOURISM 酒店、休闲、体育与旅游",4 [86/139], SPORT SCIENCES 运动科学,4 [75/126],,,,,,
Journal of Early Childhood Teacher Education,2025,1090-1027/1745-5642,否,否,否,ESCI,1.3,,教育学,4 [455/840],否,三级, EDUCATION & EDUCATIONAL RESEARCH 教育学和教育研究,4 [420/754],,,,,,,,,,
RIE-Revista de Investigacion Educativa,2025,0212-4068/1989-9106,否,否,是,ESCI,2,,教育学,4 [456/840],否,三级, EDUCATION & EDUCATIONAL RESEARCH 教育学和教育研究,4 [421/754],,,,,,,,,,
Alteridad-Revista de Educacion,2025,1390-325X/1390-8642,否,否,是,ESCI,0.9,,教育学,4 [457/840],否,三级, EDUCATION & EDUCATIONAL RESEARCH 教育学和教育研究,4 [422/754],,,,,,,,,,
Profile-Issues in Teachers Professional Development,2025,1657-0790/2256-5760,否,否,是,ESCI,0.8,,教育学,4 [458/840],否,三级, EDUCATION & EDUCATIONAL RESEARCH 教育学和教育研究,4 [423/754],,,,,,,,,,
TESL Canada Journal,2025,0826-435X/1925-8917,否,否,否,ESCI,1.2,,教育学,4 [459/840],否,三级, EDUCATION & EDUCATIONAL RESEARCH 教育学和教育研究,4 [424/754],,,,,,,,,,
Rural Special Education Quarterly,2025,8756-8705/2168-8605,否,否,否,ESCI,0.9,,教育学,4 [460/840],否,三级," EDUCATION, SPECIAL 特殊教育学",4 [37/62],,,,,,,,,,
Journal fur Mathematik-Didaktik,2025,0173-5322/1869-2699,否,否,否,ESCI,1.1,,教育学,4 [461/840],否,三级, EDUCATION & EDUCATIONAL RESEARCH 教育学和教育研究,4 [425/754],,,,,,,,,,
JOURNAL OF WOMEN AND MINORITIES IN SCIENCE AND ENGINEERING,2025,1072-8325/1940-431X,否,否,否,ESCI,1.9,,教育学,4 [462/840],否,三级," EDUCATION, SCIENTIFIC DISCIPLINES 学科教育",4 [46/86]," ENGINEERING, MULTIDISCIPLINARY 工程：综合",4 [51/179],,,,,,,,
AEM Education and Training,2025,2472-5390/2472-5390,否,否,否,ESCI,1.8,,教育学,4 [463/840],否,三级," EDUCATION, SCIENTIFIC DISCIPLINES 学科教育",4 [47/86], EMERGENCY MEDICINE 急救医学,4 [26/54],,,,,,,,
Revista de Educacion,2025,0034-8082/1988-592X,否,否,否,SSCI,1.4,,教育学,4 [464/840],否,三级, EDUCATION & EDUCATIONAL RESEARCH 教育学和教育研究,4 [426/754],,,,,,,,,,
Psicologia Educativa,2025,1135-755X/2174-0526,否,否,是,SSCI,1.1,,教育学,4 [465/840],否,三级, EDUCATION & EDUCATIONAL RESEARCH 教育学和教育研究,4 [427/754]," PSYCHOLOGY, EDUCATIONAL 心理学：教育",4 [57/74]," PSYCHOLOGY, MULTIDISCIPLINARY 心理学：综合",4 [124/219],,,,,,
Journal of Language and Education,2025,2411-7390/2411-7390,否,否,是,ESCI,1.1,,教育学,4 [466/840],否,三级, EDUCATION & EDUCATIONAL RESEARCH 教育学和教育研究,4 [428/754], LINGUISTICS 语言学,4 [202/294],,,,,,,,
European Journal of Contemporary Education,2025,2304-9650/2305-6746,否,否,否,ESCI,0.8,,教育学,4 [467/840],否,三级, EDUCATION & EDUCATIONAL RESEARCH 教育学和教育研究,4 [429/754],,,,,,,,,,
Dialogic Pedagogy,2025,2325-3290/2325-3290,否,否,是,ESCI,0.7,,教育学,4 [468/840],否,三级, EDUCATION & EDUCATIONAL RESEARCH 教育学和教育研究,4 [430/754],,,,,,,,,,
Journal of Experiential Education,2025,1053-8259/2169-009X,否,否,否,ESCI,1.1,,教育学,4 [469/840],否,三级, EDUCATION & EDUCATIONAL RESEARCH 教育学和教育研究,4 [431/754],,,,,,,,,,
Industry and Higher Education,2025,0950-4222/2043-6858,否,否,否,ESCI,1.9,,教育学,4 [470/840],否,三级, EDUCATION & EDUCATIONAL RESEARCH 教育学和教育研究,4 [433/754],,,,,,,,,,
International Journal of Educational Research and Innovation,2025,2386-4303/2386-4303,否,否,是,ESCI,1.2,,教育学,4 [471/840],否,三级, EDUCATION & EDUCATIONAL RESEARCH 教育学和教育研究,4 [434/754],,,,,,,,,,
Culture and Education,2025,1135-6405/1578-4118,否,否,否,SSCI,0.7,,教育学,4 [472/840],否,三级, EDUCATION & EDUCATIONAL RESEARCH 教育学和教育研究,4 [435/754],,,,,,,,,,
Teaching Public Administration,2025,0144-7394/2047-8720,否,否,否,ESCI,1.5,,教育学,4 [473/840],否,三级, EDUCATION & EDUCATIONAL RESEARCH 教育学和教育研究,4 [436/754],,,,,,,,,,
HISTORY OF EDUCATION QUARTERLY,2025,0018-2680/1748-5959,否,否,否,ESCI,0.8,,教育学,4 [474/840],否,三级, EDUCATION & EDUCATIONAL RESEARCH 教育学和教育研究,4 [437/754],,,,,,,,,,
Education as Change,2025,1682-3206/1947-9417,否,否,是,SSCI,1,,教育学,4 [475/840],否,三级, EDUCATION & EDUCATIONAL RESEARCH 教育学和教育研究,4 [438/754],,,,,,,,,,
JOURNAL OF SPECIAL EDUCATION,2025,0022-4669/1538-4764,否,否,否,SSCI,1.1,,教育学,4 [476/840],否,三级," EDUCATION, SPECIAL 特殊教育学",4 [39/62],,,,,,,,,,
Journal of Baltic Science Education,2025,1648-3898/1648-3898,否,否,否,SSCI,1,,教育学,4 [477/840],否,三级, EDUCATION & EDUCATIONAL RESEARCH 教育学和教育研究,4 [440/754],,,,,,,,,,
Taiwan Journal of TESOL,2025,1814-9448/2076-7617,否,否,否,ESCI,,,教育学,4 [478/840],否,三级, EDUCATION & EDUCATIONAL RESEARCH 教育学和教育研究,4 [441/754],,,,,,,,,,
Asian Education and Development Studies,2025,2046-3162/2046-3170,否,否,否,ESCI,2,,教育学,4 [479/840],否,三级, EDUCATION & EDUCATIONAL RESEARCH 教育学和教育研究,4 [442/754],,,,,,,,,,
Improving Schools,2025,1365-4802/1475-7583,否,否,否,ESCI,2,,教育学,4 [480/840],否,三级, EDUCATION & EDUCATIONAL RESEARCH 教育学和教育研究,4 [443/754],,,,,,,,,,
Porta Linguarum,2025,1697-7467,否,否,否,SSCI;AHCI,2.1,,教育学,4 [481/840],否,三级, EDUCATION & EDUCATIONAL RESEARCH 教育学和教育研究,4 [444/754], LANGUAGE & LINGUISTICS 语言与语言学,4 [202/391], LINGUISTICS 语言学,4 [213/294],,,,,,
Teaching Exceptional Children,2025,0040-0599/2163-5684,否,否,否,ESCI,0.7,,教育学,4 [482/840],否,三级," EDUCATION, SPECIAL 特殊教育学",4 [40/62],,,,,,,,,,
American Journal of Sexuality Education,2025,1554-6128/1554-6136,否,否,否,ESCI,1.1,,教育学,4 [483/840],否,三级, EDUCATION & EDUCATIONAL RESEARCH 教育学和教育研究,4 [445/754],,,,,,,,,,
Brock Education-A Journal of Educational Research and Practice,2025,1183-1189/1183-1189,否,否,是,ESCI,0.8,,教育学,4 [484/840],否,三级, EDUCATION & EDUCATIONAL RESEARCH 教育学和教育研究,4 [446/754],,,,,,,,,,
American Journal of Distance Education,2025,0892-3647/1538-9286,否,否,否,ESCI,1.3,,教育学,4 [485/840],否,三级, EDUCATION & EDUCATIONAL RESEARCH 教育学和教育研究,4 [447/754],,,,,,,,,,
African Journal of Research in Mathematics Science and Technology Education,2025,1811-7295/2469-7656,否,否,否,ESCI,0.5,,教育学,4 [486/840],否,三级," EDUCATION, SCIENTIFIC DISCIPLINES 学科教育",4 [48/86],,,,,,,,,,
Language Learning in Higher Education,2025,2191-611X/2191-6128,否,否,否,ESCI,0.6,,教育学,4 [487/840],否,三级, EDUCATION & EDUCATIONAL RESEARCH 教育学和教育研究,4 [448/754],,,,,,,,,,
Action Learning,2025,1476-7333/1476-7341,否,否,否,ESCI,1.5,,教育学,4 [488/840],否,三级, EDUCATION & EDUCATIONAL RESEARCH 教育学和教育研究,4 [449/754],,,,,,,,,,
Educational Action Research,2025,0965-0792/1747-5074,否,否,否,ESCI,1.2,,教育学,4 [489/840],否,三级, EDUCATION & EDUCATIONAL RESEARCH 教育学和教育研究,4 [450/754],,,,,,,,,,
JOURNAL OF LATINOS AND EDUCATION,2025,1534-8431/1532-771X,否,否,否,ESCI,1.1,,教育学,4 [490/840],否,三级, EDUCATION & EDUCATIONAL RESEARCH 教育学和教育研究,4 [451/754],,,,,,,,,,
PNA-Revista de Investigacion en Didactica de la Matematica,2025,1886-1350/1887-3987,否,否,是,ESCI,0.7,,教育学,4 [491/840],否,三级," EDUCATION, SCIENTIFIC DISCIPLINES 学科教育",4 [49/86],,,,,,,,,,
Journal of Outdoor and Environmental Education,2025,2206-3110/2522-879X,否,否,否,ESCI,1.4,,教育学,4 [492/840],否,三级, EDUCATION & EDUCATIONAL RESEARCH 教育学和教育研究,4 [452/754],,,,,,,,,,
Pedagogies,2025,1554-480X/1554-4818,否,否,否,ESCI,1.3,,教育学,4 [493/840],否,三级, EDUCATION & EDUCATIONAL RESEARCH 教育学和教育研究,4 [453/754],,,,,,,,,,
JOURNAL OF ADOLESCENT & ADULT LITERACY,2025,1081-3004/1936-2706,否,否,否,SSCI,1.5,,教育学,4 [494/840],否,三级, EDUCATION & EDUCATIONAL RESEARCH 教育学和教育研究,4 [454/754],,,,,,,,,,
Aula Abierta,2025,0210-2773/2341-2313,否,否,否,ESCI,1.2,,教育学,4 [495/840],否,三级, EDUCATION & EDUCATIONAL RESEARCH 教育学和教育研究,4 [455/754],,,,,,,,,,
Australasian Journal of Early Childhood,2025,1836-9391/1839-5961,否,否,否,SSCI,1.2,,教育学,4 [496/840],否,三级, EDUCATION & EDUCATIONAL RESEARCH 教育学和教育研究,4 [456/754],,,,,,,,,,
Review of Education Pedagogy and Cultural Studies,2025,1071-4413/1556-3022,否,否,否,ESCI,0.9,,教育学,4 [497/840],否,三级, EDUCATION & EDUCATIONAL RESEARCH 教育学和教育研究,4 [457/754],,,,,,,,,,
Revista Complutense de Educacion,2025,1130-2496/1988-2793,否,否,是,ESCI,1.1,,教育学,4 [498/840],否,三级, EDUCATION & EDUCATIONAL RESEARCH 教育学和教育研究,4 [458/754],,,,,,,,,,
Chinese Journal of Applied Linguistics,2025,2192-9505/2192-9513,否,否,否,ESCI,1.1,,教育学,4 [499/840],否,三级, EDUCATION & EDUCATIONAL RESEARCH 教育学和教育研究,4 [459/754],,,,,,,,,,
RED-Revista de Educacion a Distancia,2025,1578-7680/1578-7680,否,否,是,ESCI,1.3,,教育学,4 [500/840],否,三级, EDUCATION & EDUCATIONAL RESEARCH 教育学和教育研究,4 [460/754],,,,,,,,,,
Journal of Academic Language and Learning,2025,1835-5196/1835-5196,否,否,否,ESCI,0.7,,教育学,4 [501/840],否,三级, EDUCATION & EDUCATIONAL RESEARCH 教育学和教育研究,4 [462/754],,,,,,,,,,
Education 3-13,2025,0300-4279/1475-7575,否,否,否,ESCI,0.9,,教育学,4 [502/840],否,三级, EDUCATION & EDUCATIONAL RESEARCH 教育学和教育研究,4 [463/754],,,,,,,,,,
Journal for the Study of Education and Development,2025,0210-3702/1578-4126,否,否,否,SSCI,1.8,,教育学,4 [503/840],否,三级," PSYCHOLOGY, DEVELOPMENTAL 心理学：发育",4 [74/91]," PSYCHOLOGY, EDUCATIONAL 心理学：教育",4 [58/74],,,,,,,,
Currents in Pharmacy Teaching and Learning,2025,1877-1297/1877-1300,否,否,否,ESCI,1.4,,教育学,4 [504/840],否,三级," EDUCATION, SCIENTIFIC DISCIPLINES 学科教育",4 [51/86],,,,,,,,,,
International Journal of Game-Based Learning,2025,2155-6849/2155-6857,否,否,否,ESCI,1.3,,教育学,4 [505/840],否,三级, EDUCATION & EDUCATIONAL RESEARCH 教育学和教育研究,4 [464/754],,,,,,,,,,
JOURNAL OF ECONOMIC EDUCATION,2025,0022-0485/2152-4068,否,否,否,SSCI,0.9,,教育学,4 [506/840],否,三级, ECONOMICS 经济学,4 [335/599], EDUCATION & EDUCATIONAL RESEARCH 教育学和教育研究,4 [465/754],,,,,,,,
Revista Espanola de Pedagogia,2025,0034-9461/2174-0909,否,否,是,SSCI,0.8,,教育学,4 [507/840],否,三级, EDUCATION & EDUCATIONAL RESEARCH 教育学和教育研究,4 [466/754],,,,,,,,,,
International Journal of Educational Psychology,2025,2014-3591/2014-3591,否,否,是,ESCI,1.2,,教育学,4 [508/840],否,三级," PSYCHOLOGY, EDUCATIONAL 心理学：教育",4 [60/74],,,,,,,,,,
Revista Electronica Interuniversitaria de Formacion del Profesorado,2025,1575-0965/1575-0965,否,否,是,ESCI,1.1,,教育学,4 [509/840],否,三级, EDUCATION & EDUCATIONAL RESEARCH 教育学和教育研究,4 [467/754],,,,,,,,,,
Espiral-Cuadernos del Profesorado,2025,1988-7701/1988-7701,否,否,否,ESCI,1.3,,教育学,4 [510/840],否,三级, EDUCATION & EDUCATIONAL RESEARCH 教育学和教育研究,4 [468/754],,,,,,,,,,
Journal of Transformative Education,2025,1541-3446/1552-7840,否,否,否,ESCI,1.2,,教育学,4 [511/840],否,三级, EDUCATION & EDUCATIONAL RESEARCH 教育学和教育研究,4 [470/754],,,,,,,,,,
Journal of Student Financial Aid,2025,0884-9153/0884-9153,否,否,否,ESCI,1,,教育学,4 [512/840],否,三级, EDUCATION & EDUCATIONAL RESEARCH 教育学和教育研究,4 [471/754],,,,,,,,,,
Journal of Teaching in Social Work,2025,0884-1233/1540-7349,否,否,否,ESCI,0.9,,教育学,4 [513/840],否,三级, EDUCATION & EDUCATIONAL RESEARCH 教育学和教育研究,4 [472/754],,,,,,,,,,
Investigaciones sobre Lectura,2025,2340-8685/2340-8685,否,否,是,ESCI,1.2,,教育学,4 [514/840],否,三级, EDUCATION & EDUCATIONAL RESEARCH 教育学和教育研究,4 [473/754], LINGUISTICS 语言学,4 [224/294],,,,,,,,
MUSIC EDUCATORS JOURNAL,2025,0027-4321/1945-0087,否,否,否,ESCI,0.3,,教育学,4 [515/840],否,三级, EDUCATION & EDUCATIONAL RESEARCH 教育学和教育研究,4 [474/754], MUSIC 音乐,4 [57/110],,,,,,,,
Legal Education Review,2025,1033-2839/1839-3713,否,否,是,ESCI,1.8,,教育学,4 [516/840],否,三级, EDUCATION & EDUCATIONAL RESEARCH 教育学和教育研究,4 [475/754],,,,,,,,,,
Journal of Education for Business,2025,0883-2323/1940-3356,否,否,否,ESCI,0.7,,教育学,4 [517/840],否,三级, EDUCATION & EDUCATIONAL RESEARCH 教育学和教育研究,4 [476/754],,,,,,,,,,
ISSUES IN ACCOUNTING EDUCATION,2025,0739-3172/1558-7983,否,否,否,ESCI,1.5,,教育学,4 [518/840],否,三级," BUSINESS, FINANCE 商业：财政与金融",4 [144/231],,,,,,,,,,
AMERICAN ANNALS OF THE DEAF,2025,0002-726X/1543-0375,否,否,否,SSCI,0.9,,教育学,4 [519/840],否,三级," EDUCATION, SPECIAL 特殊教育学",4 [45/62], REHABILITATION 康复医学,4 [103/169],,,,,,,,
Journal of International and Comparative Education,2025,2232-1802/2289-2567,否,否,是,ESCI,0.4,,教育学,4 [520/840],否,三级, EDUCATION & EDUCATIONAL RESEARCH 教育学和教育研究,4 [477/754],,,,,,,,,,
Turkish Journal of Education,2025,2147-2858/2147-2858,否,否,是,ESCI,0.6,,教育学,4 [521/840],否,三级, EDUCATION & EDUCATIONAL RESEARCH 教育学和教育研究,4 [478/754],,,,,,,,,,
Australian Journal of Learning Difficulties,2025,1940-4158/1940-4166,否,否,否,ESCI,1.6,,教育学,4 [522/840],否,三级," EDUCATION, SPECIAL 特殊教育学",4 [46/62],,,,,,,,,,
JOURNAL OF CANCER EDUCATION,2025,0885-8195/1543-0154,否,否,否,SCIE,1.3,,教育学,4 [523/840],否,三级," EDUCATION, SCIENTIFIC DISCIPLINES 学科教育",4 [52/86], ONCOLOGY 肿瘤学,4 [227/318]," PUBLIC, ENVIRONMENTAL & OCCUPATIONAL HEALTH 公共卫生、环境卫生与职业卫生",4 [271/404],,,,,,
RELIEVE-Revista Electronica de Investigacion y Evaluacion Educativa,2025,1134-4032/1134-4032,否,否,是,ESCI,1.6,,教育学,4 [524/840],否,三级, EDUCATION & EDUCATIONAL RESEARCH 教育学和教育研究,4 [479/754],,,,,,,,,,
Pegem Egitim ve Ogretim Dergisi,2025,2148-239X/2148-239X,否,否,否,ESCIOnHold,,,教育学,4 [525/840],否,三级, EDUCATION & EDUCATIONAL RESEARCH 教育学和教育研究,4 [480/754],,,,,,,,,,
Preventing School Failure,2025,1045-988X/1940-4387,否,否,否,ESCI,0.8,,教育学,4 [526/840],否,三级, EDUCATION & EDUCATIONAL RESEARCH 教育学和教育研究,4 [481/754],,,,,,,,,,
International Journal of Disability Development and Education,2025,1034-912X/1465-346X,否,否,否,SSCI,1.3,,教育学,4 [527/840],否,三级," EDUCATION, SPECIAL 特殊教育学",4 [49/62], REHABILITATION 康复医学,4 [111/169],,,,,,,,
Global Studies of Childhood,2025,2043-6106/2043-6106,否,否,否,ESCI,1.2,,教育学,4 [528/840],否,三级, EDUCATION & EDUCATIONAL RESEARCH 教育学和教育研究,4 [482/754],,,,,,,,,,
Tuning Journal for Higher Education,2025,2340-8170/2386-3137,否,否,是,ESCI,0.4,,教育学,4 [529/840],否,三级, EDUCATION & EDUCATIONAL RESEARCH 教育学和教育研究,4 [484/754],,,,,,,,,,
Apunts Educacion Fisica y Deportes,2025,1577-4015/2014-0983,否,否,是,ESCI,1.5,,教育学,4 [530/840],否,三级, EDUCATION & EDUCATIONAL RESEARCH 教育学和教育研究,4 [485/754],,,,,,,,,,
JOURNAL OF EDUCATIONAL AND PSYCHOLOGICAL CONSULTATION,2025,1047-4412/1532-768X,否,否,否,SSCI,1.1,,教育学,4 [531/840],否,三级," PSYCHOLOGY, EDUCATIONAL 心理学：教育",4 [61/74],,,,,,,,,,
Journal of Teaching in Travel & Tourism,2025,1531-3220/1531-3239,否,否,否,ESCI,2.2,,教育学,4 [532/840],否,三级, EDUCATION & EDUCATIONAL RESEARCH 教育学和教育研究,4 [486/754],,,,,,,,,,
Journal of Education and Health Promotion,2025,2277-9531/2319-6440,否,否,是,ESCI,1.3,,教育学,4 [533/840],否,三级," EDUCATION, SCIENTIFIC DISCIPLINES 学科教育",4 [53/86]," PUBLIC, ENVIRONMENTAL & OCCUPATIONAL HEALTH 公共卫生、环境卫生与职业卫生",4 [282/404],,,,,,,,
Estudios Sobre Educacion,2025,1578-7001/2386-6292,否,否,是,ESCI,0.9,,教育学,4 [534/840],否,三级, EDUCATION & EDUCATIONAL RESEARCH 教育学和教育研究,4 [487/754],,,,,,,,,,
CIAN-Revista de Historia de las Universidades,2025,1139-6628/1988-8503,否,否,否,ESCI,0.2,,教育学,4 [535/840],否,三级, EDUCATION & EDUCATIONAL RESEARCH 教育学和教育研究,4 [488/754],,,,,,,,,,
Language and Literacy,2025,1496-0974/1496-0974,否,否,是,ESCI,0.5,,教育学,4 [536/840],否,三级, EDUCATION & EDUCATIONAL RESEARCH 教育学和教育研究,4 [489/754],,,,,,,,,,
Pixel-Bit- Revista de Medios y Educacion,2025,1133-8482/2171-7966,否,否,是,ESCI,1.8,,教育学,4 [537/840],否,三级, EDUCATION & EDUCATIONAL RESEARCH 教育学和教育研究,4 [490/754],,,,,,,,,,
Journal of Postsecondary Education and Disability,2025,2379-7762/2328-3343,否,否,否,ESCI,0.6,,教育学,4 [538/840],否,三级," EDUCATION, SPECIAL 特殊教育学",4 [50/62],,,,,,,,,,
JOURNAL OF BIOLOGICAL EDUCATION,2025,0021-9266/2157-6009,否,否,否,SSCI;SCIE,1.4,,教育学,4 [539/840],否,三级, BIOLOGY 生物学,4 [61/109], EDUCATION & EDUCATIONAL RESEARCH 教育学和教育研究,4 [491/754]," EDUCATION, SCIENTIFIC DISCIPLINES 学科教育",4 [54/86],,,,,,
International Journal of Educational Leadership and Management,2025,2014-9018/2014-9018,否,否,是,ESCI,0.9,,教育学,4 [540/840],否,三级, EDUCATION & EDUCATIONAL RESEARCH 教育学和教育研究,4 [492/754],,,,,,,,,,
ADVANCES IN PHYSIOLOGY EDUCATION,2025,1043-4046/1522-1229,否,否,否,SCIE,1.7,,教育学,4 [541/840],否,三级," EDUCATION, SCIENTIFIC DISCIPLINES 学科教育",4 [55/86], PHYSIOLOGY 生理学,4 [67/84],,,,,,,,
Educar,2025,0211-819X/2014-8801,否,否,是,ESCI,1.2,,教育学,4 [542/840],否,三级, EDUCATION & EDUCATIONAL RESEARCH 教育学和教育研究,4 [494/754],,,,,,,,,,
EDUCATION AND URBAN SOCIETY,2025,0013-1245/1552-3535,否,否,否,SSCI,1.1,,教育学,4 [543/840],否,三级, EDUCATION & EDUCATIONAL RESEARCH 教育学和教育研究,4 [495/754], URBAN STUDIES 城市研究,4 [54/77],,,,,,,,
Canadian Journal of Higher Education,2025,0316-1218/2293-6602,否,否,是,ESCI,0.5,,教育学,4 [544/840],否,三级, EDUCATION & EDUCATIONAL RESEARCH 教育学和教育研究,4 [496/754],,,,,,,,,,
International Journal of Mathematical Education in Science and Technology,2025,0020-739X/1464-5211,否,否,否,ESCI,0.6,,教育学,4 [545/840],否,三级, EDUCATION & EDUCATIONAL RESEARCH 教育学和教育研究,4 [497/754],,,,,,,,,,
South African Journal of Childhood Education,2025,2223-7674/2223-7682,否,否,是,ESCI,1,,教育学,4 [546/840],否,三级, EDUCATION & EDUCATIONAL RESEARCH 教育学和教育研究,4 [499/754],,,,,,,,,,
International Journal of Mechanical Engineering Education,2025,0306-4190/2050-4586,否,否,否,ESCI,1.1,,教育学,4 [547/840],否,三级," EDUCATION, SCIENTIFIC DISCIPLINES 学科教育",4 [56/86]," ENGINEERING, MECHANICAL 工程：机械",4 [86/181],,,,,,,,
Education Policy Analysis Archives,2025,1068-2341/1068-2341,否,否,是,ESCI,0.9,,教育学,4 [548/840],否,三级, EDUCATION & EDUCATIONAL RESEARCH 教育学和教育研究,4 [501/754],,,,,,,,,,
HEALTH EDUCATION JOURNAL,2025,0017-8969/1748-8176,否,否,否,SSCI,1.2,,教育学,4 [549/840],否,三级, EDUCATION & EDUCATIONAL RESEARCH 教育学和教育研究,4 [502/754]," PUBLIC, ENVIRONMENTAL & OCCUPATIONAL HEALTH 公共卫生、环境卫生与职业卫生",4 [290/404],,,,,,,,
Journal for Educational Research Online-JERO,2025,1866-6671/1866-6671,否,否,否,ESCI,0.3,,教育学,4 [550/840],否,三级, EDUCATION & EDUCATIONAL RESEARCH 教育学和教育研究,4 [504/754],,,,,,,,,,
Journal of Teaching in International Business,2025,0897-5930/1528-6991,否,否,否,ESCI,1.2,,教育学,4 [551/840],否,三级, EDUCATION & EDUCATIONAL RESEARCH 教育学和教育研究,4 [505/754],,,,,,,,,,
Avances de Investigacion en Educacion Matematica,2025,2254-4313/2254-4313,否,否,是,ESCI,0.7,,教育学,4 [552/840],否,三级, EDUCATION & EDUCATIONAL RESEARCH 教育学和教育研究,4 [506/754],,,,,,,,,,
Critical Education,2025,1920-4175/1920-4175,否,否,是,ESCI,1,,教育学,4 [553/840],否,三级, EDUCATION & EDUCATIONAL RESEARCH 教育学和教育研究,4 [507/754],,,,,,,,,,
Learning and Teaching-The International Journal of Higher Education in the Social Sciences,2025,1755-2273/1755-2281,否,否,是,ESCI,1,,教育学,4 [554/840],否,三级, EDUCATION & EDUCATIONAL RESEARCH 教育学和教育研究,4 [508/754],,,,,,,,,,
International Journal of Mobile Learning and Organisation,2025,1746-725X/1746-7268,否,否,否,ESCI,2.2,,教育学,4 [555/840],否,三级," COMPUTER SCIENCE, INTERDISCIPLINARY APPLICATIONS 计算机：跨学科应用",4 [126/172], EDUCATION & EDUCATIONAL RESEARCH 教育学和教育研究,4 [509/754],,,,,,,,
Journal of Civil Engineering Education,2025,2643-9107/2643-9115,否,否,否,SCIE,1.8,,教育学,4 [556/840],否,三级," EDUCATION, SCIENTIFIC DISCIPLINES 学科教育",4 [57/86]," ENGINEERING, MULTIDISCIPLINARY 工程：综合",4 [64/179],,,,,,,,
School Science and Mathematics,2025,0036-6803/1949-8594,否,否,否,ESCI,0.9,,教育学,4 [557/840],否,三级, EDUCATION & EDUCATIONAL RESEARCH 教育学和教育研究,4 [511/754],,,,,,,,,,
Student Success,2025,2205-0795/2205-0795,否,否,是,ESCI,1.1,,教育学,4 [558/840],否,三级, EDUCATION & EDUCATIONAL RESEARCH 教育学和教育研究,4 [512/754],,,,,,,,,,
IARTEM e-Journal,2025,1837-2104/1837-2104,否,否,否,ESCI,0.1,,教育学,4 [559/840],否,三级, EDUCATION & EDUCATIONAL RESEARCH 教育学和教育研究,4 [513/754],,,,,,,,,,
International Journal of Whole Schooling,2025,1710-2146/1710-2146,否,否,是,ESCI,0.2,,教育学,4 [560/840],否,三级, EDUCATION & EDUCATIONAL RESEARCH 教育学和教育研究,4 [514/754],,,,,,,,,,
Community College Journal of Research and Practice,2025,1066-8926/1521-0413,否,否,否,ESCI,0.6,,教育学,4 [561/840],否,三级, EDUCATION & EDUCATIONAL RESEARCH 教育学和教育研究,4 [515/754],,,,,,,,,,
APPLIED MEASUREMENT IN EDUCATION,2025,0895-7347/1532-4818,否,否,否,SSCI,1.1,,教育学,4 [562/840],否,三级, EDUCATION & EDUCATIONAL RESEARCH 教育学和教育研究,4 [516/754]," PSYCHOLOGY, EDUCATIONAL 心理学：教育",4 [64/74]," PSYCHOLOGY, MATHEMATICAL 心理学：数学",4 [12/13],,,,,,
International Journal of Information and Communication Technology Education,2025,1550-1876/1550-1337,否,否,否,ESCI,1.5,,教育学,4 [563/840],否,三级, EDUCATION & EDUCATIONAL RESEARCH 教育学和教育研究,4 [517/754],,,,,,,,,,
Research in Educational Administration & Leadership,2025,2564-7261/2564-7261,否,否,是,ESCI,0.7,,教育学,4 [564/840],否,三级, EDUCATION & EDUCATIONAL RESEARCH 教育学和教育研究,4 [518/754],,,,,,,,,,
Voprosy Obrazovaniya-Educational Studies Moscow,2025,1814-9545/1814-9545,否,否,是,ESCI,0.5,,教育学,4 [565/840],否,三级," EDUCATION, SCIENTIFIC DISCIPLINES 学科教育",4 [58/86],,,,,,,,,,
Open Praxis,2025,2304-070X/2304-070X,否,否,是,ESCI,1.4,,教育学,4 [566/840],否,三级, EDUCATION & EDUCATIONAL RESEARCH 教育学和教育研究,4 [520/754],,,,,,,,,,
Profesorado-Revista de Curriculum y Formacion de Profesorado,2025,1138-414X/1989-6395,否,否,是,ESCI,0.7,,教育学,4 [567/840],否,三级, EDUCATION & EDUCATIONAL RESEARCH 教育学和教育研究,4 [521/754],,,,,,,,,,
Journal of Information Technology Education-Innovations in Practice,2025,2165-3151/2165-316X,否,否,否,ESCI,1.5,,教育学,4 [568/840],否,三级, EDUCATION & EDUCATIONAL RESEARCH 教育学和教育研究,4 [522/754],,,,,,,,,,
Ensenanza de Las Ciencias,2025,0212-4521/2174-6486,否,否,是,SSCI,1.1,,教育学,4 [569/840],否,三级, EDUCATION & EDUCATIONAL RESEARCH 教育学和教育研究,4 [523/754],,,,,,,,,,
Historical Studies in Education-Canada,2025,0843-5057/1911-9674,否,否,是,ESCI,1.3,,教育学,4 [570/840],否,三级, EDUCATION & EDUCATIONAL RESEARCH 教育学和教育研究,4 [524/754],,,,,,,,,,
Journal of Technology and Chinese Language Teaching,2025,1949-260X/1949-260X,否,否,否,ESCI,0.3,,教育学,4 [571/840],否,三级, EDUCATION & EDUCATIONAL RESEARCH 教育学和教育研究,4 [525/754],,,,,,,,,,
INTERVENTION IN SCHOOL AND CLINIC,2025,1053-4512/1538-4810,否,否,否,SSCI,0.8,,教育学,4 [572/840],否,三级," EDUCATION, SPECIAL 特殊教育学",4 [52/62],,,,,,,,,,
JOURNAL OF VETERINARY MEDICAL EDUCATION,2025,0748-321X/1943-7218,否,否,否,SCIE,0.6,,教育学,4 [573/840],否,三级," EDUCATION, SCIENTIFIC DISCIPLINES 学科教育",4 [59/86], VETERINARY SCIENCES 兽医学,4 [93/167],,,,,,,,
Journal on Efficiency and Responsibility in Education and Science,2025,2336-2375/1803-1617,否,否,是,ESCI,1.3,,教育学,4 [574/840],否,三级, EDUCATION & EDUCATIONAL RESEARCH 教育学和教育研究,4 [526/754],,,,,,,,,,
Revista Espanola de Educacion Comparada,2025,1137-8654/2174-5382,否,否,是,ESCI,0.6,,教育学,4 [575/840],否,三级, EDUCATION & EDUCATIONAL RESEARCH 教育学和教育研究,4 [527/754],,,,,,,,,,
REDIMAT-Revista de Investigacion en Didactica de las Matematicas,2025,2014-3621/2014-3621,否,否,是,ESCI,0.6,,教育学,4 [576/840],否,三级," EDUCATION, SCIENTIFIC DISCIPLINES 学科教育",4 [60/86],,,,,,,,,,
How-A Colombian Journal for Teachers of English,2025,0120-5927/0120-5927,否,否,是,ESCI,0.5,,教育学,4 [577/840],否,三级, EDUCATION & EDUCATIONAL RESEARCH 教育学和教育研究,4 [528/754],,,,,,,,,,
Journal of Teaching English for Specific and Academic Purposes,2025,2334-9182/2334-9212,否,否,否,ESCI,0.6,,教育学,4 [578/840],否,三级, EDUCATION & EDUCATIONAL RESEARCH 教育学和教育研究,4 [529/754],,,,,,,,,,
International Education Journal-Comparative Perspectives,2025,1443-1475/2202-493X,否,否,否,ESCI,0.7,,教育学,4 [579/840],否,三级, EDUCATION & EDUCATIONAL RESEARCH 教育学和教育研究,4 [530/754],,,,,,,,,,
Interdisciplinary Journal of Problem-Based Learning,2025,1541-5015/1541-5015,否,否,是,ESCI,0.4,,教育学,4 [580/840],否,三级, EDUCATION & EDUCATIONAL RESEARCH 教育学和教育研究,4 [531/754],,,,,,,,,,
Journal of Student Affairs Research and Practice,2025,1949-6591/1949-6605,否,否,否,ESCI,0.8,,教育学,4 [581/840],否,三级, EDUCATION & EDUCATIONAL RESEARCH 教育学和教育研究,4 [532/754],,,,,,,,,,
Educational Research for Social Change,2025,2221-4070/2221-4070,否,否,是,ESCI,0.3,,教育学,4 [582/840],否,三级, EDUCATION & EDUCATIONAL RESEARCH 教育学和教育研究,4 [533/754],,,,,,,,,,
Australasian Journal of Special and Inclusive Education,2025,2515-0731/2515-074X,否,否,否,ESCI,0.9,,教育学,4 [583/840],否,三级," EDUCATION, SPECIAL 特殊教育学",4 [53/62],,,,,,,,,,
Nursing Education Perspectives,2025,1536-5026/1943-4685,否,否,否,ESCI,1.4,,教育学,4 [584/840],否,三级, EDUCATION & EDUCATIONAL RESEARCH 教育学和教育研究,4 [534/754],,,,,,,,,,
South African Journal of Higher Education,2025,1011-3487/1753-5913,否,否,是,ESCI,0.8,,教育学,4 [585/840],否,三级, EDUCATION & EDUCATIONAL RESEARCH 教育学和教育研究,4 [535/754],,,,,,,,,,
Problems of Education in the 21st Century,2025,1822-7864/2538-7111,否,否,否,ESCI,0.8,,教育学,4 [586/840],否,三级, EDUCATION & EDUCATIONAL RESEARCH 教育学和教育研究,4 [536/754],,,,,,,,,,
Support for Learning,2025,0268-2141/1467-9604,否,否,否,ESCI,1.1,,教育学,4 [587/840],否,三级," EDUCATION, SPECIAL 特殊教育学",4 [54/62],,,,,,,,,,
Digital Education Review,2025,2013-9144/2013-9144,否,否,是,ESCI,0.9,,教育学,4 [588/840],否,三级, EDUCATION & EDUCATIONAL RESEARCH 教育学和教育研究,4 [537/754],,,,,,,,,,
Cabas,2025,1989-5909/1989-5909,否,否,是,ESCI,0.3,,教育学,4 [589/840],否,三级, EDUCATION & EDUCATIONAL RESEARCH 教育学和教育研究,4 [538/754], HISTORY OF SOCIAL SCIENCES 社会科学史,4 [38/42],,,,,,,,
INTERNATIONAL JOURNAL OF ENGINEERING EDUCATION,2025,0949-149X/0949-149X,否,否,否,SCIE,0.7,,教育学,4 [590/840],否,三级," EDUCATION, SCIENTIFIC DISCIPLINES 学科教育",4 [61/86]," ENGINEERING, MULTIDISCIPLINARY 工程：综合",4 [71/179],,,,,,,,
Education for Health,2025,1357-6283/1469-5804,否,否,否,ESCI,0.9,,教育学,4 [591/840],否,三级," EDUCATION, SCIENTIFIC DISCIPLINES 学科教育",4 [62/86],,,,,,,,,,
Sophia-Coleccion de Filosofia de la Educacion,2025,1390-3861/1390-8626,否,否,是,ESCI,0.9,,教育学,4 [592/840],否,三级, EDUCATION & EDUCATIONAL RESEARCH 教育学和教育研究,4 [539/754],,,,,,,,,,
AMERICAN JOURNAL OF PHYSICS,2025,0002-9505/1943-2909,否,否,否,SCIE,0.9,,教育学,4 [593/840],否,三级," EDUCATION, SCIENTIFIC DISCIPLINES 学科教育",4 [63/86]," PHYSICS, MULTIDISCIPLINARY 物理：综合",4 [58/111],,,,,,,,
Praxis-Colombia,2025,1657-4915/2389-7856,否,否,是,ESCI,0.9,,教育学,4 [594/840],否,三级, EDUCATION & EDUCATIONAL RESEARCH 教育学和教育研究,4 [540/754],,,,,,,,,,
Journal of Peer Learning,2025,2200-2359/2200-2359,否,否,否,ESCI,0.1,,教育学,4 [595/840],否,三级, EDUCATION & EDUCATIONAL RESEARCH 教育学和教育研究,4 [541/754],,,,,,,,,,
Philological Class,2025,2071-2405/2071-2405,否,否,是,ESCI,<0.1,,教育学,4 [596/840],否,三级, EDUCATION & EDUCATIONAL RESEARCH 教育学和教育研究,4 [542/754],,,,,,,,,,
Espacio Tiempo y Educacion,2025,2340-7263/2340-7263,否,否,是,ESCI,0.1,,教育学,4 [597/840],否,三级, EDUCATION & EDUCATIONAL RESEARCH 教育学和教育研究,4 [543/754],,,,,,,,,,
Historia y Memoria de la Educacion,2025,2444-0043/2444-0043,否,否,是,ESCI,0.3,,教育学,4 [598/840],否,三级, EDUCATION & EDUCATIONAL RESEARCH 教育学和教育研究,4 [544/754],,,,,,,,,,
European Journal of Education and Psychology,2025,1888-8992/1989-2209,否,否,是,ESCI,1.8,,教育学,4 [599/840],否,三级," PSYCHOLOGY, EDUCATIONAL 心理学：教育",4 [65/74],,,,,,,,,,
GERONTOLOGY & GERIATRICS EDUCATION,2025,0270-1960/1545-3847,否,否,否,ESCI,1.3,,教育学,4 [600/840],否,三级, EDUCATION & EDUCATIONAL RESEARCH 教育学和教育研究,4 [545/754],,,,,,,,,,
South African Journal of Education,2025,0256-0100/2076-3433,否,否,是,SSCI,0.5,,教育学,4 [601/840],否,三级, EDUCATION & EDUCATIONAL RESEARCH 教育学和教育研究,4 [546/754],,,,,,,,,,
International Journal of Computer-Assisted Language Learning and Teaching,2025,2155-7098/2155-7101,否,否,否,ESCI,1,,教育学,4 [602/840],否,三级, EDUCATION & EDUCATIONAL RESEARCH 教育学和教育研究,4 [547/754],,,,,,,,,,
Journal of Asia TEFL,2025,1738-3102/2466-1511,否,否,否,ESCI,0.5,,教育学,4 [603/840],否,三级, EDUCATION & EDUCATIONAL RESEARCH 教育学和教育研究,4 [548/754],,,,,,,,,,
Movimento,2025,0104-754X/1982-8918,否,否,是,SSCI,0.5,,教育学,4 [604/840],否,三级, EDUCATION & EDUCATIONAL RESEARCH 教育学和教育研究,4 [549/754]," SOCIAL SCIENCES, INTERDISCIPLINARY 社会科学：跨领域",4 [164/263],,,,,,,,
Encounters in Theory and History of Education,2025,2560-8371/2560-8371,否,否,是,ESCI,0.2,,教育学,4 [605/840],否,三级, EDUCATION & EDUCATIONAL RESEARCH 教育学和教育研究,4 [550/754],,,,,,,,,,
BIOCHEMISTRY AND MOLECULAR BIOLOGY EDUCATION,2025,1470-8175/1539-3429,否,否,否,SCIE,0.9,,教育学,4 [606/840],否,三级, BIOCHEMISTRY & MOLECULAR BIOLOGY 生化与分子生物学,4 [259/310]," EDUCATION, SCIENTIFIC DISCIPLINES 学科教育",4 [64/86],,,,,,,,
European Education,2025,1056-4934/1944-7086,否,否,否,ESCI,0.9,,教育学,4 [607/840],否,三级, EDUCATION & EDUCATIONAL RESEARCH 教育学和教育研究,4 [551/754],,,,,,,,,,
Enunciacion,2025,0122-6339/2248-6798,否,否,是,ESCI,0.1,,教育学,4 [608/840],否,三级, EDUCATION & EDUCATIONAL RESEARCH 教育学和教育研究,4 [552/754],,,,,,,,,,
Australian Journal of Adult Learning,2025,1443-1394,否,否,否,SSCI,0.7,,教育学,4 [609/840],否,三级, EDUCATION & EDUCATIONAL RESEARCH 教育学和教育研究,4 [553/754],,,,,,,,,,
International Electronic Journal of Mathematics Education,2025,1306-3030/1306-3030,否,否,否,ESCI,0.6,,教育学,4 [610/840],否,三级, EDUCATION & EDUCATIONAL RESEARCH 教育学和教育研究,4 [554/754]," EDUCATION, SCIENTIFIC DISCIPLINES 学科教育",4 [65/86],,,,,,,,
International Journal of Mobile and Blended Learning,2025,1941-8647/1941-8655,否,否,否,ESCI,1,,教育学,4 [611/840],否,三级, EDUCATION & EDUCATIONAL RESEARCH 教育学和教育研究,4 [555/754],,,,,,,,,,
Radical Teacher,2025,1941-0832/1941-0832,否,否,是,ESCI,0.2,,教育学,4 [612/840],否,三级, EDUCATION & EDUCATIONAL RESEARCH 教育学和教育研究,4 [556/754],,,,,,,,,,
EUROPEAN JOURNAL OF PHYSICS,2025,0143-0807/1361-6404,否,否,否,SCIE,0.8,,教育学,4 [613/840],否,三级," EDUCATION, SCIENTIFIC DISCIPLINES 学科教育",4 [66/86]," PHYSICS, MULTIDISCIPLINARY 物理：综合",4 [63/111],,,,,,,,
International Journal of Multicultural Education,2025,1934-5267/1934-5267,否,否,是,ESCI,0.7,,教育学,4 [614/840],否,三级, EDUCATION & EDUCATIONAL RESEARCH 教育学和教育研究,4 [557/754],,,,,,,,,,
Jurnal Penelitian dan Pembelajaran IPA,2025,2477-1422/2477-2038,否,否,是,ESCI,0.3,,教育学,4 [615/840],否,三级," EDUCATION, SCIENTIFIC DISCIPLINES 学科教育",4 [67/86],,,,,,,,,,
International Journal of Training Research,2025,1448-0220/2204-0544,否,否,否,ESCI,0.8,,教育学,4 [616/840],否,三级, EDUCATION & EDUCATIONAL RESEARCH 教育学和教育研究,4 [558/754],,,,,,,,,,
Journal of Education,2025,0259-479X/2520-9868,否,否,是,ESCI,1.1,,教育学,4 [617/840],否,三级, EDUCATION & EDUCATIONAL RESEARCH 教育学和教育研究,4 [560/754],,,,,,,,,,
LEARNing Landscapes,2025,1913-5688/1913-5688,否,否,否,ESCI,0.2,,教育学,4 [618/840],否,三级, EDUCATION & EDUCATIONAL RESEARCH 教育学和教育研究,4 [561/754],,,,,,,,,,
Czech-Polish Historical and Pedagogical Journal,2025,1803-6546/2336-1654,否,否,否,ESCI,<0.1,,教育学,4 [619/840],否,三级, EDUCATION & EDUCATIONAL RESEARCH 教育学和教育研究,4 [562/754],,,,,,,,,,
Policy & Practice-A Development Education Review,2025,1748-135X/2053-4272,否,否,是,ESCI,0.8,,教育学,4 [620/840],否,三级, EDUCATION & EDUCATIONAL RESEARCH 教育学和教育研究,4 [563/754],,,,,,,,,,
Journal of Education-US,2025,0022-0574/2515-5741,否,否,否,ESCI,1,,教育学,4 [621/840],否,三级, EDUCATION & EDUCATIONAL RESEARCH 教育学和教育研究,4 [564/754],,,,,,,,,,
Fruhe Bildung,2025,2191-9186/2191-9194,否,否,否,ESCI,0.4,,教育学,4 [622/840],否,三级, EDUCATION & EDUCATIONAL RESEARCH 教育学和教育研究,4 [565/754],,,,,,,,,,
Educacao & Formacao,2025,2448-3583/2448-3583,否,否,是,ESCI,0.3,,教育学,4 [623/840],否,三级, EDUCATION & EDUCATIONAL RESEARCH 教育学和教育研究,4 [566/754],,,,,,,,,,
Canadian Journal for the Scholarship of Teaching and Learning,2025,1918-2902/1918-2902,否,否,是,ESCI,0.5,,教育学,4 [624/840],否,三级, EDUCATION & EDUCATIONAL RESEARCH 教育学和教育研究,4 [567/754],,,,,,,,,,
Education and Training in Autism and Developmental Disabilities,2025,2154-1647,否,否,否,SSCI,0.7,,教育学,4 [625/840],否,三级," EDUCATION, SPECIAL 特殊教育学",4 [55/62], REHABILITATION 康复医学,4 [137/169],,,,,,,,
Journal of Psychological and Educational Research,2025,2247-1537/2247-1537,否,否,否,ESCI,0.6,,教育学,4 [626/840],否,三级," PSYCHOLOGY, EDUCATIONAL 心理学：教育",4 [66/74],,,,,,,,,,
Advanced Education,2025,2409-3351/2410-8286,否,否,是,ESCI,0.6,,教育学,4 [627/840],否,三级, EDUCATION & EDUCATIONAL RESEARCH 教育学和教育研究,4 [569/754],,,,,,,,,,
Obrazovanie i Nauka-Education and Science,2025,1994-5639/2310-5828,否,否,是,ESCI,0.5,,教育学,4 [628/840],否,三级, EDUCATION & EDUCATIONAL RESEARCH 教育学和教育研究,4 [570/754],,,,,,,,,,
Journal of Technical Education and Training,2025,2229-8932/2600-7932,否,否,否,ESCI,1.2,,教育学,4 [629/840],否,三级, EDUCATION & EDUCATIONAL RESEARCH 教育学和教育研究,4 [571/754],,,,,,,,,,
Beyond Behavior,2025,1074-2956/2163-5323,否,否,否,ESCI,0.7,,教育学,4 [630/840],否,三级," EDUCATION, SPECIAL 特殊教育学",4 [56/62],,,,,,,,,,
Revista Fuentes,2025,2172-7775/2172-7775,否,否,是,ESCI,1,,教育学,4 [631/840],否,三级, EDUCATION & EDUCATIONAL RESEARCH 教育学和教育研究,4 [572/754],,,,,,,,,,
Schools-Studies in Education,2025,1550-1175/2153-0327,否,否,否,ESCI,0.7,,教育学,4 [632/840],否,三级, EDUCATION & EDUCATIONAL RESEARCH 教育学和教育研究,4 [573/754],,,,,,,,,,
JOURNAL OF DRUG EDUCATION,2025,0047-2379/1541-4159,否,否,否,ESCI,0.6,,教育学,4 [633/840],否,三级," EDUCATION, SCIENTIFIC DISCIPLINES 学科教育",4 [68/86],,,,,,,,,,
Paideusis-The Journal of the Canadian Philosophy of Education Society,2025,1916-0348/1916-0348,否,否,是,ESCI,0.5,,教育学,4 [634/840],否,三级, EDUCATION & EDUCATIONAL RESEARCH 教育学和教育研究,4 [574/754],,,,,,,,,,
Revista Electronica de Investigacion Educativa,2025,1607-4041/1607-4041,否,否,是,ESCI,0.8,,教育学,4 [635/840],否,三级, EDUCATION & EDUCATIONAL RESEARCH 教育学和教育研究,4 [575/754],,,,,,,,,,
Revista Sonda-Investigacion y Docencia en Artes y Letras,2025,2254-6073/2254-6073,否,否,否,ESCI,<0.1,,教育学,4 [636/840],否,三级, EDUCATION & EDUCATIONAL RESEARCH 教育学和教育研究,4 [576/754],,,,,,,,,,
Journal of Continuing Higher Education,2025,0737-7363/1948-4801,否,否,否,ESCI,1.1,,教育学,4 [637/840],否,三级, EDUCATION & EDUCATIONAL RESEARCH 教育学和教育研究,4 [577/754],,,,,,,,,,
Exceptionality,2025,0936-2835/1532-7035,否,否,否,SSCI,0.9,,教育学,4 [638/840],否,三级," EDUCATION, SPECIAL 特殊教育学",4 [57/62],,,,,,,,,,
Journal for Critical Education Policy Studies,2025,2051-0969/1740-2743,否,否,否,ESCI,0.4,,教育学,4 [639/840],否,三级, EDUCATION & EDUCATIONAL RESEARCH 教育学和教育研究,4 [578/754],,,,,,,,,,
Revista Eureka sobre Ensenanza y Divulgacion de las Ciencias,2025,1697-011X/1697-011X,否,否,是,ESCI,1.1,,教育学,4 [640/840],否,三级, EDUCATION & EDUCATIONAL RESEARCH 教育学和教育研究,4 [579/754],,,,,,,,,,
Revista de Pedagogia Universitaria y Didactica del Derecho,2025,0719-5885/0719-5885,否,否,是,ESCI,0.3,,教育学,4 [641/840],否,三级, EDUCATION & EDUCATIONAL RESEARCH 教育学和教育研究,4 [580/754],,,,,,,,,,
Physical Educator-US,2025,0031-8981/2160-1682,否,否,否,ESCI,0.5,,教育学,4 [642/840],否,三级, EDUCATION & EDUCATIONAL RESEARCH 教育学和教育研究,4 [581/754],,,,,,,,,,
Journal of Physical Education Recreation and Dance,2025,0730-3084/2168-3816,否,否,否,ESCI,0.7,,教育学,4 [643/840],否,三级, EDUCATION & EDUCATIONAL RESEARCH 教育学和教育研究,4 [582/754],,,,,,,,,,
International Journal of Cognitive Research in Science Engineering and Education-IJCRSEE,2025,2334-847X/2334-8496,否,否,是,ESCI,0.7,,教育学,4 [644/840],否,三级, EDUCATION & EDUCATIONAL RESEARCH 教育学和教育研究,4 [583/754],,,,,,,,,,
Revista Romaneasca Pentru Educatie Multidimensionala,2025,2066-7329/2067-9270,否,否,否,ESCI,0.4,,教育学,4 [645/840],否,三级, EDUCATION & EDUCATIONAL RESEARCH 教育学和教育研究,4 [584/754],,,,,,,,,,
Physical Education of Students,2025,2075-5279/2308-7250,否,否,是,ESCI,0.7,,教育学,4 [646/840],否,三级, EDUCATION & EDUCATIONAL RESEARCH 教育学和教育研究,4 [585/754],,,,,,,,,,
Foro de Educacion,2025,1698-7799/1698-7802,否,否,是,ESCI,0.5,,教育学,4 [647/840],否,三级, EDUCATION & EDUCATIONAL RESEARCH 教育学和教育研究,4 [587/754],,,,,,,,,,
Teaching of Mathematics,2025,1451-4966/2406-1077,否,否,是,ESCI,0.3,,教育学,4 [648/840],否,三级," EDUCATION, SCIENTIFIC DISCIPLINES 学科教育",4 [69/86],,,,,,,,,,
Writing & Pedagogy,2025,1756-5839/1756-5847,否,否,否,ESCI,0.2,,教育学,4 [649/840],否,三级, EDUCATION & EDUCATIONAL RESEARCH 教育学和教育研究,4 [588/754],,,,,,,,,,
Revista Interuniversitaria de Formacion del Profesorado-RIFOP,2025,0213-8646/2530-3791,否,否,是,ESCI,0.6,,教育学,4 [650/840],否,三级, EDUCATION & EDUCATIONAL RESEARCH 教育学和教育研究,4 [589/754],,,,,,,,,,
Revista Peruana de Investigacion Educativa,2025,2076-6300/2077-4168,否,否,否,ESCI,<0.1,,教育学,4 [651/840],否,三级, EDUCATION & EDUCATIONAL RESEARCH 教育学和教育研究,4 [590/754],,,,,,,,,,
Strategies for Policy in Science and Education-Strategii na Obrazovatelnata i Nauchnata Politika,2025,1310-0270/1314-8575,否,否,否,ESCI,0.8,,教育学,4 [652/840],否,三级, EDUCATION & EDUCATIONAL RESEARCH 教育学和教育研究,4 [591/754],,,,,,,,,,
Studies in Self-Access Learning Journal,2025,2185-3762/2185-3762,否,否,是,ESCI,0.3,,教育学,4 [653/840],否,三级, EDUCATION & EDUCATIONAL RESEARCH 教育学和教育研究,4 [592/754],,,,,,,,,,
KEDI Journal of Educational Policy,2025,1739-4341/1739-4341,否,否,否,SSCI,0.8,,教育学,4 [654/840],否,三级, EDUCATION & EDUCATIONAL RESEARCH 教育学和教育研究,4 [593/754],,,,,,,,,,
Latin American Journal of Content & Language Integrated-LACLIL,2025,2011-6721/2322-9721,否,否,是,ESCI,,,教育学,4 [655/840],否,三级, EDUCATION & EDUCATIONAL RESEARCH 教育学和教育研究,4 [594/754],,,,,,,,,,
Learning Disabilities-A Multidisciplinary Journal,2025,1046-6819/2374-7846,否,否,否,ESCI,0.1,,教育学,4 [656/840],否,三级," EDUCATION, SPECIAL 特殊教育学",4 [58/62],,,,,,,,,,
International Journal of Ethics Education,2025,2363-9997/2364-0006,否,否,否,ESCI,0.9,,教育学,4 [657/840],否,三级, EDUCATION & EDUCATIONAL RESEARCH 教育学和教育研究,4 [595/754], ETHICS 伦理学,4 [67/77],,,,,,,,
Timarit um Uppeldi og Menntun-Icelandic Journal of Education,2025,2298-8394/2298-8408,否,否,是,ESCI,0.2,,教育学,4 [658/840],否,三级, EDUCATION & EDUCATIONAL RESEARCH 教育学和教育研究,4 [596/754],,,,,,,,,,
Bordon-Revista de Pedagogia,2025,0210-5934/2340-6577,否,否,否,ESCI,1.5,,教育学,4 [659/840],否,三级, EDUCATION & EDUCATIONAL RESEARCH 教育学和教育研究,4 [597/754],,,,,,,,,,
Journal of Chiropractic Education,2025,1042-5055/2374-250X,否,否,否,ESCI,1.3,,教育学,4 [660/840],否,三级," EDUCATION, SCIENTIFIC DISCIPLINES 学科教育",4 [70/86],,,,,,,,,,
International Journal of Health Promotion and Education,2025,1463-5240/2164-9545,否,否,否,ESCI,0.7,,教育学,4 [661/840],否,三级," EDUCATION, SCIENTIFIC DISCIPLINES 学科教育",4 [71/86],,,,,,,,,,
Lumen-Eighteenth-Century Studies-d Etude du Dix-Huitieme,2025,1209-3696/1927-8284,否,否,否,ESCI,,,教育学,4 [662/840],否,三级, EDUCATION & EDUCATIONAL RESEARCH 教育学和教育研究,4 [598/754],,,,,,,,,,
Christian Education Journal,2025,0739-8913/2378-525X,否,否,否,ESCI,0.3,,教育学,4 [663/840],否,三级, EDUCATION & EDUCATIONAL RESEARCH 教育学和教育研究,4 [599/754], RELIGION 宗教,4 [329/340],,,,,,,,
Journal of Research in Education Sciences,2025,2073-753X/2073-753X,否,否,是,ESCI,0.5,,教育学,4 [664/840],否,三级, EDUCATION & EDUCATIONAL RESEARCH 教育学和教育研究,4 [600/754],,,,,,,,,,
International Journal of Knowledge and Learning,2025,1741-1009/1741-1017,否,否,否,ESCI,0.8,,教育学,4 [665/840],否,三级, EDUCATION & EDUCATIONAL RESEARCH 教育学和教育研究,4 [601/754],,,,,,,,,,
REDU-Revista de Docencia Universitaria,2025,1696-1412/1887-4592,否,否,是,ESCI,0.5,,教育学,4 [666/840],否,三级, EDUCATION & EDUCATIONAL RESEARCH 教育学和教育研究,4 [602/754],,,,,,,,,,
Canadian Journal of Educational Administration and Policy,2025,1207-7798/1207-7798,否,否,否,ESCI,0.5,,教育学,4 [667/840],否,三级, EDUCATION & EDUCATIONAL RESEARCH 教育学和教育研究,4 [603/754],,,,,,,,,,
Journal of Language Teaching and Learning,2025,2146-1732/2146-1732,否,否,否,ESCI,<0.1,,教育学,4 [668/840],否,三级, EDUCATION & EDUCATIONAL RESEARCH 教育学和教育研究,4 [604/754],,,,,,,,,,
REMIE-Multidisciplinary Journal of Educational Research,2025,2014-2862/2014-2862,否,否,是,ESCI,0.5,,教育学,4 [669/840],否,三级, EDUCATION & EDUCATIONAL RESEARCH 教育学和教育研究,4 [605/754],,,,,,,,,,
Journal of Perinatal Education,2025,1058-1243/1548-8519,否,否,否,ESCI,0.7,,教育学,4 [670/840],否,三级, EDUCATION & EDUCATIONAL RESEARCH 教育学和教育研究,4 [606/754],,,,,,,,,,
Revista Electronica Educare,2025,1409-4258/1409-4258,否,否,是,ESCI,1,,教育学,4 [671/840],否,三级, EDUCATION & EDUCATIONAL RESEARCH 教育学和教育研究,4 [607/754],,,,,,,,,,
International Journal of Assessment Tools in Education,2025,2148-7456/2148-7456,否,否,否,ESCI,1.1,,教育学,4 [672/840],否,三级, EDUCATION & EDUCATIONAL RESEARCH 教育学和教育研究,4 [608/754],,,,,,,,,,
DDS-Die Deutsche Schule,2025,0012-0731/0012-0731,否,否,是,ESCI,0.3,,教育学,4 [673/840],否,三级, EDUCATION & EDUCATIONAL RESEARCH 教育学和教育研究,4 [609/754],,,,,,,,,,
International Journal of Emotional Education,2025,2073-7629/2073-7629,否,否,是,ESCI,1,,教育学,4 [674/840],否,三级," PSYCHOLOGY, EDUCATIONAL 心理学：教育",4 [67/74],,,,,,,,,,
Berkeley Review of Education,2025,1947-5578/1947-5578,否,否,否,ESCI,0.5,,教育学,4 [675/840],否,三级, EDUCATION & EDUCATIONAL RESEARCH 教育学和教育研究,4 [610/754],,,,,,,,,,
SPUR-Scholarship and Practice of Undergraduate Research,2025,2476-101X/2476-101X,否,否,否,ESCI,0.5,,教育学,4 [676/840],否,三级, EDUCATION & EDUCATIONAL RESEARCH 教育学和教育研究,4 [611/754],,,,,,,,,,
GIST-Education and Learning Research Journal,2025,1692-5777/2248-8391,否,否,是,ESCI,0.1,,教育学,4 [677/840],否,三级, EDUCATION & EDUCATIONAL RESEARCH 教育学和教育研究,4 [612/754],,,,,,,,,,
Journal of Measurement and Evaluation in Education and Psychology-EPOD,2025,1309-6575/1309-6575,否,否,是,ESCI,0.6,,教育学,4 [678/840],否,三级," PSYCHOLOGY, EDUCATIONAL 心理学：教育",4 [69/74],,,,,,,,,,
Journal of E-Learning and Knowledge Society,2025,1826-6223/1971-8829,否,否,是,ESCI,0.9,,教育学,4 [679/840],否,三级, EDUCATION & EDUCATIONAL RESEARCH 教育学和教育研究,4 [613/754],,,,,,,,,,
Journal of Qualitative Research in Education-Egitimde Nitel Arastirmalar Dergisi,2025,2148-2624/2148-2624,否,否,是,ESCI,0.4,,教育学,4 [680/840],否,三级, EDUCATION & EDUCATIONAL RESEARCH 教育学和教育研究,4 [614/754],,,,,,,,,,
Canadian Journal for the Study of Adult Education,2025,0835-4944/1925-993X,否,否,否,ESCI,0.2,,教育学,4 [681/840],否,三级, EDUCATION & EDUCATIONAL RESEARCH 教育学和教育研究,4 [615/754],,,,,,,,,,
Pedagogia Social Revista Interuniversitaria,2025,1989-9742/1989-9742,否,否,是,ESCI,0.5,,教育学,4 [682/840],否,三级, EDUCATION & EDUCATIONAL RESEARCH 教育学和教育研究,4 [616/754],,,,,,,,,,
Focus on Health Professional Education-A Multidisciplinary Journal,2025,1442-1100/2204-7662,否,否,是,ESCI,3,,教育学,4 [683/840],否,三级," EDUCATION, SCIENTIFIC DISCIPLINES 学科教育",4 [72/86],,,,,,,,,,
Decision Sciences-Journal of Innovative Education,2025,1540-4595/1540-4609,否,否,否,ESCI,1,,教育学,4 [684/840],否,三级, EDUCATION & EDUCATIONAL RESEARCH 教育学和教育研究,4 [618/754],,,,,,,,,,
Paginas de Educacion,2025,1688-5287/1688-7468,否,否,是,ESCI,0.4,,教育学,4 [685/840],否,三级, EDUCATION & EDUCATIONAL RESEARCH 教育学和教育研究,4 [619/754],,,,,,,,,,
Interaction Design and Architectures,2025,1826-9745/2283-2998,否,否,是,ESCI,0.9,,教育学,4 [686/840],否,三级, EDUCATION & EDUCATIONAL RESEARCH 教育学和教育研究,4 [620/754],,,,,,,,,,
Research in Education and Learning Innovation Archives-REALIA,2025,2659-9031/2659-9031,否,否,是,ESCI,1,,教育学,4 [687/840],否,三级, EDUCATION & EDUCATIONAL RESEARCH 教育学和教育研究,4 [621/754],,,,,,,,,,
Science Activities-Projects and Curriculum Ideas in STEM Classrooms,2025,0036-8121/1940-1302,否,否,否,ESCI,0.7,,教育学,4 [688/840],否,三级, EDUCATION & EDUCATIONAL RESEARCH 教育学和教育研究,4 [622/754],,,,,,,,,,
Egitim ve Bilim-Education and Science,2025,1300-1337/1300-1337,否,否,否,SSCI,0.6,,教育学,4 [689/840],否,三级, EDUCATION & EDUCATIONAL RESEARCH 教育学和教育研究,4 [623/754],,,,,,,,,,
Revista de Investigacion en Educacion,2025,1697-5200/2172-3427,否,否,否,ESCI,0.7,,教育学,4 [690/840],否,三级, EDUCATION & EDUCATIONAL RESEARCH 教育学和教育研究,4 [624/754],,,,,,,,,,
Revista de Educacion Inclusiva,2025,1889-4208/1989-4643,否,否,是,ESCI,0.4,,教育学,4 [691/840],否,三级," EDUCATION, SPECIAL 特殊教育学",4 [59/62],,,,,,,,,,
Nuances-Estudos sobre Educacao,2025,2236-0441/2236-0441,否,否,否,ESCI,0.4,,教育学,4 [692/840],否,三级, EDUCATION & EDUCATIONAL RESEARCH 教育学和教育研究,4 [625/754],,,,,,,,,,
English in Australia,2025,0155-2147/0155-2147,否,否,否,SSCI,0.5,,教育学,4 [693/840],否,三级, EDUCATION & EDUCATIONAL RESEARCH 教育学和教育研究,4 [626/754],,,,,,,,,,
Per Linguam-A Journal of Language Learning,2025,0259-2312/2224-0012,否,否,是,ESCI,0.2,,教育学,4 [694/840],否,三级, EDUCATION & EDUCATIONAL RESEARCH 教育学和教育研究,4 [627/754],,,,,,,,,,
Contextos Educativos-Revista de Educacion,2025,1575-023X/1695-5714,否,否,是,ESCI,0.3,,教育学,4 [695/840],否,三级, EDUCATION & EDUCATIONAL RESEARCH 教育学和教育研究,4 [628/754],,,,,,,,,,
Revista Latinoamericana de Investigacion en Matematica Educativa-RELIME,2025,1665-2436/2007-6819,否,否,是,SSCI,0.3,,教育学,4 [696/840],否,三级, EDUCATION & EDUCATIONAL RESEARCH 教育学和教育研究,4 [629/754],,,,,,,,,,
Journal of Jewish Education,2025,1524-4113/1554-611X,否,否,否,ESCI,0.4,,教育学,4 [697/840],否,三级, EDUCATION & EDUCATIONAL RESEARCH 教育学和教育研究,4 [630/754],,,,,,,,,,
Revista Latinoamericana de Tecnologia Educativa-RELATEC,2025,1695-288X/1695-288X,否,否,是,ESCI,0.5,,教育学,4 [698/840],否,三级, EDUCATION & EDUCATIONAL RESEARCH 教育学和教育研究,4 [631/754],,,,,,,,,,
Educar em Revista,2025,0104-4060/1984-0411,否,否,是,ESCI,0.1,,教育学,4 [699/840],否,三级, EDUCATION & EDUCATIONAL RESEARCH 教育学和教育研究,4 [632/754],,,,,,,,,,
Praxis & Saber,2025,2216-0159/2462-8603,否,否,是,ESCI,0.3,,教育学,4 [700/840],否,三级, EDUCATION & EDUCATIONAL RESEARCH 教育学和教育研究,4 [633/754],,,,,,,,,,
Croatian Journal of Education-Hrvatski Casopis za Odgoj i obrazovanje,2025,1848-5189/1848-5197,否,否,否,SSCI,0.3,,教育学,4 [701/840],否,三级, EDUCATION & EDUCATIONAL RESEARCH 教育学和教育研究,4 [634/754],,,,,,,,,,
Perspectiva Educacional,2025,0718-9729/0718-9729,否,否,否,ESCI,0.4,,教育学,4 [702/840],否,三级, EDUCATION & EDUCATIONAL RESEARCH 教育学和教育研究,4 [635/754],,,,,,,,,,
EDMETIC,2025,2254-0059/2254-0059,否,否,是,ESCI,0.6,,教育学,4 [703/840],否,三级, EDUCATION & EDUCATIONAL RESEARCH 教育学和教育研究,4 [636/754],,,,,,,,,,
Magis-Revista Internacional de Investigacion en Educacion,2025,2027-1174/2027-1182,否,否,是,ESCI,0.4,,教育学,4 [704/840],否,三级, EDUCATION & EDUCATIONAL RESEARCH 教育学和教育研究,4 [637/754],,,,,,,,,,
Metodicki Ogledi-Methodical Review,2025,0353-765X/1848-2325,否,否,否,ESCI,0.2,,教育学,4 [705/840],否,三级, EDUCATION & EDUCATIONAL RESEARCH 教育学和教育研究,4 [638/754],,,,,,,,,,
Pythagoras,2025,1012-2346/2223-7895,否,否,是,ESCI,0.7,,教育学,4 [706/840],否,三级," EDUCATION, SCIENTIFIC DISCIPLINES 学科教育",4 [73/86],,,,,,,,,,
Revista Iberoamericana de Educacion,2025,1022-6508/1681-5653,否,否,是,ESCI,0.5,,教育学,4 [707/840],否,三级, EDUCATION & EDUCATIONAL RESEARCH 教育学和教育研究,4 [639/754],,,,,,,,,,
Revista Digital de Investigacion en Docencia Universitaria-RIDU,2025,2223-2516/2223-2516,否,否,是,ESCI,0.6,,教育学,4 [708/840],否,三级, EDUCATION & EDUCATIONAL RESEARCH 教育学和教育研究,4 [640/754],,,,,,,,,,
ETD Educacao Tematica Digital,2025,1676-2592/1676-2592,否,否,是,ESCI,0.1,,教育学,4 [709/840],否,三级, EDUCATION & EDUCATIONAL RESEARCH 教育学和教育研究,4 [641/754],,,,,,,,,,
International Journal of Teacher Education and Professional Development,2025,2572-4878/2572-486X,否,否,否,ESCI,0.3,,教育学,4 [710/840],否,三级, EDUCATION & EDUCATIONAL RESEARCH 教育学和教育研究,4 [642/754],,,,,,,,,,
Sportis-Scientific Technical Journal of School Sport Physical Education and Psychomotricity,2025,2386-8333/2386-8333,否,否,是,ESCI,0.3,,教育学,4 [711/840],否,三级, EDUCATION & EDUCATIONAL RESEARCH 教育学和教育研究,4 [643/754],,,,,,,,,,
Eduweb-Revista de Tecnologia de Informacion y Comunicacion en Educacion,2025,1856-7576/1856-7576,否,否,否,ESCI,0.7,,教育学,4 [712/840],否,三级, EDUCATION & EDUCATIONAL RESEARCH 教育学和教育研究,4 [644/754],,,,,,,,,,
Journal of Education Finance,2025,0098-9495/1944-6470,否,否,否,ESCI,0.2,,教育学,4 [713/840],否,三级, EDUCATION & EDUCATIONAL RESEARCH 教育学和教育研究,4 [645/754],,,,,,,,,,
Revista Publicaciones,2025,1577-4147/2530-9269,否,否,是,ESCI,0.2,,教育学,4 [714/840],否,三级, EDUCATION & EDUCATIONAL RESEARCH 教育学和教育研究,4 [646/754],,,,,,,,,,
Frontiers of Education in China,2025,1673-341X/1673-3533,否,否,否,ESCI,0.3,,教育学,4 [715/840],否,三级, EDUCATION & EDUCATIONAL RESEARCH 教育学和教育研究,4 [647/754],,,,,,,,,,
Revista Educacao e Linguagens,2025,2238-6084/2238-6084,否,否,否,ESCI,<0.1,,教育学,4 [716/840],否,三级, EDUCATION & EDUCATIONAL RESEARCH 教育学和教育研究,4 [648/754],,,,,,,,,,
Foro-Revista de Ciencias Juridicas y Sociales. NuevaEpoca,2025,1698-5583/2255-5285,否,否,是,ESCI,<0.1,,教育学,4 [717/840],否,三级, EDUCATION & EDUCATIONAL RESEARCH 教育学和教育研究,4 [649/754],,,,,,,,,,
Gondola-Ensenanza y Aprendizaje de las Ciencias,2025,2346-4712/2145-4981,否,否,是,ESCI,0.2,,教育学,4 [718/840],否,三级," EDUCATION, SCIENTIFIC DISCIPLINES 学科教育",4 [74/86],,,,,,,,,,
Christian Higher Education,2025,1536-3759/1539-4107,否,否,否,ESCI,0.5,,教育学,4 [719/840],否,三级, EDUCATION & EDUCATIONAL RESEARCH 教育学和教育研究,4 [650/754],,,,,,,,,,
Malaysian Journal of ELT Research,2025,1511-8002/1511-8002,否,否,否,ESCI,0.2,,教育学,4 [720/840],否,三级, EDUCATION & EDUCATIONAL RESEARCH 教育学和教育研究,4 [651/754],,,,,,,,,,
Educatio Siglo XXI,2025,1699-2105/1989-466X,否,否,是,ESCI,0.4,,教育学,4 [721/840],否,三级, EDUCATION & EDUCATIONAL RESEARCH 教育学和教育研究,4 [652/754],,,,,,,,,,
Guiniguada,2025,0213-0610/2386-3374,否,否,是,ESCI,0.1,,教育学,4 [722/840],否,三级, EDUCATION & EDUCATIONAL RESEARCH 教育学和教育研究,4 [653/754],,,,,,,,,,
ZEITSCHRIFT FUR PADAGOGIK,2025,0044-3247/0044-3247,否,否,否,SSCI,0.3,,教育学,4 [723/840],否,三级, EDUCATION & EDUCATIONAL RESEARCH 教育学和教育研究,4 [654/754],,,,,,,,,,
Sodobna Pedagogika-Journal of Contemporary Educational Studies,2025,0038-0474/0038-0474,否,否,否,ESCI,0.2,,教育学,4 [724/840],否,三级, EDUCATION & EDUCATIONAL RESEARCH 教育学和教育研究,4 [655/754],,,,,,,,,,
In Education,2025,1927-6117/1927-6117,否,否,是,ESCI,<0.1,,教育学,4 [725/840],否,三级, EDUCATION & EDUCATIONAL RESEARCH 教育学和教育研究,4 [656/754],,,,,,,,,,
Electronic Journal of Research in Educational Psychology,2025,1699-5880/1696-2095,否,否,否,ESCI,0.5,,教育学,4 [726/840],否,三级," PSYCHOLOGY, EDUCATIONAL 心理学：教育",4 [70/74],,,,,,,,,,
Zbornik Instituta za Pedagoska Istrazivanja,2025,0579-6431/1820-9270,否,否,是,ESCI,0.3,,教育学,4 [727/840],否,三级, EDUCATION & EDUCATIONAL RESEARCH 教育学和教育研究,4 [657/754],,,,,,,,,,
JOURNAL OF LEGAL EDUCATION,2025,0022-2208/0022-2208,否,否,否,SSCI,4.8,,教育学,4 [728/840],否,三级, EDUCATION & EDUCATIONAL RESEARCH 教育学和教育研究,4 [658/754], LAW 法学,4 [362/427],,,,,,,,
Independent Journal of Teaching and Learning,2025,1818-9687/1818-9687,否,否,否,ESCI,0.6,,教育学,4 [729/840],否,三级, EDUCATION & EDUCATIONAL RESEARCH 教育学和教育研究,4 [659/754],,,,,,,,,,
Australian Universities Review,2025,0818-8068/0818-8068,否,否,否,ESCI,0.7,,教育学,4 [730/840],否,三级, EDUCATION & EDUCATIONAL RESEARCH 教育学和教育研究,4 [660/754],,,,,,,,,,
International Research in Early Childhood Education,2025,1838-0689/1838-0689,否,否,否,ESCI,,,教育学,4 [731/840],否,三级, EDUCATION & EDUCATIONAL RESEARCH 教育学和教育研究,4 [661/754],,,,,,,,,,
International Journal for Technology in Mathematics Education,2025,1744-2710/2045-2519,否,否,否,ESCI,0.4,,教育学,4 [732/840],否,三级," EDUCATION, SCIENTIFIC DISCIPLINES 学科教育",4 [75/86],,,,,,,,,,
Revista Praxis Educacional,2025,1809-0249/2178-2679,否,否,是,ESCI,0.1,,教育学,4 [733/840],否,三级, EDUCATION & EDUCATIONAL RESEARCH 教育学和教育研究,4 [663/754],,,,,,,,,,
Cukurova University Faculty of Education Journal,2025,1302-9967/1302-9967,否,否,否,ESCI,0.4,,教育学,4 [734/840],否,三级, EDUCATION & EDUCATIONAL RESEARCH 教育学和教育研究,4 [664/754],,,,,,,,,,
Revista Ibero-Americana de Estudos em Educacao,2025,2446-8606/1982-5587,否,否,是,ESCI,0.1,,教育学,4 [735/840],否,三级, EDUCATION & EDUCATIONAL RESEARCH 教育学和教育研究,4 [665/754],,,,,,,,,,
Information Technologies and Learning Tools,2025,2076-8184/2076-8184,否,否,是,ESCI,1,,教育学,4 [736/840],否,三级, EDUCATION & EDUCATIONAL RESEARCH 教育学和教育研究,4 [666/754],,,,,,,,,,
Journal of Language and Cultural Education,2025,1339-4045/1339-4584,否,否,是,ESCI,0.3,,教育学,4 [737/840],否,三级, EDUCATION & EDUCATIONAL RESEARCH 教育学和教育研究,4 [667/754],,,,,,,,,,
Revista Gestion de la Educacion,2025,2215-2288/2215-2288,否,否,否,ESCI,0.4,,教育学,4 [738/840],否,三级, EDUCATION & EDUCATIONAL RESEARCH 教育学和教育研究,4 [668/754],,,,,,,,,,
PHYSICS TEACHER,2025,0031-921X/1943-4928,否,否,否,SCIE,0.6,,教育学,4 [739/840],否,三级," EDUCATION, SCIENTIFIC DISCIPLINES 学科教育",4 [76/86]," PHYSICS, MULTIDISCIPLINARY 物理：综合",4 [82/111],,,,,,,,
Uni-pluriversidad,2025,1657-4249/2665-2730,否,否,是,ESCI,0.1,,教育学,4 [740/840],否,三级, EDUCATION & EDUCATIONAL RESEARCH 教育学和教育研究,4 [669/754],,,,,,,,,,
Journal of Cognitive Education and Psychology,2025,1945-8959/1810-7621,否,否,否,ESCI,,,教育学,4 [741/840],否,三级," PSYCHOLOGY, EDUCATIONAL 心理学：教育",4 [71/74],,,,,,,,,,
MIER-Journal of Educational Studies Trends and Practices,2025,0976-8203/2319-1945,否,否,否,ESCI,0.4,,教育学,4 [742/840],否,三级, EDUCATION & EDUCATIONAL RESEARCH 教育学和教育研究,4 [670/754],,,,,,,,,,
SOUTH AFRICAN JOURNAL FOR RESEARCH IN SPORT PHYSICAL EDUCATION AND RECREATION,2025,0379-9069,否,否,否,SSCI,0.2,,教育学,4 [743/840],否,三级," SOCIAL SCIENCES, INTERDISCIPLINARY 社会科学：跨领域",4 [212/263],,,,,,,,,,
Journal of Astronomy and Earth Sciences Education,2025,2374-6246/2374-6254,否,否,否,ESCI,,,教育学,4 [744/840],否,三级," EDUCATION, SCIENTIFIC DISCIPLINES 学科教育",4 [77/86],,,,,,,,,,
Africa Education Review,2025,1814-6627/1753-5921,否,否,否,ESCI,0.5,,教育学,4 [745/840],否,三级, EDUCATION & EDUCATIONAL RESEARCH 教育学和教育研究,4 [671/754],,,,,,,,,,
Journal for the Study of Sports and Athletes in Education,2025,1935-7397/1935-7400,否,否,否,ESCI,1,,教育学,4 [746/840],否,三级, EDUCATION & EDUCATIONAL RESEARCH 教育学和教育研究,4 [672/754],,,,,,,,,,
Aula de Encuentro,2025,1137-8778/2341-4847,否,否,是,ESCI,0.2,,教育学,4 [747/840],否,三级, EDUCATION & EDUCATIONAL RESEARCH 教育学和教育研究,4 [673/754],,,,,,,,,,
Education et Francophonie,2025,0849-1089/1916-8659,否,否,否,ESCI,0.2,,教育学,4 [748/840],否,三级, EDUCATION & EDUCATIONAL RESEARCH 教育学和教育研究,4 [674/754],,,,,,,,,,
Sophia-Educacion,2025,1794-8932/2346-0806,否,否,是,ESCI,<0.1,,教育学,4 [749/840],否,三级, EDUCATION & EDUCATIONAL RESEARCH 教育学和教育研究,4 [675/754],,,,,,,,,,
Edma 0-6-Educacion Matematica en la Infancia,2025,2254-8351/2254-8351,否,否,否,ESCI,0.2,,教育学,4 [750/840],否,三级, EDUCATION & EDUCATIONAL RESEARCH 教育学和教育研究,4 [676/754],,,,,,,,,,
EDUCATIONAL LEADERSHIP,2025,0013-1784/1943-5878,否,否,否,SSCI,,,教育学,4 [751/840],否,三级, EDUCATION & EDUCATIONAL RESEARCH 教育学和教育研究,4 [677/754],,,,,,,,,,
Agora para la Educacion Fisica y el Deporte,2025,1578-2174/1989-7200,否,否,否,ESCI,0.7,,教育学,4 [752/840],否,三级, EDUCATION & EDUCATIONAL RESEARCH 教育学和教育研究,4 [678/754],,,,,,,,,,
Hacettepe Universitesi Egitim Fakultesi Dergisi-Hacettepe University Journal of Education,2025,2536-4758/2536-4758,否,否,否,ESCI,0.3,,教育学,4 [753/840],否,三级, EDUCATION & EDUCATIONAL RESEARCH 教育学和教育研究,4 [679/754],,,,,,,,,,
Recherche et Pratiques Pedagogiques en Langues de Specialite-Cahiers de l Apliut,2025,2257-5405/2119-5242,否,否,否,ESCI,0.1,,教育学,4 [754/840],否,三级, EDUCATION & EDUCATIONAL RESEARCH 教育学和教育研究,4 [680/754],,,,,,,,,,
Tizard Learning Disability Review,2025,1359-5474/2042-8782,否,否,否,ESCI,0.7,,教育学,4 [755/840],否,三级," EDUCATION, SPECIAL 特殊教育学",4 [60/62],,,,,,,,,,
Espacios en Blanco-Serie Indagaciones,2025,1515-9485/1515-9485,否,否,是,ESCI,0.2,,教育学,4 [756/840],否,三级, EDUCATION & EDUCATIONAL RESEARCH 教育学和教育研究,4 [681/754],,,,,,,,,,
Zona Proxima,2025,1657-2416/2145-9444,否,否,否,ESCI,0.5,,教育学,4 [757/840],否,三级, EDUCATION & EDUCATIONAL RESEARCH 教育学和教育研究,4 [682/754],,,,,,,,,,
Eccos-Revista Cientifica,2025,1517-1949/1983-9278,否,否,是,ESCI,0.1,,教育学,4 [758/840],否,三级, EDUCATION & EDUCATIONAL RESEARCH 教育学和教育研究,4 [683/754],,,,,,,,,,
International Journal of Adult Education and Technology-IJAET,2025,2643-7996/2643-8003,否,否,否,ESCI,0.5,,教育学,4 [759/840],否,三级, EDUCATION & EDUCATIONAL RESEARCH 教育学和教育研究,4 [684/754],,,,,,,,,,
Didactica de las Ciencias Experimentales y Sociales,2025,0214-4379/2255-3835,否,否,是,ESCI,0.2,,教育学,4 [760/840],否,三级, EDUCATION & EDUCATIONAL RESEARCH 教育学和教育研究,4 [685/754],,,,,,,,,,
Curriculum Matters,2025,1177-1828,否,否,否,SSCI,0.1,,教育学,4 [761/840],否,三级, EDUCATION & EDUCATIONAL RESEARCH 教育学和教育研究,4 [686/754],,,,,,,,,,
PHARMACY EDUCATION,2025,1560-2214/1477-2701,否,否,否,ESCI,0.5,,教育学,4 [762/840],否,三级," EDUCATION, SCIENTIFIC DISCIPLINES 学科教育",4 [78/86],,,,,,,,,,
International Journal of Technology Enhanced Learning,2025,1753-5255/1753-5263,否,否,否,ESCI,0.7,,教育学,4 [763/840],否,三级, EDUCATION & EDUCATIONAL RESEARCH 教育学和教育研究,4 [688/754],,,,,,,,,,
Revista Brasileira de Educacao do Campo-Brazilian Journal of Rural Education,2025,2525-4863/2525-4863,否,否,是,ESCI,0.1,,教育学,4 [764/840],否,三级, EDUCATION & EDUCATIONAL RESEARCH 教育学和教育研究,4 [689/754],,,,,,,,,,
Luz,2025,1814-151X/1814-151X,否,否,是,ESCI,0.1,,教育学,4 [765/840],否,三级, EDUCATION & EDUCATIONAL RESEARCH 教育学和教育研究,4 [690/754],,,,,,,,,,
Zeitschrift fur Soziologie der Erziehung und Sozialisation,2025,1436-1957/1436-1957,否,否,否,SSCI,0.2,,教育学,4 [766/840],否,三级, EDUCATION & EDUCATIONAL RESEARCH 教育学和教育研究,4 [691/754],,,,,,,,,,
Periferia,2025,1984-9540/1984-9540,否,否,是,ESCI,<0.1,,教育学,4 [767/840],否,三级, EDUCATION & EDUCATIONAL RESEARCH 教育学和教育研究,4 [692/754],,,,,,,,,,
Asia Pacific Scholar,2025,2424-9335/2424-9270,否,否,是,ESCI,0.5,,教育学,4 [768/840],否,三级," EDUCATION, SCIENTIFIC DISCIPLINES 学科教育",4 [79/86],,,,,,,,,,
Revista on Line de Politica e Gestao Educacional,2025,1519-9029/1519-9029,否,否,是,ESCI,0.3,,教育学,4 [769/840],否,三级, EDUCATION & EDUCATIONAL RESEARCH 教育学和教育研究,4 [693/754],,,,,,,,,,
Journal of Unschooling and Alternative Learning,2025,1916-8128/1916-8128,否,否,是,ESCI,<0.1,,教育学,4 [770/840],否,三级, EDUCATION & EDUCATIONAL RESEARCH 教育学和教育研究,4 [694/754],,,,,,,,,,
Ankara Universitesi Egitim Bilimleri Fakultesi Ozel Egitim Dergisi-Ankara University Faculty of Educational Sciences Journal of Special Education,2025,1304-7639/2149-8261,否,否,是,ESCI,0.6,,教育学,4 [771/840],否,三级," EDUCATION, SPECIAL 特殊教育学",4 [61/62],,,,,,,,,,
International Journal of Special Education,2025,0827-3383/0827-3383,否,否,是,ESCI,0.9,,教育学,4 [772/840],否,三级," EDUCATION, SPECIAL 特殊教育学",4 [62/62],,,,,,,,,,
Perspectivas em Dialogo-Revista de Educacao e Sociedade,2025,2358-1840/2358-1840,否,否,是,ESCI,<0.1,,教育学,4 [773/840],否,三级, EDUCATION & EDUCATIONAL RESEARCH 教育学和教育研究,4 [695/754],,,,,,,,,,
International Journal of Educational Sciences,2025,0975-1122/0975-1122,否,否,否,ESCI,0.1,,教育学,4 [774/840],否,三级, EDUCATION & EDUCATIONAL RESEARCH 教育学和教育研究,4 [696/754],,,,,,,,,,
Educacao por Escrito,2025,2179-8435/2179-8435,否,否,是,ESCI,0.1,,教育学,4 [775/840],否,三级, EDUCATION & EDUCATIONAL RESEARCH 教育学和教育研究,4 [697/754],,,,,,,,,,
Palaestra,2025,8756-5811/2372-1391,否,否,否,ESCI,0.4,,教育学,4 [776/840],否,三级, EDUCATION & EDUCATIONAL RESEARCH 教育学和教育研究,4 [698/754],,,,,,,,,,
Ensayos-Revista de la Facultad de Educacion de Albacete,2025,0214-4824/2171-9098,否,否,是,ESCI,0.7,,教育学,4 [777/840],否,三级, EDUCATION & EDUCATIONAL RESEARCH 教育学和教育研究,4 [699/754],,,,,,,,,,
Etic net-Revista Cientifica Electronica de Educacion y Comunicacion en la Sociedad del Conocimiento,2025,1695-324X/1695-324X,否,否,是,ESCI,0.1,,教育学,4 [778/840],否,三级, EDUCATION & EDUCATIONAL RESEARCH 教育学和教育研究,4 [700/754],,,,,,,,,,
Revista Contemporanea de Educacao,2025,1809-5747/1809-5747,否,否,是,ESCI,<0.1,,教育学,4 [779/840],否,三级, EDUCATION & EDUCATIONAL RESEARCH 教育学和教育研究,4 [701/754],,,,,,,,,,
International Journal of Continuing Engineering Education and Life-Long Learning,2025,1560-4624/1741-5055,否,否,否,ESCI,0.4,,教育学,4 [780/840],否,三级, EDUCATION & EDUCATIONAL RESEARCH 教育学和教育研究,4 [702/754],,,,,,,,,,
Foro Educacional,2025,0717-2710/0718-0772,否,否,否,ESCI,0.2,,教育学,4 [781/840],否,三级, EDUCATION & EDUCATIONAL RESEARCH 教育学和教育研究,4 [703/754],,,,,,,,,,
Academia y Virtualidad,2025,2011-0731/2011-0731,否,否,是,ESCI,0.1,,教育学,4 [782/840],否,三级, EDUCATION & EDUCATIONAL RESEARCH 教育学和教育研究,4 [704/754],,,,,,,,,,
Debate Universitario,2025,2314-2138/2314-1530,否,否,是,ESCI,0.1,,教育学,4 [783/840],否,三级, EDUCATION & EDUCATIONAL RESEARCH 教育学和教育研究,4 [705/754],,,,,,,,,,
Educacion Fisica y Ciencia,2025,1514-0105/2314-2561,否,否,是,ESCI,0.1,,教育学,4 [784/840],否,三级, EDUCATION & EDUCATIONAL RESEARCH 教育学和教育研究,4 [706/754],,,,,,,,,,
CPU-e Revista de Investigacion Educativa,2025,1870-5308,否,否,是,ESCI,0.3,,教育学,4 [785/840],否,三级, EDUCATION & EDUCATIONAL RESEARCH 教育学和教育研究,4 [707/754],,,,,,,,,,
Mathematics and Informatics,2025,1310-2230/1314-8532,否,否,否,ESCI,0.3,,教育学,4 [786/840],否,三级, EDUCATION & EDUCATIONAL RESEARCH 教育学和教育研究,4 [708/754],,,,,,,,,,
Educacao,2025,0101-9031/1984-6444,否,否,是,ESCI,0.1,,教育学,4 [787/840],否,三级, EDUCATION & EDUCATIONAL RESEARCH 教育学和教育研究,4 [709/754],,,,,,,,,,
Foro de Profesores de E-LE,2025,1886-337X/1886-337X,否,否,是,ESCI,0.1,,教育学,4 [788/840],否,三级, EDUCATION & EDUCATIONAL RESEARCH 教育学和教育研究,4 [710/754],,,,,,,,,,
Innovacion Educativa,2025,1130-8656/2340-0056,否,否,否,ESCI,0.5,,教育学,4 [789/840],否,三级, EDUCATION & EDUCATIONAL RESEARCH 教育学和教育研究,4 [711/754],,,,,,,,,,
Dialogia,2025,1677-1303/1983-9294,否,否,是,ESCI,0.1,,教育学,4 [790/840],否,三级, EDUCATION & EDUCATIONAL RESEARCH 教育学和教育研究,4 [712/754],,,,,,,,,,
International Journal of Online Pedagogy and Course Design,2025,2155-6873/2155-6881,否,否,否,ESCI,0.6,,教育学,4 [791/840],否,三级, EDUCATION & EDUCATIONAL RESEARCH 教育学和教育研究,4 [713/754],,,,,,,,,,
Pamukkale Universitesi Egitim Fakultesi Dergisi-Pamukkale University Journal of Education,2025,1301-0085/1309-0275,否,否,是,ESCI,0.2,,教育学,4 [792/840],否,三级, EDUCATION & EDUCATIONAL RESEARCH 教育学和教育研究,4 [714/754],,,,,,,,,,
Dialogica,2025,1690-8961/1690-8961,否,否,否,ESCI,<0.1,,教育学,4 [793/840],否,三级, EDUCATION & EDUCATIONAL RESEARCH 教育学和教育研究,4 [715/754],,,,,,,,,,
Resonance-Journal of Science Education,2025,0971-8044/0973-712X,否,否,否,ESCI,0.4,,教育学,4 [794/840],否,三级," EDUCATION, SCIENTIFIC DISCIPLINES 学科教育",4 [80/86],,,,,,,,,,
International Journal of Learning Technology,2025,1477-8386/1741-8119,否,否,否,ESCI,0.7,,教育学,4 [795/840],否,三级, EDUCATION & EDUCATIONAL RESEARCH 教育学和教育研究,4 [716/754],,,,,,,,,,
Pedagogika-Pedagogy,2025,0861-3982/1314-8540,否,否,否,ESCI,0.2,,教育学,4 [796/840],否,三级, EDUCATION & EDUCATIONAL RESEARCH 教育学和教育研究,4 [717/754],,,,,,,,,,
Linhas Criticas,2025,1516-4896/1981-0431,否,否,是,ESCI,0.1,,教育学,4 [797/840],否,三级, EDUCATION & EDUCATIONAL RESEARCH 教育学和教育研究,4 [718/754],,,,,,,,,,
Pedagogische Studien,2025,0165-0645/2666-3996,否,否,是,SSCI,0.3,,教育学,4 [798/840],否,三级, EDUCATION & EDUCATIONAL RESEARCH 教育学和教育研究,4 [719/754],,,,,,,,,,
Revista Eletronica Pesquiseduca,2025,2177-1626/2177-1626,否,否,否,ESCI,0.1,,教育学,4 [799/840],否,三级, EDUCATION & EDUCATIONAL RESEARCH 教育学和教育研究,4 [720/754],,,,,,,,,,
Revue des Sciences de l Education,2025,0318-479X/1705-0065,否,否,否,ESCI,0.1,,教育学,4 [800/840],否,三级, EDUCATION & EDUCATIONAL RESEARCH 教育学和教育研究,4 [721/754],,,,,,,,,,
Jurnal Pendidikan Fisika Indonesia-Indonesian Journal of Physics Education,2025,1693-1246/2355-3812,否,否,是,ESCI,0.4,,教育学,4 [801/840],否,三级," EDUCATION, SCIENTIFIC DISCIPLINES 学科教育",4 [81/86],,,,,,,,,,
Revista Educacion,2025,0379-7082/2215-2644,否,否,是,ESCI,0.5,,教育学,4 [802/840],否,三级, EDUCATION & EDUCATIONAL RESEARCH 教育学和教育研究,4 [722/754],,,,,,,,,,
Apuntes Universitarios,2025,2225-7136/2304-0335,否,否,是,ESCI,0.3,,教育学,4 [803/840],否,三级, EDUCATION & EDUCATIONAL RESEARCH 教育学和教育研究,4 [723/754],,,,,,,,,,
Journal of Educational Sciences & Psychology,2025,2247-6377/2247-8558,否,否,是,ESCI,0.3,,教育学,4 [804/840],否,三级, EDUCATION & EDUCATIONAL RESEARCH 教育学和教育研究,4 [724/754],,,,,,,,,,
Revista de Educacion y Derecho-Educational and Law Review,2025,2013-584X/2386-4885,否,否,是,ESCI,1,,教育学,4 [805/840],否,三级, EDUCATION & EDUCATIONAL RESEARCH 教育学和教育研究,4 [725/754],,,,,,,,,,
International Journal of Education and Information Technologies,2025,2074-1316/2074-1316,否,否,否,ESCI,0.6,,教育学,4 [806/840],否,三级, EDUCATION & EDUCATIONAL RESEARCH 教育学和教育研究,4 [726/754],,,,,,,,,,
Revista Olhres,2025,2317-7853/2317-7853,否,否,是,ESCI,<0.1,,教育学,4 [807/840],否,三级, EDUCATION & EDUCATIONAL RESEARCH 教育学和教育研究,4 [727/754],,,,,,,,,,
Revista EDaPECI-Educacao a Distancia e Praticas Educativas Comunicacionais e Interculturais,2025,2176-171X/2176-171X,否,否,是,ESCI,0.2,,教育学,4 [808/840],否,三级, EDUCATION & EDUCATIONAL RESEARCH 教育学和教育研究,4 [728/754],,,,,,,,,,
Frantice.net,2025,2110-5324/2110-5324,否,否,是,ESCI,<0.1,,教育学,4 [809/840],否,三级, EDUCATION & EDUCATIONAL RESEARCH 教育学和教育研究,4 [729/754],,,,,,,,,,
ChemKon,2025,0944-5846/1521-3730,否,否,否,ESCI,0.3,,教育学,4 [810/840],否,三级," EDUCATION, SCIENTIFIC DISCIPLINES 学科教育",4 [82/86],,,,,,,,,,
Journal of Education and Future-Egitim ve Gelecek Dergisi,2025,2146-8249/2146-8249,否,否,否,ESCI,0.3,,教育学,4 [811/840],否,三级, EDUCATION & EDUCATIONAL RESEARCH 教育学和教育研究,4 [730/754],,,,,,,,,,
Virtualidad Educacion y Ciencia,2025,1853-6530/1853-6530,否,否,是,ESCI,<0.1,,教育学,4 [812/840],否,三级, EDUCATION & EDUCATIONAL RESEARCH 教育学和教育研究,4 [731/754],,,,,,,,,,
Atenas,2025,1682-2749/1682-2749,否,否,是,ESCI,0.1,,教育学,4 [813/840],否,三级, EDUCATION & EDUCATIONAL RESEARCH 教育学和教育研究,4 [732/754],,,,,,,,,,
InterCambios-Dilemas y transiciones de la Educacion Superior,2025,2301-0118/2301-0126,否,否,是,ESCI,0.2,,教育学,4 [814/840],否,三级, EDUCATION & EDUCATIONAL RESEARCH 教育学和教育研究,4 [733/754],,,,,,,,,,
International Journal of Technologies in Higher Education,2025,1708-7570/1708-7570,否,否,是,ESCI,0.1,,教育学,4 [815/840],否,三级, EDUCATION & EDUCATIONAL RESEARCH 教育学和教育研究,4 [734/754],,,,,,,,,,
Innovacion Educativa-Mexico,2025,1665-2673/2594-0392,否,否,否,ESCI,0.1,,教育学,4 [816/840],否,三级, EDUCATION & EDUCATIONAL RESEARCH 教育学和教育研究,4 [735/754],,,,,,,,,,
McGill Journal of Education,2025,0024-9033/1916-0666,否,否,否,ESCI,0.1,,教育学,4 [817/840],否,三级, EDUCATION & EDUCATIONAL RESEARCH 教育学和教育研究,4 [736/754],,,,,,,,,,
ALSIC-Apprentissage des Langues et Systems d Information et de Communication,2025,1286-4986/1286-4986,否,否,是,ESCI,0.2,,教育学,4 [818/840],否,三级, EDUCATION & EDUCATIONAL RESEARCH 教育学和教育研究,4 [737/754],,,,,,,,,,
Revista Conrado,2025,1990-8644/1990-8644,否,否,是,ESCI,0.2,,教育学,4 [819/840],否,三级, EDUCATION & EDUCATIONAL RESEARCH 教育学和教育研究,4 [738/754],,,,,,,,,,
AMERICAN BIOLOGY TEACHER,2025,0002-7685/1938-4211,否,否,否,SCIE,0.3,,教育学,4 [820/840],否,三级, BIOLOGY 生物学,4 [95/109]," EDUCATION, SCIENTIFIC DISCIPLINES 学科教育",4 [83/86],,,,,,,,
Bulletin of the Technical Committee on Learning Technology,2025,2306-0212/2306-0212,否,否,否,ESCI,0.4,,教育学,4 [821/840],否,三级, EDUCATION & EDUCATIONAL RESEARCH 教育学和教育研究,4 [739/754],,,,,,,,,,
JOURNAL OF ENGINEERING TECHNOLOGY,2025,0747-9964,否,否,否,SCIE,1.6,,教育学,4 [822/840],否,三级," ENGINEERING, MULTIDISCIPLINARY 工程：综合",4 [124/179],,,,,,,,,,
Revista Electronica Calidad en la Educacion Superior,2025,1659-4703/1659-4703,否,否,否,ESCI,0.1,,教育学,4 [823/840],否,三级, EDUCATION & EDUCATIONAL RESEARCH 教育学和教育研究,4 [740/754],,,,,,,,,,
Actualidades Pedagogicas,2025,0120-1700/2389-8755,否,否,否,ESCI,0.2,,教育学,4 [824/840],否,三级, EDUCATION & EDUCATIONAL RESEARCH 教育学和教育研究,4 [741/754],,,,,,,,,,
JOURNAL OF EXTENSION,2025,0022-0140/1077-5315,否,否,是,ESCI,0.3,,教育学,4 [825/840],否,三级, EDUCATION & EDUCATIONAL RESEARCH 教育学和教育研究,4 [742/754],,,,,,,,,,
He Kupu,2025,1179-6812/1179-6812,否,否,否,ESCI,0.3,,教育学,4 [826/840],否,三级, EDUCATION & EDUCATIONAL RESEARCH 教育学和教育研究,4 [743/754],,,,,,,,,,
Cadernos Educacao Tecnologia e Sociedade,2025,2316-9907/2316-9907,否,否,是,ESCIOnHold,,,教育学,4 [827/840],否,三级, EDUCATION & EDUCATIONAL RESEARCH 教育学和教育研究,4 [744/754],,,,,,,,,,
Indian Journal of Pharmaceutical Education and Research,2025,0019-5464/0019-5464,否,否,否,SCIE,0.8,,教育学,4 [828/840],否,三级," EDUCATION, SCIENTIFIC DISCIPLINES 学科教育",4 [84/86], PHARMACOLOGY & PHARMACY 药学,4 [324/350],,,,,,,,
E-Mentor,2025,1731-6758/1731-7428,否,否,否,ESCI,0.3,,教育学,4 [829/840],否,三级, EDUCATION & EDUCATIONAL RESEARCH 教育学和教育研究,4 [745/754],,,,,,,,,,
Yuksekogretim Dergisi,2025,2146-796X/2146-7978,否,否,否,ESCI,0.1,,教育学,4 [830/840],否,三级, EDUCATION & EDUCATIONAL RESEARCH 教育学和教育研究,4 [746/754],,,,,,,,,,
Journal of Learning Styles,2025,2332-8533/2332-8533,否,否,否,ESCI,<0.1,,教育学,4 [831/840],否,三级, EDUCATION & EDUCATIONAL RESEARCH 教育学和教育研究,4 [747/754],,,,,,,,,,
Cadmo,2025,1122-5165/1972-5019,否,否,否,SSCI,0.1,,教育学,4 [832/840],否,三级, EDUCATION & EDUCATIONAL RESEARCH 教育学和教育研究,4 [748/754],,,,,,,,,,
REMEA-Revista Eletronica do Mestrado em Educacao Ambiental,2025,2318-4884/1517-1256,否,否,否,ESCI,0.2,,教育学,4 [833/840],否,三级, EDUCATION & EDUCATIONAL RESEARCH 教育学和教育研究,4 [749/754],,,,,,,,,,
Revista Educaonline,2025,1983-2664/1983-2664,否,否,否,ESCI,0.1,,教育学,4 [834/840],否,三级, EDUCATION & EDUCATIONAL RESEARCH 教育学和教育研究,4 [750/754],,,,,,,,,,
VIREF-Revista de Educacion Fisica,2025,2322-9411/2322-9411,否,否,是,ESCI,0.3,,教育学,4 [835/840],否,三级, EDUCATION & EDUCATIONAL RESEARCH 教育学和教育研究,4 [751/754],,,,,,,,,,
REDHECS-Revista Electronica de Humanidades Educacion y Comunicacion Social,2025,1856-9331/1856-9331,否,否,否,ESCI,0.1,,教育学,4 [836/840],否,三级, EDUCATION & EDUCATIONAL RESEARCH 教育学和教育研究,4 [752/754],,,,,,,,,,
Revista de Ensino de Bioquimica,2025,2318-8790/2318-8790,否,否,是,ESCI,0.1,,教育学,4 [837/840],否,三级," EDUCATION, SCIENTIFIC DISCIPLINES 学科教育",4 [85/86],,,,,,,,,,
Revista Cientifica,2025,0124-2253/2344-8350,否,否,是,ESCI,0.4,,教育学,4 [838/840],否,三级," EDUCATION, SCIENTIFIC DISCIPLINES 学科教育",4 [86/86],,,,,,,,,,
Revista Ciencias Pedagogicas e Innovacion,2025,1390-7603/1390-7603,否,否,是,ESCI,0.2,,教育学,4 [839/840],否,三级, EDUCATION & EDUCATIONAL RESEARCH 教育学和教育研究,4 [753/754],,,,,,,,,,
Geosaberes,2025,2178-0463/2178-0463,否,否,是,ESCI,<0.1,,教育学,4 [840/840],否,三级, EDUCATION & EDUCATIONAL RESEARCH 教育学和教育研究,4 [754/754],,,,,,,,,,
