Journal,年份,ISSN/EISSN,Review,OA Journal Index（OAJ）,Open Access,Web of Science,影响因子,标注,大类,大类分区,Top,小类1,小类1分区,小类2,小类2分区,小类3,小类3分区,小类4,小类4分区,小类5,小类5分区,小类6,小类6分区,权威期刊
Academy of Management Annals,2025,1941-6520/1941-6067,否,否,否,SSCI,16.5,,管理学,1 [1/1025],是, BUSINESS 商业：管理,1 [1/302], MANAGEMENT 管理学,1 [1/404],,,,,,,,,一级
Annual Review of Organizational Psychology and Organizational Behavior,2025,2327-0608/2327-0616,是,否,否,SSCI,31.1,,管理学,1 [2/1025],是, MANAGEMENT 管理学,1 [2/404]," PSYCHOLOGY, APPLIED 心理学：应用",1 [1/112],,,,,,,,,一级
ACADEMY OF MANAGEMENT JOURNAL,2025,0001-4273/1948-0989,否,否,否,SSCI,10.5,,管理学,1 [3/1025],是, BUSINESS 商业：管理,1 [2/302], MANAGEMENT 管理学,1 [3/404],,,,,,,,,一级
Journal of Innovation & Knowledge,2025,2530-7614/2444-569X,否,否,是,SSCI,15.5,,管理学,1 [4/1025],是, BUSINESS 商业：管理,1 [3/302], MANAGEMENT 管理学,1 [4/404],,,,,,,,,一级
ACADEMY OF MANAGEMENT REVIEW,2025,0363-7425/1930-3807,否,否,否,SSCI,13.9,,管理学,1 [5/1025],是, BUSINESS 商业：管理,1 [4/302], MANAGEMENT 管理学,1 [5/404],,,,,,,,,一级
INTERNATIONAL JOURNAL OF INFORMATION MANAGEMENT,2025,0268-4012/1873-4707,否,否,否,SSCI,27,,管理学,1 [6/1025],是, INFORMATION SCIENCE & LIBRARY SCIENCE 图书情报与档案管理,1 [1/160],,,,,,,,,,,一级
Journal of Family Business Strategy,2025,1877-8585/1877-8593,否,否,否,SSCI,6.1,,管理学,1 [7/1025],是, BUSINESS 商业：管理,1 [5/302], MANAGEMENT 管理学,1 [6/404],,,,,,,,,一级
Journal of International Financial Management & Accounting,2025,0954-1314/1467-646X,否,否,否,SSCI,8.2,,管理学,1 [8/1025],是," BUSINESS, FINANCE 商业：财政与金融",1 [1/231],,,,,,,,,,,一级
INTERNATIONAL JOURNAL OF PROJECT MANAGEMENT,2025,0263-7863/1873-4634,否,否,否,SSCI,7.5,,管理学,1 [9/1025],是, MANAGEMENT 管理学,1 [7/404],,,,,,,,,,,一级
ADMINISTRATIVE SCIENCE QUARTERLY,2025,0001-8392/1930-3815,否,否,否,SSCI,6.5,,管理学,1 [10/1025],是, BUSINESS 商业：管理,1 [6/302], MANAGEMENT 管理学,1 [8/404],,,,,,,,,一级
JOURNAL OF MARKETING,2025,0022-2429/1547-7185,否,否,否,SSCI,10.4,,管理学,1 [11/1025],是, BUSINESS 商业：管理,1 [7/302],,,,,,,,,,,一级
Tourism Management,2025,0261-5177/1879-3193,否,否,否,SSCI,12.4,,管理学,1 [12/1025],是, ENVIRONMENTAL STUDIES 环境研究,1 [4/183]," HOSPITALITY, LEISURE, SPORT & TOURISM 酒店、休闲、体育与旅游",1 [3/139], MANAGEMENT 管理学,1 [9/404],,,,,,,一级
Journal of Hospitality Marketing & Management,2025,1936-8623/1936-8631,否,否,否,SSCI,11,,管理学,1 [13/1025],是, BUSINESS 商业：管理,1 [8/302]," HOSPITALITY, LEISURE, SPORT & TOURISM 酒店、休闲、体育与旅游",1 [4/139], MANAGEMENT 管理学,1 [10/404],,,,,,,一级
TECHNOVATION,2025,0166-4972/1879-2383,否,否,否,SSCI;SCIE,10.9,,管理学,1 [14/1025],是," ENGINEERING, INDUSTRIAL 工程：工业",1 [2/70], MANAGEMENT 管理学,1 [11/404], OPERATIONS RESEARCH & MANAGEMENT SCIENCE 运筹学与管理科学,1 [2/106],,,,,,,一级
Journal of Retailing and Consumer Services,2025,0969-6989/1873-1384,否,否,否,SSCI,13.1,,管理学,1 [15/1025],是, BUSINESS 商业：管理,1 [9/302],,,,,,,,,,,一级
LEADERSHIP QUARTERLY,2025,1048-9843/1873-3409,否,否,否,SSCI,9.7,,管理学,1 [16/1025],是, MANAGEMENT 管理学,1 [12/404]," PSYCHOLOGY, APPLIED 心理学：应用",1 [3/112],,,,,,,,,一级
JOURNAL OF BUSINESS VENTURING,2025,0883-9026/1873-2003,否,否,否,SSCI,8.9,,管理学,1 [17/1025],是, BUSINESS 商业：管理,1 [10/302],,,,,,,,,,,一级
HUMAN RESOURCE MANAGEMENT REVIEW,2025,1053-4822/1873-7889,否,否,否,SSCI,13,,管理学,1 [18/1025],是, MANAGEMENT 管理学,1 [13/404],,,,,,,,,,,一级
GOVERNMENT INFORMATION QUARTERLY,2025,0740-624X/1872-9517,否,否,否,SSCI,10,,管理学,1 [19/1025],是, INFORMATION SCIENCE & LIBRARY SCIENCE 图书情报与档案管理,1 [2/160],,,,,,,,,,,一级
Bottom Line,2025,0888-045X/2054-1724,否,否,否,ESCI,7.3,,管理学,1 [20/1025],是, INFORMATION SCIENCE & LIBRARY SCIENCE 图书情报与档案管理,1 [3/160],,,,,,,,,,,一级
International Journal of Hospitality Management,2025,0278-4319/1873-4693,否,否,否,SSCI,8.3,,管理学,1 [21/1025],是," HOSPITALITY, LEISURE, SPORT & TOURISM 酒店、休闲、体育与旅游",1 [5/139],,,,,,,,,,,一级
JOURNAL OF WORLD BUSINESS,2025,1090-9516/1878-5573,否,否,否,SSCI,8.8,,管理学,1 [22/1025],是, BUSINESS 商业：管理,1 [11/302],,,,,,,,,,,一级
JOURNAL OF ACCOUNTING & ECONOMICS,2025,0165-4101/1879-1980,否,否,否,SSCI,6.8,,管理学,1 [23/1025],是," BUSINESS, FINANCE 商业：财政与金融",1 [5/231], ECONOMICS 经济学,1 [13/599],,,,,,,,,一级
JOURNAL OF INTERNATIONAL BUSINESS STUDIES,2025,0047-2506/1478-6990,否,否,否,SSCI,9,,管理学,1 [24/1025],是, BUSINESS 商业：管理,1 [12/302], MANAGEMENT 管理学,1 [15/404],,,,,,,,,一级
Critical Perspectives on Accounting,2025,1045-2354/1095-9955,否,否,否,SSCI,5.7,,管理学,1 [25/1025],是," BUSINESS, FINANCE 商业：财政与金融",1 [6/231],,,,,,,,,,,一级
RESEARCH POLICY,2025,0048-7333/1873-7625,否,否,否,SSCI,8,,管理学,1 [26/1025],是, MANAGEMENT 管理学,1 [16/404],,,,,,,,,,,一级
Journal of Travel & Tourism Marketing,2025,1054-8408/1540-7306,否,否,否,SSCI,9,,管理学,1 [27/1025],是," HOSPITALITY, LEISURE, SPORT & TOURISM 酒店、休闲、体育与旅游",1 [6/139],,,,,,,,,,,一级
JOURNAL OF ACCOUNTING RESEARCH,2025,0021-8456/1475-679X,否,否,否,SSCI,6.3,,管理学,1 [28/1025],是," BUSINESS, FINANCE 商业：财政与金融",1 [7/231],,,,,,,,,,,一级
ORGANIZATIONAL RESEARCH METHODS,2025,1094-4281/1552-7425,否,否,否,SSCI,7.6,,管理学,1 [29/1025],是, MANAGEMENT 管理学,1 [17/404]," PSYCHOLOGY, APPLIED 心理学：应用",1 [5/112],,,,,,,,,一级
ANNALS OF TOURISM RESEARCH,2025,0160-7383/1873-7722,否,否,否,SSCI,7.8,,管理学,1 [30/1025],是, SOCIOLOGY 社会学,1 [5/216]," HOSPITALITY, LEISURE, SPORT & TOURISM 酒店、休闲、体育与旅游",2 [7/139],,,,,,,,,一级
TECHNOLOGICAL FORECASTING AND SOCIAL CHANGE,2025,0040-1625/1873-5509,否,否,否,SSCI,13.3,,管理学,1 [31/1025],是, BUSINESS 商业：管理,1 [13/302], REGIONAL & URBAN PLANNING 区域与城市规划,1 [2/54],,,,,,,,,一级
International Journal of Contemporary Hospitality Management,2025,0959-6119/1757-1049,否,否,否,SSCI,9,,管理学,1 [32/1025],是, MANAGEMENT 管理学,1 [18/404]," HOSPITALITY, LEISURE, SPORT & TOURISM 酒店、休闲、体育与旅游",2 [8/139],,,,,,,,,一级
JOURNAL OF STRATEGIC INFORMATION SYSTEMS,2025,0963-8687/1873-1198,否,否,否,SSCI;SCIE,11.8,,管理学,1 [33/1025],是," COMPUTER SCIENCE, INFORMATION SYSTEMS 计算机：信息系统",1 [3/249], INFORMATION SCIENCE & LIBRARY SCIENCE 图书情报与档案管理,1 [4/160], MANAGEMENT 管理学,1 [19/404],,,,,,,一级
JOURNAL OF MANAGEMENT,2025,0149-2063/1557-1211,否,否,否,SSCI,9,,管理学,1 [34/1025],是, MANAGEMENT 管理学,1 [20/404]," PSYCHOLOGY, APPLIED 心理学：应用",1 [6/112], BUSINESS 商业：管理,2 [14/302],,,,,,,一级
JOURNAL OF MANAGEMENT STUDIES,2025,0022-2380/1467-6486,否,否,否,SSCI,6.4,,管理学,1 [35/1025],是, BUSINESS 商业：管理,2 [15/302], MANAGEMENT 管理学,2 [21/404],,,,,,,,,一级
Journal of Destination Marketing & Management,2025,2212-571X/2212-5752,否,否,否,SSCI,7.4,,管理学,1 [36/1025],是," HOSPITALITY, LEISURE, SPORT & TOURISM 酒店、休闲、体育与旅游",2 [9/139], MANAGEMENT 管理学,2 [22/404],,,,,,,,,一级
Journal of Business Research,2025,0148-2963/1873-7978,否,否,否,SSCI,9.8,,管理学,1 [37/1025],是, BUSINESS 商业：管理,2 [16/302],,,,,,,,,,,一级
Journal of Hospitality and Tourism Management,2025,1447-6770/1839-5260,否,否,否,SSCI,7.8,,管理学,1 [38/1025],是," HOSPITALITY, LEISURE, SPORT & TOURISM 酒店、休闲、体育与旅游",2 [10/139], MANAGEMENT 管理学,2 [23/404],,,,,,,,,一级
JOURNAL OF ORGANIZATIONAL BEHAVIOR,2025,0894-3796/1099-1379,否,否,否,SSCI,6.8,,管理学,1 [39/1025],是," PSYCHOLOGY, APPLIED 心理学：应用",1 [7/112], BUSINESS 商业：管理,2 [17/302], MANAGEMENT 管理学,2 [24/404],,,,,,,一级
Journal of Travel Research,2025,0047-2875/1552-6763,否,否,否,SSCI,7,,管理学,1 [40/1025],是," HOSPITALITY, LEISURE, SPORT & TOURISM 酒店、休闲、体育与旅游",2 [11/139],,,,,,,,,,,一级
JOURNAL OF PRODUCT INNOVATION MANAGEMENT,2025,0737-6782/1540-5885,否,否,否,SSCI;SCIE,8,,管理学,1 [41/1025],是," ENGINEERING, INDUSTRIAL 工程：工业",1 [4/70], BUSINESS 商业：管理,2 [18/302], MANAGEMENT 管理学,2 [25/404],,,,,,,一级
Business Strategy and the Environment,2025,0964-4733/1099-0836,否,否,否,SSCI,13.3,,管理学,1 [42/1025],是, ENVIRONMENTAL STUDIES 环境研究,1 [11/183], BUSINESS 商业：管理,2 [19/302], MANAGEMENT 管理学,2 [26/404],,,,,,,一级
ORGANIZATION STUDIES,2025,0170-8406/1741-3044,否,否,否,SSCI,5.2,,管理学,1 [43/1025],是, MANAGEMENT 管理学,2 [27/404],,,,,,,,,,,一级
JOURNAL OF PUBLIC ADMINISTRATION RESEARCH AND THEORY,2025,1053-1858/1477-9803,否,否,否,SSCI,6.3,,管理学,1 [44/1025],是, POLITICAL SCIENCE 政治学,1 [16/317], PUBLIC ADMINISTRATION 公共管理,1 [1/91],,,,,,,,,一级
PUBLIC ADMINISTRATION REVIEW,2025,0033-3352/1540-6210,否,否,否,SSCI,4.9,,管理学,1 [45/1025],是, PUBLIC ADMINISTRATION 公共管理,1 [2/91],,,,,,,,,,,一级
Journal of International Management,2025,1075-4253/1873-0620,否,否,否,SSCI,4.9,,管理学,1 [46/1025],是, MANAGEMENT 管理学,2 [28/404],,,,,,,,,,,一级
STRATEGIC MANAGEMENT JOURNAL,2025,0143-2095/1097-0266,否,否,否,SSCI,7.2,,管理学,1 [47/1025],是, BUSINESS 商业：管理,2 [20/302], MANAGEMENT 管理学,2 [29/404],,,,,,,,,一级
ENTREPRENEURSHIP THEORY AND PRACTICE,2025,1042-2587/1540-6520,否,否,否,SSCI,7.9,,管理学,2 [48/1025],否, BUSINESS 商业：管理,2 [21/302],,,,,,,,,,,一级
Journal of Business Logistics,2025,0735-3766/2158-1592,否,否,否,SSCI,7.4,,管理学,2 [49/1025],否, MANAGEMENT 管理学,2 [30/404],,,,,,,,,,,一级
TECHNOLOGY IN SOCIETY,2025,0160-791X/1879-3274,否,否,否,SSCI,12.5,,管理学,2 [50/1025],是," SOCIAL SCIENCES, INTERDISCIPLINARY 社会科学：跨领域",1 [1/263], SOCIAL ISSUES 社会问题,2 [5/66],,,,,,,,,一级
Policy and Society,2025,1449-4035/1839-3373,否,否,是,SSCI,6.1,,管理学,2 [51/1025],否, PUBLIC ADMINISTRATION 公共管理,1 [4/91], POLITICAL SCIENCE 政治学,2 [21/317],,,,,,,,,一级
PSYCHOLOGY & MARKETING,2025,0742-6046/1520-6793,否,否,否,SSCI,9.1,,管理学,2 [52/1025],是," PSYCHOLOGY, APPLIED 心理学：应用",1 [8/112], BUSINESS 商业：管理,2 [23/302],,,,,,,,,一级
Journal of Knowledge Management,2025,1367-3270/1758-7484,否,否,否,SSCI,9.5,,管理学,2 [53/1025],是, INFORMATION SCIENCE & LIBRARY SCIENCE 图书情报与档案管理,1 [6/160], MANAGEMENT 管理学,2 [32/404],,,,,,,,,一级
JOURNAL OF RETAILING,2025,0022-4359/1873-3271,否,否,否,SSCI,10.2,,管理学,2 [54/1025],否, BUSINESS 商业：管理,2 [24/302],,,,,,,,,,,一级
LONG RANGE PLANNING,2025,0024-6301/1873-1872,否,否,否,SSCI,6.3,,管理学,2 [55/1025],否, DEVELOPMENT STUDIES 发展研究,1 [4/63], BUSINESS 商业：管理,2 [25/302], MANAGEMENT 管理学,2 [33/404],,,,,,,一级
European Research on Management and Business Economics,2025,2444-8834/2444-8842,否,否,是,SSCI,6.4,,管理学,2 [56/1025],否, ECONOMICS 经济学,1 [26/599], BUSINESS 商业：管理,2 [26/302], MANAGEMENT 管理学,2 [34/404],,,,,,,一级
International Business Review,2025,0969-5931/1873-6149,否,否,否,SSCI,6.1,,管理学,2 [57/1025],是, BUSINESS 商业：管理,2 [27/302],,,,,,,,,,,一级
Family Business Review,2025,0894-4865/1741-6248,否,否,否,SSCI,5.6,,管理学,2 [58/1025],否, BUSINESS 商业：管理,2 [28/302],,,,,,,,,,,一级
JOURNAL OF CONSUMER RESEARCH,2025,0093-5301/1537-5277,否,否,否,SSCI,6.4,,管理学,2 [59/1025],是, BUSINESS 商业：管理,2 [29/302],,,,,,,,,,,一级
JOURNAL OF MANAGEMENT INFORMATION SYSTEMS,2025,0742-1222/1557-928X,否,否,否,SSCI;SCIE,6.2,,管理学,2 [60/1025],否," COMPUTER SCIENCE, INFORMATION SYSTEMS 计算机：信息系统",1 [8/249], INFORMATION SCIENCE & LIBRARY SCIENCE 图书情报与档案管理,1 [8/160], MANAGEMENT 管理学,2 [36/404],,,,,,,一级
Journal of Purchasing and Supply Management,2025,1478-4092/1873-6505,否,否,否,SSCI,8.7,,管理学,2 [61/1025],否, MANAGEMENT 管理学,2 [37/404],,,,,,,,,,,一级
HUMAN RESOURCE MANAGEMENT,2025,0090-4848/1099-050X,否,否,否,SSCI,9,,管理学,2 [62/1025],否, MANAGEMENT 管理学,2 [38/404]," PSYCHOLOGY, APPLIED 心理学：应用",2 [12/112],,,,,,,,,一级
DECISION SUPPORT SYSTEMS,2025,0167-9236/1873-5797,否,否,否,SCIE,6.8,,管理学,2 [63/1025],是," COMPUTER SCIENCE, ARTIFICIAL INTELLIGENCE 计算机：人工智能",1 [15/196]," COMPUTER SCIENCE, INFORMATION SYSTEMS 计算机：信息系统",1 [9/249], OPERATIONS RESEARCH & MANAGEMENT SCIENCE 运筹学与管理科学,1 [5/106],,,,,,,一级
Project Management Journal,2025,8756-9728/1938-9507,否,否,否,SSCI,4.4,,管理学,2 [64/1025],否, MANAGEMENT 管理学,2 [39/404],,,,,,,,,,,一级
JOURNAL OF THE ACADEMY OF MARKETING SCIENCE,2025,0092-0703/1552-7824,否,否,否,SSCI,10.1,,管理学,2 [65/1025],是, BUSINESS 商业：管理,2 [30/302],,,,,,,,,,,一级
ACCOUNTING ORGANIZATIONS AND SOCIETY,2025,0361-3682/1873-6289,否,否,否,SSCI,4,,管理学,2 [66/1025],否," BUSINESS, FINANCE 商业：财政与金融",1 [9/231],,,,,,,,,,,一级
Tourism Review,2025,1660-5373/1759-8451,否,否,否,SSCI,7.9,,管理学,2 [67/1025],是," HOSPITALITY, LEISURE, SPORT & TOURISM 酒店、休闲、体育与旅游",2 [12/139],,,,,,,,,,,一级
INFORMATION & MANAGEMENT,2025,0378-7206/1872-7530,否,否,否,SSCI;SCIE,8.2,,管理学,2 [68/1025],是," COMPUTER SCIENCE, INFORMATION SYSTEMS 计算机：信息系统",1 [10/249], INFORMATION SCIENCE & LIBRARY SCIENCE 图书情报与档案管理,2 [9/160], MANAGEMENT 管理学,2 [40/404],,,,,,,一级
Tourism Management Perspectives,2025,2211-9736/2211-9744,否,否,否,SSCI,6.9,,管理学,2 [69/1025],否," HOSPITALITY, LEISURE, SPORT & TOURISM 酒店、休闲、体育与旅游",2 [13/139], MANAGEMENT 管理学,2 [41/404],,,,,,,,,一级
CALIFORNIA MANAGEMENT REVIEW,2025,0008-1256/2162-8564,否,否,否,SSCI,7.3,,管理学,2 [70/1025],否, BUSINESS 商业：管理,2 [31/302], MANAGEMENT 管理学,2 [42/404],,,,,,,,,一级
INTERNATIONAL JOURNAL OF MANAGEMENT REVIEWS,2025,1460-8545/1468-2370,是,否,否,SSCI,10.8,,管理学,2 [71/1025],否, BUSINESS 商业：管理,2 [32/302], MANAGEMENT 管理学,2 [43/404],,,,,,,,,一级
TELEMATICS AND INFORMATICS,2025,0736-5853,否,否,否,SSCI,8.3,,管理学,2 [72/1025],否, INFORMATION SCIENCE & LIBRARY SCIENCE 图书情报与档案管理,2 [10/160],,,,,,,,,,,一级
Academy of Management Learning & Education,2025,1537-260X,否,否,否,SSCI,5.2,,管理学,2 [73/1025],否, EDUCATION & EDUCATIONAL RESEARCH 教育学和教育研究,2 [28/754], MANAGEMENT 管理学,2 [44/404],,,,,,,,,一级
JOURNAL OF SERVICE RESEARCH,2025,1094-6705/1552-7379,否,否,否,SSCI,8.6,,管理学,2 [74/1025],否, BUSINESS 商业：管理,2 [33/302],,,,,,,,,,,一级
INTERNATIONAL JOURNAL OF OPERATIONS & PRODUCTION MANAGEMENT,2025,0144-3577/1758-6593,否,否,否,SSCI,7.4,,管理学,2 [75/1025],否, MANAGEMENT 管理学,2 [45/404],,,,,,,,,,,一级
JOURNAL OF INTERACTIVE MARKETING,2025,1094-9968/1520-6653,否,否,否,SSCI,7.8,,管理学,2 [76/1025],否, BUSINESS 商业：管理,2 [34/302],,,,,,,,,,,一级
INDUSTRIAL MARKETING MANAGEMENT,2025,0019-8501/1873-2062,否,否,否,SSCI,7.5,,管理学,2 [77/1025],否, BUSINESS 商业：管理,2 [35/302], MANAGEMENT 管理学,2 [46/404],,,,,,,,,一级
Journal of Research in Interactive Marketing,2025,2040-7122/2040-7130,否,否,否,SSCI,11.6,,管理学,2 [78/1025],否, BUSINESS 商业：管理,2 [36/302],,,,,,,,,,,一级
PUBLIC ADMINISTRATION,2025,0033-3298/1467-9299,否,否,否,SSCI,5.1,,管理学,2 [79/1025],否, POLITICAL SCIENCE 政治学,2 [28/317], PUBLIC ADMINISTRATION 公共管理,2 [5/91],,,,,,,,,一级
Public Management Review,2025,1471-9037/1471-9045,否,否,否,SSCI,4.9,,管理学,2 [80/1025],否, MANAGEMENT 管理学,2 [47/404], PUBLIC ADMINISTRATION 公共管理,2 [6/91],,,,,,,,,一级
European Management Journal,2025,0263-2373/1873-5681,否,否,否,SSCI,7.3,,管理学,2 [81/1025],否, BUSINESS 商业：管理,2 [37/302], MANAGEMENT 管理学,2 [48/404],,,,,,,,,一级
Journal of International Business Policy,2025,2522-0691/2522-0705,否,否,否,ESCI,4.4,,管理学,2 [82/1025],否, BUSINESS 商业：管理,2 [38/302],,,,,,,,,,,一级
Review of Public Personnel Administration,2025,0734-371X/1552-759X,否,否,否,SSCI,3.1,,管理学,2 [83/1025],否, PUBLIC ADMINISTRATION 公共管理,2 [7/91],,,,,,,,,,,一级
ORGANIZATIONAL BEHAVIOR AND HUMAN DECISION PROCESSES,2025,0749-5978/1095-9920,否,否,否,SSCI,3.8,,管理学,2 [84/1025],否, MANAGEMENT 管理学,2 [49/404]," PSYCHOLOGY, APPLIED 心理学：应用",2 [13/112]," PSYCHOLOGY, SOCIAL 心理学：社会",2 [8/76],,,,,,,一级
JOURNAL OF OPERATIONS MANAGEMENT,2025,0272-6963/1873-1317,否,否,否,SSCI;SCIE,10.4,,管理学,2 [85/1025],否, OPERATIONS RESEARCH & MANAGEMENT SCIENCE 运筹学与管理科学,1 [6/106], MANAGEMENT 管理学,2 [50/404],,,,,,,,,一级
Research Integrity and Peer Review,2025,2058-8615/2058-8615,否,否,是,ESCI,10.7,,管理学,2 [86/1025],否, ETHICS 伦理学,1 [5/77], HISTORY & PHILOSOPHY OF SCIENCE 科学史与科学哲学,1 [1/105],,,,,,,,,一级
Strategic Entrepreneurship Journal,2025,1932-4391/1932-443X,否,否,否,SSCI,6.3,,管理学,2 [87/1025],否, BUSINESS 商业：管理,2 [40/302], MANAGEMENT 管理学,2 [52/404],,,,,,,,,一级
International Entrepreneurship and Management Journal,2025,1554-7191/1555-1938,否,否,否,SSCI,3.9,,管理学,2 [88/1025],否, BUSINESS 商业：管理,2 [41/302], MANAGEMENT 管理学,2 [53/404],,,,,,,,,一级
Journal of Informetrics,2025,1751-1577/1875-5879,否,否,否,SSCI;SCIE,3.5,,管理学,2 [89/1025],否," COMPUTER SCIENCE, INTERDISCIPLINARY APPLICATIONS 计算机：跨学科应用",2 [12/172], INFORMATION SCIENCE & LIBRARY SCIENCE 图书情报与档案管理,2 [11/160],,,,,,,,,一级
Journal of Intellectual Capital,2025,1469-1930/1758-7468,否,否,否,SSCI,6.8,,管理学,2 [90/1025],否, MANAGEMENT 管理学,2 [54/404], BUSINESS 商业：管理,3 [42/302],,,,,,,,,一级
Accounting Auditing & Accountability Journal,2025,0951-3574/1758-4205,否,否,否,SSCI,3.4,,管理学,2 [91/1025],否," BUSINESS, FINANCE 商业：财政与金融",1 [10/231],,,,,,,,,,,一级
POLICY AND POLITICS,2025,0305-5736/1470-8442,否,否,否,SSCI,3.1,,管理学,2 [92/1025],否, POLITICAL SCIENCE 政治学,2 [34/317], PUBLIC ADMINISTRATION 公共管理,2 [8/91],,,,,,,,,一级
ACCOUNTING REVIEW,2025,0001-4826/1558-7967,否,否,否,SSCI,4.4,,管理学,2 [93/1025],否," BUSINESS, FINANCE 商业：财政与金融",2 [12/231],,,,,,,,,,,一级
Review of Managerial Science,2025,1863-6683/1863-6691,否,否,否,SSCI,9.6,,管理学,2 [94/1025],否, MANAGEMENT 管理学,2 [55/404],,,,,,,,,,,一级
OMEGA-INTERNATIONAL JOURNAL OF MANAGEMENT SCIENCE,2025,0305-0483/1873-5274,否,否,否,SSCI;SCIE,7.2,,管理学,2 [95/1025],否, MANAGEMENT 管理学,2 [56/404], OPERATIONS RESEARCH & MANAGEMENT SCIENCE 运筹学与管理科学,2 [10/106],,,,,,,,,一级
Journal of Supply Chain Management,2025,1523-2409/1745-493X,否,否,否,SSCI,9.9,,管理学,2 [96/1025],否, MANAGEMENT 管理学,2 [57/404],,,,,,,,,,,二级
POLICY STUDIES JOURNAL,2025,0190-292X/1541-0072,否,否,否,SSCI,4.9,,管理学,2 [97/1025],否, POLITICAL SCIENCE 政治学,2 [35/317], PUBLIC ADMINISTRATION 公共管理,2 [9/91],,,,,,,,,二级
Asia Pacific Management Review,2025,1029-3132/1029-3132,否,否,否,ESCI,5.6,,管理学,2 [98/1025],否, MANAGEMENT 管理学,2 [58/404],,,,,,,,,,,二级
Journal of Sustainable Tourism,2025,0966-9582/1747-7646,否,否,否,SSCI,7.8,,管理学,2 [99/1025],否, GREEN & SUSTAINABLE SCIENCE & TECHNOLOGY 绿色可持续发展技术,2 [13/91]," HOSPITALITY, LEISURE, SPORT & TOURISM 酒店、休闲、体育与旅游",2 [14/139],,,,,,,,,二级
Human Resource Management Journal,2025,0954-5395/1748-8583,否,否,否,SSCI,6.2,,管理学,2 [100/1025],否, INDUSTRIAL RELATIONS & LABOR 劳动关系学,2 [4/50], MANAGEMENT 管理学,2 [59/404],,,,,,,,,二级
EUROPEAN JOURNAL OF OPERATIONAL RESEARCH,2025,0377-2217/1872-6860,否,否,否,SCIE,6,,管理学,2 [101/1025],否, OPERATIONS RESEARCH & MANAGEMENT SCIENCE 运筹学与管理科学,2 [11/106],,,,,,,,,,,二级
Sport Management Review,2025,1441-3523/1839-2083,否,否,否,SSCI,3.8,,管理学,2 [102/1025],否," HOSPITALITY, LEISURE, SPORT & TOURISM 酒店、休闲、体育与旅游",2 [15/139], MANAGEMENT 管理学,2 [60/404],,,,,,,,,二级
JOURNAL OF OCCUPATIONAL AND ORGANIZATIONAL PSYCHOLOGY,2025,0963-1798/2044-8325,否,否,否,SSCI,3.5,,管理学,2 [103/1025],否," PSYCHOLOGY, APPLIED 心理学：应用",2 [14/112], MANAGEMENT 管理学,3 [63/404],,,,,,,,,二级
Human Resource Development Review,2025,1534-4843/1552-6712,否,否,否,SSCI,4.6,,管理学,2 [104/1025],否, MANAGEMENT 管理学,3 [64/404],,,,,,,,,,,二级
Eurasian Business Review,2025,1309-4297/2147-4281,否,否,否,SSCI,3.5,,管理学,2 [105/1025],否, ECONOMICS 经济学,2 [42/599], BUSINESS 商业：管理,3 [44/302], MANAGEMENT 管理学,3 [65/404],,,,,,,二级
HUMAN RELATIONS,2025,0018-7267/1741-282X,否,否,否,SSCI,5.4,,管理学,2 [106/1025],否," SOCIAL SCIENCES, INTERDISCIPLINARY 社会科学：跨领域",1 [6/263], MANAGEMENT 管理学,3 [66/404],,,,,,,,,二级
MIS QUARTERLY,2025,0276-7783,否,否,否,SSCI;SCIE,6,,管理学,2 [107/1025],否," COMPUTER SCIENCE, INFORMATION SYSTEMS 计算机：信息系统",1 [16/249], INFORMATION SCIENCE & LIBRARY SCIENCE 图书情报与档案管理,2 [13/160], MANAGEMENT 管理学,3 [68/404],,,,,,,二级
Corporate Social Responsibility and Environmental Management,2025,1535-3958/1535-3966,否,否,否,SSCI,9.1,,管理学,2 [108/1025],否, ENVIRONMENTAL STUDIES 环境研究,2 [22/183], BUSINESS 商业：管理,3 [45/302], MANAGEMENT 管理学,3 [69/404],,,,,,,二级
TELECOMMUNICATIONS POLICY,2025,0308-5961/1879-3258,否,否,否,SSCI;SCIE,6.4,,管理学,2 [109/1025],否, COMMUNICATION 传播学,2 [15/223], INFORMATION SCIENCE & LIBRARY SCIENCE 图书情报与档案管理,2 [14/160], TELECOMMUNICATIONS 电信学,2 [10/119],,,,,,,二级
INFORMATION SYSTEMS JOURNAL,2025,1350-1917/1365-2575,否,否,否,SSCI,6.3,,管理学,2 [110/1025],否, INFORMATION SCIENCE & LIBRARY SCIENCE 图书情报与档案管理,2 [15/160],,,,,,,,,,,二级
Journal of Competitiveness,2025,1804-171X/1804-1728,否,否,是,SSCI,2.6,,管理学,2 [111/1025],否, ECONOMICS 经济学,2 [48/599], BUSINESS 商业：管理,3 [46/302], MANAGEMENT 管理学,3 [70/404],,,,,,,二级
R & D MANAGEMENT,2025,0033-6807/1467-9310,否,否,否,SSCI,5.7,,管理学,2 [112/1025],否, BUSINESS 商业：管理,3 [47/302], MANAGEMENT 管理学,3 [73/404],,,,,,,,,二级
JOURNAL OF MARKETING RESEARCH,2025,0022-2437/1547-7193,否,否,否,SSCI,5,,管理学,2 [113/1025],否, BUSINESS 商业：管理,3 [48/302],,,,,,,,,,,二级
Nonprofit Management & Leadership,2025,1048-6682/1542-7854,否,否,否,SSCI,1.9,,管理学,2 [114/1025],否, PUBLIC ADMINISTRATION 公共管理,2 [12/91], MANAGEMENT 管理学,3 [74/404],,,,,,,,,二级
International Journal of Bank Marketing,2025,0265-2323/1758-5937,否,否,否,SSCI,6.9,,管理学,2 [115/1025],否, BUSINESS 商业：管理,3 [49/302],,,,,,,,,,,二级
Sports Coaching Review,2025,2164-0629/2164-0637,否,否,否,ESCI,2.6,,管理学,2 [116/1025],否," HOSPITALITY, LEISURE, SPORT & TOURISM 酒店、休闲、体育与旅游",3 [18/139],,,,,,,,,,,二级
ORGANIZATION SCIENCE,2025,1047-7039,否,否,否,SSCI,5.4,,管理学,2 [117/1025],否, MANAGEMENT 管理学,3 [76/404],,,,,,,,,,,二级
MANAGEMENT SCIENCE,2025,0025-1909/1526-5501,否,否,否,SSCI;SCIE,4.9,,管理学,2 [118/1025],否, OPERATIONS RESEARCH & MANAGEMENT SCIENCE 运筹学与管理科学,2 [13/106], MANAGEMENT 管理学,3 [77/404],,,,,,,,,二级
Academy of Management Perspectives,2025,1558-9080,否,否,否,SSCI,5.7,,管理学,2 [119/1025],否, BUSINESS 商业：管理,3 [50/302], MANAGEMENT 管理学,3 [78/404],,,,,,,,,二级
SERVICE INDUSTRIES JOURNAL,2025,0264-2069/1743-9507,否,否,否,SSCI,7.4,,管理学,2 [120/1025],否, MANAGEMENT 管理学,3 [79/404],,,,,,,,,,,二级
NEW TECHNOLOGY WORK AND EMPLOYMENT,2025,0268-1072/1468-005X,否,否,否,SSCI,7.3,,管理学,2 [121/1025],否, ERGONOMICS 人体工程学,1 [2/24], MANAGEMENT 管理学,3 [80/404],,,,,,,,,二级
International Journal of Accounting Information Systems,2025,1467-0895/1873-4723,否,否,否,SSCI,6,,管理学,2 [122/1025],否," BUSINESS, FINANCE 商业：财政与金融",2 [21/231], BUSINESS 商业：管理,3 [51/302], MANAGEMENT 管理学,3 [81/404],,,,,,,二级
SUPPLY CHAIN MANAGEMENT-AN INTERNATIONAL JOURNAL,2025,1359-8546/1758-6852,否,否,否,SSCI,8.4,,管理学,2 [123/1025],否, BUSINESS 商业：管理,3 [52/302], MANAGEMENT 管理学,3 [82/404],,,,,,,,,二级
EUROPEAN JOURNAL OF INFORMATION SYSTEMS,2025,0960-085X/1476-9344,否,否,否,SSCI;SCIE,8.6,,管理学,2 [124/1025],否," COMPUTER SCIENCE, INFORMATION SYSTEMS 计算机：信息系统",2 [24/249], INFORMATION SCIENCE & LIBRARY SCIENCE 图书情报与档案管理,2 [17/160], MANAGEMENT 管理学,3 [83/404],,,,,,,二级
JOURNAL OF TECHNOLOGY TRANSFER,2025,0892-9912/1573-7047,否,否,否,SSCI,4.3,,管理学,2 [125/1025],否, MANAGEMENT 管理学,3 [84/404],,,,,,,,,,,二级
European Sport Management Quarterly,2025,1618-4742/1746-031X,否,否,否,SSCI,3.7,,管理学,2 [126/1025],否," HOSPITALITY, LEISURE, SPORT & TOURISM 酒店、休闲、体育与旅游",3 [19/139],,,,,,,,,,,二级
JOURNAL OF SMALL BUSINESS MANAGEMENT,2025,0047-2778/1540-627X,否,否,否,SSCI,6,,管理学,2 [127/1025],否, MANAGEMENT 管理学,3 [85/404],,,,,,,,,,,二级
BRITISH JOURNAL OF MANAGEMENT,2025,1045-3172/1467-8551,否,否,否,SSCI,5.7,,管理学,2 [128/1025],否, BUSINESS 商业：管理,3 [53/302], MANAGEMENT 管理学,3 [86/404],,,,,,,,,二级
International Journal of Consumer Studies,2025,1470-6423/1470-6431,否,否,否,SSCI,7.6,,管理学,2 [129/1025],否, BUSINESS 商业：管理,3 [54/302],,,,,,,,,,,二级
British Accounting Review,2025,0890-8389/1095-8347,否,否,否,SSCI,9.4,,管理学,2 [130/1025],否," BUSINESS, FINANCE 商业：财政与金融",2 [22/231],,,,,,,,,,,二级
JOURNAL OF INTERNATIONAL MARKETING,2025,1069-031X/1547-7215,否,否,否,SSCI,4.2,,管理学,2 [131/1025],否, BUSINESS 商业：管理,3 [55/302],,,,,,,,,,,二级
Academy of Management Discoveries,2025,2168-1007/2168-1007,否,否,否,SSCI,4.8,,管理学,2 [132/1025],否, MANAGEMENT 管理学,3 [87/404],,,,,,,,,,,二级
International Journal of Innovation Studies,2025,2096-2487/2589-2975,否,否,是,ESCI,5.3,,管理学,2 [133/1025],否, MANAGEMENT 管理学,2 [61/404],,,,,,,,,,,二级
JOURNAL OF SPORT MANAGEMENT,2025,0888-4773/1543-270X,否,否,否,SSCI;SCIE,3.5,,管理学,2 [134/1025],否, SPORT SCIENCES 运动科学,2 [9/126]," HOSPITALITY, LEISURE, SPORT & TOURISM 酒店、休闲、体育与旅游",3 [20/139], MANAGEMENT 管理学,3 [88/404],,,,,,,二级
Information Technology & Tourism,2025,1098-3058/1943-4294,否,否,否,SSCI,7,,管理学,2 [135/1025],否," HOSPITALITY, LEISURE, SPORT & TOURISM 酒店、休闲、体育与旅游",3 [21/139],,,,,,,,,,,二级
Management Accounting Research,2025,1044-5005/1096-1224,否,否,否,SSCI,4,,管理学,2 [136/1025],否," BUSINESS, FINANCE 商业：财政与金融",2 [23/231], MANAGEMENT 管理学,3 [89/404],,,,,,,,,二级
Corporate Governance-The International Journal of Business in Society,2025,1472-0701/1758-6054,否,否,否,ESCI,4.9,,管理学,2 [137/1025],否, BUSINESS 商业：管理,3 [56/302],,,,,,,,,,,二级
INTERNATIONAL JOURNAL OF RESEARCH IN MARKETING,2025,0167-8116/1873-8001,否,否,否,SSCI,7.5,,管理学,2 [138/1025],否, BUSINESS 商业：管理,3 [57/302],,,,,,,,,,,二级
GOVERNANCE-AN INTERNATIONAL JOURNAL OF POLICY ADMINISTRATION AND INSTITUTIONS,2025,0952-1895/1468-0491,否,否,否,SSCI,3.1,,管理学,2 [139/1025],否, PUBLIC ADMINISTRATION 公共管理,2 [14/91], POLITICAL SCIENCE 政治学,3 [57/317],,,,,,,,,二级
Journal of Product and Brand Management,2025,1061-0421/2054-1643,否,否,否,SSCI,5.7,,管理学,2 [140/1025],否, BUSINESS 商业：管理,3 [58/302], MANAGEMENT 管理学,3 [90/404],,,,,,,,,二级
POLICY SCIENCES,2025,0032-2687/1573-0891,否,否,否,SSCI,3.7,,管理学,2 [141/1025],否," SOCIAL SCIENCES, INTERDISCIPLINARY 社会科学：跨领域",1 [10/263], PUBLIC ADMINISTRATION 公共管理,3 [15/91],,,,,,,,,二级
Internet Research,2025,1066-2243/1066-2243,否,否,否,SSCI;SCIE,6.8,,管理学,2 [142/1025],否," COMPUTER SCIENCE, INFORMATION SYSTEMS 计算机：信息系统",2 [27/249], TELECOMMUNICATIONS 电信学,2 [17/119], BUSINESS 商业：管理,3 [59/302],,,,,,,二级
Journal of Management Science and Engineering,2025,2096-2320/2589-5532,否,否,是,ESCI,3.7,中国SCI期刊支持计划,管理学,2 [143/1025],否," BUSINESS, FINANCE 商业：财政与金融",2 [33/231], ECONOMICS 经济学,2 [100/599], MANAGEMENT 管理学,2 [62/404], OPERATIONS RESEARCH & MANAGEMENT SCIENCE 运筹学与管理科学,2 [20/106],,,,,二级
Global Strategy Journal,2025,2042-5791/2042-5805,否,否,否,SSCI,4.7,,管理学,3 [144/1025],否, BUSINESS 商业：管理,3 [60/302], MANAGEMENT 管理学,3 [91/404],,,,,,,,,二级
Journal of Family Business Management,2025,2043-6238/2043-6246,否,否,否,ESCI,3.4,,管理学,3 [145/1025],否, MANAGEMENT 管理学,3 [92/404],,,,,,,,,,,二级
Cleaner Logistics and Supply Chain,2025,2772-3909/2772-3909,否,否,否,ESCI,6.8,,管理学,3 [146/1025],否, OPERATIONS RESEARCH & MANAGEMENT SCIENCE 运筹学与管理科学,2 [15/106],,,,,,,,,,,二级
International Small Business Journal-Researching Entrepreneurship,2025,0266-2426/1741-2870,否,否,否,SSCI,3.9,,管理学,3 [147/1025],否, BUSINESS 商业：管理,3 [61/302], MANAGEMENT 管理学,3 [93/404],,,,,,,,,二级
CONTEMPORARY ACCOUNTING RESEARCH,2025,0823-9150/1911-3846,否,否,否,SSCI,3.8,,管理学,3 [148/1025],否," BUSINESS, FINANCE 商业：财政与金融",2 [24/231],,,,,,,,,,,二级
International Review for the Sociology of Sport,2025,1012-6902/1461-7218,否,否,否,SSCI,2.6,,管理学,3 [149/1025],否, SOCIOLOGY 社会学,2 [32/216]," HOSPITALITY, LEISURE, SPORT & TOURISM 酒店、休闲、体育与旅游",3 [22/139],,,,,,,,,二级
PUBLIC PERSONNEL MANAGEMENT,2025,0091-0260/1945-7421,否,否,否,SSCI,2.6,,管理学,3 [150/1025],否, INDUSTRIAL RELATIONS & LABOR 劳动关系学,2 [5/50], PUBLIC ADMINISTRATION 公共管理,3 [17/91],,,,,,,,,二级
INDUSTRIAL RELATIONS,2025,0019-8676/1468-232X,否,否,否,SSCI,2.6,,管理学,3 [151/1025],否, INDUSTRIAL RELATIONS & LABOR 劳动关系学,2 [6/50],,,,,,,,,,,二级
International Journal of Accounting and Information Management,2025,1834-7649/1758-9037,否,否,否,ESCI,4.9,,管理学,3 [152/1025],否, MANAGEMENT 管理学,3 [94/404],,,,,,,,,,,二级
LEADERSHIP & ORGANIZATION DEVELOPMENT JOURNAL,2025,0143-7739/1472-5347,否,否,否,SSCI,3.6,,管理学,3 [153/1025],否, MANAGEMENT 管理学,3 [95/404],,,,,,,,,,,二级
MANAGEMENT INTERNATIONAL REVIEW,2025,0938-8249/1861-8901,否,否,否,SSCI,4.1,,管理学,3 [154/1025],否, MANAGEMENT 管理学,3 [96/404],,,,,,,,,,,二级
Journal of Leadership & Organizational Studies,2025,1548-0518/1939-7089,否,否,否,SSCI,4.9,,管理学,3 [155/1025],否, MANAGEMENT 管理学,3 [97/404],,,,,,,,,,,二级
Strategic Organization,2025,1476-1270/1741-315X,否,否,否,SSCI,3.8,,管理学,3 [156/1025],否, BUSINESS 商业：管理,3 [62/302], MANAGEMENT 管理学,3 [98/404],,,,,,,,,二级
European Journal for Sport and Society,2025,1613-8171/2380-5919,否,否,否,ESCI,1,,管理学,3 [157/1025],否," HOSPITALITY, LEISURE, SPORT & TOURISM 酒店、休闲、体育与旅游",3 [23/139],,,,,,,,,,,二级
Journal of the Association for Information Systems,2025,1536-9323/1558-3457,否,否,否,SSCI;SCIE,5.5,,管理学,3 [158/1025],否," COMPUTER SCIENCE, INFORMATION SYSTEMS 计算机：信息系统",2 [31/249], INFORMATION SCIENCE & LIBRARY SCIENCE 图书情报与档案管理,2 [18/160],,,,,,,,,二级
JOURNAL OF MANAGEMENT INQUIRY,2025,1056-4926/1552-6542,否,否,否,SSCI,3.8,,管理学,3 [159/1025],否, MANAGEMENT 管理学,3 [99/404],,,,,,,,,,,二级
AUDITING-A JOURNAL OF PRACTICE & THEORY,2025,0278-0380/1558-7991,否,否,否,SSCI,2.8,,管理学,3 [160/1025],否," BUSINESS, FINANCE 商业：财政与金融",2 [27/231],,,,,,,,,,,二级
Journal of Enterprise Information Management,2025,1741-0398/1758-7409,否,否,否,SSCI,6.4,,管理学,3 [161/1025],否, INFORMATION SCIENCE & LIBRARY SCIENCE 图书情报与档案管理,2 [19/160], MANAGEMENT 管理学,3 [100/404],,,,,,,,,二级
JOURNAL OF PUBLIC POLICY & MARKETING,2025,0743-9156/1547-7207,否,否,否,SSCI,4.7,,管理学,3 [162/1025],否, BUSINESS 商业：管理,3 [63/302],,,,,,,,,,,二级
SCIENTOMETRICS,2025,0138-9130/1588-2861,否,否,否,SSCI;SCIE,3.5,,管理学,3 [163/1025],否," COMPUTER SCIENCE, INTERDISCIPLINARY APPLICATIONS 计算机：跨学科应用",2 [24/172], INFORMATION SCIENCE & LIBRARY SCIENCE 图书情报与档案管理,2 [21/160],,,,,,,,,二级
Journal of Accounting in Emerging Economies,2025,2042-1168/2042-1176,否,否,否,ESCI,3.8,,管理学,3 [164/1025],否," BUSINESS, FINANCE 商业：财政与金融",2 [28/231],,,,,,,,,,,二级
International Journal of Retail & Distribution Management,2025,0959-0552/1758-6690,否,否,否,SSCI,5.5,,管理学,3 [165/1025],否, BUSINESS 商业：管理,3 [64/302], MANAGEMENT 管理学,3 [101/404],,,,,,,,,二级
Journal of International Accounting Auditing and Taxation,2025,1061-9518/1879-1603,否,否,否,ESCI,3.7,,管理学,3 [166/1025],否," BUSINESS, FINANCE 商业：财政与金融",2 [30/231],,,,,,,,,,,二级
Journal of Service Management,2025,1757-5818/1757-5826,否,否,否,SSCI,7.9,,管理学,3 [167/1025],否, MANAGEMENT 管理学,3 [102/404],,,,,,,,,,,二级
Journal of Hospitality and Tourism Insights,2025,2514-9792/2514-9806,否,否,否,ESCI,4.8,,管理学,3 [168/1025],否," HOSPITALITY, LEISURE, SPORT & TOURISM 酒店、休闲、体育与旅游",3 [26/139],,,,,,,,,,,二级
INTERNATIONAL JOURNAL OF ENTREPRENEURIAL BEHAVIOR & RESEARCH,2025,1355-2554/1758-6534,否,否,否,SSCI,4.7,,管理学,3 [169/1025],否, BUSINESS 商业：管理,3 [65/302], MANAGEMENT 管理学,3 [103/404],,,,,,,,,二级
ORGANIZATION,2025,1350-5084/1461-7323,否,否,否,SSCI,3.1,,管理学,3 [170/1025],否, MANAGEMENT 管理学,3 [105/404],,,,,,,,,,,二级
Electronic Commerce Research and Applications,2025,1567-4223/1873-7846,否,否,否,SSCI;SCIE,6.3,,管理学,3 [171/1025],否," COMPUTER SCIENCE, INFORMATION SYSTEMS 计算机：信息系统",2 [35/249]," COMPUTER SCIENCE, INTERDISCIPLINARY APPLICATIONS 计算机：跨学科应用",2 [28/172], BUSINESS 商业：管理,3 [66/302],,,,,,,二级
JOURNAL OF ADVERTISING,2025,0091-3367/1557-7805,否,否,否,SSCI,7,,管理学,3 [172/1025],否, BUSINESS 商业：管理,3 [67/302], COMMUNICATION 传播学,3 [28/223],,,,,,,,,二级
European Journal of Innovation Management,2025,1460-1060/1758-7115,否,否,否,SSCI,5.7,,管理学,3 [173/1025],否, BUSINESS 商业：管理,3 [69/302], MANAGEMENT 管理学,3 [106/404],,,,,,,,,二级
Tourism Geographies,2025,1461-6688/1470-1340,否,否,否,SSCI,4.7,,管理学,3 [174/1025],否," HOSPITALITY, LEISURE, SPORT & TOURISM 酒店、休闲、体育与旅游",3 [28/139],,,,,,,,,,,二级
REVIEW OF ACCOUNTING STUDIES,2025,1380-6653/1573-7136,否,否,否,SSCI,5.8,,管理学,3 [175/1025],否," BUSINESS, FINANCE 商业：财政与金融",2 [32/231],,,,,,,,,,,二级
Quantitative Science Studies,2025,2641-3337/2641-3337,否,否,是,ESCI,3.5,,管理学,3 [176/1025],否, INFORMATION SCIENCE & LIBRARY SCIENCE 图书情报与档案管理,2 [22/160],,,,,,,,,,,二级
Journal of Vacation Marketing,2025,1356-7667/1479-1870,否,否,否,SSCI,5,,管理学,3 [177/1025],否, BUSINESS 商业：管理,3 [70/302]," HOSPITALITY, LEISURE, SPORT & TOURISM 酒店、休闲、体育与旅游",3 [30/139],,,,,,,,,二级
JOURNAL OF CONSUMER PSYCHOLOGY,2025,1057-7408/1532-7663,否,否,否,SSCI,6.1,,管理学,3 [178/1025],否," PSYCHOLOGY, APPLIED 心理学：应用",2 [20/112], BUSINESS 商业：管理,3 [71/302],,,,,,,,,二级
INFORMATION SYSTEMS FRONTIERS,2025,1387-3326/1572-9419,否,否,否,SCIE,8.3,,管理学,3 [179/1025],否," COMPUTER SCIENCE, INFORMATION SYSTEMS 计算机：信息系统",2 [38/249]," COMPUTER SCIENCE, THEORY & METHODS 计算机：理论方法",2 [15/143],,,,,,,,,二级
Current Issues in Tourism,2025,1368-3500/1747-7603,否,否,否,SSCI,4.6,,管理学,3 [180/1025],否," HOSPITALITY, LEISURE, SPORT & TOURISM 酒店、休闲、体育与旅游",3 [31/139],,,,,,,,,,,二级
JOURNAL OF SPORT & SOCIAL ISSUES,2025,0193-7235/1552-7638,否,否,否,SSCI,1.9,,管理学,3 [181/1025],否," HOSPITALITY, LEISURE, SPORT & TOURISM 酒店、休闲、体育与旅游",3 [32/139], SOCIOLOGY 社会学,3 [40/216],,,,,,,,,二级
Information and Organization,2025,1471-7727/1873-7919,否,否,否,SSCI,4.7,,管理学,3 [182/1025],否, INFORMATION SCIENCE & LIBRARY SCIENCE 图书情报与档案管理,2 [23/160], MANAGEMENT 管理学,3 [107/404],,,,,,,,,二级
Journal of Hospitality and Tourism Technology,2025,1757-9880/1757-9899,否,否,否,SSCI,6.9,,管理学,3 [183/1025],否," HOSPITALITY, LEISURE, SPORT & TOURISM 酒店、休闲、体育与旅游",3 [33/139],,,,,,,,,,,二级
Creativity and Innovation Management,2025,0963-1690/1467-8691,否,否,否,SSCI,4.2,,管理学,3 [184/1025],否, MANAGEMENT 管理学,3 [108/404],,,,,,,,,,,二级
INFORMATION SYSTEMS RESEARCH,2025,1047-7047/1526-5536,否,否,否,SSCI,5.1,,管理学,3 [185/1025],否, INFORMATION SCIENCE & LIBRARY SCIENCE 图书情报与档案管理,3 [25/160], MANAGEMENT 管理学,3 [109/404],,,,,,,,,二级
Transfer-European Review of Labour and Research,2025,1024-2589/1996-7284,否,否,否,SSCI,3.7,,管理学,3 [186/1025],否, INDUSTRIAL RELATIONS & LABOR 劳动关系学,2 [8/50],,,,,,,,,,,二级
Accounting in Europe,2025,1744-9480/1744-9499,否,否,否,ESCI,4.3,,管理学,3 [187/1025],否," BUSINESS, FINANCE 商业：财政与金融",3 [35/231],,,,,,,,,,,二级
Journal of Service Theory and Practice,2025,2055-6225/2055-6225,否,否,否,SSCI,4.4,,管理学,3 [188/1025],否, BUSINESS 商业：管理,3 [74/302], MANAGEMENT 管理学,3 [110/404],,,,,,,,,二级
Journal of Personal Selling & Sales Management,2025,0885-3134/1557-7813,否,否,否,ESCI,3.5,,管理学,3 [189/1025],否, BUSINESS 商业：管理,3 [75/302],,,,,,,,,,,二级
Human Resource Development Quarterly,2025,1044-8004/1532-1096,否,否,否,SSCI,3.8,,管理学,3 [190/1025],否," PSYCHOLOGY, APPLIED 心理学：应用",2 [21/112], INDUSTRIAL RELATIONS & LABOR 劳动关系学,3 [9/50], MANAGEMENT 管理学,3 [111/404],,,,,,,二级
Journal of the Association for Information Science and Technology,2025,2330-1635/2330-1643,否,否,否,SSCI;SCIE,4.3,,管理学,3 [191/1025],否," COMPUTER SCIENCE, INFORMATION SYSTEMS 计算机：信息系统",2 [40/249], INFORMATION SCIENCE & LIBRARY SCIENCE 图书情报与档案管理,3 [26/160],,,,,,,,,二级
INTERNATIONAL JOURNAL OF HUMAN RESOURCE MANAGEMENT,2025,0958-5192/1466-4399,否,否,否,SSCI,5.9,,管理学,3 [192/1025],否, MANAGEMENT 管理学,3 [112/404],,,,,,,,,,,二级
Research in Organizational Behavior,2025,0191-3085/0191-3085,否,否,否,SSCI,3.6,,管理学,3 [193/1025],否," PSYCHOLOGY, APPLIED 心理学：应用",2 [22/112], MANAGEMENT 管理学,3 [113/404],,,,,,,,,二级
PRODUCTION PLANNING & CONTROL,2025,0953-7287/1366-5871,否,否,否,SCIE,5.4,,管理学,3 [194/1025],否, OPERATIONS RESEARCH & MANAGEMENT SCIENCE 运筹学与管理科学,2 [18/106]," ENGINEERING, INDUSTRIAL 工程：工业",3 [17/70]," ENGINEERING, MANUFACTURING 工程：制造",3 [15/70],,,,,,,二级
International Journal of Tourism Research,2025,1099-2340/1522-1970,否,否,否,SSCI,5.7,,管理学,3 [195/1025],否," HOSPITALITY, LEISURE, SPORT & TOURISM 酒店、休闲、体育与旅游",3 [34/139],,,,,,,,,,,二级
Journal of Tourism Futures,2025,2055-5911/2055-592X,否,否,是,ESCI,6.6,,管理学,3 [196/1025],否," HOSPITALITY, LEISURE, SPORT & TOURISM 酒店、休闲、体育与旅游",4 [35/139],,,,,,,,,,,二级
Asia Pacific Journal of Management,2025,0217-4561/1572-9958,否,否,否,SSCI,5.8,,管理学,3 [197/1025],否, MANAGEMENT 管理学,3 [115/404],,,,,,,,,,,二级
Journal of Hospitality & Tourism Research,2025,1096-3480/1557-7554,否,否,否,SSCI,5.3,,管理学,3 [198/1025],否," HOSPITALITY, LEISURE, SPORT & TOURISM 酒店、休闲、体育与旅游",4 [36/139],,,,,,,,,,,二级
M&SOM-Manufacturing & Service Operations Management,2025,1523-4614/1526-5498,否,否,否,SSCI;SCIE,4.2,,管理学,3 [199/1025],否, OPERATIONS RESEARCH & MANAGEMENT SCIENCE 运筹学与管理科学,2 [19/106], MANAGEMENT 管理学,3 [116/404],,,,,,,,,二级
Journal of Consumer Behaviour,2025,1472-0817/1479-1838,否,否,否,SSCI,5.2,,管理学,3 [200/1025],否, BUSINESS 商业：管理,3 [78/302],,,,,,,,,,,二级
JOURNAL OF INFORMATION TECHNOLOGY,2025,0268-3962/1466-4437,否,否,否,SSCI;SCIE,5.4,,管理学,3 [201/1025],否," COMPUTER SCIENCE, INFORMATION SYSTEMS 计算机：信息系统",2 [44/249], INFORMATION SCIENCE & LIBRARY SCIENCE 图书情报与档案管理,3 [27/160], MANAGEMENT 管理学,3 [117/404],,,,,,,二级
JOURNAL OF ACCOUNTING AND PUBLIC POLICY,2025,0278-4254/1873-2070,否,否,否,SSCI,2.2,,管理学,3 [202/1025],否," BUSINESS, FINANCE 商业：财政与金融",3 [37/231], PUBLIC ADMINISTRATION 公共管理,3 [20/91],,,,,,,,,二级
International Journal of Advertising,2025,0265-0487/1759-3948,否,否,否,SSCI,5.9,,管理学,3 [203/1025],否, BUSINESS 商业：管理,3 [79/302], COMMUNICATION 传播学,3 [35/223],,,,,,,,,二级
International Journal of Logistics Management,2025,0957-4093/1758-6550,否,否,否,SSCI,6.4,,管理学,3 [204/1025],否, MANAGEMENT 管理学,3 [118/404],,,,,,,,,,,二级
LIBRARY & INFORMATION SCIENCE RESEARCH,2025,0740-8188/1873-1848,否,否,否,SSCI,2.3,,管理学,3 [205/1025],否, INFORMATION SCIENCE & LIBRARY SCIENCE 图书情报与档案管理,3 [28/160],,,,,,,,,,,二级
WORK EMPLOYMENT AND SOCIETY,2025,0950-0170/1469-8722,否,否,否,SSCI,3.8,,管理学,3 [206/1025],否, ECONOMICS 经济学,2 [98/599], INDUSTRIAL RELATIONS & LABOR 劳动关系学,3 [10/50], SOCIOLOGY 社会学,3 [48/216],,,,,,,二级
HUMAN RESOURCE DEVELOPMENT INTERNATIONAL,2025,1367-8868/1469-8374,否,否,否,ESCI,3.9,,管理学,3 [207/1025],否, MANAGEMENT 管理学,3 [119/404],,,,,,,,,,,二级
INTERNATIONAL JOURNAL OF MANPOWER,2025,0143-7720/1758-6577,否,否,否,SSCI,3.5,,管理学,3 [208/1025],否, INDUSTRIAL RELATIONS & LABOR 劳动关系学,3 [11/50], MANAGEMENT 管理学,3 [120/404],,,,,,,,,二级
JOURNAL OF ENGINEERING AND TECHNOLOGY MANAGEMENT,2025,0923-4748/1879-1719,否,否,否,SSCI;SCIE,3.9,,管理学,3 [209/1025],否, BUSINESS 商业：管理,3 [80/302]," ENGINEERING, INDUSTRIAL 工程：工业",3 [18/70], MANAGEMENT 管理学,3 [121/404],,,,,,,二级
Industry and Innovation,2025,1366-2716/1469-8390,否,否,否,SSCI,4.2,,管理学,3 [210/1025],否, ECONOMICS 经济学,3 [103/599], MANAGEMENT 管理学,3 [122/404],,,,,,,,,二级
SOCIOLOGY OF SPORT JOURNAL,2025,0741-1235/1543-2785,否,否,否,SSCI;SCIE,2.2,,管理学,3 [211/1025],否, SPORT SCIENCES 运动科学,2 [19/126], SOCIOLOGY 社会学,3 [50/216]," HOSPITALITY, LEISURE, SPORT & TOURISM 酒店、休闲、体育与旅游",4 [37/139],,,,,,,二级
PUBLIC RELATIONS REVIEW,2025,0363-8111/1873-4537,否,否,否,SSCI,3.4,,管理学,3 [212/1025],否, BUSINESS 商业：管理,3 [81/302], COMMUNICATION 传播学,3 [36/223],,,,,,,,,二级
Journal of Heritage Tourism,2025,1743-873X/1747-6631,否,否,否,ESCI,2.2,,管理学,3 [213/1025],否," HOSPITALITY, LEISURE, SPORT & TOURISM 酒店、休闲、体育与旅游",4 [39/139],,,,,,,,,,,二级
PUBLIC ADMINISTRATION AND DEVELOPMENT,2025,0271-2075/1099-162X,否,否,否,SSCI,2.1,,管理学,3 [214/1025],否, DEVELOPMENT STUDIES 发展研究,2 [11/63], PUBLIC ADMINISTRATION 公共管理,3 [21/91],,,,,,,,,二级
Business & Society,2025,0007-6503/1552-4205,否,否,否,SSCI,6,,管理学,3 [215/1025],否, BUSINESS 商业：管理,4 [83/302],,,,,,,,,,,二级
MANAGEMENT LEARNING,2025,1350-5076/1461-7307,否,否,否,SSCI,3,,管理学,3 [216/1025],否, MANAGEMENT 管理学,4 [125/404],,,,,,,,,,,二级
INTERNATIONAL JOURNAL OF PHYSICAL DISTRIBUTION & LOGISTICS MANAGEMENT,2025,0960-0035/1758-664X,否,否,否,SSCI,7.3,,管理学,3 [217/1025],否, MANAGEMENT 管理学,4 [126/404],,,,,,,,,,,二级
INTERNATIONAL JOURNAL OF ELECTRONIC COMMERCE,2025,1086-4415/1557-9301,否,否,否,SSCI;SCIE,3.8,,管理学,3 [218/1025],否," COMPUTER SCIENCE, SOFTWARE ENGINEERING 计算机：软件工程",2 [20/131], BUSINESS 商业：管理,4 [84/302],,,,,,,,,二级
JOURNAL OF ACADEMIC LIBRARIANSHIP,2025,0099-1333/1879-1999,否,否,否,SSCI,2.3,,管理学,3 [219/1025],否, INFORMATION SCIENCE & LIBRARY SCIENCE 图书情报与档案管理,3 [29/160],,,,,,,,,,,二级
Journal of Applied Accounting Research,2025,0967-5426/1758-8855,否,否,否,ESCI,3.7,,管理学,3 [220/1025],否," BUSINESS, FINANCE 商业：财政与金融",3 [41/231],,,,,,,,,,,二级
Asia Pacific Journal of Tourism Research,2025,1094-1665/1741-6507,否,否,否,SSCI,3.3,,管理学,3 [221/1025],否," HOSPITALITY, LEISURE, SPORT & TOURISM 酒店、休闲、体育与旅游",4 [41/139],,,,,,,,,,,二级
EUROPEAN JOURNAL OF INDUSTRIAL RELATIONS,2025,0959-6801/1461-7129,否,否,否,SSCI,2,,管理学,3 [222/1025],否, INDUSTRIAL RELATIONS & LABOR 劳动关系学,3 [12/50],,,,,,,,,,,二级
Journal of Comparative Policy Analysis,2025,1387-6988/1572-5448,否,否,否,SSCI,1.4,,管理学,3 [223/1025],否, PUBLIC ADMINISTRATION 公共管理,3 [22/91],,,,,,,,,,,二级
Marketing Theory,2025,1470-5931/1741-301X,否,否,否,SSCI,2.8,,管理学,3 [224/1025],否, BUSINESS 商业：管理,4 [85/302],,,,,,,,,,,二级
European Management Review,2025,1740-4754/1740-4762,否,否,否,SSCI,2.8,,管理学,3 [225/1025],否, MANAGEMENT 管理学,4 [127/404],,,,,,,,,,,二级
Annals of Tourism Research Empirical Insights,2025,2666-9579/2666-9579,否,否,是,ESCI,4.1,,管理学,3 [226/1025],否," HOSPITALITY, LEISURE, SPORT & TOURISM 酒店、休闲、体育与旅游",4 [42/139],,,,,,,,,,,二级
ADMINISTRATION & SOCIETY,2025,0095-3997/1552-3039,否,否,否,SSCI,2.3,,管理学,3 [227/1025],否, PUBLIC ADMINISTRATION 公共管理,3 [24/91],,,,,,,,,,,二级
Sustainability Accounting Management and Policy Journal,2025,2040-8021/2040-803X,否,否,否,SSCI,7.2,,管理学,3 [228/1025],否," BUSINESS, FINANCE 商业：财政与金融",3 [46/231], ENVIRONMENTAL STUDIES 环境研究,3 [47/183], MANAGEMENT 管理学,4 [128/404],,,,,,,二级
Mobilization,2025,1086-671X,否,否,否,SSCI,1.5,,管理学,3 [229/1025],否, SOCIOLOGY 社会学,3 [56/216],,,,,,,,,,,二级
Journal of Tourism and Services,2025,1804-5650/1804-5650,否,否,否,ESCI,5.1,,管理学,3 [230/1025],否," HOSPITALITY, LEISURE, SPORT & TOURISM 酒店、休闲、体育与旅游",4 [43/139],,,,,,,,,,,二级
Journal of Outdoor Recreation and Tourism-Research Planning and Management,2025,2213-0780/2213-0799,否,否,否,SSCI,4.4,,管理学,3 [231/1025],否," HOSPITALITY, LEISURE, SPORT & TOURISM 酒店、休闲、体育与旅游",4 [44/139],,,,,,,,,,,二级
IEEE TRANSACTIONS ON ENGINEERING MANAGEMENT,2025,0018-9391/1558-0040,否,否,否,SSCI;SCIE,5.2,,管理学,3 [232/1025],否," ENGINEERING, INDUSTRIAL 工程：工业",3 [21/70], BUSINESS 商业：管理,4 [86/302], MANAGEMENT 管理学,4 [129/404],,,,,,,二级
ORGANIZATION & ENVIRONMENT,2025,1086-0266/1552-7417,否,否,否,SSCI,7.3,,管理学,3 [233/1025],否, ENVIRONMENTAL STUDIES 环境研究,3 [50/183], MANAGEMENT 管理学,4 [130/404],,,,,,,,,二级
Asia Pacific Journal of Human Resources,2025,1038-4111/1744-7941,否,否,否,SSCI,4.5,,管理学,3 [234/1025],否, INDUSTRIAL RELATIONS & LABOR 劳动关系学,3 [13/50], MANAGEMENT 管理学,4 [131/404],,,,,,,,,二级
Journal of Brand Management,2025,1350-231X/1479-1803,否,否,否,SSCI,4.1,,管理学,3 [235/1025],否, BUSINESS 商业：管理,4 [88/302], MANAGEMENT 管理学,4 [132/404],,,,,,,,,二级
GROUP & ORGANIZATION MANAGEMENT,2025,1059-6011/1552-3993,否,否,否,SSCI,3.3,,管理学,3 [236/1025],否," PSYCHOLOGY, APPLIED 心理学：应用",3 [32/112], MANAGEMENT 管理学,4 [133/404],,,,,,,,,二级
Archives and Manuscripts,2025,0157-6895/2164-6058,否,否,否,ESCI,0.5,,管理学,3 [237/1025],否, INFORMATION SCIENCE & LIBRARY SCIENCE 图书情报与档案管理,3 [30/160],,,,,,,,,,,二级
Perspectives on Public Management and Governance,2025,2398-4910/2398-4929,否,否,否,ESCI,3.7,,管理学,3 [238/1025],否, PUBLIC ADMINISTRATION 公共管理,3 [25/91],,,,,,,,,,,二级
International Journal of Sports Marketing & Sponsorship,2025,1464-6668/2515-7841,否,否,否,SSCI,2.7,,管理学,3 [239/1025],否," HOSPITALITY, LEISURE, SPORT & TOURISM 酒店、休闲、体育与旅游",4 [45/139],,,,,,,,,,,二级
CORPORATE GOVERNANCE-AN INTERNATIONAL REVIEW,2025,0964-8410/1467-8683,否,否,否,SSCI,5.5,,管理学,3 [240/1025],否," BUSINESS, FINANCE 商业：财政与金融",3 [48/231], BUSINESS 商业：管理,4 [89/302], MANAGEMENT 管理学,4 [134/404],,,,,,,二级
Journal of Global Sport Management,2025,2470-4067/2470-4075,否,否,否,ESCI,1.9,,管理学,3 [241/1025],否," HOSPITALITY, LEISURE, SPORT & TOURISM 酒店、休闲、体育与旅游",4 [47/139], MANAGEMENT 管理学,4 [135/404],,,,,,,,,二级
International Journal of Sport Policy and Politics,2025,1940-6940/1940-6959,否,否,否,ESCI,2.8,,管理学,3 [242/1025],否," HOSPITALITY, LEISURE, SPORT & TOURISM 酒店、休闲、体育与旅游",4 [48/139],,,,,,,,,,,二级
Information Technology & People,2025,0959-3845/1758-5813,否,否,否,SSCI,5.6,,管理学,3 [243/1025],否, INFORMATION SCIENCE & LIBRARY SCIENCE 图书情报与档案管理,3 [32/160],,,,,,,,,,,二级
Financial Accountability & Management,2025,0267-4424/1468-0408,否,否,否,ESCI,2.6,,管理学,3 [244/1025],否," BUSINESS, FINANCE 商业：财政与金融",3 [51/231],,,,,,,,,,,二级
Journal of Global Fashion Marketing,2025,2093-2685/2325-4483,否,否,否,ESCI,5.5,,管理学,3 [245/1025],否, BUSINESS 商业：管理,4 [90/302],,,,,,,,,,,二级
PERSONNEL REVIEW,2025,0048-3486/1758-6933,否,否,否,SSCI,4.2,,管理学,3 [246/1025],否, INDUSTRIAL RELATIONS & LABOR 劳动关系学,3 [15/50]," PSYCHOLOGY, APPLIED 心理学：应用",3 [36/112], MANAGEMENT 管理学,4 [137/404],,,,,,,二级
Managerial Auditing Journal,2025,0268-6902/1758-7735,否,否,否,SSCI,2.8,,管理学,3 [247/1025],否," BUSINESS, FINANCE 商业：财政与金融",3 [52/231], MANAGEMENT 管理学,4 [139/404],,,,,,,,,二级
AMERICAN REVIEW OF PUBLIC ADMINISTRATION,2025,0275-0740/1552-3357,否,否,否,SSCI,2.5,,管理学,3 [248/1025],否, PUBLIC ADMINISTRATION 公共管理,3 [27/91],,,,,,,,,,,二级
JOURNAL OF CHANGE MANAGEMENT,2025,1469-7017/1479-1811,否,否,否,ESCI,2.1,,管理学,3 [249/1025],否, MANAGEMENT 管理学,4 [140/404],,,,,,,,,,,二级
Journal of Public Budgeting Accounting & Financial Management,2025,1096-3367/1945-1814,否,否,否,ESCI,2.5,,管理学,3 [250/1025],否," BUSINESS, FINANCE 商业：财政与金融",3 [53/231], PUBLIC ADMINISTRATION 公共管理,3 [28/91],,,,,,,,,二级
Business & Information Systems Engineering,2025,2363-7005/1867-0202,否,否,否,SCIE,10.4,,管理学,3 [251/1025],否," COMPUTER SCIENCE, INFORMATION SYSTEMS 计算机：信息系统",3 [55/249],,,,,,,,,,,二级
JOURNAL OF POLICY ANALYSIS AND MANAGEMENT,2025,0276-8739/1520-6688,否,否,否,SSCI,2.4,,管理学,3 [252/1025],否, ECONOMICS 经济学,3 [121/599], PUBLIC ADMINISTRATION 公共管理,3 [29/91],,,,,,,,,二级
MARKETING SCIENCE,2025,0732-2399/1526-548X,否,否,否,SSCI,4.9,,管理学,3 [253/1025],否, BUSINESS 商业：管理,4 [91/302],,,,,,,,,,,二级
INTERNATIONAL MARKETING REVIEW,2025,0265-1335/1758-6763,否,否,否,SSCI,4.6,,管理学,3 [254/1025],否, BUSINESS 商业：管理,4 [92/302],,,,,,,,,,,二级
COLLEGE & RESEARCH LIBRARIES,2025,0010-0870/2150-6701,否,否,是,SSCI,1.4,,管理学,3 [255/1025],否, INFORMATION SCIENCE & LIBRARY SCIENCE 图书情报与档案管理,3 [34/160],,,,,,,,,,,二级
JOURNAL OF DOCUMENTATION,2025,0022-0418/1758-7379,否,否,否,SSCI,2,,管理学,3 [256/1025],否, INFORMATION SCIENCE & LIBRARY SCIENCE 图书情报与档案管理,3 [35/160],,,,,,,,,,,二级
International Journal of Public Sector Management,2025,0951-3558/1758-6666,否,否,否,ESCI,2.5,,管理学,3 [257/1025],否, PUBLIC ADMINISTRATION 公共管理,3 [30/91], MANAGEMENT 管理学,4 [142/404],,,,,,,,,二级
BUSINESS HORIZONS,2025,0007-6813/1873-6068,否,否,否,SSCI,7,,管理学,3 [258/1025],否, BUSINESS 商业：管理,4 [93/302],,,,,,,,,,,二级
MANAGEMENT DECISION,2025,0025-1747/1758-6070,否,否,否,SSCI,5.1,,管理学,3 [259/1025],否, BUSINESS 商业：管理,4 [95/302], MANAGEMENT 管理学,4 [143/404],,,,,,,,,二级
PRODUCTION AND OPERATIONS MANAGEMENT,2025,1059-1478/1937-5956,否,否,否,SCIE,5.1,,管理学,3 [260/1025],否," ENGINEERING, MANUFACTURING 工程：制造",3 [19/70], OPERATIONS RESEARCH & MANAGEMENT SCIENCE 运筹学与管理科学,3 [26/106],,,,,,,,,二级
Futures,2025,0016-3287/1873-6378,否,否,否,SSCI,3.8,,管理学,3 [261/1025],否, ECONOMICS 经济学,3 [127/599], REGIONAL & URBAN PLANNING 区域与城市规划,3 [18/54],,,,,,,,,二级
Service Business,2025,1862-8516/1862-8508,否,否,否,SSCI,4.1,,管理学,3 [262/1025],否, BUSINESS 商业：管理,4 [96/302], MANAGEMENT 管理学,4 [144/404],,,,,,,,,二级
Asia Pacific Journal of Innovation and Entrepreneurship,2025,2071-1395/2398-7812,否,否,是,ESCI,3.8,,管理学,3 [263/1025],否, BUSINESS 商业：管理,4 [97/302],,,,,,,,,,,二级
Journal of Current Issues and Research In Advertising,2025,1064-1734/2164-7313,否,否,否,ESCI,2.9,,管理学,3 [264/1025],否, COMMUNICATION 传播学,3 [50/223], BUSINESS 商业：管理,4 [98/302],,,,,,,,,二级
Career Development International,2025,1362-0436/1758-6003,否,否,否,SSCI,4.1,,管理学,3 [265/1025],否," PSYCHOLOGY, APPLIED 心理学：应用",3 [38/112], MANAGEMENT 管理学,4 [145/404],,,,,,,,,二级
Policy Studies,2025,0144-2872/1470-1006,否,否,否,SSCI,2.3,,管理学,3 [266/1025],否, PUBLIC ADMINISTRATION 公共管理,3 [31/91],,,,,,,,,,,二级
RESEARCH EVALUATION,2025,0958-2029/1471-5449,否,否,否,SSCI,2.5,,管理学,3 [267/1025],否, INFORMATION SCIENCE & LIBRARY SCIENCE 图书情报与档案管理,3 [36/160],,,,,,,,,,,二级
JOURNAL OF ORGANIZATIONAL BEHAVIOR MANAGEMENT,2025,0160-8061/1540-8604,否,否,否,SSCI,1.2,,管理学,3 [268/1025],否," PSYCHOLOGY, APPLIED 心理学：应用",3 [39/112], MANAGEMENT 管理学,4 [146/404],,,,,,,,,二级
Journal of Theoretical and Applied Electronic Commerce Research,2025,0718-1876/0718-1876,否,否,是,SSCI,4.6,,管理学,3 [269/1025],否, BUSINESS 商业：管理,4 [100/302],,,,,,,,,,,二级
Information Technology for Development,2025,0268-1102/1554-0170,否,否,否,SSCI,6.4,,管理学,3 [270/1025],否, DEVELOPMENT STUDIES 发展研究,3 [15/63], INFORMATION SCIENCE & LIBRARY SCIENCE 图书情报与档案管理,3 [37/160],,,,,,,,,二级
Nonprofit Policy Forum,2025,2194-6035/2154-3348,否,否,是,ESCI,1.2,,管理学,3 [271/1025],否, PUBLIC ADMINISTRATION 公共管理,3 [32/91],,,,,,,,,,,二级
Scandinavian Journal of Hospitality and Tourism,2025,1502-2250/1502-2269,否,否,否,SSCI,3.6,,管理学,3 [272/1025],否, SOCIOLOGY 社会学,3 [71/216]," HOSPITALITY, LEISURE, SPORT & TOURISM 酒店、休闲、体育与旅游",4 [51/139],,,,,,,,,二级
DISASTERS,2025,0361-3666/1467-7717,否,否,否,SSCI,2.6,,管理学,3 [273/1025],否, ENVIRONMENTAL STUDIES 环境研究,3 [61/183]," SOCIAL SCIENCES, INTERDISCIPLINARY 社会科学：跨领域",3 [39/263],,,,,,,,,二级
European Business Review,2025,0955-534X/1758-7107,否,否,否,ESCI,3.7,,管理学,3 [274/1025],否, BUSINESS 商业：管理,4 [102/302],,,,,,,,,,,二级
TQM Journal,2025,1754-2731/1754-274X,否,否,否,ESCI,4.4,,管理学,3 [275/1025],否, MANAGEMENT 管理学,4 [148/404],,,,,,,,,,,二级
ARCHIVAL SCIENCE,2025,1389-0166/1573-7500,否,否,否,ESCI,2.1,,管理学,3 [276/1025],否, INFORMATION SCIENCE & LIBRARY SCIENCE 图书情报与档案管理,3 [38/160],,,,,,,,,,,二级
Corporate Communications,2025,1356-3289/1758-6046,否,否,否,ESCI,3.3,,管理学,3 [277/1025],否, BUSINESS 商业：管理,4 [103/302],,,,,,,,,,,二级
Business Strategy and Development,2025,2572-3170/2572-3170,否,否,否,ESCI,4.2,,管理学,3 [278/1025],否, ENVIRONMENTAL STUDIES 环境研究,3 [62/183], BUSINESS 商业：管理,4 [104/302],,,,,,,,,二级
INTERNATIONAL JOURNAL OF CONFLICT MANAGEMENT,2025,1044-4068/1758-8545,否,否,否,SSCI,2.6,,管理学,3 [279/1025],否, COMMUNICATION 传播学,3 [54/223],,,,,,,,,,,二级
ILR Review,2025,0019-7939/2162-271X,否,否,否,SSCI,3.7,,管理学,3 [280/1025],否, INDUSTRIAL RELATIONS & LABOR 劳动关系学,4 [16/50],,,,,,,,,,,二级
EUROPEAN JOURNAL OF MARKETING,2025,0309-0566/1758-7123,否,否,否,SSCI,5.1,,管理学,3 [281/1025],否, BUSINESS 商业：管理,4 [105/302],,,,,,,,,,,二级
LEARNED PUBLISHING,2025,0953-1513/1741-4857,否,否,否,SSCI,2.4,,管理学,3 [282/1025],否, INFORMATION SCIENCE & LIBRARY SCIENCE 图书情报与档案管理,3 [39/160],,,,,,,,,,,二级
Journal of International Entrepreneurship,2025,1570-7385/1573-7349,否,否,否,ESCI,2.9,,管理学,3 [283/1025],否, BUSINESS 商业：管理,4 [106/302],,,,,,,,,,,二级
ONLINE INFORMATION REVIEW,2025,1468-4527/1468-4535,否,否,否,SSCI;SCIE,3.5,,管理学,3 [284/1025],否," COMPUTER SCIENCE, INFORMATION SYSTEMS 计算机：信息系统",3 [63/249], INFORMATION SCIENCE & LIBRARY SCIENCE 图书情报与档案管理,3 [40/160],,,,,,,,,二级
European Business Organization Law Review,2025,1566-7529/1741-6205,否,否,否,SSCI,2.7,,管理学,3 [285/1025],否, LAW 法学,3 [50/427], BUSINESS 商业：管理,4 [107/302],,,,,,,,,二级
BRQ-Business Research Quarterly,2025,2340-9444/2340-9444,否,否,是,SSCI,3.4,,管理学,3 [286/1025],否, BUSINESS 商业：管理,4 [108/302], MANAGEMENT 管理学,4 [150/404],,,,,,,,,二级
Business Process Management Journal,2025,1463-7154/1758-4116,否,否,否,SSCI,5.8,,管理学,3 [287/1025],否, BUSINESS 商业：管理,4 [109/302], MANAGEMENT 管理学,4 [151/404],,,,,,,,,二级
INDUSTRIAL RELATIONS JOURNAL,2025,0019-8692/1468-2338,否,否,否,ESCI,1.5,,管理学,3 [288/1025],否, INDUSTRIAL RELATIONS & LABOR 劳动关系学,4 [17/50],,,,,,,,,,,二级
International Journal of Engineering Business Management,2025,1847-9790/1847-9790,否,否,是,ESCI,5,,管理学,3 [289/1025],否, BUSINESS 商业：管理,4 [110/302],,,,,,,,,,,二级
Advances in Developing Human Resources,2025,1523-4223/1552-3055,否,否,否,ESCI,2.4,,管理学,3 [290/1025],否, INDUSTRIAL RELATIONS & LABOR 劳动关系学,4 [18/50],,,,,,,,,,,二级
Meditari Accountancy Research,2025,2049-372X/2049-3738,否,否,否,ESCI,4.4,,管理学,3 [291/1025],否," BUSINESS, FINANCE 商业：财政与金融",3 [58/231],,,,,,,,,,,二级
Young Consumers,2025,1758-7212/1747-3616,否,否,否,ESCI,5,,管理学,3 [292/1025],否, BUSINESS 商业：管理,4 [111/302],,,,,,,,,,,二级
Journal of Organizational and End User Computing,2025,1546-2234/1546-5012,否,否,否,SSCI;SCIE,3.4,,管理学,3 [293/1025],否," COMPUTER SCIENCE, INFORMATION SYSTEMS 计算机：信息系统",3 [66/249], INFORMATION SCIENCE & LIBRARY SCIENCE 图书情报与档案管理,3 [41/160], MANAGEMENT 管理学,4 [153/404],,,,,,,二级
Asia-Pacific Journal of Business Administration,2025,1757-4323/1757-4331,否,否,否,ESCI,4.6,,管理学,3 [294/1025],否, BUSINESS 商业：管理,4 [112/302],,,,,,,,,,,二级
Journal of Marketing Management,2025,0267-257X/1472-1376,否,否,否,SSCI,3,,管理学,3 [295/1025],否, BUSINESS 商业：管理,4 [113/302], MANAGEMENT 管理学,4 [154/404],,,,,,,,,二级
Accounting Forum,2025,0155-9982/1467-6303,否,否,否,SSCI,3.4,,管理学,3 [296/1025],否," BUSINESS, FINANCE 商业：财政与金融",3 [59/231],,,,,,,,,,,二级
Journal of Strategic Marketing,2025,0965-254X/1466-4488,否,否,否,ESCI,3.1,,管理学,3 [297/1025],否, BUSINESS 商业：管理,4 [114/302],,,,,,,,,,,二级
International Journal of Quality and Service Sciences,2025,1756-669X/1756-6703,否,否,否,ESCI,3.9,,管理学,3 [298/1025],否, MANAGEMENT 管理学,4 [155/404],,,,,,,,,,,二级
Journal of Corporate Law Studies,2025,1473-5970/1757-8426,否,否,否,SSCI,1.5,,管理学,3 [299/1025],否, LAW 法学,3 [53/427],,,,,,,,,,,二级
Benchmarking-An International Journal,2025,1463-5771/1758-4094,否,否,否,ESCI,4.4,,管理学,3 [300/1025],否, MANAGEMENT 管理学,4 [156/404],,,,,,,,,,,二级
European Journal of Management and Business Economics,2025,2444-8451/2444-8494,否,否,是,ESCI,3.7,,管理学,3 [301/1025],否, BUSINESS 商业：管理,4 [115/302],,,,,,,,,,,二级
INDUSTRIAL AND CORPORATE CHANGE,2025,0960-6491/1464-3650,否,否,否,SSCI,1.8,,管理学,3 [302/1025],否, ECONOMICS 经济学,3 [143/599], BUSINESS 商业：管理,4 [116/302], MANAGEMENT 管理学,4 [157/404],,,,,,,二级
Journal of Financial Reporting and Accounting,2025,1985-2517/2042-5856,否,否,否,ESCI,4.2,,管理学,3 [303/1025],否," BUSINESS, FINANCE 商业：财政与金融",3 [62/231],,,,,,,,,,,二级
Tourism Economics,2025,1354-8166/2044-0375,否,否,否,SSCI,3.2,,管理学,3 [304/1025],否, ECONOMICS 经济学,3 [145/599]," HOSPITALITY, LEISURE, SPORT & TOURISM 酒店、休闲、体育与旅游",4 [52/139],,,,,,,,,二级
Tourism Recreation Research,2025,0250-8281/2320-0308,否,否,否,ESCI,2.6,,管理学,3 [305/1025],否," HOSPITALITY, LEISURE, SPORT & TOURISM 酒店、休闲、体育与旅游",4 [53/139],,,,,,,,,,,二级
Sport Business and Management-An International Journal,2025,2042-678X/2042-6798,否,否,否,ESCI,1.7,,管理学,3 [306/1025],否," HOSPITALITY, LEISURE, SPORT & TOURISM 酒店、休闲、体育与旅游",4 [54/139],,,,,,,,,,,二级
JOURNAL OF BUSINESS & INDUSTRIAL MARKETING,2025,0885-8624/2052-1189,否,否,否,SSCI,4.3,,管理学,3 [307/1025],否, BUSINESS 商业：管理,4 [117/302],,,,,,,,,,,二级
Journal of Global Mobility-The Home of Expatriate Management Research,2025,2049-8799/2049-8802,否,否,否,ESCI,2,,管理学,3 [308/1025],否, MANAGEMENT 管理学,4 [158/404],,,,,,,,,,,二级
Administrative Sciences,2025,2076-3387/2076-3387,否,否,是,ESCI,3.1,,管理学,3 [309/1025],否, MANAGEMENT 管理学,4 [159/404],,,,,,,,,,,二级
EuroMed Journal of Business,2025,1450-2194/1758-888X,否,否,否,ESCI,3.9,,管理学,3 [310/1025],否, BUSINESS 商业：管理,4 [119/302],,,,,,,,,,,二级
LOCAL GOVERNMENT STUDIES,2025,0300-3930/1743-9388,否,否,否,SSCI,1.9,,管理学,3 [311/1025],否, POLITICAL SCIENCE 政治学,4 [117/317], PUBLIC ADMINISTRATION 公共管理,4 [34/91], REGIONAL & URBAN PLANNING 区域与城市规划,4 [22/54],,,,,,,二级
INTERNATIONAL JOURNAL OF AUDITING,2025,1090-6738/1099-1123,否,否,否,SSCI,1.4,,管理学,3 [312/1025],否," BUSINESS, FINANCE 商业：财政与金融",3 [65/231],,,,,,,,,,,二级
International Journal of Event and Festival Management,2025,1758-2954/1758-2962,否,否,否,ESCI,1.9,,管理学,3 [313/1025],否," HOSPITALITY, LEISURE, SPORT & TOURISM 酒店、休闲、体育与旅游",4 [56/139],,,,,,,,,,,二级
Asia Pacific Journal of Marketing and Logistics,2025,1355-5855/1758-4248,否,否,否,SSCI,5.1,,管理学,3 [314/1025],否, BUSINESS 商业：管理,4 [120/302],,,,,,,,,,,二级
Library Management,2025,0143-5124/1758-7921,否,否,否,ESCI,1.4,,管理学,3 [315/1025],否, INFORMATION SCIENCE & LIBRARY SCIENCE 图书情报与档案管理,3 [44/160],,,,,,,,,,,二级
International Journal of Tourism Cities,2025,2056-5607/2056-5615,否,否,否,ESCI,2.3,,管理学,3 [316/1025],否," HOSPITALITY, LEISURE, SPORT & TOURISM 酒店、休闲、体育与旅游",4 [57/139],,,,,,,,,,,二级
JOURNAL OF MANAGEMENT DEVELOPMENT,2025,0262-1711/1758-7492,否,否,否,ESCI,3.1,,管理学,3 [317/1025],否, MANAGEMENT 管理学,4 [160/404],,,,,,,,,,,二级
Journal of Organizational Effectiveness-People and Performance,2025,2051-6614/2051-6622,否,否,否,ESCI,3.3,,管理学,3 [318/1025],否, MANAGEMENT 管理学,4 [161/404],,,,,,,,,,,二级
INTERNATIONAL LABOUR REVIEW,2025,0020-7780/1564-913X,否,否,否,SSCI,2.6,,管理学,3 [319/1025],否, ECONOMICS 经济学,3 [154/599], INDUSTRIAL RELATIONS & LABOR 劳动关系学,4 [19/50],,,,,,,,,二级
Journal of Contingencies and Crisis Management,2025,0966-0879/1468-5973,否,否,否,SSCI,2.2,,管理学,3 [320/1025],否, MANAGEMENT 管理学,4 [162/404],,,,,,,,,,,二级
Public Policy and Administration,2025,0952-0767/1749-4192,否,否,否,SSCI,3.2,,管理学,3 [321/1025],否, PUBLIC ADMINISTRATION 公共管理,4 [36/91],,,,,,,,,,,二级
Australian Accounting Review,2025,1035-6908/1835-2561,否,否,否,SSCI,3.3,,管理学,3 [322/1025],否," BUSINESS, FINANCE 商业：财政与金融",3 [68/231],,,,,,,,,,,二级
Maritime Policy & Management,2025,0308-8839/1464-5254,否,否,否,SSCI,3.6,,管理学,3 [323/1025],否, TRANSPORTATION 交通运输,4 [25/58],,,,,,,,,,,二级
Sport Ethics and Philosophy,2025,1751-1321/1751-133X,否,否,否,ESCI,2.1,,管理学,3 [324/1025],否, ETHICS 伦理学,3 [20/77],,,,,,,,,,,二级
Marketing Intelligence & Planning,2025,0263-4503/1758-8049,否,否,否,SSCI,5.4,,管理学,3 [325/1025],否, BUSINESS 商业：管理,4 [121/302],,,,,,,,,,,二级
Annals of Leisure Research,2025,1174-5398/2159-6816,否,否,否,ESCI,2,,管理学,3 [326/1025],否," HOSPITALITY, LEISURE, SPORT & TOURISM 酒店、休闲、体育与旅游",4 [58/139],,,,,,,,,,,二级
Journal of Services Marketing,2025,0887-6045/0887-6045,否,否,否,SSCI,4.5,,管理学,3 [327/1025],否, BUSINESS 商业：管理,4 [122/302],,,,,,,,,,,二级
Accounting Horizons,2025,0888-7993/1558-7975,否,否,否,SSCI,2.2,,管理学,3 [328/1025],否," BUSINESS, FINANCE 商业：财政与金融",3 [70/231],,,,,,,,,,,二级
INTERNATIONAL REVIEW OF ADMINISTRATIVE SCIENCES,2025,0020-8523/1461-7226,否,否,否,SSCI,2.6,,管理学,3 [329/1025],否, PUBLIC ADMINISTRATION 公共管理,4 [37/91],,,,,,,,,,,二级
Journal of Contemporary Accounting & Economics,2025,1815-5669/1815-5669,否,否,否,SSCI,2.9,,管理学,3 [330/1025],否," BUSINESS, FINANCE 商业：财政与金融",3 [71/231], ECONOMICS 经济学,3 [158/599],,,,,,,,,二级
Tourism and Hospitality Research,2025,1467-3584/1742-9692,否,否,否,ESCI,2.8,,管理学,3 [331/1025],否," HOSPITALITY, LEISURE, SPORT & TOURISM 酒店、休闲、体育与旅游",4 [59/139],,,,,,,,,,,二级
German Journal of Human Resource Management-Zeitschrift fur Personalforschung,2025,2397-0022/2397-0030,否,否,否,SSCI,3.5,,管理学,3 [332/1025],否, MANAGEMENT 管理学,4 [165/404]," PSYCHOLOGY, APPLIED 心理学：应用",4 [49/112],,,,,,,,,二级
Electronic Markets,2025,1019-6781/1422-8890,否,否,否,SSCI,6.8,,管理学,3 [333/1025],否, BUSINESS 商业：管理,4 [123/302], MANAGEMENT 管理学,4 [166/404],,,,,,,,,二级
Management Revue,2025,0935-9915/1861-9908,否,否,否,ESCI,1.7,中国SCI期刊支持计划,管理学,3 [334/1025],否, MANAGEMENT 管理学,3 [123/404],,,,,,,,,,,二级
Construction Management and Economics,2025,0144-6193/1466-433X,否,否,否,ESCI,3.3,,管理学,4 [335/1025],否, BUSINESS 商业：管理,4 [124/302],,,,,,,,,,,三级
Asian Review of Accounting,2025,1321-7348/1758-8863,否,否,否,ESCI,1.9,,管理学,4 [336/1025],否," BUSINESS, FINANCE 商业：财政与金融",3 [72/231],,,,,,,,,,,三级
EMPLOYEE RELATIONS,2025,0142-5455/1758-7069,否,否,否,SSCI,3.2,,管理学,4 [337/1025],否, INDUSTRIAL RELATIONS & LABOR 劳动关系学,4 [20/50], MANAGEMENT 管理学,4 [167/404],,,,,,,,,三级
Place Branding and Public Diplomacy,2025,1751-8040/1751-8059,否,否,否,ESCI,1.9,,管理学,4 [338/1025],否," HOSPITALITY, LEISURE, SPORT & TOURISM 酒店、休闲、体育与旅游",4 [61/139],,,,,,,,,,,三级
Aslib Journal of Information Management,2025,2050-3806/1758-3748,否,否,否,SSCI;SCIE,3.1,,管理学,4 [339/1025],否," COMPUTER SCIENCE, INFORMATION SYSTEMS 计算机：信息系统",3 [77/249], INFORMATION SCIENCE & LIBRARY SCIENCE 图书情报与档案管理,3 [46/160],,,,,,,,,三级
Public Performance & Management Review,2025,1530-9576/1557-9271,否,否,否,SSCI,2.8,,管理学,4 [340/1025],否, PUBLIC ADMINISTRATION 公共管理,4 [39/91],,,,,,,,,,,三级
European Accounting Review,2025,0963-8180/1468-4497,否,否,否,SSCI,2.7,,管理学,4 [341/1025],否," BUSINESS, FINANCE 商业：财政与金融",3 [73/231],,,,,,,,,,,三级
International Journal of Educational Management,2025,0951-354X/1758-6518,否,否,否,ESCI,2.4,,管理学,4 [342/1025],否, MANAGEMENT 管理学,4 [168/404],,,,,,,,,,,三级
REFERENCE SERVICES REVIEW,2025,0090-7324/2054-1716,否,否,否,SSCI,1,,管理学,4 [343/1025],否, INFORMATION SCIENCE & LIBRARY SCIENCE 图书情报与档案管理,3 [47/160],,,,,,,,,,,三级
JOURNAL OF FOOD PRODUCTS MARKETING,2025,1045-4446/1540-4102,否,否,否,ESCI,2.4,,管理学,4 [344/1025],否, BUSINESS 商业：管理,4 [126/302],,,,,,,,,,,三级
International Journal of Gender and Entrepreneurship,2025,1756-6266/1756-6274,否,否,否,ESCI,3.4,,管理学,4 [345/1025],否, BUSINESS 商业：管理,4 [127/302],,,,,,,,,,,三级
INTERNATIONAL JOURNAL OF SELECTION AND ASSESSMENT,2025,0965-075X/1468-2389,否,否,否,SSCI,2.4,,管理学,4 [346/1025],否, MANAGEMENT 管理学,4 [170/404]," PSYCHOLOGY, APPLIED 心理学：应用",4 [53/112],,,,,,,,,三级
OPERATIONS RESEARCH,2025,0030-364X,否,否,否,SSCI;SCIE,2.6,,管理学,4 [347/1025],否, OPERATIONS RESEARCH & MANAGEMENT SCIENCE 运筹学与管理科学,3 [33/106], MANAGEMENT 管理学,4 [171/404],,,,,,,,,三级
Operations Management Research,2025,1936-9735/1936-9743,否,否,否,SSCI,5.3,,管理学,4 [348/1025],否, MANAGEMENT 管理学,4 [172/404],,,,,,,,,,,三级
New Review of Academic Librarianship,2025,1361-4533/1740-7834,否,否,否,ESCI,2.3,,管理学,4 [349/1025],否, INFORMATION SCIENCE & LIBRARY SCIENCE 图书情报与档案管理,4 [48/160],,,,,,,,,,,三级
Baltic Journal of Management,2025,1746-5265/1746-5273,否,否,否,SSCI,2.5,,管理学,4 [350/1025],否, MANAGEMENT 管理学,4 [173/404],,,,,,,,,,,三级
Knowledge and Process Management,2025,1092-4604/1099-1441,否,否,否,ESCI,1.7,,管理学,4 [351/1025],否, MANAGEMENT 管理学,4 [174/404],,,,,,,,,,,三级
Journal of Managerial Psychology,2025,0268-3946/1758-7778,否,否,否,SSCI,2.7,,管理学,4 [352/1025],否, MANAGEMENT 管理学,4 [175/404]," PSYCHOLOGY, APPLIED 心理学：应用",4 [55/112],,,,,,,,,三级
Journal of Small Business and Enterprise Development,2025,1462-6004/1758-7840,否,否,否,ESCI,3.6,,管理学,4 [353/1025],否, BUSINESS 商业：管理,4 [128/302],,,,,,,,,,,三级
International Transactions in Operational Research,2025,0969-6016/1475-3995,否,否,否,SSCI;SCIE,2.9,,管理学,4 [354/1025],否, OPERATIONS RESEARCH & MANAGEMENT SCIENCE 运筹学与管理科学,3 [34/106], MANAGEMENT 管理学,4 [176/404],,,,,,,,,三级
Future Business Journal,2025,2314-7202/2314-7210,否,否,是,ESCI,2.7,,管理学,4 [355/1025],否, BUSINESS 商业：管理,4 [129/302],,,,,,,,,,,三级
JOURNAL OF CONSUMER MARKETING,2025,0736-3761/2052-1200,否,否,否,ESCI,3.3,,管理学,4 [356/1025],否, BUSINESS 商业：管理,4 [130/302],,,,,,,,,,,三级
Tourist Studies,2025,1468-7976/1741-3206,否,否,否,SSCI,2.3,,管理学,4 [357/1025],否," HOSPITALITY, LEISURE, SPORT & TOURISM 酒店、休闲、体育与旅游",4 [63/139],,,,,,,,,,,三级
Cornell Hospitality Quarterly,2025,1938-9655/1938-9663,否,否,否,SSCI,3,,管理学,4 [358/1025],否," HOSPITALITY, LEISURE, SPORT & TOURISM 酒店、休闲、体育与旅游",4 [64/139], MANAGEMENT 管理学,4 [178/404], SOCIOLOGY 社会学,4 [95/216],,,,,,,三级
Consumption Markets & Culture,2025,1025-3866/1477-223X,否,否,否,SSCI,2.3,,管理学,4 [359/1025],否, BUSINESS 商业：管理,4 [131/302],,,,,,,,,,,三级
Learning Organization,2025,0969-6474/1758-7905,否,否,否,ESCI,2.7,,管理学,4 [360/1025],否, MANAGEMENT 管理学,4 [179/404],,,,,,,,,,,三级
Journal of Islamic Marketing,2025,1759-0833/1759-0841,否,否,否,ESCI,4.7,,管理学,4 [361/1025],否, BUSINESS 商业：管理,4 [132/302],,,,,,,,,,,三级
International Public Management Journal,2025,1096-7494/1559-3169,否,否,否,SSCI,3,,管理学,4 [362/1025],否, PUBLIC ADMINISTRATION 公共管理,4 [41/91],,,,,,,,,,,三级
Review of Policy Research,2025,1541-132X/1541-1338,否,否,否,SSCI,3.2,,管理学,4 [363/1025],否, POLITICAL SCIENCE 政治学,4 [142/317], PUBLIC ADMINISTRATION 公共管理,4 [42/91],,,,,,,,,三级
Journal of Policy Research in Tourism Leisure and Events,2025,1940-7963/1940-7971,否,否,否,ESCI,2,,管理学,4 [364/1025],否," HOSPITALITY, LEISURE, SPORT & TOURISM 酒店、休闲、体育与旅游",4 [65/139],,,,,,,,,,,三级
EURO Journal on Decision Processes,2025,2193-9438/2193-9446,否,否,是,ESCI,2.1,,管理学,4 [365/1025],否, MANAGEMENT 管理学,4 [180/404],,,,,,,,,,,三级
ANNALS OF OPERATIONS RESEARCH,2025,0254-5330/1572-9338,否,否,否,SCIE,4.5,,管理学,4 [366/1025],否, OPERATIONS RESEARCH & MANAGEMENT SCIENCE 运筹学与管理科学,3 [35/106],,,,,,,,,,,三级
Management Research Review,2025,2040-8269/2040-8277,否,否,否,ESCI,3.5,,管理学,4 [367/1025],否, MANAGEMENT 管理学,4 [181/404],,,,,,,,,,,三级
Qualitative Research in Accounting and Management,2025,1176-6093/1758-7654,否,否,否,SSCI,3.1,,管理学,4 [368/1025],否," BUSINESS, FINANCE 商业：财政与金融",4 [79/231], MANAGEMENT 管理学,4 [182/404],,,,,,,,,三级
International Journal of Disclosure and Governance,2025,1741-3591/1746-6539,否,否,否,ESCI,2.4,,管理学,4 [369/1025],否, MANAGEMENT 管理学,4 [183/404],,,,,,,,,,,三级
Journal of Entrepreneurship,2025,0971-3557/0973-0745,否,否,否,ESCI,1.9,,管理学,4 [370/1025],否, BUSINESS 商业：管理,4 [135/302],,,,,,,,,,,三级
Journal of Sports Economics,2025,1527-0025/1552-7794,否,否,否,SSCI,1.5,,管理学,4 [371/1025],否, ECONOMICS 经济学,3 [185/599]," HOSPITALITY, LEISURE, SPORT & TOURISM 酒店、休闲、体育与旅游",4 [66/139],,,,,,,,,三级
Social Enterprise Journal,2025,1750-8614/1750-8533,否,否,否,ESCI,3.5,,管理学,4 [372/1025],否, BUSINESS 商业：管理,4 [136/302],,,,,,,,,,,三级
Innovation & Management Review,2025,2515-8961/2515-8961,否,否,是,ESCI,3.4,,管理学,4 [373/1025],否, MANAGEMENT 管理学,4 [184/404],,,,,,,,,,,三级
Publications,2025,2304-6775/2304-6775,否,否,是,ESCI,2.5,,管理学,4 [374/1025],否, INFORMATION SCIENCE & LIBRARY SCIENCE 图书情报与档案管理,4 [49/160],,,,,,,,,,,三级
Transforming Government- People Process and Policy,2025,1750-6166/1750-6174,否,否,否,ESCI,2.6,,管理学,4 [375/1025],否, INFORMATION SCIENCE & LIBRARY SCIENCE 图书情报与档案管理,4 [50/160],,,,,,,,,,,三级
Journal of Co-operative Organization and Management,2025,2213-297X/2213-2988,否,否,否,ESCI,2.5,,管理学,4 [376/1025],否, MANAGEMENT 管理学,4 [185/404],,,,,,,,,,,三级
Journal of Social Marketing,2025,2042-6763/2042-6771,否,否,否,SSCI,2.6,,管理学,4 [377/1025],否, BUSINESS 商业：管理,4 [137/302],,,,,,,,,,,三级
Leadership,2025,1742-7150/1742-7169,否,否,否,SSCI,2.2,,管理学,4 [378/1025],否, MANAGEMENT 管理学,4 [186/404],,,,,,,,,,,三级
TOTAL QUALITY MANAGEMENT & BUSINESS EXCELLENCE,2025,1478-3363/1478-3371,否,否,否,SSCI,4.8,,管理学,4 [379/1025],否, MANAGEMENT 管理学,4 [187/404],,,,,,,,,,,三级
Gender in Management,2025,1754-2413/1754-2421,否,否,否,SSCI,2.6,,管理学,4 [380/1025],否, WOMENS STUDIES 女性研究,3 [21/66], BUSINESS 商业：管理,4 [138/302], MANAGEMENT 管理学,4 [188/404],,,,,,,三级
Management Communication Quarterly,2025,0893-3189/1552-6798,否,否,否,SSCI,2.4,,管理学,4 [381/1025],否, COMMUNICATION 传播学,4 [80/223], MANAGEMENT 管理学,4 [189/404],,,,,,,,,三级
Cogent Business & Management,2025,2331-1975/2331-1975,否,否,是,ESCI,2.9,,管理学,4 [382/1025],否, BUSINESS 商业：管理,4 [139/302],,,,,,,,,,,三级
Journal of Financial Services Marketing,2025,1363-0539/1479-1846,否,否,否,ESCI,4.3,,管理学,4 [383/1025],否, BUSINESS 商业：管理,4 [140/302],,,,,,,,,,,三级
Journal of Marketing Theory and Practice,2025,1069-6679/1944-7175,否,否,否,ESCI,5.3,,管理学,4 [384/1025],否, BUSINESS 商业：管理,4 [141/302],,,,,,,,,,,三级
Society and Business Review,2025,1746-5680/1746-5699,否,否,否,ESCI,4.6,,管理学,4 [385/1025],否, BUSINESS 商业：管理,4 [142/302],,,,,,,,,,,三级
Science and Public Policy,2025,0302-3427/1471-5430,否,否,否,SSCI,2.3,,管理学,4 [386/1025],否, ENVIRONMENTAL STUDIES 环境研究,4 [86/183], MANAGEMENT 管理学,4 [190/404], PUBLIC ADMINISTRATION 公共管理,4 [43/91],,,,,,,三级
Information and Learning Sciences,2025,2398-5348/2398-5356,否,否,否,ESCI,2.2,,管理学,4 [387/1025],否, INFORMATION SCIENCE & LIBRARY SCIENCE 图书情报与档案管理,4 [52/160],,,,,,,,,,,三级
JOURNAL OF LIBRARIANSHIP AND INFORMATION SCIENCE,2025,0961-0006/1741-6477,否,否,否,SSCI,2.1,,管理学,4 [388/1025],否, INFORMATION SCIENCE & LIBRARY SCIENCE 图书情报与档案管理,4 [53/160],,,,,,,,,,,三级
Journal of Industrial Relations,2025,0022-1856/1472-9296,否,否,否,SSCI,2.6,,管理学,4 [389/1025],否, INDUSTRIAL RELATIONS & LABOR 劳动关系学,4 [21/50],,,,,,,,,,,三级
Visitor Studies,2025,1064-5578/1934-7715,否,否,否,ESCI,1.9,,管理学,4 [390/1025],否," HOSPITALITY, LEISURE, SPORT & TOURISM 酒店、休闲、体育与旅游",4 [68/139],,,,,,,,,,,三级
International Journal of Training and Development,2025,1360-3736/1468-2419,否,否,否,ESCI,1.5,,管理学,4 [391/1025],否, MANAGEMENT 管理学,4 [191/404],,,,,,,,,,,三级
International Journal of Hospitality & Tourism Administration,2025,1525-6480/1525-6499,否,否,否,ESCI,2.7,,管理学,4 [392/1025],否," HOSPITALITY, LEISURE, SPORT & TOURISM 酒店、休闲、体育与旅游",4 [69/139],,,,,,,,,,,三级
Policy Design and Practice,2025,2574-1292/2574-1292,否,否,是,ESCI,2.6,,管理学,4 [393/1025],否, PUBLIC ADMINISTRATION 公共管理,4 [44/91],,,,,,,,,,,三级
International Journal on Digital Libraries,2025,1432-5012/1432-1300,否,否,否,ESCI,1.7,,管理学,4 [394/1025],否, INFORMATION SCIENCE & LIBRARY SCIENCE 图书情报与档案管理,4 [54/160],,,,,,,,,,,三级
Venture Capital,2025,1369-1066/1464-5343,否,否,否,SSCI,2.3,,管理学,4 [395/1025],否," BUSINESS, FINANCE 商业：财政与金融",4 [84/231],,,,,,,,,,,三级
Innovation-Organization & Management,2025,1447-9338/2204-0226,否,否,否,SSCI,1.8,,管理学,4 [396/1025],否, MANAGEMENT 管理学,4 [192/404],,,,,,,,,,,三级
Abacus-A Journal of Accounting Finance and Business Studies,2025,0001-3072/1467-6281,否,否,否,SSCI,2.3,,管理学,4 [397/1025],否," BUSINESS, FINANCE 商业：财政与金融",4 [85/231],,,,,,,,,,,三级
International Journal of Managing Projects in Business,2025,1753-8378/1753-8386,否,否,否,SSCI,3.1,,管理学,4 [398/1025],否, BUSINESS 商业：管理,4 [143/302], MANAGEMENT 管理学,4 [193/404],,,,,,,,,三级
PUBLIC MONEY & MANAGEMENT,2025,0954-0962/1467-9302,否,否,否,SSCI,2.1,,管理学,4 [399/1025],否, PUBLIC ADMINISTRATION 公共管理,4 [45/91],,,,,,,,,,,三级
International Journal of Productivity and Performance Management,2025,1741-0401/1758-6658,否,否,否,ESCI,3.5,,管理学,4 [400/1025],否, MANAGEMENT 管理学,4 [194/404],,,,,,,,,,,三级
Public Library Quarterly,2025,0161-6846/1541-1540,否,否,否,ESCI,1.6,,管理学,4 [401/1025],否, INFORMATION SCIENCE & LIBRARY SCIENCE 图书情报与档案管理,4 [55/160],,,,,,,,,,,三级
Scandinavian Journal of Management,2025,0956-5221/1873-3387,否,否,否,SSCI,2.5,,管理学,4 [402/1025],否, MANAGEMENT 管理学,4 [195/404],,,,,,,,,,,三级
Journal of Internet Commerce,2025,1533-2861/1533-287X,否,否,否,ESCI,4.3,,管理学,4 [403/1025],否, BUSINESS 商业：管理,4 [144/302],,,,,,,,,,,三级
Journal of Philanthropy and Marketing,2025,2691-1361/2691-1361,否,否,否,ESCI,1.4,,管理学,4 [404/1025],否, BUSINESS 商业：管理,4 [145/302],,,,,,,,,,,三级
Managing Sport and Leisure,2025,2375-0472/2375-0480,否,否,否,ESCI,1.8,,管理学,4 [405/1025],否, MANAGEMENT 管理学,4 [196/404],,,,,,,,,,,三级
JOURNAL OF ORGANIZATIONAL CHANGE MANAGEMENT,2025,0953-4814/1758-7816,否,否,否,SSCI,2.7,,管理学,4 [406/1025],否, MANAGEMENT 管理学,4 [197/404],,,,,,,,,,,三级
LIBRARY QUARTERLY,2025,0024-2519/1549-652X,否,否,否,SSCI,1.5,,管理学,4 [407/1025],否, INFORMATION SCIENCE & LIBRARY SCIENCE 图书情报与档案管理,4 [56/160],,,,,,,,,,,三级
BEHAVIOUR & INFORMATION TECHNOLOGY,2025,0144-929X/1362-3001,否,否,否,SSCI;SCIE,3.1,,管理学,4 [408/1025],否," COMPUTER SCIENCE, CYBERNETICS 计算机：控制论",4 [14/32], ERGONOMICS 人体工程学,4 [11/24],,,,,,,,,三级
Sport in Society,2025,1743-0437/1743-0445,否,否,否,SSCI,1.7,,管理学,4 [409/1025],否," HOSPITALITY, LEISURE, SPORT & TOURISM 酒店、休闲、体育与旅游",4 [70/139], SOCIOLOGY 社会学,4 [109/216],,,,,,,,,三级
World Patent Information,2025,0172-2190/1874-690X,否,否,否,ESCI,1.9,,管理学,4 [410/1025],否, INFORMATION SCIENCE & LIBRARY SCIENCE 图书情报与档案管理,4 [57/160],,,,,,,,,,,三级
Journal of the Association for Consumer Research,2025,2378-1815/2378-1823,否,否,否,ESCI,2.2,,管理学,4 [411/1025],否, BUSINESS 商业：管理,4 [146/302]," PSYCHOLOGY, APPLIED 心理学：应用",4 [62/112],,,,,,,,,三级
AUSTRALIAN JOURNAL OF PUBLIC ADMINISTRATION,2025,0313-6647/1467-8500,否,否,否,SSCI,2.1,,管理学,4 [412/1025],否, PUBLIC ADMINISTRATION 公共管理,4 [48/91],,,,,,,,,,,三级
GROUP DECISION AND NEGOTIATION,2025,0926-2644/1572-9907,否,否,否,SSCI,2.5,,管理学,4 [413/1025],否," SOCIAL SCIENCES, INTERDISCIPLINARY 社会科学：跨领域",3 [70/263], MANAGEMENT 管理学,4 [198/404],,,,,,,,,三级
Journal of Management & Organization,2025,1833-3672/1839-3527,否,否,否,SSCI,2.8,,管理学,4 [414/1025],否, MANAGEMENT 管理学,4 [199/404],,,,,,,,,,,三级
Journal of Decision Systems,2025,1246-0125/2116-7052,否,否,否,ESCI,4.3,,管理学,4 [415/1025],否, OPERATIONS RESEARCH & MANAGEMENT SCIENCE 运筹学与管理科学,3 [42/106],,,,,,,,,,,三级
Journal of Management and Governance,2025,1385-3457/1572-963X,否,否,否,ESCI,4,,管理学,4 [416/1025],否, MANAGEMENT 管理学,4 [200/404],,,,,,,,,,,三级
International Journal of Emerging Markets,2025,1746-8809/1746-8817,否,否,否,SSCI,3,,管理学,4 [417/1025],否, BUSINESS 商业：管理,4 [148/302], ECONOMICS 经济学,4 [217/599], MANAGEMENT 管理学,4 [201/404],,,,,,,三级
Strategy Science,2025,2333-2050/2333-2077,否,否,否,ESCI,3.4,,管理学,4 [418/1025],否, MANAGEMENT 管理学,4 [202/404],,,,,,,,,,,三级
Journal of Professions and Organization,2025,2051-8803/2051-8811,否,否,否,ESCI,2.2,,管理学,4 [419/1025],否, MANAGEMENT 管理学,4 [203/404],,,,,,,,,,,三级
Journal of Fashion Marketing and Management,2025,1361-2026/1758-7433,否,否,否,SSCI,3.3,,管理学,4 [420/1025],否, BUSINESS 商业：管理,4 [149/302], MANAGEMENT 管理学,4 [204/404],,,,,,,,,三级
International Review of Retail Distribution and Consumer Research,2025,0959-3969/1466-4402,否,否,否,ESCI,3,,管理学,4 [421/1025],否, BUSINESS 商业：管理,4 [150/302],,,,,,,,,,,三级
Journal of Advances in Management Research,2025,0972-7981/2049-3207,否,否,否,ESCI,2.6,,管理学,4 [422/1025],否, MANAGEMENT 管理学,4 [205/404],,,,,,,,,,,三级
Knowledge Management Research & Practice,2025,1477-8238/1477-8246,否,否,否,SSCI,3.8,,管理学,4 [423/1025],否, INFORMATION SCIENCE & LIBRARY SCIENCE 图书情报与档案管理,4 [58/160], MANAGEMENT 管理学,4 [206/404],,,,,,,,,三级
Journal of Global Operations and Strategic Sourcing,2025,2398-5364/2398-5364,否,否,否,ESCI,2.7,,管理学,4 [424/1025],否, MANAGEMENT 管理学,4 [207/404],,,,,,,,,,,三级
Review of International Business and Strategy,2025,2059-6014/1758-8529,否,否,否,ESCI,3.3,,管理学,4 [425/1025],否, BUSINESS 商业：管理,4 [152/302],,,,,,,,,,,三级
International Journal of Innovation Science,2025,1757-2223/1757-2231,否,否,否,ESCI,2.9,,管理学,4 [426/1025],否, BUSINESS 商业：管理,4 [153/302],,,,,,,,,,,三级
Management and Organization Review,2025,1740-8776/1740-8784,否,否,否,SSCI,3,,管理学,4 [427/1025],否, MANAGEMENT 管理学,4 [208/404],,,,,,,,,,,三级
Strategic Change-Briefings in Entrepreneurial Finance,2025,1086-1718/1099-1697,否,否,否,ESCI,4,,管理学,4 [428/1025],否," BUSINESS, FINANCE 商业：财政与金融",4 [89/231],,,,,,,,,,,三级
Electronic Commerce Research,2025,1389-5753/1572-9362,否,否,否,SSCI,4.7,,管理学,4 [429/1025],否, BUSINESS 商业：管理,4 [154/302], MANAGEMENT 管理学,4 [209/404],,,,,,,,,三级
LABOR HISTORY,2025,0023-656X/1469-9702,否,否,否,SSCI;AHCI,0.7,,管理学,4 [430/1025],否, HISTORY 历史学,3 [84/523], HISTORY OF SOCIAL SCIENCES 社会科学史,3 [16/42], INDUSTRIAL RELATIONS & LABOR 劳动关系学,4 [22/50],,,,,,,三级
Journal of Global Responsibility,2025,2041-2568/2041-2576,否,否,否,ESCI,3.9,,管理学,4 [431/1025],否, MANAGEMENT 管理学,4 [210/404],,,,,,,,,,,三级
European Journal of Social Security,2025,1388-2627/2399-2948,否,否,否,ESCI,1.7,,管理学,4 [432/1025],否, PUBLIC ADMINISTRATION 公共管理,4 [50/91],,,,,,,,,,,三级
Journal of Academic Ethics,2025,1570-1727/1572-8544,否,否,否,ESCI,3.3,,管理学,4 [433/1025],否, ETHICS 伦理学,3 [33/77],,,,,,,,,,,三级
International Journal of Organizational Analysis,2025,1934-8835/1758-8561,否,否,否,ESCI,2.9,,管理学,4 [434/1025],否, MANAGEMENT 管理学,4 [211/404],,,,,,,,,,,三级
VINE Journal of Information and Knowledge Management Systems,2025,2059-5891/1474-1032,否,否,否,ESCI,2.9,,管理学,4 [435/1025],否, INFORMATION SCIENCE & LIBRARY SCIENCE 图书情报与档案管理,4 [59/160], MANAGEMENT 管理学,4 [212/404],,,,,,,,,三级
International Journal of Strategic Property Management,2025,1648-715X/1648-9179,否,否,是,SSCI,1.7,,管理学,4 [436/1025],否, MANAGEMENT 管理学,4 [213/404],,,,,,,,,,,三级
Accounting Research Journal,2025,1030-9616/1839-5465,否,否,否,ESCI,2.1,,管理学,4 [437/1025],否," BUSINESS, FINANCE 商业：财政与金融",4 [92/231],,,,,,,,,,,三级
Journal of Social Entrepreneurship,2025,1942-0676/1942-0684,否,否,否,ESCI,1.8,,管理学,4 [438/1025],否, BUSINESS 商业：管理,4 [155/302],,,,,,,,,,,三级
Journal of Entrepreneurship in Emerging Economies,2025,2053-4604/2053-4612,否,否,否,ESCI,3,,管理学,4 [439/1025],否, BUSINESS 商业：管理,4 [156/302],,,,,,,,,,,三级
Journal of Business Finance & Accounting,2025,0306-686X/1468-5957,否,否,否,SSCI,2.4,,管理学,4 [440/1025],否," BUSINESS, FINANCE 商业：财政与金融",4 [93/231],,,,,,,,,,,三级
BRITISH JOURNAL OF INDUSTRIAL RELATIONS,2025,0007-1080/1467-8543,否,否,否,SSCI,2.2,,管理学,4 [441/1025],否, INDUSTRIAL RELATIONS & LABOR 劳动关系学,4 [23/50],,,,,,,,,,,三级
Journal of Macromarketing,2025,0276-1467/1552-6534,否,否,否,SSCI,2.3,,管理学,4 [442/1025],否, BUSINESS 商业：管理,4 [157/302],,,,,,,,,,,三级
International Journal of Cross Cultural Management,2025,1470-5958/1741-2838,否,否,否,ESCI,2.4,,管理学,4 [443/1025],否, MANAGEMENT 管理学,4 [214/404],,,,,,,,,,,三级
Review of Accounting and Finance,2025,1475-7702/1758-7700,否,否,否,ESCI,2.7,,管理学,4 [444/1025],否," BUSINESS, FINANCE 商业：财政与金融",4 [95/231],,,,,,,,,,,三级
Journal of Entrepreneurship Management and Innovation,2025,2299-7075/2299-7326,否,否,是,ESCI,2.4,,管理学,4 [445/1025],否, BUSINESS 商业：管理,4 [159/302],,,,,,,,,,,三级
Pacific Accounting Review,2025,0114-0582/2041-5494,否,否,否,ESCI,2.5,,管理学,4 [446/1025],否," BUSINESS, FINANCE 商业：财政与金融",4 [96/231],,,,,,,,,,,三级
Critical Perspectives on International Business,2025,1742-2043/1758-6062,否,否,否,ESCI,2.3,,管理学,4 [447/1025],否, BUSINESS 商业：管理,4 [160/302],,,,,,,,,,,三级
Accounting and Finance,2025,0810-5391/1467-629X,否,否,否,SSCI,2.6,,管理学,4 [448/1025],否," BUSINESS, FINANCE 商业：财政与金融",4 [97/231],,,,,,,,,,,三级
Journal of the Australian Library and Information Association,2025,2475-0158/2475-0166,否,否,否,SSCI,2.6,,管理学,4 [449/1025],否, INFORMATION SCIENCE & LIBRARY SCIENCE 图书情报与档案管理,4 [60/160],,,,,,,,,,,三级
Journal of Research in Marketing and Entrepreneurship,2025,1471-5201/1471-521X,否,否,否,ESCI,3.1,,管理学,4 [450/1025],否, BUSINESS 商业：管理,4 [161/302],,,,,,,,,,,三级
Journal of Management Control,2025,2191-4761/2191-477X,否,否,否,ESCI,3.6,,管理学,4 [451/1025],否, MANAGEMENT 管理学,4 [216/404],,,,,,,,,,,三级
Journal of Humanitarian Logistics and Supply Chain Management,2025,2042-6747/2042-6755,否,否,是,ESCI,2.8,,管理学,4 [452/1025],否, MANAGEMENT 管理学,4 [218/404],,,,,,,,,,,三级
ECONOMIC AND INDUSTRIAL DEMOCRACY,2025,0143-831X/1461-7099,否,否,否,SSCI,2.3,,管理学,4 [453/1025],否, INDUSTRIAL RELATIONS & LABOR 劳动关系学,4 [24/50],,,,,,,,,,,三级
International Journal of Management Science and Engineering Management,2025,1750-9653/1750-9661,否,否,否,ESCI,2.6,,管理学,4 [454/1025],否, OPERATIONS RESEARCH & MANAGEMENT SCIENCE 运筹学与管理科学,3 [44/106],,,,,,,,,,,三级
Action Research,2025,1476-7503/1741-2617,否,否,否,SSCI,2.1,,管理学,4 [455/1025],否, MANAGEMENT 管理学,4 [219/404]," SOCIAL SCIENCES, INTERDISCIPLINARY 社会科学：跨领域",4 [83/263],,,,,,,,,三级
Science Technology and Society,2025,0971-7218/0973-0796,否,否,否,SSCI,1.9,,管理学,4 [456/1025],否, MANAGEMENT 管理学,4 [220/404],,,,,,,,,,,三级
Australasian Marketing Journal,2025,1441-3582/1839-3349,否,否,否,ESCI,3.8,,管理学,4 [457/1025],否, BUSINESS 商业：管理,4 [162/302],,,,,,,,,,,三级
Information Discovery and Delivery,2025,2398-6247,否,否,否,ESCI,2.6,,管理学,4 [458/1025],否, INFORMATION SCIENCE & LIBRARY SCIENCE 图书情报与档案管理,4 [61/160],,,,,,,,,,,三级
Journal of Organization Design,2025,2245-408X/2245-408X,否,否,否,ESCI,1.7,,管理学,4 [459/1025],否, BUSINESS 商业：管理,4 [163/302], MANAGEMENT 管理学,4 [221/404],,,,,,,,,三级
INTERNATIONAL JOURNAL OF MARKET RESEARCH,2025,1470-7853/2515-2173,否,否,否,SSCI,1.4,,管理学,4 [460/1025],否, BUSINESS 商业：管理,4 [164/302],,,,,,,,,,,三级
Journal of Management Analytics,2025,2327-0012/2327-0039,否,否,否,SSCI,4.5,,管理学,4 [461/1025],否," SOCIAL SCIENCES, MATHEMATICAL METHODS 社会科学：数理方法",3 [28/67], BUSINESS 商业：管理,4 [165/302], MANAGEMENT 管理学,4 [222/404],,,,,,,三级
IJISPM-International Journal of Information Systems and Project Management,2025,2182-7796/2182-7788,否,否,是,ESCI,2.9,,管理学,4 [462/1025],否, MANAGEMENT 管理学,4 [223/404],,,,,,,,,,,三级
Competitiveness Review,2025,1059-5422/2051-3143,否,否,否,ESCI,3.2,,管理学,4 [463/1025],否, BUSINESS 商业：管理,4 [166/302],,,,,,,,,,,三级
Journal of Place Management and Development,2025,1753-8335/1753-8343,否,否,否,ESCI,1.6,,管理学,4 [464/1025],否," HOSPITALITY, LEISURE, SPORT & TOURISM 酒店、休闲、体育与旅游",4 [71/139],,,,,,,,,,,三级
Tourism & Management Studies,2025,2182-8458/2182-8466,否,否,是,ESCI,4.3,,管理学,4 [465/1025],否," HOSPITALITY, LEISURE, SPORT & TOURISM 酒店、休闲、体育与旅游",4 [72/139],,,,,,,,,,,三级
International Journal of Culture Tourism and Hospitality Research,2025,1750-6182/1750-6190,否,否,否,ESCI,,,管理学,4 [466/1025],否," HOSPITALITY, LEISURE, SPORT & TOURISM 酒店、休闲、体育与旅游",4 [73/139],,,,,,,,,,,三级
World Leisure Journal,2025,1607-8055/2333-4509,否,否,否,ESCI,2,,管理学,4 [467/1025],否," HOSPITALITY, LEISURE, SPORT & TOURISM 酒店、休闲、体育与旅游",4 [74/139],,,,,,,,,,,三级
Culture and Organization,2025,1475-9551/1477-2760,否,否,否,SSCI,1.5,,管理学,4 [468/1025],否, MANAGEMENT 管理学,4 [224/404],,,,,,,,,,,三级
Journal of Marketing Analytics,2025,2050-3318/2050-3326,否,否,否,ESCI,3.5,,管理学,4 [469/1025],否, BUSINESS 商业：管理,4 [167/302],,,,,,,,,,,三级
Journal of Quality Assurance in Hospitality & Tourism,2025,1528-008X/1528-0098,否,否,否,ESCI,2.3,,管理学,4 [470/1025],否," HOSPITALITY, LEISURE, SPORT & TOURISM 酒店、休闲、体育与旅游",4 [75/139],,,,,,,,,,,三级
International Journal of Logistics-Research and Applications,2025,1367-5567/1469-848X,否,否,否,SSCI,4.9,,管理学,4 [471/1025],否, MANAGEMENT 管理学,4 [225/404],,,,,,,,,,,三级
Maritime Economics & Logistics,2025,1479-2931/1479-294X,否,否,否,SSCI,4.8,,管理学,4 [472/1025],否, TRANSPORTATION 交通运输,4 [37/58],,,,,,,,,,,三级
European Journal of Training and Development,2025,2046-9012/2046-9020,否,否,否,ESCI,2.8,,管理学,4 [473/1025],否, MANAGEMENT 管理学,4 [226/404],,,,,,,,,,,三级
Journal of Global Information Technology Management,2025,1097-198X/2333-6846,否,否,否,SSCI,2.6,,管理学,4 [474/1025],否, INFORMATION SCIENCE & LIBRARY SCIENCE 图书情报与档案管理,4 [62/160],,,,,,,,,,,三级
EVENT MANAGEMENT,2025,1525-9951/1943-4308,否,否,否,ESCI,1.5,,管理学,4 [475/1025],否," HOSPITALITY, LEISURE, SPORT & TOURISM 酒店、休闲、体育与旅游",4 [77/139],,,,,,,,,,,三级
Journal of Global Marketing,2025,0891-1762/1528-6975,否,否,否,ESCI,4.3,,管理学,4 [476/1025],否, BUSINESS 商业：管理,4 [169/302],,,,,,,,,,,三级
MARKETING LETTERS,2025,0923-0645/1573-059X,否,否,否,SSCI,2.5,,管理学,4 [477/1025],否, BUSINESS 商业：管理,4 [170/302],,,,,,,,,,,三级
Journal for Labour Market Research,2025,2510-5019/2510-5027,否,否,是,ESCI,1.7,,管理学,4 [478/1025],否, INDUSTRIAL RELATIONS & LABOR 劳动关系学,4 [25/50],,,,,,,,,,,三级
Cleaner and Responsible Consumption,2025,2666-7843/2666-7843,否,否,是,ESCI,5.3,,管理学,4 [479/1025],否, ENVIRONMENTAL SCIENCES 环境科学,3 [162/357], ENVIRONMENTAL STUDIES 环境研究,4 [112/183], GREEN & SUSTAINABLE SCIENCE & TECHNOLOGY 绿色可持续发展技术,4 [53/91],,,,,,,三级
Journal of Strategy and Management,2025,1755-425X/1755-425X,否,否,否,ESCI,3,,管理学,4 [480/1025],否, MANAGEMENT 管理学,4 [227/404],,,,,,,,,,,三级
Public Integrity,2025,1099-9922/1558-0989,否,否,否,ESCI,1.1,,管理学,4 [481/1025],否, PUBLIC ADMINISTRATION 公共管理,4 [53/91],,,,,,,,,,,三级
JOURNAL OF SCHOLARLY PUBLISHING,2025,1198-9742/1710-1166,否,否,否,SSCI;AHCI,0.8,,管理学,4 [482/1025],否," HUMANITIES, MULTIDISCIPLINARY 人文科学",2 [54/406], INFORMATION SCIENCE & LIBRARY SCIENCE 图书情报与档案管理,4 [63/160],,,,,,,,,三级
Journal of Business-to-Business Marketing,2025,1051-712X/1547-0628,否,否,否,SSCI,2.5,,管理学,4 [483/1025],否, BUSINESS 商业：管理,4 [171/302],,,,,,,,,,,三级
ACCOUNTING AND BUSINESS RESEARCH,2025,0001-4788/2159-4260,否,否,否,SSCI,1.4,,管理学,4 [484/1025],否," BUSINESS, FINANCE 商业：财政与金融",4 [102/231],,,,,,,,,,,三级
Journal of Financial Reporting,2025,2380-2154/2380-2146,否,否,否,ESCI,3.7,,管理学,4 [485/1025],否," BUSINESS, FINANCE 商业：财政与金融",4 [103/231],,,,,,,,,,,三级
Global Knowledge Memory and Communication,2025,2514-9342/2514-9350,否,否,否,ESCI,2.4,,管理学,4 [486/1025],否, INFORMATION SCIENCE & LIBRARY SCIENCE 图书情报与档案管理,4 [65/160],,,,,,,,,,,三级
Social Responsibility Journal,2025,1747-1117/1758-857X,否,否,否,ESCI,4.1,,管理学,4 [487/1025],否, MANAGEMENT 管理学,4 [228/404],,,,,,,,,,,三级
Pacific Asia Journal of the Association for Information Systems,2025,1943-7536/1943-7544,否,否,否,ESCI,3.3,,管理学,4 [488/1025],否, INFORMATION SCIENCE & LIBRARY SCIENCE 图书情报与档案管理,4 [66/160],,,,,,,,,,,三级
Journal of Science and Technology Policy Management,2025,2053-4620/1758-5538,否,否,否,ESCI,3.5,,管理学,4 [489/1025],否, MANAGEMENT 管理学,4 [229/404],,,,,,,,,,,三级
SYSTEMS RESEARCH AND BEHAVIORAL SCIENCE,2025,1092-7026/1099-1743,否,否,否,SSCI,1.8,,管理学,4 [490/1025],否, MANAGEMENT 管理学,4 [230/404]," SOCIAL SCIENCES, INTERDISCIPLINARY 社会科学：跨领域",4 [93/263],,,,,,,,,三级
Journal of the American Taxation Association,2025,0198-9073/1558-8017,否,否,否,ESCI,2,,管理学,4 [491/1025],否," BUSINESS, FINANCE 商业：财政与金融",4 [105/231],,,,,,,,,,,三级
Equality Diversity and Inclusion,2025,2040-7149/2040-7157,否,否,否,ESCI,2.2,,管理学,4 [492/1025],否, MANAGEMENT 管理学,4 [231/404],,,,,,,,,,,三级
Review of Quantitative Finance and Accounting,2025,0924-865X/1573-7179,否,否,否,ESCI,2.1,,管理学,4 [493/1025],否," BUSINESS, FINANCE 商业：财政与金融",4 [108/231],,,,,,,,,,,三级
INTERNATIONAL JOURNAL OF PUBLIC ADMINISTRATION,2025,0190-0692/1532-4265,否,否,否,ESCI,2.1,,管理学,4 [494/1025],否, PUBLIC ADMINISTRATION 公共管理,4 [54/91],,,,,,,,,,,三级
JOURNAL OF RISK RESEARCH,2025,1366-9877/1466-4461,否,否,否,SSCI,1.7,,管理学,4 [495/1025],否," SOCIAL SCIENCES, INTERDISCIPLINARY 社会科学：跨领域",4 [96/263],,,,,,,,,,,三级
Digital Library Perspectives,2025,2059-5816/2054-1694,否,否,否,ESCI,1.2,,管理学,4 [496/1025],否, INFORMATION SCIENCE & LIBRARY SCIENCE 图书情报与档案管理,4 [67/160],,,,,,,,,,,三级
JOURNAL OF ADVERTISING RESEARCH,2025,0021-8499/1740-1909,否,否,否,SSCI,2.4,,管理学,4 [497/1025],否, BUSINESS 商业：管理,4 [173/302], COMMUNICATION 传播学,4 [113/223],,,,,,,,,三级
Journal of Enterprising Communities-People and Places in the Global Economy,2025,1750-6204/1750-6212,否,否,否,ESCI,2.5,,管理学,4 [498/1025],否, BUSINESS 商业：管理,4 [174/302],,,,,,,,,,,三级
Journal of Tourism and Cultural Change,2025,1476-6825/1747-7654,否,否,否,SSCI,2.5,,管理学,4 [499/1025],否," HOSPITALITY, LEISURE, SPORT & TOURISM 酒店、休闲、体育与旅游",4 [80/139],,,,,,,,,,,三级
Journal of Asia Business Studies,2025,1558-7894/1559-2243,否,否,否,ESCI,3,,管理学,4 [500/1025],否, BUSINESS 商业：管理,4 [175/302],,,,,,,,,,,三级
Accounting History,2025,1032-3732/1749-3374,否,否,否,ESCI,0.9,,管理学,4 [501/1025],否," BUSINESS, FINANCE 商业：财政与金融",4 [112/231],,,,,,,,,,,三级
International Social Security Review,2025,0020-871X/1468-246X,否,否,否,ESCI,0.9,,管理学,4 [502/1025],否, PUBLIC ADMINISTRATION 公共管理,4 [55/91],,,,,,,,,,,三级
Soccer & Society,2025,1466-0970/1743-9590,否,否,否,ESCI,1.3,,管理学,4 [503/1025],否," HOSPITALITY, LEISURE, SPORT & TOURISM 酒店、休闲、体育与旅游",4 [81/139],,,,,,,,,,,三级
Information Development,2025,0266-6669/1741-6469,否,否,否,SSCI,2.1,,管理学,4 [504/1025],否, INFORMATION SCIENCE & LIBRARY SCIENCE 图书情报与档案管理,4 [68/160],,,,,,,,,,,三级
Measuring Business Excellence,2025,1368-3047/1758-8057,否,否,否,ESCI,2.8,,管理学,4 [505/1025],否, BUSINESS 商业：管理,4 [177/302],,,,,,,,,,,三级
Asia Pacific Journal of Public Administration,2025,2327-6665/2327-6673,否,否,否,ESCI,2.1,,管理学,4 [506/1025],否, PUBLIC ADMINISTRATION 公共管理,4 [56/91],,,,,,,,,,,三级
Cataloging & Classification Quarterly,2025,0163-9374/1544-4554,否,否,否,ESCI,1,,管理学,4 [507/1025],否, INFORMATION SCIENCE & LIBRARY SCIENCE 图书情报与档案管理,4 [69/160],,,,,,,,,,,三级
European Journal of Tourism Research,2025,1994-7658/1314-0817,否,否,是,ESCI,3.9,,管理学,4 [508/1025],否," HOSPITALITY, LEISURE, SPORT & TOURISM 酒店、休闲、体育与旅游",4 [82/139],,,,,,,,,,,三级
China Journal of Accounting Research,2025,1755-3091/1755-3091,否,否,是,ESCI,4,,管理学,4 [509/1025],否," BUSINESS, FINANCE 商业：财政与金融",4 [114/231],,,,,,,,,,,三级
Social Marketing Quarterly,2025,1524-5004/1539-4093,否,否,否,ESCI,1.4,,管理学,4 [510/1025],否, BUSINESS 商业：管理,4 [178/302],,,,,,,,,,,三级
Review of Corporate Finance Studies,2025,2046-9128/2046-9136,否,否,否,ESCI,2.2,,管理学,4 [511/1025],否," BUSINESS, FINANCE 商业：财政与金融",4 [115/231],,,,,,,,,,,三级
Multinational Business Review,2025,1525-383X/2054-1686,否,否,否,SSCI,2.7,,管理学,4 [512/1025],否, BUSINESS 商业：管理,4 [179/302],,,,,,,,,,,三级
Australasian Journal of Information Systems,2025,1449-8618/1326-2238,否,否,是,ESCI,1.6,,管理学,4 [513/1025],否," COMPUTER SCIENCE, INFORMATION SYSTEMS 计算机：信息系统",4 [130/249],,,,,,,,,,,三级
International Journal of Comparative Labour Law and Industrial Relations,2025,0952-617X/1875-838X,否,否,否,ESCI,1,,管理学,4 [514/1025],否, INDUSTRIAL RELATIONS & LABOR 劳动关系学,4 [27/50],,,,,,,,,,,三级
Cross Cultural & Strategic Management,2025,2059-5794/2059-5794,否,否,否,SSCI,3,,管理学,4 [515/1025],否, MANAGEMENT 管理学,4 [232/404],,,,,,,,,,,三级
Supply Chain Forum,2025,1625-8312/1624-6039,否,否,否,ESCI,4.2,,管理学,4 [516/1025],否, MANAGEMENT 管理学,4 [233/404],,,,,,,,,,,三级
International Journal of Entrepreneurship and Innovation,2025,1465-7503/2043-6882,否,否,否,ESCI,2.2,,管理学,4 [517/1025],否, BUSINESS 商业：管理,4 [180/302],,,,,,,,,,,三级
Logistics-Basel,2025,2305-6290/2305-6290,否,否,是,ESCI,3.6,,管理学,4 [518/1025],否, OPERATIONS RESEARCH & MANAGEMENT SCIENCE 运筹学与管理科学,3 [48/106], MANAGEMENT 管理学,4 [234/404],,,,,,,,,三级
TECHNOLOGY ANALYSIS & STRATEGIC MANAGEMENT,2025,0953-7325/1465-3990,否,否,否,SSCI,2.8,,管理学,4 [519/1025],否, MANAGEMENT 管理学,4 [235/404],,,,,,,,,,,三级
Journal of Library Administration,2025,0193-0826/1540-3564,否,否,否,ESCI,0.9,,管理学,4 [520/1025],否, INFORMATION SCIENCE & LIBRARY SCIENCE 图书情报与档案管理,4 [70/160],,,,,,,,,,,三级
JOURNAL OF THE OPERATIONAL RESEARCH SOCIETY,2025,0160-5682/1476-9360,否,否,否,SSCI;SCIE,2.7,,管理学,4 [521/1025],否, OPERATIONS RESEARCH & MANAGEMENT SCIENCE 运筹学与管理科学,3 [50/106], MANAGEMENT 管理学,4 [236/404],,,,,,,,,三级
South Asian Journal of Business Studies,2025,2398-628X/2398-6298,否,否,否,ESCI,1.4,,管理学,4 [522/1025],否, BUSINESS 商业：管理,4 [181/302],,,,,,,,,,,三级
Journal of Convention & Event Tourism,2025,1547-0148/1547-0156,否,否,否,ESCI,1.6,,管理学,4 [523/1025],否," HOSPITALITY, LEISURE, SPORT & TOURISM 酒店、休闲、体育与旅游",4 [83/139],,,,,,,,,,,三级
International Journal of Quality & Reliability Management,2025,0265-671X/1758-6682,否,否,否,ESCI,3,,管理学,4 [524/1025],否, MANAGEMENT 管理学,4 [237/404],,,,,,,,,,,三级
Communications in Information Literacy,2025,1933-5954/1933-5954,否,否,是,ESCI,1.1,,管理学,4 [525/1025],否, INFORMATION SCIENCE & LIBRARY SCIENCE 图书情报与档案管理,4 [72/160],,,,,,,,,,,三级
SYSTEM DYNAMICS REVIEW,2025,0883-7066/1099-1727,否,否,否,SSCI,2.5,,管理学,4 [526/1025],否, MANAGEMENT 管理学,4 [238/404]," SOCIAL SCIENCES, MATHEMATICAL METHODS 社会科学：数理方法",4 [32/67],,,,,,,,,三级
Risk Hazards & Crisis in Public Policy,2025,1944-4079/1944-4079,否,否,否,ESCI,2,,管理学,4 [527/1025],否, PUBLIC ADMINISTRATION 公共管理,4 [57/91],,,,,,,,,,,三级
Journal of Global Information Management,2025,1062-7375/1533-7995,否,否,否,SSCI,3.9,,管理学,4 [528/1025],否, INFORMATION SCIENCE & LIBRARY SCIENCE 图书情报与档案管理,4 [73/160],,,,,,,,,,,三级
Journal of Industrial Integration and Management-Innovation and Entrepreneurship,2025,2424-8622/2424-8630,否,否,否,ESCI,3.3,,管理学,4 [529/1025],否, MANAGEMENT 管理学,4 [241/404],,,,,,,,,,,三级
Journal of Judicial Administration,2025,1036-7918/1036-7918,否,否,否,ESCI,0.3,,管理学,4 [530/1025],否, PUBLIC ADMINISTRATION 公共管理,4 [58/91],,,,,,,,,,,三级
Thunderbird International Business Review,2025,1096-4762/1520-6874,否,否,否,ESCI,3.2,,管理学,4 [531/1025],否, BUSINESS 商业：管理,4 [183/302],,,,,,,,,,,三级
Decision Analysis,2025,1545-8490/1545-8504,否,否,否,SSCI,1.5,,管理学,4 [532/1025],否, MANAGEMENT 管理学,4 [242/404],,,,,,,,,,,三级
DATA BASE FOR ADVANCES IN INFORMATION SYSTEMS,2025,0095-0033/1532-0936,否,否,否,SSCI,1.5,,管理学,4 [533/1025],否, INFORMATION SCIENCE & LIBRARY SCIENCE 图书情报与档案管理,4 [74/160],,,,,,,,,,,三级
Evidence-based HRM-A Global Forum for Empirical Scholarship,2025,2049-3983/2049-3991,否,否,否,ESCI,2,,管理学,4 [534/1025],否, MANAGEMENT 管理学,4 [244/404],,,,,,,,,,,三级
Digital Policy Regulation and Governance,2025,2398-5038/2398-5046,否,否,否,ESCI,2.7,,管理学,4 [535/1025],否, INFORMATION SCIENCE & LIBRARY SCIENCE 图书情报与档案管理,4 [75/160],,,,,,,,,,,三级
Operations Research Perspectives,2025,2214-7160/2214-7160,否,否,是,SCIE,3.7,,管理学,4 [536/1025],否, OPERATIONS RESEARCH & MANAGEMENT SCIENCE 运筹学与管理科学,3 [51/106],,,,,,,,,,,三级
Collnet Journal of Scientometrics and Information Management,2025,0973-7766/2168-930X,否,否,否,ESCI,0.8,,管理学,4 [537/1025],否, INFORMATION SCIENCE & LIBRARY SCIENCE 图书情报与档案管理,4 [76/160],,,,,,,,,,,三级
JOURNAL OF COMPUTER INFORMATION SYSTEMS,2025,0887-4417/2380-2057,否,否,否,SCIE,4.2,,管理学,4 [538/1025],否," COMPUTER SCIENCE, INFORMATION SYSTEMS 计算机：信息系统",4 [134/249],,,,,,,,,,,三级
JOURNAL OF ECOTOURISM,2025,1472-4049/1747-7638,否,否,否,ESCI,2.4,,管理学,4 [539/1025],否," HOSPITALITY, LEISURE, SPORT & TOURISM 酒店、休闲、体育与旅游",4 [84/139],,,,,,,,,,,三级
Global Labour Journal,2025,1918-6711/1918-6711,否,否,是,ESCI,1,,管理学,4 [540/1025],否, INDUSTRIAL RELATIONS & LABOR 劳动关系学,4 [29/50],,,,,,,,,,,三级
South Asian Journal of Human Resource Management,2025,2322-0937/2349-5790,否,否,否,ESCI,1.4,,管理学,4 [541/1025],否, MANAGEMENT 管理学,4 [246/404],,,,,,,,,,,三级
International Review for Spatial Planning and Sustainable Development,2025,2187-3666/2187-3666,否,否,否,ESCI,1.7,,管理学,4 [542/1025],否, GREEN & SUSTAINABLE SCIENCE & TECHNOLOGY 绿色可持续发展技术,4 [58/91],,,,,,,,,,,三级
Operational Research,2025,1109-2858/1866-1505,否,否,否,SCIE,2.7,,管理学,4 [543/1025],否, OPERATIONS RESEARCH & MANAGEMENT SCIENCE 运筹学与管理科学,4 [55/106],,,,,,,,,,,三级
Clothing and Textiles Research Journal,2025,0887-302X/1940-2473,否,否,否,SSCI,1.2,,管理学,4 [544/1025],否, BUSINESS 商业：管理,4 [185/302]," SOCIAL SCIENCES, INTERDISCIPLINARY 社会科学：跨领域",4 [115/263],,,,,,,,,三级
FIIB Business Review,2025,2319-7145/2455-2658,否,否,否,ESCI,2.8,,管理学,4 [545/1025],否, BUSINESS 商业：管理,4 [186/302], MANAGEMENT 管理学,4 [247/404],,,,,,,,,三级
Journal of African Business,2025,1522-8916/1522-9076,否,否,否,ESCI,1.8,,管理学,4 [546/1025],否, BUSINESS 商业：管理,4 [187/302],,,,,,,,,,,三级
JOURNAL OF INFORMATION SCIENCE,2025,0165-5515/1741-6485,否,否,否,SSCI;SCIE,1.7,,管理学,4 [547/1025],否," COMPUTER SCIENCE, INFORMATION SYSTEMS 计算机：信息系统",4 [137/249], INFORMATION SCIENCE & LIBRARY SCIENCE 图书情报与档案管理,4 [77/160],,,,,,,,,三级
Tourism Planning & Development,2025,2156-8316/2156-8324,否,否,否,ESCI,2.9,,管理学,4 [548/1025],否," HOSPITALITY, LEISURE, SPORT & TOURISM 酒店、休闲、体育与旅游",4 [85/139],,,,,,,,,,,三级
Vision-The Journal of Business Perspective,2025,0972-2629/2249-5304,否,否,否,ESCI,3.1,,管理学,4 [549/1025],否, BUSINESS 商业：管理,4 [188/302], MANAGEMENT 管理学,4 [248/404],,,,,,,,,三级
ELECTRONIC LIBRARY,2025,0264-0473/1758-616X,否,否,否,SSCI,1.5,,管理学,4 [550/1025],否, INFORMATION SCIENCE & LIBRARY SCIENCE 图书情报与档案管理,4 [78/160],,,,,,,,,,,三级
JOURNAL OF ECONOMICS & MANAGEMENT STRATEGY,2025,1058-6407/1530-9134,否,否,否,SSCI,1.4,,管理学,4 [551/1025],否, ECONOMICS 经济学,4 [299/599], MANAGEMENT 管理学,4 [249/404],,,,,,,,,三级
INDUSTRIAL AND COMMERCIAL TRAINING,2025,0019-7858/1758-5767,否,否,否,ESCI,2.1,,管理学,4 [552/1025],否, MANAGEMENT 管理学,4 [250/404],,,,,,,,,,,三级
INDUSTRIAL LAW JOURNAL,2025,0305-9332/1464-3669,否,否,否,SSCI,1.6,,管理学,4 [553/1025],否, INDUSTRIAL RELATIONS & LABOR 劳动关系学,4 [30/50], LAW 法学,4 [161/427],,,,,,,,,三级
Asia Pacific Business Review,2025,1360-2381/1743-792X,否,否,否,SSCI,1.9,,管理学,4 [554/1025],否, BUSINESS 商业：管理,4 [189/302], MANAGEMENT 管理学,4 [252/404],,,,,,,,,三级
IIMB Management Review,2025,0970-3896/2212-4446,否,否,是,ESCI,1,,管理学,4 [555/1025],否, MANAGEMENT 管理学,4 [253/404],,,,,,,,,,,三级
Global Business Review,2025,0972-1509/0973-0664,否,否,否,ESCI,1.9,,管理学,4 [556/1025],否, BUSINESS 商业：管理,4 [190/302], MANAGEMENT 管理学,4 [254/404],,,,,,,,,三级
Public Organization Review,2025,1566-7170/1573-7098,否,否,否,ESCI,1.7,,管理学,4 [557/1025],否, PUBLIC ADMINISTRATION 公共管理,4 [59/91],,,,,,,,,,,三级
JOURNAL OF CONSUMER POLICY,2025,0168-7034/1573-0700,否,否,否,ESCI,1.6,,管理学,4 [558/1025],否, BUSINESS 商业：管理,4 [191/302],,,,,,,,,,,三级
ORGANIZATIONAL DYNAMICS,2025,0090-2616/1873-3530,否,否,否,SSCI,2.5,,管理学,4 [559/1025],否, BUSINESS 商业：管理,4 [192/302], MANAGEMENT 管理学,4 [255/404]," PSYCHOLOGY, APPLIED 心理学：应用",4 [79/112],,,,,,,三级
Team Performance Management,2025,1352-7592/1758-6860,否,否,否,ESCI,2.2,,管理学,4 [560/1025],否, MANAGEMENT 管理学,4 [256/404],,,,,,,,,,,三级
Revista de Contabilidad-Spanish Accounting Review,2025,1138-4891/1988-4672,否,否,是,SSCI,1.6,,管理学,4 [561/1025],否," BUSINESS, FINANCE 商业：财政与金融",4 [131/231],,,,,,,,,,,三级
Qualitative Market Research,2025,1352-2752/1758-7646,否,否,否,ESCI,2.5,,管理学,4 [562/1025],否, BUSINESS 商业：管理,4 [193/302],,,,,,,,,,,三级
Communications of the Association for Information Systems,2025,1529-3181/1529-3181,否,否,否,ESCI,2.2,,管理学,4 [563/1025],否," COMPUTER SCIENCE, INFORMATION SYSTEMS 计算机：信息系统",4 [142/249],,,,,,,,,,,三级
Fashion and Textiles,2025,2198-0802/2198-0802,否,否,是,SCIE,3.5,,管理学,4 [564/1025],否," MATERIALS SCIENCE, TEXTILES 材料科学：纺织",2 [5/30],,,,,,,,,,,三级
Journal of Facilities Management,2025,1472-5967/1741-0983,否,否,否,ESCI,2.7,,管理学,4 [565/1025],否, MANAGEMENT 管理学,4 [257/404],,,,,,,,,,,三级
Information Polity,2025,1570-1255/1875-8754,否,否,否,ESCI,1.8,,管理学,4 [566/1025],否, INFORMATION SCIENCE & LIBRARY SCIENCE 图书情报与档案管理,4 [79/160],,,,,,,,,,,三级
JOURNAL OF ORGANIZATIONAL COMPUTING AND ELECTRONIC COMMERCE,2025,1091-9392/1532-7744,否,否,否,SCIE,1.9,,管理学,4 [567/1025],否," COMPUTER SCIENCE, INFORMATION SYSTEMS 计算机：信息系统",4 [144/249]," COMPUTER SCIENCE, INTERDISCIPLINARY APPLICATIONS 计算机：跨学科应用",4 [101/172],,,,,,,,,三级
INFORMATION TECHNOLOGY AND LIBRARIES,2025,0730-9295/2163-5226,否,否,是,SSCI;SCIE,1.3,,管理学,4 [568/1025],否," COMPUTER SCIENCE, INFORMATION SYSTEMS 计算机：信息系统",4 [146/249], INFORMATION SCIENCE & LIBRARY SCIENCE 图书情报与档案管理,4 [80/160],,,,,,,,,三级
International Review on Public and Nonprofit Marketing,2025,1865-1984/1865-1992,否,否,否,ESCI,2.1,,管理学,4 [569/1025],否, BUSINESS 商业：管理,4 [194/302],,,,,,,,,,,三级
PUBLISHING RESEARCH QUARTERLY,2025,1053-8801/1936-4792,否,否,否,ESCI,1.7,,管理学,4 [570/1025],否, INFORMATION SCIENCE & LIBRARY SCIENCE 图书情报与档案管理,4 [82/160],,,,,,,,,,,三级
Revista de Artes Marciales Asiaticas,2025,2174-0747/2174-0747,否,否,是,ESCI,1.1,,管理学,4 [571/1025],否," HOSPITALITY, LEISURE, SPORT & TOURISM 酒店、休闲、体育与旅游",4 [88/139],,,,,,,,,,,三级
Cuadernos de Gestion,2025,1131-6837/1988-2157,否,否,是,ESCI,2.1,,管理学,4 [572/1025],否, BUSINESS 商业：管理,4 [195/302], MANAGEMENT 管理学,4 [259/404],,,,,,,,,三级
Chinese Management Studies,2025,1750-614X/1750-6158,否,否,否,SSCI,2.3,,管理学,4 [573/1025],否, MANAGEMENT 管理学,4 [261/404],,,,,,,,,,,三级
Journal of Electronic Commerce Research,2025,1526-6133/1938-9027,否,否,否,SSCI,3.4,,管理学,4 [574/1025],否, BUSINESS 商业：管理,4 [196/302],,,,,,,,,,,三级
Data & Policy,2025,2632-3249/2632-3249,否,否,是,ESCI,2.7,,管理学,4 [575/1025],否, PUBLIC ADMINISTRATION 公共管理,4 [60/91],,,,,,,,,,,三级
Physical Culture and Sport Studies and Research,2025,2081-2221/1899-4849,否,否,是,ESCI,1.2,,管理学,4 [576/1025],否," HOSPITALITY, LEISURE, SPORT & TOURISM 酒店、休闲、体育与旅游",4 [89/139],,,,,,,,,,,三级
Journal of Management Accounting Research,2025,1049-2127/1558-8033,否,否,否,ESCI,1.7,,管理学,4 [577/1025],否," BUSINESS, FINANCE 商业：财政与金融",4 [135/231],,,,,,,,,,,三级
CANADIAN PUBLIC ADMINISTRATION-ADMINISTRATION PUBLIQUE DU CANADA,2025,0008-4840/1754-7121,否,否,否,SSCI,1.4,,管理学,4 [578/1025],否, PUBLIC ADMINISTRATION 公共管理,4 [61/91],,,,,,,,,,,三级
NEGOTIATION JOURNAL,2025,0748-4526/1571-9979,否,否,否,SSCI,0.6,,管理学,4 [579/1025],否, MANAGEMENT 管理学,4 [262/404]," SOCIAL SCIENCES, INTERDISCIPLINARY 社会科学：跨领域",4 [126/263],,,,,,,,,三级
INFORMATION SYSTEMS MANAGEMENT,2025,1058-0530/1934-8703,否,否,否,SCIE,3.9,,管理学,4 [580/1025],否," COMPUTER SCIENCE, INFORMATION SYSTEMS 计算机：信息系统",4 [151/249],,,,,,,,,,,三级
BUSINESS AND SOCIETY REVIEW,2025,0045-3609/1467-8594,否,否,否,ESCI,1.8,,管理学,4 [581/1025],否, BUSINESS 商业：管理,4 [198/302],,,,,,,,,,,三级
Journal of Corporate Real Estate,2025,1463-001X/1479-1048,否,否,否,ESCI,1,,管理学,4 [582/1025],否, MANAGEMENT 管理学,4 [263/404],,,,,,,,,,,三级
IISE Transactions on Occupational Ergonomics & Human Factors,2025,2472-5838/2472-5846,否,否,否,ESCI,1.8,,管理学,4 [583/1025],否, ERGONOMICS 人体工程学,4 [16/24],,,,,,,,,,,三级
NAVAL RESEARCH LOGISTICS,2025,0894-069X/1520-6750,否,否,否,SCIE,2.1,,管理学,4 [584/1025],否, OPERATIONS RESEARCH & MANAGEMENT SCIENCE 运筹学与管理科学,4 [64/106],,,,,,,,,,,三级
DECISION SCIENCES,2025,0011-7315/1540-5915,否,否,否,SSCI,2.5,,管理学,4 [585/1025],否, MANAGEMENT 管理学,4 [264/404],,,,,,,,,,,三级
EURO Journal on Computational Optimization,2025,2192-4406/2192-4414,否,否,是,ESCI,1.7,,管理学,4 [586/1025],否, OPERATIONS RESEARCH & MANAGEMENT SCIENCE 运筹学与管理科学,4 [66/106],,,,,,,,,,,三级
INTERNATIONAL JOURNAL OF HEALTH CARE QUALITY ASSURANCE,2025,0952-6862/1758-6542,否,否,否,ESCI,2.2,,管理学,4 [587/1025],否, HEALTH POLICY & SERVICES 卫生政策与服务,4 [87/118],,,,,,,,,,,三级
Small Enterprise Research,2025,1321-5906/1175-0979,否,否,否,ESCI,1.8,,管理学,4 [588/1025],否, BUSINESS 商业：管理,4 [199/302],,,,,,,,,,,三级
Philosophy of Management,2025,1740-3812/2052-9597,否,否,否,ESCI,1,,管理学,4 [589/1025],否, MANAGEMENT 管理学,4 [265/404],,,,,,,,,,,三级
PORTAL-LIBRARIES AND THE ACADEMY,2025,1531-2542/1530-7131,否,否,否,SSCI,0.9,,管理学,4 [590/1025],否, INFORMATION SCIENCE & LIBRARY SCIENCE 图书情报与档案管理,4 [83/160],,,,,,,,,,,三级
Public Budgeting and Finance,2025,0275-1100/1540-5850,否,否,否,ESCI,1,,管理学,4 [591/1025],否, PUBLIC ADMINISTRATION 公共管理,4 [62/91],,,,,,,,,,,三级
NISPAcee Journal of Public Administration and Policy,2025,1337-9038/1338-4309,否,否,是,ESCI,1,,管理学,4 [592/1025],否, PUBLIC ADMINISTRATION 公共管理,4 [63/91],,,,,,,,,,,三级
Journal of Organizational Ethnography,2025,2046-6749/2046-6757,否,否,否,ESCI,1,,管理学,4 [593/1025],否, MANAGEMENT 管理学,4 [266/404],,,,,,,,,,,三级
Journal of Sustainable Finance & Investment,2025,2043-0795/2043-0809,否,否,否,ESCI,4.3,,管理学,4 [594/1025],否," BUSINESS, FINANCE 商业：财政与金融",4 [137/231], GREEN & SUSTAINABLE SCIENCE & TECHNOLOGY 绿色可持续发展技术,4 [63/91],,,,,,,,,三级
Hospitality & Society,2025,2042-7913/2042-7921,否,否,否,ESCI,1,,管理学,4 [595/1025],否," HOSPITALITY, LEISURE, SPORT & TOURISM 酒店、休闲、体育与旅游",4 [90/139],,,,,,,,,,,三级
Journal of Public Procurement,2025,1535-0118/2150-6930,否,否,否,ESCI,2.3,,管理学,4 [596/1025],否, PUBLIC ADMINISTRATION 公共管理,4 [64/91],,,,,,,,,,,三级
Information Technology & Management,2025,1385-951X/1573-7667,否,否,否,SSCI,2.9,,管理学,4 [597/1025],否, INFORMATION SCIENCE & LIBRARY SCIENCE 图书情报与档案管理,4 [84/160], MANAGEMENT 管理学,4 [267/404],,,,,,,,,三级
Top,2025,1134-5764/1863-8279,否,否,否,SCIE,1.4,,管理学,4 [598/1025],否, OPERATIONS RESEARCH & MANAGEMENT SCIENCE 运筹学与管理科学,4 [68/106],,,,,,,,,,,三级
AUSTRALIAN JOURNAL OF MANAGEMENT,2025,0312-8962/1327-2020,否,否,否,SSCI,2.1,,管理学,4 [599/1025],否, BUSINESS 商业：管理,4 [200/302], MANAGEMENT 管理学,4 [268/404],,,,,,,,,三级
International Journal of the History of Sport,2025,0952-3367/1743-9035,否,否,否,SSCI;AHCI,0.6,,管理学,4 [600/1025],否, HISTORY 历史学,4 [208/523]," HOSPITALITY, LEISURE, SPORT & TOURISM 酒店、休闲、体育与旅游",4 [91/139],,,,,,,,,三级
Journal of Accounting Auditing and Finance,2025,0148-558X/2160-4061,否,否,否,ESCI,1.3,,管理学,4 [601/1025],否," BUSINESS, FINANCE 商业：财政与金融",4 [138/231],,,,,,,,,,,三级
IFLA JOURNAL-INTERNATIONAL FEDERATION OF LIBRARY ASSOCIATIONS,2025,0340-0352/1745-2651,否,否,否,ESCI,1.4,,管理学,4 [602/1025],否, INFORMATION SCIENCE & LIBRARY SCIENCE 图书情报与档案管理,4 [85/160],,,,,,,,,,,三级
Labour-England,2025,1121-7081/1467-9914,否,否,否,ESCI,0.5,,管理学,4 [603/1025],否, INDUSTRIAL RELATIONS & LABOR 劳动关系学,4 [31/50],,,,,,,,,,,三级
Entrepreneurship Research Journal,2025,2194-6175/2157-5665,否,否,否,SSCI,2.3,,管理学,4 [604/1025],否, BUSINESS 商业：管理,4 [202/302],,,,,,,,,,,三级
Organizacija,2025,1318-5454/1581-1832,否,否,是,ESCI,1.5,,管理学,4 [605/1025],否, MANAGEMENT 管理学,4 [269/404],,,,,,,,,,,三级
Employee Responsibilities and Rights Journal,2025,0892-7545/1573-3378,否,否,否,ESCI,1.7,,管理学,4 [606/1025],否, INDUSTRIAL RELATIONS & LABOR 劳动关系学,4 [32/50],,,,,,,,,,,三级
JOURNAL OF INFORMATION SYSTEMS,2025,0888-7985/1558-7959,否,否,否,SSCI,2,,管理学,4 [607/1025],否," BUSINESS, FINANCE 商业：财政与金融",4 [140/231],,,,,,,,,,,三级
International Journal of Sport Finance,2025,1558-6235/1930-076X,否,否,否,SSCI,0.5,,管理学,4 [608/1025],否," HOSPITALITY, LEISURE, SPORT & TOURISM 酒店、休闲、体育与旅游",4 [92/139],,,,,,,,,,,三级
International Journal of Fashion Design Technology and Education,2025,1754-3266/1754-3274,否,否,否,ESCI,2.2,,管理学,4 [609/1025],否," MATERIALS SCIENCE, TEXTILES 材料科学：纺织",2 [7/30], BUSINESS 商业：管理,4 [203/302],,,,,,,,,三级
Central European Public Administration Review,2025,2591-2240/2591-2259,否,否,否,ESCI,1.2,,管理学,4 [610/1025],否, PUBLIC ADMINISTRATION 公共管理,4 [65/91],,,,,,,,,,,三级
JOURNAL OF LABOR RESEARCH,2025,0195-3613/1936-4768,否,否,否,SSCI,1.4,,管理学,4 [611/1025],否, INDUSTRIAL RELATIONS & LABOR 劳动关系学,4 [33/50],,,,,,,,,,,三级
Journal of Labor and Society,2025,2471-4607/2667-3657,否,否,否,ESCI,1.1,,管理学,4 [612/1025],否, INDUSTRIAL RELATIONS & LABOR 劳动关系学,4 [34/50],,,,,,,,,,,三级
Journal of Sport for Development,2025,2330-0574/2330-0574,否,否,否,ESCI,1.4,,管理学,4 [613/1025],否, DEVELOPMENT STUDIES 发展研究,4 [46/63]," HOSPITALITY, LEISURE, SPORT & TOURISM 酒店、休闲、体育与旅游",4 [93/139],,,,,,,,,三级
KNOWLEDGE ORGANIZATION,2025,0943-7444,否,否,否,SSCI,0.5,,管理学,4 [614/1025],否, INFORMATION SCIENCE & LIBRARY SCIENCE 图书情报与档案管理,4 [86/160],,,,,,,,,,,三级
Journal of Multi-Criteria Decision Analysis,2025,1057-9214/1099-1360,否,否,否,ESCI,2.4,,管理学,4 [615/1025],否, MANAGEMENT 管理学,4 [270/404],,,,,,,,,,,三级
Management & Marketing,2025,1842-0206/2069-8887,否,否,是,ESCI,1.2,,管理学,4 [616/1025],否, BUSINESS 商业：管理,4 [204/302],,,,,,,,,,,三级
Sport in History,2025,1746-0263/1746-0271,否,否,否,ESCI,0.7,,管理学,4 [617/1025],否," HOSPITALITY, LEISURE, SPORT & TOURISM 酒店、休闲、体育与旅游",4 [94/139],,,,,,,,,,,三级
Sport Marketing Quarterly,2025,1061-6934/1557-2528,否,否,否,SSCI,1.4,,管理学,4 [618/1025],否, BUSINESS 商业：管理,4 [205/302]," HOSPITALITY, LEISURE, SPORT & TOURISM 酒店、休闲、体育与旅游",4 [95/139],,,,,,,,,三级
4OR-A Quarterly Journal of Operations Research,2025,1619-4500/1614-2411,否,否,否,SCIE,2.6,,管理学,4 [619/1025],否, OPERATIONS RESEARCH & MANAGEMENT SCIENCE 运筹学与管理科学,4 [70/106],,,,,,,,,,,三级
International Journal of Accounting,2025,1094-4060/2213-3933,否,否,否,ESCI,1.8,,管理学,4 [620/1025],否," BUSINESS, FINANCE 商业：财政与金融",4 [142/231],,,,,,,,,,,三级
Journal of Management History,2025,1751-1348/1758-7751,否,否,否,ESCI,1.7,,管理学,4 [621/1025],否, MANAGEMENT 管理学,4 [271/404],,,,,,,,,,,三级
Information Systems and E-Business Management,2025,1617-9846/1617-9854,否,否,否,SSCI,3.6,,管理学,4 [622/1025],否, BUSINESS 商业：管理,4 [206/302], MANAGEMENT 管理学,4 [272/404],,,,,,,,,三级
Engineering Management Journal,2025,1042-9247/2377-0643,否,否,否,SSCI;SCIE,2.6,,管理学,4 [623/1025],否," ENGINEERING, INDUSTRIAL 工程：工业",4 [44/70], MANAGEMENT 管理学,4 [273/404],,,,,,,,,三级
RAUSP Management Journal,2025,2531-0488/2531-0488,否,否,是,ESCI,2.2,,管理学,4 [624/1025],否, BUSINESS 商业：管理,4 [207/302], MANAGEMENT 管理学,4 [274/404],,,,,,,,,三级
Journal of Nonprofit & Public Sector Marketing,2025,1049-5142/1540-6997,否,否,否,ESCI,1.3,,管理学,4 [625/1025],否, BUSINESS 商业：管理,4 [208/302],,,,,,,,,,,三级
Advances in Accounting,2025,0882-6110/1046-5715,否,否,否,ESCI,1.5,,管理学,4 [626/1025],否," BUSINESS, FINANCE 商业：财政与金融",4 [146/231],,,,,,,,,,,三级
Australasian Accounting Business and Finance Journal,2025,1834-2000/1834-2019,否,否,是,ESCI,1.9,,管理学,4 [627/1025],否," BUSINESS, FINANCE 商业：财政与金融",4 [147/231],,,,,,,,,,,三级
Journal of International Consumer Marketing,2025,0896-1530/1528-7068,否,否,否,ESCI,2.8,,管理学,4 [628/1025],否, BUSINESS 商业：管理,4 [209/302],,,,,,,,,,,三级
Quality Innovation Prosperity-Kvalita Inovacia Prosperita,2025,1335-1745/1335-1745,否,否,是,ESCI,1.2,,管理学,4 [629/1025],否, MANAGEMENT 管理学,4 [276/404],,,,,,,,,,,三级
Journal of Public and Nonprofit Affairs,2025,2381-3717/2381-3717,否,否,是,ESCI,0.8,,管理学,4 [630/1025],否, PUBLIC ADMINISTRATION 公共管理,4 [66/91],,,,,,,,,,,三级
LIBRARY RESOURCES & TECHNICAL SERVICES,2025,0024-2527/2159-9610,否,否,否,SSCI,1,,管理学,4 [631/1025],否, INFORMATION SCIENCE & LIBRARY SCIENCE 图书情报与档案管理,4 [87/160],,,,,,,,,,,三级
REGE-Revista de Gestao,2025,1809-2276/2177-8736,否,否,是,ESCI,2.1,,管理学,4 [632/1025],否, MANAGEMENT 管理学,4 [277/404],,,,,,,,,,,三级
Journal of Indian Business Research,2025,1755-4195/1755-4209,否,否,否,ESCI,2.7,,管理学,4 [633/1025],否, BUSINESS 商业：管理,4 [211/302],,,,,,,,,,,三级
QME-Quantitative Marketing and Economics,2025,1570-7156/1573-711X,否,否,否,SSCI,1.1,,管理学,4 [634/1025],否, BUSINESS 商业：管理,4 [212/302], ECONOMICS 经济学,4 [354/599]," SOCIAL SCIENCES, MATHEMATICAL METHODS 社会科学：数理方法",4 [45/67],,,,,,,三级
Journal of Public Affairs,2025,1472-3891/1479-1854,否,否,否,ESCI,1.8,,管理学,4 [635/1025],否, PUBLIC ADMINISTRATION 公共管理,4 [68/91],,,,,,,,,,,三级
Transylvanian Review of Administrative Sciences,2025,1842-2845/2247-8310,否,否,是,SSCI,0.8,,管理学,4 [636/1025],否, PUBLIC ADMINISTRATION 公共管理,4 [69/91],,,,,,,,,,,三级
Journal of Emerging Technologies in Accounting,2025,1554-1908/1558-7940,否,否,否,ESCI,2,,管理学,4 [637/1025],否," BUSINESS, FINANCE 商业：财政与金融",4 [148/231],,,,,,,,,,,三级
INTERNATIONAL JOURNAL OF LEARNING AND INTELLECTUAL CAPITAL,2025,1479-4853/1479-4861,否,否,否,ESCI,1.4,,管理学,4 [638/1025],否, BUSINESS 商业：管理,4 [214/302], MANAGEMENT 管理学,4 [278/404],,,,,,,,,三级
Insights-The UKSG Journal,2025,2048-7754/2048-7754,否,否,是,ESCI,1.3,,管理学,4 [639/1025],否, INFORMATION SCIENCE & LIBRARY SCIENCE 图书情报与档案管理,4 [88/160],,,,,,,,,,,三级
Journal of Web Librarianship,2025,1932-2909/1932-2917,否,否,否,ESCI,3,,管理学,4 [640/1025],否, INFORMATION SCIENCE & LIBRARY SCIENCE 图书情报与档案管理,4 [89/160],,,,,,,,,,,三级
Arts and the Market,2025,2056-4945/2056-4953,否,否,否,ESCI,1.2,,管理学,4 [641/1025],否, BUSINESS 商业：管理,4 [215/302],,,,,,,,,,,三级
Ido Movement for Culture-Journal of Martial Arts Anthropology,2025,2084-3763/2082-7571,否,否,是,ESCI,0.6,,管理学,4 [642/1025],否," HOSPITALITY, LEISURE, SPORT & TOURISM 酒店、休闲、体育与旅游",4 [96/139],,,,,,,,,,,三级
RAIRO-OPERATIONS RESEARCH,2025,0399-0559/2804-7303,否,否,否,SCIE,2.1,,管理学,4 [643/1025],否, OPERATIONS RESEARCH & MANAGEMENT SCIENCE 运筹学与管理科学,4 [75/106],,,,,,,,,,,三级
Asian Business & Management,2025,1472-4782/1476-9328,否,否,否,SSCI,2.8,,管理学,4 [644/1025],否, BUSINESS 商业：管理,4 [216/302], MANAGEMENT 管理学,4 [279/404],,,,,,,,,三级
JOURNAL OF GENERAL MANAGEMENT,2025,0306-3070/1759-6106,否,否,否,ESCI,1.3,,管理学,4 [645/1025],否, MANAGEMENT 管理学,4 [280/404],,,,,,,,,,,三级
Facilities,2025,0263-2772/1758-7131,否,否,否,ESCI,1.9,,管理学,4 [646/1025],否, MANAGEMENT 管理学,4 [281/404],,,,,,,,,,,三级
International Journal of Managerial Finance,2025,1743-9132/1758-6569,否,否,否,ESCI,2.2,,管理学,4 [647/1025],否," BUSINESS, FINANCE 商业：财政与金融",4 [155/231],,,,,,,,,,,三级
Accounting Perspectives,2025,1911-382X/1911-3838,否,否,否,ESCI,0.9,,管理学,4 [648/1025],否," BUSINESS, FINANCE 商业：财政与金融",4 [158/231],,,,,,,,,,,三级
Worldwide Hospitality and Tourism Themes,2025,1755-4217/1755-4225,否,否,否,ESCI,1.9,,管理学,4 [649/1025],否," HOSPITALITY, LEISURE, SPORT & TOURISM 酒店、休闲、体育与旅游",4 [97/139],,,,,,,,,,,三级
WPOM-Working Papers on Operations Management,2025,1989-9068/1989-9068,否,否,是,ESCI,1.1,,管理学,4 [650/1025],否, BUSINESS 商业：管理,4 [218/302],,,,,,,,,,,三级
Library & Information History,2025,1758-3489/1758-3497,否,否,否,ESCI,0.1,,管理学,4 [651/1025],否, INFORMATION SCIENCE & LIBRARY SCIENCE 图书情报与档案管理,4 [90/160],,,,,,,,,,,三级
LIBRI-International Journal of Libraries and Information Studies,2025,0024-2667/1865-8423,否,否,否,SSCI,0.8,,管理学,4 [652/1025],否, INFORMATION SCIENCE & LIBRARY SCIENCE 图书情报与档案管理,4 [91/160],,,,,,,,,,,三级
ACCESS-Access to science business innovation in the digital economy,2025,2683-1007/2683-1007,否,否,是,ESCI,0.6,,管理学,4 [653/1025],否, BUSINESS 商业：管理,4 [219/302]," COMPUTER SCIENCE, INTERDISCIPLINARY APPLICATIONS 计算机：跨学科应用",4 [123/172], ECONOMICS 经济学,4 [377/599], MANAGEMENT 管理学,4 [282/404],,,,,三级
College & Undergraduate Libraries,2025,1069-1316/1545-2530,否,否,否,ESCI,0.5,,管理学,4 [654/1025],否, INFORMATION SCIENCE & LIBRARY SCIENCE 图书情报与档案管理,4 [92/160],,,,,,,,,,,三级
Construction Economics and Building,2025,1835-6354/1837-9133,否,否,是,ESCI,1.1,,管理学,4 [655/1025],否, MANAGEMENT 管理学,4 [283/404],,,,,,,,,,,三级
Revista de Administracao Publica,2025,0034-7612/1982-3134,否,否,是,ESCI,0.8,,管理学,4 [656/1025],否, PUBLIC ADMINISTRATION 公共管理,4 [70/91],,,,,,,,,,,三级
OPERATIONS RESEARCH LETTERS,2025,0167-6377/1872-7468,否,否,否,SCIE,0.9,,管理学,4 [657/1025],否, OPERATIONS RESEARCH & MANAGEMENT SCIENCE 运筹学与管理科学,4 [79/106],,,,,,,,,,,三级
Amme Idaresi Dergisi,2025,1300-1795/1300-1795,否,否,否,SSCI,0.1,,管理学,4 [658/1025],否, PUBLIC ADMINISTRATION 公共管理,4 [71/91],,,,,,,,,,,三级
Service Science,2025,2164-3962/2164-3970,否,否,否,SSCI,1.3,,管理学,4 [659/1025],否, BUSINESS 商业：管理,4 [221/302], MANAGEMENT 管理学,4 [284/404],,,,,,,,,三级
EDUCATION FOR INFORMATION,2025,0167-8329/1875-8649,否,否,否,ESCI,0.8,,管理学,4 [660/1025],否, INFORMATION SCIENCE & LIBRARY SCIENCE 图书情报与档案管理,4 [93/160],,,,,,,,,,,三级
Labour and Industry,2025,1030-1763/2325-5676,否,否,否,ESCI,1.5,,管理学,4 [661/1025],否, INDUSTRIAL RELATIONS & LABOR 劳动关系学,4 [38/50],,,,,,,,,,,三级
Revista Espanola de Documentacion Cientifica,2025,0210-0614/1988-4621,否,否,是,SSCI,0.9,,管理学,4 [662/1025],否, INFORMATION SCIENCE & LIBRARY SCIENCE 图书情报与档案管理,4 [95/160],,,,,,,,,,,三级
SA Journal of Human Resource Management,2025,1683-7584/2071-078X,否,否,是,ESCI,1.4,,管理学,4 [663/1025],否, MANAGEMENT 管理学,4 [285/404],,,,,,,,,,,三级
International Journal of Knowledge Management Studies,2025,1743-8268/1743-8276,否,否,否,ESCI,1.6,,管理学,4 [664/1025],否, MANAGEMENT 管理学,4 [286/404],,,,,,,,,,,三级
Computational and Mathematical Organization Theory,2025,1381-298X/1572-9346,否,否,否,SSCI;SCIE,1.5,,管理学,4 [665/1025],否," COMPUTER SCIENCE, INTERDISCIPLINARY APPLICATIONS 计算机：跨学科应用",4 [128/172]," MATHEMATICS, INTERDISCIPLINARY APPLICATIONS 数学跨学科应用",4 [95/136]," SOCIAL SCIENCES, MATHEMATICAL METHODS 社会科学：数理方法",4 [49/67],,,,,,,三级
Management,2025,1286-4692/1286-4692,否,否,是,ESCI,1.9,,管理学,4 [666/1025],否, MANAGEMENT 管理学,4 [287/404],,,,,,,,,,,三级
International Journal of Knowledge Management,2025,1548-0666/1548-0658,否,否,否,ESCI,2.1,,管理学,4 [667/1025],否, MANAGEMENT 管理学,4 [288/404],,,,,,,,,,,三级
International Journal of Pharmaceutical and Healthcare Marketing,2025,1750-6123/1750-6131,否,否,否,ESCI,1.1,,管理学,4 [668/1025],否, HEALTH POLICY & SERVICES 卫生政策与服务,4 [98/118],,,,,,,,,,,三级
Foundations and Trends in Entrepreneurship,2025,1551-3114/1551-3122,是,否,否,ESCI,1.7,,管理学,4 [669/1025],否, BUSINESS 商业：管理,4 [222/302],,,,,,,,,,,三级
HUMAN SYSTEMS MANAGEMENT,2025,0167-2533/1875-8703,否,否,否,ESCI,1.3,,管理学,4 [670/1025],否, MANAGEMENT 管理学,4 [289/404],,,,,,,,,,,三级
Collection Management,2025,0146-2679/1545-2549,否,否,否,ESCI,0.5,,管理学,4 [671/1025],否, INFORMATION SCIENCE & LIBRARY SCIENCE 图书情报与档案管理,4 [96/160],,,,,,,,,,,三级
Collection and Curation,2025,2514-9326/2514-9326,否,否,否,ESCI,0.8,,管理学,4 [672/1025],否, INFORMATION SCIENCE & LIBRARY SCIENCE 图书情报与档案管理,4 [97/160],,,,,,,,,,,三级
Accounting Historians Journal,2025,0148-4184/2327-4468,否,否,否,ESCI,1,,管理学,4 [673/1025],否," BUSINESS, FINANCE 商业：财政与金融",4 [163/231],,,,,,,,,,,三级
SYSTEMIC PRACTICE AND ACTION RESEARCH,2025,1094-429X/1573-9295,否,否,否,SSCI,1.6,,管理学,4 [674/1025],否, MANAGEMENT 管理学,4 [290/404],,,,,,,,,,,三级
Property Management,2025,0263-7472/1758-731X,否,否,否,ESCI,1.5,,管理学,4 [675/1025],否, MANAGEMENT 管理学,4 [291/404],,,,,,,,,,,三级
New Horizons in Adult Education and Human Resource Development,2025,1939-4225/1939-4225,否,否,否,ESCI,0.8,,管理学,4 [676/1025],否, INDUSTRIAL RELATIONS & LABOR 劳动关系学,4 [39/50],,,,,,,,,,,三级
INFORMATION RESEARCH-AN INTERNATIONAL ELECTRONIC JOURNAL,2025,1368-1613/1368-1613,否,否,是,SSCI,0.9,,管理学,4 [677/1025],否, INFORMATION SCIENCE & LIBRARY SCIENCE 图书情报与档案管理,4 [98/160],,,,,,,,,,,三级
Operations and Supply Chain Management-An International Journal,2025,1979-3561/2579-9363,否,否,否,ESCI,1.8,,管理学,4 [678/1025],否, MANAGEMENT 管理学,4 [292/404],,,,,,,,,,,三级
Journal of the Canadian Health Libraries Association,2025,1708-6892/1708-6892,否,否,是,ESCI,2.5,,管理学,4 [679/1025],否, INFORMATION SCIENCE & LIBRARY SCIENCE 图书情报与档案管理,4 [99/160],,,,,,,,,,,三级
Journal of Modelling in Management,2025,1746-5664/1746-5672,否,否,否,ESCI,2.2,,管理学,4 [680/1025],否, MANAGEMENT 管理学,4 [293/404],,,,,,,,,,,三级
Management & Organizational History,2025,1744-9359/1744-9367,否,否,否,SSCI,1.4,,管理学,4 [681/1025],否, HISTORY 历史学,4 [326/523], HISTORY OF SOCIAL SCIENCES 社会科学史,4 [37/42], MANAGEMENT 管理学,4 [294/404],,,,,,,三级
Accounting Economics and Law-A Convivium,2025,2194-6051/2152-2820,否,否,否,ESCI,0.8,,管理学,4 [682/1025],否," BUSINESS, FINANCE 商业：财政与金融",4 [166/231],,,,,,,,,,,三级
JLIS.it,2025,2038-5366/2038-1026,否,否,是,ESCI,0.5,,管理学,4 [683/1025],否, INFORMATION SCIENCE & LIBRARY SCIENCE 图书情报与档案管理,4 [100/160],,,,,,,,,,,三级
IIM Kozhikode Society & Management Review,2025,2277-9752/2321-029X,否,否,否,ESCI,1.1,,管理学,4 [684/1025],否, MANAGEMENT 管理学,4 [295/404],,,,,,,,,,,三级
International Journal of Energy Sector Management,2025,1750-6220/1750-6239,否,否,否,ESCI,3.3,,管理学,4 [685/1025],否, MANAGEMENT 管理学,4 [296/404],,,,,,,,,,,三级
Journal of Systems Science and Systems Engineering,2025,1004-3756/1861-9576,否,否,否,SCIE,2,,管理学,4 [686/1025],否, OPERATIONS RESEARCH & MANAGEMENT SCIENCE 运筹学与管理科学,4 [82/106],,,,,,,,,,,三级
International Journal of Managerial and Financial Accounting,2025,1753-6715/1753-6723,否,否,否,ESCI,1.4,,管理学,4 [687/1025],否," BUSINESS, FINANCE 商业：财政与金融",4 [168/231],,,,,,,,,,,三级
Records Management Journal,2025,0956-5698/1758-7689,否,否,否,ESCI,0.7,,管理学,4 [688/1025],否, INFORMATION SCIENCE & LIBRARY SCIENCE 图书情报与档案管理,4 [101/160],,,,,,,,,,,三级
Decision,2025,0304-0941/2197-1722,否,否,否,ESCI,1,,管理学,4 [689/1025],否, MANAGEMENT 管理学,4 [297/404],,,,,,,,,,,三级
Innovation and Development,2025,2157-930X/2157-9318,否,否,否,ESCI,1.7,,管理学,4 [690/1025],否, DEVELOPMENT STUDIES 发展研究,4 [52/63], ECONOMICS 经济学,4 [403/599],,,,,,,,,三级
Asian Journal of Technology Innovation,2025,1976-1597/2158-6721,否,否,否,SSCI,1.7,,管理学,4 [691/1025],否, BUSINESS 商业：管理,4 [223/302], ECONOMICS 经济学,4 [407/599],,,,,,,,,三级
Tourism Analysis,2025,1083-5423/1943-3999,否,否,否,ESCI,1.1,,管理学,4 [692/1025],否," HOSPITALITY, LEISURE, SPORT & TOURISM 酒店、休闲、体育与旅游",4 [98/139],,,,,,,,,,,三级
Central European Business Review,2025,1805-4862/1805-4862,否,否,否,ESCI,0.9,,管理学,4 [693/1025],否, BUSINESS 商业：管理,4 [224/302],,,,,,,,,,,三级
Journal of Global Scholars of Marketing Science,2025,2163-9159/2163-9167,否,否,否,ESCI,2.7,,管理学,4 [694/1025],否, BUSINESS 商业：管理,4 [225/302],,,,,,,,,,,三级
Labor-Studies in Working-Class History of the Americas,2025,1547-6715/1558-1454,否,否,否,ESCI,0.3,,管理学,4 [695/1025],否, INDUSTRIAL RELATIONS & LABOR 劳动关系学,4 [40/50],,,,,,,,,,,三级
MIS Quarterly Executive,2025,1540-1960/1540-1979,否,否,否,SSCI,2.9,,管理学,4 [696/1025],否, INFORMATION SCIENCE & LIBRARY SCIENCE 图书情报与档案管理,4 [104/160], MANAGEMENT 管理学,4 [298/404],,,,,,,,,三级
INTERNATIONAL JOURNAL OF TECHNOLOGY MANAGEMENT,2025,0267-5730/1741-5276,否,否,否,SSCI;SCIE,1.4,,管理学,4 [697/1025],否," ENGINEERING, MULTIDISCIPLINARY 工程：综合",4 [68/179], MANAGEMENT 管理学,4 [299/404], OPERATIONS RESEARCH & MANAGEMENT SCIENCE 运筹学与管理科学,4 [83/106],,,,,,,三级
Academia-Revista Latinoamericana de Administracion,2025,1012-8255/2056-5127,否,否,否,SSCI,1.4,,管理学,4 [698/1025],否, BUSINESS 商业：管理,4 [226/302], MANAGEMENT 管理学,4 [300/404],,,,,,,,,三级
OR SPECTRUM,2025,0171-6468/1436-6304,否,否,否,SCIE,1.9,,管理学,4 [699/1025],否, OPERATIONS RESEARCH & MANAGEMENT SCIENCE 运筹学与管理科学,4 [84/106],,,,,,,,,,,三级
Tec Empresarial,2025,1659-2395/1659-2395,否,否,是,ESCI,2.4,,管理学,4 [700/1025],否, MANAGEMENT 管理学,4 [301/404],,,,,,,,,,,三级
Management Research-The Journal of the Iberoamerican Academy of Management,2025,1536-5433/1558-0946,否,否,否,ESCI,1.3,,管理学,4 [701/1025],否, MANAGEMENT 管理学,4 [302/404],,,,,,,,,,,三级
Nordic Journal of Working Life Studies,2025,2245-0157/2245-0157,否,否,是,ESCI,0.9,,管理学,4 [702/1025],否, INDUSTRIAL RELATIONS & LABOR 劳动关系学,4 [41/50],,,,,,,,,,,三级
Intangible Capital,2025,2014-3214/1697-9818,否,否,是,ESCI,1.3,,管理学,4 [703/1025],否, MANAGEMENT 管理学,4 [303/404],,,,,,,,,,,三级
Anatolia-International Journal of Tourism and Hospitality Research,2025,1303-2917/2156-6909,否,否,否,ESCI,1.4,,管理学,4 [704/1025],否," HOSPITALITY, LEISURE, SPORT & TOURISM 酒店、休闲、体育与旅游",4 [99/139],,,,,,,,,,,三级
Electronic Journal of Information Systems in Developing Countries,2025,1681-4835/1681-4835,否,否,否,ESCI,1.4,,管理学,4 [705/1025],否," SOCIAL SCIENCES, INTERDISCIPLINARY 社会科学：跨领域",4 [157/263],,,,,,,,,,,三级
RESEARCH-TECHNOLOGY MANAGEMENT,2025,0895-6308/1930-0166,否,否,否,SSCI;SCIE,3,,管理学,4 [706/1025],否, BUSINESS 商业：管理,4 [227/302]," ENGINEERING, INDUSTRIAL 工程：工业",4 [47/70], MANAGEMENT 管理学,4 [304/404],,,,,,,三级
South African Journal of Accounting Research,2025,1029-1954/2376-3981,否,否,否,ESCI,1.4,,管理学,4 [707/1025],否," BUSINESS, FINANCE 商业：财政与金融",4 [172/231],,,,,,,,,,,三级
CANADIAN JOURNAL OF INFORMATION AND LIBRARY SCIENCE-REVUE CANADIENNE DES SCIENCES DE L INFORMATION ET DE BIBLIOTHECONOMIE,2025,1195-096X/1920-7239,否,否,否,SSCI,0.7,,管理学,4 [708/1025],否, INFORMATION SCIENCE & LIBRARY SCIENCE 图书情报与档案管理,4 [105/160],,,,,,,,,,,三级
Journal of Innovation Economics & Management,2025,2032-5355/2032-5355,否,否,否,ESCI,2.3,,管理学,4 [709/1025],否, MANAGEMENT 管理学,4 [305/404],,,,,,,,,,,三级
International Journal of Entrepreneurial Venturing,2025,1742-5360/1742-5379,否,否,否,ESCI,0.8,,管理学,4 [710/1025],否, MANAGEMENT 管理学,4 [306/404],,,,,,,,,,,三级
Entrepreneurship and Sustainability Issues,2025,2345-0282/2345-0282,否,否,是,ESCI,1.3,,管理学,4 [711/1025],否, BUSINESS 商业：管理,4 [228/302],,,,,,,,,,,三级
Asia-Pacific Journal of Accounting & Economics,2025,1608-1625/2164-2257,否,否,否,SSCI,1.6,,管理学,4 [712/1025],否," BUSINESS, FINANCE 商业：财政与金融",4 [174/231], ECONOMICS 经济学,4 [419/599],,,,,,,,,三级
International Journal of Electronic Government Research,2025,1548-3886/1548-3894,否,否,否,ESCI,1.5,,管理学,4 [713/1025],否, INFORMATION SCIENCE & LIBRARY SCIENCE 图书情报与档案管理,4 [106/160],,,,,,,,,,,三级
DESIDOC Journal of Library & Information Technology,2025,0974-0643/0976-4658,否,否,否,ESCI,0.7,,管理学,4 [714/1025],否, INFORMATION SCIENCE & LIBRARY SCIENCE 图书情报与档案管理,4 [107/160],,,,,,,,,,,三级
Tourism,2025,1332-7461/1849-1545,否,否,否,ESCI,1.5,,管理学,4 [715/1025],否," HOSPITALITY, LEISURE, SPORT & TOURISM 酒店、休闲、体育与旅游",4 [100/139],,,,,,,,,,,三级
Commonwealth Journal of Local Governance,2025,1836-0394/1836-0394,否,否,是,ESCI,0.8,,管理学,4 [716/1025],否, PUBLIC ADMINISTRATION 公共管理,4 [72/91],,,,,,,,,,,三级
International Journal of Innovation Management,2025,1363-9196/1757-5877,否,否,否,ESCI,1.2,,管理学,4 [717/1025],否, MANAGEMENT 管理学,4 [307/404],,,,,,,,,,,三级
Foresight and STI Governance,2025,1995-459X/2500-2597,否,否,是,ESCI,1,,管理学,4 [718/1025],否, ECONOMICS 经济学,4 [424/599], MANAGEMENT 管理学,4 [308/404],,,,,,,,,三级
Journal of Business & Finance Librarianship,2025,0896-3568/1547-0644,否,否,否,ESCI,1.4,,管理学,4 [719/1025],否, INFORMATION SCIENCE & LIBRARY SCIENCE 图书情报与档案管理,4 [108/160],,,,,,,,,,,三级
Recreational Sports Journal,2025,1558-8661/1558-867X,否,否,否,ESCI,1,,管理学,4 [720/1025],否," HOSPITALITY, LEISURE, SPORT & TOURISM 酒店、休闲、体育与旅游",4 [101/139],,,,,,,,,,,三级
Anales de Documentacion,2025,1575-2437/1697-7904,否,否,是,ESCI,0.4,,管理学,4 [721/1025],否, INFORMATION SCIENCE & LIBRARY SCIENCE 图书情报与档案管理,4 [109/160],,,,,,,,,,,三级
Central European Journal of Operations Research,2025,1435-246X/1613-9178,否,否,否,SCIE,2.3,,管理学,4 [722/1025],否, OPERATIONS RESEARCH & MANAGEMENT SCIENCE 运筹学与管理科学,4 [88/106],,,,,,,,,,,三级
Journal for International Business and Entrepreneurship Development,2025,1549-9324/1747-6763,否,否,否,ESCI,1,,管理学,4 [723/1025],否, BUSINESS 商业：管理,4 [229/302],,,,,,,,,,,三级
Qualitative Research in Organizations and Management,2025,1746-5648/1746-5656,否,否,否,ESCI,1.8,,管理学,4 [724/1025],否, MANAGEMENT 管理学,4 [309/404],,,,,,,,,,,三级
AIB Studi,2025,2280-9112/2239-6144,否,否,是,ESCI,0.3,,管理学,4 [725/1025],否, INFORMATION SCIENCE & LIBRARY SCIENCE 图书情报与档案管理,4 [110/160],,,,,,,,,,,三级
LIBRARY TRENDS,2025,0024-2594/1559-0682,否,否,否,SSCI,0.3,,管理学,4 [726/1025],否, INFORMATION SCIENCE & LIBRARY SCIENCE 图书情报与档案管理,4 [111/160],,,,,,,,,,,三级
South African Journal of Information Management,2025,2078-1865/1560-683X,否,否,是,ESCI,0.9,,管理学,4 [727/1025],否, INFORMATION SCIENCE & LIBRARY SCIENCE 图书情报与档案管理,4 [112/160],,,,,,,,,,,三级
ESIC Market,2025,0212-1867/1989-3574,否,否,否,ESCI,4.4,,管理学,4 [728/1025],否, BUSINESS 商业：管理,4 [230/302],,,,,,,,,,,三级
Public Works Management & Policy,2025,1087-724X/1552-7549,否,否,否,ESCI,1,,管理学,4 [729/1025],否, PUBLIC ADMINISTRATION 公共管理,4 [73/91],,,,,,,,,,,三级
Strategic Management,2025,1821-3448/2334-6191,否,否,是,ESCI,1.4,,管理学,4 [730/1025],否, MANAGEMENT 管理学,4 [310/404],,,,,,,,,,,三级
South African Journal of Libraries and Information Science,2025,0256-8861/2304-8263,否,否,是,ESCI,0.5,,管理学,4 [731/1025],否, INFORMATION SCIENCE & LIBRARY SCIENCE 图书情报与档案管理,4 [113/160],,,,,,,,,,,三级
IZA Journal of Labor Policy,2025,2193-9004/2193-9004,否,否,是,ESCI,1.1,,管理学,4 [732/1025],否, INDUSTRIAL RELATIONS & LABOR 劳动关系学,4 [43/50],,,,,,,,,,,三级
Revista General de Informacion y Documentacion,2025,1132-1873/1988-2858,否,否,是,ESCI,0.2,,管理学,4 [733/1025],否, INFORMATION SCIENCE & LIBRARY SCIENCE 图书情报与档案管理,4 [114/160],,,,,,,,,,,三级
Journal of Scientometric Research,2025,2321-6654/2320-0057,否,否,否,ESCI,0.9,,管理学,4 [734/1025],否, INFORMATION SCIENCE & LIBRARY SCIENCE 图书情报与档案管理,4 [115/160],,,,,,,,,,,三级
Brazilian Journal of Operations & Production Management,2025,2237-8960/2237-8960,否,否,是,ESCI,1.1,,管理学,4 [735/1025],否, OPERATIONS RESEARCH & MANAGEMENT SCIENCE 运筹学与管理科学,4 [89/106],,,,,,,,,,,三级
E-Balonmano com,2025,1885-7019/1885-7019,否,否,是,ESCI,0.5,,管理学,4 [736/1025],否," HOSPITALITY, LEISURE, SPORT & TOURISM 酒店、休闲、体育与旅游",4 [102/139],,,,,,,,,,,三级
Current Issues in Auditing,2025,1936-1270/1936-1270,否,否,否,ESCI,0.8,,管理学,4 [737/1025],否," BUSINESS, FINANCE 商业：财政与金融",4 [177/231],,,,,,,,,,,三级
SERIALS REVIEW,2025,0098-7913/1879-095X,否,否,否,SSCI,0.9,,管理学,4 [738/1025],否, INFORMATION SCIENCE & LIBRARY SCIENCE 图书情报与档案管理,4 [116/160],,,,,,,,,,,三级
South African Journal of Economic and Management Sciences,2025,1015-8812/2222-3436,否,否,是,SSCI,1.4,,管理学,4 [739/1025],否, ECONOMICS 经济学,4 [431/599], MANAGEMENT 管理学,4 [311/404],,,,,,,,,三级
Journal of Revenue and Pricing Management,2025,1476-6930/1477-657X,否,否,否,ESCI,1.5,,管理学,4 [740/1025],否," BUSINESS, FINANCE 商业：财政与金融",4 [178/231],,,,,,,,,,,三级
Africa Journal of Management,2025,2332-2373/2332-2381,否,否,否,ESCI,1.6,,管理学,4 [741/1025],否, MANAGEMENT 管理学,4 [312/404],,,,,,,,,,,三级
Advances in Hospitality and Tourism Research-AHTR,2025,2147-9100/2148-7316,否,否,是,ESCI,0.9,,管理学,4 [742/1025],否," HOSPITALITY, LEISURE, SPORT & TOURISM 酒店、休闲、体育与旅游",4 [103/139],,,,,,,,,,,三级
INTERNATIONAL JOURNAL OF INTERNET MARKETING AND ADVERTISING,2025,1477-5212/1741-8100,否,否,否,ESCI,1.9,,管理学,4 [743/1025],否, BUSINESS 商业：管理,4 [231/302],,,,,,,,,,,三级
Journal of International Accounting Research,2025,1542-6297/1558-8025,否,否,否,ESCI,1,,管理学,4 [744/1025],否," BUSINESS, FINANCE 商业：财政与金融",4 [179/231],,,,,,,,,,,三级
Journal of Applied Sport Management,2025,2327-0179/2327-0187,否,否,否,ESCI,0.5,,管理学,4 [745/1025],否," HOSPITALITY, LEISURE, SPORT & TOURISM 酒店、休闲、体育与旅游",4 [104/139],,,,,,,,,,,三级
Asian Academy of Management Journal,2025,1394-2603/1985-8280,否,否,是,ESCI,0.8,,管理学,4 [746/1025],否, MANAGEMENT 管理学,4 [313/404],,,,,,,,,,,三级
Organization Technology and Management in Construction,2025,1847-5450/1847-6228,否,否,是,ESCI,1.7,,管理学,4 [747/1025],否, MANAGEMENT 管理学,4 [314/404],,,,,,,,,,,三级
Behavioral Research in Accounting,2025,1050-4753/1558-8009,否,否,否,ESCI,1.2,,管理学,4 [748/1025],否," BUSINESS, FINANCE 商业：财政与金融",4 [180/231],,,,,,,,,,,三级
International Journal of Public Leadership,2025,2056-4929/2042-8642,否,否,否,ESCI,1.5,,管理学,4 [749/1025],否, PUBLIC ADMINISTRATION 公共管理,4 [74/91],,,,,,,,,,,三级
Triple Helix,2025,2590-0366/2197-1927,否,否,是,ESCI,3.1,,管理学,4 [750/1025],否, MANAGEMENT 管理学,4 [315/404],,,,,,,,,,,三级
Proceedings of the Institution of Civil Engineers-Management Procurement and Law,2025,1751-4304/1751-4312,否,否,否,ESCI,1.1,,管理学,4 [751/1025],否, MANAGEMENT 管理学,4 [316/404],,,,,,,,,,,三级
Innovative Marketing,2025,1814-2427/1816-6326,否,否,是,ESCI,1.2,,管理学,4 [752/1025],否, BUSINESS 商业：管理,4 [232/302],,,,,,,,,,,三级
Journal of Accounting Literature,2025,0737-4607/2452-1469,否,否,否,ESCI,2.6,,管理学,4 [753/1025],否," BUSINESS, FINANCE 商业：财政与金融",4 [181/231],,,,,,,,,,,三级
Journal of Outdoor Recreation Education and Leadership,2025,2381-0696/1948-5123,否,否,否,ESCI,1.2,,管理学,4 [754/1025],否," HOSPITALITY, LEISURE, SPORT & TOURISM 酒店、休闲、体育与旅游",4 [106/139],,,,,,,,,,,三级
CORPORATE REPUTATION REVIEW,2025,1363-3589/1479-1889,否,否,否,ESCI,1.6,,管理学,4 [755/1025],否, BUSINESS 商业：管理,4 [233/302],,,,,,,,,,,三级
Tourism and Hospitality Management-Croatia,2025,1330-7533/1847-3377,否,否,是,ESCI,1.6,,管理学,4 [756/1025],否," HOSPITALITY, LEISURE, SPORT & TOURISM 酒店、休闲、体育与旅游",4 [107/139],,,,,,,,,,,三级
International Journal of Innovation and Technology Management,2025,0219-8770/1793-6950,否,否,否,ESCI,1.3,,管理学,4 [757/1025],否, MANAGEMENT 管理学,4 [317/404],,,,,,,,,,,三级
Business Systems Research Journal,2025,1847-8344/1847-9375,否,否,是,ESCI,1.2,,管理学,4 [758/1025],否, BUSINESS 商业：管理,4 [234/302],,,,,,,,,,,三级
Deturope-The Central European journal of Regional Development and Tourism,2025,1821-2506/1821-2506,否,否,是,ESCI,0.5,,管理学,4 [759/1025],否," HOSPITALITY, LEISURE, SPORT & TOURISM 酒店、休闲、体育与旅游",4 [108/139],,,,,,,,,,,三级
Journal of China Tourism Research,2025,1938-8160/1938-8179,否,否,否,ESCI,2,,管理学,4 [760/1025],否," HOSPITALITY, LEISURE, SPORT & TOURISM 酒店、休闲、体育与旅游",4 [109/139],,,,,,,,,,,三级
Decision Science Letters,2025,1929-5804/1929-5812,否,否,是,ESCI,1.1,,管理学,4 [761/1025],否, OPERATIONS RESEARCH & MANAGEMENT SCIENCE 运筹学与管理科学,4 [93/106],,,,,,,,,,,三级
Journal of Developmental Entrepreneurship,2025,1084-9467/1793-706X,否,否,否,ESCI,0.7,,管理学,4 [762/1025],否, BUSINESS 商业：管理,4 [236/302],,,,,,,,,,,三级
Journal of Tourism Sustainability and Well-being,2025,2795-5044/2795-5044,否,否,是,ESCI,1.4,,管理学,4 [763/1025],否," HOSPITALITY, LEISURE, SPORT & TOURISM 酒店、休闲、体育与旅游",4 [110/139],,,,,,,,,,,三级
Opsearch,2025,0030-3887/0975-0320,否,否,否,ESCI,1.8,,管理学,4 [764/1025],否, OPERATIONS RESEARCH & MANAGEMENT SCIENCE 运筹学与管理科学,4 [95/106],,,,,,,,,,,三级
European Journal of International Management,2025,1751-6757/1751-6765,否,否,否,SSCI,0.9,,管理学,4 [765/1025],否, MANAGEMENT 管理学,4 [319/404],,,,,,,,,,,三级
International Journal of Shipping and Transport Logistics,2025,1756-6517/1756-6525,否,否,否,SSCI,1.2,,管理学,4 [766/1025],否, MANAGEMENT 管理学,4 [320/404], TRANSPORTATION 交通运输,4 [50/58],,,,,,,,,三级
Technical Services Quarterly,2025,0731-7131/1555-3337,否,否,否,ESCI,1.3,,管理学,4 [767/1025],否, INFORMATION SCIENCE & LIBRARY SCIENCE 图书情报与档案管理,4 [117/160],,,,,,,,,,,三级
Negotiation and Conflict Management Research,2025,1750-4708/1750-4716,否,否,否,SSCI,0.6,,管理学,4 [768/1025],否, MANAGEMENT 管理学,4 [321/404]," PSYCHOLOGY, APPLIED 心理学：应用",4 [100/112],,,,,,,,,三级
Nauchnye i Tekhnicheskie Biblioteki-Scientific and Technical Libraries,2025,0130-9765/0130-9765,否,否,否,ESCI,0.3,,管理学,4 [769/1025],否, INFORMATION SCIENCE & LIBRARY SCIENCE 图书情报与档案管理,4 [118/160],,,,,,,,,,,三级
Pedagogy of Physical Culture and Sports,2025,2664-9837/2664-9837,否,否,是,ESCI,1.5,,管理学,4 [770/1025],否," HOSPITALITY, LEISURE, SPORT & TOURISM 酒店、休闲、体育与旅游",4 [111/139],,,,,,,,,,,三级
INTERNATIONAL STUDIES OF MANAGEMENT & ORGANIZATION,2025,0020-8825/1558-0911,否,否,否,ESCI,2.1,,管理学,4 [771/1025],否, MANAGEMENT 管理学,4 [322/404],,,,,,,,,,,三级
Ibersid-Revista de Sistemas de Informacion y Documentacion,2025,1888-0967/2174-081X,否,否,否,ESCI,0.2,,管理学,4 [772/1025],否, INFORMATION SCIENCE & LIBRARY SCIENCE 图书情报与档案管理,4 [120/160],,,,,,,,,,,三级
INFORMS Journal on Applied Analytics,2025,2644-0865/2644-0873,否,否,否,SSCI;SCIE,1.8,,管理学,4 [773/1025],否, MANAGEMENT 管理学,4 [324/404], OPERATIONS RESEARCH & MANAGEMENT SCIENCE 运筹学与管理科学,4 [97/106],,,,,,,,,三级
Journal of Chinese Human Resources Management,2025,2040-8005/2040-8013,否,否,否,ESCI,2.4,,管理学,4 [774/1025],否, MANAGEMENT 管理学,4 [325/404],,,,,,,,,,,三级
Malaysian Journal of Library & Information Science,2025,1394-6234/1394-6234,否,否,否,SSCI,0.5,,管理学,4 [775/1025],否, INFORMATION SCIENCE & LIBRARY SCIENCE 图书情报与档案管理,4 [121/160],,,,,,,,,,,三级
Journal of Corporate Accounting and Finance,2025,1044-8136/1097-0053,否,否,否,ESCI,1.2,,管理学,4 [776/1025],否," BUSINESS, FINANCE 商业：财政与金融",4 [186/231],,,,,,,,,,,三级
ASIA-PACIFIC JOURNAL OF OPERATIONAL RESEARCH,2025,0217-5959/1793-7019,否,否,否,SCIE,1,,管理学,4 [777/1025],否, OPERATIONS RESEARCH & MANAGEMENT SCIENCE 运筹学与管理科学,4 [98/106],,,,,,,,,,,三级
Journal of Project Management,2025,2371-8366/2371-8374,否,否,是,ESCI,1.5,,管理学,4 [778/1025],否," ENGINEERING, INDUSTRIAL 工程：工业",4 [58/70], MANAGEMENT 管理学,4 [326/404],,,,,,,,,三级
Documentation et Bibliotheques,2025,0315-2340/0315-2340,否,否,否,ESCI,0.1,,管理学,4 [779/1025],否, INFORMATION SCIENCE & LIBRARY SCIENCE 图书情报与档案管理,4 [122/160],,,,,,,,,,,三级
Lex Localis-Journal of Local Self-Government,2025,1581-5374/1855-363X,否,否,否,SSCI,0.4,,管理学,4 [780/1025],否, POLITICAL SCIENCE 政治学,4 [273/317], PUBLIC ADMINISTRATION 公共管理,4 [75/91],,,,,,,,,三级
Cuadernos de Turismo,2025,1139-7861/1989-4635,否,否,是,ESCI,0.5,,管理学,4 [781/1025],否," HOSPITALITY, LEISURE, SPORT & TOURISM 酒店、休闲、体育与旅游",4 [112/139],,,,,,,,,,,三级
Polish Journal of Management Studies,2025,2081-7452/2081-7452,否,否,否,ESCI,1.1,,管理学,4 [782/1025],否, MANAGEMENT 管理学,4 [327/404],,,,,,,,,,,三级
World Journal of Entrepreneurship Management and Sustainable Development,2025,2042-5961/2042-597X,否,否,否,ESCI,0.8,,管理学,4 [783/1025],否, MANAGEMENT 管理学,4 [329/404],,,,,,,,,,,三级
LOISIR & SOCIETE-SOCIETY AND LEISURE,2025,0705-3436/1705-0154,否,否,否,ESCI,0.5,,管理学,4 [784/1025],否," HOSPITALITY, LEISURE, SPORT & TOURISM 酒店、休闲、体育与旅游",4 [113/139],,,,,,,,,,,三级
Spanish Journal of Finance and Accounting-Revista Espanola de Financiacion y Contabilidad,2025,0210-2412/2332-0753,否,否,否,SSCI,1.2,,管理学,4 [785/1025],否," BUSINESS, FINANCE 商业：财政与金融",4 [188/231],,,,,,,,,,,三级
International Journal of Arts Management,2025,1480-8986/1480-8986,否,否,否,SSCI;AHCI,0.6,,管理学,4 [786/1025],否," HUMANITIES, MULTIDISCIPLINARY 人文科学",4 [366/406], MANAGEMENT 管理学,4 [330/404],,,,,,,,,三级
South African Journal of Business Management,2025,2078-5585/2078-5976,否,否,是,SSCI,1.2,,管理学,4 [787/1025],否, BUSINESS 商业：管理,4 [239/302], MANAGEMENT 管理学,4 [331/404],,,,,,,,,三级
JOURNAL OF INFORMATION & OPTIMIZATION SCIENCES,2025,0252-2667/2169-0103,否,否,否,ESCI,0.7,,管理学,4 [788/1025],否, INFORMATION SCIENCE & LIBRARY SCIENCE 图书情报与档案管理,4 [123/160],,,,,,,,,,,三级
Tourism Review International,2025,1544-2721/1943-4421,否,否,否,ESCI,1.1,,管理学,4 [789/1025],否," HOSPITALITY, LEISURE, SPORT & TOURISM 酒店、休闲、体育与旅游",4 [114/139],,,,,,,,,,,三级
ZEITSCHRIFT FUR BIBLIOTHEKSWESEN UND BIBLIOGRAPHIE,2025,0044-2380/1864-2950,否,否,否,SSCI,0.2,,管理学,4 [790/1025],否, INFORMATION SCIENCE & LIBRARY SCIENCE 图书情报与档案管理,4 [124/160],,,,,,,,,,,三级
Gadjah Mada international journal of business,2025,1411-1128/2338-7238,否,否,是,ESCI,1.1,,管理学,4 [791/1025],否, BUSINESS 商业：管理,4 [241/302],,,,,,,,,,,三级
Marketing and Management of Innovations,2025,2218-4511/2227-6718,否,否,是,ESCI,1.2,,管理学,4 [792/1025],否, MANAGEMENT 管理学,4 [332/404],,,,,,,,,,,三级
Journal of Media Business Studies,2025,1652-2354/2376-2977,否,否,否,ESCI,1.4,,管理学,4 [793/1025],否, BUSINESS 商业：管理,4 [242/302],,,,,,,,,,,三级
Nankai Business Review International,2025,2040-8749/2040-8757,否,否,否,ESCI,2.6,,管理学,4 [794/1025],否, MANAGEMENT 管理学,4 [333/404],,,,,,,,,,,三级
Administration,2025,0001-8325/2449-9471,否,否,是,ESCI,0.2,,管理学,4 [795/1025],否, PUBLIC ADMINISTRATION 公共管理,4 [76/91],,,,,,,,,,,三级
Infrastructure Asset Management,2025,2053-0242/2053-0250,否,否,否,ESCI,1.5,,管理学,4 [796/1025],否, MANAGEMENT 管理学,4 [334/404],,,,,,,,,,,三级
Middle East Journal of Management,2025,2050-3636/2050-3644,否,否,否,ESCI,0.6,,管理学,4 [797/1025],否, MANAGEMENT 管理学,4 [335/404],,,,,,,,,,,三级
American Journal of Business,2025,1935-519X/1935-5181,否,否,否,ESCI,1.8,,管理学,4 [798/1025],否, BUSINESS 商业：管理,4 [243/302],,,,,,,,,,,三级
Review of Business,2025,0034-6454/0034-6454,否,否,否,ESCI,0.6,,管理学,4 [799/1025],否, BUSINESS 商业：管理,4 [244/302],,,,,,,,,,,三级
HARVARD BUSINESS REVIEW,2025,0017-8012/0017-8012,否,否,否,SSCI,7.8,,管理学,4 [800/1025],否, BUSINESS 商业：管理,4 [245/302], MANAGEMENT 管理学,4 [336/404],,,,,,,,,三级
CANADIAN JOURNAL OF ADMINISTRATIVE SCIENCES-REVUE CANADIENNE DES SCIENCES DE L ADMINISTRATION,2025,0825-0383/1936-4490,否,否,否,SSCI,0.9,,管理学,4 [801/1025],否, BUSINESS 商业：管理,4 [246/302], MANAGEMENT 管理学,4 [337/404],,,,,,,,,三级
Journal of Information & Knowledge Management,2025,0219-6492/1793-6926,否,否,否,ESCI,1,,管理学,4 [802/1025],否, INFORMATION SCIENCE & LIBRARY SCIENCE 图书情报与档案管理,4 [125/160],,,,,,,,,,,三级
Frontiers of Business Research in China,2025,1673-7326/1673-7431,否,否,是,ESCI,0.3,,管理学,4 [803/1025],否, BUSINESS 商业：管理,4 [247/302],,,,,,,,,,,三级
Foundations and Trends in Marketing,2025,1555-0753/1555-0761,是,否,否,ESCI,0.5,,管理学,4 [804/1025],否, BUSINESS 商业：管理,4 [248/302],,,,,,,,,,,三级
MIT SLOAN MANAGEMENT REVIEW,2025,1532-9194/1532-8937,否,否,否,SSCI,4,,管理学,4 [805/1025],否, BUSINESS 商业：管理,4 [249/302], MANAGEMENT 管理学,4 [338/404],,,,,,,,,三级
Recherche et Applications en Marketing-English Edition,2025,2051-5707/2051-5707,否,否,否,ESCI,1,,管理学,4 [806/1025],否, BUSINESS 商业：管理,4 [250/302],,,,,,,,,,,三级
Technology Innovation Management Review,2025,1927-0321/1927-0321,否,否,是,ESCI,,,管理学,4 [807/1025],否, MANAGEMENT 管理学,4 [339/404],,,,,,,,,,,三级
Journal of Global Entrepreneurship Research,2025,2228-7566/2251-7316,否,否,否,ESCI,1.4,,管理学,4 [808/1025],否, BUSINESS 商业：管理,4 [251/302],,,,,,,,,,,三级
TOURISM CULTURE & COMMUNICATION,2025,1098-304X/1943-4146,否,否,否,ESCI,0.7,,管理学,4 [809/1025],否," HOSPITALITY, LEISURE, SPORT & TOURISM 酒店、休闲、体育与旅游",4 [115/139],,,,,,,,,,,三级
Central European Management Journal,2025,2658-0845/2658-2430,否,否,是,ESCI,2.9,,管理学,4 [810/1025],否, MANAGEMENT 管理学,4 [340/404],,,,,,,,,,,三级
Serbian Journal of Management,2025,1452-4864/1452-4864,否,否,是,ESCI,1,,管理学,4 [811/1025],否, MANAGEMENT 管理学,4 [341/404],,,,,,,,,,,三级
Journal of Leadership Studies,2025,1935-2611/1935-262X,否,否,否,ESCI,0.6,,管理学,4 [812/1025],否, MANAGEMENT 管理学,4 [342/404],,,,,,,,,,,三级
Evidence Based Library and Information Practice,2025,1715-720X/1715-720X,否,否,是,ESCI,0.8,,管理学,4 [813/1025],否, INFORMATION SCIENCE & LIBRARY SCIENCE 图书情报与档案管理,4 [126/160],,,,,,,,,,,三级
International Journal of Mathematical Engineering and Management Sciences,2025,2455-7749/2455-7749,否,否,是,ESCI,1.5,,管理学,4 [814/1025],否," ENGINEERING, MULTIDISCIPLINARY 工程：综合",4 [91/179]," MATHEMATICS, APPLIED 应用数学",4 [310/330], OPERATIONS RESEARCH & MANAGEMENT SCIENCE 运筹学与管理科学,4 [100/106],,,,,,,三级
Journal of Tourism History,2025,1755-182X/1755-1838,否,否,否,ESCI,0.9,,管理学,4 [815/1025],否," HOSPITALITY, LEISURE, SPORT & TOURISM 酒店、休闲、体育与旅游",4 [117/139],,,,,,,,,,,三级
Journal of Applied Corporate Finance,2025,1078-1196/1745-6622,否,否,否,ESCI,1.4,,管理学,4 [816/1025],否," BUSINESS, FINANCE 商业：财政与金融",4 [191/231],,,,,,,,,,,三级
African Journal of Library Archives and Information Science,2025,0795-4778/0795-4778,否,否,否,SSCI,0.6,,管理学,4 [817/1025],否, INFORMATION SCIENCE & LIBRARY SCIENCE 图书情报与档案管理,4 [127/160],,,,,,,,,,,三级
Cuadernos de Documentacion Multimedia,2025,1575-9733/1575-9733,否,否,是,ESCI,0.1,,管理学,4 [818/1025],否, INFORMATION SCIENCE & LIBRARY SCIENCE 图书情报与档案管理,4 [128/160],,,,,,,,,,,三级
Annals of Library and Information Studies,2025,0972-5423/0975-2404,否,否,是,ESCI,0.4,,管理学,4 [819/1025],否, INFORMATION SCIENCE & LIBRARY SCIENCE 图书情报与档案管理,4 [129/160],,,,,,,,,,,三级
Transinformacao,2025,0103-3786,否,否,否,SSCI,0.6,,管理学,4 [820/1025],否, INFORMATION SCIENCE & LIBRARY SCIENCE 图书情报与档案管理,4 [130/160],,,,,,,,,,,三级
Investigaciones Turisticas,2025,2174-5609/2174-5609,否,否,是,ESCI,0.9,,管理学,4 [821/1025],否," HOSPITALITY, LEISURE, SPORT & TOURISM 酒店、休闲、体育与旅游",4 [118/139],,,,,,,,,,,三级
3C Empresa,2025,2254-3376/2254-3376,否,否,是,ESCI,0.3,,管理学,4 [822/1025],否, BUSINESS 商业：管理,4 [253/302],,,,,,,,,,,三级
Journal of Inter-Organizational Relationships,2025,2694-3980/2694-3999,否,否,否,ESCI,0.9,,管理学,4 [823/1025],否, BUSINESS 商业：管理,4 [254/302],,,,,,,,,,,三级
International Journal of Business and Society,2025,1511-6670/1511-6670,否,否,否,ESCI,0.8,,管理学,4 [824/1025],否, BUSINESS 商业：管理,4 [255/302],,,,,,,,,,,三级
Journal of Park and Recreation Administration,2025,0735-1968/2160-6862,否,否,否,ESCI,1,,管理学,4 [825/1025],否," HOSPITALITY, LEISURE, SPORT & TOURISM 酒店、休闲、体育与旅游",4 [119/139],,,,,,,,,,,三级
Journal of Research Administration,2025,1539-1590/1539-1590,否,否,否,ESCI,1.6,,管理学,4 [826/1025],否, MANAGEMENT 管理学,4 [344/404],,,,,,,,,,,三级
Journal of Historical Research in Marketing,2025,1755-750X/1755-7518,否,否,否,ESCI,0.6,,管理学,4 [827/1025],否, BUSINESS 商业：管理,4 [256/302],,,,,,,,,,,三级
Operations Research and Decisions,2025,2081-8858/2391-6060,否,否,是,ESCI,1.1,,管理学,4 [828/1025],否, OPERATIONS RESEARCH & MANAGEMENT SCIENCE 运筹学与管理科学,4 [101/106],,,,,,,,,,,三级
Irish Journal of Management,2025,1649-248X/2451-2834,否,否,否,ESCI,0.7,,管理学,4 [829/1025],否, MANAGEMENT 管理学,4 [345/404],,,,,,,,,,,三级
Performance Measurement and Metrics,2025,1467-8047/1758-6925,否,否,否,ESCI,1.9,,管理学,4 [830/1025],否, INFORMATION SCIENCE & LIBRARY SCIENCE 图书情报与档案管理,4 [131/160],,,,,,,,,,,三级
Cadernos Gestao Publica e Cidadania,2025,1806-2261/2236-5710,否,否,是,ESCI,0.4,,管理学,4 [831/1025],否, PUBLIC ADMINISTRATION 公共管理,4 [78/91],,,,,,,,,,,三级
International Journal of Innovation and Learning,2025,1471-8197/1741-8089,否,否,否,ESCI,0.6,,管理学,4 [832/1025],否, MANAGEMENT 管理学,4 [346/404],,,,,,,,,,,三级
Journal of Homeland Security and Emergency Management,2025,2194-6361/1547-7355,否,否,否,SSCI,1,,管理学,4 [833/1025],否, PUBLIC ADMINISTRATION 公共管理,4 [79/91],,,,,,,,,,,三级
LIBRARY JOURNAL,2025,0363-0277,否,否,否,SSCI,0.9,,管理学,4 [834/1025],否, INFORMATION SCIENCE & LIBRARY SCIENCE 图书情报与档案管理,4 [132/160],,,,,,,,,,,三级
Journal of East-West Business,2025,1066-9868/1528-6959,否,否,否,ESCI,0.9,,管理学,4 [835/1025],否, BUSINESS 商业：管理,4 [257/302],,,,,,,,,,,三级
Cuadernos de Relaciones Laborales,2025,1131-8635/1988-2572,否,否,是,ESCI,0.3,,管理学,4 [836/1025],否, INDUSTRIAL RELATIONS & LABOR 劳动关系学,4 [44/50],,,,,,,,,,,三级
Cultura Ciencia y Deporte,2025,1696-5043/1989-7413,否,否,是,ESCI,1,,管理学,4 [837/1025],否," HOSPITALITY, LEISURE, SPORT & TOURISM 酒店、休闲、体育与旅游",4 [120/139],,,,,,,,,,,三级
Journal of the International Council for Small Business,2025,2643-7015/2643-7023,否,否,否,ESCI,1.5,,管理学,4 [838/1025],否, BUSINESS 商业：管理,4 [258/302], MANAGEMENT 管理学,4 [347/404],,,,,,,,,三级
BiD-Textos Universitaris de Biblioteconomia i Documentacio,2025,1575-5886/1575-5886,否,否,是,ESCI,0.8,,管理学,4 [839/1025],否, INFORMATION SCIENCE & LIBRARY SCIENCE 图书情报与档案管理,4 [133/160],,,,,,,,,,,三级
Croatian and Comparative Public Administration,2025,1848-0357/1849-2150,否,否,否,ESCI,0.4,,管理学,4 [840/1025],否, PUBLIC ADMINISTRATION 公共管理,4 [80/91],,,,,,,,,,,三级
RBGN-Revista Brasileira de Gestao de Negocios,2025,1806-4892/1983-0807,否,否,是,SSCI,0.8,,管理学,4 [841/1025],否, BUSINESS 商业：管理,4 [259/302], MANAGEMENT 管理学,4 [348/404],,,,,,,,,三级
TRANSPORTATION JOURNAL,2025,0041-1612/2157-328X,否,否,否,SSCI,1,,管理学,4 [842/1025],否, MANAGEMENT 管理学,4 [349/404], TRANSPORTATION 交通运输,4 [53/58],,,,,,,,,三级
Asian Journal of Business and Accounting,2025,1985-4064/2180-3137,否,否,否,ESCI,1.1,,管理学,4 [843/1025],否," BUSINESS, FINANCE 商业：财政与金融",4 [195/231],,,,,,,,,,,三级
International Journal of Asian Business and Information Management,2025,1947-9638/1947-9646,否,否,否,ESCI,1.1,,管理学,4 [844/1025],否, BUSINESS 商业：管理,4 [260/302],,,,,,,,,,,三级
Journal of Creating Value,2025,2394-9643/2454-213X,否,否,否,ESCI,1.5,,管理学,4 [845/1025],否, BUSINESS 商业：管理,4 [261/302], MANAGEMENT 管理学,4 [350/404],,,,,,,,,三级
Management-Poland,2025,1429-9321/2299-193X,否,否,是,ESCI,0.4,,管理学,4 [846/1025],否, MANAGEMENT 管理学,4 [351/404],,,,,,,,,,,三级
INFOR,2025,0315-5986/1916-0615,否,否,是,SCIE,1.6,,管理学,4 [847/1025],否," COMPUTER SCIENCE, INFORMATION SYSTEMS 计算机：信息系统",4 [206/249], OPERATIONS RESEARCH & MANAGEMENT SCIENCE 运筹学与管理科学,4 [103/106],,,,,,,,,三级
Chinese Public Administration Review,2025,1539-6754/2573-1483,否,否,否,ESCI,1,,管理学,4 [848/1025],否, PUBLIC ADMINISTRATION 公共管理,4 [81/91],,,,,,,,,,,三级
Journal of Library and Information Studies,2025,1606-7509/2309-9119,否,否,是,ESCI,0.4,,管理学,4 [849/1025],否, INFORMATION SCIENCE & LIBRARY SCIENCE 图书情报与档案管理,4 [134/160],,,,,,,,,,,三级
International Journal of Indian Culture and Business Management,2025,1753-0806/1753-0814,否,否,否,ESCI,0.6,,管理学,4 [850/1025],否, BUSINESS 商业：管理,4 [262/302],,,,,,,,,,,三级
LogForum,2025,1895-2038/1734-459X,否,否,是,ESCI,1,,管理学,4 [851/1025],否, MANAGEMENT 管理学,4 [352/404],,,,,,,,,,,三级
Canadian Journal of Nonprofit and Social Economy Research,2025,1920-9355/1920-9355,否,否,是,ESCI,0.5,,管理学,4 [852/1025],否, PUBLIC ADMINISTRATION 公共管理,4 [82/91],,,,,,,,,,,三级
Annals of Applied Sport Science,2025,2322-4479/2322-4479,否,否,是,ESCI,0.9,,管理学,4 [853/1025],否," HOSPITALITY, LEISURE, SPORT & TOURISM 酒店、休闲、体育与旅游",4 [121/139],,,,,,,,,,,三级
Civil Szemle,2025,1786-3341/1786-3341,否,否,否,SSCI,0.4,,管理学,4 [854/1025],否, PUBLIC ADMINISTRATION 公共管理,4 [83/91],,,,,,,,,,,三级
Scientific and Technical Information Processing,2025,0147-6882/1934-8118,否,否,否,ESCI,0.4,,管理学,4 [855/1025],否, INFORMATION SCIENCE & LIBRARY SCIENCE 图书情报与档案管理,4 [135/160],,,,,,,,,,,三级
Upravlenets-The Manager,2025,2218-5003/2218-5003,否,否,是,ESCI,0.4,,管理学,4 [856/1025],否, MANAGEMENT 管理学,4 [353/404],,,,,,,,,,,三级
Perspectivas em Ciencia da Informacao,2025,1413-9936/1981-5344,否,否,是,ESCI,0.3,,管理学,4 [857/1025],否, INFORMATION SCIENCE & LIBRARY SCIENCE 图书情报与档案管理,4 [136/160],,,,,,,,,,,三级
Journal of Intelligence Studies in Business,2025,2001-015X/2001-015X,否,否,是,ESCI,1.1,,管理学,4 [858/1025],否, BUSINESS 商业：管理,4 [264/302],,,,,,,,,,,三级
Information Resources Management Journal,2025,1040-1628/1533-7979,否,否,否,ESCI,0.9,,管理学,4 [859/1025],否, INFORMATION SCIENCE & LIBRARY SCIENCE 图书情报与档案管理,4 [137/160],,,,,,,,,,,三级
International Journal of Online Marketing,2025,2156-1753/2156-1745,否,否,否,ESCI,,,管理学,4 [860/1025],否, BUSINESS 商业：管理,4 [265/302],,,,,,,,,,,三级
International Journal of E-Business Research,2025,1548-1131/1548-114X,否,否,否,ESCI,1.9,,管理学,4 [861/1025],否, BUSINESS 商业：管理,4 [266/302],,,,,,,,,,,三级
Revista Ibero-Americana de Ciencia da Informacao,2025,1983-5213/1983-5213,否,否,是,ESCI,0.1,,管理学,4 [862/1025],否, INFORMATION SCIENCE & LIBRARY SCIENCE 图书情报与档案管理,4 [138/160],,,,,,,,,,,三级
Bibliothek Forschung und Praxis,2025,0341-4183/1865-7648,否,否,否,ESCI,0.1,,管理学,4 [863/1025],否, INFORMATION SCIENCE & LIBRARY SCIENCE 图书情报与档案管理,4 [139/160],,,,,,,,,,,三级
BUSINESS & PROFESSIONAL ETHICS JOURNAL,2025,0277-2027/2153-7828,否,否,否,ESCI,0.5,,管理学,4 [864/1025],否, ETHICS 伦理学,4 [71/77],,,,,,,,,,,三级
African Journal of Business Ethics,2025,1817-7417/0976-3600,否,否,是,ESCI,1.1,,管理学,4 [865/1025],否, BUSINESS 商业：管理,4 [267/302],,,,,,,,,,,三级
International Journal of Business Environment,2025,1740-0589/1740-0597,否,否,否,ESCI,1,,管理学,4 [866/1025],否, BUSINESS 商业：管理,4 [268/302],,,,,,,,,,,三级
Management-Journal of Contemporary Management Issues,2025,1331-0194/1846-3363,否,否,是,ESCI,0.5,,管理学,4 [867/1025],否, MANAGEMENT 管理学,4 [354/404],,,,,,,,,,,三级
Management Theory and Studies for Rural Business and Infrastructure Development,2025,1822-6760/2345-0355,否,否,是,ESCI,0.7,,管理学,4 [868/1025],否, BUSINESS 商业：管理,4 [269/302],,,,,,,,,,,三级
Administracao-Ensino e Pesquisa,2025,2177-6083/2358-0917,否,否,是,ESCI,0.1,,管理学,4 [869/1025],否, MANAGEMENT 管理学,4 [355/404],,,,,,,,,,,三级
International Journal of Public Administration in the Digital Age,2025,2334-4520/2334-4539,否,否,否,ESCI,0.2,,管理学,4 [870/1025],否, INFORMATION SCIENCE & LIBRARY SCIENCE 图书情报与档案管理,4 [140/160],,,,,,,,,,,三级
Acta Logistica,2025,1339-5629/1339-5629,否,否,是,ESCI,0.9,,管理学,4 [871/1025],否," ENGINEERING, INDUSTRIAL 工程：工业",4 [62/70], MANAGEMENT 管理学,4 [356/404],,,,,,,,,三级
Encontros Bibli-Revista Eletronica de Biblioteconomia e Ciencia da Informacao,2025,1518-2924/1518-2924,否,否,是,ESCI,0.5,,管理学,4 [872/1025],否, INFORMATION SCIENCE & LIBRARY SCIENCE 图书情报与档案管理,4 [141/160],,,,,,,,,,,三级
Metodos de informacion,2025,1134-2838/2173-1241,否,否,是,ESCI,0.1,,管理学,4 [873/1025],否, INFORMATION SCIENCE & LIBRARY SCIENCE 图书情报与档案管理,4 [142/160],,,,,,,,,,,三级
Opera-Colombia,2025,1657-8651/2346-2159,否,否,是,ESCI,0.2,,管理学,4 [874/1025],否, PUBLIC ADMINISTRATION 公共管理,4 [84/91],,,,,,,,,,,三级
Em Questao,2025,1807-8893/1808-5245,否,否,是,ESCI,0.2,,管理学,4 [875/1025],否, INFORMATION SCIENCE & LIBRARY SCIENCE 图书情报与档案管理,4 [143/160],,,,,,,,,,,三级
Journal of Transport and Supply Chain Management,2025,2310-8789/1995-5235,否,否,是,ESCI,1.3,,管理学,4 [876/1025],否, MANAGEMENT 管理学,4 [357/404],,,,,,,,,,,三级
International Journal of Organizational Leadership,2025,2383-1103/2345-6744,否,否,是,ESCI,1,,管理学,4 [877/1025],否, MANAGEMENT 管理学,4 [358/404],,,,,,,,,,,三级
Comptabilite Controle Audit,2025,1262-2788,否,否,否,SSCI,0.3,,管理学,4 [878/1025],否," BUSINESS, FINANCE 商业：财政与金融",4 [200/231],,,,,,,,,,,三级
Biznes Informatika-Business Informatics,2025,1998-0663/1998-0663,否,否,否,ESCI,0.5,,管理学,4 [879/1025],否, BUSINESS 商业：管理,4 [270/302],,,,,,,,,,,三级
TRAVAIL HUMAIN,2025,0041-1868/2104-3663,否,否,否,SSCI;SCIE,0.4,,管理学,4 [880/1025],否," ENGINEERING, INDUSTRIAL 工程：工业",4 [64/70], ERGONOMICS 人体工程学,4 [22/24], PSYCHOLOGY 心理学,4 [85/92]," PSYCHOLOGY, APPLIED 心理学：应用",4 [107/112],,,,,三级
Journal of Sport and Health Research,2025,1989-6239/1989-6239,否,否,是,ESCI,1,,管理学,4 [881/1025],否," HOSPITALITY, LEISURE, SPORT & TOURISM 酒店、休闲、体育与旅游",4 [122/139],,,,,,,,,,,三级
Arrancada,2025,1729-3693/1810-5882,否,否,否,ESCI,0.6,,管理学,4 [882/1025],否," HOSPITALITY, LEISURE, SPORT & TOURISM 酒店、休闲、体育与旅游",4 [123/139],,,,,,,,,,,三级
International Journal of Management Studies,2025,2232-1608/2180-2467,否,否,是,ESCI,0.9,,管理学,4 [883/1025],否, MANAGEMENT 管理学,4 [359/404],,,,,,,,,,,三级
Investigacion Bibliotecologica,2025,0187-358X/2448-8321,否,否,是,SSCI,0.4,,管理学,4 [884/1025],否, INFORMATION SCIENCE & LIBRARY SCIENCE 图书情报与档案管理,4 [144/160],,,,,,,,,,,三级
AD-minister,2025,1692-0279/2256-4322,否,否,是,ESCI,0.3,,管理学,4 [885/1025],否, BUSINESS 商业：管理,4 [271/302],,,,,,,,,,,三级
Iranian Journal of Management Studies,2025,2008-7055/2345-3745,否,否,是,ESCI,0.8,,管理学,4 [886/1025],否, MANAGEMENT 管理学,4 [360/404],,,,,,,,,,,三级
Journal of Electronic Commerce in Organizations,2025,1539-2937/1539-2929,否,否,否,ESCI,1.2,,管理学,4 [887/1025],否, BUSINESS 商业：管理,4 [272/302],,,,,,,,,,,三级
Accounting History Review,2025,2155-2851/2155-286X,否,否,否,ESCI,1.3,,管理学,4 [888/1025],否, BUSINESS 商业：管理,4 [273/302],,,,,,,,,,,三级
International Journal of Human Factors and Ergonomics,2025,2045-7804/2045-7812,否,否,否,ESCI,0.5,,管理学,4 [889/1025],否, ERGONOMICS 人体工程学,4 [23/24],,,,,,,,,,,三级
Turkish Librarianship,2025,1300-0039/2147-9682,否,否,是,ESCI,0.1,,管理学,4 [890/1025],否, INFORMATION SCIENCE & LIBRARY SCIENCE 图书情报与档案管理,4 [145/160],,,,,,,,,,,三级
Revista do Servico Publico,2025,0034-9240/2357-8017,否,否,否,ESCI,0.3,,管理学,4 [891/1025],否, PUBLIC ADMINISTRATION 公共管理,4 [85/91],,,,,,,,,,,三级
UCJC Business and Society Review,2025,2659-3270/2659-3270,否,否,是,ESCI,0.3,,管理学,4 [892/1025],否, BUSINESS 商业：管理,4 [274/302],,,,,,,,,,,三级
International Journal of Enterprise Information Systems,2025,1548-1115/1548-1123,否,否,否,ESCI,0.4,,管理学,4 [893/1025],否," COMPUTER SCIENCE, INFORMATION SYSTEMS 计算机：信息系统",4 [216/249],,,,,,,,,,,三级
Southern African Journal of Accountability and Auditing Research-SAJAAR,2025,1028-9011/1028-9011,否,否,否,ESCI,0.2,,管理学,4 [894/1025],否," BUSINESS, FINANCE 商业：财政与金融",4 [203/231],,,,,,,,,,,三级
Qualitative & Quantitative Methods in Libraries,2025,2241-1925/2241-1925,否,否,否,ESCI,0.1,,管理学,4 [895/1025],否, INFORMATION SCIENCE & LIBRARY SCIENCE 图书情报与档案管理,4 [146/160],,,,,,,,,,,三级
SMART-Journal of Business Management Studies,2025,0973-1598/2321-2012,否,否,否,ESCI,0.3,,管理学,4 [896/1025],否, MANAGEMENT 管理学,4 [361/404],,,,,,,,,,,三级
Almatourism-Journal of Tourism Culture and Territorial Development,2025,2036-5195/2036-5195,否,否,是,ESCI,<0.1,,管理学,4 [897/1025],否," HOSPITALITY, LEISURE, SPORT & TOURISM 酒店、休闲、体育与旅游",4 [124/139],,,,,,,,,,,三级
Journal of East European Management Studies,2025,0949-6181/1862-0019,否,否,否,SSCI,0.6,,管理学,4 [898/1025],否, MANAGEMENT 管理学,4 [362/404],,,,,,,,,,,三级
Materiales para la Historia del Deporte,2025,2340-7166/2340-7166,否,否,是,ESCI,0.2,,管理学,4 [899/1025],否," HOSPITALITY, LEISURE, SPORT & TOURISM 酒店、休闲、体育与旅游",4 [125/139],,,,,,,,,,,三级
E-Ciencias de la Informacion,2025,1659-4142/1659-4142,否,否,是,ESCI,0.1,,管理学,4 [900/1025],否, INFORMATION SCIENCE & LIBRARY SCIENCE 图书情报与档案管理,4 [147/160],,,,,,,,,,,三级
JOURNAL OF ENTERPRISING CULTURE,2025,0218-4958/1793-6330,否,否,否,ESCI,0.6,,管理学,4 [901/1025],否, BUSINESS 商业：管理,4 [275/302],,,,,,,,,,,三级
Pasos-Revista de Turismo y Patrimonio Cultural,2025,1695-7121/1695-7121,否,否,是,ESCI,0.4,,管理学,4 [902/1025],否," HOSPITALITY, LEISURE, SPORT & TOURISM 酒店、休闲、体育与旅游",4 [126/139],,,,,,,,,,,三级
International Journal of E-Adoption,2025,1937-9633/1937-9641,否,否,否,ESCI,0.6,,管理学,4 [903/1025],否, INFORMATION SCIENCE & LIBRARY SCIENCE 图书情报与档案管理,4 [148/160],,,,,,,,,,,三级
Management Research and Practice,2025,2067-2462/2067-2462,否,否,否,ESCI,0.6,,管理学,4 [904/1025],否, MANAGEMENT 管理学,4 [363/404],,,,,,,,,,,三级
Acta Structilia,2025,1023-0564/2415-0487,否,否,是,ESCI,0.6,,管理学,4 [905/1025],否, MANAGEMENT 管理学,4 [364/404],,,,,,,,,,,三级
Revista Brasileira de Pesquisa em Turismo,2025,1982-6125/1982-6125,否,否,是,ESCI,0.5,,管理学,4 [906/1025],否," HOSPITALITY, LEISURE, SPORT & TOURISM 酒店、休闲、体育与旅游",4 [127/139],,,,,,,,,,,三级
Voprosy Gosudarstvennogo i Munitsipalnogo Upravleniya-Public Administration Issues,2025,1999-5431/1999-5431,否,否,否,ESCI,0.5,,管理学,4 [907/1025],否, PUBLIC ADMINISTRATION 公共管理,4 [86/91],,,,,,,,,,,三级
LIBRARY AND INFORMATION SCIENCE,2025,0373-4447/0373-4447,否,否,否,SSCI,0.8,,管理学,4 [908/1025],否, INFORMATION SCIENCE & LIBRARY SCIENCE 图书情报与档案管理,4 [149/160],,,,,,,,,,,三级
International Journal of Human Capital and Information Technology Professionals,2025,1947-3478/1947-3486,否,否,否,ESCI,1.7,,管理学,4 [909/1025],否, MANAGEMENT 管理学,4 [365/404],,,,,,,,,,,三级
RDBCI-Revista Digital de Biblioteconomia e Ciencia da Informacao,2025,1678-765X/1678-765X,否,否,是,ESCI,0.5,,管理学,4 [910/1025],否, INFORMATION SCIENCE & LIBRARY SCIENCE 图书情报与档案管理,4 [150/160],,,,,,,,,,,三级
China Nonprofit Review,2025,1876-5092/1876-5149,否,否,否,ESCI,,,管理学,4 [911/1025],否, PUBLIC ADMINISTRATION 公共管理,4 [87/91],,,,,,,,,,,三级
Bosniaca-Journal of the National and University Library of Bosnia and Herzegovina,2025,1512-5033/2303-8888,否,否,是,ESCI,0.1,,管理学,4 [912/1025],否, INFORMATION SCIENCE & LIBRARY SCIENCE 图书情报与档案管理,4 [151/160],,,,,,,,,,,三级
Bibliotecas-Revista de la Escuela de Bibliotecologia Documentacion e Informacion,2025,1409-3049/1659-3286,否,否,是,ESCI,0.1,,管理学,4 [913/1025],否, INFORMATION SCIENCE & LIBRARY SCIENCE 图书情报与档案管理,4 [152/160],,,,,,,,,,,三级
Zeitschrift fur Tourismuswissenschaft,2025,1867-9501/2366-0406,否,否,否,ESCI,0.3,,管理学,4 [914/1025],否," HOSPITALITY, LEISURE, SPORT & TOURISM 酒店、休闲、体育与旅游",4 [128/139],,,,,,,,,,,三级
International Journal of Information Systems in the Service Sector,2025,1935-5688/1935-5696,否,否,否,ESCI,0.7,,管理学,4 [915/1025],否," COMPUTER SCIENCE, INFORMATION SYSTEMS 计算机：信息系统",4 [226/249],,,,,,,,,,,三级
International Journal of Mobile Communications,2025,1470-949X/1741-5217,否,否,否,SSCI,1.1,,管理学,4 [916/1025],否, COMMUNICATION 传播学,4 [216/223],,,,,,,,,,,三级
Revista Iberoamericana de Estudios Municipales,2025,0718-8838/0719-1790,否,否,是,ESCI,0.5,,管理学,4 [917/1025],否, PUBLIC ADMINISTRATION 公共管理,4 [88/91],,,,,,,,,,,三级
Istanbul Business Research,2025,2630-5488/2630-5488,否,否,是,ESCI,0.6,,管理学,4 [918/1025],否," BUSINESS, FINANCE 商业：财政与金融",4 [208/231],,,,,,,,,,,三级
International Journal of Business Analytics,2025,2334-4547/2334-4555,否,否,否,ESCI,0.8,,管理学,4 [919/1025],否, BUSINESS 商业：管理,4 [276/302],,,,,,,,,,,三级
RELATIONS INDUSTRIELLES-INDUSTRIAL RELATIONS,2025,0034-379X,否,否,否,SSCI,0.6,,管理学,4 [920/1025],否, INDUSTRIAL RELATIONS & LABOR 劳动关系学,4 [45/50],,,,,,,,,,,三级
Biblios-Revista de Bibliotecologia y Ciencias de la Informacion,2025,1562-4730/1562-4730,否,否,是,ESCI,0.2,,管理学,4 [921/1025],否, INFORMATION SCIENCE & LIBRARY SCIENCE 图书情报与档案管理,4 [153/160],,,,,,,,,,,三级
Nouvelle Revue du Travail,2025,2263-8989/2263-8989,否,否,是,ESCI,<0.1,,管理学,4 [922/1025],否, INDUSTRIAL RELATIONS & LABOR 劳动关系学,4 [46/50],,,,,,,,,,,三级
International Journal of Business Performance Management,2025,1368-4892/1741-5039,否,否,否,ESCI,0.8,,管理学,4 [923/1025],否, MANAGEMENT 管理学,4 [366/404],,,,,,,,,,,三级
International Journal of Information Technology Project Management,2025,1938-0232/1938-0240,否,否,否,ESCI,0.3,,管理学,4 [924/1025],否, MANAGEMENT 管理学,4 [367/404],,,,,,,,,,,三级
International Journal of Business,2025,1083-4346/1083-4346,否,否,否,ESCI,0.6,,管理学,4 [925/1025],否, BUSINESS 商业：管理,4 [277/302],,,,,,,,,,,三级
Revista Gestion de las Personas y Tecnologia,2025,0718-5693/0718-5693,否,否,是,ESCI,0.3,,管理学,4 [926/1025],否, MANAGEMENT 管理学,4 [368/404],,,,,,,,,,,三级
International Sports Studies,2025,1443-0770/1443-0770,否,否,否,ESCI,0.1,,管理学,4 [927/1025],否," HOSPITALITY, LEISURE, SPORT & TOURISM 酒店、休闲、体育与旅游",4 [129/139],,,,,,,,,,,三级
International Journal of Knowledge and Systems Science,2025,1947-8208/1947-8216,否,否,否,ESCI,0.6,,管理学,4 [928/1025],否, OPERATIONS RESEARCH & MANAGEMENT SCIENCE 运筹学与管理科学,4 [104/106],,,,,,,,,,,三级
Journal of Tourism Management Research,2025,2408-9117/2313-4178,否,否,否,ESCI,0.6,,管理学,4 [929/1025],否," HOSPITALITY, LEISURE, SPORT & TOURISM 酒店、休闲、体育与旅游",4 [130/139],,,,,,,,,,,三级
Revista de Gestao e Projetos,2025,2236-0972/2236-0972,否,否,是,ESCI,0.3,,管理学,4 [930/1025],否, BUSINESS 商业：管理,4 [278/302],,,,,,,,,,,三级
South East Asian Journal of Management,2025,1978-1989/2355-6641,否,否,是,ESCI,0.9,,管理学,4 [931/1025],否, MANAGEMENT 管理学,4 [369/404],,,,,,,,,,,三级
International Journal of Information Systems and Supply Chain Management,2025,1935-5726/1935-5734,否,否,否,ESCI,1,,管理学,4 [932/1025],否, MANAGEMENT 管理学,4 [370/404],,,,,,,,,,,三级
AtoZ-Novas Praticas em Informacao e Conhecimento,2025,2237-826X/2237-826X,否,否,是,ESCI,0.2,,管理学,4 [933/1025],否, INFORMATION SCIENCE & LIBRARY SCIENCE 图书情报与档案管理,4 [154/160],,,,,,,,,,,三级
International Journal of Innovation,2025,2318-9975/2318-9975,否,否,否,ESCI,0.8,,管理学,4 [934/1025],否, BUSINESS 商业：管理,4 [279/302],,,,,,,,,,,三级
European Journal of Tourism Hospitality and Recreation,2025,2182-4924/2182-4916,否,否,否,ESCI,0.4,,管理学,4 [935/1025],否," HOSPITALITY, LEISURE, SPORT & TOURISM 酒店、休闲、体育与旅游",4 [131/139],,,,,,,,,,,三级
Foundations of Management,2025,2080-7279/2300-5661,否,否,是,ESCI,0.5,,管理学,4 [936/1025],否, MANAGEMENT 管理学,4 [371/404],,,,,,,,,,,三级
African Journal of Information Systems,2025,1936-0282/1936-0282,否,否,是,ESCI,0.4,,管理学,4 [937/1025],否," COMPUTER SCIENCE, INFORMATION SYSTEMS 计算机：信息系统",4 [235/249],,,,,,,,,,,三级
Asian Journal of Accounting and Governance,2025,2180-3838/2180-3838,否,否,否,ESCI,0.2,,管理学,4 [938/1025],否," BUSINESS, FINANCE 商业：财政与金融",4 [215/231],,,,,,,,,,,三级
Revue Internationale PME,2025,0776-5436/0776-5436,否,否,否,ESCI,0.3,,管理学,4 [939/1025],否, BUSINESS 商业：管理,4 [280/302],,,,,,,,,,,三级
Journal of Law Finance and Accounting,2025,2380-5005/2380-5013,否,否,否,ESCI,0.5,,管理学,4 [940/1025],否," BUSINESS, FINANCE 商业：财政与金融",4 [216/231], LAW 法学,4 [419/427],,,,,,,,,三级
Contabilidade Gestao e Governanca,2025,1984-3925/1984-3925,否,否,是,ESCI,0.3,,管理学,4 [941/1025],否, MANAGEMENT 管理学,4 [372/404],,,,,,,,,,,三级
Informacios Tarsadalom,2025,1587-8694,否,否,否,SSCI,0.6,,管理学,4 [942/1025],否, INFORMATION SCIENCE & LIBRARY SCIENCE 图书情报与档案管理,4 [155/160],,,,,,,,,,,三级
Bibliotecas-Anales de Investigacion,2025,0006-176X/1683-8947,否,否,否,ESCI,0.2,,管理学,4 [943/1025],否, INFORMATION SCIENCE & LIBRARY SCIENCE 图书情报与档案管理,4 [156/160],,,,,,,,,,,三级
Scire-Representacion y Organizacion del Conocimiento,2025,1135-3716/2340-7042,否,否,否,ESCI,0.3,,管理学,4 [944/1025],否, INFORMATION SCIENCE & LIBRARY SCIENCE 图书情报与档案管理,4 [157/160],,,,,,,,,,,三级
Acta Turistica,2025,0353-4316/1848-6061,否,否,否,ESCI,0.4,,管理学,4 [945/1025],否," HOSPITALITY, LEISURE, SPORT & TOURISM 酒店、休闲、体育与旅游",4 [132/139],,,,,,,,,,,三级
Journal of Environmental Accounting and Management,2025,2325-6192/2325-6206,否,否,否,ESCI,0.8,,管理学,4 [946/1025],否, GREEN & SUSTAINABLE SCIENCE & TECHNOLOGY 绿色可持续发展技术,4 [87/91],,,,,,,,,,,三级
Podium-Sport Leisure and Tourism Review,2025,2316-932X/2316-932X,否,否,是,ESCI,0.7,,管理学,4 [947/1025],否," HOSPITALITY, LEISURE, SPORT & TOURISM 酒店、休闲、体育与旅游",4 [133/139],,,,,,,,,,,三级
Libres-Library and Information Science Research Electronic Journal,2025,1058-6768/1058-6768,否,否,是,ESCI,0.3,,管理学,4 [948/1025],否, INFORMATION SCIENCE & LIBRARY SCIENCE 图书情报与档案管理,4 [158/160],,,,,,,,,,,三级
Asian Case Research Journal,2025,0218-9275/1793-6772,否,否,否,ESCI,<0.1,,管理学,4 [949/1025],否, BUSINESS 商业：管理,4 [281/302],,,,,,,,,,,三级
Revista Pegada,2025,1676-1871/1676-3025,否,否,是,ESCI,<0.1,,管理学,4 [950/1025],否, INDUSTRIAL RELATIONS & LABOR 劳动关系学,4 [47/50],,,,,,,,,,,三级
MILITARY OPERATIONS RESEARCH,2025,1082-5983/2163-2758,否,否,否,SCIE,0.3,,管理学,4 [951/1025],否, OPERATIONS RESEARCH & MANAGEMENT SCIENCE 运筹学与管理科学,4 [105/106],,,,,,,,,,,三级
Asia-Pacific Management Accounting Journal,2025,1675-3194/1675-3194,否,否,否,ESCI,0.3,,管理学,4 [952/1025],否," BUSINESS, FINANCE 商业：财政与金融",4 [219/231],,,,,,,,,,,三级
Revista Evidenciacao Contabil & Financas,2025,2318-1001/2318-1001,否,否,是,ESCI,<0.1,,管理学,4 [953/1025],否," BUSINESS, FINANCE 商业：财政与金融",4 [221/231],,,,,,,,,,,三级
Revista Ecorfan,2025,2007-1582/2007-3682,否,否,否,ESCI,0.1,,管理学,4 [954/1025],否, BUSINESS 商业：管理,4 [282/302],,,,,,,,,,,三级
International Journal of Technology and Human Interaction,2025,1548-3908/1548-3916,否,否,否,ESCI,0.9,,管理学,4 [955/1025],否, INFORMATION SCIENCE & LIBRARY SCIENCE 图书情报与档案管理,4 [159/160],,,,,,,,,,,三级
RAE-Revista de Administracao de Empresas,2025,0034-7590/2178-938X,否,否,是,SSCI,0.6,,管理学,4 [956/1025],否, BUSINESS 商业：管理,4 [283/302], MANAGEMENT 管理学,4 [374/404],,,,,,,,,三级
Anais Brasileiros de Estudos Turisticos-ABET,2025,2238-2925/2238-2925,否,否,否,ESCI,0.3,,管理学,4 [957/1025],否," HOSPITALITY, LEISURE, SPORT & TOURISM 酒店、休闲、体育与旅游",4 [134/139],,,,,,,,,,,三级
INFORMATION-WISSENSCHAFT UND PRAXIS,2025,1434-4653/1619-4292,否,否,否,ESCI,0.1,,管理学,4 [958/1025],否," COMPUTER SCIENCE, INFORMATION SYSTEMS 计算机：信息系统",4 [243/249],,,,,,,,,,,三级
E-Journal of International and Comparative Labour Studies,2025,2280-4056/2280-4056,否,否,否,ESCI,0.1,,管理学,4 [959/1025],否, INDUSTRIAL RELATIONS & LABOR 劳动关系学,4 [48/50],,,,,,,,,,,三级
Revista Brasileira de Futsal e Futebol,2025,1984-4956/1984-4956,否,否,是,ESCI,0.3,,管理学,4 [960/1025],否," HOSPITALITY, LEISURE, SPORT & TOURISM 酒店、休闲、体育与旅游",4 [135/139],,,,,,,,,,,三级
Independent Journal of Management & Production,2025,2236-269X/2236-269X,否,否,否,ESCI,,,管理学,4 [961/1025],否, MANAGEMENT 管理学,4 [375/404],,,,,,,,,,,三级
International Journal of Value Chain Management,2025,1741-5357/1741-5365,否,否,否,ESCI,0.6,,管理学,4 [962/1025],否, MANAGEMENT 管理学,4 [376/404],,,,,,,,,,,三级
Revista Ambiente Contabil,2025,2176-9036/2176-9036,否,否,是,ESCI,0.1,,管理学,4 [963/1025],否," BUSINESS, FINANCE 商业：财政与金融",4 [223/231],,,,,,,,,,,三级
Revista Brasileira de Marketing,2025,2177-5184/2177-5184,否,否,是,ESCI,0.6,,管理学,4 [964/1025],否, BUSINESS 商业：管理,4 [284/302],,,,,,,,,,,三级
BETRIEBSWIRTSCHAFTLICHE FORSCHUNG UND PRAXIS,2025,0340-5370/0340-5370,否,否,否,SSCI,0.2,,管理学,4 [965/1025],否, BUSINESS 商业：管理,4 [285/302], MANAGEMENT 管理学,4 [377/404],,,,,,,,,三级
African Journal of Accounting Auditing and Finance,2025,2046-8083/2046-8091,否,否,否,ESCI,0.7,,管理学,4 [966/1025],否," BUSINESS, FINANCE 商业：财政与金融",4 [224/231],,,,,,,,,,,三级
Revista del CLAD Reforma y Democracia,2025,1315-2378/1315-2378,否,否,否,SSCI,,,管理学,4 [967/1025],否, POLITICAL SCIENCE 政治学,4 [316/317], PUBLIC ADMINISTRATION 公共管理,4 [89/91],,,,,,,,,三级
Casopis za Ekonomiju i Trzisne Komunikacije,2025,2232-8823/2232-9633,否,否,是,ESCI,0.3,,管理学,4 [968/1025],否, BUSINESS 商业：管理,4 [286/302],,,,,,,,,,,三级
Revista Ciencias Administrativas,2025,1414-0896/2318-0722,否,否,否,ESCI,0.1,,管理学,4 [969/1025],否, MANAGEMENT 管理学,4 [378/404],,,,,,,,,,,三级
International Journal of Services Technology and Management,2025,1460-6720/1741-525X,否,否,否,ESCI,0.3,,管理学,4 [970/1025],否, MANAGEMENT 管理学,4 [379/404],,,,,,,,,,,三级
Revista Gestao & Tecnologia-Journal of Management and Technology,2025,1677-9479/2177-6652,否,否,否,ESCI,0.3,,管理学,4 [971/1025],否, MANAGEMENT 管理学,4 [380/404],,,,,,,,,,,三级
Clio America,2025,1909-941X/2389-7848,否,否,是,ESCI,0.1,,管理学,4 [972/1025],否, BUSINESS 商业：管理,4 [288/302],,,,,,,,,,,三级
Suma de Negocios,2025,2215-910X/2027-5692,否,否,是,ESCI,0.2,,管理学,4 [973/1025],否, BUSINESS 商业：管理,4 [289/302],,,,,,,,,,,三级
Cuadernos de Administracion-Universidad del Valle,2025,0120-4645/2256-5078,否,否,是,ESCI,0.1,,管理学,4 [974/1025],否, MANAGEMENT 管理学,4 [381/404],,,,,,,,,,,三级
Revista Gestao Organizacional,2025,1983-6635/1983-6635,否,否,是,ESCI,0.2,,管理学,4 [975/1025],否, MANAGEMENT 管理学,4 [382/404],,,,,,,,,,,三级
Informacao & Sociedade-Estudos,2025,0104-0146/1809-4783,否,否,否,SSCI,<0.1,,管理学,4 [976/1025],否, INFORMATION SCIENCE & LIBRARY SCIENCE 图书情报与档案管理,4 [160/160],,,,,,,,,,,三级
Journal of Organisational Studies and Innovation,2025,2056-9122/2056-9130,否,否,否,ESCI,0.5,,管理学,4 [977/1025],否, MANAGEMENT 管理学,4 [383/404],,,,,,,,,,,三级
Asian Journal of Management Cases,2025,0972-8201/0973-0621,否,否,否,ESCI,0.2,,管理学,4 [978/1025],否, MANAGEMENT 管理学,4 [384/404],,,,,,,,,,,三级
Journal of Accounting Review,2025,1018-1687/1018-1687,否,否,否,ESCI,0.1,,管理学,4 [979/1025],否," BUSINESS, FINANCE 商业：财政与金融",4 [226/231],,,,,,,,,,,三级
Administracao Publica e Gestao Social,2025,2175-5787/2175-5787,否,否,是,ESCI,0.1,,管理学,4 [980/1025],否, PUBLIC ADMINISTRATION 公共管理,4 [90/91],,,,,,,,,,,三级
International Journal of Applied Management Science,2025,1755-8913/1755-8921,否,否,否,ESCI,0.5,,管理学,4 [981/1025],否, MANAGEMENT 管理学,4 [385/404], OPERATIONS RESEARCH & MANAGEMENT SCIENCE 运筹学与管理科学,4 [106/106],,,,,,,,,三级
Market-Trziste,2025,0353-4790/1849-1383,否,否,是,ESCI,0.6,,管理学,4 [982/1025],否, BUSINESS 商业：管理,4 [290/302],,,,,,,,,,,三级
International Journal of Innovation and Sustainable Development,2025,1740-8822/1740-8830,否,否,否,ESCI,0.6,,管理学,4 [983/1025],否, GREEN & SUSTAINABLE SCIENCE & TECHNOLOGY 绿色可持续发展技术,4 [89/91],,,,,,,,,,,三级
NTU Management Review,2025,1018-1601/2410-2490,否,否,否,ESCI,0.2,,管理学,4 [984/1025],否, MANAGEMENT 管理学,4 [386/404],,,,,,,,,,,三级
Anuario Turismo y Sociedad,2025,0120-7555/2346-206X,否,否,是,ESCI,0.2,,管理学,4 [985/1025],否," HOSPITALITY, LEISURE, SPORT & TOURISM 酒店、休闲、体育与旅游",4 [136/139],,,,,,,,,,,三级
Dalhousie Journal of Interdisciplinary Management,2025,1923-6530/1923-6530,否,否,否,ESCI,<0.1,,管理学,4 [986/1025],否, MANAGEMENT 管理学,4 [387/404],,,,,,,,,,,三级
NMIMS Management Review,2025,0971-1023/0971-1023,否,否,否,ESCI,0.5,,管理学,4 [987/1025],否, MANAGEMENT 管理学,4 [388/404],,,,,,,,,,,三级
Revue de l IRES,2025,1145-1378/1145-1378,否,否,否,ESCI,0.4,,管理学,4 [988/1025],否, INDUSTRIAL RELATIONS & LABOR 劳动关系学,4 [49/50],,,,,,,,,,,三级
Revista Brasileira de Inovacao,2025,1677-2504/2178-2822,否,否,是,ESCI,0.3,,管理学,4 [989/1025],否, BUSINESS 商业：管理,4 [291/302],,,,,,,,,,,三级
Gecontec-Revista Internacional de Gestion del Conocimiento y la Tecnologia,2025,2255-5684/2255-5684,否,否,是,ESCI,0.1,,管理学,4 [990/1025],否, MANAGEMENT 管理学,4 [389/404],,,,,,,,,,,三级
PERIPLO SUSTENTABLE,2025,1870-9036/1870-9036,否,否,否,ESCI,0.3,,管理学,4 [991/1025],否," HOSPITALITY, LEISURE, SPORT & TOURISM 酒店、休闲、体育与旅游",4 [137/139],,,,,,,,,,,三级
Revista de Estudios Empresariales-Segunda Epoca,2025,0213-8964/1988-9046,否,否,是,ESCI,0.2,,管理学,4 [992/1025],否, BUSINESS 商业：管理,4 [292/302],,,,,,,,,,,三级
RISUS-Journal on Innovation and Sustainability,2025,2179-3565/2179-3565,否,否,是,ESCI,0.3,,管理学,4 [993/1025],否, MANAGEMENT 管理学,4 [390/404],,,,,,,,,,,三级
Rosa dos Ventos-Turismo e Hospitalidade,2025,2178-9061/2178-9061,否,否,是,ESCI,0.1,,管理学,4 [994/1025],否," HOSPITALITY, LEISURE, SPORT & TOURISM 酒店、休闲、体育与旅游",4 [138/139],,,,,,,,,,,三级
Revista de Gestion Publica,2025,0719-1820/0719-1839,否,否,否,ESCI,0.4,,管理学,4 [995/1025],否, PUBLIC ADMINISTRATION 公共管理,4 [91/91],,,,,,,,,,,三级
Contaduria Universidad de Antioquia,2025,0120-4203/2590-4604,否,否,是,ESCI,0.3,,管理学,4 [996/1025],否," BUSINESS, FINANCE 商业：财政与金融",4 [227/231],,,,,,,,,,,三级
Inquietud Empresarial,2025,0121-1048/2422-3220,否,否,是,ESCI,0.3,,管理学,4 [997/1025],否, BUSINESS 商业：管理,4 [293/302],,,,,,,,,,,三级
Vision Gerencial,2025,2477-9547/1317-8822,否,否,是,ESCI,0.1,,管理学,4 [998/1025],否, MANAGEMENT 管理学,4 [391/404],,,,,,,,,,,三级
Retail and Marketing Review,2025,2708-3209/2708-3209,否,否,是,ESCI,0.3,,管理学,4 [999/1025],否, BUSINESS 商业：管理,4 [294/302],,,,,,,,,,,三级
Revista Contabilidade e Controladoria-RC C,2025,1984-6266/1984-6266,否,否,否,ESCI,0.2,,管理学,4 [1000/1025],否," BUSINESS, FINANCE 商业：财政与金融",4 [228/231],,,,,,,,,,,三级
Direccion y Organizacion,2025,1132-175X/2171-6323,否,否,否,ESCI,0.4,,管理学,4 [1001/1025],否, MANAGEMENT 管理学,4 [392/404],,,,,,,,,,,三级
Pacific Business Review International,2025,0974-438X/0974-438X,否,否,否,ESCI,0.1,,管理学,4 [1002/1025],否, BUSINESS 商业：管理,4 [295/302],,,,,,,,,,,三级
JIMS8M-The Journal of Indian Management & Strategy,2025,0973-9335/0973-9343,否,否,否,ESCI,0.1,,管理学,4 [1003/1025],否, MANAGEMENT 管理学,4 [393/404],,,,,,,,,,,三级
European Management Studies,2025,2956-7602/2956-7602,否,否,否,ESCI,0.7,,管理学,4 [1004/1025],否, MANAGEMENT 管理学,4 [394/404],,,,,,,,,,,三级
Revista Administracao em Dialogo,2025,2178-0080/2178-0080,否,否,是,ESCI,<0.1,,管理学,4 [1005/1025],否, MANAGEMENT 管理学,4 [395/404],,,,,,,,,,,三级
Gran Tour,2025,2172-8690/2172-8690,否,否,是,ESCI,0.1,,管理学,4 [1006/1025],否," HOSPITALITY, LEISURE, SPORT & TOURISM 酒店、休闲、体育与旅游",4 [139/139],,,,,,,,,,,三级
Turkish Journal of Business Ethics,2025,1308-4070/2149-8148,否,否,否,ESCI,0.3,,管理学,4 [1007/1025],否, BUSINESS 商业：管理,4 [296/302],,,,,,,,,,,三级
Rossiiskii Zhurnal Menedzhmenta-Russian Management Journal,2025,1729-7427/2618-6977,否,否,否,ESCI,0.5,,管理学,4 [1008/1025],否, MANAGEMENT 管理学,4 [396/404],,,,,,,,,,,三级
Teoria e Pratica em Administracao-TPA,2025,2238-104X/2238-104X,否,否,是,ESCI,0.1,,管理学,4 [1009/1025],否, MANAGEMENT 管理学,4 [397/404],,,,,,,,,,,三级
International Journal of Emergency Management,2025,1471-4825/1741-5071,否,否,否,ESCI,0.6,,管理学,4 [1010/1025],否, MANAGEMENT 管理学,4 [398/404],,,,,,,,,,,三级
Contabilidad y Negocios,2025,1992-1896/2221-724X,否,否,是,ESCI,0.2,,管理学,4 [1011/1025],否," BUSINESS, FINANCE 商业：财政与金融",4 [229/231],,,,,,,,,,,三级
Revista Perspectiva Empresarial,2025,2389-8186/2389-8194,否,否,是,ESCI,0.1,,管理学,4 [1012/1025],否, BUSINESS 商业：管理,4 [297/302],,,,,,,,,,,三级
REUNIR-Revista de Administracao Contabilidade e Sustentabilidade,2025,2237-3667/2237-3667,否,否,否,ESCI,0.1,,管理学,4 [1013/1025],否, BUSINESS 商业：管理,4 [298/302],,,,,,,,,,,三级
Indonesian Journal of Sustainability Accounting and Management,2025,2597-6214/2597-6222,否,否,是,ESCI,0.3,,管理学,4 [1014/1025],否," BUSINESS, FINANCE 商业：财政与金融",4 [230/231], MANAGEMENT 管理学,4 [399/404],,,,,,,,,三级
Revista CICAG,2025,1856-6189/1856-6189,否,否,否,ESCI,<0.1,,管理学,4 [1015/1025],否, MANAGEMENT 管理学,4 [400/404],,,,,,,,,,,三级
Gurukul Business Review-GBR,2025,0973-1466/0973-9262,否,否,否,ESCI,0.1,,管理学,4 [1016/1025],否, BUSINESS 商业：管理,4 [299/302],,,,,,,,,,,三级
Revista ENIAC Pesquisa,2025,2316-2341/2316-2341,否,否,是,ESCI,<0.1,,管理学,4 [1017/1025],否, MANAGEMENT 管理学,4 [401/404],,,,,,,,,,,三级
Revista de Gestao Financas e Contabilidade,2025,2238-5320/2238-5320,否,否,否,ESCI,,,管理学,4 [1018/1025],否," BUSINESS, FINANCE 商业：财政与金融",4 [231/231],,,,,,,,,,,三级
Gestao e Desenvolvimento,2025,1807-5436/2446-6875,否,否,是,ESCI,0.5,,管理学,4 [1019/1025],否, BUSINESS 商业：管理,4 [300/302],,,,,,,,,,,三级
International Journal on Working Conditions,2025,2182-9535/2182-9535,否,否,是,ESCI,0.1,,管理学,4 [1020/1025],否, INDUSTRIAL RELATIONS & LABOR 劳动关系学,4 [50/50],,,,,,,,,,,三级
Navus-Revista de Gestao e Tecnologia,2025,2237-4558/2237-4558,否,否,是,ESCI,<0.1,,管理学,4 [1021/1025],否, MANAGEMENT 管理学,4 [402/404],,,,,,,,,,,三级
Caderno Profissional de Marketing Unimep,2025,2317-6466/2317-6466,否,否,是,ESCI,,,管理学,4 [1022/1025],否, BUSINESS 商业：管理,4 [301/302],,,,,,,,,,,三级
Revista Eletronica de Estrategia e Negocios-REEN,2025,1984-3372/1984-3372,否,否,是,ESCI,<0.1,,管理学,4 [1023/1025],否, MANAGEMENT 管理学,4 [403/404],,,,,,,,,,,三级
Sistemas & Gestao,2025,1980-5160/1980-5160,否,否,否,ESCI,0.1,,管理学,4 [1024/1025],否, MANAGEMENT 管理学,4 [404/404],,,,,,,,,,,三级
Revista Universidad Empresa,2025,0124-4639/2145-4558,否,否,是,ESCI,0.6,,管理学,4 [1025/1025],否, BUSINESS 商业：管理,4 [302/302],,,,,,,,,,,三级
