Journal,年份,ISSN/EISSN,Review,OA Journal Index（OAJ）,Open Access,Web of Science,影响因子,标注,大类,大类分区,Top,小类1,小类1分区,小类2,小类2分区,小类3,小类3分区,小类4,小类4分区,小类5,小类5分区,小类6,小类6分区,权威期刊
NATURE REVIEWS MOLECULAR CELL BIOLOGY,2025,1471-0072/1471-0080,是,否,否,SCIE,90.2,,生物学,1 [1/1091],是, CELL BIOLOGY 细胞生物学,1 [1/203],,,,,,,,,,,一级
NATURE REVIEWS MICROBIOLOGY,2025,1740-1526/1740-1534,是,否,否,SCIE,103.3,,生物学,1 [2/1091],是, MICROBIOLOGY 微生物学,1 [1/159],,,,,,,,,,,一级
CELL,2025,0092-8674/1097-4172,否,否,否,SCIE,42.5,,生物学,1 [3/1091],是, BIOCHEMISTRY & MOLECULAR BIOLOGY 生化与分子生物学,1 [2/310], CELL BIOLOGY 细胞生物学,1 [4/203],,,,,,,,,一级
NATURE GENETICS,2025,1061-4036/1546-1718,否,否,否,SCIE,29,,生物学,1 [4/1091],是, GENETICS & HEREDITY 遗传学,1 [1/190],,,,,,,,,,,一级
Cell Metabolism,2025,1550-4131/1932-7420,否,否,否,SCIE,30.9,,生物学,1 [5/1091],是, CELL BIOLOGY 细胞生物学,1 [5/203], ENDOCRINOLOGY & METABOLISM 内分泌学与代谢,1 [2/184],,,,,,,,,一级
NATURE REVIEWS GENETICS,2025,1471-0056/1471-0064,是,否,否,SCIE,52,,生物学,1 [6/1091],是, GENETICS & HEREDITY 遗传学,1 [2/190],,,,,,,,,,,一级
Annual Review of Plant Biology,2025,1543-5008/1545-2123,是,否,否,SCIE,26.5,,生物学,1 [7/1091],是, PLANT SCIENCES 植物科学,1 [1/265],,,,,,,,,,,一级
FUNGAL DIVERSITY,2025,1560-2745/1878-9129,否,否,否,SCIE,24.8,,生物学,1 [8/1091],是, MYCOLOGY 真菌学,1 [1/32],,,,,,,,,,,一级
Nature Microbiology,2025,2058-5276/2058-5276,否,否,否,SCIE,19.4,,生物学,1 [9/1091],是, MICROBIOLOGY 微生物学,1 [2/159],,,,,,,,,,,一级
Molecular Plant,2025,1674-2052/1752-9867,否,否,否,SCIE,24.1,,生物学,1 [10/1091],是, BIOCHEMISTRY & MOLECULAR BIOLOGY 生化与分子生物学,1 [3/310], PLANT SCIENCES 植物科学,1 [2/265],,,,,,,,,一级
TRENDS IN ECOLOGY & EVOLUTION,2025,0169-5347/1872-8383,是,否,否,SCIE,17.3,,生物学,1 [11/1091],是, ECOLOGY 生态学,1 [1/196], EVOLUTIONARY BIOLOGY 进化生物学,1 [1/52], GENETICS & HEREDITY 遗传学,1 [3/190],,,,,,,一级
Annual Review of Ecology Evolution and Systematics,2025,1543-592X/1545-2069,是,否,否,SCIE,11.4,,生物学,1 [12/1091],是, ECOLOGY 生态学,1 [2/196], EVOLUTIONARY BIOLOGY 进化生物学,1 [2/52],,,,,,,,,一级
CELL RESEARCH,2025,1001-0602/1748-7838,否,否,否,SCIE,25.9,,生物学,1 [13/1091],是, CELL BIOLOGY 细胞生物学,1 [7/203],,,,,,,,,,,一级
Nature Plants,2025,2055-026X/2055-0278,否,否,否,SCIE,13.6,,生物学,1 [14/1091],是, PLANT SCIENCES 植物科学,1 [3/265],,,,,,,,,,,一级
Nature Ecology & Evolution,2025,2397-334X/2397-334X,否,否,否,SCIE,14.5,,生物学,1 [15/1091],是, ECOLOGY 生态学,1 [3/196], EVOLUTIONARY BIOLOGY 进化生物学,1 [3/52],,,,,,,,,一级
NATURE BIOTECHNOLOGY,2025,1087-0156/1546-1696,否,否,否,SCIE,41.7,,生物学,1 [16/1091],是, BIOTECHNOLOGY & APPLIED MICROBIOLOGY 生物工程与应用微生物,1 [2/174],,,,,,,,,,,一级
NATURE METHODS,2025,1548-7091/1548-7105,否,否,否,SCIE,32.1,,生物学,1 [17/1091],是, BIOCHEMICAL RESEARCH METHODS 生化研究方法,1 [1/85],,,,,,,,,,,一级
NATURE CELL BIOLOGY,2025,1465-7392/1476-4679,否,否,否,SCIE,19.1,,生物学,1 [18/1091],是, CELL BIOLOGY 细胞生物学,1 [8/203],,,,,,,,,,,一级
Physics of Life Reviews,2025,1571-0645/1873-1457,是,否,否,SCIE,14.3,,生物学,1 [19/1091],是, BIOLOGY 生物学,1 [1/109], BIOPHYSICS 生物物理,1 [1/76],,,,,,,,,一级
Molecular Cell,2025,1097-2765/1097-4164,否,否,否,SCIE,16.6,,生物学,1 [20/1091],是, BIOCHEMISTRY & MOLECULAR BIOLOGY 生化与分子生物学,1 [6/310], CELL BIOLOGY 细胞生物学,1 [11/203],,,,,,,,,一级
BIOLOGICAL REVIEWS,2025,1464-7931/1469-185X,是,否,否,SCIE,11.7,,生物学,1 [21/1091],是, BIOLOGY 生物学,1 [2/109],,,,,,,,,,,一级
Lancet Microbe,2025,2666-5247/2666-5247,否,是,是,SCIE,20.4,,生物学,1 [22/1091],是, INFECTIOUS DISEASES 传染病学,1 [2/134], MICROBIOLOGY 微生物学,1 [5/159],,,,,,,,,一级
TRENDS IN PLANT SCIENCE,2025,1360-1385/1878-4372,是,否,否,SCIE,20.8,,生物学,1 [23/1091],是, PLANT SCIENCES 植物科学,1 [4/265],,,,,,,,,,,一级
Nature Chemical Biology,2025,1552-4450/1552-4469,否,否,否,SCIE,13.7,,生物学,1 [24/1091],是, BIOCHEMISTRY & MOLECULAR BIOLOGY 生化与分子生物学,1 [8/310],,,,,,,,,,,一级
NATURE STRUCTURAL & MOLECULAR BIOLOGY,2025,1545-9993/1545-9985,否,否,否,SCIE,10.1,,生物学,1 [25/1091],是, BIOCHEMISTRY & MOLECULAR BIOLOGY 生化与分子生物学,1 [9/310], BIOPHYSICS 生物物理,1 [2/76], CELL BIOLOGY 细胞生物学,1 [12/203],,,,,,,一级
Annual Review of Biochemistry,2025,0066-4154/1545-4509,是,否,否,SCIE,20.5,,生物学,1 [26/1091],是, BIOCHEMISTRY & MOLECULAR BIOLOGY 生化与分子生物学,1 [10/310],,,,,,,,,,,一级
Microbiome,2025,2049-2618/2049-2618,否,否,是,SCIE,12.7,,生物学,1 [27/1091],是, MICROBIOLOGY 微生物学,1 [6/159],,,,,,,,,,,一级
STUDIES IN MYCOLOGY,2025,0166-0616/1872-9797,否,否,是,SCIE,17.1,,生物学,1 [28/1091],是, MYCOLOGY 真菌学,1 [2/32],,,,,,,,,,,一级
Annual Review of Biophysics,2025,1936-122X/1936-1238,是,否,否,SCIE,13.7,,生物学,1 [29/1091],是, BIOPHYSICS 生物物理,1 [3/76],,,,,,,,,,,一级
PLANT CELL,2025,1040-4651/1532-298X,否,否,否,SCIE,11.6,,生物学,1 [30/1091],是, BIOCHEMISTRY & MOLECULAR BIOLOGY 生化与分子生物学,1 [11/310], CELL BIOLOGY 细胞生物学,1 [14/203], PLANT SCIENCES 植物科学,1 [6/265],,,,,,,一级
NATURAL PRODUCT REPORTS,2025,0265-0568/1460-4752,是,否,否,SCIE,10.6,,生物学,1 [31/1091],是, BIOCHEMISTRY & MOLECULAR BIOLOGY 生化与分子生物学,1 [12/310]," CHEMISTRY, MEDICINAL 药物化学",1 [1/72]," CHEMISTRY, ORGANIC 有机化学",1 [1/57],,,,,,,一级
BIOTECHNOLOGY ADVANCES,2025,0734-9750/1873-1899,是,否,否,SCIE,12.5,,生物学,1 [32/1091],是, BIOTECHNOLOGY & APPLIED MICROBIOLOGY 生物工程与应用微生物,1 [3/174],,,,,,,,,,,一级
TRENDS IN MICROBIOLOGY,2025,0966-842X/1878-4380,是,否,否,SCIE,14.9,,生物学,1 [33/1091],是, BIOCHEMISTRY & MOLECULAR BIOLOGY 生化与分子生物学,1 [13/310], MICROBIOLOGY 微生物学,1 [7/159],,,,,,,,,一级
DEVELOPMENTAL CELL,2025,1534-5807/1878-1551,否,否,否,SCIE,8.7,,生物学,1 [34/1091],是, CELL BIOLOGY 细胞生物学,1 [15/203], DEVELOPMENTAL BIOLOGY 发育生物学,1 [1/39],,,,,,,,,一级
TRENDS IN CELL BIOLOGY,2025,0962-8924/1879-3088,是,否,否,SCIE,18.1,,生物学,1 [35/1091],是, CELL BIOLOGY 细胞生物学,2 [19/203],,,,,,,,,,,一级
PLANT BIOTECHNOLOGY JOURNAL,2025,1467-7644/1467-7652,否,是,是,SCIE,10.5,,生物学,1 [36/1091],是, BIOTECHNOLOGY & APPLIED MICROBIOLOGY 生物工程与应用微生物,1 [4/174], PLANT SCIENCES 植物科学,1 [7/265],,,,,,,,,一级
TRENDS IN BIOTECHNOLOGY,2025,0167-7799/1879-3096,是,否,否,SCIE,14.9,,生物学,1 [37/1091],是, BIOTECHNOLOGY & APPLIED MICROBIOLOGY 生物工程与应用微生物,1 [5/174],,,,,,,,,,,一级
Annual Review of Cell and Developmental Biology,2025,1081-0706/1530-8995,是,否,否,SCIE,11.4,,生物学,1 [38/1091],是, DEVELOPMENTAL BIOLOGY 发育生物学,1 [2/39], CELL BIOLOGY 细胞生物学,2 [22/203],,,,,,,,,一级
Cell Discovery,2025,2056-5968/2056-5968,否,是,是,SCIE,12.5,,生物学,1 [39/1091],是, CELL BIOLOGY 细胞生物学,1 [16/203],,,,,,,,,,,一级
TRENDS IN BIOCHEMICAL SCIENCES,2025,0968-0004/1362-4326,是,否,否,SCIE,11,,生物学,1 [40/1091],是, BIOCHEMISTRY & MOLECULAR BIOLOGY 生化与分子生物学,1 [15/310],,,,,,,,,,,一级
CURRENT BIOLOGY,2025,0960-9822/1879-0445,否,否,否,SCIE,7.5,,生物学,1 [41/1091],是, BIOCHEMISTRY & MOLECULAR BIOLOGY 生化与分子生物学,1 [16/310], BIOLOGY 生物学,1 [3/109], CELL BIOLOGY 细胞生物学,2 [23/203],,,,,,,一级
TRENDS IN GENETICS,2025,0168-9525/1362-4555,是,否,否,SCIE,16.3,,生物学,1 [42/1091],是, GENETICS & HEREDITY 遗传学,1 [4/190],,,,,,,,,,,一级
PERSOONIA,2025,0031-5850,否,否,否,SCIE,7.3,,生物学,1 [43/1091],是, MYCOLOGY 真菌学,1 [3/32],,,,,,,,,,,一级
Annual Review of Genetics,2025,0066-4197/1545-2948,是,否,否,SCIE,8.6,,生物学,1 [44/1091],是, GENETICS & HEREDITY 遗传学,1 [5/190],,,,,,,,,,,一级
Annual Review of Microbiology,2025,0066-4227/1545-3251,是,否,否,SCIE,9.9,,生物学,1 [45/1091],是, MICROBIOLOGY 微生物学,2 [15/159],,,,,,,,,,,一级
Genome Medicine,2025,1756-994X/1756-994X,否,否,是,SCIE,11.2,,生物学,1 [46/1091],是, GENETICS & HEREDITY 遗传学,1 [7/190],,,,,,,,,,,一级
FEMS MICROBIOLOGY REVIEWS,2025,0168-6445/1574-6976,是,否,否,SCIE,12.3,,生物学,1 [47/1091],是, MICROBIOLOGY 微生物学,2 [16/159],,,,,,,,,,,一级
Annual Review of Genomics and Human Genetics,2025,1527-8204/1545-293X,是,否,否,SCIE,7.9,,生物学,1 [48/1091],是, GENETICS & HEREDITY 遗传学,1 [9/190],,,,,,,,,,,一级
CELL DEATH AND DIFFERENTIATION,2025,1350-9047/1476-5403,否,否,否,SCIE,15.4,,生物学,1 [49/1091],是, BIOCHEMISTRY & MOLECULAR BIOLOGY 生化与分子生物学,1 [18/310], CELL BIOLOGY 细胞生物学,2 [25/203],,,,,,,,,一级
Systematic Biology,2025,1063-5157/1076-836X,否,否,否,SCIE,5.7,,生物学,1 [50/1091],是, EVOLUTIONARY BIOLOGY 进化生物学,1 [5/52],,,,,,,,,,,一级
NEW PHYTOLOGIST,2025,0028-646X/1469-8137,否,否,否,SCIE,8.1,,生物学,1 [51/1091],是, PLANT SCIENCES 植物科学,1 [9/265],,,,,,,,,,,一级
Redox Biology,2025,2213-2317/2213-2317,否,是,是,SCIE,11.9,,生物学,1 [52/1091],是, BIOCHEMISTRY & MOLECULAR BIOLOGY 生化与分子生物学,1 [19/310],,,,,,,,,,,一级
EMBO JOURNAL,2025,0261-4189/1460-2075,否,是,是,SCIE,8.3,,生物学,1 [53/1091],是, BIOCHEMISTRY & MOLECULAR BIOLOGY 生化与分子生物学,1 [20/310], CELL BIOLOGY 细胞生物学,2 [26/203],,,,,,,,,一级
AMERICAN JOURNAL OF HUMAN GENETICS,2025,0002-9297/1537-6605,否,否,否,SCIE,8.1,,生物学,1 [54/1091],是, GENETICS & HEREDITY 遗传学,1 [11/190],,,,,,,,,,,一级
Plant Communications,2025,2590-3462/2590-3462,否,是,是,SCIE,11.6,,生物学,1 [55/1091],是, BIOCHEMISTRY & MOLECULAR BIOLOGY 生化与分子生物学,1 [21/310], PLANT SCIENCES 植物科学,1 [10/265],,,,,,,,,一级
Mycosphere,2025,2077-7000/2077-7019,否,否,是,SCIE,15.1,,生物学,1 [56/1091],是, MYCOLOGY 真菌学,2 [4/32],,,,,,,,,,,一级
Cell Genomics,2025,2666-979X/2666-979X,否,否,否,ESCI,9,,生物学,1 [57/1091],是, GENETICS & HEREDITY 遗传学,1 [12/190], CELL BIOLOGY 细胞生物学,2 [29/203],,,,,,,,,一级
Cell Reports,2025,2211-1247/2211-1247,否,是,是,SCIE,6.9,,生物学,1 [58/1091],是, CELL BIOLOGY 细胞生物学,2 [30/203],,,,,,,,,,,一级
GENOME BIOLOGY,2025,1474-760X/1474-760X,否,否,是,SCIE,9.4,,生物学,1 [59/1091],是, BIOTECHNOLOGY & APPLIED MICROBIOLOGY 生物工程与应用微生物,1 [8/174], GENETICS & HEREDITY 遗传学,1 [13/190],,,,,,,,,一级
Autophagy,2025,1554-8627/1554-8635,否,否,否,SCIE,14.3,,生物学,1 [60/1091],是, CELL BIOLOGY 细胞生物学,2 [31/203],,,,,,,,,,,一级
BIOSCIENCE,2025,0006-3568/1525-3244,否,否,否,SCIE,7.6,,生物学,1 [61/1091],是, BIOLOGY 生物学,1 [4/109],,,,,,,,,,,一级
npj Biofilms and Microbiomes,2025,2055-5008/2055-5008,否,是,是,SCIE,9.2,,生物学,1 [62/1091],是, BIOTECHNOLOGY & APPLIED MICROBIOLOGY 生物工程与应用微生物,1 [9/174], MICROBIOLOGY 微生物学,1 [9/159],,,,,,,,,一级
PLOS BIOLOGY,2025,1544-9173/1545-7885,否,是,是,SCIE,7.2,,生物学,1 [63/1091],是, BIOCHEMISTRY & MOLECULAR BIOLOGY 生化与分子生物学,1 [22/310], BIOLOGY 生物学,1 [5/109],,,,,,,,,一级
Cell Systems,2025,2405-4712/2405-4720,否,否,否,SCIE,7.7,,生物学,1 [64/1091],是, BIOCHEMISTRY & MOLECULAR BIOLOGY 生化与分子生物学,1 [23/310], CELL BIOLOGY 细胞生物学,2 [32/203],,,,,,,,,一级
Cell Death & Disease,2025,2041-4889/2041-4889,否,否,是,SCIE,9.6,,生物学,1 [65/1091],是, CELL BIOLOGY 细胞生物学,2 [33/203],,,,,,,,,,,一级
METABOLIC ENGINEERING,2025,1096-7176/1096-7184,否,否,否,SCIE,6.8,,生物学,1 [66/1091],是, BIOTECHNOLOGY & APPLIED MICROBIOLOGY 生物工程与应用微生物,1 [10/174],,,,,,,,,,,一级
GENES & DEVELOPMENT,2025,0890-9369/1549-5477,否,否,否,SCIE,7.7,,生物学,1 [67/1091],是, DEVELOPMENTAL BIOLOGY 发育生物学,1 [3/39], GENETICS & HEREDITY 遗传学,1 [14/190], CELL BIOLOGY 细胞生物学,2 [35/203],,,,,,,一级
Journal of Integrative Plant Biology,2025,1672-9072/1744-7909,否,否,否,SCIE,9.3,,生物学,1 [68/1091],是, BIOCHEMISTRY & MOLECULAR BIOLOGY 生化与分子生物学,1 [24/310], PLANT SCIENCES 植物科学,1 [12/265],,,,,,,,,一级
eLife,2025,2050-084X/2050-084X,否,否,是,SCIE,,,生物学,1 [69/1091],是, BIOLOGY 生物学,1 [6/109],,,,,,,,,,,一级
Movement Ecology,2025,2051-3933/2051-3933,否,否,是,SCIE,3.9,,生物学,1 [70/1091],是, ECOLOGY 生态学,1 [9/196],,,,,,,,,,,一级
iMeta,2025,2770-5986/2770-596X,否,否,否,SCIE,33.2,,生物学,1 [71/1091],是, MICROBIOLOGY 微生物学,1 [11/159],,,,,,,,,,,一级
JOURNAL OF CELL BIOLOGY,2025,0021-9525/1540-8140,否,否,否,SCIE,6.4,,生物学,1 [72/1091],是, CELL BIOLOGY 细胞生物学,2 [37/203],,,,,,,,,,,一级
PLANT PHYSIOLOGY,2025,0032-0889/1532-2548,否,否,否,SCIE,6.9,,生物学,1 [73/1091],是, PLANT SCIENCES 植物科学,1 [14/265],,,,,,,,,,,一级
Molecular Systems Biology,2025,1744-4292/1744-4292,否,是,是,SCIE,7.7,,生物学,1 [74/1091],是, BIOCHEMISTRY & MOLECULAR BIOLOGY 生化与分子生物学,1 [25/310],,,,,,,,,,,一级
IMA Fungus,2025,2210-6340/2210-6359,否,否,是,SCIE,6.2,,生物学,1 [75/1091],是, MYCOLOGY 真菌学,2 [5/32],,,,,,,,,,,一级
MOLECULAR PHYLOGENETICS AND EVOLUTION,2025,1055-7903/1095-9513,否,否,否,SCIE,3.6,,生物学,1 [76/1091],是, BIOCHEMISTRY & MOLECULAR BIOLOGY 生化与分子生物学,1 [28/310], EVOLUTIONARY BIOLOGY 进化生物学,1 [6/52], GENETICS & HEREDITY 遗传学,1 [17/190],,,,,,,一级
JOURNAL OF NANOBIOTECHNOLOGY,2025,1477-3155/1477-3155,否,否,是,SCIE,12.6,,生物学,1 [77/1091],是, BIOTECHNOLOGY & APPLIED MICROBIOLOGY 生物工程与应用微生物,1 [13/174], NANOSCIENCE & NANOTECHNOLOGY 纳米科技,2 [19/139],,,,,,,,,一级
Science Signaling,2025,1945-0877/1937-9145,否,否,否,SCIE,6.6,,生物学,1 [78/1091],是, BIOCHEMISTRY & MOLECULAR BIOLOGY 生化与分子生物学,2 [33/310], CELL BIOLOGY 细胞生物学,2 [40/203],,,,,,,,,一级
International Journal of Biological Sciences,2025,1449-2288/1449-2288,否,否,是,SCIE,10,,生物学,1 [79/1091],是, BIOCHEMISTRY & MOLECULAR BIOLOGY 生化与分子生物学,2 [34/310],,,,,,,,,,,一级
CLADISTICS,2025,0748-3007/1096-0031,否,否,否,SCIE,6.2,,生物学,1 [80/1091],是, ZOOLOGY 动物学,1 [3/179], EVOLUTIONARY BIOLOGY 进化生物学,2 [8/52],,,,,,,,,一级
Evolution Letters,2025,2056-3744/2056-3744,否,否,是,SCIE,3.7,,生物学,1 [81/1091],是, EVOLUTIONARY BIOLOGY 进化生物学,2 [9/52],,,,,,,,,,,一级
MATRIX BIOLOGY,2025,0945-053X/1569-1802,否,否,否,SCIE,4.8,,生物学,1 [82/1091],是, BIOCHEMISTRY & MOLECULAR BIOLOGY 生化与分子生物学,2 [35/310], CELL BIOLOGY 细胞生物学,2 [43/203],,,,,,,,,一级
MOLECULAR BIOLOGY AND EVOLUTION,2025,0737-4038/1537-1719,否,否,否,SCIE,5.3,,生物学,1 [83/1091],是, GENETICS & HEREDITY 遗传学,1 [18/190], BIOCHEMISTRY & MOLECULAR BIOLOGY 生化与分子生物学,2 [37/310], EVOLUTIONARY BIOLOGY 进化生物学,2 [10/52],,,,,,,一级
PLANT JOURNAL,2025,0960-7412/1365-313X,否,否,否,SCIE,5.7,,生物学,1 [84/1091],是, PLANT SCIENCES 植物科学,1 [18/265],,,,,,,,,,,一级
EMBO REPORTS,2025,1469-221X/1469-3178,否,是,是,SCIE,6.2,,生物学,1 [85/1091],是, BIOCHEMISTRY & MOLECULAR BIOLOGY 生化与分子生物学,2 [38/310], CELL BIOLOGY 细胞生物学,2 [45/203],,,,,,,,,一级
PHILOSOPHICAL TRANSACTIONS OF THE ROYAL SOCIETY B-BIOLOGICAL SCIENCES,2025,0962-8436/1471-2970,否,否,否,SCIE,4.7,,生物学,1 [86/1091],是, BIOLOGY 生物学,1 [7/109],,,,,,,,,,,一级
MOLECULAR ECOLOGY,2025,0962-1083/1365-294X,否,否,否,SCIE,3.9,,生物学,1 [87/1091],是, ECOLOGY 生态学,1 [17/196], BIOCHEMISTRY & MOLECULAR BIOLOGY 生化与分子生物学,2 [39/310], EVOLUTIONARY BIOLOGY 进化生物学,2 [11/52],,,,,,,一级
Molecular Ecology Resources,2025,1755-098X/1755-0998,否,否,否,SCIE,5.5,,生物学,1 [88/1091],是, BIOCHEMISTRY & MOLECULAR BIOLOGY 生化与分子生物学,2 [40/310], ECOLOGY 生态学,2 [20/196], EVOLUTIONARY BIOLOGY 进化生物学,2 [12/52],,,,,,,一级
PLANT CELL AND ENVIRONMENT,2025,0140-7791/1365-3040,否,否,否,SCIE,6.3,,生物学,1 [89/1091],是, PLANT SCIENCES 植物科学,1 [20/265],,,,,,,,,,,一级
Cell Chemical Biology,2025,2451-9456/2451-9448,否,否,否,SCIE,7.2,,生物学,1 [90/1091],是, BIOCHEMISTRY & MOLECULAR BIOLOGY 生化与分子生物学,2 [41/310],,,,,,,,,,,一级
CELLULAR & MOLECULAR BIOLOGY LETTERS,2025,1425-8153/1689-1392,否,否,是,SCIE,10.2,,生物学,1 [91/1091],是, BIOCHEMISTRY & MOLECULAR BIOLOGY 生化与分子生物学,2 [42/310], CELL BIOLOGY 细胞生物学,2 [47/203],,,,,,,,,一级
GENOME RESEARCH,2025,1088-9051/1549-5469,否,否,否,SCIE,5.5,,生物学,1 [92/1091],是, BIOTECHNOLOGY & APPLIED MICROBIOLOGY 生物工程与应用微生物,1 [14/174], BIOCHEMISTRY & MOLECULAR BIOLOGY 生化与分子生物学,2 [43/310], GENETICS & HEREDITY 遗传学,2 [21/190],,,,,,,一级
Cold Spring Harbor Perspectives in Biology,2025,1943-0264/1943-0264,否,否,否,SCIE,8.4,,生物学,1 [93/1091],是, CELL BIOLOGY 细胞生物学,2 [48/203],,,,,,,,,,,一级
Communications Biology,2025,2399-3642/2399-3642,否,是,是,SCIE,5.1,,生物学,1 [94/1091],是, BIOLOGY 生物学,1 [8/109],,,,,,,,,,,一级
Plant Diversity,2025,2096-2703/2468-2659,否,是,是,SCIE,6.3,,生物学,1 [95/1091],是, PLANT SCIENCES 植物科学,1 [22/265],,,,,,,,,,,一级
Science China-Life Sciences,2025,1674-7305/1869-1889,否,否,否,SCIE,9.5,,生物学,1 [96/1091],是, BIOLOGY 生物学,1 [9/109],,,,,,,,,,,一级
Marine Life Science & Technology,2025,2096-6490/2662-1746,否,否,否,SCIE,5.3,中国SCI期刊支持计划,生物学,1 [97/1091],是, MARINE & FRESHWATER BIOLOGY 海洋与淡水生物学,1 [4/118],,,,,,,,,,,一级
Protein & Cell,2025,1674-800X/1674-8018,否,否,是,SCIE,12.8,中国SCI期刊支持计划,生物学,1 [98/1091],是, CELL BIOLOGY 细胞生物学,1 [17/203],,,,,,,,,,,一级
ZOOLOGICAL RESEARCH,2025,2095-8137/2095-8137,否,否,是,SCIE,4.7,中国SCI期刊支持计划,生物学,1 [99/1091],是, ZOOLOGY 动物学,1 [7/179],,,,,,,,,,,一级
Journal of Genetics and Genomics,2025,1673-8527/1873-5533,否,否,否,SCIE,7.1,中国SCI期刊支持计划,生物学,1 [100/1091],是, BIOCHEMISTRY & MOLECULAR BIOLOGY 生化与分子生物学,1 [29/310], GENETICS & HEREDITY 遗传学,1 [20/190],,,,,,,,,一级
Synthetic and Systems Biotechnology,2025,2405-805X/2405-805X,否,是,是,SCIE,4.4,中国SCI期刊支持计划,生物学,1 [101/1091],是, BIOTECHNOLOGY & APPLIED MICROBIOLOGY 生物工程与应用微生物,1 [16/174],,,,,,,,,,,一级
Water Biology and Security,2025,2772-7351/2772-7351,否,否,是,ESCI,4.4,中国SCI期刊支持计划,生物学,1 [102/1091],是, ENVIRONMENTAL SCIENCES 环境科学,1 [31/357], FISHERIES 渔业,1 [6/61], MARINE & FRESHWATER BIOLOGY 海洋与淡水生物学,1 [6/118],,,,,,,一级
CELL PROLIFERATION,2025,0960-7722/1365-2184,否,是,是,SCIE,5.6,中国SCI期刊支持计划,生物学,1 [103/1091],是, CELL BIOLOGY 细胞生物学,1 [18/203],,,,,,,,,,,一级
Integrative Zoology,2025,1749-4877/1749-4869,否,否,否,SCIE,3.7,中国SCI期刊支持计划,生物学,1 [104/1091],是, ZOOLOGY 动物学,1 [14/179],,,,,,,,,,,一级
Avian Research,2025,2053-7166/2053-7166,否,是,是,SCIE,1.7,中国SCI期刊支持计划,生物学,1 [105/1091],是, ORNITHOLOGY 鸟类学,1 [4/29],,,,,,,,,,,一级
Nature Protocols,2025,1754-2189/1750-2799,是,否,否,SCIE,16,,生物学,2 [106/1091],是, BIOCHEMICAL RESEARCH METHODS 生化研究方法,1 [2/85],,,,,,,,,,,一级
MICROBIOLOGY AND MOLECULAR BIOLOGY REVIEWS,2025,1092-2172/1098-5557,是,否,否,SCIE,7.8,,生物学,2 [107/1091],否, MICROBIOLOGY 微生物学,2 [17/159],,,,,,,,,,,一级
CURRENT OPINION IN PLANT BIOLOGY,2025,1369-5266/1879-0356,是,否,否,SCIE,7.5,,生物学,2 [108/1091],否, PLANT SCIENCES 植物科学,1 [11/265],,,,,,,,,,,一级
QUARTERLY REVIEWS OF BIOPHYSICS,2025,0033-5835/1469-8994,是,否,否,SCIE,5.3,,生物学,2 [109/1091],否, BIOPHYSICS 生物物理,2 [9/76],,,,,,,,,,,一级
CRITICAL REVIEWS IN PLANT SCIENCES,2025,0735-2689/1549-7836,是,否,否,SCIE,4.9,,生物学,2 [110/1091],否, PLANT SCIENCES 植物科学,2 [25/265],,,,,,,,,,,一级
CRITICAL REVIEWS IN BIOTECHNOLOGY,2025,0738-8551/1549-7801,是,否,否,SCIE,7.7,,生物学,2 [111/1091],否, BIOTECHNOLOGY & APPLIED MICROBIOLOGY 生物工程与应用微生物,2 [18/174],,,,,,,,,,,一级
Fungal Biology Reviews,2025,1749-4613/1878-0253,是,否,否,SCIE,4.6,,生物学,2 [112/1091],否, MYCOLOGY 真菌学,2 [6/32],,,,,,,,,,,一级
MAMMAL REVIEW,2025,0305-1838/1365-2907,是,否,否,SCIE,4.4,,生物学,2 [113/1091],否, ZOOLOGY 动物学,1 [2/179], ECOLOGY 生态学,2 [19/196],,,,,,,,,一级
Wiley Interdisciplinary Reviews-RNA,2025,1757-7004/1757-7012,是,否,否,SCIE,4.8,,生物学,2 [114/1091],否, CELL BIOLOGY 细胞生物学,2 [41/203],,,,,,,,,,,一级
CURRENT OPINION IN BIOTECHNOLOGY,2025,0958-1669/1879-0429,是,否,否,SCIE,7,,生物学,2 [115/1091],是, BIOCHEMICAL RESEARCH METHODS 生化研究方法,1 [3/85], BIOTECHNOLOGY & APPLIED MICROBIOLOGY 生物工程与应用微生物,2 [19/174],,,,,,,,,一级
CURRENT OPINION IN STRUCTURAL BIOLOGY,2025,0959-440X/1879-033X,是,否,否,SCIE,7,,生物学,2 [116/1091],是, BIOCHEMISTRY & MOLECULAR BIOLOGY 生化与分子生物学,2 [36/310], CELL BIOLOGY 细胞生物学,2 [44/203],,,,,,,,,一级
CRITICAL REVIEWS IN MICROBIOLOGY,2025,1040-841X/1549-7828,是,否,否,SCIE,5.1,,生物学,2 [117/1091],否, MICROBIOLOGY 微生物学,2 [18/159],,,,,,,,,,,一级
SEMINARS IN CELL & DEVELOPMENTAL BIOLOGY,2025,1084-9521/1096-3634,是,否,否,SCIE,6,,生物学,2 [118/1091],是, CELL BIOLOGY 细胞生物学,2 [46/203], DEVELOPMENTAL BIOLOGY 发育生物学,2 [5/39],,,,,,,,,一级
PHYTOCHEMISTRY REVIEWS,2025,1568-7767/1572-980X,是,否,否,SCIE,7.6,,生物学,2 [119/1091],否, PLANT SCIENCES 植物科学,2 [26/265],,,,,,,,,,,一级
CRITICAL REVIEWS IN BIOCHEMISTRY AND MOLECULAR BIOLOGY,2025,1040-9238/1549-7798,是,否,否,SCIE,6.4,,生物学,2 [120/1091],否, BIOCHEMISTRY & MOLECULAR BIOLOGY 生化与分子生物学,2 [45/310],,,,,,,,,,,一级
CURRENT OPINION IN CELL BIOLOGY,2025,0955-0674/1879-0410,是,否,否,SCIE,4.3,,生物学,2 [121/1091],否, CELL BIOLOGY 细胞生物学,3 [59/203],,,,,,,,,,,一级
FREE RADICAL BIOLOGY AND MEDICINE,2025,0891-5849/1873-4596,否,否,否,SCIE,8.2,,生物学,2 [122/1091],是, BIOCHEMISTRY & MOLECULAR BIOLOGY 生化与分子生物学,2 [46/310], ENDOCRINOLOGY & METABOLISM 内分泌学与代谢,2 [24/184],,,,,,,,,一级
Cell Communication and Signaling,2025,1478-811X/1478-811X,否,否,是,SCIE,8.9,,生物学,2 [123/1091],是, CELL BIOLOGY 细胞生物学,2 [52/203],,,,,,,,,,,一级
HARMFUL ALGAE,2025,1568-9883/1878-1470,否,否,否,SCIE,4.5,,生物学,2 [124/1091],是, MARINE & FRESHWATER BIOLOGY 海洋与淡水生物学,1 [3/118],,,,,,,,,,,一级
PROCEEDINGS OF THE ROYAL SOCIETY B-BIOLOGICAL SCIENCES,2025,0962-8452/1471-2954,否,否,否,SCIE,3.5,,生物学,2 [125/1091],是, BIOLOGY 生物学,2 [11/109], ECOLOGY 生态学,2 [25/196], EVOLUTIONARY BIOLOGY 进化生物学,2 [13/52],,,,,,,一级
NUCLEIC ACIDS RESEARCH,2025,0305-1048/1362-4962,否,否,是,SCIE,13.1,,生物学,2 [126/1091],是, BIOCHEMISTRY & MOLECULAR BIOLOGY 生化与分子生物学,2 [47/310],,,,,,,,,,,一级
Research Synthesis Methods,2025,1759-2879/1759-2887,否,否,否,SCIE,6.1,,生物学,2 [127/1091],否, MATHEMATICAL & COMPUTATIONAL BIOLOGY 数学与计算生物学,1 [4/66],,,,,,,,,,,一级
CURRENT OPINION IN MICROBIOLOGY,2025,1369-5274/1879-0364,是,否,否,SCIE,7.5,,生物学,2 [128/1091],否, MICROBIOLOGY 微生物学,2 [22/159],,,,,,,,,,,一级
ZOOLOGICAL JOURNAL OF THE LINNEAN SOCIETY,2025,0024-4082/1096-3642,否,否,否,SCIE,2.8,,生物学,2 [129/1091],是, ZOOLOGY 动物学,1 [4/179],,,,,,,,,,,一级
BMC BIOLOGY,2025,1741-7007/1741-7007,否,否,是,SCIE,4.5,,生物学,2 [130/1091],是, BIOLOGY 生物学,2 [12/109],,,,,,,,,,,一级
mBio,2025,2150-7511/2150-7511,否,否,是,SCIE,4.7,,生物学,2 [131/1091],是, MICROBIOLOGY 微生物学,2 [23/159],,,,,,,,,,,一级
International Journal of Biological Macromolecules,2025,0141-8130/1879-0003,否,否,否,SCIE,8.5,Mega-Journal,生物学,2 [132/1091],是, BIOCHEMISTRY & MOLECULAR BIOLOGY 生化与分子生物学,2 [51/310]," CHEMISTRY, APPLIED 应用化学",2 [10/74], POLYMER SCIENCE 高分子科学,2 [10/94],,,,,,,一级
ANTIOXIDANTS & REDOX SIGNALING,2025,1523-0864/1557-7716,否,否,否,SCIE,6.1,,生物学,2 [133/1091],是, BIOCHEMISTRY & MOLECULAR BIOLOGY 生化与分子生物学,2 [52/310], ENDOCRINOLOGY & METABOLISM 内分泌学与代谢,2 [28/184],,,,,,,,,一级
CURRENT OPINION IN CHEMICAL BIOLOGY,2025,1367-5931/1879-0402,是,否,否,SCIE,6.1,,生物学,2 [134/1091],否, BIOCHEMISTRY & MOLECULAR BIOLOGY 生化与分子生物学,2 [53/310], BIOPHYSICS 生物物理,2 [11/76],,,,,,,,,一级
MOLECULAR & CELLULAR PROTEOMICS,2025,1535-9484/1535-9484,否,是,是,SCIE,5.5,,生物学,2 [135/1091],是, BIOCHEMICAL RESEARCH METHODS 生化研究方法,1 [4/85],,,,,,,,,,,一级
Evolutionary Applications,2025,1752-4571/1752-4571,否,是,是,SCIE,3.2,,生物学,2 [136/1091],是, EVOLUTIONARY BIOLOGY 进化生物学,2 [14/52],,,,,,,,,,,一级
Cell Death Discovery,2025,2058-7716/2058-7716,否,否,是,SCIE,7,,生物学,2 [137/1091],是, CELL BIOLOGY 细胞生物学,2 [54/203],,,,,,,,,,,一级
MICROBIOLOGICAL RESEARCH,2025,0944-5013/1618-0623,否,否,否,SCIE,6.9,,生物学,2 [138/1091],是, MICROBIOLOGY 微生物学,2 [26/159],,,,,,,,,,,一级
PLANT PHYSIOLOGY AND BIOCHEMISTRY,2025,0981-9428/1873-2690,否,否,否,SCIE,5.7,,生物学,2 [139/1091],是, PLANT SCIENCES 植物科学,2 [28/265],,,,,,,,,,,一级
CELLULAR AND MOLECULAR LIFE SCIENCES,2025,1420-682X/1420-9071,否,否,否,SCIE,6.2,,生物学,2 [140/1091],是, BIOCHEMISTRY & MOLECULAR BIOLOGY 生化与分子生物学,2 [54/310], CELL BIOLOGY 细胞生物学,2 [56/203],,,,,,,,,一级
Cell and Bioscience,2025,2045-3701/2045-3701,否,否,是,SCIE,6.2,,生物学,2 [141/1091],是, BIOCHEMISTRY & MOLECULAR BIOLOGY 生化与分子生物学,2 [55/310],,,,,,,,,,,一级
WILDLIFE MONOGRAPHS,2025,0084-0173/1938-5455,否,否,否,SCIE,3.8,,生物学,2 [142/1091],否, ZOOLOGY 动物学,1 [6/179], ECOLOGY 生态学,2 [35/196],,,,,,,,,一级
QUARTERLY REVIEW OF BIOLOGY,2025,0033-5770/1539-7718,是,否,否,SCIE,3.2,,生物学,2 [143/1091],否, BIOLOGY 生物学,2 [14/109],,,,,,,,,,,一级
Journal of Systematics and Evolution,2025,1674-4918/1759-6831,否,否,否,SCIE,2.9,,生物学,2 [144/1091],否, PLANT SCIENCES 植物科学,2 [30/265],,,,,,,,,,,一级
EVOLUTION,2025,0014-3820/1558-5646,否,否,否,SCIE,2.6,,生物学,2 [145/1091],是, ECOLOGY 生态学,2 [36/196], EVOLUTIONARY BIOLOGY 进化生物学,2 [15/52], GENETICS & HEREDITY 遗传学,2 [29/190],,,,,,,一级
Biofilm,2025,2590-2075/2590-2075,否,否,是,ESCI,4.9,,生物学,2 [146/1091],否, MICROBIOLOGY 微生物学,2 [31/159],,,,,,,,,,,一级
STRUCTURE,2025,0969-2126/1878-4186,否,否,否,SCIE,4.3,,生物学,2 [147/1091],是, BIOPHYSICS 生物物理,1 [5/76], BIOCHEMISTRY & MOLECULAR BIOLOGY 生化与分子生物学,2 [57/310], CELL BIOLOGY 细胞生物学,3 [61/203],,,,,,,一级
BMC PLANT BIOLOGY,2025,1471-2229/1471-2229,否,否,是,SCIE,4.8,,生物学,2 [148/1091],是, PLANT SCIENCES 植物科学,2 [31/265],,,,,,,,,,,一级
ZOOLOGICA SCRIPTA,2025,0300-3256/1463-6409,否,否,否,SCIE,2,,生物学,2 [149/1091],否, ZOOLOGY 动物学,1 [8/179], EVOLUTIONARY BIOLOGY 进化生物学,3 [16/52],,,,,,,,,一级
Epigenetics & Chromatin,2025,1756-8935/1756-8935,否,否,是,SCIE,3.5,,生物学,2 [150/1091],否, GENETICS & HEREDITY 遗传学,2 [32/190],,,,,,,,,,,一级
EUROPEAN JOURNAL OF CELL BIOLOGY,2025,0171-9335/1618-1298,否,否,否,SCIE,4.3,,生物学,2 [151/1091],否, CELL BIOLOGY 细胞生物学,3 [64/203],,,,,,,,,,,一级
JOURNAL OF EXPERIMENTAL BOTANY,2025,0022-0957/1460-2431,否,否,否,SCIE,5.7,,生物学,2 [152/1091],是, PLANT SCIENCES 植物科学,2 [32/265],,,,,,,,,,,一级
EvoDevo,2025,2041-9139/2041-9139,否,否,是,SCIE,3.6,,生物学,2 [153/1091],否, DEVELOPMENTAL BIOLOGY 发育生物学,1 [4/39], EVOLUTIONARY BIOLOGY 进化生物学,3 [17/52],,,,,,,,,一级
ANNALS OF BOTANY,2025,0305-7364/1095-8290,否,否,否,SCIE,3.6,,生物学,2 [154/1091],是, PLANT SCIENCES 植物科学,2 [33/265],,,,,,,,,,,一级
Vertebrate Zoology,2025,1864-5755,否,否,是,SCIE,2.3,,生物学,2 [155/1091],否, ZOOLOGY 动物学,1 [9/179],,,,,,,,,,,一级
ISME Communications,2025,2730-6151/2730-6151,否,否,否,ESCI,6.1,,生物学,2 [156/1091],否, ECOLOGY 生态学,2 [39/196], MICROBIOLOGY 微生物学,2 [35/159],,,,,,,,,一级
PLoS Genetics,2025,1553-7404/1553-7404,否,是,是,SCIE,3.7,,生物学,2 [157/1091],是, GENETICS & HEREDITY 遗传学,2 [36/190],,,,,,,,,,,一级
REDOX REPORT,2025,1351-0002/1743-2928,否,否,是,SCIE,7.4,,生物学,2 [158/1091],否, BIOCHEMISTRY & MOLECULAR BIOLOGY 生化与分子生物学,2 [62/310],,,,,,,,,,,一级
Plant Stress,2025,2667-064X/2667-064X,否,否,否,ESCI,6.9,,生物学,2 [159/1091],否, PLANT SCIENCES 植物科学,2 [34/265],,,,,,,,,,,一级
HUMAN GENETICS,2025,0340-6717/1432-1203,否,否,否,SCIE,3.6,,生物学,2 [160/1091],否, GENETICS & HEREDITY 遗传学,2 [38/190],,,,,,,,,,,一级
CONTRIBUTIONS TO ZOOLOGY,2025,1383-4517/1875-9866,否,否,否,SCIE,2.2,,生物学,2 [161/1091],否, ZOOLOGY 动物学,1 [11/179],,,,,,,,,,,一级
mSystems,2025,2379-5077/2379-5077,否,否,是,SCIE,4.6,,生物学,2 [162/1091],否, MICROBIOLOGY 微生物学,2 [36/159],,,,,,,,,,,一级
Animal Microbiome,2025,2524-4671/2524-4671,否,否,是,ESCI,4.4,,生物学,2 [163/1091],否, VETERINARY SCIENCES 兽医学,1 [6/167], MICROBIOLOGY 微生物学,2 [37/159],,,,,,,,,一级
FUNCTIONAL & INTEGRATIVE GENOMICS,2025,1438-793X/1438-7948,否,否,否,SCIE,3.1,,生物学,2 [164/1091],否, GENETICS & HEREDITY 遗传学,2 [39/190],,,,,,,,,,,一级
ENVIRONMENTAL AND EXPERIMENTAL BOTANY,2025,0098-8472/1873-7307,否,否,否,SCIE,4.7,,生物学,2 [165/1091],否, ENVIRONMENTAL SCIENCES 环境科学,2 [71/357], PLANT SCIENCES 植物科学,2 [36/265],,,,,,,,,一级
Biology Direct,2025,1745-6150/1745-6150,否,否,是,SCIE,4.9,,生物学,2 [166/1091],否, BIOLOGY 生物学,2 [16/109],,,,,,,,,,,一级
MOLECULAR GENETICS AND METABOLISM,2025,1096-7192/1096-7206,否,否,否,SCIE,3.5,,生物学,2 [167/1091],否, GENETICS & HEREDITY 遗传学,2 [41/190]," MEDICINE, RESEARCH & EXPERIMENTAL 医学：研究与实验",2 [38/188], ENDOCRINOLOGY & METABOLISM 内分泌学与代谢,3 [44/184],,,,,,,一级
Journal of Fungi,2025,2309-608X/2309-608X,否,否,是,SCIE,4,,生物学,2 [168/1091],否, MICROBIOLOGY 微生物学,2 [41/159], MYCOLOGY 真菌学,2 [7/32],,,,,,,,,一级
FASEB JOURNAL,2025,0892-6638/1530-6860,否,否,否,SCIE,4.2,,生物学,2 [169/1091],否, BIOCHEMISTRY & MOLECULAR BIOLOGY 生化与分子生物学,2 [67/310], BIOLOGY 生物学,2 [17/109], CELL BIOLOGY 细胞生物学,3 [66/203],,,,,,,一级
Frontiers in Zoology,2025,1742-9994/1742-9994,否,否,是,SCIE,2.6,,生物学,2 [170/1091],否, ZOOLOGY 动物学,1 [12/179],,,,,,,,,,,一级
SYSTEMATIC AND APPLIED MICROBIOLOGY,2025,0723-2020/1618-0984,否,否,否,SCIE,4.2,,生物学,2 [171/1091],否, BIOTECHNOLOGY & APPLIED MICROBIOLOGY 生物工程与应用微生物,2 [21/174], MICROBIOLOGY 微生物学,2 [42/159],,,,,,,,,一级
BOTANICAL JOURNAL OF THE LINNEAN SOCIETY,2025,0024-4074/1095-8339,否,否,否,SCIE,2.2,,生物学,2 [172/1091],否, PLANT SCIENCES 植物科学,2 [37/265],,,,,,,,,,,一级
Microbial Cell Factories,2025,1475-2859/1475-2859,否,否,是,SCIE,4.9,,生物学,2 [173/1091],否, BIOTECHNOLOGY & APPLIED MICROBIOLOGY 生物工程与应用微生物,2 [22/174],,,,,,,,,,,一级
ANIMAL BEHAVIOUR,2025,0003-3472/1095-8282,否,否,否,SCIE,2.1,,生物学,2 [174/1091],否, ZOOLOGY 动物学,1 [13/179], BEHAVIORAL SCIENCES 行为科学,2 [12/55],,,,,,,,,一级
Botanical Studies,2025,1999-3110/1999-3110,否,否,是,SCIE,3.1,,生物学,2 [175/1091],否, PLANT SCIENCES 植物科学,2 [38/265],,,,,,,,,,,一级
JOURNAL OF BIOLOGICAL CHEMISTRY,2025,1083-351X/1083-351X,否,是,是,SCIE,3.9,,生物学,2 [176/1091],否, BIOCHEMISTRY & MOLECULAR BIOLOGY 生化与分子生物学,2 [69/310],,,,,,,,,,,一级
BIOLOGICAL RESEARCH,2025,0716-9760/0717-6287,否,否,是,SCIE,4.6,,生物学,2 [177/1091],否, BIOLOGY 生物学,2 [18/109],,,,,,,,,,,一级
MycoKeys,2025,1314-4057/1314-4049,否,否,是,SCIE,3.6,,生物学,2 [178/1091],否, MYCOLOGY 真菌学,2 [9/32],,,,,,,,,,,一级
Essays in Biochemistry,2025,0071-1365/1744-1358,是,否,否,SCIE,5.7,,生物学,2 [179/1091],否, BIOCHEMISTRY & MOLECULAR BIOLOGY 生化与分子生物学,2 [71/310],,,,,,,,,,,一级
Biology Letters,2025,1744-9561/1744-957X,否,否,否,SCIE,3,,生物学,2 [180/1091],否, BIOLOGY 生物学,2 [19/109], ECOLOGY 生态学,3 [52/196], EVOLUTIONARY BIOLOGY 进化生物学,3 [20/52],,,,,,,一级
HEREDITY,2025,0018-067X/1365-2540,否,否,否,SCIE,3.9,,生物学,2 [181/1091],否, GENETICS & HEREDITY 遗传学,2 [42/190], ECOLOGY 生态学,3 [53/196], EVOLUTIONARY BIOLOGY 进化生物学,3 [21/52],,,,,,,一级
Microbial Genomics,2025,2057-5858/2057-5858,否,否,是,SCIE,4,,生物学,2 [182/1091],否, GENETICS & HEREDITY 遗传学,2 [44/190], MICROBIOLOGY 微生物学,3 [45/159],,,,,,,,,一级
Ornithological Applications,2025,0010-5422/2732-4621,否,否,否,SCIE,2.7,,生物学,2 [183/1091],否, ORNITHOLOGY 鸟类学,1 [1/29],,,,,,,,,,,一级
BMC MICROBIOLOGY,2025,1471-2180/1471-2180,否,否,是,SCIE,4.2,,生物学,2 [184/1091],否, MICROBIOLOGY 微生物学,3 [46/159],,,,,,,,,,,一级
INVERTEBRATE SYSTEMATICS,2025,1445-5226/1447-2600,否,否,否,SCIE,1.9,,生物学,2 [185/1091],否, ZOOLOGY 动物学,1 [15/179], EVOLUTIONARY BIOLOGY 进化生物学,3 [22/52],,,,,,,,,一级
FRESHWATER BIOLOGY,2025,0046-5070/1365-2427,否,否,否,SCIE,2.7,,生物学,2 [186/1091],否, MARINE & FRESHWATER BIOLOGY 海洋与淡水生物学,1 [9/118], ECOLOGY 生态学,3 [56/196],,,,,,,,,一级
BOTANICAL REVIEW,2025,0006-8101/1874-9372,是,否,否,SCIE,3,,生物学,2 [187/1091],否, PLANT SCIENCES 植物科学,2 [40/265],,,,,,,,,,,一级
JOURNAL OF NATURAL PRODUCTS,2025,0163-3864/1520-6025,否,否,否,SCIE,3.6,,生物学,2 [188/1091],否," CHEMISTRY, MEDICINAL 药物化学",2 [16/72], PHARMACOLOGY & PHARMACY 药学,2 [60/350], PLANT SCIENCES 植物科学,2 [41/265],,,,,,,一级
DEVELOPMENT,2025,0950-1991/1477-9129,否,否,否,SCIE,3.6,,生物学,2 [189/1091],否, DEVELOPMENTAL BIOLOGY 发育生物学,2 [6/39],,,,,,,,,,,一级
DNA RESEARCH,2025,1340-2838/1756-1663,否,否,是,SCIE,2.9,,生物学,2 [190/1091],否, GENETICS & HEREDITY 遗传学,2 [47/190],,,,,,,,,,,一级
mSphere,2025,2379-5042/2379-5042,否,否,是,SCIE,3.1,,生物学,2 [191/1091],否, MICROBIOLOGY 微生物学,3 [49/159],,,,,,,,,,,一级
Biotechnology for Biofuels and Bioproducts,2025,2731-3654/2731-3654,否,否,是,SCIE,4.6,,生物学,2 [192/1091],否, BIOTECHNOLOGY & APPLIED MICROBIOLOGY 生物工程与应用微生物,2 [26/174], ENERGY & FUELS 能源与燃料,3 [61/171],,,,,,,,,一级
Metabolic Engineering Communications,2025,2214-0301/2214-0301,否,否,是,ESCI,4.1,,生物学,2 [193/1091],否, BIOTECHNOLOGY & APPLIED MICROBIOLOGY 生物工程与应用微生物,2 [27/174],,,,,,,,,,,一级
EUROPEAN JOURNAL OF HUMAN GENETICS,2025,1018-4813/1476-5438,否,否,否,SCIE,4.6,,生物学,2 [194/1091],否, BIOCHEMISTRY & MOLECULAR BIOLOGY 生化与分子生物学,2 [74/310], GENETICS & HEREDITY 遗传学,2 [48/190],,,,,,,,,一级
BMC GENOMICS,2025,1471-2164/1471-2164,否,否,是,SCIE,3.7,,生物学,2 [195/1091],否, BIOTECHNOLOGY & APPLIED MICROBIOLOGY 生物工程与应用微生物,2 [29/174], GENETICS & HEREDITY 遗传学,3 [51/190],,,,,,,,,一级
ENVIRONMENTAL MICROBIOLOGY,2025,1462-2912/1462-2920,否,否,否,SCIE,4,,生物学,2 [196/1091],否, MICROBIOLOGY 微生物学,3 [51/159],,,,,,,,,,,二级
Microbiology Spectrum,2025,2165-0497/2165-0497,否,否,否,SCIE,3.8,,生物学,2 [197/1091],否, MICROBIOLOGY 微生物学,3 [52/159],,,,,,,,,,,二级
BIOMASS & BIOENERGY,2025,0961-9534/1873-2909,否,否,否,SCIE,5.8,,生物学,2 [198/1091],否, AGRICULTURAL ENGINEERING 农业工程,2 [4/19], BIOTECHNOLOGY & APPLIED MICROBIOLOGY 生物工程与应用微生物,2 [30/174], ENERGY & FUELS 能源与燃料,3 [62/171],,,,,,,二级
JOURNAL OF ZOOLOGICAL SYSTEMATICS AND EVOLUTIONARY RESEARCH,2025,0947-5745/1439-0469,否,否,否,SCIE,2.6,,生物学,2 [199/1091],否, ZOOLOGY 动物学,1 [16/179], EVOLUTIONARY BIOLOGY 进化生物学,3 [23/52],,,,,,,,,二级
APPLIED AND ENVIRONMENTAL MICROBIOLOGY,2025,0099-2240/1098-5336,否,否,否,SCIE,3.7,,生物学,2 [200/1091],否, BIOTECHNOLOGY & APPLIED MICROBIOLOGY 生物工程与应用微生物,2 [32/174], MICROBIOLOGY 微生物学,3 [53/159],,,,,,,,,二级
Neural Development,2025,1749-8104/1749-8104,否,否,是,SCIE,2.5,,生物学,2 [201/1091],否, DEVELOPMENTAL BIOLOGY 发育生物学,2 [8/39], NEUROSCIENCES 神经科学,3 [97/309],,,,,,,,,二级
ACS Synthetic Biology,2025,2161-5063,否,否,否,SCIE,3.9,,生物学,2 [202/1091],否, BIOCHEMICAL RESEARCH METHODS 生化研究方法,1 [8/85],,,,,,,,,,,二级
PHYSIOLOGIA PLANTARUM,2025,0031-9317/1399-3054,否,否,否,SCIE,3.6,,生物学,2 [203/1091],否, PLANT SCIENCES 植物科学,2 [46/265],,,,,,,,,,,二级
Plant Methods,2025,1746-4811/1746-4811,否,否,是,SCIE,4.4,,生物学,2 [204/1091],否, BIOCHEMICAL RESEARCH METHODS 生化研究方法,2 [9/85], PLANT SCIENCES 植物科学,2 [47/265],,,,,,,,,二级
PHYTOCHEMISTRY,2025,0031-9422/1873-3700,否,否,否,SCIE,3.4,,生物学,2 [205/1091],否, BIOCHEMISTRY & MOLECULAR BIOLOGY 生化与分子生物学,2 [76/310], PLANT SCIENCES 植物科学,2 [48/265],,,,,,,,,二级
Probiotics and Antimicrobial Proteins,2025,1867-1306/1867-1314,否,否,否,SCIE,4.4,,生物学,2 [206/1091],否, BIOTECHNOLOGY & APPLIED MICROBIOLOGY 生物工程与应用微生物,2 [33/174], MICROBIOLOGY 微生物学,3 [54/159],,,,,,,,,二级
Cells,2025,2073-4409/2073-4409,否,否,是,SCIE,5.2,,生物学,2 [207/1091],否, CELL BIOLOGY 细胞生物学,3 [72/203],,,,,,,,,,,二级
CURRENT OPINION IN GENETICS & DEVELOPMENT,2025,0959-437X/1879-0380,是,否,否,SCIE,3.6,,生物学,2 [208/1091],否, CELL BIOLOGY 细胞生物学,3 [73/203], GENETICS & HEREDITY 遗传学,3 [53/190],,,,,,,,,二级
PRESLIA,2025,0032-7786/2570-950X,否,否,否,SCIE,2.9,,生物学,2 [209/1091],否, PLANT SCIENCES 植物科学,2 [50/265],,,,,,,,,,,二级
Plant Genome,2025,1940-3372/1940-3372,否,是,是,SCIE,3.8,,生物学,2 [210/1091],否, PLANT SCIENCES 植物科学,2 [51/265], GENETICS & HEREDITY 遗传学,3 [55/190],,,,,,,,,二级
JOURNAL OF PHOTOCHEMISTRY AND PHOTOBIOLOGY B-BIOLOGY,2025,1011-1344/1873-2682,否,否,否,SCIE,3.7,,生物学,2 [211/1091],否, BIOPHYSICS 生物物理,1 [8/76], BIOCHEMISTRY & MOLECULAR BIOLOGY 生化与分子生物学,2 [77/310],,,,,,,,,二级
PLANT SCIENCE,2025,0168-9452/1873-2259,否,否,否,SCIE,4.1,,生物学,2 [212/1091],否, BIOCHEMISTRY & MOLECULAR BIOLOGY 生化与分子生物学,2 [78/310], PLANT SCIENCES 植物科学,2 [52/265],,,,,,,,,二级
TAXON,2025,0040-0262/1996-8175,否,否,否,SCIE,2,,生物学,2 [213/1091],否, PLANT SCIENCES 植物科学,2 [53/265], EVOLUTIONARY BIOLOGY 进化生物学,3 [24/52],,,,,,,,,二级
BRIEFINGS IN BIOINFORMATICS,2025,1467-5463/1477-4054,否,否,否,SCIE,7.7,,生物学,2 [214/1091],否, MATHEMATICAL & COMPUTATIONAL BIOLOGY 数学与计算生物学,1 [7/66], BIOCHEMICAL RESEARCH METHODS 生化研究方法,2 [10/85],,,,,,,,,二级
Microbial Biotechnology,2025,1751-7915/1751-7915,否,是,是,SCIE,5.2,,生物学,2 [215/1091],否, BIOTECHNOLOGY & APPLIED MICROBIOLOGY 生物工程与应用微生物,2 [35/174], MICROBIOLOGY 微生物学,3 [55/159],,,,,,,,,二级
HUMAN MOLECULAR GENETICS,2025,0964-6906/1460-2083,否,否,否,SCIE,3.2,,生物学,2 [216/1091],否, BIOCHEMISTRY & MOLECULAR BIOLOGY 生化与分子生物学,3 [87/310], GENETICS & HEREDITY 遗传学,3 [56/190],,,,,,,,,二级
Frontiers in Plant Science,2025,1664-462X/1664-462X,否,否,是,SCIE,4.8,Mega-Journal,生物学,2 [217/1091],否, PLANT SCIENCES 植物科学,2 [54/265],,,,,,,,,,,二级
APOPTOSIS,2025,1360-8185/1573-675X,否,否,否,SCIE,8.1,,生物学,2 [218/1091],否, BIOCHEMISTRY & MOLECULAR BIOLOGY 生化与分子生物学,3 [88/310], CELL BIOLOGY 细胞生物学,3 [78/203],,,,,,,,,二级
GigaScience,2025,2047-217X/2047-217X,否,否,是,SCIE,3.9,,生物学,2 [219/1091],否, MULTIDISCIPLINARY SCIENCES 综合性期刊,2 [22/131],,,,,,,,,,,二级
AMERICAN JOURNAL OF BOTANY,2025,0002-9122/1537-2197,否,否,否,SCIE,2.7,,生物学,2 [220/1091],否, PLANT SCIENCES 植物科学,2 [55/265],,,,,,,,,,,二级
Environmental Epigenetics,2025,2058-5888/2058-5888,否,否,是,ESCI,3.2,,生物学,2 [221/1091],否, GENETICS & HEREDITY 遗传学,3 [57/190],,,,,,,,,,,二级
Human Genetics and Genomics Advances,2025,2666-2477/2666-2477,否,否,否,ESCI,3.6,,生物学,2 [222/1091],否, GENETICS & HEREDITY 遗传学,3 [58/190],,,,,,,,,,,二级
Plants-Basel,2025,2223-7747/2223-7747,否,否,是,SCIE,4.1,Mega-Journal,生物学,2 [223/1091],否, PLANT SCIENCES 植物科学,2 [56/265],,,,,,,,,,,二级
CELLULAR SIGNALLING,2025,0898-6568/1873-3913,否,否,否,SCIE,3.7,,生物学,2 [224/1091],否, CELL BIOLOGY 细胞生物学,3 [79/203],,,,,,,,,,,二级
GENOMICS PROTEOMICS & BIOINFORMATICS,2025,1672-0229/2210-3244,否,是,是,SCIE,7.9,,生物学,2 [225/1091],否, GENETICS & HEREDITY 遗传学,2 [49/190],,,,,,,,,,,二级
Non-coding RNA Research,2025,2468-2160/2468-0540,否,否,是,ESCI,4.7,,生物学,2 [226/1091],否, BIOCHEMISTRY & MOLECULAR BIOLOGY 生化与分子生物学,2 [81/310],,,,,,,,,,,二级
CELL CALCIUM,2025,0143-4160/1532-1991,否,否,否,SCIE,4,,生物学,2 [227/1091],否, CELL BIOLOGY 细胞生物学,3 [80/203],,,,,,,,,,,二级
BIOCHIMICA ET BIOPHYSICA ACTA-MOLECULAR BASIS OF DISEASE,2025,0925-4439/1879-260X,否,否,否,SCIE,4.2,,生物学,2 [228/1091],否, BIOPHYSICS 生物物理,2 [12/76], BIOCHEMISTRY & MOLECULAR BIOLOGY 生化与分子生物学,3 [89/310],,,,,,,,,二级
Frontiers in Microbiology,2025,1664-302X/1664-302X,否,否,是,SCIE,4.5,Mega-Journal,生物学,2 [229/1091],否, MICROBIOLOGY 微生物学,3 [56/159],,,,,,,,,,,二级
Journal of Structural Biology-X,2025,2590-1524/2590-1524,否,否,是,ESCI,5.1,,生物学,2 [230/1091],否, BIOPHYSICS 生物物理,2 [13/76], BIOCHEMISTRY & MOLECULAR BIOLOGY 生化与分子生物学,3 [91/310], CELL BIOLOGY 细胞生物学,3 [81/203],,,,,,,二级
JOURNAL OF THERMAL BIOLOGY,2025,0306-4565/1879-0992,否,否,否,SCIE,2.9,,生物学,2 [231/1091],否, BIOLOGY 生物学,2 [21/109], ZOOLOGY 动物学,2 [17/179],,,,,,,,,二级
MYCORRHIZA,2025,0940-6360/1432-1890,否,否,否,SCIE,3.8,,生物学,2 [232/1091],否, PLANT SCIENCES 植物科学,2 [58/265], MYCOLOGY 真菌学,3 [11/32],,,,,,,,,二级
JOURNAL OF PROTEOME RESEARCH,2025,1535-3893/1535-3907,否,否,否,SCIE,3.6,,生物学,2 [233/1091],否, BIOCHEMICAL RESEARCH METHODS 生化研究方法,2 [11/85],,,,,,,,,,,二级
Integrative Organismal Biology,2025,2517-4843/2517-4843,否,否,是,SCIE,1.9,,生物学,2 [234/1091],否, BIOLOGY 生物学,2 [23/109], ZOOLOGY 动物学,2 [18/179], EVOLUTIONARY BIOLOGY 进化生物学,3 [26/52],,,,,,,二级
Microorganisms,2025,2076-2607/2076-2607,否,否,是,SCIE,4.2,,生物学,2 [235/1091],否, MICROBIOLOGY 微生物学,3 [59/159],,,,,,,,,,,二级
Journal of Biological Engineering,2025,1754-1611/1754-1611,否,否,是,SCIE,6.5,,生物学,2 [236/1091],否, BIOCHEMICAL RESEARCH METHODS 生化研究方法,2 [13/85], BIOTECHNOLOGY & APPLIED MICROBIOLOGY 生物工程与应用微生物,2 [37/174],,,,,,,,,二级
BIOCHEMICAL SOCIETY TRANSACTIONS,2025,0300-5127/1470-8752,是,否,否,SCIE,4.3,,生物学,2 [237/1091],否, BIOCHEMISTRY & MOLECULAR BIOLOGY 生化与分子生物学,3 [93/310],,,,,,,,,,,二级
BIOLOGY OF REPRODUCTION,2025,0006-3363/1529-7268,否,否,否,SCIE,3,,生物学,2 [238/1091],否, REPRODUCTIVE BIOLOGY 生殖生物学,3 [12/39],,,,,,,,,,,二级
GENOMICS,2025,0888-7543/1089-8646,否,否,否,SCIE,3,,生物学,2 [239/1091],否, BIOTECHNOLOGY & APPLIED MICROBIOLOGY 生物工程与应用微生物,2 [38/174], GENETICS & HEREDITY 遗传学,3 [61/190],,,,,,,,,二级
JOURNAL OF INVERTEBRATE PATHOLOGY,2025,0022-2011/1096-0805,否,否,否,SCIE,2.4,,生物学,2 [240/1091],否, ZOOLOGY 动物学,2 [19/179],,,,,,,,,,,二级
JOURNAL OF HEREDITY,2025,0022-1503/1465-7333,否,否,否,SCIE,2.5,,生物学,2 [241/1091],否, EVOLUTIONARY BIOLOGY 进化生物学,3 [28/52], GENETICS & HEREDITY 遗传学,3 [62/190],,,,,,,,,二级
PLANT BIOLOGY,2025,1435-8603/1438-8677,否,否,否,SCIE,3.6,,生物学,2 [242/1091],否, PLANT SCIENCES 植物科学,2 [59/265],,,,,,,,,,,二级
Fungal Biology,2025,1878-6146/1878-6162,否,否,否,SCIE,3,,生物学,2 [243/1091],否, MYCOLOGY 真菌学,3 [12/32],,,,,,,,,,,二级
Journal of Molecular Cell Biology,2025,1674-2788/1759-4685,否,否,是,SCIE,5.9,,生物学,2 [244/1091],否, CELL BIOLOGY 细胞生物学,3 [84/203],,,,,,,,,,,二级
mLife,2025,2097-1699/2770-100X,否,否,否,ESCI,4.5,,生物学,2 [245/1091],否, MICROBIOLOGY 微生物学,2 [44/159],,,,,,,,,,,二级
JOURNAL OF EXPERIMENTAL BIOLOGY,2025,0022-0949/1477-9145,否,否,否,SCIE,2.6,,生物学,2 [246/1091],否, BIOLOGY 生物学,2 [24/109],,,,,,,,,,,二级
JOURNAL OF STEROID BIOCHEMISTRY AND MOLECULAR BIOLOGY,2025,0960-0760/1879-1220,否,否,否,SCIE,2.5,,生物学,2 [247/1091],否, BIOCHEMISTRY & MOLECULAR BIOLOGY 生化与分子生物学,3 [95/310], ENDOCRINOLOGY & METABOLISM 内分泌学与代谢,3 [71/184],,,,,,,,,二级
PLANT CELL REPORTS,2025,0721-7714/1432-203X,否,否,否,SCIE,4.5,,生物学,2 [248/1091],否, PLANT SCIENCES 植物科学,2 [60/265],,,,,,,,,,,二级
Algal Research-Biomass Biofuels and Bioproducts,2025,2211-9264/2211-9264,否,否,否,SCIE,4.5,,生物学,2 [249/1091],否, BIOTECHNOLOGY & APPLIED MICROBIOLOGY 生物工程与应用微生物,2 [39/174],,,,,,,,,,,二级
REPRODUCTION,2025,1470-1626/1741-7899,否,否,否,SCIE,3.7,,生物学,2 [250/1091],否, DEVELOPMENTAL BIOLOGY 发育生物学,2 [10/39], REPRODUCTIVE BIOLOGY 生殖生物学,3 [13/39],,,,,,,,,二级
Artificial Cells Nanomedicine and Biotechnology,2025,2169-1401/2169-141X,否,否,是,SCIE,4.5,,生物学,2 [251/1091],否, BIOTECHNOLOGY & APPLIED MICROBIOLOGY 生物工程与应用微生物,2 [41/174]," ENGINEERING, BIOMEDICAL 工程：生物医学",3 [44/120]," MATERIALS SCIENCE, BIOMATERIALS 材料科学：生物材料",3 [18/52],,,,,,,二级
New Biotechnology,2025,1871-6784/1876-4347,否,是,是,SCIE,4.9,,生物学,2 [252/1091],否, BIOCHEMICAL RESEARCH METHODS 生化研究方法,2 [15/85], BIOTECHNOLOGY & APPLIED MICROBIOLOGY 生物工程与应用微生物,2 [42/174],,,,,,,,,二级
npj Systems Biology and Applications,2025,2056-7189/2056-7189,否,是,是,SCIE,3.5,,生物学,2 [253/1091],否, MATHEMATICAL & COMPUTATIONAL BIOLOGY 数学与计算生物学,2 [9/66],,,,,,,,,,,二级
PLANT AND CELL PHYSIOLOGY,2025,0032-0781/1471-9053,否,否,否,SCIE,4,,生物学,2 [254/1091],否, PLANT SCIENCES 植物科学,2 [62/265], CELL BIOLOGY 细胞生物学,3 [85/203],,,,,,,,,二级
Biomolecules,2025,2218-273X/2218-273X,否,否,是,SCIE,4.8,,生物学,2 [255/1091],否, BIOCHEMISTRY & MOLECULAR BIOLOGY 生化与分子生物学,3 [98/310],,,,,,,,,,,二级
BIOCHIMICA ET BIOPHYSICA ACTA-MOLECULAR AND CELL BIOLOGY OF LIPIDS,2025,1388-1981/1879-2618,否,否,否,SCIE,3.3,,生物学,2 [256/1091],否, BIOPHYSICS 生物物理,2 [16/76], BIOCHEMISTRY & MOLECULAR BIOLOGY 生化与分子生物学,3 [99/310], CELL BIOLOGY 细胞生物学,3 [86/203],,,,,,,二级
Zoosystematics and Evolution,2025,1860-0743/1860-0743,否,否,是,SCIE,0.9,,生物学,2 [257/1091],否, ZOOLOGY 动物学,2 [21/179],,,,,,,,,,,二级
Willdenowia,2025,0511-9618,否,否,否,SCIE,1.4,,生物学,2 [258/1091],否, PLANT SCIENCES 植物科学,2 [63/265],,,,,,,,,,,二级
Alpine Botany,2025,1664-2201/1664-221X,否,否,否,SCIE,2.3,,生物学,2 [259/1091],否, PLANT SCIENCES 植物科学,2 [65/265],,,,,,,,,,,二级
Open Biology,2025,2046-2441/2046-2441,否,否,是,SCIE,3.6,,生物学,2 [260/1091],否, BIOCHEMISTRY & MOLECULAR BIOLOGY 生化与分子生物学,3 [102/310],,,,,,,,,,,二级
PLoS Computational Biology,2025,1553-734X/1553-7358,否,是,是,SCIE,3.6,,生物学,2 [261/1091],否, BIOCHEMICAL RESEARCH METHODS 生化研究方法,2 [16/85], MATHEMATICAL & COMPUTATIONAL BIOLOGY 数学与计算生物学,2 [10/66],,,,,,,,,二级
BEHAVIORAL ECOLOGY AND SOCIOBIOLOGY,2025,0340-5443/1432-0762,否,否,否,SCIE,1.9,,生物学,2 [262/1091],否, BEHAVIORAL SCIENCES 行为科学,2 [14/55], ZOOLOGY 动物学,2 [22/179], ECOLOGY 生态学,3 [71/196],,,,,,,二级
ALGAE,2025,1226-2617/2093-0860,否,否,否,SCIE,2.4,,生物学,2 [263/1091],否, MARINE & FRESHWATER BIOLOGY 海洋与淡水生物学,1 [11/118], PLANT SCIENCES 植物科学,3 [68/265],,,,,,,,,二级
CORAL REEFS,2025,0722-4028/1432-0975,否,否,否,SCIE,2.9,,生物学,2 [264/1091],否, MARINE & FRESHWATER BIOLOGY 海洋与淡水生物学,1 [12/118],,,,,,,,,,,二级
ACS Chemical Biology,2025,1554-8929/1554-8937,否,否,否,SCIE,3.8,,生物学,2 [265/1091],否, BIOCHEMISTRY & MOLECULAR BIOLOGY 生化与分子生物学,3 [104/310],,,,,,,,,,,二级
Biology-Basel,2025,2079-7737/2079-7737,否,否,是,SCIE,3.5,,生物学,2 [266/1091],否, BIOLOGY 生物学,2 [25/109],,,,,,,,,,,二级
AMB Express,2025,2191-0855/2191-0855,否,否,是,SCIE,3.7,,生物学,2 [267/1091],否, BIOTECHNOLOGY & APPLIED MICROBIOLOGY 生物工程与应用微生物,2 [43/174],,,,,,,,,,,二级
ORGANISMS DIVERSITY & EVOLUTION,2025,1439-6092/1618-1077,否,否,否,SCIE,1.9,,生物学,2 [268/1091],否, ZOOLOGY 动物学,2 [23/179], EVOLUTIONARY BIOLOGY 进化生物学,4 [30/52],,,,,,,,,二级
ANIMAL COGNITION,2025,1435-9448/1435-9456,否,是,是,SCIE,2.1,,生物学,2 [269/1091],否, BEHAVIORAL SCIENCES 行为科学,2 [15/55], ZOOLOGY 动物学,2 [24/179],,,,,,,,,二级
Frontiers in Genome Editing,2025,2673-3439/2673-3439,否,否,是,ESCI,4.4,,生物学,2 [270/1091],否, BIOTECHNOLOGY & APPLIED MICROBIOLOGY 生物工程与应用微生物,2 [44/174], GENETICS & HEREDITY 遗传学,3 [67/190],,,,,,,,,二级
MYCOPATHOLOGIA,2025,0301-486X/1573-0832,否,否,否,SCIE,2.9,,生物学,2 [271/1091],否, MYCOLOGY 真菌学,3 [13/32],,,,,,,,,,,二级
JOURNAL OF MOLECULAR BIOLOGY,2025,0022-2836/1089-8638,否,否,否,SCIE,4.5,,生物学,2 [272/1091],否, BIOCHEMISTRY & MOLECULAR BIOLOGY 生化与分子生物学,3 [107/310],,,,,,,,,,,二级
MOLECULAR BIOLOGY OF THE CELL,2025,1059-1524/1939-4586,否,否,否,SCIE,2.7,,生物学,2 [273/1091],否, CELL BIOLOGY 细胞生物学,3 [89/203],,,,,,,,,,,二级
BMC BIOTECHNOLOGY,2025,1472-6750/1472-6750,否,否,是,SCIE,3.4,,生物学,2 [274/1091],否, BIOTECHNOLOGY & APPLIED MICROBIOLOGY 生物工程与应用微生物,2 [47/174],,,,,,,,,,,二级
American Journal of Biological Anthropology,2025,2692-7691/2692-7691,否,否,否,SSCI;SCIE,2,,生物学,2 [275/1091],否, ANTHROPOLOGY 人类学,3 [49/137], EVOLUTIONARY BIOLOGY 进化生物学,4 [31/52],,,,,,,,,二级
Frontiers in Cell and Developmental Biology,2025,2296-634X/2296-634X,否,否,是,SCIE,4.3,,生物学,2 [276/1091],否, DEVELOPMENTAL BIOLOGY 发育生物学,2 [11/39], CELL BIOLOGY 细胞生物学,3 [90/203],,,,,,,,,二级
JOURNAL OF BIOTECHNOLOGY,2025,0168-1656/1873-4863,否,否,否,SCIE,3.9,,生物学,2 [277/1091],否, BIOTECHNOLOGY & APPLIED MICROBIOLOGY 生物工程与应用微生物,3 [50/174],,,,,,,,,,,二级
FEBS Journal,2025,1742-464X/1742-4658,否,否,否,SCIE,4.2,,生物学,2 [278/1091],否, BIOCHEMISTRY & MOLECULAR BIOLOGY 生化与分子生物学,3 [109/310],,,,,,,,,,,二级
MYCOLOGIA,2025,0027-5514/1557-2536,否,否,否,SCIE,2.6,,生物学,2 [279/1091],否, MYCOLOGY 真菌学,3 [14/32],,,,,,,,,,,二级
JOURNAL OF PLANT PHYSIOLOGY,2025,0176-1617/1618-1328,否,否,否,SCIE,4.1,,生物学,2 [280/1091],否, PLANT SCIENCES 植物科学,3 [69/265],,,,,,,,,,,二级
Current Research in Microbial Sciences,2025,2666-5174/2666-5174,否,否,否,ESCI,5.8,,生物学,2 [281/1091],否, MICROBIOLOGY 微生物学,3 [65/159],,,,,,,,,,,二级
Ecology and Evolution,2025,2045-7758/2045-7758,否,是,是,SCIE,2.3,,生物学,2 [282/1091],否, ECOLOGY 生态学,3 [75/196], EVOLUTIONARY BIOLOGY 进化生物学,4 [32/52],,,,,,,,,二级
Mycology-An International Journal On Fungal Biology,2025,2150-1203/2150-1211,否,否,是,ESCI,4.4,中国SCI期刊支持计划,生物学,2 [283/1091],否, MYCOLOGY 真菌学,2 [10/32],,,,,,,,,,,二级
Phenomics,2025,2730-583X/2730-5848,否,否,否,ESCI,6.2,中国SCI期刊支持计划,生物学,2 [284/1091],否, GENETICS & HEREDITY 遗传学,2 [50/190],,,,,,,,,,,二级
Interdisciplinary Sciences-Computational Life Sciences,2025,1913-2751/1867-1462,否,否,否,SCIE,3.9,中国SCI期刊支持计划,生物学,2 [285/1091],否, MATHEMATICAL & COMPUTATIONAL BIOLOGY 数学与计算生物学,2 [17/66],,,,,,,,,,,二级
ACTA BIOCHIMICA ET BIOPHYSICA SINICA,2025,1672-9145/1745-7270,否,否,否,SCIE,3.4,中国SCI期刊支持计划,生物学,2 [286/1091],否, BIOCHEMISTRY & MOLECULAR BIOLOGY 生化与分子生物学,2 [84/310], BIOPHYSICS 生物物理,2 [24/76],,,,,,,,,二级
INTERNATIONAL JOURNAL OF MOLECULAR SCIENCES,2025,1661-6596/1422-0067,否,否,是,SCIE,4.9,Mega-Journal,生物学,3 [287/1091],否, BIOCHEMISTRY & MOLECULAR BIOLOGY 生化与分子生物学,3 [94/310]," CHEMISTRY, MULTIDISCIPLINARY 化学：综合",3 [65/230],,,,,,,,,二级
ANNALS OF THE MISSOURI BOTANICAL GARDEN,2025,0026-6493/2162-4372,否,否,否,SCIE,1.3,,生物学,3 [288/1091],否, PLANT SCIENCES 植物科学,3 [70/265],,,,,,,,,,,二级
DEVELOPMENTAL BIOLOGY,2025,0012-1606/1095-564X,否,否,否,SCIE,2.1,,生物学,3 [289/1091],否, DEVELOPMENTAL BIOLOGY 发育生物学,3 [12/39],,,,,,,,,,,二级
BIOLOGICAL JOURNAL OF THE LINNEAN SOCIETY,2025,0024-4066/1095-8312,否,否,否,SCIE,1.5,,生物学,3 [290/1091],否, EVOLUTIONARY BIOLOGY 进化生物学,4 [33/52],,,,,,,,,,,二级
PHYTOCHEMICAL ANALYSIS,2025,0958-0344/1099-1565,否,否,否,SCIE,2.6,,生物学,3 [291/1091],否, BIOCHEMICAL RESEARCH METHODS 生化研究方法,2 [19/85]," CHEMISTRY, ANALYTICAL 分析化学",2 [28/106], PLANT SCIENCES 植物科学,3 [71/265],,,,,,,二级
JOURNAL OF ZOOLOGY,2025,0952-8369/1469-7998,否,否,否,SCIE,1.6,,生物学,3 [292/1091],否, ZOOLOGY 动物学,2 [25/179],,,,,,,,,,,二级
Life Science Alliance,2025,2575-1077/2575-1077,否,否,是,SCIE,2.9,,生物学,3 [293/1091],否, BIOLOGY 生物学,3 [27/109],,,,,,,,,,,二级
MOLECULES AND CELLS,2025,1016-8478/0219-1032,否,否,否,SCIE,6.5,,生物学,3 [294/1091],否, BIOCHEMISTRY & MOLECULAR BIOLOGY 生化与分子生物学,3 [112/310], CELL BIOLOGY 细胞生物学,3 [94/203],,,,,,,,,二级
AMERICAN JOURNAL OF PHYSIOLOGY-CELL PHYSIOLOGY,2025,0363-6143/1522-1563,否,否,否,SCIE,4.7,,生物学,3 [295/1091],否, CELL BIOLOGY 细胞生物学,3 [96/203], PHYSIOLOGY 生理学,3 [27/84],,,,,,,,,二级
BIOCHIMICA ET BIOPHYSICA ACTA-MOLECULAR CELL RESEARCH,2025,0167-4889/1879-2596,否,否,否,SCIE,3.7,,生物学,3 [296/1091],否, BIOCHEMISTRY & MOLECULAR BIOLOGY 生化与分子生物学,3 [113/310], CELL BIOLOGY 细胞生物学,3 [97/203],,,,,,,,,二级
Bioresources and Bioprocessing,2025,2197-4365/2197-4365,否,否,是,SCIE,5.1,,生物学,3 [297/1091],否, BIOTECHNOLOGY & APPLIED MICROBIOLOGY 生物工程与应用微生物,3 [52/174],,,,,,,,,,,二级
JOURNAL OF PHYCOLOGY,2025,0022-3646/1529-8817,否,否,否,SCIE,3.4,,生物学,3 [298/1091],否, MARINE & FRESHWATER BIOLOGY 海洋与淡水生物学,2 [18/118], PLANT SCIENCES 植物科学,3 [73/265],,,,,,,,,二级
JOURNAL OF BIOMOLECULAR NMR,2025,0925-2738/1573-5001,否,否,否,SCIE,1.9,,生物学,3 [299/1091],否, SPECTROSCOPY 光谱学,2 [10/43], BIOCHEMISTRY & MOLECULAR BIOLOGY 生化与分子生物学,3 [114/310],,,,,,,,,二级
JOURNAL OF CELL SCIENCE,2025,0021-9533/1477-9137,否,否,否,SCIE,3.6,,生物学,3 [300/1091],否, CELL BIOLOGY 细胞生物学,3 [98/203],,,,,,,,,,,二级
Cell Adhesion & Migration,2025,1933-6918/1933-6926,否,否,是,SCIE,3.5,,生物学,3 [301/1091],否, CELL BIOLOGY 细胞生物学,3 [99/203],,,,,,,,,,,二级
Genome Biology and Evolution,2025,1759-6653/1759-6653,否,否,是,SCIE,2.8,,生物学,3 [302/1091],否, GENETICS & HEREDITY 遗传学,3 [71/190], EVOLUTIONARY BIOLOGY 进化生物学,4 [34/52],,,,,,,,,二级
BIOTECHNOLOGY AND BIOENGINEERING,2025,0006-3592/1097-0290,否,否,否,SCIE,3.6,,生物学,3 [303/1091],否, BIOTECHNOLOGY & APPLIED MICROBIOLOGY 生物工程与应用微生物,3 [53/174],,,,,,,,,,,二级
PLANTA,2025,0032-0935/1432-2048,否,否,否,SCIE,3.8,,生物学,3 [304/1091],否, PLANT SCIENCES 植物科学,3 [75/265],,,,,,,,,,,二级
PROGRESS IN BIOPHYSICS & MOLECULAR BIOLOGY,2025,0079-6107/1873-1732,是,否,否,SCIE,4.5,,生物学,3 [305/1091],否, BIOPHYSICS 生物物理,2 [17/76], BIOCHEMISTRY & MOLECULAR BIOLOGY 生化与分子生物学,3 [116/310],,,,,,,,,二级
Metabolites,2025,2218-1989/2218-1989,否,否,是,SCIE,3.7,,生物学,3 [306/1091],否, BIOCHEMISTRY & MOLECULAR BIOLOGY 生化与分子生物学,3 [117/310],,,,,,,,,,,二级
EVOLUTION & DEVELOPMENT,2025,1520-541X/1525-142X,否,否,否,SCIE,2,,生物学,3 [307/1091],否, DEVELOPMENTAL BIOLOGY 发育生物学,3 [13/39], GENETICS & HEREDITY 遗传学,3 [73/190], EVOLUTIONARY BIOLOGY 进化生物学,4 [35/52],,,,,,,二级
MICROBIAL ECOLOGY,2025,0095-3628/1432-184X,否,否,否,SCIE,4,,生物学,3 [308/1091],否, MARINE & FRESHWATER BIOLOGY 海洋与淡水生物学,2 [19/118], ECOLOGY 生态学,3 [78/196], MICROBIOLOGY 微生物学,3 [66/159],,,,,,,二级
Ornithology,2025,0004-8038/2732-4613,否,否,否,SCIE,1.7,,生物学,3 [309/1091],否, ORNITHOLOGY 鸟类学,1 [2/29],,,,,,,,,,,二级
MicrobiologyOpen,2025,2045-8827/2045-8827,否,否,是,SCIE,4.6,,生物学,3 [310/1091],否, MICROBIOLOGY 微生物学,3 [67/159],,,,,,,,,,,二级
METHODS,2025,1046-2023/1095-9130,否,否,否,SCIE,4.3,,生物学,3 [311/1091],否, BIOCHEMICAL RESEARCH METHODS 生化研究方法,2 [20/85], BIOCHEMISTRY & MOLECULAR BIOLOGY 生化与分子生物学,3 [118/310],,,,,,,,,二级
Rhizosphere,2025,2452-2198/2452-2198,否,否,否,SCIE,3.5,,生物学,3 [312/1091],否, PLANT SCIENCES 植物科学,3 [76/265], SOIL SCIENCE 土壤科学,3 [15/48],,,,,,,,,二级
Current Research in Biotechnology,2025,2590-2628/2590-2628,否,否,否,ESCI,4,,生物学,3 [313/1091],否, BIOTECHNOLOGY & APPLIED MICROBIOLOGY 生物工程与应用微生物,3 [56/174],,,,,,,,,,,二级
BIOCHIMICA ET BIOPHYSICA ACTA-BIOENERGETICS,2025,0005-2728/1879-2650,否,否,否,SCIE,2.7,,生物学,3 [314/1091],否, BIOPHYSICS 生物物理,2 [18/76], BIOCHEMISTRY & MOLECULAR BIOLOGY 生化与分子生物学,3 [119/310],,,,,,,,,二级
Transcription-Austin,2025,2154-1264/2154-1272,否,否,否,ESCI,4.4,,生物学,3 [315/1091],否, BIOCHEMISTRY & MOLECULAR BIOLOGY 生化与分子生物学,3 [120/310],,,,,,,,,,,二级
Current Plant Biology,2025,2214-6628/2214-6628,否,否,是,ESCI,4.5,,生物学,3 [316/1091],否, PLANT SCIENCES 植物科学,3 [78/265],,,,,,,,,,,二级
RNA,2025,1355-8382/1469-9001,否,否,否,SCIE,5,,生物学,3 [317/1091],否, BIOCHEMISTRY & MOLECULAR BIOLOGY 生化与分子生物学,3 [121/310],,,,,,,,,,,二级
JOURNAL OF CELLULAR PHYSIOLOGY,2025,0021-9541/1097-4652,否,否,否,SCIE,4,,生物学,3 [318/1091],否, CELL BIOLOGY 细胞生物学,3 [101/203], PHYSIOLOGY 生理学,3 [28/84],,,,,,,,,二级
PLANT MOLECULAR BIOLOGY,2025,0167-4412/1573-5028,否,否,否,SCIE,3.8,,生物学,3 [319/1091],否, BIOCHEMISTRY & MOLECULAR BIOLOGY 生化与分子生物学,3 [122/310], PLANT SCIENCES 植物科学,3 [79/265],,,,,,,,,二级
BIOLOGICAL TRACE ELEMENT RESEARCH,2025,0163-4984/1559-0720,否,否,否,SCIE,3.6,,生物学,3 [320/1091],否, BIOCHEMISTRY & MOLECULAR BIOLOGY 生化与分子生物学,3 [123/310], ENDOCRINOLOGY & METABOLISM 内分泌学与代谢,4 [88/184],,,,,,,,,二级
SEED SCIENCE RESEARCH,2025,0960-2585/1475-2735,否,否,否,SCIE,1.9,,生物学,3 [321/1091],否, PLANT SCIENCES 植物科学,3 [80/265],,,,,,,,,,,二级
Cell Reports Methods,2025,2667-2375/2667-2375,否,否,否,ESCI,4.5,,生物学,3 [322/1091],否, BIOCHEMICAL RESEARCH METHODS 生化研究方法,2 [21/85], CELL BIOLOGY 细胞生物学,3 [102/203],,,,,,,,,二级
JOURNAL OF PHYSIOLOGY AND BIOCHEMISTRY,2025,1138-7548/1877-8755,否,否,否,SCIE,4.3,,生物学,3 [323/1091],否, BIOCHEMISTRY & MOLECULAR BIOLOGY 生化与分子生物学,3 [125/310], PHYSIOLOGY 生理学,3 [29/84],,,,,,,,,二级
Journal of Proteomics,2025,1874-3919/1876-7737,否,否,否,SCIE,2.8,,生物学,3 [324/1091],否, BIOCHEMICAL RESEARCH METHODS 生化研究方法,2 [22/85],,,,,,,,,,,二级
Epigenetics,2025,1559-2294/1559-2308,否,否,否,SCIE,3.2,,生物学,3 [325/1091],否, BIOCHEMISTRY & MOLECULAR BIOLOGY 生化与分子生物学,3 [126/310], GENETICS & HEREDITY 遗传学,3 [76/190],,,,,,,,,二级
AUSTRALIAN SYSTEMATIC BOTANY,2025,1030-1887/1446-5701,否,否,否,SCIE,1.6,,生物学,3 [326/1091],否, PLANT SCIENCES 植物科学,3 [81/265], EVOLUTIONARY BIOLOGY 进化生物学,4 [37/52],,,,,,,,,二级
MOLECULAR AND CELLULAR BIOLOGY,2025,0270-7306/1098-5549,否,否,否,SCIE,2.7,,生物学,3 [327/1091],否, BIOCHEMISTRY & MOLECULAR BIOLOGY 生化与分子生物学,3 [127/310], CELL BIOLOGY 细胞生物学,3 [103/203],,,,,,,,,二级
Science of Nature,2025,0028-1042/1432-1904,否,否,否,SCIE,2.1,,生物学,3 [328/1091],否, MULTIDISCIPLINARY SCIENCES 综合性期刊,3 [30/131],,,,,,,,,,,二级
Animal Cells and Systems,2025,1976-8354/2151-2485,否,否,是,SCIE,3.2,,生物学,3 [329/1091],否, ZOOLOGY 动物学,2 [27/179], CELL BIOLOGY 细胞生物学,3 [104/203],,,,,,,,,二级
Reproductive Biology,2025,1642-431X/2300-732X,否,否,否,SCIE,2,,生物学,3 [330/1091],否, REPRODUCTIVE BIOLOGY 生殖生物学,3 [16/39],,,,,,,,,,,二级
MARINE BIOLOGY,2025,0025-3162/1432-1793,否,否,否,SCIE,2.1,,生物学,3 [331/1091],否, MARINE & FRESHWATER BIOLOGY 海洋与淡水生物学,2 [22/118],,,,,,,,,,,二级
IEEE TRANSACTIONS ON NANOBIOSCIENCE,2025,1536-1241/1558-2639,否,否,否,SCIE,4.4,,生物学,3 [332/1091],否, BIOCHEMICAL RESEARCH METHODS 生化研究方法,3 [23/85], NANOSCIENCE & NANOTECHNOLOGY 纳米科技,4 [59/139],,,,,,,,,二级
BIOFACTORS,2025,0951-6433/1872-8081,否,否,否,SCIE,5,,生物学,3 [333/1091],否, BIOCHEMISTRY & MOLECULAR BIOLOGY 生化与分子生物学,3 [128/310], ENDOCRINOLOGY & METABOLISM 内分泌学与代谢,4 [96/184],,,,,,,,,二级
INTEGRATIVE AND COMPARATIVE BIOLOGY,2025,1540-7063/1557-7023,否,否,否,SCIE,2.1,,生物学,3 [334/1091],否, ZOOLOGY 动物学,2 [28/179],,,,,,,,,,,二级
MITOCHONDRION,2025,1567-7249/1872-8278,否,否,否,SCIE,4.5,,生物学,3 [335/1091],否, CELL BIOLOGY 细胞生物学,3 [105/203], GENETICS & HEREDITY 遗传学,3 [78/190],,,,,,,,,二级
ENZYME AND MICROBIAL TECHNOLOGY,2025,0141-0229/1879-0909,否,否,否,SCIE,3.7,,生物学,3 [336/1091],否, BIOTECHNOLOGY & APPLIED MICROBIOLOGY 生物工程与应用微生物,3 [57/174],,,,,,,,,,,二级
Applications in Plant Sciences,2025,2168-0450/2168-0450,否,否,是,SCIE,2.4,,生物学,3 [337/1091],否, PLANT SCIENCES 植物科学,3 [83/265],,,,,,,,,,,二级
APPLIED MICROBIOLOGY AND BIOTECHNOLOGY,2025,0175-7598/1432-0614,否,否,否,SCIE,4.3,,生物学,3 [338/1091],否, BIOTECHNOLOGY & APPLIED MICROBIOLOGY 生物工程与应用微生物,3 [58/174],,,,,,,,,,,二级
MOLECULAR AND CELLULAR BIOCHEMISTRY,2025,0300-8177/1573-4919,否,否,否,SCIE,3.7,,生物学,3 [339/1091],否, CELL BIOLOGY 细胞生物学,3 [107/203],,,,,,,,,,,二级
JOURNAL OF REPRODUCTION AND DEVELOPMENT,2025,0916-8818/1348-4400,否,否,否,SCIE,2.2,,生物学,3 [340/1091],否," AGRICULTURE, DAIRY & ANIMAL SCIENCE 奶制品与动物科学",2 [16/80], REPRODUCTIVE BIOLOGY 生殖生物学,4 [19/39],,,,,,,,,二级
Frontiers in Marine Science,2025,2296-7745/2296-7745,否,否,是,SCIE,3,,生物学,3 [341/1091],否, MARINE & FRESHWATER BIOLOGY 海洋与淡水生物学,2 [23/118],,,,,,,,,,,二级
JOURNAL OF PLANT GROWTH REGULATION,2025,0721-7595/1435-8107,否,否,否,SCIE,4.4,,生物学,3 [342/1091],否, PLANT SCIENCES 植物科学,3 [84/265],,,,,,,,,,,二级
Frontiers in Bioengineering and Biotechnology,2025,2296-4185/2296-4185,否,否,是,SCIE,4.8,,生物学,3 [343/1091],否, BIOTECHNOLOGY & APPLIED MICROBIOLOGY 生物工程与应用微生物,3 [60/174]," ENGINEERING, BIOMEDICAL 工程：生物医学",4 [55/120],,,,,,,,,二级
CELL AND TISSUE RESEARCH,2025,0302-766X/1432-0878,否,否,否,SCIE,2.9,,生物学,3 [344/1091],否, CELL BIOLOGY 细胞生物学,4 [108/203],,,,,,,,,,,二级
Computational and Structural Biotechnology Journal,2025,2001-0370/2001-0370,否,是,是,SCIE,4.1,,生物学,3 [345/1091],否, BIOCHEMISTRY & MOLECULAR BIOLOGY 生化与分子生物学,3 [129/310],,,,,,,,,,,二级
DNA REPAIR,2025,1568-7864/1568-7856,否,否,否,SCIE,2.7,,生物学,3 [346/1091],否, GENETICS & HEREDITY 遗传学,3 [79/190], TOXICOLOGY 毒理学,3 [36/106],,,,,,,,,二级
Channels,2025,1933-6950/1933-6969,否,否,是,SCIE,3.2,,生物学,3 [347/1091],否, BIOCHEMISTRY & MOLECULAR BIOLOGY 生化与分子生物学,3 [130/310],,,,,,,,,,,二级
Proteome Science,2025,1477-5956/1477-5956,否,否,是,SCIE,1.6,,生物学,3 [348/1091],否, BIOCHEMICAL RESEARCH METHODS 生化研究方法,3 [24/85],,,,,,,,,,,二级
JOURNAL OF EVOLUTIONARY BIOLOGY,2025,1010-061X/1420-9101,否,否,否,SCIE,2.3,,生物学,3 [349/1091],否, ECOLOGY 生态学,3 [83/196], GENETICS & HEREDITY 遗传学,3 [80/190], EVOLUTIONARY BIOLOGY 进化生物学,4 [39/52],,,,,,,二级
Mobile DNA,2025,1759-8753/1759-8753,否,否,是,SCIE,3.1,,生物学,3 [350/1091],否, GENETICS & HEREDITY 遗传学,3 [81/190],,,,,,,,,,,二级
EXPERIMENTAL CELL RESEARCH,2025,0014-4827/1090-2422,否,否,否,SCIE,3.5,,生物学,3 [351/1091],否, CELL BIOLOGY 细胞生物学,4 [110/203], ONCOLOGY 肿瘤学,4 [161/318],,,,,,,,,二级
Environmental Microbiology Reports,2025,1758-2229/1758-2229,否,否,否,SCIE,2.7,,生物学,3 [352/1091],否, ENVIRONMENTAL SCIENCES 环境科学,3 [146/357], MICROBIOLOGY 微生物学,3 [71/159],,,,,,,,,二级
Biochemical Engineering Journal,2025,1369-703X/1873-295X,否,否,否,SCIE,3.8,,生物学,3 [353/1091],否, BIOTECHNOLOGY & APPLIED MICROBIOLOGY 生物工程与应用微生物,3 [61/174]," ENGINEERING, CHEMICAL 工程：化工",3 [60/169],,,,,,,,,二级
INTERNATIONAL JOURNAL OF PRIMATOLOGY,2025,0164-0291/1573-8604,否,否,否,SCIE,1.8,,生物学,3 [354/1091],否, ZOOLOGY 动物学,2 [29/179],,,,,,,,,,,二级
PLANT SYSTEMATICS AND EVOLUTION,2025,0378-2697/1615-6110,否,否,否,SCIE,1.6,,生物学,3 [355/1091],否, PLANT SCIENCES 植物科学,3 [86/265], EVOLUTIONARY BIOLOGY 进化生物学,4 [40/52],,,,,,,,,二级
BioScience Trends,2025,1881-7815/1881-7823,否,否,否,SCIE,5,,生物学,3 [356/1091],否, BIOLOGY 生物学,3 [30/109],,,,,,,,,,,二级
JOURNAL OF BACTERIOLOGY,2025,0021-9193/1098-5530,否,否,否,SCIE,3,,生物学,3 [357/1091],否, MICROBIOLOGY 微生物学,3 [72/159],,,,,,,,,,,二级
PROCESS BIOCHEMISTRY,2025,1359-5113/1873-3298,否,否,否,SCIE,4,,生物学,3 [358/1091],否, BIOCHEMISTRY & MOLECULAR BIOLOGY 生化与分子生物学,3 [132/310], BIOTECHNOLOGY & APPLIED MICROBIOLOGY 生物工程与应用微生物,3 [62/174]," ENGINEERING, CHEMICAL 工程：化工",3 [61/169],,,,,,,二级
Diversity-Basel,2025,1424-2818/1424-2818,否,否,是,SCIE,2.1,,生物学,3 [359/1091],否, BIODIVERSITY CONSERVATION 生物多样性保护,3 [27/75], ECOLOGY 生态学,3 [85/196],,,,,,,,,二级
Neotropical Ichthyology,2025,1679-6225,否,否,是,SCIE,1.8,,生物学,3 [360/1091],否, ZOOLOGY 动物学,2 [31/179],,,,,,,,,,,二级
Biochemistry Research International,2025,2090-2247/2090-2255,否,否,是,ESCI,3.4,,生物学,3 [361/1091],否, BIOCHEMICAL RESEARCH METHODS 生化研究方法,3 [26/85],,,,,,,,,,,二级
JOURNAL OF HELMINTHOLOGY,2025,0022-149X/1475-2697,否,否,否,SCIE,1.6,,生物学,3 [362/1091],否, ZOOLOGY 动物学,2 [32/179], PARASITOLOGY 寄生虫学,3 [20/45],,,,,,,,,二级
MOLECULAR REPRODUCTION AND DEVELOPMENT,2025,1040-452X/1098-2795,否,否,否,SCIE,3,,生物学,3 [363/1091],否, BIOCHEMISTRY & MOLECULAR BIOLOGY 生化与分子生物学,3 [134/310], DEVELOPMENTAL BIOLOGY 发育生物学,3 [14/39], CELL BIOLOGY 细胞生物学,4 [111/203], REPRODUCTIVE BIOLOGY 生殖生物学,4 [21/39],,,,,二级
MYCOLOGICAL PROGRESS,2025,1617-416X/1861-8952,否,否,否,SCIE,3,,生物学,3 [364/1091],否, MYCOLOGY 真菌学,3 [16/32],,,,,,,,,,,二级
GLYCOBIOLOGY,2025,0959-6658/1460-2423,否,否,否,SCIE,3.3,,生物学,3 [365/1091],否, BIOCHEMISTRY & MOLECULAR BIOLOGY 生化与分子生物学,3 [135/310],,,,,,,,,,,二级
INTERNATIONAL JOURNAL OF BIOCHEMISTRY & CELL BIOLOGY,2025,1357-2725/1878-5875,否,否,否,SCIE,2.8,,生物学,3 [366/1091],否, BIOCHEMISTRY & MOLECULAR BIOLOGY 生化与分子生物学,3 [136/310], CELL BIOLOGY 细胞生物学,4 [112/203],,,,,,,,,二级
Subterranean Biology,2025,1768-1448/1314-2615,否,否,是,SCIE,1.3,,生物学,3 [367/1091],否, ZOOLOGY 动物学,2 [33/179],,,,,,,,,,,二级
MARINE BIOTECHNOLOGY,2025,1436-2228/1436-2236,否,否,否,SCIE,2.8,,生物学,3 [368/1091],否, MARINE & FRESHWATER BIOLOGY 海洋与淡水生物学,2 [27/118], BIOTECHNOLOGY & APPLIED MICROBIOLOGY 生物工程与应用微生物,3 [63/174],,,,,,,,,二级
PROTEIN SCIENCE,2025,0961-8368/1469-896X,否,否,否,SCIE,5.2,,生物学,3 [369/1091],否, BIOCHEMISTRY & MOLECULAR BIOLOGY 生化与分子生物学,3 [138/310],,,,,,,,,,,二级
JOURNAL OF BIOLOGICAL RHYTHMS,2025,0748-7304/1552-4531,否,否,否,SCIE,2.1,,生物学,3 [370/1091],否, BIOLOGY 生物学,3 [31/109], PHYSIOLOGY 生理学,3 [33/84],,,,,,,,,二级
IEEE Transactions on Molecular Biological and Multi-Scale Communications,2025,2332-7804/2332-7804,否,否,否,ESCI,2.3,,生物学,3 [371/1091],否," ENGINEERING, ELECTRICAL & ELECTRONIC 工程：电子与电气",3 [143/352], TELECOMMUNICATIONS 电信学,4 [53/119],,,,,,,,,二级
JOURNAL OF HUMAN GENETICS,2025,1434-5161/1435-232X,否,否,否,SCIE,2.5,,生物学,3 [372/1091],否, GENETICS & HEREDITY 遗传学,3 [82/190],,,,,,,,,,,二级
Interface Focus,2025,2042-8898/2042-8901,否,否,否,SCIE,4,,生物学,3 [373/1091],否, BIOLOGY 生物学,3 [32/109],,,,,,,,,,,二级
GENETICS,2025,0016-6731/1943-2631,否,否,否,SCIE,5.1,,生物学,3 [374/1091],否, GENETICS & HEREDITY 遗传学,3 [83/190],,,,,,,,,,,二级
RNA Biology,2025,1547-6286/1555-8584,否,否,否,SCIE,3.4,,生物学,3 [375/1091],否, BIOCHEMISTRY & MOLECULAR BIOLOGY 生化与分子生物学,3 [141/310],,,,,,,,,,,二级
JOURNAL OF PLANT RESEARCH,2025,0918-9440/1618-0860,否,否,否,SCIE,2.3,,生物学,3 [376/1091],否, PLANT SCIENCES 植物科学,3 [87/265],,,,,,,,,,,二级
IBIS,2025,0019-1019/1474-919X,否,否,否,SCIE,2.1,,生物学,3 [377/1091],否, ORNITHOLOGY 鸟类学,1 [3/29],,,,,,,,,,,二级
Life-Basel,2025,2075-1729/2075-1729,否,否,是,SCIE,3.4,,生物学,3 [378/1091],否, BIOLOGY 生物学,3 [34/109],,,,,,,,,,,二级
IUBMB LIFE,2025,1521-6543/1521-6551,否,否,否,SCIE,3.2,,生物学,3 [379/1091],否, BIOCHEMISTRY & MOLECULAR BIOLOGY 生化与分子生物学,3 [142/310], CELL BIOLOGY 细胞生物学,4 [115/203],,,,,,,,,二级
PHYSIOLOGY AND MOLECULAR BIOLOGY OF PLANTS,2025,0971-5894/0974-0430,否,否,否,SCIE,3.3,,生物学,3 [380/1091],否, PLANT SCIENCES 植物科学,3 [88/265],,,,,,,,,,,二级
JOURNAL OF COMPUTER-AIDED MOLECULAR DESIGN,2025,0920-654X/1573-4951,否,否,否,SCIE,3.1,,生物学,3 [381/1091],否, BIOPHYSICS 生物物理,2 [21/76], BIOCHEMISTRY & MOLECULAR BIOLOGY 生化与分子生物学,3 [144/310]," COMPUTER SCIENCE, INTERDISCIPLINARY APPLICATIONS 计算机：跨学科应用",4 [84/172],,,,,,,二级
Genes,2025,2073-4425/2073-4425,否,否,是,SCIE,2.8,,生物学,3 [382/1091],否, GENETICS & HEREDITY 遗传学,3 [84/190],,,,,,,,,,,二级
Life Sciences in Space Research,2025,2214-5524/2214-5532,否,否,否,SCIE,2.8,,生物学,3 [383/1091],否, ASTRONOMY & ASTROPHYSICS 天文与天体物理,3 [27/84], BIOLOGY 生物学,3 [35/109],,,,,,,,,二级
HYDROBIOLOGIA,2025,0018-8158/1573-5117,否,否,否,SCIE,2.5,,生物学,3 [384/1091],否, MARINE & FRESHWATER BIOLOGY 海洋与淡水生物学,2 [28/118],,,,,,,,,,,二级
Tree Genetics & Genomes,2025,1614-2942/1614-2950,否,否,否,SCIE,1.6,,生物学,3 [385/1091],否, FORESTRY 林学,2 [19/89], HORTICULTURE 园艺,2 [8/38], GENETICS & HEREDITY 遗传学,3 [85/190],,,,,,,二级
ARCHIVES OF BIOCHEMISTRY AND BIOPHYSICS,2025,0003-9861/1096-0384,否,否,否,SCIE,3,,生物学,3 [386/1091],否, BIOPHYSICS 生物物理,2 [22/76], BIOCHEMISTRY & MOLECULAR BIOLOGY 生化与分子生物学,3 [147/310],,,,,,,,,二级
BIOCHEMICAL JOURNAL,2025,0264-6021/1470-8728,否,否,否,SCIE,4.3,,生物学,3 [387/1091],否, BIOCHEMISTRY & MOLECULAR BIOLOGY 生化与分子生物学,3 [148/310],,,,,,,,,,,二级
Frontiers in Molecular Biosciences,2025,2296-889X/2296-889X,否,否,是,SCIE,4,,生物学,3 [388/1091],否, BIOCHEMISTRY & MOLECULAR BIOLOGY 生化与分子生物学,3 [149/310],,,,,,,,,,,二级
TRAFFIC,2025,1398-9219/1600-0854,否,否,否,SCIE,2.5,,生物学,3 [389/1091],否, CELL BIOLOGY 细胞生物学,4 [117/203],,,,,,,,,,,二级
BIOCHIMIE,2025,0300-9084/1638-6183,否,否,否,SCIE,3,,生物学,3 [390/1091],否, BIOCHEMISTRY & MOLECULAR BIOLOGY 生化与分子生物学,3 [150/310],,,,,,,,,,,二级
BIOMETALS,2025,0966-0844/1572-8773,否,否,否,SCIE,3.6,,生物学,3 [391/1091],否, BIOCHEMISTRY & MOLECULAR BIOLOGY 生化与分子生物学,3 [151/310],,,,,,,,,,,二级
Comparative Biochemistry and Physiology D-Genomics & Proteomics,2025,1744-117X/1878-0407,否,否,否,SCIE,2.4,,生物学,3 [392/1091],否, BIOCHEMISTRY & MOLECULAR BIOLOGY 生化与分子生物学,3 [152/310], GENETICS & HEREDITY 遗传学,3 [87/190],,,,,,,,,二级
MARINE MAMMAL SCIENCE,2025,0824-0469/1748-7692,否,否,否,SCIE,1.9,,生物学,3 [393/1091],否, MARINE & FRESHWATER BIOLOGY 海洋与淡水生物学,2 [29/118], ZOOLOGY 动物学,2 [34/179],,,,,,,,,二级
WORLD JOURNAL OF MICROBIOLOGY & BIOTECHNOLOGY,2025,0959-3993/1573-0972,否,否,否,SCIE,4.2,,生物学,3 [394/1091],否, BIOTECHNOLOGY & APPLIED MICROBIOLOGY 生物工程与应用微生物,3 [66/174],,,,,,,,,,,二级
MOLECULAR PLANT-MICROBE INTERACTIONS,2025,0894-0282/1943-7706,否,否,否,SCIE,3.4,,生物学,3 [395/1091],否, BIOCHEMISTRY & MOLECULAR BIOLOGY 生化与分子生物学,3 [153/310], BIOTECHNOLOGY & APPLIED MICROBIOLOGY 生物工程与应用微生物,3 [67/174], PLANT SCIENCES 植物科学,3 [89/265],,,,,,,二级
HERPETOLOGICA,2025,0018-0831/1938-5099,否,否,否,SCIE,1.1,,生物学,3 [396/1091],否, ZOOLOGY 动物学,2 [35/179],,,,,,,,,,,二级
Evolutionary Biology,2025,0071-3260/1934-2845,否,否,否,SCIE,1.7,,生物学,3 [397/1091],否, EVOLUTIONARY BIOLOGY 进化生物学,4 [41/52],,,,,,,,,,,二级
Expert Review of Proteomics,2025,1478-9450/1744-8387,是,否,否,SCIE,2.8,,生物学,3 [398/1091],否, BIOCHEMICAL RESEARCH METHODS 生化研究方法,3 [30/85],,,,,,,,,,,二级
BIOFOULING,2025,0892-7014/1029-2454,否,否,否,SCIE,2,,生物学,3 [399/1091],否, MARINE & FRESHWATER BIOLOGY 海洋与淡水生物学,2 [30/118], BIOTECHNOLOGY & APPLIED MICROBIOLOGY 生物工程与应用微生物,3 [68/174],,,,,,,,,二级
JOURNAL OF MAMMALIAN EVOLUTION,2025,1064-7554/1573-7055,否,否,否,SCIE,2.1,,生物学,3 [400/1091],否, ZOOLOGY 动物学,2 [36/179],,,,,,,,,,,二级
BIOPHYSICAL JOURNAL,2025,0006-3495/1542-0086,否,否,否,SCIE,3.1,,生物学,3 [401/1091],否, BIOPHYSICS 生物物理,2 [23/76],,,,,,,,,,,二级
CRYOBIOLOGY,2025,0011-2240/1090-2392,否,否,否,SCIE,2.1,,生物学,3 [402/1091],否, BIOLOGY 生物学,3 [37/109], PHYSIOLOGY 生理学,3 [37/84],,,,,,,,,二级
ENGINEERING IN LIFE SCIENCES,2025,1618-0240/1618-2863,否,否,否,SCIE,3,,生物学,3 [403/1091],否, BIOTECHNOLOGY & APPLIED MICROBIOLOGY 生物工程与应用微生物,3 [69/174],,,,,,,,,,,二级
SOUTH AFRICAN JOURNAL OF BOTANY,2025,0254-6299/1727-9321,否,否,否,SCIE,2.7,,生物学,3 [404/1091],否, PLANT SCIENCES 植物科学,3 [90/265],,,,,,,,,,,二级
Biocatalysis and Agricultural Biotechnology,2025,1878-8181/1878-8181,否,否,否,ESCI,3.8,,生物学,3 [405/1091],否, BIOTECHNOLOGY & APPLIED MICROBIOLOGY 生物工程与应用微生物,3 [70/174],,,,,,,,,,,二级
International Journal of Microbiology,2025,1687-918X/1687-9198,否,否,是,ESCI,3.2,,生物学,3 [406/1091],否, MICROBIOLOGY 微生物学,3 [75/159],,,,,,,,,,,二级
BIOSCIENCE REPORTS,2025,0144-8463/1573-4935,否,否,否,SCIE,4.7,,生物学,3 [407/1091],否, BIOCHEMISTRY & MOLECULAR BIOLOGY 生化与分子生物学,3 [155/310], CELL BIOLOGY 细胞生物学,4 [118/203],,,,,,,,,二级
PhytoKeys,2025,1314-2011/1314-2003,否,否,是,SCIE,1.5,,生物学,3 [408/1091],否, PLANT SCIENCES 植物科学,3 [91/265],,,,,,,,,,,二级
Journal of Genetic Engineering and Biotechnology,2025,2090-5920/2090-5920,否,否,是,ESCI,2.8,,生物学,3 [409/1091],否, BIOTECHNOLOGY & APPLIED MICROBIOLOGY 生物工程与应用微生物,3 [71/174],,,,,,,,,,,二级
European Zoological Journal,2025,2475-0263/2475-0263,否,否,是,SCIE,1.4,,生物学,3 [410/1091],否, ZOOLOGY 动物学,2 [37/179],,,,,,,,,,,二级
CRYPTOGAMIE MYCOLOGIE,2025,0181-1584/1776-100X,否,否,否,SCIE,2.7,,生物学,3 [411/1091],否, MYCOLOGY 真菌学,3 [17/32],,,,,,,,,,,二级
ANAEROBE,2025,1075-9964/1095-8274,否,否,否,SCIE,2.6,,生物学,3 [412/1091],否, MICROBIOLOGY 微生物学,3 [76/159],,,,,,,,,,,二级
ZooKeys,2025,1313-2989/1313-2970,否,否,是,SCIE,1.3,,生物学,3 [413/1091],否, ZOOLOGY 动物学,2 [38/179],,,,,,,,,,,二级
FEMS MICROBIOLOGY ECOLOGY,2025,0168-6496/1574-6941,否,否,否,SCIE,3.2,,生物学,3 [414/1091],否, MICROBIOLOGY 微生物学,3 [77/159],,,,,,,,,,,二级
FREE RADICAL RESEARCH,2025,1071-5762/1029-2470,否,否,否,SCIE,2.9,,生物学,3 [415/1091],否, BIOCHEMISTRY & MOLECULAR BIOLOGY 生化与分子生物学,3 [156/310],,,,,,,,,,,二级
NITRIC OXIDE-BIOLOGY AND CHEMISTRY,2025,1089-8603/1089-8611,否,否,否,SCIE,3.2,,生物学,3 [416/1091],否, BIOCHEMISTRY & MOLECULAR BIOLOGY 生化与分子生物学,3 [157/310], CELL BIOLOGY 细胞生物学,4 [119/203],,,,,,,,,二级
BIOLOGICAL PROCEDURES ONLINE,2025,1480-9222/1480-9222,否,否,是,SCIE,4.3,,生物学,3 [417/1091],否, BIOCHEMICAL RESEARCH METHODS 生化研究方法,3 [31/85],,,,,,,,,,,二级
ACTA AGROBOTANICA,2025,0065-0951/2300-357X,否,否,是,ESCI,1.3,,生物学,3 [418/1091],否, PLANT SCIENCES 植物科学,3 [92/265],,,,,,,,,,,二级
Adipocyte,2025,2162-3945/2162-397X,否,否,是,SCIE,3.1,,生物学,3 [419/1091],否, ENDOCRINOLOGY & METABOLISM 内分泌学与代谢,4 [107/184],,,,,,,,,,,二级
Proteomes,2025,2227-7382/2227-7382,否,否,是,ESCI,3.6,,生物学,3 [420/1091],否, BIOCHEMISTRY & MOLECULAR BIOLOGY 生化与分子生物学,3 [158/310],,,,,,,,,,,二级
EUROPEAN JOURNAL OF WILDLIFE RESEARCH,2025,1612-4642/1439-0574,否,否,否,SCIE,2,,生物学,3 [421/1091],否, ZOOLOGY 动物学,2 [41/179], ECOLOGY 生态学,3 [92/196],,,,,,,,,二级
CELL CYCLE,2025,1538-4101/1551-4005,否,否,否,SCIE,3.4,,生物学,3 [422/1091],否, CELL BIOLOGY 细胞生物学,4 [121/203],,,,,,,,,,,二级
JOURNAL OF EUKARYOTIC MICROBIOLOGY,2025,1066-5234/1550-7408,否,否,否,SCIE,2.6,,生物学,3 [423/1091],否, MICROBIOLOGY 微生物学,3 [78/159],,,,,,,,,,,二级
MOLECULAR MICROBIOLOGY,2025,0950-382X/1365-2958,否,否,否,SCIE,2.6,,生物学,3 [424/1091],否, MICROBIOLOGY 微生物学,3 [79/159], BIOCHEMISTRY & MOLECULAR BIOLOGY 生化与分子生物学,4 [164/310],,,,,,,,,二级
Journal of Zoological and Botanical Gardens,2025,2673-5636/2673-5636,否,否,否,ESCI,1.4,,生物学,3 [425/1091],否, BIODIVERSITY CONSERVATION 生物多样性保护,3 [31/75],,,,,,,,,,,二级
AMERICAN JOURNAL OF PRIMATOLOGY,2025,0275-2565/1098-2345,否,否,否,SCIE,1.8,,生物学,3 [426/1091],否, ZOOLOGY 动物学,2 [43/179],,,,,,,,,,,二级
BIOCHIMICA ET BIOPHYSICA ACTA-BIOMEMBRANES,2025,0005-2736/1879-2642,否,否,否,SCIE,2.5,,生物学,3 [427/1091],否, BIOPHYSICS 生物物理,3 [26/76], BIOCHEMISTRY & MOLECULAR BIOLOGY 生化与分子生物学,4 [165/310],,,,,,,,,二级
ELECTROPHORESIS,2025,0173-0835/1522-2683,否,否,否,SCIE,2.5,,生物学,3 [428/1091],否, BIOCHEMICAL RESEARCH METHODS 生化研究方法,3 [32/85]," CHEMISTRY, ANALYTICAL 分析化学",3 [38/106],,,,,,,,,二级
PROTOPLASMA,2025,0033-183X/1615-6102,否,否,否,SCIE,2.5,,生物学,3 [429/1091],否, PLANT SCIENCES 植物科学,3 [94/265], CELL BIOLOGY 细胞生物学,4 [124/203],,,,,,,,,二级
CELL STRESS & CHAPERONES,2025,1355-8145/1466-1268,否,否,否,SCIE,3.2,,生物学,3 [430/1091],否, CELL BIOLOGY 细胞生物学,4 [125/203],,,,,,,,,,,二级
Human Cell,2025,0914-7470/1749-0774,否,否,否,SCIE,3.1,,生物学,3 [431/1091],否, CELL BIOLOGY 细胞生物学,4 [126/203],,,,,,,,,,,二级
JOURNAL OF MOLECULAR HISTOLOGY,2025,1567-2379/1567-2387,否,否,否,SCIE,2.2,,生物学,3 [432/1091],否, CELL BIOLOGY 细胞生物学,4 [127/203],,,,,,,,,,,二级
WILDLIFE BIOLOGY,2025,0909-6396/1903-220X,否,否,是,SCIE,1.5,,生物学,3 [433/1091],否, ZOOLOGY 动物学,2 [44/179], ECOLOGY 生态学,4 [97/196],,,,,,,,,二级
CHEMISTRY AND PHYSICS OF LIPIDS,2025,0009-3084/1873-2941,否,否,否,SCIE,2.8,,生物学,3 [434/1091],否, BIOPHYSICS 生物物理,3 [27/76], BIOCHEMISTRY & MOLECULAR BIOLOGY 生化与分子生物学,4 [168/310],,,,,,,,,二级
Scientifica,2025,2090-908X/2090-908X,否,否,是,ESCI,3.1,,生物学,3 [435/1091],否, BIOLOGY 生物学,3 [40/109],,,,,,,,,,,二级
PeerJ,2025,2167-8359/2167-8359,否,否,是,SCIE,2.4,,生物学,3 [436/1091],否, MULTIDISCIPLINARY SCIENCES 综合性期刊,3 [34/131],,,,,,,,,,,二级
Non-Coding RNA,2025,2311-553X/2311-553X,否,否,是,ESCI,3,,生物学,3 [437/1091],否, GENETICS & HEREDITY 遗传学,3 [88/190], BIOCHEMISTRY & MOLECULAR BIOLOGY 生化与分子生物学,4 [170/310],,,,,,,,,二级
JOURNAL OF MAMMALOGY,2025,0022-2372/1545-1542,否,否,否,SCIE,1.6,,生物学,3 [438/1091],否, ZOOLOGY 动物学,2 [45/179],,,,,,,,,,,二级
CHROMOSOMA,2025,0009-5915/1432-0886,否,否,否,SCIE,2.3,,生物学,3 [439/1091],否, GENETICS & HEREDITY 遗传学,3 [90/190], BIOCHEMISTRY & MOLECULAR BIOLOGY 生化与分子生物学,4 [171/310],,,,,,,,,二级
RESEARCH IN MICROBIOLOGY,2025,0923-2508/1769-7123,否,否,否,SCIE,3.4,,生物学,3 [440/1091],否, MICROBIOLOGY 微生物学,3 [80/159],,,,,,,,,,,二级
EUROPEAN JOURNAL OF PROTISTOLOGY,2025,0932-4739/1618-0429,否,否,否,SCIE,1.6,,生物学,3 [441/1091],否, MICROBIOLOGY 微生物学,4 [81/159],,,,,,,,,,,二级
AMINO ACIDS,2025,0939-4451/1438-2199,否,否,否,SCIE,2.4,,生物学,3 [442/1091],否, BIOCHEMISTRY & MOLECULAR BIOLOGY 生化与分子生物学,4 [172/310],,,,,,,,,,,二级
Current Zoology,2025,1674-5507/2396-9814,否,否,是,SCIE,2,,生物学,3 [443/1091],否, ZOOLOGY 动物学,2 [46/179],,,,,,,,,,,二级
Frontiers in Genetics,2025,1664-8021/1664-8021,否,否,是,SCIE,2.8,,生物学,3 [444/1091],否, GENETICS & HEREDITY 遗传学,3 [92/190],,,,,,,,,,,二级
DIFFERENTIATION,2025,0301-4681/1432-0436,否,否,否,SCIE,2.6,,生物学,3 [445/1091],否, DEVELOPMENTAL BIOLOGY 发育生物学,3 [15/39], CELL BIOLOGY 细胞生物学,4 [129/203],,,,,,,,,二级
Emerging Topics in Life Sciences,2025,2397-8554/2397-8562,是,否,否,ESCI,3.3,,生物学,3 [446/1091],否, BIOLOGY 生物学,3 [42/109], BIOCHEMISTRY & MOLECULAR BIOLOGY 生化与分子生物学,4 [173/310],,,,,,,,,二级
ECONOMIC BOTANY,2025,0013-0001/1874-9364,否,否,否,SCIE,1.3,,生物学,3 [447/1091],否, PLANT SCIENCES 植物科学,3 [98/265],,,,,,,,,,,二级
Egyptian Journal of Aquatic Research,2025,1687-4285/2090-3278,否,否,是,ESCI,2.3,,生物学,3 [448/1091],否, MARINE & FRESHWATER BIOLOGY 海洋与淡水生物学,3 [39/118],,,,,,,,,,,二级
ZOOLOGISCHER ANZEIGER,2025,0044-5231/0044-5231,否,否,否,SCIE,1.5,,生物学,3 [449/1091],否, ZOOLOGY 动物学,3 [47/179],,,,,,,,,,,二级
MAMMALIAN BIOLOGY,2025,1616-5047/1618-1476,否,否,否,SCIE,2.3,,生物学,3 [450/1091],否, ZOOLOGY 动物学,3 [48/179],,,,,,,,,,,二级
GENE,2025,0378-1119/1879-0038,否,否,否,SCIE,2.4,,生物学,3 [451/1091],否, GENETICS & HEREDITY 遗传学,3 [94/190],,,,,,,,,,,二级
JOURNAL OF STRUCTURAL BIOLOGY,2025,1047-8477/1095-8657,否,否,否,SCIE,2.7,,生物学,3 [452/1091],否, BIOPHYSICS 生物物理,3 [29/76], BIOCHEMISTRY & MOLECULAR BIOLOGY 生化与分子生物学,4 [175/310], CELL BIOLOGY 细胞生物学,4 [130/203],,,,,,,二级
CURRENT ISSUES IN MOLECULAR BIOLOGY,2025,1467-3037/1467-3045,否,否,否,SCIE,3,,生物学,3 [453/1091],否, BIOCHEMISTRY & MOLECULAR BIOLOGY 生化与分子生物学,4 [176/310],,,,,,,,,,,二级
INTERNATIONAL JOURNAL OF PLANT SCIENCES,2025,1058-5893/1537-5315,否,否,否,SCIE,1.6,,生物学,3 [454/1091],否, PLANT SCIENCES 植物科学,3 [100/265],,,,,,,,,,,二级
IEEE-ACM Transactions on Computational Biology and Bioinformatics,2025,1545-5963/1557-9964,否,否,否,SCIE,3.4,,生物学,3 [455/1091],否, BIOCHEMICAL RESEARCH METHODS 生化研究方法,3 [33/85]," MATHEMATICS, INTERDISCIPLINARY APPLICATIONS 数学跨学科应用",3 [56/136], STATISTICS & PROBABILITY 统计学与概率论,3 [61/166]," COMPUTER SCIENCE, INTERDISCIPLINARY APPLICATIONS 计算机：跨学科应用",4 [91/172],,,,,二级
EUROPEAN JOURNAL OF PHYCOLOGY,2025,0967-0262/1469-4433,否,否,否,SCIE,1.7,,生物学,3 [456/1091],否, MARINE & FRESHWATER BIOLOGY 海洋与淡水生物学,3 [40/118], PLANT SCIENCES 植物科学,3 [101/265],,,,,,,,,二级
BMC Zoology,2025,2056-3132/2056-3132,否,否,是,SCIE,1.7,,生物学,3 [457/1091],否, ZOOLOGY 动物学,3 [49/179],,,,,,,,,,,二级
EXTREMOPHILES,2025,1431-0651/1433-4909,否,否,否,SCIE,2.6,,生物学,3 [458/1091],否, BIOCHEMISTRY & MOLECULAR BIOLOGY 生化与分子生物学,4 [177/310], MICROBIOLOGY 微生物学,4 [83/159],,,,,,,,,二级
PLANT CELL TISSUE AND ORGAN CULTURE,2025,0167-6857/1573-5044,否,否,否,SCIE,2.4,,生物学,3 [459/1091],否, BIOTECHNOLOGY & APPLIED MICROBIOLOGY 生物工程与应用微生物,3 [74/174], PLANT SCIENCES 植物科学,3 [102/265],,,,,,,,,二级
BIOINFORMATICS,2025,1367-4803/1367-4811,否,否,否,SCIE,5.4,,生物学,3 [460/1091],否, BIOCHEMICAL RESEARCH METHODS 生化研究方法,3 [35/85], BIOTECHNOLOGY & APPLIED MICROBIOLOGY 生物工程与应用微生物,3 [75/174], MATHEMATICAL & COMPUTATIONAL BIOLOGY 数学与计算生物学,3 [23/66],,,,,,,二级
AoB Plants,2025,2041-2851/2041-2851,否,否,是,SCIE,2.4,,生物学,3 [461/1091],否, PLANT SCIENCES 植物科学,3 [104/265], ECOLOGY 生态学,4 [102/196],,,,,,,,,二级
IN VITRO CELLULAR & DEVELOPMENTAL BIOLOGY-PLANT,2025,1054-5476/1475-2689,否,否,否,SCIE,1.9,,生物学,3 [462/1091],否, DEVELOPMENTAL BIOLOGY 发育生物学,3 [16/39], PLANT SCIENCES 植物科学,3 [105/265], CELL BIOLOGY 细胞生物学,4 [132/203],,,,,,,二级
CHROMOSOME RESEARCH,2025,0967-3849/1573-6849,否,否,否,SCIE,2.8,,生物学,3 [463/1091],否, BIOCHEMISTRY & MOLECULAR BIOLOGY 生化与分子生物学,4 [178/310], GENETICS & HEREDITY 遗传学,4 [97/190],,,,,,,,,二级
FUNGAL GENETICS AND BIOLOGY,2025,1087-1845/1096-0937,否,否,否,SCIE,2.3,,生物学,3 [464/1091],否, GENETICS & HEREDITY 遗传学,4 [98/190], MYCOLOGY 真菌学,4 [20/32],,,,,,,,,二级
PLANT GROWTH REGULATION,2025,0167-6903/1573-5087,否,否,否,SCIE,3.9,,生物学,3 [465/1091],否, PLANT SCIENCES 植物科学,3 [106/265],,,,,,,,,,,二级
Current Clinical Microbiology Reports,2025,2196-5471/2196-5471,是,否,否,ESCI,2.7,,生物学,3 [466/1091],否, MICROBIOLOGY 微生物学,4 [85/159],,,,,,,,,,,二级
JOURNAL OF BIOENERGETICS AND BIOMEMBRANES,2025,0145-479X/1573-6881,否,否,否,SCIE,3,,生物学,3 [467/1091],否, BIOPHYSICS 生物物理,3 [30/76], CELL BIOLOGY 细胞生物学,4 [133/203],,,,,,,,,二级
JOURNAL OF CELLULAR BIOCHEMISTRY,2025,0730-2312/1097-4644,否,否,否,SCIE,2.8,,生物学,3 [468/1091],否, BIOCHEMISTRY & MOLECULAR BIOLOGY 生化与分子生物学,4 [179/310], CELL BIOLOGY 细胞生物学,4 [134/203],,,,,,,,,二级
BIOCHEMISTRY,2025,0006-2960/1520-4995,否,否,否,SCIE,3,,生物学,3 [469/1091],否, BIOCHEMISTRY & MOLECULAR BIOLOGY 生化与分子生物学,4 [180/310],,,,,,,,,,,二级
FLORA,2025,0367-2530/1618-0585,否,否,否,SCIE,1.8,,生物学,3 [470/1091],否, PLANT SCIENCES 植物科学,3 [107/265], ECOLOGY 生态学,4 [105/196],,,,,,,,,二级
BIOESSAYS,2025,0265-9247/1521-1878,否,否,否,SCIE,2.7,,生物学,3 [471/1091],否, BIOLOGY 生物学,3 [43/109], BIOCHEMISTRY & MOLECULAR BIOLOGY 生化与分子生物学,4 [181/310],,,,,,,,,二级
MOLECULAR GENETICS AND GENOMICS,2025,1617-4615/1617-4623,否,否,否,SCIE,2.1,,生物学,3 [472/1091],否, BIOCHEMISTRY & MOLECULAR BIOLOGY 生化与分子生物学,4 [183/310], GENETICS & HEREDITY 遗传学,4 [99/190],,,,,,,,,二级
Journal of Comparative Physiology B-Biochemical Systems and Environmental Physiology,2025,0174-1578/1432-136X,否,否,否,SCIE,1.6,,生物学,3 [473/1091],否, ZOOLOGY 动物学,3 [50/179], PHYSIOLOGY 生理学,4 [46/84],,,,,,,,,二级
Biochimica et Biophysica Acta-Gene Regulatory Mechanisms,2025,1874-9399/1876-4320,否,否,否,SCIE,3.1,,生物学,3 [474/1091],否, BIOPHYSICS 生物物理,3 [31/76], BIOCHEMISTRY & MOLECULAR BIOLOGY 生化与分子生物学,4 [185/310],,,,,,,,,二级
JOURNAL OF AVIAN BIOLOGY,2025,0908-8857/1600-048X,否,否,否,SCIE,1.8,,生物学,3 [475/1091],否, ORNITHOLOGY 鸟类学,2 [5/29],,,,,,,,,,,二级
Biotechnology Journal,2025,1860-6768/1860-7314,否,否,否,SCIE,3.1,,生物学,3 [476/1091],否, BIOCHEMICAL RESEARCH METHODS 生化研究方法,3 [38/85], BIOTECHNOLOGY & APPLIED MICROBIOLOGY 生物工程与应用微生物,3 [77/174],,,,,,,,,二级
PHYSIOLOGICAL AND BIOCHEMICAL ZOOLOGY,2025,1522-2152/1537-5293,否,否,否,SCIE,1.8,,生物学,3 [477/1091],否, ZOOLOGY 动物学,3 [51/179], PHYSIOLOGY 生理学,4 [47/84],,,,,,,,,二级
Journal of Cell Communication and Signaling,2025,1873-9601/1873-961X,否,否,否,SCIE,3.9,,生物学,3 [478/1091],否, CELL BIOLOGY 细胞生物学,4 [135/203],,,,,,,,,,,二级
CELL BIOLOGY INTERNATIONAL,2025,1065-6995/1095-8355,否,否,否,SCIE,3.1,,生物学,3 [479/1091],否, CELL BIOLOGY 细胞生物学,4 [136/203],,,,,,,,,,,二级
JOURNAL OF MUSCLE RESEARCH AND CELL MOTILITY,2025,0142-4319/1573-2657,否,否,否,SCIE,1.7,,生物学,3 [480/1091],否, CELL BIOLOGY 细胞生物学,4 [137/203],,,,,,,,,,,二级
BioData Mining,2025,1756-0381/1756-0381,否,否,是,SCIE,6.1,,生物学,3 [481/1091],否, MATHEMATICAL & COMPUTATIONAL BIOLOGY 数学与计算生物学,3 [26/66],,,,,,,,,,,二级
JOURNAL OF APPLIED MICROBIOLOGY,2025,1364-5072/1365-2672,否,否,否,SCIE,3.2,,生物学,3 [482/1091],否, BIOTECHNOLOGY & APPLIED MICROBIOLOGY 生物工程与应用微生物,3 [78/174], MICROBIOLOGY 微生物学,4 [86/159],,,,,,,,,二级
TRANSGENIC RESEARCH,2025,0962-8819/1573-9368,否,否,否,SCIE,2,,生物学,3 [483/1091],否, BIOCHEMICAL RESEARCH METHODS 生化研究方法,3 [39/85], BIOTECHNOLOGY & APPLIED MICROBIOLOGY 生物工程与应用微生物,3 [79/174], BIOCHEMISTRY & MOLECULAR BIOLOGY 生化与分子生物学,4 [186/310],,,,,,,二级
COMPARATIVE BIOCHEMISTRY AND PHYSIOLOGY A-MOLECULAR & INTEGRATIVE PHYSIOLOGY,2025,1095-6433/1531-4332,否,否,否,SCIE,2.2,,生物学,3 [484/1091],否, ZOOLOGY 动物学,3 [53/179], BIOCHEMISTRY & MOLECULAR BIOLOGY 生化与分子生物学,4 [187/310], PHYSIOLOGY 生理学,4 [48/84],,,,,,,二级
Phytobiomes Journal,2025,2471-2906/2471-2906,否,否,是,SCIE,2.6,,生物学,3 [485/1091],否, PLANT SCIENCES 植物科学,3 [109/265], MICROBIOLOGY 微生物学,4 [87/159],,,,,,,,,二级
European Journal of Taxonomy,2025,2118-9773/2118-9773,否,否,是,SCIE,1.3,,生物学,3 [486/1091],否, ENTOMOLOGY 昆虫学,3 [37/109], PLANT SCIENCES 植物科学,3 [110/265], ZOOLOGY 动物学,3 [54/179],,,,,,,二级
JOURNAL OF APPLIED PHYCOLOGY,2025,0921-8971/1573-5176,否,否,否,SCIE,3,,生物学,3 [487/1091],否, BIOTECHNOLOGY & APPLIED MICROBIOLOGY 生物工程与应用微生物,3 [80/174], MARINE & FRESHWATER BIOLOGY 海洋与淡水生物学,3 [44/118],,,,,,,,,二级
JOURNAL OF MICROBIOLOGY,2025,1225-8873/1976-3794,否,否,否,SCIE,2.6,,生物学,3 [488/1091],否, MICROBIOLOGY 微生物学,4 [88/159],,,,,,,,,,,二级
DIATOM RESEARCH,2025,0269-249X/2159-8347,否,否,否,SCIE,1.3,,生物学,3 [489/1091],否, MARINE & FRESHWATER BIOLOGY 海洋与淡水生物学,3 [45/118],,,,,,,,,,,二级
Zoological Letters,2025,2056-306X/2056-306X,否,否,是,SCIE,2.1,,生物学,3 [490/1091],否, ZOOLOGY 动物学,3 [55/179],,,,,,,,,,,二级
Application of Clinical Genetics,2025,1178-704X/1178-704X,否,否,是,ESCI,2.8,,生物学,3 [491/1091],否, GENETICS & HEREDITY 遗传学,4 [101/190],,,,,,,,,,,二级
Ichthyology and Herpetology,2025,2766-1512/2766-1520,否,否,否,SCIE,1.5,,生物学,3 [492/1091],否, ZOOLOGY 动物学,3 [56/179],,,,,,,,,,,二级
ZOOLOGY,2025,0944-2006/1873-2720,否,否,否,SCIE,1.6,,生物学,3 [493/1091],否, ZOOLOGY 动物学,3 [57/179],,,,,,,,,,,二级
BIOPHYSICAL CHEMISTRY,2025,0301-4622/1873-4200,否,否,否,SCIE,2.2,,生物学,3 [494/1091],否, BIOPHYSICS 生物物理,3 [33/76], BIOCHEMISTRY & MOLECULAR BIOLOGY 生化与分子生物学,4 [188/310],,,,,,,,,二级
GENESIS,2025,1526-954X/1526-968X,否,否,否,SCIE,2.5,,生物学,3 [495/1091],否, DEVELOPMENTAL BIOLOGY 发育生物学,3 [17/39], GENETICS & HEREDITY 遗传学,4 [103/190],,,,,,,,,二级
Metallomics,2025,1756-5901/1756-591X,否,否,否,SCIE,2.9,,生物学,3 [496/1091],否, BIOCHEMISTRY & MOLECULAR BIOLOGY 生化与分子生物学,4 [190/310],,,,,,,,,,,二级
BIOLOGICAL BULLETIN,2025,0006-3185/1939-8697,否,否,否,SCIE,1.9,,生物学,3 [497/1091],否, BIOLOGY 生物学,3 [47/109], MARINE & FRESHWATER BIOLOGY 海洋与淡水生物学,3 [46/118],,,,,,,,,二级
Proteomics Clinical Applications,2025,1862-8346/1862-8354,否,否,否,SCIE,2.5,,生物学,3 [498/1091],否, BIOCHEMICAL RESEARCH METHODS 生化研究方法,3 [40/85],,,,,,,,,,,二级
BIOELECTROMAGNETICS,2025,0197-8462/1521-186X,否,否,否,SCIE,1.2,,生物学,3 [499/1091],否, BIOLOGY 生物学,3 [49/109], BIOPHYSICS 生物物理,3 [34/76],,,,,,,,,二级
Fottea,2025,1802-5439,否,否,否,SCIE,1.4,,生物学,3 [500/1091],否, PLANT SCIENCES 植物科学,3 [112/265],,,,,,,,,,,二级
Microbial Cell,2025,2311-2638/2311-2638,否,否,是,SCIE,3.9,,生物学,3 [501/1091],否, CELL BIOLOGY 细胞生物学,4 [139/203], MICROBIOLOGY 微生物学,4 [89/159],,,,,,,,,二级
ANTONIE VAN LEEUWENHOEK INTERNATIONAL JOURNAL OF GENERAL AND MOLECULAR MICROBIOLOGY,2025,0003-6072/1572-9699,否,否,否,SCIE,1.8,,生物学,3 [502/1091],否, MICROBIOLOGY 微生物学,4 [90/159],,,,,,,,,,,二级
Journal of Vertebrate Biology,2025,2694-7684/2694-7684,否,否,否,SCIE,1.5,,生物学,3 [503/1091],否, ZOOLOGY 动物学,3 [58/179],,,,,,,,,,,二级
ACTA BIOTHEORETICA,2025,0001-5342/1572-8358,否,否,否,SCIE,1.5,,生物学,3 [504/1091],否, MATHEMATICAL & COMPUTATIONAL BIOLOGY 数学与计算生物学,3 [28/66],,,,,,,,,,,二级
Journal of Experimental Zoology Part A-Ecological and Integrative Physiology,2025,2471-5638/2471-5646,否,否,否,SCIE,1.4,,生物学,3 [505/1091],否, ZOOLOGY 动物学,3 [59/179],,,,,,,,,,,二级
JOURNAL OF MOLLUSCAN STUDIES,2025,0260-1230/1464-3766,否,否,否,SCIE,1.2,,生物学,3 [506/1091],否, MARINE & FRESHWATER BIOLOGY 海洋与淡水生物学,3 [47/118], ZOOLOGY 动物学,3 [60/179],,,,,,,,,二级
BMC Molecular and Cell Biology,2025,2661-8850/2661-8850,否,否,是,SCIE,2.7,,生物学,3 [507/1091],否, CELL BIOLOGY 细胞生物学,4 [141/203],,,,,,,,,,,二级
European Journal of Microbiology and Immunology,2025,2062-8633/2062-8633,否,否,否,ESCI,2.6,,生物学,3 [508/1091],否, MICROBIOLOGY 微生物学,4 [93/159],,,,,,,,,,,二级
IET Systems Biology,2025,1751-8849/1751-8857,否,否,否,SCIE,1.9,,生物学,3 [509/1091],否, CELL BIOLOGY 细胞生物学,4 [142/203], MATHEMATICAL & COMPUTATIONAL BIOLOGY 数学与计算生物学,4 [31/66],,,,,,,,,二级
EXCLI Journal,2025,1611-2156/1611-2156,否,否,是,SCIE,4.9,,生物学,3 [510/1091],否, BIOLOGY 生物学,4 [50/109],,,,,,,,,,,二级
TISSUE & CELL,2025,0040-8166,否,否,否,SCIE,2.5,,生物学,3 [511/1091],否, ANATOMY & MORPHOLOGY 解剖学与形态学,3 [7/22], CELL BIOLOGY 细胞生物学,4 [143/203],,,,,,,,,二级
APPLIED BIOCHEMISTRY AND BIOTECHNOLOGY,2025,0273-2289/1559-0291,否,否,否,SCIE,3.3,,生物学,3 [512/1091],否, BIOTECHNOLOGY & APPLIED MICROBIOLOGY 生物工程与应用微生物,3 [81/174], BIOCHEMISTRY & MOLECULAR BIOLOGY 生化与分子生物学,4 [192/310],,,,,,,,,二级
JOURNAL OF EXPERIMENTAL MARINE BIOLOGY AND ECOLOGY,2025,0022-0981/1879-1697,否,否,否,SCIE,1.8,,生物学,3 [513/1091],否, MARINE & FRESHWATER BIOLOGY 海洋与淡水生物学,3 [49/118], ECOLOGY 生态学,4 [111/196],,,,,,,,,二级
PROSTAGLANDINS & OTHER LIPID MEDIATORS,2025,1098-8823/2212-196X,否,否,否,SCIE,2.5,,生物学,3 [514/1091],否, BIOCHEMISTRY & MOLECULAR BIOLOGY 生化与分子生物学,4 [193/310], CELL BIOLOGY 细胞生物学,4 [144/203],,,,,,,,,二级
Plant Direct,2025,2475-4455/2475-4455,否,否,是,SCIE,2.3,,生物学,3 [515/1091],否, PLANT SCIENCES 植物科学,3 [114/265],,,,,,,,,,,二级
WILDLIFE RESEARCH,2025,1035-3712/1448-5494,否,否,否,SCIE,1.6,,生物学,3 [516/1091],否, ZOOLOGY 动物学,3 [61/179], ECOLOGY 生态学,4 [112/196],,,,,,,,,二级
BIOCHIMICA ET BIOPHYSICA ACTA-GENERAL SUBJECTS,2025,0304-4165/1872-8006,否,否,否,SCIE,2.2,,生物学,3 [517/1091],否, BIOPHYSICS 生物物理,3 [35/76], BIOCHEMISTRY & MOLECULAR BIOLOGY 生化与分子生物学,4 [194/310],,,,,,,,,二级
LICHENOLOGIST,2025,0024-2829/1096-1135,否,否,否,SCIE,1.4,,生物学,3 [518/1091],否, PLANT SCIENCES 植物科学,3 [115/265], MYCOLOGY 真菌学,4 [22/32],,,,,,,,,二级
PHOTOSYNTHESIS RESEARCH,2025,0166-8595/1573-5079,否,否,否,SCIE,3.7,,生物学,3 [519/1091],否, PLANT SCIENCES 植物科学,3 [116/265],,,,,,,,,,,二级
JOURNAL OF ORNITHOLOGY,2025,2193-7192/2193-7206,否,否,否,SCIE,1.4,,生物学,3 [520/1091],否, ORNITHOLOGY 鸟类学,2 [7/29],,,,,,,,,,,二级
Cell Division,2025,1747-1028/1747-1028,否,否,是,SCIE,2.2,,生物学,3 [521/1091],否, CELL BIOLOGY 细胞生物学,4 [145/203],,,,,,,,,,,二级
Current Research in Structural Biology,2025,2665-928X/2665-928X,否,否,是,ESCI,2.5,,生物学,3 [522/1091],否, BIOPHYSICS 生物物理,3 [36/76], BIOCHEMISTRY & MOLECULAR BIOLOGY 生化与分子生物学,4 [195/310], CELL BIOLOGY 细胞生物学,4 [146/203],,,,,,,二级
Ardeola-International Journal of Ornithology,2025,0570-7358/2341-0825,否,否,否,SCIE,1.2,,生物学,3 [523/1091],否, ORNITHOLOGY 鸟类学,2 [8/29],,,,,,,,,,,二级
BIOPROCESS AND BIOSYSTEMS ENGINEERING,2025,1615-7591/1615-7605,否,否,否,SCIE,3.6,,生物学,3 [524/1091],否, BIOTECHNOLOGY & APPLIED MICROBIOLOGY 生物工程与应用微生物,3 [82/174]," ENGINEERING, CHEMICAL 工程：化工",3 [72/169],,,,,,,,,二级
AMERICAN JOURNAL OF MEDICAL GENETICS PART A,2025,1552-4825/1552-4833,否,否,否,SCIE,1.7,,生物学,3 [525/1091],否, GENETICS & HEREDITY 遗传学,4 [106/190],,,,,,,,,,,二级
ANNALS OF MICROBIOLOGY,2025,1590-4261/1869-2044,否,否,否,SCIE,3.4,,生物学,3 [526/1091],否, BIOTECHNOLOGY & APPLIED MICROBIOLOGY 生物工程与应用微生物,3 [83/174], MICROBIOLOGY 微生物学,4 [96/159],,,,,,,,,二级
ACTA HISTOCHEMICA,2025,0065-1281/1618-0372,否,否,否,SCIE,2.4,,生物学,3 [527/1091],否, CELL BIOLOGY 细胞生物学,4 [147/203],,,,,,,,,,,二级
PROTEOMICS,2025,1615-9853/1615-9861,否,否,否,SCIE,3.9,,生物学,3 [528/1091],否, BIOCHEMICAL RESEARCH METHODS 生化研究方法,3 [41/85], BIOCHEMISTRY & MOLECULAR BIOLOGY 生化与分子生物学,4 [196/310],,,,,,,,,二级
PLANT BIOSYSTEMS,2025,1126-3504/1724-5575,否,否,否,SCIE,1.3,,生物学,3 [529/1091],否, PLANT SCIENCES 植物科学,3 [118/265],,,,,,,,,,,二级
Asian Herpetological Research,2025,2095-0357/2095-0357,否,否,否,SCIE,1.4,中国SCI期刊支持计划,生物学,3 [530/1091],否, ZOOLOGY 动物学,3 [83/179],,,,,,,,,,,二级
PROGRESS IN BIOCHEMISTRY AND BIOPHYSICS,2025,1000-3282/1000-3282,否,否,否,SCIE,0.2,"中英文期刊""同质等效""评价",生物学,3 [531/1091],否, BIOCHEMISTRY & MOLECULAR BIOLOGY 生化与分子生物学,3 [160/310], BIOPHYSICS 生物物理,3 [41/76],,,,,,,,,二级
Bioengineered,2025,2165-5979/2165-5987,否,否,是,SCIEOnHold,,,生物学,4 [532/1091],否, BIOTECHNOLOGY & APPLIED MICROBIOLOGY 生物工程与应用微生物,4 [91/174],,,,,,,,,,,三级
Physiological Genomics,2025,1094-8341/1531-2267,否,否,否,SCIE,2.5,,生物学,4 [533/1091],否, CELL BIOLOGY 细胞生物学,4 [148/203], GENETICS & HEREDITY 遗传学,4 [107/190], PHYSIOLOGY 生理学,4 [53/84],,,,,,,三级
JOURNAL OF EXPERIMENTAL ZOOLOGY PART B-MOLECULAR AND DEVELOPMENTAL EVOLUTION,2025,1552-5007/1552-5015,否,否,否,SCIE,1.7,,生物学,4 [534/1091],否, DEVELOPMENTAL BIOLOGY 发育生物学,3 [19/39], ZOOLOGY 动物学,3 [62/179], EVOLUTIONARY BIOLOGY 进化生物学,4 [43/52],,,,,,,三级
Epigenetics Insights,2025,2516-8657/2516-8657,否,否,是,ESCI,3.6,,生物学,4 [535/1091],否, GENETICS & HEREDITY 遗传学,4 [109/190],,,,,,,,,,,三级
MOLECULAR AND CELLULAR PROBES,2025,0890-8508/1096-1194,否,否,否,SCIE,3,,生物学,4 [536/1091],否, BIOCHEMICAL RESEARCH METHODS 生化研究方法,3 [42/85], BIOTECHNOLOGY & APPLIED MICROBIOLOGY 生物工程与应用微生物,3 [85/174], BIOCHEMISTRY & MOLECULAR BIOLOGY 生化与分子生物学,4 [197/310], CELL BIOLOGY 细胞生物学,4 [149/203],,,,,三级
Reproduction and Fertility,2025,2633-8386/2633-8386,否,否,否,ESCI,3.4,,生物学,4 [537/1091],否, REPRODUCTIVE BIOLOGY 生殖生物学,4 [29/39],,,,,,,,,,,三级
NAR Genomics and Bioinformatics,2025,2631-9268/2631-9268,否,否,是,ESCI,2.8,,生物学,4 [538/1091],否, GENETICS & HEREDITY 遗传学,4 [111/190], MATHEMATICAL & COMPUTATIONAL BIOLOGY 数学与计算生物学,4 [33/66],,,,,,,,,三级
Journal of Cotton Research,2025,2096-5044/2523-3254,否,否,是,ESCI,2.4,,生物学,4 [539/1091],否, PLANT SCIENCES 植物科学,3 [119/265],,,,,,,,,,,三级
SYSTEMATIC BOTANY,2025,0363-6445/1548-2324,否,否,否,SCIE,0.8,,生物学,4 [540/1091],否, PLANT SCIENCES 植物科学,3 [120/265], EVOLUTIONARY BIOLOGY 进化生物学,4 [44/52],,,,,,,,,三级
JOURNAL OF MOLECULAR GRAPHICS & MODELLING,2025,1093-3263/1873-4243,否,否,否,SCIE,3,,生物学,4 [541/1091],否, CRYSTALLOGRAPHY 晶体学,2 [8/32], BIOCHEMICAL RESEARCH METHODS 生化研究方法,4 [43/85], BIOCHEMISTRY & MOLECULAR BIOLOGY 生化与分子生物学,4 [199/310]," COMPUTER SCIENCE, INTERDISCIPLINARY APPLICATIONS 计算机：跨学科应用",4 [98/172], MATHEMATICAL & COMPUTATIONAL BIOLOGY 数学与计算生物学,4 [34/66],,,三级
ACTA PHYSIOLOGIAE PLANTARUM,2025,0137-5881/1861-1664,否,否,否,SCIE,2.2,,生物学,4 [542/1091],否, PLANT SCIENCES 植物科学,3 [121/265],,,,,,,,,,,三级
BIOSYSTEMS,2025,0303-2647/1872-8324,否,否,否,SCIE,1.9,,生物学,4 [543/1091],否, BIOLOGY 生物学,4 [51/109], MATHEMATICAL & COMPUTATIONAL BIOLOGY 数学与计算生物学,4 [35/66],,,,,,,,,三级
PROTIST,2025,1434-4610/1618-0941,否,否,否,SCIE,2.1,,生物学,4 [544/1091],否, MICROBIOLOGY 微生物学,4 [98/159],,,,,,,,,,,三级
Acta Crystallographica Section D-Structural Biology,2025,2059-7983/2059-7983,否,否,否,SCIE,3.8,,生物学,4 [545/1091],否, CRYSTALLOGRAPHY 晶体学,2 [9/32], BIOPHYSICS 生物物理,3 [37/76], BIOCHEMICAL RESEARCH METHODS 生化研究方法,4 [44/85], BIOCHEMISTRY & MOLECULAR BIOLOGY 生化与分子生物学,4 [201/310],,,,,三级
FEBS LETTERS,2025,0014-5793/1873-3468,否,否,否,SCIE,3,,生物学,4 [546/1091],否, BIOPHYSICS 生物物理,3 [38/76], BIOCHEMISTRY & MOLECULAR BIOLOGY 生化与分子生物学,4 [202/310], CELL BIOLOGY 细胞生物学,4 [150/203],,,,,,,三级
BELGIAN JOURNAL OF ZOOLOGY,2025,0777-6276/2295-0451,否,否,否,SCIE,1.1,,生物学,4 [547/1091],否, ZOOLOGY 动物学,3 [63/179],,,,,,,,,,,三级
BioTech,2025,2673-6284/2673-6284,否,否,否,ESCI,3.1,,生物学,4 [548/1091],否, BIOTECHNOLOGY & APPLIED MICROBIOLOGY 生物工程与应用微生物,3 [87/174],,,,,,,,,,,三级
Frontiers in Bioscience-Landmark,2025,2768-6701/2768-6698,否,否,否,SCIE,3.1,,生物学,4 [549/1091],否, BIOCHEMISTRY & MOLECULAR BIOLOGY 生化与分子生物学,4 [203/310], CELL BIOLOGY 细胞生物学,4 [151/203],,,,,,,,,三级
BIOACOUSTICS-THE INTERNATIONAL JOURNAL OF ANIMAL SOUND AND ITS RECORDING,2025,0952-4622/2165-0586,否,否,否,SCIE,2.1,,生物学,4 [550/1091],否, ZOOLOGY 动物学,3 [64/179],,,,,,,,,,,三级
Prion,2025,1933-6896/1933-690X,否,否,是,SCIE,1.6,,生物学,4 [551/1091],否, BIOCHEMISTRY & MOLECULAR BIOLOGY 生化与分子生物学,4 [204/310],,,,,,,,,,,三级
Molecular Omics,2025,2515-4184/2515-4184,否,否,否,SCIE,2.4,,生物学,4 [552/1091],否, BIOCHEMISTRY & MOLECULAR BIOLOGY 生化与分子生物学,4 [205/310],,,,,,,,,,,三级
HISTOCHEMISTRY AND CELL BIOLOGY,2025,0948-6143/1432-119X,否,否,否,SCIE,2.1,,生物学,4 [553/1091],否, MICROSCOPY 显微镜技术,3 [4/8], CELL BIOLOGY 细胞生物学,4 [152/203],,,,,,,,,三级
Cell Stress,2025,2523-0204/2523-0204,否,否,是,ESCI,3,,生物学,4 [554/1091],否, CELL BIOLOGY 细胞生物学,4 [153/203],,,,,,,,,,,三级
INVERTEBRATE BIOLOGY,2025,1077-8306/1744-7410,否,否,否,SCIE,1,,生物学,4 [555/1091],否, MARINE & FRESHWATER BIOLOGY 海洋与淡水生物学,3 [51/118], ZOOLOGY 动物学,3 [66/179],,,,,,,,,三级
ETHOLOGY,2025,0179-1613/1439-0310,否,否,否,SCIE,1.4,,生物学,4 [556/1091],否, ZOOLOGY 动物学,3 [68/179], BEHAVIORAL SCIENCES 行为科学,4 [41/55],,,,,,,,,三级
MOLECULAR BIOLOGY REPORTS,2025,0301-4851/1573-4978,否,否,否,SCIE,2.8,,生物学,4 [557/1091],否, BIOCHEMISTRY & MOLECULAR BIOLOGY 生化与分子生物学,4 [207/310],,,,,,,,,,,三级
JOURNAL OF MEMBRANE BIOLOGY,2025,0022-2631/1432-1424,否,否,否,SCIE,2.9,,生物学,4 [558/1091],否, BIOCHEMISTRY & MOLECULAR BIOLOGY 生化与分子生物学,4 [208/310], CELL BIOLOGY 细胞生物学,4 [154/203], PHYSIOLOGY 生理学,4 [57/84],,,,,,,三级
ANALYTICAL BIOCHEMISTRY,2025,0003-2697/1096-0309,否,否,否,SCIE,2.5,,生物学,4 [559/1091],否," CHEMISTRY, ANALYTICAL 分析化学",3 [49/106], BIOCHEMICAL RESEARCH METHODS 生化研究方法,4 [45/85], BIOCHEMISTRY & MOLECULAR BIOLOGY 生化与分子生物学,4 [209/310],,,,,,,三级
HEREDITAS,2025,1601-5223/1601-5223,否,否,是,SCIE,2.5,,生物学,4 [560/1091],否, GENETICS & HEREDITY 遗传学,4 [114/190],,,,,,,,,,,三级
Journal of Developmental Biology,2025,2221-3759/2221-3759,否,否,是,ESCI,2.5,,生物学,4 [561/1091],否, DEVELOPMENTAL BIOLOGY 发育生物学,4 [22/39],,,,,,,,,,,三级
Botany Letters,2025,2381-8107/2381-8115,否,否,否,SCIE,1.3,,生物学,4 [562/1091],否, PLANT SCIENCES 植物科学,3 [123/265],,,,,,,,,,,三级
SALAMANDRA,2025,0036-3375/0036-3375,否,否,否,SCIE,1.2,,生物学,4 [563/1091],否, ZOOLOGY 动物学,3 [69/179],,,,,,,,,,,三级
CELLULAR MICROBIOLOGY,2025,1462-5814/1462-5822,否,否,否,SCIE,1.6,,生物学,4 [564/1091],否, CELL BIOLOGY 细胞生物学,4 [155/203], MICROBIOLOGY 微生物学,4 [101/159],,,,,,,,,三级
ELECTROMAGNETIC BIOLOGY AND MEDICINE,2025,1536-8378/1536-8386,否,否,否,SCIE,1.5,,生物学,4 [565/1091],否, BIOLOGY 生物学,4 [53/109], BIOPHYSICS 生物物理,4 [42/76],,,,,,,,,三级
BIOCHEMICAL AND BIOPHYSICAL RESEARCH COMMUNICATIONS,2025,0006-291X/1090-2104,否,否,否,SCIE,2.2,,生物学,4 [566/1091],否, BIOCHEMISTRY & MOLECULAR BIOLOGY 生化与分子生物学,4 [211/310], BIOPHYSICS 生物物理,4 [43/76],,,,,,,,,三级
BMC BIOINFORMATICS,2025,1471-2105/1471-2105,否,否,是,SCIE,3.3,,生物学,4 [567/1091],否, BIOTECHNOLOGY & APPLIED MICROBIOLOGY 生物工程与应用微生物,3 [88/174], BIOCHEMICAL RESEARCH METHODS 生化研究方法,4 [47/85], MATHEMATICAL & COMPUTATIONAL BIOLOGY 数学与计算生物学,4 [38/66],,,,,,,三级
INTERNATIONAL JOURNAL OF SYSTEMATIC AND EVOLUTIONARY MICROBIOLOGY,2025,1466-5026/1466-5034,否,否,否,SCIE,2,,生物学,4 [568/1091],否, MICROBIOLOGY 微生物学,4 [104/159],,,,,,,,,,,三级
JOURNAL OF BIOMOLECULAR STRUCTURE & DYNAMICS,2025,0739-1102/1538-0254,否,否,否,SCIE,2.4,,生物学,4 [569/1091],否, BIOCHEMISTRY & MOLECULAR BIOLOGY 生化与分子生物学,4 [213/310], BIOPHYSICS 生物物理,4 [45/76],,,,,,,,,三级
Mitochondrial DNA Part A,2025,2470-1394/2470-1408,否,否,否,SCIE,0.6,,生物学,4 [570/1091],否, GENETICS & HEREDITY 遗传学,4 [117/190],,,,,,,,,,,三级
COMPUTATIONAL BIOLOGY AND CHEMISTRY,2025,1476-9271/1476-928X,否,否,否,SCIE,3.1,,生物学,4 [571/1091],否, BIOLOGY 生物学,4 [55/109]," COMPUTER SCIENCE, INTERDISCIPLINARY APPLICATIONS 计算机：跨学科应用",4 [107/172],,,,,,,,,三级
ARCHIVES OF MICROBIOLOGY,2025,0302-8933/1432-072X,否,否,否,SCIE,2.6,,生物学,4 [572/1091],否, MICROBIOLOGY 微生物学,4 [105/159],,,,,,,,,,,三级
HYSTRIX-Italian Journal of Mammalogy,2025,0394-1914/1825-5272,否,否,是,SCIE,1.2,,生物学,4 [573/1091],否, ZOOLOGY 动物学,3 [70/179],,,,,,,,,,,三级
PLANT SPECIES BIOLOGY,2025,0913-557X/1442-1984,否,否,否,SCIE,1.3,,生物学,4 [574/1091],否, PLANT SCIENCES 植物科学,3 [125/265], ECOLOGY 生态学,4 [122/196],,,,,,,,,三级
BIOCHIMICA ET BIOPHYSICA ACTA-PROTEINS AND PROTEOMICS,2025,1570-9639/1878-1454,否,否,否,SCIE,2.3,,生物学,4 [575/1091],否, BIOCHEMISTRY & MOLECULAR BIOLOGY 生化与分子生物学,4 [214/310], BIOPHYSICS 生物物理,4 [46/76],,,,,,,,,三级
JOURNAL OF NEMATOLOGY,2025,0022-300X/2640-396X,否,否,是,SCIE,1.3,,生物学,4 [576/1091],否, ZOOLOGY 动物学,3 [71/179],,,,,,,,,,,三级
BMB Reports,2025,1976-6696/1976-670X,否,否,是,SCIE,3.3,,生物学,4 [577/1091],否, BIOCHEMISTRY & MOLECULAR BIOLOGY 生化与分子生物学,4 [215/310],,,,,,,,,,,三级
ETHOLOGY ECOLOGY & EVOLUTION,2025,0394-9370/1828-7131,否,否,否,SCIE,1.1,,生物学,4 [578/1091],否, ZOOLOGY 动物学,3 [72/179], BEHAVIORAL SCIENCES 行为科学,4 [43/55],,,,,,,,,三级
KEW BULLETIN,2025,0075-5974/1874-933X,否,否,否,SCIE,0.9,,生物学,4 [579/1091],否, PLANT SCIENCES 植物科学,3 [127/265],,,,,,,,,,,三级
G3-Genes Genomes Genetics,2025,2160-1836/2160-1836,否,否,是,SCIE,2.2,,生物学,4 [580/1091],否, GENETICS & HEREDITY 遗传学,4 [118/190],,,,,,,,,,,三级
Nucleus,2025,1949-1034/1949-1042,否,否,是,SCIE,4.5,,生物学,4 [581/1091],否, CELL BIOLOGY 细胞生物学,4 [156/203],,,,,,,,,,,三级
MAMMALIAN GENOME,2025,0938-8990/1432-1777,否,否,否,SCIE,2.7,,生物学,4 [582/1091],否, BIOTECHNOLOGY & APPLIED MICROBIOLOGY 生物工程与应用微生物,3 [90/174], BIOCHEMISTRY & MOLECULAR BIOLOGY 生化与分子生物学,4 [216/310], GENETICS & HEREDITY 遗传学,4 [119/190],,,,,,,三级
ANIMAL GENETICS,2025,0268-9146/1365-2052,否,否,否,SCIE,2.1,,生物学,4 [583/1091],否," AGRICULTURE, DAIRY & ANIMAL SCIENCE 奶制品与动物科学",3 [30/80], GENETICS & HEREDITY 遗传学,4 [120/190],,,,,,,,,三级
AQUATIC BOTANY,2025,0304-3770/1879-1522,否,否,否,SCIE,2.6,,生物学,4 [584/1091],否, MARINE & FRESHWATER BIOLOGY 海洋与淡水生物学,3 [54/118], PLANT SCIENCES 植物科学,3 [128/265],,,,,,,,,三级
ZOOLOGICAL STUDIES,2025,1021-5506/1810-522X,否,否,否,SCIE,1.4,,生物学,4 [585/1091],否, ZOOLOGY 动物学,3 [74/179],,,,,,,,,,,三级
DEVELOPMENTAL DYNAMICS,2025,1058-8388/1097-0177,否,否,否,SCIE,1.5,,生物学,4 [586/1091],否, ANATOMY & MORPHOLOGY 解剖学与形态学,4 [12/22], DEVELOPMENTAL BIOLOGY 发育生物学,4 [23/39],,,,,,,,,三级
Journal of Plant Interactions,2025,1742-9145/1742-9153,否,否,是,SCIE,3.3,,生物学,4 [587/1091],否, PLANT SCIENCES 植物科学,4 [129/265],,,,,,,,,,,三级
Behavioural Processes,2025,0376-6357/1872-8308,否,否,否,SSCI;SCIE,1.5,,生物学,4 [588/1091],否, ZOOLOGY 动物学,3 [75/179], BEHAVIORAL SCIENCES 行为科学,4 [44/55]," PSYCHOLOGY, BIOLOGICAL 心理学：生物",4 [12/18],,,,,,,三级
Plant Reproduction,2025,2194-7953/2194-7961,否,否,否,SCIE,2.4,,生物学,4 [589/1091],否, PLANT SCIENCES 植物科学,4 [130/265], REPRODUCTIVE BIOLOGY 生殖生物学,4 [30/39],,,,,,,,,三级
CURRENT MICROBIOLOGY,2025,0343-8651/1432-0991,否,否,否,SCIE,2.6,,生物学,4 [590/1091],否, MICROBIOLOGY 微生物学,4 [106/159],,,,,,,,,,,三级
ZOOMORPHOLOGY,2025,0720-213X/1432-234X,否,否,否,SCIE,1.1,,生物学,4 [591/1091],否, ZOOLOGY 动物学,3 [76/179], ANATOMY & MORPHOLOGY 解剖学与形态学,4 [13/22],,,,,,,,,三级
RAFFLES BULLETIN OF ZOOLOGY,2025,0217-2445/2345-7600,否,否,否,SCIE,1,,生物学,4 [592/1091],否, ZOOLOGY 动物学,3 [77/179],,,,,,,,,,,三级
Marine Ecology-An Evolutionary Perspective,2025,0173-9565/1439-0485,否,否,否,SCIE,1.8,,生物学,4 [593/1091],否, MARINE & FRESHWATER BIOLOGY 海洋与淡水生物学,3 [55/118],,,,,,,,,,,三级
FEBS Open Bio,2025,2211-5463/2211-5463,否,否,是,SCIE,2.3,,生物学,4 [594/1091],否, BIOCHEMISTRY & MOLECULAR BIOLOGY 生化与分子生物学,4 [217/310],,,,,,,,,,,三级
Medical Mycology Journal,2025,2185-6486/2186-165X,否,否,否,ESCI,1.9,,生物学,4 [595/1091],否, MYCOLOGY 真菌学,4 [23/32],,,,,,,,,,,三级
ANNALES ZOOLOGICI FENNICI,2025,0003-455X/1797-2450,否,否,否,SCIE,0.8,,生物学,4 [596/1091],否, ZOOLOGY 动物学,3 [78/179], ECOLOGY 生态学,4 [124/196],,,,,,,,,三级
Cytoskeleton,2025,1949-3584/1949-3592,否,否,否,SCIE,1.6,,生物学,4 [597/1091],否, CELL BIOLOGY 细胞生物学,4 [157/203],,,,,,,,,,,三级
INTERNATIONAL MICROBIOLOGY,2025,1139-6709/1618-1905,否,否,否,SCIE,2.3,,生物学,4 [598/1091],否, BIOTECHNOLOGY & APPLIED MICROBIOLOGY 生物工程与应用微生物,4 [93/174], MICROBIOLOGY 微生物学,4 [107/159],,,,,,,,,三级
Journal of Essential Oil Bearing Plants,2025,0972-060X/0976-5026,否,否,否,SCIE,1.8,,生物学,4 [599/1091],否, PLANT SCIENCES 植物科学,4 [133/265],,,,,,,,,,,三级
ORNIS FENNICA,2025,0030-5685/0030-5685,否,否,否,SCIE,1.2,,生物学,4 [600/1091],否, ORNITHOLOGY 鸟类学,3 [10/29],,,,,,,,,,,三级
PHOTOCHEMISTRY AND PHOTOBIOLOGY,2025,0031-8655/1751-1097,否,否,否,SCIE,2.5,,生物学,4 [601/1091],否, BIOCHEMISTRY & MOLECULAR BIOLOGY 生化与分子生物学,4 [218/310], BIOPHYSICS 生物物理,4 [48/76],,,,,,,,,三级
Journal of Community Genetics,2025,1868-310X/1868-6001,否,否,是,ESCI,1.8,,生物学,4 [602/1091],否, GENETICS & HEREDITY 遗传学,4 [122/190],,,,,,,,,,,三级
MOLECULAR BIOTECHNOLOGY,2025,1073-6085/1559-0305,否,否,否,SCIE,2.5,,生物学,4 [603/1091],否, BIOCHEMISTRY & MOLECULAR BIOLOGY 生化与分子生物学,4 [220/310], BIOTECHNOLOGY & APPLIED MICROBIOLOGY 生物工程与应用微生物,4 [94/174],,,,,,,,,三级
FASEB BioAdvances,2025,2573-9832/2573-9832,否,否,是,ESCI,2,,生物学,4 [604/1091],否, BIOCHEMISTRY & MOLECULAR BIOLOGY 生化与分子生物学,4 [221/310], CELL BIOLOGY 细胞生物学,4 [158/203],,,,,,,,,三级
Biology Open,2025,2046-6390/2046-6390,否,否,是,SCIE,1.7,,生物学,4 [605/1091],否, BIOLOGY 生物学,4 [58/109],,,,,,,,,,,三级
Methods and Protocols,2025,2409-9279/2409-9279,否,否,是,ESCI,2,,生物学,4 [606/1091],否, BIOCHEMICAL RESEARCH METHODS 生化研究方法,4 [48/85],,,,,,,,,,,三级
SLAS Discovery,2025,2472-5552/2472-5560,否,否,否,SCIE,2.7,,生物学,4 [607/1091],否, BIOCHEMICAL RESEARCH METHODS 生化研究方法,4 [49/85], BIOTECHNOLOGY & APPLIED MICROBIOLOGY 生物工程与应用微生物,4 [95/174]," CHEMISTRY, ANALYTICAL 分析化学",4 [56/106],,,,,,,三级
JOURNAL OF BIOSCIENCE AND BIOENGINEERING,2025,1389-1723/1347-4421,否,否,否,SCIE,2.9,,生物学,4 [608/1091],否, BIOTECHNOLOGY & APPLIED MICROBIOLOGY 生物工程与应用微生物,4 [96/174], FOOD SCIENCE & TECHNOLOGY 食品科技,4 [88/173],,,,,,,,,三级
AMPHIBIAN & REPTILE CONSERVATION,2025,1083-446X/1525-9153,否,否,否,SCIE,1.3,,生物学,4 [609/1091],否, ZOOLOGY 动物学,3 [79/179],,,,,,,,,,,三级
AIMS Microbiology,2025,2471-1888/2471-1888,否,否,是,ESCI,4.1,,生物学,4 [610/1091],否, MICROBIOLOGY 微生物学,4 [109/159],,,,,,,,,,,三级
Mammal Research,2025,2199-2401/2199-241X,否,否,否,SCIE,1.6,,生物学,4 [611/1091],否, ZOOLOGY 动物学,3 [81/179],,,,,,,,,,,三级
JOURNAL OF APPLIED GENETICS,2025,1234-1983/2190-3883,否,否,否,SCIE,1.9,,生物学,4 [612/1091],否, BIOTECHNOLOGY & APPLIED MICROBIOLOGY 生物工程与应用微生物,4 [97/174], GENETICS & HEREDITY 遗传学,4 [123/190],,,,,,,,,三级
Biophysical Reviews,2025,1867-2450/1867-2469,否,否,否,ESCI,3.7,,生物学,4 [613/1091],否, BIOPHYSICS 生物物理,4 [50/76],,,,,,,,,,,三级
International Journal of Genomics,2025,2314-436X/2314-4378,否,否,是,SCIE,1.9,,生物学,4 [614/1091],否, BIOCHEMISTRY & MOLECULAR BIOLOGY 生化与分子生物学,4 [223/310], BIOTECHNOLOGY & APPLIED MICROBIOLOGY 生物工程与应用微生物,4 [98/174], GENETICS & HEREDITY 遗传学,4 [124/190],,,,,,,三级
CYTOMETRY PART A,2025,1552-4922/1552-4930,否,否,否,SCIE,2.1,,生物学,4 [615/1091],否, BIOCHEMICAL RESEARCH METHODS 生化研究方法,4 [50/85], CELL BIOLOGY 细胞生物学,4 [160/203],,,,,,,,,三级
BIODEGRADATION,2025,0923-9820/1572-9729,否,否,否,SCIE,3.2,,生物学,4 [616/1091],否, BIOTECHNOLOGY & APPLIED MICROBIOLOGY 生物工程与应用微生物,4 [99/174],,,,,,,,,,,三级
DNA AND CELL BIOLOGY,2025,1044-5498/1557-7430,否,否,否,SCIE,2.6,,生物学,4 [617/1091],否, BIOCHEMISTRY & MOLECULAR BIOLOGY 生化与分子生物学,4 [224/310], CELL BIOLOGY 细胞生物学,4 [161/203], GENETICS & HEREDITY 遗传学,4 [125/190],,,,,,,三级
REVISTA ARGENTINA DE MICROBIOLOGIA,2025,0325-7541/1851-7617,否,否,是,SCIE,2.1,,生物学,4 [618/1091],否, MICROBIOLOGY 微生物学,4 [110/159],,,,,,,,,,,三级
JOURNAL OF BASIC MICROBIOLOGY,2025,0233-111X/1521-4028,否,否,否,SCIE,2.7,,生物学,4 [619/1091],否, MICROBIOLOGY 微生物学,4 [111/159],,,,,,,,,,,三级
CRYPTOGAMIE ALGOLOGIE,2025,0181-1568/1776-0984,否,否,否,SCIE,1.5,,生物学,4 [620/1091],否, MARINE & FRESHWATER BIOLOGY 海洋与淡水生物学,4 [58/118], PLANT SCIENCES 植物科学,4 [135/265],,,,,,,,,三级
JOURNAL OF MICROBIOLOGY AND BIOTECHNOLOGY,2025,1017-7825/1738-8872,否,否,否,SCIE,3.1,,生物学,4 [621/1091],否, BIOTECHNOLOGY & APPLIED MICROBIOLOGY 生物工程与应用微生物,4 [103/174], MICROBIOLOGY 微生物学,4 [114/159],,,,,,,,,三级
CRISPR Journal,2025,2573-1599/2573-1602,否,否,否,SCIE,4,,生物学,4 [622/1091],否, GENETICS & HEREDITY 遗传学,4 [127/190],,,,,,,,,,,三级
BIOLOGY OF THE CELL,2025,0248-4900/1768-322X,否,否,否,SCIE,2.4,,生物学,4 [623/1091],否, CELL BIOLOGY 细胞生物学,4 [162/203],,,,,,,,,,,三级
SABRAO Journal of Breeding and Genetics,2025,1029-7073/2224-8978,否,否,否,ESCI,1.7,,生物学,4 [624/1091],否, PLANT SCIENCES 植物科学,4 [137/265],,,,,,,,,,,三级
JOURNAL OF BRYOLOGY,2025,0373-6687/1743-2820,否,否,否,SCIE,1.1,,生物学,4 [625/1091],否, PLANT SCIENCES 植物科学,4 [139/265],,,,,,,,,,,三级
GLYCOCONJUGATE JOURNAL,2025,0282-0080/1573-4986,否,否,否,SCIE,3.1,,生物学,4 [626/1091],否, BIOCHEMISTRY & MOLECULAR BIOLOGY 生化与分子生物学,4 [226/310],,,,,,,,,,,三级
HERPETOLOGICAL JOURNAL,2025,0268-0130/0268-0130,否,否,否,SCIE,0.6,,生物学,4 [627/1091],否, ZOOLOGY 动物学,3 [84/179],,,,,,,,,,,三级
BIOTECHNOLOGY AND BIOPROCESS ENGINEERING,2025,1226-8372/1976-3816,否,否,否,SCIE,3,,生物学,4 [628/1091],否, BIOTECHNOLOGY & APPLIED MICROBIOLOGY 生物工程与应用微生物,4 [106/174],,,,,,,,,,,三级
3 Biotech,2025,2190-572X/2190-5738,否,否,否,SCIE,2.9,,生物学,4 [629/1091],否, BIOTECHNOLOGY & APPLIED MICROBIOLOGY 生物工程与应用微生物,4 [107/174],,,,,,,,,,,三级
Advanced Biology,2025,2701-0198/2701-0198,否,否,否,SCIE,2.6,,生物学,4 [630/1091],否," MATERIALS SCIENCE, BIOMATERIALS 材料科学：生物材料",4 [40/52],,,,,,,,,,,三级
Plant Ecology and Evolution,2025,2032-3913/2032-3921,否,否,否,SCIE,1.3,,生物学,4 [631/1091],否, PLANT SCIENCES 植物科学,4 [141/265],,,,,,,,,,,三级
BLUMEA,2025,0006-5196/0373-4293,否,否,否,SCIE,0.5,,生物学,4 [632/1091],否, PLANT SCIENCES 植物科学,4 [142/265],,,,,,,,,,,三级
Beneficial Microbes,2025,1876-2883/1876-2891,否,否,否,SCIE,3.1,,生物学,4 [633/1091],否, MICROBIOLOGY 微生物学,4 [115/159], NUTRITION & DIETETICS 营养学,4 [74/113],,,,,,,,,三级
TURKISH JOURNAL OF ZOOLOGY,2025,1300-0179/1303-6114,否,否,否,SCIE,1.7,,生物学,4 [634/1091],否, ZOOLOGY 动物学,3 [85/179],,,,,,,,,,,三级
NORDIC JOURNAL OF BOTANY,2025,0107-055X/1756-1051,否,否,否,SCIE,1.1,,生物学,4 [635/1091],否, PLANT SCIENCES 植物科学,4 [143/265],,,,,,,,,,,三级
ELECTRONIC JOURNAL OF BIOTECHNOLOGY,2025,0717-3458/0717-3458,否,否,是,SCIE,2.5,,生物学,4 [636/1091],否, BIOTECHNOLOGY & APPLIED MICROBIOLOGY 生物工程与应用微生物,4 [108/174],,,,,,,,,,,三级
Database-The Journal of Biological Databases and Curation,2025,1758-0463/1758-0463,否,否,是,SCIE,3.6,,生物学,4 [637/1091],否, MATHEMATICAL & COMPUTATIONAL BIOLOGY 数学与计算生物学,4 [42/66],,,,,,,,,,,三级
Plant Ecology & Diversity,2025,1755-0874/1755-1668,否,否,否,SCIE,1.6,,生物学,4 [638/1091],否, PLANT SCIENCES 植物科学,4 [144/265],,,,,,,,,,,三级
HISTOLOGY AND HISTOPATHOLOGY,2025,0213-3911/1699-5848,否,否,否,SCIE,2,,生物学,4 [639/1091],否, CELL BIOLOGY 细胞生物学,4 [165/203], PATHOLOGY 病理学,4 [57/88],,,,,,,,,三级
PHYCOLOGICAL RESEARCH,2025,1322-0829/1440-1835,否,否,否,SCIE,1,,生物学,4 [640/1091],否, MARINE & FRESHWATER BIOLOGY 海洋与淡水生物学,4 [59/118],,,,,,,,,,,三级
REPRODUCTION FERTILITY AND DEVELOPMENT,2025,1031-3613/1448-5990,否,否,否,SCIE,2.1,,生物学,4 [641/1091],否, ZOOLOGY 动物学,3 [87/179], DEVELOPMENTAL BIOLOGY 发育生物学,4 [25/39], REPRODUCTIVE BIOLOGY 生殖生物学,4 [32/39],,,,,,,三级
BIOPOLYMERS,2025,0006-3525/1097-0282,否,否,否,SCIE,3.2,,生物学,4 [642/1091],否, BIOCHEMISTRY & MOLECULAR BIOLOGY 生化与分子生物学,4 [227/310], BIOPHYSICS 生物物理,4 [53/76],,,,,,,,,三级
BRAZILIAN JOURNAL OF MICROBIOLOGY,2025,1517-8382/1678-4405,否,否,是,SCIE,1.9,,生物学,4 [643/1091],否, MICROBIOLOGY 微生物学,4 [117/159],,,,,,,,,,,三级
CELLULAR PHYSIOLOGY AND BIOCHEMISTRY,2025,1015-8987/1421-9778,否,否,是,ESCI,2,,生物学,4 [644/1091],否, CELL BIOLOGY 细胞生物学,4 [166/203], PHYSIOLOGY 生理学,4 [65/84],,,,,,,,,三级
BMC Genomic Data,2025,2730-6844/2730-6844,否,否,否,SCIE,2.5,,生物学,4 [645/1091],否, GENETICS & HEREDITY 遗传学,4 [131/190],,,,,,,,,,,三级
JOURNAL OF CRUSTACEAN BIOLOGY,2025,0278-0372/1937-240X,否,否,否,SCIE,1.2,,生物学,4 [646/1091],否, ZOOLOGY 动物学,3 [88/179], MARINE & FRESHWATER BIOLOGY 海洋与淡水生物学,4 [60/118],,,,,,,,,三级
Microbial Physiology,2025,2673-1665/2673-1673,否,否,否,SCIE,1.2,,生物学,4 [647/1091],否, BIOTECHNOLOGY & APPLIED MICROBIOLOGY 生物工程与应用微生物,4 [109/174], MICROBIOLOGY 微生物学,4 [119/159],,,,,,,,,三级
HELMINTHOLOGIA,2025,0440-6605/1336-9083,否,否,是,SCIE,1.2,,生物学,4 [648/1091],否, PARASITOLOGY 寄生虫学,4 [32/45], ZOOLOGY 动物学,4 [90/179],,,,,,,,,三级
YEAST,2025,0749-503X/1097-0061,否,否,否,SCIE,2.6,,生物学,4 [649/1091],否, BIOCHEMISTRY & MOLECULAR BIOLOGY 生化与分子生物学,4 [230/310], BIOTECHNOLOGY & APPLIED MICROBIOLOGY 生物工程与应用微生物,4 [111/174], MICROBIOLOGY 微生物学,4 [120/159], MYCOLOGY 真菌学,4 [24/32],,,,,三级
COMPARATIVE BIOCHEMISTRY AND PHYSIOLOGY B-BIOCHEMISTRY & MOLECULAR BIOLOGY,2025,1096-4959/1879-1107,否,否,否,SCIE,1.8,,生物学,4 [650/1091],否, BIOCHEMISTRY & MOLECULAR BIOLOGY 生化与分子生物学,4 [231/310], ZOOLOGY 动物学,4 [92/179],,,,,,,,,三级
ACTA ADRIATICA,2025,0001-5113/1846-0453,否,否,否,SCIE,0.6,,生物学,4 [651/1091],否, MARINE & FRESHWATER BIOLOGY 海洋与淡水生物学,4 [61/118], OCEANOGRAPHY 海洋学,4 [41/66],,,,,,,,,三级
Current Opinion in Systems Biology,2025,2452-3100/2452-3100,是,否,否,ESCI,2.2,,生物学,4 [652/1091],否, BIOCHEMISTRY & MOLECULAR BIOLOGY 生化与分子生物学,4 [232/310], MATHEMATICAL & COMPUTATIONAL BIOLOGY 数学与计算生物学,4 [44/66],,,,,,,,,三级
Birds,2025,2673-6004/2673-6004,否,否,否,ESCI,1.4,,生物学,4 [653/1091],否, ORNITHOLOGY 鸟类学,3 [11/29],,,,,,,,,,,三级
BIOTECHNOLOGY PROGRESS,2025,8756-7938/1520-6033,否,否,否,SCIE,2.5,,生物学,4 [654/1091],否, BIOTECHNOLOGY & APPLIED MICROBIOLOGY 生物工程与应用微生物,4 [113/174], FOOD SCIENCE & TECHNOLOGY 食品科技,4 [98/173],,,,,,,,,三级
EUROPEAN JOURNAL OF HISTOCHEMISTRY,2025,1121-760X/2038-8306,否,否,是,SCIE,2.1,,生物学,4 [655/1091],否, CELL BIOLOGY 细胞生物学,4 [167/203],,,,,,,,,,,三级
Theoretical and Experimental Plant Physiology,2025,2197-0025/2197-0025,否,否,否,SCIE,2.1,,生物学,4 [656/1091],否, PLANT SCIENCES 植物科学,4 [146/265],,,,,,,,,,,三级
MICROBIOLOGY-SGM,2025,1350-0872/1465-2080,否,否,否,SCIE,3.5,,生物学,4 [657/1091],否, MICROBIOLOGY 微生物学,4 [121/159],,,,,,,,,,,三级
ZOOSYSTEMA,2025,1280-9551/1638-9387,否,否,否,SCIE,1.2,,生物学,4 [658/1091],否, ZOOLOGY 动物学,4 [93/179],,,,,,,,,,,三级
BIOTECHNIC & HISTOCHEMISTRY,2025,1052-0295/1473-7760,否,否,否,SCIE,1.4,,生物学,4 [659/1091],否, BIOTECHNOLOGY & APPLIED MICROBIOLOGY 生物工程与应用微生物,4 [114/174], CELL BIOLOGY 细胞生物学,4 [169/203],,,,,,,,,三级
DEVELOPMENT GROWTH & DIFFERENTIATION,2025,0012-1592/1440-169X,否,否,否,SCIE,1,,生物学,4 [660/1091],否, CELL BIOLOGY 细胞生物学,4 [170/203], DEVELOPMENTAL BIOLOGY 发育生物学,4 [27/39],,,,,,,,,三级
FUNCTIONAL PLANT BIOLOGY,2025,1445-4408/1445-4416,否,否,否,SCIE,2.7,,生物学,4 [661/1091],否, PLANT SCIENCES 植物科学,4 [147/265],,,,,,,,,,,三级
JOURNAL OF INDUSTRIAL MICROBIOLOGY & BIOTECHNOLOGY,2025,1367-5435/1476-5535,否,否,否,SCIE,3.2,,生物学,4 [662/1091],否, BIOTECHNOLOGY & APPLIED MICROBIOLOGY 生物工程与应用微生物,4 [115/174],,,,,,,,,,,三级
FOLIA MICROBIOLOGICA,2025,0015-5632/1874-9356,否,否,否,SCIE,3.1,,生物学,4 [663/1091],否, BIOTECHNOLOGY & APPLIED MICROBIOLOGY 生物工程与应用微生物,4 [116/174], MICROBIOLOGY 微生物学,4 [122/159],,,,,,,,,三级
CELL BIOCHEMISTRY AND FUNCTION,2025,0263-6484/1099-0844,否,否,否,SCIE,2.7,,生物学,4 [664/1091],否, BIOCHEMISTRY & MOLECULAR BIOLOGY 生化与分子生物学,4 [234/310], CELL BIOLOGY 细胞生物学,4 [171/203],,,,,,,,,三级
Invasive Plant Science and Management,2025,1939-7291/1939-747X,否,否,否,SCIE,1.2,,生物学,4 [665/1091],否, PLANT SCIENCES 植物科学,4 [148/265],,,,,,,,,,,三级
PHYCOLOGIA,2025,0031-8884/2330-2968,否,否,否,SCIE,1.4,,生物学,4 [666/1091],否, MARINE & FRESHWATER BIOLOGY 海洋与淡水生物学,4 [62/118], PLANT SCIENCES 植物科学,4 [149/265],,,,,,,,,三级
PRIMATES,2025,0032-8332/1610-7365,否,否,否,SCIE,1.5,,生物学,4 [667/1091],否, ZOOLOGY 动物学,4 [94/179],,,,,,,,,,,三级
SYMBIOSIS,2025,0334-5114/1878-7665,否,否,否,SCIE,2,,生物学,4 [668/1091],否, MICROBIOLOGY 微生物学,4 [124/159],,,,,,,,,,,三级
Comparative Cytogenetics,2025,1993-0771/1993-078X,否,否,是,SCIE,0.9,,生物学,4 [669/1091],否, GENETICS & HEREDITY 遗传学,4 [134/190], PLANT SCIENCES 植物科学,4 [150/265], ZOOLOGY 动物学,4 [95/179],,,,,,,三级
CELLS TISSUES ORGANS,2025,1422-6405/1422-6421,否,否,否,SCIE,1.9,,生物学,4 [670/1091],否, ANATOMY & MORPHOLOGY 解剖学与形态学,4 [15/22], CELL BIOLOGY 细胞生物学,4 [173/203], DEVELOPMENTAL BIOLOGY 发育生物学,4 [28/39],,,,,,,三级
PROTEINS-STRUCTURE FUNCTION AND BIOINFORMATICS,2025,0887-3585/1097-0134,否,否,否,SCIE,2.8,,生物学,4 [671/1091],否, BIOCHEMISTRY & MOLECULAR BIOLOGY 生化与分子生物学,4 [235/310], BIOPHYSICS 生物物理,4 [54/76],,,,,,,,,三级
CHEMBIOCHEM,2025,1439-4227/1439-7633,否,否,否,SCIE,2.8,,生物学,4 [672/1091],否, BIOCHEMISTRY & MOLECULAR BIOLOGY 生化与分子生物学,4 [236/310]," CHEMISTRY, MEDICINAL 药物化学",4 [50/72],,,,,,,,,三级
NEMATOLOGY,2025,1388-5545/1388-5545,否,否,否,SCIE,1.1,,生物学,4 [673/1091],否, ZOOLOGY 动物学,4 [96/179],,,,,,,,,,,三级
JOURNAL OF RECEPTORS AND SIGNAL TRANSDUCTION,2025,1079-9893/1532-4281,否,否,否,SCIE,2.3,,生物学,4 [674/1091],否, BIOCHEMISTRY & MOLECULAR BIOLOGY 生化与分子生物学,4 [237/310], CELL BIOLOGY 细胞生物学,4 [174/203],,,,,,,,,三级
Plant Signaling & Behavior,2025,1559-2316/1559-2324,否,否,否,SCIE,3.6,,生物学,4 [675/1091],否, BIOCHEMISTRY & MOLECULAR BIOLOGY 生化与分子生物学,4 [238/310], PLANT SCIENCES 植物科学,4 [152/265],,,,,,,,,三级
OMICS-A JOURNAL OF INTEGRATIVE BIOLOGY,2025,1536-2310/1557-8100,否,否,否,SCIE,1.6,,生物学,4 [676/1091],否, BIOTECHNOLOGY & APPLIED MICROBIOLOGY 生物工程与应用微生物,4 [118/174], GENETICS & HEREDITY 遗传学,4 [135/190],,,,,,,,,三级
AMPHIBIA-REPTILIA,2025,0173-5373/1568-5381,否,否,否,SCIE,1.3,,生物学,4 [677/1091],否, ZOOLOGY 动物学,4 [98/179],,,,,,,,,,,三级
BIOCHEMICAL GENETICS,2025,0006-2928/1573-4927,否,否,否,SCIE,1.6,,生物学,4 [678/1091],否, BIOCHEMISTRY & MOLECULAR BIOLOGY 生化与分子生物学,4 [239/310], GENETICS & HEREDITY 遗传学,4 [136/190],,,,,,,,,三级
Biofuels Bioproducts & Biorefining-Biofpr,2025,1932-104X/1932-1031,否,否,否,SCIE,2.9,,生物学,4 [679/1091],否, BIOTECHNOLOGY & APPLIED MICROBIOLOGY 生物工程与应用微生物,4 [120/174], ENERGY & FUELS 能源与燃料,4 [106/171],,,,,,,,,三级
CYTOTECHNOLOGY,2025,0920-9069/1573-0778,否,否,否,SCIE,1.7,,生物学,4 [680/1091],否, BIOTECHNOLOGY & APPLIED MICROBIOLOGY 生物工程与应用微生物,4 [121/174], CELL BIOLOGY 细胞生物学,4 [175/203],,,,,,,,,三级
Polish Journal of Microbiology,2025,1733-1331/2544-4646,否,否,是,SCIE,1.6,,生物学,4 [681/1091],否, MICROBIOLOGY 微生物学,4 [125/159],,,,,,,,,,,三级
MYCOBIOLOGY,2025,1229-8093/2092-9323,否,否,是,SCIE,2,,生物学,4 [682/1091],否, AGRONOMY 农艺学,4 [50/127], MYCOLOGY 真菌学,4 [25/32],,,,,,,,,三级
ADANSONIA,2025,1280-8571/1639-4798,否,否,是,SCIE,0.6,,生物学,4 [683/1091],否, PLANT SCIENCES 植物科学,4 [153/265],,,,,,,,,,,三级
Microbiology Research,2025,2036-7481/2036-7481,否,否,是,ESCI,2.2,,生物学,4 [684/1091],否, MICROBIOLOGY 微生物学,4 [127/159],,,,,,,,,,,三级
FLY,2025,1933-6934/1933-6942,否,否,否,SCIE,2.2,,生物学,4 [685/1091],否, BIOCHEMISTRY & MOLECULAR BIOLOGY 生化与分子生物学,4 [240/310],,,,,,,,,,,三级
BIOTECHNIQUES,2025,0736-6205/1940-9818,否,否,是,SCIE,2.5,,生物学,4 [686/1091],否, BIOCHEMICAL RESEARCH METHODS 生化研究方法,4 [57/85], BIOCHEMISTRY & MOLECULAR BIOLOGY 生化与分子生物学,4 [241/310],,,,,,,,,三级
Biochemistry and Cell Biology,2025,0829-8211/1208-6002,否,否,否,SCIE,2.1,,生物学,4 [687/1091],否, BIOCHEMISTRY & MOLECULAR BIOLOGY 生化与分子生物学,4 [243/310], CELL BIOLOGY 细胞生物学,4 [176/203],,,,,,,,,三级
OSTRICH,2025,0030-6525/1727-947X,否,否,否,SCIE,1.1,,生物学,4 [688/1091],否, ORNITHOLOGY 鸟类学,3 [12/29],,,,,,,,,,,三级
Briefings in Functional Genomics,2025,2041-2649/2041-2657,是,否,否,SCIE,2.5,,生物学,4 [689/1091],否, BIOTECHNOLOGY & APPLIED MICROBIOLOGY 生物工程与应用微生物,4 [123/174], GENETICS & HEREDITY 遗传学,4 [137/190],,,,,,,,,三级
PHOTOSYNTHETICA,2025,0300-3604/1573-9058,否,否,是,SCIE,1.6,,生物学,4 [690/1091],否, PLANT SCIENCES 植物科学,4 [155/265],,,,,,,,,,,三级
Biochemistry and Biophysics Reports,2025,2405-5808/2405-5808,否,否,是,ESCI,2.2,,生物学,4 [691/1091],否, BIOCHEMISTRY & MOLECULAR BIOLOGY 生化与分子生物学,4 [244/310],,,,,,,,,,,三级
JOURNAL OF HERPETOLOGY,2025,0022-1511/1937-2418,否,否,否,SCIE,0.8,,生物学,4 [692/1091],否, ZOOLOGY 动物学,4 [99/179],,,,,,,,,,,三级
TAIWANIA,2025,0372-333X,否,否,是,SCIE,1,,生物学,4 [693/1091],否, PLANT SCIENCES 植物科学,4 [156/265],,,,,,,,,,,三级
REVISTA IBEROAMERICANA DE MICOLOGIA,2025,1130-1406,否,否,否,SCIE,1.6,,生物学,4 [694/1091],否, MYCOLOGY 真菌学,4 [26/32],,,,,,,,,,,三级
THEORETICAL POPULATION BIOLOGY,2025,0040-5809/1096-0325,否,否,否,SCIE,1.3,,生物学,4 [695/1091],否, ECOLOGY 生态学,4 [134/196], EVOLUTIONARY BIOLOGY 进化生物学,4 [45/52], GENETICS & HEREDITY 遗传学,4 [138/190], MATHEMATICAL & COMPUTATIONAL BIOLOGY 数学与计算生物学,4 [46/66],,,,,三级
ACTA ZOOLOGICA,2025,0001-7272/1463-6395,否,否,否,SCIE,1.3,,生物学,4 [696/1091],否, ANATOMY & MORPHOLOGY 解剖学与形态学,4 [17/22], ZOOLOGY 动物学,4 [100/179],,,,,,,,,三级
BEHAVIOUR,2025,0005-7959/1568-539X,否,否,否,SCIE,1,,生物学,4 [697/1091],否, BEHAVIORAL SCIENCES 行为科学,4 [49/55], ZOOLOGY 动物学,4 [101/179],,,,,,,,,三级
CYTOGENETIC AND GENOME RESEARCH,2025,1424-8581/1424-859X,否,否,否,SCIE,1.3,,生物学,4 [698/1091],否, CELL BIOLOGY 细胞生物学,4 [178/203], GENETICS & HEREDITY 遗传学,4 [139/190],,,,,,,,,三级
EUROPEAN BIOPHYSICS JOURNAL WITH BIOPHYSICS LETTERS,2025,0175-7571/1432-1017,否,否,否,SCIE,2.4,,生物学,4 [699/1091],否, BIOPHYSICS 生物物理,4 [56/76],,,,,,,,,,,三级
Future Microbiology,2025,1746-0913/1746-0921,否,否,否,SCIE,2.4,,生物学,4 [700/1091],否, MICROBIOLOGY 微生物学,4 [128/159],,,,,,,,,,,三级
GENOME,2025,0831-2796/1480-3321,否,否,否,SCIE,1.7,,生物学,4 [701/1091],否, BIOTECHNOLOGY & APPLIED MICROBIOLOGY 生物工程与应用微生物,4 [124/174], GENETICS & HEREDITY 遗传学,4 [140/190],,,,,,,,,三级
ZOO BIOLOGY,2025,0733-3188/1098-2361,否,否,否,SCIE,1.4,,生物学,4 [702/1091],否, VETERINARY SCIENCES 兽医学,4 [92/167], ZOOLOGY 动物学,4 [102/179],,,,,,,,,三级
BIOLOGICALS,2025,1045-1056/1095-8320,否,否,否,SCIE,1.5,,生物学,4 [703/1091],否, BIOCHEMICAL RESEARCH METHODS 生化研究方法,4 [59/85], BIOTECHNOLOGY & APPLIED MICROBIOLOGY 生物工程与应用微生物,4 [125/174], PHARMACOLOGY & PHARMACY 药学,4 [241/350],,,,,,,三级
CANADIAN JOURNAL OF ZOOLOGY,2025,0008-4301/1480-3283,否,否,否,SCIE,1.1,,生物学,4 [704/1091],否, ZOOLOGY 动物学,4 [103/179],,,,,,,,,,,三级
BIOLOGICAL CHEMISTRY,2025,1431-6730/1437-4315,否,否,否,SCIE,2.4,,生物学,4 [705/1091],否, BIOCHEMISTRY & MOLECULAR BIOLOGY 生化与分子生物学,4 [245/310],,,,,,,,,,,三级
JOURNAL OF THE MARINE BIOLOGICAL ASSOCIATION OF THE UNITED KINGDOM,2025,0025-3154/1469-7769,否,否,否,SCIE,0.9,,生物学,4 [706/1091],否, MARINE & FRESHWATER BIOLOGY 海洋与淡水生物学,4 [68/118],,,,,,,,,,,三级
Epigenomes,2025,2075-4655/2075-4655,否,否,是,ESCI,3.5,,生物学,4 [707/1091],否, GENETICS & HEREDITY 遗传学,4 [141/190],,,,,,,,,,,三级
Bioinformatics and Biology Insights,2025,1177-9322/1177-9322,否,否,是,ESCI,2.4,,生物学,4 [708/1091],否, BIOCHEMICAL RESEARCH METHODS 生化研究方法,4 [60/85],,,,,,,,,,,三级
LETTERS IN APPLIED MICROBIOLOGY,2025,0266-8254/1472-765X,否,否,否,SCIE,2.1,,生物学,4 [709/1091],否, BIOTECHNOLOGY & APPLIED MICROBIOLOGY 生物工程与应用微生物,4 [126/174], MICROBIOLOGY 微生物学,4 [129/159],,,,,,,,,三级
AUSTRALIAN MAMMALOGY,2025,0310-0049/1836-7402,否,否,否,SCIE,1.2,,生物学,4 [710/1091],否, ZOOLOGY 动物学,4 [104/179],,,,,,,,,,,三级
Frontiers in Bioinformatics,2025,2673-7647/2673-7647,否,否,否,ESCI,3.9,,生物学,4 [711/1091],否, MATHEMATICAL & COMPUTATIONAL BIOLOGY 数学与计算生物学,4 [47/66],,,,,,,,,,,三级
BIOCHEMICAL SYSTEMATICS AND ECOLOGY,2025,0305-1978/1873-2925,否,否,否,SCIE,2,,生物学,4 [712/1091],否, BIOCHEMISTRY & MOLECULAR BIOLOGY 生化与分子生物学,4 [247/310], ECOLOGY 生态学,4 [137/196], EVOLUTIONARY BIOLOGY 进化生物学,4 [47/52],,,,,,,三级
Bio-Algorithms and Med-Systems,2025,1895-9091/1896-530X,否,否,否,ESCI,2.3,,生物学,4 [713/1091],否, MATHEMATICAL & COMPUTATIONAL BIOLOGY 数学与计算生物学,4 [48/66],,,,,,,,,,,三级
ZYGOTE,2025,0967-1994/1469-8730,否,否,否,SCIE,1.4,,生物学,4 [714/1091],否, CELL BIOLOGY 细胞生物学,4 [179/203], DEVELOPMENTAL BIOLOGY 发育生物学,4 [30/39], REPRODUCTIVE BIOLOGY 生殖生物学,4 [34/39],,,,,,,三级
Emu-Austral Ornithology,2025,0158-4197/1448-5540,否,否,否,SCIE,1.1,,生物学,4 [715/1091],否, ORNITHOLOGY 鸟类学,3 [13/29],,,,,,,,,,,三级
JOURNAL OF HISTOCHEMISTRY & CYTOCHEMISTRY,2025,0022-1554/1551-5044,否,否,否,SCIE,1.5,,生物学,4 [716/1091],否, CELL BIOLOGY 细胞生物学,4 [180/203],,,,,,,,,,,三级
GENETICA,2025,0016-6707/1573-6857,否,否,否,SCIE,1.3,,生物学,4 [717/1091],否, GENETICS & HEREDITY 遗传学,4 [142/190],,,,,,,,,,,三级
BIOTECHNOLOGY AND APPLIED BIOCHEMISTRY,2025,0885-4513/1470-8744,否,否,否,SCIE,2.7,,生物学,4 [718/1091],否, BIOCHEMISTRY & MOLECULAR BIOLOGY 生化与分子生物学,4 [248/310], BIOTECHNOLOGY & APPLIED MICROBIOLOGY 生物工程与应用微生物,4 [127/174],,,,,,,,,三级
JOURNAL OF MICROBIOLOGICAL METHODS,2025,0167-7012/1872-8359,否,否,否,SCIE,1.9,,生物学,4 [719/1091],否, BIOCHEMICAL RESEARCH METHODS 生化研究方法,4 [63/85], MICROBIOLOGY 微生物学,4 [130/159],,,,,,,,,三级
JOURNAL OF MOLECULAR EVOLUTION,2025,0022-2844/1432-1432,否,否,否,SCIE,1.8,,生物学,4 [720/1091],否, BIOCHEMISTRY & MOLECULAR BIOLOGY 生化与分子生物学,4 [249/310], EVOLUTIONARY BIOLOGY 进化生物学,4 [48/52], GENETICS & HEREDITY 遗传学,4 [143/190],,,,,,,三级
ACTA BOTANICA CROATICA,2025,0365-0588/1847-8476,否,否,是,SCIE,0.7,,生物学,4 [721/1091],否, PLANT SCIENCES 植物科学,4 [160/265],,,,,,,,,,,三级
FOLIA HISTOCHEMICA ET CYTOBIOLOGICA,2025,0239-8508/1897-5631,否,否,是,SCIE,2.2,,生物学,4 [722/1091],否, BIOCHEMISTRY & MOLECULAR BIOLOGY 生化与分子生物学,4 [250/310], CELL BIOLOGY 细胞生物学,4 [181/203],,,,,,,,,三级
BRYOLOGIST,2025,0007-2745/1938-4378,否,否,否,SCIE,1.5,,生物学,4 [723/1091],否, PLANT SCIENCES 植物科学,4 [161/265],,,,,,,,,,,三级
Synthetic Biology,2025,2397-7000/2397-7000,否,否,是,SCIE,2.5,,生物学,4 [724/1091],否, BIOCHEMICAL RESEARCH METHODS 生化研究方法,4 [65/85], BIOLOGY 生物学,4 [65/109], BIOTECHNOLOGY & APPLIED MICROBIOLOGY 生物工程与应用微生物,4 [129/174],,,,,,,三级
PHYSICAL BIOLOGY,2025,1478-3967/1478-3975,否,否,否,SCIE,1.6,,生物学,4 [725/1091],否, BIOCHEMISTRY & MOLECULAR BIOLOGY 生化与分子生物学,4 [251/310], BIOPHYSICS 生物物理,4 [57/76],,,,,,,,,三级
GENETICS AND MOLECULAR BIOLOGY,2025,1415-4757/1678-4685,否,否,是,SCIE,1.3,,生物学,4 [726/1091],否, BIOCHEMISTRY & MOLECULAR BIOLOGY 生化与分子生物学,4 [252/310], GENETICS & HEREDITY 遗传学,4 [146/190],,,,,,,,,三级
Zootaxa,2025,1175-5326/1175-5334,否,否,否,SCIE,0.9,,生物学,4 [727/1091],否, ZOOLOGY 动物学,4 [105/179],,,,,,,,,,,三级
ACTA ETHOLOGICA,2025,0873-9749/1437-9546,否,否,否,SCIE,1.3,,生物学,4 [728/1091],否, BEHAVIORAL SCIENCES 行为科学,4 [50/55], ZOOLOGY 动物学,4 [106/179],,,,,,,,,三级
GULF AND CARIBBEAN RESEARCH,2025,1528-0470/2572-1410,否,否,否,ESCI,1.4,,生物学,4 [729/1091],否, MARINE & FRESHWATER BIOLOGY 海洋与淡水生物学,4 [69/118],,,,,,,,,,,三级
Cells & Development,2025,2667-2901/2667-2901,否,否,否,SCIE,2,,生物学,4 [730/1091],否, DEVELOPMENTAL BIOLOGY 发育生物学,4 [31/39],,,,,,,,,,,三级
Herpetological Conservation and Biology,2025,2151-0733/1931-7603,否,否,否,SCIE,0.6,,生物学,4 [731/1091],否, ZOOLOGY 动物学,4 [107/179],,,,,,,,,,,三级
Biophysical Reports,2025,2667-0747/2667-0747,否,否,否,ESCI,2.7,,生物学,4 [732/1091],否, BIOPHYSICS 生物物理,4 [59/76],,,,,,,,,,,三级
TURKISH JOURNAL OF BOTANY,2025,1300-008X/1303-6106,否,否,否,SCIE,1.5,,生物学,4 [733/1091],否, PLANT SCIENCES 植物科学,4 [162/265],,,,,,,,,,,三级
CANDOLLEA,2025,0373-2967,否,否,否,SCIE,0.7,,生物学,4 [734/1091],否, PLANT SCIENCES 植物科学,4 [163/265],,,,,,,,,,,三级
MARINE ORNITHOLOGY,2025,1018-3337/2074-1235,否,否,否,SCIE,0.9,,生物学,4 [735/1091],否, ORNITHOLOGY 鸟类学,3 [14/29],,,,,,,,,,,三级
Bioscience of Microbiota Food and Health,2025,2186-6953/2186-3342,否,否,否,SCIE,2.9,,生物学,4 [736/1091],否, MICROBIOLOGY 微生物学,4 [132/159], NUTRITION & DIETETICS 营养学,4 [83/113],,,,,,,,,三级
FOLIA PRIMATOLOGICA,2025,0015-5713/1421-9980,否,否,否,SCIE,0.8,,生物学,4 [737/1091],否, ZOOLOGY 动物学,4 [108/179],,,,,,,,,,,三级
Algorithms for Molecular Biology,2025,1748-7188/1748-7188,否,否,是,SCIE,1.7,,生物学,4 [738/1091],否, BIOCHEMICAL RESEARCH METHODS 生化研究方法,4 [66/85], BIOTECHNOLOGY & APPLIED MICROBIOLOGY 生物工程与应用微生物,4 [130/174], MATHEMATICAL & COMPUTATIONAL BIOLOGY 数学与计算生物学,4 [50/66],,,,,,,三级
Molecular Cytogenetics,2025,1755-8166/1755-8166,否,否,是,SCIE,1.4,,生物学,4 [739/1091],否, GENETICS & HEREDITY 遗传学,4 [147/190],,,,,,,,,,,三级
KOREAN JOURNAL OF PLANT TAXONOMY,2025,1225-8318/2466-1546,否,否,否,ESCI,0.8,,生物学,4 [740/1091],否, PLANT SCIENCES 植物科学,4 [164/265],,,,,,,,,,,三级
Aquatic Biology,2025,1864-7790/1864-7782,否,否,是,SCIE,0.8,,生物学,4 [741/1091],否, MARINE & FRESHWATER BIOLOGY 海洋与淡水生物学,4 [71/118],,,,,,,,,,,三级
THEORY IN BIOSCIENCES,2025,1431-7613/1611-7530,否,否,否,SCIE,1.4,,生物学,4 [742/1091],否, BIOLOGY 生物学,4 [66/109], MATHEMATICAL & COMPUTATIONAL BIOLOGY 数学与计算生物学,4 [51/66],,,,,,,,,三级
Stem Cells and Cloning-Advances and Applications,2025,1178-6957/1178-6957,否,否,是,ESCI,2.6,,生物学,4 [743/1091],否, CELL BIOLOGY 细胞生物学,4 [183/203],,,,,,,,,,,三级
BRITTONIA,2025,0007-196X/1938-436X,否,否,否,SCIE,0.7,,生物学,4 [744/1091],否, PLANT SCIENCES 植物科学,4 [166/265],,,,,,,,,,,三级
GROWTH FACTORS,2025,0897-7194/1029-2292,否,否,否,SCIE,1.7,,生物学,4 [745/1091],否, CELL BIOLOGY 细胞生物学,4 [184/203], ENDOCRINOLOGY & METABOLISM 内分泌学与代谢,4 [151/184],,,,,,,,,三级
JOURNAL OF NATURAL HISTORY,2025,0022-2933/1464-5262,否,否,否,SCIE,0.9,,生物学,4 [746/1091],否, BIODIVERSITY CONSERVATION 生物多样性保护,4 [51/75], ECOLOGY 生态学,4 [141/196], ZOOLOGY 动物学,4 [109/179],,,,,,,三级
PREPARATIVE BIOCHEMISTRY & BIOTECHNOLOGY,2025,1082-6068/1532-2297,否,否,否,SCIE,1.9,,生物学,4 [747/1091],否, BIOCHEMICAL RESEARCH METHODS 生化研究方法,4 [67/85], BIOCHEMISTRY & MOLECULAR BIOLOGY 生化与分子生物学,4 [256/310], BIOTECHNOLOGY & APPLIED MICROBIOLOGY 生物工程与应用微生物,4 [132/174],,,,,,,三级
Mediterranean Botany,2025,2603-9109/2603-9109,否,否,是,SCIE,0.7,,生物学,4 [748/1091],否, PLANT SCIENCES 植物科学,4 [167/265],,,,,,,,,,,三级
Phytotaxa,2025,1179-3155/1179-3163,否,否,否,SCIE,1,,生物学,4 [749/1091],否, PLANT SCIENCES 植物科学,4 [168/265],,,,,,,,,,,三级
CRYPTOGAMIE BRYOLOGIE,2025,1290-0796/1776-0992,否,否,否,SCIE,0.9,,生物学,4 [750/1091],否, PLANT SCIENCES 植物科学,4 [169/265],,,,,,,,,,,三级
BULLETIN OF MARINE SCIENCE,2025,0007-4977/1553-6955,否,否,否,SCIE,1.2,,生物学,4 [751/1091],否, MARINE & FRESHWATER BIOLOGY 海洋与淡水生物学,4 [72/118], OCEANOGRAPHY 海洋学,4 [46/66],,,,,,,,,三级
AFRICAN JOURNAL OF HERPETOLOGY,2025,2156-4574/2153-3660,否,否,否,SCIE,0.9,,生物学,4 [752/1091],否, ZOOLOGY 动物学,4 [111/179],,,,,,,,,,,三级
FEMS MICROBIOLOGY LETTERS,2025,0378-1097/1574-6968,否,否,否,SCIE,2.2,,生物学,4 [753/1091],否, MICROBIOLOGY 微生物学,4 [133/159],,,,,,,,,,,三级
FEMS YEAST RESEARCH,2025,1567-1356/1567-1364,否,否,否,SCIE,2.7,,生物学,4 [754/1091],否, BIOTECHNOLOGY & APPLIED MICROBIOLOGY 生物工程与应用微生物,4 [133/174], MICROBIOLOGY 微生物学,4 [134/159], MYCOLOGY 真菌学,4 [27/32],,,,,,,三级
JOURNAL OF ETHOLOGY,2025,0289-0771/1439-5444,否,否,否,SCIE,0.8,,生物学,4 [755/1091],否, BEHAVIORAL SCIENCES 行为科学,4 [52/55], ZOOLOGY 动物学,4 [112/179],,,,,,,,,三级
JOURNAL OF RAPTOR RESEARCH,2025,0892-1016/2162-4569,否,否,否,SCIE,1.2,,生物学,4 [756/1091],否, ORNITHOLOGY 鸟类学,3 [15/29],,,,,,,,,,,三级
International Journal of Peptide Research and Therapeutics,2025,1573-3149/1573-3904,否,否,否,SCIE,2.4,,生物学,4 [757/1091],否, BIOCHEMISTRY & MOLECULAR BIOLOGY 生化与分子生物学,4 [257/310],,,,,,,,,,,三级
Frontiers in Fungal Biology,2025,2673-6128/2673-6128,否,否,否,ESCI,3.8,,生物学,4 [758/1091],否, MYCOLOGY 真菌学,4 [28/32],,,,,,,,,,,三级
Marine Biology Research,2025,1745-1000/1745-1019,否,否,否,SCIE,1.2,,生物学,4 [759/1091],否, ECOLOGY 生态学,4 [144/196], MARINE & FRESHWATER BIOLOGY 海洋与淡水生物学,4 [73/118],,,,,,,,,三级
Nauplius,2025,0104-6497/2358-2936,否,否,是,SCIE,0.8,,生物学,4 [760/1091],否, MARINE & FRESHWATER BIOLOGY 海洋与淡水生物学,4 [74/118], ZOOLOGY 动物学,4 [113/179],,,,,,,,,三级
HERPETOZOA,2025,1013-4425/1013-4425,否,否,是,SCIE,0.9,,生物学,4 [761/1091],否, ZOOLOGY 动物学,4 [114/179],,,,,,,,,,,三级
Genetics Research,2025,0016-6723/1469-5073,否,否,是,SCIE,2.1,,生物学,4 [762/1091],否, GENETICS & HEREDITY 遗传学,4 [153/190],,,,,,,,,,,三级
NEW ZEALAND JOURNAL OF BOTANY,2025,0028-825X/1175-8643,否,否,否,SCIE,1.4,,生物学,4 [763/1091],否, PLANT SCIENCES 植物科学,4 [171/265],,,,,,,,,,,三级
Plant Biotechnology Reports,2025,1863-5466/1863-5474,否,否,否,SCIE,1.6,,生物学,4 [764/1091],否, BIOTECHNOLOGY & APPLIED MICROBIOLOGY 生物工程与应用微生物,4 [135/174], PLANT SCIENCES 植物科学,4 [172/265],,,,,,,,,三级
BOTANICA MARINA,2025,0006-8055/1437-4323,否,否,否,SCIE,1.4,,生物学,4 [765/1091],否, MARINE & FRESHWATER BIOLOGY 海洋与淡水生物学,4 [76/118], PLANT SCIENCES 植物科学,4 [173/265],,,,,,,,,三级
BIOLOGIA,2025,0006-3088/1336-9563,否,否,否,SCIE,1.6,,生物学,4 [766/1091],否, BIOLOGY 生物学,4 [68/109],,,,,,,,,,,三级
Genes & Genomics,2025,1976-9571/2092-9293,否,否,否,SCIE,1.7,,生物学,4 [767/1091],否, BIOCHEMISTRY & MOLECULAR BIOLOGY 生化与分子生物学,4 [258/310], BIOTECHNOLOGY & APPLIED MICROBIOLOGY 生物工程与应用微生物,4 [136/174], GENETICS & HEREDITY 遗传学,4 [154/190],,,,,,,三级
Botanical Sciences,2025,2007-4298/2007-4476,否,否,是,SCIE,0.7,,生物学,4 [768/1091],否, PLANT SCIENCES 植物科学,4 [174/265],,,,,,,,,,,三级
RECORDS OF THE AUSTRALIAN MUSEUM,2025,0067-1975/0067-1975,否,否,否,SCIE,0.8,,生物学,4 [769/1091],否, ZOOLOGY 动物学,4 [115/179],,,,,,,,,,,三级
PLASMID,2025,0147-619X/1095-9890,否,否,否,SCIE,2.2,,生物学,4 [770/1091],否, GENETICS & HEREDITY 遗传学,4 [155/190], MICROBIOLOGY 微生物学,4 [136/159],,,,,,,,,三级
JOURNAL OF PLANT BIOLOGY,2025,1226-9239/1867-0725,否,否,否,SCIE,2,,生物学,4 [771/1091],否, PLANT SCIENCES 植物科学,4 [175/265],,,,,,,,,,,三级
Organogenesis,2025,1547-6278/1555-8592,否,否,否,SCIE,2.8,,生物学,4 [772/1091],否, BIOCHEMISTRY & MOLECULAR BIOLOGY 生化与分子生物学,4 [260/310], DEVELOPMENTAL BIOLOGY 发育生物学,4 [32/39]," ENGINEERING, BIOMEDICAL 工程：生物医学",4 [98/120],,,,,,,三级
Plant Gene,2025,2352-4073/2352-4073,否,否,否,ESCI,1.6,,生物学,4 [773/1091],否, GENETICS & HEREDITY 遗传学,4 [156/190], PLANT SCIENCES 植物科学,4 [177/265],,,,,,,,,三级
Marine Genomics,2025,1874-7787/1876-7478,否,否,否,SCIE,1.5,,生物学,4 [774/1091],否, GENETICS & HEREDITY 遗传学,4 [157/190],,,,,,,,,,,三级
Bradleya,2025,0265-086X/0265-086X,否,否,否,SCIE,0.7,,生物学,4 [775/1091],否, PLANT SCIENCES 植物科学,4 [178/265],,,,,,,,,,,三级
RUSSIAN JOURNAL OF NEMATOLOGY,2025,0869-6918/0869-6918,否,否,否,SCIE,0.3,,生物学,4 [776/1091],否, ZOOLOGY 动物学,4 [116/179],,,,,,,,,,,三级
FOLIA GEOBOTANICA,2025,1211-9520/1874-9348,否,否,否,SCIE,1.2,,生物学,4 [777/1091],否, PLANT SCIENCES 植物科学,4 [179/265],,,,,,,,,,,三级
Records of Natural Products,2025,1307-6167/1307-6167,否,否,否,SCIE,1.6,,生物学,4 [778/1091],否," CHEMISTRY, APPLIED 应用化学",4 [44/74]," CHEMISTRY, MEDICINAL 药物化学",4 [56/72], PLANT SCIENCES 植物科学,4 [180/265],,,,,,,三级
ACTA ZOOLOGICA ACADEMIAE SCIENTIARUM HUNGARICAE,2025,1217-8837,否,否,是,SCIE,0.8,,生物学,4 [779/1091],否, ZOOLOGY 动物学,4 [117/179],,,,,,,,,,,三级
Freshwater Crayfish,2025,2076-4324/2076-4332,否,否,否,ESCI,0.3,,生物学,4 [780/1091],否, MARINE & FRESHWATER BIOLOGY 海洋与淡水生物学,4 [77/118],,,,,,,,,,,三级
Cell Journal,2025,2228-5806/2228-5814,否,否,是,SCIE,1.7,,生物学,4 [781/1091],否, CELL BIOLOGY 细胞生物学,4 [185/203],,,,,,,,,,,三级
Redia-Journal of Zoology,2025,0370-4327/0370-4327,否,否,否,SCIE,0.6,,生物学,4 [782/1091],否, ZOOLOGY 动物学,4 [118/179],,,,,,,,,,,三级
JOURNAL OF MOLECULAR RECOGNITION,2025,0952-3499/1099-1352,否,否,否,SCIE,3,,生物学,4 [783/1091],否, BIOCHEMISTRY & MOLECULAR BIOLOGY 生化与分子生物学,4 [261/310], BIOPHYSICS 生物物理,4 [60/76],,,,,,,,,三级
Plant Genetic Resources-Characterization and Utilization,2025,1479-2621/1479-263X,否,否,否,SCIE,0.7,,生物学,4 [784/1091],否, PLANT SCIENCES 植物科学,4 [181/265],,,,,,,,,,,三级
Network Modeling and Analysis in Health Informatics and Bioinformatics,2025,2192-6662/2192-6670,否,否,否,ESCI,2,,生物学,4 [785/1091],否, MATHEMATICAL & COMPUTATIONAL BIOLOGY 数学与计算生物学,4 [53/66],,,,,,,,,,,三级
HERPETOLOGICAL MONOGRAPHS,2025,0733-1347/1938-5137,否,否,否,SCIE,1,,生物学,4 [786/1091],否, ZOOLOGY 动物学,4 [119/179],,,,,,,,,,,三级
Acta Herpetologica,2025,1827-9635/1827-9643,否,否,是,SCIE,0.9,,生物学,4 [787/1091],否, ZOOLOGY 动物学,4 [120/179],,,,,,,,,,,三级
CHELONIAN CONSERVATION AND BIOLOGY,2025,1071-8443/1943-3956,否,否,否,SCIE,0.8,,生物学,4 [788/1091],否, ZOOLOGY 动物学,4 [121/179],,,,,,,,,,,三级
GRANA,2025,0017-3134/1651-2049,否,否,否,SCIE,1,,生物学,4 [789/1091],否, PLANT SCIENCES 植物科学,4 [182/265],,,,,,,,,,,三级
Journal of Biochemistry,2025,0021-924X/1756-2651,否,否,否,SCIE,1.7,,生物学,4 [790/1091],否, BIOCHEMISTRY & MOLECULAR BIOLOGY 生化与分子生物学,4 [262/310],,,,,,,,,,,三级
Phytochemistry Letters,2025,1874-3900/1876-7486,否,否,否,SCIE,1.4,,生物学,4 [791/1091],否," CHEMISTRY, MEDICINAL 药物化学",4 [58/72], PLANT SCIENCES 植物科学,4 [183/265],,,,,,,,,三级
ACTA HISTOCHEMICA ET CYTOCHEMICA,2025,0044-5991/1347-5800,否,否,否,SCIE,1.8,,生物学,4 [792/1091],否, CELL BIOLOGY 细胞生物学,4 [186/203],,,,,,,,,,,三级
Biology Methods & Protocols,2025,2396-8923/2396-8923,否,否,是,ESCI,1.3,,生物学,4 [793/1091],否, BIOCHEMICAL RESEARCH METHODS 生化研究方法,4 [70/85],,,,,,,,,,,三级
Theoretical Biology Forum,2025,2282-2593/2283-7175,否,否,否,SCIE,1.2,,生物学,4 [794/1091],否, BIOLOGY 生物学,4 [69/109],,,,,,,,,,,三级
CELL BIOCHEMISTRY AND BIOPHYSICS,2025,1085-9195/1559-0283,否,否,否,SCIE,2.5,,生物学,4 [795/1091],否, BIOCHEMISTRY & MOLECULAR BIOLOGY 生化与分子生物学,4 [263/310], BIOPHYSICS 生物物理,4 [61/76], CELL BIOLOGY 细胞生物学,4 [187/203],,,,,,,三级
ZOOLOGICAL SCIENCE,2025,0289-0003/0289-0003,否,否,否,SCIE,1,,生物学,4 [796/1091],否, ZOOLOGY 动物学,4 [123/179],,,,,,,,,,,三级
AUSTRALIAN JOURNAL OF ZOOLOGY,2025,0004-959X/1446-5698,否,否,否,SCIE,0.9,,生物学,4 [797/1091],否, ZOOLOGY 动物学,4 [124/179],,,,,,,,,,,三级
JOURNAL OF CHEMICAL TECHNOLOGY AND BIOTECHNOLOGY,2025,0268-2575/1097-4660,否,否,否,SCIE,2.4,,生物学,4 [798/1091],否, BIOTECHNOLOGY & APPLIED MICROBIOLOGY 生物工程与应用微生物,4 [138/174]," CHEMISTRY, MULTIDISCIPLINARY 化学：综合",4 [140/230]," ENGINEERING, CHEMICAL 工程：化工",4 [98/169]," ENGINEERING, ENVIRONMENTAL 工程：环境",4 [54/80],,,,,三级
IN VITRO CELLULAR & DEVELOPMENTAL BIOLOGY-ANIMAL,2025,1071-2690/1543-706X,否,否,否,SCIE,1.7,,生物学,4 [799/1091],否, CELL BIOLOGY 细胞生物学,4 [188/203], DEVELOPMENTAL BIOLOGY 发育生物学,4 [34/39],,,,,,,,,三级
MYCOSCIENCE,2025,1340-3540/1618-2545,否,否,否,SCIE,1.4,,生物学,4 [800/1091],否, MYCOLOGY 真菌学,4 [29/32],,,,,,,,,,,三级
PROTEIN ENGINEERING DESIGN & SELECTION,2025,1741-0126/1741-0134,否,否,否,SCIE,3.4,,生物学,4 [801/1091],否, BIOCHEMISTRY & MOLECULAR BIOLOGY 生化与分子生物学,4 [264/310], BIOTECHNOLOGY & APPLIED MICROBIOLOGY 生物工程与应用微生物,4 [139/174],,,,,,,,,三级
Zebrafish,2025,1545-8547/1557-8542,否,否,否,SCIE,1.2,,生物学,4 [802/1091],否, DEVELOPMENTAL BIOLOGY 发育生物学,4 [35/39], ZOOLOGY 动物学,4 [125/179],,,,,,,,,三级
Acta Botanica Brasilica,2025,0102-3306/1677-941X,否,否,是,SCIE,1.1,,生物学,4 [803/1091],否, PLANT SCIENCES 植物科学,4 [184/265],,,,,,,,,,,三级
Botany,2025,1916-2790/1916-2804,否,否,否,SCIE,1.3,,生物学,4 [804/1091],否, PLANT SCIENCES 植物科学,4 [185/265],,,,,,,,,,,三级
MOLLUSCAN RESEARCH,2025,1323-5818/1448-6067,否,否,否,SCIE,0.6,,生物学,4 [805/1091],否, ZOOLOGY 动物学,4 [126/179],,,,,,,,,,,三级
Tropical Plant Biology,2025,1935-9756/1935-9764,否,否,否,SCIE,1.4,,生物学,4 [806/1091],否, PLANT SCIENCES 植物科学,4 [186/265],,,,,,,,,,,三级
MARINE AND FRESHWATER BEHAVIOUR AND PHYSIOLOGY,2025,1023-6244/1029-0362,否,否,否,SCIE,1.1,,生物学,4 [807/1091],否, MARINE & FRESHWATER BIOLOGY 海洋与淡水生物学,4 [79/118],,,,,,,,,,,三级
CURRENT PROTEIN & PEPTIDE SCIENCE,2025,1389-2037/1875-5550,是,否,否,SCIE,2,,生物学,4 [808/1091],否, BIOCHEMISTRY & MOLECULAR BIOLOGY 生化与分子生物学,4 [267/310],,,,,,,,,,,三级
Egyptian Journal of Botany,2025,0375-9237/2357-0350,否,否,否,ESCI,1.5,,生物学,4 [809/1091],否, PLANT SCIENCES 植物科学,4 [187/265],,,,,,,,,,,三级
Biopreservation and Biobanking,2025,1947-5535/1947-5543,否,否,否,SCIE,1.4,,生物学,4 [810/1091],否, CELL BIOLOGY 细胞生物学,4 [189/203], MEDICAL LABORATORY TECHNOLOGY 医学实验技术,4 [24/31],,,,,,,,,三级
Brazilian Journal of Botany,2025,0100-8404/1806-9959,否,否,否,SCIE,1.3,,生物学,4 [811/1091],否, PLANT SCIENCES 植物科学,4 [188/265],,,,,,,,,,,三级
AMERICAN FERN JOURNAL,2025,0002-8444/1938-422X,否,否,否,SCIE,0.9,,生物学,4 [812/1091],否, PLANT SCIENCES 植物科学,4 [189/265],,,,,,,,,,,三级
MAMMALIA,2025,0025-1461/1864-1547,否,否,否,SCIE,0.8,,生物学,4 [813/1091],否, ZOOLOGY 动物学,4 [128/179],,,,,,,,,,,三级
THALASSAS,2025,0212-5919/2366-1674,否,否,否,SCIE,0.7,,生物学,4 [814/1091],否, MARINE & FRESHWATER BIOLOGY 海洋与淡水生物学,4 [80/118], OCEANOGRAPHY 海洋学,4 [50/66],,,,,,,,,三级
ZOOLOGY IN THE MIDDLE EAST,2025,0939-7140/2326-2680,否,否,否,SCIE,0.6,,生物学,4 [815/1091],否, ZOOLOGY 动物学,4 [129/179],,,,,,,,,,,三级
REVUE SUISSE DE ZOOLOGIE,2025,0035-418X/0035-418X,否,否,否,SCIE,0.5,,生物学,4 [816/1091],否, ZOOLOGY 动物学,4 [130/179],,,,,,,,,,,三级
JOURNAL OF BIOSCIENCES,2025,0250-5991/0973-7138,否,否,否,SCIE,1.9,,生物学,4 [817/1091],否, BIOLOGY 生物学,4 [71/109],,,,,,,,,,,三级
JOURNAL OF GENETICS,2025,0022-1333/0973-7731,否,否,否,SCIE,1.2,,生物学,4 [818/1091],否, GENETICS & HEREDITY 遗传学,4 [159/190],,,,,,,,,,,三级
ARDEA,2025,0373-2266/2213-1175,否,否,否,SCIE,1.3,,生物学,4 [819/1091],否, ORNITHOLOGY 鸟类学,4 [16/29],,,,,,,,,,,三级
INTERNATIONAL REVIEW OF HYDROBIOLOGY,2025,1434-2944/1522-2632,否,否,否,SCIE,2.3,,生物学,4 [820/1091],否, MARINE & FRESHWATER BIOLOGY 海洋与淡水生物学,4 [82/118],,,,,,,,,,,三级
ZEITSCHRIFT FUR NATURFORSCHUNG SECTION C-A JOURNAL OF BIOSCIENCES,2025,0939-5075/1865-7125,否,否,否,SCIE,2.1,,生物学,4 [821/1091],否, BIOCHEMISTRY & MOLECULAR BIOLOGY 生化与分子生物学,4 [268/310], PHARMACOLOGY & PHARMACY 药学,4 [271/350],,,,,,,,,三级
Plant Health Progress,2025,1535-1025/1535-1025,否,否,否,ESCI,1.2,,生物学,4 [822/1091],否, PLANT SCIENCES 植物科学,4 [190/265],,,,,,,,,,,三级
STUDIES ON NEOTROPICAL FAUNA AND ENVIRONMENT,2025,0165-0521/1744-5140,否,否,否,SCIE,0.8,,生物学,4 [823/1091],否, ZOOLOGY 动物学,4 [133/179],,,,,,,,,,,三级
AFRICAN JOURNAL OF MARINE SCIENCE,2025,1814-232X/1814-2338,否,否,否,SCIE,1.4,,生物学,4 [824/1091],否, MARINE & FRESHWATER BIOLOGY 海洋与淡水生物学,4 [84/118],,,,,,,,,,,三级
BIOTECHNOLOGY LETTERS,2025,0141-5492/1573-6776,否,否,否,SCIE,2.1,,生物学,4 [825/1091],否, BIOTECHNOLOGY & APPLIED MICROBIOLOGY 生物工程与应用微生物,4 [140/174],,,,,,,,,,,三级
Revista Comunicacion,2025,0379-3974/1659-3820,否,否,否,ESCI,0.3,,生物学,4 [826/1091],否, BIOLOGY 生物学,4 [72/109],,,,,,,,,,,三级
GEN Biotechnology,2025,2768-1572/2768-1556,否,否,否,ESCI,2.3,,生物学,4 [827/1091],否, BIOTECHNOLOGY & APPLIED MICROBIOLOGY 生物工程与应用微生物,4 [141/174],,,,,,,,,,,三级
JOURNAL OF BIOLOGICAL PHYSICS,2025,0092-0606/1573-0689,否,否,否,SCIE,2.2,,生物学,4 [828/1091],否, BIOPHYSICS 生物物理,4 [62/76],,,,,,,,,,,三级
Human Genome Variation,2025,2054-345X/2054-345X,否,否,是,ESCI,1.3,,生物学,4 [829/1091],否, GENETICS & HEREDITY 遗传学,4 [161/190],,,,,,,,,,,三级
Check List,2025,1809-127X/1809-127X,否,否,是,ESCI,0.6,,生物学,4 [830/1091],否, BIODIVERSITY CONSERVATION 生物多样性保护,4 [58/75], ZOOLOGY 动物学,4 [134/179],,,,,,,,,三级
Botanica Serbica,2025,1821-2158/1821-2638,否,否,是,SCIE,1.1,,生物学,4 [831/1091],否, PLANT SCIENCES 植物科学,4 [193/265],,,,,,,,,,,三级
JOURNAL OF FIELD ORNITHOLOGY,2025,0273-8570/1557-9263,否,否,否,SCIE,0.9,,生物学,4 [832/1091],否, ORNITHOLOGY 鸟类学,4 [17/29],,,,,,,,,,,三级
ANNALES BOTANICI FENNICI,2025,0003-3847/1797-2442,否,否,否,SCIE,0.9,,生物学,4 [833/1091],否, PLANT SCIENCES 植物科学,4 [195/265],,,,,,,,,,,三级
Bioinformatics Advances,2025,2635-0041/2635-0041,否,否,否,ESCI,2.8,,生物学,4 [834/1091],否, MATHEMATICAL & COMPUTATIONAL BIOLOGY 数学与计算生物学,4 [55/66],,,,,,,,,,,三级
Open Life Sciences,2025,2391-5412/2391-5412,否,否,是,SCIE,1.7,,生物学,4 [835/1091],否, BIOLOGY 生物学,4 [73/109],,,,,,,,,,,三级
PROTEIN JOURNAL,2025,1572-3887/1875-8355,否,否,否,SCIE,1.4,,生物学,4 [836/1091],否, BIOCHEMISTRY & MOLECULAR BIOLOGY 生化与分子生物学,4 [270/310],,,,,,,,,,,三级
JOURNAL OF BIOACTIVE AND COMPATIBLE POLYMERS,2025,0883-9115/1530-8030,否,否,否,SCIE,2.2,,生物学,4 [837/1091],否, BIOTECHNOLOGY & APPLIED MICROBIOLOGY 生物工程与应用微生物,4 [143/174]," MATERIALS SCIENCE, BIOMATERIALS 材料科学：生物材料",4 [44/52], POLYMER SCIENCE 高分子科学,4 [65/94],,,,,,,三级
NEMATROPICA,2025,0099-5444/2220-5608,否,否,否,SCIE,0.7,,生物学,4 [838/1091],否, ZOOLOGY 动物学,4 [135/179],,,,,,,,,,,三级
NOVON,2025,1055-3177/1945-6174,否,否,否,SCIE,0.6,,生物学,4 [839/1091],否, PLANT SCIENCES 植物科学,4 [196/265],,,,,,,,,,,三级
JOURNAL OF COMPUTATIONAL BIOLOGY,2025,1066-5277/1557-8666,否,否,否,SCIE,1.6,,生物学,4 [840/1091],否, BIOCHEMICAL RESEARCH METHODS 生化研究方法,4 [73/85], BIOTECHNOLOGY & APPLIED MICROBIOLOGY 生物工程与应用微生物,4 [144/174]," COMPUTER SCIENCE, INTERDISCIPLINARY APPLICATIONS 计算机：跨学科应用",4 [144/172], MATHEMATICAL & COMPUTATIONAL BIOLOGY 数学与计算生物学,4 [56/66], STATISTICS & PROBABILITY 统计学与概率论,4 [154/166],,,三级
SYDOWIA,2025,0082-0598,否,否,否,SCIE,1.2,,生物学,4 [841/1091],否, MYCOLOGY 真菌学,4 [30/32],,,,,,,,,,,三级
South American Journal of Herpetology,2025,1808-9798,否,否,否,SCIE,0.7,,生物学,4 [842/1091],否, ZOOLOGY 动物学,4 [136/179],,,,,,,,,,,三级
PROTEIN EXPRESSION AND PURIFICATION,2025,1046-5928/1096-0279,否,否,否,SCIE,1.2,,生物学,4 [843/1091],否, BIOCHEMICAL RESEARCH METHODS 生化研究方法,4 [74/85], BIOCHEMISTRY & MOLECULAR BIOLOGY 生化与分子生物学,4 [271/310], BIOTECHNOLOGY & APPLIED MICROBIOLOGY 生物工程与应用微生物,4 [145/174],,,,,,,三级
BIOCHEMISTRY-MOSCOW,2025,0006-2979/1608-3040,否,否,否,SCIE,2.2,,生物学,4 [844/1091],否, BIOCHEMISTRY & MOLECULAR BIOLOGY 生化与分子生物学,4 [272/310],,,,,,,,,,,三级
CURRENT GENETICS,2025,0172-8083/1432-0983,否,否,否,SCIE,1.6,,生物学,4 [845/1091],否, GENETICS & HEREDITY 遗传学,4 [163/190],,,,,,,,,,,三级
CRYOLETTERS,2025,0143-2044/1742-0644,否,否,否,SCIE,0.9,,生物学,4 [846/1091],否, BIOLOGY 生物学,4 [74/109], PHYSIOLOGY 生理学,4 [76/84],,,,,,,,,三级
TUEXENIA,2025,0722-494X/0722-494X,否,否,否,SCIE,0.6,,生物学,4 [847/1091],否, PLANT SCIENCES 植物科学,4 [198/265],,,,,,,,,,,三级
Tropical Life Sciences Research,2025,1985-3718/2180-4249,否,否,是,ESCI,0.9,,生物学,4 [848/1091],否, BIOLOGY 生物学,4 [75/109],,,,,,,,,,,三级
RUSSIAN JOURNAL OF HERPETOLOGY,2025,1026-2296/1026-2296,否,否,否,SCIE,0.9,,生物学,4 [849/1091],否, ZOOLOGY 动物学,4 [137/179],,,,,,,,,,,三级
ANIMAL BIOLOGY,2025,1570-7555/1570-7563,否,否,否,SCIE,0.9,,生物学,4 [850/1091],否, ZOOLOGY 动物学,4 [138/179],,,,,,,,,,,三级
Biophysics Reviews,2025,2688-4089/2688-4089,否,否,否,ESCI,3.4,,生物学,4 [851/1091],否, BIOPHYSICS 生物物理,4 [63/76],,,,,,,,,,,三级
Global Medical Genetics,2025,2699-9404/2699-9404,否,否,是,ESCI,1.5,,生物学,4 [852/1091],否, GENETICS & HEREDITY 遗传学,4 [165/190],,,,,,,,,,,三级
INDIAN JOURNAL OF BIOCHEMISTRY & BIOPHYSICS,2025,0301-1208/0975-0959,否,否,是,SCIE,,,生物学,4 [853/1091],否, BIOCHEMISTRY & MOLECULAR BIOLOGY 生化与分子生物学,4 [273/310], BIOPHYSICS 生物物理,4 [64/76],,,,,,,,,三级
ANALES DEL JARDIN BOTANICO DE MADRID,2025,0211-1322/1988-3196,否,否,是,SCIE,0.3,,生物学,4 [854/1091],否, PLANT SCIENCES 植物科学,4 [200/265],,,,,,,,,,,三级
NEW ZEALAND JOURNAL OF ZOOLOGY,2025,0301-4223/1175-8821,否,否,否,SCIE,1.1,,生物学,4 [855/1091],否, ZOOLOGY 动物学,4 [139/179],,,,,,,,,,,三级
BIRD STUDY,2025,0006-3657/1944-6705,否,否,否,SCIE,0.6,,生物学,4 [856/1091],否, ORNITHOLOGY 鸟类学,4 [18/29],,,,,,,,,,,三级
PLANT MOLECULAR BIOLOGY REPORTER,2025,0735-9640/1572-9818,否,否,否,SCIE,1.4,,生物学,4 [857/1091],否, BIOCHEMICAL RESEARCH METHODS 生化研究方法,4 [76/85], PLANT SCIENCES 植物科学,4 [201/265],,,,,,,,,三级
Biologia Futura,2025,2676-8615/2676-8607,否,否,否,SCIE,1.5,,生物学,4 [858/1091],否, BIOLOGY 生物学,4 [76/109],,,,,,,,,,,三级
Reports of Biochemistry and Molecular Biology,2025,2322-3480/2322-3480,否,否,是,ESCI,1.2,,生物学,4 [859/1091],否, BIOCHEMISTRY & MOLECULAR BIOLOGY 生化与分子生物学,4 [274/310],,,,,,,,,,,三级
JOURNAL OF PEPTIDE SCIENCE,2025,1075-2617/1099-1387,否,否,否,SCIE,1.8,,生物学,4 [860/1091],否, BIOCHEMISTRY & MOLECULAR BIOLOGY 生化与分子生物学,4 [275/310]," CHEMISTRY, ANALYTICAL 分析化学",4 [83/106],,,,,,,,,三级
CANADIAN JOURNAL OF MICROBIOLOGY,2025,0008-4166/1480-3275,否,否,否,SCIE,1.6,,生物学,4 [861/1091],否, BIOTECHNOLOGY & APPLIED MICROBIOLOGY 生物工程与应用微生物,4 [147/174], MICROBIOLOGY 微生物学,4 [141/159],,,,,,,,,三级
CURRENT HERPETOLOGY,2025,1345-5834/1881-1019,否,否,否,SCIE,0.7,,生物学,4 [862/1091],否, ZOOLOGY 动物学,4 [140/179],,,,,,,,,,,三级
Journal of Integrative Bioinformatics,2025,1613-4516/1613-4516,否,否,是,ESCI,1.8,,生物学,4 [863/1091],否, MATHEMATICAL & COMPUTATIONAL BIOLOGY 数学与计算生物学,4 [57/66],,,,,,,,,,,三级
Journal of Biological Research-Thessaloniki,2025,1790-045X/2241-5793,否,否,是,SCIE,0.6,,生物学,4 [864/1091],否, BIOLOGY 生物学,4 [77/109],,,,,,,,,,,三级
Middle East Fertility Society Journal,2025,1110-5690/2090-3251,否,否,是,ESCI,1.3,,生物学,4 [865/1091],否, REPRODUCTIVE BIOLOGY 生殖生物学,4 [36/39],,,,,,,,,,,三级
Bioelectricity,2025,2576-3105/2576-3113,否,否,否,ESCI,1.1,,生物学,4 [866/1091],否, BIOCHEMISTRY & MOLECULAR BIOLOGY 生化与分子生物学,4 [276/310], ELECTROCHEMISTRY 电化学,4 [30/49],,,,,,,,,三级
NOVA HEDWIGIA,2025,0029-5035/2363-7188,否,否,否,SCIE,1,,生物学,4 [867/1091],否, PLANT SCIENCES 植物科学,4 [203/265],,,,,,,,,,,三级
Egyptian Journal of Medical Human Genetics,2025,1110-8630/2090-2441,否,否,是,ESCI,1.1,,生物学,4 [868/1091],否, GENETICS & HEREDITY 遗传学,4 [166/190],,,,,,,,,,,三级
CELL STRUCTURE AND FUNCTION,2025,0386-7196/1347-3700,否,否,是,SCIE,2.2,,生物学,4 [869/1091],否, CELL BIOLOGY 细胞生物学,4 [191/203],,,,,,,,,,,三级
Molecular Biology Research Communications,2025,2322-181X/2345-2005,否,否,否,ESCI,1,,生物学,4 [870/1091],否, BIOCHEMISTRY & MOLECULAR BIOLOGY 生化与分子生物学,4 [277/310],,,,,,,,,,,三级
ANNALS OF HUMAN GENETICS,2025,0003-4800/1469-1809,否,否,否,SCIE,1.2,,生物学,4 [871/1091],否, GENETICS & HEREDITY 遗传学,4 [167/190],,,,,,,,,,,三级
Turczaninowia,2025,1560-7259/1560-7267,否,否,是,ESCI,0.5,,生物学,4 [872/1091],否, PLANT SCIENCES 植物科学,4 [204/265],,,,,,,,,,,三级
ACTA PROTOZOOLOGICA,2025,0065-1583/1689-0027,否,否,否,SCIE,1.2,,生物学,4 [873/1091],否, MICROBIOLOGY 微生物学,4 [142/159],,,,,,,,,,,三级
JOURNAL OF APPLIED BOTANY AND FOOD QUALITY,2025,1439-040X/1439-040X,否,否,是,SCIE,0.7,,生物学,4 [874/1091],否, PLANT SCIENCES 植物科学,4 [206/265],,,,,,,,,,,三级
North-Western Journal of Zoology,2025,1584-9074/1842-6441,否,否,否,SCIE,0.6,,生物学,4 [875/1091],否, ZOOLOGY 动物学,4 [141/179],,,,,,,,,,,三级
ARCHIV FUR MOLLUSKENKUNDE,2025,1869-0963/2367-0622,否,否,否,SCIE,0.6,,生物学,4 [876/1091],否, MARINE & FRESHWATER BIOLOGY 海洋与淡水生物学,4 [90/118],,,,,,,,,,,三级
INVERTEBRATE REPRODUCTION & DEVELOPMENT,2025,0792-4259/2157-0272,否,否,否,SCIE,0.8,,生物学,4 [877/1091],否, REPRODUCTIVE BIOLOGY 生殖生物学,4 [37/39], ZOOLOGY 动物学,4 [142/179],,,,,,,,,三级
ACTA CHIROPTEROLOGICA,2025,1508-1109/1733-5329,否,否,否,SCIE,0.7,,生物学,4 [878/1091],否, ZOOLOGY 动物学,4 [144/179],,,,,,,,,,,三级
Integrative Biology,2025,1757-9694/1757-9708,否,否,否,SCIE,1.4,,生物学,4 [879/1091],否, CELL BIOLOGY 细胞生物学,4 [192/203],,,,,,,,,,,三级
NUCLEUS-INDIA,2025,0029-568X/0976-7975,否,否,否,ESCI,2.6,,生物学,4 [880/1091],否, CELL BIOLOGY 细胞生物学,4 [193/203],,,,,,,,,,,三级
GENE EXPRESSION PATTERNS,2025,1567-133X/1872-7298,否,否,否,SCIE,1.1,,生物学,4 [881/1091],否, DEVELOPMENTAL BIOLOGY 发育生物学,4 [36/39], GENETICS & HEREDITY 遗传学,4 [170/190],,,,,,,,,三级
ACTA ORNITHOLOGICA,2025,0001-6454/1734-8471,否,否,否,SCIE,1.3,,生物学,4 [882/1091],否, ORNITHOLOGY 鸟类学,4 [19/29],,,,,,,,,,,三级
Current Molecular Pharmacology,2025,1874-4672/1874-4702,否,否,否,SCIE,2.9,,生物学,4 [883/1091],否, BIOCHEMISTRY & MOLECULAR BIOLOGY 生化与分子生物学,4 [280/310], PHARMACOLOGY & PHARMACY 药学,4 [290/350],,,,,,,,,三级
PACIFIC SCIENCE,2025,0030-8870/1534-6188,否,否,否,SCIE,0.4,,生物学,4 [884/1091],否, MARINE & FRESHWATER BIOLOGY 海洋与淡水生物学,4 [91/118], ZOOLOGY 动物学,4 [145/179],,,,,,,,,三级
Acta Crystallographica Section F-Structural Biology Communications,2025,2053-230X/2053-230X,否,否,否,SCIE,1.1,,生物学,4 [885/1091],否, BIOCHEMICAL RESEARCH METHODS 生化研究方法,4 [78/85], BIOCHEMISTRY & MOLECULAR BIOLOGY 生化与分子生物学,4 [281/310], BIOPHYSICS 生物物理,4 [65/76], CRYSTALLOGRAPHY 晶体学,4 [21/32],,,,,三级
INDIAN JOURNAL OF MICROBIOLOGY,2025,0046-8991/0973-7715,否,否,否,SCIE,1.6,,生物学,4 [886/1091],否, BIOTECHNOLOGY & APPLIED MICROBIOLOGY 生物工程与应用微生物,4 [149/174], MICROBIOLOGY 微生物学,4 [143/159],,,,,,,,,三级
ACTA SOCIETATIS BOTANICORUM POLONIAE,2025,0001-6977/2083-9480,否,否,是,SCIE,0.8,,生物学,4 [887/1091],否, PLANT SCIENCES 植物科学,4 [207/265],,,,,,,,,,,三级
BIOTECHNOLOGY & BIOTECHNOLOGICAL EQUIPMENT,2025,1310-2818/1314-3530,否,否,是,SCIE,1.4,,生物学,4 [888/1091],否, BIOTECHNOLOGY & APPLIED MICROBIOLOGY 生物工程与应用微生物,4 [150/174],,,,,,,,,,,三级
Hacquetia,2025,1581-4661/1854-9829,否,否,是,ESCI,0.7,,生物学,4 [889/1091],否, ECOLOGY 生态学,4 [161/196], PLANT SCIENCES 植物科学,4 [208/265],,,,,,,,,三级
MAMMAL STUDY,2025,1343-4152/1348-6160,否,否,否,SCIE,0.8,,生物学,4 [890/1091],否, ZOOLOGY 动物学,4 [146/179],,,,,,,,,,,三级
Ornithology Research,2025,2662-673X/2662-673X,否,否,否,SCIE,0.8,,生物学,4 [891/1091],否, ORNITHOLOGY 鸟类学,4 [20/29],,,,,,,,,,,三级
BOTHALIA,2025,0006-8241/2311-9284,否,否,是,SCIE,0.5,,生物学,4 [892/1091],否, PLANT SCIENCES 植物科学,4 [209/265],,,,,,,,,,,三级
Inland Water Biology,2025,1995-0829/1995-0837,否,否,否,SCIE,0.7,,生物学,4 [893/1091],否, MARINE & FRESHWATER BIOLOGY 海洋与淡水生物学,4 [92/118],,,,,,,,,,,三级
Current Genetic Medicine Reports,2025,2167-4876/2167-4876,否,否,否,ESCI,1.3,,生物学,4 [894/1091],否, GENETICS & HEREDITY 遗传学,4 [171/190],,,,,,,,,,,三级
BIOSCIENCE BIOTECHNOLOGY AND BIOCHEMISTRY,2025,0916-8451/1347-6947,否,否,否,SCIE,1.3,,生物学,4 [895/1091],否, BIOCHEMISTRY & MOLECULAR BIOLOGY 生化与分子生物学,4 [282/310], BIOTECHNOLOGY & APPLIED MICROBIOLOGY 生物工程与应用微生物,4 [152/174]," CHEMISTRY, APPLIED 应用化学",4 [54/74], FOOD SCIENCE & TECHNOLOGY 食品科技,4 [132/173],,,,,三级
HERZOGIA,2025,0018-0971,否,否,否,SCIE,1,,生物学,4 [896/1091],否, PLANT SCIENCES 植物科学,4 [210/265],,,,,,,,,,,三级
DEVELOPMENT GENES AND EVOLUTION,2025,0949-944X/1432-041X,否,否,否,SCIE,0.9,,生物学,4 [897/1091],否, CELL BIOLOGY 细胞生物学,4 [194/203], DEVELOPMENTAL BIOLOGY 发育生物学,4 [37/39], EVOLUTIONARY BIOLOGY 进化生物学,4 [49/52],,,,,,,三级
GENES TO CELLS,2025,1356-9597/1365-2443,否,否,否,SCIE,1.3,,生物学,4 [898/1091],否, CELL BIOLOGY 细胞生物学,4 [195/203], GENETICS & HEREDITY 遗传学,4 [172/190],,,,,,,,,三级
Iranian Journal of Microbiology,2025,2008-3289/2008-4447,否,否,是,ESCI,1.7,,生物学,4 [899/1091],否, MICROBIOLOGY 微生物学,4 [144/159],,,,,,,,,,,三级
INDIAN JOURNAL OF GENETICS AND PLANT BREEDING,2025,0019-5200/0975-6906,否,否,否,SCIE,0.8,,生物学,4 [900/1091],否, PLANT SCIENCES 植物科学,4 [212/265],,,,,,,,,,,三级
TROPICAL ZOOLOGY,2025,0394-6975/1970-9528,否,否,否,SCIE,0.4,,生物学,4 [901/1091],否, ZOOLOGY 动物学,4 [147/179],,,,,,,,,,,三级
GENERAL PHYSIOLOGY AND BIOPHYSICS,2025,0231-5882/1338-4325,否,否,否,SCIE,1.3,,生物学,4 [902/1091],否, BIOCHEMISTRY & MOLECULAR BIOLOGY 生化与分子生物学,4 [283/310], BIOPHYSICS 生物物理,4 [67/76], PHYSIOLOGY 生理学,4 [77/84],,,,,,,三级
Journal of Zoo and Aquarium Research,2025,2214-7594/2214-7594,否,否,否,ESCI,0.9,,生物学,4 [903/1091],否, ZOOLOGY 动物学,4 [148/179],,,,,,,,,,,三级
SCIENTIA MARINA,2025,0214-8358/1886-8134,否,否,是,SCIE,0.9,,生物学,4 [904/1091],否, MARINE & FRESHWATER BIOLOGY 海洋与淡水生物学,4 [93/118],,,,,,,,,,,三级
ACTA BIOCHIMICA POLONICA,2025,0001-527X/1734-154X,否,否,否,SCIE,1.7,,生物学,4 [905/1091],否, BIOCHEMISTRY & MOLECULAR BIOLOGY 生化与分子生物学,4 [284/310],,,,,,,,,,,三级
Medizinische Genetik,2025,0936-5931/1863-5490,否,否,否,SCIE,1.4,,生物学,4 [906/1091],否, GENETICS & HEREDITY 遗传学,4 [174/190],,,,,,,,,,,三级
Zoologia,2025,1984-4689/1984-4689,否,否,是,SCIE,1.8,,生物学,4 [907/1091],否, ZOOLOGY 动物学,4 [149/179],,,,,,,,,,,三级
Journal of Basic and Applied Zoology,2025,2090-9896/2090-990X,否,否,是,ESCI,1.1,,生物学,4 [908/1091],否, BIOLOGY 生物学,4 [79/109],,,,,,,,,,,三级
Evolutionary Bioinformatics,2025,1176-9343/1176-9343,否,否,是,SCIE,1.5,,生物学,4 [909/1091],否, EVOLUTIONARY BIOLOGY 进化生物学,4 [50/52], MATHEMATICAL & COMPUTATIONAL BIOLOGY 数学与计算生物学,4 [60/66],,,,,,,,,三级
Journal of Wildlife and Biodiversity,2025,2588-3526/2588-3526,否,否,是,ESCI,0.5,,生物学,4 [910/1091],否, BIODIVERSITY CONSERVATION 生物多样性保护,4 [63/75], ECOLOGY 生态学,4 [163/196],,,,,,,,,三级
CYTOLOGIA,2025,0011-4545/0011-4545,否,否,否,SCIE,0.4,,生物学,4 [911/1091],否, CELL BIOLOGY 细胞生物学,4 [196/203], GENETICS & HEREDITY 遗传学,4 [175/190],,,,,,,,,三级
Plant Physiology Reports,2025,2662-253X/2662-2548,否,否,否,ESCI,1.6,,生物学,4 [912/1091],否, PLANT SCIENCES 植物科学,4 [213/265],,,,,,,,,,,三级
SPIXIANA,2025,0341-8391,否,否,否,SCIE,0.3,,生物学,4 [913/1091],否, ZOOLOGY 动物学,4 [151/179],,,,,,,,,,,三级
AFRICAN ZOOLOGY,2025,1562-7020/2224-073X,否,否,否,SCIE,0.5,,生物学,4 [914/1091],否, ZOOLOGY 动物学,4 [152/179],,,,,,,,,,,三级
PHYLLOMEDUSA,2025,1519-1397/2316-9079,否,否,是,SCIE,0.6,,生物学,4 [915/1091],否, ZOOLOGY 动物学,4 [154/179],,,,,,,,,,,三级
HUMAN HEREDITY,2025,0001-5652/1423-0062,否,否,否,SCIE,1.5,,生物学,4 [916/1091],否, GENETICS & HEREDITY 遗传学,4 [176/190],,,,,,,,,,,三级
TELOPEA,2025,0312-9764/2200-4025,否,否,否,SCIE,0.6,,生物学,4 [917/1091],否, PLANT SCIENCES 植物科学,4 [216/265],,,,,,,,,,,三级
Genetic Testing and Molecular Biomarkers,2025,1945-0265/1945-0257,否,否,否,SCIE,1,,生物学,4 [918/1091],否, GENETICS & HEREDITY 遗传学,4 [178/190],,,,,,,,,,,三级
Notulae Botanicae Horti Agrobotanici Cluj-Napoca,2025,0255-965X/1842-4309,否,否,是,SCIE,1.3,,生物学,4 [919/1091],否, PLANT SCIENCES 植物科学,4 [217/265],,,,,,,,,,,三级
Acta Naturae,2025,2075-8251/2075-8251,否,否,否,SCIE,2,,生物学,4 [920/1091],否, CELL BIOLOGY 细胞生物学,4 [197/203],,,,,,,,,,,三级
Annali di Botanica,2025,0365-0812/2239-3129,否,否,是,SCIE,0.6,,生物学,4 [921/1091],否, ENVIRONMENTAL SCIENCES 环境科学,4 [303/357], PLANT SCIENCES 植物科学,4 [218/265],,,,,,,,,三级
American Journal of Stem Cells,2025,2160-4150/2160-4150,否,否,否,ESCI,1.9,,生物学,4 [922/1091],否, CELL BIOLOGY 细胞生物学,4 [198/203],,,,,,,,,,,三级
Iranian Journal of Biotechnology,2025,1728-3043/1728-3043,否,否,否,SCIE,1.5,,生物学,4 [923/1091],否, BIOTECHNOLOGY & APPLIED MICROBIOLOGY 生物工程与应用微生物,4 [157/174],,,,,,,,,,,三级
NUCLEOSIDES NUCLEOTIDES & NUCLEIC ACIDS,2025,1525-7770/1532-2335,否,否,否,SCIE,1.3,,生物学,4 [924/1091],否, BIOCHEMISTRY & MOLECULAR BIOLOGY 生化与分子生物学,4 [285/310],,,,,,,,,,,三级
Plant Biotechnology,2025,1342-4580,否,否,否,SCIE,1.1,,生物学,4 [925/1091],否, BIOTECHNOLOGY & APPLIED MICROBIOLOGY 生物工程与应用微生物,4 [158/174], PLANT SCIENCES 植物科学,4 [219/265],,,,,,,,,三级
BIOLOGICAL RHYTHM RESEARCH,2025,0929-1016/1744-4179,否,否,否,SCIE,0.9,,生物学,4 [926/1091],否, BIOLOGY 生物学,4 [80/109], PHYSIOLOGY 生理学,4 [79/84],,,,,,,,,三级
Hormone Molecular Biology and Clinical Investigation,2025,1868-1883/1868-1891,否,否,否,ESCI,1.3,,生物学,4 [927/1091],否, BIOCHEMISTRY & MOLECULAR BIOLOGY 生化与分子生物学,4 [286/310],,,,,,,,,,,三级
CAHIERS DE BIOLOGIE MARINE,2025,0007-9723/2262-3094,否,否,否,SCIE,0.4,,生物学,4 [928/1091],否, MARINE & FRESHWATER BIOLOGY 海洋与淡水生物学,4 [96/118],,,,,,,,,,,三级
Neotropical Biology and Conservation,2025,2236-3777/2236-3777,否,否,是,ESCI,0.8,,生物学,4 [929/1091],否, BIODIVERSITY CONSERVATION 生物多样性保护,4 [64/75], ECOLOGY 生态学,4 [167/196], ZOOLOGY 动物学,4 [157/179],,,,,,,三级
ICHTHYOLOGICAL RESEARCH,2025,1341-8998/1616-3915,否,否,否,SCIE,1,,生物学,4 [930/1091],否, FISHERIES 渔业,4 [48/61], MARINE & FRESHWATER BIOLOGY 海洋与淡水生物学,4 [97/118], ZOOLOGY 动物学,4 [158/179],,,,,,,三级
JOURNAL OF PLANT BIOCHEMISTRY AND BIOTECHNOLOGY,2025,0971-7811/0974-1275,否,否,否,SCIE,1.5,,生物学,4 [931/1091],否, BIOCHEMISTRY & MOLECULAR BIOLOGY 生化与分子生物学,4 [287/310], PLANT SCIENCES 植物科学,4 [222/265],,,,,,,,,三级
INTERNATIONAL JOURNAL OF MEDICINAL MUSHROOMS,2025,1521-9437/1940-4344,否,否,否,SCIE,1.4,,生物学,4 [932/1091],否, MYCOLOGY 真菌学,4 [31/32], PHARMACOLOGY & PHARMACY 药学,4 [300/350],,,,,,,,,三级
Annual Plant Reviews Online,2025,2639-3832/2639-3832,否,否,否,ESCI,0.8,,生物学,4 [933/1091],否, PLANT SCIENCES 植物科学,4 [223/265],,,,,,,,,,,三级
REVISTA DE BIOLOGIA TROPICAL,2025,0034-7744/2215-2075,否,否,否,SCIE,0.6,,生物学,4 [934/1091],否, BIOLOGY 生物学,4 [82/109],,,,,,,,,,,三级
Boletin de la Sociedad Argentina de Botanica,2025,1851-2372/1851-2372,否,否,是,SCIE,0.7,,生物学,4 [935/1091],否, PLANT SCIENCES 植物科学,4 [225/265],,,,,,,,,,,三级
Indian Journal of Clinical Biochemistry,2025,0970-1915/0974-0422,否,否,否,ESCI,1.6,,生物学,4 [936/1091],否, BIOCHEMISTRY & MOLECULAR BIOLOGY 生化与分子生物学,4 [288/310],,,,,,,,,,,三级
Indian Journal of Traditional Knowledge,2025,0972-5938/0975-1068,否,否,是,SCIE,0.7,,生物学,4 [937/1091],否, PLANT SCIENCES 植物科学,4 [227/265],,,,,,,,,,,三级
INTERNATIONAL JOURNAL OF DEVELOPMENTAL BIOLOGY,2025,0214-6282/1696-3547,否,否,否,SCIE,1.3,,生物学,4 [938/1091],否, DEVELOPMENTAL BIOLOGY 发育生物学,4 [38/39],,,,,,,,,,,三级
WATERBIRDS,2025,1524-4695/1938-5390,否,否,否,SCIE,0.6,,生物学,4 [939/1091],否, ORNITHOLOGY 鸟类学,4 [22/29],,,,,,,,,,,三级
Current Bioinformatics,2025,1574-8936/2212-392X,否,否,否,SCIE,2.9,,生物学,4 [940/1091],否, BIOCHEMICAL RESEARCH METHODS 生化研究方法,4 [81/85], MATHEMATICAL & COMPUTATIONAL BIOLOGY 数学与计算生物学,4 [62/66],,,,,,,,,三级
Journal of Bioinformatics and Computational Biology,2025,0219-7200/1757-6334,否,否,否,SCIE,0.7,,生物学,4 [941/1091],否, MATHEMATICAL & COMPUTATIONAL BIOLOGY 数学与计算生物学,4 [63/66],,,,,,,,,,,三级
FOLIA BIOLOGICA-KRAKOW,2025,0015-5497/1734-9168,否,否,否,SCIE,0.8,,生物学,4 [942/1091],否, BIOLOGY 生物学,4 [83/109],,,,,,,,,,,三级
Journal of Ichthyology,2025,0032-9452/1555-6425,否,否,否,SCIE,0.8,,生物学,4 [943/1091],否, FISHERIES 渔业,4 [49/61], ZOOLOGY 动物学,4 [160/179],,,,,,,,,三级
Acta Botanica Mexicana,2025,2448-7589/2448-7589,否,否,否,SCIE,0.8,,生物学,4 [944/1091],否, PLANT SCIENCES 植物科学,4 [228/265],,,,,,,,,,,三级
ACTA ZOOLOGICA BULGARICA,2025,0324-0770,否,否,否,SCIE,0.5,,生物学,4 [945/1091],否, ZOOLOGY 动物学,4 [161/179],,,,,,,,,,,三级
ORNITHOLOGICAL SCIENCE,2025,1347-0558/1347-0558,否,否,否,SCIE,0.3,,生物学,4 [946/1091],否, ORNITHOLOGY 鸟类学,4 [23/29],,,,,,,,,,,三级
California Fish and Wildlife Journal,2025,2689-419X/2689-4203,否,否,否,SCIE,0.4,,生物学,4 [947/1091],否, FISHERIES 渔业,4 [50/61], ZOOLOGY 动物学,4 [162/179],,,,,,,,,三级
PHYTON-INTERNATIONAL JOURNAL OF EXPERIMENTAL BOTANY,2025,0031-9457/1851-5657,否,否,否,SCIE,1.2,,生物学,4 [948/1091],否, PLANT SCIENCES 植物科学,4 [230/265],,,,,,,,,,,三级
CRUSTACEANA,2025,0011-216X/1568-5403,否,否,否,SCIE,0.7,,生物学,4 [949/1091],否, MARINE & FRESHWATER BIOLOGY 海洋与淡水生物学,4 [99/118],,,,,,,,,,,三级
MALACOLOGIA,2025,0076-2997/2168-9075,否,否,否,SCIE,1,,生物学,4 [950/1091],否, ZOOLOGY 动物学,4 [163/179],,,,,,,,,,,三级
Peptide Science,2025,2475-8817/2475-8817,否,否,否,SCIE,1.7,,生物学,4 [951/1091],否, BIOCHEMISTRY & MOLECULAR BIOLOGY 生化与分子生物学,4 [289/310], BIOPHYSICS 生物物理,4 [70/76],,,,,,,,,三级
JOURNAL OF CONCHOLOGY,2025,0022-0019,否,否,否,SCIE,0.6,,生物学,4 [952/1091],否, MARINE & FRESHWATER BIOLOGY 海洋与淡水生物学,4 [101/118], ZOOLOGY 动物学,4 [164/179],,,,,,,,,三级
IHERINGIA SERIE ZOOLOGIA,2025,0073-4721/1678-4766,否,否,是,SCIE,0.7,,生物学,4 [953/1091],否, ZOOLOGY 动物学,4 [165/179],,,,,,,,,,,三级
Advancements in Life Sciences,2025,2310-5380/2310-5380,否,否,是,ESCIOnHold,0.8,,生物学,4 [954/1091],否, BIOLOGY 生物学,4 [84/109],,,,,,,,,,,三级
STAR Protocols,2025,2666-1667/2666-1667,否,否,是,ESCI,1.3,,生物学,4 [955/1091],否, BIOCHEMICAL RESEARCH METHODS 生化研究方法,4 [83/85],,,,,,,,,,,三级
AUSTRALIAN JOURNAL OF BOTANY,2025,0067-1924/1444-9862,否,否,否,SCIE,0.9,,生物学,4 [956/1091],否, PLANT SCIENCES 植物科学,4 [231/265],,,,,,,,,,,三级
Forensic Science International Genetics Supplement Series,2025,1875-1768/1875-175X,否,否,否,ESCI,,,生物学,4 [957/1091],否, GENETICS & HEREDITY 遗传学,4 [179/190],,,,,,,,,,,三级
Plankton & Benthos Research,2025,1880-8247/1882-627X,否,否,否,SCIE,0.9,,生物学,4 [958/1091],否, MARINE & FRESHWATER BIOLOGY 海洋与淡水生物学,4 [102/118], OCEANOGRAPHY 海洋学,4 [58/66],,,,,,,,,三级
PAKISTAN JOURNAL OF BOTANY,2025,0556-3321/2070-3368,否,否,否,SCIE,0.9,,生物学,4 [959/1091],否, PLANT SCIENCES 植物科学,4 [232/265],,,,,,,,,,,三级
REVISTA PERUANA DE BIOLOGIA,2025,1561-0837/1727-9933,否,否,是,ESCI,0.3,,生物学,4 [960/1091],否, BIOLOGY 生物学,4 [85/109],,,,,,,,,,,三级
GENES & GENETIC SYSTEMS,2025,1341-7568/1880-5779,否,否,否,SCIE,1.2,,生物学,4 [961/1091],否, BIOCHEMISTRY & MOLECULAR BIOLOGY 生化与分子生物学,4 [290/310], GENETICS & HEREDITY 遗传学,4 [180/190],,,,,,,,,三级
MICROBIOLOGY,2025,0026-2617/1608-3237,否,否,否,SCIE,1.3,,生物学,4 [962/1091],否, MICROBIOLOGY 微生物学,4 [146/159],,,,,,,,,,,三级
Acta Phytotaxonomica et Geobotanica,2025,1346-7565/2189-7042,否,否,否,SCIE,0.4,,生物学,4 [963/1091],否, PLANT SCIENCES 植物科学,4 [233/265],,,,,,,,,,,三级
Australasian Plant Disease Notes,2025,1833-928X/1833-928X,否,否,否,ESCI,0.7,,生物学,4 [964/1091],否, PLANT SCIENCES 植物科学,4 [234/265],,,,,,,,,,,三级
Journal of Microorganism Control,2025,2758-6383/2758-6383,否,否,否,SCIE,0.4,,生物学,4 [965/1091],否, BIOTECHNOLOGY & APPLIED MICROBIOLOGY 生物工程与应用微生物,4 [159/174],,,,,,,,,,,三级
Biophysics and Physicobiology,2025,2189-4779/2189-4779,否,否,是,ESCI,1.6,,生物学,4 [966/1091],否, BIOPHYSICS 生物物理,4 [71/76],,,,,,,,,,,三级
CALDASIA,2025,0366-5232/2357-3759,否,否,是,SCIE,0.3,,生物学,4 [967/1091],否, PLANT SCIENCES 植物科学,4 [235/265], ZOOLOGY 动物学,4 [167/179],,,,,,,,,三级
REVMAR-Revista Ciencias Marinas y Costeras,2025,1659-407X/1659-407X,否,否,是,ESCI,0.5,,生物学,4 [968/1091],否, MARINE & FRESHWATER BIOLOGY 海洋与淡水生物学,4 [104/118],,,,,,,,,,,三级
WILDFOWL,2025,0954-6324/2052-6458,否,否,是,SCIE,0.5,,生物学,4 [969/1091],否, ORNITHOLOGY 鸟类学,4 [24/29],,,,,,,,,,,三级
ORNIS HUNGARICA,2025,1215-1610/2061-9588,否,否,是,ESCI,0.6,,生物学,4 [970/1091],否, ORNITHOLOGY 鸟类学,4 [25/29],,,,,,,,,,,三级
PHYTOCOENOLOGIA,2025,0340-269X/2363-7153,否,否,否,SCIE,0.9,,生物学,4 [971/1091],否, ECOLOGY 生态学,4 [175/196], PLANT SCIENCES 植物科学,4 [236/265],,,,,,,,,三级
HASELTONIA,2025,1070-0048/1938-2898,否,否,否,SCIE,0.4,,生物学,4 [972/1091],否, PLANT SCIENCES 植物科学,4 [237/265],,,,,,,,,,,三级
ARCHIVES OF PHYTOPATHOLOGY AND PLANT PROTECTION,2025,0323-5408/1477-2906,否,否,否,ESCI,1,,生物学,4 [973/1091],否, PLANT SCIENCES 植物科学,4 [238/265],,,,,,,,,,,三级
RUSSIAN JOURNAL OF PLANT PHYSIOLOGY,2025,1021-4437/1608-3407,否,否,否,SCIE,1.1,,生物学,4 [974/1091],否, PLANT SCIENCES 植物科学,4 [239/265],,,,,,,,,,,三级
ACTA BIOLOGICA CRACOVIENSIA SERIES BOTANICA,2025,0001-5296/1898-0295,否,否,否,SCIE,0.4,,生物学,4 [975/1091],否, PLANT SCIENCES 植物科学,4 [240/265],,,,,,,,,,,三级
RUSSIAN JOURNAL OF THERIOLOGY,2025,1682-3559,否,否,否,SCIE,0.6,,生物学,4 [976/1091],否, ZOOLOGY 动物学,4 [168/179],,,,,,,,,,,三级
CURRENT GENOMICS,2025,1389-2029/1875-5488,否,否,否,SCIE,1.4,,生物学,4 [977/1091],否, BIOCHEMISTRY & MOLECULAR BIOLOGY 生化与分子生物学,4 [292/310], GENETICS & HEREDITY 遗传学,4 [181/190],,,,,,,,,三级
JOURNAL OF HISTOTECHNOLOGY,2025,0147-8885/2046-0236,否,否,否,SCIE,1.8,,生物学,4 [978/1091],否, CELL BIOLOGY 细胞生物学,4 [199/203],,,,,,,,,,,三级
CHEMICAL AND BIOCHEMICAL ENGINEERING QUARTERLY,2025,0352-9568/1846-5153,否,否,是,SCIE,0.9,,生物学,4 [979/1091],否, BIOTECHNOLOGY & APPLIED MICROBIOLOGY 生物工程与应用微生物,4 [160/174]," ENGINEERING, CHEMICAL 工程：化工",4 [123/169],,,,,,,,,三级
JOURNAL OF THE TORREY BOTANICAL SOCIETY,2025,1095-5674/1940-0616,否,否,否,SCIE,0.8,,生物学,4 [980/1091],否, PLANT SCIENCES 植物科学,4 [241/265],,,,,,,,,,,三级
Gene Reports,2025,2452-0144/2452-0144,否,否,否,ESCI,0.9,,生物学,4 [981/1091],否, GENETICS & HEREDITY 遗传学,4 [182/190],,,,,,,,,,,三级
JOURNAL OF AQUATIC PLANT MANAGEMENT,2025,0146-6623/0146-6623,否,否,否,SCIE,0.9,,生物学,4 [982/1091],否, MARINE & FRESHWATER BIOLOGY 海洋与淡水生物学,4 [105/118], PLANT SCIENCES 植物科学,4 [242/265],,,,,,,,,三级
CYBIUM,2025,0399-0974/2101-0315,否,否,否,SCIE,0.5,,生物学,4 [983/1091],否, ZOOLOGY 动物学,4 [169/179],,,,,,,,,,,三级
Wilson Journal of Ornithology,2025,1559-4491/1938-5447,否,否,否,SCIE,0.5,,生物学,4 [984/1091],否, ORNITHOLOGY 鸟类学,4 [26/29],,,,,,,,,,,三级
Reviews and Research in Medical Microbiology,2025,2770-3150/2770-3169,否,否,否,ESCI,0.7,,生物学,4 [985/1091],否, MICROBIOLOGY 微生物学,4 [147/159],,,,,,,,,,,三级
International Journal of Womens Health and Reproduction Sciences,2025,2330-4456/2330-4456,否,否,否,ESCI,0.6,,生物学,4 [986/1091],否, REPRODUCTIVE BIOLOGY 生殖生物学,4 [38/39],,,,,,,,,,,三级
MOLECULAR BIOLOGY,2025,0026-8933/1608-3245,否,否,否,SCIE,1.2,,生物学,4 [987/1091],否, BIOCHEMISTRY & MOLECULAR BIOLOGY 生化与分子生物学,4 [295/310],,,,,,,,,,,三级
Asian Pacific Journal of Reproduction,2025,2305-0500/2305-0519,否,否,是,ESCI,0.6,,生物学,4 [988/1091],否, REPRODUCTIVE BIOLOGY 生殖生物学,4 [39/39],,,,,,,,,,,三级
BIOCATALYSIS AND BIOTRANSFORMATION,2025,1024-2422/1029-2446,否,否,否,SCIE,1.9,,生物学,4 [989/1091],否, BIOCHEMISTRY & MOLECULAR BIOLOGY 生化与分子生物学,4 [296/310], BIOTECHNOLOGY & APPLIED MICROBIOLOGY 生物工程与应用微生物,4 [162/174],,,,,,,,,三级
Bangladesh Journal of Plant Taxonomy,2025,1028-2092/2224-7297,否,否,是,SCIE,0.8,,生物学,4 [990/1091],否, PLANT SCIENCES 植物科学,4 [245/265],,,,,,,,,,,三级
NACC-Nova Acta Cientifica Compostelana Bioloxia,2025,1130-9717/2340-0021,否,否,否,ESCI,0.5,,生物学,4 [991/1091],否, BIOLOGY 生物学,4 [86/109],,,,,,,,,,,三级
Biomolecular NMR Assignments,2025,1874-2718/1874-270X,否,否,否,SCIE,0.6,,生物学,4 [992/1091],否, BIOPHYSICS 生物物理,4 [73/76], SPECTROSCOPY 光谱学,4 [36/43],,,,,,,,,三级
AQUATIC MAMMALS,2025,0167-5427,否,否,否,SCIE,0.9,,生物学,4 [993/1091],否, MARINE & FRESHWATER BIOLOGY 海洋与淡水生物学,4 [107/118], ZOOLOGY 动物学,4 [170/179],,,,,,,,,三级
Turkish Journal of Biochemistry-Turk Biyokimya Dergisi,2025,0250-4685/1303-829X,否,否,是,SCIE,0.7,,生物学,4 [994/1091],否, BIOCHEMISTRY & MOLECULAR BIOLOGY 生化与分子生物学,4 [297/310],,,,,,,,,,,三级
RUSSIAN JOURNAL OF GENETICS,2025,1022-7954/1608-3369,否,否,否,SCIE,0.5,,生物学,4 [995/1091],否, GENETICS & HEREDITY 遗传学,4 [183/190],,,,,,,,,,,三级
Human Gene,2025,2773-0441/2773-0441,否,否,否,ESCI,0.7,,生物学,4 [996/1091],否, GENETICS & HEREDITY 遗传学,4 [184/190],,,,,,,,,,,三级
BRAZILIAN ARCHIVES OF BIOLOGY AND TECHNOLOGY,2025,1516-8913/1678-4324,否,否,是,SCIE,1.1,,生物学,4 [997/1091],否, BIOLOGY 生物学,4 [87/109],,,,,,,,,,,三级
AMERICAN MALACOLOGICAL BULLETIN,2025,0740-2783/2162-2698,否,否,否,SCIE,,,生物学,4 [998/1091],否, MARINE & FRESHWATER BIOLOGY 海洋与淡水生物学,4 [108/118], ZOOLOGY 动物学,4 [171/179],,,,,,,,,三级
Journal of Applied Glycoscience,2025,1344-7882/1880-7291,否,否,否,ESCI,1.4,,生物学,4 [999/1091],否, BIOCHEMISTRY & MOLECULAR BIOLOGY 生化与分子生物学,4 [298/310],,,,,,,,,,,三级
BIOCELL,2025,0327-9545/1667-5746,否,否,否,SCIE,1,,生物学,4 [1000/1091],否, BIOLOGY 生物学,4 [88/109],,,,,,,,,,,三级
Doklady Biochemistry and Biophysics,2025,1607-6729/1608-3091,否,否,否,SCIE,0.7,,生物学,4 [1001/1091],否, BIOCHEMISTRY & MOLECULAR BIOLOGY 生化与分子生物学,4 [299/310], BIOPHYSICS 生物物理,4 [74/76],,,,,,,,,三级
Bulletin de la Societe Linneenne de Lyon,2025,2554-5280,否,否,否,SCIE,0.1,,生物学,4 [1002/1091],否, BIOLOGY 生物学,4 [89/109],,,,,,,,,,,三级
PROTEIN AND PEPTIDE LETTERS,2025,0929-8665/1875-5305,否,否,否,SCIE,1.1,,生物学,4 [1003/1091],否, BIOCHEMISTRY & MOLECULAR BIOLOGY 生化与分子生物学,4 [300/310],,,,,,,,,,,三级
Bio-protocol,2025,2331-8325/2331-8325,否,否,是,ESCI,1.1,,生物学,4 [1004/1091],否, BIOLOGY 生物学,4 [90/109],,,,,,,,,,,三级
Legume Research,2025,0250-5371,否,否,否,SCIE,0.8,,生物学,4 [1005/1091],否, AGRONOMY 农艺学,4 [96/127],,,,,,,,,,,三级
ZOOLOGICHESKY ZHURNAL,2025,0044-5134,否,否,否,SCIE,0.3,,生物学,4 [1006/1091],否, ZOOLOGY 动物学,4 [172/179],,,,,,,,,,,三级
GAYANA BOTANICA,2025,0016-5301/0717-6643,否,否,否,SCIE,0.5,,生物学,4 [1007/1091],否, PLANT SCIENCES 植物科学,4 [246/265],,,,,,,,,,,三级
Aquatic Sciences and Engineering,2025,2602-473X/2602-473X,否,否,是,ESCI,1.1,,生物学,4 [1008/1091],否, MARINE & FRESHWATER BIOLOGY 海洋与淡水生物学,4 [109/118],,,,,,,,,,,三级
TURKISH JOURNAL OF BIOLOGY,2025,1300-0152/1303-6092,否,否,否,SCIE,0.9,,生物学,4 [1009/1091],否, BIOLOGY 生物学,4 [91/109],,,,,,,,,,,三级
CIENCIAS MARINAS,2025,0185-3880,否,否,是,SCIE,0.7,,生物学,4 [1010/1091],否, MARINE & FRESHWATER BIOLOGY 海洋与淡水生物学,4 [110/118],,,,,,,,,,,三级
INDIAN JOURNAL OF EXPERIMENTAL BIOLOGY,2025,0019-5189/0975-1009,否,否,否,SCIE,0.5,,生物学,4 [1011/1091],否, BIOLOGY 生物学,4 [92/109],,,,,,,,,,,三级
BIOLOGY BULLETIN,2025,1062-3590/1608-3059,否,否,否,SCIE,0.5,,生物学,4 [1012/1091],否, BIOLOGY 生物学,4 [93/109],,,,,,,,,,,三级
ACTA BIOLOGICA COLOMBIANA,2025,0120-548X/1900-1649,否,否,是,SCIE,0.4,,生物学,4 [1013/1091],否, PLANT SCIENCES 植物科学,4 [247/265], ZOOLOGY 动物学,4 [173/179],,,,,,,,,三级
Plant Science Today,2025,2348-1900/2348-1900,否,否,否,ESCI,0.8,,生物学,4 [1014/1091],否, PLANT SCIENCES 植物科学,4 [248/265],,,,,,,,,,,三级
COMPTES RENDUS BIOLOGIES,2025,1631-0691/1768-3238,否,否,否,SCIE,0.6,,生物学,4 [1015/1091],否, BIOLOGY 生物学,4 [94/109],,,,,,,,,,,三级
AIMS Biophysics,2025,2377-9098/2377-9098,否,否,是,ESCI,1,,生物学,4 [1016/1091],否, BIOPHYSICS 生物物理,4 [75/76],,,,,,,,,,,三级
JOURNAL OF GENERAL AND APPLIED MICROBIOLOGY,2025,0022-1260/1349-8037,否,否,否,SCIE,0.8,,生物学,4 [1017/1091],否, BIOTECHNOLOGY & APPLIED MICROBIOLOGY 生物工程与应用微生物,4 [163/174], MICROBIOLOGY 微生物学,4 [148/159],,,,,,,,,三级
Journal of Animal and Plant Sciences-JAPS,2025,1018-7081/2309-8694,否,否,否,SCIE,0.5,,生物学,4 [1018/1091],否," AGRICULTURE, MULTIDISCIPLINARY 农业综合",4 [62/88], VETERINARY SCIENCES 兽医学,4 [142/167],,,,,,,,,三级
Industrial Biotechnology,2025,1550-9087/1931-8421,否,否,否,ESCI,1.1,,生物学,4 [1019/1091],否, BIOTECHNOLOGY & APPLIED MICROBIOLOGY 生物工程与应用微生物,4 [164/174],,,,,,,,,,,三级
ISRAEL JOURNAL OF PLANT SCIENCES,2025,0792-9978/2223-8980,否,否,否,SCIE,0.7,,生物学,4 [1020/1091],否, PLANT SCIENCES 植物科学,4 [249/265],,,,,,,,,,,三级
Nusantara Bioscience,2025,2087-3948/2087-3956,否,否,是,ESCI,0.7,,生物学,4 [1021/1091],否, BIOLOGY 生物学,4 [96/109],,,,,,,,,,,三级
Microbiology Australia,2025,1324-4272/2201-9189,否,否,是,ESCI,1.3,,生物学,4 [1022/1091],否, MICROBIOLOGY 微生物学,4 [150/159],,,,,,,,,,,三级
APPLIED BIOCHEMISTRY AND MICROBIOLOGY,2025,0003-6838/1608-3024,否,否,否,SCIE,1.1,,生物学,4 [1023/1091],否, BIOTECHNOLOGY & APPLIED MICROBIOLOGY 生物工程与应用微生物,4 [165/174], MICROBIOLOGY 微生物学,4 [151/159],,,,,,,,,三级
CARIBBEAN JOURNAL OF SCIENCE,2025,0008-6452/0008-6452,否,否,否,SCIE,0.5,,生物学,4 [1024/1091],否, BIODIVERSITY CONSERVATION 生物多样性保护,4 [72/75],,,,,,,,,,,三级
Regulatory Mechanisms in Biosystems,2025,2519-8521/2520-2588,否,否,是,ESCI,0.5,,生物学,4 [1025/1091],否, BIOLOGY 生物学,4 [97/109],,,,,,,,,,,三级
Plant Root,2025,1881-6754/1881-6754,否,否,否,ESCI,0.2,,生物学,4 [1026/1091],否, PLANT SCIENCES 植物科学,4 [250/265],,,,,,,,,,,三级
Microbiology Resource Announcements,2025,2576-098X/2576-098X,否,否,否,ESCI,0.6,,生物学,4 [1027/1091],否, MICROBIOLOGY 微生物学,4 [152/159],,,,,,,,,,,三级
Vestnik Tomskogo Gosudarstvennogo Universiteta-Biologiya,2025,1998-8591/2311-2077,否,否,否,ESCI,0.3,,生物学,4 [1028/1091],否, BIOLOGY 生物学,4 [99/109], ECOLOGY 生态学,4 [186/196],,,,,,,,,三级
IHERINGIA SERIE BOTANICA,2025,2446-8231/2446-8231,否,否,是,SCIE,0.3,,生物学,4 [1029/1091],否, PLANT SCIENCES 植物科学,4 [251/265],,,,,,,,,,,三级
Advances in Human Biology,2025,2321-8568/2348-4691,否,否,是,ESCI,0.3,,生物学,4 [1030/1091],否, BIOLOGY 生物学,4 [100/109],,,,,,,,,,,三级
NOTORNIS,2025,0029-4470/1177-7680,否,否,否,SCIE,0.5,,生物学,4 [1031/1091],否, ORNITHOLOGY 鸟类学,4 [27/29],,,,,,,,,,,三级
Indian Journal of Geo-Marine Sciences,2025,2582-6727/2582-6727,否,否,否,SCIE,0.3,,生物学,4 [1032/1091],否, OCEANOGRAPHY 海洋学,4 [64/66],,,,,,,,,,,三级
BIOLOGIA PLANTARUM,2025,0006-3134/1573-8264,否,否,否,SCIE,0.9,,生物学,4 [1033/1091],否, PLANT SCIENCES 植物科学,4 [252/265],,,,,,,,,,,三级
Archives of Biological Sciences,2025,0354-4664/1821-4339,否,否,是,SCIE,0.8,,生物学,4 [1034/1091],否, BIOLOGY 生物学,4 [101/109],,,,,,,,,,,三级
Gorteria,2025,0017-2294/0017-2294,否,否,否,SCIE,0.1,,生物学,4 [1035/1091],否, PLANT SCIENCES 植物科学,4 [253/265],,,,,,,,,,,三级
Mitochondrial DNA Part B-Resources,2025,2380-2359/2380-2359,否,否,否,SCIE,0.7,,生物学,4 [1036/1091],否, GENETICS & HEREDITY 遗传学,4 [187/190],,,,,,,,,,,三级
GAYANA,2025,0717-652X/0717-6538,否,否,否,SCIE,0.4,,生物学,4 [1037/1091],否, ZOOLOGY 动物学,4 [175/179],,,,,,,,,,,三级
URSUS,2025,1537-6176/1938-5439,否,否,否,SCIE,0.8,,生物学,4 [1038/1091],否, ZOOLOGY 动物学,4 [176/179],,,,,,,,,,,三级
ORNITOLOGIA NEOTROPICAL,2025,1075-4377/1075-4377,否,否,否,SCIE,0.5,,生物学,4 [1039/1091],否, ORNITHOLOGY 鸟类学,4 [28/29],,,,,,,,,,,三级
JOURNAL OF EVOLUTIONARY BIOCHEMISTRY AND PHYSIOLOGY,2025,0022-0930/1608-3202,否,否,否,SCIE,0.5,,生物学,4 [1040/1091],否, BIOCHEMISTRY & MOLECULAR BIOLOGY 生化与分子生物学,4 [302/310], EVOLUTIONARY BIOLOGY 进化生物学,4 [52/52], PHYSIOLOGY 生理学,4 [80/84],,,,,,,三级
BIOTECHNOLOGY LAW REPORT,2025,0730-031X/1557-8704,否,否,否,SCIE,0.3,,生物学,4 [1041/1091],否, BIOTECHNOLOGY & APPLIED MICROBIOLOGY 生物工程与应用微生物,4 [166/174],,,,,,,,,,,三级
Indian Journal of Natural Products and Resources,2025,0976-0504/0976-0512,否,否,是,ESCI,0.6,,生物学,4 [1042/1091],否, PLANT SCIENCES 植物科学,4 [254/265],,,,,,,,,,,三级
NOVITATES CARIBAEA,2025,2071-9841/2079-0139,否,否,是,ESCI,0.3,,生物学,4 [1043/1091],否, ZOOLOGY 动物学,4 [177/179],,,,,,,,,,,三级
BANGLADESH JOURNAL OF BOTANY,2025,0253-5416/2079-9926,否,否,否,SCIE,0.3,,生物学,4 [1044/1091],否, PLANT SCIENCES 植物科学,4 [256/265],,,,,,,,,,,三级
Russian Journal of Developmental Biology,2025,1062-3604/1608-3326,否,否,否,SCIE,0.4,,生物学,4 [1045/1091],否, DEVELOPMENTAL BIOLOGY 发育生物学,4 [39/39],,,,,,,,,,,三级
Journal of Medicinal Plants and By-products-JMPB,2025,2322-1399/2588-3739,否,否,是,ESCI,0.6,,生物学,4 [1046/1091],否, PLANT SCIENCES 植物科学,4 [257/265],,,,,,,,,,,三级
Russian Journal of Marine Biology,2025,1063-0740/1608-3377,否,否,否,SCIE,0.4,,生物学,4 [1047/1091],否, MARINE & FRESHWATER BIOLOGY 海洋与淡水生物学,4 [111/118],,,,,,,,,,,三级
Chem-Bio Informatics Journal,2025,1347-6297/1347-0442,否,否,否,ESCI,0.8,,生物学,4 [1048/1091],否, BIOCHEMISTRY & MOLECULAR BIOLOGY 生化与分子生物学,4 [303/310],,,,,,,,,,,三级
Journal of Biological Research-Bollettino della Societa Italiana di Biologia Sperimentale,2025,1826-8838/2284-0230,否,否,是,ESCI,0.5,,生物学,4 [1049/1091],否, BIOLOGY 生物学,4 [102/109],,,,,,,,,,,三级
Cytology and Genetics,2025,0095-4527/1934-9440,否,否,否,SCIE,0.5,,生物学,4 [1050/1091],否, GENETICS & HEREDITY 遗传学,4 [188/190],,,,,,,,,,,三级
Journal of Pure and Applied Microbiology,2025,0973-7510/2581-690X,否,否,是,ESCI,0.6,,生物学,4 [1051/1091],否, MICROBIOLOGY 微生物学,4 [154/159],,,,,,,,,,,三级
ZHURNAL OBSHCHEI BIOLOGII,2025,0044-4596/0044-4596,否,否,否,SCIE,0.3,,生物学,4 [1052/1091],否, BIOLOGY 生物学,4 [103/109],,,,,,,,,,,三级
CASTANEA,2025,0008-7475/1938-4386,否,否,否,SCIE,0.3,,生物学,4 [1053/1091],否, PLANT SCIENCES 植物科学,4 [259/265],,,,,,,,,,,三级
Biochemistry Moscow Supplement Series A-Membrane and Cell Biology,2025,1990-7478/1990-7494,否,否,否,ESCI,1.4,,生物学,4 [1054/1091],否, CELL BIOLOGY 细胞生物学,4 [201/203],,,,,,,,,,,三级
Quantitative Biology,2025,2095-4689/2095-4697,否,否,否,ESCI,1.4,,生物学,4 [1055/1091],否, MATHEMATICAL & COMPUTATIONAL BIOLOGY 数学与计算生物学,4 [65/66],,,,,,,,,,,三级
Journal of the Korean Magnetic Resonance Society,2025,1226-6531/1226-6531,否,否,否,ESCI,0.2,,生物学,4 [1056/1091],否, BIOCHEMICAL RESEARCH METHODS 生化研究方法,4 [84/85],,,,,,,,,,,三级
AIMS Molecular Science,2025,2372-0301/2372-0301,否,否,是,ESCI,1.1,,生物学,4 [1057/1091],否, BIOCHEMISTRY & MOLECULAR BIOLOGY 生化与分子生物学,4 [305/310],,,,,,,,,,,三级
GENETICS AND MOLECULAR RESEARCH,2025,1676-5680/1676-5680,否,否,否,ESCI,0.2,,生物学,4 [1058/1091],否, GENETICS & HEREDITY 遗传学,4 [189/190],,,,,,,,,,,三级
PHYTON-ANNALES REI BOTANICAE,2025,0079-2047,否,否,否,SCIE,,,生物学,4 [1059/1091],否, PLANT SCIENCES 植物科学,4 [260/265],,,,,,,,,,,三级
Applied Biological Research,2025,0972-0979/0974-4517,否,否,否,ESCI,0.2,,生物学,4 [1060/1091],否, BIOTECHNOLOGY & APPLIED MICROBIOLOGY 生物工程与应用微生物,4 [167/174],,,,,,,,,,,三级
Scientific Papers-Series B-Horticulture,2025,2285-5653/2286-1580,否,否,是,ESCI,0.4,,生物学,4 [1061/1091],否, PLANT SCIENCES 植物科学,4 [261/265],,,,,,,,,,,三级
Current Proteomics,2025,1570-1646/1875-6247,否,否,否,SCIE,0.5,,生物学,4 [1062/1091],否, BIOCHEMICAL RESEARCH METHODS 生化研究方法,4 [85/85], BIOCHEMISTRY & MOLECULAR BIOLOGY 生化与分子生物学,4 [306/310],,,,,,,,,三级
NAUTILUS,2025,0028-1344/0028-1344,否,否,否,SCIE,1.1,,生物学,4 [1063/1091],否, MARINE & FRESHWATER BIOLOGY 海洋与淡水生物学,4 [112/118], ZOOLOGY 动物学,4 [178/179],,,,,,,,,三级
Revista Bio Ciencias,2025,2007-3380/2007-3380,否,否,是,ESCI,0.2,,生物学,4 [1064/1091],否, BIOLOGY 生物学,4 [104/109],,,,,,,,,,,三级
Research in Marine Sciences,2025,2538-5542/2538-2705,否,否,否,ESCI,0.1,,生物学,4 [1065/1091],否, MARINE & FRESHWATER BIOLOGY 海洋与淡水生物学,4 [113/118],,,,,,,,,,,三级
Palawan Scientist,2025,2467-5903/2467-5903,否,否,否,ESCI,0.3,,生物学,4 [1066/1091],否, BIOLOGY 生物学,4 [105/109],,,,,,,,,,,三级
Biotecnia,2025,1665-1456/1665-1456,否,否,否,ESCI,0.6,,生物学,4 [1067/1091],否, BIOTECHNOLOGY & APPLIED MICROBIOLOGY 生物工程与应用微生物,4 [169/174],,,,,,,,,,,三级
RHODORA,2025,0035-4902/1938-3401,否,否,否,SCIE,0.2,,生物学,4 [1068/1091],否, PLANT SCIENCES 植物科学,4 [262/265],,,,,,,,,,,三级
International Journal of Biology and Chemistry,2025,2218-7979/2409-370X,否,否,否,ESCI,0.7,,生物学,4 [1069/1091],否, BIOLOGY 生物学,4 [106/109],,,,,,,,,,,三级
MALIMBUS,2025,0331-3689,否,否,否,SCIE,<0.1,,生物学,4 [1070/1091],否, ORNITHOLOGY 鸟类学,4 [29/29],,,,,,,,,,,三级
Modern Phytomorphology,2025,2226-3063/2227-9555,否,否,是,ESCI,0.5,,生物学,4 [1071/1091],否, PLANT SCIENCES 植物科学,4 [263/265],,,,,,,,,,,三级
PERIODICUM BIOLOGORUM,2025,0031-5362,否,否,否,SCIE,0.3,,生物学,4 [1072/1091],否, BIOLOGY 生物学,4 [107/109],,,,,,,,,,,三级
Malaysian Journal of Microbiology,2025,1823-8262/2231-7538,否,否,是,ESCI,0.4,,生物学,4 [1073/1091],否, MICROBIOLOGY 微生物学,4 [156/159],,,,,,,,,,,三级
REVISTA DE BIOLOGIA MARINA Y OCEANOGRAFIA,2025,0717-3326/0718-1957,否,否,否,SCIE,0.5,,生物学,4 [1074/1091],否, MARINE & FRESHWATER BIOLOGY 海洋与淡水生物学,4 [115/118], OCEANOGRAPHY 海洋学,4 [65/66],,,,,,,,,三级
Molecular Genetics Microbiology and Virology,2025,0891-4168/1934-841X,否,否,否,SCIE,0.3,,生物学,4 [1075/1091],否, BIOCHEMISTRY & MOLECULAR BIOLOGY 生化与分子生物学,4 [308/310], MICROBIOLOGY 微生物学,4 [157/159],,,,,,,,,三级
POSTEPY BIOLOGII KOMORKI,2025,0324-833X/2080-2218,否,否,否,SCIE,<0.1,,生物学,4 [1076/1091],否, CELL BIOLOGY 细胞生物学,4 [202/203],,,,,,,,,,,三级
Minerva Biotechnology and Biomolecular Research,2025,2724-542X/2724-5934,否,否,否,SCIE,0.5,,生物学,4 [1077/1091],否, BIOTECHNOLOGY & APPLIED MICROBIOLOGY 生物工程与应用微生物,4 [170/174],,,,,,,,,,,三级
Flora Infeksiyon Hastaliklari ve Klinik Mikrobiyoloji Dergisi,2025,1300-932X/2602-2842,否,否,是,ESCI,0.1,,生物学,4 [1078/1091],否, MICROBIOLOGY 微生物学,4 [158/159],,,,,,,,,,,三级
Hidrobiologica,2025,0188-8897/0188-8897,否,否,否,SCIE,0.3,,生物学,4 [1079/1091],否, MARINE & FRESHWATER BIOLOGY 海洋与淡水生物学,4 [117/118],,,,,,,,,,,三级
University of Toronto Journal of Undergraduate Life Sciences,2025,1911-8899/1911-8899,否,否,否,ESCI,0.2,,生物学,4 [1080/1091],否, BIOLOGY 生物学,4 [108/109],,,,,,,,,,,三级
Ciencia Amazonica,2025,2221-5948/2222-7431,否,否,是,ESCI,0.1,,生物学,4 [1081/1091],否, BIOLOGY 生物学,4 [109/109],,,,,,,,,,,三级
International Journal of Data Mining and Bioinformatics,2025,1748-5673/1748-5681,否,否,否,SCIE,0.4,,生物学,4 [1082/1091],否, MATHEMATICAL & COMPUTATIONAL BIOLOGY 数学与计算生物学,4 [66/66],,,,,,,,,,,三级
TRACE ELEMENTS AND ELECTROLYTES,2025,0946-2104/0946-2104,否,否,否,SCIE,1,,生物学,4 [1083/1091],否, BIOCHEMISTRY & MOLECULAR BIOLOGY 生化与分子生物学,4 [309/310], ENDOCRINOLOGY & METABOLISM 内分泌学与代谢,4 [182/184],,,,,,,,,三级
INTERNATIONAL JOURNAL OF HUMAN GENETICS,2025,0972-3757/2456-6330,否,否,否,SCIE,0.1,,生物学,4 [1084/1091],否, GENETICS & HEREDITY 遗传学,4 [190/190],,,,,,,,,,,三级
Research Journal of Biotechnology,2025,2278-4535/2278-4535,否,否,否,ESCI,0.2,,生物学,4 [1085/1091],否, BIOTECHNOLOGY & APPLIED MICROBIOLOGY 生物工程与应用微生物,4 [172/174],,,,,,,,,,,三级
Zeitschrift fur Arznei- & Gewurzpflanzen,2025,1431-9292,否,否,否,SCIE,<0.1,,生物学,4 [1086/1091],否, PLANT SCIENCES 植物科学,4 [265/265],,,,,,,,,,,三级
Jurnal Ilmu dan Teknologi Kelautan Tropis,2025,2087-9423/2085-6695,否,否,否,ESCI,0.2,,生物学,4 [1087/1091],否, MARINE & FRESHWATER BIOLOGY 海洋与淡水生物学,4 [118/118],,,,,,,,,,,三级
Asian Biotechnology and Development Review,2025,0972-7566/0972-7566,否,否,否,ESCI,0.1,,生物学,4 [1088/1091],否, BIOTECHNOLOGY & APPLIED MICROBIOLOGY 生物工程与应用微生物,4 [173/174],,,,,,,,,,,三级
TRENDS IN GLYCOSCIENCE AND GLYCOTECHNOLOGY,2025,0915-7352/0915-7352,是,否,否,SCIE,,,生物学,4 [1089/1091],否, BIOCHEMISTRY & MOLECULAR BIOLOGY 生化与分子生物学,4 [310/310],,,,,,,,,,,三级
BIOLOGICHESKIE MEMBRANY,2025,0233-4755,否,否,否,SCIE,0.1,,生物学,4 [1090/1091],否, CELL BIOLOGY 细胞生物学,4 [203/203],,,,,,,,,,,三级
GigaByte,2025,2709-4715/2709-4715,否,否,否,ESCI,1.2,中国SCI期刊支持计划,生物学,4 [1091/1091],否, Multidisciplinary Sciences 综合性期刊,4 [131/131],,,,,,,,,,,三级
