Journal,年份,ISSN/EISSN,Review,OA Journal Index（OAJ）,Open Access,Web of Science,影响因子,标注,大类,大类分区,Top,权威期刊,小类1,小类1分区,小类2,小类2分区,小类3,小类3分区,小类4,小类4分区,小类5,小类5分区,小类6,小类6分区
Annual Review of Political Science,2025,1094-2939/1545-1577,是,否,否,SSCI,9.5,,社会学,1 [1/2039],是,一级, POLITICAL SCIENCE 政治学,1 [1/317],,,,,,,,,,
European Journal of Psychology Applied to Legal Context,2025,1889-1861/1989-4007,否,否,是,SSCI,5.5,,社会学,1 [2/2039],是,一级, LAW 法学,1 [1/427]," PSYCHOLOGY, MULTIDISCIPLINARY 心理学：综合",1 [3/219],,,,,,,,
Annual Review of Sociology,2025,0360-0572/1545-2115,是,否,否,SSCI,9,,社会学,1 [3/2039],是,一级, SOCIOLOGY 社会学,1 [1/216],,,,,,,,,,
AMERICAN POLITICAL SCIENCE REVIEW,2025,0003-0554/1537-5943,否,否,否,SSCI,5.8,,社会学,1 [4/2039],是,一级, POLITICAL SCIENCE 政治学,1 [2/317],,,,,,,,,,
PROGRESS IN HUMAN GEOGRAPHY,2025,0309-1325/1477-0288,否,否,否,SSCI,6.1,,社会学,1 [5/2039],是,一级, GEOGRAPHY 地理学,1 [1/171],,,,,,,,,,
AMERICAN SOCIOLOGICAL REVIEW,2025,0003-1224/1939-8271,否,否,否,SSCI,6.2,,社会学,1 [6/2039],是,一级, SOCIOLOGY 社会学,1 [2/216],,,,,,,,,,
CRIMINOLOGY,2025,0011-1384/1745-9125,否,否,否,SSCI,5.2,,社会学,1 [7/2039],是,一级, CRIMINOLOGY & PENOLOGY 犯罪学与刑罚学,1 [1/111],,,,,,,,,,
Annual Review of Criminology,2025,2572-4568/2572-4568,是,否,否,SSCI,6.2,,社会学,1 [8/2039],是,一级, CRIMINOLOGY & PENOLOGY 犯罪学与刑罚学,1 [2/111],,,,,,,,,,
INTERNATIONAL ORGANIZATION,2025,0020-8183/1531-5088,否,否,否,SSCI,4.5,,社会学,1 [9/2039],是,一级, INTERNATIONAL RELATIONS 国际关系学,1 [1/165], POLITICAL SCIENCE 政治学,1 [3/317],,,,,,,,
COMPARATIVE POLITICAL STUDIES,2025,0010-4140/1552-3829,否,否,否,SSCI,3.4,,社会学,1 [10/2039],是,一级, POLITICAL SCIENCE 政治学,1 [5/317],,,,,,,,,,
WORLD POLITICS,2025,0043-8871/1086-3338,否,否,否,SSCI,2.5,,社会学,1 [11/2039],是,一级, INTERNATIONAL RELATIONS 国际关系学,1 [2/165], POLITICAL SCIENCE 政治学,1 [6/317],,,,,,,,
AMERICAN JOURNAL OF SOCIOLOGY,2025,0002-9602/1537-5390,否,否,否,SSCI,3.6,,社会学,1 [12/2039],是,一级, SOCIOLOGY 社会学,1 [3/216],,,,,,,,,,
INTERNATIONAL SECURITY,2025,0162-2889/1531-4804,否,否,否,SSCI,6.1,,社会学,1 [13/2039],是,一级, INTERNATIONAL RELATIONS 国际关系学,1 [3/165],,,,,,,,,,
GENDER & SOCIETY,2025,0891-2432/1552-3977,否,否,否,SSCI,3.4,,社会学,1 [14/2039],是,一级, SOCIOLOGY 社会学,1 [4/216], WOMENS STUDIES 女性研究,1 [1/66],,,,,,,,
AMERICAN JOURNAL OF POLITICAL SCIENCE,2025,0092-5853/1540-5907,否,否,否,SSCI,5.6,,社会学,1 [15/2039],是,一级, POLITICAL SCIENCE 政治学,1 [7/317],,,,,,,,,,
Journal of Chinese Political Science,2025,1080-6954/1874-6357,否,否,否,SSCI,3.5,,社会学,1 [16/2039],是,一级, AREA STUDIES 地域研究,1 [1/174], POLITICAL SCIENCE 政治学,1 [8/317],,,,,,,,
Chinese Political Science Review,2025,2365-4244/2365-4252,否,否,否,ESCI,3.1,,社会学,1 [17/2039],是,一级, POLITICAL SCIENCE 政治学,1 [9/317],,,,,,,,,,
BRITISH JOURNAL OF POLITICAL SCIENCE,2025,0007-1234/1469-2112,否,是,是,SSCI,4.7,,社会学,1 [18/2039],是,一级, POLITICAL SCIENCE 政治学,1 [10/317],,,,,,,,,,
Contemporary Security Policy,2025,1352-3260/1743-8764,否,否,否,SSCI,5,,社会学,1 [19/2039],是,一级, INTERNATIONAL RELATIONS 国际关系学,1 [4/165], POLITICAL SCIENCE 政治学,1 [12/317],,,,,,,,
JOURNAL OF DEMOCRACY,2025,1045-5736/1086-3214,否,否,否,SSCI,5.9,,社会学,1 [20/2039],是,一级, POLITICAL SCIENCE 政治学,1 [13/317],,,,,,,,,,
INTERNATIONAL AFFAIRS,2025,0020-5850/1468-2346,否,否,否,SSCI,4,,社会学,1 [21/2039],是,一级, INTERNATIONAL RELATIONS 国际关系学,1 [5/165],,,,,,,,,,
Annual Review of Anthropology,2025,0084-6570/1545-4290,是,否,否,SSCI,2.7,,社会学,1 [22/2039],是,一级, ANTHROPOLOGY 人类学,1 [3/137],,,,,,,,,,
JOURNAL OF PEASANT STUDIES,2025,0306-6150/1743-9361,否,否,否,SSCI,4.8,,社会学,1 [23/2039],是,一级, ANTHROPOLOGY 人类学,1 [4/137], DEVELOPMENT STUDIES 发展研究,1 [2/63],,,,,,,,
Environmental Impact Assessment Review,2025,0195-9255/1873-6432,否,否,否,SSCI,11.2,,社会学,1 [24/2039],是,一级, ENVIRONMENTAL STUDIES 环境研究,1 [9/183],,,,,,,,,,
WEST EUROPEAN POLITICS,2025,0140-2382/1743-9655,否,否,否,SSCI,3.6,,社会学,1 [25/2039],是,一级, POLITICAL SCIENCE 政治学,1 [14/317],,,,,,,,,,
STANFORD LAW REVIEW,2025,0038-9765,否,否,否,SSCI,3,,社会学,1 [26/2039],是,一级, LAW 法学,1 [2/427],,,,,,,,,,
REVIEW OF INTERNATIONAL STUDIES,2025,0260-2105/1469-9044,否,否,否,SSCI,3.7,,社会学,1 [27/2039],是,一级, INTERNATIONAL RELATIONS 国际关系学,1 [6/165],,,,,,,,,,
Trauma Violence & Abuse,2025,1524-8380/1552-8324,是,否,否,SSCI,5.4,,社会学,1 [28/2039],是,一级, CRIMINOLOGY & PENOLOGY 犯罪学与刑罚学,1 [3/111], FAMILY STUDIES 家庭研究,1 [1/65], SOCIAL WORK 社会工作,1 [1/91],,,,,,
South European Society and Politics,2025,1360-8746/1743-9612,否,否,否,SSCI,4.6,,社会学,1 [29/2039],是,一级, POLITICAL SCIENCE 政治学,1 [15/317], SOCIAL ISSUES 社会问题,1 [3/66],,,,,,,,
EUROPEAN JOURNAL OF POLITICAL RESEARCH,2025,0304-4130/1475-6765,否,否,否,SSCI,4.2,,社会学,1 [30/2039],是,一级, POLITICAL SCIENCE 政治学,2 [18/317],,,,,,,,,,
YALE LAW JOURNAL,2025,0044-0094/1939-8611,否,否,否,SSCI,5.2,,社会学,1 [31/2039],是,一级, LAW 法学,1 [3/427],,,,,,,,,,
EVOLUTIONARY ANTHROPOLOGY,2025,1060-1538/1520-6505,是,否,否,SSCI,3.1,,社会学,1 [32/2039],是,一级, ANTHROPOLOGY 人类学,2 [10/137],,,,,,,,,,
WORK AND OCCUPATIONS,2025,0730-8884/1552-8464,否,否,否,SSCI,3.7,,社会学,1 [33/2039],是,一级, INDUSTRIAL RELATIONS & LABOR 劳动关系学,1 [2/50], SOCIOLOGY 社会学,1 [8/216],,,,,,,,
JOURNAL OF EUROPEAN PUBLIC POLICY,2025,1350-1763/1466-4429,否,否,否,SSCI,4.5,,社会学,1 [34/2039],是,一级, PUBLIC ADMINISTRATION 公共管理,1 [3/91], POLITICAL SCIENCE 政治学,2 [19/317],,,,,,,,
International Political Sociology,2025,1749-5679/1749-5687,否,否,否,SSCI,2.6,,社会学,1 [35/2039],是,一级, INTERNATIONAL RELATIONS 国际关系学,1 [7/165], SOCIOLOGY 社会学,1 [9/216], POLITICAL SCIENCE 政治学,2 [20/317],,,,,,
SECURITY DIALOGUE,2025,0967-0106/1460-3640,否,否,否,SSCI,2.5,,社会学,1 [36/2039],是,一级, INTERNATIONAL RELATIONS 国际关系学,1 [8/165],,,,,,,,,,
Chinese Journal of International Politics,2025,1750-8916/1750-8924,否,否,否,SSCI,2.9,,社会学,1 [37/2039],是,一级, INTERNATIONAL RELATIONS 国际关系学,2 [9/165],,,,,,,,,,
JOURNAL OF SOCIAL ISSUES,2025,0022-4537/1540-4560,否,否,否,SSCI,4.7,,社会学,1 [38/2039],是,一级, SOCIAL ISSUES 社会问题,1 [4/66]," PSYCHOLOGY, SOCIAL 心理学：社会",2 [7/76],,,,,,,,
TRANSACTIONS OF THE INSTITUTE OF BRITISH GEOGRAPHERS,2025,0020-2754/1475-5661,否,否,否,SSCI,3.6,,社会学,1 [39/2039],是,一级, GEOGRAPHY 地理学,1 [4/171],,,,,,,,,,
Criminology & Public Policy,2025,1538-6473/1745-9133,否,否,否,SSCI,4.1,,社会学,1 [40/2039],是,一级, CRIMINOLOGY & PENOLOGY 犯罪学与刑罚学,1 [4/111],,,,,,,,,,
Big Data & Society,2025,2053-9517/2053-9517,否,是,是,SSCI,5.9,,社会学,1 [41/2039],是,一级," SOCIAL SCIENCES, INTERDISCIPLINARY 社会科学：跨领域",1 [2/263],,,,,,,,,,
European Journal of International Security,2025,2057-5637/2057-5645,否,否,否,ESCI,2.5,,社会学,1 [42/2039],是,一级, INTERNATIONAL RELATIONS 国际关系学,2 [10/165],,,,,,,,,,
ENVIRONMENT AND PLANNING D-SOCIETY & SPACE,2025,0263-7758/1472-3433,否,否,否,SSCI,2.5,,社会学,1 [43/2039],是,一级, ENVIRONMENTAL STUDIES 环境研究,1 [13/183], GEOGRAPHY 地理学,1 [5/171],,,,,,,,
Journal of Rural Studies,2025,0743-0167/1873-1392,否,否,否,SSCI,5.7,,社会学,1 [44/2039],是,一级, GEOGRAPHY 地理学,1 [7/171], REGIONAL & URBAN PLANNING 区域与城市规划,2 [5/54],,,,,,,,
Perspectives on Politics,2025,1537-5927/1541-0986,否,否,否,SSCI,4.5,,社会学,1 [45/2039],是,一级, POLITICAL SCIENCE 政治学,2 [23/317],,,,,,,,,,
EUROPEAN UNION POLITICS,2025,1465-1165/1741-2757,否,否,否,SSCI,2.2,,社会学,1 [46/2039],是,一级, POLITICAL SCIENCE 政治学,2 [24/317],,,,,,,,,,
POLITICAL GEOGRAPHY,2025,0962-6298/1873-5096,否,否,否,SSCI,4.9,,社会学,1 [47/2039],是,一级, GEOGRAPHY 地理学,2 [10/171], POLITICAL SCIENCE 政治学,2 [25/317],,,,,,,,
CULTURAL ANTHROPOLOGY,2025,0886-7356/1548-1360,否,是,是,SSCI,1.9,,社会学,1 [48/2039],是,一级, ANTHROPOLOGY 人类学,1 [7/137],,,,,,,,,,
JOURNAL OF POLITICS,2025,0022-3816/1468-2508,否,否,否,SSCI,3.8,,社会学,1 [49/2039],是,一级, POLITICAL SCIENCE 政治学,2 [26/317],,,,,,,,,,
Dialogues in Human Geography,2025,2043-8206/2043-8214,否,否,否,SSCI,9.6,,社会学,1 [50/2039],是,一级, GEOGRAPHY 地理学,2 [11/171],,,,,,,,,,
Journal of Mixed Methods Research,2025,1558-6898/1558-6901,否,否,否,SSCI,7.8,,社会学,1 [51/2039],是,一级," SOCIAL SCIENCES, INTERDISCIPLINARY 社会科学：跨领域",1 [5/263],,,,,,,,,,
EUROPEAN SOCIOLOGICAL REVIEW,2025,0266-7215/1468-2672,否,否,否,SSCI,3,,社会学,1 [52/2039],是,一级, SOCIOLOGY 社会学,1 [10/216],,,,,,,,,,
SOCIOLOGICAL THEORY,2025,0735-2751/1467-9558,否,否,否,SSCI,5,,社会学,1 [53/2039],是,一级, SOCIOLOGY 社会学,1 [11/216],,,,,,,,,,
ANTIPODE,2025,0066-4812/1467-8330,否,否,否,SSCI,2.7,,社会学,1 [54/2039],是,一级, GEOGRAPHY 地理学,2 [13/171],,,,,,,,,,
JCMS-Journal of Common Market Studies,2025,0021-9886/1468-5965,否,否,否,SSCI,3.3,,社会学,1 [55/2039],是,一级, ECONOMICS 经济学,1 [32/599], INTERNATIONAL RELATIONS 国际关系学,2 [11/165], POLITICAL SCIENCE 政治学,2 [29/317],,,,,,
Geopolitics,2025,1465-0045/1557-3028,否,否,否,SSCI,3.4,,社会学,1 [56/2039],是,一级, GEOGRAPHY 地理学,2 [14/171], POLITICAL SCIENCE 政治学,2 [30/317],,,,,,,,
Hague Journal on the Rule of Law,2025,1876-4045/1876-4053,否,否,否,SSCI,3.3,,社会学,1 [57/2039],是,一级, LAW 法学,1 [4/427],,,,,,,,,,
POLITICAL PSYCHOLOGY,2025,0162-895X/1467-9221,否,否,否,SSCI,3.5,,社会学,1 [58/2039],是,一级, POLITICAL SCIENCE 政治学,2 [31/317]," PSYCHOLOGY, SOCIAL 心理学：社会",2 [9/76],,,,,,,,
POLITICAL ANALYSIS,2025,1047-1987/1476-4989,否,否,否,SSCI,5.4,,社会学,1 [59/2039],是,一级, POLITICAL SCIENCE 政治学,2 [32/317],,,,,,,,,,
Comparative Migration Studies,2025,2214-594X/2214-594X,否,是,是,SSCI,3.7,,社会学,1 [60/2039],是,一级, DEMOGRAPHY 人口学,1 [1/49],,,,,,,,,,
AMERICAN ETHNOLOGIST,2025,0094-0496/1548-1425,否,否,否,SSCI,2,,社会学,1 [61/2039],是,一级, ANTHROPOLOGY 人类学,1 [8/137],,,,,,,,,,
POPULATION AND DEVELOPMENT REVIEW,2025,0098-7921/1728-4457,否,否,否,SSCI,4.8,,社会学,1 [62/2039],是,一级, DEMOGRAPHY 人口学,1 [2/49], SOCIOLOGY 社会学,1 [12/216],,,,,,,,
JOURNAL OF ANTHROPOLOGICAL ARCHAEOLOGY,2025,0278-4165/1090-2686,否,否,否,SSCI;AHCI,2.2,,社会学,1 [63/2039],是,一级, ANTHROPOLOGY 人类学,1 [9/137], ARCHAEOLOGY 考古学,1 [6/164],,,,,,,,
Review of International Organizations,2025,1559-7431/1559-744X,否,否,否,SSCI,4,,社会学,1 [64/2039],是,一级, ECONOMICS 经济学,2 [37/599], INTERNATIONAL RELATIONS 国际关系学,2 [12/165], POLITICAL SCIENCE 政治学,2 [33/317],,,,,,
Journal of European Integration,2025,0703-6337/1477-2280,否,否,否,SSCI,3.1,,社会学,1 [65/2039],是,一级, INTERNATIONAL RELATIONS 国际关系学,2 [13/165], POLITICAL SCIENCE 政治学,2 [36/317],,,,,,,,
International Studies Review,2025,1521-9488/1468-2486,否,否,否,SSCI,3.4,,社会学,1 [66/2039],是,一级, INTERNATIONAL RELATIONS 国际关系学,2 [14/165], POLITICAL SCIENCE 政治学,2 [37/317],,,,,,,,
EUROPEAN JOURNAL OF INTERNATIONAL RELATIONS,2025,1354-0661/1460-3713,否,否,否,SSCI,2.9,,社会学,1 [67/2039],是,一级, INTERNATIONAL RELATIONS 国际关系学,2 [15/165],,,,,,,,,,
LAND USE POLICY,2025,0264-8377/1873-5754,否,否,否,SSCI,5.9,,社会学,1 [68/2039],是,一级, ENVIRONMENTAL STUDIES 环境研究,2 [20/183],,,,,,,,,,
European Political Science Review,2025,1755-7739/1755-7747,否,是,是,SSCI,2.5,,社会学,1 [69/2039],是,一级, POLITICAL SCIENCE 政治学,2 [38/317],,,,,,,,,,
SOCIAL FORCES,2025,0037-7732/1534-7605,否,否,否,SSCI,2.7,,社会学,1 [70/2039],是,一级, SOCIOLOGY 社会学,2 [17/216],,,,,,,,,,
Sociological Science,2025,2330-6696/2330-6696,否,否,是,SSCI,2.1,,社会学,1 [71/2039],是,一级, SOCIOLOGY 社会学,2 [18/216],,,,,,,,,,
Democratization,2025,1351-0347/1743-890X,否,否,否,SSCI,2.9,,社会学,1 [72/2039],是,一级, POLITICAL SCIENCE 政治学,2 [39/317],,,,,,,,,,
Social Movement Studies,2025,1474-2837/1474-2829,否,否,否,SSCI,2.4,,社会学,1 [73/2039],是,一级, POLITICAL SCIENCE 政治学,2 [40/317], SOCIOLOGY 社会学,2 [19/216],,,,,,,,
JOURNAL OF EUROPEAN SOCIAL POLICY,2025,0958-9287/1461-7269,否,否,否,SSCI,3.2,,社会学,1 [74/2039],是,一级, PUBLIC ADMINISTRATION 公共管理,2 [10/91], SOCIAL ISSUES 社会问题,2 [6/66],,,,,,,,
Fudan Journal of the Humanities and Social Sciences,2025,1674-0750/2198-2600,否,否,否,ESCI,1.6,,社会学,1 [75/2039],是,一级," SOCIAL SCIENCES, INTERDISCIPLINARY 社会科学：跨领域",1 [7/263],,,,,,,,,,
Society and Mental Health,2025,2156-8693/2156-8731,否,否,否,SSCI,3,,社会学,1 [76/2039],是,一级, SOCIOLOGY 社会学,2 [20/216],,,,,,,,,,
Secularism & Nonreligion,2025,2053-6712/2053-6712,否,否,是,ESCI,0.8,,社会学,1 [77/2039],是,一级, SOCIOLOGY 社会学,2 [22/216],,,,,,,,,,
Legal Theory,2025,1352-3252/1469-8048,否,否,否,ESCI,0.9,,社会学,1 [78/2039],是,一级, LAW 法学,1 [5/427],,,,,,,,,,
JOURNAL OF PEACE RESEARCH,2025,0022-3433/1460-3578,否,否,否,SSCI,3.1,,社会学,1 [79/2039],是,一级, INTERNATIONAL RELATIONS 国际关系学,2 [17/165], POLITICAL SCIENCE 政治学,2 [42/317],,,,,,,,
COLUMBIA LAW REVIEW,2025,0010-1958/1945-2268,否,否,否,SSCI,3,,社会学,1 [80/2039],是,一级, LAW 法学,1 [6/427],,,,,,,,,,
Environment and Planning A-Economy and Space,2025,0308-518X/1472-3409,否,否,否,SSCI,4,,社会学,1 [81/2039],是,一级, ENVIRONMENTAL STUDIES 环境研究,2 [23/183], GEOGRAPHY 地理学,2 [18/171],,,,,,,,
International Journal of Heritage Studies,2025,1352-7258/1470-3610,否,否,否,SSCI;AHCI,1.7,,社会学,1 [82/2039],是,一级," HUMANITIES, MULTIDISCIPLINARY 人文科学",1 [1/406]," SOCIAL SCIENCES, INTERDISCIPLINARY 社会科学：跨领域",1 [8/263],,,,,,,,
Earth System Governance,2025,2589-8116/2589-8116,否,否,是,ESCI,4.6,,社会学,1 [83/2039],是,一级, ENVIRONMENTAL STUDIES 环境研究,2 [24/183], INTERNATIONAL RELATIONS 国际关系学,2 [18/165], POLITICAL SCIENCE 政治学,2 [43/317], PUBLIC ADMINISTRATION 公共管理,2 [11/91],,,,
SECURITY STUDIES,2025,0963-6412/1556-1852,否,否,否,SSCI,3,,社会学,1 [84/2039],是,一级, INTERNATIONAL RELATIONS 国际关系学,2 [19/165],,,,,,,,,,
Qualitative Research,2025,1468-7941/1741-3109,否,否,否,SSCI,2.9,,社会学,1 [85/2039],是,一级," SOCIAL SCIENCES, INTERDISCIPLINARY 社会科学：跨领域",1 [9/263], SOCIOLOGY 社会学,2 [23/216],,,,,,,,
INTERNATIONAL STUDIES QUARTERLY,2025,0020-8833/1468-2478,否,否,否,SSCI,2.5,,社会学,1 [86/2039],是,一级, INTERNATIONAL RELATIONS 国际关系学,2 [20/165], POLITICAL SCIENCE 政治学,2 [44/317],,,,,,,,
GENDER WORK AND ORGANIZATION,2025,0968-6673/1468-0432,否,否,否,SSCI,3,,社会学,1 [87/2039],是,一级, WOMENS STUDIES 女性研究,1 [2/66], MANAGEMENT 管理学,3 [75/404],,,,,,,,
GOVERNMENT AND OPPOSITION,2025,0017-257X/1477-7053,否,是,是,SSCI,3.2,,社会学,1 [88/2039],是,一级, POLITICAL SCIENCE 政治学,2 [45/317],,,,,,,,,,
VIRGINIA LAW REVIEW,2025,0042-6601/0042-6601,否,否,否,SSCI,3.9,,社会学,1 [89/2039],是,一级, LAW 法学,1 [7/427],,,,,,,,,,
POLITICAL BEHAVIOR,2025,0190-9320/1573-6687,否,否,否,SSCI,3.3,,社会学,1 [90/2039],是,一级, POLITICAL SCIENCE 政治学,2 [46/317],,,,,,,,,,
POLITICS & SOCIETY,2025,0032-3292/1552-7514,否,否,否,SSCI,2.7,,社会学,1 [91/2039],是,一级, POLITICAL SCIENCE 政治学,2 [47/317], SOCIAL ISSUES 社会问题,2 [7/66], SOCIOLOGY 社会学,2 [24/216],,,,,,
ENVIRONMENTAL POLITICS,2025,0964-4016/1743-8934,否,否,否,SSCI,5.9,,社会学,1 [92/2039],是,一级, ENVIRONMENTAL STUDIES 环境研究,2 [25/183], POLITICAL SCIENCE 政治学,2 [48/317],,,,,,,,
JOURNAL OF CONFLICT RESOLUTION,2025,0022-0027/1552-8766,否,否,否,SSCI,2.2,,社会学,1 [93/2039],是,一级, INTERNATIONAL RELATIONS 国际关系学,2 [21/165], POLITICAL SCIENCE 政治学,2 [49/317],,,,,,,,
JOURNAL OF RESEARCH IN CRIME AND DELINQUENCY,2025,0022-4278/1552-731X,否,否,否,SSCI,2.7,,社会学,1 [94/2039],是,一级, CRIMINOLOGY & PENOLOGY 犯罪学与刑罚学,1 [5/111],,,,,,,,,,
DEMOGRAPHY,2025,0070-3370/1533-7790,否,否,否,SSCI,3.6,,社会学,1 [95/2039],是,一级, DEMOGRAPHY 人口学,1 [3/49],,,,,,,,,,
AMERICAN ANTHROPOLOGIST,2025,0002-7294/1548-1433,否,否,否,SSCI,1.7,,社会学,1 [96/2039],是,一级, ANTHROPOLOGY 人类学,2 [14/137],,,,,,,,,,
BRITISH JOURNAL OF SOCIOLOGY,2025,0007-1315/1468-4446,否,否,否,SSCI,3.3,,社会学,1 [97/2039],是,一级, SOCIOLOGY 社会学,2 [26/216],,,,,,,,,,
Legal Ethics,2025,1460-728X/1757-8450,否,否,否,ESCI,0.3,,社会学,1 [98/2039],是,一级, LAW 法学,1 [8/427],,,,,,,,,,
Research in Social Stratification and Mobility,2025,0276-5624/1878-5654,否,否,否,SSCI,2,,社会学,1 [99/2039],是,一级, SOCIOLOGY 社会学,2 [27/216],,,,,,,,,,
Regulation & Governance,2025,1748-5983/1748-5991,否,否,否,SSCI,3.8,,社会学,1 [100/2039],是,一级, LAW 法学,1 [9/427], PUBLIC ADMINISTRATION 公共管理,2 [13/91], POLITICAL SCIENCE 政治学,3 [51/317],,,,,,
European Security,2025,0966-2839/1746-1545,否,否,否,SSCI,3.6,,社会学,1 [101/2039],是,一级, AREA STUDIES 地域研究,1 [2/174], INTERNATIONAL RELATIONS 国际关系学,2 [23/165], POLITICAL SCIENCE 政治学,3 [52/317],,,,,,
Crime and Justice-A Review of Research,2025,0192-3234/2153-0416,是,否,否,SSCI,3.2,,社会学,2 [102/2039],否,一级, CRIMINOLOGY & PENOLOGY 犯罪学与刑罚学,2 [9/111],,,,,,,,,,
PACIFIC REVIEW,2025,0951-2748/1470-1332,否,否,否,SSCI,2,,社会学,2 [103/2039],是,一级, AREA STUDIES 地域研究,1 [3/174], INTERNATIONAL RELATIONS 国际关系学,2 [24/165],,,,,,,,
Politics & Gender,2025,1743-923X/1743-9248,否,否,否,SSCI,3.5,,社会学,2 [104/2039],是,一级, WOMENS STUDIES 女性研究,1 [3/66], POLITICAL SCIENCE 政治学,3 [53/317],,,,,,,,
GEOFORUM,2025,0016-7185/1872-9398,否,否,否,SSCI,3.1,,社会学,2 [105/2039],是,一级, GEOGRAPHY 地理学,2 [21/171],,,,,,,,,,
Journal of Genocide Research,2025,1462-3528/1469-9494,否,否,否,ESCI,2.5,,社会学,2 [106/2039],否,一级, POLITICAL SCIENCE 政治学,3 [54/317],,,,,,,,,,
PUNISHMENT & SOCIETY-INTERNATIONAL JOURNAL OF PENOLOGY,2025,1462-4745/1741-3095,否,否,否,SSCI,1.4,,社会学,2 [107/2039],是,一级, CRIMINOLOGY & PENOLOGY 犯罪学与刑罚学,1 [6/111],,,,,,,,,,
JOURNAL OF ETHNIC AND MIGRATION STUDIES,2025,1369-183X/1469-9451,否,否,否,SSCI,3.1,,社会学,2 [108/2039],是,一级, ETHNIC STUDIES 民族研究,1 [1/39], DEMOGRAPHY 人口学,2 [4/49],,,,,,,,
AFRICAN AFFAIRS,2025,0001-9909/1468-2621,否,否,否,SSCI,2.2,,社会学,2 [109/2039],否,一级, AREA STUDIES 地域研究,1 [4/174], POLITICAL SCIENCE 政治学,3 [55/317],,,,,,,,
CHINA JOURNAL,2025,1324-9347/1835-8535,否,否,否,SSCI,3.4,,社会学,2 [110/2039],否,一级, AREA STUDIES 地域研究,1 [5/174],,,,,,,,,,
JUSTICE QUARTERLY,2025,0741-8825/1745-9109,否,否,否,SSCI,2.1,,社会学,2 [111/2039],是,一级, CRIMINOLOGY & PENOLOGY 犯罪学与刑罚学,1 [7/111],,,,,,,,,,
JOURNAL OF MARRIAGE AND FAMILY,2025,0022-2445/1741-3737,否,否,否,SSCI,3.4,,社会学,2 [112/2039],是,一级, FAMILY STUDIES 家庭研究,1 [2/65], SOCIOLOGY 社会学,2 [28/216],,,,,,,,
SOCIAL SCIENCE RESEARCH,2025,0049-089X/1096-0317,否,否,否,SSCI,3.5,,社会学,2 [113/2039],是,一级, SOCIOLOGY 社会学,2 [29/216],,,,,,,,,,
POLITICAL STUDIES,2025,0032-3217/1467-9248,否,否,否,SSCI,2.8,,社会学,2 [114/2039],是,一级, POLITICAL SCIENCE 政治学,3 [56/317],,,,,,,,,,
European Policy Analysis,2025,2380-6567/2380-6567,否,否,否,ESCI,2.9,,社会学,2 [115/2039],否,一级, POLITICAL SCIENCE 政治学,3 [58/317], PUBLIC ADMINISTRATION 公共管理,3 [16/91],,,,,,,,
British Journal of Politics & International Relations,2025,1369-1481/1467-856X,否,否,否,SSCI,3.4,,社会学,2 [116/2039],否,一级, INTERNATIONAL RELATIONS 国际关系学,2 [25/165], POLITICAL SCIENCE 政治学,3 [59/317],,,,,,,,
SOCIOLOGY-THE JOURNAL OF THE BRITISH SOCIOLOGICAL ASSOCIATION,2025,0038-0385/1469-8684,否,否,否,SSCI,2.9,,社会学,2 [117/2039],是,一级, SOCIOLOGY 社会学,2 [30/216],,,,,,,,,,
SOCIOLOGICAL METHODS & RESEARCH,2025,0049-1241/1552-8294,否,否,否,SSCI,6.5,,社会学,2 [118/2039],是,一级," SOCIAL SCIENCES, MATHEMATICAL METHODS 社会科学：数理方法",1 [3/67], SOCIOLOGY 社会学,2 [31/216],,,,,,,,
UCLA LAW REVIEW,2025,0041-5650/1943-1724,否,否,否,SSCI,2.6,,社会学,2 [119/2039],否,一级, LAW 法学,1 [10/427],,,,,,,,,,
BRITISH JOURNAL OF CRIMINOLOGY,2025,0007-0955/1464-3529,否,否,否,SSCI,2.1,,社会学,2 [120/2039],是,一级, CRIMINOLOGY & PENOLOGY 犯罪学与刑罚学,1 [8/111],,,,,,,,,,
Contemporary Politics,2025,1356-9775/1469-3631,否,否,否,SSCI,2,,社会学,2 [121/2039],否,一级, POLITICAL SCIENCE 政治学,3 [60/317],,,,,,,,,,
Geography Compass,2025,1749-8198/1749-8198,否,否,否,SSCI,3.5,,社会学,2 [122/2039],否,一级, GEOGRAPHY 地理学,2 [23/171],,,,,,,,,,
Journal of Intervention and Statebuilding,2025,1750-2977/1750-2985,否,否,否,SSCI,2.9,,社会学,2 [123/2039],否,一级, INTERNATIONAL RELATIONS 国际关系学,2 [26/165],,,,,,,,,,
Annals of the American Association of Geographers,2025,2469-4452/2469-4460,否,否,否,SSCI,2.9,,社会学,2 [124/2039],是,一级, GEOGRAPHY 地理学,3 [25/171],,,,,,,,,,
POST-SOVIET AFFAIRS,2025,1060-586X/1938-2855,否,否,否,SSCI,3,,社会学,2 [125/2039],否,一级, AREA STUDIES 地域研究,1 [6/174], ECONOMICS 经济学,2 [69/599], POLITICAL SCIENCE 政治学,3 [61/317],,,,,,
ECONOMY AND SOCIETY,2025,0308-5147/1469-5766,否,否,否,SSCI,4.3,,社会学,2 [126/2039],否,一级, ECONOMICS 经济学,2 [70/599], SOCIOLOGY 社会学,2 [33/216],,,,,,,,
GLOBAL NETWORKS-A JOURNAL OF TRANSNATIONAL AFFAIRS,2025,1470-2266/1471-0374,否,否,否,SSCI,2.2,,社会学,2 [127/2039],是,一级, ANTHROPOLOGY 人类学,2 [17/137], SOCIOLOGY 社会学,2 [34/216], GEOGRAPHY 地理学,3 [26/171],,,,,,
POETICS,2025,0304-422X/1872-7514,否,否,否,SSCI;AHCI,1.7,,社会学,2 [128/2039],是,一级, LITERATURE 其他形式的文学,1 [1/199], SOCIOLOGY 社会学,2 [35/216],,,,,,,,
LAW AND HUMAN BEHAVIOR,2025,0147-7307/1573-661X,否,否,否,SSCI,3.2,,社会学,2 [129/2039],否,一级, LAW 法学,1 [11/427]," PSYCHOLOGY, SOCIAL 心理学：社会",2 [13/76],,,,,,,,
MEDICAL ANTHROPOLOGY QUARTERLY,2025,0745-5194/1548-1387,否,否,否,SSCI,1.9,,社会学,2 [130/2039],否,一级, ANTHROPOLOGY 人类学,2 [18/137]," PUBLIC, ENVIRONMENTAL & OCCUPATIONAL HEALTH 公共卫生、环境卫生与职业卫生",2 [31/404]," SOCIAL SCIENCES, BIOMEDICAL 社会科学：生物医学",2 [5/46],,,,,,
SPACE POLICY,2025,0265-9646/1879-338X,否,否,否,SSCI,1.9,,社会学,2 [131/2039],否,一级," SOCIAL SCIENCES, INTERDISCIPLINARY 社会科学：跨领域",1 [11/263], INTERNATIONAL RELATIONS 国际关系学,3 [27/165],,,,,,,,
SOCIAL & CULTURAL GEOGRAPHY,2025,1464-9365/1470-1197,否,否,否,SSCI,2.3,,社会学,2 [132/2039],是,一级, GEOGRAPHY 地理学,3 [27/171],,,,,,,,,,
THEORETICAL CRIMINOLOGY,2025,1362-4806/1461-7439,否,否,否,SSCI,1.7,,社会学,2 [133/2039],否,一级, CRIMINOLOGY & PENOLOGY 犯罪学与刑罚学,2 [10/111],,,,,,,,,,
SEX ROLES,2025,0360-0025/1573-2762,否,否,否,SSCI,3.4,,社会学,2 [134/2039],是,一级, WOMENS STUDIES 女性研究,1 [4/66]," PSYCHOLOGY, DEVELOPMENTAL 心理学：发育",2 [19/91]," PSYCHOLOGY, SOCIAL 心理学：社会",2 [14/76],,,,,,
INTERNATIONAL JOURNAL OF MIDDLE EAST STUDIES,2025,0020-7438/1471-6380,否,否,否,SSCI,1.4,,社会学,2 [135/2039],否,一级, AREA STUDIES 地域研究,1 [7/174],,,,,,,,,,
Cooperation and Conflict,2025,0010-8367/1460-3691,否,否,否,SSCI,2.1,,社会学,2 [136/2039],否,一级, INTERNATIONAL RELATIONS 国际关系学,3 [28/165], POLITICAL SCIENCE 政治学,3 [62/317],,,,,,,,
SOCIAL PROBLEMS,2025,0037-7791/1533-8533,否,否,否,SSCI,2.9,,社会学,2 [137/2039],是,一级, SOCIOLOGY 社会学,2 [36/216],,,,,,,,,,
Health & Justice,2025,2194-7899/2194-7899,否,否,是,ESCI,2.6,,社会学,2 [138/2039],否,一级, CRIMINOLOGY & PENOLOGY 犯罪学与刑罚学,2 [11/111]," PUBLIC, ENVIRONMENTAL & OCCUPATIONAL HEALTH 公共卫生、环境卫生与职业卫生",2 [34/404],,,,,,,,
INTERNATIONAL POLITICAL SCIENCE REVIEW,2025,0192-5121/1460-373X,否,否,否,SSCI,1.6,,社会学,2 [139/2039],否,一级, POLITICAL SCIENCE 政治学,3 [63/317],,,,,,,,,,
RSF-The Russell Sage Journal of the Social Sciences,2025,2377-8253/2377-8261,否,否,是,SSCI,3.9,,社会学,2 [140/2039],是,一级," SOCIAL SCIENCES, INTERDISCIPLINARY 社会科学：跨领域",2 [12/263],,,,,,,,,,
GEORGETOWN LAW JOURNAL,2025,0016-8092/0016-8092,否,否,否,SSCI,2.1,,社会学,2 [141/2039],否,一级, LAW 法学,1 [12/427],,,,,,,,,,
International Journal of Transitional Justice,2025,1752-7716/1752-7724,否,否,否,SSCI,1.9,,社会学,2 [142/2039],否,一级, LAW 法学,1 [13/427], INTERNATIONAL RELATIONS 国际关系学,3 [29/165], POLITICAL SCIENCE 政治学,3 [64/317],,,,,,
PUBLIC OPINION QUARTERLY,2025,0033-362X/1537-5331,否,否,否,SSCI,2.7,,社会学,2 [143/2039],是,一级," SOCIAL SCIENCES, INTERDISCIPLINARY 社会科学：跨领域",2 [14/263], COMMUNICATION 传播学,3 [26/223], POLITICAL SCIENCE 政治学,3 [65/317],,,,,,
ETHNIC AND RACIAL STUDIES,2025,0141-9870/1466-4356,否,否,否,SSCI,2,,社会学,2 [144/2039],是,一级, ETHNIC STUDIES 民族研究,1 [2/39], SOCIOLOGY 社会学,2 [37/216],,,,,,,,
POLITICAL THEORY,2025,0090-5917/1552-7476,否,否,否,SSCI,1,,社会学,2 [145/2039],否,一级, POLITICAL SCIENCE 政治学,3 [66/317],,,,,,,,,,
Competition & Change,2025,1024-5294/1477-2221,否,否,否,SSCI,3.4,,社会学,2 [146/2039],否,一级, ECONOMICS 经济学,2 [76/599], BUSINESS 商业：管理,3 [68/302], GEOGRAPHY 地理学,3 [28/171],,,,,,
NORTHWESTERN UNIVERSITY LAW REVIEW,2025,0029-3571,否,否,否,SSCI,2.5,,社会学,2 [147/2039],否,一级, LAW 法学,1 [14/427],,,,,,,,,,
PARTY POLITICS,2025,1354-0688/1460-3683,否,否,否,SSCI,2.2,,社会学,2 [148/2039],是,一级, POLITICAL SCIENCE 政治学,3 [67/317],,,,,,,,,,
AGRICULTURE AND HUMAN VALUES,2025,0889-048X/1572-8366,否,否,否,SSCI;SCIE,3.6,,社会学,2 [149/2039],否,一级," AGRICULTURE, MULTIDISCIPLINARY 农业综合",1 [5/88], HISTORY & PHILOSOPHY OF SCIENCE 科学史与科学哲学,1 [4/105], SOCIOLOGY 社会学,2 [38/216],,,,,,
Transnational Environmental Law,2025,2047-1025/2047-1033,否,是,是,SSCI,3.3,,社会学,2 [150/2039],否,一级, LAW 法学,1 [15/427], ENVIRONMENTAL STUDIES 环境研究,3 [39/183],,,,,,,,
VANDERBILT LAW REVIEW,2025,0042-2533/1942-9886,否,否,否,SSCI,2.3,,社会学,2 [151/2039],否,一级, LAW 法学,2 [16/427],,,,,,,,,,
European Journal of Population-Revue Europeenne de Demographie,2025,0168-6577/1572-9885,否,是,是,SSCI,2.6,,社会学,2 [152/2039],否,一级, DEMOGRAPHY 人口学,2 [5/49],,,,,,,,,,
SOCIOLOGICAL REVIEW,2025,0038-0261/1467-954X,否,否,否,SSCI,2.4,,社会学,2 [153/2039],否,一级, SOCIOLOGY 社会学,2 [39/216],,,,,,,,,,
SOCIAL STUDIES OF SCIENCE,2025,0306-3127/1460-3659,否,否,否,SSCI;AHCISCIE,2.7,,社会学,2 [154/2039],否,一级, HISTORY & PHILOSOPHY OF SCIENCE 科学史与科学哲学,1 [7/105],,,,,,,,,,
COMPARATIVE POLITICS,2025,0010-4159/2151-6227,否,否,否,SSCI,2.3,,社会学,2 [155/2039],否,一级, POLITICAL SCIENCE 政治学,3 [69/317],,,,,,,,,,
JFR-Journal of Family Research,2025,2699-2337/2699-2337,否,否,是,SSCI,2.1,,社会学,2 [156/2039],否,一级, FAMILY STUDIES 家庭研究,1 [5/65],,,,,,,,,,
Mobilities,2025,1745-0101/1745-011X,否,否,否,SSCI,2.3,,社会学,2 [157/2039],否,一级, GEOGRAPHY 地理学,3 [29/171], TRANSPORTATION 交通运输,3 [13/58],,,,,,,,
Journal of Current Southeast Asian Affairs,2025,1868-1034/1868-4882,否,是,是,SSCI,1.7,,社会学,2 [158/2039],否,一级, AREA STUDIES 地域研究,2 [8/174], INTERNATIONAL RELATIONS 国际关系学,3 [30/165], POLITICAL SCIENCE 政治学,3 [70/317],,,,,,
Environment and Planning E-Nature and Space,2025,2514-8486/2514-8494,否,否,否,SSCI,3.2,,社会学,2 [159/2039],否,一级, ENVIRONMENTAL STUDIES 环境研究,3 [41/183], GEOGRAPHY 地理学,3 [30/171],,,,,,,,
Comparative European Politics,2025,1472-4790/1740-388X,否,否,否,SSCI,2.2,,社会学,2 [160/2039],否,一级, POLITICAL SCIENCE 政治学,3 [71/317],,,,,,,,,,
European Journal of Social Theory,2025,1368-4310/1461-7137,否,否,否,SSCI,1.4,,社会学,2 [161/2039],否,一级, SOCIOLOGY 社会学,3 [41/216],,,,,,,,,,
JOURNAL OF CRIMINAL JUSTICE,2025,0047-2352/1873-6203,否,否,否,SSCI,2.5,,社会学,2 [162/2039],否,一级, CRIMINOLOGY & PENOLOGY 犯罪学与刑罚学,2 [12/111],,,,,,,,,,
CURRENT ANTHROPOLOGY,2025,0011-3204/1537-5382,否,否,否,SSCI,1.8,,社会学,2 [163/2039],否,一级, ANTHROPOLOGY 人类学,2 [20/137],,,,,,,,,,
JOURNAL OF QUANTITATIVE CRIMINOLOGY,2025,0748-4518/1573-7799,否,否,否,SSCI,3.3,,社会学,2 [164/2039],否,一级, CRIMINOLOGY & PENOLOGY 犯罪学与刑罚学,2 [13/111],,,,,,,,,,
NORMA,2025,1890-2138/1890-2146,否,否,否,ESCI,1.5,,社会学,2 [165/2039],否,一级, SOCIOLOGY 社会学,3 [42/216],,,,,,,,,,
Annual Review of Law and Social Science,2025,1550-3585/1550-3631,是,否,否,SSCI,3,,社会学,2 [166/2039],否,一级, LAW 法学,2 [17/427], SOCIOLOGY 社会学,3 [43/216],,,,,,,,
Netherlands Quarterly of Human Rights,2025,0924-0519/2214-7357,否,否,否,SSCI,1.4,,社会学,2 [167/2039],否,一级, LAW 法学,2 [18/427],,,,,,,,,,
Cultural Sociology,2025,1749-9755/1749-9763,否,否,否,SSCI,1.8,,社会学,2 [168/2039],否,一级, SOCIOLOGY 社会学,3 [44/216],,,,,,,,,,
Population Space and Place,2025,1544-8444/1544-8452,否,否,否,SSCI,2.6,,社会学,2 [169/2039],否,一级, DEMOGRAPHY 人口学,2 [6/49], GEOGRAPHY 地理学,3 [31/171],,,,,,,,
Police Quarterly,2025,1098-6111/1552-745X,否,否,否,SSCI,2.4,,社会学,2 [170/2039],否,一级, CRIMINOLOGY & PENOLOGY 犯罪学与刑罚学,2 [14/111],,,,,,,,,,
International Theory,2025,1752-9719/1752-9727,否,是,是,SSCI,2.1,,社会学,2 [171/2039],否,一级, INTERNATIONAL RELATIONS 国际关系学,3 [31/165], POLITICAL SCIENCE 政治学,3 [72/317],,,,,,,,
TERRORISM AND POLITICAL VIOLENCE,2025,0954-6553/1556-1836,否,否,否,SSCI,2.1,,社会学,2 [172/2039],否,一级, INTERNATIONAL RELATIONS 国际关系学,3 [32/165], POLITICAL SCIENCE 政治学,3 [73/317],,,,,,,,
Environment and Planning C-Politics and Space,2025,2399-6544/2399-6552,否,否,否,SSCI,2.2,,社会学,2 [173/2039],否,一级, ENVIRONMENTAL STUDIES 环境研究,3 [42/183], GEOGRAPHY 地理学,3 [32/171], PUBLIC ADMINISTRATION 公共管理,3 [19/91], REGIONAL & URBAN PLANNING 区域与城市规划,3 [15/54],,,,
Critical African Studies,2025,2168-1392/2040-7211,否,否,否,ESCI,1,,社会学,2 [174/2039],否,一级, ANTHROPOLOGY 人类学,2 [21/137], AREA STUDIES 地域研究,2 [9/174]," SOCIAL SCIENCES, INTERDISCIPLINARY 社会科学：跨领域",2 [18/263],,,,,,
International Journal of Qualitative Methods,2025,1609-4069/1609-4069,否,是,是,SSCI,3.8,,社会学,2 [175/2039],否,一级," SOCIAL SCIENCES, INTERDISCIPLINARY 社会科学：跨领域",2 [19/263],,,,,,,,,,
TIME & SOCIETY,2025,0961-463X/1461-7463,否,否,否,SSCI,1.6,,社会学,2 [176/2039],否,一级," SOCIAL SCIENCES, INTERDISCIPLINARY 社会科学：跨领域",2 [21/263],,,,,,,,,,
African Archaeological Review,2025,0263-0338/1572-9842,否,否,否,SSCI;AHCI,1.1,,社会学,2 [177/2039],否,一级, ANTHROPOLOGY 人类学,2 [24/137], ARCHAEOLOGY 考古学,2 [15/164],,,,,,,,
INTERNATIONAL JOURNAL OF COMPARATIVE SOCIOLOGY,2025,0020-7152/1745-2554,否,否,否,SSCI,1.5,,社会学,2 [178/2039],否,一级, SOCIOLOGY 社会学,3 [46/216],,,,,,,,,,
MODERN ASIAN STUDIES,2025,0026-749X/1469-8099,否,否,否,SSCI,0.8,,社会学,2 [179/2039],否,一级, AREA STUDIES 地域研究,2 [10/174],,,,,,,,,,
International Peacekeeping,2025,1353-3312/1743-906X,否,否,否,SSCI,1.3,,社会学,2 [180/2039],否,一级, INTERNATIONAL RELATIONS 国际关系学,3 [33/165],,,,,,,,,,
Ethnicities,2025,1468-7968/1741-2706,否,否,否,SSCI,1.3,,社会学,2 [181/2039],否,一级, ETHNIC STUDIES 民族研究,2 [4/39],,,,,,,,,,
Oxford Journal of Legal Studies,2025,0143-6503/1464-3820,否,否,否,SSCI,1,,社会学,2 [182/2039],否,一级, LAW 法学,2 [19/427],,,,,,,,,,
International & Comparative Law Quarterly,2025,0020-5893/1471-6895,否,否,否,SSCI,2,,社会学,2 [183/2039],否,一级, LAW 法学,2 [21/427],,,,,,,,,,
JOURNAL OF CONTEMPORARY ASIA,2025,0047-2336/1752-7554,否,否,否,SSCI,1.8,,社会学,2 [184/2039],否,一级, AREA STUDIES 地域研究,2 [11/174],,,,,,,,,,
Journal of Criminal Psychology,2025,2009-3829/2009-3829,否,否,否,ESCI,1.6,,社会学,2 [185/2039],否,一级, CRIMINOLOGY & PENOLOGY 犯罪学与刑罚学,2 [15/111],,,,,,,,,,
PSYCHOLOGY PUBLIC POLICY AND LAW,2025,1076-8971/1939-1528,否,否,否,SSCI,2,,社会学,2 [186/2039],否,一级, HEALTH POLICY & SERVICES 卫生政策与服务,1 [8/118], LAW 法学,2 [22/427]," PSYCHOLOGY, MULTIDISCIPLINARY 心理学：综合",2 [34/219],,,,,,
Journal of Experimental Political Science,2025,2052-2630/2052-2649,否,否,否,ESCI,3.4,,社会学,2 [187/2039],否,一级, POLITICAL SCIENCE 政治学,3 [75/317],,,,,,,,,,
THEORY AND SOCIETY,2025,0304-2421/1573-7853,否,否,否,SSCI,1.4,,社会学,2 [188/2039],否,一级, SOCIOLOGY 社会学,3 [47/216],,,,,,,,,,
AFRICA,2025,0001-9720/1750-0184,否,否,否,SSCI,1.1,,社会学,2 [189/2039],否,一级, ANTHROPOLOGY 人类学,2 [26/137], AREA STUDIES 地域研究,2 [12/174],,,,,,,,
Critical Studies on Terrorism,2025,1753-9153/1753-9161,否,否,否,ESCI,2.5,,社会学,2 [190/2039],否,一级, POLITICAL SCIENCE 政治学,3 [76/317],,,,,,,,,,
SIGNS,2025,0097-9740/1545-6943,否,否,否,SSCI,1.9,,社会学,2 [191/2039],否,一级, WOMENS STUDIES 女性研究,2 [6/66],,,,,,,,,,
Extractive Industries and Society,2025,2214-790X/2214-7918,否,否,否,SSCI,4.3,,社会学,2 [192/2039],否,一级, ENVIRONMENTAL STUDIES 环境研究,3 [44/183],,,,,,,,,,
Anthropological Forum,2025,0066-4677/1469-2902,否,否,否,SSCI,0.7,,社会学,2 [193/2039],否,一级, ANTHROPOLOGY 人类学,2 [27/137],,,,,,,,,,
Environment and Society-Advances in Research,2025,2150-6779/2150-6787,否,否,是,ESCI,3.5,,社会学,2 [194/2039],否,一级, ENVIRONMENTAL STUDIES 环境研究,3 [45/183],,,,,,,,,,
EUROPEAN SOCIETIES,2025,1461-6696/1469-8307,否,否,否,SSCI,2.2,,社会学,2 [195/2039],否,一级, SOCIOLOGY 社会学,3 [49/216],,,,,,,,,,
Journal of International Criminal Justice,2025,1478-1387/1478-1395,否,否,否,SSCI,1.3,,社会学,2 [196/2039],否,一级, LAW 法学,2 [23/427],,,,,,,,,,
JOURNAL OF CULTURAL HERITAGE,2025,1296-2074/1778-3674,否,否,否,AHCISCIE,3.3,,社会学,2 [197/2039],否,一级, ART 艺术,1 [2/144]," CHEMISTRY, ANALYTICAL 分析化学",1 [9/106], SPECTROSCOPY 光谱学,1 [4/43], ARCHAEOLOGY 考古学,2 [18/164]," GEOSCIENCES, MULTIDISCIPLINARY 地球科学：综合",2 [42/258]," MATERIALS SCIENCE, MULTIDISCIPLINARY 材料科学：综合",2 [90/436]
International Relations of the Asia-Pacific,2025,1470-482X/1470-4838,否,否,否,SSCI,1.3,,社会学,2 [198/2039],否,一级, INTERNATIONAL RELATIONS 国际关系学,3 [34/165],,,,,,,,,,
SOCIOLOGIA RURALIS,2025,0038-0199/1467-9523,否,否,否,SSCI,3.7,,社会学,2 [199/2039],否,一级, GEOGRAPHY 地理学,3 [34/171], SOCIOLOGY 社会学,3 [52/216],,,,,,,,
THEORY CULTURE & SOCIETY,2025,0263-2764/1460-3616,否,否,否,SSCI;AHCI,2.3,,社会学,2 [200/2039],否,一级, CULTURAL STUDIES 文化研究,1 [2/59],,,,,,,,,,
Journal of Family Theory & Review,2025,1756-2570/1756-2589,否,否,否,SSCI,4.5,,社会学,2 [201/2039],否,一级, FAMILY STUDIES 家庭研究,2 [6/65],,,,,,,,,,
PUBLIUS-THE JOURNAL OF FEDERALISM,2025,0048-5950/1747-7107,否,否,否,SSCI,1.8,,社会学,2 [202/2039],否,一级, POLITICAL SCIENCE 政治学,3 [77/317],,,,,,,,,,
Political Research Exchange,2025,2474-736X/2474-736X,否,否,是,ESCI,2.1,,社会学,2 [203/2039],否,一级, POLITICAL SCIENCE 政治学,3 [79/317],,,,,,,,,,
Migration Studies,2025,2049-5838/2049-5846,否,否,否,SSCI,2.7,,社会学,2 [204/2039],否,一级, DEMOGRAPHY 人口学,2 [8/49],,,,,,,,,,
Journal of Critical Realism,2025,1476-7430/1572-5138,否,否,否,ESCI,2.9,,社会学,2 [205/2039],否,二级, PHILOSOPHY 哲学,1 [13/328]," SOCIAL SCIENCES, INTERDISCIPLINARY 社会科学：跨领域",2 [22/263],,,,,,,,
Canadian Slavonic Papers,2025,0008-5006/2375-2475,否,否,否,ESCI,1.6,,社会学,2 [206/2039],否,二级, ETHNIC STUDIES 民族研究,3 [6/39],,,,,,,,,,
NEW LEFT REVIEW,2025,0028-6060/2044-0480,否,否,否,SSCI,3.3,,社会学,2 [207/2039],否,二级," SOCIAL SCIENCES, INTERDISCIPLINARY 社会科学：跨领域",2 [23/263], POLITICAL SCIENCE 政治学,3 [80/317],,,,,,,,
Journal of International Relations and Development,2025,1408-6980/1581-1980,否,否,否,SSCI,2.5,,社会学,2 [208/2039],否,二级, INTERNATIONAL RELATIONS 国际关系学,3 [35/165], POLITICAL SCIENCE 政治学,3 [81/317],,,,,,,,
European Journal of Politics and Gender,2025,2515-1088/2515-1096,否,否,否,ESCI,2.2,,社会学,2 [209/2039],否,二级, WOMENS STUDIES 女性研究,2 [8/66], POLITICAL SCIENCE 政治学,3 [82/317],,,,,,,,
European Journal of International Law,2025,0938-5428/1464-3596,否,否,否,SSCI,2.4,,社会学,2 [210/2039],否,二级, LAW 法学,2 [24/427], INTERNATIONAL RELATIONS 国际关系学,3 [36/165],,,,,,,,
Anthropological Theory,2025,1463-4996/1741-2641,否,否,否,SSCI,1.5,,社会学,2 [211/2039],否,二级, ANTHROPOLOGY 人类学,3 [29/137],,,,,,,,,,
DUKE LAW JOURNAL,2025,0012-7086/1939-9111,否,否,否,SSCI,2,,社会学,2 [212/2039],否,二级, LAW 法学,2 [25/427],,,,,,,,,,
Crime Science,2025,2193-7680/2193-7680,否,否,是,ESCI,2.6,,社会学,2 [213/2039],否,二级, CRIMINOLOGY & PENOLOGY 犯罪学与刑罚学,2 [18/111],,,,,,,,,,
CALIFORNIA LAW REVIEW,2025,0008-1221/1942-6542,否,否,否,SSCI,2.2,,社会学,2 [214/2039],否,二级, LAW 法学,2 [26/427],,,,,,,,,,
MICHIGAN LAW REVIEW,2025,0026-2234/1939-8557,否,否,否,SSCI,1.5,,社会学,2 [215/2039],否,二级, LAW 法学,2 [27/427],,,,,,,,,,
Contemporary Italian Politics,2025,2324-8823/2324-8831,否,否,否,ESCI,1.8,,社会学,2 [216/2039],否,二级, POLITICAL SCIENCE 政治学,3 [83/317],,,,,,,,,,
TEXAS LAW REVIEW,2025,0040-4411/1942-857X,否,否,否,SSCI,1.7,,社会学,2 [217/2039],否,二级, LAW 法学,2 [28/427],,,,,,,,,,
Humanities & Social Sciences Communications,2025,2662-9992/2662-9992,否,否,是,SSCI;AHCI,3.6,,社会学,2 [218/2039],否,二级," HUMANITIES, MULTIDISCIPLINARY 人文科学",1 [4/406]," SOCIAL SCIENCES, INTERDISCIPLINARY 社会科学：跨领域",2 [24/263],,,,,,,,
Africa Spectrum,2025,0002-0397/1868-6869,否,否,是,SSCI,2.2,,社会学,2 [219/2039],否,二级, AREA STUDIES 地域研究,2 [14/174],,,,,,,,,,
CLIMATE POLICY,2025,1469-3062/1752-7457,否,否,否,SSCI,5.2,,社会学,2 [220/2039],否,二级, ENVIRONMENTAL STUDIES 环境研究,3 [46/183], PUBLIC ADMINISTRATION 公共管理,3 [23/91],,,,,,,,
Journal of Politics in Latin America,2025,1866-802X/1868-4890,否,否,是,ESCI,2.1,,社会学,2 [221/2039],否,二级, POLITICAL SCIENCE 政治学,3 [84/317],,,,,,,,,,
Politics,2025,0263-3957/1467-9256,否,否,否,SSCI,2.5,,社会学,2 [222/2039],否,二级, INTERNATIONAL RELATIONS 国际关系学,3 [37/165], POLITICAL SCIENCE 政治学,3 [85/317],,,,,,,,
Leiden Journal of International Law,2025,0922-1565/1478-9698,否,是,是,SSCI,1.4,,社会学,2 [223/2039],否,二级, LAW 法学,2 [29/427],,,,,,,,,,
Journal of Global Security Studies,2025,2057-3170/2057-3189,否,否,否,ESCI,1.7,,社会学,2 [224/2039],否,二级, INTERNATIONAL RELATIONS 国际关系学,3 [38/165],,,,,,,,,,
NONPROFIT AND VOLUNTARY SECTOR QUARTERLY,2025,0899-7640/1552-7395,否,否,否,SSCI,2.5,,社会学,2 [225/2039],否,二级, SOCIAL ISSUES 社会问题,2 [9/66],,,,,,,,,,
AUSTRALIAN JOURNAL OF INTERNATIONAL AFFAIRS,2025,1035-7718/1465-332X,否,否,否,SSCI,2.7,,社会学,2 [226/2039],否,二级, INTERNATIONAL RELATIONS 国际关系学,3 [39/165],,,,,,,,,,
Journal of Legal Analysis,2025,2161-7201/1946-5319,否,否,是,SSCI,1.8,,社会学,2 [227/2039],否,二级, LAW 法学,2 [30/427],,,,,,,,,,
CRIMINAL JUSTICE AND BEHAVIOR,2025,0093-8548/1552-3594,否,否,否,SSCI,1.7,,社会学,2 [228/2039],否,二级, CRIMINOLOGY & PENOLOGY 犯罪学与刑罚学,2 [19/111]," PSYCHOLOGY, CLINICAL 心理学：临床",2 [31/179],,,,,,,,
JOURNAL OF ASIAN STUDIES,2025,0021-9118/1752-0401,否,否,否,SSCI;AHCI,0.8,,社会学,2 [229/2039],否,二级, ASIAN STUDIES 亚洲研究,1 [1/102], AREA STUDIES 地域研究,2 [15/174],,,,,,,,
POPULATION STUDIES-A JOURNAL OF DEMOGRAPHY,2025,0032-4728/1477-4747,否,否,否,SSCI,2.2,,社会学,2 [230/2039],否,二级, DEMOGRAPHY 人口学,3 [9/49],,,,,,,,,,
Global Environmental Politics,2025,1526-3800/1536-0091,否,否,否,SSCI,4,,社会学,2 [231/2039],否,二级, ENVIRONMENTAL STUDIES 环境研究,3 [49/183], INTERNATIONAL RELATIONS 国际关系学,3 [40/165], POLITICAL SCIENCE 政治学,3 [86/317],,,,,,
Journal of Contemporary China,2025,1067-0564/1469-9400,否,否,否,SSCI,2.4,,社会学,2 [232/2039],否,二级, AREA STUDIES 地域研究,2 [16/174],,,,,,,,,,
Focaal-Journal of Global and Historical Anthropology,2025,0920-1297/1558-5263,否,否,是,SSCI,1.7,,社会学,2 [233/2039],否,二级, ANTHROPOLOGY 人类学,3 [30/137],,,,,,,,,,
SOCIOLOGICAL FORUM,2025,0884-8971/1573-7861,否,否,否,SSCI,1.5,,社会学,2 [234/2039],否,二级, SOCIOLOGY 社会学,3 [57/216],,,,,,,,,,
Journal of Experimental Criminology,2025,1573-3750/1572-8315,否,否,否,SSCI,2,,社会学,2 [235/2039],否,二级, CRIMINOLOGY & PENOLOGY 犯罪学与刑罚学,2 [20/111],,,,,,,,,,
SCANDINAVIAN POLITICAL STUDIES,2025,0080-6757/1467-9477,否,否,否,SSCI,2.4,,社会学,2 [236/2039],否,二级, POLITICAL SCIENCE 政治学,3 [88/317],,,,,,,,,,
Marine Policy,2025,0308-597X/1872-9460,否,否,否,SSCI,3.7,,社会学,2 [237/2039],否,二级, ENVIRONMENTAL STUDIES 环境研究,3 [53/183], INTERNATIONAL RELATIONS 国际关系学,3 [41/165],,,,,,,,
Human Rights Law Review,2025,1461-7781/1744-1021,否,否,否,SSCI,1.8,,社会学,2 [238/2039],否,二级, LAW 法学,2 [31/427], INTERNATIONAL RELATIONS 国际关系学,3 [42/165],,,,,,,,
Sociology of Race and Ethnicity,2025,2332-6492/2332-6506,否,否,否,SSCI,2.8,,社会学,2 [239/2039],否,二级, ETHNIC STUDIES 民族研究,3 [8/39], SOCIOLOGY 社会学,3 [58/216],,,,,,,,
China Information,2025,0920-203X/1741-590X,否,否,否,SSCI,1.7,,社会学,2 [240/2039],否,二级, AREA STUDIES 地域研究,2 [17/174],,,,,,,,,,
Sociology Compass,2025,1751-9020/1751-9020,否,否,否,SSCI,2.1,,社会学,2 [241/2039],否,二级, SOCIOLOGY 社会学,3 [59/216],,,,,,,,,,
LATIN AMERICAN POLITICS AND SOCIETY,2025,1531-426X/1548-2456,否,否,否,SSCI,1.5,,社会学,2 [242/2039],否,二级, AREA STUDIES 地域研究,2 [18/174], INTERNATIONAL RELATIONS 国际关系学,3 [44/165], POLITICAL SCIENCE 政治学,3 [89/317],,,,,,
European Constitutional Law Review,2025,1574-0196/1744-5515,否,是,是,SSCI,1.9,,社会学,2 [243/2039],否,二级, LAW 法学,2 [33/427],,,,,,,,,,
German Law Journal,2025,2071-8322/2071-8322,否,否,是,ESCI,1.2,,社会学,2 [244/2039],否,二级, LAW 法学,2 [34/427],,,,,,,,,,
Nations and Nationalism,2025,1354-5078/1469-8129,否,否,否,SSCI,2,,社会学,2 [245/2039],否,二级, HISTORY 历史学,1 [17/523], ETHNIC STUDIES 民族研究,3 [9/39], POLITICAL SCIENCE 政治学,3 [90/317], SOCIOLOGY 社会学,3 [60/216],,,,
ELECTORAL STUDIES,2025,0261-3794/1873-6890,否,否,否,SSCI,2.3,,社会学,2 [246/2039],否,二级, POLITICAL SCIENCE 政治学,3 [91/317],,,,,,,,,,
JOURNAL OF INTERNATIONAL ECONOMIC LAW,2025,1369-3034/1464-3758,否,否,否,SSCI,2.6,,社会学,2 [247/2039],否,二级, LAW 法学,2 [35/427],,,,,,,,,,
Peacebuilding,2025,2164-7259/2164-7267,否,否,否,SSCI,1.1,,社会学,2 [248/2039],否,二级, INTERNATIONAL RELATIONS 国际关系学,3 [45/165], POLITICAL SCIENCE 政治学,3 [92/317],,,,,,,,
Civil Wars,2025,1369-8249/1743-968X,否,否,否,ESCI,0.9,,社会学,2 [249/2039],否,二级, POLITICAL SCIENCE 政治学,3 [93/317],,,,,,,,,,
International Feminist Journal of Politics,2025,1461-6742/1468-4470,否,否,否,SSCI,1.9,,社会学,2 [250/2039],否,二级, WOMENS STUDIES 女性研究,2 [10/66], POLITICAL SCIENCE 政治学,3 [94/317],,,,,,,,
Behavioural Public Policy,2025,2398-063X/2398-0648,否,否,否,ESCI,3.1,,社会学,2 [251/2039],否,二级," PSYCHOLOGY, APPLIED 心理学：应用",3 [34/112]," PSYCHOLOGY, SOCIAL 心理学：社会",3 [27/76], PUBLIC ADMINISTRATION 公共管理,3 [26/91],,,,,,
International Studies Perspectives,2025,1528-3577/1528-3585,否,否,否,SSCI,1.5,,社会学,2 [252/2039],否,二级, INTERNATIONAL RELATIONS 国际关系学,3 [46/165],,,,,,,,,,
International Spectator,2025,0393-2729/1751-9721,否,否,否,ESCI,1.6,,社会学,2 [253/2039],否,二级, INTERNATIONAL RELATIONS 国际关系学,3 [47/165],,,,,,,,,,
CHILD MALTREATMENT,2025,1077-5595/1552-6119,否,否,否,SSCI,3.3,,社会学,2 [254/2039],否,二级, SOCIAL WORK 社会工作,1 [4/91], FAMILY STUDIES 家庭研究,2 [9/65],,,,,,,,
LAW & SOCIETY REVIEW,2025,0023-9216/1540-5893,否,否,否,SSCI,2.1,,社会学,2 [255/2039],否,二级, LAW 法学,2 [36/427], SOCIOLOGY 社会学,3 [61/216],,,,,,,,
Transforming Anthropology,2025,1051-0559/1548-7466,否,否,否,ESCI,0.9,,社会学,2 [256/2039],否,二级, ANTHROPOLOGY 人类学,3 [33/137],,,,,,,,,,
SLAVIC REVIEW,2025,0037-6779/2325-7784,否,否,否,SSCI;AHCI,0.7,,社会学,2 [257/2039],否,二级," HUMANITIES, MULTIDISCIPLINARY 人文科学",1 [5/406], AREA STUDIES 地域研究,2 [19/174],,,,,,,,
Young,2025,1103-3088/1741-3222,否,是,是,SSCI,1.3,,社会学,2 [258/2039],否,二级," SOCIAL SCIENCES, INTERDISCIPLINARY 社会科学：跨领域",2 [27/263], SOCIOLOGY 社会学,3 [62/216],,,,,,,,
Men and Masculinities,2025,1097-184X/1552-6828,否,否,否,SSCI,1.5,,社会学,2 [259/2039],否,二级, SOCIOLOGY 社会学,3 [63/216],,,,,,,,,,
Emotion Space and Society,2025,1755-4586/1878-0040,否,否,否,SSCI,1.7,,社会学,2 [260/2039],否,二级," SOCIAL SCIENCES, INTERDISCIPLINARY 社会科学：跨领域",2 [28/263], GEOGRAPHY 地理学,3 [36/171],,,,,,,,
Chinese Sociological Review,2025,2162-0555/2162-0563,否,否,否,SSCI,1.4,,社会学,2 [261/2039],否,二级, SOCIOLOGY 社会学,3 [64/216],,,,,,,,,,
Advances in Life Course Research,2025,1569-4909/1879-6974,否,否,否,SSCI,2.4,,社会学,2 [262/2039],否,二级," SOCIAL SCIENCES, INTERDISCIPLINARY 社会科学：跨领域",2 [29/263],,,,,,,,,,
Race and Social Problems,2025,1867-1748/1867-1756,否,否,否,SSCI,1.4,,社会学,2 [263/2039],否,二级," SOCIAL SCIENCES, INTERDISCIPLINARY 社会科学：跨领域",2 [30/263], ETHNIC STUDIES 民族研究,3 [10/39], SOCIOLOGY 社会学,3 [65/216],,,,,,
LEGAL AND CRIMINOLOGICAL PSYCHOLOGY,2025,1355-3259/2044-8333,否,否,否,SSCI,1.9,,社会学,2 [264/2039],否,二级, CRIMINOLOGY & PENOLOGY 犯罪学与刑罚学,2 [21/111], LAW 法学,2 [37/427]," PSYCHOLOGY, MULTIDISCIPLINARY 心理学：综合",3 [48/219],,,,,,
East European Politics,2025,2159-9165/2159-9173,否,否,否,SSCI,3.1,,社会学,2 [265/2039],否,二级, AREA STUDIES 地域研究,2 [20/174], POLITICAL SCIENCE 政治学,3 [95/317],,,,,,,,
NEW YORK UNIVERSITY LAW REVIEW,2025,0028-7881/0028-7881,否,否,否,SSCI,1.7,,社会学,2 [266/2039],否,二级, LAW 法学,2 [38/427],,,,,,,,,,
European Journal of Political Theory,2025,1474-8851/1741-2730,否,否,否,ESCI,1.6,,社会学,2 [267/2039],否,二级, POLITICAL SCIENCE 政治学,3 [96/317],,,,,,,,,,
International Journal of Cultural Studies,2025,1367-8779/1460-356X,否,否,否,SSCI;AHCI,1.8,,社会学,2 [268/2039],否,二级, CULTURAL STUDIES 文化研究,1 [3/59],,,,,,,,,,
Chinese Journal of International Law,2025,1540-1650/1746-9937,否,否,否,SSCI,1.2,,社会学,2 [269/2039],否,二级, LAW 法学,2 [39/427], INTERNATIONAL RELATIONS 国际关系学,3 [48/165],,,,,,,,
URBAN AFFAIRS REVIEW,2025,1078-0874/1552-8332,否,否,否,SSCI,2.3,,社会学,2 [270/2039],否,二级, URBAN STUDIES 城市研究,3 [16/77],,,,,,,,,,
Sexuality Research and Social Policy,2025,1868-9884/1553-6610,否,否,否,SSCI,2.4,,社会学,2 [271/2039],否,二级," SOCIAL SCIENCES, INTERDISCIPLINARY 社会科学：跨领域",2 [32/263],,,,,,,,,,
Crime Media Culture,2025,1741-6590/1741-6604,否,否,否,SSCI,1.9,,社会学,2 [272/2039],否,二级, CRIMINOLOGY & PENOLOGY 犯罪学与刑罚学,2 [22/111], SOCIOLOGY 社会学,3 [66/216],,,,,,,,
Heritage Science,2025,2050-7445/2050-7445,否,否,是,AHCISCIE,3.9,,社会学,2 [273/2039],否,二级," HUMANITIES, MULTIDISCIPLINARY 人文科学",1 [7/406], SPECTROSCOPY 光谱学,1 [5/43]," CHEMISTRY, ANALYTICAL 分析化学",2 [15/106]," MATERIALS SCIENCE, MULTIDISCIPLINARY 材料科学：综合",2 [102/436],,,,
HARVARD LAW REVIEW,2025,0017-811X/2161-976X,否,否,否,SSCI,3.7,,社会学,2 [274/2039],否,二级, LAW 法学,2 [40/427],,,,,,,,,,
International Relations,2025,0047-1178/1741-2862,否,否,否,SSCI,1.4,,社会学,2 [275/2039],否,二级, INTERNATIONAL RELATIONS 国际关系学,3 [49/165],,,,,,,,,,
Journal of Youth Studies,2025,1367-6261/1469-9680,否,否,否,SSCI,2.2,,社会学,2 [276/2039],否,二级," SOCIAL SCIENCES, INTERDISCIPLINARY 社会科学：跨领域",2 [33/263],,,,,,,,,,
Political Science Research and Methods,2025,2049-8470/2049-8489,否,是,是,SSCI,2.6,,社会学,2 [277/2039],否,二级, POLITICAL SCIENCE 政治学,3 [97/317],,,,,,,,,,
ARCHIVES OF SEXUAL BEHAVIOR,2025,0004-0002/1573-2800,否,否,否,SSCI,2.9,,社会学,2 [278/2039],否,二级," SOCIAL SCIENCES, INTERDISCIPLINARY 社会科学：跨领域",2 [34/263]," PSYCHOLOGY, CLINICAL 心理学：临床",3 [45/179],,,,,,,,
IDENTITIES-GLOBAL STUDIES IN CULTURE AND POWER,2025,1070-289X/1547-3384,否,否,否,SSCI;AHCI,1.8,,社会学,2 [279/2039],否,二级, CULTURAL STUDIES 文化研究,1 [4/59], ETHNIC STUDIES 民族研究,3 [11/39],,,,,,,,
LEISURE SCIENCES,2025,0149-0400/1521-0588,否,否,否,SSCI,1.9,,社会学,2 [280/2039],否,二级, SOCIOLOGY 社会学,3 [67/216]," HOSPITALITY, LEISURE, SPORT & TOURISM 酒店、休闲、体育与旅游",4 [50/139],,,,,,,,
Signs and Society,2025,2326-4489/2326-4497,否,否,否,SSCI;AHCI,1.2,,社会学,2 [281/2039],否,二级," HUMANITIES, MULTIDISCIPLINARY 人文科学",1 [8/406], ANTHROPOLOGY 人类学,3 [35/137], COMMUNICATION 传播学,3 [49/223], LINGUISTICS 语言学,3 [77/294],,,,
INTERNATIONAL MIGRATION REVIEW,2025,0197-9183/1747-7379,否,否,否,SSCI,2.4,,社会学,2 [282/2039],否,二级, DEMOGRAPHY 人口学,3 [11/49],,,,,,,,,,
Race and Justice,2025,2153-3687/2153-3687,否,否,否,SSCI,2.3,,社会学,2 [283/2039],否,二级, CRIMINOLOGY & PENOLOGY 犯罪学与刑罚学,2 [23/111], ETHNIC STUDIES 民族研究,4 [12/39],,,,,,,,
CRITICAL SOCIAL POLICY,2025,0261-0183/1461-703X,否,否,否,SSCI,2.2,,社会学,2 [284/2039],否,二级, SOCIAL ISSUES 社会问题,2 [11/66]," SOCIAL SCIENCES, INTERDISCIPLINARY 社会科学：跨领域",3 [35/263],,,,,,,,
EUROPEAN JOURNAL OF MIGRATION AND LAW,2025,1388-364X/1571-8166,否,否,否,SSCI,2,,社会学,2 [285/2039],否,二级, LAW 法学,2 [41/427], DEMOGRAPHY 人口学,3 [12/49],,,,,,,,
GEOGRAPHICAL JOURNAL,2025,0016-7398/1475-4959,否,否,否,SSCI,3.1,,社会学,2 [286/2039],否,二级, GEOGRAPHY 地理学,3 [38/171],,,,,,,,,,
International Journal of Intercultural Relations,2025,0147-1767/1873-7552,否,否,否,SSCI,2.8,,社会学,2 [287/2039],否,二级," PSYCHOLOGY, SOCIAL 心理学：社会",3 [30/76]," SOCIAL SCIENCES, INTERDISCIPLINARY 社会科学：跨领域",3 [36/263], SOCIOLOGY 社会学,3 [68/216],,,,,,
Feminist Theory,2025,1464-7001/1741-2773,否,否,否,SSCI,1.3,,社会学,2 [288/2039],否,二级, WOMENS STUDIES 女性研究,2 [11/66],,,,,,,,,,
Regional and Federal Studies,2025,1359-7566/1743-9434,否,否,否,ESCI,1.4,,社会学,2 [289/2039],否,二级, POLITICAL SCIENCE 政治学,3 [99/317],,,,,,,,,,
Global Society,2025,1360-0826/1469-798X,否,否,否,ESCI,2.3,,社会学,2 [290/2039],否,二级, INTERNATIONAL RELATIONS 国际关系学,3 [50/165],,,,,,,,,,
DEVELOPMENT AND CHANGE,2025,0012-155X/1467-7660,否,否,否,SSCI,3.2,,社会学,2 [291/2039],否,二级, DEVELOPMENT STUDIES 发展研究,3 [14/63],,,,,,,,,,
Journal of Urban Management,2025,2226-5856/2589-0360,否,否,是,ESCI,5,,社会学,2 [292/2039],否,二级, URBAN STUDIES 城市研究,2 [13/77],,,,,,,,,,
CRITICAL INQUIRY,2025,0093-1896/1539-7858,否,否,否,SSCI;AHCI,1.4,,社会学,2 [293/2039],否,二级, CULTURAL STUDIES 文化研究,2 [5/59],,,,,,,,,,
Qualitative Sociology,2025,0162-0436/1573-7837,否,否,否,SSCI,2.1,,社会学,2 [294/2039],否,二级, SOCIOLOGY 社会学,3 [70/216],,,,,,,,,,
African Security,2025,1939-2206/1939-2214,否,否,否,ESCI,1.3,,社会学,2 [295/2039],否,二级, POLITICAL SCIENCE 政治学,3 [100/317],,,,,,,,,,
INTERNATIONAL INTERACTIONS,2025,0305-0629/1547-7444,否,否,否,SSCI,1.4,,社会学,2 [296/2039],否,二级, INTERNATIONAL RELATIONS 国际关系学,3 [51/165],,,,,,,,,,
AMERICAN JOURNAL OF INTERNATIONAL LAW,2025,0002-9300/2161-7953,否,否,否,SSCI,2.3,,社会学,2 [297/2039],否,二级, LAW 法学,2 [42/427], INTERNATIONAL RELATIONS 国际关系学,3 [52/165],,,,,,,,
Polar-Political and Legal Anthropology Review,2025,1081-6976/1555-2934,否,否,否,SSCI,1.3,,社会学,2 [298/2039],否,二级, ANTHROPOLOGY 人类学,3 [36/137],,,,,,,,,,
Politics and Governance,2025,2183-2463/2183-2463,否,否,是,SSCI,2.1,,社会学,2 [299/2039],否,二级, POLITICAL SCIENCE 政治学,3 [101/317],,,,,,,,,,
European Journal of Futures Research,2025,2195-4194/2195-2248,否,否,是,SSCI,3.7,,社会学,2 [300/2039],否,二级," SOCIAL SCIENCES, INTERDISCIPLINARY 社会科学：跨领域",3 [37/263],,,,,,,,,,
AMERICAN BUSINESS LAW JOURNAL,2025,0002-7766/1744-1714,否,否,否,SSCI,1.5,,社会学,2 [301/2039],否,二级, LAW 法学,3 [43/427], BUSINESS 商业：管理,4 [99/302],,,,,,,,
Journal of Contemporary East Asia Studies,2025,2476-1028/2476-1036,否,否,是,ESCI,1.4,,社会学,2 [302/2039],否,二级, AREA STUDIES 地域研究,2 [21/174],,,,,,,,,,
European Journal of Cultural Studies,2025,1367-5494/1460-3551,否,否,否,SSCI;AHCI,1.7,,社会学,2 [303/2039],否,二级, CULTURAL STUDIES 文化研究,2 [6/59],,,,,,,,,,
Social Policy and Society,2025,1474-7464/1475-3073,否,否,否,SSCI,2,,社会学,2 [304/2039],否,二级, SOCIAL WORK 社会工作,1 [5/91], SOCIAL ISSUES 社会问题,3 [14/66],,,,,,,,
Critical Philosophy of Race,2025,2165-8684/2165-8692,否,否,否,ESCI,1.1,,社会学,2 [305/2039],否,二级, ETHNIC STUDIES 民族研究,4 [13/39],,,,,,,,,,
HUMAN NATURE-AN INTERDISCIPLINARY BIOSOCIAL PERSPECTIVE,2025,1045-6767/1936-4776,否,否,否,SSCI,2.2,,社会学,2 [306/2039],否,二级, ANTHROPOLOGY 人类学,3 [37/137]," SOCIAL SCIENCES, BIOMEDICAL 社会科学：生物医学",3 [14/46],,,,,,,,
JOURNAL OF MATERIAL CULTURE,2025,1359-1835/1460-3586,否,否,否,SSCI;AHCI,0.9,,社会学,2 [307/2039],否,二级, ARCHAEOLOGY 考古学,2 [26/164], CULTURAL STUDIES 文化研究,2 [7/59], ANTHROPOLOGY 人类学,3 [38/137],,,,,,
AREA,2025,0004-0894/1475-4762,否,否,是,SSCI,2.1,,社会学,3 [308/2039],否,二级, GEOGRAPHY 地理学,3 [41/171],,,,,,,,,,
Du Bois Review-Social Science Research on Race,2025,1742-058X/1742-0598,否,否,否,SSCI,2,,社会学,3 [309/2039],否,二级, SOCIOLOGY 社会学,3 [72/216], ETHNIC STUDIES 民族研究,4 [14/39],,,,,,,,
LAW AND SOCIAL INQUIRY-JOURNAL OF THE AMERICAN BAR FOUNDATION,2025,0897-6546/1747-4469,否,否,否,SSCI,1,,社会学,3 [310/2039],否,二级, LAW 法学,3 [44/427],,,,,,,,,,
Law and History Review,2025,0738-2480/1939-9022,否,否,否,SSCI;AHCI,0.6,,社会学,3 [311/2039],否,二级, HISTORY 历史学,2 [26/523], HISTORY OF SOCIAL SCIENCES 社会科学史,2 [6/42], LAW 法学,3 [45/427],,,,,,
MILLENNIUM-JOURNAL OF INTERNATIONAL STUDIES,2025,0305-8298/1477-9021,否,否,否,SSCI,1.8,,社会学,3 [312/2039],否,二级, INTERNATIONAL RELATIONS 国际关系学,3 [53/165],,,,,,,,,,
Global Policy,2025,1758-5880/1758-5899,否,否,否,SSCI,1.8,,社会学,3 [313/2039],否,二级, POLITICAL SCIENCE 政治学,3 [102/317], INTERNATIONAL RELATIONS 国际关系学,4 [54/165],,,,,,,,
UNIVERSITY OF CHICAGO LAW REVIEW,2025,0041-9494,否,否,否,SSCI,2.9,,社会学,3 [314/2039],否,二级, LAW 法学,3 [46/427],,,,,,,,,,
Journal of Occupational Science,2025,1442-7591/2158-1576,否,否,否,ESCI,2.9,,社会学,3 [315/2039],否,二级," SOCIAL SCIENCES, INTERDISCIPLINARY 社会科学：跨领域",3 [40/263],,,,,,,,,,
Geographical Research,2025,1745-5863/1745-5871,否,否,否,SSCI,2.7,,社会学,3 [316/2039],否,二级, GEOGRAPHY 地理学,3 [43/171],,,,,,,,,,
Heritage,2025,2571-9408/2571-9408,否,否,是,ESCI,1.9,,社会学,3 [317/2039],否,二级," HUMANITIES, MULTIDISCIPLINARY 人文科学",1 [10/406], MULTIDISCIPLINARY SCIENCES 综合性期刊,2 [20/131],,,,,,,,
CHINA QUARTERLY,2025,0305-7410/1468-2648,否,否,否,SSCI,2.5,,社会学,3 [318/2039],否,二级, AREA STUDIES 地域研究,2 [22/174],,,,,,,,,,
German Politics,2025,0964-4008/1743-8993,否,否,否,SSCI,2.1,,社会学,3 [319/2039],否,二级, POLITICAL SCIENCE 政治学,3 [103/317],,,,,,,,,,
Internet Policy Review,2025,2197-6775/2197-6775,否,否,是,ESCI,3.2,,社会学,3 [320/2039],否,二级, COMMUNICATION 传播学,3 [55/223], LAW 法学,3 [47/427],,,,,,,,
Journal of Trust Research,2025,2151-5581/2151-559X,否,否,否,ESCI,3.5,,社会学,3 [321/2039],否,二级," PSYCHOLOGY, SOCIAL 心理学：社会",3 [33/76], MANAGEMENT 管理学,4 [149/404],,,,,,,,
Current Legal Problems,2025,0070-1998/2044-8422,否,否,否,SSCI,1.1,,社会学,3 [322/2039],否,二级, LAW 法学,3 [48/427],,,,,,,,,,
POLITICAL QUARTERLY,2025,0032-3179/1467-923X,否,否,否,SSCI,1.5,,社会学,3 [323/2039],否,二级, POLITICAL SCIENCE 政治学,3 [104/317],,,,,,,,,,
Progress in Development Studies,2025,1464-9934/1477-027X,否,否,否,SSCI,1,,社会学,3 [324/2039],否,二级, DEVELOPMENT STUDIES 发展研究,3 [16/63],,,,,,,,,,
Policing & Society,2025,1043-9463/1477-2728,否,否,否,SSCI,2.2,,社会学,3 [325/2039],否,二级, CRIMINOLOGY & PENOLOGY 犯罪学与刑罚学,3 [26/111],,,,,,,,,,
Journal of Korean Studies,2025,0731-1613/2158-1665,否,否,否,AHCI,0.5,,社会学,3 [326/2039],否,二级, ASIAN STUDIES 亚洲研究,1 [2/102], HISTORY 历史学,2 [29/523],,,,,,,,
Affilia-Feminist Inquiry in Social Work,2025,0886-1099/1552-3020,否,否,否,SSCI,1.8,,社会学,3 [327/2039],否,二级, SOCIAL WORK 社会工作,2 [6/91], WOMENS STUDIES 女性研究,2 [13/66],,,,,,,,
Critical Studies in Fashion & Beauty,2025,2040-4417/2040-4425,否,否,否,ESCI,0.9,,社会学,3 [328/2039],否,二级," HUMANITIES, MULTIDISCIPLINARY 人文科学",1 [11/406],,,,,,,,,,
Global Responsibility to Protect,2025,1875-9858/1875-984X,否,否,否,ESCI,1.2,,社会学,3 [329/2039],否,二级, LAW 法学,3 [49/427], POLITICAL SCIENCE 政治学,3 [105/317], INTERNATIONAL RELATIONS 国际关系学,4 [55/165],,,,,,
SOCIAL INDICATORS RESEARCH,2025,0303-8300/1573-0921,否,否,否,SSCI,2.8,,社会学,3 [330/2039],否,二级," SOCIAL SCIENCES, INTERDISCIPLINARY 社会科学：跨领域",3 [41/263], SOCIOLOGY 社会学,3 [75/216],,,,,,,,
Cambridge Review of International Affairs,2025,0955-7571/1474-449X,否,否,否,SSCI,1.3,,社会学,3 [331/2039],否,二级, POLITICAL SCIENCE 政治学,3 [106/317], INTERNATIONAL RELATIONS 国际关系学,4 [56/165],,,,,,,,
Grotiana,2025,0167-3831/1876-0759,否,否,否,ESCI,<0.1,,社会学,3 [332/2039],否,二级," HUMANITIES, MULTIDISCIPLINARY 人文科学",1 [13/406],,,,,,,,,,
JOURNAL OF SOCIAL POLICY,2025,0047-2794/1469-7823,否,否,否,SSCI,2.6,,社会学,3 [333/2039],否,二级, SOCIAL WORK 社会工作,2 [7/91], PUBLIC ADMINISTRATION 公共管理,3 [33/91], SOCIAL ISSUES 社会问题,3 [15/66],,,,,,
NOTRE DAME LAW REVIEW,2025,0745-3515,否,否,否,SSCI,1.3,,社会学,3 [334/2039],否,二级, LAW 法学,3 [51/427],,,,,,,,,,
NAIS-Native American and Indigenous Studies Association,2025,2332-1261/2332-1261,否,否,否,ESCI,1.8,,社会学,3 [335/2039],否,二级, ETHNIC STUDIES 民族研究,4 [15/39],,,,,,,,,,
Cultural Trends,2025,0954-8963/1469-3690,否,否,否,SSCI;AHCI,1.3,,社会学,3 [336/2039],否,二级," HUMANITIES, MULTIDISCIPLINARY 人文科学",1 [14/406], CULTURAL STUDIES 文化研究,2 [8/59]," SOCIAL SCIENCES, INTERDISCIPLINARY 社会科学：跨领域",3 [42/263],,,,,,
SOCIAL & LEGAL STUDIES,2025,0964-6639/1461-7390,否,否,否,SSCI,1.4,,社会学,3 [337/2039],否,二级, CRIMINOLOGY & PENOLOGY 犯罪学与刑罚学,3 [27/111], LAW 法学,3 [52/427]," SOCIAL SCIENCES, INTERDISCIPLINARY 社会科学：跨领域",3 [43/263],,,,,,
International Politics,2025,1384-5748/1740-3898,否,否,否,SSCI,0.9,,社会学,3 [338/2039],否,二级, POLITICAL SCIENCE 政治学,3 [107/317], INTERNATIONAL RELATIONS 国际关系学,4 [57/165],,,,,,,,
CRIME & DELINQUENCY,2025,0011-1287/1552-387X,否,否,否,SSCI,1.5,,社会学,3 [339/2039],否,二级, CRIMINOLOGY & PENOLOGY 犯罪学与刑罚学,3 [28/111],,,,,,,,,,
Youth Violence and Juvenile Justice,2025,1541-2040/1556-9330,否,否,否,SSCI,1.1,,社会学,3 [340/2039],否,二级, CRIMINOLOGY & PENOLOGY 犯罪学与刑罚学,3 [29/111],,,,,,,,,,
CULTURAL STUDIES,2025,0950-2386/1466-4348,否,否,否,SSCI;AHCI,1.2,,社会学,3 [341/2039],否,二级, CULTURAL STUDIES 文化研究,2 [9/59], ANTHROPOLOGY 人类学,3 [39/137],,,,,,,,
ANNALS OF THE AMERICAN ACADEMY OF POLITICAL AND SOCIAL SCIENCE,2025,0002-7162/1552-3349,否,否,否,SSCI,2.6,,社会学,3 [342/2039],否,二级, POLITICAL SCIENCE 政治学,3 [108/317]," SOCIAL SCIENCES, INTERDISCIPLINARY 社会科学：跨领域",3 [44/263],,,,,,,,
CHILDHOOD-A GLOBAL JOURNAL OF CHILD RESEARCH,2025,0907-5682/1461-7013,否,否,否,SSCI,1.7,,社会学,3 [343/2039],否,二级," SOCIAL SCIENCES, INTERDISCIPLINARY 社会科学：跨领域",3 [45/263],,,,,,,,,,
New Perspectives on Turkey,2025,0896-6346/1305-3299,否,否,否,SSCI,1.1,,社会学,3 [344/2039],否,二级, AREA STUDIES 地域研究,2 [23/174]," SOCIAL SCIENCES, INTERDISCIPLINARY 社会科学：跨领域",3 [46/263],,,,,,,,
SOCIAL WORK,2025,0037-8046/1545-6846,否,否,否,SSCI,2.7,,社会学,3 [345/2039],否,二级, SOCIAL WORK 社会工作,2 [8/91],,,,,,,,,,
INTERNATIONAL JOURNAL,2025,0020-7020/2052-465X,否,否,否,SSCI,2.3,,社会学,3 [346/2039],否,二级, INTERNATIONAL RELATIONS 国际关系学,4 [58/165],,,,,,,,,,
SCIENCE TECHNOLOGY & HUMAN VALUES,2025,0162-2439/1552-8251,否,否,否,SSCI,3.3,,社会学,3 [347/2039],否,二级, SOCIAL ISSUES 社会问题,3 [16/66],,,,,,,,,,
Journal of Political Power,2025,2158-379X/2158-3803,否,否,否,ESCI,1.3,,社会学,3 [348/2039],否,二级, POLITICAL SCIENCE 政治学,3 [109/317],,,,,,,,,,
POPULATION AND ENVIRONMENT,2025,0199-0039/1573-7810,否,否,否,SSCI,2.5,,社会学,3 [349/2039],否,二级, DEMOGRAPHY 人口学,3 [15/49], ENVIRONMENTAL STUDIES 环境研究,3 [66/183],,,,,,,,
International Journal of Cultural Policy,2025,1028-6632/1477-2833,否,否,否,SSCI;AHCI,1.6,,社会学,3 [350/2039],否,二级, CULTURAL STUDIES 文化研究,2 [10/59],,,,,,,,,,
DAEDALUS,2025,0011-5266/1548-6192,否,否,否,SSCI;AHCI,2.7,,社会学,3 [351/2039],否,二级," HUMANITIES, MULTIDISCIPLINARY 人文科学",1 [15/406]," SOCIAL SCIENCES, INTERDISCIPLINARY 社会科学：跨领域",3 [47/263],,,,,,,,
Trends in Organized Crime,2025,1084-4791/1936-4830,否,否,否,SSCI,1.9,,社会学,3 [352/2039],否,二级, CRIMINOLOGY & PENOLOGY 犯罪学与刑罚学,3 [30/111],,,,,,,,,,
Nationalities Papers-The Journal of Nationalism and Ethnicity,2025,0090-5992/1465-3923,否,否,否,SSCI,1.6,,社会学,3 [353/2039],否,二级, AREA STUDIES 地域研究,2 [24/174], HISTORY 历史学,2 [34/523], POLITICAL SCIENCE 政治学,3 [110/317], ETHNIC STUDIES 民族研究,4 [16/39],,,,
Asia Pacific Viewpoint,2025,1360-7456/1467-8373,否,否,否,SSCI,1.5,,社会学,3 [354/2039],否,二级, AREA STUDIES 地域研究,3 [25/174], GEOGRAPHY 地理学,4 [45/171],,,,,,,,
Territory Politics Governance,2025,2162-2671/2162-268X,否,否,否,SSCI,2.3,,社会学,3 [355/2039],否,二级, GEOGRAPHY 地理学,4 [46/171], POLITICAL SCIENCE 政治学,4 [111/317],,,,,,,,
Environmental Policy and Governance,2025,1756-932X/1756-9338,否,否,否,SSCI,3.9,,社会学,3 [356/2039],否,二级, ENVIRONMENTAL STUDIES 环境研究,3 [68/183],,,,,,,,,,
Journal of Vietnamese Studies,2025,1559-372X/1559-3738,否,否,否,ESCI,0.3,,社会学,3 [357/2039],否,二级, AREA STUDIES 地域研究,3 [26/174],,,,,,,,,,
CRITIQUE OF ANTHROPOLOGY,2025,0308-275X/1460-3721,否,否,否,SSCI,1.6,,社会学,3 [358/2039],否,二级, ANTHROPOLOGY 人类学,3 [40/137],,,,,,,,,,
Sociological Methodology,2025,0081-1750/1467-9531,否,否,否,SSCI,2.5,,社会学,3 [359/2039],否,二级, SOCIOLOGY 社会学,3 [77/216],,,,,,,,,,
Swiss Political Science Review,2025,1424-7755/1662-6370,否,否,否,SSCI,1.6,,社会学,3 [360/2039],否,二级, POLITICAL SCIENCE 政治学,4 [112/317],,,,,,,,,,
POPULATION RESEARCH AND POLICY REVIEW,2025,0167-5923/1573-7829,否,否,否,SSCI,1.5,,社会学,3 [361/2039],否,二级, DEMOGRAPHY 人口学,4 [16/49],,,,,,,,,,
Ethnopolitics,2025,1744-9057/1744-9065,否,否,否,ESCI,1.2,,社会学,3 [362/2039],否,二级, ETHNIC STUDIES 民族研究,4 [17/39], POLITICAL SCIENCE 政治学,4 [113/317],,,,,,,,
International Journal of Social Research Methodology,2025,1364-5579/1464-5300,否,否,否,SSCI,2,,社会学,3 [363/2039],否,二级," SOCIAL SCIENCES, INTERDISCIPLINARY 社会科学：跨领域",3 [48/263],,,,,,,,,,
BOSTON UNIVERSITY LAW REVIEW,2025,0006-8047/0006-8047,否,否,否,SSCI,1.7,,社会学,3 [364/2039],否,二级, LAW 法学,3 [54/427],,,,,,,,,,
Contemporary Political Theory,2025,1470-8914/1476-9336,否,否,否,SSCI,0.7,,社会学,3 [365/2039],否,二级, POLITICAL SCIENCE 政治学,4 [114/317],,,,,,,,,,
POLITICAL RESEARCH QUARTERLY,2025,1065-9129/1938-274X,否,否,否,SSCI,2.1,,社会学,3 [366/2039],否,二级, POLITICAL SCIENCE 政治学,4 [115/317],,,,,,,,,,
Socius,2025,2378-0231/2378-0231,否,否,是,ESCI,2,,社会学,3 [367/2039],否,二级, SOCIOLOGY 社会学,3 [78/216],,,,,,,,,,
AMERICAN POLITICS RESEARCH,2025,1532-673X/1552-3373,否,否,否,SSCI,1.8,,社会学,3 [368/2039],否,二级, POLITICAL SCIENCE 政治学,4 [116/317],,,,,,,,,,
SOCIAL SCIENCE COMPUTER REVIEW,2025,0894-4393/1552-8286,否,否,否,SSCI;SCIE,2.7,,社会学,3 [369/2039],否,二级," COMPUTER SCIENCE, INTERDISCIPLINARY APPLICATIONS 计算机：跨学科应用",3 [62/172], INFORMATION SCIENCE & LIBRARY SCIENCE 图书情报与档案管理,3 [43/160]," SOCIAL SCIENCES, INTERDISCIPLINARY 社会科学：跨领域",3 [49/263],,,,,,
CRITICAL ASIAN STUDIES,2025,1467-2715/1472-6033,否,否,否,SSCI,1.4,,社会学,3 [370/2039],否,二级, AREA STUDIES 地域研究,3 [27/174],,,,,,,,,,
State Crime,2025,2046-6056/2046-6064,否,否,是,ESCI,1.8,,社会学,3 [371/2039],否,二级, POLITICAL SCIENCE 政治学,4 [118/317],,,,,,,,,,
Demographic Research,2025,1435-9871/1435-9871,否,否,是,SSCI,2,,社会学,3 [372/2039],否,二级, DEMOGRAPHY 人口学,4 [18/49],,,,,,,,,,
FOREIGN AFFAIRS,2025,0015-7120,否,否,否,SSCI,,,社会学,3 [373/2039],否,二级, INTERNATIONAL RELATIONS 国际关系学,4 [59/165],,,,,,,,,,
CHILDREN AND YOUTH SERVICES REVIEW,2025,0190-7409/1873-7765,否,否,否,SSCI,1.7,,社会学,3 [374/2039],否,二级, SOCIAL WORK 社会工作,2 [10/91], FAMILY STUDIES 家庭研究,3 [18/65],,,,,,,,
Quarterly Journal of Political Science,2025,1554-0626/1554-0634,否,否,否,SSCI,1.8,,社会学,3 [375/2039],否,二级, POLITICAL SCIENCE 政治学,4 [119/317],,,,,,,,,,
Geohumanities,2025,2373-566X/2373-5678,否,否,否,ESCI,1.1,,社会学,3 [376/2039],否,二级, GEOGRAPHY 地理学,4 [47/171],,,,,,,,,,
SOCIAL POLICY & ADMINISTRATION,2025,0144-5596/1467-9515,否,否,否,SSCI,2.2,,社会学,3 [377/2039],否,二级, SOCIAL WORK 社会工作,2 [11/91], DEVELOPMENT STUDIES 发展研究,3 [19/63], SOCIAL ISSUES 社会问题,3 [17/66], PUBLIC ADMINISTRATION 公共管理,4 [35/91],,,,
Journal of Law and Courts,2025,2164-6570/2164-6589,否,否,否,ESCI,1.3,,社会学,3 [378/2039],否,二级, LAW 法学,3 [55/427],,,,,,,,,,
NATIONAL IDENTITIES,2025,1460-8944/1469-9907,否,否,否,ESCI,0.7,,社会学,3 [379/2039],否,二级, POLITICAL SCIENCE 政治学,4 [120/317],,,,,,,,,,
EUROPEAN JOURNAL OF WOMENS STUDIES,2025,1350-5068/1461-7420,否,否,否,SSCI,1.8,,社会学,3 [380/2039],否,二级, WOMENS STUDIES 女性研究,3 [14/66],,,,,,,,,,
Critical Studies on Security,2025,2162-4887/2162-4909,否,否,否,ESCI,1.3,,社会学,3 [381/2039],否,二级, INTERNATIONAL RELATIONS 国际关系学,4 [60/165], POLITICAL SCIENCE 政治学,4 [121/317],,,,,,,,
AMERICAN JOURNAL OF COMPARATIVE LAW,2025,0002-919X/2326-9197,否,否,否,SSCI,1,,社会学,3 [382/2039],否,二级, LAW 法学,3 [56/427],,,,,,,,,,
Law & Policy,2025,0265-8240/1467-9930,否,否,否,SSCI,1.6,,社会学,3 [383/2039],否,二级, LAW 法学,3 [57/427],,,,,,,,,,
State Politics & Policy Quarterly,2025,1532-4400/1946-1607,否,否,否,SSCI,1.4,,社会学,3 [384/2039],否,二级, POLITICAL SCIENCE 政治学,4 [122/317],,,,,,,,,,
JOURNAL OF MODERN AFRICAN STUDIES,2025,0022-278X/1469-7777,否,否,否,SSCI,1.1,,社会学,3 [385/2039],否,二级, AREA STUDIES 地域研究,3 [28/174],,,,,,,,,,
Italian Political Science Review-Rivista Italiana di Scienza Politica,2025,0048-8402/2057-4908,否,否,否,ESCI,1.9,,社会学,3 [386/2039],否,二级, POLITICAL SCIENCE 政治学,4 [123/317],,,,,,,,,,
Ming Studies,2025,0147-037X/1759-7595,否,否,否,ESCI,0.3,,社会学,3 [387/2039],否,二级, ASIAN STUDIES 亚洲研究,1 [3/102],,,,,,,,,,
Constellations-An International Journal of Critical and Democratic Theory,2025,1351-0487/1467-8675,否,否,否,ESCI,1.2,,社会学,3 [388/2039],否,二级, POLITICAL SCIENCE 政治学,4 [124/317],,,,,,,,,,
ETHNOS,2025,0014-1844/1469-588X,否,否,否,SSCI,1.7,,社会学,3 [389/2039],否,二级, ANTHROPOLOGY 人类学,3 [42/137],,,,,,,,,,
Journal of Women Politics & Policy,2025,1554-477X/1554-4788,否,否,否,SSCI,1.5,,社会学,3 [390/2039],否,二级, WOMENS STUDIES 女性研究,3 [15/66], POLITICAL SCIENCE 政治学,4 [126/317],,,,,,,,
Journal of Contemporary European Studies,2025,1478-2804/1478-2790,否,否,否,SSCI,1.8,,社会学,3 [391/2039],否,二级, AREA STUDIES 地域研究,3 [29/174], INTERNATIONAL RELATIONS 国际关系学,4 [61/165], POLITICAL SCIENCE 政治学,4 [127/317],,,,,,
WASHINGTON QUARTERLY,2025,0163-660X/1530-9177,否,否,否,SSCI,1.7,,社会学,3 [392/2039],否,二级, LAW 法学,3 [58/427], INTERNATIONAL RELATIONS 国际关系学,4 [62/165],,,,,,,,
Conflict Security & Development,2025,1467-8802/1478-1174,否,否,否,ESCI,1.4,,社会学,3 [393/2039],否,二级, INTERNATIONAL RELATIONS 国际关系学,4 [63/165],,,,,,,,,,
GENUS,2025,2035-5556/2035-5556,否,否,是,ESCI,1.7,,社会学,3 [394/2039],否,二级, DEMOGRAPHY 人口学,4 [19/49],,,,,,,,,,
CURRENT SOCIOLOGY,2025,0011-3921/1461-7064,否,否,否,SSCI,1.6,,社会学,3 [395/2039],否,二级, SOCIOLOGY 社会学,3 [79/216],,,,,,,,,,
Emotions and Society,2025,2631-6897/2631-6900,否,否,否,ESCI,1.6,,社会学,3 [396/2039],否,二级, SOCIOLOGY 社会学,4 [80/216],,,,,,,,,,
Bereavement-Journal of Grief and Responses to Death,2025,2754-7833/2754-7833,否,否,否,ESCI,1.2,,社会学,3 [397/2039],否,二级, SOCIAL WORK 社会工作,2 [12/91],,,,,,,,,,
ALTERNATIVES,2025,0304-3754/2163-3150,否,否,否,SSCI,2.1,,社会学,3 [398/2039],否,二级, INTERNATIONAL RELATIONS 国际关系学,4 [64/165],,,,,,,,,,
Journal of Public Policy,2025,0143-814X/1469-7815,否,是,是,SSCI,2.1,,社会学,3 [399/2039],否,二级, POLITICAL SCIENCE 政治学,4 [128/317], PUBLIC ADMINISTRATION 公共管理,4 [38/91],,,,,,,,
Globalizations,2025,1474-7731/1474-774X,否,否,否,SSCI,2,,社会学,3 [400/2039],否,二级," SOCIAL SCIENCES, INTERDISCIPLINARY 社会科学：跨领域",3 [50/263], INTERNATIONAL RELATIONS 国际关系学,4 [65/165],,,,,,,,
COMMUNIST AND POST-COMMUNIST STUDIES,2025,0967-067X/1873-6920,否,否,否,SSCI,1.3,,社会学,3 [401/2039],否,二级, INTERNATIONAL RELATIONS 国际关系学,4 [66/165], POLITICAL SCIENCE 政治学,4 [129/317],,,,,,,,
Journal of Refugee Studies,2025,0951-6328/1471-6925,否,否,否,SSCI,1.9,,社会学,3 [402/2039],否,二级, DEMOGRAPHY 人口学,4 [20/49], ETHNIC STUDIES 民族研究,4 [18/39],,,,,,,,
Applied Research in Quality of Life,2025,1871-2584/1871-2576,否,否,否,SSCI,2.5,,社会学,3 [403/2039],否,二级," SOCIAL SCIENCES, INTERDISCIPLINARY 社会科学：跨领域",3 [51/263],,,,,,,,,,
FORDHAM LAW REVIEW,2025,0015-704X/0015-704X,否,否,否,SSCI,1,,社会学,3 [404/2039],否,二级, LAW 法学,3 [60/427],,,,,,,,,,
CONFLICT MANAGEMENT AND PEACE SCIENCE,2025,0738-8942/1549-9219,否,否,否,SSCI,1.4,,社会学,3 [405/2039],否,二级, INTERNATIONAL RELATIONS 国际关系学,4 [67/165],,,,,,,,,,
European Law Journal,2025,1351-5993/1468-0386,否,否,否,SSCI,2.2,,社会学,3 [406/2039],否,二级, LAW 法学,3 [61/427],,,,,,,,,,
Iranian Studies,2025,0021-0862/1475-4819,否,否,否,SSCI;AHCI,0.9,,社会学,3 [407/2039],否,二级, ASIAN STUDIES 亚洲研究,1 [4/102], AREA STUDIES 地域研究,3 [30/174],,,,,,,,
Voluntas,2025,0957-8765/1573-7888,否,否,否,SSCI,2,,社会学,3 [408/2039],否,二级, SOCIAL ISSUES 社会问题,3 [19/66],,,,,,,,,,
Postcolonial Studies,2025,1368-8790/1466-1888,否,否,否,SSCI;AHCI,1.8,,社会学,3 [409/2039],否,二级, HISTORY 历史学,2 [42/523], CULTURAL STUDIES 文化研究,3 [12/59],,,,,,,,
JOURNAL OF LEISURE RESEARCH,2025,0022-2216/2159-6417,否,否,否,SSCI,1.9,,社会学,3 [410/2039],否,二级," HOSPITALITY, LEISURE, SPORT & TOURISM 酒店、休闲、体育与旅游",4 [60/139], SOCIOLOGY 社会学,4 [81/216],,,,,,,,
REPRESENTATIONS,2025,0734-6018/1533-855X,否,否,否,SSCI;AHCI,0.9,,社会学,3 [411/2039],否,二级, CULTURAL STUDIES 文化研究,3 [13/59],,,,,,,,,,
Journal of Environment & Development,2025,1070-4965/1552-5465,否,否,否,SSCI,2,,社会学,3 [412/2039],否,二级, DEVELOPMENT STUDIES 发展研究,3 [20/63], ENVIRONMENTAL STUDIES 环境研究,3 [71/183], REGIONAL & URBAN PLANNING 区域与城市规划,4 [24/54],,,,,,
Yale Journal on Regulation,2025,0741-9457/2376-5925,否,否,否,SSCI,2.1,,社会学,3 [413/2039],否,二级, LAW 法学,3 [62/427],,,,,,,,,,
SOUTH ATLANTIC QUARTERLY,2025,0038-2876/1527-8026,否,否,否,SSCI;AHCI,1.5,,社会学,3 [414/2039],否,二级, LITERARY REVIEWS 文学评论,1 [1/42], CULTURAL STUDIES 文化研究,3 [14/59],,,,,,,,
Social Currents,2025,2329-4965/2329-4973,否,否,否,ESCI,1.7,,社会学,3 [415/2039],否,二级, SOCIOLOGY 社会学,4 [82/216],,,,,,,,,,
International Journal of Sociology,2025,0020-7659/1557-9336,否,否,否,ESCI,1.1,,社会学,3 [416/2039],否,二级, SOCIOLOGY 社会学,4 [83/216],,,,,,,,,,
East Asian Publishing and Society,2025,2210-6278/2210-6286,否,否,否,ESCI,0.3,,社会学,3 [417/2039],否,二级, ASIAN STUDIES 亚洲研究,1 [5/102],,,,,,,,,,
Journal of Human Rights and the Environment,2025,1759-7188/1759-7196,否,否,否,ESCI,3.5,,社会学,3 [418/2039],否,二级, ENVIRONMENTAL STUDIES 环境研究,3 [72/183], LAW 法学,3 [64/427],,,,,,,,
Frontiers in Political Science,2025,2673-3145/2673-3145,否,否,是,ESCI,1.9,,社会学,3 [419/2039],否,二级, INTERNATIONAL RELATIONS 国际关系学,4 [68/165], POLITICAL SCIENCE 政治学,4 [130/317],,,,,,,,
BRITISH JOURNAL OF SOCIAL WORK,2025,0045-3102/1468-263X,否,否,否,SSCI,1.5,,社会学,3 [420/2039],否,二级, SOCIAL WORK 社会工作,2 [13/91],,,,,,,,,,
Distinktion-Journal of Social Theory,2025,1600-910X/2159-9149,否,否,否,ESCI,1.7,,社会学,3 [421/2039],否,二级, SOCIOLOGY 社会学,4 [84/216],,,,,,,,,,
Environmental Sociology,2025,2325-1042/2325-1042,否,否,否,ESCI,2.8,,社会学,3 [422/2039],否,二级, ENVIRONMENTAL STUDIES 环境研究,3 [73/183],,,,,,,,,,
Campbell Systematic Reviews,2025,1891-1803/1891-1803,是,否,是,ESCI,7.1,,社会学,3 [423/2039],否,二级," SOCIAL SCIENCES, INTERDISCIPLINARY 社会科学：跨领域",3 [52/263],,,,,,,,,,
Museum Anthropology,2025,0892-8339/1548-1379,否,否,否,ESCI,0.8,,社会学,3 [424/2039],否,二级, ANTHROPOLOGY 人类学,3 [43/137],,,,,,,,,,
MODERN LAW REVIEW,2025,0026-7961/1468-2230,否,否,否,SSCI,1.5,,社会学,3 [425/2039],否,二级, LAW 法学,3 [65/427],,,,,,,,,,
Journal of Borderlands Studies,2025,0886-5655/2159-1229,否,否,否,ESCI,1.4,,社会学,3 [426/2039],否,二级, GEOGRAPHY 地理学,4 [50/171],,,,,,,,,,
SPACE AND POLITY,2025,1356-2576/1470-1235,否,否,否,ESCI,1.1,,社会学,3 [427/2039],否,二级, GEOGRAPHY 地理学,4 [51/171],,,,,,,,,,
Citizenship Studies,2025,1362-1025/1469-3593,否,否,否,SSCI,1.9,,社会学,3 [428/2039],否,二级, POLITICAL SCIENCE 政治学,4 [131/317],,,,,,,,,,
RURAL SOCIOLOGY,2025,0036-0112/1549-0831,否,否,否,SSCI,1.9,,社会学,3 [429/2039],否,二级, SOCIOLOGY 社会学,4 [86/216],,,,,,,,,,
Journal of African Cultural Studies,2025,1369-6815/1469-9346,否,否,否,SSCI;AHCI,0.7,,社会学,3 [430/2039],否,二级, CULTURAL STUDIES 文化研究,3 [15/59],,,,,,,,,,
Contemporary Social Science,2025,2158-2041/2158-205X,否,否,否,ESCI,3.9,,社会学,3 [431/2039],否,二级," SOCIAL SCIENCES, INTERDISCIPLINARY 社会科学：跨领域",3 [53/263],,,,,,,,,,
International Review of Victimology,2025,0269-7580/2047-9433,否,否,否,ESCI,1.6,,社会学,3 [432/2039],否,二级, CRIMINOLOGY & PENOLOGY 犯罪学与刑罚学,3 [31/111],,,,,,,,,,
Maritime Studies,2025,1872-7859/2212-9790,否,否,否,ESCI,2.3,,社会学,3 [433/2039],否,二级, ENVIRONMENTAL STUDIES 环境研究,3 [75/183],,,,,,,,,,
Refugee Survey Quarterly,2025,1020-4067/1471-695X,否,否,否,ESCI,2.2,,社会学,3 [434/2039],否,二级, DEMOGRAPHY 人口学,4 [21/49],,,,,,,,,,
Journal of Classical Sociology,2025,1468-795X/1741-2897,否,否,否,ESCI,0.6,,社会学,3 [435/2039],否,二级, SOCIOLOGY 社会学,4 [87/216],,,,,,,,,,
SURVIVAL,2025,0039-6338/1468-2699,否,否,否,SSCI,1.9,,社会学,3 [436/2039],否,二级, INTERNATIONAL RELATIONS 国际关系学,4 [69/165], POLITICAL SCIENCE 政治学,4 [132/317],,,,,,,,
ARCHIVES EUROPEENNES DE SOCIOLOGIE,2025,0003-9756/1474-0583,否,否,否,SSCI,1.5,,社会学,3 [437/2039],否,二级, SOCIOLOGY 社会学,4 [88/216],,,,,,,,,,
Journal of Empirical Legal Studies,2025,1740-1453/1740-1461,否,否,否,SSCI,1.3,,社会学,3 [438/2039],否,二级, LAW 法学,3 [66/427],,,,,,,,,,
Leisure Studies,2025,0261-4367/1466-4496,否,否,否,SSCI,2.4,,社会学,3 [439/2039],否,二级," HOSPITALITY, LEISURE, SPORT & TOURISM 酒店、休闲、体育与旅游",4 [62/139],,,,,,,,,,
CRIMINAL JUSTICE STUDIES,2025,1478-601X/1478-6028,否,否,否,ESCI,1.1,,社会学,3 [440/2039],否,二级, OPERATIONS RESEARCH & MANAGEMENT SCIENCE 运筹学与管理科学,3 [32/106],,,,,,,,,,
INTERNATIONAL MIGRATION,2025,0020-7985/1468-2435,否,否,否,SSCI,2.1,,社会学,3 [441/2039],否,二级, DEMOGRAPHY 人口学,4 [22/49],,,,,,,,,,
Journal of Political Marketing,2025,1537-7857/1537-7865,否,否,否,ESCI,1.7,,社会学,3 [442/2039],否,二级, POLITICAL SCIENCE 政治学,4 [133/317],,,,,,,,,,
CULTURAL GEOGRAPHIES,2025,1474-4740/1477-0881,否,否,否,SSCI,1.5,,社会学,3 [443/2039],否,二级, ENVIRONMENTAL STUDIES 环境研究,3 [76/183], GEOGRAPHY 地理学,4 [52/171],,,,,,,,
Journal of Environmental Policy & Planning,2025,1523-908X/1522-7200,否,否,否,SSCI,2.2,,社会学,3 [444/2039],否,二级, DEVELOPMENT STUDIES 发展研究,3 [21/63], REGIONAL & URBAN PLANNING 区域与城市规划,4 [26/54],,,,,,,,
Youth Justice-An International Journal,2025,1473-2254/1747-6283,否,否,否,SSCI,1.9,,社会学,3 [445/2039],否,二级, CRIMINOLOGY & PENOLOGY 犯罪学与刑罚学,3 [32/111],,,,,,,,,,
PROBLEMS OF POST-COMMUNISM,2025,1075-8216/1557-783X,否,否,否,SSCI,2,,社会学,3 [446/2039],否,二级, POLITICAL SCIENCE 政治学,4 [134/317],,,,,,,,,,
Lithic Technology,2025,0197-7261/2051-6185,否,否,否,SSCI;AHCI,1.2,,社会学,3 [447/2039],否,二级, ANTHROPOLOGY 人类学,3 [44/137], ARCHAEOLOGY 考古学,3 [37/164],,,,,,,,
Social Anthropology,2025,0964-0282/1469-8676,否,否,是,SSCI,1.5,,社会学,3 [448/2039],否,二级, ANTHROPOLOGY 人类学,3 [45/137],,,,,,,,,,
SINGAPORE JOURNAL OF TROPICAL GEOGRAPHY,2025,0129-7619/1467-9493,否,否,否,SSCI,2.1,,社会学,3 [449/2039],否,二级, GEOGRAPHY 地理学,4 [53/171],,,,,,,,,,
Childrens Geographies,2025,1473-3285/1473-3277,否,否,否,SSCI,2.2,,社会学,3 [450/2039],否,二级, GEOGRAPHY 地理学,4 [54/171],,,,,,,,,,
Asian Ethnicity,2025,1463-1369/1469-2953,否,否,否,ESCI,0.8,,社会学,3 [451/2039],否,二级, ETHNIC STUDIES 民族研究,4 [19/39],,,,,,,,,,
Journal of Cultural Economy,2025,1753-0350/1753-0369,否,否,否,SSCI;AHCI,1.9,,社会学,3 [452/2039],否,二级, CULTURAL STUDIES 文化研究,3 [17/59], ECONOMICS 经济学,3 [168/599], SOCIOLOGY 社会学,4 [89/216],,,,,,
CANADIAN JOURNAL OF SOCIOLOGY-CAHIERS CANADIENS DE SOCIOLOGIE,2025,0318-6431/0318-6431,否,否,否,SSCI,,,社会学,3 [453/2039],否,二级, SOCIOLOGY 社会学,4 [90/216],,,,,,,,,,
Thesis Eleven,2025,0725-5136/1461-7455,否,否,否,ESCI,0.4,,社会学,3 [454/2039],否,二级, SOCIOLOGY 社会学,4 [91/216],,,,,,,,,,
Archives and Records-The Journal of the Archives and Records Association,2025,2325-7962/2325-7989,否,否,否,AHCI,0.6,,社会学,3 [455/2039],否,二级," HUMANITIES, MULTIDISCIPLINARY 人文科学",1 [17/406],,,,,,,,,,
European Journal of Criminology,2025,1477-3708/1741-2609,否,否,否,SSCI,1.9,,社会学,3 [456/2039],否,二级, CRIMINOLOGY & PENOLOGY 犯罪学与刑罚学,3 [33/111],,,,,,,,,,
GEOGRAFISKA ANNALER SERIES B-HUMAN GEOGRAPHY,2025,0435-3684/1468-0467,否,否,否,SSCI,2.1,,社会学,3 [457/2039],否,二级, GEOGRAPHY 地理学,4 [55/171],,,,,,,,,,
Global Public Policy and Governance,2025,2730-6291/2730-6305,否,否,否,ESCI,2.2,,社会学,3 [458/2039],否,二级, POLITICAL SCIENCE 政治学,4 [135/317], PUBLIC ADMINISTRATION 公共管理,4 [40/91],,,,,,,,
Senses & Society,2025,1745-8927/1745-8935,否,否,否,AHCI,1.5,,社会学,3 [459/2039],否,二级," HUMANITIES, MULTIDISCIPLINARY 人文科学",2 [19/406],,,,,,,,,,
JOURNAL OF LAW AND SOCIETY,2025,0263-323X/1467-6478,否,否,否,SSCI,1.9,,社会学,3 [460/2039],否,二级, LAW 法学,3 [67/427], SOCIOLOGY 社会学,4 [92/216],,,,,,,,
JOURNAL OF CONTEMPORARY ETHNOGRAPHY,2025,0891-2416/1552-5414,否,否,否,SSCI,0.8,,社会学,3 [461/2039],否,二级, SOCIOLOGY 社会学,4 [93/216], URBAN STUDIES 城市研究,4 [27/77],,,,,,,,
Review of European Comparative & International Environmental Law,2025,2050-0386/2050-0394,否,否,否,SSCI,2.3,,社会学,3 [462/2039],否,二级, ENVIRONMENTAL STUDIES 环境研究,3 [78/183], LAW 法学,3 [68/427],,,,,,,,
European Journal on Criminal Policy and Research,2025,0928-1371/1572-9869,否,否,否,SSCI,1.8,,社会学,3 [463/2039],否,二级, CRIMINOLOGY & PENOLOGY 犯罪学与刑罚学,3 [34/111],,,,,,,,,,
Asian Studies Review,2025,1035-7823/1467-8403,否,否,否,SSCI;AHCI,1.1,,社会学,3 [464/2039],否,二级, ASIAN STUDIES 亚洲研究,1 [6/102], AREA STUDIES 地域研究,3 [31/174], CULTURAL STUDIES 文化研究,3 [18/59],,,,,,
SOCIAL POLITICS,2025,1072-4745/1468-2893,否,否,否,SSCI,1.8,,社会学,3 [465/2039],否,二级, SOCIAL ISSUES 社会问题,3 [20/66], WOMENS STUDIES 女性研究,3 [17/66],,,,,,,,
Turkish Studies,2025,1468-3849/1743-9663,否,否,否,SSCI,1.7,,社会学,3 [466/2039],否,二级, AREA STUDIES 地域研究,3 [32/174],,,,,,,,,,
Research & Politics,2025,2053-1680/2053-1680,否,否,是,SSCI,2,,社会学,3 [467/2039],否,二级, POLITICAL SCIENCE 政治学,4 [136/317],,,,,,,,,,
Economic and Political Studies-EPS,2025,2095-4816/2470-4024,否,否,否,ESCI,2,,社会学,3 [468/2039],否,二级," SOCIAL SCIENCES, INTERDISCIPLINARY 社会科学：跨领域",3 [55/263],,,,,,,,,,
EUROPE-ASIA STUDIES,2025,0966-8136/1465-3427,否,否,否,SSCI,1.2,,社会学,3 [469/2039],否,二级, AREA STUDIES 地域研究,3 [33/174], ECONOMICS 经济学,3 [174/599], POLITICAL SCIENCE 政治学,4 [137/317],,,,,,
AUSTRALIAN FEMINIST STUDIES,2025,0816-4649/1465-3303,否,否,否,SSCI,1.5,,社会学,3 [470/2039],否,二级, WOMENS STUDIES 女性研究,3 [18/66],,,,,,,,,,
Environmental Communication-A Journal of Nature and Culture,2025,1752-4032/1752-4040,否,否,否,SSCI,4.1,,社会学,3 [471/2039],否,二级, ENVIRONMENTAL STUDIES 环境研究,3 [79/183], COMMUNICATION 传播学,4 [76/223],,,,,,,,
Asia Pacific Law Review,2025,1019-2557/1875-8444,否,否,否,SSCI,1.7,,社会学,3 [472/2039],否,二级, LAW 法学,3 [69/427],,,,,,,,,,
Criminology & Criminal Justice,2025,1748-8958/1748-8966,否,否,否,SSCI,1.3,,社会学,3 [473/2039],否,二级, CRIMINOLOGY & PENOLOGY 犯罪学与刑罚学,3 [35/111],,,,,,,,,,
Journal of Criminology,2025,2633-8076/2633-8084,否,否,否,SSCI,1.7,,社会学,3 [474/2039],否,二级, CRIMINOLOGY & PENOLOGY 犯罪学与刑罚学,3 [36/111],,,,,,,,,,
Sexualities,2025,1363-4607/1461-7382,否,否,否,SSCI,1.5,,社会学,3 [475/2039],否,二级, SOCIOLOGY 社会学,4 [94/216],,,,,,,,,,
CANADIAN JOURNAL OF POLITICAL SCIENCE-REVUE CANADIENNE DE SCIENCE POLITIQUE,2025,0008-4239/1744-9324,否,否,否,SSCI,1.2,,社会学,3 [476/2039],否,二级, POLITICAL SCIENCE 政治学,4 [140/317],,,,,,,,,,
JOURNAL OF PALESTINE STUDIES,2025,0377-919X/1533-8614,否,否,否,SSCI,1.3,,社会学,3 [477/2039],否,二级, AREA STUDIES 地域研究,3 [34/174],,,,,,,,,,
Computer Law & Security Review,2025,0267-3649/0267-3649,否,否,否,SSCI,3.2,,社会学,3 [478/2039],否,二级, LAW 法学,3 [70/427],,,,,,,,,,
JOURNAL OF THE AMERICAN ORIENTAL SOCIETY,2025,0003-0279/2169-2289,否,否,否,AHCI,0.3,,社会学,3 [479/2039],否,二级, ASIAN STUDIES 亚洲研究,1 [8/102],,,,,,,,,,
Journal of International Political Theory,2025,1755-0882/1755-1722,否,否,否,ESCI,0.8,,社会学,3 [480/2039],否,二级, POLITICAL SCIENCE 政治学,4 [141/317],,,,,,,,,,
Journal of Cybersecurity,2025,2057-2085/2057-2093,否,否,是,ESCI,3.2,,社会学,3 [481/2039],否,二级," SOCIAL SCIENCES, INTERDISCIPLINARY 社会科学：跨领域",3 [56/263],,,,,,,,,,
Global Crime,2025,1744-0572/1744-0580,否,否,否,ESCI,1.9,,社会学,3 [482/2039],否,二级, CRIMINOLOGY & PENOLOGY 犯罪学与刑罚学,3 [37/111],,,,,,,,,,
City & Community,2025,1535-6841/1540-6040,否,否,否,SSCI,3,,社会学,3 [483/2039],否,二级, SOCIOLOGY 社会学,4 [96/216], URBAN STUDIES 城市研究,4 [28/77],,,,,,,,
JOURNAL OF ENVIRONMENTAL LAW,2025,0952-8873/1464-374X,否,否,否,SSCI,2.7,,社会学,3 [484/2039],否,二级, ENVIRONMENTAL STUDIES 环境研究,3 [81/183], LAW 法学,3 [71/427],,,,,,,,
International Journal for Crime Justice and Social Democracy,2025,2202-7998/2202-8005,否,否,是,ESCI,1.5,,社会学,3 [485/2039],否,二级, CRIMINOLOGY & PENOLOGY 犯罪学与刑罚学,3 [38/111],,,,,,,,,,
JOURNAL OF THE ROYAL ANTHROPOLOGICAL INSTITUTE,2025,1359-0987/1467-9655,否,否,否,SSCI,1.1,,社会学,3 [486/2039],否,二级, ANTHROPOLOGY 人类学,3 [46/137],,,,,,,,,,
Business and Human Rights Journal,2025,2057-0198/2057-0201,否,否,否,ESCI,1.4,,社会学,3 [487/2039],否,二级, LAW 法学,3 [72/427], BUSINESS 商业：管理,4 [133/302],,,,,,,,
Child & Family Social Work,2025,1356-7500/1365-2206,否,否,否,SSCI,1.6,,社会学,3 [488/2039],否,二级, FAMILY STUDIES 家庭研究,3 [22/65], SOCIAL WORK 社会工作,3 [14/91],,,,,,,,
Journal of Asian Security and International Affairs,2025,2347-7970/2349-0039,否,否,否,ESCI,1,,社会学,3 [489/2039],否,二级, INTERNATIONAL RELATIONS 国际关系学,4 [72/165],,,,,,,,,,
CLINICAL SOCIAL WORK JOURNAL,2025,0091-1674/1573-3343,否,否,否,SSCI,1.6,,社会学,3 [490/2039],否,二级, SOCIAL WORK 社会工作,3 [15/91],,,,,,,,,,
SOCIAL SERVICE REVIEW,2025,0037-7961/1537-5404,否,否,否,SSCI,2.2,,社会学,3 [491/2039],否,二级, SOCIAL WORK 社会工作,3 [16/91],,,,,,,,,,
OCEAN DEVELOPMENT AND INTERNATIONAL LAW,2025,0090-8320/1521-0642,否,否,否,SSCI,1.4,,社会学,3 [492/2039],否,二级, LAW 法学,3 [73/427], INTERNATIONAL RELATIONS 国际关系学,4 [73/165],,,,,,,,
JOURNAL OF GENDER STUDIES,2025,0958-9236/1465-3869,否,否,否,SSCI,1.5,,社会学,3 [493/2039],否,二级, SOCIAL ISSUES 社会问题,3 [21/66]," SOCIAL SCIENCES, INTERDISCIPLINARY 社会科学：跨领域",3 [57/263], WOMENS STUDIES 女性研究,3 [20/66],,,,,,
ASIAN SURVEY,2025,0004-4687/1533-838X,否,否,否,SSCI,1.2,,社会学,3 [494/2039],否,二级, AREA STUDIES 地域研究,3 [36/174],,,,,,,,,,
Asian and Pacific Migration Journal,2025,0117-1968/2057-049X,否,否,否,SSCI,1.1,,社会学,3 [495/2039],否,二级, DEMOGRAPHY 人口学,4 [23/49],,,,,,,,,,
Asia Europe Journal,2025,1610-2932/1612-1031,否,否,否,SSCI,1,,社会学,3 [496/2039],否,二级, INTERNATIONAL RELATIONS 国际关系学,4 [74/165],,,,,,,,,,
Asian Affairs,2025,0306-8374/1477-1500,否,否,否,ESCI,1.1,,社会学,3 [497/2039],否,二级, AREA STUDIES 地域研究,3 [37/174],,,,,,,,,,
European Journal of Development Research,2025,0957-8811/1743-9728,否,否,否,SSCI,2.6,,社会学,3 [498/2039],否,二级, DEVELOPMENT STUDIES 发展研究,4 [24/63],,,,,,,,,,
BULLETIN OF THE SCHOOL OF ORIENTAL AND AFRICAN STUDIES-UNIVERSITY OF LONDON,2025,0041-977X/1474-0699,否,否,否,AHCI,0.4,,社会学,3 [499/2039],否,二级, ASIAN STUDIES 亚洲研究,2 [10/102],,,,,,,,,,
Central Asian Survey,2025,0263-4937/1465-3354,否,否,否,SSCI,1.8,,社会学,3 [500/2039],否,二级, AREA STUDIES 地域研究,3 [38/174],,,,,,,,,,
Australian Journal of Administrative Law,2025,1320-7105/1320-7105,否,否,否,ESCI,0.2,,社会学,3 [501/2039],否,二级, LAW 法学,3 [74/427],,,,,,,,,,
DISABILITY & SOCIETY,2025,0968-7599/1360-0508,否,否,否,SSCI,2,,社会学,3 [502/2039],否,二级, REHABILITATION 康复医学,3 [39/169]," SOCIAL SCIENCES, INTERDISCIPLINARY 社会科学：跨领域",3 [58/263],,,,,,,,
ECOLOGY AND SOCIETY,2025,1708-3087,否,否,是,SSCI;SCIE,3.2,,社会学,3 [503/2039],否,二级, ECOLOGY 生态学,3 [73/196], ENVIRONMENTAL STUDIES 环境研究,4 [84/183],,,,,,,,
Cambridge Journal of Anthropology,2025,0305-7674/2047-7716,否,否,是,ESCI,1.2,,社会学,3 [504/2039],否,二级, ANTHROPOLOGY 人类学,3 [48/137],,,,,,,,,,
Foreign Policy Analysis,2025,1743-8586/1743-8594,否,否,否,SSCI,1.5,,社会学,3 [505/2039],否,二级, INTERNATIONAL RELATIONS 国际关系学,4 [75/165],,,,,,,,,,
AMERICAN SOCIOLOGIST,2025,0003-1232/1936-4784,否,否,否,ESCI,1.1,,社会学,3 [506/2039],否,二级, SOCIOLOGY 社会学,4 [97/216],,,,,,,,,,
JOURNAL OF THE HISTORY OF INTERNATIONAL LAW,2025,1388-199X/1571-8050,否,否,否,ESCI,1.4,,社会学,3 [507/2039],否,二级, LAW 法学,3 [75/427],,,,,,,,,,
SOCIAL SCIENCE INFORMATION SUR LES SCIENCES SOCIALES,2025,0539-0184/1461-7412,否,否,否,SSCI,1.3,,社会学,3 [508/2039],否,二级," SOCIAL SCIENCES, INTERDISCIPLINARY 社会科学：跨领域",3 [59/263], INFORMATION SCIENCE & LIBRARY SCIENCE 图书情报与档案管理,4 [51/160],,,,,,,,
Middle East Critique,2025,1943-6149/1943-6157,否,否,否,SSCI,1.5,,社会学,3 [509/2039],否,二级, AREA STUDIES 地域研究,3 [39/174],,,,,,,,,,
Humanity-An International Journal of Human Rights Humanitarianism and Development,2025,2151-4364/2151-4372,否,否,否,ESCI,0.8,,社会学,3 [510/2039],否,二级, SOCIAL ISSUES 社会问题,3 [22/66],,,,,,,,,,
American Journal of Criminal Justice,2025,1066-2316/1936-1351,否,否,否,SSCI,2,,社会学,3 [511/2039],否,二级, CRIMINOLOGY & PENOLOGY 犯罪学与刑罚学,3 [39/111],,,,,,,,,,
Konstantinove Listy-Constantines Letters,2025,1337-8740/2453-7675,否,否,否,ESCI,1,,社会学,3 [512/2039],否,二级," HUMANITIES, MULTIDISCIPLINARY 人文科学",2 [21/406],,,,,,,,,,
South Asian History and Culture,2025,1947-2498/1947-2501,否,否,否,ESCI,0.3,,社会学,3 [513/2039],否,二级, ASIAN STUDIES 亚洲研究,2 [11/102],,,,,,,,,,
Alternative-An International Journal of Indigenous Peoples,2025,1177-1801/1174-1740,否,否,否,ESCI,1.3,,社会学,3 [514/2039],否,二级, ETHNIC STUDIES 民族研究,4 [20/39],,,,,,,,,,
SOUTH ASIA-JOURNAL OF SOUTH ASIAN STUDIES,2025,0085-6401/1479-0270,否,否,否,SSCI;AHCI,0.4,,社会学,3 [515/2039],否,二级, ASIAN STUDIES 亚洲研究,2 [12/102], HISTORY 历史学,2 [64/523], AREA STUDIES 地域研究,3 [40/174],,,,,,
RACE & CLASS,2025,0306-3968/1741-3125,否,否,否,SSCI,2.8,,社会学,3 [516/2039],否,二级, ANTHROPOLOGY 人类学,3 [51/137], SOCIAL ISSUES 社会问题,3 [23/66]," SOCIAL SCIENCES, INTERDISCIPLINARY 社会科学：跨领域",3 [60/263], ETHNIC STUDIES 民族研究,4 [21/39], SOCIOLOGY 社会学,4 [99/216],,
Asian Journal of Criminology,2025,1871-0131/1871-014X,否,否,否,SSCI,1.4,,社会学,3 [517/2039],否,二级, CRIMINOLOGY & PENOLOGY 犯罪学与刑罚学,3 [40/111],,,,,,,,,,
Human Rights Review,2025,1524-8879/1874-6306,否,否,否,ESCI,1.3,,社会学,3 [518/2039],否,二级, LAW 法学,3 [76/427],,,,,,,,,,
European Journal of Social Work,2025,1369-1457/1468-2664,否,否,否,SSCI,1.6,,社会学,3 [519/2039],否,二级, SOCIAL WORK 社会工作,3 [17/91],,,,,,,,,,
Feminist Legal Studies,2025,0966-3622/1572-8455,否,否,否,SSCI,1.5,,社会学,3 [520/2039],否,二级, LAW 法学,3 [77/427], WOMENS STUDIES 女性研究,3 [22/66],,,,,,,,
Mediterranean Politics,2025,1362-9395/1743-9418,否,否,否,SSCI,1.6,,社会学,3 [521/2039],否,二级, AREA STUDIES 地域研究,3 [41/174], INTERNATIONAL RELATIONS 国际关系学,4 [76/165], POLITICAL SCIENCE 政治学,4 [143/317],,,,,,
Journal of LGBT Youth,2025,1936-1653/1936-1661,否,否,否,ESCI,1.8,,社会学,3 [522/2039],否,二级," SOCIAL SCIENCES, INTERDISCIPLINARY 社会科学：跨领域",3 [62/263],,,,,,,,,,
Journal of East Asian Studies,2025,1598-2408/2234-6643,否,否,否,SSCI,1.6,,社会学,3 [523/2039],否,二级," SOCIAL SCIENCES, INTERDISCIPLINARY 社会科学：跨领域",3 [63/263],,,,,,,,,,
International Journal of Politics Culture and Society,2025,0891-4486/1573-3416,否,否,否,ESCI,1.1,,社会学,3 [524/2039],否,二级, POLITICAL SCIENCE 政治学,4 [144/317],,,,,,,,,,
Politics Groups and Identities,2025,2156-5503/2156-5511,否,否,否,SSCI,1.3,,社会学,3 [525/2039],否,二级, POLITICAL SCIENCE 政治学,4 [145/317],,,,,,,,,,
Asian Perspective,2025,0258-9184/2288-2871,否,否,否,SSCI,0.8,,社会学,3 [526/2039],否,二级, INTERNATIONAL RELATIONS 国际关系学,4 [77/165],,,,,,,,,,
Journal of Balkan and Near Eastern Studies,2025,1944-8953/1944-8961,否,否,否,SSCI,1.1,,社会学,3 [527/2039],否,二级, AREA STUDIES 地域研究,3 [42/174],,,,,,,,,,
COLUMBIA JOURNAL OF TRANSNATIONAL LAW,2025,0010-1931/2159-1814,否,否,否,SSCI,1,,社会学,3 [528/2039],否,二级, LAW 法学,3 [78/427], INTERNATIONAL RELATIONS 国际关系学,4 [78/165],,,,,,,,
Journal of Intercultural Studies,2025,0725-6868/1469-9540,否,否,否,ESCI,1.3,,社会学,3 [529/2039],否,二级, SOCIOLOGY 社会学,4 [100/216],,,,,,,,,,
PUBLIC CULTURE,2025,0899-2363/1527-8018,否,否,否,SSCI;AHCI,0.9,,社会学,3 [530/2039],否,二级, ANTHROPOLOGY 人类学,3 [52/137], CULTURAL STUDIES 文化研究,3 [20/59],,,,,,,,
Evaluation,2025,1356-3890/1461-7153,否,否,否,SSCI,1.6,,社会学,3 [531/2039],否,二级," SOCIAL SCIENCES, INTERDISCIPLINARY 社会科学：跨领域",3 [64/263],,,,,,,,,,
AUSTRALIAN JOURNAL OF SOCIAL ISSUES,2025,0157-6321/1839-4655,否,否,否,SSCI,1.9,,社会学,3 [532/2039],否,二级, SOCIAL ISSUES 社会问题,4 [25/66],,,,,,,,,,
COMMON MARKET LAW REVIEW,2025,0165-0750/1875-8320,否,否,否,SSCI,2.1,,社会学,3 [533/2039],否,二级, LAW 法学,3 [79/427], INTERNATIONAL RELATIONS 国际关系学,4 [80/165],,,,,,,,
Hague Journal of Diplomacy,2025,1871-1901/1871-191X,否,否,否,ESCI,1.2,,社会学,3 [534/2039],否,二级, INTERNATIONAL RELATIONS 国际关系学,4 [81/165],,,,,,,,,,
VIOLENCE AGAINST WOMEN,2025,1077-8012/1552-8448,否,否,否,SSCI,1.7,,社会学,3 [535/2039],否,二级, WOMENS STUDIES 女性研究,3 [24/66],,,,,,,,,,
Asian Journal of Comparative Politics,2025,2057-8911/2057-892X,否,否,否,ESCI,0.8,,社会学,3 [536/2039],否,二级, POLITICAL SCIENCE 政治学,4 [146/317],,,,,,,,,,
Journal of Contemporary European Research,2025,1815-347X/1815-347X,否,否,是,ESCI,0.6,,社会学,3 [537/2039],否,二级, AREA STUDIES 地域研究,3 [43/174],,,,,,,,,,
Comparative Studies of South Asia Africa and the Middle East,2025,1089-201X/1548-226X,否,否,否,ESCI,0.6,,社会学,3 [538/2039],否,二级, AREA STUDIES 地域研究,3 [44/174],,,,,,,,,,
International Data Privacy Law,2025,2044-3994/2044-4001,否,否,否,SSCI,1.9,,社会学,3 [539/2039],否,二级, LAW 法学,3 [80/427],,,,,,,,,,
DEVIANT BEHAVIOR,2025,0163-9625/1521-0456,否,否,否,SSCI,1.4,,社会学,3 [540/2039],否,二级, CRIMINOLOGY & PENOLOGY 犯罪学与刑罚学,3 [41/111]," PSYCHOLOGY, SOCIAL 心理学：社会",4 [43/76], SOCIOLOGY 社会学,4 [101/216],,,,,,
AUSTRALIAN JOURNAL OF POLITICAL SCIENCE,2025,1036-1146/1363-030X,否,否,否,SSCI,1.3,,社会学,3 [541/2039],否,二级, POLITICAL SCIENCE 政治学,4 [147/317],,,,,,,,,,
Peace Economics Peace Science and Public Policy,2025,1079-2457/1554-8597,否,否,否,ESCI,1.2,,社会学,3 [542/2039],否,二级, POLITICAL SCIENCE 政治学,4 [148/317],,,,,,,,,,
Asian Geographer,2025,1022-5706/2158-1762,否,否,否,ESCI,2.2,,社会学,3 [543/2039],否,二级, GEOGRAPHY 地理学,4 [59/171],,,,,,,,,,
CORNELL LAW REVIEW,2025,0010-8847/0010-8847,否,否,否,SSCI,,,社会学,3 [544/2039],否,二级, LAW 法学,3 [81/427],,,,,,,,,,
Folia Geographica,2025,1336-6157/2454-1001,否,否,是,ESCI,2,,社会学,3 [545/2039],否,二级, GEOGRAPHY 地理学,4 [60/171],,,,,,,,,,
INTERNATIONAL DEVELOPMENT PLANNING REVIEW,2025,1474-6743/1478-3401,否,否,否,SSCI,1.5,,社会学,3 [546/2039],否,二级, DEVELOPMENT STUDIES 发展研究,4 [26/63], REGIONAL & URBAN PLANNING 区域与城市规划,4 [30/54],,,,,,,,
International Journal of Urban Sustainable Development,2025,1946-3138/1946-3146,否,否,是,ESCI,2.4,,社会学,3 [547/2039],否,二级, ENVIRONMENTAL STUDIES 环境研究,4 [91/183],,,,,,,,,,
SYMBOLIC INTERACTION,2025,0195-6086/1533-8665,否,否,否,SSCI,1.6,,社会学,3 [548/2039],否,二级, SOCIOLOGY 社会学,4 [102/216],,,,,,,,,,
Sustainable Futures,2025,2666-1888/2666-1888,否,否,是,ESCI,4.9,,社会学,3 [549/2039],否,二级, ENVIRONMENTAL SCIENCES 环境科学,3 [131/357], OPERATIONS RESEARCH & MANAGEMENT SCIENCE 运筹学与管理科学,3 [38/106],,,,,,,,
LEGISLATIVE STUDIES QUARTERLY,2025,0362-9805/1939-9162,否,否,否,SSCI,2.4,,社会学,3 [550/2039],否,二级, POLITICAL SCIENCE 政治学,4 [149/317],,,,,,,,,,
INTELLIGENCE AND NATIONAL SECURITY,2025,0268-4527/1743-9019,否,否,否,SSCI,0.8,,社会学,3 [551/2039],否,二级, HISTORY 历史学,2 [70/523], INTERNATIONAL RELATIONS 国际关系学,4 [82/165], POLITICAL SCIENCE 政治学,4 [150/317],,,,,,
East Asia,2025,1096-6838/1874-6284,否,否,否,ESCI,1.1,,社会学,3 [552/2039],否,二级, AREA STUDIES 地域研究,3 [46/174],,,,,,,,,,
Journal of Human Rights,2025,1475-4835/1475-4843,否,否,否,SSCI,1.6,,社会学,3 [553/2039],否,二级, INTERNATIONAL RELATIONS 国际关系学,4 [83/165], POLITICAL SCIENCE 政治学,4 [151/317],,,,,,,,
Journal of Bisexuality,2025,1529-9716/1529-9724,否,否,否,ESCI,1.9,,社会学,3 [554/2039],否,二级," SOCIAL SCIENCES, INTERDISCIPLINARY 社会科学：跨领域",3 [65/263],,,,,,,,,,
Asian Population Studies,2025,1744-1730/1744-1749,否,否,否,SSCI,1.6,,社会学,3 [555/2039],否,二级, DEMOGRAPHY 人口学,4 [24/49],,,,,,,,,,
International Journal of Human Rights,2025,1364-2987/1744-053X,否,否,否,SSCI,1.3,,社会学,3 [556/2039],否,二级, LAW 法学,3 [82/427],,,,,,,,,,
Business and Politics,2025,1469-3569/1469-3569,否,否,否,SSCI,2.4,,社会学,3 [557/2039],否,二级, INTERNATIONAL RELATIONS 国际关系学,4 [84/165], POLITICAL SCIENCE 政治学,4 [152/317],,,,,,,,
Latin American and Caribbean Ethnic Studies,2025,1744-2222/1744-2230,否,否,否,ESCI,1,,社会学,3 [558/2039],否,二级, ETHNIC STUDIES 民族研究,4 [23/39],,,,,,,,,,
AJIL Unbound,2025,2398-7723/2398-7723,否,否,是,ESCI,1.5,,社会学,3 [559/2039],否,二级, LAW 法学,3 [83/427], INTERNATIONAL RELATIONS 国际关系学,4 [85/165],,,,,,,,
Jurisprudence-An International Journal of Legal and Political Thought,2025,2040-3313/2040-3321,否,否,否,ESCI,0.7,,社会学,3 [560/2039],否,二级, LAW 法学,3 [85/427],,,,,,,,,,
Societies,2025,2075-4698/2075-4698,否,否,是,ESCI,1.6,,社会学,3 [561/2039],否,二级, SOCIOLOGY 社会学,4 [104/216],,,,,,,,,,
JOURNAL OF ETHNOBIOLOGY,2025,0278-0771/2162-4496,否,否,否,SSCI;SCIE,1.3,,社会学,3 [562/2039],否,二级, ANTHROPOLOGY 人类学,3 [53/137], BIOLOGY 生物学,3 [29/109],,,,,,,,
ICON-INTERNATIONAL JOURNAL OF CONSTITUTIONAL LAW,2025,1474-2640/1474-2659,否,否,否,SSCI,1.8,,社会学,3 [563/2039],否,二级, LAW 法学,3 [86/427],,,,,,,,,,
Griffith Law Review,2025,1038-3441/1839-4205,否,否,否,ESCI,0.9,,社会学,3 [564/2039],否,二级, LAW 法学,3 [87/427],,,,,,,,,,
Comparative Legal History,2025,2049-677X/2049-6788,否,否,否,ESCI,0.5,,社会学,3 [565/2039],否,二级, LAW 法学,3 [88/427],,,,,,,,,,
JOURNAL OF STRATEGIC STUDIES,2025,0140-2390/1743-937X,否,否,否,SSCI,2,,社会学,3 [566/2039],否,二级, INTERNATIONAL RELATIONS 国际关系学,4 [87/165], POLITICAL SCIENCE 政治学,4 [154/317],,,,,,,,
Cambridge Law Journal,2025,0008-1973/1469-2139,否,否,否,SSCI,1.4,,社会学,3 [567/2039],否,二级, LAW 法学,3 [89/427],,,,,,,,,,
Legal Studies,2025,0261-3875/1748-121X,否,否,否,SSCI,1.1,,社会学,3 [568/2039],否,二级, LAW 法学,3 [90/427],,,,,,,,,,
Gender Place and Culture,2025,0966-369X/1360-0524,否,否,否,SSCI,1.1,,社会学,3 [569/2039],否,二级, GEOGRAPHY 地理学,4 [61/171], WOMENS STUDIES 女性研究,4 [26/66],,,,,,,,
International Criminal Law Review,2025,1567-536X/1571-8123,否,否,否,ESCI,0.5,,社会学,3 [570/2039],否,二级, LAW 法学,3 [91/427],,,,,,,,,,
Acta Politica,2025,0001-6810/1741-1416,否,否,否,SSCI,1.9,,社会学,3 [571/2039],否,二级, POLITICAL SCIENCE 政治学,4 [155/317],,,,,,,,,,
SOCIETY & NATURAL RESOURCES,2025,0894-1920/1521-0723,否,否,否,SSCI,1.9,,社会学,3 [572/2039],否,二级, DEVELOPMENT STUDIES 发展研究,4 [28/63], ENVIRONMENTAL STUDIES 环境研究,4 [94/183], REGIONAL & URBAN PLANNING 区域与城市规划,4 [32/54], SOCIOLOGY 社会学,4 [105/216],,,,
JOURNAL OF CRIME & JUSTICE,2025,0735-648X/2158-9119,否,否,否,SSCI,1.5,,社会学,3 [573/2039],否,二级, CRIMINOLOGY & PENOLOGY 犯罪学与刑罚学,3 [42/111],,,,,,,,,,
Human Service Organizations Management Leadership & Governance,2025,2330-3131/2330-314X,否,否,否,SSCI,1.4,,社会学,3 [574/2039],否,二级, SOCIAL WORK 社会工作,3 [18/91], PUBLIC ADMINISTRATION 公共管理,4 [46/91],,,,,,,,
Journal of Consumer Culture,2025,1469-5405/1741-2900,否,否,否,SSCI;AHCI,2.5,,社会学,3 [575/2039],否,二级, CULTURAL STUDIES 文化研究,3 [22/59], SOCIOLOGY 社会学,4 [106/216],,,,,,,,
Netherlands International Law Review,2025,0165-070X/1741-6191,否,否,否,ESCI,0.8,,社会学,3 [576/2039],否,二级, LAW 法学,3 [92/427],,,,,,,,,,
JOURNAL OF GLBT FAMILY STUDIES,2025,1550-428X/1550-4298,否,否,否,ESCI,,,社会学,3 [577/2039],否,二级, FAMILY STUDIES 家庭研究,4 [25/65],,,,,,,,,,
ARMED FORCES & SOCIETY,2025,0095-327X/1556-0848,否,否,否,SSCI,1.7,,社会学,3 [578/2039],否,二级, POLITICAL SCIENCE 政治学,4 [156/317], SOCIOLOGY 社会学,4 [107/216],,,,,,,,
Island Studies Journal,2025,1715-2593/1715-2593,否,否,是,SSCI,0.7,,社会学,3 [579/2039],否,二级," SOCIAL SCIENCES, INTERDISCIPLINARY 社会科学：跨领域",3 [66/263], GEOGRAPHY 地理学,4 [63/171],,,,,,,,
INDIANA LAW JOURNAL,2025,0019-6665/2169-3218,否,否,否,SSCI,1.4,,社会学,3 [580/2039],否,二级, LAW 法学,3 [93/427],,,,,,,,,,
Social Text,2025,0164-2472/1527-1951,否,否,否,ESCI,0.9,,社会学,3 [581/2039],否,二级, CULTURAL STUDIES 文化研究,3 [23/59],,,,,,,,,,
QUALITATIVE INQUIRY,2025,1077-8004/1552-7565,否,否,否,SSCI,1.8,,社会学,3 [582/2039],否,二级," SOCIAL SCIENCES, INTERDISCIPLINARY 社会科学：跨领域",3 [67/263],,,,,,,,,,
JOURNAL OF SOUTHERN AFRICAN STUDIES,2025,0305-7070/1465-3893,否,否,否,SSCI,0.9,,社会学,3 [583/2039],否,二级, AREA STUDIES 地域研究,3 [47/174],,,,,,,,,,
Journal of Sexual Aggression,2025,1355-2600/1742-6545,否,否,否,SSCI,1.5,,社会学,3 [584/2039],否,二级, CRIMINOLOGY & PENOLOGY 犯罪学与刑罚学,3 [44/111],,,,,,,,,,
Journal of Modern Jewish Studies,2025,1472-5886/1472-5894,否,否,否,ESCI,0.3,,社会学,3 [585/2039],否,二级," HUMANITIES, MULTIDISCIPLINARY 人文科学",2 [30/406],,,,,,,,,,
Contemporary Southeast Asia,2025,0129-797X/1793-284X,否,否,否,SSCI,0.9,,社会学,3 [586/2039],否,二级, AREA STUDIES 地域研究,3 [48/174], INTERNATIONAL RELATIONS 国际关系学,4 [88/165], POLITICAL SCIENCE 政治学,4 [157/317],,,,,,
Subjectivity,2025,1755-6341/1755-635X,否,否,否,ESCI,0.9,,社会学,3 [587/2039],否,二级," SOCIAL SCIENCES, INTERDISCIPLINARY 社会科学：跨领域",3 [68/263],,,,,,,,,,
SOCIOLOGICAL PERSPECTIVES,2025,0731-1214/1533-8673,否,否,否,SSCI,1.1,,社会学,3 [588/2039],否,二级, SOCIOLOGY 社会学,4 [108/216],,,,,,,,,,
Critical and Radical Social Work,2025,2049-8608/2049-8675,否,否,否,ESCI,1.2,,社会学,3 [589/2039],否,二级, SOCIAL WORK 社会工作,3 [19/91],,,,,,,,,,
Management of Environmental Quality,2025,1477-7835/1758-6119,否,否,否,ESCI,4.1,,社会学,3 [590/2039],否,二级, ENVIRONMENTAL STUDIES 环境研究,4 [96/183],,,,,,,,,,
TSQ-Transgender Studies Quarterly,2025,2328-9252/2328-9260,否,否,否,ESCI,2.2,,社会学,3 [591/2039],否,二级," SOCIAL SCIENCES, INTERDISCIPLINARY 社会科学：跨领域",3 [69/263],,,,,,,,,,
African Studies Review,2025,0002-0206/1555-2462,否,否,否,SSCI,0.8,,社会学,3 [592/2039],否,二级, AREA STUDIES 地域研究,3 [49/174],,,,,,,,,,
Critical Sociology,2025,0896-9205/1569-1632,否,否,否,SSCI,1.7,,社会学,3 [593/2039],否,二级, SOCIOLOGY 社会学,4 [110/216],,,,,,,,,,
Revista Espanola de Antropologia Americana,2025,0556-6533/1988-2718,否,否,否,ESCI,0.3,,社会学,3 [594/2039],否,二级, ANTHROPOLOGY 人类学,3 [54/137],,,,,,,,,,
Early Medieval China,2025,1529-9104/1946-7842,否,否,否,AHCI,0.3,,社会学,3 [595/2039],否,二级, ASIAN STUDIES 亚洲研究,2 [15/102],,,,,,,,,,
Journal of War & Culture Studies,2025,1752-6272/1752-6280,否,否,否,ESCI,0.4,,社会学,3 [596/2039],否,二级, CULTURAL STUDIES 文化研究,3 [24/59],,,,,,,,,,
PROBATION JOURNAL,2025,0264-5505/1741-3079,否,否,否,ESCI,1.2,,社会学,3 [597/2039],否,二级, CRIMINOLOGY & PENOLOGY 犯罪学与刑罚学,4 [46/111],,,,,,,,,,
Global Constitutionalism,2025,2045-3817/2045-3825,否,否,否,ESCI,2.4,,社会学,3 [598/2039],否,二级, LAW 法学,3 [94/427], INTERNATIONAL RELATIONS 国际关系学,4 [89/165], POLITICAL SCIENCE 政治学,4 [158/317],,,,,,
Journal of International Migration and Integration,2025,1488-3473/1874-6365,否,否,否,ESCI,1.8,,社会学,3 [599/2039],否,二级, DEMOGRAPHY 人口学,4 [25/49],,,,,,,,,,
Critical Policy Studies,2025,1946-0171/1946-018X,否,否,否,SSCI,2.4,,社会学,3 [600/2039],否,二级, POLITICAL SCIENCE 政治学,4 [159/317], PUBLIC ADMINISTRATION 公共管理,4 [47/91],,,,,,,,
Medical Anthropology,2025,0145-9740/1545-5882,否,否,否,SSCI,1.2,,社会学,3 [601/2039],否,二级, ANTHROPOLOGY 人类学,3 [55/137]," SOCIAL SCIENCES, BIOMEDICAL 社会科学：生物医学",3 [18/46],,,,,,,,
Criminal Law and Philosophy,2025,1871-9791/1871-9805,否,否,否,ESCI,0.8,,社会学,3 [602/2039],否,二级, LAW 法学,3 [95/427],,,,,,,,,,
Studies in Social Justice,2025,1911-4788/1911-4788,否,否,是,ESCI,1.4,,社会学,3 [603/2039],否,二级, POLITICAL SCIENCE 政治学,4 [161/317],,,,,,,,,,
Law & Practice of International Courts and Tribunals,2025,1569-1853/1571-8034,否,否,否,ESCI,0.8,,社会学,3 [604/2039],否,二级, LAW 法学,3 [96/427],,,,,,,,,,
Southeast European and Black Sea Studies,2025,1468-3857/1743-9639,否,否,否,SSCI,1.2,,社会学,3 [605/2039],否,二级, AREA STUDIES 地域研究,3 [50/174],,,,,,,,,,
Child Indicators Research,2025,1874-897X/1874-8988,否,否,否,SSCI,2.1,,社会学,3 [606/2039],否,二级," SOCIAL SCIENCES, INTERDISCIPLINARY 社会科学：跨领域",4 [72/263],,,,,,,,,,
Anthropology Today,2025,0268-540X/1467-8322,否,否,否,ESCI,2.8,,社会学,3 [607/2039],否,二级, ANTHROPOLOGY 人类学,4 [56/137],,,,,,,,,,
Journal of Community Practice,2025,1070-5422/1543-3706,否,否,否,ESCI,1.2,,社会学,3 [608/2039],否,二级, SOCIAL WORK 社会工作,3 [20/91],,,,,,,,,,
SCIENCE & SOCIETY,2025,0036-8237/1943-2801,否,否,否,SSCI,1.1,,社会学,3 [609/2039],否,二级," SOCIAL SCIENCES, INTERDISCIPLINARY 社会科学：跨领域",4 [73/263],,,,,,,,,,
JOURNAL OF LAW & ECONOMICS,2025,0022-2186/1537-5285,否,否,否,SSCI,1.5,,社会学,3 [610/2039],否,二级, LAW 法学,3 [97/427], ECONOMICS 经济学,4 [214/599],,,,,,,,
JOURNAL OF CONFLICT & SECURITY LAW,2025,1467-7954/1467-7962,否,否,否,ESCI,1.1,,社会学,3 [611/2039],否,二级, LAW 法学,4 [98/427],,,,,,,,,,
PARLIAMENTARY AFFAIRS,2025,0031-2290/1460-2482,否,否,否,SSCI,2.1,,社会学,3 [612/2039],否,二级, POLITICAL SCIENCE 政治学,4 [162/317],,,,,,,,,,
Journal for Cultural Research,2025,1479-7585/1740-1666,否,否,否,ESCI,0.6,,社会学,3 [613/2039],否,二级, CULTURAL STUDIES 文化研究,3 [25/59],,,,,,,,,,
Evidence & Policy,2025,1744-2648/1744-2656,否,否,否,SSCI,2.5,,社会学,3 [614/2039],否,二级," SOCIAL SCIENCES, INTERDISCIPLINARY 社会科学：跨领域",4 [74/263],,,,,,,,,,
Wellbeing Space and Society,2025,2666-5581/2666-5581,否,否,是,ESCI,2.2,,社会学,3 [615/2039],否,二级," PUBLIC, ENVIRONMENTAL & OCCUPATIONAL HEALTH 公共卫生、环境卫生与职业卫生",3 [156/404], GEOGRAPHY 地理学,4 [64/171],,,,,,,,
Biosemiotics,2025,1875-1342/1875-1350,否,否,否,SSCI;AHCISCIE,1.9,,社会学,3 [616/2039],否,二级," HUMANITIES, MULTIDISCIPLINARY 人文科学",2 [35/406], HISTORY & PHILOSOPHY OF SCIENCE 科学史与科学哲学,3 [34/105],,,,,,,,
Journal of Computational Social Science,2025,2432-2717/2432-2725,否,否,否,ESCI,2.3,,社会学,3 [617/2039],否,二级," SOCIAL SCIENCES, MATHEMATICAL METHODS 社会科学：数理方法",3 [22/67],,,,,,,,,,
Heritage and Society,2025,2159-032X/2159-0338,否,否,否,ESCI,0.8,,社会学,3 [618/2039],否,二级," HUMANITIES, MULTIDISCIPLINARY 人文科学",2 [36/406],,,,,,,,,,
SOCIOLOGICAL SPECTRUM,2025,0273-2173/1521-0707,否,否,否,SSCI,1.1,,社会学,3 [619/2039],否,二级, SOCIOLOGY 社会学,4 [111/216],,,,,,,,,,
Journal of Elections Public Opinion and Parties,2025,1745-7289/1745-7297,否,否,否,SSCI,1.6,,社会学,3 [620/2039],否,二级, POLITICAL SCIENCE 政治学,4 [163/317],,,,,,,,,,
Frontiers in Sociology,2025,2297-7775/2297-7775,否,否,是,ESCI,2.2,,社会学,3 [621/2039],否,二级, SOCIOLOGY 社会学,4 [112/216],,,,,,,,,,
Journal of Developmental and Life-Course Criminology,2025,2199-4641/2199-465X,否,否,否,SSCI,1.7,,社会学,3 [622/2039],否,二级, CRIMINOLOGY & PENOLOGY 犯罪学与刑罚学,4 [47/111],,,,,,,,,,
London Review of International Law,2025,2050-6325/2050-6333,否,否,否,ESCI,0.7,,社会学,3 [623/2039],否,二级, LAW 法学,4 [99/427],,,,,,,,,,
Capital and Class,2025,0309-8168/2041-0980,否,否,否,ESCI,1.1,,社会学,3 [624/2039],否,二级, POLITICAL SCIENCE 政治学,4 [164/317],,,,,,,,,,
INTERNATIONAL JOURNAL OF PUBLIC OPINION RESEARCH,2025,0954-2892/1471-6909,否,否,否,SSCI,1.3,,社会学,3 [625/2039],否,二级, COMMUNICATION 传播学,4 [97/223], POLITICAL SCIENCE 政治学,4 [165/317],,,,,,,,
Studies in Conflict & Terrorism,2025,1057-610X/1521-0731,否,否,否,SSCI,1.6,,社会学,3 [626/2039],否,二级, INTERNATIONAL RELATIONS 国际关系学,4 [90/165], POLITICAL SCIENCE 政治学,4 [166/317],,,,,,,,
YOUTH & SOCIETY,2025,0044-118X/1552-8499,否,否,否,SSCI,1.9,,社会学,3 [627/2039],否,二级, SOCIAL ISSUES 社会问题,4 [26/66]," SOCIAL SCIENCES, INTERDISCIPLINARY 社会科学：跨领域",4 [76/263], SOCIOLOGY 社会学,4 [113/216],,,,,,
Pastoralism-Research Policy and Practice,2025,2041-7136/2041-7136,否,否,是,ESCI,2.9,,社会学,3 [628/2039],否,二级, ENVIRONMENTAL STUDIES 环境研究,4 [99/183],,,,,,,,,,
Political Studies Review,2025,1478-9299/1478-9302,否,否,否,SSCI,1.8,,社会学,3 [629/2039],否,二级, POLITICAL SCIENCE 政治学,4 [167/317],,,,,,,,,,
FAMILY RELATIONS,2025,0197-6664/1741-3729,否,否,否,SSCI,1.8,,社会学,3 [630/2039],否,二级, SOCIAL WORK 社会工作,3 [22/91], FAMILY STUDIES 家庭研究,4 [27/65],,,,,,,,
Global Change Peace & Security,2025,1478-1158/1478-1166,否,否,否,ESCI,0.2,,社会学,3 [631/2039],否,二级, POLITICAL SCIENCE 政治学,4 [168/317],,,,,,,,,,
Social Sciences-Basel,2025,2076-0760/2076-0760,否,否,是,ESCI,1.7,,社会学,3 [632/2039],否,二级," SOCIAL SCIENCES, INTERDISCIPLINARY 社会科学：跨领域",4 [77/263],,,,,,,,,,
International Journal of Refugee Law,2025,0953-8186/1464-3715,否,否,否,ESCI,1.6,,社会学,3 [633/2039],否,二级, LAW 法学,4 [100/427],,,,,,,,,,
Anti-Trafficking Review,2025,2286-7511/2287-0113,否,否,是,ESCI,1.1,,社会学,3 [634/2039],否,二级, CRIMINOLOGY & PENOLOGY 犯罪学与刑罚学,4 [48/111],,,,,,,,,,
Russian Politics,2025,2451-8913/2451-8921,否,否,否,ESCI,0.7,,社会学,3 [635/2039],否,二级, POLITICAL SCIENCE 政治学,4 [169/317],,,,,,,,,,
Critical Criminology,2025,1205-8629/1572-9877,否,否,否,SSCI,1.1,,社会学,3 [636/2039],否,二级, CRIMINOLOGY & PENOLOGY 犯罪学与刑罚学,4 [49/111],,,,,,,,,,
International Sports Law Journal,2025,1567-7559/2213-5154,否,否,否,ESCI,1.4,,社会学,3 [637/2039],否,二级, LAW 法学,4 [101/427],,,,,,,,,,
Critical Horizons,2025,1440-9917/1568-5160,否,否,否,ESCI,0.4,,社会学,3 [638/2039],否,二级," SOCIAL SCIENCES, INTERDISCIPLINARY 社会科学：跨领域",4 [78/263],,,,,,,,,,
JOURNAL OF BIOSOCIAL SCIENCE,2025,0021-9320/1469-7599,否,否,否,SSCI,1.2,,社会学,3 [639/2039],否,二级," SOCIAL SCIENCES, BIOMEDICAL 社会科学：生物医学",3 [21/46], DEMOGRAPHY 人口学,4 [26/49],,,,,,,,
New Perspectives,2025,2336-825X/2336-8268,否,否,否,ESCI,1.2,,社会学,3 [640/2039],否,二级, POLITICAL SCIENCE 政治学,4 [170/317],,,,,,,,,,
Small Wars and Insurgencies,2025,0959-2318/1743-9558,否,否,否,ESCI,1.6,,社会学,3 [641/2039],否,二级, INTERNATIONAL RELATIONS 国际关系学,4 [91/165],,,,,,,,,,
INTERNATIONAL JOURNAL FOR THE SEMIOTICS OF LAW-REVUE INTERNATIONALE DE SEMIOTIQUE JURIDIQUE,2025,0952-8059/1572-8722,否,否,否,ESCI,0.9,,社会学,3 [642/2039],否,二级," SOCIAL SCIENCES, INTERDISCIPLINARY 社会科学：跨领域",4 [79/263],,,,,,,,,,
Historical Materialism-Research in Critical Marxist Theory,2025,1465-4466/1569-206X,否,否,否,SSCI;AHCI,1,,社会学,3 [643/2039],否,二级, PHILOSOPHY 哲学,3 [70/328], POLITICAL SCIENCE 政治学,4 [171/317],,,,,,,,
SOCIAL SCIENCE QUARTERLY,2025,0038-4941/1540-6237,否,否,否,SSCI,1.8,,社会学,3 [644/2039],否,二级, POLITICAL SCIENCE 政治学,4 [172/317], SOCIOLOGY 社会学,4 [114/216],,,,,,,,
Supreme Court Review,2025,0081-9557/2158-2459,否,否,否,SSCI,3.1,,社会学,3 [645/2039],否,二级, LAW 法学,4 [102/427],,,,,,,,,,
Australian Feminist Law Journal,2025,1320-0968/2204-0064,否,否,否,ESCI,1.4,,社会学,3 [646/2039],否,二级, LAW 法学,4 [103/427],,,,,,,,,,
OSGOODE HALL LAW JOURNAL,2025,0030-6185/0030-6185,否,否,否,ESCI,0.8,,社会学,3 [647/2039],否,二级, LAW 法学,4 [104/427],,,,,,,,,,
Election Law Journal,2025,1533-1296/1557-8062,否,否,否,ESCI,1.5,,社会学,3 [648/2039],否,二级, LAW 法学,4 [105/427], POLITICAL SCIENCE 政治学,4 [173/317],,,,,,,,
JOURNAL OF SOCIOLOGY,2025,1440-7833/1741-2978,否,否,否,SSCI,2,,社会学,3 [649/2039],否,二级, SOCIOLOGY 社会学,4 [115/216],,,,,,,,,,
American Journal of Cultural Sociology,2025,2049-7113/2049-7121,否,否,否,SSCI,1.2,,社会学,3 [650/2039],否,二级, SOCIOLOGY 社会学,4 [116/216],,,,,,,,,,
Historic Environment-Policy & Practice,2025,1756-7505/1756-7513,否,否,否,AHCI,1.7,,社会学,3 [651/2039],否,二级," HUMANITIES, MULTIDISCIPLINARY 人文科学",2 [39/406],,,,,,,,,,
Current Issues in Criminal Justice,2025,1034-5329/2206-9542,否,否,否,ESCI,1.9,,社会学,3 [652/2039],否,二级, CRIMINOLOGY & PENOLOGY 犯罪学与刑罚学,4 [50/111],,,,,,,,,,
Genealogy,2025,2313-5778/2313-5778,否,否,是,ESCI,0.6,,社会学,3 [653/2039],否,二级, ETHNIC STUDIES 民族研究,4 [24/39], FAMILY STUDIES 家庭研究,4 [28/65], SOCIOLOGY 社会学,4 [117/216],,,,,,
LAW AND CRITIQUE,2025,0957-8536/1572-8617,否,否,否,ESCI,0.9,,社会学,3 [654/2039],否,二级, LAW 法学,4 [106/427],,,,,,,,,,
Journal of Human Rights Practice,2025,1757-9619/1757-9627,否,否,否,ESCI,1,,社会学,3 [655/2039],否,二级, INTERNATIONAL RELATIONS 国际关系学,4 [92/165], LAW 法学,4 [107/427], POLITICAL SCIENCE 政治学,4 [174/317],,,,,,
Journal of Comparative Politics,2025,1338-1385/1338-1385,否,否,否,ESCI,1.1,,社会学,3 [656/2039],否,二级, POLITICAL SCIENCE 政治学,4 [175/317],,,,,,,,,,
AUSTRALIAN GEOGRAPHER,2025,0004-9182/1465-3311,否,否,否,SSCI,2,,社会学,3 [657/2039],否,二级, GEOGRAPHY 地理学,4 [66/171],,,,,,,,,,
Interest Groups & Advocacy,2025,2047-7414/2047-7422,否,否,否,ESCI,1.5,,社会学,3 [658/2039],否,二级, POLITICAL SCIENCE 政治学,4 [176/317],,,,,,,,,,
GEORGE WASHINGTON LAW REVIEW,2025,0016-8076/0016-8076,否,否,否,SSCI,1.5,,社会学,3 [659/2039],否,二级, LAW 法学,4 [108/427],,,,,,,,,,
Israel Studies,2025,1084-9513/1527-201X,否,否,否,ESCI,0.5,,社会学,3 [660/2039],否,二级, AREA STUDIES 地域研究,4 [51/174],,,,,,,,,,
Nationalism and Ethnic Politics,2025,1353-7113/1557-2986,否,否,否,ESCI,1.1,,社会学,3 [661/2039],否,二级, ETHNIC STUDIES 民族研究,4 [26/39],,,,,,,,,,
STUDIES IN COMPARATIVE INTERNATIONAL DEVELOPMENT,2025,0039-3606/1936-6167,否,否,否,SSCI,1.2,,社会学,3 [662/2039],否,二级, DEVELOPMENT STUDIES 发展研究,4 [34/63], INTERNATIONAL RELATIONS 国际关系学,4 [93/165], POLITICAL SCIENCE 政治学,4 [177/317],,,,,,
African Security Review,2025,1024-6029/2154-0128,否,否,否,ESCI,1.1,,社会学,3 [663/2039],否,二级, INTERNATIONAL RELATIONS 国际关系学,4 [94/165],,,,,,,,,,
ACTA SOCIOLOGICA,2025,0001-6993/1502-3869,否,否,否,SSCI,1.4,,社会学,3 [664/2039],否,二级, SOCIOLOGY 社会学,4 [118/216],,,,,,,,,,
WOMENS STUDIES INTERNATIONAL FORUM,2025,0277-5395/1879-243X,否,否,否,SSCI,1.9,,社会学,3 [665/2039],否,二级, WOMENS STUDIES 女性研究,4 [29/66],,,,,,,,,,
AMERICAN JOURNAL OF LEGAL HISTORY,2025,0002-9319/2161-797X,否,否,否,ESCI,0.3,,社会学,3 [666/2039],否,二级, LAW 法学,4 [109/427],,,,,,,,,,
Journal of Anthropological Sciences,2025,1827-4765/2037-0644,否,否,否,SSCI,2.3,,社会学,3 [667/2039],否,二级, ANTHROPOLOGY 人类学,4 [59/137],,,,,,,,,,
Social Science Japan Journal,2025,1369-1465/1468-2680,否,否,否,SSCI,0.8,,社会学,3 [668/2039],否,二级, AREA STUDIES 地域研究,4 [52/174]," SOCIAL SCIENCES, INTERDISCIPLINARY 社会科学：跨领域",4 [82/263],,,,,,,,
Economic Anthropology,2025,2330-4847/2330-4847,否,否,否,SSCI,1,,社会学,3 [669/2039],否,二级, ANTHROPOLOGY 人类学,4 [60/137],,,,,,,,,,
Journal of Human Development and Capabilities,2025,1945-2829/1945-2837,否,否,否,SSCI,1.3,,社会学,3 [670/2039],否,二级, DEVELOPMENT STUDIES 发展研究,4 [37/63],,,,,,,,,,
Journal of Chinese Governance,2025,2381-2346/2381-2354,否,否,否,SSCI,3.7,,社会学,3 [671/2039],否,二级, POLITICAL SCIENCE 政治学,4 [178/317], PUBLIC ADMINISTRATION 公共管理,4 [51/91],,,,,,,,
JOURNAL OF SEMITIC STUDIES,2025,0022-4480/1477-8556,否,否,否,AHCI,0.3,,社会学,3 [672/2039],否,二级, ASIAN STUDIES 亚洲研究,2 [19/102],,,,,,,,,,
Journal of North African Studies,2025,1362-9387/1743-9345,否,否,否,ESCI,1.1,,社会学,3 [673/2039],否,二级, AREA STUDIES 地域研究,4 [53/174],,,,,,,,,,
Sungkyun Journal of East Asian Studies,2025,1598-2661,否,否,是,AHCI,0.3,,社会学,3 [674/2039],否,二级, ASIAN STUDIES 亚洲研究,2 [20/102],,,,,,,,,,
South Asia Research,2025,0262-7280/1741-3141,否,否,否,ESCI,0.8,,社会学,3 [675/2039],否,二级, ASIAN STUDIES 亚洲研究,2 [21/102], AREA STUDIES 地域研究,4 [54/174],,,,,,,,
Critical Review of International Social and Political Philosophy,2025,1369-8230/1743-8772,否,否,否,ESCI,1,,社会学,3 [676/2039],否,二级, POLITICAL SCIENCE 政治学,4 [179/317],,,,,,,,,,
Science and Technology Studies,2025,2243-4690/2243-4690,否,否,是,SSCI,0.9,,社会学,3 [677/2039],否,二级, HISTORY & PHILOSOPHY OF SCIENCE 科学史与科学哲学,3 [40/105],,,,,,,,,,
Interventions-International Journal of Postcolonial Studies,2025,1369-801X/1469-929X,否,否,否,SSCI;AHCI,0.6,,社会学,3 [678/2039],否,二级, CULTURAL STUDIES 文化研究,3 [27/59], HISTORY 历史学,3 [90/523],,,,,,,,
Justice Evaluation Journal,2025,2475-1979/2475-1987,否,否,否,ESCI,0.7,,社会学,3 [679/2039],否,二级, CRIMINOLOGY & PENOLOGY 犯罪学与刑罚学,4 [52/111],,,,,,,,,,
POLITISCHE VIERTELJAHRESSCHRIFT,2025,0032-3470/1862-2860,否,否,否,SSCI,2.5,,社会学,3 [680/2039],否,二级, POLITICAL SCIENCE 政治学,4 [180/317],,,,,,,,,,
RATIONALITY AND SOCIETY,2025,1043-4631/1461-7358,否,否,否,SSCI,1.3,,社会学,3 [681/2039],否,二级, SOCIOLOGY 社会学,4 [119/216],,,,,,,,,,
AFRICAN STUDIES,2025,0002-0184/1469-2872,否,否,否,SSCI,0.9,,社会学,3 [682/2039],否,二级, AREA STUDIES 地域研究,4 [55/174],,,,,,,,,,
SOCIOLOGICAL INQUIRY,2025,0038-0245/1475-682X,否,否,否,SSCI,1.6,,社会学,3 [683/2039],否,二级, SOCIOLOGY 社会学,4 [120/216],,,,,,,,,,
Journal of Latin American and Caribbean Anthropology,2025,1935-4932/1935-4940,否,否,否,SSCI,0.6,,社会学,3 [684/2039],否,二级, ANTHROPOLOGY 人类学,4 [62/137],,,,,,,,,,
Journal of Progressive Human Services,2025,1042-8232/1540-7616,否,否,否,ESCI,0.8,,社会学,3 [685/2039],否,二级, SOCIAL WORK 社会工作,3 [24/91],,,,,,,,,,
Juridical Tribune-Tribuna Juridica,2025,2247-7195/2248-0382,否,否,是,ESCI,,,社会学,3 [686/2039],否,二级, LAW 法学,4 [110/427],,,,,,,,,,
JOURNAL OF LAW ECONOMICS & ORGANIZATION,2025,8756-6222/1465-7341,否,否,否,SSCI,1.3,,社会学,3 [687/2039],否,二级, ECONOMICS 经济学,4 [243/599], LAW 法学,4 [111/427],,,,,,,,
Behavioral Sciences of Terrorism and Political Aggression,2025,1943-4472/1943-4480,否,否,否,ESCI,1.4,,社会学,3 [688/2039],否,二级, POLITICAL SCIENCE 政治学,4 [181/317],,,,,,,,,,
CROSS-CULTURAL RESEARCH,2025,1069-3971/1552-3578,否,否,否,SSCI,1.8,,社会学,3 [689/2039],否,二级," SOCIAL SCIENCES, INTERDISCIPLINARY 社会科学：跨领域",4 [84/263],,,,,,,,,,
Longitudinal and Life Course Studies,2025,1757-9597/1757-9597,否,否,否,SSCI,0.8,,社会学,3 [690/2039],否,二级," PUBLIC, ENVIRONMENTAL & OCCUPATIONAL HEALTH 公共卫生、环境卫生与职业卫生",3 [175/404]," SOCIAL SCIENCES, INTERDISCIPLINARY 社会科学：跨领域",4 [85/263],,,,,,,,
AMERICAN BEHAVIORAL SCIENTIST,2025,0002-7642/1552-3381,否,否,否,SSCI,1.5,,社会学,3 [691/2039],否,二级," PSYCHOLOGY, CLINICAL 心理学：临床",4 [88/179]," SOCIAL SCIENCES, INTERDISCIPLINARY 社会科学：跨领域",4 [86/263],,,,,,,,
RESEARCH ON SOCIAL WORK PRACTICE,2025,1049-7315/1552-7581,否,否,否,SSCI,1.5,,社会学,3 [692/2039],否,二级, SOCIAL WORK 社会工作,3 [25/91],,,,,,,,,,
JOURNAL OF ANTHROPOLOGICAL RESEARCH,2025,0091-7710/2153-3806,否,否,否,SSCI,1,,社会学,3 [693/2039],否,二级, ANTHROPOLOGY 人类学,4 [63/137],,,,,,,,,,
Journal of Competition Law & Economics,2025,1744-6414/1744-6422,否,否,否,SSCI,1.2,,社会学,3 [694/2039],否,二级, ECONOMICS 经济学,4 [249/599], LAW 法学,4 [112/427],,,,,,,,
Police Practice and Research,2025,1561-4263/1477-271X,否,否,否,ESCI,1.8,,社会学,3 [695/2039],否,二级, CRIMINOLOGY & PENOLOGY 犯罪学与刑罚学,4 [53/111],,,,,,,,,,
JOURNAL OF CRIMINAL LAW & CRIMINOLOGY,2025,0091-4169/2160-0325,否,否,否,SSCI,1.3,,社会学,3 [696/2039],否,二级, CRIMINOLOGY & PENOLOGY 犯罪学与刑罚学,4 [54/111], LAW 法学,4 [114/427],,,,,,,,
International Journal of Asia Pacific Studies,2025,1823-6243/1823-6243,否,否,是,ESCI,0.4,,社会学,3 [697/2039],否,二级," SOCIAL SCIENCES, INTERDISCIPLINARY 社会科学：跨领域",4 [87/263],,,,,,,,,,
Journal of Immigrant & Refugee Studies,2025,1556-2948/1556-2956,否,否,否,SSCI,1.5,,社会学,3 [698/2039],否,二级, DEMOGRAPHY 人口学,4 [27/49], ETHNIC STUDIES 民族研究,4 [27/39], SOCIOLOGY 社会学,4 [121/216],,,,,,
Revista de Ciencia Politica,2025,0718-090X/0718-090X,否,否,否,SSCI,1.4,,社会学,3 [699/2039],否,二级, POLITICAL SCIENCE 政治学,4 [182/317],,,,,,,,,,
Social Inclusion,2025,2183-2803/2183-2803,否,否,是,SSCI,1.2,,社会学,3 [700/2039],否,二级," SOCIAL SCIENCES, INTERDISCIPLINARY 社会科学：跨领域",4 [88/263],,,,,,,,,,
Studies in American Humor,2025,2333-9934/0095-280X,否,否,否,ESCI,0.9,,社会学,3 [701/2039],否,二级," HUMANITIES, MULTIDISCIPLINARY 人文科学",2 [49/406],,,,,,,,,,
Journal of Eastern African Studies,2025,1753-1055/1753-1063,否,否,否,SSCI,0.6,,社会学,3 [702/2039],否,二级, AREA STUDIES 地域研究,4 [56/174],,,,,,,,,,
Geo-Geography and Environment,2025,2054-4049/2054-4049,否,否,是,ESCI,3.8,,社会学,3 [703/2039],否,二级, GEOGRAPHY 地理学,4 [68/171],,,,,,,,,,
Journal of Political Ecology,2025,1073-0451/1073-0451,否,否,是,ESCI,2.3,,社会学,3 [704/2039],否,二级, ENVIRONMENTAL STUDIES 环境研究,4 [108/183],,,,,,,,,,
Qualitative Social Work,2025,1473-3250/1741-3117,否,否,否,SSCI,1.6,,社会学,3 [705/2039],否,二级, SOCIAL WORK 社会工作,3 [26/91],,,,,,,,,,
CANADIAN PUBLIC POLICY-ANALYSE DE POLITIQUES,2025,0317-0861/1911-9917,否,否,否,SSCI,1.4,,社会学,3 [706/2039],否,二级, ECONOMICS 经济学,4 [254/599], PUBLIC ADMINISTRATION 公共管理,4 [52/91],,,,,,,,
New Journal of European Criminal Law,2025,2032-2844/2399-293X,否,否,否,ESCI,0.9,,社会学,3 [707/2039],否,二级, CRIMINOLOGY & PENOLOGY 犯罪学与刑罚学,4 [55/111], LAW 法学,4 [116/427],,,,,,,,
Indonesia and the Malay World,2025,1363-9811/1469-8382,否,否,否,AHCI,0.9,,社会学,3 [708/2039],否,二级, ASIAN STUDIES 亚洲研究,2 [22/102],,,,,,,,,,
Oxford Journal of Law and Religion,2025,2047-0770/2047-0789,否,否,否,ESCI,0.8,,社会学,3 [709/2039],否,二级, LAW 法学,4 [117/427],,,,,,,,,,
Laws,2025,2075-471X/2075-471X,否,否,是,ESCI,1.1,,社会学,3 [710/2039],否,二级, LAW 法学,4 [118/427],,,,,,,,,,
Australian Journal of Anthropology,2025,1035-8811/1757-6547,否,否,否,SSCI,0.7,,社会学,3 [711/2039],否,二级, ANTHROPOLOGY 人类学,4 [64/137],,,,,,,,,,
Asia Pacific Journal of Anthropology,2025,1444-2213/1740-9314,否,否,否,SSCI,0.7,,社会学,3 [712/2039],否,二级, ANTHROPOLOGY 人类学,4 [65/137],,,,,,,,,,
Journal of International Dispute Settlement,2025,2040-3593/2040-3585,否,否,否,SSCI,0.9,,社会学,3 [713/2039],否,二级, LAW 法学,4 [119/427],,,,,,,,,,
Chinese Journal of Sociology,2025,2057-150X/2057-1518,否,否,否,ESCI,1.8,,社会学,3 [714/2039],否,二级, SOCIOLOGY 社会学,4 [122/216],,,,,,,,,,
JOURNAL OF AMERICAN FOLKLORE,2025,0021-8715/1535-1882,否,否,否,AHCI,0.6,,社会学,3 [715/2039],否,二级, FOLKLORE 民俗学,1 [1/18],,,,,,,,,,
Melbourne University Law Review,2025,0025-8938/1839-3810,否,否,否,SSCI,0.7,,社会学,3 [716/2039],否,二级, LAW 法学,4 [120/427],,,,,,,,,,
Constitutional Political Economy,2025,1043-4062/1572-9966,否,否,否,ESCI,0.7,,社会学,3 [717/2039],否,二级, LAW 法学,4 [121/427],,,,,,,,,,
International Environmental Agreements-Politics Law and Economics,2025,1567-9764/1573-1553,否,否,否,SSCI,3.1,,社会学,3 [718/2039],否,二级, ECONOMICS 经济学,4 [255/599], ENVIRONMENTAL STUDIES 环境研究,4 [110/183], LAW 法学,4 [122/427], POLITICAL SCIENCE 政治学,4 [183/317],,,,
Moravian Geographical Reports,2025,1210-8812/2199-6202,否,是,是,SSCI,1.6,,社会学,3 [719/2039],否,二级, GEOGRAPHY 地理学,4 [69/171],,,,,,,,,,
Social Justice Research,2025,0885-7466/1573-6725,否,否,否,SSCI,1.9,,社会学,3 [720/2039],否,二级," PSYCHOLOGY, SOCIAL 心理学：社会",4 [51/76], SOCIOLOGY 社会学,4 [123/216],,,,,,,,
Visual Anthropology Review,2025,1058-7187/1548-7458,否,否,否,ESCI,0.4,,社会学,4 [721/2039],否,三级, ANTHROPOLOGY 人类学,4 [66/137],,,,,,,,,,
NORA-Nordic Journal of Feminist and Gender Research,2025,0803-8740/1502-394X,否,否,否,ESCI,1.3,,社会学,4 [722/2039],否,三级, WOMENS STUDIES 女性研究,4 [30/66],,,,,,,,,,
International Journal of Law Crime and Justice,2025,1756-0616/1876-763X,否,否,否,SSCI,1.4,,社会学,4 [723/2039],否,三级, CRIMINOLOGY & PENOLOGY 犯罪学与刑罚学,4 [56/111], LAW 法学,4 [123/427],,,,,,,,
Applied Spatial Analysis and Policy,2025,1874-463X/1874-4621,否,否,否,SSCI,1.9,,社会学,4 [724/2039],否,三级, ENVIRONMENTAL STUDIES 环境研究,4 [111/183], GEOGRAPHY 地理学,4 [70/171], REGIONAL & URBAN PLANNING 区域与城市规划,4 [37/54],,,,,,
International Journal of Childrens Rights,2025,0927-5568/1571-8182,否,否,否,ESCI,1,,社会学,4 [725/2039],否,三级," SOCIAL SCIENCES, INTERDISCIPLINARY 社会科学：跨领域",4 [89/263],,,,,,,,,,
British Politics,2025,1746-918X/1746-9198,否,否,否,SSCI,1.5,,社会学,4 [726/2039],否,三级, POLITICAL SCIENCE 政治学,4 [184/317],,,,,,,,,,
WASHINGTON LAW REVIEW,2025,0043-0617,是,否,否,SSCI,1.4,,社会学,4 [727/2039],否,三级, LAW 法学,4 [124/427],,,,,,,,,,
Couple and Family Psychology-Research and Practice,2025,2160-4096/2160-410X,否,否,否,ESCI,1.6,,社会学,4 [728/2039],否,三级, FAMILY STUDIES 家庭研究,4 [30/65],,,,,,,,,,
Children & Society,2025,0951-0605/1099-0860,否,否,否,SSCI,1.6,,社会学,4 [729/2039],否,三级, SOCIAL WORK 社会工作,3 [27/91],,,,,,,,,,
ANTHROPOLOGY OF CONSCIOUSNESS,2025,1053-4202/1556-3537,否,否,否,ESCI,0.9,,社会学,4 [730/2039],否,三级, ANTHROPOLOGY 人类学,4 [67/137],,,,,,,,,,
Journal of Police and Criminal Psychology,2025,0882-0783/1936-6469,否,否,否,ESCI,1.4,,社会学,4 [731/2039],否,三级, CRIMINOLOGY & PENOLOGY 犯罪学与刑罚学,4 [57/111],,,,,,,,,,
Ethnography,2025,1466-1381/1741-2714,否,否,否,SSCI,1.1,,社会学,4 [732/2039],否,三级, ANTHROPOLOGY 人类学,4 [68/137], SOCIOLOGY 社会学,4 [124/216],,,,,,,,
European Journal of Law and Economics,2025,0929-1261/1572-9990,否,否,否,SSCI,1.1,,社会学,4 [733/2039],否,三级, ECONOMICS 经济学,4 [257/599], LAW 法学,4 [125/427],,,,,,,,
TOUNG PAO,2025,0082-5433,否,否,否,AHCI,0.2,,社会学,4 [734/2039],否,三级, ASIAN STUDIES 亚洲研究,2 [24/102],,,,,,,,,,
TRaNS-Trans-Regional and -National Studies of Southeast Asia,2025,2051-364X/2051-3658,否,否,是,ESCI,0.4,,社会学,4 [735/2039],否,三级, AREA STUDIES 地域研究,4 [57/174],,,,,,,,,,
JOURNAL OF BALTIC STUDIES,2025,0162-9778/1751-7877,否,否,否,SSCI,0.5,,社会学,4 [736/2039],否,三级, AREA STUDIES 地域研究,4 [58/174],,,,,,,,,,
International Journal of Taiwan Studies,2025,2468-8797/2468-8800,否,否,否,ESCI,0.4,,社会学,4 [737/2039],否,三级, ASIAN STUDIES 亚洲研究,2 [25/102], AREA STUDIES 地域研究,4 [59/174],,,,,,,,
JOURNAL OF POPULATION RESEARCH,2025,1443-2447/1835-9469,否,否,否,ESCI,1.2,,社会学,4 [738/2039],否,三级, DEMOGRAPHY 人口学,4 [28/49],,,,,,,,,,
Central and Eastern European Migration Review,2025,2300-1682/2300-1682,否,否,是,ESCI,1.2,,社会学,4 [739/2039],否,三级, DEMOGRAPHY 人口学,4 [29/49],,,,,,,,,,
Journal of Chinese Sociology,2025,2198-2635/2198-2635,否,否,是,ESCI,1.3,,社会学,4 [740/2039],否,三级, SOCIOLOGY 社会学,4 [125/216],,,,,,,,,,
Visual Anthropology,2025,0894-9468/1545-5920,否,否,否,ESCI,0.3,,社会学,4 [741/2039],否,三级, ANTHROPOLOGY 人类学,4 [69/137],,,,,,,,,,
Criminal Law Forum,2025,1046-8374/1572-9850,否,否,否,ESCI,0.8,,社会学,4 [742/2039],否,三级, CRIMINOLOGY & PENOLOGY 犯罪学与刑罚学,4 [58/111], LAW 法学,4 [126/427],,,,,,,,
Culture Theory and Critique,2025,1473-5784/1473-5776,否,否,否,ESCI,0.6,,社会学,4 [743/2039],否,三级," HUMANITIES, MULTIDISCIPLINARY 人文科学",2 [55/406],,,,,,,,,,
International Journal of Law and Information Technology,2025,0967-0769/1464-3693,否,否,否,ESCI,2.2,,社会学,4 [744/2039],否,三级, LAW 法学,4 [128/427],,,,,,,,,,
Presidential Studies Quarterly,2025,0360-4918/1741-5705,否,否,否,SSCI,0.7,,社会学,4 [745/2039],否,三级, POLITICAL SCIENCE 政治学,4 [185/317],,,,,,,,,,
Urban Policy and Research,2025,0811-1146/1476-7244,否,否,否,SSCI,1.7,,社会学,4 [746/2039],否,三级, ENVIRONMENTAL STUDIES 环境研究,4 [114/183], GEOGRAPHY 地理学,4 [73/171], REGIONAL & URBAN PLANNING 区域与城市规划,4 [39/54], URBAN STUDIES 城市研究,4 [39/77],,,,
KOLNER ZEITSCHRIFT FUR SOZIOLOGIE UND SOZIALPSYCHOLOGIE,2025,0023-2653/1861-891X,否,否,否,SSCI,0.9,,社会学,4 [747/2039],否,三级," PSYCHOLOGY, SOCIAL 心理学：社会",4 [53/76], SOCIOLOGY 社会学,4 [127/216],,,,,,,,
Democratic Theory-An Interdisciplinary Journal,2025,2332-8894/2332-8908,否,否,是,ESCI,0.9,,社会学,4 [748/2039],否,三级, POLITICAL SCIENCE 政治学,4 [186/317],,,,,,,,,,
Journal of Cultural Heritage Management and Sustainable Development,2025,2044-1266/2044-1274,否,否,否,ESCI,1.2,,社会学,4 [749/2039],否,三级, GREEN & SUSTAINABLE SCIENCE & TECHNOLOGY 绿色可持续发展技术,4 [55/91],,,,,,,,,,
POLICING-AN INTERNATIONAL JOURNAL OF POLICE STRATEGIES & MANAGEMENT,2025,1363-951X/1758-695X,否,否,否,SSCI,1.7,,社会学,4 [750/2039],否,三级, CRIMINOLOGY & PENOLOGY 犯罪学与刑罚学,4 [59/111],,,,,,,,,,
THEORIA,2025,0040-5817/1558-5816,否,否,是,ESCI,0.6,,社会学,4 [751/2039],否,三级, SOCIOLOGY 社会学,4 [128/216],,,,,,,,,,
PS-POLITICAL SCIENCE & POLITICS,2025,1049-0965/1537-5935,否,否,否,SSCI,1.8,,社会学,4 [752/2039],否,三级, POLITICAL SCIENCE 政治学,4 [187/317],,,,,,,,,,
Victims & Offenders,2025,1556-4886/1556-4991,否,否,否,SSCI,1.8,,社会学,4 [753/2039],否,三级, CRIMINOLOGY & PENOLOGY 犯罪学与刑罚学,4 [60/111],,,,,,,,,,
Engaging Science Technology and Society,2025,2413-8053/2413-8053,否,否,是,ESCI,1,,社会学,4 [754/2039],否,三级, SOCIAL ISSUES 社会问题,4 [28/66],,,,,,,,,,
SOCIETY,2025,0147-2011/1936-4725,否,否,否,SSCI,1.4,,社会学,4 [755/2039],否,三级," SOCIAL SCIENCES, INTERDISCIPLINARY 社会科学：跨领域",4 [90/263], SOCIOLOGY 社会学,4 [129/216],,,,,,,,
Journal of Political Science Education,2025,1551-2169/1551-2177,否,否,否,ESCI,0.6,,社会学,4 [756/2039],否,三级, POLITICAL SCIENCE 政治学,4 [188/317],,,,,,,,,,
SMITH COLLEGE STUDIES IN SOCIAL WORK,2025,0037-7317/1553-0426,否,否,否,ESCI,0.9,,社会学,4 [757/2039],否,三级, SOCIAL WORK 社会工作,4 [30/91],,,,,,,,,,
INTERNATIONAL JOURNAL OF OFFENDER THERAPY AND COMPARATIVE CRIMINOLOGY,2025,0306-624X/1552-6933,否,否,否,SSCI,1.2,,社会学,4 [758/2039],否,三级, CRIMINOLOGY & PENOLOGY 犯罪学与刑罚学,4 [61/111]," PSYCHOLOGY, APPLIED 心理学：应用",4 [69/112],,,,,,,,
IOWA LAW REVIEW,2025,0021-0552,否,否,否,SSCI,1.1,,社会学,4 [759/2039],否,三级, LAW 法学,4 [129/427],,,,,,,,,,
JOURNAL OF LEGAL STUDIES,2025,0047-2530/1537-5366,否,否,否,SSCI,1.1,,社会学,4 [760/2039],否,三级, LAW 法学,4 [130/427],,,,,,,,,,
Gender Issues,2025,1098-092X/1936-4717,否,否,否,ESCI,2.4,,社会学,4 [761/2039],否,三级, SOCIAL ISSUES 社会问题,4 [30/66],,,,,,,,,,
Review of African Political Economy,2025,0305-6244/1740-1720,否,否,否,SSCI,1.6,,社会学,4 [762/2039],否,三级, AREA STUDIES 地域研究,4 [60/174], POLITICAL SCIENCE 政治学,4 [190/317],,,,,,,,
MIDDLE EASTERN STUDIES,2025,0026-3206/1743-7881,否,否,否,SSCI,0.4,,社会学,4 [763/2039],否,三级, AREA STUDIES 地域研究,4 [61/174],,,,,,,,,,
Surveillance & Society,2025,1477-7487/1477-7487,否,否,是,ESCI,1.6,,社会学,4 [764/2039],否,三级," SOCIAL SCIENCES, INTERDISCIPLINARY 社会科学：跨领域",4 [92/263],,,,,,,,,,
International Review of the Red Cross,2025,1816-3831/1607-5889,否,否,否,SSCI,1,,社会学,4 [765/2039],否,三级, LAW 法学,4 [131/427],,,,,,,,,,
Community Work & Family,2025,1366-8803/1469-3615,否,否,否,ESCI,1.5,,社会学,4 [766/2039],否,三级, SOCIOLOGY 社会学,4 [130/216],,,,,,,,,,
JOURNAL OF FOLKLORE RESEARCH,2025,0737-7037/1543-0413,否,否,否,AHCI,0.1,,社会学,4 [767/2039],否,三级, FOLKLORE 民俗学,1 [2/18],,,,,,,,,,
SYDNEY LAW REVIEW,2025,0082-0512/1444-9528,否,否,否,ESCI,0.7,,社会学,4 [768/2039],否,三级, LAW 法学,4 [132/427],,,,,,,,,,
Social Analysis,2025,0155-977X/1558-5727,否,否,是,SSCI,0.7,,社会学,4 [769/2039],否,三级, ANTHROPOLOGY 人类学,4 [73/137],,,,,,,,,,
Journal of Lesbian Studies,2025,1089-4160/1540-3548,否,否,否,ESCI,1.4,,社会学,4 [770/2039],否,三级," SOCIAL SCIENCES, INTERDISCIPLINARY 社会科学：跨领域",4 [94/263],,,,,,,,,,
Anthropology in Action-Journal for Applied Anthropology in Policy and Practice,2025,0967-201X/1752-2285,否,否,是,ESCI,0.8,,社会学,4 [771/2039],否,三级, ANTHROPOLOGY 人类学,4 [74/137],,,,,,,,,,
Systems,2025,2079-8954/2079-8954,否,否,是,SSCI,3.1,,社会学,4 [772/2039],否,三级," SOCIAL SCIENCES, INTERDISCIPLINARY 社会科学：跨领域",4 [95/263],,,,,,,,,,
Feminist Criminology,2025,1557-0851/1557-086X,否,否,否,SSCI,2.3,,社会学,4 [773/2039],否,三级, CRIMINOLOGY & PENOLOGY 犯罪学与刑罚学,4 [62/111],,,,,,,,,,
GEOJOURNAL,2025,0343-2521/1572-9893,否,否,否,ESCI,1.9,,社会学,4 [774/2039],否,三级, GEOGRAPHY 地理学,4 [75/171],,,,,,,,,,
Analyses of Social Issues and Public Policy,2025,1529-7489/1530-2415,否,否,否,SSCI,1.8,,社会学,4 [775/2039],否,三级," PSYCHOLOGY, SOCIAL 心理学：社会",4 [56/76], SOCIAL ISSUES 社会问题,4 [31/66],,,,,,,,
GLQ-A JOURNAL OF LESBIAN AND GAY STUDIES,2025,1064-2684/1527-9375,否,否,否,SSCI,0.9,,社会学,4 [776/2039],否,三级," SOCIAL SCIENCES, INTERDISCIPLINARY 社会科学：跨领域",4 [97/263],,,,,,,,,,
Journal of Middle East Womens Studies,2025,1552-5864/1558-9579,否,否,否,SSCI,0.5,,社会学,4 [777/2039],否,三级, WOMENS STUDIES 女性研究,4 [32/66],,,,,,,,,,
SAGE Open,2025,2158-2440/2158-2440,否,否,是,SSCI,2,,社会学,4 [778/2039],否,三级," SOCIAL SCIENCES, INTERDISCIPLINARY 社会科学：跨领域",4 [98/263],,,,,,,,,,
Field Methods,2025,1525-822X/1552-3969,否,否,否,SSCI,1.4,,社会学,4 [779/2039],否,三级, ANTHROPOLOGY 人类学,4 [75/137]," SOCIAL SCIENCES, INTERDISCIPLINARY 社会科学：跨领域",4 [99/263],,,,,,,,
SOCIOLOGICAL RESEARCH ONLINE,2025,1360-7804/1360-7804,否,否,否,SSCI,1.3,,社会学,4 [780/2039],否,三级, SOCIOLOGY 社会学,4 [132/216],,,,,,,,,,
Journal of Ethnicity in Criminal Justice,2025,1537-7938/1537-7946,否,否,否,ESCI,1,,社会学,4 [781/2039],否,三级, CRIMINOLOGY & PENOLOGY 犯罪学与刑罚学,4 [63/111],,,,,,,,,,
Novum Jus,2025,1692-6013/2500-8692,否,否,是,ESCI,1.3,,社会学,4 [782/2039],否,三级, LAW 法学,4 [133/427],,,,,,,,,,
SOCIOLOGICAL QUARTERLY,2025,0038-0253/1533-8525,否,否,否,SSCI,1.4,,社会学,4 [783/2039],否,三级, SOCIOLOGY 社会学,4 [133/216],,,,,,,,,,
Latino Studies,2025,1476-3435/1476-3443,否,否,否,ESCI,0.9,,社会学,4 [784/2039],否,三级, SOCIOLOGY 社会学,4 [134/216],,,,,,,,,,
European Political Science,2025,1680-4333/1682-0983,否,否,否,SSCI,1.9,,社会学,4 [785/2039],否,三级, POLITICAL SCIENCE 政治学,4 [191/317],,,,,,,,,,
Defence and Security Analysis,2025,1475-1798/1475-1801,否,否,否,ESCI,1.1,,社会学,4 [786/2039],否,三级, INTERNATIONAL RELATIONS 国际关系学,4 [97/165],,,,,,,,,,
ISRAEL LAW REVIEW,2025,0021-2237/2047-9336,否,否,否,ESCI,2.5,,社会学,4 [787/2039],否,三级, LAW 法学,4 [134/427],,,,,,,,,,
Nan Nu-Men Women and Gender in China,2025,1387-6805/1568-5268,否,否,否,AHCI,0.4,,社会学,4 [788/2039],否,三级, ASIAN STUDIES 亚洲研究,3 [29/102],,,,,,,,,,
Asia & the Pacific Policy Studies,2025,2050-2680/2050-2680,否,否,是,SSCI,0.8,,社会学,4 [789/2039],否,三级, AREA STUDIES 地域研究,4 [62/174],,,,,,,,,,
European Journal of Risk Regulation,2025,1867-299X/2190-8249,否,否,否,ESCI,2.3,,社会学,4 [790/2039],否,三级, LAW 法学,4 [135/427],,,,,,,,,,
Immigrants and Minorities,2025,0261-9288/1744-0521,否,否,否,ESCI,0.3,,社会学,4 [791/2039],否,三级, DEMOGRAPHY 人口学,4 [30/49],,,,,,,,,,
Feminist Africa,2025,1726-4596/1726-4596,否,否,否,ESCI,0.9,,社会学,4 [792/2039],否,三级, WOMENS STUDIES 女性研究,4 [33/66],,,,,,,,,,
Politics & Policy,2025,1555-5623/1747-1346,否,否,否,ESCI,1.5,,社会学,4 [793/2039],否,三级, POLITICAL SCIENCE 政治学,4 [192/317],,,,,,,,,,
BLACK SCHOLAR,2025,0006-4246/2162-5387,否,否,否,ESCI,0.8,,社会学,4 [794/2039],否,三级, ETHNIC STUDIES 民族研究,4 [28/39],,,,,,,,,,
MCS-Masculinities and Social Change,2025,2014-3605/2014-3605,否,否,是,ESCI,0.5,,社会学,4 [795/2039],否,三级, SOCIOLOGY 社会学,4 [136/216],,,,,,,,,,
Anthropology Southern Africa,2025,2332-3256/2332-3264,否,否,否,SSCI,0.4,,社会学,4 [796/2039],否,三级, ANTHROPOLOGY 人类学,4 [76/137],,,,,,,,,,
Journal of International Trade Law and Policy,2025,1477-0024/2045-4376,否,否,否,ESCI,0.8,,社会学,4 [797/2039],否,三级, LAW 法学,4 [136/427],,,,,,,,,,
Sociologica-International Journal for Sociological Debate,2025,1971-8853/1971-8853,否,否,是,ESCI,0.8,,社会学,4 [798/2039],否,三级, SOCIOLOGY 社会学,4 [137/216],,,,,,,,,,
Revista Brasileira de Politica Internacional,2025,0034-7329/1983-3121,否,否,是,SSCI,0.7,,社会学,4 [799/2039],否,三级, INTERNATIONAL RELATIONS 国际关系学,4 [98/165], POLITICAL SCIENCE 政治学,4 [193/317],,,,,,,,
Global Social Policy,2025,1468-0181/1741-2803,否,否,否,ESCI,0.9,,社会学,4 [800/2039],否,三级, POLITICAL SCIENCE 政治学,4 [194/317],,,,,,,,,,
ISSUES & STUDIES,2025,1013-2511/2529-802X,否,否,否,ESCI,0.8,,社会学,4 [801/2039],否,三级, AREA STUDIES 地域研究,4 [63/174], INTERNATIONAL RELATIONS 国际关系学,4 [99/165], POLITICAL SCIENCE 政治学,4 [195/317],,,,,,
Japanese Journal of Political Science,2025,1468-1099/1474-0060,否,否,否,SSCI,1,,社会学,4 [802/2039],否,三级, POLITICAL SCIENCE 政治学,4 [196/317],,,,,,,,,,
Nordic Social Work Research,2025,2156-857X/2156-8588,否,否,否,ESCI,1.6,,社会学,4 [803/2039],否,三级, SOCIAL WORK 社会工作,4 [32/91],,,,,,,,,,
Body & Society,2025,1357-034X/1460-3632,否,否,否,SSCI,1.4,,社会学,4 [804/2039],否,三级, SOCIOLOGY 社会学,4 [138/216],,,,,,,,,,
Journal of Ethnic & Cultural Diversity in Social Work,2025,1531-3204/1531-3212,否,否,否,ESCI,1.2,,社会学,4 [805/2039],否,三级, SOCIAL WORK 社会工作,4 [33/91],,,,,,,,,,
Cultural Studies-Critical Methodologies,2025,1532-7086/1552-356X,否,否,否,SSCI;AHCI,1.1,,社会学,4 [806/2039],否,三级, CULTURAL STUDIES 文化研究,4 [29/59],,,,,,,,,,
Australian Social Work,2025,0312-407X/1447-0748,否,否,否,SSCI,2,,社会学,4 [807/2039],否,三级, SOCIAL WORK 社会工作,4 [34/91],,,,,,,,,,
LGBTQ Family-An Interdisciplinary Journal,2025,2770-3371/2770-338X,否,否,否,SSCI,1.9,,社会学,4 [808/2039],否,三级, CRIMINOLOGY & PENOLOGY 犯罪学与刑罚学,4 [65/111], WOMENS STUDIES 女性研究,4 [34/66],,,,,,,,
AUSTRALIAN JOURNAL OF POLITICS AND HISTORY,2025,0004-9522/1467-8497,否,否,否,SSCI;AHCI,0.6,,社会学,4 [809/2039],否,三级, HISTORY 历史学,3 [120/523], POLITICAL SCIENCE 政治学,4 [197/317],,,,,,,,
Settler Colonial Studies,2025,2201-473X/1838-0743,否,否,否,ESCI,0.8,,社会学,4 [810/2039],否,三级," SOCIAL SCIENCES, INTERDISCIPLINARY 社会科学：跨领域",4 [100/263],,,,,,,,,,
Colombia Internacional,2025,0121-5612/1900-6004,否,否,是,ESCI,0.7,,社会学,4 [811/2039],否,三级, INTERNATIONAL RELATIONS 国际关系学,4 [101/165], POLITICAL SCIENCE 政治学,4 [198/317],,,,,,,,
ICSID Review-Foreign Investment Law Journal,2025,0258-3690/2049-1999,否,否,否,SSCI,1.2,,社会学,4 [812/2039],否,三级, LAW 法学,4 [138/427],,,,,,,,,,
PACIFIC AFFAIRS,2025,0030-851X/1715-3379,否,否,否,SSCI,1.2,,社会学,4 [813/2039],否,三级, AREA STUDIES 地域研究,4 [64/174],,,,,,,,,,
Journal of Social Work,2025,1468-0173/1741-296X,否,否,否,SSCI,1.5,,社会学,4 [814/2039],否,三级, SOCIAL WORK 社会工作,4 [35/91],,,,,,,,,,
Comparative Southeast European Studies,2025,2701-8199/2701-8202,否,否,是,ESCI,1,,社会学,4 [815/2039],否,三级, AREA STUDIES 地域研究,4 [65/174],,,,,,,,,,
Creative Industries Journal,2025,1751-0694/1751-0708,否,否,否,ESCI,1,,社会学,4 [816/2039],否,三级," HUMANITIES, MULTIDISCIPLINARY 人文科学",3 [66/406]," SOCIAL SCIENCES, INTERDISCIPLINARY 社会科学：跨领域",4 [101/263],,,,,,,,
International Journal of Evidence & Proof,2025,1365-7127/1740-5572,否,否,否,SSCI,0.6,,社会学,4 [817/2039],否,三级, LAW 法学,4 [139/427],,,,,,,,,,
Journal of Childrens Services,2025,1746-6660/2042-8677,否,否,否,ESCI,1.3,,社会学,4 [818/2039],否,三级, SOCIAL WORK 社会工作,4 [36/91],,,,,,,,,,
Postmedieval-A Journal of Medieval Cultural Studies,2025,2040-5960/2040-5979,否,否,否,SSCI;AHCI,0.3,,社会学,4 [819/2039],否,三级, CULTURAL STUDIES 文化研究,4 [30/59], MEDIEVAL & RENAISSANCE STUDIES 中世纪与文艺复兴研究,4 [31/82],,,,,,,,
Journal of the Society for Social Work and Research,2025,2334-2315/1948-822X,否,否,否,SSCI,2,,社会学,4 [820/2039],否,三级, SOCIAL WORK 社会工作,4 [37/91],,,,,,,,,,
International Journal of Asian Studies,2025,1479-5914/1479-5922,否,否,否,AHCI,0.6,,社会学,4 [821/2039],否,三级, ASIAN STUDIES 亚洲研究,3 [30/102],,,,,,,,,,
Rethinking Marxism-A Journal of Economics Culture & Society,2025,0893-5696/1475-8059,否,否,否,ESCI,0.7,,社会学,4 [822/2039],否,三级, POLITICAL SCIENCE 政治学,4 [200/317],,,,,,,,,,
Law Technology and Humans,2025,2652-4074/2652-4074,否,否,是,ESCI,0.9,,社会学,4 [823/2039],否,三级, LAW 法学,4 [140/427]," SOCIAL SCIENCES, INTERDISCIPLINARY 社会科学：跨领域",4 [103/263],,,,,,,,
Journal of Family Studies,2025,1322-9400/1839-3543,否,否,否,SSCI,1.6,,社会学,4 [824/2039],否,三级, FAMILY STUDIES 家庭研究,4 [32/65],,,,,,,,,,
Journal of Contemporary African Studies,2025,0258-9001/1469-9397,否,否,否,ESCI,0.8,,社会学,4 [825/2039],否,三级, AREA STUDIES 地域研究,4 [66/174],,,,,,,,,,
INDO-IRANIAN JOURNAL,2025,0019-7246/1572-8536,否,否,否,AHCI,0.4,,社会学,4 [826/2039],否,三级, ASIAN STUDIES 亚洲研究,3 [31/102],,,,,,,,,,
JOURNAL OF ASIAN AND AFRICAN STUDIES,2025,0021-9096/1745-2538,否,否,否,SSCI,0.9,,社会学,4 [827/2039],否,三级, AREA STUDIES 地域研究,4 [67/174],,,,,,,,,,
International Review of Scottish Studies,2025,0703-1580/1923-5763,否,否,是,ESCI,0.2,,社会学,4 [828/2039],否,三级," HUMANITIES, MULTIDISCIPLINARY 人文科学",3 [71/406],,,,,,,,,,
China Perspectives,2025,2070-3449/1996-4617,否,否,否,SSCI,0.9,,社会学,4 [829/2039],否,三级, AREA STUDIES 地域研究,4 [68/174],,,,,,,,,,
UNIVERSITY OF TORONTO LAW JOURNAL,2025,0042-0220/1710-1174,否,否,否,SSCI,0.5,,社会学,4 [830/2039],否,三级, LAW 法学,4 [142/427],,,,,,,,,,
Information & Communications Technology Law,2025,1360-0834/1469-8404,否,否,否,ESCI,1.7,,社会学,4 [831/2039],否,三级, LAW 法学,4 [143/427],,,,,,,,,,
Nordic Journal of Migration Research,2025,1799-649X/1799-649X,否,否,是,ESCI,1,,社会学,4 [832/2039],否,三级, DEMOGRAPHY 人口学,4 [31/49],,,,,,,,,,
PATTERNS OF PREJUDICE,2025,0031-322X/1461-7331,否,否,否,SSCI;AHCI,0.8,,社会学,4 [833/2039],否,三级," HUMANITIES, MULTIDISCIPLINARY 人文科学",3 [72/406], ETHNIC STUDIES 民族研究,4 [29/39],,,,,,,,
Space and Culture,2025,1206-3312/1552-8308,否,否,否,SSCI;AHCI,1.2,,社会学,4 [834/2039],否,三级, CULTURAL STUDIES 文化研究,4 [32/59], GEOGRAPHY 地理学,4 [77/171],,,,,,,,
HUMAN ECOLOGY,2025,0300-7839/1572-9915,否,否,否,SSCI,1.7,,社会学,4 [835/2039],否,三级, ANTHROPOLOGY 人类学,4 [77/137], ENVIRONMENTAL STUDIES 环境研究,4 [119/183], SOCIOLOGY 社会学,4 [139/216],,,,,,
EVALUATION REVIEW,2025,0193-841X/1552-3926,否,否,否,SSCI,3.7,,社会学,4 [836/2039],否,三级," SOCIAL SCIENCES, INTERDISCIPLINARY 社会科学：跨领域",4 [104/263],,,,,,,,,,
Landscape Research,2025,0142-6397/1469-9710,否,否,否,SSCI,1.5,,社会学,4 [837/2039],否,三级, ENVIRONMENTAL STUDIES 环境研究,4 [120/183], GEOGRAPHY 地理学,4 [78/171],,,,,,,,
Early China,2025,0362-5028/2325-2324,否,否,否,AHCI,0.2,,社会学,4 [838/2039],否,三级, ASIAN STUDIES 亚洲研究,3 [33/102],,,,,,,,,,
Kotuitui-New Zealand Journal of Social Sciences Online,2025,1177-083X/1177-083X,否,否,是,ESCI,1.6,,社会学,4 [839/2039],否,三级," SOCIAL SCIENCES, INTERDISCIPLINARY 社会科学：跨领域",4 [105/263],,,,,,,,,,
Food and Foodways,2025,0740-9710/1542-3484,否,否,否,ESCI,1.1,,社会学,4 [840/2039],否,三级, ANTHROPOLOGY 人类学,4 [78/137],,,,,,,,,,
Nordic Journal of Human Rights,2025,1891-8131/1891-814X,否,否,否,ESCI,1.2,,社会学,4 [841/2039],否,三级, POLITICAL SCIENCE 政治学,4 [201/317],,,,,,,,,,
Homicide Studies,2025,1088-7679/1552-6720,否,否,否,SSCI,2.4,,社会学,4 [842/2039],否,三级, CRIMINOLOGY & PENOLOGY 犯罪学与刑罚学,4 [66/111],,,,,,,,,,
Somatechnics,2025,2044-0138/2044-0146,否,否,否,ESCI,0.6,,社会学,4 [843/2039],否,三级," SOCIAL SCIENCES, INTERDISCIPLINARY 社会科学：跨领域",4 [107/263],,,,,,,,,,
EVALUATION AND PROGRAM PLANNING,2025,0149-7189/1873-7870,否,否,否,SSCI,2,,社会学,4 [844/2039],否,三级," SOCIAL SCIENCES, INTERDISCIPLINARY 社会科学：跨领域",4 [108/263],,,,,,,,,,
Public Law Review,2025,1034-3024/1034-3024,否,否,否,ESCI,0.4,,社会学,4 [845/2039],否,三级, LAW 法学,4 [144/427],,,,,,,,,,
International Criminal Justice Review,2025,1057-5677/1556-3855,否,否,否,ESCI,0.7,,社会学,4 [846/2039],否,三级, CRIMINOLOGY & PENOLOGY 犯罪学与刑罚学,4 [67/111],,,,,,,,,,
Slavica TerGestina,2025,1592-0291/2283-5482,否,否,是,ESCI,<0.1,,社会学,4 [847/2039],否,三级," HUMANITIES, MULTIDISCIPLINARY 人文科学",3 [76/406],,,,,,,,,,
MINNESOTA LAW REVIEW,2025,0026-5535/0026-5535,否,否,否,SSCI,3.2,,社会学,4 [848/2039],否,三级, LAW 法学,4 [145/427],,,,,,,,,,
Social Dynamics-A Journal of African Studies,2025,0253-3952/1940-7874,否,否,否,SSCI,0.6,,社会学,4 [849/2039],否,三级, AREA STUDIES 地域研究,4 [69/174],,,,,,,,,,
Asian Politics & Policy,2025,1943-0779/1943-0787,否,否,否,ESCI,0.9,,社会学,4 [850/2039],否,三级, POLITICAL SCIENCE 政治学,4 [202/317],,,,,,,,,,
Journal of Prison Education and Reentry,2025,2387-2306/2387-2306,否,否,是,ESCI,0.3,,社会学,4 [851/2039],否,三级, SOCIAL ISSUES 社会问题,4 [35/66],,,,,,,,,,
Journal of Education Culture and Society,2025,2081-1640/2081-1640,否,否,是,ESCI,1.7,,社会学,4 [852/2039],否,三级," SOCIAL SCIENCES, INTERDISCIPLINARY 社会科学：跨领域",4 [109/263],,,,,,,,,,
JOURNAL OF VISUAL CULTURE,2025,1470-4129/1741-2994,否,否,否,SSCI;AHCI,0.5,,社会学,4 [853/2039],否,三级, ART 艺术,2 [21/144], CULTURAL STUDIES 文化研究,4 [33/59],,,,,,,,
COMMONWEALTH & COMPARATIVE POLITICS,2025,1466-2043/1743-9094,否,否,否,ESCI,0.7,,社会学,4 [854/2039],否,三级, POLITICAL SCIENCE 政治学,4 [203/317],,,,,,,,,,
Palaeobulgarica-Starobalgaristika,2025,0204-4021/2603-2899,否,否,否,ESCI,0.1,,社会学,4 [855/2039],否,三级," HUMANITIES, MULTIDISCIPLINARY 人文科学",3 [77/406],,,,,,,,,,
JOURNAL OF FAMILY ISSUES,2025,0192-513X/1552-5481,否,否,否,SSCI,1.4,,社会学,4 [856/2039],否,三级, FAMILY STUDIES 家庭研究,4 [34/65],,,,,,,,,,
Law and Humanities,2025,1752-1483/1752-1491,否,否,否,ESCI,0.2,,社会学,4 [857/2039],否,三级, LAW 法学,4 [147/427],,,,,,,,,,
JOURNAL OF THE ROYAL ASIATIC SOCIETY,2025,1356-1863/1474-0591,否,否,否,AHCI,0.4,,社会学,4 [858/2039],否,三级, ASIAN STUDIES 亚洲研究,3 [35/102],,,,,,,,,,
Japanese Studies,2025,1037-1397/1469-9338,否,否,否,ESCI,0.4,,社会学,4 [859/2039],否,三级, AREA STUDIES 地域研究,4 [71/174],,,,,,,,,,
Revista Espanola de Ciencia Politica-RECP,2025,1575-6548/2173-9870,否,否,是,ESCI,0.9,,社会学,4 [860/2039],否,三级, POLITICAL SCIENCE 政治学,4 [204/317],,,,,,,,,,
Frontiers in Human Dynamics,2025,2673-2726/2673-2726,否,否,是,ESCI,1.3,,社会学,4 [861/2039],否,三级, DEMOGRAPHY 人口学,4 [32/49], SOCIAL ISSUES 社会问题,4 [36/66],,,,,,,,
Acta Borealia,2025,0800-3831/1503-111X,否,否,否,AHCI,0.6,,社会学,4 [862/2039],否,三级," HUMANITIES, MULTIDISCIPLINARY 人文科学",3 [79/406],,,,,,,,,,
OCEANIA,2025,0029-8077/1834-4461,否,否,否,SSCI,0.6,,社会学,4 [863/2039],否,三级, ANTHROPOLOGY 人类学,4 [80/137],,,,,,,,,,
Sexuality & Culture-An Interdisciplinary Journal,2025,1095-5143/1936-4822,否,否,否,ESCI,1.5,,社会学,4 [864/2039],否,三级," SOCIAL SCIENCES, INTERDISCIPLINARY 社会科学：跨领域",4 [111/263],,,,,,,,,,
Journal Asiatique,2025,0021-762X/1783-1504,否,否,否,AHCI,<0.1,,社会学,4 [865/2039],否,三级, ASIAN STUDIES 亚洲研究,3 [36/102],,,,,,,,,,
Impact Assessment and Project Appraisal,2025,1461-5517/1471-5465,否,否,否,SSCI,1.9,,社会学,4 [866/2039],否,三级, ENVIRONMENTAL STUDIES 环境研究,4 [122/183],,,,,,,,,,
JOURNAL OF SOCIAL SERVICE RESEARCH,2025,0148-8376/1540-7314,否,否,否,SSCI,0.9,,社会学,4 [867/2039],否,三级, SOCIAL WORK 社会工作,4 [38/91],,,,,,,,,,
BUFFALO LAW REVIEW,2025,0023-9356/0023-9356,否,否,否,SSCI,0.4,,社会学,4 [868/2039],否,三级, LAW 法学,4 [148/427],,,,,,,,,,
Theory and Practice of Legislation,2025,2050-8840/2050-8859,否,否,否,ESCI,0.9,,社会学,4 [869/2039],否,三级, LAW 法学,4 [149/427],,,,,,,,,,
Journal of Property Planning and Environmental Law,2025,2514-9407/2514-9415,否,否,否,ESCI,0.3,,社会学,4 [870/2039],否,三级, LAW 法学,4 [150/427],,,,,,,,,,
FOLKLORE,2025,0015-587X/1469-8315,否,否,否,AHCI,0.3,,社会学,4 [871/2039],否,三级, FOLKLORE 民俗学,2 [3/18],,,,,,,,,,
Anthropology & Medicine,2025,1364-8470/1469-2910,否,否,否,SSCI,1.1,,社会学,4 [872/2039],否,三级, ANTHROPOLOGY 人类学,4 [83/137]," PUBLIC, ENVIRONMENTAL & OCCUPATIONAL HEALTH 公共卫生、环境卫生与职业卫生",4 [214/404]," SOCIAL SCIENCES, BIOMEDICAL 社会科学：生物医学",4 [32/46],,,,,,
INTERNATIONAL JOURNAL OF SOCIAL WELFARE,2025,1369-6866/1468-2397,否,否,否,SSCI,1.4,,社会学,4 [873/2039],否,三级, SOCIAL WORK 社会工作,4 [39/91],,,,,,,,,,
Cogent Social Sciences,2025,2331-1886/2331-1886,否,否,是,ESCI,1.6,,社会学,4 [874/2039],否,三级," SOCIAL SCIENCES, INTERDISCIPLINARY 社会科学：跨领域",4 [113/263],,,,,,,,,,
PROFESSIONAL GEOGRAPHER,2025,0033-0124/1467-9272,否,否,否,SSCI,1.9,,社会学,4 [875/2039],否,三级, GEOGRAPHY 地理学,4 [79/171],,,,,,,,,,
Social Identities,2025,1350-4630/1363-0296,否,否,否,ESCI,0.9,,社会学,4 [876/2039],否,三级, ETHNIC STUDIES 民族研究,4 [30/39],,,,,,,,,,
ANTHROPOLOGICAL QUARTERLY,2025,0003-5491/1534-1518,否,否,否,SSCI,0.6,,社会学,4 [877/2039],否,三级, ANTHROPOLOGY 人类学,4 [84/137],,,,,,,,,,
South African Journal of International Affairs-SAJIA,2025,1022-0461/1938-0275,否,否,否,ESCI,1.1,,社会学,4 [878/2039],否,三级, INTERNATIONAL RELATIONS 国际关系学,4 [102/165],,,,,,,,,,
WISCONSIN LAW REVIEW,2025,0043-650X/1943-1120,否,否,否,SSCI,1.3,,社会学,4 [879/2039],否,三级, LAW 法学,4 [151/427],,,,,,,,,,
JOURNAL OF EUROPEAN STUDIES,2025,0047-2441/1740-2379,否,否,否,AHCI,0.6,,社会学,4 [880/2039],否,三级," HUMANITIES, MULTIDISCIPLINARY 人文科学",3 [87/406],,,,,,,,,,
Anthropology of Work Review,2025,0883-024X/1548-1417,否,否,否,ESCI,0.8,,社会学,4 [881/2039],否,三级, ANTHROPOLOGY 人类学,4 [85/137],,,,,,,,,,
Differences-A Journal of Feminist Cultural Studies,2025,1040-7391/1527-1986,否,否,否,SSCI;AHCI,0.3,,社会学,4 [882/2039],否,三级, CULTURAL STUDIES 文化研究,4 [34/59], WOMENS STUDIES 女性研究,4 [37/66],,,,,,,,
GEOGRAPHICAL REVIEW,2025,0016-7428/1931-0846,否,否,否,SSCI,1.2,,社会学,4 [883/2039],否,三级, GEOGRAPHY 地理学,4 [80/171],,,,,,,,,,
PSYCHOLOGY CRIME & LAW,2025,1068-316X/1477-2744,否,否,否,SSCI,1.5,,社会学,4 [884/2039],否,三级, CRIMINOLOGY & PENOLOGY 犯罪学与刑罚学,4 [68/111], LAW 法学,4 [152/427]," PSYCHOLOGY, MULTIDISCIPLINARY 心理学：综合",4 [117/219],,,,,,
Zeitschrift fur Empirische Kulturwissenschaft,2025,2752-1591/2752-1605,否,否,否,AHCI,0.1,,社会学,4 [885/2039],否,三级, FOLKLORE 民俗学,2 [4/18],,,,,,,,,,
Critical Arts-South-North Cultural and Media Studies,2025,0256-0046/1992-6049,否,否,否,SSCI;AHCI,0.5,,社会学,4 [886/2039],否,三级, CULTURAL STUDIES 文化研究,4 [35/59],,,,,,,,,,
Asian Journal of Social Science,2025,1568-4849/1568-5314,否,否,否,SSCI,1.2,,社会学,4 [887/2039],否,三级, AREA STUDIES 地域研究,4 [73/174]," SOCIAL SCIENCES, INTERDISCIPLINARY 社会科学：跨领域",4 [114/263],,,,,,,,
Comparative Population Studies,2025,1869-8980/1869-8999,否,否,是,ESCI,1.6,,社会学,4 [888/2039],否,三级, DEMOGRAPHY 人口学,4 [33/49],,,,,,,,,,
Afghanistan,2025,2399-357X/2399-3588,否,否,否,ESCI,0.2,,社会学,4 [889/2039],否,三级, ASIAN STUDIES 亚洲研究,3 [40/102],,,,,,,,,,
American Law and Economics Review,2025,1465-7252/1465-7260,否,否,否,SSCI,0.8,,社会学,4 [890/2039],否,三级, ECONOMICS 经济学,4 [295/599], LAW 法学,4 [153/427],,,,,,,,
Statistics and Public Policy,2025,2330-443X/2330-443X,否,否,是,ESCI,1.8,,社会学,4 [891/2039],否,三级," SOCIAL SCIENCES, MATHEMATICAL METHODS 社会科学：数理方法",4 [36/67],,,,,,,,,,
Trends and Issues in Crime and Criminal Justice,2025,1836-2206/1836-2206,否,否,否,ESCI,1.9,,社会学,4 [892/2039],否,三级, CRIMINOLOGY & PENOLOGY 犯罪学与刑罚学,4 [69/111],,,,,,,,,,
Journal of Legislative Studies,2025,1357-2334/1743-9337,否,否,否,ESCI,1,,社会学,4 [893/2039],否,三级, LAW 法学,4 [154/427],,,,,,,,,,
UNIVERSITY OF NEW SOUTH WALES LAW JOURNAL,2025,0313-0096/1839-2881,否,否,否,ESCI,0.8,,社会学,4 [894/2039],否,三级, LAW 法学,4 [155/427],,,,,,,,,,
European Review,2025,1062-7987/1474-0575,否,否,否,SSCI,0.6,,社会学,4 [895/2039],否,三级, AREA STUDIES 地域研究,4 [74/174],,,,,,,,,,
International Journal of the Legal Profession,2025,0969-5958/1469-9257,否,否,否,ESCI,0.9,,社会学,4 [896/2039],否,三级, LAW 法学,4 [156/427],,,,,,,,,,
Papeles del CEIC-International Journal on Collective Identity Research,2025,1695-6494/1695-6494,否,否,是,ESCI,0.2,,社会学,4 [897/2039],否,三级, SOCIAL ISSUES 社会问题,4 [37/66],,,,,,,,,,
Journal of Offender Rehabilitation,2025,1050-9674/1540-8558,否,否,否,ESCI,1.1,,社会学,4 [898/2039],否,三级, SOCIAL WORK 社会工作,4 [42/91],,,,,,,,,,
International Journal of Discrimination and the Law,2025,1358-2291/2047-9468,否,否,否,ESCI,1.1,,社会学,4 [899/2039],否,三级, LAW 法学,4 [157/427],,,,,,,,,,
Contemporary South Asia,2025,0958-4935/1469-364X,否,否,否,SSCI;AHCI,0.8,,社会学,4 [900/2039],否,三级, ASIAN STUDIES 亚洲研究,3 [41/102], AREA STUDIES 地域研究,4 [75/174],,,,,,,,
EAST EUROPEAN POLITICS AND SOCIETIES,2025,0888-3254/1533-8371,否,否,否,SSCI,1,,社会学,4 [901/2039],否,三级, AREA STUDIES 地域研究,4 [76/174], POLITICAL SCIENCE 政治学,4 [207/317],,,,,,,,
UNIVERSITY OF ILLINOIS LAW REVIEW,2025,0276-9948/1942-9231,否,否,否,SSCI,1.2,,社会学,4 [902/2039],否,三级, LAW 法学,4 [158/427],,,,,,,,,,
Journal of the Indian Ocean Region,2025,1948-0881/1948-108X,否,否,否,ESCI,1.3,,社会学,4 [903/2039],否,三级, AREA STUDIES 地域研究,4 [78/174],,,,,,,,,,
Open Cultural Studies,2025,2451-3474/2451-3474,否,否,是,ESCI,0.5,,社会学,4 [904/2039],否,三级, CULTURAL STUDIES 文化研究,4 [37/59],,,,,,,,,,
SEMIOTICA,2025,0037-1998/1613-3692,否,否,否,SSCI;AHCI,1.2,,社会学,4 [905/2039],否,三级," HUMANITIES, MULTIDISCIPLINARY 人文科学",3 [95/406]," SOCIAL SCIENCES, INTERDISCIPLINARY 社会科学：跨领域",4 [116/263],,,,,,,,
HUMAN RIGHTS QUARTERLY,2025,0275-0392/1085-794X,否,否,否,SSCI,0.8,,社会学,4 [906/2039],否,三级, POLITICAL SCIENCE 政治学,4 [209/317], SOCIAL ISSUES 社会问题,4 [38/66],,,,,,,,
American Political Thought,2025,2161-1580/2161-1599,否,否,否,ESCI,0.4,,社会学,4 [907/2039],否,三级, POLITICAL SCIENCE 政治学,4 [210/317],,,,,,,,,,
Journal of Contemporary Criminal Justice,2025,1043-9862/1552-5406,否,否,否,SSCI,1,,社会学,4 [908/2039],否,三级, CRIMINOLOGY & PENOLOGY 犯罪学与刑罚学,4 [72/111],,,,,,,,,,
CONTRIBUTIONS TO INDIAN SOCIOLOGY,2025,0069-9659/0973-0648,否,否,否,SSCI,0.1,,社会学,4 [909/2039],否,三级, SOCIOLOGY 社会学,4 [142/216],,,,,,,,,,
British Journal of Middle Eastern Studies,2025,1353-0194/1469-3542,否,否,否,SSCI;AHCI,0.6,,社会学,4 [910/2039],否,三级, HISTORY 历史学,3 [154/523], AREA STUDIES 地域研究,4 [79/174],,,,,,,,
Access to Justice in Eastern Europe,2025,2663-0575/2663-0583,否,否,是,ESCI,0.5,,社会学,4 [911/2039],否,三级, LAW 法学,4 [162/427],,,,,,,,,,
Journal of Money Laundering Control,2025,1758-7808/1368-5201,否,否,否,ESCI,1.1,,社会学,4 [912/2039],否,三级, CRIMINOLOGY & PENOLOGY 犯罪学与刑罚学,4 [73/111],,,,,,,,,,
Social Science Journal,2025,0362-3319/1873-5355,否,否,否,SSCI,2.1,,社会学,4 [913/2039],否,三级," SOCIAL SCIENCES, INTERDISCIPLINARY 社会科学：跨领域",4 [117/263],,,,,,,,,,
Journal of World-Systems Research,2025,1076-156X/1076-156X,否,否,是,ESCI,1,,社会学,4 [914/2039],否,三级, SOCIOLOGY 社会学,4 [143/216],,,,,,,,,,
China Review-An Interdisciplinary Journal on Greater China,2025,1680-2012/1680-2012,否,否,否,SSCI,1.4,,社会学,4 [915/2039],否,三级, AREA STUDIES 地域研究,4 [80/174],,,,,,,,,,
Scottish Affairs,2025,0966-0356/2053-888X,否,否,否,ESCI,0.4,,社会学,4 [916/2039],否,三级, POLITICAL SCIENCE 政治学,4 [211/317],,,,,,,,,,
Canadian Ethnic Studies-Etudes Ethniques au Canada,2025,0008-3496/1913-8253,否,否,否,ESCI,0.6,,社会学,4 [917/2039],否,三级, ETHNIC STUDIES 民族研究,4 [31/39],,,,,,,,,,
Cultura Lenguaje y Representacion-Revista de Estudios Culturales de la Universitat Jaume I,2025,1697-7750/1697-7750,否,否,是,ESCI,0.4,,社会学,4 [918/2039],否,三级, CULTURAL STUDIES 文化研究,4 [38/59],,,,,,,,,,
CULTURAL DYNAMICS,2025,0921-3740/1461-7048,否,否,否,ESCI,0.4,,社会学,4 [919/2039],否,三级," SOCIAL SCIENCES, INTERDISCIPLINARY 社会科学：跨领域",4 [118/263],,,,,,,,,,
Wacana-Jurnal Ilmu Pengetahuan Budaya-Journal of the Humanities of Indonesia,2025,1411-2272/2407-6899,否,否,是,ESCI,0.6,,社会学,4 [920/2039],否,三级," HUMANITIES, MULTIDISCIPLINARY 人文科学",3 [98/406],,,,,,,,,,
FEMINIST REVIEW,2025,0141-7789/1466-4380,否,否,否,SSCI,1.2,,社会学,4 [921/2039],否,三级, WOMENS STUDIES 女性研究,4 [38/66],,,,,,,,,,
Conservation & Society,2025,0972-4923/0975-3133,否,否,是,SSCI,2.1,,社会学,4 [922/2039],否,三级, ENVIRONMENTAL STUDIES 环境研究,4 [125/183],,,,,,,,,,
Policing-A Journal of Policy and Practice,2025,1752-4512/1752-4520,否,否,否,SSCI,1.6,,社会学,4 [923/2039],否,三级, CRIMINOLOGY & PENOLOGY 犯罪学与刑罚学,4 [74/111],,,,,,,,,,
Canadian Journal of Law and Society,2025,0829-3201/1911-0227,否,否,否,ESCI,0.7,,社会学,4 [924/2039],否,三级, LAW 法学,4 [163/427],,,,,,,,,,
Law Culture and the Humanities,2025,1743-8721/1743-9752,否,否,否,ESCI,0.5,,社会学,4 [925/2039],否,三级, LAW 法学,4 [164/427],,,,,,,,,,
European Labour Law Journal,2025,2031-9525/2399-5556,否,否,否,ESCI,1.9,,社会学,4 [926/2039],否,三级, LAW 法学,4 [165/427],,,,,,,,,,
Journal of Human Rights and Social Work,2025,2365-1792/2365-1792,否,否,否,ESCI,0.8,,社会学,4 [927/2039],否,三级, SOCIAL WORK 社会工作,4 [44/91],,,,,,,,,,
Contemporary Review of the Middle East,2025,2347-7989/2349-0055,否,否,否,ESCI,0.7,,社会学,4 [928/2039],否,三级, AREA STUDIES 地域研究,4 [81/174], INTERNATIONAL RELATIONS 国际关系学,4 [104/165],,,,,,,,
International Area Studies Review,2025,2233-8659/2049-1123,否,否,否,ESCI,0.9,,社会学,4 [929/2039],否,三级, INTERNATIONAL RELATIONS 国际关系学,4 [105/165],,,,,,,,,,
Journal of Asian Public Policy,2025,1751-6234/1751-6242,否,否,否,SSCI,1.1,,社会学,4 [930/2039],否,三级, AREA STUDIES 地域研究,4 [82/174],,,,,,,,,,
CANADIAN JOURNAL OF AFRICAN STUDIES,2025,0008-3968/1923-3051,否,否,否,ESCI,0.8,,社会学,4 [931/2039],否,三级, AREA STUDIES 地域研究,4 [83/174],,,,,,,,,,
CANADIAN JOURNAL OF DEVELOPMENT STUDIES-REVUE CANADIENNE D ETUDES DU DEVELOPPEMENT,2025,0225-5189/2158-9100,否,否,否,SSCI,0.7,,社会学,4 [932/2039],否,三级, DEVELOPMENT STUDIES 发展研究,4 [42/63],,,,,,,,,,
International Negotiation-A Journal of Theory and Practice,2025,1382-340X/1571-8069,否,否,否,ESCI,1,,社会学,4 [933/2039],否,三级, INTERNATIONAL RELATIONS 国际关系学,4 [106/165],,,,,,,,,,
HARVARD JOURNAL OF LAW AND PUBLIC POLICY,2025,0193-4872/0193-4872,否,否,否,SSCI,0.5,,社会学,4 [934/2039],否,三级, LAW 法学,4 [166/427],,,,,,,,,,
All Azimuth-A Journal of Foreign Policy and Peace,2025,2146-7757/2146-7757,否,否,否,ESCI,0.8,,社会学,4 [935/2039],否,三级, INTERNATIONAL RELATIONS 国际关系学,4 [107/165],,,,,,,,,,
SOCIAL RESEARCH,2025,0037-783X/0037-783X,否,否,否,SSCI,0.6,,社会学,4 [936/2039],否,三级," SOCIAL SCIENCES, INTERDISCIPLINARY 社会科学：跨领域",4 [119/263],,,,,,,,,,
JOURNAL OF POLITICAL IDEOLOGIES,2025,1356-9317/1469-9613,否,否,否,SSCI,1.2,,社会学,4 [937/2039],否,三级, POLITICAL SCIENCE 政治学,4 [212/317],,,,,,,,,,
South Asian Popular Culture,2025,1474-6689/1474-6697,否,否,否,ESCI,0.3,,社会学,4 [938/2039],否,三级, ASIAN STUDIES 亚洲研究,3 [44/102], CULTURAL STUDIES 文化研究,4 [39/59],,,,,,,,
Ethics Policy & Environment,2025,2155-0085/2155-0093,否,否,否,ESCI,0.9,,社会学,4 [939/2039],否,三级, ENVIRONMENTAL STUDIES 环境研究,4 [127/183],,,,,,,,,,
South Asian Review,2025,0275-9527/2573-9476,否,否,否,ESCI,0.1,,社会学,4 [940/2039],否,三级, ASIAN STUDIES 亚洲研究,3 [45/102], LITERATURE 其他形式的文学,3 [63/199],,,,,,,,
Partecipazione e Conflitto,2025,1972-7623/2035-6609,否,否,是,ESCI,0.8,,社会学,4 [941/2039],否,三级, POLITICAL SCIENCE 政治学,4 [213/317],,,,,,,,,,
Journal of Latin American Cultural Studies,2025,1356-9325/1469-9575,否,否,否,SSCI;AHCI,0.3,,社会学,4 [942/2039],否,三级, CULTURAL STUDIES 文化研究,4 [40/59],,,,,,,,,,
International Journal of Sociology and Social Policy,2025,0144-333X/1758-6720,否,否,否,ESCI,1.3,,社会学,4 [943/2039],否,三级, SOCIOLOGY 社会学,4 [144/216],,,,,,,,,,
India Review,2025,1473-6489/1557-3036,否,否,否,SSCI,0.6,,社会学,4 [944/2039],否,三级, AREA STUDIES 地域研究,4 [84/174],,,,,,,,,,
Irish Political Studies,2025,0790-7184/1743-9078,否,否,否,SSCI,1.1,,社会学,4 [945/2039],否,三级, POLITICAL SCIENCE 政治学,4 [214/317],,,,,,,,,,
POLITICAL SCIENCE,2025,0032-3187/2041-0611,否,否,否,SSCI,1.2,,社会学,4 [946/2039],否,三级, POLITICAL SCIENCE 政治学,4 [215/317],,,,,,,,,,
Politikon,2025,0258-9346/1470-1014,否,否,否,SSCI,0.6,,社会学,4 [947/2039],否,三级, POLITICAL SCIENCE 政治学,4 [216/317],,,,,,,,,,
Stability-International Journal of Security and Development,2025,2165-2627/2165-2627,否,否,是,ESCI,0.8,,社会学,4 [948/2039],否,三级, INTERNATIONAL RELATIONS 国际关系学,4 [108/165],,,,,,,,,,
European Journal of Legal Studies,2025,1973-2937/1973-2937,否,否,是,ESCI,0.9,,社会学,4 [949/2039],否,三级, LAW 法学,4 [167/427],,,,,,,,,,
University of Western Australia Law Review,2025,0042-0328/0042-0328,否,否,否,ESCI,0.2,,社会学,4 [950/2039],否,三级, LAW 法学,4 [168/427],,,,,,,,,,
Journal of Legal Affairs and Dispute Resolution in Engineering and Construction,2025,1943-4162/1943-4170,否,否,否,ESCI,1.5,,社会学,4 [951/2039],否,三级, LAW 法学,4 [169/427],,,,,,,,,,
International Journal of Law in Context,2025,1744-5523/1744-5531,否,否,否,SSCI,1.3,,社会学,4 [952/2039],否,三级, LAW 法学,4 [170/427],,,,,,,,,,
Journal of Spanish Cultural Studies,2025,1463-6204/1469-9818,否,否,否,SSCI;AHCI,0.3,,社会学,4 [953/2039],否,三级, CULTURAL STUDIES 文化研究,4 [41/59],,,,,,,,,,
INTERNATIONAL SOCIOLOGY,2025,0268-5809/1461-7242,否,否,否,SSCI,0.9,,社会学,4 [954/2039],否,三级, SOCIOLOGY 社会学,4 [145/216],,,,,,,,,,
Psychoanalysis Culture & Society,2025,1088-0763/1543-3390,否,否,否,ESCI,0.4,,社会学,4 [955/2039],否,三级," SOCIAL SCIENCES, INTERDISCIPLINARY 社会科学：跨领域",4 [121/263],,,,,,,,,,
Caucasus Survey,2025,2376-1199/2376-1202,否,否,否,ESCI,0.4,,社会学,4 [956/2039],否,三级, AREA STUDIES 地域研究,4 [86/174], INTERNATIONAL RELATIONS 国际关系学,4 [109/165], POLITICAL SCIENCE 政治学,4 [218/317],,,,,,
ZEITSCHRIFT FUR ETHNOLOGIE - Journal of Social and Cultural Anthropology,2025,0044-2666,否,否,否,SSCI,0.3,,社会学,4 [957/2039],否,三级, ANTHROPOLOGY 人类学,4 [86/137],,,,,,,,,,
Journal of Public Child Welfare,2025,1554-8732/1554-8740,否,否,否,SSCI,0.8,,社会学,4 [958/2039],否,三级, SOCIAL WORK 社会工作,4 [46/91],,,,,,,,,,
Intersecciones en Antropologia,2025,1850-373X/1850-373X,否,否,是,SSCI;AHCI,1,,社会学,4 [959/2039],否,三级, ANTHROPOLOGY 人类学,4 [87/137], ARCHAEOLOGY 考古学,4 [83/164],,,,,,,,
Safundi,2025,1753-3171/1543-1304,否,否,否,ESCI,0.1,,社会学,4 [960/2039],否,三级, AREA STUDIES 地域研究,4 [88/174],,,,,,,,,,
International Journal of the Inclusive Museum,2025,1835-2014/1835-2022,否,否,否,ESCI,0.4,,社会学,4 [961/2039],否,三级," HOSPITALITY, LEISURE, SPORT & TOURISM 酒店、休闲、体育与旅游",4 [87/139]," SOCIAL SCIENCES, INTERDISCIPLINARY 社会科学：跨领域",4 [122/263],,,,,,,,
Celebrity Studies,2025,1939-2397/1939-2400,否,否,否,SSCI;AHCI,0.9,,社会学,4 [962/2039],否,三级, CULTURAL STUDIES 文化研究,4 [43/59],,,,,,,,,,
International and Multidisciplinary Journal of Social Sciences-RIMCIS,2025,2014-3680/2014-3680,否,否,是,ESCI,1.1,,社会学,4 [963/2039],否,三级," SOCIAL SCIENCES, INTERDISCIPLINARY 社会科学：跨领域",4 [123/263],,,,,,,,,,
Canadian Studies in Population,2025,0380-1489/1927-629X,否,否,否,SSCI,1,,社会学,4 [964/2039],否,三级, DEMOGRAPHY 人口学,4 [34/49],,,,,,,,,,
CRITICAL REVIEW,2025,0891-3811/1933-8007,否,否,否,SSCI,1.7,,社会学,4 [965/2039],否,三级, POLITICAL SCIENCE 政治学,4 [219/317],,,,,,,,,,
Democracy & Security,2025,1741-9166/1555-5860,否,否,否,ESCI,1.3,,社会学,4 [966/2039],否,三级, POLITICAL SCIENCE 政治学,4 [220/317],,,,,,,,,,
Spatial Demography,2025,2364-2289/2164-7070,否,否,否,ESCI,1.1,,社会学,4 [967/2039],否,三级, DEMOGRAPHY 人口学,4 [35/49],,,,,,,,,,
Asian Studies-Azijske Studije,2025,2232-5131/2350-4226,否,否,是,ESCI,0.8,,社会学,4 [968/2039],否,三级, ASIAN STUDIES 亚洲研究,3 [47/102],,,,,,,,,,
GERMAN POLITICS AND SOCIETY,2025,1045-0300/1558-5441,否,否,否,ESCI,0.5,,社会学,4 [969/2039],否,三级, AREA STUDIES 地域研究,4 [90/174],,,,,,,,,,
Information & Culture,2025,2164-8034/2166-3033,否,否,否,SSCI;AHCI,0.7,,社会学,4 [970/2039],否,三级, HISTORY 历史学,4 [179/523], HISTORY OF SOCIAL SCIENCES 社会科学史,4 [25/42], INFORMATION SCIENCE & LIBRARY SCIENCE 图书情报与档案管理,4 [81/160],,,,,,
Zeitschrift fur Vergleichende Politikwissenschaft,2025,1865-2646/1865-2654,否,否,否,ESCI,0.7,,社会学,4 [971/2039],否,三级, POLITICAL SCIENCE 政治学,4 [221/317],,,,,,,,,,
European Law Review,2025,0307-5400,否,否,否,SSCI,1.2,,社会学,4 [972/2039],否,三级, LAW 法学,4 [171/427],,,,,,,,,,
Canadian Journal of Law and Jurisprudence,2025,0841-8209/2056-4260,否,否,否,ESCI,0.6,,社会学,4 [973/2039],否,三级, LAW 法学,4 [172/427],,,,,,,,,,
South East Asia Research,2025,0967-828X/2043-6874,否,否,否,AHCI,0.9,,社会学,4 [974/2039],否,三级, ASIAN STUDIES 亚洲研究,3 [48/102],,,,,,,,,,
Revue d Etudes Tibetaines,2025,1768-2959/1768-2959,否,否,否,ESCI,0.4,,社会学,4 [975/2039],否,三级, ASIAN STUDIES 亚洲研究,4 [49/102],,,,,,,,,,
JOURNAL OF BLACK STUDIES,2025,0021-9347/1552-4566,否,否,否,SSCI,0.8,,社会学,4 [976/2039],否,三级, ETHNIC STUDIES 民族研究,4 [32/39]," SOCIAL SCIENCES, INTERDISCIPLINARY 社会科学：跨领域",4 [124/263],,,,,,,,
Canadian Review of Sociology-Revue Canadienne de Sociologie,2025,1755-6171/1755-618X,否,否,否,SSCI,1.2,,社会学,4 [977/2039],否,三级, SOCIOLOGY 社会学,4 [146/216],,,,,,,,,,
Diplomatica,2025,2589-1766/2589-1774,否,否,否,ESCI,0.6,,社会学,4 [978/2039],否,三级, HISTORY 历史学,4 [182/523], INTERNATIONAL RELATIONS 国际关系学,4 [111/165],,,,,,,,
Japan Forum,2025,0955-5803/1469-932X,否,否,否,ESCI,0.2,,社会学,4 [979/2039],否,三级, AREA STUDIES 地域研究,4 [92/174],,,,,,,,,,
City & Society,2025,0893-0465/1548-744X,否,否,否,ESCI,0.5,,社会学,4 [980/2039],否,三级, ANTHROPOLOGY 人类学,4 [88/137],,,,,,,,,,
Women & Criminal Justice,2025,0897-4454/1541-0323,否,否,否,SSCI,1.5,,社会学,4 [981/2039],否,三级, CRIMINOLOGY & PENOLOGY 犯罪学与刑罚学,4 [77/111], WOMENS STUDIES 女性研究,4 [41/66],,,,,,,,
Global Social Welfare,2025,2196-8799/2196-8799,否,否,否,ESCI,1.3,,社会学,4 [982/2039],否,三级, SOCIAL WORK 社会工作,4 [47/91],,,,,,,,,,
Miscelanea de Estudios Arabes y Hebraicos-Seccion Arabe-Islam,2025,1696-5868/2341-0906,否,否,否,ESCI,<0.1,,社会学,4 [983/2039],否,三级," HUMANITIES, MULTIDISCIPLINARY 人文科学",3 [115/406],,,,,,,,,,
Violence and Gender,2025,2326-7836/2326-7852,否,否,否,ESCI,0.9,,社会学,4 [984/2039],否,三级, CRIMINOLOGY & PENOLOGY 犯罪学与刑罚学,4 [78/111],,,,,,,,,,
India Quarterly-A Journal of International Affairs,2025,0974-9284/0975-2684,否,否,否,ESCI,0.5,,社会学,4 [985/2039],否,三级, INTERNATIONAL RELATIONS 国际关系学,4 [112/165],,,,,,,,,,
LATIN AMERICAN RESEARCH REVIEW,2025,1542-4278/1542-4278,否,否,是,SSCI,0.8,,社会学,4 [986/2039],否,三级, AREA STUDIES 地域研究,4 [93/174],,,,,,,,,,
Journal of Social Work in End-of-Life & Palliative Care,2025,1552-4256/1552-4264,否,否,否,ESCI,1,,社会学,4 [987/2039],否,三级, SOCIAL WORK 社会工作,4 [48/91],,,,,,,,,,
Journal of International Arbitration,2025,0255-8106/2212-182X,否,否,否,ESCI,0.2,,社会学,4 [988/2039],否,三级, LAW 法学,4 [173/427],,,,,,,,,,
Melbourne Journal of International Law,2025,1444-8602/1444-8610,否,否,否,ESCI,1,,社会学,4 [989/2039],否,三级, LAW 法学,4 [174/427],,,,,,,,,,
CENTRAL ASIATIC JOURNAL,2025,0008-9192,否,否,否,AHCI,0.1,,社会学,4 [990/2039],否,三级, ASIAN STUDIES 亚洲研究,4 [50/102],,,,,,,,,,
HAU-Journal of Ethnographic Theory,2025,2575-1433/2049-1115,否,否,否,SSCI,0.5,,社会学,4 [991/2039],否,三级, ANTHROPOLOGY 人类学,4 [89/137],,,,,,,,,,
POLITY,2025,0032-3497/1744-1684,否,否,否,SSCI,1.1,,社会学,4 [992/2039],否,三级, POLITICAL SCIENCE 政治学,4 [222/317],,,,,,,,,,
Families Relationships and Societies,2025,2046-7435/2046-7443,否,否,否,SSCI,1.1,,社会学,4 [993/2039],否,三级, FAMILY STUDIES 家庭研究,4 [39/65],,,,,,,,,,
SOCIAL WORK RESEARCH,2025,1070-5309/1545-6838,否,否,否,SSCI,2,,社会学,4 [994/2039],否,三级, SOCIAL WORK 社会工作,4 [49/91],,,,,,,,,,
TOPIA-Canadian Journal of Cultural Studies,2025,1206-0143/1916-0194,否,否,否,SSCI;AHCI,0.2,,社会学,4 [995/2039],否,三级, CULTURAL STUDIES 文化研究,4 [45/59],,,,,,,,,,
Utrecht Law Review,2025,1871-515X/1871-515X,否,否,是,ESCI,0.6,,社会学,4 [996/2039],否,三级, LAW 法学,4 [175/427],,,,,,,,,,
CANADIAN JOURNAL OF CRIMINOLOGY AND CRIMINAL JUSTICE,2025,1707-7753/1911-0219,否,否,否,SSCI,0.7,,社会学,4 [997/2039],否,三级, CRIMINOLOGY & PENOLOGY 犯罪学与刑罚学,4 [79/111],,,,,,,,,,
Ethics and Social Welfare,2025,1749-6535/1749-6543,否,否,否,ESCI,0.9,,社会学,4 [998/2039],否,三级, SOCIAL WORK 社会工作,4 [50/91],,,,,,,,,,
Symploke,2025,1069-0697/1534-0627,否,否,否,ESCI,0.1,,社会学,4 [999/2039],否,三级, CULTURAL STUDIES 文化研究,4 [46/59],,,,,,,,,,
European Journal of Probation,2025,2066-2203/2066-2203,否,否,否,ESCI,0.7,,社会学,4 [1000/2039],否,三级, CRIMINOLOGY & PENOLOGY 犯罪学与刑罚学,4 [80/111],,,,,,,,,,
International Journal of Comparative and Applied Criminal Justice,2025,0192-4036/2157-6475,否,否,否,ESCI,1.4,,社会学,4 [1001/2039],否,三级, CRIMINOLOGY & PENOLOGY 犯罪学与刑罚学,4 [81/111],,,,,,,,,,
HARVARD CIVIL RIGHTS-CIVIL LIBERTIES LAW REVIEW,2025,0017-8039/1943-5061,否,否,否,SSCI,0.8,,社会学,4 [1002/2039],否,三级, LAW 法学,4 [177/427],,,,,,,,,,
Journal of Cultural Geography,2025,0887-3631/1940-6320,否,否,否,ESCI,0.9,,社会学,4 [1003/2039],否,三级, GEOGRAPHY 地理学,4 [85/171],,,,,,,,,,
NATURAL RESOURCES FORUM,2025,0165-0203/1477-8947,否,否,否,SSCI;SCIE,3.7,2025年《国际期刊预警名单》,社会学,4 [1004/2039],否,三级, ENVIRONMENTAL SCIENCES 环境科学,4 [210/357], ENVIRONMENTAL STUDIES 环境研究,4 [131/183],,,,,,,,
JOURNAL OF JAPANESE STUDIES,2025,0095-6848/1549-4721,否,否,否,SSCI,0.4,,社会学,4 [1005/2039],否,三级, AREA STUDIES 地域研究,4 [94/174],,,,,,,,,,
ERDE,2025,0013-9998/0013-9998,否,否,是,SSCI;SCIE,0.6,,社会学,4 [1006/2039],否,三级, GEOGRAPHY 地理学,4 [86/171]," GEOGRAPHY, PHYSICAL 自然地理",4 [39/63]," GEOSCIENCES, MULTIDISCIPLINARY 地球科学：综合",4 [146/258],,,,,,
Journal of Cross-Cultural Gerontology,2025,0169-3816/1573-0719,否,否,否,ESCI,1,,社会学,4 [1007/2039],否,三级, GERONTOLOGY 老年医学（社科）,4 [29/48],,,,,,,,,,
SOUTHERN CALIFORNIA LAW REVIEW,2025,0038-3910/0038-3910,否,否,否,SSCI,0.9,,社会学,4 [1008/2039],否,三级, LAW 法学,4 [179/427],,,,,,,,,,
BERLINER JOURNAL FUR SOZIOLOGIE,2025,0863-1808/1862-2593,否,否,否,SSCI,1.3,,社会学,4 [1009/2039],否,三级, SOCIOLOGY 社会学,4 [148/216],,,,,,,,,,
Utrecht Journal of International and European Law,2025,2053-5341/2053-5341,否,否,是,ESCI,0.2,,社会学,4 [1010/2039],否,三级, INTERNATIONAL RELATIONS 国际关系学,4 [113/165], LAW 法学,4 [180/427],,,,,,,,
Adoption and Fostering,2025,0308-5759/1740-469X,否,否,否,ESCI,0.9,,社会学,4 [1011/2039],否,三级, FAMILY STUDIES 家庭研究,4 [41/65],,,,,,,,,,
European Review of International Studies,2025,2196-6923/2196-7415,否,否,否,ESCI,1,,社会学,4 [1012/2039],否,三级, INTERNATIONAL RELATIONS 国际关系学,4 [114/165],,,,,,,,,,
Asian Social Work and Policy Review,2025,1753-1403/1753-1411,否,否,否,ESCI,0.7,,社会学,4 [1013/2039],否,三级, SOCIAL WORK 社会工作,4 [52/91],,,,,,,,,,
Polis-Politicheskiye Issledovaniya,2025,1026-9487/1684-0070,否,否,是,ESCI,0.7,,社会学,4 [1014/2039],否,三级, POLITICAL SCIENCE 政治学,4 [223/317],,,,,,,,,,
Chinese Journal of Comparative Law,2025,2050-4802/2050-4810,否,否,否,ESCI,0.4,,社会学,4 [1015/2039],否,三级, LAW 法学,4 [181/427],,,,,,,,,,
Journal of Civil Society,2025,1744-8689/1744-8697,否,否,否,ESCI,0.9,,社会学,4 [1016/2039],否,三级, POLITICAL SCIENCE 政治学,4 [224/317],,,,,,,,,,
Gender Technology & Development,2025,0971-8524/0973-0656,否,否,否,ESCI,1.8,,社会学,4 [1017/2039],否,三级," SOCIAL SCIENCES, INTERDISCIPLINARY 社会科学：跨领域",4 [128/263],,,,,,,,,,
Rabels Zeitschrift fur Auslandisches und Internationales Privatrecht,2025,0033-7250/1868-7059,否,否,否,ESCI,0.6,,社会学,4 [1018/2039],否,三级, LAW 法学,4 [182/427],,,,,,,,,,
Relaciones,2025,0325-2221/1852-1479,否,否,是,ESCI,0.4,,社会学,4 [1019/2039],否,三级, ANTHROPOLOGY 人类学,4 [90/137],,,,,,,,,,
International Journal of Law Policy and the Family,2025,1360-9939/1464-3707,否,否,否,SSCI,0.9,,社会学,4 [1020/2039],否,三级, FAMILY STUDIES 家庭研究,4 [42/65], LAW 法学,4 [183/427],,,,,,,,
SCOTTISH GEOGRAPHICAL JOURNAL,2025,1470-2541/1751-665X,否,否,否,SSCI,2,,社会学,4 [1021/2039],否,三级, GEOGRAPHY 地理学,4 [87/171],,,,,,,,,,
Asian Journal of International Law,2025,2044-2513/2044-2521,否,否,否,ESCI,1.6,,社会学,4 [1022/2039],否,三级, LAW 法学,4 [184/427],,,,,,,,,,
ASIA PACIFIC JOURNAL OF SOCIAL WORK AND DEVELOPMENT,2025,0218-5385/2165-0993,否,否,否,SSCI,1,,社会学,4 [1023/2039],否,三级, SOCIAL WORK 社会工作,4 [53/91],,,,,,,,,,
Sexes,2025,2411-5118/2411-5118,否,否,是,ESCI,0.9,,社会学,4 [1024/2039],否,三级," MEDICINE, GENERAL & INTERNAL 医学：内科",4 [103/327]," PSYCHOLOGY, MULTIDISCIPLINARY 心理学：综合",4 [132/219]," SOCIAL SCIENCES, INTERDISCIPLINARY 社会科学：跨领域",4 [130/263], WOMENS STUDIES 女性研究,4 [42/66],,,,
CRIME LAW AND SOCIAL CHANGE,2025,0925-4994/1573-0751,否,否,否,SSCI,1.3,,社会学,4 [1025/2039],否,三级, CRIMINOLOGY & PENOLOGY 犯罪学与刑罚学,4 [82/111]," SOCIAL SCIENCES, INTERDISCIPLINARY 社会科学：跨领域",4 [131/263],,,,,,,,
Insight on Africa,2025,0975-0878/0976-3465,否,否,否,ESCI,1.2,,社会学,4 [1026/2039],否,三级, AREA STUDIES 地域研究,4 [95/174],,,,,,,,,,
Manuscript Studies-A Journal of the Schoenberg Institute for Manuscript Studies,2025,2381-5329/2380-1190,否,否,否,ESCI,0.2,,社会学,4 [1027/2039],否,三级," HUMANITIES, MULTIDISCIPLINARY 人文科学",3 [130/406],,,,,,,,,,
Digest of Middle East Studies,2025,1060-4367/1949-3606,否,否,否,ESCI,1.2,,社会学,4 [1028/2039],否,三级, AREA STUDIES 地域研究,4 [96/174],,,,,,,,,,
Journal of African American Studies,2025,1559-1646/1936-4741,否,否,否,ESCI,0.5,,社会学,4 [1029/2039],否,三级, ETHNIC STUDIES 民族研究,4 [33/39],,,,,,,,,,
MARRIAGE AND FAMILY REVIEW,2025,0149-4929/1540-9635,否,否,否,ESCI,1.2,,社会学,4 [1030/2039],否,三级, FAMILY STUDIES 家庭研究,4 [43/65],,,,,,,,,,
DIALECTICAL ANTHROPOLOGY,2025,0304-4092/1573-0786,否,否,否,ESCI,1.1,,社会学,4 [1031/2039],否,三级, ANTHROPOLOGY 人类学,4 [91/137],,,,,,,,,,
Food Culture & Society,2025,1552-8014/1751-7443,否,否,否,SSCI,1.1,,社会学,4 [1032/2039],否,三级, SOCIOLOGY 社会学,4 [149/216],,,,,,,,,,
Revista de Estudios Sociales,2025,0123-885X/1900-5180,否,否,是,SSCI,1,,社会学,4 [1033/2039],否,三级, SOCIAL ISSUES 社会问题,4 [42/66]," SOCIAL SCIENCES, INTERDISCIPLINARY 社会科学：跨领域",4 [132/263],,,,,,,,
Imagologiya i Komparativistika-Imagology and Comparative Studies,2025,2409-9554/2409-9554,否,否,否,ESCI,0.1,,社会学,4 [1034/2039],否,三级," HUMANITIES, MULTIDISCIPLINARY 人文科学",4 [133/406],,,,,,,,,,
COMMUNITY DEVELOPMENT JOURNAL,2025,0010-3802/1468-2656,否,否,否,SSCI,1.1,,社会学,4 [1035/2039],否,三级, DEVELOPMENT STUDIES 发展研究,4 [45/63],,,,,,,,,,
ANTHROPOZOOLOGICA,2025,0761-3032/2107-0881,否,否,否,SSCI;AHCI,0.7,,社会学,4 [1036/2039],否,三级, ANTHROPOLOGY 人类学,4 [92/137], ARCHAEOLOGY 考古学,4 [87/164],,,,,,,,
CULTURAL CRITIQUE,2025,0882-4371/1460-2458,否,否,否,SSCI;AHCI,0.3,,社会学,4 [1037/2039],否,三级, CULTURAL STUDIES 文化研究,4 [48/59],,,,,,,,,,
International Review of Sociology-Revue Internationale de Sociologie,2025,0390-6701/1469-9273,否,否,否,ESCI,1.3,,社会学,4 [1038/2039],否,三级, SOCIOLOGY 社会学,4 [150/216],,,,,,,,,,
Anthropological Journal of European Cultures,2025,1755-2923/1755-2931,否,否,是,ESCI,0.6,,社会学,4 [1039/2039],否,三级, ANTHROPOLOGY 人类学,4 [93/137],,,,,,,,,,
British Journal of American Legal Studies,2025,2049-4092/2719-5864,否,否,是,ESCI,0.2,,社会学,4 [1040/2039],否,三级, LAW 法学,4 [186/427],,,,,,,,,,
Balkan Arastrma Enstitusu Dergisi-Journal of Balkan Research Institute-JBRI,2025,2147-1371/2147-1371,否,否,否,ESCI,0.1,,社会学,4 [1041/2039],否,三级, AREA STUDIES 地域研究,4 [97/174],,,,,,,,,,
Sociology Lens,2025,2832-5796/2832-580X,否,否,否,SSCI,,,社会学,4 [1042/2039],否,三级, ANTHROPOLOGY 人类学,4 [94/137], HISTORY 历史学,4 [212/523], SOCIOLOGY 社会学,4 [151/216],,,,,,
Romani Studies,2025,1528-0748/1757-2274,否,否,是,SSCI;AHCI,0.4,,社会学,4 [1043/2039],否,三级, ANTHROPOLOGY 人类学,4 [95/137]," HUMANITIES, MULTIDISCIPLINARY 人文科学",4 [140/406],,,,,,,,
French Cultural Studies,2025,0957-1558/1740-2352,否,否,否,SSCI;AHCI,0.5,,社会学,4 [1044/2039],否,三级, CULTURAL STUDIES 文化研究,4 [49/59],,,,,,,,,,
Journal for Early Modern Cultural Studies,2025,1531-0485/1553-3786,否,否,否,ESCI,0.1,,社会学,4 [1045/2039],否,三级, CULTURAL STUDIES 文化研究,4 [50/59],,,,,,,,,,
JOURNAL OF GAY & LESBIAN SOCIAL SERVICES,2025,1053-8720/1540-4056,否,否,否,ESCI,1.8,,社会学,4 [1046/2039],否,三级, SOCIAL WORK 社会工作,4 [54/91],,,,,,,,,,
Tapuya-Latin American Science Technology and Society,2025,2572-9861/2572-9861,否,否,是,ESCI,1.2,,社会学,4 [1047/2039],否,三级, HISTORY & PHILOSOPHY OF SCIENCE 科学史与科学哲学,4 [61/105], SOCIAL ISSUES 社会问题,4 [43/66],,,,,,,,
Innovation-The European Journal of Social Science Research,2025,1351-1610/1469-8412,否,否,否,SSCI,1.3,,社会学,4 [1048/2039],否,三级, SOCIOLOGY 社会学,4 [152/216],,,,,,,,,,
European Countryside,2025,1803-8417/1803-8417,否,否,是,ESCI,1,,社会学,4 [1049/2039],否,三级, GEOGRAPHY 地理学,4 [88/171],,,,,,,,,,
Pacific Focus,2025,1225-4657/1976-5118,否,否,否,SSCI,0.5,,社会学,4 [1050/2039],否,三级, AREA STUDIES 地域研究,4 [98/174], INTERNATIONAL RELATIONS 国际关系学,4 [115/165],,,,,,,,
New Political Science,2025,0739-3148/1469-9931,否,否,否,ESCI,0.5,,社会学,4 [1051/2039],否,三级, POLITICAL SCIENCE 政治学,4 [226/317],,,,,,,,,,
Studies in Ethnicity and Nationalism,2025,1473-8481/1754-9469,否,否,否,ESCI,0.7,,社会学,4 [1052/2039],否,三级, ETHNIC STUDIES 民族研究,4 [34/39],,,,,,,,,,
International Journal of Care and Caring,2025,2397-8821/2397-883X,否,否,否,ESCI,1.2,,社会学,4 [1053/2039],否,三级," SOCIAL SCIENCES, INTERDISCIPLINARY 社会科学：跨领域",4 [134/263],,,,,,,,,,
Adoption Quarterly,2025,1092-6755/1544-452X,否,否,否,ESCI,0.6,,社会学,4 [1054/2039],否,三级, SOCIAL WORK 社会工作,4 [55/91],,,,,,,,,,
Norsk Geografisk Tidsskrift-Norwegian Journal of Geography,2025,0029-1951/1502-5292,否,否,否,SSCI,1.9,,社会学,4 [1055/2039],否,三级, GEOGRAPHY 地理学,4 [90/171],,,,,,,,,,
Annals of Anthropological Practice,2025,2153-957X/2153-9588,否,否,否,ESCI,0.6,,社会学,4 [1056/2039],否,三级, ANTHROPOLOGY 人类学,4 [96/137],,,,,,,,,,
Journal of Population Ageing,2025,1874-7884/1874-7876,否,否,否,ESCI,1.7,,社会学,4 [1057/2039],否,三级, GERONTOLOGY 老年医学（社科）,4 [30/48],,,,,,,,,,
Monumenta Serica-Journal of Oriental Studies,2025,0254-9948/2057-1690,否,否,否,ESCI,0.4,,社会学,4 [1058/2039],否,三级, ASIAN STUDIES 亚洲研究,4 [55/102],,,,,,,,,,
International Journal of Testing,2025,1530-5058/1532-7574,否,否,否,ESCI,1.4,,社会学,4 [1059/2039],否,三级," SOCIAL SCIENCES, INTERDISCIPLINARY 社会科学：跨领域",4 [136/263],,,,,,,,,,
Visual Studies,2025,1472-586X/1472-5878,否,否,否,AHCI,1,,社会学,4 [1060/2039],否,三级," HUMANITIES, MULTIDISCIPLINARY 人文科学",4 [144/406],,,,,,,,,,
GEOGRAPHY,2025,0016-7487/2043-6564,否,否,否,SSCI,1.1,,社会学,4 [1061/2039],否,三级, GEOGRAPHY 地理学,4 [91/171],,,,,,,,,,
Conflict Resolution Quarterly,2025,1536-5581/1541-1508,否,否,否,ESCI,1.1,,社会学,4 [1062/2039],否,三级," SOCIAL SCIENCES, INTERDISCIPLINARY 社会科学：跨领域",4 [137/263],,,,,,,,,,
BEHAVIORAL SCIENCES & THE LAW,2025,0735-3936/1099-0798,否,否,否,SSCI,1.3,,社会学,4 [1063/2039],否,三级, LAW 法学,4 [187/427]," PSYCHOLOGY, APPLIED 心理学：应用",4 [85/112],,,,,,,,
SOUTHEASTERN EUROPE,2025,0094-4467/1876-3332,否,否,否,ESCI,0.3,,社会学,4 [1064/2039],否,三级, AREA STUDIES 地域研究,4 [99/174],,,,,,,,,,
GERMAN STUDIES REVIEW,2025,0149-7952/2164-8646,否,否,否,SSCI;AHCI,0.3,,社会学,4 [1065/2039],否,三级, AREA STUDIES 地域研究,4 [100/174]," HUMANITIES, MULTIDISCIPLINARY 人文科学",4 [148/406],,,,,,,,
BMS-Bulletin of Sociological Methodology-Bulletin de Methodologie Sociologique,2025,0759-1063/2070-2779,否,否,否,ESCI,0.9,,社会学,4 [1066/2039],否,三级, SOCIOLOGY 社会学,4 [154/216],,,,,,,,,,
Journal of Asia-Pacific Pop Culture,2025,2380-7679/2380-7687,否,否,否,ESCI,0.3,,社会学,4 [1067/2039],否,三级," HUMANITIES, MULTIDISCIPLINARY 人文科学",4 [149/406],,,,,,,,,,
KronoScope-Journal for the Study of Time,2025,1567-715X/1568-5241,否,否,否,ESCI,0.1,,社会学,4 [1068/2039],否,三级," HUMANITIES, MULTIDISCIPLINARY 人文科学",4 [150/406],,,,,,,,,,
International Communication of Chinese Culture,2025,2197-4233/2197-4241,否,否,否,ESCI,0.6,,社会学,4 [1069/2039],否,三级, AREA STUDIES 地域研究,4 [101/174], ASIAN STUDIES 亚洲研究,4 [57/102],,,,,,,,
Geopoliticas-Revista de Estudios sobre Espacio y Poder,2025,2172-3958/2172-7155,否,否,否,ESCI,0.4,,社会学,4 [1070/2039],否,三级, POLITICAL SCIENCE 政治学,4 [228/317],,,,,,,,,,
International Journal of Persian Literature,2025,2376-5739/2376-5755,否,否,否,ESCI,<0.1,,社会学,4 [1071/2039],否,三级, ASIAN STUDIES 亚洲研究,4 [58/102], LITERATURE 其他形式的文学,4 [95/199],,,,,,,,
ZEITSCHRIFT DES DEUTSCHEN PALASTINA-VEREINS,2025,0012-1169,否,否,否,AHCI,0.2,,社会学,4 [1072/2039],否,三级, ARCHAEOLOGY 考古学,4 [93/164], ASIAN STUDIES 亚洲研究,4 [59/102],,,,,,,,
Fennia-International Journal of Geography,2025,0015-0010/1798-5617,否,否,是,ESCI,1.6,,社会学,4 [1073/2039],否,三级, GEOGRAPHY 地理学,4 [92/171],,,,,,,,,,
Asian Journal of Political Science,2025,0218-5377/1750-7812,否,否,否,ESCI,1,,社会学,4 [1074/2039],否,三级, POLITICAL SCIENCE 政治学,4 [229/317],,,,,,,,,,
Legal Pluralism and Critical Social Analysis,2025,2770-6869/2770-6877,否,否,否,ESCI,0.4,,社会学,4 [1075/2039],否,三级, LAW 法学,4 [188/427],,,,,,,,,,
Strategic Analysis,2025,0970-0161/1754-0054,否,否,否,ESCI,0.5,,社会学,4 [1076/2039],否,三级, INTERNATIONAL RELATIONS 国际关系学,4 [117/165],,,,,,,,,,
Israel Studies Review,2025,2159-0370/2159-0389,否,否,否,ESCI,0.4,,社会学,4 [1077/2039],否,三级, AREA STUDIES 地域研究,4 [102/174],,,,,,,,,,
Slovene-International Journal of Slavic Studies,2025,2304-0785/2305-6754,否,否,是,ESCI,0.1,,社会学,4 [1078/2039],否,三级," HUMANITIES, MULTIDISCIPLINARY 人文科学",4 [154/406],,,,,,,,,,
MIDDLE EAST POLICY,2025,1061-1924/1475-4967,否,否,否,SSCI,1.1,,社会学,4 [1079/2039],否,三级, AREA STUDIES 地域研究,4 [103/174], INTERNATIONAL RELATIONS 国际关系学,4 [118/165],,,,,,,,
Journal of Intergenerational Relationships,2025,1535-0770/1535-0932,否,否,否,ESCI,1,,社会学,4 [1080/2039],否,三级, GERONTOLOGY 老年医学（社科）,4 [32/48],,,,,,,,,,
JOURNAL OF CRIMINAL JUSTICE EDUCATION,2025,1051-1253/1745-9117,否,否,否,ESCI,0.9,,社会学,4 [1081/2039],否,三级, CRIMINOLOGY & PENOLOGY 犯罪学与刑罚学,4 [84/111],,,,,,,,,,
HASTINGS LAW JOURNAL,2025,0017-8322/0017-8322,否,否,否,SSCI,0.8,,社会学,4 [1082/2039],否,三级, LAW 法学,4 [189/427],,,,,,,,,,
American Review of Canadian Studies,2025,0272-2011/1943-9954,否,否,否,ESCI,0.4,,社会学,4 [1083/2039],否,三级, AREA STUDIES 地域研究,4 [104/174],,,,,,,,,,
Feminismo-s,2025,1989-9998/1989-9998,否,否,是,ESCI,0.2,,社会学,4 [1084/2039],否,三级, WOMENS STUDIES 女性研究,4 [43/66],,,,,,,,,,
Koot-Revista de Museologia,2025,2078-0664/2307-3942,否,否,是,ESCI,<0.1,,社会学,4 [1085/2039],否,三级," HUMANITIES, MULTIDISCIPLINARY 人文科学",4 [157/406],,,,,,,,,,
China Report,2025,0009-4455/0973-063X,否,否,否,ESCI,0.7,,社会学,4 [1086/2039],否,三级, AREA STUDIES 地域研究,4 [105/174],,,,,,,,,,
Qualitative Research Journal,2025,1443-9883/1448-0980,否,否,否,ESCI,1.4,,社会学,4 [1087/2039],否,三级," SOCIAL SCIENCES, INTERDISCIPLINARY 社会科学：跨领域",4 [139/263],,,,,,,,,,
Refuge,2025,0229-5113/1920-7336,否,否,是,ESCI,1,,社会学,4 [1088/2039],否,三级, DEMOGRAPHY 人口学,4 [36/49],,,,,,,,,,
Bamboo and Silk,2025,2468-9238/2468-9246,否,否,否,ESCI,0.2,,社会学,4 [1089/2039],否,三级, ASIAN STUDIES 亚洲研究,4 [60/102],,,,,,,,,,
South Asian Studies,2025,0266-6030/2153-2699,否,否,否,ESCI,0.7,,社会学,4 [1090/2039],否,三级, ASIAN STUDIES 亚洲研究,4 [61/102],,,,,,,,,,
NOMADIC PEOPLES,2025,0822-7942/1752-2366,否,否,是,ESCI,0.7,,社会学,4 [1091/2039],否,三级, ANTHROPOLOGY 人类学,4 [97/137],,,,,,,,,,
IIC-INTERNATIONAL REVIEW OF INTELLECTUAL PROPERTY AND COMPETITION LAW,2025,0018-9855/2195-0237,否,否,否,ESCI,1.4,,社会学,4 [1092/2039],否,三级, LAW 法学,4 [190/427],,,,,,,,,,
Journal of International Humanitarian Legal Studies,2025,1878-1373/1878-1527,否,否,否,ESCI,0.6,,社会学,4 [1093/2039],否,三级, LAW 法学,4 [191/427],,,,,,,,,,
Legal Issues of Economic Integration,2025,1566-6573/1875-6433,否,否,否,ESCI,0.6,,社会学,4 [1094/2039],否,三级, LAW 法学,4 [192/427],,,,,,,,,,
Korean Studies,2025,0145-840X/1529-1529,否,否,否,ESCI,,,社会学,4 [1095/2039],否,三级, ASIAN STUDIES 亚洲研究,4 [62/102],,,,,,,,,,
MIDDLE EAST JOURNAL,2025,0026-3141/1940-3461,否,否,否,SSCI,1.1,,社会学,4 [1096/2039],否,三级, AREA STUDIES 地域研究,4 [106/174],,,,,,,,,,
Alternative Law Journal,2025,1037-969X/2398-9084,否,否,否,ESCI,0.6,,社会学,4 [1097/2039],否,三级, LAW 法学,4 [193/427],,,,,,,,,,
International Journal of Intangible Heritage,2025,1975-3586/1975-4019,否,否,否,AHCI,0.7,,社会学,4 [1098/2039],否,三级," HUMANITIES, MULTIDISCIPLINARY 人文科学",4 [163/406],,,,,,,,,,
Forum-A Journal of Applied Research in Contemporary Politics,2025,2194-6183/1540-8884,否,否,否,SSCI,0.8,,社会学,4 [1099/2039],否,三级, POLITICAL SCIENCE 政治学,4 [230/317],,,,,,,,,,
South Asian Diaspora,2025,1943-8192/1943-8184,否,否,否,ESCI,0.9,,社会学,4 [1100/2039],否,三级, AREA STUDIES 地域研究,4 [107/174],,,,,,,,,,
MODERN CHINA,2025,0097-7004/1552-6836,否,否,否,SSCI,0.9,,社会学,4 [1101/2039],否,三级, AREA STUDIES 地域研究,4 [108/174],,,,,,,,,,
East Asian Policy,2025,1793-9305/2251-3175,否,否,是,ESCI,0.5,,社会学,4 [1102/2039],否,三级, POLITICAL SCIENCE 政治学,4 [231/317],,,,,,,,,,
Zeitschrift fur Interkulturelle Germanistik,2025,1869-3660/2198-0330,否,否,否,ESCI,<0.1,,社会学,4 [1103/2039],否,三级," LITERATURE, GERMAN, DUTCH, SCANDINAVIAN 日耳曼语系文学",3 [11/28], CULTURAL STUDIES 文化研究,4 [53/59],,,,,,,,
BIJDRAGEN TOT DE TAAL- LAND- EN VOLKENKUNDE,2025,0006-2294/2213-4379,否,否,是,SSCI;AHCI,0.6,,社会学,4 [1104/2039],否,三级, ANTHROPOLOGY 人类学,4 [98/137], ASIAN STUDIES 亚洲研究,4 [63/102],,,,,,,,
Latin American Policy,2025,2041-7365/2041-7373,否,否,否,ESCI,0.8,,社会学,4 [1105/2039],否,三级, POLITICAL SCIENCE 政治学,4 [232/317],,,,,,,,,,
Security Journal,2025,0955-1662/1743-4645,否,否,否,SSCI,1.2,,社会学,4 [1106/2039],否,三级, CRIMINOLOGY & PENOLOGY 犯罪学与刑罚学,4 [85/111],,,,,,,,,,
Human Affairs-Postdisciplinary Humanities & Social Sciences Quarterly,2025,1210-3055/1337-401X,否,否,否,ESCI,0.6,,社会学,4 [1107/2039],否,三级," SOCIAL SCIENCES, INTERDISCIPLINARY 社会科学：跨领域",4 [140/263],,,,,,,,,,
INTERNATIONAL SOCIAL WORK,2025,0020-8728/1461-7234,否,否,否,SSCI,1.2,,社会学,4 [1108/2039],否,三级, SOCIAL WORK 社会工作,4 [57/91],,,,,,,,,,
Arab Studies Quarterly,2025,0271-3519/2043-6920,否,否,是,ESCI,0.3,,社会学,4 [1109/2039],否,三级, AREA STUDIES 地域研究,4 [109/174],,,,,,,,,,
Qualitative Report,2025,1052-0147/2160-3715,否,否,是,ESCI,1.6,,社会学,4 [1110/2039],否,三级," SOCIAL SCIENCES, INTERDISCIPLINARY 社会科学：跨领域",4 [141/263],,,,,,,,,,
International Organizations Law Review,2025,1572-3739/1572-3747,否,否,否,ESCI,1.1,,社会学,4 [1111/2039],否,三级, LAW 法学,4 [194/427],,,,,,,,,,
CANADIAN GEOGRAPHIES-GEOGRAPHIES CANADIENNES,2025,0008-3658/1541-0064,否,否,否,SSCI,1.3,,社会学,4 [1112/2039],否,三级, GEOGRAPHY 地理学,4 [93/171],,,,,,,,,,
Revista Espanola de Investigaciones Sociologicas,2025,0210-5233/1988-5903,否,否,是,SSCI,1.1,,社会学,4 [1113/2039],否,三级, SOCIOLOGY 社会学,4 [155/216],,,,,,,,,,
Environmental Justice,2025,1939-4071/1937-5174,否,否,否,ESCI,1.3,,社会学,4 [1114/2039],否,三级, ENVIRONMENTAL STUDIES 环境研究,4 [134/183],,,,,,,,,,
Journal of Iberian and Latin American Research,2025,1326-0219/2151-9668,否,否,否,ESCI,0.3,,社会学,4 [1115/2039],否,三级," HUMANITIES, MULTIDISCIPLINARY 人文科学",4 [167/406],,,,,,,,,,
Revista de Investigacoes Constitucionais-Journal of Constitutional Research,2025,2359-5639/2359-5639,否,否,是,ESCI,0.7,,社会学,4 [1116/2039],否,三级, LAW 法学,4 [195/427],,,,,,,,,,
PRISON JOURNAL,2025,0032-8855/1552-7522,否,否,否,SSCI,0.8,,社会学,4 [1117/2039],否,三级, CRIMINOLOGY & PENOLOGY 犯罪学与刑罚学,4 [86/111],,,,,,,,,,
JOURNAL OF CANADIAN STUDIES-REVUE D ETUDES CANADIENNES,2025,0021-9495/1911-0251,否,否,否,AHCI,0.5,,社会学,4 [1118/2039],否,三级," HUMANITIES, MULTIDISCIPLINARY 人文科学",4 [169/406],,,,,,,,,,
Slovensky Narodopis-Slovak Ethnology,2025,1335-1303/1339-9357,否,否,是,ESCI,0.5,,社会学,4 [1119/2039],否,三级, ANTHROPOLOGY 人类学,4 [99/137],,,,,,,,,,
International Journal of Marine and Coastal Law,2025,0927-3522/1571-8085,否,否,否,SSCI,2.1,,社会学,4 [1120/2039],否,三级, LAW 法学,4 [196/427],,,,,,,,,,
European Public Law,2025,1354-3725/1875-8207,否,否,否,ESCI,0.4,,社会学,4 [1121/2039],否,三级, LAW 法学,4 [197/427],,,,,,,,,,
Public Administration and Policy-An Asia-Pacific Journal,2025,1727-2645/2517-679X,否,否,是,ESCI,0.8,,社会学,4 [1122/2039],否,三级, POLITICAL SCIENCE 政治学,4 [233/317], PUBLIC ADMINISTRATION 公共管理,4 [67/91],,,,,,,,
Polar Journal,2025,2154-896X/2154-8978,否,否,否,ESCI,1.8,,社会学,4 [1123/2039],否,三级, AREA STUDIES 地域研究,4 [110/174], ENVIRONMENTAL STUDIES 环境研究,4 [135/183], GEOGRAPHY 地理学,4 [94/171], INTERNATIONAL RELATIONS 国际关系学,4 [119/165],,,,
China and Asia,2025,2589-4641/2589-465X,否,否,否,ESCI,0.2,,社会学,4 [1124/2039],否,三级, AREA STUDIES 地域研究,4 [111/174], ASIAN STUDIES 亚洲研究,4 [65/102], HISTORY 历史学,4 [246/523],,,,,,
Korean Journal of International and Comparative Law,2025,2213-4476/2213-4484,否,否,否,ESCI,0.1,,社会学,4 [1125/2039],否,三级, LAW 法学,4 [198/427],,,,,,,,,,
International Journal of Cuban Studies,2025,1756-3461/1756-347X,否,否,是,ESCI,0.3,,社会学,4 [1126/2039],否,三级, AREA STUDIES 地域研究,4 [112/174],,,,,,,,,,
Journal of Adult Protection,2025,1466-8203/2042-8669,否,否,否,ESCI,1,,社会学,4 [1127/2039],否,三级, SOCIAL WORK 社会工作,4 [58/91],,,,,,,,,,
JOURNAL OF MODERN GREEK STUDIES,2025,0738-1727/1086-3265,否,否,否,AHCI,0.5,,社会学,4 [1128/2039],否,三级," HUMANITIES, MULTIDISCIPLINARY 人文科学",4 [173/406],,,,,,,,,,
STUDI SECENTESCHI,2025,0081-6248/2035-7966,否,否,否,AHCI,<0.1,,社会学,4 [1129/2039],否,三级," HUMANITIES, MULTIDISCIPLINARY 人文科学",4 [174/406],,,,,,,,,,
Families In Society-The Journal of Contemporary Social Services,2025,1044-3894/1945-1350,否,否,否,SSCI,1.1,,社会学,4 [1130/2039],否,三级, FAMILY STUDIES 家庭研究,4 [45/65], SOCIAL WORK 社会工作,4 [59/91],,,,,,,,
Inner Asia,2025,1464-8172/2210-5018,否,否,否,ESCI,0.5,,社会学,4 [1131/2039],否,三级, AREA STUDIES 地域研究,4 [113/174],,,,,,,,,,
Journal of Evidence-Based Social Work,2025,2640-8066/2640-8074,否,否,否,ESCI,1.4,,社会学,4 [1132/2039],否,三级, SOCIAL WORK 社会工作,4 [60/91],,,,,,,,,,
Seoul Journal of Korean Studies,2025,1225-0201/2331-4826,否,否,否,ESCI,0.2,,社会学,4 [1133/2039],否,三级, AREA STUDIES 地域研究,4 [114/174],,,,,,,,,,
GLOBAL GOVERNANCE,2025,1075-2846/1942-6720,否,否,否,SSCI,0.6,,社会学,4 [1134/2039],否,三级, INTERNATIONAL RELATIONS 国际关系学,4 [120/165],,,,,,,,,,
Journal of Human Values,2025,0971-6858/0973-0737,否,否,否,ESCI,0.6,,社会学,4 [1135/2039],否,三级," SOCIAL SCIENCES, INTERDISCIPLINARY 社会科学：跨领域",4 [142/263],,,,,,,,,,
Chungara-Revista de Antropologia Chilena,2025,0717-7356/0717-7356,否,否,否,SSCI,0.4,,社会学,4 [1136/2039],否,三级, ANTHROPOLOGY 人类学,4 [102/137],,,,,,,,,,
Iberoamericana,2025,1577-3388/2255-520X,否,否,是,ESCI,0.3,,社会学,4 [1137/2039],否,三级," HUMANITIES, MULTIDISCIPLINARY 人文科学",4 [176/406],,,,,,,,,,
Universum-Revista de Humanidades y Ciencias Sociales,2025,0718-2376/0716-498X,否,否,是,ESCI,0.3,,社会学,4 [1138/2039],否,三级," HUMANITIES, MULTIDISCIPLINARY 人文科学",4 [177/406],,,,,,,,,,
INTERNATIONAL REVIEW OF LAW AND ECONOMICS,2025,0144-8188/1873-6394,否,否,否,SSCI,1,,社会学,4 [1139/2039],否,三级, ECONOMICS 经济学,4 [365/599], LAW 法学,4 [199/427],,,,,,,,
Palimpsest-A Journal on Women Gender and the Black International,2025,2165-1604/2165-1612,否,否,否,ESCI,0.7,,社会学,4 [1140/2039],否,三级, WOMENS STUDIES 女性研究,4 [44/66],,,,,,,,,,
JOURNAL OF SOCIAL WORK PRACTICE,2025,0265-0533/1465-3885,否,否,否,SSCI,1.4,,社会学,4 [1141/2039],否,三级, SOCIAL WORK 社会工作,4 [61/91],,,,,,,,,,
South African Review of Sociology,2025,2152-8586/2072-1978,否,否,否,ESCI,0.6,,社会学,4 [1142/2039],否,三级, SOCIOLOGY 社会学,4 [156/216],,,,,,,,,,
Shima-The International Journal of Research into Island Cultures,2025,1834-6049/1834-6057,否,否,是,ESCI,0.4,,社会学,4 [1143/2039],否,三级, GEOGRAPHY 地理学,4 [95/171],,,,,,,,,,
QED-A Journal in GLBTQ Worldmaking,2025,2327-1574/2327-1590,否,否,否,ESCI,0.4,,社会学,4 [1144/2039],否,三级, SOCIAL ISSUES 社会问题,4 [44/66],,,,,,,,,,
New Zealand Geographer,2025,0028-8144/1745-7939,否,否,否,SSCI,1.2,,社会学,4 [1145/2039],否,三级, GEOGRAPHY 地理学,4 [96/171],,,,,,,,,,
European Journal of Crime Criminal Law and Criminal Justice,2025,0928-9569/1571-8174,否,否,否,ESCI,0.7,,社会学,4 [1146/2039],否,三级, LAW 法学,4 [200/427],,,,,,,,,,
Acta Koreana,2025,1520-7412,否,否,否,AHCI,0.2,,社会学,4 [1147/2039],否,三级, ASIAN STUDIES 亚洲研究,4 [67/102],,,,,,,,,,
ETHOS,2025,0091-2131/1548-1352,否,否,否,SSCI,1.3,,社会学,4 [1148/2039],否,三级, ANTHROPOLOGY 人类学,4 [103/137]," PSYCHOLOGY, MULTIDISCIPLINARY 心理学：综合",4 [139/219],,,,,,,,
French Politics,2025,1476-3419/1476-3427,否,否,否,ESCI,1.4,,社会学,4 [1149/2039],否,三级, POLITICAL SCIENCE 政治学,4 [234/317],,,,,,,,,,
Luxury-History Culture Consumption,2025,2051-1817/2051-1825,否,否,否,ESCI,0.2,,社会学,4 [1150/2039],否,三级," HUMANITIES, MULTIDISCIPLINARY 人文科学",4 [179/406],,,,,,,,,,
Nordisk Judaistik-Scandinavian Jewish Studies,2025,0348-1646/2343-4929,否,否,是,ESCI,0.2,,社会学,4 [1151/2039],否,三级," HUMANITIES, MULTIDISCIPLINARY 人文科学",4 [180/406],,,,,,,,,,
Meridians-Feminism Race Transnationalism,2025,1536-6936/1547-8424,否,否,否,ESCI,0.7,,社会学,4 [1152/2039],否,三级, WOMENS STUDIES 女性研究,4 [45/66],,,,,,,,,,
Cambridge International Law Journal,2025,2398-9173/2398-9181,否,否,否,ESCI,0.7,,社会学,4 [1153/2039],否,三级, LAW 法学,4 [201/427],,,,,,,,,,
Girlhood Studies-An Interdisciplinary Journal,2025,1938-8209/1938-8322,否,否,否,ESCI,0.6,,社会学,4 [1154/2039],否,三级," SOCIAL SCIENCES, INTERDISCIPLINARY 社会科学：跨领域",4 [143/263],,,,,,,,,,
Gateways-International Journal of Community Research and Engagement,2025,1836-3393/1836-3393,否,否,是,ESCI,0.4,,社会学,4 [1155/2039],否,三级," SOCIAL SCIENCES, INTERDISCIPLINARY 社会科学：跨领域",4 [144/263],,,,,,,,,,
STUDIES IN AMERICAN POLITICAL DEVELOPMENT,2025,0898-588X/1469-8692,否,否,否,SSCI,1,,社会学,4 [1156/2039],否,三级, POLITICAL SCIENCE 政治学,4 [235/317],,,,,,,,,,
Anthropological Notebooks,2025,1408-032X,否,否,否,SSCI,0.5,,社会学,4 [1157/2039],否,三级, ANTHROPOLOGY 人类学,4 [104/137],,,,,,,,,,
Sikh Formations-Religion Culture Theory,2025,1744-8727/1744-8735,否,否,否,ESCI,0.4,,社会学,4 [1158/2039],否,三级, ASIAN STUDIES 亚洲研究,4 [68/102],,,,,,,,,,
Journal of Aging and Environment,2025,2689-2618/2689-2626,否,否,否,ESCI,1,,社会学,4 [1159/2039],否,三级, GERONTOLOGY 老年医学（社科）,4 [34/48],,,,,,,,,,
Ars & Humanitas: Journal of Arts and Humanities,2025,1854-9632/2350-4218,否,否,是,ESCI,0.1,,社会学,4 [1160/2039],否,三级," HUMANITIES, MULTIDISCIPLINARY 人文科学",4 [190/406],,,,,,,,,,
International Journal of Play,2025,2159-4937/2159-4953,否,否,否,ESCI,1.2,,社会学,4 [1161/2039],否,三级, EDUCATION & EDUCATIONAL RESEARCH 教育学和教育研究,4 [493/754]," PSYCHOLOGY, MULTIDISCIPLINARY 心理学：综合",4 [140/219]," SOCIAL SCIENCES, INTERDISCIPLINARY 社会科学：跨领域",4 [145/263],,,,,,
Japan Review,2025,0915-0986/2434-3129,否,否,否,ESCI,0.1,,社会学,4 [1162/2039],否,三级, ASIAN STUDIES 亚洲研究,4 [70/102],,,,,,,,,,
Review of Central and East European Law,2025,0925-9880,否,否,否,SSCI,0.8,,社会学,4 [1163/2039],否,三级, LAW 法学,4 [202/427],,,,,,,,,,
Eastern Journal of European Studies,2025,2068-651X/2068-6633,否,否,是,ESCI,0.6,,社会学,4 [1164/2039],否,三级, AREA STUDIES 地域研究,4 [115/174],,,,,,,,,,
Family Court Review,2025,1531-2445/1744-1617,否,否,否,ESCI,0.6,,社会学,4 [1165/2039],否,三级, FAMILY STUDIES 家庭研究,4 [46/65], LAW 法学,4 [203/427],,,,,,,,
HARVARD ENVIRONMENTAL LAW REVIEW,2025,0147-8257/0147-8257,否,否,否,SSCI,,,社会学,4 [1166/2039],否,三级, ENVIRONMENTAL STUDIES 环境研究,4 [140/183], LAW 法学,4 [204/427],,,,,,,,
International Insolvency Review,2025,1180-0518/1099-1107,否,否,否,SSCI,0.3,,社会学,4 [1167/2039],否,三级," BUSINESS, FINANCE 商业：财政与金融",4 [153/231], LAW 法学,4 [205/427],,,,,,,,
Cosmopolitan Civil Societies-An Interdisciplinary Journal,2025,1837-5391/1837-5391,否,否,是,ESCI,0.4,,社会学,4 [1168/2039],否,三级, SOCIOLOGY 社会学,4 [157/216],,,,,,,,,,
Cartographica,2025,0317-7173/1911-9925,否,否,否,ESCI,0.6,,社会学,4 [1169/2039],否,三级, GEOGRAPHY 地理学,4 [97/171],,,,,,,,,,
University of Pennsylvania Journal of International Law,2025,1938-0283,否,否,否,SSCI,0.5,,社会学,4 [1170/2039],否,三级, LAW 法学,4 [206/427],,,,,,,,,,
JOURNAL OF RELIGION AND SPIRITUALITY IN SOCIAL WORK,2025,1542-6432/1542-6440,否,否,否,ESCI,0.7,,社会学,4 [1171/2039],否,三级, SOCIAL WORK 社会工作,4 [63/91],,,,,,,,,,
Journal of Family Social Work,2025,1052-2158/1540-4072,否,否,否,ESCI,0.7,,社会学,4 [1172/2039],否,三级, SOCIAL WORK 社会工作,4 [64/91],,,,,,,,,,
SOJOURN-Journal of Social Issues in Southeast Asia,2025,0217-9520/1793-2858,否,否,否,ESCI,0.8,,社会学,4 [1173/2039],否,三级, AREA STUDIES 地域研究,4 [116/174],,,,,,,,,,
Revista de Estudios Internacionales Mediterraneos,2025,1887-4460/1887-4460,否,否,是,ESCI,0.1,,社会学,4 [1174/2039],否,三级, AREA STUDIES 地域研究,4 [117/174],,,,,,,,,,
Chinese Literature and Thought Today,2025,2768-3524/2768-3532,否,否,否,AHCI,0.1,,社会学,4 [1175/2039],否,三级, ASIAN STUDIES 亚洲研究,4 [73/102],,,,,,,,,,
Journal of Poverty and Social Justice,2025,1759-8273/1759-8281,否,否,否,SSCI,1.6,,社会学,4 [1176/2039],否,三级, SOCIAL ISSUES 社会问题,4 [45/66]," SOCIAL SCIENCES, INTERDISCIPLINARY 社会科学：跨领域",4 [146/263],,,,,,,,
ICL Journal-Vienna Journal on International Constitutional Law,2025,2306-3734/1995-5855,否,否,否,ESCI,0.7,,社会学,4 [1177/2039],否,三级, LAW 法学,4 [208/427],,,,,,,,,,
Etnoantropoloski Problemi-Issues in Ethnology and Anthropology,2025,0353-1589/2334-8801,否,否,是,ESCI,0.2,,社会学,4 [1178/2039],否,三级, ANTHROPOLOGY 人类学,4 [105/137],,,,,,,,,,
ZEITSCHRIFT FUR SOZIOLOGIE,2025,0340-1804/2366-0325,否,否,否,SSCI,0.8,,社会学,4 [1179/2039],否,三级, SOCIOLOGY 社会学,4 [158/216],,,,,,,,,,
Journal of Criminal Law,2025,0022-0183/1740-5580,否,否,否,ESCI,1,,社会学,4 [1180/2039],否,三级, CRIMINOLOGY & PENOLOGY 犯罪学与刑罚学,4 [88/111], LAW 法学,4 [209/427],,,,,,,,
Universitas-Revista de Ciencias Sociales y Humanas,2025,1390-3837/1390-8634,否,否,是,ESCI,0.9,,社会学,4 [1181/2039],否,三级," SOCIAL SCIENCES, INTERDISCIPLINARY 社会科学：跨领域",4 [147/263],,,,,,,,,,
OSTERREICHISCHE ZEITSCHRIFT FUR VOLKSKUNDE,2025,0029-9669,否,否,否,AHCI,0.3,,社会学,4 [1182/2039],否,三级, FOLKLORE 民俗学,2 [5/18],,,,,,,,,,
JOURNAL OF TECHNOLOGY IN HUMAN SERVICES,2025,1522-8835/1522-8991,否,否,否,ESCI,1.5,,社会学,4 [1183/2039],否,三级, SOCIAL WORK 社会工作,4 [65/91],,,,,,,,,,
Asian Journal of Law and Society,2025,2052-9015/2052-9023,否,否,否,ESCI,,,社会学,4 [1184/2039],否,三级, LAW 法学,4 [210/427],,,,,,,,,,
Populism,2025,2588-8064/2588-8072,否,否,否,ESCI,0.7,,社会学,4 [1185/2039],否,三级, POLITICAL SCIENCE 政治学,4 [237/317],,,,,,,,,,
JOURNAL OF MATHEMATICAL SOCIOLOGY,2025,0022-250X/1545-5874,否,否,否,SSCI;SCIE,0.7,,社会学,4 [1186/2039],否,三级," MATHEMATICS, INTERDISCIPLINARY APPLICATIONS 数学跨学科应用",4 [90/136]," SOCIAL SCIENCES, MATHEMATICAL METHODS 社会科学：数理方法",4 [47/67], SOCIOLOGY 社会学,4 [159/216],,,,,,
Contemporary Voice of Dalit,2025,2455-328X/2456-0502,否,否,否,ESCI,0.3,,社会学,4 [1187/2039],否,三级," SOCIAL SCIENCES, INTERDISCIPLINARY 社会科学：跨领域",4 [148/263],,,,,,,,,,
International Journal of Conflict and Violence,2025,1864-1385/1864-1385,否,否,是,SSCI,0.3,,社会学,4 [1188/2039],否,三级, INTERNATIONAL RELATIONS 国际关系学,4 [122/165], POLITICAL SCIENCE 政治学,4 [238/317],,,,,,,,
Lusotopie,2025,1257-0273/1768-3084,否,否,否,ESCI,<0.1,,社会学,4 [1189/2039],否,三级," HUMANITIES, MULTIDISCIPLINARY 人文科学",4 [200/406],,,,,,,,,,
East Asian Science Technology and Society-An International Journal,2025,1875-2160/1875-2152,否,否,否,SSCI;AHCI,0.6,,社会学,4 [1190/2039],否,三级, AREA STUDIES 地域研究,4 [118/174], ASIAN STUDIES 亚洲研究,4 [74/102], HISTORY & PHILOSOPHY OF SCIENCE 科学史与科学哲学,4 [69/105],,,,,,
Multicultural Perspectives,2025,1521-0960/1532-7892,否,否,否,ESCI,1,,社会学,4 [1191/2039],否,三级, SOCIOLOGY 社会学,4 [160/216],,,,,,,,,,
Asia-Pacific Review,2025,1343-9006/1469-2937,否,否,否,ESCI,0.5,,社会学,4 [1192/2039],否,三级, INTERNATIONAL RELATIONS 国际关系学,4 [123/165],,,,,,,,,,
Archiv Orientalni,2025,0044-8699,否,否,否,AHCI,0.1,,社会学,4 [1193/2039],否,三级, ASIAN STUDIES 亚洲研究,4 [75/102]," HUMANITIES, MULTIDISCIPLINARY 人文科学",4 [201/406],,,,,,,,
FWU Journal of Social Sciences,2025,1995-1272/1995-1272,否,否,否,ESCI,1,,社会学,4 [1194/2039],否,三级," SOCIAL SCIENCES, INTERDISCIPLINARY 社会科学：跨领域",4 [149/263],,,,,,,,,,
Revista Brasileira de Direito Processual Penal,2025,2359-3881/2525-510X,否,否,是,ESCI,0.4,,社会学,4 [1195/2039],否,三级, LAW 法学,4 [211/427],,,,,,,,,,
Tomskii Zhurnal Lingvisticheskikh i Antropologicheskikh Issledovanii-Tomsk Journal of Linguistics and Anthropology,2025,2307-6119/2307-6119,否,否,否,ESCI,0.1,,社会学,4 [1196/2039],否,三级, ANTHROPOLOGY 人类学,4 [106/137],,,,,,,,,,
ASIAN JOURNAL OF WOMENS STUDIES,2025,1225-9276/2377-004X,否,否,否,SSCI,0.9,,社会学,4 [1197/2039],否,三级, WOMENS STUDIES 女性研究,4 [46/66],,,,,,,,,,
JOURNAL OF THEORETICAL POLITICS,2025,0951-6298/1460-3667,否,否,否,SSCI,0.7,,社会学,4 [1198/2039],否,三级, POLITICAL SCIENCE 政治学,4 [239/317],,,,,,,,,,
Computational Management Science,2025,1619-697X/1619-6988,否,否,否,ESCI,1.3,,社会学,4 [1199/2039],否,三级," SOCIAL SCIENCES, MATHEMATICAL METHODS 社会科学：数理方法",4 [48/67],,,,,,,,,,
Asian Journal of Middle Eastern and Islamic Studies,2025,2576-5949/2576-5957,否,否,否,ESCI,0.6,,社会学,4 [1200/2039],否,三级, AREA STUDIES 地域研究,4 [119/174], INTERNATIONAL RELATIONS 国际关系学,4 [124/165],,,,,,,,
Australian Humanities Review,2025,1835-8063/1325-8338,否,否,否,ESCI,0.1,,社会学,4 [1201/2039],否,三级," HUMANITIES, MULTIDISCIPLINARY 人文科学",4 [205/406],,,,,,,,,,
Scienza & Politica-Per una Storia delle Dottrine,2025,1590-4946/1825-9618,否,否,是,ESCI,0.3,,社会学,4 [1202/2039],否,三级, POLITICAL SCIENCE 政治学,4 [240/317],,,,,,,,,,
RUSI Journal,2025,0307-1847/1744-0378,否,否,否,ESCI,0.6,,社会学,4 [1203/2039],否,三级, POLITICAL SCIENCE 政治学,4 [241/317],,,,,,,,,,
Annales-Anali za Istrske in Mediteranske Studije-Series Historia et Sociologia,2025,1408-5348/2591-1775,否,否,是,AHCI,0.2,,社会学,4 [1204/2039],否,三级," HUMANITIES, MULTIDISCIPLINARY 人文科学",4 [206/406],,,,,,,,,,
KOREA JOURNAL,2025,0023-3900/0023-3900,否,否,是,AHCI,0.3,,社会学,4 [1205/2039],否,三级, ASIAN STUDIES 亚洲研究,4 [76/102],,,,,,,,,,
Social Evolution & History,2025,1681-4363/1681-4363,否,否,否,ESCI,0.1,,社会学,4 [1206/2039],否,三级, SOCIAL ISSUES 社会问题,4 [46/66],,,,,,,,,,
BOUNDARY 2-AN INTERNATIONAL JOURNAL OF LITERATURE AND CULTURE,2025,0190-3659/1527-2141,否,否,否,SSCI;AHCI,0.8,,社会学,4 [1207/2039],否,三级, CULTURAL STUDIES 文化研究,4 [54/59], LITERATURE 其他形式的文学,4 [126/199],,,,,,,,
Czech Journal of International Relations,2025,2788-2985/2788-2993,否,否,是,ESCI,0.5,,社会学,4 [1208/2039],否,三级, INTERNATIONAL RELATIONS 国际关系学,4 [125/165],,,,,,,,,,
SOTSIOLOGICHESKIE ISSLEDOVANIYA,2025,0132-1625/0132-1625,否,否,否,SSCI,0.7,,社会学,4 [1209/2039],否,三级, SOCIOLOGY 社会学,4 [161/216],,,,,,,,,,
POLITICAL SCIENCE QUARTERLY,2025,0032-3195/1538-165X,否,否,否,SSCI,1.1,,社会学,4 [1210/2039],否,三级, POLITICAL SCIENCE 政治学,4 [242/317],,,,,,,,,,
Family & Consumer Sciences Research Journal,2025,1077-727X/1552-3934,否,否,否,ESCI,1.5,,社会学,4 [1211/2039],否,三级, FAMILY STUDIES 家庭研究,4 [48/65],,,,,,,,,,
AMERICAN BANKRUPTCY LAW JOURNAL,2025,0027-9048,否,否,否,SSCI,0.5,,社会学,4 [1212/2039],否,三级, LAW 法学,4 [214/427],,,,,,,,,,
International Journal of Law and Management,2025,1754-243X/1754-2448,否,否,否,ESCI,1.9,,社会学,4 [1213/2039],否,三级, LAW 法学,4 [215/427],,,,,,,,,,
Journal of Private International Law,2025,1744-1048/1757-8418,否,否,否,ESCI,0.5,,社会学,4 [1214/2039],否,三级, LAW 法学,4 [216/427],,,,,,,,,,
FRONTIERS-A JOURNAL OF WOMEN STUDIES,2025,0160-9009/1536-0334,否,否,是,SSCI,2.1,,社会学,4 [1215/2039],否,三级, WOMENS STUDIES 女性研究,4 [47/66],,,,,,,,,,
AMERICAN JOURNAL OF EVALUATION,2025,1098-2140/1557-0878,否,否,否,SSCI,1,,社会学,4 [1216/2039],否,三级," SOCIAL SCIENCES, INTERDISCIPLINARY 社会科学：跨领域",4 [150/263],,,,,,,,,,
FEMINIST STUDIES,2025,0046-3663/2153-3873,否,否,否,SSCI,0.4,,社会学,4 [1217/2039],否,三级, WOMENS STUDIES 女性研究,4 [48/66],,,,,,,,,,
SOCIOLOGIA,2025,0049-1225/1336-8613,否,否,否,SSCI,0.4,,社会学,4 [1218/2039],否,三级, SOCIOLOGY 社会学,4 [162/216],,,,,,,,,,
Ius Canonicum,2025,0021-325X/2254-6219,否,否,否,ESCI,0.3,,社会学,4 [1219/2039],否,三级, LAW 法学,4 [217/427],,,,,,,,,,
Civil Justice Quarterly,2025,0261-9261,否,否,否,ESCI,0.3,,社会学,4 [1220/2039],否,三级, LAW 法学,4 [218/427],,,,,,,,,,
Intersections-East European Journal of Society and Politics,2025,2416-089X/2416-089X,否,否,否,ESCI,0.6,,社会学,4 [1221/2039],否,三级, POLITICAL SCIENCE 政治学,4 [243/317],,,,,,,,,,
Journal of Feminist Scholarship,2025,2158-6179/2158-6179,否,否,是,ESCI,0.5,,社会学,4 [1222/2039],否,三级, WOMENS STUDIES 女性研究,4 [49/66],,,,,,,,,,
Fat Studies-An Interdisciplinary Journal of Body Weight and Society,2025,2160-4851/2160-486X,否,否,否,ESCI,1.2,,社会学,4 [1223/2039],否,三级," SOCIAL SCIENCES, INTERDISCIPLINARY 社会科学：跨领域",4 [151/263],,,,,,,,,,
Child Abuse Review,2025,0952-9136/1099-0852,否,否,否,SSCI,1.2,,社会学,4 [1224/2039],否,三级, FAMILY STUDIES 家庭研究,4 [50/65], SOCIAL WORK 社会工作,4 [66/91],,,,,,,,
Anacronismo e Irrupcion,2025,2250-4982/2250-4982,否,否,是,ESCI,<0.1,,社会学,4 [1225/2039],否,三级, POLITICAL SCIENCE 政治学,4 [244/317],,,,,,,,,,
Review of Law & Economics,2025,2194-6000/1555-5879,否,否,是,ESCI,0.4,,社会学,4 [1226/2039],否,三级, LAW 法学,4 [219/427],,,,,,,,,,
Journal of the Geographical Institute Jovan Cvijic SASA,2025,0350-7599/1821-2808,否,否,是,ESCI,0.8,,社会学,4 [1227/2039],否,三级, GEOGRAPHY 地理学,4 [98/171],,,,,,,,,,
Hungarian Geographical Bulletin,2025,2064-5031/2064-5147,否,否,是,ESCI,1.1,,社会学,4 [1228/2039],否,三级, GEOGRAPHY 地理学,4 [99/171]," GEOGRAPHY, PHYSICAL 自然地理",4 [43/63],,,,,,,,
Inter-Asia Cultural Studies,2025,1464-9373/1469-8447,否,否,否,SSCI;AHCI,0.4,,社会学,4 [1229/2039],否,三级, ANTHROPOLOGY 人类学,4 [108/137], ASIAN STUDIES 亚洲研究,4 [79/102], CULTURAL STUDIES 文化研究,4 [55/59],,,,,,
Russian Journal of Vietnamese Studies-Vyetnamskiye issledovaniya,2025,2618-9453/2618-9453,否,否,否,ESCI,0.5,,社会学,4 [1230/2039],否,三级, AREA STUDIES 地域研究,4 [120/174],,,,,,,,,,
Contemporary Asia Arbitration Journal,2025,1999-9747/1999-9747,否,否,否,ESCI,0.2,,社会学,4 [1231/2039],否,三级, LAW 法学,4 [220/427],,,,,,,,,,
Israel Affairs,2025,1353-7121/1743-9086,否,否,否,SSCI,0.6,,社会学,4 [1232/2039],否,三级, AREA STUDIES 地域研究,4 [121/174],,,,,,,,,,
Studi irlandesi-A Journal of Irish Studies,2025,2239-3978/2239-3978,否,否,是,ESCI,0.5,,社会学,4 [1233/2039],否,三级, AREA STUDIES 地域研究,4 [122/174],,,,,,,,,,
Revista de Humanidades,2025,1130-5029/2340-8995,否,否,是,ESCI,0.3,,社会学,4 [1234/2039],否,三级," HUMANITIES, MULTIDISCIPLINARY 人文科学",4 [215/406],,,,,,,,,,
JOURNAL OF SOCIAL WELFARE AND FAMILY LAW,2025,0964-9069/1469-9621,否,否,否,ESCI,0.9,,社会学,4 [1235/2039],否,三级, LAW 法学,4 [221/427],,,,,,,,,,
Cultura-Rivista di Filosofia Letteratura Storia,2025,0393-1560/2612-2391,否,否,否,ESCI,<0.1,,社会学,4 [1236/2039],否,三级," HUMANITIES, MULTIDISCIPLINARY 人文科学",4 [216/406],,,,,,,,,,
Telos,2025,0090-6514/1940-459X,否,否,否,SSCI;AHCI,0.3,,社会学,4 [1237/2039],否,三级, PHILOSOPHY 哲学,4 [202/328], POLITICAL SCIENCE 政治学,4 [245/317], SOCIOLOGY 社会学,4 [163/216],,,,,,
Narrative Culture,2025,2169-0235/2169-0251,否,否,否,ESCI,0.5,,社会学,4 [1238/2039],否,三级," HUMANITIES, MULTIDISCIPLINARY 人文科学",4 [217/406],,,,,,,,,,
Journal of New Zealand Studies,2025,1176-306X/2324-3740,否,否,否,ESCI,<0.1,,社会学,4 [1239/2039],否,三级," SOCIAL SCIENCES, INTERDISCIPLINARY 社会科学：跨领域",4 [152/263],,,,,,,,,,
Child & Youth Services,2025,0145-935X/1545-2298,否,否,否,ESCI,0.9,,社会学,4 [1240/2039],否,三级, SOCIAL WORK 社会工作,4 [67/91],,,,,,,,,,
Environmental Hazards-Human and Policy Dimensions,2025,1747-7891/1878-0059,否,否,否,SSCI,1.7,,社会学,4 [1241/2039],否,三级, ENVIRONMENTAL STUDIES 环境研究,4 [145/183],,,,,,,,,,
Journal of International and Comparative Law,2025,2313-3775/2313-3775,否,否,否,ESCI,0.2,,社会学,4 [1242/2039],否,三级, LAW 法学,4 [222/427],,,,,,,,,,
ZEITSCHRIFT DER DEUTSCHEN MORGENLANDISCHEN GESELLSCHAFT,2025,0341-0137/0341-0137,否,否,否,AHCI,0.1,,社会学,4 [1243/2039],否,三级, ASIAN STUDIES 亚洲研究,4 [81/102],,,,,,,,,,
Review of Middle East Studies,2025,2151-3481/2329-3225,否,否,否,ESCI,0.2,,社会学,4 [1244/2039],否,三级, AREA STUDIES 地域研究,4 [123/174],,,,,,,,,,
THEORETICAL ISSUES IN ERGONOMICS SCIENCE,2025,1463-922X/1464-536X,否,否,否,ESCI,2,,社会学,4 [1245/2039],否,三级, ERGONOMICS 人体工程学,4 [18/24],,,,,,,,,,
Journal of Latin American Geography,2025,1545-2476/1548-5811,否,否,否,ESCI,0.5,,社会学,4 [1246/2039],否,三级, GEOGRAPHY 地理学,4 [100/171],,,,,,,,,,
Teoria y Realidad Constitucional,2025,1139-5583/1139-5583,否,否,否,ESCI,0.7,,社会学,4 [1247/2039],否,三级, POLITICAL SCIENCE 政治学,4 [246/317],,,,,,,,,,
Survey Research Methods,2025,1864-3361/1864-3361,否,否,是,SSCI,1.1,,社会学,4 [1248/2039],否,三级," SOCIAL SCIENCES, MATHEMATICAL METHODS 社会科学：数理方法",4 [51/67],,,,,,,,,,
Law Text Culture,2025,1322-9060/2200-7121,否,否,否,ESCI,0.2,,社会学,4 [1249/2039],否,三级, CULTURAL STUDIES 文化研究,4 [56/59],,,,,,,,,,
International Journal of Engineering Social Justice and Peace,2025,1927-9434/1927-9434,否,否,否,ESCI,<0.1,,社会学,4 [1250/2039],否,三级, SOCIAL ISSUES 社会问题,4 [47/66],,,,,,,,,,
TalTech Journal of European Studies,2025,2674-4600/2674-4619,否,否,是,ESCI,1.2,,社会学,4 [1251/2039],否,三级, LAW 法学,4 [224/427], POLITICAL SCIENCE 政治学,4 [247/317],,,,,,,,
European Journal of Korean Studies,2025,2631-4134/2516-5399,否,否,否,ESCI,0.1,,社会学,4 [1252/2039],否,三级, ASIAN STUDIES 亚洲研究,4 [84/102],,,,,,,,,,
Mexican Law Review,2025,1870-0578/1870-0578,否,否,否,ESCI,0.1,,社会学,4 [1253/2039],否,三级, LAW 法学,4 [225/427],,,,,,,,,,
CR-THE NEW CENTENNIAL REVIEW,2025,1532-687X/1539-6630,否,否,否,AHCI,0.2,,社会学,4 [1254/2039],否,三级," HUMANITIES, MULTIDISCIPLINARY 人文科学",4 [231/406],,,,,,,,,,
Insight Turkey,2025,1302-177X/1302-177X,否,否,否,ESCI,0.6,,社会学,4 [1255/2039],否,三级, POLITICAL SCIENCE 政治学,4 [248/317],,,,,,,,,,
Onati Socio-Legal Series,2025,2079-5971/2079-5971,否,否,是,ESCI,0.3,,社会学,4 [1256/2039],否,三级, LAW 法学,4 [226/427],,,,,,,,,,
Southeastern Geographer,2025,0038-366X/1549-6929,否,否,否,ESCI,0.8,,社会学,4 [1257/2039],否,三级, GEOGRAPHY 地理学,4 [101/171],,,,,,,,,,
Transition,2025,0041-1191/1527-8042,否,否,否,ESCI,0.2,,社会学,4 [1258/2039],否,三级, ETHNIC STUDIES 民族研究,4 [35/39],,,,,,,,,,
COMPARATIVE AMERICAN STUDIES,2025,1477-5700/1741-2676,否,否,否,ESCI,0.2,,社会学,4 [1259/2039],否,三级," HUMANITIES, MULTIDISCIPLINARY 人文科学",4 [232/406],,,,,,,,,,
JOURNAL OF POPULAR CULTURE,2025,0022-3840/1540-5931,否,否,否,SSCI;AHCI,0.2,,社会学,4 [1260/2039],否,三级, CULTURAL STUDIES 文化研究,4 [57/59]," HUMANITIES, MULTIDISCIPLINARY 人文科学",4 [233/406],,,,,,,,
International Critical Thought,2025,2159-8282/2159-8312,否,否,否,ESCI,0.8,,社会学,4 [1261/2039],否,三级, POLITICAL SCIENCE 政治学,4 [249/317],,,,,,,,,,
Sibirica-Interdisciplinary journal of Siberian Studies,2025,1361-7362/1476-6787,否,否,是,ESCI,0.6,,社会学,4 [1262/2039],否,三级, AREA STUDIES 地域研究,4 [124/174],,,,,,,,,,
ANTHROPOLOGICAL SCIENCE,2025,0918-7960/1348-8570,否,否,否,SCIE,0.8,,社会学,4 [1263/2039],否,三级, EVOLUTIONARY BIOLOGY 进化生物学,4 [46/52],,,,,,,,,,
Journal of Aggression Conflict and Peace Research,2025,1759-6599/2042-8715,否,否,否,ESCI,0.8,,社会学,4 [1264/2039],否,三级, CRIMINOLOGY & PENOLOGY 犯罪学与刑罚学,4 [91/111],,,,,,,,,,
International Journal of Sociology of Education,2025,2014-3575/2014-3575,否,否,是,ESCI,0.4,,社会学,4 [1265/2039],否,三级, SOCIOLOGY 社会学,4 [164/216],,,,,,,,,,
Intersections-Gender and Sexuality in Asia and the Pacific,2025,1440-9151/1440-9151,否,否,否,ESCI,0.8,,社会学,4 [1266/2039],否,三级, WOMENS STUDIES 女性研究,4 [51/66],,,,,,,,,,
SOCIAL ALTERNATIVES,2025,0155-0306/1836-6600,否,否,否,ESCI,,,社会学,4 [1267/2039],否,三级, SOCIOLOGY 社会学,4 [165/216],,,,,,,,,,
Aschkenas-Zeitschrift fuer Geschichte und Kultur der Juden,2025,1016-4987/1865-9438,否,否,否,ESCI,<0.1,,社会学,4 [1268/2039],否,三级," HUMANITIES, MULTIDISCIPLINARY 人文科学",4 [237/406],,,,,,,,,,
AUSTRALIAN LAW JOURNAL,2025,0004-9611/0004-9611,否,否,否,ESCI,0.3,,社会学,4 [1269/2039],否,三级, LAW 法学,4 [227/427],,,,,,,,,,
Foundation Review,2025,1944-5660/1944-5679,否,否,否,ESCI,0.3,,社会学,4 [1270/2039],否,三级, SOCIAL ISSUES 社会问题,4 [48/66],,,,,,,,,,
Journal of Law and Social Deviance,2025,2165-5219/2164-4721,否,否,否,ESCI,0.2,,社会学,4 [1271/2039],否,三级, LAW 法学,4 [228/427],,,,,,,,,,
Rupkatha Journal on Interdisciplinary Studies in Humanities,2025,0975-2935/0975-2935,否,否,是,ESCI,0.2,,社会学,4 [1272/2039],否,三级," HUMANITIES, MULTIDISCIPLINARY 人文科学",4 [238/406],,,,,,,,,,
Sociologiceskoe Obozrenie,2025,1728-192X/1728-1938,否,否,是,ESCI,0.3,,社会学,4 [1273/2039],否,三级, SOCIOLOGY 社会学,4 [166/216],,,,,,,,,,
INTERNATIONAL JOURNAL OF IBERIAN STUDIES,2025,1364-971X/1758-9150,否,否,否,ESCI,0.4,,社会学,4 [1274/2039],否,三级," SOCIAL SCIENCES, INTERDISCIPLINARY 社会科学：跨领域",4 [153/263],,,,,,,,,,
Uluslararasi Iliskiler-International Relations,2025,1304-7310/1304-7175,否,否,否,SSCI,1.1,,社会学,4 [1275/2039],否,三级, INTERNATIONAL RELATIONS 国际关系学,4 [126/165],,,,,,,,,,
Revista de Derecho Comunitario Europeo,2025,1138-4026/1138-4026,否,否,否,ESCI,0.7,,社会学,4 [1276/2039],否,三级, LAW 法学,4 [229/427],,,,,,,,,,
Atenea,2025,0718-0462/0718-0462,否,否,否,AHCI,0.3,,社会学,4 [1277/2039],否,三级," HUMANITIES, MULTIDISCIPLINARY 人文科学",4 [242/406],,,,,,,,,,
Feminist German Studies,2025,2578-5206/2578-5192,否,否,否,ESCI,<0.1,,社会学,4 [1278/2039],否,三级, WOMENS STUDIES 女性研究,4 [52/66],,,,,,,,,,
Etudes Ricoeuriennes-Ricoeur Studies,2025,2156-7808/2156-7808,否,否,是,ESCI,0.1,,社会学,4 [1279/2039],否,三级," SOCIAL SCIENCES, INTERDISCIPLINARY 社会科学：跨领域",4 [154/263],,,,,,,,,,
Romanian Journal of European Affairs,2025,1582-8271/1841-4273,否,否,是,ESCI,0.6,,社会学,4 [1280/2039],否,三级, INTERNATIONAL RELATIONS 国际关系学,4 [127/165],,,,,,,,,,
Journal of Chinese Overseas,2025,1793-0391/1793-2548,否,否,否,ESCI,0.5,,社会学,4 [1281/2039],否,三级, ETHNIC STUDIES 民族研究,4 [36/39],,,,,,,,,,
Estudios de Cultura Maya,2025,0185-2574/2448-5179,否,否,是,ESCI,0.4,,社会学,4 [1282/2039],否,三级, ANTHROPOLOGY 人类学,4 [109/137],,,,,,,,,,
Indian Journal of Gender Studies,2025,0971-5215/0973-0672,否,否,否,SSCI,0.3,,社会学,4 [1283/2039],否,三级, WOMENS STUDIES 女性研究,4 [53/66],,,,,,,,,,
Revue de Synthese,2025,0035-1776/1955-2343,否,否,否,AHCI,0.1,,社会学,4 [1284/2039],否,三级, HISTORY 历史学,4 [338/523], LITERARY THEORY & CRITICISM 文学理论与文艺批评,4 [41/53], PHILOSOPHY 哲学,4 [215/328],,,,,,
African Diaspora,2025,1872-5457/1872-5465,否,否,否,ESCI,0.2,,社会学,4 [1285/2039],否,三级, AREA STUDIES 地域研究,4 [125/174],,,,,,,,,,
MOUVEMENT SOCIAL,2025,0027-2671/1961-8646,否,否,否,SSCI;AHCI,0.1,,社会学,4 [1286/2039],否,三级, HISTORY 历史学,4 [339/523],,,,,,,,,,
Japanese Journal of Sociology,2025,2769-1365/2769-1357,否,否,否,ESCI,0.2,,社会学,4 [1287/2039],否,三级, SOCIOLOGY 社会学,4 [167/216],,,,,,,,,,
Anaquel de Estudios Arabes,2025,1130-3964/1988-2645,否,否,是,ESCI,0.2,,社会学,4 [1288/2039],否,三级," HUMANITIES, MULTIDISCIPLINARY 人文科学",4 [249/406],,,,,,,,,,
JOURNAL OF SOUTHEAST ASIAN STUDIES,2025,0022-4634/1474-0680,否,否,否,SSCI;AHCI,0.4,,社会学,4 [1289/2039],否,三级, AREA STUDIES 地域研究,4 [126/174], ASIAN STUDIES 亚洲研究,4 [85/102],,,,,,,,
Juridicas CUC,2025,1692-3030/2389-7716,否,否,是,ESCI,0.8,,社会学,4 [1290/2039],否,三级, LAW 法学,4 [230/427],,,,,,,,,,
Crime Prevention & Community Safety,2025,1460-3780/1743-4629,否,否,否,ESCI,1.1,,社会学,4 [1291/2039],否,三级, CRIMINOLOGY & PENOLOGY 犯罪学与刑罚学,4 [92/111],,,,,,,,,,
Journal of Social Distress and the Homeless,2025,1053-0789/1573-658X,否,否,否,ESCI,1,,社会学,4 [1292/2039],否,三级, SOCIAL WORK 社会工作,4 [68/91],,,,,,,,,,
Jurnal Ilmiah Peuradeun,2025,2338-8617/2443-2067,否,否,否,ESCI,0.7,,社会学,4 [1293/2039],否,三级," SOCIAL SCIENCES, INTERDISCIPLINARY 社会科学：跨领域",4 [155/263],,,,,,,,,,
Studia Austriaca,2025,1593-2508/2385-2925,否,否,是,ESCI,0.2,,社会学,4 [1294/2039],否,三级," HUMANITIES, MULTIDISCIPLINARY 人文科学",4 [257/406],,,,,,,,,,
Revista de Etnografie si Folclor-Journal of Ethnography and Folklore,2025,0034-8198/0034-8198,否,否,否,AHCI,<0.1,,社会学,4 [1295/2039],否,三级, FOLKLORE 民俗学,3 [6/18],,,,,,,,,,
International Journal on Minority and Group Rights,2025,1385-4879/1571-8115,否,否,否,ESCI,0.5,,社会学,4 [1296/2039],否,三级, LAW 法学,4 [231/427],,,,,,,,,,
History and Sociology of South Asia,2025,2230-8075/2249-5312,否,否,否,ESCI,0.2,,社会学,4 [1297/2039],否,三级, AREA STUDIES 地域研究,4 [127/174],,,,,,,,,,
Journal of Military and Strategic Studies,2025,1488-559X/1488-559X,否,否,是,ESCI,0.5,,社会学,4 [1298/2039],否,三级, INTERNATIONAL RELATIONS 国际关系学,4 [128/165],,,,,,,,,,
NWIG-New West Indian Guide-Nieuwe West-Indische Gids,2025,1382-2373/1382-2373,否,否,是,SSCI;AHCI,0.4,,社会学,4 [1299/2039],否,三级, AREA STUDIES 地域研究,4 [128/174]," HUMANITIES, MULTIDISCIPLINARY 人文科学",4 [259/406],,,,,,,,
Studies in Indian Politics,2025,2321-0230/2321-7472,否,否,否,ESCI,0.7,,社会学,4 [1300/2039],否,三级, POLITICAL SCIENCE 政治学,4 [252/317],,,,,,,,,,
Vestnik Permskogo Universiteta-Juridicheskie Nauki,2025,1995-4190/1995-4190,否,否,是,ESCI,0.2,,社会学,4 [1301/2039],否,三级, LAW 法学,4 [232/427],,,,,,,,,,
Irish Jurist,2025,0021-1273/0021-1273,否,否,否,ESCI,0.1,,社会学,4 [1302/2039],否,三级, LAW 法学,4 [233/427],,,,,,,,,,
Journal for Peace and Nuclear Disarmament,2025,2575-1654/2575-1654,否,否,是,ESCI,1.4,,社会学,4 [1303/2039],否,三级, INTERNATIONAL RELATIONS 国际关系学,4 [129/165],,,,,,,,,,
CONTEMPORARY PACIFIC,2025,1043-898X/1527-9464,否,否,否,SSCI,0.5,,社会学,4 [1304/2039],否,三级, AREA STUDIES 地域研究,4 [129/174],,,,,,,,,,
Journal of Poverty,2025,1087-5549/1540-7608,否,否,否,ESCI,0.8,,社会学,4 [1305/2039],否,三级, SOCIAL WORK 社会工作,4 [69/91],,,,,,,,,,
Zhurnal Frontirnykh Issledovanii-Journal of Frontier Studies,2025,2500-0225/2500-0225,否,否,是,ESCI,0.3,,社会学,4 [1306/2039],否,三级," HUMANITIES, MULTIDISCIPLINARY 人文科学",4 [263/406],,,,,,,,,,
Queensland Review,2025,1321-8166/2049-7792,否,否,否,ESCI,,,社会学,4 [1307/2039],否,三级, AREA STUDIES 地域研究,4 [130/174],,,,,,,,,,
Peace Review-A Journal of Social Justice,2025,1040-2659/1469-9982,否,否,否,ESCI,0.5,,社会学,4 [1308/2039],否,三级, INTERNATIONAL RELATIONS 国际关系学,4 [130/165],,,,,,,,,,
Rutgers University Law Review,2025,2374-3859/2374-3859,否,否,否,SSCI,,,社会学,4 [1309/2039],否,三级, LAW 法学,4 [234/427],,,,,,,,,,
MONUMENTA NIPPONICA,2025,0027-0741/1880-1390,否,否,否,AHCI,0.1,,社会学,4 [1310/2039],否,三级, ASIAN STUDIES 亚洲研究,4 [87/102],,,,,,,,,,
Boyhood Studies-An Interdisciplinary Journal,2025,2375-9240/2375-9267,否,否,否,ESCI,<0.1,,社会学,4 [1311/2039],否,三级," SOCIAL SCIENCES, INTERDISCIPLINARY 社会科学：跨领域",4 [156/263],,,,,,,,,,
International Journal of Intelligence and Counterintelligence,2025,0885-0607/1521-0561,否,否,否,ESCI,0.5,,社会学,4 [1312/2039],否,三级, INTERNATIONAL RELATIONS 国际关系学,4 [131/165],,,,,,,,,,
CHILD WELFARE,2025,0009-4021,否,否,否,SSCI,0.6,,社会学,4 [1313/2039],否,三级, FAMILY STUDIES 家庭研究,4 [51/65], SOCIAL WORK 社会工作,4 [70/91],,,,,,,,
COMPARATIVE SOCIOLOGY,2025,1569-1322/1569-1330,否,否,否,ESCI,0.4,,社会学,4 [1314/2039],否,三级, SOCIOLOGY 社会学,4 [168/216],,,,,,,,,,
Folklore-Electronic Journal of Folklore,2025,1406-0957/1406-0949,否,否,否,AHCI,0.1,,社会学,4 [1315/2039],否,三级, FOLKLORE 民俗学,3 [7/18],,,,,,,,,,
Ezhegodnik Finno-Ugorskikh Issledovanii-Yearbook of Finno-Ugric Studies,2025,2224-9443/2311-0333,否,否,否,ESCI,0.1,,社会学,4 [1316/2039],否,三级," HUMANITIES, MULTIDISCIPLINARY 人文科学",4 [267/406],,,,,,,,,,
Canadian Journal American and Caribbean Studies,2025,0826-3663/2333-1461,否,否,否,ESCI,0.5,,社会学,4 [1317/2039],否,三级," HUMANITIES, MULTIDISCIPLINARY 人文科学",4 [268/406],,,,,,,,,,
Journal for European Environmental & Planning Law,2025,1613-7272/1876-0104,否,否,否,ESCI,1,,社会学,4 [1318/2039],否,三级, LAW 法学,4 [235/427],,,,,,,,,,
Selcuk Universitesi Turkiyat Arastirmalari Dergisi-Selcuk University Journal of Studies in Turcology,2025,2458-9071/2458-9071,否,否,否,ESCI,<0.1,,社会学,4 [1319/2039],否,三级," HUMANITIES, MULTIDISCIPLINARY 人文科学",4 [269/406],,,,,,,,,,
Rural Society,2025,1037-1656/2204-0536,否,否,否,ESCI,1.2,,社会学,4 [1320/2039],否,三级, SOCIOLOGY 社会学,4 [169/216],,,,,,,,,,
Middle East Journal of Culture and Communication,2025,1873-9857/1873-9865,否,否,否,ESCI,0.4,,社会学,4 [1321/2039],否,三级," HUMANITIES, MULTIDISCIPLINARY 人文科学",4 [271/406],,,,,,,,,,
Journal of World Intellectual Property,2025,1422-2213/1747-1796,否,否,否,ESCI,0.9,,社会学,4 [1322/2039],否,三级, LAW 法学,4 [236/427],,,,,,,,,,
Baltic Region,2025,2079-8555/2310-0524,否,否,是,ESCI,1,,社会学,4 [1323/2039],否,三级, AREA STUDIES 地域研究,4 [131/174],,,,,,,,,,
Vestnik Slavianskikh Kultur-Bulletin of Slavic Cultures-Scientific and Informational Journal,2025,2073-9567,否,否,否,ESCI,0.1,,社会学,4 [1324/2039],否,三级," HUMANITIES, MULTIDISCIPLINARY 人文科学",4 [275/406],,,,,,,,,,
Review of Korean Studies,2025,1229-0076/1229-0076,否,否,是,ESCI,0.2,,社会学,4 [1325/2039],否,三级, ASIAN STUDIES 亚洲研究,4 [88/102],,,,,,,,,,
Trusts & Trustees,2025,1363-1780/1752-2110,否,否,否,ESCI,0.2,,社会学,4 [1326/2039],否,三级, LAW 法学,4 [237/427],,,,,,,,,,
JOURNAL OF COMPARATIVE FAMILY STUDIES,2025,0047-2328/1929-9850,否,否,否,SSCI,0.6,,社会学,4 [1327/2039],否,三级, FAMILY STUDIES 家庭研究,4 [52/65],,,,,,,,,,
Children & Schools,2025,1532-8759/1545-682X,否,否,否,ESCI,0.8,,社会学,4 [1328/2039],否,三级, SOCIAL WORK 社会工作,4 [71/91],,,,,,,,,,
Bresil-s,2025,2257-0543/2425-231X,否,否,是,ESCI,0.1,,社会学,4 [1329/2039],否,三级, AREA STUDIES 地域研究,4 [132/174],,,,,,,,,,
Confluenze-Rivista di Studi Iberoamericani,2025,2036-0967/2036-0967,否,否,是,ESCI,0.1,,社会学,4 [1330/2039],否,三级," HUMANITIES, MULTIDISCIPLINARY 人文科学",4 [276/406],,,,,,,,,,
Escritura e Imagen,2025,1885-5687/1988-2416,否,否,否,ESCI,<0.1,,社会学,4 [1331/2039],否,三级," HUMANITIES, MULTIDISCIPLINARY 人文科学",4 [279/406],,,,,,,,,,
Balkanistic Forum,2025,1310-3970/2535-1265,否,否,否,ESCI,0.1,,社会学,4 [1332/2039],否,三级," HUMANITIES, MULTIDISCIPLINARY 人文科学",4 [280/406],,,,,,,,,,
TRAMES-Journal of the Humanities and Social Sciences,2025,1406-0922/1736-7514,否,否,是,SSCI;AHCI,0.5,,社会学,4 [1333/2039],否,三级," HUMANITIES, MULTIDISCIPLINARY 人文科学",4 [281/406]," SOCIAL SCIENCES, INTERDISCIPLINARY 社会科学：跨领域",4 [158/263],,,,,,,,
Departures in Critical Qualitative Research,2025,2333-9497/2333-9497,否,否,否,ESCI,0.3,,社会学,4 [1334/2039],否,三级," SOCIAL SCIENCES, INTERDISCIPLINARY 社会科学：跨领域",4 [159/263],,,,,,,,,,
Canadian Foreign Policy,2025,1192-6422/2157-0817,否,否,否,ESCI,1.4,,社会学,4 [1335/2039],否,三级, INTERNATIONAL RELATIONS 国际关系学,4 [132/165],,,,,,,,,,
FABULA,2025,0014-6242/1613-0464,否,否,否,AHCI,0.3,,社会学,4 [1336/2039],否,三级, FOLKLORE 民俗学,3 [8/18],,,,,,,,,,
Laboratorium-Russian Review of Social Research,2025,2076-8214/2078-1938,否,否,否,ESCI,0.5,,社会学,4 [1337/2039],否,三级," SOCIAL SCIENCES, INTERDISCIPLINARY 社会科学：跨领域",4 [160/263],,,,,,,,,,
Southeast Asian Studies,2025,2186-7275/2423-8686,否,否,否,ESCI,0.4,,社会学,4 [1338/2039],否,三级, AREA STUDIES 地域研究,4 [133/174],,,,,,,,,,
AMERASIA JOURNAL,2025,0044-7471/0044-7471,否,否,否,AHCI,0.4,,社会学,4 [1339/2039],否,三级," HUMANITIES, MULTIDISCIPLINARY 人文科学",4 [286/406],,,,,,,,,,
Anuario de Filosofia del Derecho,2025,0518-0872/0518-0872,否,否,否,ESCI,0.3,,社会学,4 [1340/2039],否,三级, LAW 法学,4 [238/427],,,,,,,,,,
Pravni Vjesnik,2025,0352-5317/1849-0840,否,否,是,ESCI,0.2,,社会学,4 [1341/2039],否,三级, LAW 法学,4 [239/427],,,,,,,,,,
Latin Americanist,2025,1557-2021/1557-203X,否,否,否,ESCI,0.3,,社会学,4 [1342/2039],否,三级," HUMANITIES, MULTIDISCIPLINARY 人文科学",4 [290/406],,,,,,,,,,
Hungarian Cultural Studies,2025,2471-965X/2471-965X,否,否,是,ESCI,<0.1,,社会学,4 [1343/2039],否,三级," SOCIAL SCIENCES, INTERDISCIPLINARY 社会科学：跨领域",4 [161/263],,,,,,,,,,
RASP-Research on Ageing and Social Policy,2025,2014-671X/2014-671X,否,否,是,ESCI,0.8,,社会学,4 [1344/2039],否,三级, GERONTOLOGY 老年医学（社科）,4 [38/48],,,,,,,,,,
Tempo Social,2025,0103-2070,否,否,是,SSCI,0.4,,社会学,4 [1345/2039],否,三级, SOCIOLOGY 社会学,4 [170/216],,,,,,,,,,
Tilburg Law Review-Journal of International and European Law,2025,2211-0046/2211-2596,否,否,否,ESCI,0.8,,社会学,4 [1346/2039],否,三级, LAW 法学,4 [240/427],,,,,,,,,,
Revista Humanidades,2025,2215-2253/2215-3934,否,否,是,ESCI,0.2,,社会学,4 [1347/2039],否,三级," HUMANITIES, MULTIDISCIPLINARY 人文科学",4 [294/406],,,,,,,,,,
Anthropology & Aging,2025,2374-2267/2374-2267,否,否,是,ESCI,0.9,,社会学,4 [1348/2039],否,三级, GERONTOLOGY 老年医学（社科）,4 [39/48],,,,,,,,,,
Environment and Urbanization ASIA,2025,0975-4253/0976-3546,否,否,否,ESCI,0.9,,社会学,4 [1349/2039],否,三级, ENVIRONMENTAL STUDIES 环境研究,4 [150/183],,,,,,,,,,
Parole Rubate-Rivista Internazionale di Studi Sulla Citazione,2025,2039-0114/2039-0114,否,否,是,ESCI,,,社会学,4 [1350/2039],否,三级," HUMANITIES, MULTIDISCIPLINARY 人文科学",4 [296/406],,,,,,,,,,
Voluntary Sector Review,2025,2040-8056/2040-8064,否,否,否,ESCI,0.8,,社会学,4 [1351/2039],否,三级," SOCIAL SCIENCES, INTERDISCIPLINARY 社会科学：跨领域",4 [162/263],,,,,,,,,,
American Journal of Play,2025,1938-0399/1938-0402,否,否,否,ESCI,0.5,,社会学,4 [1352/2039],否,三级," SOCIAL SCIENCES, INTERDISCIPLINARY 社会科学：跨领域",4 [163/263],,,,,,,,,,
Etnoloska Tribina,2025,0351-1944/1848-9540,否,否,是,ESCI,0.3,,社会学,4 [1353/2039],否,三级, ANTHROPOLOGY 人类学,4 [111/137],,,,,,,,,,
International Journal of Fashion Studies,2025,2051-7106/2051-7114,否,否,否,ESCI,0.6,,社会学,4 [1354/2039],否,三级," HUMANITIES, MULTIDISCIPLINARY 人文科学",4 [299/406],,,,,,,,,,
Folklor/Edebiyat-Folklore/Literature,2025,1300-7491/2791-6057,否,否,是,ESCI,0.1,,社会学,4 [1355/2039],否,三级, FOLKLORE 民俗学,3 [9/18], LITERATURE 其他形式的文学,4 [175/199],,,,,,,,
Revista Eletronica Ventilando Acervos,2025,2318-6062/2318-6062,否,否,否,ESCI,<0.1,,社会学,4 [1356/2039],否,三级," HUMANITIES, MULTIDISCIPLINARY 人文科学",4 [301/406],,,,,,,,,,
Capital Markets Law Journal,2025,1750-7219/1750-7227,否,否,否,ESCI,1.1,,社会学,4 [1357/2039],否,三级, LAW 法学,4 [241/427],,,,,,,,,,
MONTHLY REVIEW-AN INDEPENDENT SOCIALIST MAGAZINE,2025,0027-0520/0027-0520,否,否,否,SSCI,1.9,,社会学,4 [1358/2039],否,三级, POLITICAL SCIENCE 政治学,4 [253/317],,,,,,,,,,
Anuario De Psicologia Juridica,2025,1133-0740/2174-0542,否,否,是,SSCI,1.3,,社会学,4 [1359/2039],否,三级, LAW 法学,4 [242/427]," PSYCHOLOGY, MULTIDISCIPLINARY 心理学：综合",4 [160/219],,,,,,,,
Agenda-Empowering Women for Gender Equity,2025,1013-0950/2158-978X,否,否,否,ESCI,0.4,,社会学,4 [1360/2039],否,三级, WOMENS STUDIES 女性研究,4 [56/66],,,,,,,,,,
Mir Rossii-Universe of Russia,2025,1811-038X/1811-0398,否,否,否,ESCI,0.7,,社会学,4 [1361/2039],否,三级, AREA STUDIES 地域研究,4 [134/174],,,,,,,,,,
Revue des Mondes Musulmans et de la Mediterranee,2025,0997-1327/2105-2271,否,否,是,ESCI,0.1,,社会学,4 [1362/2039],否,三级, AREA STUDIES 地域研究,4 [135/174],,,,,,,,,,
Security and Human Rights,2025,1874-7337/1875-0230,否,否,否,ESCI,,,社会学,4 [1363/2039],否,三级, POLITICAL SCIENCE 政治学,4 [254/317],,,,,,,,,,
Adelaide Law Review,2025,0065-1915/0065-1915,否,否,否,ESCI,0.3,,社会学,4 [1364/2039],否,三级, LAW 法学,4 [244/427],,,,,,,,,,
Age of Human Rights Journal,2025,2340-9592/2340-9592,否,否,是,ESCI,0.4,,社会学,4 [1365/2039],否,三级, LAW 法学,4 [245/427],,,,,,,,,,
Recherches Sociographiques,2025,0034-1282/0034-1282,否,否,否,ESCI,0.1,,社会学,4 [1366/2039],否,三级, SOCIOLOGY 社会学,4 [171/216],,,,,,,,,,
Parallax,2025,1353-4645/1460-700X,否,否,否,SSCI;AHCI,0.1,,社会学,4 [1367/2039],否,三级, CULTURAL STUDIES 文化研究,4 [58/59],,,,,,,,,,
Antropologia Portuguesa,2025,0870-0990/2182-7982,否,否,是,ESCI,0.2,,社会学,4 [1368/2039],否,三级, ANTHROPOLOGY 人类学,4 [112/137],,,,,,,,,,
Edinburgh Law Review,2025,1364-9809/1755-1692,否,否,否,ESCI,0.2,,社会学,4 [1369/2039],否,三级, LAW 法学,4 [246/427],,,,,,,,,,
Middle East Law and Governance,2025,1876-3367/1876-3375,否,否,否,ESCI,0.4,,社会学,4 [1370/2039],否,三级, LAW 法学,4 [247/427],,,,,,,,,,
Journal of Intellectual Property Law & Practice,2025,1747-1532/1747-1540,否,否,否,ESCI,0.6,,社会学,4 [1371/2039],否,三级, LAW 法学,4 [248/427],,,,,,,,,,
Communication Law and Policy,2025,1081-1680/1532-6926,否,否,否,ESCI,0.2,,社会学,4 [1372/2039],否,三级, LAW 法学,4 [249/427],,,,,,,,,,
International Journal of African Renaissance Studies,2025,1818-6874/1753-7274,否,否,否,ESCI,0.4,,社会学,4 [1373/2039],否,三级, AREA STUDIES 地域研究,4 [136/174],,,,,,,,,,
Filosofija-Sociologija,2025,0235-7186/0235-7186,否,否,否,SSCI;AHCI,0.2,,社会学,4 [1374/2039],否,三级, PHILOSOPHY 哲学,4 [257/328], SOCIOLOGY 社会学,4 [172/216],,,,,,,,
AIBR-Revista de Antropologia Iberoamericana,2025,1695-9752/1578-9705,否,否,是,SSCI,0.3,,社会学,4 [1375/2039],否,三级, ANTHROPOLOGY 人类学,4 [113/137],,,,,,,,,,
JOURNAL OF ARTS MANAGEMENT LAW AND SOCIETY,2025,1063-2921/1930-7799,否,否,否,AHCI,0.6,,社会学,4 [1376/2039],否,三级," HUMANITIES, MULTIDISCIPLINARY 人文科学",4 [311/406],,,,,,,,,,
VOLKSKUNDE,2025,0042-8523/0042-8523,否,否,否,AHCI,0.2,,社会学,4 [1377/2039],否,三级, FOLKLORE 民俗学,4 [11/18],,,,,,,,,,
Journal of Human Behavior in the Social Environment,2025,1091-1359/1540-3556,否,否,否,ESCI,1.2,,社会学,4 [1378/2039],否,三级, SOCIAL WORK 社会工作,4 [72/91],,,,,,,,,,
European Company and Financial Law Review,2025,1613-2548/1613-2556,否,否,否,ESCI,1.2,,社会学,4 [1379/2039],否,三级, LAW 法学,4 [250/427],,,,,,,,,,
Positions-Asia Critique,2025,1067-9847/1527-8271,否,否,否,AHCI,0.4,,社会学,4 [1380/2039],否,三级, ASIAN STUDIES 亚洲研究,4 [91/102],,,,,,,,,,
CRIMINAL LAW JOURNAL,2025,0314-1160/0314-1160,否,否,否,ESCI,0.5,,社会学,4 [1381/2039],否,三级, LAW 法学,4 [251/427],,,,,,,,,,
South African Geographical Journal,2025,0373-6245/2151-2418,否,否,否,SSCI,1.4,,社会学,4 [1382/2039],否,三级, GEOGRAPHY 地理学,4 [103/171],,,,,,,,,,
Politique Europeenne,2025,1623-6297/2105-2875,否,否,否,ESCI,0.4,,社会学,4 [1383/2039],否,三级, POLITICAL SCIENCE 政治学,4 [255/317],,,,,,,,,,
Relaciones Internacionales-Madrid,2025,1699-3950/1699-3950,否,否,是,ESCI,0.3,,社会学,4 [1384/2039],否,三级, INTERNATIONAL RELATIONS 国际关系学,4 [133/165],,,,,,,,,,
Revista de Llengua i Dret-Journal of Language and Law,2025,0212-5056/2013-1453,否,否,是,ESCI,0.3,,社会学,4 [1385/2039],否,三级, LAW 法学,4 [252/427],,,,,,,,,,
Family Journal,2025,1066-4807/1552-3950,否,否,否,ESCI,1.2,,社会学,4 [1386/2039],否,三级, FAMILY STUDIES 家庭研究,4 [54/65],,,,,,,,,,
Statute Law Review,2025,0144-3593/1464-3863,否,否,否,ESCI,0.2,,社会学,4 [1387/2039],否,三级, LAW 法学,4 [253/427],,,,,,,,,,
Asia-Pacific Journal-Japan Focus,2025,1557-4660/1557-4660,否,否,是,ESCI,0.2,,社会学,4 [1388/2039],否,三级, AREA STUDIES 地域研究,4 [137/174],,,,,,,,,,
Pravoprimenenie-Law Enforcement Review,2025,2542-1514/2658-4050,否,否,是,ESCI,0.3,,社会学,4 [1389/2039],否,三级, LAW 法学,4 [254/427],,,,,,,,,,
Washington International Law Journal,2025,2377-0872/2377-0872,否,否,否,ESCI,0.3,,社会学,4 [1390/2039],否,三级, LAW 法学,4 [255/427],,,,,,,,,,
Liverpool Law Review,2025,0144-932X/1572-8625,否,否,是,ESCI,0.3,,社会学,4 [1391/2039],否,三级, LAW 法学,4 [256/427],,,,,,,,,,
Journal of Australian Political Economy,2025,0156-5826/1839-3675,否,否,否,SSCI,0.5,,社会学,4 [1392/2039],否,三级, ECONOMICS 经济学,4 [433/599], POLITICAL SCIENCE 政治学,4 [256/317],,,,,,,,
Mental Health and Social Inclusion,2025,2042-8316/2042-8308,否,否,否,ESCI,1,,社会学,4 [1393/2039],否,三级, SOCIAL WORK 社会工作,4 [73/91],,,,,,,,,,
Versus-Quaderni di Studi Semiotici,2025,0393-8255/0393-8255,否,否,否,ESCI,0.2,,社会学,4 [1394/2039],否,三级," HUMANITIES, MULTIDISCIPLINARY 人文科学",4 [314/406],,,,,,,,,,
Theory in Action,2025,1937-0229/1937-0237,否,否,否,ESCI,0.1,,社会学,4 [1395/2039],否,三级," SOCIAL SCIENCES, INTERDISCIPLINARY 社会科学：跨领域",4 [165/263],,,,,,,,,,
Taiwan Journal of East Asian Studies,2025,1812-6243/1812-6243,否,否,否,ESCI,<0.1,,社会学,4 [1396/2039],否,三级, ASIAN STUDIES 亚洲研究,4 [93/102],,,,,,,,,,
Mirovaya Ekonomika i Mezhdunarodnye Otnosheniya,2025,0131-2227/0131-2227,否,否,否,ESCI,0.3,,社会学,4 [1397/2039],否,三级, INTERNATIONAL RELATIONS 国际关系学,4 [134/165],,,,,,,,,,
Atlantis-Critical Studies in Gender Culture & Social Justice,2025,0702-7818/1715-0698,否,否,是,ESCI,0.3,,社会学,4 [1398/2039],否,三级, WOMENS STUDIES 女性研究,4 [57/66],,,,,,,,,,
LAW PROBABILITY & RISK,2025,1470-8396/1470-840X,否,否,否,SSCI;SCIE,2.7,,社会学,4 [1399/2039],否,三级, LAW 法学,4 [257/427], MATHEMATICS 数学,4 [428/487]," SOCIAL SCIENCES, MATHEMATICAL METHODS 社会科学：数理方法",4 [57/67], STATISTICS & PROBABILITY 统计学与概率论,4 [143/166],,,,
South African Journal on Human Rights,2025,0258-7203/1996-2126,否,否,否,SSCI,0.6,,社会学,4 [1400/2039],否,三级, LAW 法学,4 [258/427],,,,,,,,,,
Studia Ethnologica Croatica,2025,1330-3627/1848-9532,否,否,是,ESCI,<0.1,,社会学,4 [1401/2039],否,三级, ANTHROPOLOGY 人类学,4 [114/137],,,,,,,,,,
Estudios Avanzados,2025,0718-5022/0718-5014,否,否,是,ESCI,0.1,,社会学,4 [1402/2039],否,三级," HUMANITIES, MULTIDISCIPLINARY 人文科学",4 [317/406],,,,,,,,,,
Boletin Americanista,2025,0520-4100/2014-993X,否,否,是,ESCI,0.1,,社会学,4 [1403/2039],否,三级, AREA STUDIES 地域研究,4 [138/174],,,,,,,,,,
HARVARD JOURNAL ON LEGISLATION,2025,0017-808X/1943-507X,否,否,否,SSCI,0.6,,社会学,4 [1404/2039],否,三级, LAW 法学,4 [259/427],,,,,,,,,,
Vestnik Tomskogo Gosudarstvennogo Universiteta-Kulturologiya i Iskusstvovedenie-Tomsk State University Journal of Cultural Studies and Art History,2025,2222-0836/2311-3685,否,否,否,ESCI,0.1,,社会学,4 [1405/2039],否,三级," HUMANITIES, MULTIDISCIPLINARY 人文科学",4 [319/406],,,,,,,,,,
Denver Law Review,2025,2469-6463/2469-6463,否,否,否,SSCI,,,社会学,4 [1406/2039],否,三级, LAW 法学,4 [260/427],,,,,,,,,,
Japanese Studies in Russia,2025,2500-2872/2500-2872,否,否,是,ESCI,0.1,,社会学,4 [1407/2039],否,三级, AREA STUDIES 地域研究,4 [139/174],,,,,,,,,,
Arab Law Quarterly,2025,0268-0556/1573-0255,否,否,否,ESCI,0.3,,社会学,4 [1408/2039],否,三级, LAW 法学,4 [261/427],,,,,,,,,,
Journal of Spatial Information Science,2025,1948-660X/1948-660X,否,否,是,ESCI,0.6,,社会学,4 [1409/2039],否,三级, GEOGRAPHY 地理学,4 [104/171],,,,,,,,,,
Torre del Virrey-Revista de Estudios Culturales,2025,1885-7353/2255-2022,否,否,否,ESCI,0.1,,社会学,4 [1410/2039],否,三级," HUMANITIES, MULTIDISCIPLINARY 人文科学",4 [321/406],,,,,,,,,,
Salus Journal,2025,2202-5677/2202-5677,否,否,是,ESCI,0.2,,社会学,4 [1411/2039],否,三级, CRIMINOLOGY & PENOLOGY 犯罪学与刑罚学,4 [94/111],,,,,,,,,,
digitAR-Revista Digital de Arqueologia Arquitectura e Artes-Digital Journal of Archaeology Architecture and Arts,2025,2182-844X/2182-844X,否,否,否,ESCI,<0.1,,社会学,4 [1412/2039],否,三级," HUMANITIES, MULTIDISCIPLINARY 人文科学",4 [325/406],,,,,,,,,,
A&C-Revista de Direito Administrativo & Constitucional,2025,1516-3210/1984-4182,否,否,否,ESCI,0.5,,社会学,4 [1413/2039],否,三级, LAW 法学,4 [262/427],,,,,,,,,,
Revista de Estudios Politicos,2025,0048-7694/1989-0613,否,否,否,SSCI,0.7,,社会学,4 [1414/2039],否,三级, POLITICAL SCIENCE 政治学,4 [257/317],,,,,,,,,,
Analecta Politica,2025,2027-7458/2390-0067,否,否,是,ESCI,0.1,,社会学,4 [1415/2039],否,三级, POLITICAL SCIENCE 政治学,4 [258/317],,,,,,,,,,
Revista Espanola de Sociologia,2025,1578-2824/1578-2824,否,否,否,ESCI,0.8,,社会学,4 [1416/2039],否,三级, SOCIOLOGY 社会学,4 [173/216],,,,,,,,,,
Identidade,2025,2178-437X/2178-437X,否,否,否,ESCI,<0.1,,社会学,4 [1417/2039],否,三级, ETHNIC STUDIES 民族研究,4 [37/39],,,,,,,,,,
Revista General de Derecho Romano,2025,1697-3046/1697-3046,否,否,否,ESCI,<0.1,,社会学,4 [1418/2039],否,三级, LAW 法学,4 [263/427],,,,,,,,,,
Sociologia Nauki i Tehnologij-Sociology of Science & Technology,2025,2079-0910/2414-9225,否,否,否,ESCI,0.3,,社会学,4 [1419/2039],否,三级, HISTORY & PHILOSOPHY OF SCIENCE 科学史与科学哲学,4 [83/105], SOCIOLOGY 社会学,4 [174/216],,,,,,,,
Politeia-Journal of Political Theory Political Philosophy and Sociology of Politics,2025,2078-5089/2587-5914,否,否,是,ESCI,0.5,,社会学,4 [1420/2039],否,三级, POLITICAL SCIENCE 政治学,4 [259/317],,,,,,,,,,
Revista Internacional de Sociologia,2025,0034-9712/1988-429X,否,否,是,SSCI,0.7,,社会学,4 [1421/2039],否,三级, SOCIOLOGY 社会学,4 [175/216],,,,,,,,,,
Journal of African Law,2025,0021-8553/1464-3731,否,否,否,SSCI,0.3,,社会学,4 [1422/2039],否,三级, LAW 法学,4 [264/427],,,,,,,,,,
CATHOLIC UNIVERSITY LAW REVIEW,2025,0008-8390/0008-8390,否,否,否,SSCI,0.2,,社会学,4 [1423/2039],否,三级, LAW 法学,4 [265/427],,,,,,,,,,
SOZIALE WELT-ZEITSCHRIFT FUR SOZIALWISSENSCHAFTLICHE FORSCHUNG UND PRAXIS,2025,0038-6073/0038-6073,否,否,否,SSCI,0.6,,社会学,4 [1424/2039],否,三级, SOCIOLOGY 社会学,4 [176/216],,,,,,,,,,
Biodemography and Social Biology,2025,1948-5565/1948-5573,否,否,否,SSCI,1,,社会学,4 [1425/2039],否,三级, DEMOGRAPHY 人口学,4 [38/49]," SOCIAL SCIENCES, BIOMEDICAL 社会科学：生物医学",4 [43/46], SOCIOLOGY 社会学,4 [177/216],,,,,,
Social Work in Mental Health,2025,1533-2985/1533-2993,否,否,否,ESCI,0.9,,社会学,4 [1426/2039],否,三级, SOCIAL WORK 社会工作,4 [74/91],,,,,,,,,,
KOREAN JOURNAL OF DEFENSE ANALYSIS,2025,1016-3271/1941-4641,否,否,否,SSCI,0.2,,社会学,4 [1427/2039],否,三级, INTERNATIONAL RELATIONS 国际关系学,4 [135/165],,,,,,,,,,
Altre Modernita-Rivista di Studi Letterari e Culturali,2025,2035-7680/2035-7680,否,否,是,ESCI,0.1,,社会学,4 [1428/2039],否,三级, CULTURAL STUDIES 文化研究,4 [59/59],,,,,,,,,,
BULLETIN OF THE ATOMIC SCIENTISTS,2025,0096-3402/1938-3282,否,否,否,SSCI,2.3,,社会学,4 [1429/2039],否,三级, INTERNATIONAL RELATIONS 国际关系学,4 [136/165], SOCIAL ISSUES 社会问题,4 [51/66],,,,,,,,
Pertanika Journal of Social Science and Humanities,2025,0128-7702/2231-8534,否,否,否,ESCI,0.7,,社会学,4 [1430/2039],否,三级," SOCIAL SCIENCES, INTERDISCIPLINARY 社会科学：跨领域",4 [167/263],,,,,,,,,,
Journal of Nusantara Studies-JONUS,2025,0127-9319/0127-9386,否,否,否,ESCI,0.3,,社会学,4 [1431/2039],否,三级, AREA STUDIES 地域研究,4 [141/174],,,,,,,,,,
Monash University Law Review,2025,0311-3140/1839-3837,否,否,否,ESCI,,,社会学,4 [1432/2039],否,三级, LAW 法学,4 [266/427],,,,,,,,,,
Ocean Yearbook,2025,0191-8575/2211-6001,否,否,否,ESCI,0.6,,社会学,4 [1433/2039],否,三级, ENVIRONMENTAL STUDIES 环境研究,4 [152/183],,,,,,,,,,
Anuario Colombiano de Derecho Internacional-ACDI,2025,2027-1131/2145-4493,否,否,是,ESCI,0.3,,社会学,4 [1434/2039],否,三级, LAW 法学,4 [267/427],,,,,,,,,,
Politologicky Casopis-Czech Journal of Political Science,2025,1211-3247/1805-9503,否,否,否,ESCI,0.7,,社会学,4 [1435/2039],否,三级, POLITICAL SCIENCE 政治学,4 [260/317],,,,,,,,,,
Journal of Urban and Regional Analysis,2025,2067-4082/2068-9969,否,否,是,ESCI,1,,社会学,4 [1436/2039],否,三级, GEOGRAPHY 地理学,4 [105/171],,,,,,,,,,
Contagion-Journal of Violence Mimesis and Culture,2025,1075-7201/1930-1200,否,否,否,ESCI,0.4,,社会学,4 [1437/2039],否,三级," HUMANITIES, MULTIDISCIPLINARY 人文科学",4 [335/406],,,,,,,,,,
Media & Jornalismo,2025,1645-5681/2183-5462,否,否,是,ESCI,0.5,,社会学,4 [1438/2039],否,三级, COMMUNICATION 传播学,4 [183/223]," SOCIAL SCIENCES, INTERDISCIPLINARY 社会科学：跨领域",4 [168/263],,,,,,,,
Papers-Revista de Sociologia,2025,0210-2862/2013-9004,否,否,是,ESCI,1,,社会学,4 [1439/2039],否,三级, SOCIOLOGY 社会学,4 [178/216],,,,,,,,,,
Obrana a Strategie-Defence & Strategy,2025,1214-6463/1802-7199,否,否,是,ESCI,0.6,,社会学,4 [1440/2039],否,三级, INTERNATIONAL RELATIONS 国际关系学,4 [137/165], POLITICAL SCIENCE 政治学,4 [261/317],,,,,,,,
European Journal of Comparative Law and Governance,2025,2213-4506/2213-4514,否,否,否,ESCI,0.4,,社会学,4 [1441/2039],否,三级, LAW 法学,4 [268/427],,,,,,,,,,
Geographia Polonica,2025,0016-7282/2300-7362,否,否,否,ESCI,0.5,,社会学,4 [1442/2039],否,三级, GEOGRAPHY 地理学,4 [106/171],,,,,,,,,,
Junctures-The Journal for Thematic Dialogue,2025,1176-5119/1179-8912,否,否,否,AHCI,<0.1,,社会学,4 [1443/2039],否,三级," HUMANITIES, MULTIDISCIPLINARY 人文科学",4 [338/406],,,,,,,,,,
Boletin Antropologico,2025,0257-750X/0257-750X,否,否,否,ESCI,<0.1,,社会学,4 [1444/2039],否,三级, ANTHROPOLOGY 人类学,4 [115/137],,,,,,,,,,
Measurement-Interdisciplinary Research and Perspectives,2025,1536-6367/1536-6359,否,否,否,ESCI,1,,社会学,4 [1445/2039],否,三级," SOCIAL SCIENCES, INTERDISCIPLINARY 社会科学：跨领域",4 [169/263],,,,,,,,,,
International Journal of Happiness and Development,2025,2049-2790/2049-2804,否,否,否,ESCI,0.4,,社会学,4 [1446/2039],否,三级," SOCIAL SCIENCES, INTERDISCIPLINARY 社会科学：跨领域",4 [170/263],,,,,,,,,,
Sun Yat-sen Journal of Humanities,2025,1024-3631,否,否,否,ESCI,,,社会学,4 [1447/2039],否,三级," HUMANITIES, MULTIDISCIPLINARY 人文科学",4 [339/406],,,,,,,,,,
Visual Ethnography,2025,2281-1605/2281-1605,否,否,否,ESCI,0.1,,社会学,4 [1448/2039],否,三级, ANTHROPOLOGY 人类学,4 [116/137],,,,,,,,,,
ANTHROPOS,2025,0257-9774,否,否,否,SSCI,0.1,,社会学,4 [1449/2039],否,三级, ANTHROPOLOGY 人类学,4 [117/137],,,,,,,,,,
e-Legal History Review,2025,1699-5317/1699-5317,否,否,否,ESCI,0.2,,社会学,4 [1450/2039],否,三级, LAW 法学,4 [269/427],,,,,,,,,,
Safer Communities,2025,1757-8043/2042-8774,否,否,否,ESCI,0.7,,社会学,4 [1451/2039],否,三级, CRIMINOLOGY & PENOLOGY 犯罪学与刑罚学,4 [95/111],,,,,,,,,,
Storia del Pensiero Politico,2025,2279-9818/2279-9818,否,否,否,ESCI,0.1,,社会学,4 [1452/2039],否,三级, POLITICAL SCIENCE 政治学,4 [263/317],,,,,,,,,,
Climate Law,2025,1878-6553/1878-6561,否,否,否,ESCI,0.6,,社会学,4 [1453/2039],否,三级, ENVIRONMENTAL STUDIES 环境研究,4 [153/183], LAW 法学,4 [270/427],,,,,,,,
Revista de Derecho Privado,2025,0123-4366/2346-2442,否,否,是,ESCI,0.2,,社会学,4 [1454/2039],否,三级, LAW 法学,4 [271/427],,,,,,,,,,
Canadian Yearbook of International Law,2025,0069-0058/1925-0169,否,否,否,ESCI,0.1,,社会学,4 [1455/2039],否,三级, INTERNATIONAL RELATIONS 国际关系学,4 [138/165], LAW 法学,4 [272/427],,,,,,,,
Demografie,2025,0011-8265/1805-2991,否,否,否,ESCI,0.6,,社会学,4 [1456/2039],否,三级, DEMOGRAPHY 人口学,4 [39/49],,,,,,,,,,
Polish Yearbook of International Law,2025,0554-498X/0554-498X,否,否,否,ESCI,<0.1,,社会学,4 [1457/2039],否,三级, LAW 法学,4 [273/427],,,,,,,,,,
Archaeology Ethnology and Anthropology of Eurasia,2025,1563-0110/1531-832X,否,否,否,ESCI,0.3,,社会学,4 [1458/2039],否,三级, ANTHROPOLOGY 人类学,4 [118/137],,,,,,,,,,
Strenae-Recherches sur les Livres et les Objets Culturels de L Enfance,2025,2109-9081/2109-9081,否,否,是,ESCI,<0.1,,社会学,4 [1459/2039],否,三级," HUMANITIES, MULTIDISCIPLINARY 人文科学",4 [342/406],,,,,,,,,,
Hesperis-Tamuda,2025,0018-1005/0018-1005,否,否,是,ESCI,0.1,,社会学,4 [1460/2039],否,三级," HUMANITIES, MULTIDISCIPLINARY 人文科学",4 [343/406],,,,,,,,,,
Migraciones,2025,1138-5774/2341-0833,否,否,是,ESCI,0.7,,社会学,4 [1461/2039],否,三级, DEMOGRAPHY 人口学,4 [40/49],,,,,,,,,,
Bulletin of Geography-Socio-Economic Series,2025,1732-4254/2083-8298,否,否,是,ESCI,0.8,,社会学,4 [1462/2039],否,三级, GEOGRAPHY 地理学,4 [107/171],,,,,,,,,,
Biblos-Revista da Faculdade de Letras da Universidade de Coimbra,2025,0870-4112/2183-7139,否,否,是,ESCI,0.1,,社会学,4 [1463/2039],否,三级," HUMANITIES, MULTIDISCIPLINARY 人文科学",4 [345/406],,,,,,,,,,
Revista Perseitas,2025,2346-1780/2346-1780,否,否,是,ESCI,0.1,,社会学,4 [1464/2039],否,三级," HUMANITIES, MULTIDISCIPLINARY 人文科学",4 [346/406],,,,,,,,,,
Trumpeter-Journal of Ecosophy,2025,0832-6193/0832-6193,否,否,否,ESCI,0.1,,社会学,4 [1465/2039],否,三级, ENVIRONMENTAL STUDIES 环境研究,4 [154/183],,,,,,,,,,
Legal Information Management,2025,1472-6696/1741-2021,否,否,否,ESCI,0.1,,社会学,4 [1466/2039],否,三级, LAW 法学,4 [274/427],,,,,,,,,,
Geografie,2025,1212-0014/1212-0014,否,否,否,SSCI,0.9,,社会学,4 [1467/2039],否,三级, GEOGRAPHY 地理学,4 [108/171],,,,,,,,,,
Jamba-Journal of Disaster Risk Studies,2025,1996-1421/2072-845X,否,否,是,ESCI,1.7,,社会学,4 [1468/2039],否,三级," SOCIAL SCIENCES, INTERDISCIPLINARY 社会科学：跨领域",4 [171/263],,,,,,,,,,
Tercio Creciente,2025,2340-9096/2340-9096,否,否,是,ESCI,0.2,,社会学,4 [1469/2039],否,三级," HUMANITIES, MULTIDISCIPLINARY 人文科学",4 [347/406],,,,,,,,,,
Childhood and Philosophy,2025,2525-5061/1984-5987,否,否,是,ESCI,0.3,,社会学,4 [1470/2039],否,三级, EDUCATION & EDUCATIONAL RESEARCH 教育学和教育研究,4 [586/754], PHILOSOPHY 哲学,4 [288/328],,,,,,,,
UNIVERSITY OF PITTSBURGH LAW REVIEW,2025,0041-9915/1942-8405,否,否,否,SSCI,0.2,,社会学,4 [1471/2039],否,三级, LAW 法学,4 [275/427],,,,,,,,,,
Raumforschung und Raumordnung-Spatial Research and Planning,2025,0034-0111/1869-4179,否,否,是,ESCI,1,,社会学,4 [1472/2039],否,三级, GEOGRAPHY 地理学,4 [109/171],,,,,,,,,,
Journal of Behavioral Science,2025,1906-4675/1906-4675,否,否,否,ESCI,1.1,,社会学,4 [1473/2039],否,三级," SOCIAL SCIENCES, INTERDISCIPLINARY 社会科学：跨领域",4 [172/263],,,,,,,,,,
Literature and Aesthetics,2025,1036-9368/2200-0437,否,否,否,ESCI,0.1,,社会学,4 [1474/2039],否,三级," HUMANITIES, MULTIDISCIPLINARY 人文科学",4 [349/406],,,,,,,,,,
Ethnobiology Letters,2025,2159-8126/2159-8126,否,否,是,ESCI,1,,社会学,4 [1475/2039],否,三级, ANTHROPOLOGY 人类学,4 [119/137],,,,,,,,,,
QUEENS LAW JOURNAL,2025,0316-778X/0316-778X,否,否,否,ESCI,0.1,,社会学,4 [1476/2039],否,三级, LAW 法学,4 [276/427],,,,,,,,,,
European Review of Private Law,2025,0928-9801/1875-8371,否,否,否,ESCI,0.4,,社会学,4 [1477/2039],否,三级, LAW 法学,4 [277/427],,,,,,,,,,
Asian Journal of WTO & International Health Law and Policy,2025,1819-5164,否,否,否,SSCI,0.7,,社会学,4 [1478/2039],否,三级, HEALTH POLICY & SERVICES 卫生政策与服务,4 [109/118], INTERNATIONAL RELATIONS 国际关系学,4 [139/165], LAW 法学,4 [278/427],,,,,,
URVIO-Revista Latinoamericana de Estudios de Seguridad,2025,1390-3691/1390-4299,否,否,是,ESCI,0.1,,社会学,4 [1479/2039],否,三级, POLITICAL SCIENCE 政治学,4 [265/317],,,,,,,,,,
Revista Internacional de Pensamiento Politico,2025,1885-589X/2695-575X,否,否,是,ESCI,0.3,,社会学,4 [1480/2039],否,三级, POLITICAL SCIENCE 政治学,4 [266/317],,,,,,,,,,
University of Bologna Law Review,2025,2531-6133/2531-6133,否,否,是,ESCI,0.3,,社会学,4 [1481/2039],否,三级, LAW 法学,4 [279/427],,,,,,,,,,
Selcuk Universitesi Edebiyat Fakultesi Dergisi-Selcuk University Journal of Faculty of Letters,2025,1300-4921/2458-908X,否,否,是,ESCI,0.2,,社会学,4 [1482/2039],否,三级," HUMANITIES, MULTIDISCIPLINARY 人文科学",4 [351/406],,,,,,,,,,
Geografisk Tidsskrift-Danish Journal of Geography,2025,0016-7223/1903-2471,否,否,否,SSCI,1.1,,社会学,4 [1483/2039],否,三级, ENVIRONMENTAL STUDIES 环境研究,4 [155/183], GEOGRAPHY 地理学,4 [110/171],,,,,,,,
HOMO-JOURNAL OF COMPARATIVE HUMAN BIOLOGY,2025,0018-442X/1618-1301,否,否,否,SSCI,0.9,,社会学,4 [1484/2039],否,三级, ANTHROPOLOGY 人类学,4 [120/137],,,,,,,,,,
Law and Development Review,2025,2194-6523/1943-3867,否,否,否,ESCI,0.6,,社会学,4 [1485/2039],否,三级, LAW 法学,4 [280/427],,,,,,,,,,
Austrian Journal of Political Science,2025,2313-5433/2313-5433,否,否,是,SSCI,0.2,,社会学,4 [1486/2039],否,三级, POLITICAL SCIENCE 政治学,4 [267/317],,,,,,,,,,
Pensamiento al Margen,2025,2386-6098/2386-6098,否,否,是,ESCI,0.1,,社会学,4 [1487/2039],否,三级, POLITICAL SCIENCE 政治学,4 [268/317],,,,,,,,,,
Si Somos Americanos-Revista de Estudios Transfronterizos,2025,0718-2910/0719-0948,否,否,是,ESCI,0.7,,社会学,4 [1488/2039],否,三级, INTERNATIONAL RELATIONS 国际关系学,4 [140/165],,,,,,,,,,
COLUMBIA JOURNAL OF LAW AND SOCIAL PROBLEMS,2025,0010-1923/0010-1923,否,否,否,SSCI,0.2,,社会学,4 [1489/2039],否,三级, LAW 法学,4 [281/427], SOCIAL ISSUES 社会问题,4 [53/66],,,,,,,,
Sociologija,2025,0038-0318/0038-0318,否,否,是,ESCI,0.4,,社会学,4 [1490/2039],否,三级, SOCIOLOGY 社会学,4 [179/216],,,,,,,,,,
Documents d Analisi Geografica,2025,0212-1573/2014-4512,否,否,是,ESCI,0.7,,社会学,4 [1491/2039],否,三级, GEOGRAPHY 地理学,4 [111/171],,,,,,,,,,
Social Sciences in China,2025,0252-9203/1940-5952,否,否,否,ESCI,0.7,,社会学,4 [1492/2039],否,三级," SOCIAL SCIENCES, INTERDISCIPLINARY 社会科学：跨领域",4 [173/263],,,,,,,,,,
Archipel-Etudes interdisciplinaires sur le monde insulindien,2025,0044-8613/2104-3655,否,否,否,AHCI,0.1,,社会学,4 [1493/2039],否,三级, ASIAN STUDIES 亚洲研究,4 [96/102],,,,,,,,,,
African Journal of International and Comparative Law,2025,0954-8890/1755-1609,否,否,否,ESCI,0.3,,社会学,4 [1494/2039],否,三级, LAW 法学,4 [282/427],,,,,,,,,,
Diaspora Studies,2025,0973-9572/0976-3457,否,否,否,ESCI,0.5,,社会学,4 [1495/2039],否,三级, DEMOGRAPHY 人口学,4 [41/49],,,,,,,,,,
Review of European and Comparative Law,2025,2545-384X/2545-384X,否,否,是,ESCI,0.2,,社会学,4 [1496/2039],否,三级, LAW 法学,4 [283/427],,,,,,,,,,
Journal of East Asia and International Law,2025,1976-9229/1976-9229,否,否,否,ESCI,0.2,,社会学,4 [1497/2039],否,三级, LAW 法学,4 [284/427],,,,,,,,,,
Methods Data Analyses,2025,1864-6956/2190-4936,否,否,是,ESCI,2.6,,社会学,4 [1498/2039],否,三级," SOCIAL SCIENCES, MATHEMATICAL METHODS 社会科学：数理方法",4 [62/67],,,,,,,,,,
Lares-Quadrimestrale di Studi Demoetnoantropologici,2025,0023-8503/2036-511X,否,否,否,ESCI,<0.1,,社会学,4 [1499/2039],否,三级," HUMANITIES, MULTIDISCIPLINARY 人文科学",4 [353/406],,,,,,,,,,
Ars Brevis,2025,1136-3711/2339-9775,否,否,否,ESCI,<0.1,,社会学,4 [1500/2039],否,三级," HUMANITIES, MULTIDISCIPLINARY 人文科学",4 [354/406],,,,,,,,,,
Estudios Fronterizos,2025,0187-6961/2395-9134,否,否,是,ESCI,0.8,,社会学,4 [1501/2039],否,三级, GEOGRAPHY 地理学,4 [112/171],,,,,,,,,,
ACTES DE LA RECHERCHE EN SCIENCES SOCIALES,2025,0335-5322/1955-2564,否,否,否,SSCI,0.2,,社会学,4 [1502/2039],否,三级," SOCIAL SCIENCES, INTERDISCIPLINARY 社会科学：跨领域",4 [175/263],,,,,,,,,,
Changing Societies & Personalities,2025,2587-6104/2587-8964,否,否,是,ESCI,0.4,,社会学,4 [1503/2039],否,三级, SOCIOLOGY 社会学,4 [180/216],,,,,,,,,,
Vestnik Tomskogo Gosudarstvennogo Universiteta-Filosofiya-Sotsiologiya-Politologiya-Tomsk State University Journal of Philosophy Sociology and Political Science,2025,1998-863X/2311-2395,否,否,否,ESCI,0.1,,社会学,4 [1504/2039],否,三级," SOCIAL SCIENCES, INTERDISCIPLINARY 社会科学：跨领域",4 [176/263],,,,,,,,,,
Geographica Pannonica,2025,0354-8724/1820-7138,否,否,是,ESCI,0.9,,社会学,4 [1505/2039],否,三级, GEOGRAPHY 地理学,4 [113/171],,,,,,,,,,
Journal of Forensic Practice,2025,2050-8794/2050-8808,否,否,否,ESCI,0.4,,社会学,4 [1506/2039],否,三级, CRIMINOLOGY & PENOLOGY 犯罪学与刑罚学,4 [97/111],,,,,,,,,,
LAW LIBRARY JOURNAL,2025,0023-9283/0023-9283,否,否,否,SSCI,0.3,,社会学,4 [1507/2039],否,三级, INFORMATION SCIENCE & LIBRARY SCIENCE 图书情报与档案管理,4 [119/160], LAW 法学,4 [285/427],,,,,,,,
Studia Europejskie-Studies in European Affairs,2025,1428-149X/2719-3780,否,否,是,ESCI,0.6,,社会学,4 [1508/2039],否,三级, ECONOMICS 经济学,4 [460/599], LAW 法学,4 [286/427], POLITICAL SCIENCE 政治学,4 [269/317],,,,,,
Monatsschrift fur Kriminologie und Strafrechtsreform,2025,0026-9301/2366-1968,否,否,否,SSCI,0.3,,社会学,4 [1509/2039],否,三级, CRIMINOLOGY & PENOLOGY 犯罪学与刑罚学,4 [98/111],,,,,,,,,,
JATI-Journal of Southeast Asian Studies,2025,1823-4127/2600-8653,否,否,否,ESCI,0.1,,社会学,4 [1510/2039],否,三级," SOCIAL SCIENCES, INTERDISCIPLINARY 社会科学：跨领域",4 [177/263],,,,,,,,,,
Capitale Culturale-Studies on the Value of Cultural Heritage,2025,2039-2362/2039-2362,否,否,是,ESCI,0.2,,社会学,4 [1511/2039],否,三级," HUMANITIES, MULTIDISCIPLINARY 人文科学",4 [357/406],,,,,,,,,,
REVUE FRANCAISE DE SOCIOLOGIE,2025,0035-2969/1958-5691,否,否,否,SSCI,0.2,,社会学,4 [1512/2039],否,三级, SOCIOLOGY 社会学,4 [181/216],,,,,,,,,,
Journal of Energy & Natural Resources Law,2025,0264-6811/2376-4538,否,否,否,SSCI,2.1,,社会学,4 [1513/2039],否,三级, ENVIRONMENTAL STUDIES 环境研究,4 [157/183], LAW 法学,4 [287/427],,,,,,,,
Recent Period Turkish Studies-Yakin Donem Turkiye Arastirmalari,2025,1304-9720/2547-9679,否,否,是,ESCI,<0.1,,社会学,4 [1514/2039],否,三级, AREA STUDIES 地域研究,4 [142/174], HISTORY 历史学,4 [456/523],,,,,,,,
Vulnerable Children and Youth Studies,2025,1745-0128/1745-0136,否,否,否,ESCI,0.9,,社会学,4 [1515/2039],否,三级, FAMILY STUDIES 家庭研究,4 [56/65],,,,,,,,,,
Intersectionalities-A Global Journal of Social Work Analysis Research Polity and Practice,2025,1925-1270/1925-1270,否,否,否,ESCI,0.5,,社会学,4 [1516/2039],否,三级, SOCIAL WORK 社会工作,4 [75/91],,,,,,,,,,
Jurnal Cita Hukum-Indonesian Law Journal,2025,2356-1440/2502-230X,否,否,是,ESCI,0.5,,社会学,4 [1517/2039],否,三级, LAW 法学,4 [288/427],,,,,,,,,,
Politicka Misao-Croatian Political Science Review,2025,0032-3241/1846-8721,否,否,是,ESCI,0.3,,社会学,4 [1518/2039],否,三级, POLITICAL SCIENCE 政治学,4 [270/317],,,,,,,,,,
Politica & Societa,2025,2240-7901/2240-7901,否,否,否,ESCI,<0.1,,社会学,4 [1519/2039],否,三级, POLITICAL SCIENCE 政治学,4 [271/317],,,,,,,,,,
Journal de la Societe des Americanistes,2025,0037-9174/1957-7842,否,否,是,ESCI,0.1,,社会学,4 [1520/2039],否,三级, ANTHROPOLOGY 人类学,4 [121/137],,,,,,,,,,
Revista Mexicana de Ciencias Politicas y Sociales,2025,0185-1918/0185-1918,否,否,是,ESCI,0.3,,社会学,4 [1521/2039],否,三级," SOCIAL SCIENCES, INTERDISCIPLINARY 社会科学：跨领域",4 [178/263],,,,,,,,,,
Korea Observer,2025,0023-3919/0023-3919,否,否,否,SSCI,0.3,,社会学,4 [1522/2039],否,三级, AREA STUDIES 地域研究,4 [143/174], INTERNATIONAL RELATIONS 国际关系学,4 [141/165],,,,,,,,
Anuario Mexicano de Derecho Internacional,2025,1870-4654/1870-4654,否,否,否,ESCI,0.1,,社会学,4 [1523/2039],否,三级, LAW 法学,4 [289/427],,,,,,,,,,
Grounded Theory Review,2025,1556-1550/1556-1550,否,否,是,ESCI,,,社会学,4 [1524/2039],否,三级," SOCIAL SCIENCES, INTERDISCIPLINARY 社会科学：跨领域",4 [179/263],,,,,,,,,,
STAPS-Sciences et Techniques des Activites Physiques et Sportives,2025,0247-106X/1782-1568,否,否,否,ESCI,0.1,,社会学,4 [1525/2039],否,三级," SOCIAL SCIENCES, INTERDISCIPLINARY 社会科学：跨领域",4 [180/263],,,,,,,,,,
Journal of Applied Security Research,2025,1936-1610/1936-1629,否,否,否,ESCI,1.1,,社会学,4 [1526/2039],否,三级, CRIMINOLOGY & PENOLOGY 犯罪学与刑罚学,4 [99/111],,,,,,,,,,
CAHIERS D ETUDES AFRICAINES,2025,0008-0055/1777-5353,否,否,否,ESCI,0.2,,社会学,4 [1527/2039],否,三级, ANTHROPOLOGY 人类学,4 [122/137],,,,,,,,,,
Naval War College Review,2025,0028-1484/0028-1484,否,否,否,ESCI,0.3,,社会学,4 [1528/2039],否,三级, INTERNATIONAL RELATIONS 国际关系学,4 [142/165],,,,,,,,,,
International Journal of Emergency Services,2025,2047-0894/2047-0908,否,否,否,ESCI,1.6,,社会学,4 [1529/2039],否,三级," SOCIAL SCIENCES, INTERDISCIPLINARY 社会科学：跨领域",4 [181/263],,,,,,,,,,
Derecho PUCP,2025,0251-3420/2305-2546,否,否,是,ESCI,0.5,,社会学,4 [1530/2039],否,三级, LAW 法学,4 [290/427],,,,,,,,,,
Revista Brasileira de Estudos Politicos,2025,0034-7191/2359-5736,否,否,是,ESCI,0.1,,社会学,4 [1531/2039],否,三级, POLITICAL SCIENCE 政治学,4 [274/317],,,,,,,,,,
Bilig,2025,1301-0549/1301-0549,否,否,否,SSCI,0.4,,社会学,4 [1532/2039],否,三级, AREA STUDIES 地域研究,4 [145/174],,,,,,,,,,
OASIS-Observatorio de Analisis de los Sistemas Internacionales,2025,1657-7558/2346-2132,否,否,是,ESCI,0.4,,社会学,4 [1533/2039],否,三级, INTERNATIONAL RELATIONS 国际关系学,4 [143/165],,,,,,,,,,
UNIVERSITY OF CINCINNATI LAW REVIEW,2025,0009-6881/1942-8391,否,否,否,SSCI,0.2,,社会学,4 [1534/2039],否,三级, LAW 法学,4 [291/427],,,,,,,,,,
Ager-Revista de Estudios sobre Despoblacion y Desarrollo Rural,2025,1578-7168/2340-4655,否,否,否,ESCI,0.9,,社会学,4 [1535/2039],否,三级, SOCIOLOGY 社会学,4 [182/216],,,,,,,,,,
Ratio Juris,2025,1794-6638/2619-4066,否,否,是,ESCI,0.5,,社会学,4 [1536/2039],否,三级, LAW 法学,4 [292/427],,,,,,,,,,
Revista de Derecho Politico,2025,0211-979X/2174-5625,否,否,是,ESCI,0.4,,社会学,4 [1537/2039],否,三级, LAW 法学,4 [293/427],,,,,,,,,,
Activities Adaptation & Aging,2025,0192-4788/1544-4368,否,否,否,ESCISuppressed,2.6,,社会学,4 [1538/2039],否,三级, GERONTOLOGY 老年医学（社科）,4 [42/48],,,,,,,,,,
Milli Folklor,2025,1300-3984/2146-8087,否,否,否,AHCI,0.2,,社会学,4 [1539/2039],否,三级, FOLKLORE 民俗学,4 [13/18],,,,,,,,,,
Tydskrif Vir Die Suid-Afrikaanse Reg,2025,0257-7747/1996-2207,否,否,否,ESCI,0.1,,社会学,4 [1540/2039],否,三级, LAW 法学,4 [294/427],,,,,,,,,,
JOURNAL OF FEMINIST FAMILY THERAPY,2025,0895-2833/1540-4099,否,否,否,ESCI,1,,社会学,4 [1541/2039],否,三级, FAMILY STUDIES 家庭研究,4 [57/65],,,,,,,,,,
Company and Securities Law Journal,2025,0729-2775/0729-2775,否,否,否,ESCI,0.3,,社会学,4 [1542/2039],否,三级, LAW 法学,4 [295/427],,,,,,,,,,
Journal of Time Series Econometrics,2025,2194-6507/1941-1928,否,否,否,ESCI,0.1,,社会学,4 [1543/2039],否,三级," SOCIAL SCIENCES, MATHEMATICAL METHODS 社会科学：数理方法",4 [63/67],,,,,,,,,,
Croatian Yearbook of European Law & Policy,2025,1845-5662/1845-5662,否,否,是,ESCI,0.5,,社会学,4 [1544/2039],否,三级, LAW 法学,4 [296/427],,,,,,,,,,
African Geographical Review,2025,1937-6812/2163-2642,否,否,否,ESCI,1.1,,社会学,4 [1545/2039],否,三级, GEOGRAPHY 地理学,4 [114/171],,,,,,,,,,
Historicka Sociologie,2025,1804-0616/2336-3525,否,否,是,ESCI,0.1,,社会学,4 [1546/2039],否,三级, SOCIOLOGY 社会学,4 [183/216],,,,,,,,,,
Deviance et Societe,2025,0378-7931/0378-5807,否,否,否,SSCI,0.2,,社会学,4 [1547/2039],否,三级, CRIMINOLOGY & PENOLOGY 犯罪学与刑罚学,4 [100/111], SOCIOLOGY 社会学,4 [184/216],,,,,,,,
Gaming Law Review-Economics Regulation Compliance and Policy,2025,2572-5300/2572-5327,否,否,否,ESCI,0.4,,社会学,4 [1548/2039],否,三级, LAW 法学,4 [297/427],,,,,,,,,,
Revista Notas Historicas y Geograficas,2025,0717-036X/0719-4404,否,否,是,ESCI,0.1,,社会学,4 [1549/2039],否,三级," HUMANITIES, MULTIDISCIPLINARY 人文科学",4 [362/406],,,,,,,,,,
Revista CS en Ciencias Sociales,2025,2011-0324/2011-0324,否,否,是,ESCI,0.3,,社会学,4 [1550/2039],否,三级, SOCIAL ISSUES 社会问题,4 [54/66],,,,,,,,,,
Disparidades-Revista de Antropologia,2025,2659-6881/2659-6881,否,否,是,AHCI,0.3,,社会学,4 [1551/2039],否,三级, FOLKLORE 民俗学,4 [14/18],,,,,,,,,,
Derechos y Libertades,2025,1133-0937/1133-0937,否,否,是,ESCI,0.5,,社会学,4 [1552/2039],否,三级, LAW 法学,4 [298/427],,,,,,,,,,
Travail Genre et Societes,2025,1294-6303/1294-6303,否,否,否,SSCI,0.5,,社会学,4 [1553/2039],否,三级," SOCIAL SCIENCES, INTERDISCIPLINARY 社会科学：跨领域",4 [182/263], WOMENS STUDIES 女性研究,4 [58/66],,,,,,,,
Quality in Ageing and Older Adults,2025,1471-7794/2044-1835,否,否,否,ESCI,0.6,,社会学,4 [1554/2039],否,三级, GERONTOLOGY 老年医学（社科）,4 [43/48],,,,,,,,,,
Anuario Iberoamericano de Derecho Internacional Penal,2025,2346-3120/2346-3120,否,否,是,ESCI,<0.1,,社会学,4 [1555/2039],否,三级, LAW 法学,4 [299/427],,,,,,,,,,
Uniform Law Review,2025,1124-3694/2050-9065,否,否,否,ESCI,0.2,,社会学,4 [1556/2039],否,三级, LAW 法学,4 [300/427],,,,,,,,,,
GAIA-Ecological Perspectives for Science and Society,2025,0940-5550/2625-5413,否,否,否,SSCI;SCIE,1.9,,社会学,4 [1557/2039],否,三级, ENVIRONMENTAL SCIENCES 环境科学,4 [283/357], ENVIRONMENTAL STUDIES 环境研究,4 [159/183],,,,,,,,
Boletin de la Asociacion de Geografos Espanoles,2025,0212-9426/2605-3322,否,否,是,SSCI,0.7,,社会学,4 [1558/2039],否,三级, GEOGRAPHY 地理学,4 [116/171],,,,,,,,,,
WESTERN FOLKLORE,2025,0043-373X/0043-373X,否,否,否,AHCI,<0.1,,社会学,4 [1559/2039],否,三级, FOLKLORE 民俗学,4 [15/18],,,,,,,,,,
Cuadernos Europeos de Deusto,2025,1130-8354/2445-3587,否,否,是,ESCI,0.4,,社会学,4 [1560/2039],否,三级, INTERNATIONAL RELATIONS 国际关系学,4 [144/165], LAW 法学,4 [301/427],,,,,,,,
Journal of International Studies-JIS,2025,1823-691X/2289-666X,否,否,是,ESCI,1.1,,社会学,4 [1561/2039],否,三级, INTERNATIONAL RELATIONS 国际关系学,4 [145/165],,,,,,,,,,
Nature + Culture,2025,1558-6073/1558-5468,否,否,否,SSCI,0.6,,社会学,4 [1562/2039],否,三级, ENVIRONMENTAL STUDIES 环境研究,4 [160/183],,,,,,,,,,
Istanbul Universitesi Sosyoloji Dergisi-Istanbul University Journal of Sociology,2025,1304-2998/2667-6931,否,否,是,ESCI,0.1,,社会学,4 [1563/2039],否,三级, SOCIOLOGY 社会学,4 [185/216],,,,,,,,,,
AKADEMIKA,2025,0126-5008/0126-8694,否,否,是,ESCI,0.6,,社会学,4 [1564/2039],否,三级," SOCIAL SCIENCES, INTERDISCIPLINARY 社会科学：跨领域",4 [183/263],,,,,,,,,,
Artnodes,2025,1695-5951/1695-5951,否,否,是,ESCI,0.4,,社会学,4 [1565/2039],否,三级," HUMANITIES, MULTIDISCIPLINARY 人文科学",4 [367/406],,,,,,,,,,
TIDSSKRIFT FOR SAMFUNNSFORSKNING,2025,0040-716X/1504-291X,否,否,是,SSCI,0.4,,社会学,4 [1566/2039],否,三级," SOCIAL SCIENCES, INTERDISCIPLINARY 社会科学：跨领域",4 [184/263],,,,,,,,,,
Journal of World Energy Law & Business,2025,1754-9957/1754-9965,否,否,否,SSCI,1.1,,社会学,4 [1567/2039],否,三级, BUSINESS 商业：管理,4 [240/302], LAW 法学,4 [303/427],,,,,,,,
Revista CIDOB d Afers Internationals,2025,1133-6595/2013-035X,否,否,是,ESCI,0.7,,社会学,4 [1568/2039],否,三级, INTERNATIONAL RELATIONS 国际关系学,4 [147/165],,,,,,,,,,
POPULATION,2025,0032-4663/1957-7966,否,否,否,SSCI,1.5,,社会学,4 [1569/2039],否,三级, DEMOGRAPHY 人口学,4 [42/49],,,,,,,,,,
Cuadernos Inter c a mbio sobre Centroamerica y el Caribe,2025,1659-0139/1659-4940,否,否,是,ESCI,0.2,,社会学,4 [1570/2039],否,三级, AREA STUDIES 地域研究,4 [147/174],,,,,,,,,,
Bratislava Law Review,2025,2585-7088/2644-6359,否,否,是,ESCI,0.3,,社会学,4 [1571/2039],否,三级, LAW 法学,4 [304/427],,,,,,,,,,
BRICS Law Journal,2025,2409-9058/2412-2343,否,否,是,ESCI,0.6,,社会学,4 [1572/2039],否,三级, LAW 法学,4 [305/427],,,,,,,,,,
In Situ-Revue de Patrimoines,2025,1630-7305/1630-7305,否,否,是,ESCI,<0.1,,社会学,4 [1573/2039],否,三级," HUMANITIES, MULTIDISCIPLINARY 人文科学",4 [368/406],,,,,,,,,,
Ageing International,2025,0163-5158/1936-606X,否,否,否,ESCI,1.1,,社会学,4 [1574/2039],否,三级, GERONTOLOGY 老年医学（社科）,4 [44/48],,,,,,,,,,
Journal of Economic Sociology-Ekonomicheskaya Sotsiologiya,2025,1726-3247/1726-3247,否,否,否,ESCI,0.3,,社会学,4 [1575/2039],否,三级, SOCIOLOGY 社会学,4 [186/216],,,,,,,,,,
Critical Studies in Mens Fashion,2025,2050-070X/2050-0718,否,否,否,ESCI,0.2,,社会学,4 [1576/2039],否,三级," HUMANITIES, MULTIDISCIPLINARY 人文科学",4 [369/406],,,,,,,,,,
Aotearoa New Zealand Social Work,2025,2463-4131/2463-4131,否,否,否,ESCI,1,,社会学,4 [1577/2039],否,三级, SOCIAL WORK 社会工作,4 [76/91],,,,,,,,,,
Miscellanea Geographica,2025,0867-6046/2084-6118,否,否,是,ESCI,0.5,,社会学,4 [1578/2039],否,三级, GEOGRAPHY 地理学,4 [117/171],,,,,,,,,,
Revista Virtual Universidad Catolica del Norte,2025,0124-5821/2389-7333,否,否,是,ESCI,0.7,,社会学,4 [1579/2039],否,三级," SOCIAL SCIENCES, INTERDISCIPLINARY 社会科学：跨领域",4 [185/263],,,,,,,,,,
TELOS-Revista de Estudios Interdisciplinarios en Ciencias Sociales,2025,2343-5763/1317-0570,否,否,是,ESCI,0.3,,社会学,4 [1580/2039],否,三级," SOCIAL SCIENCES, INTERDISCIPLINARY 社会科学：跨领域",4 [186/263],,,,,,,,,,
Ius Humani-Revista de Derecho,2025,1390-440X/1390-7794,否,否,是,ESCI,0.4,,社会学,4 [1581/2039],否,三级, LAW 法学,4 [306/427],,,,,,,,,,
International Journal of Child Youth & Family Studies,2025,1920-7298/1920-7298,否,否,是,ESCI,0.4,,社会学,4 [1582/2039],否,三级, FAMILY STUDIES 家庭研究,4 [58/65],,,,,,,,,,
China Quarterly of International Strategic Studies,2025,2377-7400/2377-7419,否,否,是,ESCI,0.2,,社会学,4 [1583/2039],否,三级, POLITICAL SCIENCE 政治学,4 [275/317],,,,,,,,,,
OSTEUROPA,2025,0030-6428/2509-3444,否,否,否,SSCI,0.2,,社会学,4 [1584/2039],否,三级, POLITICAL SCIENCE 政治学,4 [276/317],,,,,,,,,,
Insolvency Law Journal,2025,1039-3293/1039-3293,否,否,否,ESCI,0.7,,社会学,4 [1585/2039],否,三级, LAW 法学,4 [308/427],,,,,,,,,,
Revista Juridica Portucalense,2025,2183-5799/2183-5705,否,否,是,ESCI,0.5,,社会学,4 [1586/2039],否,三级, LAW 法学,4 [309/427],,,,,,,,,,
Investigaciones Feministas,2025,2171-6080/2171-6080,否,否,是,ESCI,0.2,,社会学,4 [1587/2039],否,三级, WOMENS STUDIES 女性研究,4 [59/66],,,,,,,,,,
Kajian Malaysia,2025,2180-4273/2180-4273,否,否,是,ESCI,0.3,,社会学,4 [1588/2039],否,三级, AREA STUDIES 地域研究,4 [148/174],,,,,,,,,,
Gazeta de Antropologia,2025,2340-2792/2340-2792,否,否,是,ESCI,0.1,,社会学,4 [1589/2039],否,三级, ANTHROPOLOGY 人类学,4 [124/137],,,,,,,,,,
Tocqueville Review,2025,0730-479X/1918-6649,否,否,否,ESCI,0.3,,社会学,4 [1590/2039],否,三级, POLITICAL SCIENCE 政治学,4 [277/317],,,,,,,,,,
Dixi,2025,0124-7255/2357-5891,否,否,是,ESCI,0.4,,社会学,4 [1591/2039],否,三级, LAW 法学,4 [310/427],,,,,,,,,,
Totalitarismus und Demokratie,2025,1612-9008/2196-8276,否,否,是,ESCI,0.1,,社会学,4 [1592/2039],否,三级, POLITICAL SCIENCE 政治学,4 [278/317],,,,,,,,,,
Psychoanalytic Social Work,2025,1522-8878/1522-9033,否,否,否,ESCI,0.3,,社会学,4 [1593/2039],否,三级, SOCIAL WORK 社会工作,4 [77/91],,,,,,,,,,
Tangence,2025,1189-4563/1710-0305,否,否,否,ESCI,<0.1,,社会学,4 [1594/2039],否,三级," HUMANITIES, MULTIDISCIPLINARY 人文科学",4 [370/406],,,,,,,,,,
Materiali per una Storia della Cultura Giuridica,2025,1120-9607/1120-9607,否,否,否,ESCI,0.1,,社会学,4 [1595/2039],否,三级, LAW 法学,4 [311/427],,,,,,,,,,
MGIMO Review of International Relations,2025,2071-8160/2541-9099,否,否,是,ESCI,0.3,,社会学,4 [1596/2039],否,三级, INTERNATIONAL RELATIONS 国际关系学,4 [148/165],,,,,,,,,,
Partner Abuse,2025,1946-6560/1946-6579,否,否,否,ESCI,1.1,,社会学,4 [1597/2039],否,三级, FAMILY STUDIES 家庭研究,4 [59/65],,,,,,,,,,
JOURNAL OF THE COPYRIGHT SOCIETY OF THE USA,2025,0886-3520/0886-3520,否,否,否,SSCI,,,社会学,4 [1598/2039],否,三级, LAW 法学,4 [312/427],,,,,,,,,,
Magallania,2025,0718-2244/0718-2244,否,否,是,SSCI,0.8,,社会学,4 [1599/2039],否,三级, ANTHROPOLOGY 人类学,4 [125/137],,,,,,,,,,
Estudios Geograficos,2025,0014-1496/1988-8546,否,否,是,ESCI,0.3,,社会学,4 [1600/2039],否,三级, GEOGRAPHY 地理学,4 [118/171],,,,,,,,,,
Vojenske Rozhledy-Czech Military Review,2025,1210-3292/2336-2995,否,否,是,ESCI,0.3,,社会学,4 [1601/2039],否,三级, INTERNATIONAL RELATIONS 国际关系学,4 [149/165],,,,,,,,,,
GHANA SOCIAL SCIENCE JOURNAL,2025,0855-4730/0855-4730,否,否,否,ESCI,0.4,,社会学,4 [1602/2039],否,三级," SOCIAL SCIENCES, INTERDISCIPLINARY 社会科学：跨领域",4 [187/263],,,,,,,,,,
Conflict Studies Quarterly,2025,2285-7605/2285-7605,否,否,是,ESCI,0.2,,社会学,4 [1603/2039],否,三级, POLITICAL SCIENCE 政治学,4 [279/317],,,,,,,,,,
Politica y Sociedad,2025,1130-8001/1988-3129,否,否,是,ESCI,0.7,,社会学,4 [1604/2039],否,三级, POLITICAL SCIENCE 政治学,4 [280/317],,,,,,,,,,
Australian Intellectual Property Journal,2025,1038-1635/1038-1635,否,否,否,ESCI,0.1,,社会学,4 [1605/2039],否,三级, LAW 法学,4 [313/427],,,,,,,,,,
Temas de Nuestra America-Revista de Estudios Latinoamericanos,2025,0259-2339/0259-2339,否,否,否,ESCI,0.1,,社会学,4 [1606/2039],否,三级, AREA STUDIES 地域研究,4 [149/174],,,,,,,,,,
Revista de Estudos Constitucionais Hermeneutica e Teoria do Direito-RECHTD,2025,2175-2168/2175-2168,否,否,是,ESCI,0.1,,社会学,4 [1607/2039],否,三级, LAW 法学,4 [314/427],,,,,,,,,,
Anduli,2025,1696-0270/2340-4973,否,否,是,ESCI,0.7,,社会学,4 [1608/2039],否,三级, SOCIOLOGY 社会学,4 [187/216],,,,,,,,,,
Foro Internacional,2025,0185-013X/2448-6523,否,否,是,ESCI,0.3,,社会学,4 [1609/2039],否,三级, INTERNATIONAL RELATIONS 国际关系学,4 [150/165],,,,,,,,,,
SOCIOLOGICKY CASOPIS-CZECH SOCIOLOGICAL REVIEW,2025,0038-0288/2336-128X,否,否,否,SSCI,0.7,,社会学,4 [1610/2039],否,三级, SOCIOLOGY 社会学,4 [188/216],,,,,,,,,,
ALBERTA LAW REVIEW,2025,0002-4821/1925-8356,否,否,否,ESCI,0.4,,社会学,4 [1611/2039],否,三级, LAW 法学,4 [315/427],,,,,,,,,,
Agathos-An International Review of the Humanities and Social Sciences,2025,2069-1025/2248-3446,否,否,是,ESCI,0.1,,社会学,4 [1612/2039],否,三级," HUMANITIES, MULTIDISCIPLINARY 人文科学",4 [373/406],,,,,,,,,,
INDEX ON CENSORSHIP,2025,0306-4220/1746-6067,否,否,否,AHCI,0.1,,社会学,4 [1613/2039],否,三级," HUMANITIES, MULTIDISCIPLINARY 人文科学",4 [374/406],,,,,,,,,,
Australasian Dispute Resolution Journal,2025,1441-7847/1441-7847,否,否,否,ESCI,0.1,,社会学,4 [1614/2039],否,三级, LAW 法学,4 [316/427],,,,,,,,,,
Kultur-Revista Interdisciplinaria sobre la Cultura de la Ciutat,2025,2386-5458/2386-5458,否,否,是,ESCI,0.1,,社会学,4 [1615/2039],否,三级," HUMANITIES, MULTIDISCIPLINARY 人文科学",4 [375/406],,,,,,,,,,
African Journal on Conflict Resolution,2025,1562-6997/2309-737X,否,否,否,ESCI,0.2,,社会学,4 [1616/2039],否,三级, POLITICAL SCIENCE 政治学,4 [281/317],,,,,,,,,,
Cuadernos Electronicos de Filosofia del Derecho,2025,1138-9877/1138-9877,否,否,是,ESCI,0.2,,社会学,4 [1617/2039],否,三级, LAW 法学,4 [317/427],,,,,,,,,,
Politicke Vedy,2025,1335-2741/1338-5623,否,否,否,ESCI,0.1,,社会学,4 [1618/2039],否,三级, POLITICAL SCIENCE 政治学,4 [282/317],,,,,,,,,,
Aposta-Revista de Ciencias Sociales,2025,1696-7348/1696-7348,否,否,是,ESCI,0.3,,社会学,4 [1619/2039],否,三级," SOCIAL SCIENCES, INTERDISCIPLINARY 社会科学：跨领域",4 [188/263],,,,,,,,,,
Izquierdas,2025,0718-5049/0718-5049,否,否,是,ESCI,0.2,,社会学,4 [1620/2039],否,三级, POLITICAL SCIENCE 政治学,4 [283/317],,,,,,,,,,
Polish Sociological Review,2025,1231-1413/1231-1413,否,否,是,SSCI,0.5,,社会学,4 [1621/2039],否,三级, SOCIOLOGY 社会学,4 [190/216],,,,,,,,,,
China and WTO Review,2025,2383-8221/2384-4388,否,否,否,ESCI,0.6,,社会学,4 [1622/2039],否,三级, LAW 法学,4 [318/427],,,,,,,,,,
Apuntes-Revista de Ciencias Sociales,2025,0252-1865/2223-1757,否,否,是,ESCI,0.4,,社会学,4 [1623/2039],否,三级," SOCIAL SCIENCES, INTERDISCIPLINARY 社会科学：跨领域",4 [189/263],,,,,,,,,,
Revista Chilena de Derecho,2025,0718-3437/0718-3437,否,否,否,SSCI,0.2,,社会学,4 [1624/2039],否,三级, LAW 法学,4 [319/427],,,,,,,,,,
Journal of Penal Law and Criminology-Ceza Hukuku ve Kriminoloji Dergisi,2025,2148-6646/2602-3911,否,否,是,ESCI,0.1,,社会学,4 [1625/2039],否,三级, CRIMINOLOGY & PENOLOGY 犯罪学与刑罚学,4 [101/111],,,,,,,,,,
Journal of Family Trauma Child Custody & Child Development,2025,2690-4586/2690-4594,否,否,否,ESCI,1.1,,社会学,4 [1626/2039],否,三级, FAMILY STUDIES 家庭研究,4 [60/65],,,,,,,,,,
Diritti Umani e Diritto Internazionale,2025,1971-7105/1972-5485,否,否,否,ESCI,0.1,,社会学,4 [1627/2039],否,三级, INTERNATIONAL RELATIONS 国际关系学,4 [151/165], LAW 法学,4 [320/427],,,,,,,,
Ethnologies,2025,1481-5974/1708-0401,否,否,否,ESCI,0.1,,社会学,4 [1628/2039],否,三级, ANTHROPOLOGY 人类学,4 [126/137],,,,,,,,,,
GeoScape,2025,1802-1115/1802-1115,否,否,是,ESCI,0.6,,社会学,4 [1629/2039],否,三级, GEOGRAPHY 地理学,4 [119/171],,,,,,,,,,
Direito e Praxis,2025,2179-8966/2179-8966,否,否,是,ESCI,0.5,,社会学,4 [1630/2039],否,三级, LAW 法学,4 [321/427],,,,,,,,,,
VOICES-THE JOURNAL OF NEW YORK FOLKLORE,2025,0361-204X,否,否,否,AHCI,0.1,,社会学,4 [1631/2039],否,三级, FOLKLORE 民俗学,4 [16/18],,,,,,,,,,
Ciencia Politica,2025,1909-230X/2389-7481,否,否,是,ESCI,<0.1,,社会学,4 [1632/2039],否,三级, POLITICAL SCIENCE 政治学,4 [284/317],,,,,,,,,,
Journal of Settlements and Spatial Planning,2025,2069-3419/2248-2199,否,否,否,ESCI,0.3,,社会学,4 [1633/2039],否,三级, GEOGRAPHY 地理学,4 [120/171],,,,,,,,,,
Fashion Practice-The Journal of Design Creative Process & the Fashion Industry,2025,1756-9370/1756-9389,否,否,否,AHCI,2.2,,社会学,4 [1634/2039],否,三级," HUMANITIES, MULTIDISCIPLINARY 人文科学",4 [378/406],,,,,,,,,,
Public and Private International Law Bulletin,2025,2651-5377/2667-4114,否,否,是,ESCI,0.1,,社会学,4 [1635/2039],否,三级, LAW 法学,4 [322/427],,,,,,,,,,
Revista Electronica de Estudios Internacionales,2025,1697-5197/1697-5197,否,否,是,ESCI,,,社会学,4 [1636/2039],否,三级, LAW 法学,4 [323/427],,,,,,,,,,
Appeal,2025,1205-612X/1925-4938,否,否,否,ESCI,0.4,,社会学,4 [1637/2039],否,三级, LAW 法学,4 [324/427],,,,,,,,,,
Vestnik Tomskogo Gosudarstvennogo Universiteta-Pravo-Tomsk State University Journal of Law,2025,2225-3513/2311-3693,否,否,否,ESCI,0.1,,社会学,4 [1638/2039],否,三级, LAW 法学,4 [325/427],,,,,,,,,,
Prolegomenos-Derechos y Valores,2025,0121-182X/1909-7727,否,否,是,ESCI,<0.1,,社会学,4 [1639/2039],否,三级, LAW 法学,4 [326/427],,,,,,,,,,
EUROPEAN JOURNAL OF HEALTH LAW,2025,0929-0273/1571-8093,否,否,否,ESCI,0.7,,社会学,4 [1640/2039],否,三级, LAW 法学,4 [327/427],,,,,,,,,,
Geograficidade,2025,2238-0205/2238-0205,否,否,否,ESCI,<0.1,,社会学,4 [1641/2039],否,三级, GEOGRAPHY 地理学,4 [121/171],,,,,,,,,,
Debates en Sociologia,2025,0254-9220/2304-4284,否,否,是,ESCI,0.2,,社会学,4 [1642/2039],否,三级, SOCIOLOGY 社会学,4 [191/216],,,,,,,,,,
Revista de Derecho Civil,2025,2341-2216/2341-2216,否,否,是,ESCI,0.3,,社会学,4 [1643/2039],否,三级, LAW 法学,4 [328/427],,,,,,,,,,
Journal of Urban Ethnology,2025,1429-0618/1429-0618,否,否,否,ESCI,0.1,,社会学,4 [1644/2039],否,三级, ANTHROPOLOGY 人类学,4 [127/137],,,,,,,,,,
Laboratoire Italien-Politique et Societe,2025,1627-9204/2117-4970,否,否,是,ESCI,0.1,,社会学,4 [1645/2039],否,三级, POLITICAL SCIENCE 政治学,4 [285/317],,,,,,,,,,
Avant,2025,2082-7598/2082-6710,否,否,是,ESCI,0.1,,社会学,4 [1646/2039],否,三级," HUMANITIES, MULTIDISCIPLINARY 人文科学",4 [379/406],,,,,,,,,,
African Journal of Legal Studies,2025,2210-9730/1708-7384,否,否,否,ESCI,0.2,,社会学,4 [1647/2039],否,三级, LAW 法学,4 [329/427],,,,,,,,,,
Khazar Journal of Humanities and Social Sciences,2025,2223-2613/2223-2621,否,否,否,ESCI,0.1,,社会学,4 [1648/2039],否,三级," SOCIAL SCIENCES, INTERDISCIPLINARY 社会科学：跨领域",4 [190/263],,,,,,,,,,
Empiria,2025,1139-5737/2174-0682,否,否,是,ESCI,0.4,,社会学,4 [1649/2039],否,三级," SOCIAL SCIENCES, INTERDISCIPLINARY 社会科学：跨领域",4 [191/263],,,,,,,,,,
Human Ecology Review,2025,1074-4827/2204-0919,否,否,是,SSCI,0.4,,社会学,4 [1650/2039],否,三级, ENVIRONMENTAL STUDIES 环境研究,4 [163/183], SOCIOLOGY 社会学,4 [192/216],,,,,,,,
Science & Global Security,2025,0892-9882/1547-7800,否,否,否,ESCI,1,,社会学,4 [1651/2039],否,三级, INTERNATIONAL RELATIONS 国际关系学,4 [152/165],,,,,,,,,,
Revista de Estudios en Seguridad Internacional-RESI,2025,2444-6157/2444-6157,否,否,是,ESCI,0.1,,社会学,4 [1652/2039],否,三级, INTERNATIONAL RELATIONS 国际关系学,4 [153/165],,,,,,,,,,
Athenea Digital,2025,1578-8946/1578-8946,否,否,是,ESCI,0.5,,社会学,4 [1653/2039],否,三级," SOCIAL SCIENCES, INTERDISCIPLINARY 社会科学：跨领域",4 [192/263],,,,,,,,,,
Hong Kong Law Journal,2025,0378-0600,否,否,否,SSCI,0.2,,社会学,4 [1654/2039],否,三级, LAW 法学,4 [330/427],,,,,,,,,,
New Proposals-Journal of Marxism and Interdisciplinary Inquiry,2025,1715-6718/1715-6718,否,否,是,ESCI,<0.1,,社会学,4 [1655/2039],否,三级, POLITICAL SCIENCE 政治学,4 [286/317],,,,,,,,,,
MERKUR-DEUTSCHE ZEITSCHRIFT FUR EUROPAISCHES DENKEN,2025,0026-0096,否,否,否,AHCI,0.2,,社会学,4 [1656/2039],否,三级," HUMANITIES, MULTIDISCIPLINARY 人文科学",4 [381/406],,,,,,,,,,
INTERNASJONAL POLITIKK,2025,0020-577X/1891-1757,否,否,是,SSCI,0.4,,社会学,4 [1657/2039],否,三级, INTERNATIONAL RELATIONS 国际关系学,4 [154/165], POLITICAL SCIENCE 政治学,4 [287/317],,,,,,,,
TEORIJA IN PRAKSA,2025,0040-3598/0040-3598,否,否,否,ESCI,0.3,,社会学,4 [1658/2039],否,三级," SOCIAL SCIENCES, INTERDISCIPLINARY 社会科学：跨领域",4 [193/263],,,,,,,,,,
Reflexion Politica,2025,0124-0781/0124-0781,否,否,是,ESCI,0.1,,社会学,4 [1659/2039],否,三级, POLITICAL SCIENCE 政治学,4 [288/317],,,,,,,,,,
EurAmerica,2025,1021-3058/1991-7864,否,否,否,ESCI,0.2,,社会学,4 [1660/2039],否,三级," SOCIAL SCIENCES, INTERDISCIPLINARY 社会科学：跨领域",4 [194/263],,,,,,,,,,
Gestion y Politica Publica,2025,1405-1079,否,否,否,SSCI,0.6,,社会学,4 [1661/2039],否,三级, PUBLIC ADMINISTRATION 公共管理,4 [77/91],,,,,,,,,,
Revista General de Derecho Canonico y Derecho Eclesiastico del Estado,2025,1696-9669/1696-9669,否,否,否,ESCI,0.2,,社会学,4 [1662/2039],否,三级, LAW 法学,4 [331/427],,,,,,,,,,
Transformation-Critical Perspectives on Southern Africa,2025,0258-7696/1726-1368,否,否,否,ESCI,0.3,,社会学,4 [1663/2039],否,三级, AREA STUDIES 地域研究,4 [150/174],,,,,,,,,,
Environmental & Socio-Economic Studies,2025,2354-0079/2354-0079,否,否,是,ESCI,1.2,,社会学,4 [1664/2039],否,三级, ENVIRONMENTAL STUDIES 环境研究,4 [164/183],,,,,,,,,,
Canadian Journal of Women and the Law,2025,0832-8781/1911-0235,否,否,否,ESCI,0.2,,社会学,4 [1665/2039],否,三级, LAW 法学,4 [332/427],,,,,,,,,,
Etudes Inuit Studies,2025,0701-1008/0701-1008,否,否,否,ESCI,<0.1,,社会学,4 [1666/2039],否,三级, ANTHROPOLOGY 人类学,4 [128/137],,,,,,,,,,
Strategic Review for Southern Africa,2025,1013-1108/1013-1108,否,否,否,ESCI,0.9,,社会学,4 [1667/2039],否,三级, POLITICAL SCIENCE 政治学,4 [289/317],,,,,,,,,,
Revue General de Droit,2025,0035-3086/0035-3086,否,否,否,ESCI,0.1,,社会学,4 [1668/2039],否,三级, LAW 法学,4 [333/427],,,,,,,,,,
Culturales,2025,1870-1191/2448-539X,否,否,是,ESCI,0.1,,社会学,4 [1669/2039],否,三级, SOCIOLOGY 社会学,4 [193/216],,,,,,,,,,
NATURAL RESOURCES JOURNAL,2025,0028-0739/0028-0739,否,否,否,SSCI,0.9,,社会学,4 [1670/2039],否,三级, ENVIRONMENTAL STUDIES 环境研究,4 [165/183], LAW 法学,4 [334/427],,,,,,,,
Ethnologia Scandinavica,2025,0348-9698/0348-9698,否,否,否,AHCI,0.3,,社会学,4 [1671/2039],否,三级," HUMANITIES, MULTIDISCIPLINARY 人文科学",4 [382/406],,,,,,,,,,
Manchester Journal of International Economic Law,2025,1742-3945/1742-3945,否,否,否,ESCI,0.2,,社会学,4 [1672/2039],否,三级, ECONOMICS 经济学,4 [493/599], LAW 法学,4 [335/427],,,,,,,,
Gazi Akademik Bakis-Gazi Academic View,2025,1307-9778/1309-5137,否,否,是,ESCI,0.1,,社会学,4 [1673/2039],否,三级," HUMANITIES, MULTIDISCIPLINARY 人文科学",4 [383/406],,,,,,,,,,
Przeglad Sejmowy,2025,1230-5502/1230-5502,否,否,否,ESCI,<0.1,,社会学,4 [1674/2039],否,三级, LAW 法学,4 [336/427],,,,,,,,,,
International Journal of Disaster Resilience in the Built Environment,2025,1759-5908/1759-5916,否,否,否,ESCI,1.1,,社会学,4 [1675/2039],否,三级, ENVIRONMENTAL STUDIES 环境研究,4 [166/183],,,,,,,,,,
International Community Law Review,2025,1871-9740/1871-9732,否,否,否,ESCI,0.4,,社会学,4 [1676/2039],否,三级, LAW 法学,4 [338/427],,,,,,,,,,
European Spatial Research and Policy,2025,1231-1952/1896-1525,否,否,是,ESCI,0.7,,社会学,4 [1677/2039],否,三级, GEOGRAPHY 地理学,4 [122/171],,,,,,,,,,
HUMAN ORGANIZATION,2025,0018-7259/1938-3525,否,否,否,SSCI,0.6,,社会学,4 [1678/2039],否,三级, ANTHROPOLOGY 人类学,4 [130/137]," SOCIAL SCIENCES, INTERDISCIPLINARY 社会科学：跨领域",4 [196/263],,,,,,,,
AUSTRALIAN BUSINESS LAW REVIEW,2025,0310-1053/0310-1053,否,否,否,ESCI,0.3,,社会学,4 [1679/2039],否,三级, LAW 法学,4 [339/427],,,,,,,,,,
Cambio-Rivista sulle Trasformazioni Sociali,2025,2239-1118/2239-1118,否,否,是,ESCI,0.4,,社会学,4 [1680/2039],否,三级, SOCIOLOGY 社会学,4 [194/216],,,,,,,,,,
Vestnik of Saint Petersburg University-Law-Vestnik Sankt-Peterburgskogo Universiteta-Pravo,2025,2074-1243/2587-5833,否,否,否,ESCI,0.1,,社会学,4 [1681/2039],否,三级, LAW 法学,4 [340/427],,,,,,,,,,
Revista Colombiana de Sociologia,2025,0120-159X/2256-5485,否,否,是,ESCI,0.2,,社会学,4 [1682/2039],否,三级, SOCIOLOGY 社会学,4 [195/216],,,,,,,,,,
MUSEOLOGIA SCIENTIFICA,2025,1123-265X/1123-265X,否,否,否,ESCI,0.2,,社会学,4 [1683/2039],否,三级," HUMANITIES, MULTIDISCIPLINARY 人文科学",4 [384/406],,,,,,,,,,
Journal of Intellectual Disabilities and Offending Behaviour,2025,2050-8824/2050-8832,否,否,否,ESCI,0.4,,社会学,4 [1684/2039],否,三级, CRIMINOLOGY & PENOLOGY 犯罪学与刑罚学,4 [102/111],,,,,,,,,,
Spectrum,2025,2162-3244/2162-3252,否,否,否,ESCI,1.1,,社会学,4 [1685/2039],否,三级, ETHNIC STUDIES 民族研究,4 [38/39],,,,,,,,,,
Revue Europeenne des Sciences Sociales,2025,0048-8046/1663-4446,否,否,否,ESCI,0.2,,社会学,4 [1686/2039],否,三级," SOCIAL SCIENCES, INTERDISCIPLINARY 社会科学：跨领域",4 [197/263],,,,,,,,,,
DISSENT,2025,0012-3846/1946-0910,否,否,否,SSCI,0.9,,社会学,4 [1687/2039],否,三级, POLITICAL SCIENCE 政治学,4 [290/317], SOCIAL ISSUES 社会问题,4 [56/66],,,,,,,,
Air & Space Law,2025,0927-3379/1875-8339,否,否,否,ESCI,0.6,,社会学,4 [1688/2039],否,三级, LAW 法学,4 [341/427],,,,,,,,,,
Journal of Law and Medicine,2025,1320-159X/1320-159X,否,否,否,ESCI,0.5,,社会学,4 [1689/2039],否,三级, LAW 法学,4 [342/427],,,,,,,,,,
Global Environment,2025,1973-3739/2053-7352,否,否,否,ESCI,0.4,,社会学,4 [1690/2039],否,三级, ENVIRONMENTAL STUDIES 环境研究,4 [167/183],,,,,,,,,,
Australian Journal of Competition and Consumer Law,2025,1838-9260/1838-9260,否,否,否,ESCI,0.1,,社会学,4 [1691/2039],否,三级, LAW 法学,4 [343/427],,,,,,,,,,
Moussons-Recherche en Sciences Humaines sur l Asie du Sud-Est,2025,1620-3224/2262-8363,否,否,是,ESCI,<0.1,,社会学,4 [1692/2039],否,三级, ASIAN STUDIES 亚洲研究,4 [100/102],,,,,,,,,,
Journal of Criminological Research Policy and Practice,2025,2056-3841/2056-385X,否,否,否,ESCI,0.7,,社会学,4 [1693/2039],否,三级, CRIMINOLOGY & PENOLOGY 犯罪学与刑罚学,4 [103/111],,,,,,,,,,
Interaccion y Perspectiva,2025,2244-808X/2244-808X,否,否,否,ESCI,0.5,,社会学,4 [1694/2039],否,三级, SOCIAL WORK 社会工作,4 [78/91],,,,,,,,,,
Revista Direito GV,2025,1808-2432/2317-6172,否,否,是,ESCI,0.4,,社会学,4 [1695/2039],否,三级, LAW 法学,4 [344/427],,,,,,,,,,
SocietaMutamentoPolitica-Rivista Italiana di Sociologia,2025,2038-3150/2038-3150,否,否,是,ESCI,0.1,,社会学,4 [1696/2039],否,三级, SOCIOLOGY 社会学,4 [196/216],,,,,,,,,,
Revista Andina de Estudios Politicos,2025,2221-4135/2221-4135,否,否,否,ESCI,<0.1,,社会学,4 [1697/2039],否,三级, POLITICAL SCIENCE 政治学,4 [291/317],,,,,,,,,,
Vestnik Mezhdunarodnykh Organizatsii-International Organisations Research Journal,2025,1996-7845/1996-7845,否,否,是,ESCI,0.3,,社会学,4 [1698/2039],否,三级, INTERNATIONAL RELATIONS 国际关系学,4 [155/165],,,,,,,,,,
Cuadernos de Antropologia,2025,1409-3138/2215-356X,否,否,是,ESCI,0.4,,社会学,4 [1699/2039],否,三级, ANTHROPOLOGY 人类学,4 [131/137],,,,,,,,,,
Amazonia Investiga,2025,2322-6307/2322-6307,否,否,否,ESCIOnHold,,,社会学,4 [1700/2039],否,三级," SOCIAL SCIENCES, INTERDISCIPLINARY 社会科学：跨领域",4 [198/263],,,,,,,,,,
Osterreichische Zeitschrift fuer Soziologie,2025,1011-0070/1862-2585,否,否,否,ESCI,0.1,,社会学,4 [1701/2039],否,三级, SOCIOLOGY 社会学,4 [197/216],,,,,,,,,,
Revista Estudios Hemisfericos y Polares,2025,0718-9230/0718-9230,否,否,是,ESCI,<0.1,,社会学,4 [1702/2039],否,三级, AREA STUDIES 地域研究,4 [151/174],,,,,,,,,,
ECOLOGY LAW QUARTERLY,2025,0046-1121/0046-1121,否,否,否,SSCI,0.3,,社会学,4 [1703/2039],否,三级, ENVIRONMENTAL STUDIES 环境研究,4 [168/183], LAW 法学,4 [345/427],,,,,,,,
European Journal of Cultural Management and Policy,2025,2663-5771/2663-5771,否,否,是,ESCI,0.3,,社会学,4 [1704/2039],否,三级," HUMANITIES, MULTIDISCIPLINARY 人文科学",4 [386/406],,,,,,,,,,
Revista General de Derecho Publico Comparado,2025,1988-5091/1988-5091,否,否,否,ESCI,0.1,,社会学,4 [1705/2039],否,三级, LAW 法学,4 [346/427],,,,,,,,,,
Analele Universitatii Bucuresti-Stiinte Politice,2025,1582-2486/2821-8078,否,否,是,ESCI,,,社会学,4 [1706/2039],否,三级, POLITICAL SCIENCE 政治学,4 [292/317],,,,,,,,,,
Revista Catalana de Dret Public,2025,1885-5709/1885-8252,否,否,是,ESCI,0.3,,社会学,4 [1707/2039],否,三级, LAW 法学,4 [347/427],,,,,,,,,,
Asian Journal of Law and Economics,2025,2194-6086/2154-4611,否,否,否,ESCI,0.3,,社会学,4 [1708/2039],否,三级, LAW 法学,4 [348/427],,,,,,,,,,
Revija za Kriminalistiko in Kriminologijo,2025,0034-690X,否,否,否,SSCI,0.4,,社会学,4 [1709/2039],否,三级, CRIMINOLOGY & PENOLOGY 犯罪学与刑罚学,4 [104/111],,,,,,,,,,
RTH-Research Trends in Humanities Education & Philosophy,2025,2284-0184/2284-0184,否,否,是,ESCI,<0.1,,社会学,4 [1710/2039],否,三级," HUMANITIES, MULTIDISCIPLINARY 人文科学",4 [387/406],,,,,,,,,,
Cuadernos Geograficos,2025,0210-5462/2340-0129,否,否,是,ESCI,0.8,,社会学,4 [1711/2039],否,三级, GEOGRAPHY 地理学,4 [123/171],,,,,,,,,,
ASIANetwork Exchange-A Journal for Asian Studies in the Liberal Arts,2025,1943-9938/1943-9946,否,否,是,ESCI,0.1,,社会学,4 [1712/2039],否,三级, ASIAN STUDIES 亚洲研究,4 [101/102],,,,,,,,,,
CUHSO-Cultura-Hombre-Sociedad,2025,0716-1557/0719-2789,否,否,是,ESCI,0.3,,社会学,4 [1713/2039],否,三级, SOCIAL ISSUES 社会问题,4 [57/66],,,,,,,,,,
Derecho Penal y Criminologia,2025,0121-0483/2346-2108,否,否,是,ESCI,0.1,,社会学,4 [1714/2039],否,三级, LAW 法学,4 [349/427],,,,,,,,,,
Insan & Toplum-The Journal of Humanity & Society,2025,2146-7099/2602-2745,否,否,是,ESCI,0.2,,社会学,4 [1715/2039],否,三级," SOCIAL SCIENCES, INTERDISCIPLINARY 社会科学：跨领域",4 [199/263],,,,,,,,,,
Geoadria,2025,1331-2294/1848-9710,否,否,是,ESCI,0.2,,社会学,4 [1716/2039],否,三级, GEOGRAPHY 地理学,4 [124/171],,,,,,,,,,
Simbiotica,2025,2316-1620/2316-1620,否,否,是,ESCI,<0.1,,社会学,4 [1717/2039],否,三级," SOCIAL SCIENCES, INTERDISCIPLINARY 社会科学：跨领域",4 [200/263],,,,,,,,,,
European Company Law,2025,1572-4999/1875-6530,否,否,否,ESCI,,,社会学,4 [1718/2039],否,三级, LAW 法学,4 [350/427],,,,,,,,,,
Justicia,2025,0124-7441/2590-4566,否,否,是,ESCI,0.3,,社会学,4 [1719/2039],否,三级, LAW 法学,4 [351/427],,,,,,,,,,
ARBOR-CIENCIA PENSAMIENTO Y CULTURA,2025,0210-1963/1988-303X,否,否,是,AHCI,0.5,,社会学,4 [1720/2039],否,三级," HUMANITIES, MULTIDISCIPLINARY 人文科学",4 [388/406],,,,,,,,,,
SOCIETES,2025,0765-3697/1782-155X,否,否,否,AHCI,0.1,,社会学,4 [1721/2039],否,三级," HUMANITIES, MULTIDISCIPLINARY 人文科学",4 [389/406],,,,,,,,,,
Social Work-Maatskaplike Werk,2025,0037-8054/2312-7198,否,否,是,ESCI,0.4,,社会学,4 [1722/2039],否,三级, SOCIAL WORK 社会工作,4 [79/91],,,,,,,,,,
Masyarakat Kebudayaan dan Politik,2025,2086-7050/2528-6013,否,否,是,ESCI,0.3,,社会学,4 [1723/2039],否,三级," SOCIAL SCIENCES, INTERDISCIPLINARY 社会科学：跨领域",4 [201/263],,,,,,,,,,
Turkish Policy Quarterly,2025,1303-5754/1303-5754,否,否,否,ESCI,0.2,,社会学,4 [1724/2039],否,三级, POLITICAL SCIENCE 政治学,4 [293/317],,,,,,,,,,
E-Latina-Revista Electronica de Estudios Latinoamericanos,2025,1666-9606/1666-9606,否,否,是,ESCI,<0.1,,社会学,4 [1725/2039],否,三级, AREA STUDIES 地域研究,4 [152/174],,,,,,,,,,
Narrative Works-Issues Investigations & Interventions,2025,1925-0622/1925-0622,否,否,是,ESCI,0.3,,社会学,4 [1726/2039],否,三级," HUMANITIES, MULTIDISCIPLINARY 人文科学",4 [390/406],,,,,,,,,,
Revista UNISCI,2025,2386-9453/2386-9453,否,否,是,ESCI,0.1,,社会学,4 [1727/2039],否,三级, INTERNATIONAL RELATIONS 国际关系学,4 [156/165],,,,,,,,,,
Pravo-Zhurnal Vysshei Shkoly Ekonomiki,2025,2072-8166/2072-8166,否,否,是,ESCI,0.2,,社会学,4 [1728/2039],否,三级, LAW 法学,4 [352/427],,,,,,,,,,
Contemporanea-Revista de Sociologia da UFSCar,2025,2236-532X/2316-1329,否,否,是,ESCI,0.1,,社会学,4 [1729/2039],否,三级, SOCIOLOGY 社会学,4 [198/216],,,,,,,,,,
Urbanities-Journal of Urban Ethnography,2025,2239-5725/2239-5725,否,否,否,ESCI,0.2,,社会学,4 [1730/2039],否,三级, ANTHROPOLOGY 人类学,4 [132/137],,,,,,,,,,
Revista Estudos Institucionais-Journal of Institutional Studies,2025,2447-5467/2447-5467,否,否,是,ESCI,<0.1,,社会学,4 [1731/2039],否,三级, LAW 法学,4 [353/427],,,,,,,,,,
National Taiwan University Law Review,2025,1812-6324/1812-6324,否,否,否,ESCI,0.2,,社会学,4 [1732/2039],否,三级, LAW 法学,4 [354/427],,,,,,,,,,
Ciencia Juridica,2025,2007-3577/2007-6142,否,否,否,ESCI,0.1,,社会学,4 [1733/2039],否,三级, LAW 法学,4 [355/427],,,,,,,,,,
SOCIOLOGISK FORSKNING,2025,0038-0342/0038-0342,否,否,是,SSCI,0.4,,社会学,4 [1734/2039],否,三级, SOCIOLOGY 社会学,4 [199/216],,,,,,,,,,
dObras,2025,2358-0003/1982-0313,否,否,是,ESCI,<0.1,,社会学,4 [1735/2039],否,三级," HUMANITIES, MULTIDISCIPLINARY 人文科学",4 [391/406],,,,,,,,,,
Tecnoscienza-Italian Journal of Science & Technology Studies,2025,2038-3460/2038-3460,否,否,是,ESCI,0.8,,社会学,4 [1736/2039],否,三级, SOCIAL ISSUES 社会问题,4 [58/66],,,,,,,,,,
Conservation Science in Cultural Heritage,2025,1974-4951/1973-9494,否,否,是,ESCI,0.3,,社会学,4 [1737/2039],否,三级," HUMANITIES, MULTIDISCIPLINARY 人文科学",4 [392/406],,,,,,,,,,
Ciudad Paz-Ando,2025,2011-5253/2422-278X,否,否,是,ESCI,<0.1,,社会学,4 [1738/2039],否,三级, POLITICAL SCIENCE 政治学,4 [294/317],,,,,,,,,,
Korean Journal of International Studies,2025,2233-470X/2288-5072,否,否,否,ESCI,0.4,,社会学,4 [1739/2039],否,三级, INTERNATIONAL RELATIONS 国际关系学,4 [157/165],,,,,,,,,,
Revista Artemis,2025,2316-5251/1807-8214,否,否,是,ESCI,<0.1,,社会学,4 [1740/2039],否,三级, WOMENS STUDIES 女性研究,4 [61/66],,,,,,,,,,
Journal of Social Policy Studies,2025,1727-0634/1727-0634,否,否,否,ESCI,0.3,,社会学,4 [1741/2039],否,三级, SOCIAL ISSUES 社会问题,4 [59/66],,,,,,,,,,
Encrucijada Americana,2025,0719-3432/0718-5766,否,否,是,ESCI,0.1,,社会学,4 [1742/2039],否,三级, AREA STUDIES 地域研究,4 [153/174],,,,,,,,,,
Erdkunde,2025,0014-0015/0014-0015,否,否,否,SSCI;SCIE,1.1,,社会学,4 [1743/2039],否,三级, GEOGRAPHY 地理学,4 [125/171]," GEOGRAPHY, PHYSICAL 自然地理",4 [50/63],,,,,,,,
Virajes-Revista de Antropologia y Sociologia,2025,0123-4471/2462-9782,否,否,是,ESCI,0.1,,社会学,4 [1744/2039],否,三级, SOCIOLOGY 社会学,4 [200/216],,,,,,,,,,
Desafios,2025,0124-4035/2145-5112,否,否,是,ESCI,0.9,,社会学,4 [1745/2039],否,三级, POLITICAL SCIENCE 政治学,4 [295/317],,,,,,,,,,
SCHWEIZERISCHES ARCHIV FUR VOLKSKUNDE,2025,0036-794X,否,否,否,AHCI,<0.1,,社会学,4 [1746/2039],否,三级, FOLKLORE 民俗学,4 [17/18],,,,,,,,,,
Quaestiones Geographicae,2025,0137-477X/2081-6383,否,否,是,ESCI,0.8,,社会学,4 [1747/2039],否,三级, GEOGRAPHY 地理学,4 [126/171],,,,,,,,,,
Queen Mary Journal of Intellectual Property,2025,2045-9807/2045-9815,否,否,否,SSCI,0.4,,社会学,4 [1748/2039],否,三级, LAW 法学,4 [356/427],,,,,,,,,,
International Journal of Human Rights and Constitutional Studies,2025,2050-103X/2050-1048,否,否,否,ESCI,0.1,,社会学,4 [1749/2039],否,三级, LAW 法学,4 [357/427],,,,,,,,,,
Andamios,2025,1870-0063/2594-1917,否,否,否,SSCI,0.2,,社会学,4 [1750/2039],否,三级," SOCIAL SCIENCES, INTERDISCIPLINARY 社会科学：跨领域",4 [202/263],,,,,,,,,,
RUDN Journal of Sociology-Vestnik Rossiiskogo Universiteta Druzhby Narodov Seriya Sotsiologiya,2025,2313-2272/2408-8897,否,否,是,ESCI,0.3,,社会学,4 [1751/2039],否,三级, SOCIOLOGY 社会学,4 [201/216],,,,,,,,,,
DADOS-REVISTA DE CIENCIAS SOCIAIS,2025,0011-5258/1678-4588,否,否,是,SSCI,0.7,,社会学,4 [1752/2039],否,三级," SOCIAL SCIENCES, INTERDISCIPLINARY 社会科学：跨领域",4 [203/263],,,,,,,,,,
Comparative and International Law Journal of Southern Africa-CILSA,2025,0010-4051/0010-4051,否,否,否,ESCI,<0.1,,社会学,4 [1753/2039],否,三级, LAW 法学,4 [358/427],,,,,,,,,,
IPRI Journal,2025,1684-9787/1684-9809,否,否,否,ESCI,0.2,,社会学,4 [1754/2039],否,三级, INTERNATIONAL RELATIONS 国际关系学,4 [158/165],,,,,,,,,,
Sociologia y Tecnociencia,2025,1989-8487/1989-8487,否,否,是,ESCI,0.3,,社会学,4 [1755/2039],否,三级, SOCIOLOGY 社会学,4 [202/216],,,,,,,,,,
Methaodos-Revista de Ciencias Sociales,2025,2340-8413/2340-8413,否,否,是,ESCI,0.6,,社会学,4 [1756/2039],否,三级, SOCIOLOGY 社会学,4 [203/216],,,,,,,,,,
Revista Critica de Ciencias Sociais,2025,0254-1106/2182-7435,否,否,是,ESCI,0.3,,社会学,4 [1757/2039],否,三级," SOCIAL SCIENCES, INTERDISCIPLINARY 社会科学：跨领域",4 [205/263],,,,,,,,,,
Revista Espanola de Derecho Constitucional,2025,0211-5743/1989-0648,否,否,否,SSCI,0.4,,社会学,4 [1758/2039],否,三级, LAW 法学,4 [359/427],,,,,,,,,,
Revista General de Derecho Constitucional,2025,1886-7650/1886-6212,否,否,否,ESCI,0.2,,社会学,4 [1759/2039],否,三级, LAW 法学,4 [360/427],,,,,,,,,,
Socialine Teorija Empirija Politika ir Praktika,2025,1648-2425/2345-0266,否,否,是,ESCI,0.3,,社会学,4 [1760/2039],否,三级, SOCIAL WORK 社会工作,4 [80/91],,,,,,,,,,
Revista Brasileira de Historia & Ciencias Sociais,2025,2175-3423/2175-3423,否,否,是,ESCI,<0.1,,社会学,4 [1761/2039],否,三级," SOCIAL SCIENCES, INTERDISCIPLINARY 社会科学：跨领域",4 [206/263],,,,,,,,,,
e-rph-Revista electronica de Patrimonio Historico,2025,1988-7213/1988-7213,否,否,是,ESCI,0.1,,社会学,4 [1762/2039],否,三级," HUMANITIES, MULTIDISCIPLINARY 人文科学",4 [393/406],,,,,,,,,,
Revista General de Derecho Procesal,2025,1696-9642/1696-9642,否,否,否,ESCI,0.1,,社会学,4 [1763/2039],否,三级, LAW 法学,4 [361/427],,,,,,,,,,
Revista Mad-Revista del Magister en Analisis Sistemico Aplicado a la Sociedad,2025,0718-0527/0718-0527,否,否,是,ESCI,<0.1,,社会学,4 [1764/2039],否,三级," SOCIAL SCIENCES, INTERDISCIPLINARY 社会科学：跨领域",4 [207/263],,,,,,,,,,
ANTHROPOLOGISCHER ANZEIGER,2025,0003-5548/0003-5548,否,否,否,SSCI,0.5,,社会学,4 [1765/2039],否,三级, ANTHROPOLOGY 人类学,4 [134/137],,,,,,,,,,
Revista General de Derecho Europeo,2025,1696-9634/1696-9634,否,否,否,ESCI,0.2,,社会学,4 [1766/2039],否,三级, LAW 法学,4 [363/427],,,,,,,,,,
SIYASAL-Journal of Political Sciences,2025,2618-6330/2618-6330,否,否,是,ESCI,0.3,,社会学,4 [1767/2039],否,三级, POLITICAL SCIENCE 政治学,4 [296/317],,,,,,,,,,
Papeles de Trabajo,2025,1851-2577/1851-2577,否,否,是,ESCI,0.1,,社会学,4 [1768/2039],否,三级," SOCIAL SCIENCES, INTERDISCIPLINARY 社会科学：跨领域",4 [208/263],,,,,,,,,,
Revista do Curso de Direito do UNIFOR,2025,2236-7632/2236-7632,否,否,否,ESCI,<0.1,,社会学,4 [1769/2039],否,三级, LAW 法学,4 [364/427],,,,,,,,,,
Espacio Abierto,2025,1315-0006/1315-0006,否,否,否,ESCI,0.1,,社会学,4 [1770/2039],否,三级," SOCIAL SCIENCES, INTERDISCIPLINARY 社会科学：跨领域",4 [209/263],,,,,,,,,,
NATION,2025,0027-8378/0027-8378,否,否,否,SSCI,1.3,,社会学,4 [1771/2039],否,三级, POLITICAL SCIENCE 政治学,4 [297/317],,,,,,,,,,
Biblio 3W-Barcelona,2025,1138-9796/1138-9796,否,否,否,ESCI,,,社会学,4 [1772/2039],否,三级, GEOGRAPHY 地理学,4 [128/171],,,,,,,,,,
Estudios de Derecho,2025,0120-1867/2145-6151,否,否,是,ESCI,0.2,,社会学,4 [1773/2039],否,三级, LAW 法学,4 [365/427],,,,,,,,,,
Precedente,2025,1657-6535/1657-6535,否,否,是,ESCI,0.3,,社会学,4 [1774/2039],否,三级, LAW 法学,4 [366/427],,,,,,,,,,
IIUM Law Journal,2025,0128-2530/2289-7852,否,否,否,ESCI,0.2,,社会学,4 [1775/2039],否,三级, LAW 法学,4 [367/427],,,,,,,,,,
Logos-Journal of the World Publishing Community,2025,0957-9656/1878-4712,否,否,否,ESCI,0.2,,社会学,4 [1776/2039],否,三级," HUMANITIES, MULTIDISCIPLINARY 人文科学",4 [394/406],,,,,,,,,,
Revista Academica da Faculdade de Direito do Recife,2025,1980-3087/2448-2307,否,否,是,ESCI,<0.1,,社会学,4 [1777/2039],否,三级, LAW 法学,4 [368/427],,,,,,,,,,
Contemporary Europe-Sovremennaya Evropa,2025,0201-7083/0201-7083,否,否,否,ESCI,0.3,,社会学,4 [1778/2039],否,三级, AREA STUDIES 地域研究,4 [154/174],,,,,,,,,,
REVISTA DE OCCIDENTE,2025,0034-8635/0034-8635,否,否,否,AHCI,<0.1,,社会学,4 [1779/2039],否,三级," HUMANITIES, MULTIDISCIPLINARY 人文科学",4 [395/406],,,,,,,,,,
OBETS-Revista de Ciencias Sociales,2025,1989-1385/1989-1385,否,否,是,ESCI,0.7,,社会学,4 [1780/2039],否,三级," SOCIAL SCIENCES, INTERDISCIPLINARY 社会科学：跨领域",4 [210/263],,,,,,,,,,
Quaestio Iuris,2025,1807-8389/1516-0351,否,否,是,ESCI,0.1,,社会学,4 [1781/2039],否,三级, LAW 法学,4 [369/427],,,,,,,,,,
Droit et Cultures,2025,0247-9788/0247-9788,否,否,是,ESCI,<0.1,,社会学,4 [1782/2039],否,三级, LAW 法学,4 [370/427],,,,,,,,,,
America Latina Hoy-Revista de Ciencias Sociales,2025,1130-2887/2340-4396,否,否,是,ESCI,0.2,,社会学,4 [1783/2039],否,三级, POLITICAL SCIENCE 政治学,4 [298/317],,,,,,,,,,
Australasian Journal of Environmental Management,2025,1448-6563/2159-5356,否,否,否,SSCI,1.5,,社会学,4 [1784/2039],否,三级, ENVIRONMENTAL STUDIES 环境研究,4 [169/183],,,,,,,,,,
Asia-Pacific Journal of Ocean Law and Policy,2025,2451-9367/2451-9391,否,否,否,ESCI,0.6,,社会学,4 [1785/2039],否,三级, INTERNATIONAL RELATIONS 国际关系学,4 [159/165], LAW 法学,4 [371/427],,,,,,,,
Estudios Demograficos y Urbanos,2025,0186-7210/2448-6515,否,否,是,ESCI,0.3,,社会学,4 [1786/2039],否,三级, DEMOGRAPHY 人口学,4 [43/49],,,,,,,,,,
Studia Prawnicze KUL,2025,1897-7146/2719-4264,否,否,是,ESCI,0.1,,社会学,4 [1787/2039],否,三级, LAW 法学,4 [372/427],,,,,,,,,,
Investigaciones Geograficas-Spain,2025,0213-4691/1989-9890,否,否,是,ESCI,0.6,,社会学,4 [1788/2039],否,三级, GEOGRAPHY 地理学,4 [129/171],,,,,,,,,,
Temas y Debates,2025,1666-0714/1853-984X,否,否,是,ESCI,0.1,,社会学,4 [1789/2039],否,三级, POLITICAL SCIENCE 政治学,4 [300/317],,,,,,,,,,
Cadernos de Dereito Actual,2025,2340-860X/2386-5229,否,否,是,ESCI,0.2,,社会学,4 [1790/2039],否,三级, LAW 法学,4 [373/427],,,,,,,,,,
Cahiers des Ameriques Latines,2025,1141-7161/2268-4247,否,否,是,ESCI,0.1,,社会学,4 [1791/2039],否,三级, AREA STUDIES 地域研究,4 [156/174],,,,,,,,,,
Storia delle Donne,2025,1826-7513/1826-7505,否,否,是,ESCI,0.1,,社会学,4 [1792/2039],否,三级, WOMENS STUDIES 女性研究,4 [62/66],,,,,,,,,,
AUC Geographica,2025,0300-5402/2336-1980,否,否,是,ESCI,0.9,,社会学,4 [1793/2039],否,三级, GEOGRAPHY 地理学,4 [130/171],,,,,,,,,,
Region,2025,2166-4307/2165-0659,否,否,否,ESCI,1.9,,社会学,4 [1794/2039],否,三级, AREA STUDIES 地域研究,4 [157/174],,,,,,,,,,
Tsinghua China Law Review,2025,2151-8904/2160-2379,否,否,否,ESCI,0.1,,社会学,4 [1795/2039],否,三级, LAW 法学,4 [374/427],,,,,,,,,,
Europolity-Continuity and Change in European Governance,2025,2344-2255/2247-7721,否,否,是,ESCI,0.5,,社会学,4 [1796/2039],否,三级, AREA STUDIES 地域研究,4 [158/174],,,,,,,,,,
Encrucijadas-Revista Critica de Ciencias Sociales,2025,2174-7148/2174-6753,否,否,是,ESCI,0.4,,社会学,4 [1797/2039],否,三级, SOCIAL ISSUES 社会问题,4 [60/66],,,,,,,,,,
Geographia Cassoviensis,2025,1337-6748/2454-0005,否,否,否,ESCI,0.6,,社会学,4 [1798/2039],否,三级, GEOGRAPHY 地理学,4 [131/171],,,,,,,,,,
Clothing Cultures,2025,2050-0742/2050-0750,否,否,否,ESCI,0.1,,社会学,4 [1799/2039],否,三级," HUMANITIES, MULTIDISCIPLINARY 人文科学",4 [396/406],,,,,,,,,,
Feministische Studien,2025,0723-5186/2365-9920,否,否,否,SSCI,<0.1,,社会学,4 [1800/2039],否,三级, WOMENS STUDIES 女性研究,4 [63/66],,,,,,,,,,
Journal of Social Work Practice in the Addictions,2025,1533-256X/1533-2578,否,否,否,ESCI,0.4,,社会学,4 [1801/2039],否,三级, SOCIAL WORK 社会工作,4 [81/91],,,,,,,,,,
China-An International Journal,2025,0219-7472/0219-8614,否,否,否,SSCI,0.7,,社会学,4 [1802/2039],否,三级, AREA STUDIES 地域研究,4 [159/174],,,,,,,,,,
DRUSTVENA ISTRAZIVANJA,2025,1330-0288/1848-6096,否,否,是,SSCI,0.3,,社会学,4 [1803/2039],否,三级, SOCIAL ISSUES 社会问题,4 [61/66], SOCIOLOGY 社会学,4 [204/216],,,,,,,,
Scripta Nova-Revista Electronica de Geografia y Ciencias Sociales,2025,1138-9788/1138-9788,否,否,否,SSCI,0.4,,社会学,4 [1804/2039],否,三级, GEOGRAPHY 地理学,4 [132/171],,,,,,,,,,
Fashion Style & Popular Culture,2025,2050-0726/2050-0734,否,否,否,ESCI,0.6,,社会学,4 [1805/2039],否,三级," HUMANITIES, MULTIDISCIPLINARY 人文科学",4 [397/406],,,,,,,,,,
Sravnitelnaya Politika-Comparative Politics,2025,2221-3279/2412-4990,否,否,是,ESCI,<0.1,,社会学,4 [1806/2039],否,三级, POLITICAL SCIENCE 政治学,4 [301/317],,,,,,,,,,
Connecticut Insurance Law Journal,2025,1081-9436/1081-9436,否,否,否,ESCI,0.1,,社会学,4 [1807/2039],否,三级, LAW 法学,4 [375/427],,,,,,,,,,
Istanbul Hukuk Mecmuasi,2025,2636-7734/2667-6974,否,否,是,ESCI,0.1,,社会学,4 [1808/2039],否,三级, LAW 法学,4 [376/427],,,,,,,,,,
Revista Brasileira de Direito,2025,1807-1228/2238-0604,否,否,是,ESCI,0.2,,社会学,4 [1809/2039],否,三级, LAW 法学,4 [377/427],,,,,,,,,,
Revista de Investigaciones Politicas y Sociologicas,2025,1577-239X/2255-5986,否,否,否,ESCI,0.1,,社会学,4 [1810/2039],否,三级, POLITICAL SCIENCE 政治学,4 [302/317],,,,,,,,,,
African Sociological Review,2025,1027-4332/1027-4332,否,否,否,ESCI,,,社会学,4 [1811/2039],否,三级, SOCIOLOGY 社会学,4 [205/216],,,,,,,,,,
Revista de la Facultad de Derecho,2025,0797-8316/2301-0665,否,否,是,ESCI,0.5,,社会学,4 [1812/2039],否,三级, LAW 法学,4 [378/427],,,,,,,,,,
Revista La Propiedad Inmaterial,2025,1657-1959/2346-2116,否,否,是,ESCI,<0.1,,社会学,4 [1813/2039],否,三级, LAW 法学,4 [379/427],,,,,,,,,,
Corvinus Journal of Sociology and Social Policy,2025,2061-5558/2062-087X,否,否,是,ESCI,0.2,,社会学,4 [1814/2039],否,三级, SOCIOLOGY 社会学,4 [206/216],,,,,,,,,,
Champ Penal-Penal Field,2025,1777-5272/1777-5272,否,否,否,ESCI,0.2,,社会学,4 [1815/2039],否,三级, LAW 法学,4 [380/427],,,,,,,,,,
Territoire en Mouvement,2025,1954-4863/1950-5698,否,否,是,ESCI,0.1,,社会学,4 [1816/2039],否,三级, GEOGRAPHY 地理学,4 [133/171],,,,,,,,,,
Revista de Antropologia Social,2025,1131-558X/1988-2831,否,否,是,ESCI,0.2,,社会学,4 [1817/2039],否,三级, ANTHROPOLOGY 人类学,4 [135/137],,,,,,,,,,
Mundo Agrario,2025,1515-5994/1515-5994,否,否,是,ESCI,0.1,,社会学,4 [1818/2039],否,三级, SOCIOLOGY 社会学,4 [207/216],,,,,,,,,,
Convergencia-Revista de Ciencias Sociales,2025,2448-5799/2448-5799,否,否,是,SSCI,0.6,,社会学,4 [1819/2039],否,三级, SOCIOLOGY 社会学,4 [208/216],,,,,,,,,,
Derecho y Ciencias Sociales,2025,1853-0982/1852-2971,否,否,否,ESCI,0.1,,社会学,4 [1820/2039],否,三级, LAW 法学,4 [381/427],,,,,,,,,,
Revista General de Derecho Penal,2025,1698-1189/1698-1189,否,否,否,ESCI,0.1,,社会学,4 [1821/2039],否,三级, LAW 法学,4 [382/427],,,,,,,,,,
Souls,2025,1099-9949/1548-3843,否,否,否,SSCI,,,社会学,4 [1822/2039],否,三级, ETHNIC STUDIES 民族研究,4 [39/39],,,,,,,,,,
Quaestiones Disputatae,2025,2011-0472/2422-2186,否,否,是,ESCI,,,社会学,4 [1823/2039],否,三级," HUMANITIES, MULTIDISCIPLINARY 人文科学",4 [399/406],,,,,,,,,,
Revista Estudios Socio-Juridicos,2025,0124-0579/2145-4531,否,否,是,ESCI,<0.1,,社会学,4 [1824/2039],否,三级, LAW 法学,4 [383/427], POLITICAL SCIENCE 政治学,4 [303/317],,,,,,,,
Tort Law Review,2025,1039-3285/1039-3285,否,否,否,ESCI,0.3,,社会学,4 [1825/2039],否,三级, LAW 法学,4 [384/427],,,,,,,,,,
Annee du Maghreb,2025,2109-9405/2109-9405,否,否,是,ESCI,0.2,,社会学,4 [1826/2039],否,三级, AREA STUDIES 地域研究,4 [160/174],,,,,,,,,,
NTUT Journal of Intellectual Property Law and Management,2025,2226-6771/2226-6771,否,否,否,ESCI,<0.1,,社会学,4 [1827/2039],否,三级, LAW 法学,4 [385/427],,,,,,,,,,
Noesis-Revista de Ciencias Sociales y Humanidades,2025,0188-9834/2395-8669,否,否,是,ESCI,0.2,,社会学,4 [1828/2039],否,三级," SOCIAL SCIENCES, INTERDISCIPLINARY 社会科学：跨领域",4 [213/263],,,,,,,,,,
Russian Journal of Criminology,2025,2500-4255/2500-1442,否,否,否,ESCI,0.1,,社会学,4 [1829/2039],否,三级, CRIMINOLOGY & PENOLOGY 犯罪学与刑罚学,4 [105/111],,,,,,,,,,
GEOGRAFICKY CASOPIS-Geographical Journal,2025,0016-7193/2453-8787,否,否,否,ESCI,0.7,,社会学,4 [1830/2039],否,三级, GEOGRAPHY 地理学,4 [134/171],,,,,,,,,,
CORNELL INTERNATIONAL LAW JOURNAL,2025,0010-8812/1930-7977,否,否,否,SSCI,0.3,,社会学,4 [1831/2039],否,三级, INTERNATIONAL RELATIONS 国际关系学,4 [161/165], LAW 法学,4 [386/427],,,,,,,,
SECURITIES REGULATION LAW JOURNAL,2025,0097-9554/0097-9554,否,否,否,SSCI,0.1,,社会学,4 [1832/2039],否,三级, LAW 法学,4 [387/427],,,,,,,,,,
Revista Latinoamericana de Estudios sobre Cuerpos Emociones y Sociedad,2025,1852-8759/1852-8759,否,否,是,ESCI,0.3,,社会学,4 [1833/2039],否,三级, SOCIAL ISSUES 社会问题,4 [62/66],,,,,,,,,,
Collectivus-Revista de Ciencias Sociales,2025,2382-4018/2382-4018,否,否,是,ESCI,0.1,,社会学,4 [1834/2039],否,三级, AREA STUDIES 地域研究,4 [161/174],,,,,,,,,,
Anthropologie-International Journal of Human Diversity and Evolution,2025,0323-1119/0323-1119,否,否,否,ESCI,0.2,,社会学,4 [1835/2039],否,三级, ANTHROPOLOGY 人类学,4 [136/137],,,,,,,,,,
PROSPECTIVA,2025,0122-1213/2389-993X,否,否,是,ESCI,0.4,,社会学,4 [1836/2039],否,三级, SOCIAL WORK 社会工作,4 [82/91],,,,,,,,,,
Criminologie,2025,0316-0041/1492-1367,否,否,否,ESCI,0.2,,社会学,4 [1837/2039],否,三级, CRIMINOLOGY & PENOLOGY 犯罪学与刑罚学,4 [106/111],,,,,,,,,,
ZBORNIK PRAVNOG FAKULTETA SVEUCILISTA U RIJECI,2025,1330-349X/1846-8314,否,否,是,ESCI,0.1,,社会学,4 [1838/2039],否,三级, LAW 法学,4 [388/427],,,,,,,,,,
Anuario Espanol de Derecho Internacional Privado,2025,1578-3138/1578-3138,否,否,否,ESCI,<0.1,,社会学,4 [1839/2039],否,三级, LAW 法学,4 [389/427],,,,,,,,,,
Journal of Law and Political Sciences,2025,2222-7288/2518-5551,否,否,否,ESCI,0.1,,社会学,4 [1840/2039],否,三级, LAW 法学,4 [390/427],,,,,,,,,,
Population Review,2025,1549-0955/1549-0955,否,否,否,ESCI,0.4,,社会学,4 [1841/2039],否,三级, DEMOGRAPHY 人口学,4 [44/49],,,,,,,,,,
Vox Juris,2025,1812-6804/2521-5280,否,否,是,ESCI,<0.1,,社会学,4 [1842/2039],否,三级, LAW 法学,4 [391/427],,,,,,,,,,
Asian Women,2025,1225-925X/2586-5714,否,否,否,SSCI,0.3,,社会学,4 [1843/2039],否,三级, WOMENS STUDIES 女性研究,4 [64/66],,,,,,,,,,
Pampa,2025,1669-3299/2314-0208,否,否,是,ESCI,<0.1,,社会学,4 [1844/2039],否,三级, AREA STUDIES 地域研究,4 [162/174],,,,,,,,,,
CONTEMPORARY SOCIOLOGY-A JOURNAL OF REVIEWS,2025,0094-3061/1939-8638,是,否,否,SSCI,0.5,,社会学,4 [1845/2039],否,三级, SOCIOLOGY 社会学,4 [209/216],,,,,,,,,,
Atlantic Law Journal,2025,1521-3293/2371-9680,否,否,否,ESCI,0.1,,社会学,4 [1846/2039],否,三级, LAW 法学,4 [392/427],,,,,,,,,,
Revista Rupturas,2025,2215-2466/2215-2466,否,否,是,ESCI,0.3,,社会学,4 [1847/2039],否,三级," SOCIAL SCIENCES, INTERDISCIPLINARY 社会科学：跨领域",4 [214/263],,,,,,,,,,
Eria-Revista cuatrimestral de Geografia,2025,0211-0563/0211-0563,否,否,否,ESCI,0.3,,社会学,4 [1848/2039],否,三级, GEOGRAPHY 地理学,4 [135/171],,,,,,,,,,
Revista Chilena de Derecho y Tecnologia,2025,0719-2576/0719-2584,否,否,是,ESCI,0.4,,社会学,4 [1849/2039],否,三级, LAW 法学,4 [393/427],,,,,,,,,,
Interdisciplinary Description of Complex Systems,2025,1334-4684/1334-4676,否,否,是,ESCI,0.6,,社会学,4 [1850/2039],否,三级," SOCIAL SCIENCES, INTERDISCIPLINARY 社会科学：跨领域",4 [215/263],,,,,,,,,,
JUVENILE AND FAMILY COURT JOURNAL,2025,0161-7109/1755-6988,否,否,否,SSCI,0.5,,社会学,4 [1851/2039],否,三级, LAW 法学,4 [394/427],,,,,,,,,,
Revista Latinoamericana de Derecho Social,2025,1870-4670/2448-7899,否,否,否,ESCI,0.2,,社会学,4 [1852/2039],否,三级, LAW 法学,4 [395/427],,,,,,,,,,
Lexonomica,2025,1855-7147/1855-7155,否,否,否,ESCI,0.2,,社会学,4 [1853/2039],否,三级, LAW 法学,4 [396/427],,,,,,,,,,
Hallazgos-Revista de Investigaciones,2025,1794-3841/2422-409X,否,否,是,ESCI,0.1,,社会学,4 [1854/2039],否,三级, AREA STUDIES 地域研究,4 [163/174],,,,,,,,,,
Infancias Imagenes,2025,1657-9089/2665-511X,否,否,是,ESCI,<0.1,,社会学,4 [1855/2039],否,三级, FAMILY STUDIES 家庭研究,4 [62/65],,,,,,,,,,
REVISTA REPUBLICANA,2025,1909-4450/2256-5027,否,否,否,ESCI,0.1,,社会学,4 [1856/2039],否,三级, LAW 法学,4 [397/427],,,,,,,,,,
Technoetic Arts,2025,1477-965X/1758-9533,否,否,否,ESCI,0.2,,社会学,4 [1857/2039],否,三级," HUMANITIES, MULTIDISCIPLINARY 人文科学",4 [401/406],,,,,,,,,,
Cahiers de Droit,2025,0007-974X/1918-8218,否,否,否,ESCI,0.1,,社会学,4 [1858/2039],否,三级, LAW 法学,4 [398/427],,,,,,,,,,
AUSTRALASIAN PARLIAMENTARY REVIEW,2025,1447-9125/1447-9125,否,否,否,ESCI,0.4,,社会学,4 [1859/2039],否,三级, POLITICAL SCIENCE 政治学,4 [304/317],,,,,,,,,,
Icelandic Review of Politics & Administration,2025,1670-6803/1670-679X,否,否,是,ESCI,0.2,,社会学,4 [1860/2039],否,三级, POLITICAL SCIENCE 政治学,4 [305/317],,,,,,,,,,
Astrolabio-Nueva Epoca,2025,1668-7515/1668-7515,否,否,是,ESCI,0.3,,社会学,4 [1861/2039],否,三级," SOCIAL SCIENCES, INTERDISCIPLINARY 社会科学：跨领域",4 [216/263],,,,,,,,,,
Revista Latinoamericana de Metodologia de las Ciencias Sociales,2025,1853-7863/1853-7863,否,否,是,ESCI,0.3,,社会学,4 [1862/2039],否,三级," SOCIAL SCIENCES, INTERDISCIPLINARY 社会科学：跨领域",4 [217/263],,,,,,,,,,
Revista Boliviana de Derecho,2025,2070-8157/2706-8080,否,否,否,ESCI,0.1,,社会学,4 [1863/2039],否,三级, LAW 法学,4 [399/427],,,,,,,,,,
De Jure Law Journal,2025,1466-3597/2225-7160,否,否,是,ESCI,0.2,,社会学,4 [1864/2039],否,三级, LAW 法学,4 [400/427],,,,,,,,,,
Revista Latinoamericana de Poblacion,2025,2393-6401/2393-6401,否,否,是,ESCI,0.1,,社会学,4 [1865/2039],否,三级, DEMOGRAPHY 人口学,4 [45/49],,,,,,,,,,
Medicine Law & Society,2025,2463-7955/2463-7955,否,否,否,ESCI,0.2,,社会学,4 [1866/2039],否,三级, LAW 法学,4 [401/427],,,,,,,,,,
Trabajo Social Global-Global Social Work,2025,2013-6757/2013-6757,否,否,是,ESCI,0.1,,社会学,4 [1867/2039],否,三级, SOCIAL WORK 社会工作,4 [83/91],,,,,,,,,,
Revista Latinoamericana de Metodologia de la Investigacion Social,2025,1853-6190/1853-6190,否,否,是,ESCI,0.1,,社会学,4 [1868/2039],否,三级," SOCIAL SCIENCES, INTERDISCIPLINARY 社会科学：跨领域",4 [218/263],,,,,,,,,,
Relaciones Internacionales,2025,1515-3371/2314-2766,否,否,是,ESCI,0.2,,社会学,4 [1869/2039],否,三级, INTERNATIONAL RELATIONS 国际关系学,4 [162/165],,,,,,,,,,
Information Geographique,2025,0020-0093/1777-5876,否,否,否,ESCI,0.1,,社会学,4 [1870/2039],否,三级, GEOGRAPHY 地理学,4 [136/171],,,,,,,,,,
Trans-pasando Fronteras,2025,2248-7212/2322-9152,否,否,是,ESCI,<0.1,,社会学,4 [1871/2039],否,三级," SOCIAL SCIENCES, INTERDISCIPLINARY 社会科学：跨领域",4 [219/263],,,,,,,,,,
Revista Estudos Politicos,2025,2177-2851/2177-2851,否,否,否,ESCI,<0.1,,社会学,4 [1872/2039],否,三级, POLITICAL SCIENCE 政治学,4 [306/317],,,,,,,,,,
Debats-Revista de Cultura Poder i Societat,2025,0212-0585/2530-3074,否,否,是,ESCI,0.2,,社会学,4 [1873/2039],否,三级," SOCIAL SCIENCES, INTERDISCIPLINARY 社会科学：跨领域",4 [220/263],,,,,,,,,,
Revista Pos Ciencias Sociais,2025,1983-4527/2236-9473,否,否,是,ESCI,<0.1,,社会学,4 [1874/2039],否,三级," SOCIAL SCIENCES, INTERDISCIPLINARY 社会科学：跨领域",4 [221/263],,,,,,,,,,
Journal of Banking and Finance Law and Practice,2025,1034-3040/1034-3040,否,否,否,ESCI,0.2,,社会学,4 [1875/2039],否,三级, LAW 法学,4 [402/427],,,,,,,,,,
Genre Sexualite & Societe,2025,2104-3736/2104-3736,否,否,是,ESCI,0.1,,社会学,4 [1876/2039],否,三级, WOMENS STUDIES 女性研究,4 [65/66],,,,,,,,,,
Espace Politique,2025,1958-5500/1958-5500,否,否,是,ESCI,0.3,,社会学,4 [1877/2039],否,三级, GEOGRAPHY 地理学,4 [137/171],,,,,,,,,,
Hrvatski Geografski Glasnik-Croatian Geographical Bulletin,2025,1331-5854/1848-6401,否,否,是,ESCI,0.4,,社会学,4 [1878/2039],否,三级, GEOGRAPHY 地理学,4 [138/171],,,,,,,,,,
European Journal of Transformation Studies,2025,2298-0997/2298-0997,否,否,否,ESCI,0.1,,社会学,4 [1879/2039],否,三级, POLITICAL SCIENCE 政治学,4 [307/317],,,,,,,,,,
Trabajo Social,2025,0123-4986/2256-5493,否,否,是,ESCI,0.3,,社会学,4 [1880/2039],否,三级, SOCIAL WORK 社会工作,4 [84/91],,,,,,,,,,
Revista Ciencias Sociales y Educacion,2025,2256-5000/2590-7344,否,否,是,ESCI,<0.1,,社会学,4 [1881/2039],否,三级, SOCIAL ISSUES 社会问题,4 [63/66],,,,,,,,,,
Africa Review,2025,0974-4053/0974-4061,否,否,否,ESCI,0.5,,社会学,4 [1882/2039],否,三级, AREA STUDIES 地域研究,4 [164/174],,,,,,,,,,
Folk Life-Journal of Ethnological Studies,2025,0430-8778/1759-670X,否,否,否,AHCI,0.1,,社会学,4 [1883/2039],否,三级, FOLKLORE 民俗学,4 [18/18],,,,,,,,,,
Mundo Amazonico,2025,2145-5082/2145-5082,否,否,是,ESCI,0.2,,社会学,4 [1884/2039],否,三级, AREA STUDIES 地域研究,4 [165/174],,,,,,,,,,
Otoritas-Jurnal Ilmu Pemerintahan,2025,2088-3706/2502-9320,否,否,是,ESCI,0.3,,社会学,4 [1885/2039],否,三级, POLITICAL SCIENCE 政治学,4 [308/317],,,,,,,,,,
Northwestern Journal of International Law & Business,2025,0196-3228,否,否,否,SSCI,0.4,,社会学,4 [1886/2039],否,三级, LAW 法学,4 [403/427],,,,,,,,,,
Thresholds,2025,1091-711X/2572-7338,否,否,否,ESCI,0.2,,社会学,4 [1887/2039],否,三级, ARCHITECTURE 建筑学,4 [75/94], ART 艺术,4 [142/144],,,,,,,,
AUSTRALIAN TAX REVIEW,2025,0311-094X,否,否,否,ESCI,0.1,,社会学,4 [1888/2039],否,三级, LAW 法学,4 [404/427],,,,,,,,,,
Revija za Socijalnu Politiku,2025,1330-2965/1845-6014,否,否,是,SSCI,0.3,,社会学,4 [1889/2039],否,三级, SOCIAL ISSUES 社会问题,4 [64/66],,,,,,,,,,
Revista CES Derecho,2025,2145-7719/2145-7719,否,否,否,ESCI,<0.1,,社会学,4 [1890/2039],否,三级, LAW 法学,4 [405/427],,,,,,,,,,
ETUDES INTERNATIONALES,2025,0014-2123/1703-7891,否,否,否,ESCI,<0.1,,社会学,4 [1891/2039],否,三级, INTERNATIONAL RELATIONS 国际关系学,4 [163/165],,,,,,,,,,
Temida,2025,1450-6637/1450-6637,否,否,是,ESCI,0.1,,社会学,4 [1892/2039],否,三级, CRIMINOLOGY & PENOLOGY 犯罪学与刑罚学,4 [107/111],,,,,,,,,,
Mexico y la Cuenca del Pacifico,2025,1665-0174/2007-5308,否,否,否,ESCI,0.2,,社会学,4 [1893/2039],否,三级, INTERNATIONAL RELATIONS 国际关系学,4 [164/165],,,,,,,,,,
Politix,2025,0295-2319/1953-8286,否,否,否,SSCI,0.1,,社会学,4 [1894/2039],否,三级, POLITICAL SCIENCE 政治学,4 [309/317],,,,,,,,,,
Indonesia Law Review,2025,2088-8430/2356-2129,否,否,是,ESCI,,,社会学,4 [1895/2039],否,三级, LAW 法学,4 [406/427],,,,,,,,,,
Canadian Political Science Review,2025,1911-4125/1911-4125,否,否,否,ESCI,0.4,,社会学,4 [1896/2039],否,三级, POLITICAL SCIENCE 政治学,4 [310/317],,,,,,,,,,
African and Asian Studies,2025,1569-2094/1569-2108,否,否,否,SSCI,0.6,,社会学,4 [1897/2039],否,三级, AREA STUDIES 地域研究,4 [167/174],,,,,,,,,,
Anales de Geografia de la Universidad Complutense,2025,0211-9803/1988-2378,否,否,是,ESCI,0.1,,社会学,4 [1898/2039],否,三级, GEOGRAPHY 地理学,4 [139/171],,,,,,,,,,
Ekonomia i Srodowisko-Economics and Environment,2025,0867-8898/2300-6420,否,否,否,ESCI,,,社会学,4 [1899/2039],否,三级, ENVIRONMENTAL STUDIES 环境研究,4 [171/183],,,,,,,,,,
African Disability Rights Yearbook,2025,2311-8970/2311-8970,否,否,否,ESCI,0.1,,社会学,4 [1900/2039],否,三级, LAW 法学,4 [407/427],,,,,,,,,,
Revista de Ciencias Sociales-Costa Rica,2025,2215-2601/2215-2601,否,否,是,ESCI,0.1,,社会学,4 [1901/2039],否,三级," SOCIAL SCIENCES, INTERDISCIPLINARY 社会科学：跨领域",4 [222/263],,,,,,,,,,
Conhecimento & Diversidade,2025,1983-3695/2237-8049,否,否,否,ESCIOnHold,,,社会学,4 [1902/2039],否,三级," SOCIAL SCIENCES, INTERDISCIPLINARY 社会科学：跨领域",4 [223/263],,,,,,,,,,
SOCIOLOGIE DU TRAVAIL,2025,0038-0296/1777-5701,否,否,否,SSCI,0.3,,社会学,4 [1903/2039],否,三级, SOCIOLOGY 社会学,4 [211/216],,,,,,,,,,
Eleuthera,2025,2011-4532/2463-1469,否,否,是,ESCI,0.3,,社会学,4 [1904/2039],否,三级, SOCIAL WORK 社会工作,4 [85/91],,,,,,,,,,
Revista Colombiana de Ciencias Sociales,2025,2216-1201/2216-1201,否,否,是,ESCI,0.1,,社会学,4 [1905/2039],否,三级," SOCIAL SCIENCES, INTERDISCIPLINARY 社会科学：跨领域",4 [224/263],,,,,,,,,,
Chinese Journal of Environmental Law,2025,2468-6034/2468-6042,否,否,否,ESCI,0.8,,社会学,4 [1906/2039],否,三级, ENVIRONMENTAL STUDIES 环境研究,4 [172/183], LAW 法学,4 [408/427],,,,,,,,
Revista Digital de Derecho Administrativo,2025,2145-2946/2145-2946,否,否,是,ESCI,0.3,,社会学,4 [1907/2039],否,三级, LAW 法学,4 [409/427],,,,,,,,,,
Revista Portuguesa de Investigacao Comportamental e Social,2025,2183-4938/2183-4938,否,否,是,ESCI,0.7,,社会学,4 [1908/2039],否,三级," SOCIAL SCIENCES, INTERDISCIPLINARY 社会科学：跨领域",4 [225/263],,,,,,,,,,
Punto Genero,2025,0719-0417/0719-0417,否,否,是,ESCI,,,社会学,4 [1909/2039],否,三级, SOCIAL ISSUES 社会问题,4 [65/66],,,,,,,,,,
Revista e-Mercatoria,2025,1692-3960/1692-3960,否,否,否,ESCI,<0.1,,社会学,4 [1910/2039],否,三级, LAW 法学,4 [410/427],,,,,,,,,,
Revista Criminalidad,2025,1794-3108/2256-5531,否,否,是,ESCI,0.5,,社会学,4 [1911/2039],否,三级, CRIMINOLOGY & PENOLOGY 犯罪学与刑罚学,4 [108/111],,,,,,,,,,
Canadian Journal of Family and Youth,2025,1718-9748/1718-9748,否,否,否,ESCI,0.3,,社会学,4 [1912/2039],否,三级, FAMILY STUDIES 家庭研究,4 [63/65],,,,,,,,,,
Panorama,2025,1909-7433/2145-308X,否,否,是,ESCI,0.6,,社会学,4 [1913/2039],否,三级," SOCIAL SCIENCES, INTERDISCIPLINARY 社会科学：跨领域",4 [226/263],,,,,,,,,,
Makara Hubs-Asia,2025,2355-794X/2406-9183,否,否,是,ESCI,0.3,,社会学,4 [1914/2039],否,三级," SOCIAL SCIENCES, INTERDISCIPLINARY 社会科学：跨领域",4 [227/263],,,,,,,,,,
European Integration Studies,2025,1822-8402/2335-8831,否,否,是,ESCI,0.5,,社会学,4 [1915/2039],否,三级, AREA STUDIES 地域研究,4 [168/174],,,,,,,,,,
Meridiano 47-Journal of Global Studies,2025,1518-1219/1518-1219,否,否,是,ESCI,<0.1,,社会学,4 [1916/2039],否,三级, INTERNATIONAL RELATIONS 国际关系学,4 [165/165],,,,,,,,,,
Revista General de Derecho Administrativo,2025,1696-9650/1696-9650,否,否,否,ESCI,0.2,,社会学,4 [1917/2039],否,三级, LAW 法学,4 [411/427],,,,,,,,,,
Northern Review,2025,0820-0300/0820-0300,否,否,否,ESCI,0.6,,社会学,4 [1918/2039],否,三级, AREA STUDIES 地域研究,4 [169/174],,,,,,,,,,
Iconos,2025,1390-1249/1390-8065,否,否,是,ESCI,0.5,,社会学,4 [1919/2039],否,三级," SOCIAL SCIENCES, INTERDISCIPLINARY 社会科学：跨领域",4 [228/263],,,,,,,,,,
Frontiers of Law in China,2025,1673-3428/1673-3541,否,否,否,ESCI,0.1,,社会学,4 [1920/2039],否,三级, LAW 法学,4 [412/427],,,,,,,,,,
Humanidades & Inovacao,2025,2358-8322/2358-8322,否,否,否,ESCI,,,社会学,4 [1921/2039],否,三级," HUMANITIES, MULTIDISCIPLINARY 人文科学",4 [404/406],,,,,,,,,,
Limite-Revista de Filosofia y Psicologia,2025,0718-1361/0718-5065,否,否,否,ESCI,<0.1,,社会学,4 [1922/2039],否,三级," SOCIAL SCIENCES, INTERDISCIPLINARY 社会科学：跨领域",4 [229/263],,,,,,,,,,
Journal of Nonprofit Education and Leadership,2025,2374-7838/2157-0604,否,否,否,ESCI,0.2,,社会学,4 [1923/2039],否,三级," SOCIAL SCIENCES, INTERDISCIPLINARY 社会科学：跨领域",4 [230/263],,,,,,,,,,
Estudios del Desarrollo Social-Cuba y America Latina,2025,2308-0132/2308-0132,否,否,是,ESCI,0.1,,社会学,4 [1924/2039],否,三级, AREA STUDIES 地域研究,4 [170/174],,,,,,,,,,
Zeitschrift fur Evaluation,2025,1619-5515/1619-5515,否,否,否,SSCI,0.2,,社会学,4 [1925/2039],否,三级," SOCIAL SCIENCES, INTERDISCIPLINARY 社会科学：跨领域",4 [232/263],,,,,,,,,,
Geografares,2025,2175-3709/2175-3709,否,否,是,ESCI,0.2,,社会学,4 [1926/2039],否,三级, GEOGRAPHY 地理学,4 [141/171],,,,,,,,,,
Acciones e Investigaciones Sociales,2025,1132-192X/2340-4507,否,否,是,ESCI,0.3,,社会学,4 [1927/2039],否,三级," SOCIAL SCIENCES, INTERDISCIPLINARY 社会科学：跨领域",4 [233/263],,,,,,,,,,
TD-The Journal for Transdisciplinary Research in Southern Africa,2025,1817-4434/2415-2005,否,否,是,ESCI,0.8,,社会学,4 [1928/2039],否,三级," SOCIAL SCIENCES, INTERDISCIPLINARY 社会科学：跨领域",4 [234/263],,,,,,,,,,
Observatorio Medioambiental,2025,1139-1987/1988-3277,否,否,否,ESCI,0.1,,社会学,4 [1929/2039],否,三级, ENVIRONMENTAL STUDIES 环境研究,4 [173/183],,,,,,,,,,
RED-Revista Electronica de Direito,2025,2182-9845/2182-9845,否,否,否,ESCI,<0.1,,社会学,4 [1930/2039],否,三级, LAW 法学,4 [413/427],,,,,,,,,,
Alternativas. Cuadernos de Trabajo Social,2025,1989-9971/1989-9971,否,否,是,ESCI,0.3,,社会学,4 [1931/2039],否,三级, SOCIAL WORK 社会工作,4 [86/91],,,,,,,,,,
Asia Pacific Journal of Environmental Law,2025,1385-2140/1875-8258,否,否,否,ESCI,0.2,,社会学,4 [1932/2039],否,三级, ENVIRONMENTAL STUDIES 环境研究,4 [174/183], LAW 法学,4 [414/427],,,,,,,,
GEOgraphia-UFF,2025,1517-7793/1517-7793,否,否,是,ESCI,0.1,,社会学,4 [1933/2039],否,三级, GEOGRAPHY 地理学,4 [142/171],,,,,,,,,,
Geograficando,2025,1850-1885/2346-898X,否,否,是,ESCI,0.1,,社会学,4 [1934/2039],否,三级, GEOGRAPHY 地理学,4 [143/171],,,,,,,,,,
Documenti Geografici,2025,2035-8792/2281-7549,否,否,否,ESCI,0.2,,社会学,4 [1935/2039],否,三级, GEOGRAPHY 地理学,4 [144/171],,,,,,,,,,
Ankara Avrupa Calismalari Dergisi-Ankara Review of European Studies,2025,1303-2518/1303-2518,否,否,是,ESCI,0.1,,社会学,4 [1936/2039],否,三级, AREA STUDIES 地域研究,4 [171/174],,,,,,,,,,
Atelie Geografico,2025,1982-1956/1982-1956,否,否,是,ESCI,0.2,,社会学,4 [1937/2039],否,三级, GEOGRAPHY 地理学,4 [145/171],,,,,,,,,,
Canadian Journal of Program Evaluation,2025,0834-1516/0834-1516,否,否,否,ESCI,0.4,,社会学,4 [1938/2039],否,三级," SOCIAL SCIENCES, INTERDISCIPLINARY 社会科学：跨领域",4 [235/263],,,,,,,,,,
Geografia-Malaysian Journal of Society & Space,2025,2180-2491/2682-7727,否,否,否,ESCI,0.4,,社会学,4 [1939/2039],否,三级," SOCIAL SCIENCES, INTERDISCIPLINARY 社会科学：跨领域",4 [236/263],,,,,,,,,,
Policija i Sigurnost-Police and Security,2025,1330-0229/1848-428X,否,否,否,ESCI,0.1,,社会学,4 [1940/2039],否,三级, CRIMINOLOGY & PENOLOGY 犯罪学与刑罚学,4 [109/111],,,,,,,,,,
CyberGeo-European Journal of Geography,2025,1278-3366/1278-3366,否,否,是,ESCI,0.5,,社会学,4 [1941/2039],否,三级, GEOGRAPHY 地理学,4 [146/171],,,,,,,,,,
Letras Verdes,2025,1390-6631/1390-6631,否,否,是,ESCI,0.2,,社会学,4 [1942/2039],否,三级, ENVIRONMENTAL STUDIES 环境研究,4 [175/183],,,,,,,,,,
Revista Mexicana de Analisis Politico y Administracion Publica,2025,2007-4425/2007-4638,否,否,否,ESCI,0.1,,社会学,4 [1943/2039],否,三级, POLITICAL SCIENCE 政治学,4 [311/317],,,,,,,,,,
Finisterra-Revista Portuguesa de Geografia,2025,0430-5027/2182-2905,否,否,是,ESCI,0.3,,社会学,4 [1944/2039],否,三级, GEOGRAPHY 地理学,4 [147/171],,,,,,,,,,
Revista de Ciencias Humanas da Universidade de Taubate,2025,2179-1120/2179-1120,否,否,否,ESCI,0.7,,社会学,4 [1945/2039],否,三级, SOCIAL WORK 社会工作,4 [87/91],,,,,,,,,,
Prace Komisji Geografii Przemyslu Polskiego Towarzystwa Geograficznego-Studies of the Industrial Geography Commission of the Polish Geographical Society,2025,2080-1653/2449-903X,否,否,是,ESCI,0.6,,社会学,4 [1946/2039],否,三级, GEOGRAPHY 地理学,4 [148/171],,,,,,,,,,
Journal of HIV-AIDS & Social Services,2025,1538-1501/1538-151X,否,否,否,ESCI,0.3,,社会学,4 [1947/2039],否,三级, SOCIAL WORK 社会工作,4 [88/91],,,,,,,,,,
Environmental and Planning Law Journal,2025,0813-300X/0813-300X,否,否,否,ESCI,0.2,,社会学,4 [1948/2039],否,三级, LAW 法学,4 [415/427],,,,,,,,,,
Confins-Revue Franco-Bresilienne de Geographie-Revista Franco-Brasileira de Geografia,2025,1958-9212/1958-9212,否,否,是,ESCI,0.1,,社会学,4 [1949/2039],否,三级, GEOGRAPHY 地理学,4 [149/171],,,,,,,,,,
Prisma Social,2025,1989-3469/1989-3469,否,否,是,ESCI,0.9,,社会学,4 [1950/2039],否,三级," SOCIAL SCIENCES, INTERDISCIPLINARY 社会科学：跨领域",4 [237/263],,,,,,,,,,
Perfiles Latinoamericanos,2025,0188-7653/2309-4982,否,否,是,SSCI,0.5,,社会学,4 [1951/2039],否,三级," SOCIAL SCIENCES, INTERDISCIPLINARY 社会科学：跨领域",4 [238/263],,,,,,,,,,
International E-Journal of Criminal Sciences,2025,1988-7949/1988-7949,否,否,否,ESCI,0.3,,社会学,4 [1952/2039],否,三级, CRIMINOLOGY & PENOLOGY 犯罪学与刑罚学,4 [110/111],,,,,,,,,,
Southern African Business Review,2025,1998-8125/1998-8125,否,否,是,ESCI,0.5,,社会学,4 [1953/2039],否,三级, LAW 法学,4 [416/427],,,,,,,,,,
Revista Latinoamericana de Estudios de Familia,2025,2145-6445/2215-8758,否,否,是,ESCI,0.1,,社会学,4 [1954/2039],否,三级, FAMILY STUDIES 家庭研究,4 [64/65],,,,,,,,,,
Dialogo,2025,1519-3640/2238-9024,否,否,是,ESCI,0.1,,社会学,4 [1955/2039],否,三级," SOCIAL SCIENCES, INTERDISCIPLINARY 社会科学：跨领域",4 [239/263],,,,,,,,,,
POLITICA Y GOBIERNO,2025,1665-2037,否,否,否,SSCI,1.2,,社会学,4 [1956/2039],否,三级, POLITICAL SCIENCE 政治学,4 [312/317],,,,,,,,,,
Espaces-Populations-Societes,2025,0755-7809/2104-3752,否,否,是,ESCI,0.1,,社会学,4 [1957/2039],否,三级, GEOGRAPHY 地理学,4 [150/171],,,,,,,,,,
St Theresa Journal of Humanities and Social Sciences,2025,2408-2120/2539-5947,否,否,否,ESCI,0.1,,社会学,4 [1958/2039],否,三级," SOCIAL SCIENCES, INTERDISCIPLINARY 社会科学：跨领域",4 [240/263],,,,,,,,,,
Cuestiones de Sociologia,2025,1668-1584/2346-8904,否,否,是,ESCI,0.3,,社会学,4 [1959/2039],否,三级, SOCIOLOGY 社会学,4 [213/216],,,,,,,,,,
Eastern European Countryside,2025,1232-8855/2300-8717,否,否,否,SSCI,,,社会学,4 [1960/2039],否,三级, SOCIOLOGY 社会学,4 [214/216],,,,,,,,,,
Veredas do Direito,2025,1806-3845/2179-8699,否,否,是,ESCI,0.1,,社会学,4 [1961/2039],否,三级, LAW 法学,4 [418/427],,,,,,,,,,
Cuadernos de Trabajo Social,2025,0214-0314/1988-8295,否,否,是,ESCI,0.7,,社会学,4 [1962/2039],否,三级, SOCIAL WORK 社会工作,4 [89/91],,,,,,,,,,
Revista Internacional de Organizaciones,2025,2013-570X/1886-4171,否,否,是,ESCI,0.2,,社会学,4 [1963/2039],否,三级, SOCIOLOGY 社会学,4 [215/216],,,,,,,,,,
Revista Geografica Venezolana,2025,1012-1617/2244-8853,否,否,否,ESCI,0.1,,社会学,4 [1964/2039],否,三级, GEOGRAPHY 地理学,4 [151/171],,,,,,,,,,
International Journal of Cyber Warfare and Terrorism,2025,1947-3435/1947-3443,否,否,否,ESCI,0.1,,社会学,4 [1965/2039],否,三级, POLITICAL SCIENCE 政治学,4 [313/317],,,,,,,,,,
Perspectiva Geografica,2025,0123-3769/2500-8684,否,否,是,ESCI,0.3,,社会学,4 [1966/2039],否,三级, GEOGRAPHY 地理学,4 [152/171],,,,,,,,,,
Revista sobre la Infancia y la Adolescencia,2025,2174-7210/2174-7210,否,否,是,ESCI,0.2,,社会学,4 [1967/2039],否,三级, FAMILY STUDIES 家庭研究,4 [65/65],,,,,,,,,,
Revista Pensamiento Americano,2025,2027-2448/2027-2448,否,否,否,ESCI,0.1,,社会学,4 [1968/2039],否,三级," SOCIAL SCIENCES, INTERDISCIPLINARY 社会科学：跨领域",4 [241/263],,,,,,,,,,
Revista de Geografia Norte Grande,2025,0379-8682/0718-3402,否,否,否,SSCI;SCIE,0.5,,社会学,4 [1969/2039],否,三级, GEOGRAPHY 地理学,4 [153/171]," GEOGRAPHY, PHYSICAL 自然地理",4 [55/63],,,,,,,,
Revista Internacional de Estudios Migratorios,2025,2173-1950/2173-1950,否,否,是,ESCI,0.1,,社会学,4 [1970/2039],否,三级, DEMOGRAPHY 人口学,4 [46/49],,,,,,,,,,
Journal of Economy Culture and Society,2025,2602-2656/2645-8772,否,否,是,ESCI,0.5,,社会学,4 [1971/2039],否,三级, SOCIOLOGY 社会学,4 [216/216],,,,,,,,,,
Novos Cadernos NAEA,2025,1516-6481/2179-7536,否,否,是,ESCI,0.2,,社会学,4 [1972/2039],否,三级," SOCIAL SCIENCES, INTERDISCIPLINARY 社会科学：跨领域",4 [242/263],,,,,,,,,,
South African Crime Quarterly-SACQ,2025,1991-3877/1991-3877,否,否,是,ESCI,0.3,,社会学,4 [1973/2039],否,三级, CRIMINOLOGY & PENOLOGY 犯罪学与刑罚学,4 [111/111],,,,,,,,,,
Archeomatica-Tecnologie per i Beni Culturali,2025,2037-2485/2037-2485,否,否,是,ESCI,0.1,,社会学,4 [1974/2039],否,三级," HUMANITIES, MULTIDISCIPLINARY 人文科学",4 [406/406],,,,,,,,,,
Desenvolvimento e Meio Ambiente,2025,1518-952X/2176-9109,否,否,是,ESCI,0.2,,社会学,4 [1975/2039],否,三级, ENVIRONMENTAL STUDIES 环境研究,4 [177/183],,,,,,,,,,
Revista General del Derecho del Trabajo y de la Seguridad Social,2025,1696-9626/1696-9626,否,否,否,ESCI,0.1,,社会学,4 [1976/2039],否,三级, LAW 法学,4 [420/427],,,,,,,,,,
Romanian Statistical Review,2025,1018-046X/1844-7694,否,否,是,ESCI,0.2,,社会学,4 [1977/2039],否,三级," SOCIAL SCIENCES, MATHEMATICAL METHODS 社会科学：数理方法",4 [66/67],,,,,,,,,,
ReiDoCrea-Revista Eectronica de Investigacion y Docencia Creativa,2025,2254-5883/2254-5883,否,否,是,ESCI,0.3,,社会学,4 [1978/2039],否,三级," SOCIAL SCIENCES, INTERDISCIPLINARY 社会科学：跨领域",4 [243/263],,,,,,,,,,
Poblacion y Salud en Mesoamerica,2025,1659-0201/1659-0201,否,否,是,ESCI,0.3,,社会学,4 [1979/2039],否,三级, DEMOGRAPHY 人口学,4 [47/49],,,,,,,,,,
Areas-Revista Internacional de Ciencias Sociales,2025,0211-6707/1989-6190,否,否,否,ESCI,0.2,,社会学,4 [1980/2039],否,三级," SOCIAL SCIENCES, INTERDISCIPLINARY 社会科学：跨领域",4 [244/263],,,,,,,,,,
Revista de Estudios Andaluces,2025,0212-8594/2340-2776,否,否,是,ESCI,0.6,,社会学,4 [1981/2039],否,三级, AREA STUDIES 地域研究,4 [172/174],,,,,,,,,,
Revista Universidad y Sociedad,2025,2218-3620/2218-3620,否,否,是,ESCI,0.3,,社会学,4 [1982/2039],否,三级," SOCIAL SCIENCES, INTERDISCIPLINARY 社会科学：跨领域",4 [245/263],,,,,,,,,,
MITTEILUNGEN DER OSTERREICHISCHEN GEOGRAPHISCHEN GESELLSCHAFT,2025,0029-9138/0029-9138,否,否,否,SSCI,0.2,,社会学,4 [1983/2039],否,三级, GEOGRAPHY 地理学,4 [154/171],,,,,,,,,,
Revista Digital Mundo Asia Pacifico,2025,2344-8172/2344-8172,否,否,否,ESCI,0.1,,社会学,4 [1984/2039],否,三级, AREA STUDIES 地域研究,4 [173/174],,,,,,,,,,
Journal of Geography-Cografya Dergisi,2025,1302-7212/1305-2128,否,否,是,ESCI,0.2,,社会学,4 [1985/2039],否,三级, GEOGRAPHY 地理学,4 [155/171],,,,,,,,,,
Economia Sociedad y Territorio,2025,1405-8421/2448-6183,否,否,是,ESCI,0.2,,社会学,4 [1986/2039],否,三级," SOCIAL SCIENCES, INTERDISCIPLINARY 社会科学：跨领域",4 [246/263],,,,,,,,,,
Estudios Socioterritoriales,2025,1515-6206/1853-4392,否,否,是,ESCI,<0.1,,社会学,4 [1987/2039],否,三级, GEOGRAPHY 地理学,4 [156/171],,,,,,,,,,
Revista Juridica de Castilla y Leon,2025,1696-6759/2254-3805,否,否,是,ESCI,0.1,,社会学,4 [1988/2039],否,三级, LAW 法学,4 [421/427],,,,,,,,,,
Papeles de Poblacion,2025,1405-7425/1405-7425,否,否,是,SSCI,0.2,,社会学,4 [1989/2039],否,三级, DEMOGRAPHY 人口学,4 [48/49],,,,,,,,,,
Revista Geoaraguaia,2025,1809-094X/2236-9716,否,否,否,ESCI,<0.1,,社会学,4 [1990/2039],否,三级, GEOGRAPHY 地理学,4 [157/171],,,,,,,,,,
BioLaw Journal-Rivista di Biodiritto,2025,2284-4503/2284-4503,否,否,否,ESCI,0.2,,社会学,4 [1991/2039],否,三级, LAW 法学,4 [422/427],,,,,,,,,,
Boletin Goiano de Geografia,2025,0101-708X/1984-8501,否,否,是,ESCI,0.1,,社会学,4 [1992/2039],否,三级, GEOGRAPHY 地理学,4 [158/171],,,,,,,,,,
Novedades en Poblacion,2025,1817-4078/1817-4078,否,否,是,ESCI,0.2,,社会学,4 [1993/2039],否,三级, DEMOGRAPHY 人口学,4 [49/49],,,,,,,,,,
Revista de Direito Sanitario-Journal of Health Law,2025,1516-4179/2316-9044,否,否,是,ESCI,0.1,,社会学,4 [1994/2039],否,三级, LAW 法学,4 [423/427],,,,,,,,,,
Revista de Estudios Regionales,2025,0213-7585/0213-7585,否,否,否,ESCI,0.3,,社会学,4 [1995/2039],否,三级, ENVIRONMENTAL STUDIES 环境研究,4 [178/183],,,,,,,,,,
Barataria-Revista Castellano-Manchega de Ciencias Sociales,2025,1575-0825/2172-3184,否,否,是,ESCI,<0.1,,社会学,4 [1996/2039],否,三级," SOCIAL SCIENCES, INTERDISCIPLINARY 社会科学：跨领域",4 [247/263],,,,,,,,,,
Zbornik Veleucilista u Rijeci-Journal of the Polytechnics of Rijeka,2025,1848-1299/1849-1723,否,否,否,ESCI,0.3,,社会学,4 [1997/2039],否,三级," SOCIAL SCIENCES, INTERDISCIPLINARY 社会科学：跨领域",4 [248/263],,,,,,,,,,
Geography and Natural Resources,2025,1875-3728/1875-371X,否,否,否,ESCI,0.4,,社会学,4 [1998/2039],否,三级, GEOGRAPHY 地理学,4 [159/171],,,,,,,,,,
Cimexus,2025,1870-6479/2007-9206,否,否,是,ESCI,<0.1,,社会学,4 [1999/2039],否,三级, POLITICAL SCIENCE 政治学,4 [314/317],,,,,,,,,,
Developpement Durable & Territoires,2025,1772-9971/1772-9971,否,否,是,ESCI,0.2,,社会学,4 [2000/2039],否,三级, GEOGRAPHY 地理学,4 [160/171],,,,,,,,,,
Anthropologie et Sante-Revue Internationale Francophone d Anthropologie de la Sante,2025,2111-5028/2111-5028,否,否,是,ESCI,0.1,,社会学,4 [2001/2039],否,三级, ANTHROPOLOGY 人类学,4 [137/137],,,,,,,,,,
IDP-Internet Law and Politics,2025,1699-8154/1699-8154,否,否,是,ESCI,0.4,,社会学,4 [2002/2039],否,三级, POLITICAL SCIENCE 政治学,4 [315/317],,,,,,,,,,
M+A-Revista Electronica de Medio Ambiente,2025,1886-3329/1886-3329,否,否,否,ESCI,0.1,,社会学,4 [2003/2039],否,三级, ENVIRONMENTAL STUDIES 环境研究,4 [180/183],,,,,,,,,,
Geodetski Vestnik,2025,0351-0271/1581-1328,否,否,是,SSCI,0.3,,社会学,4 [2004/2039],否,三级, GEOGRAPHY 地理学,4 [161/171],,,,,,,,,,
Sri Lanka Journal of Social Sciences,2025,0258-9710/2478-1169,否,否,否,ESCI,0.4,,社会学,4 [2005/2039],否,三级," SOCIAL SCIENCES, INTERDISCIPLINARY 社会科学：跨领域",4 [249/263],,,,,,,,,,
Romanian Journal of Political Science,2025,1582-456X,否,否,否,SSCI,0.1,,社会学,4 [2006/2039],否,三级, POLITICAL SCIENCE 政治学,4 [317/317],,,,,,,,,,
Present Environment and Sustainable Development,2025,1843-5971/2284-7820,否,否,是,ESCI,0.6,,社会学,4 [2007/2039],否,三级, GEOGRAPHY 地理学,4 [162/171],,,,,,,,,,
Revista Ra Ximhai,2025,1665-0441/1665-0441,否,否,是,ESCI,0.2,,社会学,4 [2008/2039],否,三级," SOCIAL SCIENCES, INTERDISCIPLINARY 社会科学：跨领域",4 [250/263],,,,,,,,,,
Revista Formacao Online,2025,2178-7298/1517-543X,否,否,是,ESCI,<0.1,,社会学,4 [2009/2039],否,三级, GEOGRAPHY 地理学,4 [163/171],,,,,,,,,,
Revue d Anthropologie des Connaissances,2025,1760-5393/1760-5393,否,否,是,ESCI,0.4,,社会学,4 [2010/2039],否,三级," SOCIAL SCIENCES, INTERDISCIPLINARY 社会科学：跨领域",4 [251/263],,,,,,,,,,
Journal of Social Work Education and Practice,2025,2456-2068/2456-2068,否,否,是,ESCI,0.2,,社会学,4 [2011/2039],否,三级, SOCIAL WORK 社会工作,4 [90/91],,,,,,,,,,
Equidad & Desarrollo,2025,1692-7311/2389-8844,否,否,是,ESCI,0.2,,社会学,4 [2012/2039],否,三级, SOCIAL ISSUES 社会问题,4 [66/66],,,,,,,,,,
Cultura y Droga,2025,0122-8455/2590-7840,否,否,是,ESCI,0.1,,社会学,4 [2013/2039],否,三级," SOCIAL SCIENCES, INTERDISCIPLINARY 社会科学：跨领域",4 [252/263],,,,,,,,,,
Revista Geografica de America Central,2025,1011-484X/2215-2563,否,否,是,ESCI,0.3,,社会学,4 [2014/2039],否,三级, GEOGRAPHY 地理学,4 [164/171],,,,,,,,,,
Revista Cientifica da Faculdade de Educacao e Meio Ambiente,2025,2179-4200/2179-4200,否,否,否,ESCI,0.1,,社会学,4 [2015/2039],否,三级," SOCIAL SCIENCES, INTERDISCIPLINARY 社会科学：跨领域",4 [253/263],,,,,,,,,,
Logos Ciencia & Tecnologia,2025,2145-549X/2422-4200,否,否,是,ESCI,0.2,,社会学,4 [2016/2039],否,三级," SOCIAL SCIENCES, INTERDISCIPLINARY 社会科学：跨领域",4 [254/263],,,,,,,,,,
Ljetopis Socijalnog Rada,2025,1846-5412/1846-5412,否,否,是,SSCI,0.1,,社会学,4 [2017/2039],否,三级, SOCIAL WORK 社会工作,4 [91/91],,,,,,,,,,
Cadernos de Geografia,2025,0871-1623/2183-4016,否,否,是,ESCI,0.2,,社会学,4 [2018/2039],否,三级, GEOGRAPHY 地理学,4 [165/171],,,,,,,,,,
Revista San Gregorio,2025,1390-7247/2528-7907,否,否,是,ESCI,0.2,,社会学,4 [2019/2039],否,三级," SOCIAL SCIENCES, INTERDISCIPLINARY 社会科学：跨领域",4 [256/263],,,,,,,,,,
Geo UERJ,2025,1415-7543/1981-9021,否,否,是,ESCI,0.1,,社会学,4 [2020/2039],否,三级, GEOGRAPHY 地理学,4 [166/171],,,,,,,,,,
Polem!ca,2025,1676-0727/1676-0727,否,否,否,ESCI,,,社会学,4 [2021/2039],否,三级," SOCIAL SCIENCES, INTERDISCIPLINARY 社会科学：跨领域",4 [257/263],,,,,,,,,,
MEDICINE AND LAW,2025,0723-1393/2471-836X,否,否,否,ESCI,0.1,,社会学,4 [2022/2039],否,三级, LAW 法学,4 [425/427],,,,,,,,,,
Ciencia Ergo-Sum,2025,1405-0269/2395-8782,否,否,是,ESCI,0.2,,社会学,4 [2023/2039],否,三级," SOCIAL SCIENCES, INTERDISCIPLINARY 社会科学：跨领域",4 [258/263],,,,,,,,,,
Journal for New Generation Sciences,2025,1684-4998/1684-4998,否,否,否,ESCI,0.3,,社会学,4 [2024/2039],否,三级," SOCIAL SCIENCES, INTERDISCIPLINARY 社会科学：跨领域",4 [259/263],,,,,,,,,,
ASR Chiang Mai University Journal of Social Sciences and Humanities,2025,2408-1469/2408-1469,否,否,否,ESCI,0.2,,社会学,4 [2025/2039],否,三级," SOCIAL SCIENCES, INTERDISCIPLINARY 社会科学：跨领域",4 [260/263],,,,,,,,,,
International Journal of Applied Geospatial Research,2025,1947-9654/1947-9662,否,否,否,ESCI,0.3,,社会学,4 [2026/2039],否,三级, GEOGRAPHY 地理学,4 [167/171],,,,,,,,,,
Cuadernos del CIMBAGE,2025,1666-5112/1669-1830,否,否,是,ESCI,0.3,,社会学,4 [2027/2039],否,三级," SOCIAL SCIENCES, MATHEMATICAL METHODS 社会科学：数理方法",4 [67/67],,,,,,,,,,
Journal of Gerontology and Geriatrics,2025,2499-6564/2499-6564,否,否,否,ESCI,0.5,,社会学,4 [2028/2039],否,三级, GERONTOLOGY 老年医学（社科）,4 [47/48],,,,,,,,,,
Revista Acta Geografica,2025,1980-5772/2177-4307,否,否,否,ESCI,<0.1,,社会学,4 [2029/2039],否,三级, GEOGRAPHY 地理学,4 [168/171],,,,,,,,,,
International Journal of Environment and Sustainable Development,2025,1474-6778/1478-7466,否,否,否,ESCI,0.9,,社会学,4 [2030/2039],否,三级, ENVIRONMENTAL STUDIES 环境研究,4 [181/183],,,,,,,,,,
Revista Tecnologia e Sociedade,2025,1809-0044/1984-3526,否,否,是,ESCI,0.2,,社会学,4 [2031/2039],否,三级," SOCIAL SCIENCES, INTERDISCIPLINARY 社会科学：跨领域",4 [261/263],,,,,,,,,,
Revue de Geographie Alpine-Journal of Alpine Research,2025,0035-1121/1760-7426,否,否,是,SSCI,0.3,,社会学,4 [2032/2039],否,三级, GEOGRAPHY 地理学,4 [169/171],,,,,,,,,,
Actualidad Juridica Ambiental,2025,1989-5666/1989-5666,否,否,是,ESCI,,,社会学,4 [2033/2039],否,三级, LAW 法学,4 [426/427],,,,,,,,,,
Boletin Geografico,2025,0326-1735/2313-903X,否,否,是,ESCI,0.1,,社会学,4 [2034/2039],否,三级, GEOGRAPHY 地理学,4 [170/171],,,,,,,,,,
Entorno Geografico,2025,1692-0074/2382-3518,否,否,是,ESCI,0.1,,社会学,4 [2035/2039],否,三级, GEOGRAPHY 地理学,4 [171/171],,,,,,,,,,
Ciencia UNEMI,2025,1390-4272/2528-7737,否,否,是,ESCI,0.2,,社会学,4 [2036/2039],否,三级," SOCIAL SCIENCES, INTERDISCIPLINARY 社会科学：跨领域",4 [262/263],,,,,,,,,,
INTERNATIONAL JOURNAL OF GLOBAL ENERGY ISSUES,2025,0954-7118/1741-5128,否,否,否,ESCI,0.6,,社会学,4 [2037/2039],否,三级, ENVIRONMENTAL STUDIES 环境研究,4 [182/183],,,,,,,,,,
Revista Cientifica Hermes,2025,2175-0556/2175-0556,否,否,是,ESCI,<0.1,,社会学,4 [2038/2039],否,三级," SOCIAL SCIENCES, INTERDISCIPLINARY 社会科学：跨领域",4 [263/263],,,,,,,,,,
Revista Eletronica em Gestao Educacao e Tecnologia Ambiental,2025,2236-1170/2236-1170,否,否,否,ESCI,0.2,,社会学,4 [2039/2039],否,三级, ENVIRONMENTAL STUDIES 环境研究,4 [183/183],,,,,,,,,,
