Journal,年份,ISSN/EISSN,Review,OA Journal Index（OAJ）,Open Access,Web of Science,影响因子,标注,大类,大类分区,Top,权威期刊,小类1,小类1分区,小类2,小类2分区,小类3,小类3分区,小类4,小类4分区,小类5,小类5分区,小类6,小类6分区
Annual Review of Entomology,2025,0066-4170/1545-4487,是,否,否,SCIE,16.7,,农林科学,1 [1/904],是,一级, ENTOMOLOGY 昆虫学,1 [1/109],,,,,,,,,,
Nature Food,2025,2662-1355/2662-1355,否,否,否,SCIE,21.9,,农林科学,1 [2/904],是,一级, FOOD SCIENCE & TECHNOLOGY 食品科技,1 [1/173],,,,,,,,,,
Annual Review of Phytopathology,2025,0066-4286/1545-2107,是,否,否,SCIE,11.9,,农林科学,1 [3/904],是,一级, PLANT SCIENCES 植物科学,1 [5/265],,,,,,,,,,
TRENDS IN FOOD SCIENCE & TECHNOLOGY,2025,0924-2244/1879-3053,是,否,否,SCIE,15.4,,农林科学,1 [4/904],是,一级, FOOD SCIENCE & TECHNOLOGY 食品科技,1 [2/173],,,,,,,,,,
SYSTEMATIC ENTOMOLOGY,2025,0307-6970/1365-3113,否,否,否,SCIE,4.9,,农林科学,1 [5/904],是,一级, ENTOMOLOGY 昆虫学,1 [2/109], EVOLUTIONARY BIOLOGY 进化生物学,1 [4/52],,,,,,,,
COMPREHENSIVE REVIEWS IN FOOD SCIENCE AND FOOD SAFETY,2025,1541-4337/1541-4337,是,否,否,SCIE,14.1,,农林科学,1 [6/904],是,一级, FOOD SCIENCE & TECHNOLOGY 食品科技,1 [3/173],,,,,,,,,,
Reviews in Aquaculture,2025,1753-5123/1753-5131,是,否,否,SCIE,11.3,,农林科学,1 [7/904],是,一级, FISHERIES 渔业,1 [1/61],,,,,,,,,,
Annual Review of Animal Biosciences,2025,2165-8102/2165-8110,是,否,否,SCIE,8.7,,农林科学,1 [8/904],是,一级," AGRICULTURE, DAIRY & ANIMAL SCIENCE 奶制品与动物科学",1 [1/80], BIOTECHNOLOGY & APPLIED MICROBIOLOGY 生物工程与应用微生物,1 [6/174], VETERINARY SCIENCES 兽医学,1 [1/167], ZOOLOGY 动物学,1 [1/179],,,,
Current Forestry Reports,2025,2198-6436/2198-6436,是,否,否,SCIE,7.2,,农林科学,1 [9/904],是,一级, FORESTRY 林学,1 [1/89],,,,,,,,,,
FOOD HYDROCOLLOIDS,2025,0268-005X/1873-7137,否,否,否,SCIE,12.4,,农林科学,1 [10/904],是,一级," CHEMISTRY, APPLIED 应用化学",1 [1/74], FOOD SCIENCE & TECHNOLOGY 食品科技,1 [5/173],,,,,,,,
Annual Review of Food Science and Technology,2025,1941-1413/1941-1421,是,否,否,SCIE,12.4,,农林科学,1 [11/904],是,一级, FOOD SCIENCE & TECHNOLOGY 食品科技,1 [6/173],,,,,,,,,,
Horticulture Research,2025,2662-6810/2052-7276,否,否,是,SCIE,8.5,,农林科学,1 [12/904],是,一级, GENETICS & HEREDITY 遗传学,1 [6/190], HORTICULTURE 园艺,1 [1/38], PLANT SCIENCES 植物科学,1 [8/265],,,,,,
FISH AND FISHERIES,2025,1467-2960/1467-2979,否,否,否,SCIE,6.1,,农林科学,1 [13/904],是,一级, FISHERIES 渔业,1 [2/61],,,,,,,,,,
Food Chemistry,2025,0308-8146/1873-7072,否,否,否,SCIE,9.8,Mega-Journal,农林科学,1 [14/904],是,一级," CHEMISTRY, APPLIED 应用化学",1 [2/74], FOOD SCIENCE & TECHNOLOGY 食品科技,1 [7/173], NUTRITION & DIETETICS 营养学,1 [4/113],,,,,,
Journal of Bioresources and Bioproducts,2025,2097-2415/2369-9698,否,否,是,SCIE,13,,农林科学,1 [15/904],是,一级," MATERIALS SCIENCE, PAPER & WOOD 材料科学：纸与木材",1 [1/23],,,,,,,,,,
SOIL BIOLOGY & BIOCHEMISTRY,2025,0038-0717/1879-3428,否,否,否,SCIE,10.3,,农林科学,1 [16/904],是,一级, SOIL SCIENCE 土壤科学,1 [1/48],,,,,,,,,,
International Soil and Water Conservation Research,2025,2095-6339/2589-059X,否,是,是,SCIE,7.3,,农林科学,1 [17/904],是,一级, ENVIRONMENTAL SCIENCES 环境科学,1 [16/357], SOIL SCIENCE 土壤科学,1 [2/48], WATER RESOURCES 水资源,1 [2/124],,,,,,
REVIEWS IN FISH BIOLOGY AND FISHERIES,2025,0960-3166/1573-5184,是,否,否,SCIE,4.6,,农林科学,1 [18/904],是,一级, FISHERIES 渔业,1 [3/61], MARINE & FRESHWATER BIOLOGY 海洋与淡水生物学,1 [2/118],,,,,,,,
ENTOMOLOGIA GENERALIS,2025,0171-8177/2363-7102,否,否,否,SCIE,4.6,,农林科学,1 [19/904],是,一级, ENTOMOLOGY 昆虫学,1 [3/109],,,,,,,,,,
Current Opinion in Insect Science,2025,2214-5745/2214-5753,是,否,否,SCIE,4.8,,农林科学,1 [20/904],是,一级, ECOLOGY 生态学,1 [8/196], ENTOMOLOGY 昆虫学,1 [4/109], BIOLOGY 生物学,2 [10/109],,,,,,
Plant Phenomics,2025,2643-6515/2643-6515,否,否,是,SCIE,6.4,,农林科学,1 [21/904],是,一级, AGRONOMY 农艺学,1 [1/127], PLANT SCIENCES 植物科学,1 [13/265], REMOTE SENSING 遥感,2 [8/61],,,,,,
AGRICULTURE ECOSYSTEMS & ENVIRONMENT,2025,0167-8809/1873-2305,否,否,否,SCIE,6.4,,农林科学,1 [22/904],是,一级," AGRICULTURE, MULTIDISCIPLINARY 农业综合",1 [1/88], ECOLOGY 生态学,1 [11/196], ENVIRONMENTAL SCIENCES 环境科学,1 [21/357],,,,,,
Insect Systematics and Diversity,2025,2399-3421/2399-3421,否,否,否,SCIE,3.1,,农林科学,1 [23/904],是,一级, ENTOMOLOGY 昆虫学,1 [5/109],,,,,,,,,,
Horticultural Plant Journal,2025,2095-9885/2468-0141,否,是,是,SCIE,6.2,,农林科学,1 [24/904],是,一级, HORTICULTURE 园艺,1 [2/38], PLANT SCIENCES 植物科学,1 [15/265],,,,,,,,
COMPUTERS AND ELECTRONICS IN AGRICULTURE,2025,0168-1699/1872-7107,否,否,否,SCIE,8.9,,农林科学,1 [25/904],是,一级," AGRICULTURE, MULTIDISCIPLINARY 农业综合",1 [2/88]," COMPUTER SCIENCE, INTERDISCIPLINARY APPLICATIONS 计算机：跨学科应用",1 [10/172],,,,,,,,
FIELD CROPS RESEARCH,2025,0378-4290/1872-6852,否,否,否,SCIE,6.4,,农林科学,1 [26/904],是,一级, AGRONOMY 农艺学,1 [2/127],,,,,,,,,,
Current Opinion in Food Science,2025,2214-7993/2214-8000,是,否,否,SCIE,9.1,,农林科学,1 [27/904],是,一级, FOOD SCIENCE & TECHNOLOGY 食品科技,2 [18/173],,,,,,,,,,
Animal Nutrition,2025,2405-6383/2405-6545,否,是,是,SCIE,7.5,,农林科学,1 [28/904],是,一级," AGRICULTURE, DAIRY & ANIMAL SCIENCE 奶制品与动物科学",1 [2/80], VETERINARY SCIENCES 兽医学,1 [2/167],,,,,,,,
Reviews in Fisheries Science & Aquaculture,2025,2330-8249/2330-8257,是,否,否,SCIE,5.3,,农林科学,1 [29/904],是,一级, FISHERIES 渔业,2 [9/61],,,,,,,,,,
POSTHARVEST BIOLOGY AND TECHNOLOGY,2025,0925-5214/1873-2356,否,否,否,SCIE,6.8,,农林科学,1 [30/904],是,一级, AGRONOMY 农艺学,1 [3/127], FOOD SCIENCE & TECHNOLOGY 食品科技,1 [9/173], HORTICULTURE 园艺,1 [3/38],,,,,,
Journal of Animal Science and Biotechnology,2025,1674-9782/2049-1891,否,否,是,SCIE,6.5,,农林科学,1 [31/904],是,一级," AGRICULTURE, DAIRY & ANIMAL SCIENCE 奶制品与动物科学",1 [3/80],,,,,,,,,,
Agricultural Water Management,2025,0378-3774/1873-2283,否,是,是,SCIE,6.5,,农林科学,1 [32/904],是,一级, AGRONOMY 农艺学,1 [4/127], WATER RESOURCES 水资源,1 [4/124],,,,,,,,
FOOD RESEARCH INTERNATIONAL,2025,0963-9969/1873-7145,否,否,否,SCIE,8,,农林科学,1 [33/904],是,一级, FOOD SCIENCE & TECHNOLOGY 食品科技,1 [10/173],,,,,,,,,,
Food Chemistry-X,2025,2590-1575/2590-1575,否,否,是,SCIE,8.2,,农林科学,1 [34/904],是,一级," CHEMISTRY, APPLIED 应用化学",1 [5/74], FOOD SCIENCE & TECHNOLOGY 食品科技,1 [11/173],,,,,,,,
AGRICULTURAL SYSTEMS,2025,0308-521X/1873-2267,否,否,否,SCIE,6.1,,农林科学,1 [35/904],是,一级," AGRICULTURE, MULTIDISCIPLINARY 农业综合",1 [3/88],,,,,,,,,,
MOLECULAR PLANT PATHOLOGY,2025,1464-6722/1364-3703,否,是,是,SCIE,4.9,,农林科学,1 [36/904],是,一级, PLANT SCIENCES 植物科学,1 [19/265],,,,,,,,,,
SOIL & TILLAGE RESEARCH,2025,0167-1987/1879-3444,否,否,否,SCIE,6.8,,农林科学,1 [37/904],是,一级, SOIL SCIENCE 土壤科学,1 [3/48],,,,,,,,,,
Crop Journal,2025,2095-5421/2214-5141,否,是,是,SCIE,5.6,,农林科学,1 [38/904],是,一级, AGRONOMY 农艺学,1 [5/127], PLANT SCIENCES 植物科学,1 [21/265],,,,,,,,
JOURNAL OF PEST SCIENCE,2025,1612-4758/1612-4766,否,否,否,SCIE,4.1,,农林科学,1 [39/904],是,一级, ENTOMOLOGY 昆虫学,1 [6/109],,,,,,,,,,
INTERNATIONAL JOURNAL OF FOOD MICROBIOLOGY,2025,0168-1605/1879-3460,否,否,否,SCIE,5.2,,农林科学,1 [40/904],是,一级, FOOD SCIENCE & TECHNOLOGY 食品科技,1 [12/173], MICROBIOLOGY 微生物学,2 [20/159],,,,,,,,
CATENA,2025,0341-8162/1872-6887,否,否,否,SCIE,5.7,,农林科学,1 [41/904],是,一级," GEOSCIENCES, MULTIDISCIPLINARY 地球科学：综合",1 [21/258], SOIL SCIENCE 土壤科学,1 [4/48], WATER RESOURCES 水资源,1 [7/124],,,,,,
Innovative Food Science & Emerging Technologies,2025,1466-8564/1878-5522,否,否,否,SCIE,6.8,,农林科学,1 [42/904],是,一级, FOOD SCIENCE & TECHNOLOGY 食品科技,1 [13/173],,,,,,,,,,
GENETICS SELECTION EVOLUTION,2025,0999-193X/1297-9686,否,否,是,SCIE,3.1,,农林科学,1 [43/904],是,一级," AGRICULTURE, DAIRY & ANIMAL SCIENCE 奶制品与动物科学",1 [4/80], GENETICS & HEREDITY 遗传学,2 [26/190],,,,,,,,
AGRICULTURAL AND FOREST METEOROLOGY,2025,0168-1923/1873-2240,否,否,否,SCIE,5.7,,农林科学,1 [44/904],是,一级, AGRONOMY 农艺学,1 [7/127], FORESTRY 林学,1 [3/89], METEOROLOGY & ATMOSPHERIC SCIENCES 气象与大气科学,1 [11/109],,,,,,
Agronomy for Sustainable Development,2025,1774-0746/1773-0155,否,否,否,SCIE,6.7,,农林科学,1 [45/904],是,一级, AGRONOMY 农艺学,1 [8/127], GREEN & SUSTAINABLE SCIENCE & TECHNOLOGY 绿色可持续发展技术,3 [19/91],,,,,,,,
Pesticide Biochemistry and Physiology,2025,0048-3575/1095-9939,否,否,否,SCIE,4,,农林科学,1 [46/904],是,一级, ENTOMOLOGY 昆虫学,1 [7/109], PHYSIOLOGY 生理学,1 [6/84], BIOCHEMISTRY & MOLECULAR BIOLOGY 生化与分子生物学,2 [49/310],,,,,,
LWT-FOOD SCIENCE AND TECHNOLOGY,2025,0023-6438/1096-1127,否,是,是,SCIE,6.6,,农林科学,1 [47/904],是,一级, FOOD SCIENCE & TECHNOLOGY 食品科技,1 [15/173],,,,,,,,,,
FOOD CONTROL,2025,0956-7135/1873-7129,否,否,否,SCIE,6.3,,农林科学,1 [48/904],是,一级, FOOD SCIENCE & TECHNOLOGY 食品科技,2 [20/173],,,,,,,,,,
THEORETICAL AND APPLIED GENETICS,2025,0040-5752/1432-2242,否,否,否,SCIE,4.2,,农林科学,1 [49/904],是,一级, PLANT SCIENCES 植物科学,1 [23/265], AGRONOMY 农艺学,2 [9/127], GENETICS & HEREDITY 遗传学,2 [27/190], HORTICULTURE 园艺,2 [4/38],,,,
Geoderma,2025,0016-7061/1872-6259,否,是,是,SCIE,6.6,,农林科学,1 [50/904],是,一级, SOIL SCIENCE 土壤科学,2 [6/48],,,,,,,,,,
JOURNAL OF AGRICULTURAL AND FOOD CHEMISTRY,2025,0021-8561/1520-5118,否,否,否,SCIE,6.2,,农林科学,1 [51/904],是,一级," AGRICULTURE, MULTIDISCIPLINARY 农业综合",1 [4/88]," CHEMISTRY, APPLIED 应用化学",2 [11/74], FOOD SCIENCE & TECHNOLOGY 食品科技,2 [21/173],,,,,,
MEAT SCIENCE,2025,0309-1740/1873-4138,否,否,否,SCIE,6.1,,农林科学,1 [52/904],是,一级, FOOD SCIENCE & TECHNOLOGY 食品科技,2 [22/173],,,,,,,,,,
JOURNAL OF DAIRY SCIENCE,2025,0022-0302/1525-3198,否,是,是,SCIE,4.4,,农林科学,1 [53/904],是,一级," AGRICULTURE, DAIRY & ANIMAL SCIENCE 奶制品与动物科学",1 [5/80], FOOD SCIENCE & TECHNOLOGY 食品科技,2 [23/173],,,,,,,,
EUROPEAN JOURNAL OF AGRONOMY,2025,1161-0301/1873-7331,否,否,否,SCIE,5.5,,农林科学,1 [54/904],是,一级, AGRONOMY 农艺学,2 [10/127],,,,,,,,,,
Rice,2025,1939-8425/1939-8433,否,是,是,SCIE,5,,农林科学,1 [55/904],是,一级, AGRONOMY 农艺学,2 [11/127],,,,,,,,,,
npj Science of Food,2025,2396-8370/2396-8370,否,是,是,SCIE,7.8,,农林科学,1 [56/904],是,一级, FOOD SCIENCE & TECHNOLOGY 食品科技,2 [24/173],,,,,,,,,,
Current Research in Food Science,2025,2665-9271/2665-9271,否,是,是,SCIE,7,,农林科学,1 [57/904],是,一级, FOOD SCIENCE & TECHNOLOGY 食品科技,2 [25/173],,,,,,,,,,
FOOD MICROBIOLOGY,2025,0740-0020/1095-9998,否,否,否,SCIE,4.6,,农林科学,1 [58/904],是,一级, BIOTECHNOLOGY & APPLIED MICROBIOLOGY 生物工程与应用微生物,1 [15/174], FOOD SCIENCE & TECHNOLOGY 食品科技,2 [26/173], MICROBIOLOGY 微生物学,2 [28/159],,,,,,
Food Packaging and Shelf Life,2025,2214-2894/2214-2894,否,否,否,SCIE,10.6,,农林科学,1 [59/904],是,一级, FOOD SCIENCE & TECHNOLOGY 食品科技,2 [27/173],,,,,,,,,,
Forest Policy and Economics,2025,1389-9341/1872-7050,否,否,否,SSCI;SCIE,3.8,,农林科学,1 [60/904],是,一级, FORESTRY 林学,1 [4/89], ECONOMICS 经济学,2 [75/599], ENVIRONMENTAL STUDIES 环境研究,2 [36/183],,,,,,
INDUSTRIAL CROPS AND PRODUCTS,2025,0926-6690/1872-633X,否,否,否,SCIE,6.2,,农林科学,1 [61/904],是,一级, AGRICULTURAL ENGINEERING 农业工程,1 [2/19], AGRONOMY 农艺学,2 [12/127],,,,,,,,
Animal,2025,1751-7311/1751-732X,否,是,是,SCIE,4.2,,农林科学,1 [62/904],是,一级," AGRICULTURE, DAIRY & ANIMAL SCIENCE 奶制品与动物科学",1 [6/80], VETERINARY SCIENCES 兽医学,1 [4/167],,,,,,,,
Food Quality and Preference,2025,0950-3293/1873-6343,否,否,否,SCIE,4.9,,农林科学,1 [63/904],是,一级, FOOD SCIENCE & TECHNOLOGY 食品科技,2 [28/173],,,,,,,,,,
Information Processing in Agriculture,2025,2214-3173/2214-3173,否,否,是,SCIE,7.4,,农林科学,1 [64/904],是,一级," AGRICULTURE, MULTIDISCIPLINARY 农业综合",2 [7/88]," COMPUTER SCIENCE, INTERDISCIPLINARY APPLICATIONS 计算机：跨学科应用",2 [30/172],,,,,,,,
PEST MANAGEMENT SCIENCE,2025,1526-498X/1526-4998,否,否,否,SCIE,3.8,,农林科学,1 [65/904],是,一级, ENTOMOLOGY 昆虫学,1 [8/109], AGRONOMY 农艺学,2 [13/127],,,,,,,,
Food Science and Human Wellness,2025,2213-4530/2213-4530,否,是,是,SCIE,7.4,,农林科学,1 [66/904],是,一级, FOOD SCIENCE & TECHNOLOGY 食品科技,1 [16/173], NUTRITION & DIETETICS 营养学,1 [12/113],,,,,,,,
Artificial Intelligence in Agriculture,2025,2589-7217/2589-7217,否,否,是,SCIE,12.4,,农林科学,1 [67/904],是,一级," AGRICULTURE, MULTIDISCIPLINARY 农业综合",2 [8/88]," COMPUTER SCIENCE, ARTIFICIAL INTELLIGENCE 计算机：人工智能",2 [37/196],,,,,,,,
Food Frontiers,2025,2643-8429/2643-8429,否,否,是,ESCI,6.9,,农林科学,1 [68/904],是,一级, FOOD SCIENCE & TECHNOLOGY 食品科技,2 [30/173],,,,,,,,,,
Virulence,2025,2150-5594/2150-5608,否,否,是,SCIE,5.4,,农林科学,1 [69/904],是,一级, IMMUNOLOGY 免疫学,2 [38/179], INFECTIOUS DISEASES 传染病学,2 [18/134], MICROBIOLOGY 微生物学,2 [32/159],,,,,,
INSECT BIOCHEMISTRY AND MOLECULAR BIOLOGY,2025,0965-1748/1879-0240,否,否,否,SCIE,3.7,,农林科学,1 [70/904],是,一级, ENTOMOLOGY 昆虫学,1 [9/109], BIOCHEMISTRY & MOLECULAR BIOLOGY 生化与分子生物学,2 [58/310],,,,,,,,
Forest Ecosystems,2025,2095-6355/2197-5620,否,是,是,SCIE,4.4,中国SCI期刊支持计划,农林科学,1 [71/904],是,一级, FORESTRY 林学,1 [5/89],,,,,,,,,,
Journal of Integrative Agriculture,2025,2095-3119/2352-3425,否,是,是,SCIE,4.4,中国SCI期刊支持计划,农林科学,1 [72/904],是,一级," AGRICULTURE, MULTIDISCIPLINARY 农业综合",1 [6/88],,,,,,,,,,
Insect Science,2025,1672-9609/1744-7917,否,否,否,SCIE,3,中国SCI期刊支持计划,农林科学,1 [73/904],是,一级, ENTOMOLOGY 昆虫学,1 [11/109],,,,,,,,,,
JOURNAL OF FORESTRY RESEARCH,2025,1007-662X/1993-0607,否,否,否,SCIE,4.6,中国SCI期刊支持计划,农林科学,1 [74/904],是,一级, FORESTRY 林学,1 [9/89],,,,,,,,,,
Journal of Future Foods,2025,2772-5669/2772-5669,否,否,否,ESCI,7.2,中国SCI期刊支持计划,农林科学,1 [75/904],是,一级, FOOD SCIENCE & TECHNOLOGY 食品科技,1 [17/173],,,,,,,,,,
CRITICAL REVIEWS IN FOOD SCIENCE AND NUTRITION,2025,1040-8398/1549-7852,是,否,否,SCIE,8.8,,农林科学,2 [76/904],是,一级, FOOD SCIENCE & TECHNOLOGY 食品科技,2 [19/173], NUTRITION & DIETETICS 营养学,2 [14/113],,,,,,,,
ANIMAL HEALTH RESEARCH REVIEWS,2025,1466-2523/1475-2654,是,否,否,SCIE,5.6,,农林科学,2 [77/904],否,一级, VETERINARY SCIENCES 兽医学,1 [3/167],,,,,,,,,,
ES Food and Agroforestry,2025,2687-7295/2687-7309,否,是,是,,,,农林科学,2 [78/904],否,一级, AGRONOMY 农艺学,1 [6/127], FOOD SCIENCE & TECHNOLOGY 食品科技,1 [14/173],,,,,,,,
BIOSYSTEMS ENGINEERING,2025,1537-5110/1537-5129,否,否,否,SCIE,5.3,,农林科学,2 [79/904],是,一级, AGRICULTURAL ENGINEERING 农业工程,2 [3/19]," AGRICULTURE, MULTIDISCIPLINARY 农业综合",2 [9/88],,,,,,,,
POULTRY SCIENCE,2025,0032-5791/1525-3171,否,是,是,SCIE,4.2,,农林科学,2 [80/904],是,一级," AGRICULTURE, DAIRY & ANIMAL SCIENCE 奶制品与动物科学",2 [7/80],,,,,,,,,,
FOREST ECOLOGY AND MANAGEMENT,2025,0378-1127/1872-7042,否,否,否,SCIE,3.7,,农林科学,2 [81/904],是,一级, FORESTRY 林学,1 [6/89],,,,,,,,,,
WORLDS POULTRY SCIENCE JOURNAL,2025,0043-9339/1743-4777,是,否,否,SCIE,3.5,,农林科学,2 [82/904],否,一级," AGRICULTURE, DAIRY & ANIMAL SCIENCE 奶制品与动物科学",2 [8/80],,,,,,,,,,
Food and Bioprocess Technology,2025,1935-5130/1935-5149,否,否,否,SCIE,5.8,,农林科学,2 [83/904],是,一级, FOOD SCIENCE & TECHNOLOGY 食品科技,2 [31/173],,,,,,,,,,
AQUACULTURE,2025,0044-8486/1873-5622,否,否,否,SCIE,3.9,,农林科学,2 [84/904],是,一级, FISHERIES 渔业,1 [5/61], MARINE & FRESHWATER BIOLOGY 海洋与淡水生物学,1 [5/118],,,,,,,,
Food Engineering Reviews,2025,1866-7910/1866-7929,是,否,否,SCIE,7.6,,农林科学,2 [85/904],否,一级, FOOD SCIENCE & TECHNOLOGY 食品科技,2 [32/173],,,,,,,,,,
Future Foods,2025,2666-8335/2666-8335,否,否,否,ESCI,8.2,,农林科学,2 [86/904],否,一级, FOOD SCIENCE & TECHNOLOGY 食品科技,2 [34/173],,,,,,,,,,
VETERINARY RESEARCH,2025,0928-4249/1297-9716,否,否,是,SCIE,3.5,,农林科学,2 [87/904],否,一级, VETERINARY SCIENCES 兽医学,1 [7/167],,,,,,,,,,
Food & Function,2025,2042-6496/2042-650X,否,否,否,SCIE,5.4,,农林科学,2 [88/904],是,一级, BIOCHEMISTRY & MOLECULAR BIOLOGY 生化与分子生物学,2 [66/310], FOOD SCIENCE & TECHNOLOGY 食品科技,2 [35/173],,,,,,,,
BIOLOGY AND FERTILITY OF SOILS,2025,0178-2762/1432-0789,否,否,否,SCIE,5.6,,农林科学,2 [89/904],否,一级, SOIL SCIENCE 土壤科学,2 [7/48],,,,,,,,,,
JOURNAL OF FOOD COMPOSITION AND ANALYSIS,2025,0889-1575/1096-0481,否,否,否,SCIE,4.6,,农林科学,2 [90/904],是,一级," CHEMISTRY, APPLIED 应用化学",2 [13/74], FOOD SCIENCE & TECHNOLOGY 食品科技,2 [36/173],,,,,,,,
Journal of Agriculture and Food Research,2025,2666-1543/2666-1543,否,否,是,ESCI,6.2,,农林科学,2 [91/904],是,一级," AGRICULTURE, MULTIDISCIPLINARY 农业综合",2 [10/88], FOOD SCIENCE & TECHNOLOGY 食品科技,2 [37/173],,,,,,,,
Insect Conservation and Diversity,2025,1752-458X/1752-4598,否,否,否,SCIE,3.2,,农林科学,2 [92/904],否,一级, ENTOMOLOGY 昆虫学,1 [10/109],,,,,,,,,,
International Journal of Agricultural Sustainability,2025,1473-5903/1747-762X,否,否,是,SCIE,2.9,,农林科学,2 [93/904],否,一级," AGRICULTURE, MULTIDISCIPLINARY 农业综合",2 [11/88], GREEN & SUSTAINABLE SCIENCE & TECHNOLOGY 绿色可持续发展技术,3 [26/91],,,,,,,,
JOURNAL OF FOOD ENGINEERING,2025,0260-8774/1873-5770,否,否,否,SCIE,5.8,,农林科学,2 [94/904],是,一级," ENGINEERING, CHEMICAL 工程：化工",2 [30/169], FOOD SCIENCE & TECHNOLOGY 食品科技,2 [38/173],,,,,,,,
EQUINE VETERINARY JOURNAL,2025,0425-1644/2042-3306,否,否,否,SCIE,2.2,,农林科学,2 [95/904],否,一级, VETERINARY SCIENCES 兽医学,1 [8/167],,,,,,,,,,
ICES JOURNAL OF MARINE SCIENCE,2025,1054-3139/1095-9289,否,否,否,SCIE,3.4,,农林科学,2 [96/904],是,一级, FISHERIES 渔业,1 [7/61], MARINE & FRESHWATER BIOLOGY 海洋与淡水生物学,1 [7/118], OCEANOGRAPHY 海洋学,2 [8/66],,,,,,
FISH & SHELLFISH IMMUNOLOGY,2025,1050-4648/1095-9947,否,否,否,SCIE,3.9,,农林科学,2 [97/904],是,一级, FISHERIES 渔业,1 [8/61], MARINE & FRESHWATER BIOLOGY 海洋与淡水生物学,1 [8/118], VETERINARY SCIENCES 兽医学,1 [9/167], IMMUNOLOGY 免疫学,3 [53/179],,,,
PRECISION AGRICULTURE,2025,1385-2256/1573-1618,否,否,否,SCIE,6.6,,农林科学,2 [98/904],否,一级," AGRICULTURE, MULTIDISCIPLINARY 农业综合",2 [12/88],,,,,,,,,,
Myrmecological News,2025,1994-4136,否,否,否,SCIE,2.4,,农林科学,2 [99/904],否,一级, ENTOMOLOGY 昆虫学,2 [12/109],,,,,,,,,,
GM Crops & Food-Biotechnology in Agriculture and the Food Chain,2025,2164-5698/2164-5701,否,否,是,SCIE,4.7,,农林科学,2 [100/904],否,一级, BIOTECHNOLOGY & APPLIED MICROBIOLOGY 生物工程与应用微生物,2 [25/174], PLANT SCIENCES 植物科学,2 [42/265],,,,,,,,
JOURNAL OF VETERINARY INTERNAL MEDICINE,2025,0891-6640/1939-1676,否,是,是,SCIE,2.2,,农林科学,2 [101/904],是,一级, VETERINARY SCIENCES 兽医学,1 [10/167],,,,,,,,,,
VETERINARY QUARTERLY,2025,0165-2176/1875-5941,否,否,是,SCIE,5.2,,农林科学,2 [102/904],否,一级, VETERINARY SCIENCES 兽医学,1 [11/167],,,,,,,,,,
Food Bioscience,2025,2212-4292/2212-4306,否,否,否,SCIE,5.9,,农林科学,2 [103/904],是,一级, FOOD SCIENCE & TECHNOLOGY 食品科技,2 [39/173],,,,,,,,,,
Food Chemistry: Molecular Sciences,2025,2666-5662/2666-5662,否,否,否,ESCI,4.7,,农林科学,2 [104/904],否,一级, FOOD SCIENCE & TECHNOLOGY 食品科技,2 [40/173],,,,,,,,,,
TREE PHYSIOLOGY,2025,0829-318X/1758-4469,否,否,否,SCIE,3.7,,农林科学,2 [105/904],是,一级, FORESTRY 林学,1 [7/89],,,,,,,,,,
Foods,2025,2304-8158/2304-8158,否,否,是,SCIE,5.1,Mega-Journal,农林科学,2 [106/904],否,一级, FOOD SCIENCE & TECHNOLOGY 食品科技,2 [41/173],,,,,,,,,,
Phytopathology Research,2025,2096-5362/2524-4167,否,否,是,SCIE,3.5,,农林科学,2 [107/904],否,一级, PLANT SCIENCES 植物科学,2 [43/265],,,,,,,,,,
BIOLOGICAL CONTROL,2025,1049-9644/1090-2112,否,是,是,SCIE,3.4,,农林科学,2 [108/904],是,一级, BIOTECHNOLOGY & APPLIED MICROBIOLOGY 生物工程与应用微生物,2 [31/174], ENTOMOLOGY 昆虫学,2 [13/109],,,,,,,,
Transboundary and Emerging Diseases,2025,1865-1674/1865-1682,否,是,是,SCIE,3,,农林科学,2 [109/904],否,一级, VETERINARY SCIENCES 兽医学,1 [12/167], INFECTIOUS DISEASES 传染病学,3 [33/134],,,,,,,,
APPLIED SOIL ECOLOGY,2025,0929-1393/1873-0272,否,否,否,SCIE,5,,农林科学,2 [110/904],否,一级, SOIL SCIENCE 土壤科学,2 [8/48],,,,,,,,,,
Journal of Applied Research on Medicinal and Aromatic Plants,2025,2214-7861/2214-7861,否,否,否,SCIE,3.6,,农林科学,2 [111/904],否,一级, PLANT SCIENCES 植物科学,2 [45/265],,,,,,,,,,
Smart Agricultural Technology,2025,2772-3755/2772-3755,否,否,是,ESCI,5.7,,农林科学,2 [112/904],否,一级," AGRICULTURE, MULTIDISCIPLINARY 农业综合",2 [13/88], AGRONOMY 农艺学,2 [15/127], AGRICULTURAL ENGINEERING 农业工程,3 [5/19],,,,,,
Animal Frontiers,2025,2160-6056/2160-6064,否,否,是,SCIE,4.2,,农林科学,2 [113/904],否,一级," AGRICULTURE, DAIRY & ANIMAL SCIENCE 奶制品与动物科学",2 [9/80],,,,,,,,,,
DEUTSCHE ENTOMOLOGISCHE ZEITSCHRIFT,2025,1435-1951/1522-2403,否,否,是,SCIE,0.9,,农林科学,2 [114/904],否,一级, ENTOMOLOGY 昆虫学,2 [14/109],,,,,,,,,,
JOURNAL OF STORED PRODUCTS RESEARCH,2025,0022-474X/1879-1212,否,否,否,SCIE,2.8,,农林科学,2 [115/904],否,一级, ENTOMOLOGY 昆虫学,2 [15/109],,,,,,,,,,
THERIOGENOLOGY,2025,0093-691X/1879-3231,否,否,否,SCIE,2.5,,农林科学,2 [116/904],否,一级, VETERINARY SCIENCES 兽医学,1 [13/167], REPRODUCTIVE BIOLOGY 生殖生物学,3 [10/39],,,,,,,,
SCIENTIA HORTICULTURAE,2025,0304-4238/1879-1018,否,否,否,SCIE,4.2,,农林科学,2 [117/904],否,一级, HORTICULTURE 园艺,2 [5/38],,,,,,,,,,
FOOD REVIEWS INTERNATIONAL,2025,8755-9129/1525-6103,是,否,否,SCIE,6,,农林科学,2 [118/904],否,一级, FOOD SCIENCE & TECHNOLOGY 食品科技,3 [49/173], NUTRITION & DIETETICS 营养学,3 [37/113],,,,,,,,
Porcine Health Management,2025,2055-5660/2055-5660,否,否,是,SCIE,3.1,,农林科学,2 [119/904],否,一级, VETERINARY SCIENCES 兽医学,1 [14/167],,,,,,,,,,
Food and Energy Security,2025,2048-3694/2048-3694,否,是,是,SCIE,4.5,,农林科学,2 [120/904],否,一级, FOOD SCIENCE & TECHNOLOGY 食品科技,2 [44/173],,,,,,,,,,
International Journal of Wine Business Research,2025,1751-1062/1751-1070,否,否,否,ESCI,2.7,,农林科学,2 [121/904],否,一级, AGRONOMY 农艺学,2 [16/127],,,,,,,,,,
Frontiers in Nutrition,2025,2296-861X/2296-861X,否,否,是,SCIE,5.1,,农林科学,2 [122/904],否,一级, NUTRITION & DIETETICS 营养学,3 [39/113],,,,,,,,,,
PLANT AND SOIL,2025,0032-079X/1573-5036,否,否,否,SCIE,4.1,,农林科学,2 [123/904],否,一级, AGRONOMY 农艺学,2 [17/127], PLANT SCIENCES 植物科学,2 [57/265], SOIL SCIENCE 土壤科学,2 [9/48],,,,,,
PAKISTAN VETERINARY JOURNAL,2025,0253-8318/2074-7764,否,否,是,SCIE,5.4,,农林科学,2 [124/904],否,一级, VETERINARY SCIENCES 兽医学,1 [15/167],,,,,,,,,,
AQUACULTURAL ENGINEERING,2025,0144-8609/1873-5614,否,否,否,SCIE,4.3,,农林科学,2 [125/904],否,一级, FISHERIES 渔业,2 [10/61], AGRICULTURAL ENGINEERING 农业工程,3 [6/19],,,,,,,,
Aquaculture Reports,2025,2352-5134/2352-5134,否,是,是,SCIE,3.7,,农林科学,2 [126/904],否,一级, FISHERIES 渔业,2 [11/61],,,,,,,,,,
VETERINARY JOURNAL,2025,1090-0233/1532-2971,否,否,否,SCIE,3.1,,农林科学,2 [127/904],否,一级, VETERINARY SCIENCES 兽医学,1 [16/167],,,,,,,,,,
Journal of Cereal Science,2025,0733-5210/1095-9963,否,否,否,SCIE,3.7,,农林科学,2 [128/904],否,一级, FOOD SCIENCE & TECHNOLOGY 食品科技,2 [45/173],,,,,,,,,,
Arthropod Systematics & Phylogeny,2025,1863-7221/1864-8312,否,否,否,SCIE,1.8,,农林科学,2 [129/904],否,一级, ENTOMOLOGY 昆虫学,2 [16/109],,,,,,,,,,
JOURNAL OF AGRONOMY AND CROP SCIENCE,2025,0931-2250/1439-037X,否,否,否,SCIE,2.8,,农林科学,2 [130/904],否,一级, AGRONOMY 农艺学,2 [18/127],,,,,,,,,,
Crop Protection,2025,0261-2194/1873-6904,否,否,否,SCIE,2.5,,农林科学,2 [131/904],否,一级, AGRONOMY 农艺学,2 [19/127],,,,,,,,,,
EUROPEAN JOURNAL OF FOREST RESEARCH,2025,1612-4669/1612-4677,否,否,否,SCIE,2.7,,农林科学,2 [132/904],否,一级, FORESTRY 林学,2 [10/89],,,,,,,,,,
Insects,2025,2075-4450/2075-4450,否,否,是,SCIE,2.9,,农林科学,2 [133/904],否,一级, ENTOMOLOGY 昆虫学,2 [18/109],,,,,,,,,,
Animals,2025,2076-2615/2076-2615,否,否,是,SCIE,2.7,Mega-Journal,农林科学,2 [134/904],否,一级," AGRICULTURE, DAIRY & ANIMAL SCIENCE 奶制品与动物科学",2 [10/80], VETERINARY SCIENCES 兽医学,2 [17/167],,,,,,,,
ANNALS OF AGRICULTURAL SCIENCES,2025,0570-1783/2090-8377,否,否,是,SCIE,3.2,,农林科学,2 [135/904],否,一级," AGRICULTURE, MULTIDISCIPLINARY 农业综合",2 [14/88],,,,,,,,,,
BIOCONTROL,2025,1386-6141/1573-8248,否,否,否,SCIE,2.7,,农林科学,2 [136/904],否,一级, ENTOMOLOGY 昆虫学,2 [19/109],,,,,,,,,,
Veterinary and Comparative Oncology,2025,1476-5810/1476-5829,否,否,否,SCIE,1.9,,农林科学,2 [137/904],否,一级, VETERINARY SCIENCES 兽医学,2 [18/167],,,,,,,,,,
IRRIGATION SCIENCE,2025,0342-7188/1432-1319,否,否,否,SCIE,3.5,,农林科学,2 [138/904],否,一级, AGRONOMY 农艺学,2 [20/127], WATER RESOURCES 水资源,2 [25/124],,,,,,,,
Chemical and Biological Technologies in Agriculture,2025,2196-5641/2196-5641,否,是,是,SCIE,5.2,,农林科学,2 [139/904],否,一级," AGRICULTURE, MULTIDISCIPLINARY 农业综合",2 [15/88],,,,,,,,,,
Rice Science,2025,1672-6308/1876-4762,否,是,是,SCIE,6.1,,农林科学,2 [140/904],否,一级, AGRONOMY 农艺学,2 [21/127], PLANT SCIENCES 植物科学,2 [64/265],,,,,,,,
FORESTRY,2025,0015-752X/1464-3626,否,否,否,SCIE,3.2,,农林科学,2 [141/904],否,一级, FORESTRY 林学,2 [11/89],,,,,,,,,,
Journal of Veterinary Cardiology,2025,1760-2734/1875-0834,否,否,否,SCIE,1.3,,农林科学,2 [142/904],否,二级, VETERINARY SCIENCES 兽医学,2 [19/167],,,,,,,,,,
Molecular Horticulture,2025,2730-9401/2730-9401,否,否,是,SCIE,8.1,,农林科学,2 [143/904],否,二级, HORTICULTURE 园艺,2 [6/38], PLANT SCIENCES 植物科学,2 [66/265],,,,,,,,
LAND DEGRADATION & DEVELOPMENT,2025,1085-3278/1099-145X,否,否,否,SCIE,3.7,,农林科学,2 [144/904],否,二级, SOIL SCIENCE 土壤科学,2 [10/48], ENVIRONMENTAL SCIENCES 环境科学,3 [120/357],,,,,,,,
Food Structure-Netherlands,2025,2213-3291/2213-3291,否,否,否,SCIE,5.9,,农林科学,2 [145/904],否,二级, FOOD SCIENCE & TECHNOLOGY 食品科技,3 [50/173],,,,,,,,,,
International Journal of Forest Engineering,2025,1494-2119/1913-2220,否,否,否,SCIE,1.7,,农林科学,2 [146/904],否,二级, FORESTRY 林学,2 [12/89],,,,,,,,,,
JOURNAL OF INSECT PHYSIOLOGY,2025,0022-1910/1879-1611,否,否,否,SCIE,2.3,,农林科学,2 [147/904],否,二级, ENTOMOLOGY 昆虫学,2 [20/109], PHYSIOLOGY 生理学,2 [24/84],,,,,,,,
PEDOSPHERE,2025,1002-0160/2210-5107,否,否,否,SCIE,7.3,,农林科学,2 [148/904],否,二级, SOIL SCIENCE 土壤科学,2 [11/48],,,,,,,,,,
BMC Veterinary Research,2025,1746-6148/1746-6148,否,否,是,SCIE,2.6,,农林科学,2 [149/904],否,二级, VETERINARY SCIENCES 兽医学,2 [20/167],,,,,,,,,,
ACTA VETERINARIA SCANDINAVICA,2025,0044-605X/1751-0147,否,否,是,SCIE,1.7,,农林科学,2 [150/904],否,二级, VETERINARY SCIENCES 兽医学,2 [21/167],,,,,,,,,,
EUROPEAN JOURNAL OF SOIL BIOLOGY,2025,1164-5563/1778-3615,否,否,否,SCIE,3.3,,农林科学,2 [151/904],否,二级, ECOLOGY 生态学,3 [74/196], SOIL SCIENCE 土壤科学,3 [13/48],,,,,,,,
APPLIED ANIMAL BEHAVIOUR SCIENCE,2025,0168-1591/1872-9045,否,否,否,SCIE,2,,农林科学,2 [152/904],否,二级," AGRICULTURE, DAIRY & ANIMAL SCIENCE 奶制品与动物科学",2 [11/80], VETERINARY SCIENCES 兽医学,2 [22/167], BEHAVIORAL SCIENCES 行为科学,3 [18/55],,,,,,
Frontiers in Veterinary Science,2025,2297-1769/2297-1769,否,否,是,SCIE,2.9,,农林科学,2 [153/904],否,二级, VETERINARY SCIENCES 兽医学,2 [23/167],,,,,,,,,,
Trees Forests and People,2025,2666-7193/2666-7193,否,否,否,ESCI,2.9,,农林科学,2 [154/904],否,二级, FORESTRY 林学,2 [13/89],,,,,,,,,,
FOOD AND BIOPRODUCTS PROCESSING,2025,0960-3085/1744-3571,否,否,否,SCIE,3.4,,农林科学,2 [155/904],否,二级, BIOTECHNOLOGY & APPLIED MICROBIOLOGY 生物工程与应用微生物,3 [51/174]," ENGINEERING, CHEMICAL 工程：化工",3 [51/169], FOOD SCIENCE & TECHNOLOGY 食品科技,3 [52/173],,,,,,
Agriculture-Basel,2025,2077-0472/2077-0472,否,否,是,SCIE,3.6,,农林科学,2 [156/904],否,二级, AGRONOMY 农艺学,2 [22/127],,,,,,,,,,
Soil,2025,2199-3971/2199-398X,否,否,是,SCIE,4.3,,农林科学,2 [157/904],否,二级, SOIL SCIENCE 土壤科学,3 [14/48],,,,,,,,,,
International Journal of Gastronomy and Food Science,2025,1878-450X/1878-4518,否,否,否,SCIE,3.6,,农林科学,2 [158/904],否,二级, FOOD SCIENCE & TECHNOLOGY 食品科技,3 [53/173],,,,,,,,,,
Zoonoses and Public Health,2025,1863-1959/1863-2378,否,否,否,SCIE,2.3,,农林科学,2 [159/904],否,二级, VETERINARY SCIENCES 兽医学,2 [24/167], INFECTIOUS DISEASES 传染病学,3 [50/134],,,,,,,,
JOURNAL OF FELINE MEDICINE AND SURGERY,2025,1098-612X/1532-2750,否,是,是,SCIE,2.1,,农林科学,2 [160/904],否,二级, VETERINARY SCIENCES 兽医学,2 [25/167],,,,,,,,,,
AQUACULTURE NUTRITION,2025,1353-5773/1365-2095,否,是,是,SCIE,3.9,,农林科学,2 [161/904],否,二级, FISHERIES 渔业,2 [12/61],,,,,,,,,,
PREVENTIVE VETERINARY MEDICINE,2025,0167-5877/1873-1716,否,否,否,SCIE,2.4,,农林科学,2 [162/904],否,二级, VETERINARY SCIENCES 兽医学,2 [27/167],,,,,,,,,,
VETERINARY CLINICS OF NORTH AMERICA-SMALL ANIMAL PRACTICE,2025,0195-5616/1878-1306,否,否,否,SCIE,2,,农林科学,2 [163/904],否,二级, VETERINARY SCIENCES 兽医学,2 [28/167],,,,,,,,,,
VETERINARY ANAESTHESIA AND ANALGESIA,2025,1467-2987/1467-2995,否,否,否,SCIE,1.9,,农林科学,2 [164/904],否,二级, VETERINARY SCIENCES 兽医学,2 [29/167],,,,,,,,,,
WEED SCIENCE,2025,0043-1745/1550-2759,否,是,是,SCIE,2.5,,农林科学,2 [165/904],否,二级, AGRONOMY 农艺学,2 [23/127], PLANT SCIENCES 植物科学,3 [72/265],,,,,,,,
ARTHROPOD STRUCTURE & DEVELOPMENT,2025,1467-8039/1873-5495,否,否,否,SCIE,1.3,,农林科学,2 [166/904],否,二级, ENTOMOLOGY 昆虫学,2 [21/109],,,,,,,,,,
ANIMAL FEED SCIENCE AND TECHNOLOGY,2025,0377-8401/1873-2216,否,否,否,SCIE,2.7,,农林科学,2 [167/904],否,二级," AGRICULTURE, DAIRY & ANIMAL SCIENCE 奶制品与动物科学",2 [12/80],,,,,,,,,,
PHYTOPATHOLOGY,2025,0031-949X/1943-7684,否,否,否,SCIE,3.1,,农林科学,2 [168/904],否,二级, PLANT SCIENCES 植物科学,3 [74/265],,,,,,,,,,
Agroecology and Sustainable Food Systems,2025,2168-3565/2168-3573,否,否,否,SCIE,2.6,,农林科学,2 [169/904],否,二级," AGRICULTURE, MULTIDISCIPLINARY 农业综合",2 [16/88], GREEN & SUSTAINABLE SCIENCE & TECHNOLOGY 绿色可持续发展技术,4 [46/91],,,,,,,,
INSECT SYSTEMATICS & EVOLUTION,2025,1399-560X/1876-312X,否,否,否,SCIE,1.4,,农林科学,2 [170/904],否,二级, ENTOMOLOGY 昆虫学,2 [22/109], EVOLUTIONARY BIOLOGY 进化生物学,4 [36/52],,,,,,,,
JOURNAL OF ANIMAL SCIENCE,2025,0021-8812/1525-3163,否,否,否,SCIE,2.9,,农林科学,2 [171/904],否,二级," AGRICULTURE, DAIRY & ANIMAL SCIENCE 奶制品与动物科学",2 [13/80],,,,,,,,,,
VETERINARY SURGERY,2025,0161-3499/1532-950X,否,否,否,SCIE,1.3,,农林科学,2 [172/904],否,二级, VETERINARY SCIENCES 兽医学,2 [30/167],,,,,,,,,,
Agronomy-Basel,2025,2073-4395/2073-4395,否,否,是,SCIE,3.4,Mega-Journal,农林科学,2 [173/904],否,二级, AGRONOMY 农艺学,2 [24/127], PLANT SCIENCES 植物科学,3 [77/265],,,,,,,,
GRASS AND FORAGE SCIENCE,2025,0142-5242/1365-2494,否,否,否,SCIE,2.9,,农林科学,2 [174/904],否,二级, AGRONOMY 农艺学,2 [25/127],,,,,,,,,,
ANIMAL REPRODUCTION SCIENCE,2025,0378-4320/1873-2232,否,否,否,SCIE,3.3,,农林科学,2 [175/904],否,二级," AGRICULTURE, DAIRY & ANIMAL SCIENCE 奶制品与动物科学",2 [14/80], VETERINARY SCIENCES 兽医学,2 [31/167], REPRODUCTIVE BIOLOGY 生殖生物学,3 [14/39],,,,,,
JOURNAL OF ECONOMIC ENTOMOLOGY,2025,0022-0493/1938-291X,否,否,否,SCIE,2.4,,农林科学,2 [176/904],否,二级, ENTOMOLOGY 昆虫学,2 [23/109],,,,,,,,,,
DOMESTIC ANIMAL ENDOCRINOLOGY,2025,0739-7240/1879-0054,否,否,否,SCIE,2.1,,农林科学,2 [177/904],否,二级," AGRICULTURE, DAIRY & ANIMAL SCIENCE 奶制品与动物科学",2 [15/80], ENDOCRINOLOGY & METABOLISM 内分泌学与代谢,4 [90/184],,,,,,,,
OUTLOOK ON AGRICULTURE,2025,0030-7270/2043-6866,否,否,否,SCIE,2.6,,农林科学,2 [178/904],否,二级," AGRICULTURE, MULTIDISCIPLINARY 农业综合",2 [17/88],,,,,,,,,,
Aquaculture Environment Interactions,2025,1869-215X/1869-7534,否,否,是,SCIE,2.5,,农林科学,2 [179/904],否,二级, FISHERIES 渔业,2 [13/61], MARINE & FRESHWATER BIOLOGY 海洋与淡水生物学,2 [20/118],,,,,,,,
JOURNAL OF SMALL ANIMAL PRACTICE,2025,0022-4510/1748-5827,否,否,否,SCIE,1.9,,农林科学,2 [180/904],否,二级, VETERINARY SCIENCES 兽医学,2 [32/167],,,,,,,,,,
IRISH VETERINARY JOURNAL,2025,0368-0762/2046-0481,否,否,是,SCIE,3.1,,农林科学,2 [181/904],否,二级, VETERINARY SCIENCES 兽医学,2 [33/167],,,,,,,,,,
LAB ANIMAL,2025,0093-7355/1548-4475,否,否,否,SCIE,3.9,,农林科学,2 [182/904],否,二级, VETERINARY SCIENCES 兽医学,2 [34/167],,,,,,,,,,
Croatian Journal of Forest Engineering,2025,1845-5719/1845-5719,否,否,是,SCIE,2.1,,农林科学,2 [183/904],否,二级, FORESTRY 林学,2 [14/89],,,,,,,,,,
International Journal of Veterinary Science and Medicine,2025,2314-4580/2314-4599,否,否,是,ESCI,3.2,,农林科学,2 [184/904],否,二级, VETERINARY SCIENCES 兽医学,2 [35/167],,,,,,,,,,
Food Science & Nutrition,2025,2048-7177/2048-7177,否,是,是,SCIE,3.8,,农林科学,2 [185/904],否,二级, FOOD SCIENCE & TECHNOLOGY 食品科技,3 [57/173],,,,,,,,,,
VETERINARY MICROBIOLOGY,2025,0378-1135/1873-2542,否,否,否,SCIE,2.7,,农林科学,2 [186/904],否,二级, VETERINARY SCIENCES 兽医学,2 [36/167], MICROBIOLOGY 微生物学,3 [70/159],,,,,,,,
Horticulturae,2025,2311-7524/2311-7524,否,否,是,SCIE,3,,农林科学,2 [187/904],否,二级, HORTICULTURE 园艺,2 [7/38],,,,,,,,,,
PLANT DISEASE,2025,0191-2917/1943-7692,否,否,否,SCIE,4.4,,农林科学,2 [188/904],否,二级, PLANT SCIENCES 植物科学,3 [82/265],,,,,,,,,,
ECOLOGICAL ENTOMOLOGY,2025,0307-6946/1365-2311,否,否,否,SCIE,1.6,,农林科学,2 [189/904],否,二级, ENTOMOLOGY 昆虫学,2 [24/109],,,,,,,,,,
VETERINARY DERMATOLOGY,2025,0959-4493/1365-3164,否,否,否,SCIE,1.4,,农林科学,2 [190/904],否,二级, VETERINARY SCIENCES 兽医学,2 [37/167], DERMATOLOGY 皮肤病学,3 [26/94],,,,,,,,
EUROPEAN JOURNAL OF SOIL SCIENCE,2025,1351-0754/1365-2389,否,否,否,SCIE,3.8,,农林科学,2 [191/904],否,二级, SOIL SCIENCE 土壤科学,3 [16/48],,,,,,,,,,
PLANT FOODS FOR HUMAN NUTRITION,2025,0921-9668/1573-9104,否,否,否,SCIE,3.6,,农林科学,2 [192/904],否,二级," CHEMISTRY, APPLIED 应用化学",2 [21/74], FOOD SCIENCE & TECHNOLOGY 食品科技,3 [58/173], NUTRITION & DIETETICS 营养学,3 [49/113], PLANT SCIENCES 植物科学,3 [85/265],,,,
Food Hydrocolloids for Health,2025,2667-0259/2667-0259,否,否,否,ESCI,5.1,,农林科学,2 [193/904],否,二级," CHEMISTRY, APPLIED 应用化学",3 [22/74], FOOD SCIENCE & TECHNOLOGY 食品科技,3 [59/173],,,,,,,,
INTERNATIONAL JOURNAL OF FOOD SCIENCES AND NUTRITION,2025,0963-7486/1465-3478,否,否,否,SCIE,3.3,,农林科学,2 [194/904],否,二级, FOOD SCIENCE & TECHNOLOGY 食品科技,3 [61/173], NUTRITION & DIETETICS 营养学,4 [54/113],,,,,,,,
Journal of Functional Foods,2025,1756-4646/2214-9414,否,否,是,SCIE,4,,农林科学,2 [195/904],否,二级, FOOD SCIENCE & TECHNOLOGY 食品科技,3 [62/173], NUTRITION & DIETETICS 营养学,4 [55/113],,,,,,,,
VETERINARY PATHOLOGY,2025,0300-9858/1544-2217,否,否,否,SCIE,1.7,,农林科学,2 [196/904],否,二级, VETERINARY SCIENCES 兽医学,2 [38/167], PATHOLOGY 病理学,3 [30/88],,,,,,,,
DENDROCHRONOLOGIA,2025,1125-7865/1612-0051,否,否,否,SCIE,2.3,,农林科学,2 [197/904],否,二级, FORESTRY 林学,2 [16/89]," GEOGRAPHY, PHYSICAL 自然地理",4 [30/63],,,,,,,,
INTERNATIONAL DAIRY JOURNAL,2025,0958-6946/1879-0143,否,否,否,SCIE,3.4,,农林科学,2 [198/904],否,二级, FOOD SCIENCE & TECHNOLOGY 食品科技,3 [63/173],,,,,,,,,,
ANNALS OF THE ENTOMOLOGICAL SOCIETY OF AMERICA,2025,0013-8746/1938-2901,否,否,否,SCIE,1.8,,农林科学,2 [199/904],否,二级, ENTOMOLOGY 昆虫学,2 [25/109],,,,,,,,,,
EXPERIMENTAL AND APPLIED ACAROLOGY,2025,0168-8162/1572-9702,否,否,否,SCIE,1.7,,农林科学,2 [200/904],否,二级, ENTOMOLOGY 昆虫学,2 [26/109],,,,,,,,,,
WOOD SCIENCE AND TECHNOLOGY,2025,0043-7719/1432-5225,否,否,否,SCIE,3,,农林科学,2 [201/904],否,二级, FORESTRY 林学,2 [17/89]," MATERIALS SCIENCE, PAPER & WOOD 材料科学：纸与木材",2 [3/23],,,,,,,,
FISHERIES RESEARCH,2025,0165-7836/1872-6763,否,否,否,SCIE,2.3,,农林科学,2 [202/904],否,二级, FISHERIES 渔业,2 [14/61],,,,,,,,,,
Animal Bioscience,2025,2765-0189/2765-0235,否,否,否,SCIE,2.5,,农林科学,2 [203/904],否,二级," AGRICULTURE, DAIRY & ANIMAL SCIENCE 奶制品与动物科学",2 [17/80],,,,,,,,,,
JOURNAL OF MEDICAL ENTOMOLOGY,2025,0022-2585/1938-2928,否,否,否,SCIE,2,,农林科学,2 [204/904],否,二级, ENTOMOLOGY 昆虫学,2 [27/109], VETERINARY SCIENCES 兽医学,2 [39/167],,,,,,,,
Soil Ecology Letters,2025,2662-2289/2662-2297,否,否,否,ESCI,4.3,中国SCI期刊支持计划,农林科学,2 [205/904],否,二级, ECOLOGY 生态学,2 [51/196], SOIL SCIENCE 土壤科学,2 [12/48],,,,,,,,
aBIOTECH,2025,2096-6326/2662-1738,否,否,否,ESCI,5,中国SCI期刊支持计划,农林科学,2 [206/904],否,二级, BIOTECHNOLOGY & APPLIED MICROBIOLOGY 生物工程与应用微生物,2 [49/174], PLANT SCIENCES 植物科学,2 [67/265],,,,,,,,
Food Production Processing and Nutrition,2025,2661-8974/2661-8974,否,否,是,ESCI,5.7,中国SCI期刊支持计划,农林科学,2 [207/904],否,二级, FOOD SCIENCE & TECHNOLOGY 食品科技,2 [47/173],,,,,,,,,,
Food Quality and Safety,2025,2399-1399/2399-1402,否,否,是,SCIE,4.4,中国SCI期刊支持计划,农林科学,2 [208/904],否,二级, FOOD SCIENCE & TECHNOLOGY 食品科技,2 [48/173], NUTRITION & DIETETICS 营养学,2 [30/113],,,,,,,,
FISHERIES OCEANOGRAPHY,2025,1054-6006/1365-2419,否,否,否,SCIE,2.7,,农林科学,3 [209/904],否,二级, FISHERIES 渔业,2 [16/61], OCEANOGRAPHY 海洋学,3 [26/66],,,,,,,,
Fermentation-Basel,2025,2311-5637/2311-5637,否,否,是,SCIE,3.3,,农林科学,3 [210/904],否,二级, BIOTECHNOLOGY & APPLIED MICROBIOLOGY 生物工程与应用微生物,3 [65/174],,,,,,,,,,
JOURNAL OF THE SCIENCE OF FOOD AND AGRICULTURE,2025,0022-5142/1097-0010,否,否,否,SCIE,3.5,,农林科学,3 [211/904],否,二级," AGRICULTURE, MULTIDISCIPLINARY 农业综合",3 [20/88]," CHEMISTRY, APPLIED 应用化学",3 [23/74], FOOD SCIENCE & TECHNOLOGY 食品科技,3 [64/173],,,,,,
ANNALS OF FOREST SCIENCE,2025,1286-4560/1297-966X,否,否,否,SCIE,2.7,,农林科学,3 [212/904],否,二级, FORESTRY 林学,2 [18/89],,,,,,,,,,
Veterinary Sciences,2025,2306-7381/2306-7381,否,否,是,SCIE,2.3,,农林科学,3 [213/904],否,二级, VETERINARY SCIENCES 兽医学,2 [40/167],,,,,,,,,,
AGRICULTURAL AND FOREST ENTOMOLOGY,2025,1461-9555/1461-9563,否,否,否,SCIE,1.8,,农林科学,3 [214/904],否,二级, ENTOMOLOGY 昆虫学,2 [28/109],,,,,,,,,,
VETERINARY RADIOLOGY & ULTRASOUND,2025,1058-8183/1740-8261,否,否,否,SCIE,1.5,,农林科学,3 [215/904],否,二级, VETERINARY SCIENCES 兽医学,3 [41/167],,,,,,,,,,
International Journal of Fruit Science,2025,1553-8362/1553-8621,否,否,否,SCIE,2.5,,农林科学,3 [216/904],否,二级, HORTICULTURE 园艺,2 [9/38],,,,,,,,,,
JOURNAL OF ANIMAL BREEDING AND GENETICS,2025,0931-2668/1439-0388,否,否,否,SCIE,1.9,,农林科学,3 [217/904],否,二级," AGRICULTURE, DAIRY & ANIMAL SCIENCE 奶制品与动物科学",3 [18/80],,,,,,,,,,
JOURNAL OF FOOD SCIENCE,2025,0022-1147/1750-3841,否,否,否,SCIE,3.4,,农林科学,3 [218/904],否,二级, FOOD SCIENCE & TECHNOLOGY 食品科技,3 [65/173],,,,,,,,,,
Applied Food Research,2025,2772-5022/2772-5022,否,否,否,ESCI,6.2,,农林科学,3 [219/904],否,二级, FOOD SCIENCE & TECHNOLOGY 食品科技,3 [66/173],,,,,,,,,,
NFS Journal,2025,2352-3646/2352-3646,否,否,是,ESCI,3.3,,农林科学,3 [220/904],否,二级, FOOD SCIENCE & TECHNOLOGY 食品科技,3 [67/173], NUTRITION & DIETETICS 营养学,4 [59/113],,,,,,,,
AVIAN PATHOLOGY,2025,0307-9457/1465-3338,否,否,否,SCIE,2.2,,农林科学,3 [221/904],否,二级, VETERINARY SCIENCES 兽医学,3 [42/167],,,,,,,,,,
AUSTRALIAN JOURNAL OF GRAPE AND WINE RESEARCH,2025,1322-7130/1755-0238,否,否,否,SCIE,2.2,,农林科学,3 [222/904],否,二级, FOOD SCIENCE & TECHNOLOGY 食品科技,3 [68/173], HORTICULTURE 园艺,3 [10/38],,,,,,,,
Frontiers in Forests and Global Change,2025,2624-893X/2624-893X,否,否,是,SCIE,3.2,,农林科学,3 [223/904],否,二级, ECOLOGY 生态学,3 [89/196], FORESTRY 林学,3 [20/89],,,,,,,,
JAVMA-JOURNAL OF THE AMERICAN VETERINARY MEDICAL ASSOCIATION,2025,0003-1488/1943-569X,否,否,否,SCIE,1.8,,农林科学,3 [224/904],否,二级, VETERINARY SCIENCES 兽医学,3 [43/167],,,,,,,,,,
SYSTEMATIC AND APPLIED ACAROLOGY,2025,1362-1971/2056-6069,否,否,否,SCIE,1.2,,农林科学,3 [225/904],否,二级, ENTOMOLOGY 昆虫学,3 [29/109],,,,,,,,,,
ECOLOGY OF FRESHWATER FISH,2025,0906-6691/1600-0633,否,否,否,SCIE,1.3,,农林科学,3 [226/904],否,二级, FISHERIES 渔业,2 [17/61], MARINE & FRESHWATER BIOLOGY 海洋与淡水生物学,3 [34/118],,,,,,,,
Beverages,2025,2306-5710/2306-5710,否,否,是,ESCI,2.7,,农林科学,3 [227/904],否,二级, FOOD SCIENCE & TECHNOLOGY 食品科技,3 [69/173],,,,,,,,,,
JOURNAL OF FOOD BIOCHEMISTRY,2025,0145-8884/1745-4514,否,是,是,SCIE,4.2,,农林科学,3 [228/904],否,二级, BIOCHEMISTRY & MOLECULAR BIOLOGY 生化与分子生物学,3 [159/310], FOOD SCIENCE & TECHNOLOGY 食品科技,3 [70/173],,,,,,,,
Food Science of Animal Resources,2025,2636-0772/2636-0780,否,否,是,SCIE,3.7,,农林科学,3 [229/904],否,二级, FOOD SCIENCE & TECHNOLOGY 食品科技,3 [71/173],,,,,,,,,,
in silico Plants,2025,2517-5025/2517-5025,否,否,是,ESCI,2.4,,农林科学,3 [230/904],否,二级, AGRONOMY 农艺学,3 [26/127], MATHEMATICAL & COMPUTATIONAL BIOLOGY 数学与计算生物学,3 [20/66], PLANT SCIENCES 植物科学,3 [93/265],,,,,,
VETERINARY PARASITOLOGY,2025,0304-4017/1873-2550,否,否,否,SCIE,2.2,,农林科学,3 [231/904],否,二级, VETERINARY SCIENCES 兽医学,3 [44/167], PARASITOLOGY 寄生虫学,4 [25/45],,,,,,,,
INSECT MOLECULAR BIOLOGY,2025,0962-1075/1365-2583,否,否,否,SCIE,2.3,,农林科学,3 [232/904],否,二级, ENTOMOLOGY 昆虫学,3 [30/109], BIOCHEMISTRY & MOLECULAR BIOLOGY 生化与分子生物学,4 [162/310],,,,,,,,
FISH PHYSIOLOGY AND BIOCHEMISTRY,2025,0920-1742/1573-5168,否,否,否,SCIE,2.5,,农林科学,3 [233/904],否,二级, FISHERIES 渔业,3 [18/61], PHYSIOLOGY 生理学,3 [43/84], BIOCHEMISTRY & MOLECULAR BIOLOGY 生化与分子生物学,4 [163/310],,,,,,
FISHERIES MANAGEMENT AND ECOLOGY,2025,0969-997X/1365-2400,否,否,否,SCIE,2,,农林科学,3 [234/904],否,二级, FISHERIES 渔业,3 [19/61],,,,,,,,,,
Frontiers in Sustainable Food Systems,2025,2571-581X/2571-581X,否,否,是,SCIE,3.1,,农林科学,3 [235/904],否,二级, FOOD SCIENCE & TECHNOLOGY 食品科技,3 [72/173],,,,,,,,,,
VETERINARY RECORD,2025,0042-4900/2042-7670,否,否,否,SCIE,1.4,,农林科学,3 [236/904],否,二级, VETERINARY SCIENCES 兽医学,3 [45/167],,,,,,,,,,
CANADIAN JOURNAL OF FISHERIES AND AQUATIC SCIENCES,2025,0706-652X/1205-7533,否,否,否,SCIE,2.2,,农林科学,3 [237/904],否,二级, FISHERIES 渔业,3 [20/61], MARINE & FRESHWATER BIOLOGY 海洋与淡水生物学,3 [36/118],,,,,,,,
TRANSACTIONS OF THE AMERICAN FISHERIES SOCIETY,2025,0002-8487/1548-8659,否,否,否,SCIE,1.4,,农林科学,3 [238/904],否,二级, FISHERIES 渔业,3 [21/61],,,,,,,,,,
Italian Journal of Animal Science,2025,1594-4077/1828-051X,否,否,是,SCIE,2.3,,农林科学,3 [239/904],否,二级," AGRICULTURE, DAIRY & ANIMAL SCIENCE 奶制品与动物科学",3 [19/80], VETERINARY SCIENCES 兽医学,3 [46/167],,,,,,,,
RESEARCH IN VETERINARY SCIENCE,2025,0034-5288/1532-2661,否,否,否,SCIE,1.8,,农林科学,3 [240/904],否,二级, VETERINARY SCIENCES 兽医学,3 [47/167],,,,,,,,,,
ANTHROZOOS,2025,0892-7936/1753-0377,否,否,否,SSCI;SCIE,2.3,,农林科学,3 [241/904],否,二级, VETERINARY SCIENCES 兽医学,3 [48/167], SOCIOLOGY 社会学,4 [131/216],,,,,,,,
ENVIRONMENTAL ENTOMOLOGY,2025,0046-225X/1938-2936,否,否,否,SCIE,1.5,,农林科学,3 [242/904],否,二级, ENTOMOLOGY 昆虫学,3 [31/109],,,,,,,,,,
PHYSIOLOGICAL AND MOLECULAR PLANT PATHOLOGY,2025,0885-5765/0885-5765,否,否,否,SCIE,3.3,,农林科学,3 [243/904],否,二级, PLANT SCIENCES 植物科学,3 [95/265],,,,,,,,,,
Journal of Soil Science and Plant Nutrition,2025,0718-9508/0718-9516,否,否,否,SCIE,3.1,,农林科学,3 [244/904],否,二级, ENVIRONMENTAL SCIENCES 环境科学,3 [171/357], PLANT SCIENCES 植物科学,3 [96/265], SOIL SCIENCE 土壤科学,3 [18/48],,,,,,
MOLECULAR BREEDING,2025,1380-3743/1572-9788,否,否,否,SCIE,3,,农林科学,3 [245/904],否,二级, AGRONOMY 农艺学,3 [27/127], GENETICS & HEREDITY 遗传学,3 [93/190], HORTICULTURE 园艺,3 [11/38], PLANT SCIENCES 植物科学,3 [97/265],,,,
Marine and Coastal Fisheries,2025,1942-5120/1942-5120,否,否,是,SCIE,1.8,,农林科学,3 [246/904],否,二级, FISHERIES 渔业,3 [22/61], MARINE & FRESHWATER BIOLOGY 海洋与淡水生物学,3 [38/118],,,,,,,,
PLANT PATHOLOGY,2025,0032-0862/1365-3059,否,否,否,SCIE,2.4,,农林科学,3 [247/904],否,二级, AGRONOMY 农艺学,3 [28/127], PLANT SCIENCES 植物科学,3 [99/265],,,,,,,,
VETERINARY CLINICS OF NORTH AMERICA-FOOD ANIMAL PRACTICE,2025,0749-0720/1558-4240,否,否,否,SCIE,1.9,,农林科学,3 [248/904],否,二级, VETERINARY SCIENCES 兽医学,3 [49/167],,,,,,,,,,
Frontiers in Agronomy,2025,2673-3218/2673-3218,否,否,是,ESCI,4.1,,农林科学,3 [249/904],否,二级, AGRONOMY 农艺学,3 [29/127],,,,,,,,,,
Current Research in Insect Science,2025,2666-5158/2666-5158,否,否,否,ESCI,2.7,,农林科学,3 [250/904],否,二级, ENTOMOLOGY 昆虫学,3 [32/109],,,,,,,,,,
Forests,2025,1999-4907/1999-4907,否,否,是,SCIE,2.5,,农林科学,3 [251/904],否,二级, FORESTRY 林学,3 [21/89],,,,,,,,,,
COMPARATIVE IMMUNOLOGY MICROBIOLOGY AND INFECTIOUS DISEASES,2025,0147-9571/1878-1667,否,否,否,SCIE,2,,农林科学,3 [252/904],否,二级, VETERINARY SCIENCES 兽医学,3 [50/167], IMMUNOLOGY 免疫学,4 [109/179], MICROBIOLOGY 微生物学,4 [82/159],,,,,,
Fire-Switzerland,2025,2571-6255/2571-6255,否,否,是,SCIE,2.7,,农林科学,3 [253/904],否,二级, FORESTRY 林学,3 [23/89], ECOLOGY 生态学,4 [103/196],,,,,,,,
Fishes,2025,2410-3888/2410-3888,否,否,是,SCIE,2.4,,农林科学,3 [254/904],否,二级, FISHERIES 渔业,3 [23/61], MARINE & FRESHWATER BIOLOGY 海洋与淡水生物学,3 [41/118],,,,,,,,
SOIL USE AND MANAGEMENT,2025,0266-0032/1475-2743,否,否,否,SCIE,3.7,,农林科学,3 [255/904],否,二级, SOIL SCIENCE 土壤科学,3 [19/48],,,,,,,,,,
JOURNAL OF FISH DISEASES,2025,0140-7775/1365-2761,否,否,否,SCIE,2.2,,农林科学,3 [256/904],否,二级, FISHERIES 渔业,3 [24/61], MARINE & FRESHWATER BIOLOGY 海洋与淡水生物学,3 [42/118], VETERINARY SCIENCES 兽医学,3 [51/167],,,,,,
VETERINARY RESEARCH COMMUNICATIONS,2025,0165-7380/1573-7446,否,否,否,SCIE,2,,农林科学,3 [257/904],否,二级, VETERINARY SCIENCES 兽医学,3 [52/167],,,,,,,,,,
JOURNAL OF TEXTURE STUDIES,2025,0022-4901/1745-4603,否,否,否,SCIE,2.5,,农林科学,3 [258/904],否,二级, FOOD SCIENCE & TECHNOLOGY 食品科技,3 [73/173],,,,,,,,,,
EUROPEAN FOOD RESEARCH AND TECHNOLOGY,2025,1438-2377/1438-2385,否,否,否,SCIE,3.2,,农林科学,3 [259/904],否,二级, FOOD SCIENCE & TECHNOLOGY 食品科技,3 [74/173],,,,,,,,,,
European Journal of Wood and Wood Products,2025,0018-3768/1436-736X,否,否,否,SCIE,2.5,,农林科学,3 [260/904],否,二级," MATERIALS SCIENCE, PAPER & WOOD 材料科学：纸与木材",2 [4/23], FORESTRY 林学,3 [24/89],,,,,,,,
AMERICAN JOURNAL OF ENOLOGY AND VITICULTURE,2025,0002-9254/1943-7749,否,否,否,SCIE,1.8,,农林科学,3 [261/904],否,二级, BIOTECHNOLOGY & APPLIED MICROBIOLOGY 生物工程与应用微生物,3 [76/174], FOOD SCIENCE & TECHNOLOGY 食品科技,3 [75/173], HORTICULTURE 园艺,3 [12/38],,,,,,
Geoderma Regional,2025,2352-0094/2352-0094,否,否,否,SCIE,3.3,,农林科学,3 [262/904],否,二级, SOIL SCIENCE 土壤科学,3 [20/48],,,,,,,,,,
Livestock Science,2025,1871-1413/1878-0490,否,否,否,SCIE,1.9,,农林科学,3 [263/904],否,二级," AGRICULTURE, DAIRY & ANIMAL SCIENCE 奶制品与动物科学",3 [20/80],,,,,,,,,,
JOURNAL OF ANIMAL PHYSIOLOGY AND ANIMAL NUTRITION,2025,0931-2439/1439-0396,否,否,否,SCIE,2.4,,农林科学,3 [264/904],否,二级," AGRICULTURE, DAIRY & ANIMAL SCIENCE 奶制品与动物科学",3 [21/80], VETERINARY SCIENCES 兽医学,3 [53/167],,,,,,,,
INTERNATIONAL JOURNAL OF FOOD PROPERTIES,2025,1094-2912/1532-2386,否,否,是,SCIE,3.9,,农林科学,3 [265/904],否,二级, FOOD SCIENCE & TECHNOLOGY 食品科技,3 [77/173],,,,,,,,,,
JOURNAL OF HYMENOPTERA RESEARCH,2025,1070-9428/1314-2607,否,否,是,SCIE,1.5,,农林科学,3 [266/904],否,二级, ENTOMOLOGY 昆虫学,3 [33/109],,,,,,,,,,
DEVELOPMENTAL AND COMPARATIVE IMMUNOLOGY,2025,0145-305X/1879-0089,否,否,否,SCIE,2.4,,农林科学,3 [267/904],否,二级, FISHERIES 渔业,3 [25/61], VETERINARY SCIENCES 兽医学,3 [54/167], ZOOLOGY 动物学,3 [52/179], IMMUNOLOGY 免疫学,4 [116/179],,,,
CROP SCIENCE,2025,0011-183X/1435-0653,否,否,否,SCIE,1.9,,农林科学,3 [268/904],否,二级, AGRONOMY 农艺学,3 [30/127],,,,,,,,,,
Turkish Journal of Agriculture and Forestry,2025,1300-011X/1303-6173,否,否,否,SCIE,3,,农林科学,3 [269/904],否,二级, AGRONOMY 农艺学,3 [31/127],,,,,,,,,,
ANNALES ZOOLOGICI,2025,0003-4541/1734-1833,否,否,否,SCIE,0.9,,农林科学,3 [270/904],否,二级, ENTOMOLOGY 昆虫学,3 [34/109],,,,,,,,,,
JOURNAL OF INSECT CONSERVATION,2025,1366-638X/1572-9753,否,否,否,SCIE,1.9,,农林科学,3 [271/904],否,二级, ENTOMOLOGY 昆虫学,3 [35/109],,,,,,,,,,
Food Additives & Contaminants Part B-Surveillance,2025,1939-3210/1939-3229,否,否,否,SCIE,2.5,,农林科学,3 [272/904],否,二级," CHEMISTRY, APPLIED 应用化学",3 [28/74], FOOD SCIENCE & TECHNOLOGY 食品科技,3 [78/173], TOXICOLOGY 毒理学,3 [56/106],,,,,,
Horticulture Environment and Biotechnology,2025,2211-3452/2211-3460,否,否,否,SCIE,2.4,,农林科学,3 [273/904],否,二级, HORTICULTURE 园艺,3 [13/38],,,,,,,,,,
Journal of Veterinary Behavior-Clinical Applications and Research,2025,1558-7878/1878-7517,否,否,否,SCIE,1.6,,农林科学,3 [274/904],否,二级, VETERINARY SCIENCES 兽医学,3 [55/167], BEHAVIORAL SCIENCES 行为科学,4 [37/55],,,,,,,,
ANNALES DE LA SOCIETE ENTOMOLOGIQUE DE FRANCE,2025,0037-9271/2168-6351,否,否,否,SCIE,0.7,,农林科学,3 [275/904],否,二级, ENTOMOLOGY 昆虫学,3 [36/109],,,,,,,,,,
Soil Systems,2025,2571-8789/2571-8789,否,否,是,ESCI,3.5,,农林科学,3 [276/904],否,二级, SOIL SCIENCE 土壤科学,4 [21/48],,,,,,,,,,
Veterinary Medicine-Research and Reports,2025,2230-2034/2230-2034,否,否,是,ESCI,2.5,,农林科学,3 [277/904],否,二级, VETERINARY SCIENCES 兽医学,3 [56/167],,,,,,,,,,
Topics in Companion Animal Medicine,2025,1938-9736/1946-9837,否,否,否,SCIE,1.3,,农林科学,3 [278/904],否,二级, VETERINARY SCIENCES 兽医学,3 [57/167],,,,,,,,,,
ANNALS OF APPLIED BIOLOGY,2025,0003-4746/1744-7348,否,否,否,SCIE,1.8,,农林科学,3 [279/904],否,二级," AGRICULTURE, MULTIDISCIPLINARY 农业综合",3 [21/88],,,,,,,,,,
VETERINARY CLINICS OF NORTH AMERICA-EQUINE PRACTICE,2025,0749-0739/1558-4224,是,否,否,SCIE,1.5,,农林科学,3 [280/904],否,二级, VETERINARY SCIENCES 兽医学,3 [58/167],,,,,,,,,,
ARCHIVES OF ANIMAL NUTRITION,2025,1745-039X/1477-2817,否,否,否,SCIE,1.5,,农林科学,3 [281/904],否,二级," AGRICULTURE, DAIRY & ANIMAL SCIENCE 奶制品与动物科学",3 [22/80],,,,,,,,,,
APIDOLOGIE,2025,0044-8435/1297-9678,否,否,否,SCIE,2.2,,农林科学,3 [282/904],否,二级, ENTOMOLOGY 昆虫学,3 [38/109],,,,,,,,,,
INTERNATIONAL JOURNAL OF WILDLAND FIRE,2025,1049-8001/1448-5516,否,否,否,SCIE,2.9,,农林科学,3 [283/904],否,二级, FORESTRY 林学,3 [27/89],,,,,,,,,,
SCANDINAVIAN JOURNAL OF FOREST RESEARCH,2025,0282-7581/1651-1891,否,否,否,SCIE,1.5,,农林科学,3 [284/904],否,二级, FORESTRY 林学,3 [28/89],,,,,,,,,,
Veterinary and Animal Science,2025,2451-943X/2451-943X,否,否,是,ESCI,2.2,,农林科学,3 [285/904],否,二级," AGRICULTURE, DAIRY & ANIMAL SCIENCE 奶制品与动物科学",3 [23/80], VETERINARY SCIENCES 兽医学,3 [60/167],,,,,,,,
AMERICAN JOURNAL OF VETERINARY RESEARCH,2025,0002-9645/1943-5681,否,否,否,SCIE,1.4,,农林科学,3 [286/904],否,二级, VETERINARY SCIENCES 兽医学,3 [61/167],,,,,,,,,,
REPRODUCTION IN DOMESTIC ANIMALS,2025,0936-6768/1439-0531,否,否,否,SCIE,1.7,,农林科学,3 [287/904],否,二级," AGRICULTURE, DAIRY & ANIMAL SCIENCE 奶制品与动物科学",3 [24/80], VETERINARY SCIENCES 兽医学,3 [62/167], REPRODUCTIVE BIOLOGY 生殖生物学,4 [27/39],,,,,,
JOURNAL OF APPLIED ENTOMOLOGY,2025,0931-2048/1439-0418,否,否,否,SCIE,2,,农林科学,3 [288/904],否,二级, ENTOMOLOGY 昆虫学,3 [39/109],,,,,,,,,,
Egyptian Journal of Biological Pest Control,2025,1110-1768/2536-9342,否,否,是,SCIE,2.1,,农林科学,3 [289/904],否,二级, ENTOMOLOGY 昆虫学,3 [40/109],,,,,,,,,,
NEOTROPICAL ENTOMOLOGY,2025,1519-566X/1678-8052,否,否,否,SCIE,1.7,,农林科学,3 [290/904],否,二级, ENTOMOLOGY 昆虫学,3 [41/109],,,,,,,,,,
Veterinary Medicine and Science,2025,2053-1095/2053-1095,否,否,是,SCIE,1.7,,农林科学,3 [291/904],否,二级, VETERINARY SCIENCES 兽医学,3 [63/167],,,,,,,,,,
JOURNAL OF ANIMAL SCIENCE AND TECHNOLOGY,2025,2672-0191/2055-0391,否,否,是,SCIE,3.2,,农林科学,3 [292/904],否,二级," AGRICULTURE, DAIRY & ANIMAL SCIENCE 奶制品与动物科学",3 [25/80], VETERINARY SCIENCES 兽医学,3 [64/167],,,,,,,,
JOURNAL OF APPLIED ANIMAL WELFARE SCIENCE,2025,1088-8705/1532-7604,否,否,否,SCIE,1.1,,农林科学,3 [293/904],否,二级, VETERINARY SCIENCES 兽医学,3 [65/167],,,,,,,,,,
Frontiers in Animal Science,2025,2673-6225/2673-6225,否,否,否,ESCI,2.4,,农林科学,3 [294/904],否,二级," AGRICULTURE, DAIRY & ANIMAL SCIENCE 奶制品与动物科学",3 [26/80], VETERINARY SCIENCES 兽医学,3 [66/167],,,,,,,,
AGROFORESTRY SYSTEMS,2025,0167-4366/1572-9680,否,否,否,SCIE,2.2,,农林科学,3 [295/904],否,二级, AGRONOMY 农艺学,3 [32/127], FORESTRY 林学,3 [29/89],,,,,,,,
MEDICAL AND VETERINARY ENTOMOLOGY,2025,0269-283X/1365-2915,否,否,否,SCIE,1.9,,农林科学,3 [296/904],否,二级, ENTOMOLOGY 昆虫学,3 [42/109], VETERINARY SCIENCES 兽医学,3 [67/167],,,,,,,,
Wood Material Science & Engineering,2025,1748-0272/1748-0280,否,否,否,SCIE,2.1,,农林科学,3 [297/904],否,二级," MATERIALS SCIENCE, PAPER & WOOD 材料科学：纸与木材",2 [5/23],,,,,,,,,,
WEED RESEARCH,2025,0043-1737/1365-3180,否,否,否,SCIE,2.4,,农林科学,3 [298/904],否,二级, AGRONOMY 农艺学,3 [33/127], PLANT SCIENCES 植物科学,3 [117/265],,,,,,,,
JOURNAL OF EQUINE VETERINARY SCIENCE,2025,0737-0806/1542-7412,否,否,否,SCIE,1.6,,农林科学,3 [299/904],否,二级, VETERINARY SCIENCES 兽医学,3 [68/167],,,,,,,,,,
Foodborne Pathogens and Disease,2025,1535-3141/1556-7125,否,否,否,SCIE,1.9,,农林科学,3 [300/904],否,二级, FOOD SCIENCE & TECHNOLOGY 食品科技,3 [79/173],,,,,,,,,,
FISHERIES,2025,0363-2415/1548-8446,否,否,否,SCIE,2.2,,农林科学,3 [301/904],否,二级, FISHERIES 渔业,3 [27/61],,,,,,,,,,
HOLZFORSCHUNG,2025,0018-3830/1437-434X,否,否,否,SCIE,1.6,,农林科学,3 [302/904],否,二级," MATERIALS SCIENCE, PAPER & WOOD 材料科学：纸与木材",2 [6/23], FORESTRY 林学,3 [30/89],,,,,,,,
JOURNAL OF FISH BIOLOGY,2025,0022-1112/1095-8649,否,否,否,SCIE,2,,农林科学,3 [303/904],否,二级, FISHERIES 渔业,3 [28/61], MARINE & FRESHWATER BIOLOGY 海洋与淡水生物学,3 [50/118],,,,,,,,
NUTRIENT CYCLING IN AGROECOSYSTEMS,2025,1385-1314/1573-0867,否,否,否,SCIE,2.7,,农林科学,3 [304/904],否,二级, SOIL SCIENCE 土壤科学,4 [22/48],,,,,,,,,,
JOURNAL OF ARACHNOLOGY,2025,0161-8202/1937-2396,否,否,否,SCIE,0.9,,农林科学,3 [305/904],否,二级, ENTOMOLOGY 昆虫学,3 [43/109],,,,,,,,,,
JOURNAL OF SOILS AND SEDIMENTS,2025,1439-0108/1614-7480,否,否,否,SCIE,3,,农林科学,3 [306/904],否,二级, ENVIRONMENTAL SCIENCES 环境科学,4 [198/357], SOIL SCIENCE 土壤科学,4 [23/48],,,,,,,,
NEW FORESTS,2025,0169-4286/1573-5095,否,否,否,SCIE,1.7,,农林科学,3 [307/904],否,二级, FORESTRY 林学,3 [31/89],,,,,,,,,,
PEDOBIOLOGIA,2025,0031-4056/1873-1511,否,否,否,SCIE,2.2,,农林科学,3 [308/904],否,二级, ECOLOGY 生态学,4 [115/196], SOIL SCIENCE 土壤科学,4 [24/48],,,,,,,,
POTATO RESEARCH,2025,0014-3065/1871-4528,否,否,否,SCIE,2.1,,农林科学,3 [309/904],否,二级, AGRONOMY 农艺学,3 [34/127],,,,,,,,,,
CABI Agriculture & Bioscience,2025,2662-4044/2662-4044,否,否,是,ESCI,2.7,,农林科学,3 [310/904],否,二级," AGRICULTURE, MULTIDISCIPLINARY 农业综合",3 [22/88],,,,,,,,,,
JOURNAL OF VETERINARY PHARMACOLOGY AND THERAPEUTICS,2025,0140-7783/1365-2885,否,否,否,SCIE,1.7,,农林科学,3 [311/904],否,二级, VETERINARY SCIENCES 兽医学,3 [69/167], PHARMACOLOGY & PHARMACY 药学,4 [183/350],,,,,,,,
Italian Journal of Agronomy,2025,1125-4718/2039-6805,否,否,是,SCIE,2.1,,农林科学,3 [312/904],否,二级, AGRONOMY 农艺学,3 [35/127],,,,,,,,,,
JOURNAL OF PLANT NUTRITION AND SOIL SCIENCE,2025,1436-8730/1522-2624,否,否,否,SCIE,2.8,,农林科学,3 [313/904],否,二级, AGRONOMY 农艺学,3 [36/127], PLANT SCIENCES 植物科学,3 [122/265], SOIL SCIENCE 土壤科学,4 [25/48],,,,,,
BULLETIN OF ENTOMOLOGICAL RESEARCH,2025,0007-4853/1475-2670,否,否,否,SCIE,1.6,,农林科学,3 [314/904],否,二级, ENTOMOLOGY 昆虫学,3 [44/109],,,,,,,,,,
JOURNAL OF WOOD SCIENCE,2025,1435-0211/1611-4663,否,否,是,SCIE,2.4,,农林科学,3 [315/904],否,二级, FORESTRY 林学,3 [32/89]," MATERIALS SCIENCE, PAPER & WOOD 材料科学：纸与木材",3 [7/23],,,,,,,,
SMALL RUMINANT RESEARCH,2025,0921-4488/1879-0941,否,否,否,SCIE,1.4,,农林科学,3 [316/904],否,二级," AGRICULTURE, DAIRY & ANIMAL SCIENCE 奶制品与动物科学",3 [27/80],,,,,,,,,,
NJAS-Impact in Agricultural and Life Sciences,2025,2768-5241/2768-5241,否,否,否,SCIE,2.6,,农林科学,3 [317/904],否,二级," AGRICULTURE, MULTIDISCIPLINARY 农业综合",3 [23/88],,,,,,,,,,
Asian Myrmecology,2025,1985-1944,否,否,否,SCIE,1.2,,农林科学,3 [318/904],否,二级, ENTOMOLOGY 昆虫学,3 [45/109],,,,,,,,,,
Veterinary Medicine International,2025,2090-8113/2042-0048,否,否,是,ESCI,2,,农林科学,3 [319/904],否,二级, VETERINARY SCIENCES 兽医学,3 [70/167],,,,,,,,,,
Forest and Society,2025,2549-4724/2549-4333,否,否,是,ESCI,1.1,,农林科学,3 [320/904],否,二级, FORESTRY 林学,3 [33/89],,,,,,,,,,
JOURNAL OF INSECT SCIENCE,2025,1536-2442/1536-2442,否,否,是,SCIE,2,,农林科学,3 [321/904],否,二级, ENTOMOLOGY 昆虫学,3 [46/109],,,,,,,,,,
International Journal of Plant Production,2025,1735-6814/1735-8043,否,否,否,SCIE,2.2,,农林科学,3 [322/904],否,二级, AGRONOMY 农艺学,3 [37/127],,,,,,,,,,
ACTA ENTOMOLOGICA MUSEI NATIONALIS PRAGAE,2025,0374-1036/1804-6487,否,否,否,SCIE,0.8,,农林科学,3 [323/904],否,二级, ENTOMOLOGY 昆虫学,3 [47/109],,,,,,,,,,
AFRICAN INVERTEBRATES,2025,1681-5556/2305-2562,否,否,是,SCIE,1.1,,农林科学,3 [324/904],否,二级, ENTOMOLOGY 昆虫学,3 [48/109], ZOOLOGY 动物学,3 [65/179], PALEONTOLOGY 古生物学,4 [34/57],,,,,,
Journal of Integrated Pest Management,2025,2155-7470/2155-7470,否,否,是,SCIE,2.7,,农林科学,3 [325/904],否,二级, ENTOMOLOGY 昆虫学,3 [49/109],,,,,,,,,,
Food Analytical Methods,2025,1936-9751/1936-976X,否,否,否,SCIE,3,,农林科学,3 [326/904],否,二级, FOOD SCIENCE & TECHNOLOGY 食品科技,3 [80/173],,,,,,,,,,
JOURNAL OF VETERINARY EMERGENCY AND CRITICAL CARE,2025,1479-3261/1476-4431,否,否,否,SCIE,1.2,,农林科学,3 [327/904],否,二级, VETERINARY SCIENCES 兽医学,3 [71/167],,,,,,,,,,
OENO One,2025,2494-1271/2494-1271,否,否,是,SCIE,2.2,,农林科学,3 [328/904],否,二级, FOOD SCIENCE & TECHNOLOGY 食品科技,3 [81/173],,,,,,,,,,
ACAROLOGIA,2025,0044-586X/2107-7207,否,否,否,SCIE,1.1,,农林科学,3 [329/904],否,二级, ENTOMOLOGY 昆虫学,3 [50/109],,,,,,,,,,
International Journal of Agricultural and Biological Engineering,2025,1934-6344/1934-6352,否,否,是,SCIE,2.2,,农林科学,3 [330/904],否,二级, AGRICULTURAL ENGINEERING 农业工程,3 [7/19],,,,,,,,,,
PHYTOPATHOLOGIA MEDITERRANEA,2025,0031-9465/1593-2095,否,否,是,SCIE,1.9,,农林科学,3 [331/904],否,二级, AGRONOMY 农艺学,3 [38/127], PLANT SCIENCES 植物科学,3 [124/265],,,,,,,,
Veterinary Record Open,2025,2399-2050/2052-6113,否,否,是,ESCI,1.1,,农林科学,3 [332/904],否,二级, VETERINARY SCIENCES 兽医学,3 [72/167],,,,,,,,,,
AgriEngineering,2025,2624-7402/2624-7402,否,否,是,ESCI,3,,农林科学,3 [333/904],否,二级, AGRICULTURAL ENGINEERING 农业工程,3 [8/19],,,,,,,,,,
TROPICAL ANIMAL HEALTH AND PRODUCTION,2025,0049-4747/1573-7438,否,否,否,SCIE,1.7,,农林科学,3 [334/904],否,二级," AGRICULTURE, DAIRY & ANIMAL SCIENCE 奶制品与动物科学",3 [28/80], VETERINARY SCIENCES 兽医学,3 [73/167],,,,,,,,
Archives Animal Breeding,2025,0003-9438/2363-9822,否,否,是,SCIE,1.6,,农林科学,3 [335/904],否,二级," AGRICULTURE, DAIRY & ANIMAL SCIENCE 奶制品与动物科学",3 [29/80],,,,,,,,,,
RENEWABLE AGRICULTURE AND FOOD SYSTEMS,2025,1742-1705/1742-1713,否,否,是,SCIE,2,,农林科学,3 [336/904],否,二级," AGRICULTURE, MULTIDISCIPLINARY 农业综合",3 [24/88],,,,,,,,,,
Journal of Food Measurement and Characterization,2025,2193-4126/2193-4134,否,否,否,SCIE,3.3,,农林科学,3 [337/904],否,二级, FOOD SCIENCE & TECHNOLOGY 食品科技,3 [82/173],,,,,,,,,,
AGRONOMY JOURNAL,2025,0002-1962/1435-0645,否,否,否,SCIE,2,,农林科学,3 [338/904],否,二级, AGRONOMY 农艺学,3 [39/127],,,,,,,,,,
eFood,2025,2666-3066/2666-3066,否,否,否,ESCI,5.7,,农林科学,3 [339/904],否,二级, FOOD SCIENCE & TECHNOLOGY 食品科技,3 [83/173],,,,,,,,,,
PHYTOPARASITICA,2025,0334-2123/1876-7184,否,否,否,SCIE,1.5,,农林科学,3 [340/904],否,二级, AGRONOMY 农艺学,3 [40/127], ENTOMOLOGY 昆虫学,3 [51/109], PLANT SCIENCES 植物科学,3 [126/265],,,,,,
Gesunde Pflanzen,2025,0367-4223/1439-0345,否,否,否,SCIE,3.1,,农林科学,3 [341/904],否,二级, AGRONOMY 农艺学,3 [41/127],,,,,,,,,,
SOIL SCIENCE SOCIETY OF AMERICA JOURNAL,2025,0361-5995/1435-0661,否,否,否,SCIE,2.4,,农林科学,3 [342/904],否,二级, SOIL SCIENCE 土壤科学,4 [26/48],,,,,,,,,,
PACKAGING TECHNOLOGY AND SCIENCE,2025,0894-3214/1099-1522,否,否,否,SCIE,3.7,,农林科学,3 [343/904],否,二级, FOOD SCIENCE & TECHNOLOGY 食品科技,3 [84/173]," ENGINEERING, MANUFACTURING 工程：制造",4 [45/70],,,,,,,,
VETERINARY OPHTHALMOLOGY,2025,1463-5216/1463-5224,否,否,否,SCIE,1.3,,农林科学,3 [344/904],否,二级, VETERINARY SCIENCES 兽医学,3 [74/167],,,,,,,,,,
Journal of the American Association for Laboratory Animal Science,2025,1559-6109/1559-6109,否,否,否,SCIE,1.7,,农林科学,3 [345/904],否,二级, VETERINARY SCIENCES 兽医学,3 [75/167], ZOOLOGY 动物学,3 [73/179],,,,,,,,
ENTOMOLOGIA EXPERIMENTALIS ET APPLICATA,2025,0013-8703/1570-7458,否,否,否,SCIE,1.7,,农林科学,3 [346/904],否,二级, ENTOMOLOGY 昆虫学,3 [52/109],,,,,,,,,,
Frontiers in Insect Science,2025,2673-8600/2673-8600,否,否,否,ESCI,3,,农林科学,3 [347/904],否,二级, ENTOMOLOGY 昆虫学,3 [53/109],,,,,,,,,,
JOURNAL OF VECTOR ECOLOGY,2025,1081-1710/1948-7134,否,否,否,SCIE,1.3,,农林科学,3 [348/904],否,二级, ENTOMOLOGY 昆虫学,3 [54/109],,,,,,,,,,
AQUACULTURE INTERNATIONAL,2025,0967-6120/1573-143X,否,否,否,SCIE,2.4,,农林科学,3 [349/904],否,二级, FISHERIES 渔业,3 [29/61],,,,,,,,,,
TREES-STRUCTURE AND FUNCTION,2025,0931-1890/1432-2285,否,否,否,SCIE,2.1,,农林科学,3 [350/904],否,二级, FORESTRY 林学,3 [34/89],,,,,,,,,,
JOURNAL OF FOOD PROCESS ENGINEERING,2025,0145-8876/1745-4530,否,否,否,SCIE,2.9,,农林科学,3 [351/904],否,二级," ENGINEERING, CHEMICAL 工程：化工",3 [81/169], FOOD SCIENCE & TECHNOLOGY 食品科技,3 [86/173],,,,,,,,
JOURNAL OF FOOD AND DRUG ANALYSIS,2025,1021-9498/1021-9498,否,否,是,SCIE,3,,农林科学,3 [352/904],否,二级, FOOD SCIENCE & TECHNOLOGY 食品科技,4 [87/173], PHARMACOLOGY & PHARMACY 药学,4 [205/350],,,,,,,,
GENETIC RESOURCES AND CROP EVOLUTION,2025,0925-9864/1573-5109,否,否,否,SCIE,,,农林科学,3 [353/904],否,二级, AGRONOMY 农艺学,3 [42/127], PLANT SCIENCES 植物科学,4 [131/265],,,,,,,,
ANIMAL SCIENCE JOURNAL,2025,1344-3941/1740-0929,否,否,否,SCIE,1.2,,农林科学,3 [354/904],否,二级," AGRICULTURE, DAIRY & ANIMAL SCIENCE 奶制品与动物科学",3 [31/80],,,,,,,,,,
PLANT PROTECTION SCIENCE,2025,1212-2580/1805-9341,否,否,是,SCIE,1.4,,农林科学,3 [355/904],否,二级, AGRONOMY 农艺学,3 [43/127], PLANT SCIENCES 植物科学,4 [132/265],,,,,,,,
INSECTES SOCIAUX,2025,0020-1812/1420-9098,否,否,否,SCIE,1.5,,农林科学,3 [356/904],否,二级, ENTOMOLOGY 昆虫学,4 [55/109],,,,,,,,,,
EUPHYTICA,2025,0014-2336/1573-5060,否,否,否,SCIE,1.7,,农林科学,3 [357/904],否,二级, AGRONOMY 农艺学,3 [44/127], HORTICULTURE 园艺,3 [14/38], PLANT SCIENCES 植物科学,4 [134/265],,,,,,
PHYSIOLOGICAL ENTOMOLOGY,2025,0307-6962/1365-3032,否,否,否,SCIE,1.5,,农林科学,3 [358/904],否,二级, ENTOMOLOGY 昆虫学,4 [56/109],,,,,,,,,,
Austral Entomology,2025,2052-1758/2052-174X,否,否,否,SCIE,1.1,,农林科学,3 [359/904],否,二级, ENTOMOLOGY 昆虫学,4 [57/109],,,,,,,,,,
VETERINARY AND COMPARATIVE ORTHOPAEDICS AND TRAUMATOLOGY,2025,0932-0814/2567-6911,否,否,否,SCIE,1.1,,农林科学,3 [360/904],否,二级, VETERINARY SCIENCES 兽医学,3 [76/167], ZOOLOGY 动物学,3 [80/179],,,,,,,,
Arthropod-Plant Interactions,2025,1872-8855/1872-8847,否,否,否,SCIE,1.3,,农林科学,3 [361/904],否,二级, ENTOMOLOGY 昆虫学,4 [58/109],,,,,,,,,,
JOURNAL OF THE WORLD AQUACULTURE SOCIETY,2025,0893-8849/1749-7345,否,否,否,SCIE,3.2,,农林科学,3 [362/904],否,二级, FISHERIES 渔业,3 [30/61],,,,,,,,,,
NEW ZEALAND JOURNAL OF FORESTRY SCIENCE,2025,0048-0134/1179-5395,否,否,是,SCIE,1.1,,农林科学,3 [363/904],否,二级, FORESTRY 林学,3 [35/89],,,,,,,,,,
Forest Science and Technology,2025,2158-0103/2158-0715,否,否,是,ESCI,2.2,,农林科学,3 [364/904],否,二级, FORESTRY 林学,3 [36/89],,,,,,,,,,
INTERNATIONAL JOURNAL OF DAIRY TECHNOLOGY,2025,1364-727X/1471-0307,否,否,否,SCIE,2.8,,农林科学,3 [365/904],否,二级, FOOD SCIENCE & TECHNOLOGY 食品科技,4 [89/173],,,,,,,,,,
ANIMAL WELFARE,2025,0962-7286/2054-1538,否,否,否,SCIE,2.3,,农林科学,3 [366/904],否,二级, VETERINARY SCIENCES 兽医学,3 [77/167], ZOOLOGY 动物学,3 [82/179],,,,,,,,
ARID LAND RESEARCH AND MANAGEMENT,2025,1532-4982/1532-4990,否,否,否,SCIE,1.6,,农林科学,3 [367/904],否,二级, ENVIRONMENTAL SCIENCES 环境科学,4 [232/357], SOIL SCIENCE 土壤科学,4 [27/48],,,,,,,,
WEED TECHNOLOGY,2025,0890-037X/1550-2740,否,否,否,SCIE,1.7,,农林科学,3 [368/904],否,二级, AGRONOMY 农艺学,3 [45/127], PLANT SCIENCES 植物科学,4 [136/265],,,,,,,,
VETERINARY CLINICAL PATHOLOGY,2025,0275-6382/1939-165X,否,否,否,SCIE,1.1,,农林科学,3 [369/904],否,二级, VETERINARY SCIENCES 兽医学,3 [78/167],,,,,,,,,,
ITALIAN JOURNAL OF FOOD SCIENCE,2025,1120-1770/2239-5687,否,否,是,SCIE,3.3,,农林科学,3 [370/904],否,二级, FOOD SCIENCE & TECHNOLOGY 食品科技,4 [90/173],,,,,,,,,,
AUSTRALIAN VETERINARY JOURNAL,2025,0005-0423/1751-0813,否,否,否,SCIE,1.7,,农林科学,3 [371/904],否,二级, VETERINARY SCIENCES 兽医学,3 [79/167],,,,,,,,,,
Journal of Plant Diseases and Protection,2025,1861-3829/1861-3837,否,否,否,SCIE,2.2,,农林科学,3 [372/904],否,二级," AGRICULTURE, MULTIDISCIPLINARY 农业综合",3 [25/88], PLANT SCIENCES 植物科学,4 [138/265],,,,,,,,
Journal of Insects as Food and Feed,2025,2352-4588/2352-4588,否,否,否,SCIE,3.5,,农林科学,3 [373/904],否,二级, ENTOMOLOGY 昆虫学,4 [59/109], FOOD SCIENCE & TECHNOLOGY 食品科技,4 [91/173],,,,,,,,
JOURNAL OF FOOD PROTECTION,2025,0362-028X/1944-9097,否,否,否,SCIE,2.8,,农林科学,3 [374/904],否,二级, BIOTECHNOLOGY & APPLIED MICROBIOLOGY 生物工程与应用微生物,4 [104/174], FOOD SCIENCE & TECHNOLOGY 食品科技,4 [92/173],,,,,,,,
Small-Scale Forestry,2025,1873-7617/1873-7854,否,否,否,SCIE,1.8,,农林科学,3 [375/904],否,二级, FORESTRY 林学,3 [37/89],,,,,,,,,,
SEED SCIENCE AND TECHNOLOGY,2025,0251-0952/1819-5717,否,否,否,SCIE,3,,农林科学,3 [376/904],否,二级, AGRONOMY 农艺学,3 [46/127], HORTICULTURE 园艺,3 [15/38], PLANT SCIENCES 植物科学,4 [140/265],,,,,,
Folia Horticulturae,2025,0867-1761/2083-5965,否,否,是,SCIE,1.8,,农林科学,3 [377/904],否,二级, HORTICULTURE 园艺,3 [16/38],,,,,,,,,,
JOURNAL OF ESSENTIAL OIL RESEARCH,2025,1041-2905/2163-8152,否,否,否,SCIE,2.1,,农林科学,3 [378/904],否,二级," CHEMISTRY, APPLIED 应用化学",3 [33/74], FOOD SCIENCE & TECHNOLOGY 食品科技,4 [93/173],,,,,,,,
JOURNAL OF POULTRY SCIENCE,2025,1346-7395/1349-0486,否,否,否,SCIE,1.6,,农林科学,3 [379/904],否,二级," AGRICULTURE, DAIRY & ANIMAL SCIENCE 奶制品与动物科学",3 [32/80],,,,,,,,,,
POLISH JOURNAL OF FOOD AND NUTRITION SCIENCES,2025,1230-0322/2083-6007,否,否,是,SCIE,2.3,,农林科学,3 [380/904],否,二级, FOOD SCIENCE & TECHNOLOGY 食品科技,4 [94/173],,,,,,,,,,
Psyche-A Journal of Entomology,2025,0033-2615/1687-7438,否,否,是,ESCI,0.9,,农林科学,3 [381/904],否,二级, ENTOMOLOGY 昆虫学,4 [60/109],,,,,,,,,,
SCIENTIA AGRICOLA,2025,1678-992X/1678-992X,否,否,是,SCIE,1.5,,农林科学,3 [382/904],否,二级," AGRICULTURE, MULTIDISCIPLINARY 农业综合",3 [26/88],,,,,,,,,,
Plant Pathology Journal,2025,1598-2254/2093-9280,否,否,是,SCIE,2.5,,农林科学,3 [383/904],否,二级, PLANT SCIENCES 植物科学,4 [145/265],,,,,,,,,,
EXPERIMENTAL ANIMALS,2025,1341-1357/1881-7122,否,否,否,SCIE,1.2,,农林科学,3 [384/904],否,二级, VETERINARY SCIENCES 兽医学,3 [80/167], ZOOLOGY 动物学,3 [86/179],,,,,,,,
ACTA PARASITOLOGICA,2025,1230-2821/1896-1851,否,否,否,SCIE,1.5,,农林科学,3 [385/904],否,二级, VETERINARY SCIENCES 兽医学,3 [81/167], ZOOLOGY 动物学,3 [89/179], PARASITOLOGY 寄生虫学,4 [31/45],,,,,,
Quality Assurance and Safety of Crops & Foods,2025,1757-8361/1757-837X,否,否,否,SCIE,5.3,,农林科学,3 [386/904],否,二级, FOOD SCIENCE & TECHNOLOGY 食品科技,4 [95/173],,,,,,,,,,
Food Additives and Contaminants Part A-Chemistry Analysis Control Exposure & Risk Assessment,2025,1944-0049/1944-0057,否,否,否,SCIE,2.2,,农林科学,3 [387/904],否,二级," CHEMISTRY, APPLIED 应用化学",3 [35/74], FOOD SCIENCE & TECHNOLOGY 食品科技,4 [96/173], TOXICOLOGY 毒理学,4 [77/106],,,,,,
Frontiers of Agricultural Science and Engineering,2025,2095-7505/2095-977X,否,否,是,ESCI,2.8,,农林科学,3 [388/904],否,二级, AGRONOMY 农艺学,3 [47/127],,,,,,,,,,
CANADIAN JOURNAL OF FOREST RESEARCH,2025,0045-5067/1208-6037,否,否,否,SCIE,1.5,,农林科学,3 [389/904],否,二级, FORESTRY 林学,3 [38/89],,,,,,,,,,
JOURNAL OF DAIRY RESEARCH,2025,0022-0299/1469-7629,否,否,否,SCIE,1.2,,农林科学,3 [390/904],否,二级," AGRICULTURE, DAIRY & ANIMAL SCIENCE 奶制品与动物科学",3 [33/80], FOOD SCIENCE & TECHNOLOGY 食品科技,4 [97/173],,,,,,,,
Journal of Veterinary Science,2025,1229-845X/1976-555X,否,否,是,SCIE,1.5,,农林科学,3 [391/904],否,二级, VETERINARY SCIENCES 兽医学,4 [82/167],,,,,,,,,,
INTERNATIONAL JOURNAL OF ACAROLOGY,2025,0164-7954/1945-3892,否,否,否,SCIE,1,,农林科学,3 [392/904],否,二级, ENTOMOLOGY 昆虫学,4 [61/109],,,,,,,,,,
BIOCONTROL SCIENCE AND TECHNOLOGY,2025,0958-3157/1360-0478,否,否,否,SCIE,1.2,,农林科学,3 [393/904],否,二级, BIOTECHNOLOGY & APPLIED MICROBIOLOGY 生物工程与应用微生物,4 [112/174], ENTOMOLOGY 昆虫学,4 [62/109],,,,,,,,
JOURNAL OF THE INSTITUTE OF BREWING,2025,0046-9750/2050-0416,否,否,否,SCIE,2,,农林科学,3 [394/904],否,二级, FOOD SCIENCE & TECHNOLOGY 食品科技,4 [99/173],,,,,,,,,,
IAWA JOURNAL,2025,0928-1541/2294-1932,否,否,否,SCIE,3.5,,农林科学,3 [395/904],否,二级, FORESTRY 林学,4 [39/89],,,,,,,,,,
Veterinary World,2025,0972-8988/2231-0916,否,否,是,ESCI,2,,农林科学,3 [396/904],否,二级," AGRICULTURE, DAIRY & ANIMAL SCIENCE 奶制品与动物科学",3 [34/80], VETERINARY SCIENCES 兽医学,4 [83/167],,,,,,,,
Dendrobiology,2025,1641-1307/2083-8387,否,否,否,SCIE,1.8,,农林科学,3 [397/904],否,二级, FORESTRY 林学,4 [40/89],,,,,,,,,,
PLANT SOIL AND ENVIRONMENT,2025,1214-1178/1805-9368,否,否,是,SCIE,1.8,,农林科学,3 [398/904],否,二级, AGRONOMY 农艺学,3 [48/127],,,,,,,,,,
BULLETIN OF INSECTOLOGY,2025,1721-8861/2283-0332,否,否,否,SCIE,0.9,,农林科学,3 [399/904],否,二级, ENTOMOLOGY 昆虫学,4 [63/109],,,,,,,,,,
Applied Biological Chemistry,2025,2468-0834/2468-0842,否,否,是,SCIE,2.7,,农林科学,3 [400/904],否,二级, FOOD SCIENCE & TECHNOLOGY 食品科技,4 [101/173],,,,,,,,,,
JOURNAL OF APPLIED POULTRY RESEARCH,2025,1056-6171/1537-0437,否,否,是,SCIE,2,,农林科学,3 [401/904],否,二级," AGRICULTURE, DAIRY & ANIMAL SCIENCE 奶制品与动物科学",3 [35/80],,,,,,,,,,
VETERINARY IMMUNOLOGY AND IMMUNOPATHOLOGY,2025,0165-2427/1873-2534,否,否,否,SCIE,1.4,,农林科学,3 [402/904],否,二级, IMMUNOLOGY 免疫学,4 [140/179], VETERINARY SCIENCES 兽医学,4 [84/167],,,,,,,,
International Journal of Food Science,2025,2356-7015/2314-5765,否,否,是,ESCI,3.1,,农林科学,3 [403/904],否,二级, FOOD SCIENCE & TECHNOLOGY 食品科技,4 [102/173], NUTRITION & DIETETICS 营养学,4 [79/113],,,,,,,,
ANIMAL BIOTECHNOLOGY,2025,1049-5398/1532-2378,否,否,否,SCIE,1.8,,农林科学,3 [404/904],否,二级," AGRICULTURE, DAIRY & ANIMAL SCIENCE 奶制品与动物科学",4 [36/80], BIOTECHNOLOGY & APPLIED MICROBIOLOGY 生物工程与应用微生物,4 [117/174],,,,,,,,
REVISTA BRASILEIRA DE PARASITOLOGIA VETERINARIA,2025,0103-846X/1984-2961,否,否,是,SCIE,1.2,,农林科学,3 [405/904],否,二级, PARASITOLOGY 寄生虫学,4 [35/45], VETERINARY SCIENCES 兽医学,4 [85/167],,,,,,,,
JOURNAL OF THE AMERICAN ANIMAL HOSPITAL ASSOCIATION,2025,0587-2871/1547-3317,否,否,否,SCIE,1.1,,农林科学,4 [406/904],否,三级, VETERINARY SCIENCES 兽医学,4 [86/167],,,,,,,,,,
EUROPEAN JOURNAL OF PLANT PATHOLOGY,2025,0929-1873/1573-8469,否,否,否,SCIE,1.9,,农林科学,4 [407/904],否,三级, AGRONOMY 农艺学,3 [49/127], HORTICULTURE 园艺,3 [17/38], PLANT SCIENCES 植物科学,4 [151/265],,,,,,
JOURNAL OF ORTHOPTERA RESEARCH,2025,1082-6467/1937-2426,否,否,是,ESCI,1.2,,农林科学,4 [408/904],否,三级, ENTOMOLOGY 昆虫学,4 [64/109],,,,,,,,,,
JOURNAL OF VETERINARY DIAGNOSTIC INVESTIGATION,2025,1040-6387/1943-4936,否,否,否,SCIE,1.1,,农林科学,4 [409/904],否,三级, VETERINARY SCIENCES 兽医学,4 [87/167],,,,,,,,,,
FOREST SCIENCE,2025,0015-749X/1938-3738,否,否,否,SCIE,1.4,,农林科学,4 [410/904],否,三级, FORESTRY 林学,4 [41/89],,,,,,,,,,
NORTH AMERICAN JOURNAL OF FISHERIES MANAGEMENT,2025,0275-5947/1548-8675,否,否,否,SCIE,1.4,,农林科学,4 [411/904],否,三级, FISHERIES 渔业,4 [32/61],,,,,,,,,,
JOURNAL OF INSECT BEHAVIOR,2025,0892-7553/1572-8889,否,否,否,SCIE,0.9,,农林科学,4 [412/904],否,三级, ENTOMOLOGY 昆虫学,4 [65/109],,,,,,,,,,
Food Biophysics,2025,1557-1858/1557-1866,否,否,否,SCIE,3.2,,农林科学,4 [413/904],否,三级, FOOD SCIENCE & TECHNOLOGY 食品科技,4 [103/173],,,,,,,,,,
JOURNAL OF AGRICULTURAL SCIENCE,2025,0021-8596/1469-5146,否,否,否,SCIE,2.2,,农林科学,4 [414/904],否,三级," AGRICULTURE, MULTIDISCIPLINARY 农业综合",3 [27/88],,,,,,,,,,
Laboratory Animal Research,2025,1738-6055/2233-7660,否,否,是,ESCI,2.9,,农林科学,4 [415/904],否,三级," MEDICINE, RESEARCH & EXPERIMENTAL 医学：研究与实验",4 [132/188], VETERINARY SCIENCES 兽医学,4 [88/167],,,,,,,,
CANADIAN VETERINARY JOURNAL-REVUE VETERINAIRE CANADIENNE,2025,0008-5286/0008-5286,否,否,否,SCIE,1,,农林科学,4 [416/904],否,三级, VETERINARY SCIENCES 兽医学,4 [89/167],,,,,,,,,,
Applied Animal Science,2025,2590-2873/2590-2865,否,否,否,ESCI,1.5,,农林科学,4 [417/904],否,三级," AGRICULTURE, DAIRY & ANIMAL SCIENCE 奶制品与动物科学",4 [37/80],,,,,,,,,,
JOURNAL OF FOOD QUALITY,2025,0146-9428/1745-4557,否,否,是,SCIE,2.9,,农林科学,4 [418/904],否,三级, FOOD SCIENCE & TECHNOLOGY 食品科技,4 [104/173],,,,,,,,,,
INTERNATIONAL JOURNAL OF FOOD SCIENCE AND TECHNOLOGY,2025,0950-5423/1365-2621,否,否,否,SCIE,3.1,,农林科学,4 [419/904],否,三级, FOOD SCIENCE & TECHNOLOGY 食品科技,4 [105/173],,,,,,,,,,
Journal of Seed Science,2025,2317-1537/2317-1545,否,否,是,SCIE,1.2,,农林科学,4 [420/904],否,三级, AGRONOMY 农艺学,4 [51/127],,,,,,,,,,
Sugar Tech,2025,0972-1525/0974-0740,否,否,否,SCIE,2,,农林科学,4 [421/904],否,三级, AGRONOMY 农艺学,4 [52/127],,,,,,,,,,
AQUACULTURE RESEARCH,2025,1355-557X/1365-2109,否,否,否,SCIE,1.9,,农林科学,4 [422/904],否,三级, FISHERIES 渔业,4 [33/61],,,,,,,,,,
ARCHIVES OF INSECT BIOCHEMISTRY AND PHYSIOLOGY,2025,0739-4462/1520-6327,否,否,否,SCIE,1.9,,农林科学,4 [423/904],否,三级, BIOCHEMISTRY & MOLECULAR BIOLOGY 生化与分子生物学,4 [242/310], ENTOMOLOGY 昆虫学,4 [66/109], PHYSIOLOGY 生理学,4 [70/84],,,,,,
AQUATIC INSECTS,2025,0165-0424/1744-4152,否,否,否,SCIE,0.6,,农林科学,4 [424/904],否,三级, ENTOMOLOGY 昆虫学,4 [67/109],,,,,,,,,,
Journal of Insect Biodiversity,2025,2538-1318/2147-7612,否,否,否,ESCI,0.6,,农林科学,4 [425/904],否,三级, ENTOMOLOGY 昆虫学,4 [68/109],,,,,,,,,,
FOOD SCIENCE AND BIOTECHNOLOGY,2025,1226-7708/2092-6456,否,否,否,SCIE,3.1,,农林科学,4 [426/904],否,三级, FOOD SCIENCE & TECHNOLOGY 食品科技,4 [106/173],,,,,,,,,,
Fish and Shellfish Immunology Reports,2025,2667-0119/2667-0119,否,否,否,ESCI,2.8,,农林科学,4 [427/904],否,三级, FISHERIES 渔业,4 [34/61], IMMUNOLOGY 免疫学,4 [143/179], MARINE & FRESHWATER BIOLOGY 海洋与淡水生物学,4 [67/118],,,,,,
iForest-Biogeosciences and Forestry,2025,1971-7458/1971-7458,否,否,是,SCIE,1.7,,农林科学,4 [428/904],否,三级, FORESTRY 林学,4 [42/89],,,,,,,,,,
ACS Agricultural Science & Technology,2025,2692-1952/2692-1952,否,否,否,ESCI,2.9,,农林科学,4 [429/904],否,三级," AGRICULTURE, MULTIDISCIPLINARY 农业综合",3 [28/88]," CHEMISTRY, APPLIED 应用化学",3 [39/74],,,,,,,,
CANADIAN ENTOMOLOGIST,2025,0008-347X/1918-3240,否,否,否,SCIE,1.1,,农林科学,4 [430/904],否,三级, ENTOMOLOGY 昆虫学,4 [69/109],,,,,,,,,,
ARTHROPODA SELECTA,2025,0136-006X,否,否,否,SCIE,0.6,,农林科学,4 [431/904],否,三级, ENTOMOLOGY 昆虫学,4 [70/109],,,,,,,,,,
BREEDING SCIENCE,2025,1344-7610/1347-3735,否,否,否,SCIE,2.2,,农林科学,4 [432/904],否,三级, AGRONOMY 农艺学,4 [53/127], PLANT SCIENCES 植物科学,4 [157/265],,,,,,,,
Open Agriculture,2025,2391-9531/2391-9531,否,否,是,ESCI,1.6,,农林科学,4 [433/904],否,三级," AGRICULTURE, MULTIDISCIPLINARY 农业综合",3 [29/88],,,,,,,,,,
EFSA Journal,2025,1831-4732/1831-4732,否,否,是,SCIE,3.3,,农林科学,4 [434/904],否,三级, FOOD SCIENCE & TECHNOLOGY 食品科技,4 [107/173],,,,,,,,,,
ONDERSTEPOORT JOURNAL OF VETERINARY RESEARCH,2025,0030-2465/2219-0635,否,否,是,SCIE,1.6,,农林科学,4 [435/904],否,三级, VETERINARY SCIENCES 兽医学,4 [90/167],,,,,,,,,,
REVUE SCIENTIFIQUE ET TECHNIQUE-OFFICE INTERNATIONAL DES EPIZOOTIES,2025,0253-1933/1608-0637,否,否,否,SCIE,1.1,,农林科学,4 [436/904],否,三级, VETERINARY SCIENCES 兽医学,4 [91/167],,,,,,,,,,
Advances in Weed Science,2025,2675-9462/2675-9462,否,否,是,SCIE,1.6,,农林科学,4 [437/904],否,三级, PLANT SCIENCES 植物科学,4 [158/265],,,,,,,,,,
NOTA LEPIDOPTEROLOGICA,2025,0342-7536/2367-5365,否,否,是,SCIE,0.7,,农林科学,4 [438/904],否,三级, ENTOMOLOGY 昆虫学,4 [71/109],,,,,,,,,,
BRITISH POULTRY SCIENCE,2025,0007-1668/1466-1799,否,否,否,SCIE,1.7,,农林科学,4 [439/904],否,三级," AGRICULTURE, DAIRY & ANIMAL SCIENCE 奶制品与动物科学",4 [38/80],,,,,,,,,,
JOURNAL OF FORESTRY,2025,0022-1201/1938-3746,否,否,否,SCIE,1.8,,农林科学,4 [440/904],否,三级, FORESTRY 林学,4 [43/89],,,,,,,,,,
CANADIAN JOURNAL OF PLANT PATHOLOGY,2025,0706-0661/1715-2992,否,否,否,SCIE,1.5,,农林科学,4 [441/904],否,三级, PLANT SCIENCES 植物科学,4 [159/265],,,,,,,,,,
FOOD TECHNOLOGY AND BIOTECHNOLOGY,2025,1330-9862/1334-2606,否,否,是,SCIE,2.5,,农林科学,4 [442/904],否,三级, BIOTECHNOLOGY & APPLIED MICROBIOLOGY 生物工程与应用微生物,4 [128/174], FOOD SCIENCE & TECHNOLOGY 食品科技,4 [108/173],,,,,,,,
ENTOMOLOGICAL SCIENCE,2025,1343-8786/1479-8298,否,否,否,SCIE,0.9,,农林科学,4 [443/904],否,三级, ENTOMOLOGY 昆虫学,4 [72/109],,,,,,,,,,
Crop & Pasture Science,2025,1836-0947/1836-5795,否,否,否,SCIE,1.9,,农林科学,4 [444/904],否,三级," AGRICULTURE, MULTIDISCIPLINARY 农业综合",3 [30/88],,,,,,,,,,
ACS Food Science & Technology,2025,2692-1944/2692-1944,否,否,否,ESCI,2.8,,农林科学,4 [445/904],否,三级, FOOD SCIENCE & TECHNOLOGY 食品科技,4 [109/173],,,,,,,,,,
Chilean Journal of Agricultural Research,2025,0718-5839/0718-5839,否,否,否,SCIE,1.8,,农林科学,4 [446/904],否,三级," AGRICULTURE, MULTIDISCIPLINARY 农业综合",3 [31/88], AGRONOMY 农艺学,4 [54/127],,,,,,,,
CZECH JOURNAL OF ANIMAL SCIENCE,2025,1212-1819/1805-9309,否,否,是,SCIE,1.3,,农林科学,4 [447/904],否,三级," AGRICULTURE, DAIRY & ANIMAL SCIENCE 奶制品与动物科学",4 [39/80],,,,,,,,,,
Cogent Food & Agriculture,2025,2331-1932/2331-1932,否,否,是,SCIE,2.3,,农林科学,4 [448/904],否,三级," AGRICULTURE, MULTIDISCIPLINARY 农业综合",3 [32/88],,,,,,,,,,
COLEOPTERISTS BULLETIN,2025,0010-065X/1938-4394,否,否,否,SCIE,0.8,,农林科学,4 [449/904],否,三级, ENTOMOLOGY 昆虫学,4 [73/109],,,,,,,,,,
Animal Reproduction,2025,1806-9614/1984-3143,否,否,是,SCIE,2.1,,农林科学,4 [450/904],否,三级," AGRICULTURE, DAIRY & ANIMAL SCIENCE 奶制品与动物科学",4 [40/80],,,,,,,,,,
Agricultural & Environmental Letters,2025,2471-9625/2471-9625,否,否,是,SCIE,3.6,,农林科学,4 [451/904],否,三级," AGRICULTURE, MULTIDISCIPLINARY 农业综合",3 [33/88], ENVIRONMENTAL SCIENCES 环境科学,4 [261/357],,,,,,,,
Organic Agriculture,2025,1879-4238/1879-4246,否,否,否,ESCI,2.7,,农林科学,4 [452/904],否,三级," AGRICULTURE, MULTIDISCIPLINARY 农业综合",3 [34/88],,,,,,,,,,
JOURNAL OF VETERINARY MEDICAL SCIENCE,2025,0916-7250/1347-7439,否,否,否,SCIE,1.1,,农林科学,4 [453/904],否,三级, VETERINARY SCIENCES 兽医学,4 [94/167],,,,,,,,,,
JOURNAL OF FOOD SCIENCE AND TECHNOLOGY-MYSORE,2025,0022-1155/0975-8402,否,否,否,SCIE,3.3,,农林科学,4 [454/904],否,三级, FOOD SCIENCE & TECHNOLOGY 食品科技,4 [110/173],,,,,,,,,,
PLANT PRODUCTION SCIENCE,2025,1343-943X/1349-1008,否,否,是,SCIE,1.3,,农林科学,4 [455/904],否,三级, AGRONOMY 农艺学,4 [55/127],,,,,,,,,,
Archives of Agronomy and Soil Science,2025,0365-0340/1476-3567,否,否,否,SCIE,1.8,,农林科学,4 [456/904],否,三级, AGRONOMY 农艺学,4 [56/127], SOIL SCIENCE 土壤科学,4 [29/48],,,,,,,,
JOURNAL OF PLANT PATHOLOGY,2025,1125-4653/2239-7264,否,否,否,SCIE,2,,农林科学,4 [457/904],否,三级, PLANT SCIENCES 植物科学,4 [165/265],,,,,,,,,,
JOURNAL OF WILDLIFE DISEASES,2025,0090-3558/1943-3700,否,否,否,SCIE,1.2,,农林科学,4 [458/904],否,三级, VETERINARY SCIENCES 兽医学,4 [95/167],,,,,,,,,,
JOURNAL OF ANIMAL AND FEED SCIENCES,2025,1230-1388/1230-1388,否,否,否,SCIE,1.5,,农林科学,4 [459/904],否,三级," AGRICULTURE, DAIRY & ANIMAL SCIENCE 奶制品与动物科学",4 [41/80],,,,,,,,,,
SILVAE GENETICA,2025,0037-5349/2509-8934,否,否,否,SCIE,1,,农林科学,4 [460/904],否,三级, FORESTRY 林学,4 [44/89], GENETICS & HEREDITY 遗传学,4 [149/190],,,,,,,,
ACTA ICHTHYOLOGICA ET PISCATORIA,2025,0137-1592/1734-1515,否,否,是,SCIE,1,,农林科学,4 [461/904],否,三级, FISHERIES 渔业,4 [35/61], ZOOLOGY 动物学,4 [110/179],,,,,,,,
Journal of Veterinary Research,2025,2450-7393/2450-8608,否,否,是,SCIE,1.5,,农林科学,4 [462/904],否,三级, VETERINARY SCIENCES 兽医学,4 [96/167],,,,,,,,,,
HORTSCIENCE,2025,0018-5345/2327-9834,否,否,是,SCIE,1.6,,农林科学,4 [463/904],否,三级, HORTICULTURE 园艺,3 [18/38],,,,,,,,,,
FLAVOUR AND FRAGRANCE JOURNAL,2025,0882-5734/1099-1026,否,否,否,SCIE,2,,农林科学,4 [464/904],否,三级," CHEMISTRY, APPLIED 应用化学",3 [40/74], FOOD SCIENCE & TECHNOLOGY 食品科技,4 [111/173],,,,,,,,
CEREAL CHEMISTRY,2025,0009-0352/1943-3638,否,否,否,SCIE,2.5,,农林科学,4 [465/904],否,三级," CHEMISTRY, APPLIED 应用化学",4 [41/74], FOOD SCIENCE & TECHNOLOGY 食品科技,4 [112/173],,,,,,,,
Italian Journal of Food Safety,2025,2239-7132/2239-7132,否,否,是,ESCI,1.7,,农林科学,4 [466/904],否,三级, FOOD SCIENCE & TECHNOLOGY 食品科技,4 [114/173],,,,,,,,,,
FOREST PATHOLOGY,2025,1437-4781/1439-0329,否,否,否,SCIE,1,,农林科学,4 [467/904],否,三级, FORESTRY 林学,4 [45/89],,,,,,,,,,
INTERNATIONAL JOURNAL OF ODONATOLOGY,2025,1388-7890/2159-6719,否,否,否,SCIE,1,,农林科学,4 [468/904],否,三级, ENTOMOLOGY 昆虫学,4 [74/109],,,,,,,,,,
Spanish Journal of Soil Science,2025,2253-6574/2253-6574,否,否,是,ESCI,2,,农林科学,4 [469/904],否,三级, SOIL SCIENCE 土壤科学,4 [30/48],,,,,,,,,,
NEW ZEALAND VETERINARY JOURNAL,2025,0048-0169/1176-0710,否,否,否,SCIE,1.1,,农林科学,4 [470/904],否,三级, VETERINARY SCIENCES 兽医学,4 [97/167],,,,,,,,,,
Forests Trees and Livelihoods,2025,1472-8028/2164-3075,否,否,否,ESCI,1.7,,农林科学,4 [471/904],否,三级, ENVIRONMENTAL STUDIES 环境研究,4 [149/183], FORESTRY 林学,4 [46/89],,,,,,,,
JOURNAL OF ASIA-PACIFIC ENTOMOLOGY,2025,1226-8615/1876-7990,否,否,否,SCIE,1.3,,农林科学,4 [472/904],否,三级, ENTOMOLOGY 昆虫学,4 [75/109],,,,,,,,,,
CyTA-Journal of Food,2025,1947-6337/1947-6345,否,否,否,SCIE,1.7,,农林科学,4 [473/904],否,三级, FOOD SCIENCE & TECHNOLOGY 食品科技,4 [115/173],,,,,,,,,,
PLANT BREEDING,2025,0179-9541/1439-0523,否,否,否,SCIE,1.8,,农林科学,4 [474/904],否,三级, AGRONOMY 农艺学,4 [57/127], BIOTECHNOLOGY & APPLIED MICROBIOLOGY 生物工程与应用微生物,4 [134/174], PLANT SCIENCES 植物科学,4 [170/265],,,,,,
Austrian Journal of Forest Science,2025,0379-5292/0375-524X,否,否,否,SCIE,0.5,,农林科学,4 [475/904],否,三级, FORESTRY 林学,4 [47/89],,,,,,,,,,
JOURNAL OF SHELLFISH RESEARCH,2025,0730-8000/1943-6319,否,否,否,SCIE,1,,农林科学,4 [476/904],否,三级, FISHERIES 渔业,4 [36/61], MARINE & FRESHWATER BIOLOGY 海洋与淡水生物学,4 [75/118],,,,,,,,
JOURNAL OF VETERINARY DENTISTRY,2025,0898-7564/2470-4083,否,否,否,SCIE,0.9,,农林科学,4 [477/904],否,三级, VETERINARY SCIENCES 兽医学,4 [98/167],,,,,,,,,,
Journal of Advanced Veterinary and Animal Research,2025,2311-7710/2311-7710,否,否,是,ESCI,1.5,,农林科学,4 [478/904],否,三级," AGRICULTURE, DAIRY & ANIMAL SCIENCE 奶制品与动物科学",4 [42/80], VETERINARY SCIENCES 兽医学,4 [99/167],,,,,,,,
NEW ZEALAND JOURNAL OF AGRICULTURAL RESEARCH,2025,0028-8233/1175-8775,否,否,否,SCIE,1.5,,农林科学,4 [479/904],否,三级," AGRICULTURE, MULTIDISCIPLINARY 农业综合",3 [35/88],,,,,,,,,,
JOURNAL OF SENSORY STUDIES,2025,0887-8250/1745-459X,否,否,否,SCIE,1.6,,农林科学,4 [480/904],否,三级, FOOD SCIENCE & TECHNOLOGY 食品科技,4 [116/173],,,,,,,,,,
REVISTA BRASILEIRA DE CIENCIA DO SOLO,2025,0100-0683/1806-9657,否,否,是,SCIE,2,,农林科学,4 [481/904],否,三级, SOIL SCIENCE 土壤科学,4 [31/48],,,,,,,,,,
DISEASES OF AQUATIC ORGANISMS,2025,0177-5103/1616-1580,否,否,否,SCIE,1.2,,农林科学,4 [482/904],否,三级, FISHERIES 渔业,4 [37/61], VETERINARY SCIENCES 兽医学,4 [100/167],,,,,,,,
Central European Forestry Journal,2025,2454-034X/2454-0358,否,否,是,ESCI,1,,农林科学,4 [483/904],否,三级, FORESTRY 林学,4 [48/89],,,,,,,,,,
INTERNATIONAL FORESTRY REVIEW,2025,1465-5489/2053-7778,否,否,否,SCIE,0.9,,农林科学,4 [484/904],否,三级, FORESTRY 林学,4 [49/89],,,,,,,,,,
Journal of Agricultural Engineering,2025,1974-7071/2239-6268,否,否,是,SCIE,2.5,,农林科学,4 [485/904],否,三级, AGRICULTURAL ENGINEERING 农业工程,4 [10/19],,,,,,,,,,
APPLIED ENTOMOLOGY AND ZOOLOGY,2025,0003-6862/1347-605X,否,否,否,SCIE,1.2,,农林科学,4 [486/904],否,三级, ENTOMOLOGY 昆虫学,4 [76/109],,,,,,,,,,
JOURNAL OF SOIL AND WATER CONSERVATION,2025,0022-4561/1941-3300,否,否,否,SCIE,2.6,,农林科学,4 [487/904],否,三级, ECOLOGY 生态学,4 [147/196], SOIL SCIENCE 土壤科学,4 [32/48], WATER RESOURCES 水资源,4 [89/124],,,,,,
Advances in Agriculture,2025,2356-654X/2314-7539,否,否,是,ESCI,1.8,,农林科学,4 [488/904],否,三级, AGRONOMY 农艺学,4 [58/127],,,,,,,,,,
AGRICULTURAL AND FOOD SCIENCE,2025,1459-6067/1795-1895,否,否,是,SCIE,1.1,,农林科学,4 [489/904],否,三级," AGRICULTURE, MULTIDISCIPLINARY 农业综合",3 [36/88], FOOD SCIENCE & TECHNOLOGY 食品科技,4 [117/173],,,,,,,,
Journal of Forest Research,2025,1341-6979/1610-7403,否,否,否,SCIE,1.1,,农林科学,4 [490/904],否,三级, FORESTRY 林学,4 [50/89],,,,,,,,,,
Animal Production Science,2025,1836-0939/1836-5787,否,否,否,SCIE,1.2,,农林科学,4 [491/904],否,三级," AGRICULTURE, DAIRY & ANIMAL SCIENCE 奶制品与动物科学",4 [43/80],,,,,,,,,,
TURKIYE ENTOMOLOJI DERGISI-TURKISH JOURNAL OF ENTOMOLOGY,2025,1010-6960/2536-491X,否,否,否,SCIE,0.8,,农林科学,4 [492/904],否,三级, ENTOMOLOGY 昆虫学,4 [77/109],,,,,,,,,,
Applied and Environmental Soil Science,2025,1687-7667/1687-7675,否,否,是,ESCI,2.7,,农林科学,4 [493/904],否,三级, SOIL SCIENCE 土壤科学,4 [33/48],,,,,,,,,,
JOURNAL OF WOOD CHEMISTRY AND TECHNOLOGY,2025,0277-3813/1532-2319,否,否,否,SCIE,1.7,,农林科学,4 [494/904],否,三级," MATERIALS SCIENCE, PAPER & WOOD 材料科学：纸与木材",3 [8/23],,,,,,,,,,
JOURNAL OF FOOD PROCESSING AND PRESERVATION,2025,0145-8892/1745-4549,否,否,否,SCIE,2.5,,农林科学,4 [495/904],否,三级, FOOD SCIENCE & TECHNOLOGY 食品科技,4 [119/173],,,,,,,,,,
Translational Animal Science,2025,2573-2102/2573-2102,否,否,是,ESCI,1.8,,农林科学,4 [496/904],否,三级," AGRICULTURE, DAIRY & ANIMAL SCIENCE 奶制品与动物科学",4 [44/80],,,,,,,,,,
International Agrophysics,2025,0236-8722/2300-8725,否,否,是,SCIE,1.7,,农林科学,4 [497/904],否,三级, AGRONOMY 农艺学,4 [59/127],,,,,,,,,,
NORTH AMERICAN JOURNAL OF AQUACULTURE,2025,1522-2055/1548-8454,否,否,否,SCIE,1.3,,农林科学,4 [498/904],否,三级, FISHERIES 渔业,4 [38/61],,,,,,,,,,
SILVA FENNICA,2025,0037-5330/2242-4075,否,否,是,SCIE,1.8,,农林科学,4 [499/904],否,三级, FORESTRY 林学,4 [51/89],,,,,,,,,,
IRRIGATION AND DRAINAGE,2025,1531-0353/1531-0361,否,否,否,SCIE,1.7,,农林科学,4 [500/904],否,三级, AGRONOMY 农艺学,4 [60/127], WATER RESOURCES 水资源,4 [90/124],,,,,,,,
AMERICAN JOURNAL OF POTATO RESEARCH,2025,1099-209X/1874-9380,否,否,否,SCIE,1.8,,农林科学,4 [501/904],否,三级, AGRONOMY 农艺学,4 [61/127],,,,,,,,,,
JOURNAL OF APPLIED ANIMAL RESEARCH,2025,0971-2119/0974-1844,否,否,是,SCIE,1.9,,农林科学,4 [502/904],否,三级," AGRICULTURE, DAIRY & ANIMAL SCIENCE 奶制品与动物科学",4 [45/80],,,,,,,,,,
SCHWEIZER ARCHIV FUR TIERHEILKUNDE,2025,0036-7281/1664-2848,否,否,否,SCIE,0.9,,农林科学,4 [503/904],否,三级, VETERINARY SCIENCES 兽医学,4 [101/167],,,,,,,,,,
AQUATIC LIVING RESOURCES,2025,0990-7440/1765-2952,否,否,否,SCIE,1.9,,农林科学,4 [504/904],否,三级, FISHERIES 渔业,4 [39/61], MARINE & FRESHWATER BIOLOGY 海洋与淡水生物学,4 [78/118],,,,,,,,
Journal of Feline Medicine and Surgery Open Reports,2025,2055-1169/2055-1169,否,否,是,ESCI,0.7,,农林科学,4 [505/904],否,三级, VETERINARY SCIENCES 兽医学,4 [102/167],,,,,,,,,,
ANATOMIA HISTOLOGIA EMBRYOLOGIA,2025,0340-2096/1439-0264,否,否,否,SCIE,1,,农林科学,4 [506/904],否,三级, ANATOMY & MORPHOLOGY 解剖学与形态学,4 [19/22], VETERINARY SCIENCES 兽医学,4 [103/167],,,,,,,,
JOURNAL OF FOOD SAFETY,2025,0149-6085/1745-4565,否,否,否,SCIE,1.8,,农林科学,4 [507/904],否,三级, BIOTECHNOLOGY & APPLIED MICROBIOLOGY 生物工程与应用微生物,4 [137/174], FOOD SCIENCE & TECHNOLOGY 食品科技,4 [120/173],,,,,,,,
LABORATORY ANIMALS,2025,0023-6772/1758-1117,否,否,否,SCIE,1.3,,农林科学,4 [508/904],否,三级, VETERINARY SCIENCES 兽医学,4 [104/167], ZOOLOGY 动物学,4 [122/179],,,,,,,,
Acta Technologica Agriculturae,2025,1335-2555/1338-5267,否,否,是,ESCI,0.8,,农林科学,4 [509/904],否,三级," AGRICULTURE, MULTIDISCIPLINARY 农业综合",4 [37/88],,,,,,,,,,
Soil Science Annual,2025,2300-4967/2300-4975,否,否,是,ESCI,1,,农林科学,4 [510/904],否,三级, SOIL SCIENCE 土壤科学,4 [34/48],,,,,,,,,,
Journal of Oleo Science,2025,1345-8957/1347-3352,否,否,是,SCIE,1.8,,农林科学,4 [511/904],否,三级," CHEMISTRY, APPLIED 应用化学",4 [45/74], FOOD SCIENCE & TECHNOLOGY 食品科技,4 [121/173],,,,,,,,
Journal of the South African Veterinary Association,2025,1019-9128/2224-9435,否,否,是,SCIE,0.5,,农林科学,4 [512/904],否,三级, VETERINARY SCIENCES 兽医学,4 [105/167],,,,,,,,,,
Annals of Animal Science,2025,1642-3402/2300-8733,否,否,否,SCIE,2.2,,农林科学,4 [513/904],否,三级," AGRICULTURE, DAIRY & ANIMAL SCIENCE 奶制品与动物科学",4 [46/80],,,,,,,,,,
EQUINE VETERINARY EDUCATION,2025,0957-7734/2042-3292,否,否,否,SCIE,0.8,,农林科学,4 [514/904],否,三级, VETERINARY SCIENCES 兽医学,4 [106/167],,,,,,,,,,
BIOLOGICAL AGRICULTURE & HORTICULTURE,2025,0144-8765/2165-0616,否,否,否,SCIE,1.6,,农林科学,4 [515/904],否,三级, AGRONOMY 农艺学,4 [62/127], HORTICULTURE 园艺,4 [19/38],,,,,,,,
Paddy and Water Environment,2025,1611-2490/1611-2504,否,否,否,SCIE,2.1,,农林科学,4 [516/904],否,三级, AGRICULTURAL ENGINEERING 农业工程,4 [11/19], AGRONOMY 农艺学,4 [63/127],,,,,,,,
EXPERIMENTAL AGRICULTURE,2025,0014-4797/1469-4441,否,否,否,SCIE,1.9,,农林科学,4 [517/904],否,三级, AGRONOMY 农艺学,4 [64/127],,,,,,,,,,
JOURNAL OF COMPARATIVE PATHOLOGY,2025,0021-9975/1532-3129,否,否,否,SCIE,0.9,,农林科学,4 [518/904],否,三级, PATHOLOGY 病理学,4 [67/88], VETERINARY SCIENCES 兽医学,4 [107/167],,,,,,,,
EGYPTIAN JOURNAL OF SOIL SCIENCE,2025,0302-6701/2357-0369,否,否,否,ESCI,3.4,,农林科学,4 [519/904],否,三级, SOIL SCIENCE 土壤科学,4 [35/48],,,,,,,,,,
COMPARATIVE MEDICINE,2025,1532-0820/1532-0820,否,否,否,SCIE,1.1,,农林科学,4 [520/904],否,三级, VETERINARY SCIENCES 兽医学,4 [108/167], ZOOLOGY 动物学,4 [127/179],,,,,,,,
Soil and Water Research,2025,1801-5395/1805-9384,否,否,是,SCIE,1.7,,农林科学,4 [521/904],否,三级, SOIL SCIENCE 土壤科学,4 [36/48], WATER RESOURCES 水资源,4 [92/124],,,,,,,,
AIMS Agriculture and Food,2025,2471-2086/2471-2086,否,否,是,ESCI,1.3,,农林科学,4 [522/904],否,三级," AGRICULTURE, MULTIDISCIPLINARY 农业综合",4 [38/88], AGRONOMY 农艺学,4 [65/127], FOOD SCIENCE & TECHNOLOGY 食品科技,4 [122/173],,,,,,
REVISTA BRASILEIRA DE ENTOMOLOGIA,2025,0085-5626/1806-9665,否,否,是,SCIE,1.3,,农林科学,4 [523/904],否,三级, ENTOMOLOGY 昆虫学,4 [78/109],,,,,,,,,,
Erwerbs-Obstbau,2025,0014-0309/1439-0302,否,否,否,SCIE,1.4,,农林科学,4 [524/904],否,三级, HORTICULTURE 园艺,4 [20/38],,,,,,,,,,
JOURNAL OF AOAC INTERNATIONAL,2025,1060-3271/1944-7922,否,否,否,SCIE,1.7,,农林科学,4 [525/904],否,三级," CHEMISTRY, ANALYTICAL 分析化学",4 [76/106], FOOD SCIENCE & TECHNOLOGY 食品科技,4 [123/173],,,,,,,,
Revista Brasileira de Engenharia Agricola e Ambiental,2025,1415-4366/1807-1929,否,否,是,SCIE,1.5,,农林科学,4 [526/904],否,三级, AGRICULTURAL ENGINEERING 农业工程,4 [12/19],,,,,,,,,,
Open Veterinary Journal,2025,2226-4485/2218-6050,否,否,是,ESCI,1,,农林科学,4 [527/904],否,三级, VETERINARY SCIENCES 兽医学,4 [109/167],,,,,,,,,,
ACTA SCIENTIARUM-AGRONOMY,2025,1679-9275/1807-8621,否,否,是,SCIE,1.2,,农林科学,4 [528/904],否,三级, AGRONOMY 农艺学,4 [66/127],,,,,,,,,,
AFRICAN ENTOMOLOGY,2025,1021-3589/2254-8854,否,否,否,SCIE,0.6,,农林科学,4 [529/904],否,三级, ENTOMOLOGY 昆虫学,4 [79/109],,,,,,,,,,
JOURNAL OF ENVIRONMENTAL SCIENCE AND HEALTH PART B-PESTICIDES FOOD CONTAMINANTS AND AGRICULTURAL WASTES,2025,0360-1234/1532-4109,否,否,否,SCIE,1.8,,农林科学,4 [530/904],否,三级, ENVIRONMENTAL SCIENCES 环境科学,4 [277/357]," PUBLIC, ENVIRONMENTAL & OCCUPATIONAL HEALTH 公共卫生、环境卫生与职业卫生",4 [334/404],,,,,,,,
International Journal of Agronomy,2025,1687-8159/1687-8167,否,否,是,ESCI,1.5,,农林科学,4 [531/904],否,三级, AGRONOMY 农艺学,4 [67/127],,,,,,,,,,
Journal of Forest Science,2025,1212-4834/1805-935X,否,否,是,ESCI,1.1,,农林科学,4 [532/904],否,三级, FORESTRY 林学,4 [52/89],,,,,,,,,,
Persian Journal of Acarology,2025,2251-8169/2251-8169,否,否,是,ESCI,0.8,,农林科学,4 [533/904],否,三级, ENTOMOLOGY 昆虫学,4 [80/109],,,,,,,,,,
Tropical Plant Pathology,2025,1983-2052/1983-2052,否,否,否,SCIE,1.5,,农林科学,4 [534/904],否,三级, PLANT SCIENCES 植物科学,4 [192/265],,,,,,,,,,
GRASSLAND SCIENCE,2025,1744-6961/1744-697X,否,否,否,SCIE,1.1,,农林科学,4 [535/904],否,三级," AGRICULTURE, MULTIDISCIPLINARY 农业综合",4 [40/88], AGRONOMY 农艺学,4 [68/127],,,,,,,,
FOOD AND AGRICULTURAL IMMUNOLOGY,2025,0954-0105/1465-3443,否,否,是,SCIE,2.1,,农林科学,4 [536/904],否,三级," CHEMISTRY, APPLIED 应用化学",4 [50/74], FOOD SCIENCE & TECHNOLOGY 食品科技,4 [124/173], IMMUNOLOGY 免疫学,4 [159/179], TOXICOLOGY 毒理学,4 [92/106],,,,
EURASIAN SOIL SCIENCE,2025,1064-2293/1556-195X,否,否,否,SCIE,1.6,,农林科学,4 [537/904],否,三级, SOIL SCIENCE 土壤科学,4 [37/48],,,,,,,,,,
VITIS,2025,0042-7500/0042-7500,否,否,否,SCIE,0.7,,农林科学,4 [538/904],否,三级, HORTICULTURE 园艺,4 [21/38],,,,,,,,,,
Italian Journal of Agrometeorology-Rivista Italiana di Agrometeorologia,2025,2038-5625/2038-5625,否,否,否,SCIE,0.8,,农林科学,4 [539/904],否,三级, AGRONOMY 农艺学,4 [69/127], ENVIRONMENTAL SCIENCES 环境科学,4 [278/357], METEOROLOGY & ATMOSPHERIC SCIENCES 气象与大气科学,4 [89/109],,,,,,
Journal of Sustainable Forestry,2025,1054-9811/1540-756X,否,否,否,SCIE,1.8,,农林科学,4 [540/904],否,三级, FORESTRY 林学,4 [53/89],,,,,,,,,,
Journal of Berry Research,2025,1878-5093/1878-5123,否,否,否,SCIE,1.4,,农林科学,4 [541/904],否,三级, PLANT SCIENCES 植物科学,4 [194/265],,,,,,,,,,
HORTTECHNOLOGY,2025,1063-0198/1943-7714,否,否,是,SCIE,1.3,,农林科学,4 [542/904],否,三级, HORTICULTURE 园艺,4 [22/38],,,,,,,,,,
Acta Facultatis Xylologiae Zvolen,2025,1336-3824/1336-3824,否,否,否,ESCI,0.8,,农林科学,4 [543/904],否,三级," MATERIALS SCIENCE, PAPER & WOOD 材料科学：纸与木材",3 [9/23],,,,,,,,,,
JOURNAL OF THE AMERICAN OIL CHEMISTS SOCIETY,2025,0003-021X/1558-9331,否,否,否,SCIE,2.4,,农林科学,4 [544/904],否,三级," CHEMISTRY, APPLIED 应用化学",4 [51/74], FOOD SCIENCE & TECHNOLOGY 食品科技,4 [125/173],,,,,,,,
International Wood Products Journal,2025,2042-6445/2042-6453,否,否,否,ESCI,0.9,,农林科学,4 [545/904],否,三级," MATERIALS SCIENCE, PAPER & WOOD 材料科学：纸与木材",3 [10/23],,,,,,,,,,
WEED BIOLOGY AND MANAGEMENT,2025,1444-6162/1445-6664,否,否,否,SCIE,1.5,,农林科学,4 [546/904],否,三级, AGRONOMY 农艺学,4 [70/127], PLANT SCIENCES 植物科学,4 [197/265],,,,,,,,
Mljekarstvo,2025,0026-704X/0026-704X,否,否,是,SCIE,1.2,,农林科学,4 [547/904],否,三级," AGRICULTURE, DAIRY & ANIMAL SCIENCE 奶制品与动物科学",4 [47/80],,,,,,,,,,
Journal of Animal Behaviour and Biometeorology,2025,2318-1265/2318-1265,否,否,否,ESCI,1.4,,农林科学,4 [548/904],否,三级," AGRICULTURE, DAIRY & ANIMAL SCIENCE 奶制品与动物科学",4 [48/80],,,,,,,,,,
CANADIAN JOURNAL OF VETERINARY RESEARCH-REVUE CANADIENNE DE RECHERCHE VETERINAIRE,2025,1928-9022/1928-9022,否,否,否,SCIE,1.1,,农林科学,4 [549/904],否,三级, VETERINARY SCIENCES 兽医学,4 [110/167],,,,,,,,,,
REVISTA BRASILEIRA DE ZOOTECNIA-BRAZILIAN JOURNAL OF ANIMAL SCIENCE,2025,1516-3598/1806-9290,否,否,是,SCIE,1.2,,农林科学,4 [550/904],否,三级," AGRICULTURE, DAIRY & ANIMAL SCIENCE 奶制品与动物科学",4 [49/80], VETERINARY SCIENCES 兽医学,4 [111/167],,,,,,,,
Tropical Grasslands-Forrajes Tropicales,2025,2346-3775/2346-3775,否,否,是,SCIE,0.7,,农林科学,4 [551/904],否,三级," AGRICULTURE, DAIRY & ANIMAL SCIENCE 奶制品与动物科学",4 [50/80], AGRONOMY 农艺学,4 [71/127],,,,,,,,
JOURNAL OF AQUATIC ANIMAL HEALTH,2025,0899-7659/1548-8667,否,否,否,SCIE,1.7,,农林科学,4 [552/904],否,三级, FISHERIES 渔业,4 [40/61], VETERINARY SCIENCES 兽医学,4 [112/167],,,,,,,,
CANADIAN JOURNAL OF ANIMAL SCIENCE,2025,0008-3984/1918-1825,否,否,否,SCIE,1,,农林科学,4 [553/904],否,三级," AGRICULTURE, DAIRY & ANIMAL SCIENCE 奶制品与动物科学",4 [51/80],,,,,,,,,,
FISHERIES SCIENCE,2025,0919-9268/1444-2906,否,否,否,SCIE,1.4,,农林科学,4 [554/904],否,三级, FISHERIES 渔业,4 [41/61],,,,,,,,,,
SOIL SCIENCE AND PLANT NUTRITION,2025,0038-0768/1747-0765,否,否,否,SCIE,1.8,,农林科学,4 [555/904],否,三级, ENVIRONMENTAL SCIENCES 环境科学,4 [281/357], PLANT SCIENCES 植物科学,4 [199/265], SOIL SCIENCE 土壤科学,4 [38/48],,,,,,
CEREAL RESEARCH COMMUNICATIONS,2025,0133-3720/1788-9170,否,否,否,SCIE,1.9,,农林科学,4 [556/904],否,三级, AGRONOMY 农艺学,4 [72/127],,,,,,,,,,
Frontiers in Soil Science,2025,2673-8619/2673-8619,否,否,否,ESCI,3.7,,农林科学,4 [557/904],否,三级, SOIL SCIENCE 土壤科学,4 [39/48],,,,,,,,,,
CIENCIA E AGROTECNOLOGIA,2025,1413-7054/1981-1829,否,否,是,SCIE,0.9,,农林科学,4 [558/904],否,三级," AGRICULTURE, MULTIDISCIPLINARY 农业综合",4 [41/88],,,,,,,,,,
Asian Journal of Agriculture and Biology,2025,2307-8553/2307-8553,否,否,是,ESCI,,,农林科学,4 [559/904],否,三级," AGRICULTURE, MULTIDISCIPLINARY 农业综合",4 [42/88],,,,,,,,,,
JOURNAL OF AVIAN MEDICINE AND SURGERY,2025,1082-6742/1938-2871,否,否,否,SCIE,0.5,,农林科学,4 [560/904],否,三级, VETERINARY SCIENCES 兽医学,4 [113/167],,,,,,,,,,
AVIAN DISEASES,2025,0005-2086/1938-4351,否,否,否,SCIE,1.3,,农林科学,4 [561/904],否,三级, VETERINARY SCIENCES 兽医学,4 [114/167],,,,,,,,,,
NEW ZEALAND ENTOMOLOGIST,2025,0077-9962/1179-3430,否,否,否,SCIE,0.4,,农林科学,4 [562/904],否,三级, ENTOMOLOGY 昆虫学,4 [81/109],,,,,,,,,,
EUROPEAN JOURNAL OF LIPID SCIENCE AND TECHNOLOGY,2025,1438-7697/1438-9312,否,否,否,SCIE,1.8,,农林科学,4 [563/904],否,三级, FOOD SCIENCE & TECHNOLOGY 食品科技,4 [126/173], NUTRITION & DIETETICS 营养学,4 [91/113],,,,,,,,
Crop Breeding and Applied Biotechnology,2025,1984-7033/1518-7853,否,否,是,SCIE,1.1,,农林科学,4 [564/904],否,三级, AGRONOMY 农艺学,4 [73/127], BIOTECHNOLOGY & APPLIED MICROBIOLOGY 生物工程与应用微生物,4 [146/174],,,,,,,,
Preventive Nutrition and Food Science,2025,2287-1098/2287-8602,否,否,否,ESCI,2.5,,农林科学,4 [565/904],否,三级, FOOD SCIENCE & TECHNOLOGY 食品科技,4 [127/173], NUTRITION & DIETETICS 营养学,4 [92/113],,,,,,,,
JOURNAL OF PLANT NUTRITION,2025,0190-4167/1532-4087,否,否,否,SCIE,1.7,,农林科学,4 [566/904],否,三级, PLANT SCIENCES 植物科学,4 [202/265],,,,,,,,,,
JOURNAL OF PESTICIDE SCIENCE,2025,1348-589X/1349-0923,否,否,是,SCIE,1.8,,农林科学,4 [567/904],否,三级, ENTOMOLOGY 昆虫学,4 [82/109],,,,,,,,,,
OCL-Oilseeds and Fats Crops and Lipids,2025,2272-6977/2257-6614,否,否,是,ESCI,2,,农林科学,4 [568/904],否,三级, AGRONOMY 农艺学,4 [74/127],,,,,,,,,,
Agrosystems Geosciences & Environment,2025,2639-6696/2639-6696,否,否,是,ESCI,1.5,,农林科学,4 [569/904],否,三级, AGRONOMY 农艺学,4 [75/127],,,,,,,,,,
Annals of Forest Research,2025,1844-8135/2065-2445,否,否,是,SCIE,2.9,,农林科学,4 [570/904],否,三级, FORESTRY 林学,4 [54/89],,,,,,,,,,
CALIFORNIA AGRICULTURE,2025,0008-0845/2160-8091,否,否,是,SCIE,1.1,,农林科学,4 [571/904],否,三级," AGRICULTURE, MULTIDISCIPLINARY 农业综合",4 [43/88],,,,,,,,,,
FLORIDA ENTOMOLOGIST,2025,0015-4040/1938-5102,否,否,是,SCIE,1.2,,农林科学,4 [572/904],否,三级, ENTOMOLOGY 昆虫学,4 [83/109],,,,,,,,,,
JOURNAL OF HORTICULTURAL SCIENCE & BIOTECHNOLOGY,2025,1462-0316/2380-4084,否,否,否,SCIE,2.1,,农林科学,4 [573/904],否,三级, HORTICULTURE 园艺,4 [23/38],,,,,,,,,,
JOURNAL OF APPLIED ICHTHYOLOGY,2025,0175-8659/1439-0426,否,否,否,SCIE,0.7,,农林科学,4 [574/904],否,三级, FISHERIES 渔业,4 [42/61], MARINE & FRESHWATER BIOLOGY 海洋与淡水生物学,4 [87/118],,,,,,,,
FOREST PRODUCTS JOURNAL,2025,0015-7473/0015-7473,否,否,否,SCIE,1.2,,农林科学,4 [575/904],否,三级," MATERIALS SCIENCE, PAPER & WOOD 材料科学：纸与木材",3 [11/23], FORESTRY 林学,4 [56/89],,,,,,,,
REVISTA DE LA FACULTAD DE CIENCIAS AGRARIAS,2025,1853-8665/1853-8665,否,否,是,SCIE,1.2,,农林科学,4 [576/904],否,三级," AGRICULTURE, MULTIDISCIPLINARY 农业综合",4 [44/88],,,,,,,,,,
ENTOMOLOGICAL RESEARCH,2025,1738-2297/1748-5967,否,否,否,SCIE,1.6,,农林科学,4 [577/904],否,三级, ENTOMOLOGY 昆虫学,4 [84/109],,,,,,,,,,
Tree-Ring Research,2025,1536-1098/2162-4585,否,否,否,SCIE,0.7,,农林科学,4 [578/904],否,三级, FORESTRY 林学,4 [57/89],,,,,,,,,,
Tropical Animal Science Journal,2025,2615-787X/2615-790X,否,否,是,ESCI,0.9,,农林科学,4 [579/904],否,三级," AGRICULTURE, DAIRY & ANIMAL SCIENCE 奶制品与动物科学",4 [52/80],,,,,,,,,,
INTERNATIONAL JOURNAL OF TROPICAL INSECT SCIENCE,2025,1742-7584/1742-7592,否,否,否,SCIE,1.2,,农林科学,4 [580/904],否,三级, ENTOMOLOGY 昆虫学,4 [85/109],,,,,,,,,,
JOURNAL OF PHYTOPATHOLOGY,2025,0931-1785/1439-0434,否,否,否,SCIE,1.1,,农林科学,4 [581/904],否,三级, PLANT SCIENCES 植物科学,4 [205/265],,,,,,,,,,
EUROPEAN JOURNAL OF ENTOMOLOGY,2025,1802-8829/1802-8829,否,否,否,SCIE,1.2,,农林科学,4 [582/904],否,三级, ENTOMOLOGY 昆虫学,4 [86/109],,,,,,,,,,
Journal of Consumer Protection and Food Safety,2025,1661-5751/1661-5867,否,否,否,SCIE,1.7,,农林科学,4 [583/904],否,三级, FOOD SCIENCE & TECHNOLOGY 食品科技,4 [128/173],,,,,,,,,,
Turkish Journal of Fisheries and Aquatic Sciences,2025,1303-2712/2149-181X,否,否,否,SCIE,1.7,,农林科学,4 [584/904],否,三级, FISHERIES 渔业,4 [44/61], MARINE & FRESHWATER BIOLOGY 海洋与淡水生物学,4 [89/118],,,,,,,,
ODONATOLOGICA,2025,0375-0183/0375-0183,否,否,否,SCIE,0.4,,农林科学,4 [585/904],否,三级, ENTOMOLOGY 昆虫学,4 [87/109],,,,,,,,,,
Range Management and Agroforestry,2025,0971-2070,否,否,否,SCIE,0.4,,农林科学,4 [586/904],否,三级, AGRONOMY 农艺学,4 [76/127],,,,,,,,,,
FRAGMENTA ENTOMOLOGICA,2025,0429-288X/2284-4880,否,否,是,ESCI,0.5,,农林科学,4 [587/904],否,三级, ENTOMOLOGY 昆虫学,4 [88/109], ZOOLOGY 动物学,4 [143/179],,,,,,,,
FOOD SCIENCE AND TECHNOLOGY INTERNATIONAL,2025,1082-0132/1532-1738,否,否,否,SCIE,1.6,,农林科学,4 [588/904],否,三级," CHEMISTRY, APPLIED 应用化学",4 [53/74], FOOD SCIENCE & TECHNOLOGY 食品科技,4 [129/173],,,,,,,,
INTERNATIONAL JOURNAL OF PEST MANAGEMENT,2025,0967-0874/1366-5863,否,否,否,SCIE,1.1,,农林科学,4 [589/904],否,三级, ENTOMOLOGY 昆虫学,4 [89/109],,,,,,,,,,
SOCIETY & ANIMALS,2025,1063-1119/1568-5306,否,否,否,SSCI;SCIE,1,,农林科学,4 [590/904],否,三级, SOCIOLOGY 社会学,4 [189/216], VETERINARY SCIENCES 兽医学,4 [115/167],,,,,,,,
STARCH-STARKE,2025,0038-9056/1521-379X,否,否,否,SCIE,2.7,,农林科学,4 [591/904],否,三级, FOOD SCIENCE & TECHNOLOGY 食品科技,4 [130/173],,,,,,,,,,
World Rabbit Science,2025,1257-5011/1989-8886,否,否,是,SCIE,1.3,,农林科学,4 [592/904],否,三级," AGRICULTURE, DAIRY & ANIMAL SCIENCE 奶制品与动物科学",4 [53/80],,,,,,,,,,
"Aquaculture, Fish and Fisheries",2025,2693-8847/2693-8847,否,否,否,ESCI,1.9,,农林科学,4 [593/904],否,三级, FISHERIES 渔业,4 [45/61],,,,,,,,,,
BRAGANTIA,2025,0006-8705/1678-4499,否,否,是,SCIE,1.5,,农林科学,4 [594/904],否,三级," AGRICULTURE, MULTIDISCIPLINARY 农业综合",4 [45/88],,,,,,,,,,
ACTA AGRICULTURAE SCANDINAVICA SECTION A-ANIMAL SCIENCE,2025,0906-4702/1651-1972,否,否,否,SCIE,0.9,,农林科学,4 [595/904],否,三级," AGRICULTURE, DAIRY & ANIMAL SCIENCE 奶制品与动物科学",4 [54/80],,,,,,,,,,
International Journal of Food Engineering,2025,2194-5764/1556-3758,否,否,否,SCIE,1.4,,农林科学,4 [596/904],否,三级, FOOD SCIENCE & TECHNOLOGY 食品科技,4 [131/173],,,,,,,,,,
Iraqi Journal of Agricultural Sciences,2025,0075-0530/2410-0862,否,否,是,ESCI,1.6,,农林科学,4 [597/904],否,三级," AGRICULTURE, MULTIDISCIPLINARY 农业综合",4 [46/88],,,,,,,,,,
European Poultry Science,2025,1612-9199/1612-9199,否,否,否,SCIE,0.5,,农林科学,4 [598/904],否,三级," AGRICULTURE, DAIRY & ANIMAL SCIENCE 奶制品与动物科学",4 [55/80],,,,,,,,,,
FOOD BIOTECHNOLOGY,2025,0890-5436/1532-4249,否,否,否,SCIE,1.6,,农林科学,4 [599/904],否,三级, BIOTECHNOLOGY & APPLIED MICROBIOLOGY 生物工程与应用微生物,4 [153/174], FOOD SCIENCE & TECHNOLOGY 食品科技,4 [133/173],,,,,,,,
AGRICULTURAL RESEARCH,2025,2249-720X/2249-7218,否,否,否,ESCI,1.1,,农林科学,4 [600/904],否,三级, AGRONOMY 农艺学,4 [77/127],,,,,,,,,,
JOURNAL OF ZOO AND WILDLIFE MEDICINE,2025,1042-7260/1937-2825,否,否,否,SCIE,0.7,,农林科学,4 [601/904],否,三级, VETERINARY SCIENCES 兽医学,4 [116/167],,,,,,,,,,
Southern Forests-A Journal of Forest Science,2025,2070-2620/2070-2639,否,否,否,SCIE,0.9,,农林科学,4 [602/904],否,三级, FORESTRY 林学,4 [58/89],,,,,,,,,,
JOURNAL OF GENERAL PLANT PATHOLOGY,2025,1345-2630/1610-739X,否,否,否,SCIE,1.2,,农林科学,4 [603/904],否,三级, PLANT SCIENCES 植物科学,4 [211/265],,,,,,,,,,
Brazilian Journal of Poultry Science,2025,1516-635X/1806-9061,否,否,是,SCIE,0.9,,农林科学,4 [604/904],否,三级," AGRICULTURE, DAIRY & ANIMAL SCIENCE 奶制品与动物科学",4 [56/80],,,,,,,,,,
JOURNAL OF APPLIED AQUACULTURE,2025,1045-4438/1545-0805,否,否,否,ESCI,0.8,,农林科学,4 [605/904],否,三级, FISHERIES 渔业,4 [46/61],,,,,,,,,,
Iranian Journal of Veterinary Research,2025,1728-1997,否,否,否,SCIE,1,,农林科学,4 [606/904],否,三级, VETERINARY SCIENCES 兽医学,4 [117/167],,,,,,,,,,
Journal of the ASABE,2025,2769-3295/2769-3287,否,否,否,SCIE,1,,农林科学,4 [607/904],否,三级, AGRICULTURAL ENGINEERING 农业工程,4 [13/19],,,,,,,,,,
JOURNAL OF MEDICAL PRIMATOLOGY,2025,0047-2565/1600-0684,否,否,否,SCIE,0.5,,农林科学,4 [608/904],否,三级, VETERINARY SCIENCES 兽医学,4 [118/167], ZOOLOGY 动物学,4 [150/179],,,,,,,,
FISHERY BULLETIN,2025,0090-0656/1937-4518,否,否,是,SCIE,0.8,,农林科学,4 [609/904],否,三级, FISHERIES 渔业,4 [47/61],,,,,,,,,,
JOURNAL OF THE AMERICAN SOCIETY OF BREWING CHEMISTS,2025,0361-0470/1943-7854,否,否,否,SCIE,1.8,,农林科学,4 [610/904],否,三级, BIOTECHNOLOGY & APPLIED MICROBIOLOGY 生物工程与应用微生物,4 [154/174], FOOD SCIENCE & TECHNOLOGY 食品科技,4 [134/173],,,,,,,,
REVISTA DE LA SOCIEDAD ENTOMOLOGICA ARGENTINA,2025,0373-5680/1851-7471,否,否,是,SCIE,0.5,,农林科学,4 [611/904],否,三级, ENTOMOLOGY 昆虫学,4 [90/109],,,,,,,,,,
PAN-PACIFIC ENTOMOLOGIST,2025,0031-0603/2162-0237,否,否,否,SCIE,0.6,,农林科学,4 [612/904],否,三级, ENTOMOLOGY 昆虫学,4 [91/109],,,,,,,,,,
International Journal of Sustainable Agricultural Management and Informatics,2025,2054-5819/2054-5827,否,否,否,ESCI,1.8,,农林科学,4 [613/904],否,三级," AGRICULTURE, MULTIDISCIPLINARY 农业综合",4 [47/88]," COMPUTER SCIENCE, INTERDISCIPLINARY APPLICATIONS 计算机：跨学科应用",4 [155/172], GREEN & SUSTAINABLE SCIENCE & TECHNOLOGY 绿色可持续发展技术,4 [80/91],,,,,,
Crop Forage & Turfgrass Management,2025,2374-3832/2374-3832,否,否,否,ESCI,1.1,,农林科学,4 [614/904],否,三级, AGRONOMY 农艺学,4 [78/127],,,,,,,,,,
JOURNAL OF THE AMERICAN SOCIETY FOR HORTICULTURAL SCIENCE,2025,0003-1062/2327-9788,否,否,是,SCIE,1.1,,农林科学,4 [615/904],否,三级, HORTICULTURE 园艺,4 [24/38],,,,,,,,,,
ISJ-Invertebrate Survival Journal,2025,1824-307X,否,否,是,SCIE,0.8,,农林科学,4 [616/904],否,三级, IMMUNOLOGY 免疫学,4 [165/179], ZOOLOGY 动物学,4 [153/179],,,,,,,,
ORIENTAL INSECTS,2025,0030-5316/2157-8745,否,否,否,SCIE,0.6,,农林科学,4 [617/904],否,三级, ENTOMOLOGY 昆虫学,4 [92/109],,,,,,,,,,
COMMUNICATIONS IN SOIL SCIENCE AND PLANT ANALYSIS,2025,0010-3624/1532-2416,否,否,否,SCIE,1.4,,农林科学,4 [618/904],否,三级, AGRONOMY 农艺学,4 [79/127]," CHEMISTRY, ANALYTICAL 分析化学",4 [88/106], PLANT SCIENCES 植物科学,4 [214/265], SOIL SCIENCE 土壤科学,4 [40/48],,,,
JOURNAL OF THE AMERICAN MOSQUITO CONTROL ASSOCIATION,2025,8756-971X/1943-6270,否,否,否,SCIE,1,,农林科学,4 [619/904],否,三级, ENTOMOLOGY 昆虫学,4 [93/109],,,,,,,,,,
Forest Systems,2025,2171-5068/2171-9845,否,否,是,SCIE,0.7,,农林科学,4 [620/904],否,三级, FORESTRY 林学,4 [59/89],,,,,,,,,,
Acta Scientiarum Polonorum-Technologia Alimentaria,2025,1644-0730/1898-9594,否,否,否,ESCI,0.8,,农林科学,4 [621/904],否,三级, FOOD SCIENCE & TECHNOLOGY 食品科技,4 [135/173],,,,,,,,,,
Horticultural Science & Technology,2025,1226-8763/2465-8588,否,否,否,SCIE,0.8,,农林科学,4 [622/904],否,三级, HORTICULTURE 园艺,4 [25/38],,,,,,,,,,
POLISH JOURNAL OF VETERINARY SCIENCES,2025,1505-1773/2300-2557,否,否,否,SCIE,1,,农林科学,4 [623/904],否,三级, VETERINARY SCIENCES 兽医学,4 [119/167],,,,,,,,,,
South African Journal of Plant and Soil,2025,0257-1862/2167-034X,否,否,否,ESCI,0.7,,农林科学,4 [624/904],否,三级, AGRONOMY 农艺学,4 [80/127],,,,,,,,,,
Maderas-Ciencia y Tecnologia,2025,0717-3644/0718-221X,否,否,是,SCIE,1.5,,农林科学,4 [625/904],否,三级," MATERIALS SCIENCE, PAPER & WOOD 材料科学：纸与木材",3 [12/23],,,,,,,,,,
Foods and Raw Materials,2025,2308-4057/2310-9599,否,否,是,ESCI,1.3,,农林科学,4 [626/904],否,三级, FOOD SCIENCE & TECHNOLOGY 食品科技,4 [137/173],,,,,,,,,,
Alpine Entomology,2025,2535-0889/2535-0889,否,否,是,ESCI,0.8,,农林科学,4 [627/904],否,三级, ENTOMOLOGY 昆虫学,4 [94/109],,,,,,,,,,
Journal of Agricultural Sciences-Tarim Bilimleri Dergisi,2025,1300-7580/2148-9297,否,否,是,SCIE,1.1,,农林科学,4 [628/904],否,三级," AGRICULTURE, MULTIDISCIPLINARY 农业综合",4 [48/88],,,,,,,,,,
Ornamental Horticulture-Revista Brasileira de Horticultura Ornamental,2025,2447-536X/2447-536X,否,否,是,ESCI,1,,农林科学,4 [629/904],否,三级, HORTICULTURE 园艺,4 [26/38], PLANT SCIENCES 植物科学,4 [220/265],,,,,,,,
Journal of Exotic Pet Medicine,2025,1557-5063/1931-6283,否,否,否,SCIE,0.6,,农林科学,4 [630/904],否,三级, VETERINARY SCIENCES 兽医学,4 [120/167],,,,,,,,,,
Avian Biology Research,2025,1758-1559/1758-1567,否,否,否,SCIE,1.2,,农林科学,4 [631/904],否,三级," AGRICULTURE, DAIRY & ANIMAL SCIENCE 奶制品与动物科学",4 [57/80], ORNITHOLOGY 鸟类学,4 [21/29],,,,,,,,
JOURNAL OF APICULTURAL RESEARCH,2025,0021-8839/2078-6913,否,否,否,SCIE,1.8,,农林科学,4 [632/904],否,三级, ENTOMOLOGY 昆虫学,4 [95/109],,,,,,,,,,
PROCEEDINGS OF THE ENTOMOLOGICAL SOCIETY OF WASHINGTON,2025,0013-8797/0013-8797,否,否,否,SCIE,0.4,,农林科学,4 [633/904],否,三级, ENTOMOLOGY 昆虫学,4 [96/109],,,,,,,,,,
Journal of Crop Improvement,2025,1542-7528/1542-7536,否,否,否,ESCI,1.5,,农林科学,4 [634/904],否,三级, AGRONOMY 农艺学,4 [81/127], PLANT SCIENCES 植物科学,4 [221/265],,,,,,,,
ACTA VETERINARIA HUNGARICA,2025,0236-6290/1588-2705,否,否,否,SCIE,0.8,,农林科学,4 [635/904],否,三级, VETERINARY SCIENCES 兽医学,4 [121/167],,,,,,,,,,
HORTICULTURAL SCIENCE,2025,0862-867X/1805-9333,否,否,是,SCIE,1.3,,农林科学,4 [636/904],否,三级, HORTICULTURE 园艺,4 [27/38],,,,,,,,,,
Turkish Journal of Field Crops,2025,1301-1111/1301-1111,否,否,否,SCIE,0.8,,农林科学,4 [637/904],否,三级, AGRONOMY 农艺学,4 [82/127],,,,,,,,,,
TRANSACTIONS OF THE AMERICAN ENTOMOLOGICAL SOCIETY,2025,0002-8320/2162-3139,否,否,否,SCIE,0.3,,农林科学,4 [638/904],否,三级, ENTOMOLOGY 昆虫学,4 [97/109],,,,,,,,,,
CANADIAN JOURNAL OF PLANT SCIENCE,2025,0008-4220/1918-1833,否,否,否,SCIE,1,,农林科学,4 [639/904],否,三级, AGRONOMY 农艺学,4 [83/127], PLANT SCIENCES 植物科学,4 [224/265],,,,,,,,
Comparative Exercise Physiology,2025,1755-2540/1755-2559,否,否,否,ESCI,0.8,,农林科学,4 [640/904],否,三级, VETERINARY SCIENCES 兽医学,4 [122/167],,,,,,,,,,
Revista Caatinga,2025,0100-316X/1983-2125,否,否,是,SCIE,0.9,,农林科学,4 [641/904],否,三级, AGRONOMY 农艺学,4 [84/127],,,,,,,,,,
AUSTRALASIAN PLANT PATHOLOGY,2025,0815-3191/1448-6032,否,否,否,SCIE,1.1,,农林科学,4 [642/904],否,三级, PLANT SCIENCES 植物科学,4 [226/265],,,,,,,,,,
JOURNAL OF ENTOMOLOGICAL SCIENCE,2025,0749-8004,否,否,否,SCIE,0.7,,农林科学,4 [643/904],否,三级, ENTOMOLOGY 昆虫学,4 [98/109],,,,,,,,,,
Veterinary Research Forum,2025,2008-8140/2322-3618,否,否,是,SCIE,1.1,,农林科学,4 [644/904],否,三级, ZOOLOGY 动物学,4 [159/179],,,,,,,,,,
SPANISH JOURNAL OF AGRICULTURAL RESEARCH,2025,1695-971X/2171-9292,否,否,是,SCIE,0.8,,农林科学,4 [645/904],否,三级," AGRICULTURE, MULTIDISCIPLINARY 农业综合",4 [49/88],,,,,,,,,,
WOOD RESEARCH,2025,1336-4561,否,否,否,SCIE,1,,农林科学,4 [646/904],否,三级," MATERIALS SCIENCE, PAPER & WOOD 材料科学：纸与木材",3 [13/23],,,,,,,,,,
CAHIERS AGRICULTURES,2025,1166-7699/1777-5949,否,否,是,SCIE,1.1,,农林科学,4 [647/904],否,三级," AGRICULTURE, MULTIDISCIPLINARY 农业综合",4 [50/88], AGRONOMY 农艺学,4 [85/127],,,,,,,,
SOUTH AFRICAN JOURNAL OF ANIMAL SCIENCE,2025,0375-1589/2221-4062,否,否,否,SCIE,0.6,,农林科学,4 [648/904],否,三级," AGRICULTURE, DAIRY & ANIMAL SCIENCE 奶制品与动物科学",4 [58/80],,,,,,,,,,
Kafkas Universitesi Veteriner Fakultesi Dergisi,2025,1300-6045/1309-2251,否,否,是,SCIE,0.9,,农林科学,4 [649/904],否,三级, VETERINARY SCIENCES 兽医学,4 [123/167],,,,,,,,,,
Applied Food Biotechnology,2025,2345-5357/2423-4214,否,否,是,ESCI,1.3,,农林科学,4 [650/904],否,三级, FOOD SCIENCE & TECHNOLOGY 食品科技,4 [138/173],,,,,,,,,,
AUSTRAL JOURNAL OF VETERINARY SCIENCES,2025,0719-8000/0719-8132,否,否,否,SCIE,0.5,,农林科学,4 [651/904],否,三级, VETERINARY SCIENCES 兽医学,4 [124/167],,,,,,,,,,
PESQUISA VETERINARIA BRASILEIRA,2025,0100-736X/1678-5150,否,否,是,SCIE,0.8,,农林科学,4 [652/904],否,三级, VETERINARY SCIENCES 兽医学,4 [125/167],,,,,,,,,,
AUSTRALIAN FORESTRY,2025,0004-9158/2325-6087,否,否,否,SCIE,1.2,,农林科学,4 [653/904],否,三级, FORESTRY 林学,4 [60/89],,,,,,,,,,
JOURNAL OF AGRICULTURAL METEOROLOGY,2025,0021-8588/1881-0136,否,否,否,SCIE,1.1,,农林科学,4 [654/904],否,三级," AGRICULTURE, MULTIDISCIPLINARY 农业综合",4 [51/88], METEOROLOGY & ATMOSPHERIC SCIENCES 气象与大气科学,4 [94/109],,,,,,,,
BioResources,2025,1930-2126/1930-2126,否,否,是,SCIE,1.6,,农林科学,4 [655/904],否,三级," MATERIALS SCIENCE, PAPER & WOOD 材料科学：纸与木材",4 [14/23],,,,,,,,,,
Veterinary Record Case Reports,2025,2052-6121/2052-6121,否,否,否,ESCI,0.2,,农林科学,4 [656/904],否,三级, VETERINARY SCIENCES 兽医学,4 [126/167],,,,,,,,,,
ACTA VETERINARIA-BEOGRAD,2025,0567-8315/1820-7448,否,否,是,SCIE,0.8,,农林科学,4 [657/904],否,三级, VETERINARY SCIENCES 兽医学,4 [127/167],,,,,,,,,,
Czech Journal of Genetics and Plant Breeding,2025,1212-1975/1805-9325,否,否,是,SCIE,1.8,,农林科学,4 [658/904],否,三级, AGRONOMY 农艺学,4 [86/127], PLANT SCIENCES 植物科学,4 [229/265],,,,,,,,
WOOD AND FIBER SCIENCE,2025,0735-6161/0735-6161,否,否,否,SCIE,0.8,,农林科学,4 [659/904],否,三级, FORESTRY 林学,4 [61/89]," MATERIALS SCIENCE, PAPER & WOOD 材料科学：纸与木材",4 [15/23]," MATERIALS SCIENCE, TEXTILES 材料科学：纺织",4 [20/30],,,,,,
Soil Research,2025,1838-675X/1838-6768,否,否,否,SCIE,1.5,,农林科学,4 [660/904],否,三级, SOIL SCIENCE 土壤科学,4 [41/48],,,,,,,,,,
Revista Ciencia Agronomica,2025,0045-6888/1806-6690,否,否,是,SCIE,0.7,,农林科学,4 [661/904],否,三级," AGRICULTURE, MULTIDISCIPLINARY 农业综合",4 [52/88],,,,,,,,,,
CANADIAN JOURNAL OF SOIL SCIENCE,2025,0008-4271/1918-1841,否,否,否,SCIE,1.5,,农林科学,4 [662/904],否,三级, SOIL SCIENCE 土壤科学,4 [42/48],,,,,,,,,,
NEW ZEALAND JOURNAL OF CROP AND HORTICULTURAL SCIENCE,2025,0114-0671/1175-8783,否,否,否,SCIE,1.5,,农林科学,4 [663/904],否,三级, AGRONOMY 农艺学,4 [87/127], HORTICULTURE 园艺,4 [28/38],,,,,,,,
Horticultura Brasileira,2025,0102-0536/1806-9991,否,否,是,SCIE,0.8,,农林科学,4 [664/904],否,三级, HORTICULTURE 园艺,4 [29/38],,,,,,,,,,
SOCIOBIOLOGY,2025,0361-6525,否,否,是,SCIE,0.6,,农林科学,4 [665/904],否,三级, ENTOMOLOGY 昆虫学,4 [99/109],,,,,,,,,,
TIERAERZTLICHE PRAXIS AUSGABE KLEINTIERE HEIMTIERE,2025,1434-1239/2567-5842,否,否,否,SCIE,0.5,,农林科学,4 [666/904],否,三级, VETERINARY SCIENCES 兽医学,4 [128/167],,,,,,,,,,
BOIS ET FORETS DES TROPIQUES,2025,0006-579X/1777-5760,否,否,否,SCIE,0.6,,农林科学,4 [667/904],否,三级, FORESTRY 林学,4 [62/89],,,,,,,,,,
Rural Extension and Innovation Systems Journal,2025,2204-8758/2204-8766,否,否,否,ESCI,0.8,,农林科学,4 [668/904],否,三级, AGRONOMY 农艺学,4 [88/127],,,,,,,,,,
World Mycotoxin Journal,2025,1875-0710/1875-0796,否,否,否,SCIE,2.2,,农林科学,4 [669/904],否,三级, FOOD SCIENCE & TECHNOLOGY 食品科技,4 [139/173], MYCOLOGY 真菌学,4 [32/32], TOXICOLOGY 毒理学,4 [99/106],,,,,,
Latin American Journal of Aquatic Research,2025,0718-560X/0718-560X,否,否,是,SCIE,0.8,,农林科学,4 [670/904],否,三级, FISHERIES 渔业,4 [51/61], MARINE & FRESHWATER BIOLOGY 海洋与淡水生物学,4 [100/118],,,,,,,,
JOURNAL OF THE LEPIDOPTERISTS SOCIETY,2025,0024-0966,否,否,否,SCIE,0.3,,农林科学,4 [671/904],否,三级, ENTOMOLOGY 昆虫学,4 [100/109],,,,,,,,,,
Journal of Forest Economics,2025,1104-6899/1618-1530,否,否,否,SSCI;SCIE,0.7,,农林科学,4 [672/904],否,三级, ECONOMICS 经济学,4 [525/599], FORESTRY 林学,4 [63/89],,,,,,,,
Kastamonu University Journal of Forestry Faculty,2025,1303-2399/1309-4181,否,否,是,ESCI,0.6,,农林科学,4 [673/904],否,三级, FORESTRY 林学,4 [64/89],,,,,,,,,,
FORESTRY CHRONICLE,2025,0015-7546/1499-9315,否,否,否,SCIE,0.8,,农林科学,4 [674/904],否,三级, FORESTRY 林学,4 [65/89],,,,,,,,,,
SHILAP-REVISTA DE LEPIDOPTEROLOGIA,2025,0300-5267/2340-4078,否,否,否,SCIE,0.5,,农林科学,4 [675/904],否,三级, ENTOMOLOGY 昆虫学,4 [101/109],,,,,,,,,,
Ciencia e Tecnica Vitivinicola,2025,2416-3953/2416-3953,否,否,是,SCIE,0.9,,农林科学,4 [676/904],否,三级, FOOD SCIENCE & TECHNOLOGY 食品科技,4 [140/173],,,,,,,,,,
Functional Foods in Health and Disease,2025,2160-3855/2160-3855,否,否,否,ESCI,1,,农林科学,4 [677/904],否,三级, FOOD SCIENCE & TECHNOLOGY 食品科技,4 [141/173],,,,,,,,,,
JOURNAL OF THE ENTOMOLOGICAL RESEARCH SOCIETY,2025,2651-3579/2651-3579,否,否,否,SCIE,0.5,,农林科学,4 [678/904],否,三级, ENTOMOLOGY 昆虫学,4 [102/109],,,,,,,,,,
BALTIC FORESTRY,2025,1392-1355/1392-1355,否,否,否,SCIE,0.6,,农林科学,4 [679/904],否,三级, FORESTRY 林学,4 [66/89],,,,,,,,,,
Zemdirbyste-Agriculture,2025,1392-3196/2335-8947,否,否,是,SCIE,0.4,,农林科学,4 [680/904],否,三级," AGRICULTURE, MULTIDISCIPLINARY 农业综合",4 [53/88],,,,,,,,,,
Large Animal Review,2025,1124-4593/1124-4593,否,否,否,SCIE,0.3,,农林科学,4 [681/904],否,三级," AGRICULTURE, DAIRY & ANIMAL SCIENCE 奶制品与动物科学",4 [59/80],,,,,,,,,,
CIENCIA RURAL,2025,0103-8478/1678-4596,否,否,是,SCIE,0.9,,农林科学,4 [682/904],否,三级, AGRONOMY 农艺学,4 [89/127],,,,,,,,,,
Horticulture Journal,2025,2189-0102/2189-0110,否,否,否,SCIE,1.2,,农林科学,4 [683/904],否,三级, HORTICULTURE 园艺,4 [30/38],,,,,,,,,,
IRISH JOURNAL OF AGRICULTURAL AND FOOD RESEARCH,2025,0791-6833/2009-9029,否,否,是,SCIE,1.4,,农林科学,4 [684/904],否,三级," AGRICULTURE, MULTIDISCIPLINARY 农业综合",4 [54/88], FOOD SCIENCE & TECHNOLOGY 食品科技,4 [142/173],,,,,,,,
ENTOMOLOGICAL NEWS,2025,0013-872X/2162-3236,否,否,否,SCIE,0.3,,农林科学,4 [685/904],否,三级, ENTOMOLOGY 昆虫学,4 [103/109],,,,,,,,,,
Revista Brasileira de Fruticultura,2025,0100-2945/1806-9967,否,否,是,SCIE,0.9,,农林科学,4 [686/904],否,三级, HORTICULTURE 园艺,4 [31/38],,,,,,,,,,
ACTA AGRICULTURAE SCANDINAVICA SECTION B-SOIL AND PLANT SCIENCE,2025,0906-4710/1651-1913,否,否,否,SCIE,1.8,,农林科学,4 [687/904],否,三级, AGRONOMY 农艺学,4 [90/127], SOIL SCIENCE 土壤科学,4 [43/48],,,,,,,,
JOURNAL OF TROPICAL FOREST SCIENCE,2025,0128-1283/2521-9847,否,否,否,SCIE,0.8,,农林科学,4 [688/904],否,三级, FORESTRY 林学,4 [67/89],,,,,,,,,,
ACTA VETERINARIA BRNO,2025,0001-7213/1801-7576,否,否,否,SCIE,0.7,,农林科学,4 [689/904],否,三级, VETERINARY SCIENCES 兽医学,4 [129/167],,,,,,,,,,
Ankara Universitesi Veteriner Fakultesi Dergisi,2025,1300-0861/1308-2817,否,否,否,SCIE,0.9,,农林科学,4 [690/904],否,三级, VETERINARY SCIENCES 兽医学,4 [130/167],,,,,,,,,,
NORDIC PULP & PAPER RESEARCH JOURNAL,2025,0283-2631/2000-0669,否,否,否,SCIE,1.2,,农林科学,4 [691/904],否,三级," MATERIALS SCIENCE, PAPER & WOOD 材料科学：纸与木材",4 [16/23],,,,,,,,,,
Romanian Agricultural Research,2025,1222-4227,否,否,否,SCIE,1,,农林科学,4 [692/904],否,三级, AGRONOMY 农艺学,4 [91/127],,,,,,,,,,
APPLIED ENGINEERING IN AGRICULTURE,2025,0883-8542/1943-7838,否,否,否,SCIE,0.9,,农林科学,4 [693/904],否,三级, AGRICULTURAL ENGINEERING 农业工程,4 [14/19],,,,,,,,,,
PFERDEHEILKUNDE,2025,0177-7726,否,否,否,SCIE,0.3,,农林科学,4 [694/904],否,三级, VETERINARY SCIENCES 兽医学,4 [131/167],,,,,,,,,,
PESQUISA AGROPECUARIA BRASILEIRA,2025,0100-204X/1678-3921,否,否,是,SCIE,0.7,,农林科学,4 [695/904],否,三级," AGRICULTURE, MULTIDISCIPLINARY 农业综合",4 [55/88],,,,,,,,,,
TURKISH JOURNAL OF VETERINARY & ANIMAL SCIENCES,2025,1300-0128/1300-0128,否,否,否,SCIE,0.6,,农林科学,4 [696/904],否,三级, VETERINARY SCIENCES 兽医学,4 [132/167],,,,,,,,,,
Engenharia Agricola,2025,0100-6916/1809-4430,否,否,是,SCIE,0.8,,农林科学,4 [697/904],否,三级, AGRICULTURAL ENGINEERING 农业工程,4 [15/19],,,,,,,,,,
ARQUIVO BRASILEIRO DE MEDICINA VETERINARIA E ZOOTECNIA,2025,0102-0935/1678-4162,否,否,是,SCIE,0.5,,农林科学,4 [698/904],否,三级, VETERINARY SCIENCES 兽医学,4 [133/167],,,,,,,,,,
SEEFOR-South-East European Forestry,2025,1847-6481/1849-0891,否,否,是,ESCI,0.6,,农林科学,4 [699/904],否,三级, FORESTRY 林学,4 [68/89],,,,,,,,,,
IRANIAN JOURNAL OF FISHERIES SCIENCES,2025,1562-2916/1562-2916,否,否,否,SCIE,0.6,,农林科学,4 [700/904],否,三级, FISHERIES 渔业,4 [52/61],,,,,,,,,,
Asian Journal of Agriculture and Development,2025,1656-4383/1656-4383,否,否,否,ESCI,0.5,,农林科学,4 [701/904],否,三级, AGRONOMY 农艺学,4 [92/127],,,,,,,,,,
IN PRACTICE,2025,0263-841X/2042-7689,否,否,否,SCIE,0.3,,农林科学,4 [702/904],否,三级, VETERINARY SCIENCES 兽医学,4 [134/167],,,,,,,,,,
CELLULOSE CHEMISTRY AND TECHNOLOGY,2025,0576-9787/0576-9787,否,否,否,SCIE,1.1,,农林科学,4 [703/904],否,三级," MATERIALS SCIENCE, PAPER & WOOD 材料科学：纸与木材",4 [17/23],,,,,,,,,,
REVISTA ARVORE,2025,0100-6762/1806-9088,否,否,是,SCIE,0.8,,农林科学,4 [704/904],否,三级, FORESTRY 林学,4 [69/89],,,,,,,,,,
Journal of Plant Registrations,2025,1936-5209/1940-3496,否,否,否,SCIE,0.7,,农林科学,4 [705/904],否,三级, AGRONOMY 农艺学,4 [93/127], PLANT SCIENCES 植物科学,4 [243/265],,,,,,,,
Journal of Agricultural Science and Technology,2025,1680-7073/2345-3737,否,否,否,SCIE,1.3,,农林科学,4 [706/904],否,三级," AGRICULTURE, MULTIDISCIPLINARY 农业综合",4 [56/88],,,,,,,,,,
VETERINARNI MEDICINA,2025,0375-8427/1805-9392,否,否,是,SCIE,0.8,,农林科学,4 [707/904],否,三级, VETERINARY SCIENCES 兽医学,4 [135/167],,,,,,,,,,
JOURNAL OF PLANT PROTECTION RESEARCH,2025,1427-4345/1899-007X,否,否,是,ESCI,1.3,,农林科学,4 [708/904],否,三级, AGRONOMY 农艺学,4 [94/127], PLANT SCIENCES 植物科学,4 [244/265],,,,,,,,
GRASAS Y ACEITES,2025,0017-3495/1988-4214,否,否,是,SCIE,1.1,,农林科学,4 [709/904],否,三级," CHEMISTRY, APPLIED 应用化学",4 [58/74], FOOD SCIENCE & TECHNOLOGY 食品科技,4 [143/173],,,,,,,,
International Journal of Agriculture and Natural Resources,2025,2452-5731/2452-5731,否,否,否,SCIE,0.5,,农林科学,4 [710/904],否,三级," AGRICULTURE, MULTIDISCIPLINARY 农业综合",4 [57/88],,,,,,,,,,
SOUTH AFRICAN JOURNAL OF ENOLOGY AND VITICULTURE,2025,0253-939X/2224-7904,否,否,是,SCIE,1,,农林科学,4 [711/904],否,三级, FOOD SCIENCE & TECHNOLOGY 食品科技,4 [144/173],,,,,,,,,,
FISH PATHOLOGY,2025,0388-788X/1881-7335,否,否,否,SCIE,0.2,,农林科学,4 [712/904],否,三级, FISHERIES 渔业,4 [53/61], VETERINARY SCIENCES 兽医学,4 [136/167],,,,,,,,
Drewno,2025,1644-3985/1644-3985,否,否,是,SCIE,0.9,,农林科学,4 [713/904],否,三级," MATERIALS SCIENCE, PAPER & WOOD 材料科学：纸与木材",4 [18/23],,,,,,,,,,
ANIMAL SCIENCE PAPERS AND REPORTS,2025,0860-4037/2300-8342,否,否,否,SCIE,1.1,,农林科学,4 [714/904],否,三级," AGRICULTURE, DAIRY & ANIMAL SCIENCE 奶制品与动物科学",4 [60/80],,,,,,,,,,
CZECH JOURNAL OF FOOD SCIENCES,2025,1212-1800/1805-9317,否,否,是,SCIE,1,,农林科学,4 [715/904],否,三级, FOOD SCIENCE & TECHNOLOGY 食品科技,4 [145/173],,,,,,,,,,
Journal of Livestock Science,2025,2277-6214/2277-6214,否,否,否,ESCI,0.5,,农林科学,4 [716/904],否,三级," AGRICULTURE, DAIRY & ANIMAL SCIENCE 奶制品与动物科学",4 [61/80],,,,,,,,,,
Journal of Aquatic Food Product Technology,2025,1049-8850/1547-0636,否,否,否,SCIE,1.3,,农林科学,4 [717/904],否,三级, FOOD SCIENCE & TECHNOLOGY 食品科技,4 [146/173],,,,,,,,,,
Cerne,2025,0104-7760,否,否,是,SCIE,0.7,,农林科学,4 [718/904],否,三级, FORESTRY 林学,4 [70/89],,,,,,,,,,
Nutrition & Food Science,2025,0034-6659/1758-6917,否,否,否,ESCI,1.6,,农林科学,4 [719/904],否,三级, FOOD SCIENCE & TECHNOLOGY 食品科技,4 [147/173],,,,,,,,,,
AgroLife Scientific Journal,2025,2285-5718/2286-0126,否,否,是,ESCI,0.9,,农林科学,4 [720/904],否,三级, AGRONOMY 农艺学,4 [95/127],,,,,,,,,,
Forestist,2025,2602-4039/2602-4039,否,否,是,ESCI,0.8,,农林科学,4 [721/904],否,三级, FORESTRY 林学,4 [71/89],,,,,,,,,,
Kvasny Prumysl,2025,2571-3868/2570-8619,否,否,是,ESCI,0.8,,农林科学,4 [722/904],否,三级, FOOD SCIENCE & TECHNOLOGY 食品科技,4 [148/173],,,,,,,,,,
Veterinaria Italiana,2025,0505-401X/1828-1427,否,否,是,SCIE,0.7,,农林科学,4 [723/904],否,三级, VETERINARY SCIENCES 兽医学,4 [137/167],,,,,,,,,,
Journal of Culinary Science & Technology,2025,1542-8052/1542-8044,否,否,否,ESCI,1,,农林科学,4 [724/904],否,三级, FOOD SCIENCE & TECHNOLOGY 食品科技,4 [149/173],,,,,,,,,,
Journal of Central European Agriculture,2025,1332-9049/1332-9049,否,否,是,ESCI,0.7,,农林科学,4 [725/904],否,三级," AGRICULTURE, DAIRY & ANIMAL SCIENCE 奶制品与动物科学",4 [62/80],,,,,,,,,,
Drvna Industrija,2025,0012-6772/1847-1153,否,否,是,SCIE,0.8,,农林科学,4 [726/904],否,三级," MATERIALS SCIENCE, PAPER & WOOD 材料科学：纸与木材",4 [19/23],,,,,,,,,,
Vavilovskii Zhurnal Genetiki i Selektsii,2025,2500-0462/2500-3259,否,否,是,ESCI,1,,农林科学,4 [727/904],否,三级," AGRICULTURE, MULTIDISCIPLINARY 农业综合",4 [58/88],,,,,,,,,,
INRAE Productions Animales,2025,2824-3633/2824-3633,否,否,否,SCIE,0.5,,农林科学,4 [728/904],否,三级," AGRICULTURE, DAIRY & ANIMAL SCIENCE 奶制品与动物科学",4 [63/80], VETERINARY SCIENCES 兽医学,4 [138/167],,,,,,,,
TIERAERZTLICHE PRAXIS AUSGABE GROSSTIERE NUTZTIERE,2025,1434-1220/2567-5834,否,否,否,SCIE,0.3,,农林科学,4 [729/904],否,三级, VETERINARY SCIENCES 兽医学,4 [139/167],,,,,,,,,,
Emirates Journal of Food and Agriculture,2025,2079-052X/2079-0538,否,否,否,SCIE,0.7,,农林科学,4 [730/904],否,三级, AGRONOMY 农艺学,4 [97/127], FOOD SCIENCE & TECHNOLOGY 食品科技,4 [150/173],,,,,,,,
TAPPI JOURNAL,2025,0734-1415,否,否,否,SCIE,0.6,,农林科学,4 [731/904],否,三级," MATERIALS SCIENCE, PAPER & WOOD 材料科学：纸与木材",4 [20/23],,,,,,,,,,
Revista Mexicana de Ciencias Pecuarias,2025,2007-1124/2448-6698,否,否,是,SCIE,0.6,,农林科学,4 [732/904],否,三级," AGRICULTURE, DAIRY & ANIMAL SCIENCE 奶制品与动物科学",4 [64/80],,,,,,,,,,
Bioagro,2025,1316-3361/2521-9693,否,否,否,SCIE,0.7,,农林科学,4 [733/904],否,三级, AGRONOMY 农艺学,4 [98/127],,,,,,,,,,
Scientia Agropecuaria,2025,2077-9917/2306-6741,否,否,是,ESCI,1.2,,农林科学,4 [734/904],否,三级," AGRICULTURE, DAIRY & ANIMAL SCIENCE 奶制品与动物科学",4 [65/80],,,,,,,,,,
JAPANESE JOURNAL OF VETERINARY RESEARCH,2025,0047-1917/0047-1917,否,否,否,SCIE,0.3,,农林科学,4 [735/904],否,三级, VETERINARY SCIENCES 兽医学,4 [140/167],,,,,,,,,,
LISTY CUKROVARNICKE A REPARSKE,2025,1210-3306/1805-9708,否,否,否,SCIE,0.3,,农林科学,4 [736/904],否,三级, FOOD SCIENCE & TECHNOLOGY 食品科技,4 [151/173],,,,,,,,,,
Revista MVZ Cordoba,2025,0122-0268/1909-0544,否,否,是,SCIE,0.3,,农林科学,4 [737/904],否,三级," AGRICULTURE, DAIRY & ANIMAL SCIENCE 奶制品与动物科学",4 [66/80],,,,,,,,,,
Journal of Tekirdag Agriculture Faculty-Tekirdag Ziraat Fakultesi Dergisi,2025,1302-7050/2146-5894,否,否,否,ESCI,0.9,,农林科学,4 [738/904],否,三级," AGRICULTURE, MULTIDISCIPLINARY 农业综合",4 [59/88],,,,,,,,,,
REVISTA COLOMBIANA DE ENTOMOLOGIA,2025,0120-0488/0120-0488,否,否,否,SCIE,0.3,,农林科学,4 [739/904],否,三级, ENTOMOLOGY 昆虫学,4 [104/109],,,,,,,,,,
Journal of Agricultural Sciences,2025,1391-9318/2386-1363,否,否,是,ESCI,0.7,,农林科学,4 [740/904],否,三级," AGRICULTURE, MULTIDISCIPLINARY 农业综合",4 [60/88],,,,,,,,,,
VETERINARSKI ARHIV,2025,0372-5480/1331-8055,否,否,否,SCIE,0.3,,农林科学,4 [741/904],否,三级, VETERINARY SCIENCES 兽医学,4 [141/167],,,,,,,,,,
Pesquisa Agropecuaria Tropical,2025,1517-6398/1983-4063,否,否,是,ESCI,0.9,,农林科学,4 [742/904],否,三级," AGRICULTURE, MULTIDISCIPLINARY 农业综合",4 [61/88],,,,,,,,,,
Journal of Cotton Science,2025,1523-6919/1524-3303,否,否,否,ESCI,0.4,,农林科学,4 [743/904],否,三级, AGRICULTURAL ENGINEERING 农业工程,4 [16/19],,,,,,,,,,
EUROPEAN JOURNAL OF HORTICULTURAL SCIENCE,2025,1611-4426/1611-4434,否,否,否,SCIE,0.6,,农林科学,4 [744/904],否,三级, HORTICULTURE 园艺,4 [32/38],,,,,,,,,,
Iranian Journal of Applied Animal Science,2025,2251-628X/2251-631X,否,否,是,ESCI,0.4,,农林科学,4 [745/904],否,三级," AGRICULTURE, DAIRY & ANIMAL SCIENCE 奶制品与动物科学",4 [67/80],,,,,,,,,,
Current Research in Nutrition and Food Science,2025,2347-467X/2322-0007,否,否,否,ESCI,1.1,,农林科学,4 [746/904],否,三级, FOOD SCIENCE & TECHNOLOGY 食品科技,4 [152/173],,,,,,,,,,
BERLINER UND MUNCHENER TIERARZTLICHE WOCHENSCHRIFT,2025,0005-9366/1439-0299,否,否,否,SCIE,0.6,,农林科学,4 [747/904],否,三级, VETERINARY SCIENCES 兽医学,4 [143/167],,,,,,,,,,
INMATEH-Agricultural Engineering,2025,2068-4215/2068-2239,否,否,否,ESCI,0.7,,农林科学,4 [748/904],否,三级, AGRICULTURAL ENGINEERING 农业工程,4 [17/19],,,,,,,,,,
Acta Scientiarum Polonorum-Hortorum Cultus,2025,1644-0692/2545-1405,否,否,是,SCIE,0.7,,农林科学,4 [749/904],否,三级, HORTICULTURE 园艺,4 [33/38],,,,,,,,,,
NIPPON SUISAN GAKKAISHI,2025,0021-5392/1349-998X,否,否,否,SCIE,0.4,,农林科学,4 [750/904],否,三级, FISHERIES 渔业,4 [54/61],,,,,,,,,,
KSU Tarim ve Doga Dergisi-KSU Journal of Agriculture and Nature,2025,2619-9149/2619-9149,否,否,否,ESCI,0.5,,农林科学,4 [751/904],否,三级," AGRICULTURE, MULTIDISCIPLINARY 农业综合",4 [63/88],,,,,,,,,,
Agrivita,2025,0126-0537/0126-0537,否,否,是,ESCI,0.5,,农林科学,4 [752/904],否,三级, AGRONOMY 农艺学,4 [99/127],,,,,,,,,,
Sylwan,2025,0039-7660,否,否,否,SCIE,0.6,,农林科学,4 [753/904],否,三级, FORESTRY 林学,4 [72/89],,,,,,,,,,
Journal of Oil Palm Research,2025,2811-4701/2811-4701,否,否,否,SCIE,1.2,,农林科学,4 [754/904],否,三级, FOOD SCIENCE & TECHNOLOGY 食品科技,4 [153/173],,,,,,,,,,
Bioscience Journal,2025,1981-3163/1981-3163,否,否,是,SCIE,0.6,,农林科学,4 [755/904],否,三级," AGRICULTURE, MULTIDISCIPLINARY 农业综合",4 [64/88], AGRONOMY 农艺学,4 [100/127], BIOLOGY 生物学,4 [98/109],,,,,,
SOUTHWESTERN ENTOMOLOGIST,2025,0147-1724/2162-2647,否,否,否,SCIE,0.4,,农林科学,4 [756/904],否,三级, ENTOMOLOGY 昆虫学,4 [105/109],,,,,,,,,,
Mathematical and Computational Forestry & Natural-Resource Sciences,2025,1946-7664/1946-7664,否,否,否,ESCI,0.5,,农林科学,4 [757/904],否,三级, FORESTRY 林学,4 [73/89],,,,,,,,,,
Acta Scientiae Veterinariae,2025,1678-0345/1679-9216,否,否,否,SCIE,0.2,,农林科学,4 [758/904],否,三级, VETERINARY SCIENCES 兽医学,4 [144/167],,,,,,,,,,
Revista Espanola de Estudios Agrosociales y Pesqueros-REEAP,2025,1575-1198/1575-1198,否,否,否,ESCI,0.1,,农林科学,4 [759/904],否,三级," AGRICULTURE, MULTIDISCIPLINARY 农业综合",4 [65/88],,,,,,,,,,
ISRAEL JOURNAL OF VETERINARY MEDICINE,2025,0334-9152/2304-8859,否,否,否,SCIE,0.4,,农林科学,4 [760/904],否,三级, VETERINARY SCIENCES 兽医学,4 [145/167],,,,,,,,,,
PAKISTAN JOURNAL OF AGRICULTURAL SCIENCES,2025,0552-9034/2076-0906,否,否,否,SCIE,0.6,,农林科学,4 [761/904],否,三级," AGRICULTURE, MULTIDISCIPLINARY 农业综合",4 [66/88],,,,,,,,,,
BIOTECHNOLOGIE AGRONOMIE SOCIETE ET ENVIRONNEMENT,2025,1370-6233/1780-4507,否,否,是,SCIE,0.6,,农林科学,4 [762/904],否,三级, AGRONOMY 农艺学,4 [101/127], ENVIRONMENTAL SCIENCES 环境科学,4 [336/357],,,,,,,,
Indian Journal of Animal Research,2025,0367-6722,否,否,否,SCIE,0.5,,农林科学,4 [763/904],否,三级," AGRICULTURE, DAIRY & ANIMAL SCIENCE 奶制品与动物科学",4 [68/80],,,,,,,,,,
AGRONOMIA MESOAMERICANA,2025,2215-3608/2215-3608,否,否,是,ESCI,0.4,,农林科学,4 [764/904],否,三级, AGRONOMY 农艺学,4 [102/127],,,,,,,,,,
Journal of Agriculture and Environment for International Development,2025,2240-2802/2240-2802,否,否,是,ESCI,1.1,,农林科学,4 [765/904],否,三级, AGRONOMY 农艺学,4 [103/127],,,,,,,,,,
Revista Chapingo Serie Ciencias Forestales y del Ambiente,2025,2007-3828/2007-4018,否,否,是,SCIE,0.5,,农林科学,4 [766/904],否,三级, FORESTRY 林学,4 [74/89],,,,,,,,,,
PERTANIKA JOURNAL OF TROPICAL AGRICULTURAL SCIENCE,2025,1511-3701/2231-8542,否,否,否,ESCI,0.7,,农林科学,4 [767/904],否,三级," AGRICULTURE, MULTIDISCIPLINARY 农业综合",4 [67/88],,,,,,,,,,
VLAAMS DIERGENEESKUNDIG TIJDSCHRIFT,2025,0303-9021/0303-9021,否,否,否,SCIE,0.1,,农林科学,4 [768/904],否,三级, VETERINARY SCIENCES 兽医学,4 [146/167],,,,,,,,,,
Indonesian Journal of Forestry Research,2025,2355-7079/2406-8195,否,否,是,ESCI,0.4,,农林科学,4 [769/904],否,三级, FORESTRY 林学,4 [75/89],,,,,,,,,,
INDIAN JOURNAL OF FISHERIES,2025,0970-6011,否,否,否,SCIE,0.3,,农林科学,4 [770/904],否,三级, FISHERIES 渔业,4 [55/61],,,,,,,,,,
Sumarski List,2025,0373-1332/1846-9140,否,否,否,SCIE,0.4,,农林科学,4 [771/904],否,三级, FORESTRY 林学,4 [76/89],,,,,,,,,,
Journal of Fisheries,2025,2311-729X/2311-3111,否,否,是,ESCI,1,,农林科学,4 [772/904],否,三级, FISHERIES 渔业,4 [56/61],,,,,,,,,,
Scientific Papers-Series A-Agronomy,2025,2285-5785/2285-5807,否,否,否,ESCI,0.6,,农林科学,4 [773/904],否,三级, AGRONOMY 农艺学,4 [104/127],,,,,,,,,,
Floresta e Ambiente,2025,2179-8087/2179-8087,否,否,是,ESCI,0.4,,农林科学,4 [774/904],否,三级, FORESTRY 林学,4 [77/89],,,,,,,,,,
Bulgarian Journal of Agricultural Science,2025,1310-0351/1310-0351,否,否,否,ESCI,0.5,,农林科学,4 [775/904],否,三级, ENVIRONMENTAL SCIENCES 环境科学,4 [338/357],,,,,,,,,,
BOLETIM DO INSTITUTO DE PESCA,2025,0046-9939/1678-2305,否,否,是,SCIE,0.6,,农林科学,4 [776/904],否,三级, FISHERIES 渔业,4 [57/61], ZOOLOGY 动物学,4 [174/179],,,,,,,,
Journal of Agricultural & Food Information,2025,1049-6505/1540-4722,否,否,否,ESCI,0.4,,农林科学,4 [777/904],否,三级, AGRONOMY 农艺学,4 [105/127],,,,,,,,,,
JOURNAL OF APICULTURAL SCIENCE,2025,1643-4439/2299-4831,否,否,是,SCIE,0.8,,农林科学,4 [778/904],否,三级, ENTOMOLOGY 昆虫学,4 [106/109],,,,,,,,,,
EGYPTIAN JOURNAL OF VETERINARY SCIENCE,2025,1110-0222/2357-089X,否,否,否,ESCI,0.6,,农林科学,4 [779/904],否,三级, VETERINARY SCIENCES 兽医学,4 [147/167],,,,,,,,,,
Jurnal Manajemen Hutan Tropika,2025,2087-0469/2089-2063,否,否,是,ESCI,0.5,,农林科学,4 [780/904],否,三级, FORESTRY 林学,4 [78/89],,,,,,,,,,
Semina-Ciencias Agrarias,2025,1676-546X/1679-0359,否,否,是,SCIE,0.5,,农林科学,4 [781/904],否,三级," AGRICULTURE, MULTIDISCIPLINARY 农业综合",4 [68/88],,,,,,,,,,
CIENCIA FLORESTAL,2025,0103-9954/1980-5098,否,否,是,SCIE,0.5,,农林科学,4 [782/904],否,三级, FORESTRY 林学,4 [79/89],,,,,,,,,,
"Annals of the University Dunarea de Jos of Galati, Fascicle VI-Food Technology",2025,1843-5157/2068-259X,否,否,是,ESCI,0.7,,农林科学,4 [783/904],否,三级, FOOD SCIENCE & TECHNOLOGY 食品科技,4 [154/173],,,,,,,,,,
Acta Veterinaria Eurasia,2025,2618-639X/2619-905X,否,否,是,ESCI,0.4,,农林科学,4 [784/904],否,三级, VETERINARY SCIENCES 兽医学,4 [148/167],,,,,,,,,,
Entomologica Americana,2025,1947-5136/1947-5144,否,否,否,SCIE,0.5,,农林科学,4 [785/904],否,三级, ENTOMOLOGY 昆虫学,4 [107/109],,,,,,,,,,
ACTA ALIMENTARIA,2025,0139-3006/1588-2535,否,否,否,SCIE,1,,农林科学,4 [786/904],否,三级, FOOD SCIENCE & TECHNOLOGY 食品科技,4 [155/173], NUTRITION & DIETETICS 营养学,4 [103/113],,,,,,,,
Thai Journal of Veterinary Medicine,2025,0125-6491/0125-6491,否,否,否,SCIE,0.3,,农林科学,4 [787/904],否,三级, VETERINARY SCIENCES 兽医学,4 [149/167],,,,,,,,,,
Medycyna Weterynaryjna-Veterinary Medicine-Science and Practice,2025,0025-8628/0025-8628,否,否,否,SCIE,0.4,,农林科学,4 [788/904],否,三级, VETERINARY SCIENCES 兽医学,4 [150/167],,,,,,,,,,
Journal fur Kulturpflanzen,2025,1867-0911/1867-0938,否,否,是,ESCI,0.6,,农林科学,4 [789/904],否,三级, AGRONOMY 农艺学,4 [106/127], PLANT SCIENCES 植物科学,4 [255/265],,,,,,,,
Buffalo Bulletin,2025,0125-6726/2539-5696,否,否,否,SCIE,0.2,,农林科学,4 [790/904],否,三级," AGRICULTURE, DAIRY & ANIMAL SCIENCE 奶制品与动物科学",4 [69/80],,,,,,,,,,
Journal of the Hellenic Veterinary Medical Society,2025,1792-2720/1792-2720,否,否,否,SCIE,0.4,,农林科学,4 [791/904],否,三级, VETERINARY SCIENCES 兽医学,4 [151/167],,,,,,,,,,
Icelandic Agricultural Sciences,2025,1670-567X,否,否,否,SCIE,0.4,,农林科学,4 [792/904],否,三级," AGRICULTURE, MULTIDISCIPLINARY 农业综合",4 [69/88],,,,,,,,,,
Agrociencia Uruguay,2025,2730-5066/2730-5066,否,否,是,ESCI,0.5,,农林科学,4 [793/904],否,三级, AGRONOMY 农艺学,4 [107/127],,,,,,,,,,
SCANDINAVIAN JOURNAL OF LABORATORY ANIMAL SCIENCE,2025,0901-3393/2002-0112,否,否,否,SCIE,0.2,,农林科学,4 [794/904],否,三级, VETERINARY SCIENCES 兽医学,4 [152/167],,,,,,,,,,
Journal of the Indonesian Tropical Animal Agriculture,2025,2087-8273/2460-6278,否,否,是,ESCI,0.3,,农林科学,4 [795/904],否,三级," AGRICULTURE, DAIRY & ANIMAL SCIENCE 奶制品与动物科学",4 [70/80],,,,,,,,,,
JAPANESE JOURNAL OF APPLIED ENTOMOLOGY AND ZOOLOGY,2025,0021-4914/1347-6068,否,否,否,SCIE,0.3,,农林科学,4 [796/904],否,三级, ENTOMOLOGY 昆虫学,4 [108/109],,,,,,,,,,
Revista Romana de Medicina Veterinara,2025,1220-3173/2457-7618,否,否,否,ESCI,0.2,,农林科学,4 [797/904],否,三级, VETERINARY SCIENCES 兽医学,4 [153/167],,,,,,,,,,
WIENER TIERARZTLICHE MONATSSCHRIFT,2025,0043-535X,否,否,否,SCIE,0.4,,农林科学,4 [798/904],否,三级, VETERINARY SCIENCES 兽医学,4 [154/167],,,,,,,,,,
Chilean Journal of Agricultural & Animal Sciences,2025,0719-3882/0719-3890,否,否,否,ESCI,0.4,,农林科学,4 [799/904],否,三级, AGRONOMY 农艺学,4 [108/127],,,,,,,,,,
AGROCIENCIA,2025,1405-3195/2521-9766,否,否,否,SCIE,0.5,,农林科学,4 [800/904],否,三级," AGRICULTURE, MULTIDISCIPLINARY 农业综合",4 [70/88],,,,,,,,,,
Scientia Forestalis,2025,1413-9324/1413-9324,否,否,否,SCIE,0.4,,农林科学,4 [801/904],否,三级, FORESTRY 林学,4 [80/89],,,,,,,,,,
Journal of the Indian Academy of Wood Science,2025,0972-172X/0976-8432,否,否,否,ESCI,1.2,,农林科学,4 [802/904],否,三级, FORESTRY 林学,4 [81/89],,,,,,,,,,
Poultry Science Journal,2025,2345-6604/2345-6566,否,否,是,ESCI,0.6,,农林科学,4 [803/904],否,三级," AGRICULTURE, DAIRY & ANIMAL SCIENCE 奶制品与动物科学",4 [71/80],,,,,,,,,,
Macedonian Veterinary Review,2025,1409-7621/1857-7415,否,否,是,ESCI,0.3,,农林科学,4 [804/904],否,三级, VETERINARY SCIENCES 兽医学,4 [155/167],,,,,,,,,,
International Food Research Journal,2025,1985-4668/2231-7546,否,否,否,SCIE,1,,农林科学,4 [805/904],否,三级, FOOD SCIENCE & TECHNOLOGY 食品科技,4 [157/173],,,,,,,,,,
Kleintierpraxis,2025,0023-2076,否,否,否,SCIE,0.1,,农林科学,4 [806/904],否,三级, VETERINARY SCIENCES 兽医学,4 [156/167],,,,,,,,,,
Agrarforschung Schweiz,2025,1663-7852/1663-7909,否,否,否,SCIE,0.2,,农林科学,4 [807/904],否,三级," AGRICULTURE, MULTIDISCIPLINARY 农业综合",4 [71/88],,,,,,,,,,
Jurnal Ilmu Ternak dan Veteriner,2025,0853-7380/2252-696X,否,否,是,ESCI,0.2,,农林科学,4 [808/904],否,三级, VETERINARY SCIENCES 兽医学,4 [157/167],,,,,,,,,,
Revista Fitotecnia Mexicana,2025,0187-7380,否,否,否,SCIE,0.3,,农林科学,4 [809/904],否,三级, AGRONOMY 农艺学,4 [109/127],,,,,,,,,,
Agricultural Science and Practice,2025,2312-3370/2312-3389,否,否,否,ESCI,0.2,,农林科学,4 [810/904],否,三级," AGRICULTURE, MULTIDISCIPLINARY 农业综合",4 [72/88],,,,,,,,,,
INDIAN JOURNAL OF ANIMAL SCIENCES,2025,0367-8318/0367-8318,否,否,否,SCIE,0.3,,农林科学,4 [811/904],否,三级," AGRICULTURE, DAIRY & ANIMAL SCIENCE 奶制品与动物科学",4 [72/80],,,,,,,,,,
PHYTOPROTECTION,2025,0031-9511/1710-1603,否,否,否,SCIE,0.2,,农林科学,4 [812/904],否,三级, PLANT SCIENCES 植物科学,4 [258/265],,,,,,,,,,
Brewing Science,2025,1866-5195/1613-2041,否,否,否,ESCI,0.7,,农林科学,4 [813/904],否,三级, FOOD SCIENCE & TECHNOLOGY 食品科技,4 [158/173],,,,,,,,,,
MAGYAR ALLATORVOSOK LAPJA,2025,0025-004X,否,否,否,SCIE,0.4,,农林科学,4 [814/904],否,三级, VETERINARY SCIENCES 兽医学,4 [158/167],,,,,,,,,,
SU URUNLERI DERGISI,2025,1300-1590/2148-3140,否,否,是,ESCI,0.6,,农林科学,4 [815/904],否,三级, FISHERIES 渔业,4 [58/61],,,,,,,,,,
BOSQUE,2025,0717-9200/0717-9200,否,否,否,SCIE,0.4,,农林科学,4 [816/904],否,三级, FORESTRY 林学,4 [82/89],,,,,,,,,,
Scientific Papers-Series D-Animal Science,2025,2285-5750/2393-2260,否,否,否,ESCI,0.4,,农林科学,4 [817/904],否,三级," AGRICULTURE, DAIRY & ANIMAL SCIENCE 奶制品与动物科学",4 [73/80],,,,,,,,,,
Acta Brasiliensis,2025,2526-432X/2526-4338,否,否,是,ESCI,0.1,,农林科学,4 [818/904],否,三级," AGRICULTURE, MULTIDISCIPLINARY 农业综合",4 [73/88],,,,,,,,,,
AGROCHIMICA,2025,0002-1857,否,否,否,SCIE,0.5,,农林科学,4 [819/904],否,三级," CHEMISTRY, APPLIED 应用化学",4 [63/74], SOIL SCIENCE 土壤科学,4 [44/48],,,,,,,,
Journal of Agricultural Extension,2025,1119-944X/2408-6851,否,否,是,ESCI,1.2,,农林科学,4 [820/904],否,三级, AGRONOMY 农艺学,4 [110/127],,,,,,,,,,
ITEA-Informacion Tecnica Economica Agraria,2025,1699-6887/2386-3765,否,否,否,SCIE,0.4,,农林科学,4 [821/904],否,三级," AGRICULTURE, DAIRY & ANIMAL SCIENCE 奶制品与动物科学",4 [74/80], AGRONOMY 农艺学,4 [111/127],,,,,,,,
FOOD SCIENCE AND TECHNOLOGY RESEARCH,2025,1344-6606/1881-3984,否,否,否,SCIE,0.9,,农林科学,4 [822/904],否,三级, FOOD SCIENCE & TECHNOLOGY 食品科技,4 [159/173],,,,,,,,,,
International Journal of Agricultural and Statistical Sciences,2025,0973-1903/0976-3392,否,否,否,ESCI,0.1,,农林科学,4 [823/904],否,三级," AGRICULTURE, MULTIDISCIPLINARY 农业综合",4 [74/88],,,,,,,,,,
Revista de Investigaciones Veterinarias del Peru,2025,1682-3419/1609-9117,否,否,否,ESCI,0.2,,农林科学,4 [824/904],否,三级, VETERINARY SCIENCES 兽医学,4 [159/167],,,,,,,,,,
ZUCHTUNGSKUNDE,2025,0044-5401/1867-4518,否,否,否,SCIE,0.2,,农林科学,4 [825/904],否,三级," AGRICULTURE, DAIRY & ANIMAL SCIENCE 奶制品与动物科学",4 [75/80],,,,,,,,,,
Madera y Bosques,2025,1405-0471/2448-7597,否,否,否,SCIE,0.6,,农林科学,4 [826/904],否,三级, FORESTRY 林学,4 [83/89],,,,,,,,,,
Sugar Industry-Zuckerindustrie,2025,0344-8657,否,否,否,SCIE,0.2,,农林科学,4 [827/904],否,三级, FOOD SCIENCE & TECHNOLOGY 食品科技,4 [160/173],,,,,,,,,,
Revista de Ciencias Agricolas,2025,0120-0135/2256-2273,否,否,是,ESCI,0.2,,农林科学,4 [828/904],否,三级, AGRONOMY 农艺学,4 [112/127],,,,,,,,,,
Egyptian Journal of Agronomy,2025,0379-3575/2357-0288,否,否,否,ESCI,0.3,,农林科学,4 [829/904],否,三级, AGRONOMY 农艺学,4 [113/127],,,,,,,,,,
Propagation of Ornamental Plants,2025,1311-9109,否,否,否,SCIE,0.6,,农林科学,4 [830/904],否,三级, HORTICULTURE 园艺,4 [34/38],,,,,,,,,,
Malaysian Journal of Soil Science,2025,1394-7990/1394-7990,否,否,否,ESCI,,,农林科学,4 [831/904],否,三级, SOIL SCIENCE 土壤科学,4 [45/48],,,,,,,,,,
Ukrainian Food Journal,2025,2304-974X/2313-5891,否,否,是,ESCI,0.7,,农林科学,4 [832/904],否,三级, FOOD SCIENCE & TECHNOLOGY 食品科技,4 [161/173],,,,,,,,,,
Revista de Agricultura Neotropical,2025,2358-6303/2358-6303,否,否,是,ESCI,0.3,,农林科学,4 [833/904],否,三级, AGRONOMY 农艺学,4 [114/127],,,,,,,,,,
Fruits,2025,0248-1294/1625-967X,否,否,否,SCIE,0.5,,农林科学,4 [834/904],否,三级, HORTICULTURE 园艺,4 [35/38],,,,,,,,,,
JOURNAL OF THE PROFESSIONAL ASSOCIATION FOR CACTUS DEVELOPMENT,2025,1938-663X/1938-6648,否,否,否,SCIE,0.8,,农林科学,4 [835/904],否,三级, HORTICULTURE 园艺,4 [36/38],,,,,,,,,,
Revista Brasileira de Ciencias Agrarias-Agraria,2025,1981-1160/1981-0997,否,否,否,ESCI,0.3,,农林科学,4 [836/904],否,三级, AGRONOMY 农艺学,4 [115/127],,,,,,,,,,
REVISTA CIENTIFICA-FACULTAD DE CIENCIAS VETERINARIAS,2025,0798-2259,否,否,是,SCIE,0.3,,农林科学,4 [837/904],否,三级, VETERINARY SCIENCES 兽医学,4 [160/167],,,,,,,,,,
Journal of Food and Nutrition Research,2025,1336-8672/1338-4260,否,否,否,SCIE,0.6,,农林科学,4 [838/904],否,三级, FOOD SCIENCE & TECHNOLOGY 食品科技,4 [162/173],,,,,,,,,,
Revista de la Facultad de Agronomia de la Universidad del Zulia,2025,0378-7818/2477-9407,否,否,否,SCIE,0.2,,农林科学,4 [839/904],否,三级, AGRONOMY 农艺学,4 [116/127],,,,,,,,,,
Future of Food-Journal on Food Agriculture and Society,2025,2197-411X/2197-411X,否,否,否,ESCIOnHold,,,农林科学,4 [840/904],否,三级, FOOD SCIENCE & TECHNOLOGY 食品科技,4 [163/173],,,,,,,,,,
Revista Colombiana de Ciencias Pecuarias,2025,0120-0690/2256-2958,否,否,是,SCIE,0.5,,农林科学,4 [841/904],否,三级," AGRICULTURE, DAIRY & ANIMAL SCIENCE 奶制品与动物科学",4 [76/80],,,,,,,,,,
Acta Silvae et Ligni,2025,2335-3112/2335-3953,否,否,是,ESCI,0.4,,农林科学,4 [842/904],否,三级, FORESTRY 林学,4 [84/89],,,,,,,,,,
Journal of Microbiology Biotechnology and Food Sciences,2025,1338-5178/1338-5178,否,否,是,ESCI,0.8,,农林科学,4 [843/904],否,三级, FOOD SCIENCE & TECHNOLOGY 食品科技,4 [164/173],,,,,,,,,,
Cuadernos de Desarrollo Rural,2025,0122-1450/2215-7727,否,否,否,SCIE,0.6,,农林科学,4 [844/904],否,三级," AGRICULTURE, MULTIDISCIPLINARY 农业综合",4 [75/88],,,,,,,,,,
INDIAN JOURNAL OF AGRICULTURAL SCIENCES,2025,0019-5022/2394-3319,否,否,否,SCIE,0.7,,农林科学,4 [845/904],否,三级," AGRICULTURE, MULTIDISCIPLINARY 农业综合",4 [76/88],,,,,,,,,,
ISRAELI JOURNAL OF AQUACULTURE-BAMIDGEH,2025,0792-156X,否,否,否,SCIE,0.4,,农林科学,4 [846/904],否,三级, FISHERIES 渔业,4 [59/61],,,,,,,,,,
Slovenian Veterinary Research,2025,1580-4003/2385-8761,否,否,是,SCIE,0.6,,农林科学,4 [847/904],否,三级, VETERINARY SCIENCES 兽医学,4 [161/167],,,,,,,,,,
Ecosistemas y Recursos Agropecuarios,2025,2007-901X/2007-901X,否,否,是,ESCI,0.6,,农林科学,4 [848/904],否,三级," AGRICULTURE, MULTIDISCIPLINARY 农业综合",4 [77/88],,,,,,,,,,
Journal of Horticultural Sciences,2025,0973-354X/2582-4899,否,否,是,ESCI,0.4,,农林科学,4 [849/904],否,三级, HORTICULTURE 园艺,4 [37/38],,,,,,,,,,
Revista Forestal Mesoamerica Kuru-RFMK,2025,2215-2504/2215-2504,否,否,是,ESCI,0.2,,农林科学,4 [850/904],否,三级, FORESTRY 林学,4 [85/89],,,,,,,,,,
Formath,2025,2188-5729/2188-5729,否,否,否,ESCI,0.1,,农林科学,4 [851/904],否,三级, FORESTRY 林学,4 [86/89],,,,,,,,,,
Revista Latinoamericana de la Papa,2025,1019-6609/1853-4961,否,否,是,ESCI,,,农林科学,4 [852/904],否,三级, AGRONOMY 农艺学,4 [117/127],,,,,,,,,,
INDIAN JOURNAL OF DAIRY SCIENCE,2025,0019-5146/2454-2172,否,否,否,ESCI,0.2,,农林科学,4 [853/904],否,三级," AGRICULTURE, DAIRY & ANIMAL SCIENCE 奶制品与动物科学",4 [77/80],,,,,,,,,,
Agrisost,2025,1025-0247/1025-0247,否,否,是,ESCI,1.7,,农林科学,4 [854/904],否,三级," AGRICULTURE, MULTIDISCIPLINARY 农业综合",4 [78/88],,,,,,,,,,
Revista Corpoica-Ciencia y Tecnologia Agropecuaria,2025,0122-8706/2500-5308,否,否,是,ESCI,0.2,,农林科学,4 [855/904],否,三级," AGRICULTURE, MULTIDISCIPLINARY 农业综合",4 [79/88],,,,,,,,,,
Carpathian Journal of Food Science and Technology,2025,2066-6845/2344-5459,否,否,是,ESCI,0.7,,农林科学,4 [856/904],否,三级, FOOD SCIENCE & TECHNOLOGY 食品科技,4 [165/173],,,,,,,,,,
Abanico Veterinario,2025,2007-4204/2448-6132,否,否,否,ESCI,0.3,,农林科学,4 [857/904],否,三级, VETERINARY SCIENCES 兽医学,4 [162/167],,,,,,,,,,
JOURNAL OF THE FACULTY OF AGRICULTURE KYUSHU UNIVERSITY,2025,0023-6152,否,否,否,SCIE,0.3,,农林科学,4 [858/904],否,三级," AGRICULTURE, MULTIDISCIPLINARY 农业综合",4 [80/88],,,,,,,,,,
Rivista Italiana delle Sostanze Grasse,2025,0035-6808,否,否,否,SCIE,1,,农林科学,4 [859/904],否,三级, FOOD SCIENCE & TECHNOLOGY 食品科技,4 [166/173],,,,,,,,,,
SAINS TANAH,2025,1412-3606/2356-1424,否,否,是,ESCI,0.5,,农林科学,4 [860/904],否,三级, AGRONOMY 农艺学,4 [119/127], ENVIRONMENTAL SCIENCES 环境科学,4 [352/357], SOIL SCIENCE 土壤科学,4 [46/48],,,,,,
Nativa,2025,2318-7670/2318-7670,否,否,是,ESCI,0.3,,农林科学,4 [861/904],否,三级," AGRICULTURE, MULTIDISCIPLINARY 农业综合",4 [81/88],,,,,,,,,,
Zeitschrift fuer Ganzheitliche Tiermedizin,2025,0939-7868/1439-1422,否,否,否,ESCI,0.1,,农林科学,4 [862/904],否,三级, VETERINARY SCIENCES 兽医学,4 [163/167],,,,,,,,,,
Revista Agrogeoambiental,2025,1984-428X/2316-1817,否,否,是,ESCI,0.1,,农林科学,4 [863/904],否,三级, AGRONOMY 农艺学,4 [120/127],,,,,,,,,,
Reports of Forestry Research-Zpravy Lesnickeho Vyzkumu,2025,0322-9688/1805-9872,否,否,否,ESCI,0.4,,农林科学,4 [864/904],否,三级, FORESTRY 林学,4 [87/89],,,,,,,,,,
PULP & PAPER-CANADA,2025,0316-4004/1923-3515,否,否,否,SCIE,0.4,,农林科学,4 [865/904],否,三级," MATERIALS SCIENCE, PAPER & WOOD 材料科学：纸与木材",4 [21/23],,,,,,,,,,
MITTEILUNGEN KLOSTERNEUBURG,2025,0007-5922/0007-5922,否,否,否,SCIE,0.5,,农林科学,4 [866/904],否,三级, FOOD SCIENCE & TECHNOLOGY 食品科技,4 [167/173], HORTICULTURE 园艺,4 [38/38],,,,,,,,
Scientific Papers-Series E-Land Reclamation Earth Observation & Surveying Environmental Engineering,2025,2285-6064/2285-6064,否,否,否,ESCI,0.6,,农林科学,4 [867/904],否,三级," AGRICULTURE, MULTIDISCIPLINARY 农业综合",4 [82/88],,,,,,,,,,
Soil & Environment,2025,2074-9546/2074-9546,否,否,是,ESCI,0.3,,农林科学,4 [868/904],否,三级, SOIL SCIENCE 土壤科学,4 [47/48],,,,,,,,,,
BOLETIM DE INDUSTRIA ANIMAL,2025,0067-9615/1981-4100,否,否,是,ESCI,0.1,,农林科学,4 [869/904],否,三级," AGRICULTURE, DAIRY & ANIMAL SCIENCE 奶制品与动物科学",4 [78/80],,,,,,,,,,
Exploratory Animal and Medical Research,2025,2277-470X/2319-247X,否,否,是,ESCIOnHold,,,农林科学,4 [870/904],否,三级, VETERINARY SCIENCES 兽医学,4 [164/167],,,,,,,,,,
Revista Cubana de Ciencias Forestales,2025,2310-3469/2310-3469,否,否,是,ESCI,0.2,,农林科学,4 [871/904],否,三级, FORESTRY 林学,4 [88/89],,,,,,,,,,
PHILIPPINE AGRICULTURAL SCIENTIST,2025,0031-7454,否,否,否,SCIE,0.4,,农林科学,4 [872/904],否,三级," AGRICULTURE, MULTIDISCIPLINARY 农业综合",4 [83/88],,,,,,,,,,
Food Hygiene and Safety Science,2025,0015-6426,否,否,否,SCIE,,,农林科学,4 [873/904],否,三级, FOOD SCIENCE & TECHNOLOGY 食品科技,4 [168/173],,,,,,,,,,
JOURNAL OF THE KANSAS ENTOMOLOGICAL SOCIETY,2025,0022-8567/1937-2353,否,否,否,SCIE,0.3,,农林科学,4 [874/904],否,三级, ENTOMOLOGY 昆虫学,4 [109/109],,,,,,,,,,
Terra Latinoamericana,2025,0187-5779/2395-8030,否,否,是,ESCI,0.4,,农林科学,4 [875/904],否,三级, AGRONOMY 农艺学,4 [121/127], SOIL SCIENCE 土壤科学,4 [48/48],,,,,,,,
Agroindustria Sociedad y Ambiente ASA,2025,2343-6115/2343-6115,否,否,否,ESCI,<0.1,,农林科学,4 [876/904],否,三级," AGRICULTURE, MULTIDISCIPLINARY 农业综合",4 [84/88],,,,,,,,,,
TROPICAL AGRICULTURE,2025,0041-3216/0041-3216,否,否,否,ESCI,0.3,,农林科学,4 [877/904],否,三级, AGRONOMY 农艺学,4 [122/127],,,,,,,,,,
Revista Colombiana de Investigaciones Agroindustriales,2025,2422-0582/2422-4456,否,否,是,ESCI,0.6,,农林科学,4 [878/904],否,三级," AGRICULTURE, MULTIDISCIPLINARY 农业综合",4 [85/88],,,,,,,,,,
Proceedings of the National Academy of Sciences of Belarus-Agrarian Series,2025,1817-7204/1817-7239,否,否,否,ESCI,0.2,,农林科学,4 [879/904],否,三级," AGRICULTURE, MULTIDISCIPLINARY 农业综合",4 [86/88],,,,,,,,,,
VETERINARIA MEXICO,2025,2448-6760/2448-6760,否,否,否,SCIE,0.5,,农林科学,4 [880/904],否,三级, VETERINARY SCIENCES 兽医学,4 [165/167],,,,,,,,,,
Lesnoy Zhurnal-Forestry Journal,2025,0536-1036/0536-1036,否,否,是,ESCI,0.1,,农林科学,4 [881/904],否,三级, FORESTRY 林学,4 [89/89],,,,,,,,,,
Bulletin of University of Agricultural Sciences and Veterinary Medicine Cluj-Napoca-Food Science and Technology,2025,2344-2344/2344-5300,否,否,是,ESCI,0.3,,农林科学,4 [882/904],否,三级, FOOD SCIENCE & TECHNOLOGY 食品科技,4 [169/173],,,,,,,,,,
MAYDICA,2025,0025-6153/2279-8013,否,否,否,SCIE,,,农林科学,4 [883/904],否,三级, AGRONOMY 农艺学,4 [123/127], PLANT SCIENCES 植物科学,4 [264/265],,,,,,,,
BULLETIN OF THE EUROPEAN ASSOCIATION OF FISH PATHOLOGISTS,2025,0108-0288/0108-0288,否,否,否,SCIE,1.1,,农林科学,4 [884/904],否,三级, FISHERIES 渔业,4 [60/61], MARINE & FRESHWATER BIOLOGY 海洋与淡水生物学,4 [116/118],,,,,,,,
MOKUZAI GAKKAISHI,2025,0021-4795/1880-7577,否,否,否,SCIE,<0.1,,农林科学,4 [885/904],否,三级," MATERIALS SCIENCE, PAPER & WOOD 材料科学：纸与木材",4 [22/23],,,,,,,,,,
CATTLE PRACTICE,2025,0969-1251,否,否,否,SCIE,<0.1,,农林科学,4 [886/904],否,三级, VETERINARY SCIENCES 兽医学,4 [166/167],,,,,,,,,,
FLEISCHWIRTSCHAFT,2025,0015-363X/0015-363X,否,否,否,SCIE,0.4,,农林科学,4 [887/904],否,三级, FOOD SCIENCE & TECHNOLOGY 食品科技,4 [170/173],,,,,,,,,,
Scientific Study and Research-Chemistry and Chemical Engineering Biotechnology Food Industry,2025,1582-540X/1582-540X,否,否,是,ESCI,0.7,,农林科学,4 [888/904],否,三级," CHEMISTRY, MULTIDISCIPLINARY 化学：综合",4 [223/230],,,,,,,,,,
Fourrages,2025,0429-2766/0429-2766,否,否,否,SCIE,0.6,,农林科学,4 [889/904],否,三级," AGRICULTURE, DAIRY & ANIMAL SCIENCE 奶制品与动物科学",4 [79/80],,,,,,,,,,
BERICHTE UBER LANDWIRTSCHAFT,2025,2196-5099,否,否,否,SCIE,0.1,,农林科学,4 [890/904],否,三级," AGRICULTURE, MULTIDISCIPLINARY 农业综合",4 [87/88],,,,,,,,,,
JARQ-JAPAN AGRICULTURAL RESEARCH QUARTERLY,2025,0021-3551,否,否,否,SCIE,0.5,,农林科学,4 [891/904],否,三级," AGRICULTURE, MULTIDISCIPLINARY 农业综合",4 [88/88],,,,,,,,,,
Journal of Agricultural Machinery,2025,2228-6829/2423-3943,否,否,是,ESCI,0.7,,农林科学,4 [892/904],否,三级, AGRICULTURAL ENGINEERING 农业工程,4 [18/19],,,,,,,,,,
Temas Agrarios,2025,0122-7610/2389-9182,否,否,是,ESCI,0.1,,农林科学,4 [893/904],否,三级, AGRONOMY 农艺学,4 [124/127],,,,,,,,,,
Brazilian Journal of Hygiene and Animal Sanity,2025,1981-2965/1981-2965,否,否,否,ESCI,<0.1,,农林科学,4 [894/904],否,三级, VETERINARY SCIENCES 兽医学,4 [167/167],,,,,,,,,,
Philippine Journal of Crop Science,2025,0115-463X,否,否,否,SCIE,0.1,,农林科学,4 [895/904],否,三级, AGRONOMY 农艺学,4 [125/127],,,,,,,,,,
AMA-Agricultural Mechanization in Asia Africa and Latin America,2025,0084-5841,否,否,否,SCIE,0.4,,农林科学,4 [896/904],否,三级, AGRICULTURAL ENGINEERING 农业工程,4 [19/19],,,,,,,,,,
FISHERY TECHNOLOGY,2025,0015-3001/0015-3001,否,否,否,ESCI,0.2,,农林科学,4 [897/904],否,三级, FISHERIES 渔业,4 [61/61],,,,,,,,,,
Journal of Food Safety and Food Quality-Archiv fur Lebensmittelhygiene,2025,0003-925X,否,否,否,SCIE,0.2,,农林科学,4 [898/904],否,三级," CHEMISTRY, APPLIED 应用化学",4 [74/74], FOOD SCIENCE & TECHNOLOGY 食品科技,4 [171/173], TOXICOLOGY 毒理学,4 [106/106],,,,,,
Ciencias Agronomicas,2025,1853-4333/2250-8872,否,否,否,ESCI,0.3,,农林科学,4 [899/904],否,三级, AGRONOMY 农艺学,4 [126/127],,,,,,,,,,
WOCHENBLATT FUR PAPIERFABRIKATION,2025,0043-7131/0043-7131,否,否,否,SCIE,<0.1,,农林科学,4 [900/904],否,三级," MATERIALS SCIENCE, PAPER & WOOD 材料科学：纸与木材",4 [23/23],,,,,,,,,,
Agritech,2025,0216-0455/2527-3825,否,否,是,ESCI,0.2,,农林科学,4 [901/904],否,三级, AGRONOMY 农艺学,4 [127/127],,,,,,,,,,
Journal of Food Science and Technology-Ukraine,2025,2073-8684/2409-7004,否,否,是,ESCI,0.3,,农林科学,4 [902/904],否,三级, FOOD SCIENCE & TECHNOLOGY 食品科技,4 [172/173],,,,,,,,,,
Journal of Candido Tostes Dairy Institute,2025,0100-3674/2238-6416,否,否,是,ESCI,<0.1,,农林科学,4 [903/904],否,三级," AGRICULTURE, DAIRY & ANIMAL SCIENCE 奶制品与动物科学",4 [80/80],,,,,,,,,,
JOURNAL OF THE JAPANESE SOCIETY FOR FOOD SCIENCE AND TECHNOLOGY-NIPPON SHOKUHIN KAGAKU KOGAKU KAISHI,2025,1341-027X,否,否,否,SCIE,0.2,,农林科学,4 [904/904],否,三级, FOOD SCIENCE & TECHNOLOGY 食品科技,4 [173/173],,,,,,,,,,
