Journal,年份,ISSN/EISSN,Review,OA Journal Index（OAJ）,Open Access,Web of Science,影响因子,标注,大类,大类分区,Top,小类1,小类1分区,小类2,小类2分区,小类3,小类3分区,小类4,小类4分区,小类5,小类5分区,小类6,小类6分区,权威期刊
JOURNAL OF SECOND LANGUAGE WRITING,2025,1060-3743/1873-1422,否,否,否,SSCI,4.5,,文学,1 [1/1193],是, LINGUISTICS 语言学,1 [1/294],,,,,,,,,,,一级
JOURNAL OF COMMUNICATION,2025,0021-9916/1460-2466,否,否,否,SSCI,5.5,,文学,1 [2/1193],是, COMMUNICATION 传播学,1 [1/223],,,,,,,,,,,一级
Journal of Semantics,2025,0167-5133/1477-4593,否,否,否,SSCI;AHCI,1.1,,文学,1 [3/1193],是, LANGUAGE & LINGUISTICS 语言与语言学,1 [1/391], LINGUISTICS 语言学,1 [2/294],,,,,,,,,一级
POLITICAL COMMUNICATION,2025,1058-4609/1091-7675,否,否,否,SSCI,5.1,,文学,1 [4/1193],是, COMMUNICATION 传播学,1 [2/223], POLITICAL SCIENCE 政治学,1 [11/317],,,,,,,,,一级
Annual Review of Linguistics,2025,2333-9691/2333-9691,是,否,否,SSCI;AHCI,4.3,,文学,1 [5/1193],是, LANGUAGE & LINGUISTICS 语言与语言学,1 [2/391], LINGUISTICS 语言学,1 [3/294],,,,,,,,,一级
Digital Journalism,2025,2167-0811/2167-082X,否,否,否,SSCI,5.4,,文学,1 [6/1193],是, COMMUNICATION 传播学,1 [3/223],,,,,,,,,,,一级
ReCALL,2025,0958-3440/1474-0109,否,是,是,SSCI;AHCI,5.7,,文学,1 [7/1193],是, EDUCATION & EDUCATIONAL RESEARCH 教育学和教育研究,1 [12/754], LANGUAGE & LINGUISTICS 语言与语言学,1 [3/391], LINGUISTICS 语言学,1 [4/294],,,,,,,一级
Computer Assisted Language Learning,2025,0958-8221/1744-3210,否,否,否,SSCI;AHCI,6.6,,文学,1 [8/1193],是, EDUCATION & EDUCATIONAL RESEARCH 教育学和教育研究,1 [16/754], LANGUAGE & LINGUISTICS 语言与语言学,1 [4/391], LINGUISTICS 语言学,1 [5/294],,,,,,,一级
RESEARCH ON LANGUAGE AND SOCIAL INTERACTION,2025,0835-1813/1532-7973,否,否,否,SSCI,2.1,,文学,1 [9/1193],是, COMMUNICATION 传播学,1 [4/223], LINGUISTICS 语言学,1 [6/294]," PSYCHOLOGY, SOCIAL 心理学：社会",1 [6/76],,,,,,,一级
ENGLISH FOR SPECIFIC PURPOSES,2025,0889-4906/1873-1937,否,否,否,SSCI,2.7,,文学,1 [10/1193],是, LINGUISTICS 语言学,1 [7/294],,,,,,,,,,,一级
APPLIED LINGUISTICS,2025,0142-6001/1477-450X,否,否,否,SSCI,4.2,,文学,1 [11/1193],是, LINGUISTICS 语言学,1 [8/294],,,,,,,,,,,一级
Target-International Journal of Translation Studies,2025,0924-1884/1569-9986,否,否,否,SSCI;AHCI,0.8,,文学,1 [12/1193],是, LANGUAGE & LINGUISTICS 语言与语言学,1 [5/391], LINGUISTICS 语言学,1 [9/294],,,,,,,,,一级
Social Media + Society,2025,2056-3051/2056-3051,否,是,是,SSCI,4.9,,文学,1 [13/1193],是, COMMUNICATION 传播学,1 [5/223],,,,,,,,,,,一级
Annual Review of Applied Linguistics,2025,0267-1905/1471-6356,是,否,否,SSCI;AHCI,4.3,,文学,1 [14/1193],是, LANGUAGE & LINGUISTICS 语言与语言学,1 [6/391], LINGUISTICS 语言学,1 [10/294],,,,,,,,,一级
Review of Communication Research,2025,2255-4165/2255-4165,是,否,是,ESCI,2.7,,文学,1 [15/1193],是, COMMUNICATION 传播学,2 [8/223],,,,,,,,,,,一级
SYSTEM,2025,0346-251X/1879-3282,否,否,否,SSCI,5.6,,文学,1 [16/1193],是, EDUCATION & EDUCATIONAL RESEARCH 教育学和教育研究,1 [18/754], LINGUISTICS 语言学,1 [11/294],,,,,,,,,一级
Assessing Writing,2025,1075-2935/1873-5916,否,否,否,SSCI,5.5,,文学,1 [17/1193],是, EDUCATION & EDUCATIONAL RESEARCH 教育学和教育研究,1 [21/754], LINGUISTICS 语言学,1 [12/294],,,,,,,,,一级
Policy and Internet,2025,1944-2866/1944-2866,否,否,否,SSCI,3.6,,文学,1 [18/1193],是, COMMUNICATION 传播学,1 [6/223], POLITICAL SCIENCE 政治学,2 [22/317],,,,,,,,,一级
MODERN LANGUAGE JOURNAL,2025,0026-7902/1540-4781,否,否,否,SSCI,4,,文学,1 [19/1193],是, EDUCATION & EDUCATIONAL RESEARCH 教育学和教育研究,1 [22/754], LINGUISTICS 语言学,1 [13/294],,,,,,,,,一级
Morphology,2025,1871-5621/1871-5656,否,否,否,ESCI,1.5,,文学,1 [20/1193],是, LANGUAGE & LINGUISTICS 语言与语言学,1 [7/391],,,,,,,,,,,一级
International Journal of Press-Politics,2025,1940-1612/1940-1620,否,否,否,SSCI,4.3,,文学,1 [21/1193],是, COMMUNICATION 传播学,1 [7/223], POLITICAL SCIENCE 政治学,2 [27/317],,,,,,,,,一级
International Journal of Legal Discourse,2025,2364-8821/2364-883X,否,否,否,ESCI,2.4,,文学,1 [22/1193],是, LINGUISTICS 语言学,1 [14/294],,,,,,,,,,,一级
Journal of English for Academic Purposes,2025,1475-1585/1878-1497,否,否,否,SSCI;AHCI,3.4,,文学,1 [23/1193],是, LANGUAGE & LINGUISTICS 语言与语言学,1 [8/391], LINGUISTICS 语言学,1 [15/294], EDUCATION & EDUCATIONAL RESEARCH 教育学和教育研究,2 [27/754],,,,,,,一级
COMMUNICATION RESEARCH,2025,0093-6502/1552-3810,否,否,否,SSCI,3.2,,文学,1 [24/1193],是, COMMUNICATION 传播学,2 [9/223],,,,,,,,,,,一级
Interpreter and Translator Trainer,2025,1750-399X/1757-0417,否,否,否,SSCI;AHCI,1.2,,文学,1 [25/1193],是, LANGUAGE & LINGUISTICS 语言与语言学,1 [9/391], LINGUISTICS 语言学,1 [16/294],,,,,,,,,一级
NEW MEDIA & SOCIETY,2025,1461-4448/1461-7315,否,否,否,SSCI,4.3,,文学,1 [26/1193],是, COMMUNICATION 传播学,2 [10/223],,,,,,,,,,,一级
TESOL QUARTERLY,2025,0039-8322/1545-7249,否,否,否,SSCI,3.9,,文学,1 [27/1193],是, LINGUISTICS 语言学,1 [17/294], EDUCATION & EDUCATIONAL RESEARCH 教育学和教育研究,2 [32/754],,,,,,,,,一级
LANGUAGE LEARNING,2025,0023-8333/1467-9922,否,否,否,SSCI,4.2,,文学,1 [28/1193],是, LINGUISTICS 语言学,1 [18/294], EDUCATION & EDUCATIONAL RESEARCH 教育学和教育研究,2 [34/754],,,,,,,,,一级
Intercultural Pragmatics,2025,1612-295X/1613-365X,否,否,否,SSCI;AHCI,1.8,,文学,1 [29/1193],是, LANGUAGE & LINGUISTICS 语言与语言学,1 [10/391], LINGUISTICS 语言学,1 [19/294],,,,,,,,,一级
Global Media and China,2025,2059-4364/2059-4372,否,否,是,ESCI,3.4,,文学,1 [30/1193],是, COMMUNICATION 传播学,2 [11/223],,,,,,,,,,,一级
Information Communication & Society,2025,1369-118X/1468-4462,否,否,否,SSCI,3.3,,文学,1 [31/1193],是, SOCIOLOGY 社会学,1 [13/216], COMMUNICATION 传播学,2 [12/223],,,,,,,,,一级
Journal of Computer-Mediated Communication,2025,1083-6101/1083-6101,否,否,是,SSCI,5.7,,文学,1 [32/1193],是, COMMUNICATION 传播学,2 [13/223], INFORMATION SCIENCE & LIBRARY SCIENCE 图书情报与档案管理,2 [12/160],,,,,,,,,一级
LANGUAGE IN SOCIETY,2025,0047-4045/1469-8013,否,否,否,SSCI,2.6,,文学,1 [33/1193],是, LINGUISTICS 语言学,2 [20/294], SOCIOLOGY 社会学,2 [14/216],,,,,,,,,一级
STUDIES IN SECOND LANGUAGE ACQUISITION,2025,0272-2631/1470-1545,否,否,否,SSCI,4.9,,文学,1 [34/1193],是, LINGUISTICS 语言学,2 [21/294],,,,,,,,,,,一级
Communication & Sport,2025,2167-4795/2167-4809,否,否,否,SSCI,2.8,,文学,1 [35/1193],是, COMMUNICATION 传播学,2 [14/223]," HOSPITALITY, LEISURE, SPORT & TOURISM 酒店、休闲、体育与旅游",3 [17/139],,,,,,,,,一级
Studies in Second Language Learning and Teaching,2025,2083-5205/2084-1965,否,否,是,SSCI,5.4,,文学,1 [36/1193],是, LINGUISTICS 语言学,2 [23/294],,,,,,,,,,,一级
JOURNAL OF MULTILINGUAL AND MULTICULTURAL DEVELOPMENT,2025,0143-4632/1747-7557,否,否,否,SSCI;AHCI,3.9,,文学,1 [37/1193],是, LANGUAGE & LINGUISTICS 语言与语言学,1 [11/391], LINGUISTICS 语言学,2 [24/294],,,,,,,,,一级
Language Culture and Curriculum,2025,0790-8318/1747-7573,否,否,否,SSCI;AHCI,2.2,,文学,1 [38/1193],是, LANGUAGE & LINGUISTICS 语言与语言学,1 [12/391], EDUCATION & EDUCATIONAL RESEARCH 教育学和教育研究,2 [51/754], LINGUISTICS 语言学,2 [25/294],,,,,,,一级
HUMAN COMMUNICATION RESEARCH,2025,0360-3989/1468-2958,否,否,否,SSCI,3.3,,文学,1 [39/1193],是, COMMUNICATION 传播学,2 [16/223],,,,,,,,,,,一级
WRITTEN COMMUNICATION,2025,0741-0883/1552-8472,否,否,否,SSCI,2.2,,文学,1 [40/1193],是, COMMUNICATION 传播学,2 [17/223],,,,,,,,,,,一级
JOURNAL OF PHONETICS,2025,0095-4470/1095-8576,否,否,否,SSCI;AHCI,2.4,,文学,1 [41/1193],是, LANGUAGE & LINGUISTICS 语言与语言学,1 [13/391], LINGUISTICS 语言学,2 [26/294],,,,,,,,,一级
Discourse Context & Media,2025,2211-6958/2211-6966,否,否,否,SSCI,3.1,,文学,1 [42/1193],是, COMMUNICATION 传播学,2 [18/223],,,,,,,,,,,一级
Journal of Linguistic Anthropology,2025,1055-1360/1548-1395,否,否,否,SSCI;AHCI,1.4,,文学,1 [43/1193],是, LANGUAGE & LINGUISTICS 语言与语言学,1 [14/391], ANTHROPOLOGY 人类学,2 [16/137], LINGUISTICS 语言学,2 [28/294],,,,,,,一级
DISCOURSE & SOCIETY,2025,0957-9265/1460-3624,否,否,否,SSCI,2.7,,文学,1 [44/1193],是, COMMUNICATION 传播学,2 [19/223]," PSYCHOLOGY, MULTIDISCIPLINARY 心理学：综合",2 [20/219], SOCIOLOGY 社会学,2 [25/216],,,,,,,一级
LINGUISTICS AND PHILOSOPHY,2025,0165-0157/1573-0549,否,否,否,SSCI;AHCI,1.3,,文学,1 [45/1193],是, LANGUAGE & LINGUISTICS 语言与语言学,1 [15/391], LINGUISTICS 语言学,2 [29/294],,,,,,,,,一级
JOURNALISM & MASS COMMUNICATION QUARTERLY,2025,1077-6990/2161-430X,否,否,否,SSCI,3.6,,文学,1 [46/1193],是, COMMUNICATION 传播学,2 [20/223],,,,,,,,,,,一级
Semantics & Pragmatics,2025,1937-8912/1937-8912,否,否,是,ESCI,1.4,,文学,1 [47/1193],是, LANGUAGE & LINGUISTICS 语言与语言学,1 [16/391], LINGUISTICS 语言学,2 [30/294],,,,,,,,,一级
Russian Journal of Linguistics,2025,2687-0088/2686-8024,否,否,是,ESCI,0.9,,文学,1 [48/1193],是, LANGUAGE & LINGUISTICS 语言与语言学,1 [17/391],,,,,,,,,,,一级
Language Variation and Change,2025,0954-3945/1469-8021,否,否,否,SSCI;AHCI,1.7,,文学,1 [49/1193],是, LANGUAGE & LINGUISTICS 语言与语言学,1 [18/391], LINGUISTICS 语言学,2 [31/294],,,,,,,,,一级
RELC Journal,2025,0033-6882/1745-526X,否,否,否,SSCI,6.2,,文学,1 [50/1193],是, LINGUISTICS 语言学,2 [32/294],,,,,,,,,,,一级
COMMUNICATION THEORY,2025,1050-3293/1468-2885,否,否,否,SSCI,6.2,,文学,1 [51/1193],是, COMMUNICATION 传播学,2 [21/223],,,,,,,,,,,一级
International Journal of Multilingualism,2025,1479-0718/1747-7530,否,否,否,SSCI;AHCI,2,,文学,1 [52/1193],是, LANGUAGE & LINGUISTICS 语言与语言学,1 [19/391], LINGUISTICS 语言学,2 [33/294], EDUCATION & EDUCATIONAL RESEARCH 教育学和教育研究,3 [79/754],,,,,,,一级
Language Teaching Research,2025,1362-1688/1477-0954,否,否,否,SSCI,3.8,,文学,1 [53/1193],是, LINGUISTICS 语言学,2 [34/294], EDUCATION & EDUCATIONAL RESEARCH 教育学和教育研究,3 [80/754],,,,,,,,,一级
Across Languages and Cultures,2025,1585-1923/1588-2519,否,否,否,SSCI;AHCI,0.9,,文学,1 [54/1193],是, LANGUAGE & LINGUISTICS 语言与语言学,1 [20/391], LINGUISTICS 语言学,2 [35/294],,,,,,,,,一级
QUARTERLY JOURNAL OF SPEECH,2025,0033-5630/1479-5779,否,否,否,SSCI,1.5,,文学,1 [55/1193],是, COMMUNICATION 传播学,2 [22/223],,,,,,,,,,,一级
COGNITIVE LINGUISTICS,2025,0936-5907/1613-3641,否,否,否,SSCI;AHCI,1.2,,文学,1 [56/1193],是, LANGUAGE & LINGUISTICS 语言与语言学,1 [21/391], LINGUISTICS 语言学,2 [36/294],,,,,,,,,一级
LINGUISTIC INQUIRY,2025,0024-3892/1530-9150,否,否,否,SSCI;AHCI,1.6,,文学,1 [57/1193],是, LANGUAGE & LINGUISTICS 语言与语言学,1 [22/391], LINGUISTICS 语言学,2 [37/294],,,,,,,,,一级
Current Issues in Language Planning,2025,1466-4208/1747-7506,否,否,否,SSCI;AHCI,1.8,,文学,1 [58/1193],是, LANGUAGE & LINGUISTICS 语言与语言学,2 [23/391], LINGUISTICS 语言学,2 [38/294], EDUCATION & EDUCATIONAL RESEARCH 教育学和教育研究,3 [84/754],,,,,,,一级
JOURNAL OF PRAGMATICS,2025,0378-2166/1879-1387,否,否,否,SSCI;AHCI,1.7,,文学,1 [59/1193],是, LANGUAGE & LINGUISTICS 语言与语言学,2 [24/391], LINGUISTICS 语言学,2 [39/294],,,,,,,,,一级
Mobile Media & Communication,2025,2050-1579/2050-1587,否,否,否,SSCI,1.8,,文学,1 [60/1193],是, COMMUNICATION 传播学,2 [23/223],,,,,,,,,,,一级
Journal of Public Relations Research,2025,1062-726X/1532-754X,否,否,否,SSCI,3.4,,文学,1 [61/1193],是, COMMUNICATION 传播学,2 [24/223],,,,,,,,,,,一级
Journalism Studies,2025,1461-670X/1469-9699,否,否,否,SSCI,2.9,,文学,1 [62/1193],是, COMMUNICATION 传播学,2 [25/223],,,,,,,,,,,一级
Syntax-A Journal of Theoretical Experimental and Interdisciplinary Research,2025,1368-0005/1467-9612,否,否,否,SSCI;AHCI,1,,文学,1 [63/1193],是, LANGUAGE & LINGUISTICS 语言与语言学,2 [26/391], LINGUISTICS 语言学,2 [41/294],,,,,,,,,一级
Interpreting,2025,1384-6647/1569-982X,否,否,否,SSCI;AHCI,1,,文学,1 [64/1193],是, LANGUAGE & LINGUISTICS 语言与语言学,2 [27/391], LINGUISTICS 语言学,2 [42/294],,,,,,,,,一级
Communication Methods and Measures,2025,1931-2458/1931-2466,否,否,否,SSCI,3.7,,文学,1 [65/1193],是, COMMUNICATION 传播学,3 [27/223],,,,,,,,,,,一级
SCIENCE COMMUNICATION,2025,1075-5470/1552-8545,否,否,否,SSCI,4.1,,文学,1 [66/1193],是, COMMUNICATION 传播学,3 [29/223],,,,,,,,,,,一级
Linguistic Typology,2025,1430-0532/1613-415X,否,否,否,SSCI;AHCI,1.6,,文学,1 [67/1193],是, LANGUAGE & LINGUISTICS 语言与语言学,2 [30/391], LINGUISTICS 语言学,2 [45/294],,,,,,,,,一级
Journalism,2025,1464-8849/1741-3001,否,否,否,SSCI,2.7,,文学,2 [68/1193],是, COMMUNICATION 传播学,3 [30/223],,,,,,,,,,,一级
Language Teaching,2025,0261-4448/1475-3049,否,否,否,SSCI;AHCI,5.1,,文学,2 [69/1193],是, LANGUAGE & LINGUISTICS 语言与语言学,2 [31/391], LINGUISTICS 语言学,2 [46/294], EDUCATION & EDUCATIONAL RESEARCH 教育学和教育研究,3 [99/754],,,,,,,一级
METAPHOR AND SYMBOL,2025,1092-6488/1532-7868,否,否,否,SSCI;AHCI,3.3,,文学,2 [70/1193],否, LANGUAGE & LINGUISTICS 语言与语言学,2 [32/391], LINGUISTICS 语言学,2 [47/294],,,,,,,,,一级
Mass Communication and Society,2025,1520-5436/1532-7825,否,否,否,SSCI,2.7,,文学,2 [71/1193],是, COMMUNICATION 传播学,3 [31/223],,,,,,,,,,,一级
Journal of Politeness Research-Language Behaviour Culture,2025,1612-5681/1613-4877,否,否,否,SSCI;AHCI,1.1,,文学,2 [72/1193],否, LANGUAGE & LINGUISTICS 语言与语言学,2 [33/391], LINGUISTICS 语言学,2 [48/294],,,,,,,,,一级
Discourse & Communication,2025,1750-4813/1750-4821,否,否,否,SSCI,2.2,,文学,2 [73/1193],是, COMMUNICATION 传播学,3 [32/223],,,,,,,,,,,一级
Corpus Pragmatics,2025,2509-9507/2509-9515,否,否,否,ESCI,1,,文学,2 [74/1193],否, LANGUAGE & LINGUISTICS 语言与语言学,2 [35/391], LINGUISTICS 语言学,2 [50/294],,,,,,,,,一级
JOURNAL OF ENGLISH LINGUISTICS,2025,0075-4242/1552-5457,否,否,否,SSCI;AHCI,1.3,,文学,2 [75/1193],否, LANGUAGE & LINGUISTICS 语言与语言学,2 [36/391], LINGUISTICS 语言学,2 [51/294],,,,,,,,,一级
Word Structure,2025,1750-1245/1755-2036,否,否,否,ESCI,1.1,,文学,2 [76/1193],否, LANGUAGE & LINGUISTICS 语言与语言学,2 [37/391],,,,,,,,,,,一级
Linguistic Approaches to Bilingualism,2025,1879-9264/1879-9272,否,否,否,SSCI;AHCI,1.8,,文学,2 [77/1193],是, LANGUAGE & LINGUISTICS 语言与语言学,2 [38/391], LINGUISTICS 语言学,2 [52/294],,,,,,,,,一级
Translation Studies,2025,1478-1700/1751-2921,否,否,否,SSCI;AHCI,1.2,,文学,2 [78/1193],否, LANGUAGE & LINGUISTICS 语言与语言学,2 [39/391], LINGUISTICS 语言学,2 [53/294],,,,,,,,,一级
Novye Issledovaniya Tuvy-New Research of Tuva,2025,2079-8482/2079-8482,否,否,是,ESCI,1.6,,文学,2 [79/1193],是," HUMANITIES, MULTIDISCIPLINARY 人文科学",1 [3/406]," SOCIAL SCIENCES, INTERDISCIPLINARY 社会科学：跨领域",2 [20/263],,,,,,,,,一级
Public Relations Inquiry,2025,2046-147X/2046-1488,否,否,否,ESCI,1.7,,文学,2 [80/1193],否, COMMUNICATION 传播学,3 [33/223],,,,,,,,,,,一级
Language and Intercultural Communication,2025,1470-8477/1747-759X,否,否,否,SSCI;AHCI,2.2,,文学,2 [81/1193],是, LANGUAGE & LINGUISTICS 语言与语言学,2 [40/391], LINGUISTICS 语言学,3 [55/294],,,,,,,,,一级
DISCOURSE STUDIES,2025,1461-4456/1461-7080,否,否,否,SSCI,1.7,,文学,2 [82/1193],是, COMMUNICATION 传播学,3 [34/223],,,,,,,,,,,一级
Journal of Specialised Translation,2025,1740-357X/1740-357X,否,否,是,SSCI;AHCI,0.6,,文学,2 [83/1193],否, LANGUAGE & LINGUISTICS 语言与语言学,2 [41/391], LINGUISTICS 语言学,3 [56/294],,,,,,,,,一级
Constructions and Frames,2025,1876-1933/1876-1941,否,否,否,ESCI,0.5,,文学,2 [84/1193],否, LANGUAGE & LINGUISTICS 语言与语言学,2 [42/391],,,,,,,,,,,一级
Language and Linguistics Compass,2025,1749-818X/1749-818X,否,否,否,ESCI,1.6,,文学,2 [85/1193],否, LANGUAGE & LINGUISTICS 语言与语言学,2 [43/391],,,,,,,,,,,一级
Journal of Language Evolution,2025,2058-4571/2058-458X,否,否,否,ESCI,1.5,,文学,2 [86/1193],否, LANGUAGE & LINGUISTICS 语言与语言学,2 [44/391],,,,,,,,,,,一级
SECOND LANGUAGE RESEARCH,2025,0267-6583/1477-0326,否,否,否,SSCI,1.3,,文学,2 [87/1193],是, EDUCATION & EDUCATIONAL RESEARCH 教育学和教育研究,3 [135/754], LINGUISTICS 语言学,3 [57/294],,,,,,,,,一级
MEDIA CULTURE & SOCIETY,2025,0163-4437/1460-3675,否,否,否,SSCI,3.3,,文学,2 [88/1193],是, COMMUNICATION 传播学,3 [37/223], SOCIOLOGY 社会学,3 [55/216],,,,,,,,,一级
International Journal of Corpus Linguistics,2025,1384-6655/1569-9811,否,否,否,SSCI;AHCI,1.4,,文学,2 [89/1193],否, LANGUAGE & LINGUISTICS 语言与语言学,2 [45/391], LINGUISTICS 语言学,3 [58/294],,,,,,,,,一级
Bilingual Research Journal,2025,1523-5882/1523-5890,否,否,否,ESCI,1.2,,文学,2 [90/1193],否, LINGUISTICS 语言学,3 [59/294],,,,,,,,,,,一级
Journal of International and Intercultural Communication,2025,1751-3057/1751-3065,否,否,否,ESCI,2.2,,文学,2 [91/1193],否, COMMUNICATION 传播学,3 [39/223],,,,,,,,,,,一级
LANGUAGE,2025,0097-8507/1535-0665,否,否,否,SSCI;AHCI,1.5,,文学,2 [92/1193],是, LANGUAGE & LINGUISTICS 语言与语言学,2 [46/391], LINGUISTICS 语言学,3 [60/294],,,,,,,,,一级
Multilingua-Journal of Cross-Cultural and Interlanguage Communication,2025,0167-8507/1613-3684,否,否,否,SSCI;AHCI,1.8,,文学,2 [93/1193],是, LANGUAGE & LINGUISTICS 语言与语言学,2 [47/391], LINGUISTICS 语言学,3 [61/294],,,,,,,,,一级
APPLIED PSYCHOLINGUISTICS,2025,0142-7164/1469-1817,否,是,是,SSCI,2.8,,文学,2 [94/1193],是," PSYCHOLOGY, EXPERIMENTAL 心理学：实验",2 [23/99], LINGUISTICS 语言学,3 [62/294],,,,,,,,,一级
Language Testing,2025,0265-5322/1477-0946,否,否,否,SSCI;AHCI,2.4,,文学,2 [95/1193],否, LANGUAGE & LINGUISTICS 语言与语言学,2 [48/391], LINGUISTICS 语言学,3 [63/294],,,,,,,,,一级
JOURNAL OF BUSINESS AND TECHNICAL COMMUNICATION,2025,1050-6519/1552-4574,否,否,否,SSCI,2,,文学,2 [96/1193],否, COMMUNICATION 传播学,3 [40/223], BUSINESS 商业：管理,4 [87/302],,,,,,,,,一级
Critical Discourse Studies,2025,1740-5904/1740-5912,否,否,否,SSCI,2.1,,文学,2 [97/1193],是, COMMUNICATION 传播学,3 [41/223],,,,,,,,,,,一级
JOURNAL OF SOCIOLINGUISTICS,2025,1360-6441/1467-9841,否,否,否,SSCI,2.6,,文学,2 [98/1193],是, LINGUISTICS 语言学,3 [64/294],,,,,,,,,,,一级
Celestinesca,2025,0147-3085/2695-7183,否,否,是,ESCI,0.1,,文学,2 [99/1193],否," LITERATURE, ROMANCE 罗曼语系文学",1 [1/116], MEDIEVAL & RENAISSANCE STUDIES 中世纪与文艺复兴研究,1 [4/82],,,,,,,,,一级
LINGUISTIC REVIEW,2025,0167-6318/1613-3676,否,否,否,SSCI;AHCI,0.9,,文学,2 [100/1193],否, LANGUAGE & LINGUISTICS 语言与语言学,2 [49/391], LINGUISTICS 语言学,3 [65/294],,,,,,,,,一级
PUBLIC UNDERSTANDING OF SCIENCE,2025,0963-6625/1361-6609,否,否,否,SSCI;AHCI,3.3,,文学,2 [101/1193],是, HISTORY & PHILOSOPHY OF SCIENCE 科学史与科学哲学,2 [10/105], COMMUNICATION 传播学,3 [42/223],,,,,,,,,一级
NATURAL LANGUAGE & LINGUISTIC THEORY,2025,0167-806X/1573-0859,否,否,否,SSCI;AHCI,1.1,,文学,2 [102/1193],是, LANGUAGE & LINGUISTICS 语言与语言学,2 [50/391], LINGUISTICS 语言学,3 [66/294],,,,,,,,,一级
Language Awareness,2025,0965-8416/1747-7565,否,否,否,SSCI;AHCI,2.2,,文学,2 [103/1193],是, LANGUAGE & LINGUISTICS 语言与语言学,2 [51/391], LINGUISTICS 语言学,3 [67/294],,,,,,,,,一级
Media and Communication,2025,2183-2439/2183-2439,否,否,是,SSCI,2.6,,文学,2 [104/1193],是, COMMUNICATION 传播学,3 [43/223],,,,,,,,,,,一级
THEORETICAL LINGUISTICS,2025,0301-4428/1613-4060,否,否,否,SSCI;AHCI,0.3,,文学,2 [105/1193],否, LANGUAGE & LINGUISTICS 语言与语言学,2 [52/391], LINGUISTICS 语言学,3 [68/294],,,,,,,,,一级
INFORMATION SOCIETY,2025,0197-2243/1087-6537,否,否,否,SSCI,3,,文学,2 [106/1193],否, COMMUNICATION 传播学,3 [44/223], INFORMATION SCIENCE & LIBRARY SCIENCE 图书情报与档案管理,3 [33/160],,,,,,,,,一级
Bilingualism-Language and Cognition,2025,1366-7289/1469-1841,否,是,是,SSCI,2.6,,文学,2 [107/1193],否," PSYCHOLOGY, EXPERIMENTAL 心理学：实验",2 [25/99], LINGUISTICS 语言学,3 [69/294],,,,,,,,,一级
Perspectives-Studies in Translation Theory and Practice,2025,0907-676X/1747-6623,否,否,否,SSCI;AHCI,0.9,,文学,2 [108/1193],否, LANGUAGE & LINGUISTICS 语言与语言学,2 [53/391], LINGUISTICS 语言学,3 [70/294],,,,,,,,,一级
Media War and Conflict,2025,1750-6352/1750-6360,否,否,否,ESCI,1.8,,文学,2 [109/1193],否, COMMUNICATION 传播学,3 [45/223],,,,,,,,,,,一级
Revista Latina de Comunicacion Social,2025,1138-5820/1138-5820,否,否,是,ESCI,2.5,,文学,2 [110/1193],否, COMMUNICATION 传播学,3 [46/223],,,,,,,,,,,一级
ITL-International Journal of Applied Linguistics,2025,0019-0829/1783-1490,否,否,否,ESCI,1.5,,文学,2 [111/1193],否, LANGUAGE & LINGUISTICS 语言与语言学,2 [54/391], LINGUISTICS 语言学,3 [71/294],,,,,,,,,一级
JOURNAL OF FAMILY COMMUNICATION,2025,1526-7431/1532-7698,否,否,否,ESCI,1.8,,文学,2 [112/1193],否, COMMUNICATION 传播学,3 [47/223],,,,,,,,,,,一级
LINGUISTICS,2025,0024-3949/1613-396X,否,否,是,SSCI;AHCI,1.1,,文学,2 [113/1193],否, LANGUAGE & LINGUISTICS 语言与语言学,2 [57/391], LINGUISTICS 语言学,3 [74/294],,,,,,,,,一级
Language Learning and Development,2025,1547-5441/1547-3341,否,否,否,SSCI;AHCI,1.4,,文学,2 [114/1193],否, LANGUAGE & LINGUISTICS 语言与语言学,2 [58/391]," PSYCHOLOGY, EXPERIMENTAL 心理学：实验",2 [27/99], LINGUISTICS 语言学,3 [75/294]," PSYCHOLOGY, DEVELOPMENTAL 心理学：发育",3 [27/91],,,,,一级
Popular Communication,2025,1540-5702/1540-5710,否,否,否,ESCI,1.8,,文学,2 [115/1193],否, COMMUNICATION 传播学,3 [48/223],,,,,,,,,,,一级
PHONETICA,2025,0031-8388/1423-0321,否,否,否,SSCI;AHCISCIE,1.1,,文学,2 [116/1193],否, ACOUSTICS 声学,2 [6/40], AUDIOLOGY & SPEECH-LANGUAGE PATHOLOGY 听力学与言语病理学,2 [4/35], LANGUAGE & LINGUISTICS 语言与语言学,2 [59/391], LINGUISTICS 语言学,3 [76/294],,,,,一级
Natural Language Semantics,2025,0925-854X/1572-865X,否,否,否,SSCI;AHCI,0.8,,文学,2 [117/1193],否, LANGUAGE & LINGUISTICS 语言与语言学,2 [60/391], LINGUISTICS 语言学,3 [78/294],,,,,,,,,一级
Laboratory Phonology,2025,1868-6346/1868-6354,否,否,是,SSCI;AHCI,1.3,,文学,2 [118/1193],否, LANGUAGE & LINGUISTICS 语言与语言学,2 [61/391], LINGUISTICS 语言学,3 [79/294],,,,,,,,,一级
Language Policy,2025,1568-4555/1573-1863,否,否,否,SSCI;AHCI,2.2,,文学,2 [119/1193],否, LANGUAGE & LINGUISTICS 语言与语言学,2 [62/391], EDUCATION & EDUCATIONAL RESEARCH 教育学和教育研究,3 [165/754], LINGUISTICS 语言学,3 [80/294],,,,,,,一级
Journal of Comparative Germanic Linguistics,2025,1383-4924/1572-8552,否,否,否,SSCI;AHCI,0.2,,文学,2 [120/1193],否, LANGUAGE & LINGUISTICS 语言与语言学,3 [63/391], LINGUISTICS 语言学,3 [82/294],,,,,,,,,一级
Applied Linguistics Review,2025,1868-6303/1868-6311,否,否,否,SSCI;AHCI,3.4,,文学,2 [121/1193],否, LANGUAGE & LINGUISTICS 语言与语言学,3 [64/391], LINGUISTICS 语言学,3 [83/294],,,,,,,,,一级
Journal of Greek Linguistics,2025,1566-5844/1569-9846,否,否,是,ESCI,0.4,,文学,2 [122/1193],否, LANGUAGE & LINGUISTICS 语言与语言学,3 [65/391],,,,,,,,,,,一级
Journal of Information Technology & Politics,2025,1933-1681/1933-169X,否,否,否,SSCI,2.4,,文学,2 [123/1193],否, COMMUNICATION 传播学,3 [51/223], POLITICAL SCIENCE 政治学,3 [98/317],,,,,,,,,一级
Language Acquisition,2025,1048-9223/1532-7817,否,否,否,SSCI;AHCI,1.3,,文学,2 [124/1193],否, LANGUAGE & LINGUISTICS 语言与语言学,3 [66/391], LINGUISTICS 语言学,3 [84/294],,,,,,,,,一级
Catalan Journal of Linguistics,2025,1695-6885/2014-9719,否,否,是,ESCI,0.5,,文学,2 [125/1193],否, LANGUAGE & LINGUISTICS 语言与语言学,3 [67/391],,,,,,,,,,,一级
Arthuriana,2025,1078-6279/1934-1539,否,否,否,AHCI,<0.1,,文学,2 [126/1193],否," LITERATURE, BRITISH ISLES 英国文学",1 [1/21], MEDIEVAL & RENAISSANCE STUDIES 中世纪与文艺复兴研究,2 [6/82],,,,,,,,,一级
COMMUNICATION REVIEW,2025,1071-4421/1547-7487,否,否,否,ESCI,1.9,,文学,2 [127/1193],否, COMMUNICATION 传播学,3 [52/223],,,,,,,,,,,一级
Quaerendo-A Journal Devoted to Manuscripts and Printed Books,2025,0014-9527/1570-0690,否,否,否,ESCI,<0.1,,文学,2 [128/1193],否, LITERATURE 其他形式的文学,1 [2/199],,,,,,,,,,,一级
Asian Englishes,2025,1348-8678/2331-2548,否,否,否,ESCI,1.8,,文学,2 [129/1193],否, LINGUISTICS 语言学,3 [88/294],,,,,,,,,,,一级
ELT Journal,2025,0951-0893/1477-4526,否,否,否,SSCI;AHCI,2.6,,文学,2 [130/1193],否, LANGUAGE & LINGUISTICS 语言与语言学,3 [68/391], LINGUISTICS 语言学,3 [89/294], EDUCATION & EDUCATIONAL RESEARCH 教育学和教育研究,4 [179/754],,,,,,,一级
Snippets,2025,1590-1807/1590-1807,否,否,否,ESCI,0.3,,文学,2 [131/1193],否, LANGUAGE & LINGUISTICS 语言与语言学,3 [69/391],,,,,,,,,,,一级
Journalism Practice,2025,1751-2786/1751-2794,否,否,否,SSCI,2,,文学,2 [132/1193],否, COMMUNICATION 传播学,3 [53/223],,,,,,,,,,,一级
ENGLISH LITERARY RENAISSANCE,2025,0013-8312/1475-6757,否,否,否,AHCI,0.4,,文学,2 [133/1193],否," LITERATURE, BRITISH ISLES 英国文学",1 [2/21], MEDIEVAL & RENAISSANCE STUDIES 中世纪与文艺复兴研究,2 [7/82],,,,,,,,,一级
Lexikos,2025,1684-4904/2224-0039,否,否,是,SSCI;AHCI,1,,文学,2 [134/1193],否, LANGUAGE & LINGUISTICS 语言与语言学,3 [70/391], LINGUISTICS 语言学,3 [90/294],,,,,,,,,一级
CHAUCER REVIEW,2025,0009-2002/1528-4204,否,否,否,AHCI,0.5,,文学,2 [135/1193],否," LITERATURE, BRITISH ISLES 英国文学",2 [3/21], MEDIEVAL & RENAISSANCE STUDIES 中世纪与文艺复兴研究,2 [8/82],,,,,,,,,一级
Television & New Media,2025,1527-4764/1552-8316,否,否,否,SSCI;AHCI,1.9,,文学,2 [136/1193],否," FILM, RADIO, TELEVISION 电影、广播、电视",1 [2/66], COMMUNICATION 传播学,3 [56/223],,,,,,,,,一级
INTERNATIONAL JOURNAL OF LEXICOGRAPHY,2025,0950-3846/1477-4577,否,否,否,SSCI;AHCI,1.3,,文学,2 [137/1193],否, LANGUAGE & LINGUISTICS 语言与语言学,3 [72/391], LINGUISTICS 语言学,3 [92/294],,,,,,,,,一级
Chinese Journal of Communication,2025,1754-4750/1754-4769,否,否,否,SSCI,1.9,,文学,2 [138/1193],否, COMMUNICATION 传播学,3 [57/223],,,,,,,,,,,一级
Social Semiotics,2025,1035-0330/1470-1219,否,否,否,SSCI;AHCI,1.2,,文学,2 [139/1193],否," HUMANITIES, MULTIDISCIPLINARY 人文科学",1 [12/406], COMMUNICATION 传播学,3 [58/223], LINGUISTICS 语言学,3 [93/294],,,,,,,一级
Convergence-The International Journal of Research into New Media Technologies,2025,1354-8565/1748-7382,否,否,否,SSCI,2.9,,文学,2 [140/1193],否, COMMUNICATION 传播学,4 [59/223],,,,,,,,,,,一级
JOURNAL OF CHILD LANGUAGE,2025,0305-0009/1469-7602,否,是,是,SSCI,1.7,,文学,2 [141/1193],否, LINGUISTICS 语言学,3 [94/294]," PSYCHOLOGY, DEVELOPMENTAL 心理学：发育",3 [34/91]," PSYCHOLOGY, EXPERIMENTAL 心理学：实验",3 [38/99],,,,,,,一级
Translation and Translanguaging in Multilingual Contexts,2025,2352-1805/2352-1813,否,否,否,ESCI,1,,文学,2 [142/1193],否, LANGUAGE & LINGUISTICS 语言与语言学,3 [73/391], LINGUISTICS 语言学,3 [95/294], EDUCATION & EDUCATIONAL RESEARCH 教育学和教育研究,4 [197/754],,,,,,,一级
Translation and Literature,2025,0968-1361/1750-0214,否,否,否,AHCI,0.1,,文学,2 [143/1193],否, LITERATURE 其他形式的文学,1 [3/199],,,,,,,,,,,一级
Argumentation,2025,0920-427X/1572-8374,否,否,否,SSCI;AHCI,1.3,,文学,2 [144/1193],否, PHILOSOPHY 哲学,2 [31/328], LANGUAGE & LINGUISTICS 语言与语言学,3 [74/391], LINGUISTICS 语言学,3 [96/294], COMMUNICATION 传播学,4 [61/223],,,,,一级
Zeitschrift fur Sprachwissenschaft,2025,0721-9067/1613-3706,否,否,是,SSCI;AHCI,0.9,,文学,2 [145/1193],否, LANGUAGE & LINGUISTICS 语言与语言学,3 [75/391], LINGUISTICS 语言学,3 [98/294],,,,,,,,,一级
International Multilingual Research Journal,2025,1931-3152/1931-3160,否,否,否,SSCI;AHCI,2.1,,文学,2 [146/1193],否, LANGUAGE & LINGUISTICS 语言与语言学,3 [76/391], LINGUISTICS 语言学,3 [100/294], EDUCATION & EDUCATIONAL RESEARCH 教育学和教育研究,4 [206/754],,,,,,,一级
TULSA STUDIES IN WOMENS LITERATURE,2025,0732-7730,否,否,否,AHCI,0.3,,文学,2 [147/1193],否, LITERATURE 其他形式的文学,1 [4/199],,,,,,,,,,,一级
Journal of Language and Politics,2025,1569-2159/1569-9862,否,否,否,SSCI;AHCI,1.6,,文学,2 [148/1193],否, LANGUAGE & LINGUISTICS 语言与语言学,3 [77/391], LINGUISTICS 语言学,3 [101/294],,,,,,,,,一级
Journal of Radio & Audio Media,2025,1937-6529/1937-6537,否,否,否,ESCI,1.2,,文学,2 [149/1193],否, COMMUNICATION 传播学,4 [63/223],,,,,,,,,,,一级
Technical Communication Quarterly,2025,1057-2252/1542-7625,否,否,否,ESCI,1.8,,文学,2 [150/1193],否, COMMUNICATION 传播学,4 [64/223],,,,,,,,,,,一级
JOURNAL OF ENGLISH AND GERMANIC PHILOLOGY,2025,0363-6941,否,否,否,AHCI,0.3,,文学,2 [151/1193],否," LITERATURE, GERMAN, DUTCH, SCANDINAVIAN 日耳曼语系文学",1 [1/28]," LITERATURE, BRITISH ISLES 英国文学",2 [4/21], MEDIEVAL & RENAISSANCE STUDIES 中世纪与文艺复兴研究,2 [9/82], LANGUAGE & LINGUISTICS 语言与语言学,3 [78/391],,,,,一级
LANGUAGE SCIENCES,2025,0388-0001/1873-5746,否,否,否,SSCI;AHCI,1.1,,文学,2 [152/1193],否, LANGUAGE & LINGUISTICS 语言与语言学,3 [79/391], LINGUISTICS 语言学,3 [103/294],,,,,,,,,一级
Journal of Communication Management,2025,1363-254X/1478-0852,否,否,否,ESCI,2.1,,文学,2 [153/1193],否, COMMUNICATION 传播学,4 [66/223],,,,,,,,,,,一级
Games and Culture,2025,1555-4120/1555-4139,否,否,否,SSCI;AHCI,1.6,,文学,2 [154/1193],否, CULTURAL STUDIES 文化研究,2 [11/59], COMMUNICATION 传播学,4 [67/223],,,,,,,,,一级
LANGUAGE LEARNING & TECHNOLOGY,2025,1094-3501,否,否,是,SSCI,4.1,,文学,2 [155/1193],否, LINGUISTICS 语言学,3 [104/294], EDUCATION & EDUCATIONAL RESEARCH 教育学和教育研究,4 [224/754],,,,,,,,,一级
Neizvestnyi Dostoevskii-The Unknown Dostoevsky,2025,2409-5788/2409-5788,否,否,是,ESCI,0.5,,文学,2 [156/1193],否," LITERATURE, SLAVIC 斯拉夫语系文学",1 [1/12],,,,,,,,,,,一级
Contrastive Pragmatics,2025,2666-0385/2666-0393,否,否,是,ESCI,1,,文学,2 [157/1193],否, LANGUAGE & LINGUISTICS 语言与语言学,3 [80/391], LINGUISTICS 语言学,3 [105/294],,,,,,,,,一级
English Today,2025,0266-0784/1474-0567,否,否,否,SSCI;AHCI,1.2,,文学,2 [158/1193],否, LANGUAGE & LINGUISTICS 语言与语言学,3 [81/391], LINGUISTICS 语言学,3 [106/294],,,,,,,,,二级
Environmental Humanities,2025,2201-1919/2201-1919,否,否,是,ESCI,1.8,,文学,2 [159/1193],否," HUMANITIES, MULTIDISCIPLINARY 人文科学",1 [16/406],,,,,,,,,,,二级
Rhetoric Society Quarterly,2025,0277-3945/1930-322X,否,否,否,SSCI;AHCI,0.6,,文学,2 [160/1193],否, LITERATURE 其他形式的文学,1 [5/199], PHILOSOPHY 哲学,2 [41/328], COMMUNICATION 传播学,4 [68/223],,,,,,,二级
Journal of Language and Sexuality,2025,2211-3770/2211-3789,否,否,否,ESCI,2.1,,文学,2 [161/1193],否, LANGUAGE & LINGUISTICS 语言与语言学,3 [82/391], LINGUISTICS 语言学,3 [108/294], COMMUNICATION 传播学,4 [69/223],,,,,,,二级
LANGUAGE & COMMUNICATION,2025,0271-5309/1873-3395,否,否,否,SSCI,1.4,,文学,2 [162/1193],否, LINGUISTICS 语言学,3 [109/294], COMMUNICATION 传播学,4 [70/223],,,,,,,,,二级
International Journal of Sport Communication,2025,1936-3915/1936-3907,否,否,否,ESCI,2.1,,文学,2 [163/1193],否, COMMUNICATION 传播学,4 [71/223],,,,,,,,,,,二级
Corpus Linguistics and Linguistic Theory,2025,1613-7027/1613-7035,否,否,否,SSCI;AHCI,1.7,,文学,2 [164/1193],否, LANGUAGE & LINGUISTICS 语言与语言学,3 [83/391], LINGUISTICS 语言学,3 [110/294],,,,,,,,,二级
English Language & Linguistics,2025,1360-6743/1469-4379,否,否,否,SSCI;AHCI,1,,文学,2 [165/1193],否, LANGUAGE & LINGUISTICS 语言与语言学,3 [84/391], LINGUISTICS 语言学,4 [111/294],,,,,,,,,二级
POETICS TODAY,2025,0333-5372,否,否,否,AHCI,0.6,,文学,2 [166/1193],否, LITERATURE 其他形式的文学,1 [6/199],,,,,,,,,,,二级
Communication and Critical-Cultural Studies,2025,1479-1420/1479-4233,否,否,否,SSCI;AHCI,1.4,,文学,2 [167/1193],否, CULTURAL STUDIES 文化研究,3 [16/59], COMMUNICATION 传播学,4 [72/223],,,,,,,,,二级
Global Media and Communication,2025,1742-7665/1742-7673,否,否,否,ESCI,0.9,,文学,2 [168/1193],否, COMMUNICATION 传播学,4 [73/223],,,,,,,,,,,二级
JOURNAL OF LINGUISTICS,2025,0022-2267/1469-7742,否,否,否,SSCI;AHCI,1.2,,文学,2 [169/1193],否, LANGUAGE & LINGUISTICS 语言与语言学,3 [85/391], LINGUISTICS 语言学,4 [112/294],,,,,,,,,二级
Journalism and Media,2025,2673-5172/2673-5172,否,否,是,ESCI,1.5,,文学,2 [170/1193],否, COMMUNICATION 传播学,4 [74/223],,,,,,,,,,,二级
Translation & Interpreting-The International Journal of Translation and Interpreting,2025,1836-9324/1836-9324,否,否,是,ESCI,1.4,,文学,2 [171/1193],否, LINGUISTICS 语言学,4 [113/294],,,,,,,,,,,二级
COMPARATIVE LITERATURE,2025,0010-4124/1945-8517,否,否,否,AHCI,0.4,,文学,2 [172/1193],否, LITERATURE 其他形式的文学,1 [7/199],,,,,,,,,,,二级
Internet Histories,2025,2470-1475/2470-1483,否,否,否,ESCI,1.2,,文学,2 [173/1193],否, COMMUNICATION 传播学,4 [75/223],,,,,,,,,,,二级
STUF-Language Typology and Universals,2025,1867-8319/2196-7148,否,否,否,ESCI,0.5,,文学,2 [174/1193],否, LANGUAGE & LINGUISTICS 语言与语言学,3 [87/391],,,,,,,,,,,二级
English World-Wide,2025,0172-8865/1569-9730,否,否,否,SSCI;AHCI,1.2,,文学,2 [175/1193],否, LANGUAGE & LINGUISTICS 语言与语言学,3 [88/391], LINGUISTICS 语言学,4 [114/294],,,,,,,,,二级
International Journal of Bilingualism,2025,1367-0069/1756-6878,否,否,否,SSCI;AHCI,1.5,,文学,2 [176/1193],否, LANGUAGE & LINGUISTICS 语言与语言学,3 [89/391], LINGUISTICS 语言学,4 [115/294],,,,,,,,,二级
Open Linguistics,2025,2300-9969/2300-9969,否,否,是,ESCI,0.5,,文学,2 [177/1193],否, LINGUISTICS 语言学,4 [116/294],,,,,,,,,,,二级
VICTORIAN LITERATURE AND CULTURE,2025,1060-1503/1470-1553,否,否,否,AHCI,0.1,,文学,2 [178/1193],否, LITERATURE 其他形式的文学,1 [8/199],,,,,,,,,,,二级
RUSSIAN LINGUISTICS,2025,0304-3487/1572-8714,否,否,否,AHCI,0.8,,文学,2 [179/1193],否, LANGUAGE & LINGUISTICS 语言与语言学,3 [90/391],,,,,,,,,,,二级
JOURNAL OF LANGUAGE AND SOCIAL PSYCHOLOGY,2025,0261-927X/1552-6526,否,否,否,SSCI,2.3,,文学,2 [180/1193],否, COMMUNICATION 传播学,4 [78/223], LINGUISTICS 语言学,4 [118/294]," PSYCHOLOGY, SOCIAL 心理学：社会",4 [41/76],,,,,,,二级
LANGUAGE AND SPEECH,2025,0023-8309/1756-6053,否,否,否,SSCI;SCIE,1.1,,文学,2 [181/1193],否, AUDIOLOGY & SPEECH-LANGUAGE PATHOLOGY 听力学与言语病理学,3 [12/35]," PSYCHOLOGY, EXPERIMENTAL 心理学：实验",3 [47/99], LINGUISTICS 语言学,4 [119/294],,,,,,,二级
Translator,2025,1355-6509/1757-0409,否,否,否,SSCI;AHCI,0.7,,文学,2 [182/1193],否, LANGUAGE & LINGUISTICS 语言与语言学,3 [92/391], COMMUNICATION 传播学,4 [79/223], LINGUISTICS 语言学,4 [120/294],,,,,,,二级
Rhetoric Review,2025,0735-0198/1532-7981,否,否,否,AHCI,0.3,,文学,2 [183/1193],否, LITERATURE 其他形式的文学,1 [10/199], LANGUAGE & LINGUISTICS 语言与语言学,3 [93/391],,,,,,,,,二级
ESP Today-Journal of English for Specific Purposes at Tertiary Level,2025,2334-9050/2334-9050,否,否,是,ESCI,2.2,,文学,2 [184/1193],否, LINGUISTICS 语言学,4 [121/294],,,,,,,,,,,二级
Leviathan-A Journal of Melville Studies,2025,1525-6995/1750-1849,否,否,否,AHCI,0.3,,文学,2 [185/1193],否," LITERATURE, AMERICAN 美国文学",1 [1/28],,,,,,,,,,,二级
STYLE,2025,0039-4238/2374-6629,否,否,否,AHCI,0.3,,文学,2 [186/1193],否, LITERARY THEORY & CRITICISM 文学理论与文艺批评,1 [1/53], LITERATURE 其他形式的文学,1 [11/199], LANGUAGE & LINGUISTICS 语言与语言学,3 [94/391],,,,,,,二级
EUROPEAN JOURNAL OF COMMUNICATION,2025,0267-3231/1460-3705,否,否,否,SSCI,2.9,,文学,2 [187/1193],否, COMMUNICATION 传播学,4 [81/223],,,,,,,,,,,二级
Languages,2025,2226-471X/2226-471X,否,否,是,ESCI,1.2,,文学,2 [188/1193],否, LANGUAGE & LINGUISTICS 语言与语言学,3 [95/391], LINGUISTICS 语言学,4 [122/294],,,,,,,,,二级
STUDIES IN ROMANTICISM,2025,0039-3762/2330-118X,否,否,否,AHCI,0.3,,文学,2 [189/1193],否, LITERATURE 其他形式的文学,1 [12/199],,,,,,,,,,,二级
LINGUA,2025,0024-3841/1872-6135,否,否,否,SSCI;AHCI,1.3,,文学,2 [190/1193],否, LANGUAGE & LINGUISTICS 语言与语言学,3 [96/391], LINGUISTICS 语言学,4 [123/294],,,,,,,,,二级
Eighteenth-Century Fiction,2025,0840-6286/1911-0243,否,否,否,AHCI,0.2,,文学,2 [191/1193],否, LITERATURE 其他形式的文学,2 [13/199],,,,,,,,,,,二级
SHAKESPEARE QUARTERLY,2025,0037-3222/1538-3555,否,否,否,AHCI,0.6,,文学,2 [192/1193],否, THEATER 戏剧,1 [3/49]," LITERATURE, BRITISH ISLES 英国文学",2 [5/21],,,,,,,,,二级
NEW LITERARY HISTORY,2025,0028-6087/1080-661X,否,否,否,AHCI,0.8,,文学,2 [193/1193],否, LITERATURE 其他形式的文学,2 [14/199],,,,,,,,,,,二级
Linguistics Vanguard,2025,2199-174X/2199-174X,否,否,否,SSCI;AHCI,0.9,,文学,2 [194/1193],否, LANGUAGE & LINGUISTICS 语言与语言学,3 [97/391], LINGUISTICS 语言学,4 [124/294],,,,,,,,,二级
STUDIES IN THE NOVEL,2025,0039-3827/1934-1512,否,否,否,AHCI,0.3,,文学,2 [195/1193],否, LITERATURE 其他形式的文学,2 [15/199],,,,,,,,,,,二级
WORD-JOURNAL OF THE INTERNATIONAL LINGUISTIC ASSOCIATION,2025,0043-7956/2373-5112,否,否,否,ESCI,0.8,,文学,2 [196/1193],否, LINGUISTICS 语言学,4 [125/294],,,,,,,,,,,二级
Communication and the Public,2025,2057-0473/2057-0481,否,否,否,ESCI,1.5,,文学,2 [197/1193],否, COMMUNICATION 传播学,4 [82/223],,,,,,,,,,,二级
IEEE TRANSACTIONS ON PROFESSIONAL COMMUNICATION,2025,0361-1434/1558-1500,否,否,否,SSCI,1.8,,文学,2 [198/1193],否, COMMUNICATION 传播学,4 [83/223],,,,,,,,,,,二级
Feminist Media Studies,2025,1468-0777/1471-5902,否,否,否,SSCI,1.7,,文学,2 [199/1193],否, WOMENS STUDIES 女性研究,3 [23/66], COMMUNICATION 传播学,4 [84/223],,,,,,,,,二级
DEUTSCHE VIERTELJAHRSSCHRIFT FUR LITERATURWISSENSCHAFT UND GEISTESGESCHICHTE,2025,0012-0936/2365-9521,否,否,否,AHCI,0.1,,文学,2 [200/1193],否, LITERARY THEORY & CRITICISM 文学理论与文艺批评,1 [2/53],,,,,,,,,,,二级
STUDIES IN PHILOLOGY,2025,0039-3738/1543-0383,否,否,否,AHCI,0.3,,文学,2 [201/1193],否, LITERATURE 其他形式的文学,2 [16/199], LANGUAGE & LINGUISTICS 语言与语言学,3 [98/391],,,,,,,,,二级
World Englishes,2025,0883-2919/1467-971X,否,否,否,SSCI;AHCI,1.3,,文学,2 [202/1193],否, LANGUAGE & LINGUISTICS 语言与语言学,3 [99/391], LINGUISTICS 语言学,4 [126/294],,,,,,,,,二级
Womens Studies in Communication,2025,0749-1409/2152-999X,否,否,否,ESCI,2,,文学,2 [203/1193],否, COMMUNICATION 传播学,4 [85/223],,,,,,,,,,,二级
Voprosy Leksikografii-Russian Journal of Lexicography,2025,2227-4200/2311-3758,否,否,否,ESCI,0.5,,文学,2 [204/1193],否, LANGUAGE & LINGUISTICS 语言与语言学,3 [100/391],,,,,,,,,,,二级
Journal of Language Aggression and Conflict,2025,2213-1272/2213-1280,否,否,否,ESCI,1.1,,文学,2 [205/1193],否, LANGUAGE & LINGUISTICS 语言与语言学,3 [101/391],,,,,,,,,,,二级
Journal of English as a Lingua Franca,2025,2191-9216/2191-933X,否,否,否,ESCI,1.2,,文学,2 [206/1193],否, LANGUAGE & LINGUISTICS 语言与语言学,3 [103/391], LINGUISTICS 语言学,4 [128/294],,,,,,,,,二级
Visual Communication,2025,1470-3572/1741-3214,否,否,否,SSCI,1.4,,文学,2 [207/1193],否, COMMUNICATION 传播学,4 [86/223],,,,,,,,,,,二级
Language and Literature,2025,0963-9470/1461-7293,否,否,否,SSCI;AHCI,0.8,,文学,2 [208/1193],否, LANGUAGE & LINGUISTICS 语言与语言学,3 [104/391], LINGUISTICS 语言学,4 [129/294],,,,,,,,,二级
International Journal of Strategic Communication,2025,1553-118X/1553-1198,否,否,否,ESCI,1.9,,文学,2 [209/1193],否, COMMUNICATION 传播学,4 [87/223],,,,,,,,,,,二级
International Journal of the Sociology of Language,2025,0165-2516/1613-3668,否,否,否,ESCI,1.2,,文学,2 [210/1193],否, LANGUAGE & LINGUISTICS 语言与语言学,3 [105/391], LINGUISTICS 语言学,4 [130/294], SOCIOLOGY 社会学,4 [103/216],,,,,,,二级
Communication & Society-Spain,2025,2386-7876/2386-7876,否,否,是,ESCI,1.7,,文学,2 [211/1193],否, COMMUNICATION 传播学,4 [88/223],,,,,,,,,,,二级
CRITICAL STUDIES IN MEDIA COMMUNICATION,2025,1529-5036/1479-5809,否,否,否,SSCI,1.5,,文学,2 [212/1193],否, COMMUNICATION 传播学,4 [89/223],,,,,,,,,,,二级
Cogent Arts & Humanities,2025,2331-1983/2331-1983,否,否,是,ESCI,0.8,,文学,2 [213/1193],否," HUMANITIES, MULTIDISCIPLINARY 人文科学",2 [27/406],,,,,,,,,,,二级
Journal of Literary Theory,2025,1862-5290/1862-8990,否,否,否,ESCI,0.4,,文学,2 [214/1193],否, LITERARY THEORY & CRITICISM 文学理论与文艺批评,1 [3/53],,,,,,,,,,,二级
Linguistic Landscape-An International Journal,2025,2214-9953/2214-9961,否,否,否,ESCI,1,,文学,2 [215/1193],否, LINGUISTICS 语言学,4 [131/294],,,,,,,,,,,二级
Communication Culture & Critique,2025,1753-9129/1753-9137,否,否,否,SSCI,1.8,,文学,2 [216/1193],否, COMMUNICATION 传播学,4 [90/223],,,,,,,,,,,二级
AMERICAN LITERARY HISTORY,2025,0896-7148/1468-4365,否,否,否,AHCI,0.3,,文学,2 [217/1193],否," LITERATURE, AMERICAN 美国文学",1 [2/28],,,,,,,,,,,二级
Frontiers in Communication,2025,2297-900X/2297-900X,否,否,是,ESCI,1.6,,文学,2 [218/1193],否, COMMUNICATION 传播学,4 [91/223],,,,,,,,,,,二级
COMMUNICATION QUARTERLY,2025,0146-3373/1746-4102,否,否,否,ESCI,1,,文学,2 [219/1193],否, COMMUNICATION 传播学,4 [92/223],,,,,,,,,,,二级
Nordicom Review,2025,1403-1108/2001-5119,否,否,是,ESCI,1.7,,文学,2 [220/1193],否, COMMUNICATION 传播学,4 [93/223],,,,,,,,,,,二级
JOURNAL OF PSYCHOLINGUISTIC RESEARCH,2025,0090-6905/1573-6555,否,否,否,SSCI,1.6,,文学,2 [221/1193],否, LINGUISTICS 语言学,4 [132/294]," PSYCHOLOGY, EXPERIMENTAL 心理学：实验",4 [57/99],,,,,,,,,二级
MFS-Modern Fiction Studies,2025,0026-7724/1080-658X,否,否,否,AHCI,0.1,,文学,2 [222/1193],否, LITERATURE 其他形式的文学,2 [18/199],,,,,,,,,,,二级
Comparative Literature-East & West,2025,2572-3618/2572-3618,否,否,是,ESCI,0.3,,文学,2 [223/1193],否, LITERATURE 其他形式的文学,2 [19/199],,,,,,,,,,,二级
Linguistics of the Tibeto-Burman Area,2025,0731-3500/2214-5907,否,否,否,ESCI,0.4,,文学,2 [224/1193],否, LANGUAGE & LINGUISTICS 语言与语言学,3 [106/391],,,,,,,,,,,二级
IRAL-INTERNATIONAL REVIEW OF APPLIED LINGUISTICS IN LANGUAGE TEACHING,2025,0019-042X/1613-4141,否,否,否,SSCI,2.2,,文学,2 [225/1193],否, EDUCATION & EDUCATIONAL RESEARCH 教育学和教育研究,4 [293/754], LINGUISTICS 语言学,4 [133/294],,,,,,,,,二级
Journal of Research in Applied Linguistics,2025,2345-3303/2588-3887,否,否,否,ESCI,0.9,,文学,2 [226/1193],否, LINGUISTICS 语言学,4 [134/294],,,,,,,,,,,二级
Studia Metrica et Poetica,2025,2346-6901/2346-691X,否,否,是,ESCI,0.2,,文学,2 [227/1193],否, LANGUAGE & LINGUISTICS 语言与语言学,3 [107/391],,,,,,,,,,,二级
FOREIGN LANGUAGE ANNALS,2025,0015-718X/1944-9720,否,否,否,SSCI,1.5,,文学,2 [228/1193],否, EDUCATION & EDUCATIONAL RESEARCH 教育学和教育研究,4 [296/754], LINGUISTICS 语言学,4 [135/294],,,,,,,,,二级
JOURNAL OF BROADCASTING & ELECTRONIC MEDIA,2025,0883-8151/1550-6878,否,否,否,SSCI,2.2,,文学,2 [229/1193],否, COMMUNICATION 传播学,4 [94/223],,,,,,,,,,,二级
Language Dynamics and Change,2025,2210-5824/2210-5832,否,否,否,ESCI,1.2,,文学,2 [230/1193],否, LANGUAGE & LINGUISTICS 语言与语言学,3 [109/391],,,,,,,,,,,二级
JOURNAL OF EAST ASIAN LINGUISTICS,2025,0925-8558/1572-8560,否,否,否,SSCI;AHCI,0.5,,文学,2 [231/1193],否, LANGUAGE & LINGUISTICS 语言与语言学,3 [110/391], LINGUISTICS 语言学,4 [136/294],,,,,,,,,二级
AILA Review,2025,1461-0213/1570-5595,否,否,否,ESCI,1.2,,文学,2 [232/1193],否, LINGUISTICS 语言学,4 [137/294],,,,,,,,,,,二级
Journal of Germanic Linguistics,2025,1470-5427/1475-3014,否,否,否,SSCI;AHCI,0.7,,文学,2 [233/1193],否, LANGUAGE & LINGUISTICS 语言与语言学,3 [111/391], LINGUISTICS 语言学,4 [139/294],,,,,,,,,二级
Translation and Interpreting Studies,2025,1932-2798/1876-2700,否,否,否,SSCI;AHCI,0.6,,文学,2 [234/1193],否, LANGUAGE & LINGUISTICS 语言与语言学,3 [112/391], LINGUISTICS 语言学,4 [140/294],,,,,,,,,二级
Romanticism,2025,1354-991X/1750-0192,否,否,否,AHCI,<0.1,,文学,2 [235/1193],否, LITERATURE 其他形式的文学,2 [20/199],,,,,,,,,,,二级
PMLA-PUBLICATIONS OF THE MODERN LANGUAGE ASSOCIATION OF AMERICA,2025,0030-8129/1938-1530,否,否,否,AHCI,0.6,,文学,2 [236/1193],否, LITERATURE 其他形式的文学,2 [21/199],,,,,,,,,,,二级
COMMUNICATION MONOGRAPHS,2025,0363-7751/1479-5787,否,否,否,SSCI,1.5,,文学,2 [237/1193],否, COMMUNICATION 传播学,4 [96/223],,,,,,,,,,,二级
Diachronica,2025,0176-4225/1569-9714,否,否,否,SSCI;AHCI,0.8,,文学,2 [238/1193],否, LANGUAGE & LINGUISTICS 语言与语言学,3 [114/391], LINGUISTICS 语言学,4 [142/294],,,,,,,,,二级
Literature Compass,2025,1741-4113/1741-4113,否,否,否,AHCI,0.2,,文学,2 [239/1193],否, LITERATURE 其他形式的文学,2 [22/199],,,,,,,,,,,二级
Victorian Periodicals Review,2025,0709-4698/1712-526X,否,否,否,AHCI,0.2,,文学,2 [240/1193],否," HUMANITIES, MULTIDISCIPLINARY 人文科学",2 [33/406],,,,,,,,,,,二级
Journal of Jewish Languages,2025,2213-4387/2213-4638,否,否,否,ESCI,0.4,,文学,2 [241/1193],否, LANGUAGE & LINGUISTICS 语言与语言学,3 [115/391],,,,,,,,,,,二级
NEW GERMAN CRITIQUE,2025,0094-033X/1558-1462,否,否,否,AHCI,0.2,,文学,2 [242/1193],否, LITERARY THEORY & CRITICISM 文学理论与文艺批评,1 [4/53],,,,,,,,,,,二级
RESEARCH IN AFRICAN LITERATURES,2025,0034-5210/1527-2044,否,否,否,AHCI,0.3,,文学,2 [243/1193],否," LITERATURE, AFRICAN, AUSTRALIAN, CANADIAN 英联邦文学",1 [1/7],,,,,,,,,,,二级
Problemy Istoricheskoi Poetiki,2025,1026-9479/2411-4642,否,否,是,ESCI,0.1,,文学,2 [244/1193],否, LITERARY THEORY & CRITICISM 文学理论与文艺批评,2 [5/53],,,,,,,,,,,二级
Howard Journal of Communications,2025,1064-6175/1096-4649,否,否,否,ESCI,0.8,,文学,2 [245/1193],否, COMMUNICATION 传播学,4 [98/223],,,,,,,,,,,二级
Journal of the International Phonetic Association,2025,0025-1003/1475-3502,否,否,否,SSCI;AHCI,0.8,,文学,2 [246/1193],否, LANGUAGE & LINGUISTICS 语言与语言学,3 [116/391], LINGUISTICS 语言学,4 [144/294],,,,,,,,,二级
International Journal of Communication,2025,1932-8036/1932-8036,否,否,是,SSCI,1.5,,文学,2 [247/1193],否, COMMUNICATION 传播学,4 [99/223],,,,,,,,,,,二级
CHILDRENS LITERATURE IN EDUCATION,2025,0045-6713/1573-1693,否,否,否,AHCI,0.6,,文学,3 [248/1193],否, LITERATURE 其他形式的文学,2 [23/199],,,,,,,,,,,二级
DICKENS QUARTERLY,2025,0742-5473,否,否,否,AHCI,0.7,,文学,3 [249/1193],否," LITERATURE, BRITISH ISLES 英国文学",3 [6/21],,,,,,,,,,,二级
MODERN PHILOLOGY,2025,0026-8232/1545-6951,否,否,否,AHCI,0.2,,文学,3 [250/1193],否, LITERATURE 其他形式的文学,2 [24/199], LANGUAGE & LINGUISTICS 语言与语言学,3 [117/391],,,,,,,,,二级
Pragmatics,2025,1018-2101/2406-4238,否,否,否,SSCI;AHCI,0.7,,文学,3 [251/1193],否, LANGUAGE & LINGUISTICS 语言与语言学,3 [118/391], LINGUISTICS 语言学,4 [145/294],,,,,,,,,二级
REVIEW OF ENGLISH STUDIES,2025,0034-6551/1471-6968,否,否,否,AHCI,0.3,,文学,3 [252/1193],否, LITERATURE 其他形式的文学,2 [25/199],,,,,,,,,,,二级
Tydskrif vir letterkunde,2025,0041-476X,否,否,是,AHCI,0.2,,文学,3 [253/1193],否, LITERATURE 其他形式的文学,2 [26/199],,,,,,,,,,,二级
Journal of Holy Land and Palestine Studies,2025,2054-1988/2054-1996,否,否,否,AHCI,0.4,,文学,3 [254/1193],否," HUMANITIES, MULTIDISCIPLINARY 人文科学",2 [38/406],,,,,,,,,,,二级
Journal of Historical Linguistics,2025,2210-2116/2210-2124,否,否,否,ESCI,0.7,,文学,3 [255/1193],否, LANGUAGE & LINGUISTICS 语言与语言学,3 [119/391],,,,,,,,,,,二级
FOLIA LINGUISTICA,2025,0165-4004/1614-7308,否,否,否,SSCI;AHCI,0.5,,文学,3 [256/1193],否, LANGUAGE & LINGUISTICS 语言与语言学,3 [120/391], LINGUISTICS 语言学,4 [146/294],,,,,,,,,二级
ENGLISH STUDIES,2025,0013-838X/1744-4217,否,否,否,AHCI,0.4,,文学,3 [257/1193],否, LITERATURE 其他形式的文学,2 [27/199],,,,,,,,,,,二级
Journal of Multicultural Discourses,2025,1744-7143/1747-6615,否,否,否,ESCI,1.6,,文学,3 [258/1193],否, CULTURAL STUDIES 文化研究,3 [26/59], LANGUAGE & LINGUISTICS 语言与语言学,3 [121/391], COMMUNICATION 传播学,4 [101/223], ETHNIC STUDIES 民族研究,4 [25/39], LINGUISTICS 语言学,4 [147/294],,,二级
Glossa-A Journal of General Linguistics,2025,2397-1835/2397-1835,否,否,是,SSCI;AHCI,0.8,,文学,3 [259/1193],否, LANGUAGE & LINGUISTICS 语言与语言学,3 [122/391], LINGUISTICS 语言学,4 [148/294],,,,,,,,,二级
Lingue e Linguaggio,2025,1720-9331/1720-9331,否,否,否,ESCI,0.4,,文学,3 [260/1193],否, LANGUAGE & LINGUISTICS 语言与语言学,3 [123/391],,,,,,,,,,,二级
TECHNICAL COMMUNICATION,2025,0049-3155,否,否,否,SSCI,2.3,,文学,3 [261/1193],否, COMMUNICATION 传播学,4 [102/223],,,,,,,,,,,二级
Caliope-Journal of the Society for Renaissance and Baroque Hispanic Poetry,2025,1084-1490/2377-9551,否,否,否,ESCI,0.2,,文学,3 [262/1193],否," LITERATURE, ROMANCE 罗曼语系文学",1 [2/116], POETRY 诗歌,1 [1/15],,,,,,,,,二级
Reading in a Foreign Language,2025,1539-0578/1539-0578,否,否,否,ESCI,0.7,,文学,3 [263/1193],否, LINGUISTICS 语言学,4 [149/294],,,,,,,,,,,二级
PROOFTEXTS-A JOURNAL OF JEWISH LITERARY HISTORY,2025,0272-9601/1086-3311,否,否,否,AHCI,0.4,,文学,3 [264/1193],否, LITERATURE 其他形式的文学,2 [28/199],,,,,,,,,,,二级
Media International Australia,2025,1329-878X/2200-467X,否,否,否,SSCI,2.4,,文学,3 [265/1193],否, COMMUNICATION 传播学,4 [103/223],,,,,,,,,,,二级
Babel-Revue Internationale de la Traduction-International Journal of Translation,2025,0521-9744/1569-9668,否,否,否,SSCI;AHCI,0.3,,文学,3 [266/1193],否, LANGUAGE & LINGUISTICS 语言与语言学,3 [124/391], LINGUISTICS 语言学,4 [150/294],,,,,,,,,二级
JCOM-Journal of Science Communication,2025,1824-2049/1824-2049,否,否,是,ESCI,1.5,,文学,3 [267/1193],否, COMMUNICATION 传播学,4 [104/223],,,,,,,,,,,二级
ELH,2025,0013-8304/1080-6547,否,否,否,AHCI,0.3,,文学,3 [268/1193],否, LITERATURE 其他形式的文学,2 [29/199],,,,,,,,,,,二级
MILTON QUARTERLY,2025,0026-4326/1094-348X,否,否,否,AHCI,0.4,,文学,3 [269/1193],否, POETRY 诗歌,1 [2/15],,,,,,,,,,,二级
LIBRARY,2025,0024-2160/1744-8581,否,否,否,AHCI,0.4,,文学,3 [270/1193],否," HUMANITIES, MULTIDISCIPLINARY 人文科学",2 [43/406],,,,,,,,,,,二级
Utopian Studies,2025,1045-991X/2154-9648,否,否,否,AHCI,0.4,,文学,3 [271/1193],否," HUMANITIES, MULTIDISCIPLINARY 人文科学",2 [46/406],,,,,,,,,,,二级
Australian Review of Applied Linguistics,2025,0155-0640/1833-7139,否,否,否,ESCI,0.9,,文学,3 [272/1193],否, LINGUISTICS 语言学,4 [151/294],,,,,,,,,,,二级
Voprosy Yazykoznaniya,2025,0373-658X/0373-658X,否,否,否,ESCI,0.2,,文学,3 [273/1193],否, LANGUAGE & LINGUISTICS 语言与语言学,3 [125/391],,,,,,,,,,,二级
Shakespeare,2025,1745-0918/1745-0926,否,否,否,AHCI,0.2,,文学,3 [274/1193],否, THEATER 戏剧,1 [4/49]," LITERATURE, BRITISH ISLES 英国文学",3 [7/21],,,,,,,,,二级
SEDERI-Yearbook of the Spanish and Portuguese Society for English Renaissance Studies,2025,1135-7789/1135-7789,否,否,否,AHCI,0.1,,文学,3 [275/1193],否," LITERATURE, BRITISH ISLES 英国文学",3 [8/21], MEDIEVAL & RENAISSANCE STUDIES 中世纪与文艺复兴研究,3 [22/82],,,,,,,,,二级
Critical Survey,2025,0011-1570/1752-2293,否,否,否,AHCI,0.3,,文学,3 [276/1193],否, LITERARY THEORY & CRITICISM 文学理论与文艺批评,2 [6/53],,,,,,,,,,,二级
Asia Pacific Translation and Intercultural Studies,2025,2330-6343/2330-6351,否,否,否,ESCI,0.8,,文学,3 [277/1193],否, LANGUAGE & LINGUISTICS 语言与语言学,3 [126/391], LINGUISTICS 语言学,4 [152/294],,,,,,,,,二级
International Journal of Learner Corpus Research,2025,2215-1478/2215-1486,否,否,否,ESCI,2.2,,文学,3 [278/1193],否, LANGUAGE & LINGUISTICS 语言与语言学,3 [127/391], LINGUISTICS 语言学,4 [153/294],,,,,,,,,二级
CANADIAN JOURNAL OF LINGUISTICS-REVUE CANADIENNE DE LINGUISTIQUE,2025,0008-4131/1710-1115,否,否,否,AHCI,0.6,,文学,3 [279/1193],否, LANGUAGE & LINGUISTICS 语言与语言学,3 [128/391],,,,,,,,,,,二级
Metaphor and the Social World,2025,2210-4070/2210-4097,否,否,否,ESCI,0.7,,文学,3 [280/1193],否, LINGUISTICS 语言学,4 [154/294],,,,,,,,,,,二级
ENGLISH STUDIES IN AFRICA,2025,0013-8398/1943-8117,否,否,否,AHCI,0.5,,文学,3 [281/1193],否, LITERATURE 其他形式的文学,2 [30/199],,,,,,,,,,,二级
Cognitive Semantics,2025,2352-6408/2352-6416,否,否,否,ESCI,1,,文学,3 [282/1193],否, LANGUAGE & LINGUISTICS 语言与语言学,3 [129/391], LINGUISTICS 语言学,4 [155/294],,,,,,,,,二级
Irish Studies Review,2025,0967-0882/1469-9303,否,否,否,AHCI,0.7,,文学,3 [283/1193],否," HUMANITIES, MULTIDISCIPLINARY 人文科学",2 [48/406],,,,,,,,,,,二级
JOURNAL OF APPLIED COMMUNICATION RESEARCH,2025,0090-9882/1479-5752,否,否,否,SSCI,1.7,,文学,3 [284/1193],否, COMMUNICATION 传播学,4 [105/223],,,,,,,,,,,二级
Women-A Cultural Review,2025,0957-4042/1470-1367,否,否,是,ESCI,0.6,,文学,3 [285/1193],否," HUMANITIES, MULTIDISCIPLINARY 人文科学",2 [50/406],,,,,,,,,,,二级
Revista de Comunicacion-Peru,2025,1684-0933/2227-1465,否,否,是,ESCI,1.4,,文学,3 [286/1193],否, COMMUNICATION 传播学,4 [106/223],,,,,,,,,,,二级
ARIEL-A REVIEW OF INTERNATIONAL ENGLISH LITERATURE,2025,0004-1327/1920-1222,否,否,否,AHCI,0.2,,文学,3 [287/1193],否, LITERATURE 其他形式的文学,2 [31/199],,,,,,,,,,,二级
Language Testing in Asia,2025,2229-0443/2229-0443,否,否,是,ESCI,2.5,,文学,3 [288/1193],否, LANGUAGE & LINGUISTICS 语言与语言学,3 [131/391], EDUCATION & EDUCATIONAL RESEARCH 教育学和教育研究,4 [338/754], LINGUISTICS 语言学,4 [157/294],,,,,,,二级
Cormac McCarthy Journal,2025,2333-3073/2333-3065,否,否,否,ESCI,0.3,,文学,3 [289/1193],否," LITERATURE, AMERICAN 美国文学",2 [3/28],,,,,,,,,,,二级
International Journal of Applied Linguistics,2025,0802-6106/1473-4192,否,否,否,SSCI;AHCI,1.7,,文学,3 [290/1193],否, LANGUAGE & LINGUISTICS 语言与语言学,3 [132/391], EDUCATION & EDUCATIONAL RESEARCH 教育学和教育研究,4 [339/754], LINGUISTICS 语言学,4 [158/294],,,,,,,二级
Journal of World Literature,2025,2405-6472/2405-6480,否,否,否,ESCI,0.4,,文学,3 [291/1193],否, LITERATURE 其他形式的文学,2 [32/199],,,,,,,,,,,二级
Classical Receptions Journal,2025,1759-5134/1759-5142,否,否,否,AHCI,0.2,,文学,3 [292/1193],否," HUMANITIES, MULTIDISCIPLINARY 人文科学",2 [52/406], CLASSICS 古典文学,3 [15/59],,,,,,,,,二级
Adaptation-The Journal of Literature on Screen Studies,2025,1755-0637/1755-0645,否,否,否,AHCI,0.4,,文学,3 [293/1193],否," FILM, RADIO, TELEVISION 电影、广播、电视",2 [10/66], LITERATURE 其他形式的文学,2 [33/199],,,,,,,,,二级
English Teaching and Learning,2025,1023-7267/2522-8560,否,否,否,ESCI,1.1,,文学,3 [294/1193],否, EDUCATION & EDUCATIONAL RESEARCH 教育学和教育研究,4 [343/754], LINGUISTICS 语言学,4 [159/294],,,,,,,,,二级
Phonology,2025,0952-6757/1469-8188,否,否,否,SSCI;AHCI,0.4,,文学,3 [295/1193],否, LANGUAGE & LINGUISTICS 语言与语言学,3 [133/391], LINGUISTICS 语言学,4 [160/294],,,,,,,,,二级
Tradumatica-Traduccio i Tecnologies de la Informacio i la Comunicacio,2025,1578-7559/1578-7559,否,否,是,ESCI,0.6,,文学,3 [296/1193],否, LINGUISTICS 语言学,4 [161/294],,,,,,,,,,,二级
NOVEL-A FORUM ON FICTION,2025,0029-5132/1945-8509,否,否,否,AHCI,0.4,,文学,3 [297/1193],否, LITERATURE 其他形式的文学,2 [34/199],,,,,,,,,,,二级
Lege Artis-Language Yesterday Today Tomorrow,2025,2453-8035/2453-8035,否,否,是,ESCI,0.6,,文学,3 [298/1193],否, LANGUAGE & LINGUISTICS 语言与语言学,3 [134/391],,,,,,,,,,,二级
International Communication Gazette,2025,1748-0485/1748-0493,否,否,否,SSCI,1.4,,文学,3 [299/1193],否, COMMUNICATION 传播学,4 [107/223],,,,,,,,,,,二级
TEXTUAL PRACTICE,2025,0950-236X/1470-1308,否,否,否,AHCI,0.4,,文学,3 [300/1193],否, LITERATURE 其他形式的文学,2 [35/199],,,,,,,,,,,二级
Small Axe,2025,0799-0537/1534-6714,否,否,否,AHCI,0.5,,文学,3 [301/1193],否," HUMANITIES, MULTIDISCIPLINARY 人文科学",2 [53/406],,,,,,,,,,,二级
Gripla,2025,1018-5011,否,否,否,AHCI,0.1,,文学,3 [302/1193],否," LITERATURE, GERMAN, DUTCH, SCANDINAVIAN 日耳曼语系文学",1 [2/28], MEDIEVAL & RENAISSANCE STUDIES 中世纪与文艺复兴研究,3 [25/82],,,,,,,,,二级
GEMA Online Journal of Language Studies,2025,1675-8021/1675-8021,否,否,是,ESCI,0.5,,文学,3 [303/1193],否, LANGUAGE & LINGUISTICS 语言与语言学,3 [135/391],,,,,,,,,,,二级
ENGLISH,2025,0013-8215/1756-1124,否,否,否,AHCI,0.4,,文学,3 [304/1193],否, LITERATURE 其他形式的文学,3 [36/199],,,,,,,,,,,二级
Journal of Northwest Semitic Languages,2025,0259-0131/0259-0131,否,否,否,ESCI,0.1,,文学,3 [305/1193],否, LANGUAGE & LINGUISTICS 语言与语言学,3 [136/391],,,,,,,,,,,二级
Translation Spaces,2025,2211-3711/2211-372X,否,否,否,ESCI,1.5,,文学,3 [306/1193],否, LANGUAGE & LINGUISTICS 语言与语言学,3 [137/391],,,,,,,,,,,二级
Anuario Lope de Vega-Texto Literatura Cultura,2025,2014-8860/2014-8860,否,否,是,ESCI,0.5,,文学,3 [307/1193],否," LITERATURE, ROMANCE 罗曼语系文学",1 [4/116],,,,,,,,,,,二级
Comics Grid-Journal of Comics Scholarship,2025,2048-0792/2048-0792,否,否,是,ESCI,0.4,,文学,3 [308/1193],否," HUMANITIES, MULTIDISCIPLINARY 人文科学",2 [58/406],,,,,,,,,,,二级
JAVNOST-THE PUBLIC,2025,1318-3222/1854-8377,否,否,否,SSCI,1.5,,文学,3 [309/1193],否, COMMUNICATION 传播学,4 [109/223],,,,,,,,,,,二级
Terminology,2025,0929-9971/1569-9994,否,否,否,SSCI;AHCI,1.1,,文学,3 [310/1193],否, LANGUAGE & LINGUISTICS 语言与语言学,3 [138/391], LINGUISTICS 语言学,4 [162/294],,,,,,,,,二级
EARLY AMERICAN LITERATURE,2025,0012-8163/1534-147X,否,否,否,AHCI,0.4,,文学,3 [311/1193],否," LITERATURE, AMERICAN 美国文学",2 [4/28],,,,,,,,,,,二级
Studi Pasoliniani-Rivista Internazionale,2025,1972-473X/1973-3232,否,否,否,ESCI,<0.1,,文学,3 [312/1193],否," LITERATURE, ROMANCE 罗曼语系文学",1 [5/116]," FILM, RADIO, TELEVISION 电影、广播、电视",2 [11/66],,,,,,,,,二级
Language-Culture and Society,2025,2543-3164/2543-3156,否,否,否,ESCI,0.8,,文学,3 [313/1193],否, LANGUAGE & LINGUISTICS 语言与语言学,3 [139/391], COMMUNICATION 传播学,4 [110/223], LINGUISTICS 语言学,4 [163/294],,,,,,,二级
Language and Dialogue,2025,2210-4119/2210-4127,否,否,否,ESCI,0.7,,文学,3 [314/1193],否, LANGUAGE & LINGUISTICS 语言与语言学,3 [140/391],,,,,,,,,,,二级
Psychology of Popular Media,2025,2689-6567/2689-6575,否,否,否,SSCI,1.6,,文学,3 [315/1193],否, COMMUNICATION 传播学,4 [111/223]," PSYCHOLOGY, MULTIDISCIPLINARY 心理学：综合",4 [106/219],,,,,,,,,二级
STUDIES IN LANGUAGE,2025,0378-4177/1569-9978,否,否,否,SSCI;AHCI,0.4,,文学,3 [316/1193],否, LANGUAGE & LINGUISTICS 语言与语言学,3 [141/391], LINGUISTICS 语言学,4 [164/294],,,,,,,,,二级
Scottish Literary Review,2025,1756-5634/2050-6678,否,否,否,AHCI,0.3,,文学,3 [317/1193],否," LITERATURE, BRITISH ISLES 英国文学",3 [9/21],,,,,,,,,,,二级
Communication Reports,2025,0893-4215/1745-1043,否,否,否,ESCI,1.6,,文学,3 [318/1193],否, COMMUNICATION 传播学,4 [112/223],,,,,,,,,,,二级
Discours-Revue de Linguistique Psycholinguistique et Informatique,2025,1963-1723/1963-1723,否,否,是,ESCI,0.7,,文学,3 [319/1193],否, LINGUISTICS 语言学,4 [165/294],,,,,,,,,,,二级
Asian Journal of Communication,2025,0129-2986/1742-0911,否,否,否,SSCI,1.5,,文学,3 [320/1193],否, COMMUNICATION 传播学,4 [114/223],,,,,,,,,,,二级
MonTI,2025,1889-4178/1989-9335,否,否,否,ESCI,0.3,,文学,3 [321/1193],否, LINGUISTICS 语言学,4 [166/294],,,,,,,,,,,二级
Internet Pragmatics,2025,2542-3851/2542-386X,否,否,否,ESCI,0.7,,文学,3 [322/1193],否, LANGUAGE & LINGUISTICS 语言与语言学,3 [142/391], COMMUNICATION 传播学,4 [115/223], LINGUISTICS 语言学,4 [167/294],,,,,,,二级
NARRATIVE,2025,1063-3685/1538-974X,否,否,否,AHCI,0.6,,文学,3 [323/1193],否, LITERATURE 其他形式的文学,3 [37/199],,,,,,,,,,,二级
COMPARATIVE LITERATURE STUDIES,2025,0010-4132/1528-4212,否,否,否,AHCI,0.2,,文学,3 [324/1193],否, LITERATURE 其他形式的文学,3 [38/199],,,,,,,,,,,二级
Science Editing,2025,2288-7474/2288-8063,否,否,是,ESCI,1.3,,文学,3 [325/1193],否, COMMUNICATION 传播学,4 [116/223],,,,,,,,,,,二级
Pacific Journalism Review,2025,1023-9499/2324-2035,否,否,是,ESCI,0.6,,文学,3 [326/1193],否, COMMUNICATION 传播学,4 [117/223],,,,,,,,,,,二级
Journal of French Language Studies,2025,0959-2695/1474-0079,否,否,否,SSCI;AHCI,0.8,,文学,3 [327/1193],否, LANGUAGE & LINGUISTICS 语言与语言学,3 [144/391], LINGUISTICS 语言学,4 [169/294],,,,,,,,,二级
Communication Studies,2025,1051-0974/1745-1035,否,否,否,ESCI,1.3,,文学,3 [328/1193],否, COMMUNICATION 传播学,4 [118/223],,,,,,,,,,,二级
TWENTIETH CENTURY LITERATURE,2025,0041-462X/2325-8101,否,否,否,AHCI,0.2,,文学,3 [329/1193],否, LITERATURE 其他形式的文学,3 [39/199],,,,,,,,,,,二级
Text & Talk,2025,1860-7330/1860-7349,否,否,否,SSCI;AHCI,0.9,,文学,3 [330/1193],否, LANGUAGE & LINGUISTICS 语言与语言学,3 [145/391], COMMUNICATION 传播学,4 [119/223], LINGUISTICS 语言学,4 [170/294],,,,,,,二级
Functions of Language,2025,0929-998X/1569-9765,否,否,否,SSCI;AHCI,0.6,,文学,3 [331/1193],否, LANGUAGE & LINGUISTICS 语言与语言学,3 [146/391], LINGUISTICS 语言学,4 [171/294],,,,,,,,,二级
ORBIS LITTERARUM,2025,0105-7510/1600-0730,否,否,否,AHCI,0.2,,文学,3 [332/1193],否, LITERATURE 其他形式的文学,3 [40/199],,,,,,,,,,,二级
Emily Dickinson Journal,2025,1059-6879/1096-858X,否,否,否,AHCI,<0.1,,文学,3 [333/1193],否," LITERATURE, AMERICAN 美国文学",2 [5/28], POETRY 诗歌,2 [3/15],,,,,,,,,二级
EXPLICATOR,2025,0014-4940/1939-926X,否,否,否,AHCI,0.1,,文学,3 [334/1193],否, LITERATURE 其他形式的文学,3 [41/199],,,,,,,,,,,二级
NINETEENTH-CENTURY LITERATURE,2025,0891-9356,否,否,否,AHCI,0.1,,文学,3 [335/1193],否, LITERATURE 其他形式的文学,3 [42/199],,,,,,,,,,,二级
REVUE DE LINGUISTIQUE ROMANE,2025,0035-1458,否,否,否,AHCI,0.1,,文学,3 [336/1193],否, LANGUAGE & LINGUISTICS 语言与语言学,4 [148/391],,,,,,,,,,,二级
Italian Journal of Linguistics,2025,1120-2726/1120-2726,否,否,否,ESCI,0.4,,文学,3 [337/1193],否, LINGUISTICS 语言学,4 [172/294],,,,,,,,,,,二级
Partial Answers-Journal of Literature and the History of Ideas,2025,1565-3668/1936-9247,否,否,否,AHCI,0.2,,文学,3 [338/1193],否, LITERARY THEORY & CRITICISM 文学理论与文艺批评,2 [7/53],,,,,,,,,,,二级
TRANSACTIONS OF THE PHILOLOGICAL SOCIETY,2025,0079-1636/1467-968X,否,否,否,AHCI,0.6,,文学,3 [339/1193],否, LANGUAGE & LINGUISTICS 语言与语言学,4 [149/391],,,,,,,,,,,二级
Estudios Romanicos,2025,0210-4911/1989-614X,否,否,是,ESCI,0.1,,文学,3 [340/1193],否," LITERATURE, ROMANCE 罗曼语系文学",1 [6/116],,,,,,,,,,,二级
Written Language and Literacy,2025,1387-6732/1570-6001,否,否,否,ESCI,0.4,,文学,3 [341/1193],否, LANGUAGE & LINGUISTICS 语言与语言学,4 [150/391],,,,,,,,,,,二级
Journal of Argumentation in Context,2025,2211-4742/2211-4750,否,否,否,ESCI,0.2,,文学,3 [342/1193],否, COMMUNICATION 传播学,4 [120/223],,,,,,,,,,,二级
South African Journal of African Languages,2025,0257-2117/2305-1159,否,否,否,ESCI,0.2,,文学,3 [343/1193],否, LANGUAGE & LINGUISTICS 语言与语言学,4 [151/391],,,,,,,,,,,二级
Italian Studies,2025,0075-1634/1748-6181,否,否,否,AHCI,0.2,,文学,3 [344/1193],否," LITERATURE, ROMANCE 罗曼语系文学",1 [7/116]," HUMANITIES, MULTIDISCIPLINARY 人文科学",3 [67/406],,,,,,,,,二级
WORDSWORTH CIRCLE,2025,0043-8006/2640-7310,否,否,否,AHCI,0.1,,文学,3 [345/1193],否, POETRY 诗歌,2 [4/15],,,,,,,,,,,二级
Taiwan Journal of Linguistics,2025,1729-4649/1994-2559,否,否,是,ESCI,0.4,,文学,3 [346/1193],否, LANGUAGE & LINGUISTICS 语言与语言学,4 [152/391],,,,,,,,,,,二级
PHILOLOGICAL QUARTERLY,2025,0031-7977,否,否,否,AHCI,,,文学,3 [347/1193],否, LITERATURE 其他形式的文学,3 [43/199], LANGUAGE & LINGUISTICS 语言与语言学,4 [153/391],,,,,,,,,二级
Linguistic Variation,2025,2211-6834/2211-6842,否,否,否,ESCI,1.4,,文学,3 [348/1193],否, LANGUAGE & LINGUISTICS 语言与语言学,4 [154/391],,,,,,,,,,,二级
Pragmatics and Society,2025,1878-9714/1878-9722,否,否,否,SSCI;AHCI,0.7,,文学,3 [349/1193],否, LANGUAGE & LINGUISTICS 语言与语言学,4 [155/391], LINGUISTICS 语言学,4 [173/294],,,,,,,,,二级
Cuadernos de Filologia Italiana,2025,1133-9527/1988-2394,否,否,是,ESCI,<0.1,,文学,3 [350/1193],否," LITERATURE, ROMANCE 罗曼语系文学",1 [8/116],,,,,,,,,,,二级
Stellenbosch Papers in Linguistics Plus-SPiL Plus,2025,1726-541X/2224-3380,否,否,是,ESCI,0.2,,文学,3 [351/1193],否, LINGUISTICS 语言学,4 [174/294],,,,,,,,,,,二级
Language Assessment Quarterly,2025,1543-4303/1543-4311,否,否,否,SSCI;AHCI,2.8,,文学,3 [352/1193],否, LANGUAGE & LINGUISTICS 语言与语言学,4 [156/391], LINGUISTICS 语言学,4 [175/294]," PSYCHOLOGY, EDUCATIONAL 心理学：教育",4 [49/74],,,,,,,二级
AMERICAN LITERATURE,2025,0002-9831/1527-2117,否,否,否,AHCI,0.8,,文学,3 [353/1193],否," LITERATURE, AMERICAN 美国文学",2 [6/28],,,,,,,,,,,二级
Poznan Studies in Contemporary Linguistics,2025,0137-2459/1897-7499,否,否,否,SSCI;AHCI,0.6,,文学,3 [354/1193],否, LANGUAGE & LINGUISTICS 语言与语言学,4 [157/391], LINGUISTICS 语言学,4 [176/294],,,,,,,,,二级
African Journalism Studies,2025,2374-3670/2374-3689,否,否,否,SSCI,1.8,,文学,3 [355/1193],否, COMMUNICATION 传播学,4 [122/223],,,,,,,,,,,二级
VIAL-Vigo International Journal of Applied Linguistics,2025,1697-0381,否,否,否,SSCI;AHCI,1.2,,文学,3 [356/1193],否, LANGUAGE & LINGUISTICS 语言与语言学,4 [158/391], LINGUISTICS 语言学,4 [177/294],,,,,,,,,二级
Journal of Creative Communications,2025,0973-2586/0973-2594,否,否,否,ESCI,0.7,,文学,3 [357/1193],否, COMMUNICATION 传播学,4 [123/223],,,,,,,,,,,二级
Journal of Language Contact,2025,1877-4091/1955-2629,否,否,是,ESCI,0.7,,文学,3 [358/1193],否, LANGUAGE & LINGUISTICS 语言与语言学,4 [159/391],,,,,,,,,,,二级
WALT WHITMAN QUARTERLY REVIEW,2025,0737-0679/2153-3695,否,否,否,AHCI,0.3,,文学,3 [359/1193],否, POETRY 诗歌,3 [5/15],,,,,,,,,,,二级
Eastern African Literary and Cultural Studies,2025,2327-7408/2327-7416,否,否,否,ESCI,0.4,,文学,3 [360/1193],否," LITERATURE, AFRICAN, AUSTRALIAN, CANADIAN 英联邦文学",2 [2/7]," HUMANITIES, MULTIDISCIPLINARY 人文科学",3 [73/406],,,,,,,,,二级
Literator-Journal of Literary Criticism Comparative Linguistics and Literary Studies,2025,0258-2279/2219-8237,否,否,是,ESCI,0.4,,文学,3 [361/1193],否, LITERARY THEORY & CRITICISM 文学理论与文艺批评,2 [8/53],,,,,,,,,,,二级
Studia Litterarum,2025,2500-4247/2541-8564,否,否,是,ESCI,0.2,,文学,3 [362/1193],否, LITERATURE 其他形式的文学,3 [44/199],,,,,,,,,,,二级
MODERNISM-MODERNITY,2025,1071-6068/1080-6601,否,否,否,AHCI,0.3,,文学,3 [363/1193],否," HUMANITIES, MULTIDISCIPLINARY 人文科学",3 [74/406],,,,,,,,,,,二级
PROBUS,2025,0921-4771/1613-4079,否,否,否,SSCI;AHCI,0.4,,文学,3 [364/1193],否, LANGUAGE & LINGUISTICS 语言与语言学,4 [160/391], LINGUISTICS 语言学,4 [178/294],,,,,,,,,二级
PAPERS OF THE BIBLIOGRAPHICAL SOCIETY OF AMERICA,2025,0006-128X/2377-6528,否,否,否,AHCI,0.7,,文学,3 [365/1193],否," HUMANITIES, MULTIDISCIPLINARY 人文科学",3 [75/406],,,,,,,,,,,二级
NEOPHILOLOGUS,2025,0028-2677/1572-8668,否,否,否,AHCI,0.3,,文学,3 [366/1193],否, LITERATURE 其他形式的文学,3 [45/199], LANGUAGE & LINGUISTICS 语言与语言学,4 [162/391],,,,,,,,,二级
CRITIQUE-STUDIES IN CONTEMPORARY FICTION,2025,0011-1619/1939-9138,否,否,否,AHCI,0.3,,文学,3 [367/1193],否, LITERATURE 其他形式的文学,3 [46/199],,,,,,,,,,,二级
European Journal of Applied Linguistics,2025,2192-9521/2192-953X,否,否,否,ESCI,0.9,,文学,3 [368/1193],否, LINGUISTICS 语言学,4 [180/294],,,,,,,,,,,二级
NARRATIVE INQUIRY,2025,1387-6740/1569-9935,否,否,否,SSCI;AHCI,0.9,,文学,3 [369/1193],否, COMMUNICATION 传播学,4 [125/223], LANGUAGE & LINGUISTICS 语言与语言学,4 [163/391], LINGUISTICS 语言学,4 [181/294],,,,,,,二级
Anales de Literatura Espanola,2025,0212-5889/2695-4257,否,否,是,ESCI,0.3,,文学,3 [370/1193],否," LITERATURE, ROMANCE 罗曼语系文学",1 [9/116],,,,,,,,,,,二级
Iberica,2025,1139-7241/2340-2784,否,否,是,SSCI;AHCI,1.2,,文学,3 [371/1193],否, LANGUAGE & LINGUISTICS 语言与语言学,4 [164/391], LINGUISTICS 语言学,4 [182/294],,,,,,,,,二级
Publications of the English Goethe Society,2025,0959-3683/1749-6284,否,否,否,AHCI,<0.1,,文学,3 [372/1193],否," LITERATURE, GERMAN, DUTCH, SCANDINAVIAN 日耳曼语系文学",2 [3/28],,,,,,,,,,,二级
VICTORIAN POETRY,2025,0042-5206/1530-7190,否,否,否,AHCI,0.3,,文学,3 [373/1193],否, POETRY 诗歌,3 [6/15],,,,,,,,,,,二级
Dix-Neuf,2025,1478-7318/1478-7318,否,否,否,AHCI,0.3,,文学,3 [374/1193],否," HUMANITIES, MULTIDISCIPLINARY 人文科学",3 [82/406],,,,,,,,,,,二级
Studia Aurea-Revista de Literatura Espanola y Teoria Literaria del Renacimiento y Siglo de Oro,2025,1988-1088/1988-1088,否,否,是,ESCI,0.1,,文学,3 [375/1193],否," LITERATURE, ROMANCE 罗曼语系文学",1 [10/116],,,,,,,,,,,二级
Nineteenth-Century Contexts-An Interdisciplinary Journal,2025,0890-5495/1477-2663,否,否,否,AHCI,0.2,,文学,3 [376/1193],否," HUMANITIES, MULTIDISCIPLINARY 人文科学",3 [84/406],,,,,,,,,,,二级
Complutense Journal of English Studies,2025,2386-3935/2386-6624,否,否,是,ESCI,0.3,,文学,3 [377/1193],否, LANGUAGE & LINGUISTICS 语言与语言学,4 [165/391],,,,,,,,,,,二级
ESSAYS IN CRITICISM,2025,0014-0856/1471-6852,否,否,否,AHCI,0.1,,文学,3 [378/1193],否, LITERATURE 其他形式的文学,3 [47/199],,,,,,,,,,,二级
Journal of Asian Pacific Communication,2025,0957-6851/1569-9838,否,否,否,ESCI,0.5,,文学,3 [379/1193],否, COMMUNICATION 传播学,4 [126/223],,,,,,,,,,,二级
Word and Text-A Journal of Literary Studies and Linguistics,2025,2069-9271/2247-9163,否,否,是,ESCI,0.1,,文学,3 [380/1193],否, LITERARY THEORY & CRITICISM 文学理论与文艺批评,2 [9/53],,,,,,,,,,,二级
Journal of Chinese Literature and Culture,2025,2329-0048/2329-0056,否,否,否,AHCI,0.4,,文学,3 [381/1193],否, ASIAN STUDIES 亚洲研究,3 [37/102], LITERATURE 其他形式的文学,3 [48/199],,,,,,,,,二级
Communications-European Journal of Communication Research,2025,0341-2059/1613-4087,否,否,否,SSCI,2.3,,文学,3 [382/1193],否, COMMUNICATION 传播学,4 [127/223],,,,,,,,,,,二级
REVISTA DE FILOLOGIA ESPANOLA,2025,0210-9174/1988-8538,否,否,是,AHCI,0.3,,文学,3 [383/1193],否," LITERATURE, ROMANCE 罗曼语系文学",1 [11/116], LANGUAGE & LINGUISTICS 语言与语言学,4 [166/391],,,,,,,,,二级
STUDIA LINGUISTICA,2025,0039-3193/1467-9582,否,否,否,AHCI,0.6,,文学,3 [384/1193],否, LANGUAGE & LINGUISTICS 语言与语言学,4 [167/391],,,,,,,,,,,二级
Business and Professional Communication Quarterly,2025,2329-4906/2329-4922,否,否,否,ESCI,2.1,,文学,3 [385/1193],否, COMMUNICATION 传播学,4 [128/223],,,,,,,,,,,二级
Rhetoric & Public Affairs,2025,1094-8392/1534-5238,否,否,否,ESCI,0.6,,文学,3 [386/1193],否, COMMUNICATION 传播学,4 [129/223],,,,,,,,,,,二级
Heritage Language Journal,2025,1550-7076/1550-7076,否,否,否,ESCI,0.9,,文学,3 [387/1193],否, LANGUAGE & LINGUISTICS 语言与语言学,4 [168/391], LINGUISTICS 语言学,4 [183/294],,,,,,,,,二级
Cognitive Linguistic Studies,2025,2213-8722/2213-8730,否,否,否,ESCI,0.4,,文学,3 [388/1193],否, COMMUNICATION 传播学,4 [130/223], LANGUAGE & LINGUISTICS 语言与语言学,4 [169/391],,,,,,,,,二级
Milton Studies,2025,0076-8820/2330-796X,否,否,否,AHCI,0.3,,文学,3 [389/1193],否, POETRY 诗歌,3 [7/15],,,,,,,,,,,二级
Global Discourse,2025,2326-9995/2043-7897,否,否,否,ESCI,1.4,,文学,3 [390/1193],否, INTERNATIONAL RELATIONS 国际关系学,4 [103/165], POLITICAL SCIENCE 政治学,4 [206/317], SOCIOLOGY 社会学,4 [141/216],,,,,,,二级
AFRICAN AMERICAN REVIEW,2025,1062-4783/1945-6182,否,否,否,AHCI,0.2,,文学,3 [391/1193],否," LITERATURE, AMERICAN 美国文学",3 [7/28],,,,,,,,,,,二级
STRUMENTI CRITICI,2025,0039-2618/0039-2618,否,否,否,ESCI,<0.1,,文学,3 [392/1193],否, LITERARY THEORY & CRITICISM 文学理论与文艺批评,2 [10/53],,,,,,,,,,,二级
DAPHNIS-ZEITSCHRIFT FUR MITTLERE DEUTSCHE LITERATUR,2025,0300-693X/1879-6583,否,否,否,AHCI,0.1,,文学,3 [393/1193],否," LITERATURE, GERMAN, DUTCH, SCANDINAVIAN 日耳曼语系文学",2 [4/28],,,,,,,,,,,二级
Acta Poetica,2025,0185-3082/2448-735X,否,否,是,ESCI,0.1,,文学,3 [394/1193],否, LITERARY THEORY & CRITICISM 文学理论与文艺批评,2 [11/53], LITERATURE 其他形式的文学,3 [50/199],,,,,,,,,二级
HUNTINGTON LIBRARY QUARTERLY,2025,0018-7895/1544-399X,否,否,否,AHCI,0.1,,文学,3 [395/1193],否," HUMANITIES, MULTIDISCIPLINARY 人文科学",3 [91/406],,,,,,,,,,,二级
CAMBRIDGE QUARTERLY,2025,0008-199X/1471-6836,否,否,否,AHCI,0.1,,文学,3 [396/1193],否, LITERARY THEORY & CRITICISM 文学理论与文艺批评,2 [12/53], LITERATURE 其他形式的文学,3 [51/199],,,,,,,,,二级
Gothic Studies,2025,1362-7937/2050-456X,否,否,否,ESCI,0.4,,文学,3 [397/1193],否," HUMANITIES, MULTIDISCIPLINARY 人文科学",3 [92/406],,,,,,,,,,,二级
Journal of Communication Inquiry,2025,0196-8599/1552-4612,否,否,否,ESCI,1.1,,文学,3 [398/1193],否, COMMUNICATION 传播学,4 [133/223],,,,,,,,,,,二级
Corpora,2025,1749-5032/1755-1676,否,否,否,ESCI,1.3,,文学,3 [399/1193],否, LINGUISTICS 语言学,4 [185/294],,,,,,,,,,,二级
WESTERN JOURNAL OF COMMUNICATION,2025,1057-0314/1745-1027,否,否,否,ESCI,0.6,,文学,3 [400/1193],否, COMMUNICATION 传播学,4 [134/223],,,,,,,,,,,二级
FRENCH STUDIES,2025,0016-1128/1468-2931,否,否,否,AHCI,0.3,,文学,3 [401/1193],否," LITERATURE, ROMANCE 罗曼语系文学",1 [12/116],,,,,,,,,,,二级
Cambridge Journal of Postcolonial Literary Inquiry,2025,2052-2614/2052-2622,否,否,否,AHCI,0.5,,文学,3 [402/1193],否, LITERARY THEORY & CRITICISM 文学理论与文艺批评,2 [13/53], LITERATURE 其他形式的文学,3 [52/199],,,,,,,,,二级
Journal of Latin Linguistics,2025,2194-8739/2194-8747,否,否,否,ESCI,0.5,,文学,3 [403/1193],否, CLASSICS 古典文学,3 [22/59], LANGUAGE & LINGUISTICS 语言与语言学,4 [171/391], LINGUISTICS 语言学,4 [186/294],,,,,,,二级
ANALES CERVANTINOS,2025,0569-9878/1988-8325,否,否,是,AHCI,0.2,,文学,3 [404/1193],否," LITERATURE, ROMANCE 罗曼语系文学",1 [13/116],,,,,,,,,,,二级
NEOHELICON,2025,0324-4652/1588-2810,否,否,否,AHCI,0.2,,文学,3 [405/1193],否, LITERATURE 其他形式的文学,3 [53/199],,,,,,,,,,,二级
Current Trends in Translation Teaching and Learning E,2025,2342-7205/2342-7205,否,否,是,ESCI,0.3,,文学,3 [406/1193],否, LINGUISTICS 语言学,4 [187/294],,,,,,,,,,,二级
European Journal of English Studies,2025,1382-5577/1744-4233,否,否,否,SSCI;AHCI,0.4,,文学,3 [407/1193],否, LITERATURE 其他形式的文学,3 [54/199], CULTURAL STUDIES 文化研究,4 [36/59], LANGUAGE & LINGUISTICS 语言与语言学,4 [172/391], LINGUISTICS 语言学,4 [188/294],,,,,二级
HISTORIOGRAPHIA LINGUISTICA,2025,0302-5160/1569-9781,否,否,否,SSCI;AHCI,0.5,,文学,3 [408/1193],否, LANGUAGE & LINGUISTICS 语言与语言学,4 [173/391], LINGUISTICS 语言学,4 [189/294],,,,,,,,,二级
INDOGERMANISCHE FORSCHUNGEN,2025,0019-7262/1613-0405,否,否,否,SSCI;AHCI,0.3,,文学,3 [409/1193],否, LANGUAGE & LINGUISTICS 语言与语言学,4 [174/391], LINGUISTICS 语言学,4 [190/294],,,,,,,,,二级
Language Matters,2025,1022-8195/1753-5395,否,否,否,SSCI;AHCI,0.8,,文学,3 [410/1193],否, LANGUAGE & LINGUISTICS 语言与语言学,4 [175/391], LINGUISTICS 语言学,4 [191/294],,,,,,,,,二级
Acta Analytica-International Periodical for Philosophy in the Analytical Tradition,2025,0353-5150/1874-6349,否,否,否,AHCI,0.2,,文学,3 [411/1193],否, PHILOSOPHY 哲学,4 [115/328],,,,,,,,,,,二级
3L-Language Linguistics Literature-The Southeast Asian Journal of English Language Studies,2025,0128-5157/2550-2247,否,否,是,ESCI,0.8,,文学,3 [412/1193],否, LANGUAGE & LINGUISTICS 语言与语言学,4 [176/391],,,,,,,,,,,二级
BEITRAGE ZUR GESCHICHTE DER DEUTSCHEN SPRACHE UND LITERATUR,2025,0005-8076/1865-9373,否,否,否,AHCI,0.1,,文学,3 [413/1193],否," LITERATURE, GERMAN, DUTCH, SCANDINAVIAN 日耳曼语系文学",2 [5/28], LANGUAGE & LINGUISTICS 语言与语言学,4 [177/391],,,,,,,,,二级
Boletin de Literatura Oral,2025,2173-0695/2173-0695,否,否,是,ESCI,0.2,,文学,3 [414/1193],否," LITERATURE, ROMANCE 罗曼语系文学",1 [14/116],,,,,,,,,,,二级
IJoLE-International Journal of Language Education,2025,2548-8457/2548-8465,否,否,是,ESCI,0.7,,文学,3 [415/1193],否, EDUCATION & EDUCATIONAL RESEARCH 教育学和教育研究,4 [415/754], LINGUISTICS 语言学,4 [192/294],,,,,,,,,二级
MELUS,2025,0163-755X/1946-3170,否,否,否,AHCI,0.3,,文学,3 [416/1193],否," LITERATURE, AMERICAN 美国文学",3 [8/28],,,,,,,,,,,二级
JOURNAL OF LITERARY SEMANTICS,2025,0341-7638/1613-3838,否,否,否,AHCI,0.7,,文学,3 [417/1193],否, LITERATURE 其他形式的文学,3 [55/199], LANGUAGE & LINGUISTICS 语言与语言学,4 [178/391],,,,,,,,,二级
Pragmatics & Cognition,2025,0929-0907/1569-9943,否,否,否,SSCI;AHCI,0.6,,文学,3 [418/1193],否, LANGUAGE & LINGUISTICS 语言与语言学,4 [179/391], LINGUISTICS 语言学,4 [193/294],,,,,,,,,二级
VICTORIAN STUDIES,2025,0042-5222/1527-2052,否,否,否,AHCI,0.1,,文学,3 [419/1193],否," HUMANITIES, MULTIDISCIPLINARY 人文科学",3 [97/406],,,,,,,,,,,二级
EXTRAPOLATION,2025,0014-5483/2047-7708,否,否,否,AHCI,0.1,,文学,3 [420/1193],否, LITERATURE 其他形式的文学,3 [56/199],,,,,,,,,,,二级
Mandenkan-Bulletin Semestriel d Etudes Linguistiques Mande,2025,0752-5443/0752-5443,否,否,否,ESCI,0.2,,文学,3 [421/1193],否, LINGUISTICS 语言学,4 [194/294],,,,,,,,,,,二级
LITERATURE & HISTORY-THIRD SERIES,2025,0306-1973/2050-4594,否,否,否,AHCI,0.1,,文学,3 [422/1193],否, HISTORY 历史学,3 [155/523], LITERATURE 其他形式的文学,3 [57/199],,,,,,,,,二级
SCANDINAVIAN STUDIES,2025,0036-5637/2163-8195,否,否,否,AHCI,0.5,,文学,3 [423/1193],否," HUMANITIES, MULTIDISCIPLINARY 人文科学",3 [99/406],,,,,,,,,,,二级
RUSSIAN LITERATURE,2025,0304-3479/1878-3678,否,否,否,AHCI,0.2,,文学,3 [424/1193],否," LITERATURE, SLAVIC 斯拉夫语系文学",1 [2/12],,,,,,,,,,,二级
INTERNATIONALES ARCHIV FUR SOZIALGESCHICHTE DER DEUTSCHEN LITERATUR,2025,0340-4528/1865-9128,否,否,否,AHCI,0.2,,文学,3 [425/1193],否," LITERATURE, GERMAN, DUTCH, SCANDINAVIAN 日耳曼语系文学",2 [6/28],,,,,,,,,,,二级
LEXICOGRAPHICA,2025,0175-6206/1865-9403,否,否,否,ESCI,<0.1,,文学,3 [426/1193],否, LANGUAGE & LINGUISTICS 语言与语言学,4 [180/391], LINGUISTICS 语言学,4 [195/294],,,,,,,,,二级
Sibirskii Filologicheskii Zhurnal,2025,1813-7083/1813-7083,否,否,否,ESCI,0.2,,文学,3 [427/1193],否, LANGUAGE & LINGUISTICS 语言与语言学,4 [181/391],,,,,,,,,,,二级
POETICA-ZEITSCHRIFT FUR SPRACH-UND LITERATURWISSENSCHAFT,2025,0303-4178/2589-0530,否,否,否,AHCI,<0.1,,文学,3 [428/1193],否, LITERATURE 其他形式的文学,3 [58/199], LANGUAGE & LINGUISTICS 语言与语言学,4 [182/391],,,,,,,,,二级
JOURNAL OF COMMONWEALTH LITERATURE,2025,0021-9894/1741-6442,否,否,否,AHCI,0.2,,文学,3 [429/1193],否," LITERATURE, AFRICAN, AUSTRALIAN, CANADIAN 英联邦文学",2 [3/7],,,,,,,,,,,二级
Revista Espanola de Linguistica Aplicada,2025,0213-2028/2254-6774,否,否,否,SSCI;AHCI,0.2,,文学,3 [430/1193],否, LANGUAGE & LINGUISTICS 语言与语言学,4 [183/391], LINGUISTICS 语言学,4 [198/294],,,,,,,,,二级
Languages in Contrast,2025,1387-6759/1569-9897,否,否,否,ESCI,0.7,,文学,3 [431/1193],否, LANGUAGE & LINGUISTICS 语言与语言学,4 [184/391],,,,,,,,,,,二级
ANGLIA-ZEITSCHRIFT FUR ENGLISCHE PHILOLOGIE,2025,0340-5222/1865-8938,否,否,否,AHCI,0.1,,文学,3 [432/1193],否, LITERATURE 其他形式的文学,3 [59/199], LANGUAGE & LINGUISTICS 语言与语言学,4 [185/391],,,,,,,,,二级
JOURNAL OF PIDGIN AND CREOLE LANGUAGES,2025,0920-9034/1569-9870,否,否,否,SSCI;AHCI,0.3,,文学,3 [433/1193],否, LANGUAGE & LINGUISTICS 语言与语言学,4 [186/391], LINGUISTICS 语言学,4 [199/294],,,,,,,,,二级
Euphrosyne-Revista de Filologia Classica,2025,0870-0133/2736-3082,否,否,否,AHCI,0.1,,文学,3 [434/1193],否, CLASSICS 古典文学,4 [24/59],,,,,,,,,,,二级
MODERN LANGUAGE QUARTERLY,2025,0026-7929,否,否,否,AHCI,0.6,,文学,3 [435/1193],否, LITERATURE 其他形式的文学,3 [60/199],,,,,,,,,,,二级
Review of Cognitive Linguistics,2025,1877-9751/1877-976X,否,否,否,SSCI;AHCI,0.6,,文学,3 [436/1193],否, LANGUAGE & LINGUISTICS 语言与语言学,4 [187/391], LINGUISTICS 语言学,4 [200/294],,,,,,,,,二级
Acta Neophilologica,2025,0567-784X/2350-417X,否,否,是,ESCI,0.1,,文学,3 [437/1193],否, LITERATURE 其他形式的文学,3 [61/199],,,,,,,,,,,二级
GERMAN LIFE AND LETTERS,2025,0016-8777/1468-0483,否,否,否,AHCI,0.2,,文学,3 [438/1193],否," LITERATURE, GERMAN, DUTCH, SCANDINAVIAN 日耳曼语系文学",3 [7/28],,,,,,,,,,,二级
Southern African Linguistics and Applied Language Studies,2025,1607-3614/1727-9461,否,否,否,SSCI;AHCI,0.5,,文学,3 [439/1193],否, LANGUAGE & LINGUISTICS 语言与语言学,4 [188/391], LINGUISTICS 语言学,4 [201/294],,,,,,,,,二级
Concentric-Literary and Cultural Studies,2025,1729-6897/1729-8792,否,否,否,AHCI,0.1,,文学,3 [440/1193],否, LITERARY THEORY & CRITICISM 文学理论与文艺批评,3 [15/53], LITERATURE 其他形式的文学,3 [62/199],,,,,,,,,二级
ZEITSCHRIFT FUR SLAVISCHE PHILOLOGIE,2025,0044-3492/2509-7482,否,否,否,AHCI,0.2,,文学,3 [441/1193],否," LITERATURE, SLAVIC 斯拉夫语系文学",2 [3/12],,,,,,,,,,,二级
Communication Research and Practice,2025,2204-1451/2206-3374,否,否,否,ESCI,0.9,,文学,3 [442/1193],否, COMMUNICATION 传播学,4 [135/223],,,,,,,,,,,二级
OCEANIC LINGUISTICS,2025,0029-8115/1527-9421,否,否,否,AHCI,0.5,,文学,3 [443/1193],否, LANGUAGE & LINGUISTICS 语言与语言学,4 [189/391],,,,,,,,,,,二级
Italian Culture,2025,0161-4622/1559-0909,否,否,否,ESCI,0.3,,文学,3 [444/1193],否," HUMANITIES, MULTIDISCIPLINARY 人文科学",3 [106/406],,,,,,,,,,,二级
Names-A Journal of Onomastics,2025,0027-7738/1756-2279,否,否,是,SSCI;AHCI,0.6,,文学,3 [445/1193],否, LANGUAGE & LINGUISTICS 语言与语言学,4 [190/391], LINGUISTICS 语言学,4 [203/294],,,,,,,,,二级
Quaderns-Revista de Traduccio,2025,1138-5790/2014-9735,否,否,否,ESCI,0.1,,文学,3 [446/1193],否, LANGUAGE & LINGUISTICS 语言与语言学,4 [191/391],,,,,,,,,,,二级
Journal of Immersion and Content-Based Language Education,2025,2212-8433/2212-8441,否,否,否,ESCI,1,,文学,3 [447/1193],否, LINGUISTICS 语言学,4 [204/294],,,,,,,,,,,二级
Bulletin of Spanish Studies,2025,1475-3820/1478-3428,否,否,否,AHCI,0.2,,文学,3 [448/1193],否," LITERATURE, ROMANCE 罗曼语系文学",1 [15/116],,,,,,,,,,,二级
World Literature Studies,2025,1337-9275/1337-9690,否,否,否,AHCI,0.1,,文学,3 [449/1193],否, LITERATURE 其他形式的文学,3 [64/199],,,,,,,,,,,二级
Sintagma,2025,0214-9141/2013-6455,否,否,是,SSCI;AHCI,0.3,,文学,3 [450/1193],否, LANGUAGE & LINGUISTICS 语言与语言学,4 [192/391], LINGUISTICS 语言学,4 [205/294],,,,,,,,,二级
Journal of Digital Media & Policy,2025,2516-3523/2516-3531,否,否,否,ESCI,0.8,,文学,3 [451/1193],否, COMMUNICATION 传播学,4 [136/223],,,,,,,,,,,二级
Perinola-Revista de Investigacion Quevediana,2025,1138-6363/1138-6363,否,否,否,AHCI,<0.1,,文学,3 [452/1193],否," LITERATURE, ROMANCE 罗曼语系文学",1 [16/116],,,,,,,,,,,二级
Journal of Literary Studies,2025,0256-4718/1753-5387,否,否,是,AHCI,0.1,,文学,3 [453/1193],否, LITERARY THEORY & CRITICISM 文学理论与文艺批评,3 [16/53], LITERATURE 其他形式的文学,3 [65/199],,,,,,,,,二级
COLLEGE ENGLISH,2025,0010-0994/2161-8178,否,否,否,AHCI,0.2,,文学,3 [454/1193],否, LITERATURE 其他形式的文学,3 [66/199],,,,,,,,,,,二级
Digital Scholarship in the Humanities,2025,2055-7671/2055-768X,否,否,否,SSCI;AHCI,1.1,,文学,3 [455/1193],否," HUMANITIES, MULTIDISCIPLINARY 人文科学",3 [109/406], LINGUISTICS 语言学,4 [206/294],,,,,,,,,二级
JOURNAL OF BECKETT STUDIES,2025,0309-5207/1759-7811,否,否,否,AHCI,0.4,,文学,3 [456/1193],否, LITERARY THEORY & CRITICISM 文学理论与文艺批评,3 [17/53], THEATER 戏剧,3 [15/49]," LITERATURE, BRITISH ISLES 英国文学",4 [10/21],,,,,,,二级
Argumentation and Advocacy,2025,1051-1431/2576-8476,否,否,否,ESCI,0.3,,文学,3 [457/1193],否, COMMUNICATION 传播学,4 [137/223],,,,,,,,,,,二级
Language & History,2025,1759-7536/1759-7544,否,否,否,SSCI;AHCI,0.3,,文学,3 [458/1193],否, HISTORY 历史学,4 [175/523], LANGUAGE & LINGUISTICS 语言与语言学,4 [193/391], LINGUISTICS 语言学,4 [207/294],,,,,,,二级
Revista de Estudios Latinos,2025,2255-5056/2255-5056,否,否,否,ESCI,0.1,,文学,3 [459/1193],否, CLASSICS 古典文学,4 [27/59], LANGUAGE & LINGUISTICS 语言与语言学,4 [194/391],,,,,,,,,二级
Journal of African Languages and Linguistics,2025,0167-6164/1613-3811,否,否,否,SSCI;AHCI,0.6,,文学,3 [460/1193],否, LANGUAGE & LINGUISTICS 语言与语言学,4 [195/391], LINGUISTICS 语言学,4 [208/294],,,,,,,,,二级
Alicante Journal of English Studies-Revista Alicantina de Estudios Ingleses,2025,0214-4808/2171-861X,否,否,是,ESCI,0.1,,文学,3 [461/1193],否, LITERATURE 其他形式的文学,3 [67/199], CULTURAL STUDIES 文化研究,4 [44/59], LANGUAGE & LINGUISTICS 语言与语言学,4 [196/391], LINGUISTICS 语言学,4 [209/294],,,,,二级
Luso-Brazilian Review,2025,0024-7413/1548-9957,否,否,否,AHCI,0.2,,文学,3 [462/1193],否," HUMANITIES, MULTIDISCIPLINARY 人文科学",3 [112/406],,,,,,,,,,,二级
Lingua Italiana,2025,1724-9074/1826-8080,否,否,否,ESCI,0.1,,文学,3 [463/1193],否, LITERATURE 其他形式的文学,3 [68/199], LANGUAGE & LINGUISTICS 语言与语言学,4 [197/391], LINGUISTICS 语言学,4 [210/294],,,,,,,二级
SEARCH-Journal of Media and Communication Research,2025,2672-7080/2672-7080,否,否,否,ESCI,0.7,,文学,3 [464/1193],否, COMMUNICATION 传播学,4 [138/223],,,,,,,,,,,二级
Kyiv-Mohyla Humanities Journal,2025,2313-4895/2313-4895,否,否,是,ESCI,0.1,,文学,3 [465/1193],否," HUMANITIES, MULTIDISCIPLINARY 人文科学",3 [113/406],,,,,,,,,,,二级
Cognitive Studies-Etudes Cognitives,2025,2080-7147/2392-2397,否,否,是,ESCI,0.3,,文学,3 [466/1193],否, LANGUAGE & LINGUISTICS 语言与语言学,4 [198/391],,,,,,,,,,,二级
American Journalism,2025,0882-1127/2326-2486,否,否,否,ESCI,0.3,,文学,3 [467/1193],否, COMMUNICATION 传播学,4 [139/223],,,,,,,,,,,二级
Gender and Language,2025,1747-6321/1747-633X,否,否,否,SSCI;AHCI,1.2,,文学,3 [468/1193],否, LANGUAGE & LINGUISTICS 语言与语言学,4 [199/391], LINGUISTICS 语言学,4 [211/294], WOMENS STUDIES 女性研究,4 [40/66],,,,,,,二级
Acta Linguistica Academica,2025,2559-8201/2560-1016,否,否,否,SSCI;AHCI,0.4,,文学,3 [469/1193],否, LANGUAGE & LINGUISTICS 语言与语言学,4 [200/391], LINGUISTICS 语言学,4 [212/294],,,,,,,,,二级
REVUE ROMANE,2025,0035-3906/1600-0811,否,否,否,AHCI,0.2,,文学,3 [470/1193],否," LITERATURE, ROMANCE 罗曼语系文学",2 [17/116], LANGUAGE & LINGUISTICS 语言与语言学,4 [201/391],,,,,,,,,二级
STUDIES IN AMERICAN FICTION,2025,0091-8083/2158-5806,否,否,否,AHCI,<0.1,,文学,3 [471/1193],否," LITERATURE, AMERICAN 美国文学",3 [9/28],,,,,,,,,,,二级
Law & Literature,2025,1535-685X/1541-2601,否,否,否,AHCI,0.5,,文学,3 [472/1193],否, LITERATURE 其他形式的文学,3 [70/199],,,,,,,,,,,二级
Scando-Slavica,2025,0080-6765/1600-082X,否,否,否,ESCI,0.1,,文学,3 [473/1193],否," HUMANITIES, MULTIDISCIPLINARY 人文科学",3 [118/406],,,,,,,,,,,二级
Australian Journal of Linguistics,2025,0726-8602/1469-2996,否,否,否,SSCI;AHCI,0.6,,文学,3 [474/1193],否, LANGUAGE & LINGUISTICS 语言与语言学,4 [203/391], LINGUISTICS 语言学,4 [214/294],,,,,,,,,二级
Middle Eastern Literatures,2025,1475-262X/1475-2638,否,否,否,AHCI,0.2,,文学,3 [475/1193],否, LITERATURE 其他形式的文学,3 [71/199],,,,,,,,,,,二级
ROMANCE QUARTERLY,2025,0883-1157/1940-3216,否,否,否,AHCI,0.2,,文学,3 [476/1193],否," LITERATURE, ROMANCE 罗曼语系文学",2 [18/116],,,,,,,,,,,二级
TRIPLEC-Communication Capitalism & Critique,2025,1726-670X/1726-670X,否,否,是,ESCI,0.9,,文学,3 [477/1193],否, COMMUNICATION 传播学,4 [140/223],,,,,,,,,,,二级
EUPHORION-ZEITSCHRIFT FUR LITERATURGESCHICHTE,2025,0014-2328/0014-2328,否,否,否,AHCI,0.1,,文学,3 [478/1193],否, LITERATURE 其他形式的文学,3 [72/199],,,,,,,,,,,二级
Janus-Estudios Sobre El Siglo de Oro,2025,2254-7290/2254-7290,否,否,是,ESCI,0.2,,文学,3 [479/1193],否," LITERATURE, ROMANCE 罗曼语系文学",2 [19/116],,,,,,,,,,,二级
Journal of Historical Pragmatics,2025,1566-5852/1569-9854,否,否,否,SSCI;AHCI,0.4,,文学,3 [480/1193],否, LANGUAGE & LINGUISTICS 语言与语言学,4 [204/391], LINGUISTICS 语言学,4 [215/294],,,,,,,,,二级
SCANDINAVICA,2025,0036-5653/0036-5653,否,否,否,AHCI,<0.1,,文学,3 [481/1193],否," LITERATURE, GERMAN, DUTCH, SCANDINAVIAN 日耳曼语系文学",3 [8/28],,,,,,,,,,,二级
AMERICAN LITERARY REALISM,2025,0002-9823/2326-9235,否,否,否,AHCI,,,文学,3 [482/1193],否," LITERATURE, AMERICAN 美国文学",3 [10/28],,,,,,,,,,,二级
ZEITSCHRIFT FUR SLAWISTIK,2025,0044-3506,否,否,否,AHCI,0.3,,文学,3 [483/1193],否, LANGUAGE & LINGUISTICS 语言与语言学,4 [205/391],,,,,,,,,,,二级
Asiascape-Digital Asia,2025,2214-2304/2214-2312,否,否,否,ESCI,0.6,,文学,3 [484/1193],否, COMMUNICATION 传播学,4 [141/223],,,,,,,,,,,二级
Australian Journalism Review,2025,0810-2686/2517-620X,否,否,否,ESCI,0.9,,文学,3 [485/1193],否, COMMUNICATION 传播学,4 [142/223],,,,,,,,,,,二级
Eesti ja Soome-Ugri Keeleteaduse Ajakiri-Journal of Estonian and Finno-Ugric Linguistics,2025,1736-8987/2228-1339,否,否,是,ESCI,0.3,,文学,3 [486/1193],否, LANGUAGE & LINGUISTICS 语言与语言学,4 [206/391],,,,,,,,,,,二级
Stilistica e Metrica Italiana,2025,1591-6693/1591-6693,否,否,否,ESCI,<0.1,,文学,3 [487/1193],否, LANGUAGE & LINGUISTICS 语言与语言学,4 [207/391],,,,,,,,,,,二级
Frontiers of Narrative Studies,2025,2509-4882/2509-4890,否,否,否,ESCI,0.1,,文学,3 [488/1193],否, LITERARY THEORY & CRITICISM 文学理论与文艺批评,3 [18/53], LITERATURE 其他形式的文学,4 [73/199],,,,,,,,,二级
Atalanta-Revista de las Letras Barrocas,2025,2340-1176/2340-1176,否,否,是,ESCI,<0.1,,文学,3 [489/1193],否," LITERATURE, ROMANCE 罗曼语系文学",2 [20/116],,,,,,,,,,,二级
ENGLISH IN AFRICA,2025,0376-8902/2071-7474,否,否,否,ESCI,<0.1,,文学,3 [490/1193],否, LANGUAGE & LINGUISTICS 语言与语言学,4 [208/391],,,,,,,,,,,二级
Journal of Postcolonial Writing,2025,1744-9855/1744-9863,否,否,否,AHCI,0.4,,文学,3 [491/1193],否, LITERATURE 其他形式的文学,4 [74/199],,,,,,,,,,,二级
PARAGRAPH,2025,0264-8334/1750-0176,否,否,否,AHCI,0.1,,文学,3 [492/1193],否, LITERATURE 其他形式的文学,4 [75/199],,,,,,,,,,,二级
Eugene O Neill Review,2025,1040-9483/2161-4318,否,否,否,ESCI,0.1,,文学,3 [493/1193],否," LITERATURE, AMERICAN 美国文学",4 [11/28],,,,,,,,,,,二级
Baltic Journal of English Language Literature and Culture,2025,1691-9971/2501-0395,否,否,是,ESCI,0.3,,文学,3 [494/1193],否, LANGUAGE & LINGUISTICS 语言与语言学,4 [209/391],,,,,,,,,,,二级
Humanities-Basel,2025,2076-0787/2076-0787,否,否,是,ESCI,0.3,,文学,3 [495/1193],否," HUMANITIES, MULTIDISCIPLINARY 人文科学",3 [125/406],,,,,,,,,,,二级
FORUM FOR MODERN LANGUAGE STUDIES,2025,0015-8518/1471-6860,否,否,否,AHCI,0.1,,文学,3 [496/1193],否, LANGUAGE & LINGUISTICS 语言与语言学,4 [210/391], LITERATURE 其他形式的文学,4 [76/199],,,,,,,,,二级
Pasavento-Revista de Estudios Hispanicos,2025,2255-4505/2255-4505,否,否,是,ESCI,0.4,,文学,3 [497/1193],否," LITERATURE, ROMANCE 罗曼语系文学",2 [21/116],,,,,,,,,,,二级
Samuel Beckett Today/Aujourd'hui,2025,0927-3131/1875-7405,否,否,否,ESCI,0.1,,文学,3 [498/1193],否, LITERARY THEORY & CRITICISM 文学理论与文艺批评,3 [19/53], THEATER 戏剧,3 [20/49], LITERATURE 其他形式的文学,4 [77/199],,,,,,,二级
Estudios de Traduccion,2025,2174-047X/2254-1756,否,否,是,ESCI,0.2,,文学,3 [499/1193],否, LANGUAGE & LINGUISTICS 语言与语言学,4 [211/391],,,,,,,,,,,二级
Contemporary Womens Writing,2025,1754-1476/1754-1484,否,否,否,AHCI,0.3,,文学,3 [500/1193],否, LITERATURE 其他形式的文学,4 [78/199],,,,,,,,,,,二级
Estudos de Literatura Brasileira Contemporanea,2025,1518-0158/2316-4018,否,否,是,ESCI,0.1,,文学,3 [501/1193],否," LITERATURE, ROMANCE 罗曼语系文学",2 [22/116],,,,,,,,,,,二级
Linguistic Research,2025,1229-1374/1229-1374,否,否,否,ESCI,0.2,,文学,3 [502/1193],否, LANGUAGE & LINGUISTICS 语言与语言学,4 [212/391],,,,,,,,,,,二级
CLCWEB-Comparative Literature and Culture,2025,1481-4374/1481-4374,否,否,是,AHCI,0.2,,文学,3 [503/1193],否, LITERATURE 其他形式的文学,4 [79/199],,,,,,,,,,,二级
First Language,2025,0142-7237/1740-2344,否,否,否,SSCI;AHCI,1.6,,文学,3 [504/1193],否, LANGUAGE & LINGUISTICS 语言与语言学,4 [213/391], LINGUISTICS 语言学,4 [216/294]," PSYCHOLOGY, DEVELOPMENTAL 心理学：发育",4 [73/91],,,,,,,二级
Anclajes,2025,0329-3807/1851-4669,否,否,是,ESCI,0.1,,文学,3 [505/1193],否, LITERATURE 其他形式的文学,4 [80/199],,,,,,,,,,,二级
European Comic Art,2025,1754-3797/1754-3800,否,否,否,ESCI,0.1,,文学,3 [506/1193],否," HUMANITIES, MULTIDISCIPLINARY 人文科学",3 [129/406],,,,,,,,,,,二级
JAMES JOYCE QUARTERLY,2025,0021-4183/1938-6036,否,否,否,AHCI,0.1,,文学,3 [507/1193],否," LITERATURE, BRITISH ISLES 英国文学",4 [11/21],,,,,,,,,,,二级
Voprosy Onomastiki-Problems of Onomastics,2025,1994-2400/1994-2451,否,否,是,ESCI,0.2,,文学,3 [508/1193],否, LANGUAGE & LINGUISTICS 语言与语言学,4 [214/391],,,,,,,,,,,二级
Communication Research Reports,2025,0882-4096/1746-4099,否,否,否,ESCI,1.6,,文学,3 [509/1193],否, COMMUNICATION 传播学,4 [143/223],,,,,,,,,,,二级
ZEITSCHRIFT FUR ROMANISCHE PHILOLOGIE,2025,0049-8661/1865-9063,否,否,否,AHCI,0.3,,文学,3 [510/1193],否," LITERATURE, ROMANCE 罗曼语系文学",2 [23/116], LANGUAGE & LINGUISTICS 语言与语言学,4 [215/391],,,,,,,,,二级
Hipogrifo-Revista de literatura y cultura del Siglo de Oro,2025,2328-1308/2328-1308,否,否,是,ESCI,0.3,,文学,3 [511/1193],否," LITERATURE, ROMANCE 罗曼语系文学",2 [24/116], MEDIEVAL & RENAISSANCE STUDIES 中世纪与文艺复兴研究,4 [48/82],,,,,,,,,二级
Bronte Studies,2025,1474-8932/1745-8226,否,否,否,AHCI,0.2,,文学,3 [512/1193],否," LITERATURE, BRITISH ISLES 英国文学",4 [12/21],,,,,,,,,,,二级
Nueva Revista Filologia Hispanica,2025,0185-0121/2448-6558,否,否,是,ESCI,0.2,,文学,3 [513/1193],否," LITERATURE, ROMANCE 罗曼语系文学",2 [25/116],,,,,,,,,,,二级
JOURNAL OF MODERN LITERATURE,2025,0022-281X/1529-1464,否,否,否,AHCI,0.1,,文学,3 [514/1193],否, LITERATURE 其他形式的文学,4 [81/199],,,,,,,,,,,二级
Atlantis-Journal of the Spanish Association of Anglo-American Studies,2025,0210-6124/1989-6840,否,否,是,SSCI;AHCI,0.2,,文学,3 [515/1193],否, LANGUAGE & LINGUISTICS 语言与语言学,4 [216/391], LINGUISTICS 语言学,4 [217/294], LITERATURE 其他形式的文学,4 [82/199],,,,,,,二级
Continuum-Journal of Media & Cultural Studies,2025,1030-4312/1469-3666,否,否,否,SSCI;AHCI,0.9,,文学,3 [516/1193],否," FILM, RADIO, TELEVISION 电影、广播、电视",3 [27/66], COMMUNICATION 传播学,4 [144/223], CULTURAL STUDIES 文化研究,4 [47/59],,,,,,,二级
Comparative Critical Studies,2025,1744-1854/1750-0109,否,否,否,AHCI,0.2,,文学,3 [517/1193],否, LITERATURE 其他形式的文学,4 [83/199],,,,,,,,,,,二级
IBEROROMANIA,2025,0019-0993/1865-9039,否,否,否,AHCI,0.1,,文学,3 [518/1193],否," LITERATURE, ROMANCE 罗曼语系文学",2 [26/116], LANGUAGE & LINGUISTICS 语言与语言学,4 [217/391],,,,,,,,,二级
European Romantic Review,2025,1050-9585/1740-4657,否,否,否,ESCI,0.1,,文学,3 [519/1193],否," HUMANITIES, MULTIDISCIPLINARY 人文科学",4 [134/406],,,,,,,,,,,二级
JOURNAL OF ARABIC LITERATURE,2025,0085-2376/1570-064X,否,否,否,AHCI,0.1,,文学,3 [520/1193],否, ASIAN STUDIES 亚洲研究,4 [53/102], LITERATURE 其他形式的文学,4 [84/199],,,,,,,,,二级
Catedral Tomada-Revista de Critica Literaria Latinoamericana-Journal of Latin American Literary Criticism,2025,2169-0847/2169-0847,否,否,是,ESCI,0.1,,文学,3 [521/1193],否, LITERARY THEORY & CRITICISM 文学理论与文艺批评,3 [20/53],,,,,,,,,,,二级
UNIVERSITY OF TORONTO QUARTERLY,2025,0042-0247/1712-5278,否,否,否,AHCI,0.2,,文学,3 [522/1193],否," HUMANITIES, MULTIDISCIPLINARY 人文科学",4 [135/406],,,,,,,,,,,二级
KEATS-SHELLEY JOURNAL,2025,0453-4387,否,否,否,AHCI,,,文学,3 [523/1193],否, POETRY 诗歌,4 [8/15],,,,,,,,,,,二级
CRITICAL QUARTERLY,2025,0011-1562/1467-8705,否,否,否,AHCI,0.2,,文学,3 [524/1193],否, LITERARY REVIEWS 文学评论,1 [2/42],,,,,,,,,,,二级
WILLIAM CARLOS WILLIAMS REVIEW,2025,0196-6286/1935-0244,否,否,否,ESCI,0.6,,文学,3 [525/1193],否, POETRY 诗歌,4 [9/15],,,,,,,,,,,二级
Edgar Allan Poe Review,2025,2150-0428/2166-2932,否,否,否,ESCI,0.1,,文学,3 [526/1193],否," LITERATURE, AMERICAN 美国文学",4 [12/28],,,,,,,,,,,二级
Literary Imagination,2025,1523-9012/1752-6566,否,否,否,AHCI,0.1,,文学,3 [527/1193],否, LITERARY REVIEWS 文学评论,1 [3/42],,,,,,,,,,,二级
Media History,2025,1368-8804/1469-9729,否,否,否,ESCI,0.2,,文学,3 [528/1193],否, COMMUNICATION 传播学,4 [145/223],,,,,,,,,,,二级
AMERICAN QUARTERLY,2025,0003-0678/1080-6490,否,否,否,AHCI,0.7,,文学,3 [529/1193],否," HUMANITIES, MULTIDISCIPLINARY 人文科学",4 [136/406],,,,,,,,,,,二级
Victoriographies-A Journal of Nineteenth-Century Writing 1790-1914,2025,2044-2416/2044-2424,否,否,否,ESCI,0.1,,文学,3 [530/1193],否," HUMANITIES, MULTIDISCIPLINARY 人文科学",4 [137/406],,,,,,,,,,,二级
TRANSLATION REVIEW,2025,0737-4836/2164-0564,否,否,否,AHCI,0.3,,文学,3 [531/1193],否, LANGUAGE & LINGUISTICS 语言与语言学,4 [218/391], LITERATURE 其他形式的文学,4 [85/199],,,,,,,,,二级
Criticon,2025,0247-381X/2272-9852,否,否,是,AHCI,,,文学,3 [532/1193],否," LITERATURE, ROMANCE 罗曼语系文学",2 [27/116], LITERARY THEORY & CRITICISM 文学理论与文艺批评,3 [21/53],,,,,,,,,二级
WOMENS STUDIES-AN INTERDISCIPLINARY JOURNAL,2025,0049-7878/1547-7045,否,否,否,AHCI,0.3,,文学,3 [533/1193],否," HUMANITIES, MULTIDISCIPLINARY 人文科学",4 [138/406],,,,,,,,,,,二级
Register Studies,2025,2542-9477/2542-9485,否,否,否,ESCI,1.5,,文学,3 [534/1193],否, LANGUAGE & LINGUISTICS 语言与语言学,4 [219/391], LINGUISTICS 语言学,4 [218/294],,,,,,,,,二级
Africana Linguistica,2025,2033-8732/2034-8436,否,否,否,SSCI;AHCI,0.3,,文学,3 [535/1193],否, LANGUAGE & LINGUISTICS 语言与语言学,4 [220/391], LINGUISTICS 语言学,4 [219/294],,,,,,,,,二级
REVISTA DE LITERATURA,2025,0034-849X/1988-4192,否,否,是,AHCI,0.1,,文学,3 [536/1193],否," LITERATURE, ROMANCE 罗曼语系文学",2 [28/116],,,,,,,,,,,二级
CAHIERS ELISABETHAINS,2025,0184-7678/2054-4715,否,否,否,AHCI,<0.1,,文学,3 [537/1193],否," LITERATURE, BRITISH ISLES 英国文学",4 [13/21],,,,,,,,,,,二级
Castilla-Estudios de Literatura,2025,1989-7383/1989-7383,否,否,是,ESCI,0.1,,文学,3 [538/1193],否, LITERATURE 其他形式的文学,4 [86/199],,,,,,,,,,,二级
Primerjalna Knjizevnost,2025,0351-1189/0351-1189,否,否,是,AHCI,0.1,,文学,3 [539/1193],否," LITERATURE, SLAVIC 斯拉夫语系文学",2 [4/12],,,,,,,,,,,二级
Novyi Filologicheskii Vestnik-New Philological Bulletin,2025,2072-9316/2072-9316,否,否,否,ESCI,0.1,,文学,3 [540/1193],否, LITERATURE 其他形式的文学,4 [87/199],,,,,,,,,,,二级
HISPANIC REVIEW,2025,0018-2176/1553-0639,否,否,否,AHCI,<0.1,,文学,3 [541/1193],否," LITERATURE, ROMANCE 罗曼语系文学",2 [29/116],,,,,,,,,,,二级
English Academy Review-Southern African Journal of English Studies,2025,1013-1752/1753-5360,否,否,否,ESCI,0.4,,文学,3 [542/1193],否, LANGUAGE & LINGUISTICS 语言与语言学,4 [222/391],,,,,,,,,,,二级
Metacritic Journal for Comparative Studies and Theory,2025,2457-8827/2457-8827,否,否,是,ESCI,0.3,,文学,3 [543/1193],否, LITERATURE 其他形式的文学,4 [88/199],,,,,,,,,,,二级
Italianistica-Rivista di letteratura Italiana,2025,0391-3368/1724-1677,否,否,否,AHCI,<0.1,,文学,3 [544/1193],否," LITERATURE, ROMANCE 罗曼语系文学",2 [30/116],,,,,,,,,,,二级
Language and Linguistics,2025,1606-822X/2309-5067,否,否,否,SSCI;AHCI,0.2,,文学,3 [545/1193],否, LANGUAGE & LINGUISTICS 语言与语言学,4 [223/391], LINGUISTICS 语言学,4 [221/294],,,,,,,,,二级
LETTERE ITALIANE,2025,0024-1334/2035-6315,否,否,否,AHCI,0.1,,文学,3 [546/1193],否," LITERATURE, ROMANCE 罗曼语系文学",2 [31/116],,,,,,,,,,,二级
Ben Jonson Journal,2025,1079-3453/1755-165X,否,否,否,AHCI,0.2,,文学,3 [547/1193],否," LITERATURE, BRITISH ISLES 英国文学",4 [14/21],,,,,,,,,,,二级
Media Literacy and Academic Research,2025,2585-8726/2585-9188,否,否,否,ESCI,0.7,,文学,3 [548/1193],否, COMMUNICATION 传播学,4 [146/223],,,,,,,,,,,二级
Sendebar-Revista de Traduccion e Interpretacion,2025,1130-5509/2340-2415,否,否,是,ESCI,0.2,,文学,3 [549/1193],否, LANGUAGE & LINGUISTICS 语言与语言学,4 [224/391],,,,,,,,,,,二级
WELT DER SLAVEN-HALBJAHRESSCHRIFT FUR SLAVISTIK,2025,0043-2520,否,否,否,AHCI,0.1,,文学,3 [550/1193],否," HUMANITIES, MULTIDISCIPLINARY 人文科学",4 [142/406],,,,,,,,,,,二级
MODERN LANGUAGE REVIEW,2025,0026-7937/2222-4319,否,否,否,AHCI,0.1,,文学,3 [551/1193],否, LANGUAGE & LINGUISTICS 语言与语言学,4 [225/391], LITERATURE 其他形式的文学,4 [89/199],,,,,,,,,二级
Yuyan Kexue-Linguistic Sciences,2025,1671-9484/1671-9484,否,否,否,ESCI,0.1,"中英文期刊""同质等效""评价",文学,3 [552/1193],否, LANGUAGE & LINGUISTICS 语言与语言学,3 [147/391],,,,,,,,,,,二级
NOWELE-North-Western European Language Evolution,2025,0108-8416/2212-9715,否,否,否,ESCI,0.4,,文学,4 [553/1193],否, LANGUAGE & LINGUISTICS 语言与语言学,4 [226/391],,,,,,,,,,,三级
Alabe-Revista de Investigacion sobre Lectura y Escritura,2025,2171-9624/2171-9624,否,否,是,ESCI,0.2,,文学,4 [554/1193],否, LITERATURE 其他形式的文学,4 [90/199],,,,,,,,,,,三级
International Research in Childrens Literature,2025,1755-6198/1755-6201,否,否,否,AHCI,0.4,,文学,4 [555/1193],否, LITERATURE 其他形式的文学,4 [91/199],,,,,,,,,,,三级
Nordic Journal of Linguistics,2025,0332-5865/1502-4717,否,否,否,SSCI;AHCI,0.6,,文学,4 [556/1193],否, LANGUAGE & LINGUISTICS 语言与语言学,4 [227/391], LINGUISTICS 语言学,4 [222/294],,,,,,,,,三级
Skandinavskaya Filologiya,2025,0202-2397/2618-9518,否,否,否,ESCI,0.2,,文学,4 [557/1193],否," HUMANITIES, MULTIDISCIPLINARY 人文科学",4 [143/406],,,,,,,,,,,三级
Vestnik Ugrovedeniya-Bulletin of Ugric Studies,2025,2220-4156/2587-9766,否,否,否,ESCI,0.3,,文学,4 [558/1193],否," HUMANITIES, MULTIDISCIPLINARY 人文科学",4 [145/406],,,,,,,,,,,三级
Alea-Estudos Neolatinos,2025,1517-106X/1807-0299,否,否,是,AHCI,0.1,,文学,4 [559/1193],否," LITERATURE, ROMANCE 罗曼语系文学",2 [32/116],,,,,,,,,,,三级
Dutch Journal of Applied Linguistics,2025,2211-7245/2211-7253,否,否,是,ESCI,0.6,,文学,4 [560/1193],否, LINGUISTICS 语言学,4 [223/294],,,,,,,,,,,三级
QUADERNI D ITALIANISTICA,2025,0226-8043/0226-8043,否,否,否,AHCI,<0.1,,文学,4 [561/1193],否," LITERATURE, ROMANCE 罗曼语系文学",2 [33/116],,,,,,,,,,,三级
Slovenska Literatura,2025,0037-6973/0037-6973,否,否,是,ESCI,0.1,,文学,4 [562/1193],否," LITERATURE, SLAVIC 斯拉夫语系文学",3 [5/12],,,,,,,,,,,三级
RIVISTA DI LETTERATURA STORIOGRAFICA ITALIANA,2025,2532-9626/2611-2787,否,否,否,ESCI,<0.1,,文学,4 [563/1193],否," LITERATURE, ROMANCE 罗曼语系文学",3 [34/116], HISTORY 历史学,4 [225/523],,,,,,,,,三级
ANGELAKI-JOURNAL OF THE THEORETICAL HUMANITIES,2025,0969-725X/1469-2899,否,否,否,AHCI,0.3,,文学,4 [564/1193],否," HUMANITIES, MULTIDISCIPLINARY 人文科学",4 [146/406],,,,,,,,,,,三级
English Studies at NBU,2025,2367-5705/2367-8704,否,否,是,ESCI,0.2,,文学,4 [565/1193],否, LANGUAGE & LINGUISTICS 语言与语言学,4 [228/391],,,,,,,,,,,三级
Journal of African Media Studies,2025,2040-199X/1751-7974,否,否,否,SSCI;AHCI,0.8,,文学,4 [566/1193],否," FILM, RADIO, TELEVISION 电影、广播、电视",3 [34/66], COMMUNICATION 传播学,4 [147/223], CULTURAL STUDIES 文化研究,4 [51/59],,,,,,,三级
META,2025,0026-0452/0026-0452,否,否,否,AHCI,1,,文学,4 [567/1193],否, LANGUAGE & LINGUISTICS 语言与语言学,4 [229/391],,,,,,,,,,,三级
NOTES AND QUERIES,2025,0029-3970/1471-6941,否,否,否,AHCI,0.1,,文学,4 [568/1193],否, LITERATURE 其他形式的文学,4 [92/199],,,,,,,,,,,三级
AMERICAN SPEECH,2025,0003-1283/1527-2133,否,否,否,SSCI;AHCI,0.8,,文学,4 [569/1193],否, LANGUAGE & LINGUISTICS 语言与语言学,4 [230/391], LINGUISTICS 语言学,4 [225/294],,,,,,,,,三级
Text Matters-A Journal of Literature Theory and Culture,2025,2083-2931/2084-574X,否,否,是,ESCI,0.1,,文学,4 [570/1193],否, LITERARY THEORY & CRITICISM 文学理论与文艺批评,3 [22/53],,,,,,,,,,,三级
NINETEENTH-CENTURY FRENCH STUDIES,2025,0146-7891,否,否,否,AHCI,0.1,,文学,4 [571/1193],否," LITERATURE, ROMANCE 罗曼语系文学",3 [35/116],,,,,,,,,,,三级
MLN,2025,0026-7910/1080-6598,否,否,否,AHCI,<0.1,,文学,4 [572/1193],否, LITERARY THEORY & CRITICISM 文学理论与文艺批评,3 [23/53],,,,,,,,,,,三级
Modern Chinese Literature and Culture,2025,1520-9857/2328-966X,否,否,否,SSCI;AHCI,0.2,,文学,4 [573/1193],否, ASIAN STUDIES 亚洲研究,4 [56/102], CULTURAL STUDIES 文化研究,4 [52/59], LITERATURE 其他形式的文学,4 [93/199],,,,,,,三级
CounterText-A Journal for the Study of the Post-Literary,2025,2056-4406/2056-4414,否,否,否,ESCI,0.5,,文学,4 [574/1193],否, LITERARY THEORY & CRITICISM 文学理论与文艺批评,3 [24/53],,,,,,,,,,,三级
ARCADIA,2025,0003-7982/1613-0642,否,否,否,AHCI,0.2,,文学,4 [575/1193],否, LITERATURE 其他形式的文学,4 [94/199],,,,,,,,,,,三级
Cadernos de Traducao,2025,1414-526X/2175-7968,否,否,是,ESCI,0.3,,文学,4 [576/1193],否, LANGUAGE & LINGUISTICS 语言与语言学,4 [231/391],,,,,,,,,,,三级
Dicenda-Cuadernos de Filologia Hispanica,2025,0212-2952/1988-2556,否,否,是,ESCI,0.1,,文学,4 [577/1193],否," LITERATURE, ROMANCE 罗曼语系文学",3 [36/116],,,,,,,,,,,三级
Forum for World Literature Studies,2025,1949-8519/2154-6711,否,否,否,ESCI,0.2,,文学,4 [578/1193],否, LITERATURE 其他形式的文学,4 [96/199],,,,,,,,,,,三级
Lectora-Revista de Dones i Textualitat,2025,1136-5781/2013-9470,否,否,是,ESCI,0.2,,文学,4 [579/1193],否, LITERATURE 其他形式的文学,4 [97/199],,,,,,,,,,,三级
Anuario Calderoniano,2025,1888-8046,否,否,否,AHCI,0.2,,文学,4 [580/1193],否," LITERATURE, ROMANCE 罗曼语系文学",3 [37/116],,,,,,,,,,,三级
FORUM ITALICUM,2025,0014-5858/2168-989X,否,否,否,AHCI,0.2,,文学,4 [581/1193],否," LITERATURE, ROMANCE 罗曼语系文学",3 [38/116], LANGUAGE & LINGUISTICS 语言与语言学,4 [232/391],,,,,,,,,三级
AdComunica-Revista Cientifica de Estrategias Tendencias e Innovacion en Communicacion,2025,2174-0992/2254-2728,否,否,是,ESCI,0.7,,文学,4 [582/1193],否, COMMUNICATION 传播学,4 [148/223],,,,,,,,,,,三级
BULLETIN OF HISPANIC STUDIES,2025,1475-3839/1478-3398,否,否,否,AHCI,0.1,,文学,4 [583/1193],否," LITERATURE, ROMANCE 罗曼语系文学",3 [39/116],,,,,,,,,,,三级
CRITICISM-A QUARTERLY FOR LITERATURE AND THE ARTS,2025,0011-1589/1536-0342,否,否,否,AHCI,,,文学,4 [584/1193],否, LITERARY THEORY & CRITICISM 文学理论与文艺批评,3 [25/53], LITERATURE 其他形式的文学,4 [98/199],,,,,,,,,三级
Asiatic-IIUM Journal of English Language and Literature,2025,1985-3106/1985-3106,否,否,否,ESCI,0.1,,文学,4 [585/1193],否, LITERATURE 其他形式的文学,4 [99/199],,,,,,,,,,,三级
Brills Annual of Afroasiatic Languages and Linguistics,2025,1876-6633/1877-6930,否,否,否,ESCI,0.1,,文学,4 [586/1193],否, LANGUAGE & LINGUISTICS 语言与语言学,4 [233/391],,,,,,,,,,,三级
America sin Nombre,2025,1577-3442/1989-9831,否,否,是,ESCI,0.1,,文学,4 [587/1193],否," HUMANITIES, MULTIDISCIPLINARY 人文科学",4 [155/406],,,,,,,,,,,三级
JNT-JOURNAL OF NARRATIVE THEORY,2025,1549-0815/1548-9248,否,否,否,AHCI,0.3,,文学,4 [588/1193],否, LITERATURE 其他形式的文学,4 [100/199],,,,,,,,,,,三级
ENGLISH LANGUAGE NOTES,2025,0013-8282/2573-3575,否,否,否,AHCI,0.3,,文学,4 [589/1193],否, LITERATURE 其他形式的文学,4 [101/199],,,,,,,,,,,三级
SYMPOSIUM-A QUARTERLY JOURNAL IN MODERN LITERATURES,2025,0039-7709/1931-0676,否,否,否,AHCI,0.1,,文学,4 [590/1193],否, LITERATURE 其他形式的文学,4 [102/199],,,,,,,,,,,三级
Romanian Journal of Communication and Public Relations,2025,1454-8100/2344-5440,否,否,是,ESCI,0.3,,文学,4 [591/1193],否, COMMUNICATION 传播学,4 [149/223],,,,,,,,,,,三级
OXFORD LITERARY REVIEW,2025,0305-1498/1757-1634,否,否,否,AHCI,0.1,,文学,4 [592/1193],否, LITERARY THEORY & CRITICISM 文学理论与文艺批评,4 [26/53], PHILOSOPHY 哲学,4 [162/328],,,,,,,,,三级
EIRE-IRELAND,2025,0013-2683/1550-5162,否,否,否,AHCI,0.3,,文学,4 [593/1193],否," HUMANITIES, MULTIDISCIPLINARY 人文科学",4 [162/406],,,,,,,,,,,三级
Studi Slavistici,2025,1824-761X/1824-7601,否,否,是,ESCI,0.1,,文学,4 [594/1193],否," HUMANITIES, MULTIDISCIPLINARY 人文科学",4 [164/406],,,,,,,,,,,三级
Language and Sociocultural Theory,2025,2051-9699/2051-9702,否,否,否,ESCI,0.6,,文学,4 [595/1193],否, LINGUISTICS 语言学,4 [227/294],,,,,,,,,,,三级
ZEITSCHRIFT FUR DEUTSCHE PHILOLOGIE,2025,0044-2496,否,否,否,AHCI,0.2,,文学,4 [596/1193],否," LITERATURE, GERMAN, DUTCH, SCANDINAVIAN 日耳曼语系文学",3 [9/28], LANGUAGE & LINGUISTICS 语言与语言学,4 [234/391],,,,,,,,,三级
FRENCH FORUM,2025,0098-9355/1534-1836,否,否,否,AHCI,,,文学,4 [597/1193],否," LITERATURE, ROMANCE 罗曼语系文学",3 [41/116],,,,,,,,,,,三级
SEMINAR-A JOURNAL OF GERMANIC STUDIES,2025,0037-1939/1911-026X,否,否,否,AHCI,0.2,,文学,4 [598/1193],否," LITERATURE, GERMAN, DUTCH, SCANDINAVIAN 日耳曼语系文学",3 [10/28],,,,,,,,,,,三级
Poe Studies-History Theory Interpretation,2025,1947-4644/1754-6095,否,否,否,AHCI,0.1,,文学,4 [599/1193],否," LITERATURE, AMERICAN 美国文学",4 [14/28],,,,,,,,,,,三级
Womens Writing,2025,0969-9082/1747-5848,否,否,否,ESCI,0.1,,文学,4 [600/1193],否, LITERATURE 其他形式的文学,4 [103/199],,,,,,,,,,,三级
Common Knowledge,2025,0961-754X/1538-4578,否,否,否,AHCI,0.3,,文学,4 [601/1193],否," HUMANITIES, MULTIDISCIPLINARY 人文科学",4 [165/406],,,,,,,,,,,三级
Revista Mediterranea Comunicacion-Journal of Communication,2025,1989-872X/1989-872X,否,否,是,ESCI,1.6,,文学,4 [602/1193],否, COMMUNICATION 传播学,4 [150/223],,,,,,,,,,,三级
IRISH UNIVERSITY REVIEW,2025,0021-1427/2047-2153,否,否,否,AHCI,0.6,,文学,4 [603/1193],否, LITERARY REVIEWS 文学评论,1 [4/42],,,,,,,,,,,三级
ESQ-A Journal of Nineteenth-Century American Literature and Culture,2025,0093-8297/1935-021X,否,否,否,AHCI,0.1,,文学,4 [604/1193],否," LITERATURE, AMERICAN 美国文学",4 [15/28],,,,,,,,,,,三级
Literatura Mexicana,2025,0188-2546/2448-8216,否,否,是,ESCI,0.1,,文学,4 [605/1193],否," LITERATURE, ROMANCE 罗曼语系文学",3 [42/116],,,,,,,,,,,三级
Journal of Historical Sociolinguistics,2025,2199-2894/2199-2908,否,否,否,ESCI,0.4,,文学,4 [606/1193],否, LANGUAGE & LINGUISTICS 语言与语言学,4 [235/391], LINGUISTICS 语言学,4 [228/294],,,,,,,,,三级
Journal of Slavic Linguistics,2025,1068-2090/1543-0391,否,否,否,ESCI,0.1,,文学,4 [607/1193],否, LANGUAGE & LINGUISTICS 语言与语言学,4 [236/391],,,,,,,,,,,三级
GOETHE JAHRBUCH,2025,0323-4207/0323-4207,否,否,否,AHCI,<0.1,,文学,4 [608/1193],否," LITERATURE, GERMAN, DUTCH, SCANDINAVIAN 日耳曼语系文学",3 [12/28],,,,,,,,,,,三级
GIORNALE STORICO DELLA LETTERATURA ITALIANA,2025,0017-0496/0017-0496,否,否,否,AHCI,0.1,,文学,4 [609/1193],否," LITERATURE, ROMANCE 罗曼语系文学",3 [43/116],,,,,,,,,,,三级
ROMANISTISCHE ZEITSCHRIFT FUR LITERATURGESCHICHTE-CAHIERS D HISTOIRE DES LITTERATURES ROMANES,2025,0343-379X/2509-7474,否,否,否,AHCI,<0.1,,文学,4 [610/1193],否," LITERATURE, ROMANCE 罗曼语系文学",3 [44/116],,,,,,,,,,,三级
Canadian Journal of Applied Linguistics,2025,1920-1818/1920-1818,否,否,是,ESCI,1.2,,文学,4 [611/1193],否, LANGUAGE & LINGUISTICS 语言与语言学,4 [237/391],,,,,,,,,,,三级
Studia Theodisca,2025,1593-2478/2385-2917,否,否,是,ESCI,<0.1,,文学,4 [612/1193],否," LITERATURE, GERMAN, DUTCH, SCANDINAVIAN 日耳曼语系文学",3 [13/28],,,,,,,,,,,三级
Archivum,2025,0570-7218/2341-1120,否,否,是,ESCI,0.1,,文学,4 [613/1193],否, LANGUAGE & LINGUISTICS 语言与语言学,4 [238/391],,,,,,,,,,,三级
Interlitteraria,2025,1406-0701/2228-4729,否,否,是,ESCI,0.1,,文学,4 [614/1193],否, LITERATURE 其他形式的文学,4 [104/199],,,,,,,,,,,三级
RUSSKAIA LITERATURA,2025,0131-6095/0131-6095,否,否,否,AHCI,0.1,,文学,4 [615/1193],否," LITERATURE, SLAVIC 斯拉夫语系文学",3 [6/12],,,,,,,,,,,三级
LEGACY,2025,0748-4321/0748-4321,否,否,否,AHCI,0.2,,文学,4 [616/1193],否," LITERATURE, AMERICAN 美国文学",4 [16/28],,,,,,,,,,,三级
Langston Hughes Review,2025,0737-0555/2576-649X,否,否,否,ESCI,<0.1,,文学,4 [617/1193],否," LITERATURE, AMERICAN 美国文学",4 [17/28],,,,,,,,,,,三级
Romance Studies,2025,0263-9904/1745-8153,否,否,否,AHCI,0.2,,文学,4 [618/1193],否," LITERATURE, ROMANCE 罗曼语系文学",3 [45/116],,,,,,,,,,,三级
OXFORD GERMAN STUDIES,2025,0078-7191/1745-9214,否,否,否,AHCI,0.1,,文学,4 [619/1193],否," LITERATURE, GERMAN, DUTCH, SCANDINAVIAN 日耳曼语系文学",3 [14/28],,,,,,,,,,,三级
Modernist Cultures,2025,2041-1022/1753-8629,否,否,否,AHCI,0.1,,文学,4 [620/1193],否," HUMANITIES, MULTIDISCIPLINARY 人文科学",4 [170/406],,,,,,,,,,,三级
Brumal-Research Journal on the Fantastic,2025,2014-7910/2014-7910,否,否,是,ESCI,0.2,,文学,4 [621/1193],否," HUMANITIES, MULTIDISCIPLINARY 人文科学",4 [171/406],,,,,,,,,,,三级
French Studies Bulletin,2025,0262-2750/1748-9180,否,否,否,ESCI,0.1,,文学,4 [622/1193],否," HUMANITIES, MULTIDISCIPLINARY 人文科学",4 [172/406],,,,,,,,,,,三级
Novoe Literaturnoe Obozrenie,2025,0869-6365,否,否,否,AHCI,0.2,,文学,4 [623/1193],否," LITERATURE, SLAVIC 斯拉夫语系文学",3 [7/12], LITERARY THEORY & CRITICISM 文学理论与文艺批评,4 [27/53],,,,,,,,,三级
SARE-Southeast Asian Review of English,2025,0127-046X/0127-046X,否,否,是,ESCI,0.1,,文学,4 [624/1193],否, LITERATURE 其他形式的文学,4 [105/199],,,,,,,,,,,三级
ZEITSCHRIFT FUR ANGLISTIK UND AMERIKANISTIK,2025,0044-2305/2196-4726,否,否,否,AHCI,0.3,,文学,4 [625/1193],否, LITERATURE 其他形式的文学,4 [106/199],,,,,,,,,,,三级
AUSTRALIAN JOURNAL OF FRENCH STUDIES,2025,0004-9468/2046-2913,否,否,否,AHCI,0.1,,文学,4 [626/1193],否," LITERATURE, ROMANCE 罗曼语系文学",3 [46/116],,,,,,,,,,,三级
Life Writing,2025,1448-4528/1751-2964,否,否,否,AHCI,0.5,,文学,4 [627/1193],否, LITERATURE 其他形式的文学,4 [107/199],,,,,,,,,,,三级
EIGHTEENTH-CENTURY LIFE,2025,0098-2601/1086-3192,否,否,否,AHCI,0.1,,文学,4 [628/1193],否, LITERATURE 其他形式的文学,4 [108/199],,,,,,,,,,,三级
SUB-STANCE,2025,0049-2426/1527-2095,否,否,否,AHCI,0.1,,文学,4 [629/1193],否, LITERATURE 其他形式的文学,4 [109/199],,,,,,,,,,,三级
GERMAN QUARTERLY,2025,0016-8831/1756-1183,否,否,否,AHCI,0.2,,文学,4 [630/1193],否, LANGUAGE & LINGUISTICS 语言与语言学,4 [239/391]," LITERATURE, GERMAN, DUTCH, SCANDINAVIAN 日耳曼语系文学",4 [15/28],,,,,,,,,三级
STUDI FRANCESI,2025,0039-2944/0039-2944,否,否,否,AHCI,0.1,,文学,4 [631/1193],否," LITERATURE, ROMANCE 罗曼语系文学",3 [47/116],,,,,,,,,,,三级
Linguae &-Rivista di Lingue e Culture Moderne,2025,2281-8952/1724-8698,否,否,是,ESCI,0.1,,文学,4 [632/1193],否, LANGUAGE & LINGUISTICS 语言与语言学,4 [240/391],,,,,,,,,,,三级
Lingue Antiche e Moderne,2025,2281-4841/2281-4841,否,否,是,ESCI,<0.1,,文学,4 [633/1193],否, LANGUAGE & LINGUISTICS 语言与语言学,4 [241/391],,,,,,,,,,,三级
GERMANIC REVIEW,2025,0016-8890/1930-6962,否,否,否,AHCI,0.2,,文学,4 [634/1193],否," LITERATURE, GERMAN, DUTCH, SCANDINAVIAN 日耳曼语系文学",4 [16/28],,,,,,,,,,,三级
Literatura-Teoria Historia Critica,2025,0123-5931/2256-5450,否,否,是,ESCI,0.2,,文学,4 [635/1193],否, LITERARY THEORY & CRITICISM 文学理论与文艺批评,4 [28/53],,,,,,,,,,,三级
PHILOSOPHY AND LITERATURE,2025,0190-0013/1086-329X,否,否,否,AHCI,<0.1,,文学,4 [636/1193],否, LITERARY THEORY & CRITICISM 文学理论与文艺批评,4 [29/53], LITERATURE 其他形式的文学,4 [110/199],,,,,,,,,三级
Kritika Kultura,2025,2094-6937,否,否,否,AHCI,0.1,,文学,4 [637/1193],否, LANGUAGE & LINGUISTICS 语言与语言学,4 [242/391], LITERATURE 其他形式的文学,4 [111/199],,,,,,,,,三级
Journal of Modern Periodical Studies,2025,1947-6574/2152-9272,否,否,否,ESCI,0.1,,文学,4 [638/1193],否," HUMANITIES, MULTIDISCIPLINARY 人文科学",4 [175/406],,,,,,,,,,,三级
JOURNAL OF CHINESE LINGUISTICS,2025,0091-3723/0091-3723,否,否,否,SSCI;AHCI,0.2,,文学,4 [639/1193],否, ASIAN STUDIES 亚洲研究,4 [66/102], LANGUAGE & LINGUISTICS 语言与语言学,4 [243/391], LINGUISTICS 语言学,4 [229/294],,,,,,,三级
Sign Language Studies,2025,0302-1475/1533-6263,否,否,否,ESCI,0.5,,文学,4 [640/1193],否, LINGUISTICS 语言学,4 [230/294],,,,,,,,,,,三级
Tejuelo-Didactica de la Lengua y la Literatura,2025,1988-8430/1988-8430,否,否,是,ESCI,0.8,,文学,4 [641/1193],否, LANGUAGE & LINGUISTICS 语言与语言学,4 [244/391],,,,,,,,,,,三级
Edith Wharton Review,2025,2330-3964/2330-3980,否,否,否,ESCI,0.1,,文学,4 [642/1193],否," LITERATURE, AMERICAN 美国文学",4 [18/28],,,,,,,,,,,三级
Gragoata-UFF,2025,1413-9073/2358-4114,否,否,是,ESCI,0.1,,文学,4 [643/1193],否, LANGUAGE & LINGUISTICS 语言与语言学,4 [245/391],,,,,,,,,,,三级
Zbornik Matice Srpske za Slavistiku-Matica Srpska Journal of Slavic Studies,2025,0352-5007/0352-5007,否,否,否,ESCI,<0.1,,文学,4 [644/1193],否, LANGUAGE & LINGUISTICS 语言与语言学,4 [246/391],,,,,,,,,,,三级
Vestnik Tomskogo Gosudarstvennogo Universiteta Filologiya-Tomsk State University Journal of Philology,2025,1998-6645/2310-5046,否,否,否,ESCI,0.3,,文学,4 [645/1193],否, LANGUAGE & LINGUISTICS 语言与语言学,4 [247/391],,,,,,,,,,,三级
Libri & Liberi,2025,1848-3488/1848-5871,否,否,否,ESCI,0.1,,文学,4 [646/1193],否, LITERATURE 其他形式的文学,4 [112/199],,,,,,,,,,,三级
Philologica Canariensia,2025,1136-3169/2386-8635,否,否,是,ESCI,0.1,,文学,4 [647/1193],否, LANGUAGE & LINGUISTICS 语言与语言学,4 [248/391],,,,,,,,,,,三级
Studies in American Indian Literatures,2025,0730-3238/1548-9590,否,否,否,AHCI,0.1,,文学,4 [648/1193],否," LITERATURE, AMERICAN 美国文学",4 [19/28],,,,,,,,,,,三级
Letras-Lima,2025,0378-4878/2071-5072,否,否,是,ESCI,0.1,,文学,4 [649/1193],否," HUMANITIES, MULTIDISCIPLINARY 人文科学",4 [181/406],,,,,,,,,,,三级
Monteagudo,2025,0580-6712/1989-6166,否,否,否,ESCI,<0.1,,文学,4 [650/1193],否," LITERATURE, ROMANCE 罗曼语系文学",3 [48/116],,,,,,,,,,,三级
Olho d Agua,2025,2177-3807/2177-3807,否,否,是,ESCI,0.1,,文学,4 [651/1193],否, LITERARY THEORY & CRITICISM 文学理论与文艺批评,4 [30/53],,,,,,,,,,,三级
DIACRITICS-A REVIEW OF CONTEMPORARY CRITICISM,2025,0300-7162/1080-6539,否,否,否,AHCI,0.2,,文学,4 [652/1193],否, LITERARY THEORY & CRITICISM 文学理论与文艺批评,4 [31/53],,,,,,,,,,,三级
BOLETIN DE LA REAL ACADEMIA ESPANOLA,2025,0210-4822/2445-0898,否,否,否,AHCI,0.1,,文学,4 [653/1193],否," LITERATURE, ROMANCE 罗曼语系文学",3 [49/116],,,,,,,,,,,三级
ZEITSCHRIFT FUR DIALEKTOLOGIE UND LINGUISTIK,2025,0044-1449/2366-2395,否,否,否,SSCI;AHCI,0.2,,文学,4 [654/1193],否, LANGUAGE & LINGUISTICS 语言与语言学,4 [249/391], LINGUISTICS 语言学,4 [231/294],,,,,,,,,三级
Current Writing-Text and Reception in Southern Africa,2025,1013-929X/2159-9130,否,否,否,ESCI,0.2,,文学,4 [655/1193],否, LITERATURE 其他形式的文学,4 [113/199],,,,,,,,,,,三级
Jezikoslovlje,2025,1331-7202/1848-9001,否,否,否,ESCI,<0.1,,文学,4 [656/1193],否, LANGUAGE & LINGUISTICS 语言与语言学,4 [250/391],,,,,,,,,,,三级
REVISTA CHILENA DE LITERATURA,2025,0718-2295/0718-2295,否,否,是,AHCI,0.1,,文学,4 [657/1193],否," LITERATURE, ROMANCE 罗曼语系文学",3 [50/116],,,,,,,,,,,三级
Interdisciplinary Literary Studies,2025,1524-8429/2161-427X,否,否,否,ESCI,0.1,,文学,4 [658/1193],否, LITERARY THEORY & CRITICISM 文学理论与文艺批评,4 [32/53],,,,,,,,,,,三级
Linguistica Antverpiensia New Series-Themes in Translation Studies,2025,2295-5739/2295-5739,否,否,否,SSCI;AHCI,1,,文学,4 [659/1193],否, LANGUAGE & LINGUISTICS 语言与语言学,4 [251/391], LINGUISTICS 语言学,4 [232/294],,,,,,,,,三级
ETUDES ANGLAISES,2025,0014-195X/0014-195X,否,否,否,AHCI,<0.1,,文学,4 [660/1193],否, LITERATURE 其他形式的文学,4 [114/199],,,,,,,,,,,三级
LIT-Literature Interpretation Theory,2025,1043-6928/1545-5866,否,否,否,AHCI,0.2,,文学,4 [661/1193],否, LITERARY THEORY & CRITICISM 文学理论与文艺批评,4 [33/53],,,,,,,,,,,三级
SPRACHWISSENSCHAFT,2025,0344-8169/2567-6563,否,否,否,AHCI,0.2,,文学,4 [662/1193],否, LANGUAGE & LINGUISTICS 语言与语言学,4 [252/391],,,,,,,,,,,三级
Journal of Language Literature and Culture,2025,2051-2856/2051-2864,否,否,否,AHCI,0.2,,文学,4 [663/1193],否, LANGUAGE & LINGUISTICS 语言与语言学,4 [253/391], LITERATURE 其他形式的文学,4 [115/199],,,,,,,,,三级
International Review of Pragmatics,2025,1877-3095/1877-3109,否,否,否,ESCI,0.2,,文学,4 [664/1193],否, LANGUAGE & LINGUISTICS 语言与语言学,4 [254/391],,,,,,,,,,,三级
Bioscope-South Asian Screen Studies,2025,0974-9276/0976-352X,否,否,否,AHCI,0.2,,文学,4 [665/1193],否, ASIAN STUDIES 亚洲研究,4 [71/102]," FILM, RADIO, TELEVISION 电影、广播、电视",4 [41/66],,,,,,,,,三级
Mental Lexicon,2025,1871-1340/1871-1375,否,否,否,ESCI,1.3,,文学,4 [666/1193],否, LINGUISTICS 语言学,4 [233/294],,,,,,,,,,,三级
LEA-Lingue e Letterature d Oriente e d Occidente,2025,1824-4920/1824-484X,否,否,是,ESCI,<0.1,,文学,4 [667/1193],否, LANGUAGE & LINGUISTICS 语言与语言学,4 [255/391],,,,,,,,,,,三级
Prism-Theory and Modern Chinese Literature,2025,2578-3491/2578-3505,否,否,否,ESCI,0.1,,文学,4 [668/1193],否, ASIAN STUDIES 亚洲研究,4 [72/102], LITERATURE 其他形式的文学,4 [116/199],,,,,,,,,三级
Angermion-Yearbook for Anglo-German Literary Criticism Intellectual History and Cultural Transfers-Jahrbuch fuer Britisch-Deutsche Kulturbeziehungen,2025,1438-2091/1868-9426,否,否,否,ESCI,0.1,,文学,4 [669/1193],否," HUMANITIES, MULTIDISCIPLINARY 人文科学",4 [192/406],,,,,,,,,,,三级
Circulo de Linguistica Aplicada a la Comunicacion,2025,1576-4737/1576-4737,否,否,是,SSCI;AHCI,0.3,,文学,4 [670/1193],否, LANGUAGE & LINGUISTICS 语言与语言学,4 [256/391], LINGUISTICS 语言学,4 [234/294],,,,,,,,,三级
ANQ-A QUARTERLY JOURNAL OF SHORT ARTICLES NOTES AND REVIEWS,2025,0895-769X/1940-3364,否,否,否,AHCI,0.1,,文学,4 [671/1193],否, LITERATURE 其他形式的文学,4 [117/199],,,,,,,,,,,三级
Veleia,2025,0213-2095/2444-3565,否,否,否,ESCI,0.2,,文学,4 [672/1193],否," HUMANITIES, MULTIDISCIPLINARY 人文科学",4 [195/406],,,,,,,,,,,三级
International Journal of Speech Language and the Law,2025,1748-8885/1748-8893,否,否,否,SSCI,0.4,,文学,4 [673/1193],否, CRIMINOLOGY & PENOLOGY 犯罪学与刑罚学,4 [87/111], LINGUISTICS 语言学,4 [235/294],,,,,,,,,三级
Eixo e a Roda-Revista de Literatura Brasileira,2025,0102-4809/2358-9787,否,否,是,ESCI,<0.1,,文学,4 [674/1193],否," LITERATURE, ROMANCE 罗曼语系文学",3 [51/116],,,,,,,,,,,三级
CRITICA LETTERARIA,2025,0390-0142/2035-2638,否,否,否,AHCI,0.1,,文学,4 [675/1193],否," LITERATURE, ROMANCE 罗曼语系文学",3 [52/116],,,,,,,,,,,三级
European Journal of Scandinavian Studies,2025,2191-9399/2191-9402,否,否,否,AHCI,<0.1,,文学,4 [676/1193],否, LANGUAGE & LINGUISTICS 语言与语言学,4 [257/391]," LITERATURE, GERMAN, DUTCH, SCANDINAVIAN 日耳曼语系文学",4 [17/28],,,,,,,,,三级
Spanish in Context,2025,1571-0718/1571-0726,否,否,否,SSCI;AHCI,0.4,,文学,4 [677/1193],否, LANGUAGE & LINGUISTICS 语言与语言学,4 [258/391], LINGUISTICS 语言学,4 [236/294],,,,,,,,,三级
Revista de Filologia Alemana,2025,1133-0406/1988-2823,否,否,是,ESCI,<0.1,,文学,4 [678/1193],否," LITERATURE, GERMAN, DUTCH, SCANDINAVIAN 日耳曼语系文学",4 [18/28],,,,,,,,,,,三级
Philobiblon-Transylvanian Journal of Multidisciplinary Research in Humanities,2025,1224-7448/2247-8442,否,否,是,ESCI,0.2,,文学,4 [679/1193],否," HUMANITIES, MULTIDISCIPLINARY 人文科学",4 [196/406],,,,,,,,,,,三级
Artifara-Revista de Lenguas y Literaturas Ibericas y Latinoamericanas,2025,1594-378X/1594-378X,否,否,否,ESCI,<0.1,,文学,4 [680/1193],否, LANGUAGE & LINGUISTICS 语言与语言学,4 [259/391],,,,,,,,,,,三级
Southern Communication Journal,2025,1041-794X/1930-3203,否,否,否,ESCI,0.8,,文学,4 [681/1193],否, COMMUNICATION 传播学,4 [152/223],,,,,,,,,,,三级
Via Atlantica,2025,1516-5159/2317-8086,否,否,是,ESCI,<0.1,,文学,4 [682/1193],否," HUMANITIES, MULTIDISCIPLINARY 人文科学",4 [197/406],,,,,,,,,,,三级
CONFLUENCIA-REVISTA HISPANICA DE CULTURA Y LITERATURA,2025,0888-6091/2328-6962,否,否,否,AHCI,0.2,,文学,4 [683/1193],否," LITERATURE, ROMANCE 罗曼语系文学",3 [53/116], LITERARY THEORY & CRITICISM 文学理论与文艺批评,4 [34/53],,,,,,,,,三级
Brazilian Journalism Research,2025,1808-4079/1981-9854,否,否,是,ESCI,0.6,,文学,4 [684/1193],否, COMMUNICATION 传播学,4 [153/223],,,,,,,,,,,三级
RENASCENCE-ESSAYS ON VALUES IN LITERATURE,2025,0034-4346/2329-8626,否,否,否,AHCI,0.1,,文学,4 [685/1193],否, LITERATURE 其他形式的文学,4 [118/199],,,,,,,,,,,三级
JOURNAL OF PRE-RAPHAELITE STUDIES-NEW SERIES,2025,1060-149X/1060-149X,否,否,否,AHCI,,,文学,4 [686/1193],否," HUMANITIES, MULTIDISCIPLINARY 人文科学",4 [198/406],,,,,,,,,,,三级
Galactica Media-Journal of Media Studies - Galaktika Media-Zhurnal Media Issledovanij,2025,2658-7734/2658-7734,否,否,是,ESCI,0.3,,文学,4 [687/1193],否, COMMUNICATION 传播学,4 [154/223],,,,,,,,,,,三级
COLLOQUIA GERMANICA,2025,0010-1338/0010-1338,否,否,否,AHCI,0.1,,文学,4 [688/1193],否, LANGUAGE & LINGUISTICS 语言与语言学,4 [260/391]," LITERATURE, GERMAN, DUTCH, SCANDINAVIAN 日耳曼语系文学",4 [19/28],,,,,,,,,三级
Hilo de la Fabula,2025,1667-7900/2362-5651,否,否,是,ESCI,<0.1,,文学,4 [689/1193],否, LITERATURE 其他形式的文学,4 [119/199],,,,,,,,,,,三级
Cuadernos Lirico,2025,2263-2158/2262-8339,否,否,是,ESCI,0.1,,文学,4 [690/1193],否," LITERATURE, ROMANCE 罗曼语系文学",3 [54/116],,,,,,,,,,,三级
Vestnik Sankt-Peterburgskogo Universiteta-Yazyk i Literatura,2025,2541-9358/2541-9366,否,否,否,ESCI,0.1,,文学,4 [691/1193],否," HUMANITIES, MULTIDISCIPLINARY 人文科学",4 [199/406],,,,,,,,,,,三级
SCIENCE-FICTION STUDIES,2025,0091-7729,否,否,否,AHCI,0.3,,文学,4 [692/1193],否, LITERATURE 其他形式的文学,4 [120/199],,,,,,,,,,,三级
Language Problems & Language Planning,2025,0272-2690/1569-9889,否,否,否,SSCI;AHCI,0.6,,文学,4 [693/1193],否, LANGUAGE & LINGUISTICS 语言与语言学,4 [261/391], LINGUISTICS 语言学,4 [237/294],,,,,,,,,三级
RIVISTA DI LETTERATURA ITALIANA,2025,0392-825X/1724-0638,否,否,否,ESCI,0.1,,文学,4 [694/1193],否," LITERATURE, ROMANCE 罗曼语系文学",3 [55/116],,,,,,,,,,,三级
REVISTA DE ESTUDIOS HISPANICOS,2025,0034-818X/0034-818X,否,否,否,AHCI,0.1,,文学,4 [695/1193],否," LITERATURE, ROMANCE 罗曼语系文学",3 [56/116],,,,,,,,,,,三级
STUDIES IN ENGLISH LITERATURE 1500-1900,2025,0039-3657/1522-9270,否,否,否,AHCI,,,文学,4 [696/1193],否," LITERATURE, BRITISH ISLES 英国文学",4 [15/21],,,,,,,,,,,三级
Zeitschrift fur Katalanistik,2025,0932-2221,否,否,否,AHCI,0.1,,文学,4 [697/1193],否, LANGUAGE & LINGUISTICS 语言与语言学,4 [262/391]," LITERATURE, ROMANCE 罗曼语系文学",4 [57/116],,,,,,,,,三级
Co-herencia,2025,1794-5887/2539-1208,否,否,是,AHCI,<0.1,,文学,4 [698/1193],否," HUMANITIES, MULTIDISCIPLINARY 人文科学",4 [203/406],,,,,,,,,,,三级
Carte Romanze,2025,2282-7447/2282-7447,否,否,是,ESCI,0.1,,文学,4 [699/1193],否," LITERATURE, ROMANCE 罗曼语系文学",4 [58/116],,,,,,,,,,,三级
Journal of Quantitative Linguistics,2025,0929-6174/1744-5035,否,否,否,SSCI;AHCI,1.7,,文学,4 [700/1193],否, LANGUAGE & LINGUISTICS 语言与语言学,4 [263/391], LINGUISTICS 语言学,4 [238/294],,,,,,,,,三级
ZEITSCHRIFT FUR DEUTSCHES ALTERTUM UND DEUTSCHE LITERATUR,2025,0044-2518/0044-2518,否,否,否,AHCI,0.1,,文学,4 [701/1193],否," LITERATURE, GERMAN, DUTCH, SCANDINAVIAN 日耳曼语系文学",4 [20/28],,,,,,,,,,,三级
Litera-Journal of Language Literature and Culture Studies,2025,1304-0057/2602-2117,否,否,是,ESCI,0.3,,文学,4 [702/1193],否, LANGUAGE & LINGUISTICS 语言与语言学,4 [264/391],,,,,,,,,,,三级
STUDIA NEOPHILOLOGICA,2025,0039-3274/1651-2308,否,否,否,AHCI,0.3,,文学,4 [703/1193],否, LANGUAGE & LINGUISTICS 语言与语言学,4 [265/391], LITERATURE 其他形式的文学,4 [121/199],,,,,,,,,三级
Palabra,2025,0121-8530/2346-3864,否,否,是,ESCI,0.1,,文学,4 [704/1193],否, LITERATURE 其他形式的文学,4 [122/199],,,,,,,,,,,三级
International Journal of Chinese Linguistics,2025,2213-8706/2213-8714,否,否,否,ESCI,0.1,,文学,4 [705/1193],否, LANGUAGE & LINGUISTICS 语言与语言学,4 [266/391],,,,,,,,,,,三级
ANALES DE LA LITERATURA ESPANOLA CONTEMPORANEA,2025,0272-1635,否,否,否,AHCI,0.1,,文学,4 [706/1193],否," LITERATURE, ROMANCE 罗曼语系文学",4 [59/116],,,,,,,,,,,三级
African Journal of Rhetoric,2025,1998-2054/1998-2054,否,否,否,ESCI,<0.1,,文学,4 [707/1193],否, LANGUAGE & LINGUISTICS 语言与语言学,4 [267/391],,,,,,,,,,,三级
Asia-Pacific Language Variation,2025,2215-1354/2215-1362,否,否,否,ESCI,0.4,,文学,4 [708/1193],否, LANGUAGE & LINGUISTICS 语言与语言学,4 [268/391], LINGUISTICS 语言学,4 [239/294],,,,,,,,,三级
Deutsch als Fremdsprache-Zeitschrift zur Theorie und Praxis des Faches Deutsch als Fremdsprache,2025,0011-9741/2198-2430,否,否,否,ESCI,0.4,,文学,4 [709/1193],否, LANGUAGE & LINGUISTICS 语言与语言学,4 [269/391],,,,,,,,,,,三级
Chinese Language and Discourse,2025,1877-7031/1877-8798,否,否,否,ESCI,0.1,,文学,4 [710/1193],否, LINGUISTICS 语言学,4 [240/294],,,,,,,,,,,三级
CANADIAN LITERATURE,2025,0008-4360/0008-4360,否,否,否,AHCI,,,文学,4 [711/1193],否," LITERATURE, AFRICAN, AUSTRALIAN, CANADIAN 英联邦文学",3 [4/7],,,,,,,,,,,三级
Fontes Linguae Vasconum,2025,0046-435X/2530-5832,否,否,是,ESCI,0.1,,文学,4 [712/1193],否, LANGUAGE & LINGUISTICS 语言与语言学,4 [270/391], LINGUISTICS 语言学,4 [241/294], LITERATURE 其他形式的文学,4 [123/199],,,,,,,三级
Jordan Journal of Modern Languages & Literature,2025,1994-6953/2304-8069,否,否,否,ESCI,0.2,,文学,4 [713/1193],否, LANGUAGE & LINGUISTICS 语言与语言学,4 [271/391],,,,,,,,,,,三级
Impossibilia-Revista Internacional de Estudios Literarios,2025,2174-2464/2174-2464,否,否,是,ESCI,0.2,,文学,4 [714/1193],否, LITERATURE 其他形式的文学,4 [124/199],,,,,,,,,,,三级
SPIEGEL DER LETTEREN,2025,0038-7479,否,否,否,AHCI,,,文学,4 [715/1193],否," LITERATURE, GERMAN, DUTCH, SCANDINAVIAN 日耳曼语系文学",4 [21/28],,,,,,,,,,,三级
Neo-Victorian Studies,2025,1757-9481/1757-9481,否,否,是,ESCI,<0.1,,文学,4 [716/1193],否," HUMANITIES, MULTIDISCIPLINARY 人文科学",4 [207/406],,,,,,,,,,,三级
KOME-An International Journal of Pure Communication Inquiry,2025,2063-7330/2063-7330,否,否,是,ESCI,0.4,,文学,4 [717/1193],否, COMMUNICATION 传播学,4 [155/223],,,,,,,,,,,三级
ETUDES FRANCAISES,2025,0014-2085/1492-1405,否,否,否,AHCI,0.1,,文学,4 [718/1193],否," LITERATURE, ROMANCE 罗曼语系文学",4 [60/116],,,,,,,,,,,三级
Caracol,2025,2178-1702/2317-9651,否,否,是,ESCI,0.1,,文学,4 [719/1193],否, LANGUAGE & LINGUISTICS 语言与语言学,4 [272/391]," LITERATURE, ROMANCE 罗曼语系文学",4 [61/116],,,,,,,,,三级
ZEITSCHRIFT FUR GERMANISTIK,2025,0323-7982,否,否,否,AHCI,0.1,,文学,4 [720/1193],否," LITERATURE, GERMAN, DUTCH, SCANDINAVIAN 日耳曼语系文学",4 [22/28],,,,,,,,,,,三级
Interdisciplinary Studies of Literature,2025,2520-4920/2616-4566,否,否,否,AHCI,0.2,,文学,4 [721/1193],否, LITERATURE 其他形式的文学,4 [127/199],,,,,,,,,,,三级
Knjizevna Smotra,2025,0455-0463/2459-6329,否,否,否,AHCI,<0.1,,文学,4 [722/1193],否," LITERATURE, SLAVIC 斯拉夫语系文学",4 [8/12],,,,,,,,,,,三级
MINNESOTA REVIEW,2025,0026-5667/2157-4189,否,否,否,AHCI,0.1,,文学,4 [723/1193],否, LITERARY REVIEWS 文学评论,2 [5/42],,,,,,,,,,,三级
YALE FRENCH STUDIES,2025,0044-0078,否,否,否,AHCI,,,文学,4 [724/1193],否," LITERATURE, ROMANCE 罗曼语系文学",4 [62/116],,,,,,,,,,,三级
Vestnik Volgogradskogo Gosudarstvennogo Universiteta-Seriya 2-Yazykoznanie,2025,1998-9911/2409-1979,否,否,是,ESCI,0.3,,文学,4 [725/1193],否, LANGUAGE & LINGUISTICS 语言与语言学,4 [273/391],,,,,,,,,,,三级
RASSEGNA DELLA LETTERATURA ITALIANA,2025,0033-9423,否,否,否,AHCI,<0.1,,文学,4 [726/1193],否," LITERATURE, ROMANCE 罗曼语系文学",4 [63/116],,,,,,,,,,,三级
Anales Galdosianos,2025,0569-9924/2161-301X,否,否,否,ESCI,0.1,,文学,4 [727/1193],否," LITERATURE, ROMANCE 罗曼语系文学",4 [64/116],,,,,,,,,,,三级
Canadian Journal of Communication,2025,0705-3657/1499-6642,否,否,否,ESCI,0.5,,文学,4 [728/1193],否, COMMUNICATION 传播学,4 [156/223],,,,,,,,,,,三级
Taller de Letras,2025,0716-0798/0716-0798,否,否,否,AHCI,0.1,,文学,4 [729/1193],否," LITERATURE, ROMANCE 罗曼语系文学",4 [65/116],,,,,,,,,,,三级
International Journal of Humanities and Arts Computing-A Journal of Digital Humanities,2025,1753-8548/1755-1706,否,否,否,AHCI,0.6,,文学,4 [730/1193],否," HUMANITIES, MULTIDISCIPLINARY 人文科学",4 [209/406],,,,,,,,,,,三级
COLLEGE LITERATURE,2025,0093-3139/1542-4286,否,否,否,AHCI,0.2,,文学,4 [731/1193],否, LITERATURE 其他形式的文学,4 [128/199],,,,,,,,,,,三级
J19-The Journal of Nineteenth-Century Americanists,2025,2166-742X/2166-7438,否,否,否,ESCI,0.1,,文学,4 [732/1193],否," LITERATURE, AMERICAN 美国文学",4 [20/28],,,,,,,,,,,三级
TEXAS STUDIES IN LITERATURE AND LANGUAGE,2025,0040-4691/1534-7303,否,否,否,AHCI,0.1,,文学,4 [733/1193],否, LITERATURE 其他形式的文学,4 [129/199],,,,,,,,,,,三级
Studies in American Jewish Literature,2025,0271-9274/1948-5077,否,否,否,AHCI,0.3,,文学,4 [734/1193],否," LITERATURE, AMERICAN 美国文学",4 [21/28],,,,,,,,,,,三级
LaborHistorico,2025,2359-6910/2359-6910,否,否,否,ESCI,<0.1,,文学,4 [735/1193],否, LANGUAGE & LINGUISTICS 语言与语言学,4 [274/391],,,,,,,,,,,三级
British and American Studies,2025,1224-3086/2457-7715,否,否,是,ESCI,<0.1,,文学,4 [736/1193],否, LITERATURE 其他形式的文学,4 [130/199],,,,,,,,,,,三级
Cuadernos de Literatura,2025,0122-8102/2346-1691,否,否,是,ESCI,<0.1,,文学,4 [737/1193],否, LITERATURE 其他形式的文学,4 [131/199],,,,,,,,,,,三级
STUDI E PROBLEMI DI CRITICA TESTUALE,2025,0049-2361,否,否,否,AHCI,<0.1,,文学,4 [738/1193],否, LANGUAGE & LINGUISTICS 语言与语言学,4 [275/391]," LITERATURE, ROMANCE 罗曼语系文学",4 [66/116],,,,,,,,,三级
SLAVIC AND EAST EUROPEAN JOURNAL,2025,0037-6752/0037-6752,否,否,否,AHCI,<0.1,,文学,4 [739/1193],否," LITERATURE, SLAVIC 斯拉夫语系文学",4 [9/12],,,,,,,,,,,三级
Literatura e Sociedade,2025,1413-2982/2237-1184,否,否,是,ESCI,<0.1,,文学,4 [740/1193],否, LITERATURE 其他形式的文学,4 [132/199],,,,,,,,,,,三级
INTERNATIONAL JOURNAL OF AMERICAN LINGUISTICS,2025,0020-7071/1545-7001,否,否,否,SSCI;AHCI,0.2,,文学,4 [741/1193],否, LANGUAGE & LINGUISTICS 语言与语言学,4 [276/391], LINGUISTICS 语言学,4 [242/294],,,,,,,,,三级
MISSISSIPPI QUARTERLY,2025,0026-637X/2689-517X,否,否,否,AHCI,0.1,,文学,4 [742/1193],否, LITERARY THEORY & CRITICISM 文学理论与文艺批评,4 [35/53],,,,,,,,,,,三级
RIVISTA DI LETTERATURE MODERNE E COMPARATE,2025,0391-2108,否,否,否,AHCI,<0.1,,文学,4 [743/1193],否, LITERATURE 其他形式的文学,4 [133/199],,,,,,,,,,,三级
AUSTRALIAN LITERARY STUDIES,2025,0004-9697/1837-6479,否,否,否,AHCI,0.2,,文学,4 [744/1193],否," LITERATURE, AFRICAN, AUSTRALIAN, CANADIAN 英联邦文学",4 [5/7],,,,,,,,,,,三级
NOTTINGHAM FRENCH STUDIES,2025,0029-4586/2047-7236,否,否,否,AHCI,0.1,,文学,4 [745/1193],否," LITERATURE, ROMANCE 罗曼语系文学",4 [67/116],,,,,,,,,,,三级
Slovo a Slovesnost,2025,0037-7031,否,否,否,SSCI;AHCI,0.2,,文学,4 [746/1193],否, LANGUAGE & LINGUISTICS 语言与语言学,4 [277/391], LINGUISTICS 语言学,4 [243/294],,,,,,,,,三级
Nauchnyi Dialog,2025,2225-756X/2227-1295,否,否,是,ESCI,0.2,,文学,4 [747/1193],否," HUMANITIES, MULTIDISCIPLINARY 人文科学",4 [212/406],,,,,,,,,,,三级
Journal of British and Irish Innovative Poetry,2025,1758-2733/1758-972X,否,否,是,ESCI,0.1,,文学,4 [748/1193],否, POETRY 诗歌,4 [10/15],,,,,,,,,,,三级
Veredas-Revista da Associacao Internacional de Lusitanistas,2025,0874-5102,否,否,是,ESCI,<0.1,,文学,4 [749/1193],否," LITERATURE, ROMANCE 罗曼语系文学",4 [68/116],,,,,,,,,,,三级
452 F-Revista de Teoria de la Literatura y Literatura Comparada,2025,2013-3294/2013-3294,否,否,是,ESCI,0.1,,文学,4 [750/1193],否, LITERATURE 其他形式的文学,4 [134/199],,,,,,,,,,,三级
Revista de Letras,2025,0101-3505/1981-7886,否,否,否,AHCI,0.1,,文学,4 [751/1193],否, LITERARY THEORY & CRITICISM 文学理论与文艺批评,4 [36/53],,,,,,,,,,,三级
Configurations,2025,1063-1801/1080-6520,否,否,否,AHCI,0.3,,文学,4 [752/1193],否, HISTORY & PHILOSOPHY OF SCIENCE 科学史与科学哲学,4 [70/105], LITERATURE 其他形式的文学,4 [135/199],,,,,,,,,三级
Unterrichtspraxis-Teaching German,2025,0042-062X/1756-1221,否,否,否,ESCI,0.3,,文学,4 [753/1193],否, LANGUAGE & LINGUISTICS 语言与语言学,4 [278/391],,,,,,,,,,,三级
Estudios Irlandeses,2025,1699-311X/1699-311X,否,否,是,ESCI,0.5,,文学,4 [754/1193],否," HUMANITIES, MULTIDISCIPLINARY 人文科学",4 [214/406],,,,,,,,,,,三级
GERMANISCH-ROMANISCHE MONATSSCHRIFT,2025,0016-8904/0016-8904,否,否,否,AHCI,0.1,,文学,4 [755/1193],否, LITERATURE 其他形式的文学,4 [136/199],,,,,,,,,,,三级
Multicultural Shakespeare-Translation Appropriation and Performance,2025,2083-8530/2300-7605,否,否,是,ESCI,<0.1,,文学,4 [756/1193],否," LITERATURE, BRITISH ISLES 英国文学",4 [16/21],,,,,,,,,,,三级
CONTEMPORARY LITERATURE,2025,0010-7484/1548-9949,否,否,否,AHCI,0.2,,文学,4 [757/1193],否, LITERATURE 其他形式的文学,4 [137/199],,,,,,,,,,,三级
Contexto,2025,1315-9453/2610-7902,否,否,是,ESCI,0.3,,文学,4 [758/1193],否, LITERATURE 其他形式的文学,4 [138/199],,,,,,,,,,,三级
DICKENSIAN,2025,0012-2440/0012-2440,否,否,否,AHCI,1,,文学,4 [759/1193],否," LITERATURE, BRITISH ISLES 英国文学",4 [17/21],,,,,,,,,,,三级
Linguistica Pragensia,2025,0862-8432/1805-9635,否,否,是,ESCI,0.2,,文学,4 [760/1193],否, LANGUAGE & LINGUISTICS 语言与语言学,4 [279/391],,,,,,,,,,,三级
RLC-REVUE DE LITTERATURE COMPAREE,2025,0035-1466,否,否,否,AHCI,0.1,,文学,4 [761/1193],否, LITERATURE 其他形式的文学,4 [139/199],,,,,,,,,,,三级
NEUPHILOLOGISCHE MITTEILUNGEN,2025,0028-3754,否,否,否,AHCI,0.1,,文学,4 [762/1193],否, LANGUAGE & LINGUISTICS 语言与语言学,4 [280/391],,,,,,,,,,,三级
Al-Arabiyya-Journal of the American Association of Teachers of Arabic,2025,0889-8731/2375-4036,否,否,否,ESCI,0.3,,文学,4 [763/1193],否, LANGUAGE & LINGUISTICS 语言与语言学,4 [281/391],,,,,,,,,,,三级
CONTEMPORARY FRENCH AND FRANCOPHONE STUDIES,2025,1740-9292/1740-9306,否,否,否,AHCI,0.2,,文学,4 [764/1193],否," LITERATURE, ROMANCE 罗曼语系文学",4 [69/116],,,,,,,,,,,三级
Turk Dili ve Edebiyati Dergisi-Journal of Turkish Language and Literature,2025,1015-2091/2602-2648,否,否,是,ESCI,0.1,,文学,4 [765/1193],否, LANGUAGE & LINGUISTICS 语言与语言学,4 [282/391], LITERATURE 其他形式的文学,4 [140/199],,,,,,,,,三级
ROMANCE NOTES,2025,0035-7995/2165-7599,否,否,否,AHCI,<0.1,,文学,4 [766/1193],否," LITERATURE, ROMANCE 罗曼语系文学",4 [70/116],,,,,,,,,,,三级
Italianist,2025,0261-4340/1748-619X,否,否,否,ESCI,0.5,,文学,4 [767/1193],否," HUMANITIES, MULTIDISCIPLINARY 人文科学",4 [218/406],,,,,,,,,,,三级
CHASQUI-REVISTA DE LITERATURA LATINOAMERICANA,2025,0145-8973/2327-4247,否,否,否,AHCI,0.1,,文学,4 [768/1193],否, LITERARY REVIEWS 文学评论,2 [6/42],,,,,,,,,,,三级
Romanic Review,2025,0035-8118/2688-5220,否,否,否,ESCI,0.1,,文学,4 [769/1193],否," LITERATURE, ROMANCE 罗曼语系文学",4 [71/116],,,,,,,,,,,三级
CESKA LITERATURA,2025,0009-0468/2571-094X,否,否,是,AHCI,0.1,,文学,4 [770/1193],否," LITERATURE, SLAVIC 斯拉夫语系文学",4 [10/12],,,,,,,,,,,三级
PAMIETNIK LITERACKI,2025,0031-0514/0031-0514,否,否,是,AHCI,0.1,,文学,4 [771/1193],否," LITERATURE, SLAVIC 斯拉夫语系文学",4 [11/12],,,,,,,,,,,三级
Filologicheskie Nauki-Nauchnye Doklady Vysshei Shkoly-Philological Sciences-Scientific Essays of Higher Education,2025,2310-4287/2310-4287,否,否,否,ESCI,0.1,,文学,4 [772/1193],否, LANGUAGE & LINGUISTICS 语言与语言学,4 [283/391],,,,,,,,,,,三级
SKASE Journal of Theoretical Linguistics,2025,1336-782X/1336-782X,否,否,否,ESCI,0.4,,文学,4 [773/1193],否, LANGUAGE & LINGUISTICS 语言与语言学,4 [284/391], LINGUISTICS 语言学,4 [245/294],,,,,,,,,三级
STUDIES IN CANADIAN LITERATURE-ETUDES EN LITTERATURE CANADIENNE,2025,0380-6995/1718-7850,否,否,否,AHCI,0.1,,文学,4 [774/1193],否," LITERATURE, AFRICAN, AUSTRALIAN, CANADIAN 英联邦文学",4 [6/7],,,,,,,,,,,三级
Atelier,2025,2109-9103/2109-9103,否,否,否,ESCI,0.1,,文学,4 [775/1193],否," HUMANITIES, MULTIDISCIPLINARY 人文科学",4 [222/406],,,,,,,,,,,三级
Language Documentation & Conservation,2025,1934-5275/1934-5275,否,否,是,ESCI,,,文学,4 [776/1193],否, LANGUAGE & LINGUISTICS 语言与语言学,4 [285/391], LINGUISTICS 语言学,4 [246/294],,,,,,,,,三级
CLA JOURNAL-COLLEGE LANGUAGE ASSOCIATION,2025,0007-8549,否,否,否,AHCI,,,文学,4 [777/1193],否, LITERATURE 其他形式的文学,4 [141/199],,,,,,,,,,,三级
Theleme-Revista Complutense de Estudios Franceses,2025,1139-9368/1989-8193,否,否,是,ESCI,<0.1,,文学,4 [778/1193],否," LITERATURE, ROMANCE 罗曼语系文学",4 [72/116],,,,,,,,,,,三级
Studia z Filologii Polskiej i Slowianskiej,2025,0081-7090/2392-2435,否,否,是,ESCI,<0.1,,文学,4 [779/1193],否, LANGUAGE & LINGUISTICS 语言与语言学,4 [286/391],,,,,,,,,,,三级
Mitologias Hoy-Revista de Pensamiento Critica y Estudios Literarios Latinoamericanos,2025,2014-1130/2014-1130,否,否,是,ESCI,0.2,,文学,4 [780/1193],否," HUMANITIES, MULTIDISCIPLINARY 人文科学",4 [223/406],,,,,,,,,,,三级
Dixit,2025,1688-3497/0797-3691,否,否,是,ESCI,0.1,,文学,4 [781/1193],否, COMMUNICATION 传播学,4 [157/223],,,,,,,,,,,三级
Palaeohispanica-Revista sobre Lenguas y Culturas de la Hispania Antigua,2025,1578-5386/2603-7637,否,否,否,ESCI,0.3,,文学,4 [782/1193],否, LANGUAGE & LINGUISTICS 语言与语言学,4 [287/391],,,,,,,,,,,三级
Frontiers of Literary Studies in China,2025,1673-7318/1673-7423,否,否,否,ESCI,<0.1,,文学,4 [783/1193],否, ASIAN STUDIES 亚洲研究,4 [83/102], LITERATURE 其他形式的文学,4 [142/199],,,,,,,,,三级
Camino Real-Estudios de las Hispanidades Norteamericanas,2025,1889-5611/1889-5611,否,否,否,ESCI,<0.1,,文学,4 [784/1193],否," HUMANITIES, MULTIDISCIPLINARY 人文科学",4 [225/406],,,,,,,,,,,三级
REVELL-Revista de Estudos Literarios da UEMS,2025,2179-4456/2179-4456,否,否,是,ESCI,<0.1,,文学,4 [785/1193],否, LITERATURE 其他形式的文学,4 [143/199],,,,,,,,,,,三级
Anuari de Filologia-Estudis de Linguistica,2025,2014-1408/2014-1408,否,否,是,ESCI,0.1,,文学,4 [786/1193],否, LANGUAGE & LINGUISTICS 语言与语言学,4 [288/391],,,,,,,,,,,三级
JOURNAL OF AMERICAN CULTURE,2025,1542-7331/1542-734X,否,否,否,ESCI,0.2,,文学,4 [787/1193],否," HUMANITIES, MULTIDISCIPLINARY 人文科学",4 [227/406],,,,,,,,,,,三级
South Central Review,2025,0743-6831/1549-3377,否,否,否,AHCI,0.1,,文学,4 [788/1193],否," HUMANITIES, MULTIDISCIPLINARY 人文科学",4 [228/406],,,,,,,,,,,三级
Yearbook of Phraseology,2025,1868-632X/1868-6338,否,否,否,ESCI,0.2,,文学,4 [789/1193],否, LANGUAGE & LINGUISTICS 语言与语言学,4 [289/391],,,,,,,,,,,三级
Contexto-Revista do Programa de Pos-Graduacao em Letras,2025,2358-9566/2358-9566,否,否,是,ESCI,<0.1,,文学,4 [790/1193],否, LITERATURE 其他形式的文学,4 [144/199],,,,,,,,,,,三级
Cuadernos de Ilustracion y Romanticismo,2025,2173-0687/2173-0687,否,否,是,ESCI,0.2,,文学,4 [791/1193],否," HUMANITIES, MULTIDISCIPLINARY 人文科学",4 [229/406],,,,,,,,,,,三级
Electronic News,2025,1931-2431/1931-244X,否,否,否,ESCI,1.4,,文学,4 [792/1193],否, COMMUNICATION 传播学,4 [158/223],,,,,,,,,,,三级
REGISTER Journal,2025,1979-8903/2503-040X,否,否,是,ESCI,0.6,,文学,4 [793/1193],否, EDUCATION & EDUCATIONAL RESEARCH 教育学和教育研究,4 [519/754], LINGUISTICS 语言学,4 [247/294],,,,,,,,,三级
Literatura e Autoritarismo,2025,1679-849X/1679-849X,否,否,是,ESCI,<0.1,,文学,4 [794/1193],否, LITERATURE 其他形式的文学,4 [145/199],,,,,,,,,,,三级
Mark Twain Annual,2025,1553-0981/1756-2597,否,否,否,ESCI,0.6,,文学,4 [795/1193],否," LITERATURE, AMERICAN 美国文学",4 [22/28],,,,,,,,,,,三级
Italica Belgradensia,2025,0353-4766/2812-877X,否,否,否,ESCI,<0.1,,文学,4 [796/1193],否, LANGUAGE & LINGUISTICS 语言与语言学,4 [290/391]," LITERATURE, ROMANCE 罗曼语系文学",4 [73/116],,,,,,,,,三级
Simplegadi,2025,1824-5226/1824-5226,否,否,是,ESCI,0.1,,文学,4 [797/1193],否, LITERATURE 其他形式的文学,4 [147/199],,,,,,,,,,,三级
RLA-Revista de Linguistica Teorica y Aplicada,2025,0718-4883/0718-4883,否,否,否,SSCI;AHCI,0.5,,文学,4 [798/1193],否, LANGUAGE & LINGUISTICS 语言与语言学,4 [291/391], LINGUISTICS 语言学,4 [248/294],,,,,,,,,三级
Comparatist,2025,0195-7678/1559-0887,否,否,否,ESCI,0.2,,文学,4 [799/1193],否, LITERATURE 其他形式的文学,4 [148/199],,,,,,,,,,,三级
Ticontre-Teoria Testo Traduzione,2025,2284-4473/2284-4473,否,否,是,ESCI,<0.1,,文学,4 [800/1193],否, LITERARY THEORY & CRITICISM 文学理论与文艺批评,4 [38/53],,,,,,,,,,,三级
Media Education-Mediaobrazovanie,2025,1994-4160/1994-4195,否,否,否,ESCI,,,文学,4 [801/1193],否, COMMUNICATION 传播学,4 [159/223],,,,,,,,,,,三级
KEATS-SHELLEY REVIEW,2025,0952-4142/2042-1362,否,否,否,AHCI,0.1,,文学,4 [802/1193],否, POETRY 诗歌,4 [11/15],,,,,,,,,,,三级
ZEITSCHRIFT FUR GERMANISTISCHE LINGUISTIK,2025,0301-3294/1613-0626,否,否,否,AHCI,0.3,,文学,4 [803/1193],否, LANGUAGE & LINGUISTICS 语言与语言学,4 [292/391],,,,,,,,,,,三级
RILCE-Revista de Filologia Hispanica,2025,0213-2370/2174-0917,否,否,否,SSCI;AHCI,0.2,,文学,4 [804/1193],否, LANGUAGE & LINGUISTICS 语言与语言学,4 [293/391], LINGUISTICS 语言学,4 [249/294]," LITERATURE, ROMANCE 罗曼语系文学",4 [74/116],,,,,,,三级
CANADIAN MODERN LANGUAGE REVIEW-REVUE CANADIENNE DES LANGUES VIVANTES,2025,0008-4506/1710-1131,否,否,否,SSCI,0.9,,文学,4 [805/1193],否, LINGUISTICS 语言学,4 [250/294],,,,,,,,,,,三级
Estudios de Literatura Colombiana,2025,0123-4412/0123-4412,否,否,是,ESCI,0.1,,文学,4 [806/1193],否," LITERATURE, ROMANCE 罗曼语系文学",4 [75/116],,,,,,,,,,,三级
Journal of Arab & Muslim Media Research,2025,1751-9411/1751-942X,否,否,否,ESCI,0.5,,文学,4 [807/1193],否, COMMUNICATION 传播学,4 [160/223],,,,,,,,,,,三级
ARCHIV FUR DAS STUDIUM DER NEUEREN SPRACHEN UND LITERATUREN,2025,0003-8970/1866-5381,否,否,否,AHCI,<0.1,,文学,4 [808/1193],否, LANGUAGE & LINGUISTICS 语言与语言学,4 [294/391], LITERATURE 其他形式的文学,4 [149/199],,,,,,,,,三级
Francofonia-Studi e Ricerche sulle Letterature di Lingua Francese,2025,1121-953X/2036-5659,否,否,否,ESCI,,,文学,4 [809/1193],否," LITERATURE, ROMANCE 罗曼语系文学",4 [76/116],,,,,,,,,,,三级
REVISTA DE FILOLOGIA DE LA UNIVERSIDAD DE LA LAGUNA,2025,0212-4130/2530-8548,否,否,否,ESCI,0.1,,文学,4 [810/1193],否, LANGUAGE & LINGUISTICS 语言与语言学,4 [295/391],,,,,,,,,,,三级
Analisi-Quaderns de Comunicacio i Cultura,2025,0211-2175/2340-5236,否,否,是,ESCI,0.9,,文学,4 [811/1193],否, COMMUNICATION 传播学,4 [161/223],,,,,,,,,,,三级
Linha d Agua,2025,0103-3638/2236-4242,否,否,是,ESCI,<0.1,,文学,4 [812/1193],否, LANGUAGE & LINGUISTICS 语言与语言学,4 [296/391],,,,,,,,,,,三级
Ermeneutica Letteraria-Rivista Internazionale,2025,1825-6619/1827-8957,否,否,否,ESCI,<0.1,,文学,4 [813/1193],否, LITERARY THEORY & CRITICISM 文学理论与文艺批评,4 [39/53],,,,,,,,,,,三级
Linguisticae Investigationes,2025,0378-4169/1569-9927,否,否,否,ESCI,0.1,,文学,4 [814/1193],否, LANGUAGE & LINGUISTICS 语言与语言学,4 [297/391],,,,,,,,,,,三级
Communication Today,2025,1338-130X/1338-130X,否,否,否,ESCI,1.6,,文学,4 [815/1193],否, COMMUNICATION 传播学,4 [162/223],,,,,,,,,,,三级
Arab World English Journal,2025,2229-9327/2229-9327,否,否,是,ESCI,0.7,,文学,4 [816/1193],否, LANGUAGE & LINGUISTICS 语言与语言学,4 [298/391],,,,,,,,,,,三级
Quetes Litteraires,2025,2084-8099/2657-487X,否,否,是,ESCI,<0.1,,文学,4 [817/1193],否," LITERATURE, ROMANCE 罗曼语系文学",4 [77/116],,,,,,,,,,,三级
Ilha do Desterro-A Journal of English Language Literatures in English and Cultural Studies,2025,0101-4846/2175-8026,否,否,是,ESCI,0.2,,文学,4 [818/1193],否, LITERATURE 其他形式的文学,4 [150/199],,,,,,,,,,,三级
ISLE-Interdisciplinary Studies in Literature and Environment,2025,1076-0962/1759-1090,否,否,否,AHCI,0.2,,文学,4 [819/1193],否, LITERATURE 其他形式的文学,4 [151/199],,,,,,,,,,,三级
Remate de Males,2025,0103-183X/2316-5758,否,否,是,ESCI,0.1,,文学,4 [820/1193],否, LITERARY THEORY & CRITICISM 文学理论与文艺批评,4 [40/53],,,,,,,,,,,三级
Germanoslavica-Zeitschrift fur Germano-Slawische Studien,2025,1210-9029/1210-9029,否,否,否,ESCI,<0.1,,文学,4 [821/1193],否," HUMANITIES, MULTIDISCIPLINARY 人文科学",4 [239/406],,,,,,,,,,,三级
Hrvatski Dijalektoloski Zbornik,2025,0439-691X/2459-4849,否,否,是,ESCI,0.1,,文学,4 [822/1193],否, LANGUAGE & LINGUISTICS 语言与语言学,4 [299/391],,,,,,,,,,,三级
Studi e Saggi Linguistici,2025,0085-6827,否,否,否,ESCI,0.4,,文学,4 [823/1193],否, LINGUISTICS 语言学,4 [251/294],,,,,,,,,,,三级
STUDI PIEMONTESI,2025,0392-7261,否,否,否,AHCI,<0.1,,文学,4 [824/1193],否," HUMANITIES, MULTIDISCIPLINARY 人文科学",4 [240/406],,,,,,,,,,,三级
Etudes Episteme,2025,1634-0450/1634-0450,否,否,是,ESCI,<0.1,,文学,4 [825/1193],否," HUMANITIES, MULTIDISCIPLINARY 人文科学",4 [241/406],,,,,,,,,,,三级
Ipotesi-Revista de Estudos Literarios,2025,1415-2525/1982-0836,否,否,否,ESCI,<0.1,,文学,4 [826/1193],否, LITERATURE 其他形式的文学,4 [152/199],,,,,,,,,,,三级
Weimarer Beitrage,2025,0043-2199,否,否,否,AHCI,<0.1,,文学,4 [827/1193],否, LITERATURE 其他形式的文学,4 [153/199],,,,,,,,,,,三级
Acta Literaria,2025,0717-6848/0717-6848,否,否,否,AHCI,<0.1,,文学,4 [828/1193],否," LITERATURE, ROMANCE 罗曼语系文学",4 [78/116],,,,,,,,,,,三级
Anales de Literatura Hispanoamericana,2025,0210-4547/1988-2351,否,否,否,ESCI,0.1,,文学,4 [829/1193],否," LITERATURE, ROMANCE 罗曼语系文学",4 [79/116],,,,,,,,,,,三级
LION AND THE UNICORN,2025,0147-2593/1080-6563,否,否,否,AHCI,0.1,,文学,4 [830/1193],否, LITERATURE 其他形式的文学,4 [154/199],,,,,,,,,,,三级
Perifrasis-Revista de Literatura Teoria y Critica,2025,2145-8987/2145-9045,否,否,是,ESCI,0.1,,文学,4 [831/1193],否, LITERATURE 其他形式的文学,4 [155/199],,,,,,,,,,,三级
Central European Journal of Communication,2025,1899-5101/1899-5101,否,否,否,ESCI,0.7,,文学,4 [832/1193],否, COMMUNICATION 传播学,4 [163/223],,,,,,,,,,,三级
Eras,2025,1445-5218/1445-5218,否,否,否,ESCI,<0.1,,文学,4 [833/1193],否," HUMANITIES, MULTIDISCIPLINARY 人文科学",4 [245/406],,,,,,,,,,,三级
Tintas-Quaderni di Letterature Iberiche e Iberoamericane,2025,2240-5437/2240-5437,否,否,是,ESCI,<0.1,,文学,4 [834/1193],否," LITERATURE, ROMANCE 罗曼语系文学",4 [80/116],,,,,,,,,,,三级
Communicatio-South African Journal for Communication Theory and Research,2025,0250-0167/1753-5379,否,否,否,ESCI,0.4,,文学,4 [835/1193],否, COMMUNICATION 传播学,4 [164/223],,,,,,,,,,,三级
Emakeele Seltsi Aastaraamat-The Yearbook of the Estonian Mother Tongue Society,2025,0206-3735/2228-1215,否,否,否,ESCI,0.2,,文学,4 [836/1193],否, LANGUAGE & LINGUISTICS 语言与语言学,4 [300/391], LINGUISTICS 语言学,4 [252/294],,,,,,,,,三级
CELEHIS-Revista del Centro de Letras Hispanoamericanas,2025,0328-5766/2313-9463,否,否,是,ESCI,<0.1,,文学,4 [837/1193],否," LITERATURE, ROMANCE 罗曼语系文学",4 [81/116],,,,,,,,,,,三级
Signa-Revista de la Asociacion Espanola de Semiotica,2025,1133-3634/2254-9307,否,否,否,AHCI,0.5,,文学,4 [838/1193],否," HUMANITIES, MULTIDISCIPLINARY 人文科学",4 [248/406],,,,,,,,,,,三级
Philologica Jassyensia,2025,1841-5377/2247-8353,否,否,否,ESCI,0.1,,文学,4 [839/1193],否, LANGUAGE & LINGUISTICS 语言与语言学,4 [301/391],,,,,,,,,,,三级
English Text Construction,2025,1874-8767/1874-8775,否,否,否,ESCI,0.2,,文学,4 [840/1193],否, LANGUAGE & LINGUISTICS 语言与语言学,4 [302/391],,,,,,,,,,,三级
ItinerArios-Revista de Literatura,2025,0103-815X,否,否,否,ESCI,0.1,,文学,4 [841/1193],否, LITERATURE 其他形式的文学,4 [156/199],,,,,,,,,,,三级
Revista Argentina de Historiografia Linguistica,2025,1852-1495/1852-1495,否,否,否,ESCI,0.6,,文学,4 [842/1193],否, LANGUAGE & LINGUISTICS 语言与语言学,4 [303/391],,,,,,,,,,,三级
Scrutiny2-Issues in English Studies in Southern Africa,2025,1812-5441/1753-5409,否,否,否,ESCI,0.1,,文学,4 [843/1193],否, LITERATURE 其他形式的文学,4 [157/199],,,,,,,,,,,三级
COLLEGE COMPOSITION AND COMMUNICATION,2025,0010-096X/1939-9006,否,否,否,AHCI,0.3,,文学,4 [844/1193],否, LITERATURE 其他形式的文学,4 [158/199],,,,,,,,,,,三级
Acta Baltico-Slavica,2025,0065-1044/2392-2389,否,否,是,ESCI,0.1,,文学,4 [845/1193],否," HUMANITIES, MULTIDISCIPLINARY 人文科学",4 [250/406],,,,,,,,,,,三级
Orbis Tertius,2025,1851-7811/1851-7811,否,否,是,ESCI,<0.1,,文学,4 [846/1193],否, LITERATURE 其他形式的文学,4 [159/199],,,,,,,,,,,三级
Logos-Revista de Linguistica Filosofia y Literatura,2025,0716-7520/0719-3262,否,否,是,ESCI,0.2,,文学,4 [847/1193],否," HUMANITIES, MULTIDISCIPLINARY 人文科学",4 [252/406],,,,,,,,,,,三级
Reception-Texts Readers Audiences History,2025,2168-0604/2155-7888,否,否,否,ESCI,0.1,,文学,4 [848/1193],否," HUMANITIES, MULTIDISCIPLINARY 人文科学",4 [253/406],,,,,,,,,,,三级
HENRY JAMES REVIEW,2025,0273-0340/1080-6555,否,否,否,AHCI,0.2,,文学,4 [849/1193],否," LITERATURE, BRITISH ISLES 英国文学",4 [18/21],,,,,,,,,,,三级
Wasafiri,2025,0269-0055/1747-1508,否,否,否,AHCI,0.3,,文学,4 [850/1193],否," HUMANITIES, MULTIDISCIPLINARY 人文科学",4 [254/406],,,,,,,,,,,三级
"American, British and Canadian Studies",2025,1841-1487/1841-964X,否,否,是,ESCI,0.1,,文学,4 [851/1193],否, LITERARY THEORY & CRITICISM 文学理论与文艺批评,4 [42/53], LITERATURE 其他形式的文学,4 [160/199],,,,,,,,,三级
Sign Language & Linguistics,2025,1387-9316/1569-996X,否,否,否,ESCI,0.4,,文学,4 [852/1193],否, LANGUAGE & LINGUISTICS 语言与语言学,4 [304/391], LINGUISTICS 语言学,4 [253/294],,,,,,,,,三级
Madrygal-Revista de Estudios Gallegos,2025,1138-9664/1988-3285,否,否,否,ESCI,<0.1,,文学,4 [853/1193],否," LITERATURE, ROMANCE 罗曼语系文学",4 [82/116],,,,,,,,,,,三级
REVUE D HISTOIRE LITTERAIRE DE LA FRANCE,2025,0035-2411/2105-2689,否,否,否,AHCI,<0.1,,文学,4 [854/1193],否," LITERATURE, ROMANCE 罗曼语系文学",4 [83/116],,,,,,,,,,,三级
Essays in French Literature and Culture,2025,1835-7040/1835-7040,否,否,是,ESCI,0.3,,文学,4 [855/1193],否," LITERATURE, ROMANCE 罗曼语系文学",4 [84/116],,,,,,,,,,,三级
Fluminensia,2025,0353-4642/1848-9680,否,否,是,ESCI,0.4,,文学,4 [856/1193],否, LANGUAGE & LINGUISTICS 语言与语言学,4 [305/391],,,,,,,,,,,三级
Linguas & Letras,2025,1517-7238/1981-4755,否,否,否,ESCI,<0.1,,文学,4 [857/1193],否, LANGUAGE & LINGUISTICS 语言与语言学,4 [306/391],,,,,,,,,,,三级
Atlantic Journal of Communication,2025,1545-6870/1545-6889,否,否,否,ESCI,1,,文学,4 [858/1193],否, COMMUNICATION 传播学,4 [165/223],,,,,,,,,,,三级
Suvremena Lingvistika,2025,0586-0296/1847-117X,否,否,是,ESCI,<0.1,,文学,4 [859/1193],否, LANGUAGE & LINGUISTICS 语言与语言学,4 [307/391],,,,,,,,,,,三级
Journal of Austrian Studies,2025,2165-669X/2327-1809,否,否,否,ESCI,0.2,,文学,4 [860/1193],否," HUMANITIES, MULTIDISCIPLINARY 人文科学",4 [260/406],,,,,,,,,,,三级
Forma y Funcion,2025,0120-338X/2256-5469,否,否,是,ESCI,0.1,,文学,4 [861/1193],否, LINGUISTICS 语言学,4 [254/294],,,,,,,,,,,三级
Revista de Linguistica y Lenguas Aplicadas,2025,1886-2438/1886-6298,否,否,是,ESCI,0.4,,文学,4 [862/1193],否, LANGUAGE & LINGUISTICS 语言与语言学,4 [308/391],,,,,,,,,,,三级
Global Media Journal-Canadian Edition,2025,1918-5901/1918-5901,否,否,是,ESCI,0.8,,文学,4 [863/1193],否, COMMUNICATION 传播学,4 [166/223],,,,,,,,,,,三级
REVUE DES LANGUES ROMANES,2025,0223-3711,否,否,是,AHCI,0.1,,文学,4 [864/1193],否, LANGUAGE & LINGUISTICS 语言与语言学,4 [309/391]," LITERATURE, ROMANCE 罗曼语系文学",4 [85/116],,,,,,,,,三级
LITTERATURES,2025,0563-9751,否,否,否,AHCI,<0.1,,文学,4 [865/1193],否, LITERATURE 其他形式的文学,4 [161/199],,,,,,,,,,,三级
BULLETIN HISPANIQUE,2025,0007-4640,否,否,否,AHCI,0.1,,文学,4 [866/1193],否," LITERATURE, ROMANCE 罗曼语系文学",4 [86/116],,,,,,,,,,,三级
ReS Futurae-Revue d Etudes sur la Science-Fiction,2025,2264-6949/2264-6949,否,否,是,ESCI,0.1,,文学,4 [867/1193],否, LITERATURE 其他形式的文学,4 [162/199],,,,,,,,,,,三级
Psycholinguistics,2025,2309-1797/2415-3397,否,否,是,ESCI,0.5,,文学,4 [868/1193],否, LINGUISTICS 语言学,4 [255/294],,,,,,,,,,,三级
Revista de Comunicacion de la SEECI,2025,1576-3420/2695-5156,否,否,是,ESCI,0.7,,文学,4 [869/1193],否, COMMUNICATION 传播学,4 [167/223],,,,,,,,,,,三级
Revista Hispanica Moderna,2025,0034-9593/1944-6446,否,否,否,ESCI,<0.1,,文学,4 [870/1193],否," LITERATURE, ROMANCE 罗曼语系文学",4 [87/116],,,,,,,,,,,三级
Vestnik Moskovskogo universiteta. Seriya 10. Zhurnalistika,2025,0320-8079/0320-8079,否,否,否,ESCI,0.4,,文学,4 [871/1193],否, COMMUNICATION 传播学,4 [168/223],,,,,,,,,,,三级
Ambitos-Revista de Estudios de Ciencias Sociales y Humanidades,2025,1575-2100/1575-2100,否,否,否,ESCI,0.7,,文学,4 [872/1193],否," HUMANITIES, MULTIDISCIPLINARY 人文科学",4 [264/406],,,,,,,,,,,三级
Childrens Literature,2025,0092-8208/1543-3374,否,否,否,ESCI,0.1,,文学,4 [873/1193],否, LITERATURE 其他形式的文学,4 [163/199],,,,,,,,,,,三级
DALHOUSIE REVIEW,2025,0011-5827/0011-5827,否,否,否,AHCI,<0.1,,文学,4 [874/1193],否, LITERARY REVIEWS 文学评论,2 [7/42],,,,,,,,,,,三级
INSULA-REVISTA DE LETRAS Y CIENCIAS HUMANAS,2025,0020-4536,否,否,否,AHCI,<0.1,,文学,4 [875/1193],否, LITERARY THEORY & CRITICISM 文学理论与文艺批评,4 [43/53],,,,,,,,,,,三级
Area Abierta,2025,1578-8393/1578-8393,否,否,是,ESCI,0.3,,文学,4 [876/1193],否, COMMUNICATION 传播学,4 [169/223],,,,,,,,,,,三级
Studia Universitatis Babes-Bolyai Philologia,2025,1220-0484/2065-9652,否,否,是,ESCI,0.1,,文学,4 [877/1193],否, LITERATURE 其他形式的文学,4 [164/199],,,,,,,,,,,三级
Dialectologia et Geolinguistica,2025,0942-4040/1867-0903,否,否,否,SSCI;AHCI,0.2,,文学,4 [878/1193],否, LANGUAGE & LINGUISTICS 语言与语言学,4 [310/391], LINGUISTICS 语言学,4 [256/294],,,,,,,,,三级
AMERICAN STUDIES IN SCANDINAVIA,2025,0044-8060,否,否,是,AHCI,0.4,,文学,4 [879/1193],否," HUMANITIES, MULTIDISCIPLINARY 人文科学",4 [266/406],,,,,,,,,,,三级
Cauce-Revista Internacional de Filologia Comunicacion y sus Didacticas,2025,0212-0410/0212-0410,否,否,否,ESCI,,,文学,4 [880/1193],否, LANGUAGE & LINGUISTICS 语言与语言学,4 [311/391],,,,,,,,,,,三级
WESTERN AMERICAN LITERATURE,2025,0043-3462/1948-7142,否,否,否,AHCI,0.1,,文学,4 [881/1193],否," LITERATURE, AMERICAN 美国文学",4 [23/28],,,,,,,,,,,三级
Valenciana,2025,2007-2538/2448-7295,否,否,是,ESCI,0.1,,文学,4 [882/1193],否, LITERARY THEORY & CRITICISM 文学理论与文艺批评,4 [44/53],,,,,,,,,,,三级
Journal of Lusophone Studies,2025,2469-4800/2469-4800,否,否,是,ESCI,0.3,,文学,4 [883/1193],否," HUMANITIES, MULTIDISCIPLINARY 人文科学",4 [270/406],,,,,,,,,,,三级
Limite-Revista de Estudios Portugueses y de la Lusofonia,2025,1888-4067/2253-7929,否,否,否,ESCI,<0.1,,文学,4 [884/1193],否," LITERATURE, ROMANCE 罗曼语系文学",4 [88/116],,,,,,,,,,,三级
Revista Icono 14-Revista Cientifica de Comunicacion y Tecnologias,2025,1697-8293/1697-8293,否,否,是,ESCI,1.4,,文学,4 [885/1193],否, COMMUNICATION 传播学,4 [170/223],,,,,,,,,,,三级
Revue Italienne d'Etudes Francaises,2025,2240-7456/2240-7456,否,否,是,ESCI,<0.1,,文学,4 [886/1193],否," LITERATURE, ROMANCE 罗曼语系文学",4 [89/116],,,,,,,,,,,三级
Mundo Eslavo-Journal of Slavic Studies,2025,1579-8372/2255-517X,否,否,是,ESCI,<0.1,,文学,4 [887/1193],否," HUMANITIES, MULTIDISCIPLINARY 人文科学",4 [272/406],,,,,,,,,,,三级
Dacoromania,2025,1582-4438/1582-4438,否,否,是,ESCI,0.1,,文学,4 [888/1193],否, LANGUAGE & LINGUISTICS 语言与语言学,4 [312/391],,,,,,,,,,,三级
Revista Signos,2025,0718-0934/0718-0934,否,否,否,SSCI;AHCI,0.5,,文学,4 [889/1193],否, LANGUAGE & LINGUISTICS 语言与语言学,4 [313/391], LINGUISTICS 语言学,4 [257/294],,,,,,,,,三级
Digital Humanities Quarterly,2025,1938-4122/1938-4122,否,否,是,ESCI,0.8,,文学,4 [890/1193],否," HUMANITIES, MULTIDISCIPLINARY 人文科学",4 [273/406],,,,,,,,,,,三级
Acta Universitatis Lodziensis Folia Litteraria Romanica,2025,1505-9065/2449-8831,否,否,是,ESCI,<0.1,,文学,4 [891/1193],否, LANGUAGE & LINGUISTICS 语言与语言学,4 [314/391]," LITERATURE, ROMANCE 罗曼语系文学",4 [90/116],,,,,,,,,三级
Trans-Revue de Litterature Generale et Comparee,2025,1778-3887/1778-3887,否,否,否,ESCI,<0.1,,文学,4 [892/1193],否, LITERATURE 其他形式的文学,4 [165/199],,,,,,,,,,,三级
Wenshan Review of Literature and Culture,2025,2077-1282/2077-1290,否,否,否,ESCI,<0.1,,文学,4 [893/1193],否, LITERATURE 其他形式的文学,4 [166/199],,,,,,,,,,,三级
WORLD LITERATURE TODAY,2025,0196-3570/1945-8134,否,否,否,AHCI,0.3,,文学,4 [894/1193],否, LITERATURE 其他形式的文学,4 [167/199],,,,,,,,,,,三级
REVISTA IBEROAMERICANA,2025,0034-9631/2154-4794,否,否,否,AHCI,0.1,,文学,4 [895/1193],否," LITERATURE, ROMANCE 罗曼语系文学",4 [91/116],,,,,,,,,,,三级
Documentacion de las Ciencias de la Informacion,2025,0210-4210/1988-2890,否,否,是,ESCI,0.2,,文学,4 [896/1193],否, COMMUNICATION 传播学,4 [171/223],,,,,,,,,,,三级
Tydskrif Vir Geesteswetenskappe,2025,0041-4751,否,否,否,SSCI,0.4,,文学,4 [897/1193],否, SOCIAL ISSUES 社会问题,4 [50/66],,,,,,,,,,,三级
CAHIERS VICTORIENS & EDOUARDIENS,2025,0220-5610,否,否,是,AHCI,0.3,,文学,4 [898/1193],否," LITERATURE, BRITISH ISLES 英国文学",4 [19/21],,,,,,,,,,,三级
Alpha-Revista de Artes Letras y Filosofia,2025,0716-4254/0718-2201,否,否,否,AHCI,0.1,,文学,4 [899/1193],否," HUMANITIES, MULTIDISCIPLINARY 人文科学",4 [277/406],,,,,,,,,,,三级
Verbum,2025,1585-079X/1588-4309,否,否,否,AHCI,0.1,,文学,4 [900/1193],否, HISTORY 历史学,4 [361/523], LANGUAGE & LINGUISTICS 语言与语言学,4 [315/391]," LITERATURE, ROMANCE 罗曼语系文学",4 [92/116],,,,,,,三级
Topics in Linguistics,2025,1337-7590/2199-6504,否,否,是,ESCI,0.7,,文学,4 [901/1193],否, LANGUAGE & LINGUISTICS 语言与语言学,4 [316/391],,,,,,,,,,,三级
LITTERATURE,2025,0047-4800/1958-5926,否,否,否,AHCI,<0.1,,文学,4 [902/1193],否, LITERATURE 其他形式的文学,4 [168/199],,,,,,,,,,,三级
Tekst Kniga Knigoizdanie-Text Book Publishing,2025,2306-2061/2311-3774,否,否,否,ESCI,0.2,,文学,4 [903/1193],否," HUMANITIES, MULTIDISCIPLINARY 人文科学",4 [283/406],,,,,,,,,,,三级
TIJDSCHRIFT VOOR NEDERLANDSE TAAL-EN LETTERKUNDE,2025,0040-7550/2212-0521,否,否,否,AHCI,0.5,,文学,4 [904/1193],否," LITERATURE, GERMAN, DUTCH, SCANDINAVIAN 日耳曼语系文学",4 [23/28],,,,,,,,,,,三级
CogniTextes,2025,1958-5322/1958-5322,否,否,是,ESCI,<0.1,,文学,4 [905/1193],否, LINGUISTICS 语言学,4 [258/294],,,,,,,,,,,三级
LINGUA E STILE,2025,0024-385X/0024-385X,否,否,否,AHCI,0.2,,文学,4 [906/1193],否, LANGUAGE & LINGUISTICS 语言与语言学,4 [318/391], LITERATURE 其他形式的文学,4 [169/199],,,,,,,,,三级
ELIA-Estudios de Linguistica Inglesa Aplicada,2025,1576-5059/2253-8283,否,否,是,ESCI,0.7,,文学,4 [907/1193],否, LINGUISTICS 语言学,4 [259/294],,,,,,,,,,,三级
INTERNATIONAL JOURNAL OF FRANCOPHONE STUDIES,2025,1368-2679/1758-9142,否,否,否,ESCI,,,文学,4 [908/1193],否," HUMANITIES, MULTIDISCIPLINARY 人文科学",4 [287/406],,,,,,,,,,,三级
LINKS Rivista di letteratura e cultura tedesca,2025,1594-5359/1724-1685,否,否,否,ESCI,<0.1,,文学,4 [909/1193],否, LITERATURE 其他形式的文学,4 [170/199]," LITERATURE, GERMAN, DUTCH, SCANDINAVIAN 日耳曼语系文学",4 [24/28],,,,,,,,,三级
Adeptus,2025,2300-0783/2300-0783,否,否,是,ESCI,<0.1,,文学,4 [910/1193],否," HUMANITIES, MULTIDISCIPLINARY 人文科学",4 [288/406],,,,,,,,,,,三级
Belphegor,2025,1499-7185/1499-7185,否,否,是,ESCI,0.1,,文学,4 [911/1193],否, LITERATURE 其他形式的文学,4 [171/199],,,,,,,,,,,三级
Jurnal Komunikasi-Malaysian Journal of Communication,2025,2289-151X/2289-1528,否,否,否,ESCI,1,,文学,4 [912/1193],否, COMMUNICATION 传播学,4 [172/223],,,,,,,,,,,三级
Kamchatka-Revista de Analisis Cultural,2025,2340-1869/2340-1869,否,否,是,ESCI,0.2,,文学,4 [913/1193],否," HUMANITIES, MULTIDISCIPLINARY 人文科学",4 [289/406],,,,,,,,,,,三级
Linguistics and the Human Sciences,2025,1742-2906/1743-1662,否,否,否,ESCI,0.3,,文学,4 [914/1193],否, LANGUAGE & LINGUISTICS 语言与语言学,4 [319/391],,,,,,,,,,,三级
Verba-Anuario Galego de Filoloxia,2025,0210-377X/2174-4017,否,否,否,ESCI,0.2,,文学,4 [915/1193],否, LANGUAGE & LINGUISTICS 语言与语言学,4 [320/391],,,,,,,,,,,三级
Arizona Quarterly,2025,0004-1610/1558-9595,否,否,否,ESCI,0.2,,文学,4 [916/1193],否," LITERATURE, AMERICAN 美国文学",4 [24/28],,,,,,,,,,,三级
Rasprave,2025,1331-6745/1849-0379,否,否,是,ESCI,0.2,,文学,4 [917/1193],否, LANGUAGE & LINGUISTICS 语言与语言学,4 [321/391],,,,,,,,,,,三级
Slavia-Casopis pro Slovanskou Filologii,2025,0037-6736/0037-6736,否,否,否,ESCI,<0.1,,文学,4 [918/1193],否, LANGUAGE & LINGUISTICS 语言与语言学,4 [322/391],,,,,,,,,,,三级
Theoretical and Practical Issues of Journalism,2025,2308-6203/2308-6211,否,否,否,ESCI,0.4,,文学,4 [919/1193],否, COMMUNICATION 传播学,4 [173/223],,,,,,,,,,,三级
LILI-ZEITSCHRIFT FUR LITERATURWISSENSCHAFT UND LINGUISTIK,2025,0049-8653/2365-953X,否,否,否,AHCI,0.1,,文学,4 [920/1193],否, LANGUAGE & LINGUISTICS 语言与语言学,4 [323/391], LITERATURE 其他形式的文学,4 [172/199],,,,,,,,,三级
Enthymema-International Journal of Literary Criticism Literary Theory and Philosophy of Literature,2025,2037-2426/2037-2426,否,否,是,ESCI,0.1,,文学,4 [921/1193],否, LITERARY THEORY & CRITICISM 文学理论与文艺批评,4 [45/53],,,,,,,,,,,三级
Estudios de Linguistica-Universidad de Alicante-ELUA,2025,0212-7636/2171-6692,否,否,是,ESCI,0.2,,文学,4 [922/1193],否, LANGUAGE & LINGUISTICS 语言与语言学,4 [324/391],,,,,,,,,,,三级
Journal of Romance Studies,2025,1473-3536/1752-2331,否,否,否,ESCI,<0.1,,文学,4 [923/1193],否," HUMANITIES, MULTIDISCIPLINARY 人文科学",4 [291/406],,,,,,,,,,,三级
Cedille-Revista de Estudios Franceses,2025,1699-4949/1699-4949,否,否,是,ESCI,<0.1,,文学,4 [924/1193],否," LITERATURE, ROMANCE 罗曼语系文学",4 [94/116],,,,,,,,,,,三级
ROMANTISME,2025,0048-8593/1957-7958,否,否,否,AHCI,0.1,,文学,4 [925/1193],否, LITERATURE 其他形式的文学,4 [173/199],,,,,,,,,,,三级
REVUE FRANCAISE D ETUDES AMERICAINES,2025,0397-7870/1776-3061,否,否,否,AHCI,0.1,,文学,4 [926/1193],否," HUMANITIES, MULTIDISCIPLINARY 人文科学",4 [293/406],,,,,,,,,,,三级
Roczniki Humanistyczne,2025,0035-7707/2544-5200,否,否,否,ESCI,0.1,,文学,4 [927/1193],否," HUMANITIES, MULTIDISCIPLINARY 人文科学",4 [295/406],,,,,,,,,,,三级
CEA CRITIC,2025,0007-8069/2327-5898,否,否,否,AHCI,0.1,,文学,4 [928/1193],否, LITERATURE 其他形式的文学,4 [174/199],,,,,,,,,,,三级
American Literary Scholarship,2025,0065-9142/1527-2125,否,否,否,ESCI,,,文学,4 [929/1193],否," LITERATURE, AMERICAN 美国文学",4 [25/28],,,,,,,,,,,三级
Language Context and Text-The Social Semiotics Forum,2025,2589-7233/2589-7241,否,否,否,ESCI,,,文学,4 [930/1193],否, LANGUAGE & LINGUISTICS 语言与语言学,4 [325/391], LINGUISTICS 语言学,4 [260/294],,,,,,,,,三级
SOLETRAS,2025,1519-7778/2316-8838,否,否,是,ESCI,<0.1,,文学,4 [931/1193],否, LANGUAGE & LINGUISTICS 语言与语言学,4 [326/391],,,,,,,,,,,三级
Caplletra,2025,0214-8188/2386-7159,否,否,是,ESCI,0.2,,文学,4 [932/1193],否, LANGUAGE & LINGUISTICS 语言与语言学,4 [327/391],,,,,,,,,,,三级
COLOQUIO-LETRAS,2025,0010-1451/0010-1451,否,否,否,AHCI,,,文学,4 [933/1193],否, LITERARY REVIEWS 文学评论,2 [8/42]," LITERATURE, ROMANCE 罗曼语系文学",4 [95/116],,,,,,,,,三级
ESTUDIOS FILOLOGICOS,2025,0071-1713/0717-6171,否,否,否,SSCI;AHCI,0.2,,文学,4 [934/1193],否, LANGUAGE & LINGUISTICS 语言与语言学,4 [328/391], LINGUISTICS 语言学,4 [261/294]," LITERATURE, ROMANCE 罗曼语系文学",4 [96/116],,,,,,,三级
E-Scrita-Revista do Curso de Letras da UNIABEU,2025,2177-6288/2177-6288,否,否,是,ESCI,<0.1,,文学,4 [935/1193],否," HUMANITIES, MULTIDISCIPLINARY 人文科学",4 [300/406],,,,,,,,,,,三级
Index Comunicacion,2025,2444-3239/2174-1859,否,否,是,ESCI,0.8,,文学,4 [936/1193],否, COMMUNICATION 传播学,4 [174/223],,,,,,,,,,,三级
HISPANOFILA,2025,0018-2206/2165-6185,否,否,否,AHCI,0.1,,文学,4 [937/1193],否," LITERATURE, ROMANCE 罗曼语系文学",4 [97/116],,,,,,,,,,,三级
Revista Kanina,2025,0378-0473/2215-2636,否,否,是,ESCI,<0.1,,文学,4 [938/1193],否, LITERATURE 其他形式的文学,4 [176/199],,,,,,,,,,,三级
American Periodicals,2025,1054-7479/1548-4238,否,否,否,ESCI,0.2,,文学,4 [939/1193],否," HUMANITIES, MULTIDISCIPLINARY 人文科学",4 [303/406],,,,,,,,,,,三级
Moenia-Revista Lucense de Linguistica & Literatura,2025,1137-2346/2340-003X,否,否,否,ESCI,0.1,,文学,4 [940/1193],否, LANGUAGE & LINGUISTICS 语言与语言学,4 [329/391],,,,,,,,,,,三级
LITERATURE AND MEDICINE,2025,0278-9671/1080-6571,否,否,否,AHCI,0.1,,文学,4 [941/1193],否, LITERATURE 其他形式的文学,4 [177/199],,,,,,,,,,,三级
Ogigia-Revista Electronica de Estudios Hispanicos,2025,1887-3731/1887-3731,否,否,是,ESCI,0.3,,文学,4 [942/1193],否," HUMANITIES, MULTIDISCIPLINARY 人文科学",4 [304/406],,,,,,,,,,,三级
ETUDES GERMANIQUES,2025,0014-2115,否,否,否,AHCI,0.1,,文学,4 [943/1193],否," LITERATURE, GERMAN, DUTCH, SCANDINAVIAN 日耳曼语系文学",4 [25/28],,,,,,,,,,,三级
Verbo de Minas,2025,1516-0637/1984-6959,否,否,否,ESCI,<0.1,,文学,4 [944/1193],否," LITERATURE, ROMANCE 罗曼语系文学",4 [98/116],,,,,,,,,,,三级
Naslede,2025,1820-1768/1820-1768,否,否,否,ESCI,<0.1,,文学,4 [945/1193],否," HUMANITIES, MULTIDISCIPLINARY 人文科学",4 [306/406],,,,,,,,,,,三级
Estudios de Teoria Literaria-Revista Digital-Artes Letras Humanidades,2025,2313-9676/2313-9676,否,否,是,ESCI,0.1,,文学,4 [946/1193],否, LITERARY THEORY & CRITICISM 文学理论与文艺批评,4 [46/53],,,,,,,,,,,三级
PORTUGUESE STUDIES,2025,0267-5315/2222-4270,否,否,否,AHCI,0.1,,文学,4 [947/1193],否," HUMANITIES, MULTIDISCIPLINARY 人文科学",4 [307/406],,,,,,,,,,,三级
Revista Critica Cultural,2025,1980-6493/1980-6493,否,否,否,ESCI,<0.1,,文学,4 [948/1193],否, LITERARY THEORY & CRITICISM 文学理论与文艺批评,4 [47/53],,,,,,,,,,,三级
Caravelle,2025,1147-6753/2272-9828,否,否,是,AHCI,0.3,,文学,4 [949/1193],否," HUMANITIES, MULTIDISCIPLINARY 人文科学",4 [308/406],,,,,,,,,,,三级
Tusculum-Casopis Za Solinske Teme,2025,1846-9469/1846-9469,否,否,否,ESCI,0.3,,文学,4 [950/1193],否," HUMANITIES, MULTIDISCIPLINARY 人文科学",4 [309/406],,,,,,,,,,,三级
GRADIVA,2025,0363-8057/0363-8057,否,否,否,AHCI,<0.1,,文学,4 [951/1193],否, LITERARY THEORY & CRITICISM 文学理论与文艺批评,4 [48/53],,,,,,,,,,,三级
TEXT & KRITIK,2025,0040-5329/0040-5329,否,否,否,AHCI,<0.1,,文学,4 [952/1193],否," LITERATURE, GERMAN, DUTCH, SCANDINAVIAN 日耳曼语系文学",4 [26/28],,,,,,,,,,,三级
Studies in Comics,2025,2040-3232/2040-3240,否,否,否,ESCI,0.1,,文学,4 [953/1193],否," HUMANITIES, MULTIDISCIPLINARY 人文科学",4 [310/406],,,,,,,,,,,三级
Studies in Language Assessment,2025,2653-5335/2653-5335,否,否,否,ESCI,0.6,,文学,4 [954/1193],否, LINGUISTICS 语言学,4 [262/294],,,,,,,,,,,三级
Dickens Studies Annual,2025,0084-9812/2167-8510,否,否,否,ESCI,0.5,,文学,4 [955/1193],否," LITERATURE, BRITISH ISLES 英国文学",4 [20/21],,,,,,,,,,,三级
RESOURCES FOR AMERICAN LITERARY STUDY,2025,0048-7384,否,否,否,AHCI,,,文学,4 [956/1193],否," LITERATURE, AMERICAN 美国文学",4 [26/28],,,,,,,,,,,三级
PROCESAMIENTO DEL LENGUAJE NATURAL,2025,1135-5948/1989-7553,否,否,否,ESCI,1.3,,文学,4 [957/1193],否," COMPUTER SCIENCE, ARTIFICIAL INTELLIGENCE 计算机：人工智能",4 [153/196], LINGUISTICS 语言学,4 [263/294],,,,,,,,,三级
Letras de Hoje-Estudos e Debates em Linguistica Literatura e Lingua Portuguesa,2025,0101-3335/1984-7726,否,否,是,ESCI,<0.1,,文学,4 [958/1193],否, LITERATURE 其他形式的文学,4 [178/199],,,,,,,,,,,三级
Catalan Journal of Communication & Cultural Studies,2025,1757-1898/1757-1901,否,否,否,ESCI,0.3,,文学,4 [959/1193],否, COMMUNICATION 传播学,4 [175/223],,,,,,,,,,,三级
Turkic Languages,2025,1431-4983/1431-4983,否,否,否,AHCI,0.7,,文学,4 [960/1193],否, ASIAN STUDIES 亚洲研究,4 [90/102], LANGUAGE & LINGUISTICS 语言与语言学,4 [330/391],,,,,,,,,三级
SCM Studies in Communication and Media,2025,2192-4007/2192-4007,否,否,是,ESCI,0.7,,文学,4 [961/1193],否, COMMUNICATION 传播学,4 [176/223],,,,,,,,,,,三级
Lingua Montenegrina,2025,1800-7007/1800-7007,否,否,否,ESCI,<0.1,,文学,4 [962/1193],否, LANGUAGE & LINGUISTICS 语言与语言学,4 [331/391],,,,,,,,,,,三级
Llengua & Literatura,2025,0213-6554/2013-9527,否,否,是,ESCI,<0.1,,文学,4 [963/1193],否, LINGUISTICS 语言学,4 [264/294],,,,,,,,,,,三级
Revista de Estudos da Linguagem,2025,0104-0588/2237-2083,否,否,是,ESCI,<0.1,,文学,4 [964/1193],否, LANGUAGE & LINGUISTICS 语言与语言学,4 [332/391],,,,,,,,,,,三级
Analyses-Revue de Critique et de Theorie Litteraire,2025,1715-9261/1715-9261,否,否,否,ESCI,0.1,,文学,4 [965/1193],否, LITERARY THEORY & CRITICISM 文学理论与文艺批评,4 [49/53],,,,,,,,,,,三级
Linguas e Instrumentos Linguisticos,2025,1519-4906/1519-4906,否,否,否,ESCI,<0.1,,文学,4 [966/1193],否, LANGUAGE & LINGUISTICS 语言与语言学,4 [333/391],,,,,,,,,,,三级
ESPRIT CREATEUR,2025,0014-0767/1931-0234,否,否,否,AHCI,<0.1,,文学,4 [967/1193],否," LITERATURE, ROMANCE 罗曼语系文学",4 [99/116],,,,,,,,,,,三级
Academic Journal of Modern Philology,2025,2299-7164/2353-3218,否,否,是,ESCI,<0.1,,文学,4 [968/1193],否, LANGUAGE & LINGUISTICS 语言与语言学,4 [334/391],,,,,,,,,,,三级
Palabra Clave,2025,0122-8285/2027-534X,否,否,是,ESCI,0.6,,文学,4 [969/1193],否, COMMUNICATION 传播学,4 [177/223],,,,,,,,,,,三级
Chung Wai Literary Quarterly,2025,0303-0849/0303-0849,否,否,否,ESCI,0.1,,文学,4 [970/1193],否, ASIAN STUDIES 亚洲研究,4 [92/102], LITERATURE 其他形式的文学,4 [179/199],,,,,,,,,三级
LINGUISTIQUE,2025,0075-966X/2101-0234,否,否,否,AHCI,<0.1,,文学,4 [971/1193],否, LANGUAGE & LINGUISTICS 语言与语言学,4 [335/391],,,,,,,,,,,三级
Cuadernos de Literatura del Caribe e Hispanoamerica,2025,1794-8290/2390-0644,否,否,否,ESCI,<0.1,,文学,4 [972/1193],否, LITERATURE 其他形式的文学,4 [180/199],,,,,,,,,,,三级
CANADIAN REVIEW OF COMPARATIVE LITERATURE-REVUE CANADIENNE DE LITTERATURE COMPAREE,2025,0319-051X/1913-9659,否,否,否,ESCI,,,文学,4 [973/1193],否, LITERATURE 其他形式的文学,4 [181/199],,,,,,,,,,,三级
Acta Germanica-German studies in Africa,2025,0065-1273/0065-1273,否,否,否,ESCI,<0.1,,文学,4 [974/1193],否, LANGUAGE & LINGUISTICS 语言与语言学,4 [336/391],,,,,,,,,,,三级
New Writing-The International Journal for the Practice and Theory of Creative Writing,2025,1479-0726/1943-3107,否,否,否,ESCI,0.4,,文学,4 [975/1193],否, LITERATURE 其他形式的文学,4 [182/199],,,,,,,,,,,三级
Colmena-Revista de la Universidad Autonoma del Estado de Mexico,2025,1405-6313/2448-6302,否,否,是,ESCI,0.1,,文学,4 [976/1193],否," HUMANITIES, MULTIDISCIPLINARY 人文科学",4 [312/406],,,,,,,,,,,三级
Anales de Literatura Chilena,2025,0717-6058/0719-0913,否,否,否,AHCI,0.1,,文学,4 [977/1193],否," LITERATURE, ROMANCE 罗曼语系文学",4 [100/116],,,,,,,,,,,三级
Revista Letras,2025,0100-0888/2236-0999,否,否,否,ESCI,0.2,,文学,4 [978/1193],否, LANGUAGE & LINGUISTICS 语言与语言学,4 [337/391],,,,,,,,,,,三级
Korean Linguistics,2025,0257-3784/2212-9731,否,否,否,ESCI,0.5,,文学,4 [979/1193],否, LANGUAGE & LINGUISTICS 语言与语言学,4 [338/391],,,,,,,,,,,三级
ZEITSCHRIFT FUR FRANZOSISCHE SPRACHE UND LITERATUR,2025,0044-2747/2366-2425,否,否,否,AHCI,,,文学,4 [980/1193],否," LITERATURE, ROMANCE 罗曼语系文学",4 [101/116],,,,,,,,,,,三级
AMERICAN BOOK REVIEW,2025,0149-9408/2153-4578,否,否,否,AHCI,0.1,,文学,4 [981/1193],否, LITERATURE 其他形式的文学,4 [183/199],,,,,,,,,,,三级
Babel-Litteratures Plurielles,2025,1277-7897/2263-4746,否,否,是,ESCI,0.1,,文学,4 [982/1193],否, LITERATURE 其他形式的文学,4 [184/199],,,,,,,,,,,三级
Visual Communication Quarterly,2025,1555-1393/1555-1407,否,否,否,ESCI,0.5,,文学,4 [983/1193],否, COMMUNICATION 传播学,4 [178/223],,,,,,,,,,,三级
Cuadernos Info,2025,0719-3661/0719-367X,否,否,是,ESCI,0.7,,文学,4 [984/1193],否, COMMUNICATION 传播学,4 [179/223],,,,,,,,,,,三级
Romanica Olomucensia,2025,1803-4136/2571-0966,否,否,是,ESCI,0.2,,文学,4 [985/1193],否," LITERATURE, ROMANCE 罗曼语系文学",4 [102/116],,,,,,,,,,,三级
Monatshefte,2025,0026-9271/1934-2810,否,否,否,ESCI,0.2,,文学,4 [986/1193],否," LITERATURE, GERMAN, DUTCH, SCANDINAVIAN 日耳曼语系文学",4 [27/28],,,,,,,,,,,三级
Cuadernos de Rusistica Espanola,2025,1698-322X/2340-8146,否,否,是,ESCI,0.1,,文学,4 [987/1193],否, LANGUAGE & LINGUISTICS 语言与语言学,4 [339/391],,,,,,,,,,,三级
HISPANIA-A JOURNAL DEVOTED TO THE TEACHING OF SPANISH AND PORTUGUESE,2025,0018-2133/2153-6414,否,否,否,SSCI;AHCI,0.3,,文学,4 [988/1193],否, LANGUAGE & LINGUISTICS 语言与语言学,4 [340/391], LINGUISTICS 语言学,4 [265/294]," LITERATURE, ROMANCE 罗曼语系文学",4 [103/116],,,,,,,三级
AAA-ARBEITEN AUS ANGLISTIK UND AMERIKANISTIK,2025,0171-5410,否,否,否,AHCI,0.3,,文学,4 [989/1193],否, LANGUAGE & LINGUISTICS 语言与语言学,4 [341/391], LITERATURE 其他形式的文学,4 [185/199],,,,,,,,,三级
Texto Livre-Linguagem e Tecnologia,2025,1983-3652/1983-3652,否,否,是,ESCI,0.7,,文学,4 [990/1193],否, LANGUAGE & LINGUISTICS 语言与语言学,4 [342/391],,,,,,,,,,,三级
F Scott Fitzgerald Review,2025,1543-3951/1755-6333,否,否,否,ESCI,<0.1,,文学,4 [991/1193],否," LITERATURE, AMERICAN 美国文学",4 [27/28],,,,,,,,,,,三级
Journal of Language and Literacy Education,2025,1559-9035/1559-9035,否,否,否,ESCI,0.7,,文学,4 [992/1193],否, LANGUAGE & LINGUISTICS 语言与语言学,4 [343/391],,,,,,,,,,,三级
YALE REVIEW,2025,0044-0124/1467-9736,否,否,否,AHCI,0.3,,文学,4 [993/1193],否, LITERARY REVIEWS 文学评论,2 [9/42],,,,,,,,,,,三级
Letteratura e Letterature,2025,1971-906X/1973-2600,否,否,否,ESCI,<0.1,,文学,4 [994/1193],否, LITERARY THEORY & CRITICISM 文学理论与文艺批评,4 [50/53], LITERATURE 其他形式的文学,4 [186/199],,,,,,,,,三级
Cadernos de Estudos Linguisticos,2025,0102-5767/2447-0686,否,否,是,ESCI,0.1,,文学,4 [995/1193],否, LANGUAGE & LINGUISTICS 语言与语言学,4 [344/391],,,,,,,,,,,三级
Shaw-The Journal of Bernard Shaw Studies,2025,0741-5842/1529-1480,否,否,否,AHCI,0.6,,文学,4 [996/1193],否," LITERATURE, BRITISH ISLES 英国文学",4 [21/21], THEATER 戏剧,4 [44/49],,,,,,,,,三级
Ethnorema,2025,1826-8803/1826-8803,否,否,是,ESCI,0.3,,文学,4 [997/1193],否, LINGUISTICS 语言学,4 [266/294],,,,,,,,,,,三级
Expressions maghrebines,2025,1540-0085/2475-2401,否,否,否,AHCI,0.1,,文学,4 [998/1193],否," LITERATURE, ROMANCE 罗曼语系文学",4 [104/116],,,,,,,,,,,三级
ROMANCE PHILOLOGY,2025,0035-8002/2295-9017,否,否,否,AHCI,,,文学,4 [999/1193],否, LANGUAGE & LINGUISTICS 语言与语言学,4 [345/391]," LITERATURE, ROMANCE 罗曼语系文学",4 [105/116],,,,,,,,,三级
JAHRBUCH FUR INTERNATIONALE GERMANISTIK,2025,0449-5233/2235-1280,否,否,否,AHCI,<0.1,,文学,4 [1000/1193],否," LITERATURE, GERMAN, DUTCH, SCANDINAVIAN 日耳曼语系文学",4 [28/28],,,,,,,,,,,三级
Childrens Literature Association Quarterly,2025,0885-0429/1553-1201,否,否,否,ESCI,0.2,,文学,4 [1001/1193],否, LITERATURE 其他形式的文学,4 [187/199],,,,,,,,,,,三级
Caietele Echinox,2025,1582-960X/1582-960X,否,否,是,ESCI,<0.1,,文学,4 [1002/1193],否," HUMANITIES, MULTIDISCIPLINARY 人文科学",4 [318/406],,,,,,,,,,,三级
Folia Linguistica et Litteraria,2025,1800-8542/1800-8542,否,否,否,ESCI,0.1,,文学,4 [1003/1193],否," HUMANITIES, MULTIDISCIPLINARY 人文科学",4 [323/406],,,,,,,,,,,三级
Trans-Revista de Traductologia,2025,1137-2311/2603-6967,否,否,是,ESCI,0.2,,文学,4 [1004/1193],否, LANGUAGE & LINGUISTICS 语言与语言学,4 [346/391],,,,,,,,,,,三级
AMERICAN POETRY REVIEW,2025,0360-3709/2162-4984,否,否,否,AHCI,<0.1,,文学,4 [1005/1193],否, POETRY 诗歌,4 [12/15],,,,,,,,,,,三级
Cuadernos de Linguistica Hispanica,2025,0121-053X/2346-1829,否,否,是,ESCI,0.3,,文学,4 [1006/1193],否, LINGUISTICS 语言学,4 [267/294],,,,,,,,,,,三级
Hermeneus,2025,1139-7489/2530-609X,否,否,是,ESCI,<0.1,,文学,4 [1007/1193],否, LANGUAGE & LINGUISTICS 语言与语言学,4 [347/391],,,,,,,,,,,三级
JOURNAL OF THE MIDWEST MODERN LANGUAGE ASSOCIATION,2025,0742-5562/2162-6294,否,否,否,AHCI,<0.1,,文学,4 [1008/1193],否, LITERATURE 其他形式的文学,4 [188/199],,,,,,,,,,,三级
POETRY WALES,2025,0032-2202,否,否,否,AHCI,<0.1,,文学,4 [1009/1193],否, POETRY 诗歌,4 [13/15],,,,,,,,,,,三级
Onomazein,2025,0717-1285/0718-5758,否,否,否,SSCI;AHCI,0.3,,文学,4 [1010/1193],否, LANGUAGE & LINGUISTICS 语言与语言学,4 [348/391], LINGUISTICS 语言学,4 [268/294],,,,,,,,,三级
Online Journal of Communication and Media Technologies,2025,1986-3497/1986-3497,否,否,否,ESCI,2.1,,文学,4 [1011/1193],否, COMMUNICATION 传播学,4 [180/223],,,,,,,,,,,三级
Revue Roumaine de Linguistique-Romanian Review of Linguistics,2025,0035-3957/0035-3957,否,否,否,SSCI;AHCI,0.2,,文学,4 [1012/1193],否, LANGUAGE & LINGUISTICS 语言与语言学,4 [349/391], LINGUISTICS 语言学,4 [269/294],,,,,,,,,三级
Etudes Romanes de Brno,2025,1803-7399/2336-4416,否,否,是,ESCI,0.1,,文学,4 [1013/1193],否," LITERATURE, ROMANCE 罗曼语系文学",4 [106/116],,,,,,,,,,,三级
Asian Diasporic Visual Cultures and the Americas,2025,2352-3077/2352-3085,否,否,否,ESCI,0.1,,文学,4 [1014/1193],否," HUMANITIES, MULTIDISCIPLINARY 人文科学",4 [327/406],,,,,,,,,,,三级
Swiat i Slowo,2025,1731-3317,否,否,否,ESCI,<0.1,,文学,4 [1015/1193],否," HUMANITIES, MULTIDISCIPLINARY 人文科学",4 [328/406],,,,,,,,,,,三级
MESTER,2025,0160-2764/0160-2764,否,否,否,AHCI,<0.1,,文学,4 [1016/1193],否," LITERATURE, ROMANCE 罗曼语系文学",4 [107/116],,,,,,,,,,,三级
Communication Teacher,2025,1740-4622/1740-4630,否,否,否,ESCI,0.4,,文学,4 [1017/1193],否, COMMUNICATION 传播学,4 [181/223],,,,,,,,,,,三级
Revue LISA-LISA E-Journal,2025,1762-6153/1762-6153,否,否,是,ESCI,0.1,,文学,4 [1018/1193],否," HUMANITIES, MULTIDISCIPLINARY 人文科学",4 [329/406],,,,,,,,,,,三级
Comunicacion y Hombre,2025,1885-365X/1885-9542,否,否,是,ESCI,<0.1,,文学,4 [1019/1193],否, COMMUNICATION 传播学,4 [182/223],,,,,,,,,,,三级
Anuari de Filologia-Llengues i Literaturas Modernas,2025,2014-1394/2014-1394,否,否,是,ESCI,0.1,,文学,4 [1020/1193],否," HUMANITIES, MULTIDISCIPLINARY 人文科学",4 [330/406],,,,,,,,,,,三级
FRENCH REVIEW,2025,0016-111X/2329-7131,否,否,否,AHCI,<0.1,,文学,4 [1021/1193],否," LITERATURE, ROMANCE 罗曼语系文学",4 [108/116],,,,,,,,,,,三级
European Journal of American Studies,2025,1991-9336/1991-9336,否,否,是,ESCI,0.1,,文学,4 [1022/1193],否," HUMANITIES, MULTIDISCIPLINARY 人文科学",4 [331/406],,,,,,,,,,,三级
Forum-Revue Internationale d Interpretation et de Traduction-International Journal of Interpretation and Translation,2025,1598-7647/2451-909X,否,否,否,ESCI,0.1,,文学,4 [1023/1193],否, LANGUAGE & LINGUISTICS 语言与语言学,4 [350/391],,,,,,,,,,,三级
Abriu-Estudos de Textualidade do Brasil Galicia e Portugal,2025,2014-8526/2014-8534,否,否,是,ESCI,0.1,,文学,4 [1024/1193],否," HUMANITIES, MULTIDISCIPLINARY 人文科学",4 [334/406],,,,,,,,,,,三级
Cadernos de Letras da UFF,2025,1413-053X/2447-4207,否,否,是,ESCI,<0.1,,文学,4 [1025/1193],否, LANGUAGE & LINGUISTICS 语言与语言学,4 [351/391],,,,,,,,,,,三级
Bookbird-A Journal of International Childrens Literature,2025,0006-7377/1918-6983,否,否,否,ESCI,0.4,,文学,4 [1026/1193],否, LITERATURE 其他形式的文学,4 [189/199],,,,,,,,,,,三级
Glottometrics,2025,1617-8351/2625-8226,否,否,否,ESCI,0.8,,文学,4 [1027/1193],否, LINGUISTICS 语言学,4 [270/294],,,,,,,,,,,三级
French Studies in Southern Africa,2025,0259-0247/0259-0247,否,否,否,ESCI,0.1,,文学,4 [1028/1193],否, LANGUAGE & LINGUISTICS 语言与语言学,4 [352/391],,,,,,,,,,,三级
ETUDES LITTERAIRES,2025,0014-214X/0014-214X,否,否,否,AHCI,0.1,,文学,4 [1029/1193],否," LITERATURE, ROMANCE 罗曼语系文学",4 [109/116],,,,,,,,,,,三级
Bulgarski Ezik i Literatura-Bulgarian Language and Literature,2025,0323-9519/1314-8516,否,否,否,ESCI,<0.1,,文学,4 [1030/1193],否, LANGUAGE & LINGUISTICS 语言与语言学,4 [353/391],,,,,,,,,,,三级
International Journal of English Studies,2025,1578-7044/1989-6131,否,否,是,ESCI,0.3,,文学,4 [1031/1193],否, LANGUAGE & LINGUISTICS 语言与语言学,4 [354/391],,,,,,,,,,,三级
Res Rhetorica,2025,2392-3113/2392-3113,否,否,是,ESCI,0.2,,文学,4 [1032/1193],否," HUMANITIES, MULTIDISCIPLINARY 人文科学",4 [340/406],,,,,,,,,,,三级
Anafora,2025,1849-2339/2459-5160,否,否,是,ESCI,0.1,,文学,4 [1033/1193],否, LITERATURE 其他形式的文学,4 [190/199],,,,,,,,,,,三级
Linguamatica,2025,1647-0818/1647-0818,否,否,是,ESCI,0.1,,文学,4 [1034/1193],否, LINGUISTICS 语言学,4 [271/294],,,,,,,,,,,三级
MODERNA SPRAK,2025,2000-3560/2000-3560,否,否,是,AHCI,0.2,,文学,4 [1035/1193],否, LANGUAGE & LINGUISTICS 语言与语言学,4 [355/391], LITERATURE 其他形式的文学,4 [191/199],,,,,,,,,三级
WALLACE STEVENS JOURNAL,2025,0148-7132/2160-0570,否,否,否,ESCI,0.2,,文学,4 [1036/1193],否, POETRY 诗歌,4 [14/15],,,,,,,,,,,三级
Teksty Drugie,2025,0867-0633/2545-2061,否,否,否,AHCI,0.1,,文学,4 [1037/1193],否," LITERATURE, SLAVIC 斯拉夫语系文学",4 [12/12],,,,,,,,,,,三级
Matraga-Estudos Linguisticos e Literario,2025,1414-7165/2446-6905,否,否,是,ESCI,0.1,,文学,4 [1038/1193],否, LITERATURE 其他形式的文学,4 [192/199],,,,,,,,,,,三级
Elos-Revista de Literatura Infantil e Xuvenil,2025,2386-7620/2386-7620,否,否,否,ESCI,<0.1,,文学,4 [1039/1193],否, LITERATURE 其他形式的文学,4 [193/199],,,,,,,,,,,三级
Nordeuropa Forum-Zeitschrift fur Kulturstudien,2025,1863-639X/1863-639X,否,否,是,ESCI,<0.1,,文学,4 [1040/1193],否," HUMANITIES, MULTIDISCIPLINARY 人文科学",4 [341/406],,,,,,,,,,,三级
Sprache & Sprachen,2025,0934-6813/2199-6016,否,否,否,ESCI,<0.1,,文学,4 [1041/1193],否, LANGUAGE & LINGUISTICS 语言与语言学,4 [356/391],,,,,,,,,,,三级
Studii de Lingvistica,2025,2248-2547/2284-5437,否,否,是,ESCI,0.1,,文学,4 [1042/1193],否, LANGUAGE & LINGUISTICS 语言与语言学,4 [357/391],,,,,,,,,,,三级
Lengua y Habla,2025,2244-811X/2244-811X,否,否,否,ESCI,0.1,,文学,4 [1043/1193],否, LANGUAGE & LINGUISTICS 语言与语言学,4 [358/391],,,,,,,,,,,三级
Victorian Review-An Interdisciplinary Journal of Victorian Studies,2025,0848-1512/1923-3280,否,否,否,ESCI,0.1,,文学,4 [1044/1193],否," HUMANITIES, MULTIDISCIPLINARY 人文科学",4 [344/406],,,,,,,,,,,三级
Treballs de Sociolinguistica Catalana,2025,0211-0784/2013-9136,否,否,是,ESCI,0.1,,文学,4 [1045/1193],否, LINGUISTICS 语言学,4 [272/294],,,,,,,,,,,三级
Synergies Mexique,2025,2007-4654/2260-8109,否,否,是,ESCI,<0.1,,文学,4 [1046/1193],否, LANGUAGE & LINGUISTICS 语言与语言学,4 [359/391],,,,,,,,,,,三级
Didactica-Lengua y Literatura,2025,1130-0531/1988-2548,否,否,是,ESCI,0.3,,文学,4 [1047/1193],否, LANGUAGE & LINGUISTICS 语言与语言学,4 [360/391],,,,,,,,,,,三级
Comunicacion y Sociedad-Guadalajara,2025,0188-252X/2448-9042,否,否,是,ESCI,0.4,,文学,4 [1048/1193],否, COMMUNICATION 传播学,4 [184/223],,,,,,,,,,,三级
George Eliot-George Henry Lewes Studies,2025,2372-1901/2372-191X,否,否,否,ESCI,0.1,,文学,4 [1049/1193],否," HUMANITIES, MULTIDISCIPLINARY 人文科学",4 [348/406],,,,,,,,,,,三级
Revista da Anpoll,2025,1414-7564/1982-7830,否,否,是,ESCI,0.1,,文学,4 [1050/1193],否, LANGUAGE & LINGUISTICS 语言与语言学,4 [361/391],,,,,,,,,,,三级
EUROPE-REVUE LITTERAIRE MENSUELLE,2025,0014-2751/0014-2751,否,否,否,AHCI,<0.1,,文学,4 [1051/1193],否, LITERARY REVIEWS 文学评论,2 [10/42],,,,,,,,,,,三级
LANGUE FRANCAISE,2025,0023-8368/1957-7982,否,否,否,AHCI,0.2,,文学,4 [1052/1193],否, LANGUAGE & LINGUISTICS 语言与语言学,4 [362/391],,,,,,,,,,,三级
Quaderns de Filologia-Estudis Literaris,2025,1135-4178/2444-1457,否,否,是,ESCI,0.1,,文学,4 [1053/1193],否," LITERATURE, ROMANCE 罗曼语系文学",4 [110/116],,,,,,,,,,,三级
Concentric-Studies in Linguistics,2025,1810-7478/2589-5230,否,否,否,ESCI,0.4,,文学,4 [1054/1193],否, LANGUAGE & LINGUISTICS 语言与语言学,4 [363/391],,,,,,,,,,,三级
BIOGRAPHY-AN INTERDISCIPLINARY QUARTERLY,2025,0162-4962/1529-1456,否,否,否,AHCI,,,文学,4 [1055/1193],否, LITERATURE 其他形式的文学,4 [194/199],,,,,,,,,,,三级
H-ermes-Journal of Communication,2025,2284-0753/2284-0753,否,否,是,ESCI,0.1,,文学,4 [1056/1193],否, COMMUNICATION 传播学,4 [185/223],,,,,,,,,,,三级
Cahiers de Narratologie,2025,0993-8516/1765-307X,否,否,是,ESCI,<0.1,,文学,4 [1057/1193],否, LITERATURE 其他形式的文学,4 [195/199],,,,,,,,,,,三级
Colombian Applied Linguistics Journal,2025,0123-4641/2248-7085,否,否,是,ESCI,0.5,,文学,4 [1058/1193],否, LINGUISTICS 语言学,4 [273/294],,,,,,,,,,,三级
ROMANISCHE FORSCHUNGEN,2025,0035-8126/1864-0737,否,否,否,AHCI,<0.1,,文学,4 [1059/1193],否," LITERATURE, ROMANCE 罗曼语系文学",4 [111/116],,,,,,,,,,,三级
CANADIAN REVIEW OF AMERICAN STUDIES,2025,0007-7720/1710-114X,否,否,否,AHCI,0.2,,文学,4 [1060/1193],否," HUMANITIES, MULTIDISCIPLINARY 人文科学",4 [352/406],,,,,,,,,,,三级
JMM-International Journal on Media Management,2025,1424-1277/1424-1250,否,否,否,ESCI,1.5,,文学,4 [1061/1193],否, COMMUNICATION 传播学,4 [186/223],,,,,,,,,,,三级
Obra Digital-Revista de Comunicacion,2025,2014-5039/2014-5039,否,否,是,ESCI,0.3,,文学,4 [1062/1193],否, COMMUNICATION 传播学,4 [187/223],,,,,,,,,,,三级
CUADERNOS HISPANOAMERICANOS,2025,0011-250X,否,否,否,AHCI,0.1,,文学,4 [1063/1193],否, LITERARY REVIEWS 文学评论,3 [11/42],,,,,,,,,,,三级
Journal of Gaming and Virtual Worlds,2025,1757-191X/1757-1928,否,否,否,ESCI,0.3,,文学,4 [1064/1193],否, COMMUNICATION 传播学,4 [188/223],,,,,,,,,,,三级
Literary Voice,2025,2277-4521/2583-8199,否,否,否,ESCI,<0.1,,文学,4 [1065/1193],否, LITERARY THEORY & CRITICISM 文学理论与文艺批评,4 [51/53],,,,,,,,,,,三级
Dialectologia,2025,2013-2247/2013-2247,否,否,是,ESCI,0.1,,文学,4 [1066/1193],否, LANGUAGE & LINGUISTICS 语言与语言学,4 [364/391],,,,,,,,,,,三级
Linguistica e Filologia,2025,1594-6517/1594-6517,否,否,是,ESCI,0.1,,文学,4 [1067/1193],否, LANGUAGE & LINGUISTICS 语言与语言学,4 [365/391],,,,,,,,,,,三级
POETRY REVIEW,2025,0032-2156/0032-2156,否,否,否,AHCI,<0.1,,文学,4 [1068/1193],否, POETRY 诗歌,4 [15/15],,,,,,,,,,,三级
Sic-A Journal of Literature Culture and Literary Translation,2025,1847-7755/1847-7755,否,否,是,ESCI,0.1,,文学,4 [1069/1193],否, LITERATURE 其他形式的文学,4 [196/199],,,,,,,,,,,三级
Manoa-A Pacific Journal of International Writing,2025,1045-7909/1527-943X,否,否,否,ESCI,<0.1,,文学,4 [1070/1193],否, LITERARY REVIEWS 文学评论,3 [12/42],,,,,,,,,,,三级
Fictions-Studi Sulla Narrativita,2025,1721-3673/1724-045X,否,否,否,ESCI,<0.1,,文学,4 [1071/1193],否," HUMANITIES, MULTIDISCIPLINARY 人文科学",4 [356/406], LITERATURE 其他形式的文学,4 [197/199],,,,,,,,,三级
CHICAGO REVIEW,2025,0009-3696/2327-5804,否,否,否,AHCI,<0.1,,文学,4 [1072/1193],否, LITERARY REVIEWS 文学评论,3 [13/42],,,,,,,,,,,三级
Fachsprache-Journal of Professional and Scientific Communication,2025,1017-3285/2523-9201,否,否,否,ESCI,0.3,,文学,4 [1073/1193],否, LANGUAGE & LINGUISTICS 语言与语言学,4 [366/391],,,,,,,,,,,三级
Revista Virtual de Estudos da Linguagem-ReVEL,2025,1678-8931/1678-8931,否,否,否,ESCI,<0.1,,文学,4 [1074/1193],否, LANGUAGE & LINGUISTICS 语言与语言学,4 [367/391],,,,,,,,,,,三级
Slavia Meridionalis,2025,1233-6173/2392-2400,否,否,是,ESCI,0.1,,文学,4 [1075/1193],否," HUMANITIES, MULTIDISCIPLINARY 人文科学",4 [358/406],,,,,,,,,,,三级
Revista de Letras Norte@mentos,2025,1983-8018/1983-8018,否,否,是,ESCI,<0.1,,文学,4 [1076/1193],否, LANGUAGE & LINGUISTICS 语言与语言学,4 [368/391],,,,,,,,,,,三级
Loquens,2025,2386-2637/2386-2637,否,否,否,ESCI,0.5,,文学,4 [1077/1193],否, LINGUISTICS 语言学,4 [274/294],,,,,,,,,,,三级
Voix Plurielles,2025,1925-0614/1925-0614,否,否,是,ESCI,<0.1,,文学,4 [1078/1193],否, LITERATURE 其他形式的文学,4 [198/199],,,,,,,,,,,三级
Linguistica y Literatura,2025,0120-5587/2422-3174,否,否,否,ESCI,0.2,,文学,4 [1079/1193],否, LANGUAGE & LINGUISTICS 语言与语言学,4 [369/391],,,,,,,,,,,三级
Studien zur Deutschen Sprache und Literatur-Alman Dili ve Edebiyati Dergisi,2025,1303-9407/2619-9890,否,否,是,ESCI,0.1,,文学,4 [1080/1193],否, LINGUISTICS 语言学,4 [275/294],,,,,,,,,,,三级
Rhythmica-Revista Espanola de Metrica Comparada,2025,1696-5744/1696-5744,否,否,否,ESCI,<0.1,,文学,4 [1081/1193],否," LITERATURE, ROMANCE 罗曼语系文学",4 [112/116],,,,,,,,,,,三级
IC-Revista Cientifica de Informacion y Comunicacion,2025,1696-2508/2173-1071,否,否,否,ESCI,0.3,,文学,4 [1082/1193],否, COMMUNICATION 传播学,4 [189/223],,,,,,,,,,,三级
FRANCAIS MODERNE,2025,0015-9409,否,否,否,AHCI,0.1,,文学,4 [1083/1193],否, LANGUAGE & LINGUISTICS 语言与语言学,4 [370/391],,,,,,,,,,,三级
Rivista Italiana di Filosofia del Linguaggio,2025,2036-6728/2036-6728,否,否,否,ESCI,0.1,,文学,4 [1084/1193],否, LANGUAGE & LINGUISTICS 语言与语言学,4 [371/391],,,,,,,,,,,三级
Antares-Letras e Humanidades,2025,1984-4921/1984-4921,否,否,否,ESCI,<0.1,,文学,4 [1085/1193],否," HUMANITIES, MULTIDISCIPLINARY 人文科学",4 [361/406],,,,,,,,,,,三级
SALMAGUNDI-A QUARTERLY OF THE HUMANITIES AND SOCIAL SCIENCES,2025,0036-3529,否,否,否,AHCI,<0.1,,文学,4 [1086/1193],否, LITERARY REVIEWS 文学评论,3 [14/42],,,,,,,,,,,三级
Dialogo das Letras,2025,2316-1795/2316-1795,否,否,是,ESCI,0.1,,文学,4 [1087/1193],否, LANGUAGE & LINGUISTICS 语言与语言学,4 [372/391],,,,,,,,,,,三级
Cuadernos CANELA,2025,1322-9109/2189-9568,否,否,是,ESCI,0.3,,文学,4 [1088/1193],否, LANGUAGE & LINGUISTICS 语言与语言学,4 [373/391],,,,,,,,,,,三级
LFE-Revista de Lenguas para Fines Especificos,2025,1133-1127/2340-8561,否,否,是,ESCI,0.5,,文学,4 [1089/1193],否, LINGUISTICS 语言学,4 [276/294],,,,,,,,,,,三级
Austrian Studies,2025,1350-7532/2222-4262,否,否,否,AHCI,0.3,,文学,4 [1090/1193],否," HUMANITIES, MULTIDISCIPLINARY 人文科学",4 [364/406],,,,,,,,,,,三级
Journal of Information Policy,2025,2381-5892/2158-3897,否,否,是,ESCI,0.7,,文学,4 [1091/1193],否, COMMUNICATION 传播学,4 [190/223],,,,,,,,,,,三级
East Asian Pragmatics,2025,2055-7752/2055-7760,否,否,否,ESCI,0.6,,文学,4 [1092/1193],否, LANGUAGE & LINGUISTICS 语言与语言学,4 [374/391], LINGUISTICS 语言学,4 [277/294],,,,,,,,,三级
NEUE RUNDSCHAU,2025,0028-3347,否,否,否,AHCI,<0.1,,文学,4 [1093/1193],否, LITERARY REVIEWS 文学评论,3 [15/42],,,,,,,,,,,三级
WESTERLY,2025,0043-342X,否,否,否,AHCI,0.1,,文学,4 [1094/1193],否, LITERARY REVIEWS 文学评论,3 [16/42],,,,,,,,,,,三级
Comunicacion y Medios,2025,0716-3991/0719-1529,否,否,是,ESCI,0.6,,文学,4 [1095/1193],否, COMMUNICATION 传播学,4 [191/223],,,,,,,,,,,三级
Chuzhdoezikovo Obuchenie-Foreign Language Teaching,2025,0205-1834/1314-8508,否,否,否,ESCI,0.1,,文学,4 [1096/1193],否, LANGUAGE & LINGUISTICS 语言与语言学,4 [375/391],,,,,,,,,,,三级
Revista de Investigacion Linguistica,2025,1139-1146/1989-4554,否,否,是,ESCI,0.4,,文学,4 [1097/1193],否, LINGUISTICS 语言学,4 [278/294],,,,,,,,,,,三级
REVIEW-LITERATURE AND ARTS OF THE AMERICAS,2025,0890-5762/1743-0666,否,否,否,AHCI,0.1,,文学,4 [1098/1193],否, LITERARY REVIEWS 文学评论,3 [17/42],,,,,,,,,,,三级
Estudos de Linguistica Galega,2025,1889-2566/1989-578X,否,否,是,ESCI,0.9,,文学,4 [1099/1193],否, LANGUAGE & LINGUISTICS 语言与语言学,4 [376/391],,,,,,,,,,,三级
Italiano LinguaDue,2025,2037-3597/2037-3597,否,否,是,ESCI,0.3,,文学,4 [1100/1193],否, LANGUAGE & LINGUISTICS 语言与语言学,4 [377/391],,,,,,,,,,,三级
Lenguaje y Textos,2025,1133-4770/2530-0075,否,否,否,ESCI,0.3,,文学,4 [1101/1193],否, LINGUISTICS 语言学,4 [279/294],,,,,,,,,,,三级
Caligrama-Revista de Estudos Romanicos,2025,0103-2178/2238-3824,否,否,是,ESCI,<0.1,,文学,4 [1102/1193],否," LITERATURE, ROMANCE 罗曼语系文学",4 [113/116],,,,,,,,,,,三级
Yazyk i Kultura-Language and Culture,2025,1999-6195/2311-3235,否,否,否,ESCI,0.3,,文学,4 [1103/1193],否, LANGUAGE & LINGUISTICS 语言与语言学,4 [378/391],,,,,,,,,,,三级
MIDWEST QUARTERLY-A JOURNAL OF CONTEMPORARY THOUGHT,2025,0026-3451/0026-3451,否,否,否,AHCI,<0.1,,文学,4 [1104/1193],否, LITERARY THEORY & CRITICISM 文学理论与文艺批评,4 [52/53],,,,,,,,,,,三级
Steinbeck Review,2025,1546-007X/1754-6087,否,否,否,ESCI,0.9,,文学,4 [1105/1193],否," LITERATURE, AMERICAN 美国文学",4 [28/28],,,,,,,,,,,三级
Encuentro-Revista de Investigacion e Innovacion en la Clase de Idiomas,2025,1989-0796/1989-0796,否,否,否,ESCI,1.1,,文学,4 [1106/1193],否, LINGUISTICS 语言学,4 [280/294],,,,,,,,,,,三级
SINN UND FORM,2025,0037-5756,否,否,否,AHCI,<0.1,,文学,4 [1107/1193],否, LITERARY REVIEWS 文学评论,3 [18/42],,,,,,,,,,,三级
POSTMODERN CULTURE,2025,1053-1920,否,否,否,AHCI,,,文学,4 [1108/1193],否," HUMANITIES, MULTIDISCIPLINARY 人文科学",4 [371/406],,,,,,,,,,,三级
LINGUA NOSTRA,2025,0024-3868,否,否,否,AHCI,<0.1,,文学,4 [1109/1193],否, LANGUAGE & LINGUISTICS 语言与语言学,4 [379/391],,,,,,,,,,,三级
Jeunesse-Young People Texts Cultures,2025,1920-2601/1920-261X,否,否,否,ESCI,0.2,,文学,4 [1110/1193],否," HUMANITIES, MULTIDISCIPLINARY 人文科学",4 [372/406],,,,,,,,,,,三级
NOVYI MIR,2025,0130-7673,否,否,否,AHCI,<0.1,,文学,4 [1111/1193],否, LITERARY REVIEWS 文学评论,3 [19/42],,,,,,,,,,,三级
deSignis,2025,1578-4223/2462-7259,否,否,是,ESCI,0.1,,文学,4 [1112/1193],否, LINGUISTICS 语言学,4 [281/294],,,,,,,,,,,三级
HISPAMERICA-REVISTA DE LITERATURA,2025,0363-0471,否,否,否,AHCI,<0.1,,文学,4 [1113/1193],否," LITERATURE, ROMANCE 罗曼语系文学",4 [114/116],,,,,,,,,,,三级
Signo y Sena-Revista del Instituto de Linguistica,2025,2314-2189/2314-2189,否,否,是,ESCI,<0.1,,文学,4 [1114/1193],否, LANGUAGE & LINGUISTICS 语言与语言学,4 [380/391],,,,,,,,,,,三级
KENYON REVIEW,2025,0163-075X/2327-8307,否,否,否,AHCI,0.3,,文学,4 [1115/1193],否, LITERARY REVIEWS 文学评论,3 [20/42],,,,,,,,,,,三级
Lengua y Migracion-Language and Migration,2025,1889-5425/1889-5425,否,否,否,ESCI,0.3,,文学,4 [1116/1193],否, LINGUISTICS 语言学,4 [282/294],,,,,,,,,,,三级
Journal of Portuguese Linguistics,2025,1645-4537/2397-5563,否,否,是,ESCI,,,文学,4 [1117/1193],否, LANGUAGE & LINGUISTICS 语言与语言学,4 [381/391],,,,,,,,,,,三级
NEW ENGLAND REVIEW-MIDDLEBURY SERIES,2025,1053-1297/2161-9131,否,否,否,AHCI,<0.1,,文学,4 [1118/1193],否, LITERARY REVIEWS 文学评论,3 [21/42],,,,,,,,,,,三级
Ijaz Arabi Journal of Arabic Learning,2025,2620-5912/2620-5947,否,否,否,ESCI,0.2,,文学,4 [1119/1193],否, EDUCATION & EDUCATIONAL RESEARCH 教育学和教育研究,4 [617/754], LINGUISTICS 语言学,4 [284/294],,,,,,,,,三级
Anales de Filologia Francesa,2025,0213-2958/1989-4678,否,否,是,ESCI,<0.1,,文学,4 [1120/1193],否, LANGUAGE & LINGUISTICS 语言与语言学,4 [382/391]," LITERATURE, ROMANCE 罗曼语系文学",4 [115/116],,,,,,,,,三级
Perspectivas de la Comunicacion,2025,0718-4867/0718-4867,否,否,是,ESCI,0.2,,文学,4 [1121/1193],否, COMMUNICATION 传播学,4 [193/223],,,,,,,,,,,三级
Plaridel,2025,1656-2534/1656-2534,否,否,否,ESCI,0.1,,文学,4 [1122/1193],否, COMMUNICATION 传播学,4 [194/223],,,,,,,,,,,三级
Euskera,2025,0210-1564/0210-1564,否,否,否,ESCI,0.3,,文学,4 [1123/1193],否, LANGUAGE & LINGUISTICS 语言与语言学,4 [383/391],,,,,,,,,,,三级
RARITAN-A QUARTERLY REVIEW,2025,0275-1607,否,否,否,AHCI,0.1,,文学,4 [1124/1193],否, LITERARY REVIEWS 文学评论,4 [22/42],,,,,,,,,,,三级
Argumentation et Analyse du Discours,2025,1565-8961/1565-8961,否,否,是,ESCI,0.2,,文学,4 [1125/1193],否, LANGUAGE & LINGUISTICS 语言与语言学,4 [384/391],,,,,,,,,,,三级
DEUTSCHE SPRACHE,2025,0340-9341/1866-5233,否,否,否,AHCI,0.2,,文学,4 [1126/1193],否, LANGUAGE & LINGUISTICS 语言与语言学,4 [385/391],,,,,,,,,,,三级
PLOUGHSHARES,2025,0048-4474/2162-0903,否,否,否,AHCI,<0.1,,文学,4 [1127/1193],否, LITERARY REVIEWS 文学评论,4 [23/42],,,,,,,,,,,三级
Journal of Cognitive Science,2025,1598-2327/1598-2327,否,否,否,ESCI,0.1,,文学,4 [1128/1193],否, LINGUISTICS 语言学,4 [285/294],,,,,,,,,,,三级
NOUVELLE REVUE FRANCAISE,2025,0029-4802,否,否,否,AHCI,<0.1,,文学,4 [1129/1193],否," LITERATURE, ROMANCE 罗曼语系文学",4 [116/116],,,,,,,,,,,三级
Antipodes-A Global Journal of Australian/New Zealand Literature,2025,0893-5580/2331-9089,否,否,否,ESCI,,,文学,4 [1130/1193],否," LITERATURE, AFRICAN, AUSTRALIAN, CANADIAN 英联邦文学",4 [7/7],,,,,,,,,,,三级
Entrepalavras,2025,2237-6321/2237-6321,否,否,是,ESCI,<0.1,,文学,4 [1131/1193],否, LANGUAGE & LINGUISTICS 语言与语言学,4 [386/391],,,,,,,,,,,三级
Doxa Comunicacion,2025,1696-019X/2386-3978,否,否,是,ESCI,0.8,,文学,4 [1132/1193],否, COMMUNICATION 传播学,4 [195/223],,,,,,,,,,,三级
Journal of Applied Journalism & Media Studies,2025,2001-0818/2049-9531,否,否,否,ESCI,0.4,,文学,4 [1133/1193],否, COMMUNICATION 传播学,4 [196/223],,,,,,,,,,,三级
International Journal of Media & Cultural Politics,2025,1740-8296/2040-0918,否,否,否,ESCI,0.8,,文学,4 [1134/1193],否, COMMUNICATION 传播学,4 [197/223],,,,,,,,,,,三级
Llengua Societat i Comunicacio,2025,1697-5928/1697-5928,否,否,是,ESCI,0.1,,文学,4 [1135/1193],否, LANGUAGE & LINGUISTICS 语言与语言学,4 [387/391],,,,,,,,,,,三级
Missouri Review,2025,0191-1961/1548-9930,否,否,否,AHCI,0.1,,文学,4 [1136/1193],否, LITERARY REVIEWS 文学评论,4 [24/42],,,,,,,,,,,三级
PONTE,2025,0032-423X,否,否,否,AHCI,<0.1,,文学,4 [1137/1193],否, LITERARY REVIEWS 文学评论,4 [25/42],,,,,,,,,,,三级
British Journalism Review,2025,0956-4748/1741-2668,否,否,否,ESCI,0.1,,文学,4 [1138/1193],否, COMMUNICATION 传播学,4 [198/223],,,,,,,,,,,三级
MEANJIN,2025,0025-6293/1448-8094,否,否,否,AHCI,0.2,,文学,4 [1139/1193],否, LITERARY REVIEWS 文学评论,4 [26/42],,,,,,,,,,,三级
Vivat Academia,2025,1575-2844/1575-2844,否,否,是,ESCI,0.8,,文学,4 [1140/1193],否, COMMUNICATION 传播学,4 [199/223],,,,,,,,,,,三级
OVERLAND,2025,0030-7416,否,否,否,AHCI,,,文学,4 [1141/1193],否, LITERARY REVIEWS 文学评论,4 [27/42],,,,,,,,,,,三级
Yearbook of Comparative Literature,2025,0084-3695/1947-2978,否,否,否,ESCI,0.1,,文学,4 [1142/1193],否, LITERATURE 其他形式的文学,4 [199/199],,,,,,,,,,,三级
HUDSON REVIEW,2025,0018-702X/2325-5935,否,否,否,AHCI,<0.1,,文学,4 [1143/1193],否, LITERARY REVIEWS 文学评论,4 [28/42],,,,,,,,,,,三级
Journal of the International Network for Korean Language and Culture,2025,1738-2793/1738-2793,否,否,否,ESCI,0.1,,文学,4 [1144/1193],否, LANGUAGE & LINGUISTICS 语言与语言学,4 [388/391],,,,,,,,,,,三级
Tripodos,2025,1138-3305/2340-5007,否,否,是,ESCI,0.3,,文学,4 [1145/1193],否, COMMUNICATION 传播学,4 [200/223],,,,,,,,,,,三级
NORTH AMERICAN REVIEW,2025,0029-2397,否,否,否,AHCI,<0.1,,文学,4 [1146/1193],否, LITERARY REVIEWS 文学评论,4 [29/42],,,,,,,,,,,三级
LITERATUR UND KRITIK,2025,0024-466X,否,否,否,AHCI,<0.1,,文学,4 [1147/1193],否, LITERARY REVIEWS 文学评论,4 [30/42],,,,,,,,,,,三级
Argentinian Journal of Applied Linguistics,2025,2314-3576/2314-3576,否,否,否,ESCI,0.2,,文学,4 [1148/1193],否, LINGUISTICS 语言学,4 [286/294],,,,,,,,,,,三级
Rivista di Psicolinguistica Applicata-Journal of Applied Psycholinguistics,2025,1592-1328/1724-0646,否,否,否,ESCI,0.1,,文学,4 [1149/1193],否, LINGUISTICS 语言学,4 [287/294],,,,,,,,,,,三级
ESPRIT,2025,0014-0759/2111-4579,否,否,否,AHCI,0.1,,文学,4 [1150/1193],否, LITERARY REVIEWS 文学评论,4 [31/42],,,,,,,,,,,三级
Quaderns de Filologia-Estudis Linguistics,2025,1135-416X/2444-1449,否,否,是,ESCI,0.4,,文学,4 [1151/1193],否, LANGUAGE & LINGUISTICS 语言与语言学,4 [389/391],,,,,,,,,,,三级
CRITIQUE,2025,0011-1600/1968-3901,否,否,否,AHCI,0.2,,文学,4 [1152/1193],否, LITERARY REVIEWS 文学评论,4 [32/42],,,,,,,,,,,三级
Appalachian Heritage-A Literary Quarterly of the Southern Appalachians,2025,0363-2318/1940-5081,否,否,否,ESCI,,,文学,4 [1153/1193],否, LITERARY REVIEWS 文学评论,4 [33/42],,,,,,,,,,,三级
PARIS REVIEW,2025,0031-2037/0031-2037,否,否,否,AHCI,0.2,,文学,4 [1154/1193],否, LITERARY REVIEWS 文学评论,4 [34/42],,,,,,,,,,,三级
SEWANEE REVIEW,2025,0037-3052/1934-421X,否,否,否,AHCI,<0.1,,文学,4 [1155/1193],否, LITERARY REVIEWS 文学评论,4 [35/42],,,,,,,,,,,三级
Langages,2025,0458-726X/1958-9549,否,否,否,SSCI;AHCI,0.2,,文学,4 [1156/1193],否, LANGUAGE & LINGUISTICS 语言与语言学,4 [390/391], LINGUISTICS 语言学,4 [288/294],,,,,,,,,三级
Comunicacio-Revista de Recerca i d Analisi,2025,2014-0304/2014-0444,否,否,是,ESCI,0.1,,文学,4 [1157/1193],否, COMMUNICATION 传播学,4 [201/223],,,,,,,,,,,三级
Revista Internacional de Comunicacion y Desarrollo,2025,2386-3730/2386-3730,否,否,否,ESCI,,,文学,4 [1158/1193],否, COMMUNICATION 传播学,4 [202/223],,,,,,,,,,,三级
Medijske Studije-Media Studies,2025,1847-9758/1848-5030,否,否,是,ESCI,0.5,,文学,4 [1159/1193],否, COMMUNICATION 传播学,4 [203/223],,,,,,,,,,,三级
Austral Comunicacion,2025,2313-9129/2313-9137,否,否,是,ESCI,0.4,,文学,4 [1160/1193],否, COMMUNICATION 传播学,4 [204/223],,,,,,,,,,,三级
Panacea-Boletin de Medicina y Traduccion,2025,1537-1964/1537-1964,否,否,否,ESCI,0.2,,文学,4 [1161/1193],否, LINGUISTICS 语言学,4 [289/294],,,,,,,,,,,三级
MUTTERSPRACHE,2025,0027-514X,否,否,否,AHCI,<0.1,,文学,4 [1162/1193],否, LANGUAGE & LINGUISTICS 语言与语言学,4 [391/391],,,,,,,,,,,三级
Communicare-Journal for Communication Sciences in Southern Africa,2025,0259-0069/0259-0069,否,否,是,ESCI,0.7,,文学,4 [1163/1193],否, COMMUNICATION 传播学,4 [205/223],,,,,,,,,,,三级
Fourth Genre-Explorations in Nonfiction,2025,1522-3868/1544-1733,否,否,否,ESCI,<0.1,,文学,4 [1164/1193],否, LITERARY REVIEWS 文学评论,4 [36/42],,,,,,,,,,,三级
QUEENS QUARTERLY,2025,0033-6041/0033-6041,否,否,否,AHCI,<0.1,,文学,4 [1165/1193],否, LITERARY REVIEWS 文学评论,4 [37/42],,,,,,,,,,,三级
CIC-Cuadernos de Informacion y Comunicacion,2025,1135-7991/1988-4001,否,否,是,ESCI,0.3,,文学,4 [1166/1193],否, COMMUNICATION 传播学,4 [206/223],,,,,,,,,,,三级
Question,2025,1669-6581/1669-6581,否,否,是,ESCI,0.1,,文学,4 [1167/1193],否, COMMUNICATION 传播学,4 [207/223],,,,,,,,,,,三级
RAEL-Revista Electronica de Linguistica Aplicada,2025,1885-9089/1885-9089,否,否,是,ESCI,0.3,,文学,4 [1168/1193],否, LINGUISTICS 语言学,4 [290/294],,,,,,,,,,,三级
SHENANDOAH,2025,0037-3583/0037-3583,否,否,否,AHCI,<0.1,,文学,4 [1169/1193],否, LITERARY REVIEWS 文学评论,4 [38/42],,,,,,,,,,,三级
MASSACHUSETTS REVIEW,2025,0025-4878/2330-0485,否,否,否,AHCI,<0.1,,文学,4 [1170/1193],否, LITERARY REVIEWS 文学评论,4 [39/42],,,,,,,,,,,三级
Journal of Interactional Research in Communication Disorders,2025,2040-5111/2040-512X,否,否,否,ESCI,0.3,,文学,4 [1171/1193],否, LINGUISTICS 语言学,4 [291/294],,,,,,,,,,,三级
SOUTHERN HUMANITIES REVIEW,2025,0038-4186/0038-4186,否,否,否,AHCI,<0.1,,文学,4 [1172/1193],否, LITERARY THEORY & CRITICISM 文学理论与文艺批评,4 [53/53],,,,,,,,,,,三级
Communitas,2025,1023-0556/2415-0525,否,否,是,ESCI,0.4,,文学,4 [1173/1193],否, COMMUNICATION 传播学,4 [208/223],,,,,,,,,,,三级
Teknokultura: Revista de Cultura Digital y Movimientos Sociales,2025,1549-2230/1549-2230,否,否,是,ESCI,0.4,,文学,4 [1174/1193],否, COMMUNICATION 传播学,4 [209/223], SOCIOLOGY 社会学,4 [210/216],,,,,,,,,三级
Revista Comunicacao Midiatica,2025,2236-8000/2236-8000,否,否,否,ESCI,<0.1,,文学,4 [1175/1193],否, COMMUNICATION 传播学,4 [210/223],,,,,,,,,,,三级
Revista Mediacao,2025,1676-2827/2179-9571,否,否,是,ESCI,<0.1,,文学,4 [1176/1193],否, COMMUNICATION 传播学,4 [211/223],,,,,,,,,,,三级
LIBERTE,2025,0024-2020,否,否,否,AHCI,<0.1,,文学,4 [1177/1193],否, LITERARY REVIEWS 文学评论,4 [40/42],,,,,,,,,,,三级
Sociolinguistic Studies,2025,1750-8649/1750-8657,否,否,否,ESCI,0.5,,文学,4 [1178/1193],否, LINGUISTICS 语言学,4 [292/294],,,,,,,,,,,三级
Chasqui-Revista Latinoamericana de Comunicacion,2025,1390-1079/1390-924X,否,否,是,ESCI,0.2,,文学,4 [1179/1193],否, COMMUNICATION 传播学,4 [212/223],,,,,,,,,,,三级
Digithum,2025,1575-2275/1575-2275,否,否,是,ESCI,<0.1,,文学,4 [1180/1193],否," HUMANITIES, MULTIDISCIPLINARY 人文科学",4 [403/406],,,,,,,,,,,三级
ILEF Dergisi,2025,2148-7219/2458-9209,否,否,是,ESCI,0.1,,文学,4 [1181/1193],否, COMMUNICATION 传播学,4 [213/223],,,,,,,,,,,三级
Revista Espanola de Comunicacion en Salud,2025,1989-9882/1989-9882,否,否,是,ESCI,0.5,,文学,4 [1182/1193],否, COMMUNICATION 传播学,4 [214/223],,,,,,,,,,,三级
Revista de Investigacion en Logopedia,2025,2174-5218/2174-5218,否,否,是,ESCI,0.2,,文学,4 [1183/1193],否, LINGUISTICS 语言学,4 [293/294],,,,,,,,,,,三级
STAND,2025,0038-9366,否,否,否,AHCI,2,,文学,4 [1184/1193],否, LITERARY REVIEWS 文学评论,4 [41/42],,,,,,,,,,,三级
LANDFALL,2025,0023-7930,否,否,否,AHCI,<0.1,,文学,4 [1185/1193],否, LITERARY REVIEWS 文学评论,4 [42/42],,,,,,,,,,,三级
Communiquer,2025,2368-9587/2368-9587,否,否,是,ESCI,0.1,,文学,4 [1186/1193],否, COMMUNICATION 传播学,4 [217/223],,,,,,,,,,,三级
Mediaciones Sociales,2025,1989-0494/1989-0494,否,否,是,ESCI,0.1,,文学,4 [1187/1193],否, COMMUNICATION 传播学,4 [218/223],,,,,,,,,,,三级
Turkiye Iletisim Arastirmalari Dergisi-Turkish Review of Communication Studies,2025,2630-6220/2630-6220,否,否,是,ESCI,0.2,,文学,4 [1188/1193],否, COMMUNICATION 传播学,4 [219/223],,,,,,,,,,,三级
Revista Internacional de Relaciones Publicas,2025,2174-3681/2174-3681,否,否,是,ESCI,0.3,,文学,4 [1189/1193],否, COMMUNICATION 传播学,4 [220/223],,,,,,,,,,,三级
Tijdschrift voor Communicatiewetenschap,2025,1384-6930/1875-7286,否,否,否,SSCI,0.4,,文学,4 [1190/1193],否, COMMUNICATION 传播学,4 [221/223],,,,,,,,,,,三级
Connectist-Istanbul University Journal of Communication Sciences,2025,2636-8943/2636-8943,否,否,是,ESCI,0.4,,文学,4 [1191/1193],否, COMMUNICATION 传播学,4 [222/223],,,,,,,,,,,三级
TRAITEMENT AUTOMATIQUE DES LANGUES,2025,1248-9433/1965-0906,否,否,否,ESCI,,,文学,4 [1192/1193],否, LINGUISTICS 语言学,4 [294/294],,,,,,,,,,,三级
International Journal of Marketing Communication and New Media,2025,2182-9306/2182-9306,否,否,否,ESCI,0.3,,文学,4 [1193/1193],否, COMMUNICATION 传播学,4 [223/223],,,,,,,,,,,三级
