Journal,年份,ISSN/EISSN,Review,OA Journal Index（OAJ）,Open Access,Web of Science,影响因子,标注,大类,大类分区,Top,权威期刊,小类1,小类1分区,小类2,小类2分区,小类3,小类3分区,小类4,小类4分区,小类5,小类5分区,小类6,小类6分区
Nature Electronics,2025,2520-1131/2520-1131,否,否,否,SCIE,40.9,,工程技术,1 [1/1437],是,一级," ENGINEERING, ELECTRICAL & ELECTRONIC 工程：电子与电气",1 [1/352],,,,,,,,,,
Annual Review of Fluid Mechanics,2025,0066-4189/1545-4479,是,否,否,SCIE,30.2,,工程技术,1 [2/1437],是,一级, MECHANICS 力学,1 [1/171]," PHYSICS, FLUIDS & PLASMAS 物理：流体与等离子体",1 [1/40],,,,,,,,
PROGRESS IN ENERGY AND COMBUSTION SCIENCE,2025,0360-1285/1873-216X,是,否,否,SCIE,37,,工程技术,1 [3/1437],是,一级, ENERGY & FUELS 能源与燃料,1 [1/171]," ENGINEERING, CHEMICAL 工程：化工",1 [1/169]," ENGINEERING, MECHANICAL 工程：机械",1 [1/181], THERMODYNAMICS 热力学,1 [1/78],,,,
PROGRESS IN AEROSPACE SCIENCES,2025,0376-0421/1873-1724,是,否,否,SCIE,16.2,,工程技术,1 [4/1437],是,一级," ENGINEERING, AEROSPACE 工程：宇航",1 [1/53],,,,,,,,,,
INTERNATIONAL JOURNAL OF MACHINE TOOLS & MANUFACTURE,2025,0890-6955/1879-2170,否,否,否,SCIE,18.8,,工程技术,1 [5/1437],是,一级," ENGINEERING, MANUFACTURING 工程：制造",1 [1/70]," ENGINEERING, MECHANICAL 工程：机械",1 [2/181],,,,,,,,
Analytic Methods in Accident Research,2025,2213-6657/2213-6665,否,否,否,SSCI,12.6,,工程技术,1 [6/1437],是,一级," PUBLIC, ENVIRONMENTAL & OCCUPATIONAL HEALTH 公共卫生、环境卫生与职业卫生",1 [4/404], TRANSPORTATION 交通运输,1 [1/58],,,,,,,,
Communications in Transportation Research,2025,2097-5023/2772-4247,否,否,是,SSCI;SCIE,14.5,,工程技术,1 [7/1437],是,一级, TRANSPORTATION 交通运输,1 [2/58], TRANSPORTATION SCIENCE & TECHNOLOGY 运输科技,1 [1/71],,,,,,,,
International Journal of Mining Science and Technology,2025,2095-2686/2212-6066,否,是,是,SCIE,13.7,,工程技术,1 [8/1437],是,一级, MINING & MINERAL PROCESSING 矿业与矿物加工,1 [1/32],,,,,,,,,,
Applied Mechanics Reviews,2025,0003-6900/2379-0407,是,否,否,SCIE,16.1,,工程技术,1 [9/1437],是,一级, MECHANICS 力学,1 [3/171],,,,,,,,,,
RELIABILITY ENGINEERING & SYSTEM SAFETY,2025,0951-8320/1879-0836,否,否,否,SCIE,11,,工程技术,1 [10/1437],是,一级," ENGINEERING, INDUSTRIAL 工程：工业",1 [1/70], OPERATIONS RESEARCH & MANAGEMENT SCIENCE 运筹学与管理科学,1 [1/106],,,,,,,,
International Journal of Extreme Manufacturing,2025,2631-8644/2631-7990,否,否,是,SCIE,21.3,,工程技术,1 [11/1437],是,一级," ENGINEERING, MANUFACTURING 工程：制造",1 [2/70]," MATERIALS SCIENCE, MULTIDISCIPLINARY 材料科学：综合",1 [19/436],,,,,,,,
CEMENT & CONCRETE COMPOSITES,2025,0958-9465/1873-393X,否,否,否,SCIE,13.1,,工程技术,1 [12/1437],是,一级, CONSTRUCTION & BUILDING TECHNOLOGY 结构与建筑技术,1 [1/91]," MATERIALS SCIENCE, COMPOSITES 材料科学：复合",1 [2/35],,,,,,,,
Journal of Rock Mechanics and Geotechnical Engineering,2025,1674-7755/2589-0417,否,否,是,SCIE,10.2,,工程技术,1 [13/1437],是,一级," ENGINEERING, GEOLOGICAL 工程：地质",1 [1/65],,,,,,,,,,
CEMENT AND CONCRETE RESEARCH,2025,0008-8846/1873-3948,否,否,否,SCIE,13.1,,工程技术,1 [14/1437],是,一级, CONSTRUCTION & BUILDING TECHNOLOGY 结构与建筑技术,1 [2/91]," MATERIALS SCIENCE, MULTIDISCIPLINARY 材料科学：综合",1 [25/436],,,,,,,,
RENEWABLE & SUSTAINABLE ENERGY REVIEWS,2025,1364-0321/1879-0690,否,否,否,SCIE,16.3,,工程技术,1 [15/1437],是,一级, ENERGY & FUELS 能源与燃料,1 [8/171], GREEN & SUSTAINABLE SCIENCE & TECHNOLOGY 绿色可持续发展技术,1 [2/91],,,,,,,,
Advances in Applied Energy,2025,2666-7924/2666-7924,否,否,是,ESCI,13.8,,工程技术,1 [16/1437],是,一级, ENERGY & FUELS 能源与燃料,1 [9/171],,,,,,,,,,
IEEE TRANSACTIONS ON POWER ELECTRONICS,2025,0885-8993/1941-0107,否,否,否,SCIE,6.5,,工程技术,1 [17/1437],是,一级," ENGINEERING, ELECTRICAL & ELECTRONIC 工程：电子与电气",1 [5/352],,,,,,,,,,
COMPUTER-AIDED CIVIL AND INFRASTRUCTURE ENGINEERING,2025,1093-9687/1467-8667,否,否,否,SCIE,9.1,,工程技术,1 [18/1437],是,一级," COMPUTER SCIENCE, INTERDISCIPLINARY APPLICATIONS 计算机：跨学科应用",1 [4/172], CONSTRUCTION & BUILDING TECHNOLOGY 结构与建筑技术,1 [3/91]," ENGINEERING, CIVIL 工程：土木",1 [1/180], TRANSPORTATION SCIENCE & TECHNOLOGY 运输科技,1 [2/71],,,,
Sustainable Cities and Society,2025,2210-6707/2210-6715,否,否,否,SCIE,12,,工程技术,1 [19/1437],是,一级, CONSTRUCTION & BUILDING TECHNOLOGY 结构与建筑技术,1 [4/91], ENERGY & FUELS 能源与燃料,1 [11/171], GREEN & SUSTAINABLE SCIENCE & TECHNOLOGY 绿色可持续发展技术,1 [3/91],,,,,,
TRANSPORTATION RESEARCH PART C-EMERGING TECHNOLOGIES,2025,0968-090X/1879-2359,否,否,否,SCIE,7.9,,工程技术,1 [20/1437],是,一级, TRANSPORTATION SCIENCE & TECHNOLOGY 运输科技,1 [3/71],,,,,,,,,,
AUTOMATION IN CONSTRUCTION,2025,0926-5805/1872-7891,否,否,否,SCIE,11.5,,工程技术,1 [21/1437],是,一级, CONSTRUCTION & BUILDING TECHNOLOGY 结构与建筑技术,1 [5/91]," ENGINEERING, CIVIL 工程：土木",1 [2/180],,,,,,,,
TRANSPORT REVIEWS,2025,0144-1647/1464-5327,是,否,否,SSCI,9.9,,工程技术,1 [22/1437],是,一级, TRANSPORTATION 交通运输,2 [4/58],,,,,,,,,,
IEEE TRANSACTIONS ON INDUSTRIAL ELECTRONICS,2025,0278-0046/1557-9948,否,否,否,SCIE,7.2,,工程技术,1 [23/1437],是,一级, AUTOMATION & CONTROL SYSTEMS 自动化与控制系统,1 [4/83]," ENGINEERING, ELECTRICAL & ELECTRONIC 工程：电子与电气",1 [8/352], INSTRUMENTS & INSTRUMENTATION 仪器仪表,1 [1/76],,,,,,
ADVANCED ENGINEERING INFORMATICS,2025,1474-0346/1873-5320,否,否,否,SCIE,9.9,,工程技术,1 [24/1437],是,一级," COMPUTER SCIENCE, ARTIFICIAL INTELLIGENCE 计算机：人工智能",1 [7/196]," ENGINEERING, MULTIDISCIPLINARY 工程：综合",1 [2/179],,,,,,,,
IEEE JOURNAL OF SOLID-STATE CIRCUITS,2025,0018-9200/1558-173X,否,否,否,SCIE,5.6,,工程技术,1 [25/1437],是,一级," ENGINEERING, ELECTRICAL & ELECTRONIC 工程：电子与电气",1 [11/352],,,,,,,,,,
npj Urban Sustainability,2025,2661-8001/2661-8001,否,否,是,ESCI,8.8,,工程技术,1 [26/1437],是,一级, ENVIRONMENTAL STUDIES 环境研究,1 [10/183], URBAN STUDIES 城市研究,1 [1/77],,,,,,,,
JOURNAL OF MANUFACTURING SYSTEMS,2025,0278-6125/1878-6642,否,否,否,SCIE,14.2,,工程技术,1 [27/1437],是,一级," ENGINEERING, MANUFACTURING 工程：制造",1 [4/70], OPERATIONS RESEARCH & MANAGEMENT SCIENCE 运筹学与管理科学,1 [3/106]," ENGINEERING, INDUSTRIAL 工程：工业",2 [6/70],,,,,,
TRANSPORTATION RESEARCH PART E-LOGISTICS AND TRANSPORTATION REVIEW,2025,1366-5545/1878-5794,否,否,否,SSCI;SCIE,8.8,,工程技术,1 [28/1437],是,一级, ECONOMICS 经济学,1 [21/599]," ENGINEERING, CIVIL 工程：土木",1 [3/180], OPERATIONS RESEARCH & MANAGEMENT SCIENCE 运筹学与管理科学,1 [4/106], TRANSPORTATION 交通运输,1 [3/58], TRANSPORTATION SCIENCE & TECHNOLOGY 运输科技,2 [5/71],,
ENERGY CONVERSION AND MANAGEMENT,2025,0196-8904/1879-2227,否,否,否,SCIE,10.9,,工程技术,1 [29/1437],是,一级, ENERGY & FUELS 能源与燃料,1 [15/171], MECHANICS 力学,1 [4/171], THERMODYNAMICS 热力学,1 [2/78],,,,,,
Underground Space,2025,2096-2754/2467-9674,否,是,是,SCIE,8.3,,工程技术,1 [30/1437],是,一级," ENGINEERING, CIVIL 工程：土木",1 [4/180],,,,,,,,,,
INTERNATIONAL JOURNAL OF MECHANICAL SCIENCES,2025,0020-7403/1879-2162,否,否,否,SCIE,9.4,,工程技术,1 [31/1437],是,一级," ENGINEERING, MECHANICAL 工程：机械",1 [4/181], MECHANICS 力学,1 [5/171],,,,,,,,
Facta Universitatis-Series Mechanical Engineering,2025,0354-2025/2335-0164,否,否,是,SCIE,11.8,,工程技术,1 [32/1437],是,一级," ENGINEERING, MECHANICAL 工程：机械",1 [5/181],,,,,,,,,,
IEEE Transactions on Sustainable Energy,2025,1949-3029/1949-3037,否,否,否,SCIE,10,,工程技术,1 [33/1437],是,一级," ENGINEERING, ELECTRICAL & ELECTRONIC 工程：电子与电气",1 [14/352], ENERGY & FUELS 能源与燃料,2 [21/171], GREEN & SUSTAINABLE SCIENCE & TECHNOLOGY 绿色可持续发展技术,2 [8/91],,,,,,
ENGINEERING GEOLOGY,2025,0013-7952/1872-6917,否,否,否,SCIE,8.4,,工程技术,1 [34/1437],是,一级," ENGINEERING, GEOLOGICAL 工程：地质",1 [2/65]," GEOSCIENCES, MULTIDISCIPLINARY 地球科学：综合",1 [9/258],,,,,,,,
Additive Manufacturing,2025,2214-8604/2214-7810,否,否,否,SCIE,11.1,,工程技术,1 [35/1437],是,一级," ENGINEERING, MANUFACTURING 工程：制造",2 [5/70]," MATERIALS SCIENCE, MULTIDISCIPLINARY 材料科学：综合",2 [49/436],,,,,,,,
Annual Review of Chemical and Biomolecular Engineering,2025,1947-5438/1947-5446,是,否,否,SCIE,12.8,,工程技术,1 [36/1437],是,一级," CHEMISTRY, APPLIED 应用化学",1 [3/74]," ENGINEERING, CHEMICAL 工程：化工",1 [6/169],,,,,,,,
TUNNELLING AND UNDERGROUND SPACE TECHNOLOGY,2025,0886-7798/1878-4364,否,否,否,SCIE,7.4,,工程技术,1 [37/1437],是,一级, CONSTRUCTION & BUILDING TECHNOLOGY 结构与建筑技术,1 [6/91]," ENGINEERING, CIVIL 工程：土木",1 [5/180],,,,,,,,
IEEE Transactions on Smart Grid,2025,1949-3053/1949-3061,否,否,否,SCIE,9.8,,工程技术,1 [38/1437],是,一级," ENGINEERING, ELECTRICAL & ELECTRONIC 工程：电子与电气",1 [15/352],,,,,,,,,,
APPLIED ENERGY,2025,0306-2619/1872-9118,否,否,否,SCIE,11,,工程技术,1 [39/1437],是,一级," ENGINEERING, CHEMICAL 工程：化工",1 [7/169], ENERGY & FUELS 能源与燃料,2 [22/171],,,,,,,,
ACCIDENT ANALYSIS AND PREVENTION,2025,0001-4575/1879-2057,否,否,否,SSCI,6.2,,工程技术,1 [40/1437],是,一级, ERGONOMICS 人体工程学,1 [1/24]," PUBLIC, ENVIRONMENTAL & OCCUPATIONAL HEALTH 公共卫生、环境卫生与职业卫生",1 [13/404]," SOCIAL SCIENCES, INTERDISCIPLINARY 社会科学：跨领域",1 [3/263], TRANSPORTATION 交通运输,2 [5/58],,,,
Virtual and Physical Prototyping,2025,1745-2759/1745-2767,否,否,是,SCIE,8.8,,工程技术,1 [41/1437],是,一级," ENGINEERING, MANUFACTURING 工程：制造",2 [6/70]," MATERIALS SCIENCE, MULTIDISCIPLINARY 材料科学：综合",2 [51/436],,,,,,,,
MECHANICAL SYSTEMS AND SIGNAL PROCESSING,2025,0888-3270/1096-1216,否,否,否,SCIE,8.9,,工程技术,1 [42/1437],是,一级," ENGINEERING, MECHANICAL 工程：机械",1 [6/181],,,,,,,,,,
TRANSPORTATION RESEARCH PART A-POLICY AND PRACTICE,2025,0965-8564/1879-2375,否,否,否,SSCI;SCIE,6.8,,工程技术,1 [43/1437],是,一级, ECONOMICS 经济学,1 [27/599], TRANSPORTATION 交通运输,2 [6/58], TRANSPORTATION SCIENCE & TECHNOLOGY 运输科技,2 [6/71],,,,,,
Tribology International,2025,0301-679X/1879-2464,否,否,否,SCIE,6.9,,工程技术,1 [44/1437],是,一级," ENGINEERING, MECHANICAL 工程：机械",1 [7/181],,,,,,,,,,
BUILDING AND ENVIRONMENT,2025,0360-1323/1873-684X,否,否,否,SCIE,7.6,,工程技术,1 [45/1437],是,一级," ENGINEERING, CIVIL 工程：土木",1 [6/180], CONSTRUCTION & BUILDING TECHNOLOGY 结构与建筑技术,2 [8/91]," ENGINEERING, ENVIRONMENTAL 工程：环境",2 [7/80],,,,,,
PROGRESS IN SURFACE SCIENCE,2025,0079-6816/1878-4240,是,否,否,SCIE,7.2,,工程技术,1 [46/1437],是,一级," PHYSICS, CONDENSED MATTER 物理：凝聚态物理",2 [12/78],,,,,,,,,,
JOURNAL OF MATERIALS PROCESSING TECHNOLOGY,2025,0924-0136/1873-4774,否,否,否,SCIE,7.5,,工程技术,1 [47/1437],是,一级," ENGINEERING, INDUSTRIAL 工程：工业",2 [8/70]," ENGINEERING, MANUFACTURING 工程：制造",2 [7/70]," MATERIALS SCIENCE, MULTIDISCIPLINARY 材料科学：综合",2 [53/436],,,,,,
INTERNATIONAL JOURNAL OF ROCK MECHANICS AND MINING SCIENCES,2025,1365-1609/1873-4545,否,否,否,SCIE,7.5,,工程技术,1 [48/1437],是,一级," ENGINEERING, GEOLOGICAL 工程：地质",1 [3/65], MINING & MINERAL PROCESSING 矿业与矿物加工,1 [2/32],,,,,,,,
COMPUTER METHODS IN APPLIED MECHANICS AND ENGINEERING,2025,0045-7825/1879-2138,否,否,否,SCIE,7.3,,工程技术,1 [49/1437],是,一级," ENGINEERING, MULTIDISCIPLINARY 工程：综合",1 [3/179]," MATHEMATICS, INTERDISCIPLINARY APPLICATIONS 数学跨学科应用",1 [3/136], MECHANICS 力学,1 [6/171],,,,,,
ARCHIVES OF COMPUTATIONAL METHODS IN ENGINEERING,2025,1134-3060/1886-1784,是,否,否,SCIE,12.1,,工程技术,1 [50/1437],是,一级," ENGINEERING, MULTIDISCIPLINARY 工程：综合",1 [4/179]," MATHEMATICS, INTERDISCIPLINARY APPLICATIONS 数学跨学科应用",1 [4/136]," COMPUTER SCIENCE, INTERDISCIPLINARY APPLICATIONS 计算机：跨学科应用",2 [11/172],,,,,,
IEEE Transactions on Transportation Electrification,2025,2332-7782/2332-7782,否,否,否,SCIE,8.3,,工程技术,1 [51/1437],是,一级," ENGINEERING, ELECTRICAL & ELECTRONIC 工程：电子与电气",1 [18/352], TRANSPORTATION SCIENCE & TECHNOLOGY 运输科技,2 [7/71],,,,,,,,
Energy,2025,0360-5442/1873-6785,否,否,否,SCIE,9.4,Mega-Journal,工程技术,1 [52/1437],是,一级, THERMODYNAMICS 热力学,1 [3/78], ENERGY & FUELS 能源与燃料,2 [24/171],,,,,,,,
Journal of Ocean Engineering and Science,2025,2096-675X/2468-0133,否,是,是,SCIE,11.8,,工程技术,1 [53/1437],是,一级," ENGINEERING, MARINE 工程：海洋",1 [1/26]," ENGINEERING, OCEAN 工程：大洋",1 [1/18],,,,,,,,
TRANSPORTATION RESEARCH PART D-TRANSPORT AND ENVIRONMENT,2025,1361-9209/1879-2340,否,否,否,SSCI;SCIE,7.7,,工程技术,1 [54/1437],是,一级, ENVIRONMENTAL STUDIES 环境研究,2 [18/183], TRANSPORTATION 交通运输,2 [7/58], TRANSPORTATION SCIENCE & TECHNOLOGY 运输科技,2 [8/71],,,,,,
Construction and Building Materials,2025,0950-0618/1879-0526,否,否,否,SCIE,8,Mega-Journal,工程技术,1 [55/1437],是,一级," ENGINEERING, CIVIL 工程：土木",1 [7/180], CONSTRUCTION & BUILDING TECHNOLOGY 结构与建筑技术,2 [9/91]," MATERIALS SCIENCE, MULTIDISCIPLINARY 材料科学：综合",2 [55/436],,,,,,
Aerospace Science and Technology,2025,1270-9638/1626-3219,否,否,否,SCIE,5.8,,工程技术,1 [56/1437],是,一级," ENGINEERING, AEROSPACE 工程：宇航",1 [3/53],,,,,,,,,,
Biofuel Research Journal-BRJ,2025,2292-8782/2292-8782,否,否,是,ESCI,11.9,,工程技术,1 [57/1437],是,一级, ENERGY & FUELS 能源与燃料,2 [25/171],,,,,,,,,,
IEEE TRANSACTIONS ON POWER SYSTEMS,2025,0885-8950/1558-0679,否,否,否,SCIE,7.2,,工程技术,1 [58/1437],是,一级," ENGINEERING, ELECTRICAL & ELECTRONIC 工程：电子与电气",1 [22/352],,,,,,,,,,
Protection and Control of Modern Power Systems,2025,2367-2617/2367-0983,否,否,是,SCIE,11.9,,工程技术,1 [59/1437],是,一级, ENERGY & FUELS 能源与燃料,1 [16/171]," ENGINEERING, ELECTRICAL & ELECTRONIC 工程：电子与电气",1 [23/352],,,,,,,,
TRANSPORTATION RESEARCH PART B-METHODOLOGICAL,2025,0191-2615/1879-2367,否,否,否,SSCI;SCIE,6.3,,工程技术,1 [60/1437],是,一级," ENGINEERING, CIVIL 工程：土木",1 [8/180], OPERATIONS RESEARCH & MANAGEMENT SCIENCE 运筹学与管理科学,1 [7/106], ECONOMICS 经济学,2 [36/599], TRANSPORTATION 交通运输,2 [8/58], TRANSPORTATION SCIENCE & TECHNOLOGY 运输科技,2 [9/71],,
INTERNATIONAL JOURNAL OF PRODUCTION ECONOMICS,2025,0925-5273/1873-7579,否,否,否,SCIE,10,,工程技术,1 [61/1437],是,一级," ENGINEERING, INDUSTRIAL 工程：工业",2 [9/70]," ENGINEERING, MANUFACTURING 工程：制造",2 [9/70], OPERATIONS RESEARCH & MANAGEMENT SCIENCE 运筹学与管理科学,2 [8/106],,,,,,
IEEE-ASME TRANSACTIONS ON MECHATRONICS,2025,1083-4435/1941-014X,否,否,否,SCIE,7.3,,工程技术,1 [62/1437],是,一级," ENGINEERING, MECHANICAL 工程：机械",1 [9/181], AUTOMATION & CONTROL SYSTEMS 自动化与控制系统,2 [8/83]," ENGINEERING, ELECTRICAL & ELECTRONIC 工程：电子与电气",2 [27/352]," ENGINEERING, MANUFACTURING 工程：制造",2 [10/70],,,,
JOURNAL OF MEMBRANE SCIENCE,2025,0376-7388/1873-3123,否,否,否,SCIE,9,,工程技术,1 [63/1437],是,一级," ENGINEERING, CHEMICAL 工程：化工",1 [8/169], POLYMER SCIENCE 高分子科学,1 [4/94],,,,,,,,
Engineered Science,2025,2576-9898/2576-989X,否,是,是,,,,工程技术,1 [64/1437],是,一级," ENGINEERING, MULTIDISCIPLINARY 工程：综合",1 [5/179]," MATHEMATICS, INTERDISCIPLINARY APPLICATIONS 数学跨学科应用",1 [5/136],,,,,,,,
Engineering Applications of Computational Fluid Mechanics,2025,1994-2060/1997-003X,否,否,是,SCIE,5.4,,工程技术,1 [65/1437],是,一级," ENGINEERING, MECHANICAL 工程：机械",1 [10/181]," ENGINEERING, MULTIDISCIPLINARY 工程：综合",1 [7/179], MECHANICS 力学,1 [8/171],,,,,,
JOURNAL OF MANAGEMENT IN ENGINEERING,2025,0742-597X/1943-5479,否,否,否,SCIE,7,,工程技术,1 [66/1437],是,一级," ENGINEERING, CIVIL 工程：土木",1 [9/180]," ENGINEERING, INDUSTRIAL 工程：工业",2 [10/70],,,,,,,,
Acta Geotechnica,2025,1861-1125/1861-1133,否,否,否,SCIE,5.7,,工程技术,1 [67/1437],是,一级," ENGINEERING, GEOLOGICAL 工程：地质",1 [4/65],,,,,,,,,,
Journal of Transport Geography,2025,0966-6923/1873-1236,否,否,否,SSCI,6.3,,工程技术,1 [68/1437],是,一级, ECONOMICS 经济学,2 [41/599], GEOGRAPHY 地理学,2 [17/171], TRANSPORTATION 交通运输,2 [9/58],,,,,,
Combustion and Flame,2025,0010-2180/1556-2921,否,否,否,SCIE,6.2,,工程技术,1 [69/1437],是,一级," ENGINEERING, CHEMICAL 工程：化工",1 [9/169]," ENGINEERING, MECHANICAL 工程：机械",1 [11/181]," ENGINEERING, MULTIDISCIPLINARY 工程：综合",1 [8/179], THERMODYNAMICS 热力学,1 [4/78], ENERGY & FUELS 能源与燃料,2 [26/171],,
ENGINEERING STRUCTURES,2025,0141-0296/1873-7323,否,否,否,SCIE,6.4,,工程技术,1 [70/1437],是,一级," ENGINEERING, CIVIL 工程：土木",1 [10/180],,,,,,,,,,
Petroleum Science,2025,1672-5107/1995-8226,否,是,是,SCIE,6.1,,工程技术,1 [71/1437],是,一级, ENERGY & FUELS 能源与燃料,1 [17/171]," ENGINEERING, PETROLEUM 工程：石油",1 [1/24],,,,,,,,
Transport Policy,2025,0967-070X/1879-310X,否,否,否,SSCI,5.3,,工程技术,1 [72/1437],是,一级, ECONOMICS 经济学,2 [46/599], TRANSPORTATION 交通运输,2 [10/58],,,,,,,,
COMPUTERS AND GEOTECHNICS,2025,0266-352X/1873-7633,否,否,否,SCIE,6.2,,工程技术,1 [73/1437],是,一级," GEOSCIENCES, MULTIDISCIPLINARY 地球科学：综合",1 [15/258]," COMPUTER SCIENCE, INTERDISCIPLINARY APPLICATIONS 计算机：跨学科应用",2 [15/172]," ENGINEERING, GEOLOGICAL 工程：地质",2 [5/65],,,,,,
IEEE TRANSACTIONS ON MICROWAVE THEORY AND TECHNIQUES,2025,0018-9480/1557-9670,否,否,否,SCIE,4.5,,工程技术,1 [74/1437],是,一级," ENGINEERING, ELECTRICAL & ELECTRONIC 工程：电子与电气",2 [36/352],,,,,,,,,,
Renewable Energy,2025,0960-1481/1879-0682,否,否,否,SCIE,9.1,,工程技术,1 [75/1437],是,一级, ENERGY & FUELS 能源与燃料,2 [27/171], GREEN & SUSTAINABLE SCIENCE & TECHNOLOGY 绿色可持续发展技术,2 [15/91],,,,,,,,
Microsystems & Nanoengineering,2025,2055-7434/2055-7434,否,是,是,SCIE,9.9,,工程技术,1 [76/1437],是,一级, INSTRUMENTS & INSTRUMENTATION 仪器仪表,1 [3/76], NANOSCIENCE & NANOTECHNOLOGY 纳米科技,1 [13/139],,,,,,,,
Journal of Manufacturing Processes,2025,1526-6125/2212-4616,否,否,否,SCIE,6.8,,工程技术,1 [77/1437],是,一级," ENGINEERING, MANUFACTURING 工程：制造",2 [11/70],,,,,,,,,,
Green Energy & Environment,2025,2096-2797/2468-0257,否,是,是,SCIE,14.6,,工程技术,1 [78/1437],是,一级," CHEMISTRY, PHYSICAL 物理化学",1 [9/104], ENERGY & FUELS 能源与燃料,1 [19/171]," ENGINEERING, CHEMICAL 工程：化工",1 [11/169], GREEN & SUSTAINABLE SCIENCE & TECHNOLOGY 绿色可持续发展技术,1 [7/91],,,,
Journal of Manufacturing Technology Management,2025,1741-038X/1758-7786,否,否,否,SSCI;SCIE,6,,工程技术,1 [79/1437],是,一级," ENGINEERING, INDUSTRIAL 工程：工业",2 [11/70]," ENGINEERING, MANUFACTURING 工程：制造",2 [12/70], MANAGEMENT 管理学,3 [72/404],,,,,,
MECHANISM AND MACHINE THEORY,2025,0094-114X/1873-3999,否,否,否,SCIE,5.3,,工程技术,1 [80/1437],是,一级," ENGINEERING, MECHANICAL 工程：机械",1 [12/181],,,,,,,,,,
Building Simulation,2025,1996-3599/1996-8744,否,否,否,SCIE,5.9,,工程技术,1 [81/1437],是,一级, CONSTRUCTION & BUILDING TECHNOLOGY 结构与建筑技术,1 [7/91], THERMODYNAMICS 热力学,1 [5/78],,,,,,,,
Friction,2025,2223-7690/2223-7704,否,否,是,SCIE,8.2,,工程技术,1 [82/1437],是,一级," ENGINEERING, MECHANICAL 工程：机械",1 [13/181],,,,,,,,,,
Travel Behaviour and Society,2025,2214-367X/2214-3688,否,否,否,SSCI,5.7,,工程技术,1 [83/1437],是,一级, TRANSPORTATION 交通运输,2 [11/58],,,,,,,,,,
ROCK MECHANICS AND ROCK ENGINEERING,2025,0723-2632/1434-453X,否,否,否,SCIE,6.6,,工程技术,1 [84/1437],是,一级," GEOSCIENCES, MULTIDISCIPLINARY 地球科学：综合",1 [17/258]," ENGINEERING, GEOLOGICAL 工程：地质",2 [6/65],,,,,,,,
Design Studies,2025,0142-694X/1872-6909,否,否,否,SCIE,4.8,,工程技术,1 [85/1437],是,一级," ENGINEERING, MULTIDISCIPLINARY 工程：综合",1 [10/179]," ENGINEERING, MANUFACTURING 工程：制造",2 [13/70],,,,,,,,
Petroleum Exploration and Development,2025,2096-4803/1876-3804,否,是,是,SCIE,8,,工程技术,1 [86/1437],是,一级," ENGINEERING, PETROLEUM 工程：石油",1 [2/24]," GEOSCIENCES, MULTIDISCIPLINARY 地球科学：综合",1 [18/258], ENERGY & FUELS 能源与燃料,2 [28/171],,,,,,
Frontiers of Engineering Management,2025,2095-7513/2096-0255,否,否,否,ESCI,7.7,中国SCI期刊支持计划,工程技术,1 [87/1437],是,一级," ENGINEERING, INDUSTRIAL 工程：工业",1 [5/70],,,,,,,,,,
Defence Technology,2025,2096-3459/2214-9147,否,是,是,SCIE,5.9,中国SCI期刊支持计划,工程技术,1 [88/1437],是,一级," ENGINEERING, MULTIDISCIPLINARY 工程：综合",1 [11/179],,,,,,,,,,
Chinese Journal of Aeronautics,2025,1000-9361/2588-9230,否,是,是,SCIE,5.7,中国SCI期刊支持计划,工程技术,1 [89/1437],是,一级," ENGINEERING, AEROSPACE 工程：宇航",1 [4/53],,,,,,,,,,
Experimental and Computational Multiphase Flow,2025,2661-8869/2661-8877,否,否,否,ESCI,5.4,中国SCI期刊支持计划,工程技术,1 [90/1437],是,一级, MECHANICS 力学,1 [14/171], THERMODYNAMICS 热力学,1 [7/78],,,,,,,,
International Journal of Hydromechatronics,2025,2515-0464/2515-0472,否,否,否,ESCI,6.7,中国SCI期刊支持计划,工程技术,1 [91/1437],是,一级," ENGINEERING, MECHANICAL 工程：机械",1 [14/181],,,,,,,,,,
International Journal of Coal Science & Technology,2025,2095-8293/2198-7823,否,否,是,SCIE,8.7,中国SCI期刊支持计划,工程技术,1 [92/1437],是,一级, ENERGY & FUELS 能源与燃料,1 [20/171], MINING & MINERAL PROCESSING 矿业与矿物加工,1 [3/32],,,,,,,,
Science China-Technological Sciences,2025,1674-7321/1869-1900,否,否,否,SCIE,4.9,中国SCI期刊支持计划,工程技术,1 [93/1437],是,一级," ENGINEERING, MULTIDISCIPLINARY 工程：综合",1 [12/179]," MATERIALS SCIENCE, MULTIDISCIPLINARY 材料科学：综合",1 [48/436],,,,,,,,
Journal of Building Engineering,2025,2352-7102/2352-7102,否,否,否,SCIE,7.4,Mega-Journal,工程技术,2 [94/1437],是,一级, CONSTRUCTION & BUILDING TECHNOLOGY 结构与建筑技术,2 [10/91]," ENGINEERING, CIVIL 工程：土木",2 [12/180],,,,,,,,
IEEE TRANSACTIONS ON ENERGY CONVERSION,2025,0885-8969/1558-0059,否,否,否,SCIE,5.4,,工程技术,2 [95/1437],否,一级, ENERGY & FUELS 能源与燃料,2 [29/171]," ENGINEERING, ELECTRICAL & ELECTRONIC 工程：电子与电气",2 [40/352],,,,,,,,
WEAR,2025,0043-1648/1873-2577,否,否,否,SCIE,6.1,,工程技术,2 [96/1437],是,一级," ENGINEERING, MECHANICAL 工程：机械",2 [15/181]," MATERIALS SCIENCE, MULTIDISCIPLINARY 材料科学：综合",2 [68/436],,,,,,,,
Quantitative InfraRed Thermography Journal,2025,1768-6733/2116-7176,否,否,否,SCIE,4.9,,工程技术,2 [97/1437],否,一级," MATERIALS SCIENCE, CHARACTERIZATION & TESTING 材料科学：表征与测试",1 [1/38], INSTRUMENTS & INSTRUMENTATION 仪器仪表,2 [7/76]," PHYSICS, APPLIED 物理：应用",2 [25/178],,,,,,
npj Clean Water,2025,2059-7037/2059-7037,否,是,是,SCIE,11.4,,工程技术,2 [98/1437],否,一级," ENGINEERING, CHEMICAL 工程：化工",1 [13/169], WATER RESOURCES 水资源,1 [6/124], ENVIRONMENTAL SCIENCES 环境科学,2 [43/357],,,,,,
FUEL PROCESSING TECHNOLOGY,2025,0378-3820/1873-7188,否,是,是,SCIE,7.7,,工程技术,2 [99/1437],是,一级," ENGINEERING, CHEMICAL 工程：化工",1 [14/169]," CHEMISTRY, APPLIED 应用化学",2 [9/74], ENERGY & FUELS 能源与燃料,2 [31/171],,,,,,
SAFETY SCIENCE,2025,0925-7535/1879-1042,否,否,否,SCIE,5.4,,工程技术,2 [100/1437],是,一级," ENGINEERING, INDUSTRIAL 工程：工业",2 [12/70], OPERATIONS RESEARCH & MANAGEMENT SCIENCE 运筹学与管理科学,2 [14/106],,,,,,,,
GEOTEXTILES AND GEOMEMBRANES,2025,0266-1144/1879-3584,否,否,否,SCIE,6.2,,工程技术,2 [101/1437],否,一级," GEOSCIENCES, MULTIDISCIPLINARY 地球科学：综合",1 [22/258]," ENGINEERING, GEOLOGICAL 工程：地质",2 [7/65],,,,,,,,
INTERNATIONAL JOURNAL OF IMPACT ENGINEERING,2025,0734-743X/1879-3509,否,否,否,SCIE,5.7,,工程技术,2 [102/1437],否,一级, MECHANICS 力学,1 [10/171]," ENGINEERING, MECHANICAL 工程：机械",2 [16/181],,,,,,,,
Computers & Industrial Engineering,2025,0360-8352/1879-0550,否,否,否,SCIE,6.5,,工程技术,2 [103/1437],是,一级," COMPUTER SCIENCE, INTERDISCIPLINARY APPLICATIONS 计算机：跨学科应用",2 [18/172]," ENGINEERING, INDUSTRIAL 工程：工业",2 [13/70],,,,,,,,
THIN-WALLED STRUCTURES,2025,0263-8231/1879-3223,否,否,否,SCIE,6.6,,工程技术,2 [104/1437],是,一级, MECHANICS 力学,1 [11/171]," ENGINEERING, CIVIL 工程：土木",2 [14/180]," ENGINEERING, MECHANICAL 工程：机械",2 [17/181],,,,,,
Fuel,2025,0016-2361/1873-7153,否,否,否,SCIE,7.5,Mega-Journal,工程技术,2 [105/1437],是,一级, ENERGY & FUELS 能源与燃料,2 [32/171]," ENGINEERING, CHEMICAL 工程：化工",2 [16/169],,,,,,,,
STRUCTURAL SAFETY,2025,0167-4730/1879-3355,否,否,否,SCIE,6.3,,工程技术,2 [106/1437],否,一级," ENGINEERING, CIVIL 工程：土木",2 [15/180],,,,,,,,,,
INTERNATIONAL JOURNAL OF COAL GEOLOGY,2025,0166-5162/1872-7840,否,否,否,SCIE,5.7,,工程技术,2 [107/1437],否,一级, ENERGY & FUELS 能源与燃料,2 [33/171]," GEOSCIENCES, MULTIDISCIPLINARY 地球科学：综合",2 [27/258],,,,,,,,
JOURNAL OF PETROLEUM SCIENCE AND ENGINEERING,2025,0920-4105,否,否,否,SCIE,,,工程技术,2 [108/1437],是,一级, ENERGY & FUELS 能源与燃料,2 [34/171]," ENGINEERING, PETROLEUM 工程：石油",2 [3/24],,,,,,,,
Progress in Electromagnetics Research-PIER,2025,1070-4698/1559-8985,否,否,否,SCIE,9.3,,工程技术,2 [109/1437],否,一级," ENGINEERING, ELECTRICAL & ELECTRONIC 工程：电子与电气",2 [43/352]," PHYSICS, APPLIED 物理：应用",2 [27/178], TELECOMMUNICATIONS 电信学,2 [14/119],,,,,,
IEEE TRANSACTIONS ON CIRCUITS AND SYSTEMS I-REGULAR PAPERS,2025,1549-8328/1558-0806,否,否,否,SCIE,5.2,,工程技术,2 [110/1437],是,一级," ENGINEERING, ELECTRICAL & ELECTRONIC 工程：电子与电气",2 [44/352],,,,,,,,,,
ENGINEERING WITH COMPUTERS,2025,0177-0667/1435-5663,否,否,否,SCIE,4.9,,工程技术,2 [111/1437],是,一级," COMPUTER SCIENCE, INTERDISCIPLINARY APPLICATIONS 计算机：跨学科应用",2 [19/172]," ENGINEERING, MECHANICAL 工程：机械",2 [18/181],,,,,,,,
JOURNAL OF WIND ENGINEERING AND INDUSTRIAL AERODYNAMICS,2025,0167-6105/1872-8197,否,否,否,SCIE,4.9,,工程技术,2 [112/1437],是,一级, MECHANICS 力学,1 [12/171]," ENGINEERING, CIVIL 工程：土木",2 [16/180],,,,,,,,
THEORETICAL AND APPLIED FRACTURE MECHANICS,2025,0167-8442/1872-7638,否,否,否,SCIE,5.6,,工程技术,2 [113/1437],是,一级, MECHANICS 力学,1 [13/171]," ENGINEERING, MECHANICAL 工程：机械",2 [19/181],,,,,,,,
ENERGY AND BUILDINGS,2025,0378-7788/1872-6178,否,否,否,SCIE,7.1,,工程技术,2 [114/1437],是,一级, CONSTRUCTION & BUILDING TECHNOLOGY 结构与建筑技术,2 [11/91], ENERGY & FUELS 能源与燃料,2 [35/171]," ENGINEERING, CIVIL 工程：土木",2 [17/180],,,,,,
INTERNATIONAL JOURNAL OF ENGINEERING SCIENCE,2025,0020-7225/1879-2197,否,否,否,SCIE,5.7,,工程技术,2 [115/1437],否,一级," ENGINEERING, MULTIDISCIPLINARY 工程：综合",2 [14/179],,,,,,,,,,
SEPARATION AND PURIFICATION TECHNOLOGY,2025,1383-5866/1873-3794,否,否,否,SCIE,9,Mega-Journal,工程技术,2 [116/1437],是,一级," ENGINEERING, CHEMICAL 工程：化工",2 [17/169],,,,,,,,,,
Railway Engineering Science,2025,2662-4745/2662-4753,否,否,是,ESCI,5.4,,工程技术,2 [117/1437],否,一级, TRANSPORTATION SCIENCE & TECHNOLOGY 运输科技,3 [16/71],,,,,,,,,,
JOURNAL OF LIGHTWAVE TECHNOLOGY,2025,0733-8724/1558-2213,否,否,否,SCIE,4.8,,工程技术,2 [118/1437],是,一级," ENGINEERING, ELECTRICAL & ELECTRONIC 工程：电子与电气",2 [48/352], OPTICS 光学,2 [16/119], TELECOMMUNICATIONS 电信学,2 [18/119],,,,,,
JOURNAL OF THE MECHANICS AND PHYSICS OF SOLIDS,2025,0022-5096/1873-4782,否,否,否,SCIE,6,,工程技术,2 [119/1437],否,一级," MATERIALS SCIENCE, MULTIDISCIPLINARY 材料科学：综合",2 [74/436], MECHANICS 力学,2 [15/171]," PHYSICS, CONDENSED MATTER 物理：凝聚态物理",2 [18/78],,,,,,
DESALINATION,2025,0011-9164/1873-4464,否,否,否,SCIE,9.8,,工程技术,2 [120/1437],是,一级, WATER RESOURCES 水资源,1 [9/124]," ENGINEERING, CHEMICAL 工程：化工",2 [18/169],,,,,,,,
IEEE TRANSACTIONS ON SIGNAL PROCESSING,2025,1053-587X/1941-0476,否,否,否,SCIE,5.8,,工程技术,2 [121/1437],是,一级," ENGINEERING, ELECTRICAL & ELECTRONIC 工程：电子与电气",2 [49/352],,,,,,,,,,
Ocean Engineering,2025,0029-8018/1873-5258,否,否,否,SCIE,5.5,Mega-Journal,工程技术,2 [122/1437],是,一级," ENGINEERING, CIVIL 工程：土木",2 [18/180]," ENGINEERING, MARINE 工程：海洋",2 [2/26]," ENGINEERING, OCEAN 工程：大洋",2 [2/18], OCEANOGRAPHY 海洋学,2 [6/66],,,,
Quality Technology and Quantitative Management,2025,1684-3703/1811-4857,否,否,否,SCIE,3,,工程技术,2 [123/1437],否,一级, STATISTICS & PROBABILITY 统计学与概率论,1 [7/166]," ENGINEERING, INDUSTRIAL 工程：工业",2 [14/70], OPERATIONS RESEARCH & MANAGEMENT SCIENCE 运筹学与管理科学,2 [16/106],,,,,,
APPLIED THERMAL ENGINEERING,2025,1359-4311/1873-5606,否,否,否,SCIE,6.9,,工程技术,2 [124/1437],是,一级, THERMODYNAMICS 热力学,1 [6/78]," ENGINEERING, MECHANICAL 工程：机械",2 [20/181], MECHANICS 力学,2 [16/171], ENERGY & FUELS 能源与燃料,3 [42/171],,,,
SOIL DYNAMICS AND EARTHQUAKE ENGINEERING,2025,0267-7261/1879-341X,否,否,否,SCIE,4.6,,工程技术,2 [125/1437],是,一级," ENGINEERING, GEOLOGICAL 工程：地质",2 [8/65]," GEOSCIENCES, MULTIDISCIPLINARY 地球科学：综合",2 [31/258],,,,,,,,
IEEE TRANSACTIONS ON CIRCUITS AND SYSTEMS II-EXPRESS BRIEFS,2025,1549-7747/1558-3791,否,否,否,SCIE,4.9,,工程技术,2 [126/1437],是,一级," ENGINEERING, ELECTRICAL & ELECTRONIC 工程：电子与电气",2 [51/352],,,,,,,,,,
Developments in the Built Environment,2025,2666-1659/2666-1659,否,是,是,SCIE,8.2,,工程技术,2 [127/1437],否,一级, CONSTRUCTION & BUILDING TECHNOLOGY 结构与建筑技术,2 [12/91]," ENGINEERING, CIVIL 工程：土木",2 [19/180],,,,,,,,
INTERNATIONAL COMMUNICATIONS IN HEAT AND MASS TRANSFER,2025,0735-1933/1879-0178,否,否,否,SCIE,6.4,,工程技术,2 [128/1437],是,一级, MECHANICS 力学,2 [17/171], THERMODYNAMICS 热力学,2 [8/78],,,,,,,,
IEEE Journal of Emerging and Selected Topics in Power Electronics,2025,2168-6777/2168-6785,否,否,否,SCIE,4.9,,工程技术,2 [129/1437],是,一级," ENGINEERING, ELECTRICAL & ELECTRONIC 工程：电子与电气",2 [52/352],,,,,,,,,,
GEOTECHNIQUE,2025,0016-8505/1751-7656,否,否,否,SCIE,5.2,,工程技术,2 [130/1437],否,一级," ENGINEERING, GEOLOGICAL 工程：地质",2 [9/65],,,,,,,,,,
COMPUTERS & STRUCTURES,2025,0045-7949/1879-2243,否,否,否,SCIE,4.8,,工程技术,2 [131/1437],否,一级," COMPUTER SCIENCE, INTERDISCIPLINARY APPLICATIONS 计算机：跨学科应用",2 [26/172]," ENGINEERING, CIVIL 工程：土木",2 [20/180],,,,,,,,
CSEE Journal of Power and Energy Systems,2025,2096-0042/2096-0042,否,否,是,SCIE,5.9,,工程技术,2 [132/1437],否,一级," ENGINEERING, ELECTRICAL & ELECTRONIC 工程：电子与电气",2 [53/352], ENERGY & FUELS 能源与燃料,3 [43/171],,,,,,,,
IEEE Journal of Microwaves,2025,2692-8388/2692-8388,否,否,是,ESCI,4.9,,工程技术,2 [133/1437],否,一级," ENGINEERING, ELECTRICAL & ELECTRONIC 工程：电子与电气",2 [54/352],,,,,,,,,,
APPLIED OCEAN RESEARCH,2025,0141-1187/1879-1549,否,否,否,SCIE,4.4,,工程技术,2 [134/1437],否,一级, OCEANOGRAPHY 海洋学,1 [3/66]," ENGINEERING, OCEAN 工程：大洋",2 [3/18],,,,,,,,
Energy Conversion and Management-X,2025,2590-1745/2590-1745,否,否,是,ESCI,7.6,,工程技术,2 [135/1437],否,一级, MECHANICS 力学,2 [18/171], THERMODYNAMICS 热力学,2 [9/78], ENERGY & FUELS 能源与燃料,3 [44/171],,,,,,
Transportation Geotechnics,2025,2214-3912/2214-3912,否,否,否,SCIE,5.5,,工程技术,2 [136/1437],否,一级," ENGINEERING, CIVIL 工程：土木",2 [21/180]," ENGINEERING, GEOLOGICAL 工程：地质",2 [10/65],,,,,,,,
Engineering Failure Analysis,2025,1350-6307/1873-1961,否,否,否,SCIE,5.7,,工程技术,2 [137/1437],否,一级," MATERIALS SCIENCE, CHARACTERIZATION & TESTING 材料科学：表征与测试",1 [4/38]," ENGINEERING, MECHANICAL 工程：机械",2 [21/181],,,,,,,,
Energy and AI,2025,2666-5468/2666-5468,否,否,是,ESCI,9.6,,工程技术,2 [138/1437],否,一级," COMPUTER SCIENCE, ARTIFICIAL INTELLIGENCE 计算机：人工智能",2 [33/196], ENERGY & FUELS 能源与燃料,3 [45/171],,,,,,,,
PHYSICS OF FLUIDS,2025,1070-6631/1089-7666,否,否,否,SCIE,4.3,Mega-Journal,工程技术,2 [139/1437],否,一级, MECHANICS 力学,2 [19/171]," PHYSICS, FLUIDS & PLASMAS 物理：流体与等离子体",2 [4/40],,,,,,,,
COASTAL ENGINEERING,2025,0378-3839/1872-7379,否,否,否,SCIE,4.5,,工程技术,2 [140/1437],否,一级," ENGINEERING, CIVIL 工程：土木",2 [22/180]," ENGINEERING, OCEAN 工程：大洋",2 [4/18],,,,,,,,
Alexandria Engineering Journal,2025,1110-0168/2090-2670,否,否,是,SCIE,6.8,,工程技术,2 [141/1437],否,一级," ENGINEERING, MULTIDISCIPLINARY 工程：综合",2 [17/179],,,,,,,,,,
Engineering,2025,2095-8099/2096-0026,否,是,是,SCIE,11.6,,工程技术,2 [142/1437],否,一级," ENGINEERING, MULTIDISCIPLINARY 工程：综合",2 [18/179],,,,,,,,,,
INTERNATIONAL JOURNAL OF THERMAL SCIENCES,2025,1290-0729/1778-4166,否,否,否,SCIE,5,,工程技术,2 [143/1437],否,一级," ENGINEERING, MECHANICAL 工程：机械",2 [22/181], THERMODYNAMICS 热力学,2 [10/78],,,,,,,,
BioChip Journal,2025,1976-0280/2092-7843,否,否,否,SCIE,6.1,,工程技术,2 [144/1437],否,一级, BIOCHEMICAL RESEARCH METHODS 生化研究方法,1 [5/85]," CHEMISTRY, ANALYTICAL 分析化学",1 [7/106], NANOSCIENCE & NANOTECHNOLOGY 纳米科技,2 [29/139],,,,,,
Case Studies in Construction Materials,2025,2214-5095/2214-5095,否,否,是,SCIE,6.6,,工程技术,2 [145/1437],否,一级, CONSTRUCTION & BUILDING TECHNOLOGY 结构与建筑技术,2 [13/91]," ENGINEERING, CIVIL 工程：土木",2 [23/180]," MATERIALS SCIENCE, MULTIDISCIPLINARY 材料科学：综合",2 [83/436],,,,,,
INTERNATIONAL JOURNAL OF HEAT AND MASS TRANSFER,2025,0017-9310/1879-2189,否,否,否,SCIE,5.8,,工程技术,2 [146/1437],否,一级," ENGINEERING, MECHANICAL 工程：机械",2 [23/181], MECHANICS 力学,2 [20/171], THERMODYNAMICS 热力学,2 [11/78],,,,,,
Ain Shams Engineering Journal,2025,2090-4479/2090-4495,否,是,是,SCIE,5.9,,工程技术,2 [147/1437],否,一级," ENGINEERING, MULTIDISCIPLINARY 工程：综合",2 [19/179],,,,,,,,,,
Case Studies in Thermal Engineering,2025,2214-157X/2214-157X,否,否,是,SCIE,6.4,,工程技术,2 [148/1437],否,一级, THERMODYNAMICS 热力学,2 [12/78],,,,,,,,,,
Results in Engineering,2025,2590-1230/2590-1230,否,否,是,ESCI,7.9,,工程技术,2 [149/1437],否,一级," ENGINEERING, MULTIDISCIPLINARY 工程：综合",2 [20/179],,,,,,,,,,
IEEE TRANSACTIONS ON POWER DELIVERY,2025,0885-8977/1937-4208,否,否,否,SCIE,3.7,,工程技术,2 [150/1437],否,一级," ENGINEERING, ELECTRICAL & ELECTRONIC 工程：电子与电气",2 [58/352],,,,,,,,,,
Journal of Modern Power Systems and Clean Energy,2025,2196-5625/2196-5420,否,否,是,SCIE,6.1,,工程技术,2 [151/1437],否,一级," ENGINEERING, ELECTRICAL & ELECTRONIC 工程：电子与电气",2 [59/352],,,,,,,,,,
EARTHQUAKE ENGINEERING & STRUCTURAL DYNAMICS,2025,0098-8847/1096-9845,否,否,否,SCIE,5,,工程技术,2 [152/1437],否,一级," ENGINEERING, CIVIL 工程：土木",2 [24/180]," ENGINEERING, GEOLOGICAL 工程：地质",2 [11/65],,,,,,,,
LAB ON A CHIP,2025,1473-0197/1473-0189,否,否,否,SCIE,5.4,,工程技术,2 [153/1437],否,一级, BIOCHEMICAL RESEARCH METHODS 生化研究方法,1 [6/85]," CHEMISTRY, ANALYTICAL 分析化学",1 [8/106]," CHEMISTRY, MULTIDISCIPLINARY 化学：综合",2 [43/230], INSTRUMENTS & INSTRUMENTATION 仪器仪表,2 [9/76], NANOSCIENCE & NANOTECHNOLOGY 纳米科技,3 [31/139],,
INTERNATIONAL JOURNAL OF PRODUCTION RESEARCH,2025,0020-7543/1366-588X,否,否,否,SCIE,7.3,,工程技术,2 [154/1437],否,一级, OPERATIONS RESEARCH & MANAGEMENT SCIENCE 运筹学与管理科学,2 [17/106]," ENGINEERING, INDUSTRIAL 工程：工业",3 [16/70]," ENGINEERING, MANUFACTURING 工程：制造",3 [14/70],,,,,,
Landslides,2025,1612-510X/1612-5118,否,否,否,SCIE,7,,工程技术,2 [155/1437],否,一级," GEOSCIENCES, MULTIDISCIPLINARY 地球科学：综合",2 [36/258]," ENGINEERING, GEOLOGICAL 工程：地质",3 [14/65],,,,,,,,
Georisk-Assessment and Management of Risk for Engineered Systems and Geohazards,2025,1749-9518/1749-9526,否,否,否,SCIE,4.8,,工程技术,2 [156/1437],否,一级," GEOSCIENCES, MULTIDISCIPLINARY 地球科学：综合",2 [37/258]," ENGINEERING, GEOLOGICAL 工程：地质",3 [15/65],,,,,,,,
Gas Science and Engineering,2025,2949-9097/2949-9089,否,否,否,SCIE,5.5,,工程技术,2 [157/1437],否,一级," ENGINEERING, CHEMICAL 工程：化工",2 [20/169], ENERGY & FUELS 能源与燃料,3 [47/171],,,,,,,,
JOURNAL OF SAFETY RESEARCH,2025,0022-4375/1879-1247,否,否,否,SSCI,4.4,,工程技术,2 [158/1437],否,一级, ERGONOMICS 人体工程学,2 [4/24]," PUBLIC, ENVIRONMENTAL & OCCUPATIONAL HEALTH 公共卫生、环境卫生与职业卫生",2 [46/404]," SOCIAL SCIENCES, INTERDISCIPLINARY 社会科学：跨领域",2 [17/263], TRANSPORTATION 交通运输,3 [14/58],,,,
JOURNAL OF FLUID MECHANICS,2025,0022-1120/1469-7645,否,否,否,SCIE,3.9,,工程技术,2 [159/1437],否,一级," PHYSICS, FLUIDS & PLASMAS 物理：流体与等离子体",1 [3/40], MECHANICS 力学,2 [21/171],,,,,,,,
High Voltage,2025,2397-7264/2397-7264,否,是,是,SCIE,4.9,,工程技术,2 [160/1437],否,一级," ENGINEERING, ELECTRICAL & ELECTRONIC 工程：电子与电气",2 [63/352],,,,,,,,,,
APPLIED MATHEMATICAL MODELLING,2025,0307-904X/1872-8480,否,否,否,SCIE,5.1,,工程技术,2 [161/1437],否,一级," MATHEMATICS, INTERDISCIPLINARY APPLICATIONS 数学跨学科应用",1 [10/136]," ENGINEERING, MULTIDISCIPLINARY 工程：综合",2 [21/179], MECHANICS 力学,2 [22/171],,,,,,
POWDER TECHNOLOGY,2025,0032-5910/1873-328X,否,否,否,SCIE,4.6,,工程技术,2 [162/1437],否,一级," ENGINEERING, CHEMICAL 工程：化工",2 [22/169],,,,,,,,,,
European Transport Research Review,2025,1867-0717/1866-8887,否,否,是,SSCI;SCIE,4.2,,工程技术,2 [163/1437],否,一级, TRANSPORTATION 交通运输,3 [15/58], TRANSPORTATION SCIENCE & TECHNOLOGY 运输科技,3 [18/71],,,,,,,,
Engineering Science and Technology-An International Journal-JESTECH,2025,2215-0986/2215-0986,否,是,是,SCIE,5.4,,工程技术,2 [164/1437],否,一级," ENGINEERING, MULTIDISCIPLINARY 工程：综合",2 [22/179],,,,,,,,,,
MARINE STRUCTURES,2025,0951-8339/1873-4170,否,否,否,SCIE,5.1,,工程技术,2 [165/1437],否,一级," ENGINEERING, CIVIL 工程：土木",2 [25/180]," ENGINEERING, MARINE 工程：海洋",2 [3/26],,,,,,,,
NONLINEAR DYNAMICS,2025,0924-090X/1573-269X,否,否,否,SCIE,6,,工程技术,2 [166/1437],否,一级," ENGINEERING, MECHANICAL 工程：机械",2 [24/181], MECHANICS 力学,2 [23/171],,,,,,,,
TRANSPORTATION RESEARCH PART F-TRAFFIC PSYCHOLOGY AND BEHAVIOUR,2025,1369-8478/1873-5517,否,否,否,SSCI,4.4,,工程技术,2 [167/1437],否,一级," PSYCHOLOGY, APPLIED 心理学：应用",3 [25/112], TRANSPORTATION 交通运输,3 [16/58],,,,,,,,
JOURNAL OF THE ENERGY INSTITUTE,2025,1743-9671/1746-0220,否,否,否,SCIE,6.2,,工程技术,2 [168/1437],否,一级, ENERGY & FUELS 能源与燃料,3 [50/171],,,,,,,,,,
JOURNAL OF FLUIDS AND STRUCTURES,2025,0889-9746/1095-8622,否,否,否,SCIE,3.5,,工程技术,2 [169/1437],否,一级," ENGINEERING, MECHANICAL 工程：机械",2 [25/181], MECHANICS 力学,2 [24/171],,,,,,,,
MEASUREMENT,2025,0263-2241/1873-412X,否,否,否,SCIE,5.6,,工程技术,2 [170/1437],否,一级," ENGINEERING, MULTIDISCIPLINARY 工程：综合",2 [23/179], INSTRUMENTS & INSTRUMENTATION 仪器仪表,2 [10/76],,,,,,,,
Journal of Constructional Steel Research,2025,0143-974X/1873-5983,否,否,否,SCIE,4.3,,工程技术,2 [171/1437],否,一级, CONSTRUCTION & BUILDING TECHNOLOGY 结构与建筑技术,2 [14/91]," ENGINEERING, CIVIL 工程：土木",2 [26/180],,,,,,,,
ENGINEERING FRACTURE MECHANICS,2025,0013-7944/1873-7315,否,否,否,SCIE,5.3,,工程技术,2 [172/1437],否,一级, MECHANICS 力学,2 [25/171],,,,,,,,,,
Structural Control & Health Monitoring,2025,1545-2255/1545-2263,否,是,是,SCIE,5.1,,工程技术,2 [173/1437],否,一级, CONSTRUCTION & BUILDING TECHNOLOGY 结构与建筑技术,2 [15/91]," ENGINEERING, CIVIL 工程：土木",2 [27/180], INSTRUMENTS & INSTRUMENTATION 仪器仪表,2 [11/76],,,,,,
MINERALS ENGINEERING,2025,0892-6875/0892-6875,否,否,否,SCIE,5,,工程技术,2 [174/1437],否,一级," ENGINEERING, CHEMICAL 工程：化工",2 [24/169], MINERALOGY 矿物学,2 [4/30], MINING & MINERAL PROCESSING 矿业与矿物加工,2 [4/32],,,,,,
IEEE Industrial Electronics Magazine,2025,1932-4529/1941-0115,否,否,否,SCIE,4.1,,工程技术,2 [175/1437],否,一级," ENGINEERING, ELECTRICAL & ELECTRONIC 工程：电子与电气",2 [66/352],,,,,,,,,,
International Journal of Transportation Science and Technology,2025,2046-0430/2046-0449,否,否,是,ESCI,4.8,,工程技术,2 [176/1437],否,一级, TRANSPORTATION 交通运输,2 [12/58], TRANSPORTATION SCIENCE & TECHNOLOGY 运输科技,2 [12/71],,,,,,,,
Sustainable Energy Technologies and Assessments,2025,2213-1388/2213-1396,否,否,否,SCIE,7,,工程技术,2 [177/1437],否,一级, ENERGY & FUELS 能源与燃料,3 [52/171], GREEN & SUSTAINABLE SCIENCE & TECHNOLOGY 绿色可持续发展技术,3 [24/91],,,,,,,,
Journal of Energy Storage,2025,2352-152X/2352-1538,否,否,否,SCIE,9.8,Mega-Journal,工程技术,2 [178/1437],否,一级, ENERGY & FUELS 能源与燃料,3 [53/171],,,,,,,,,,
JOURNAL OF INTELLIGENT MANUFACTURING,2025,0956-5515/1572-8145,否,否,否,SCIE,7.4,,工程技术,2 [179/1437],否,一级," COMPUTER SCIENCE, ARTIFICIAL INTELLIGENCE 计算机：人工智能",2 [40/196]," ENGINEERING, MANUFACTURING 工程：制造",3 [17/70],,,,,,,,
JOURNAL OF SOUND AND VIBRATION,2025,0022-460X/1095-8568,否,否,否,SCIE,4.9,,工程技术,2 [180/1437],否,一级, ACOUSTICS 声学,2 [4/40]," ENGINEERING, MECHANICAL 工程：机械",2 [26/181], MECHANICS 力学,2 [26/171],,,,,,
APPLIED ERGONOMICS,2025,0003-6870/1872-9126,否,否,否,SSCI;SCIE,3.4,,工程技术,2 [181/1437],否,一级," ENGINEERING, INDUSTRIAL 工程：工业",3 [19/70], ERGONOMICS 人体工程学,3 [5/24]," PSYCHOLOGY, APPLIED 心理学：应用",3 [30/112],,,,,,
INTERNATIONAL JOURNAL OF DAMAGE MECHANICS,2025,1056-7895/1530-7921,否,否,否,SCIE,3.9,,工程技术,2 [182/1437],否,一级," MATERIALS SCIENCE, MULTIDISCIPLINARY 材料科学：综合",2 [93/436], MECHANICS 力学,2 [27/171],,,,,,,,
PROCEEDINGS OF THE COMBUSTION INSTITUTE,2025,1540-7489/1873-2704,否,否,否,SCIE,5.2,,工程技术,2 [183/1437],否,一级," ENGINEERING, CHEMICAL 工程：化工",2 [25/169]," ENGINEERING, MECHANICAL 工程：机械",2 [27/181], THERMODYNAMICS 热力学,2 [13/78], ENERGY & FUELS 能源与燃料,3 [54/171],,,,
Urban Climate,2025,2212-0955/2212-0955,否,否,否,SCIE,6.9,,工程技术,2 [184/1437],否,一级, ENVIRONMENTAL SCIENCES 环境科学,2 [68/357], METEOROLOGY & ATMOSPHERIC SCIENCES 气象与大气科学,2 [23/109],,,,,,,,
Journal of Traffic and Transportation Engineering-English Edition,2025,2095-7564/2095-7564,否,否,是,ESCI,6.8,,工程技术,2 [185/1437],否,一级," ENGINEERING, CIVIL 工程：土木",2 [28/180], TRANSPORTATION SCIENCE & TECHNOLOGY 运输科技,2 [13/71],,,,,,,,
Solar Energy,2025,0038-092X/1471-1257,否,否,否,SCIE,6.6,,工程技术,2 [186/1437],否,一级, ENERGY & FUELS 能源与燃料,3 [55/171],,,,,,,,,,
COMPUTERS & OPERATIONS RESEARCH,2025,0305-0548/1873-765X,否,否,否,SCIE,4.3,,工程技术,2 [187/1437],否,一级, OPERATIONS RESEARCH & MANAGEMENT SCIENCE 运筹学与管理科学,2 [21/106]," COMPUTER SCIENCE, INTERDISCIPLINARY APPLICATIONS 计算机：跨学科应用",3 [43/172]," ENGINEERING, INDUSTRIAL 工程：工业",3 [20/70],,,,,,
Journal of Pipeline Science and Engineering,2025,2667-1433/2667-1433,否,否,是,SCIE,4.9,,工程技术,2 [188/1437],否,二级, ENERGY & FUELS 能源与燃料,2 [37/171]," ENGINEERING, MECHANICAL 工程：机械",2 [28/181]," ENGINEERING, PETROLEUM 工程：石油",2 [4/24],,,,,,
IEEE TRANSACTIONS ON INSTRUMENTATION AND MEASUREMENT,2025,0018-9456/1557-9662,否,否,否,SCIE,5.9,,工程技术,2 [189/1437],否,二级," ENGINEERING, ELECTRICAL & ELECTRONIC 工程：电子与电气",2 [68/352], INSTRUMENTS & INSTRUMENTATION 仪器仪表,2 [12/76],,,,,,,,
NPJ Microgravity,2025,2373-8065/2373-8065,否,是,是,SCIE,4.1,,工程技术,2 [190/1437],否,二级," ENGINEERING, AEROSPACE 工程：宇航",2 [7/53],,,,,,,,,,
IEEE TRANSACTIONS ON INDUSTRY APPLICATIONS,2025,0093-9994/1939-9367,否,否,否,SCIE,4.5,,工程技术,2 [191/1437],否,二级," ENGINEERING, ELECTRICAL & ELECTRONIC 工程：电子与电气",2 [69/352]," ENGINEERING, MULTIDISCIPLINARY 工程：综合",2 [24/179],,,,,,,,
ChemBioEng Reviews,2025,2196-9744/2196-9744,是,否,否,SCIE,6.2,,工程技术,2 [192/1437],否,二级," ENGINEERING, CHEMICAL 工程：化工",2 [26/169],,,,,,,,,,
IEEE Circuits and Systems Magazine,2025,1531-636X/1558-0830,否,否,否,SCIE,3.5,,工程技术,2 [193/1437],否,二级," ENGINEERING, ELECTRICAL & ELECTRONIC 工程：电子与电气",2 [70/352],,,,,,,,,,
IEEE SIGNAL PROCESSING MAGAZINE,2025,1053-5888/1558-0792,否,否,否,SCIE,9.6,,工程技术,2 [194/1437],否,二级," ENGINEERING, ELECTRICAL & ELECTRONIC 工程：电子与电气",2 [72/352],,,,,,,,,,
Journal of Environmental Chemical Engineering,2025,2213-2929/2213-3437,否,否,否,SCIE,7.2,Mega-Journal,工程技术,2 [195/1437],否,二级," ENGINEERING, CHEMICAL 工程：化工",2 [27/169]," ENGINEERING, ENVIRONMENTAL 工程：环境",3 [16/80],,,,,,,,
INTERNATIONAL JOURNAL OF MULTIPHASE FLOW,2025,0301-9322/1879-3533,否,否,否,SCIE,3.8,,工程技术,2 [196/1437],否,二级, MECHANICS 力学,2 [28/171],,,,,,,,,,
JOURNAL OF CONSTRUCTION ENGINEERING AND MANAGEMENT,2025,0733-9364/1943-7862,否,否,否,SCIE,5.1,,工程技术,2 [197/1437],否,二级, CONSTRUCTION & BUILDING TECHNOLOGY 结构与建筑技术,2 [16/91]," ENGINEERING, CIVIL 工程：土木",2 [29/180]," ENGINEERING, INDUSTRIAL 工程：工业",3 [22/70],,,,,,
Journal of CO2 Utilization,2025,2212-9820/2212-9839,否,是,是,SCIE,8.4,,工程技术,2 [198/1437],否,二级," CHEMISTRY, MULTIDISCIPLINARY 化学：综合",2 [50/230]," ENGINEERING, CHEMICAL 工程：化工",2 [28/169],,,,,,,,
IEEE ELECTRON DEVICE LETTERS,2025,0741-3106/1558-0563,否,否,否,SCIE,4.5,,工程技术,2 [199/1437],否,二级," ENGINEERING, ELECTRICAL & ELECTRONIC 工程：电子与电气",3 [74/352],,,,,,,,,,
JOURNAL OF AIR TRANSPORT MANAGEMENT,2025,0969-6997/1873-2089,否,否,否,SSCI,3.6,,工程技术,2 [200/1437],否,二级, TRANSPORTATION 交通运输,3 [17/58],,,,,,,,,,
IEEE Microwave and Wireless Technology Letters,2025,2771-957X/2771-9588,否,否,否,SCIE,3.4,,工程技术,2 [201/1437],否,二级," ENGINEERING, ELECTRICAL & ELECTRONIC 工程：电子与电气",3 [75/352],,,,,,,,,,
Global Change Biology Bioenergy,2025,1757-1693/1757-1707,否,否,是,SCIE,4.1,,工程技术,2 [202/1437],否,二级, AGRONOMY 农艺学,2 [14/127], ENERGY & FUELS 能源与燃料,3 [58/171],,,,,,,,
IATSS Research,2025,0386-1112/2210-4240,否,否,是,ESCI,3.3,,工程技术,2 [203/1437],否,二级, TRANSPORTATION 交通运输,3 [18/58],,,,,,,,,,
ENGINEERING ANALYSIS WITH BOUNDARY ELEMENTS,2025,0955-7997/1873-197X,否,否,否,SCIE,4.1,,工程技术,2 [204/1437],否,二级," ENGINEERING, MULTIDISCIPLINARY 工程：综合",2 [25/179]," MATHEMATICS, INTERDISCIPLINARY APPLICATIONS 数学跨学科应用",2 [15/136],,,,,,,,
SEPARATION AND PURIFICATION REVIEWS,2025,1542-2119/1542-2127,是,否,否,SCIE,5.6,,工程技术,2 [205/1437],否,二级," CHEMISTRY, ANALYTICAL 分析化学",2 [14/106]," CHEMISTRY, APPLIED 应用化学",2 [14/74]," ENGINEERING, CHEMICAL 工程：化工",2 [29/169],,,,,,
IEEE Open Journal of Intelligent Transportation Systems,2025,2687-7813/2687-7813,否,否,是,ESCI,5.3,,工程技术,2 [206/1437],否,二级," COMPUTER SCIENCE, ARTIFICIAL INTELLIGENCE 计算机：人工智能",3 [47/196]," ENGINEERING, ELECTRICAL & ELECTRONIC 工程：电子与电气",3 [78/352], TRANSPORTATION SCIENCE & TECHNOLOGY 运输科技,3 [19/71],,,,,,
Structures,2025,2352-0124/2352-0124,否,否,否,SCIE,4.3,,工程技术,2 [207/1437],否,二级," ENGINEERING, CIVIL 工程：土木",2 [30/180],,,,,,,,,,
JOURNAL OF COMPUTING IN CIVIL ENGINEERING,2025,0887-3801/1943-5487,否,否,否,SCIE,5.2,,工程技术,2 [208/1437],否,二级," ENGINEERING, CIVIL 工程：土木",2 [31/180]," COMPUTER SCIENCE, INTERDISCIPLINARY APPLICATIONS 计算机：跨学科应用",3 [46/172],,,,,,,,
Bulletin of Earthquake Engineering,2025,1570-761X/1573-1456,否,否,否,SCIE,4.1,,工程技术,2 [209/1437],否,二级," GEOSCIENCES, MULTIDISCIPLINARY 地球科学：综合",2 [47/258]," ENGINEERING, GEOLOGICAL 工程：地质",3 [16/65],,,,,,,,
OPTICS AND LASERS IN ENGINEERING,2025,0143-8166/1873-0302,否,否,否,SCIE,3.7,,工程技术,2 [210/1437],否,二级, OPTICS 光学,2 [21/119],,,,,,,,,,
International Journal of Lean Six Sigma,2025,2040-4166/2040-4174,否,否,否,SSCI;SCIE,3.7,,工程技术,2 [211/1437],否,二级," ENGINEERING, INDUSTRIAL 工程：工业",3 [23/70], MANAGEMENT 管理学,4 [141/404],,,,,,,,
JOURNAL OF ENGINEERING DESIGN,2025,0954-4828/1466-1837,否,否,否,SCIE,3.4,,工程技术,2 [212/1437],否,二级," ENGINEERING, MULTIDISCIPLINARY 工程：综合",2 [26/179],,,,,,,,,,
CIRP Journal of Manufacturing Science and Technology,2025,1755-5817/1878-0016,否,否,否,SCIE,5.4,,工程技术,2 [213/1437],否,二级," ENGINEERING, MANUFACTURING 工程：制造",3 [18/70],,,,,,,,,,
She Ji-The Journal of Design Economics and Innovation,2025,2405-8726/2405-8718,否,否,是,ESCI,1.4,,工程技术,2 [214/1437],否,二级," HUMANITIES, MULTIDISCIPLINARY 人文科学",1 [6/406]," SOCIAL SCIENCES, INTERDISCIPLINARY 社会科学：跨领域",2 [31/263],,,,,,,,
STRUCTURAL HEALTH MONITORING-AN INTERNATIONAL JOURNAL,2025,1475-9217/1741-3168,否,否,否,SCIE,5.7,,工程技术,2 [215/1437],否,二级," ENGINEERING, MULTIDISCIPLINARY 工程：综合",2 [27/179], INSTRUMENTS & INSTRUMENTATION 仪器仪表,2 [13/76],,,,,,,,
IEEE TRANSACTIONS ON VERY LARGE SCALE INTEGRATION (VLSI) SYSTEMS,2025,1063-8210/1557-9999,否,否,否,SCIE,3.1,,工程技术,2 [216/1437],否,二级," COMPUTER SCIENCE, HARDWARE & ARCHITECTURE 计算机：硬件",2 [10/58]," ENGINEERING, ELECTRICAL & ELECTRONIC 工程：电子与电气",3 [80/352],,,,,,,,
Journal of Computational Design and Engineering,2025,2288-5048/2288-5048,否,否,是,SCIE,6.1,,工程技术,2 [217/1437],否,二级," COMPUTER SCIENCE, INTERDISCIPLINARY APPLICATIONS 计算机：跨学科应用",3 [48/172]," ENGINEERING, MULTIDISCIPLINARY 工程：综合",3 [29/179],,,,,,,,
INTERNATIONAL JOURNAL OF ELECTRICAL POWER & ENERGY SYSTEMS,2025,0142-0615/1879-3517,否,是,是,SCIE,5,,工程技术,2 [218/1437],否,二级," ENGINEERING, ELECTRICAL & ELECTRONIC 工程：电子与电气",3 [81/352],,,,,,,,,,
Journal of Nuclear Materials,2025,0022-3115/1873-4820,否,否,否,SCIE,3.2,,工程技术,2 [219/1437],否,二级, NUCLEAR SCIENCE & TECHNOLOGY 核科学技术,1 [2/41]," MATERIALS SCIENCE, MULTIDISCIPLINARY 材料科学：综合",2 [103/436],,,,,,,,
JOURNAL OF GEOTECHNICAL AND GEOENVIRONMENTAL ENGINEERING,2025,1090-0241/1943-5606,否,否,否,SCIE,4.4,,工程技术,2 [220/1437],否,二级," GEOSCIENCES, MULTIDISCIPLINARY 地球科学：综合",2 [51/258]," ENGINEERING, GEOLOGICAL 工程：地质",3 [17/65],,,,,,,,
IEEE Open Journal of the Industrial Electronics Society,2025,2644-1284/2644-1284,否,否,是,ESCI,4.3,,工程技术,2 [221/1437],否,二级," ENGINEERING, ELECTRICAL & ELECTRONIC 工程：电子与电气",3 [82/352],,,,,,,,,,
JOURNAL OF QUALITY TECHNOLOGY,2025,0022-4065/2575-6230,否,否,否,SCIE,2.2,,工程技术,2 [222/1437],否,二级, OPERATIONS RESEARCH & MANAGEMENT SCIENCE 运筹学与管理科学,2 [24/106], STATISTICS & PROBABILITY 统计学与概率论,2 [17/166]," ENGINEERING, INDUSTRIAL 工程：工业",3 [24/70],,,,,,
EUROPEAN JOURNAL OF MECHANICS A-SOLIDS,2025,0997-7538/1873-7285,否,否,否,SCIE,4.2,,工程技术,2 [223/1437],否,二级, MECHANICS 力学,2 [29/171],,,,,,,,,,
Energy Nexus,2025,2772-4271/2772-4271,否,否,否,ESCI,9.5,,工程技术,2 [224/1437],否,二级, ENVIRONMENTAL SCIENCES 环境科学,2 [81/357], ENERGY & FUELS 能源与燃料,3 [59/171],,,,,,,,
Propulsion and Power Research,2025,2212-540X/2212-540X,否,是,是,SCIE,6.3,,工程技术,2 [225/1437],否,二级," ENGINEERING, AEROSPACE 工程：宇航",2 [8/53]," ENGINEERING, MECHANICAL 工程：机械",2 [29/181], THERMODYNAMICS 热力学,2 [14/78],,,,,,
VEHICLE SYSTEM DYNAMICS,2025,0042-3114/1744-5159,否,否,否,SCIE,3.9,,工程技术,2 [226/1437],否,二级," ENGINEERING, MECHANICAL 工程：机械",2 [30/181],,,,,,,,,,
IEEE Transactions on Terahertz Science and Technology,2025,2156-342X/2156-3446,否,否,否,SCIE,4,,工程技术,2 [227/1437],否,二级, OPTICS 光学,2 [23/119]," PHYSICS, APPLIED 物理：应用",2 [38/178]," ENGINEERING, ELECTRICAL & ELECTRONIC 工程：电子与电气",3 [83/352],,,,,,
TRANSPORTATION SCIENCE,2025,0041-1655,否,否,否,SSCI;SCIE,4.8,,工程技术,2 [228/1437],否,二级, OPERATIONS RESEARCH & MANAGEMENT SCIENCE 运筹学与管理科学,3 [27/106], TRANSPORTATION 交通运输,3 [19/58], TRANSPORTATION SCIENCE & TECHNOLOGY 运输科技,3 [21/71],,,,,,
Current Opinion in Chemical Engineering,2025,2211-3398/2211-3398,是,否,否,SCIE,6.8,,工程技术,2 [229/1437],否,二级, BIOTECHNOLOGY & APPLIED MICROBIOLOGY 生物工程与应用微生物,2 [24/174]," ENGINEERING, CHEMICAL 工程：化工",2 [31/169],,,,,,,,
Thermal Science and Engineering Progress,2025,2451-9049/2451-9049,否,否,否,SCIE,5.4,,工程技术,2 [230/1437],否,二级," ENGINEERING, MECHANICAL 工程：机械",2 [31/181], MECHANICS 力学,2 [31/171], THERMODYNAMICS 热力学,2 [15/78], ENERGY & FUELS 能源与燃料,3 [60/171],,,,
Research in Transportation Economics,2025,0739-8859/1875-7979,否,否,否,SSCI,3.4,,工程技术,2 [231/1437],否,二级, ECONOMICS 经济学,3 [129/599], TRANSPORTATION 交通运输,3 [20/58],,,,,,,,
SIGNAL PROCESSING,2025,0165-1684/1872-7557,否,否,否,SCIE,3.6,,工程技术,2 [232/1437],否,二级," ENGINEERING, ELECTRICAL & ELECTRONIC 工程：电子与电气",3 [86/352],,,,,,,,,,
INTERNATIONAL JOURNAL FOR NUMERICAL AND ANALYTICAL METHODS IN GEOMECHANICS,2025,0363-9061/1096-9853,否,否,否,SCIE,3.6,,工程技术,2 [233/1437],否,二级, MECHANICS 力学,2 [32/171]," ENGINEERING, GEOLOGICAL 工程：地质",3 [18/65]," MATERIALS SCIENCE, MULTIDISCIPLINARY 材料科学：综合",3 [114/436],,,,,,
Research in Transportation Business and Management,2025,2210-5395/2210-5409,否,否,否,SSCI,4.4,,工程技术,2 [234/1437],否,二级, TRANSPORTATION 交通运输,3 [21/58], BUSINESS 商业：管理,4 [101/302], MANAGEMENT 管理学,4 [147/404],,,,,,
International Journal of Rail Transportation,2025,2324-8378/2324-8386,否,否,否,SCIE,3.6,,工程技术,2 [235/1437],否,二级, TRANSPORTATION SCIENCE & TECHNOLOGY 运输科技,3 [23/71],,,,,,,,,,
Civil Engineering Journal-Tehran,2025,2676-6957/2476-3055,否,否,否,ESCI,4.9,,工程技术,2 [236/1437],否,二级," ENGINEERING, CIVIL 工程：土木",2 [32/180],,,,,,,,,,
CHEMICAL ENGINEERING SCIENCE,2025,0009-2509/1873-4405,否,否,否,SCIE,4.3,,工程技术,2 [237/1437],否,二级," ENGINEERING, CHEMICAL 工程：化工",2 [33/169],,,,,,,,,,
Geomechanics and Geophysics for Geo-Energy and Geo-Resources,2025,2363-8419/2363-8427,否,是,是,SCIE,4.2,,工程技术,2 [238/1437],否,二级, ENERGY & FUELS 能源与燃料,3 [65/171]," ENGINEERING, GEOLOGICAL 工程：地质",3 [19/65]," GEOSCIENCES, MULTIDISCIPLINARY 地球科学：综合",3 [62/258],,,,,,
TECHNOMETRICS,2025,0040-1706/1537-2723,否,否,否,SCIE,2.5,,工程技术,2 [239/1437],否,二级, STATISTICS & PROBABILITY 统计学与概率论,2 [21/166],,,,,,,,,,
IEEE TRANSACTIONS ON DIELECTRICS AND ELECTRICAL INSULATION,2025,1070-9878/1558-4135,否,否,否,SCIE,3.1,,工程技术,2 [240/1437],否,二级," PHYSICS, APPLIED 物理：应用",2 [43/178]," ENGINEERING, ELECTRICAL & ELECTRONIC 工程：电子与电气",3 [89/352],,,,,,,,
MULTIBODY SYSTEM DYNAMICS,2025,1384-5640/1573-272X,否,否,否,SCIE,2.4,,工程技术,2 [241/1437],否,二级, MECHANICS 力学,2 [33/171],,,,,,,,,,
Sustainable Energy Grids & Networks,2025,2352-4677/2352-4677,否,否,否,SCIE,5.6,,工程技术,2 [242/1437],否,二级, ENERGY & FUELS 能源与燃料,3 [66/171]," ENGINEERING, ELECTRICAL & ELECTRONIC 工程：电子与电气",3 [92/352],,,,,,,,
INTERNATIONAL JOURNAL OF INDUSTRIAL ERGONOMICS,2025,0169-8141/1872-8219,否,否,否,SSCI;SCIE,3,,工程技术,2 [243/1437],否,二级," ENGINEERING, INDUSTRIAL 工程：工业",3 [25/70], ERGONOMICS 人体工程学,3 [6/24],,,,,,,,
Engineering Construction and Architectural Management,2025,0969-9988/1365-232X,否,否,否,SSCI;SCIE,3.9,,工程技术,2 [244/1437],否,二级," ENGINEERING, CIVIL 工程：土木",2 [33/180]," ENGINEERING, INDUSTRIAL 工程：工业",3 [26/70], MANAGEMENT 管理学,4 [152/404],,,,,,
COLD REGIONS SCIENCE AND TECHNOLOGY,2025,0165-232X/1872-7441,否,否,否,SCIE,3.8,,工程技术,2 [245/1437],否,二级," ENGINEERING, CIVIL 工程：土木",2 [34/180]," ENGINEERING, ENVIRONMENTAL 工程：环境",3 [23/80]," GEOSCIENCES, MULTIDISCIPLINARY 地球科学：综合",3 [65/258],,,,,,
Journal of the Taiwan Institute of Chemical Engineers,2025,1876-1070/1876-1089,否,否,否,SCIE,6.3,,工程技术,2 [246/1437],否,二级," ENGINEERING, CHEMICAL 工程：化工",2 [36/169],,,,,,,,,,
Energy Sustainability and Society,2025,2192-0567/2192-0567,否,否,是,SCIE,5.1,,工程技术,2 [247/1437],否,二级, ENERGY & FUELS 能源与燃料,3 [67/171], GREEN & SUSTAINABLE SCIENCE & TECHNOLOGY 绿色可持续发展技术,3 [34/91],,,,,,,,
International Journal of Systems Science-Operations & Logistics,2025,2330-2674/2330-2682,否,否,否,SCIE,3.3,,工程技术,2 [248/1437],否,二级," ENGINEERING, INDUSTRIAL 工程：工业",3 [27/70], OPERATIONS RESEARCH & MANAGEMENT SCIENCE 运筹学与管理科学,3 [29/106],,,,,,,,
COMPUTERS & CHEMICAL ENGINEERING,2025,0098-1354/1873-4375,否,否,否,SCIE,3.9,,工程技术,2 [249/1437],否,二级," ENGINEERING, CHEMICAL 工程：化工",2 [37/169]," COMPUTER SCIENCE, INTERDISCIPLINARY APPLICATIONS 计算机：跨学科应用",3 [60/172],,,,,,,,
Archives of Civil and Mechanical Engineering,2025,1644-9665/2083-3318,否,否,否,SCIE,4.4,,工程技术,2 [250/1437],否,二级," ENGINEERING, CIVIL 工程：土木",2 [36/180]," ENGINEERING, MECHANICAL 工程：机械",2 [33/181]," MATERIALS SCIENCE, MULTIDISCIPLINARY 材料科学：综合",3 [121/436],,,,,,
Green Chemical Engineering,2025,2096-9147/2666-9528,否,否,是,ESCI,7.6,,工程技术,2 [251/1437],否,二级," ENGINEERING, CHEMICAL 工程：化工",2 [38/169],,,,,,,,,,
SAE International Journal of Vehicle Dynamics Stability and NVH,2025,2380-2162/2380-2170,否,否,否,ESCI,4,,工程技术,2 [252/1437],否,二级, TRANSPORTATION SCIENCE & TECHNOLOGY 运输科技,3 [24/71],,,,,,,,,,
Bulletin of Engineering Geology and the Environment,2025,1435-9529/1435-9537,否,否,否,SCIE,4.2,,工程技术,2 [253/1437],否,二级," ENGINEERING, ENVIRONMENTAL 工程：环境",3 [26/80]," ENGINEERING, GEOLOGICAL 工程：地质",3 [20/65]," GEOSCIENCES, MULTIDISCIPLINARY 地球科学：综合",3 [66/258],,,,,,
Journal of Information Display,2025,1598-0316/2158-1606,否,否,是,SCIE,3.4,,工程技术,2 [254/1437],否,二级," MATERIALS SCIENCE, MULTIDISCIPLINARY 材料科学：综合",3 [122/436],,,,,,,,,,
Geoenvironmental Disasters,2025,2197-8670/2197-8670,否,否,是,ESCI,4,,工程技术,2 [255/1437],否,二级, ENVIRONMENTAL SCIENCES 环境科学,3 [103/357]," GEOSCIENCES, MULTIDISCIPLINARY 地球科学：综合",3 [67/258],,,,,,,,
International Journal of Optomechatronics,2025,1559-9612/1559-9620,否,否,是,SCIE,2.3,,工程技术,2 [256/1437],否,二级," ENGINEERING, MECHANICAL 工程：机械",2 [35/181]," ENGINEERING, ELECTRICAL & ELECTRONIC 工程：电子与电气",3 [100/352], OPTICS 光学,3 [31/119],,,,,,
IEEE Journal on Emerging and Selected Topics in Circuits and Systems,2025,2156-3357/2156-3365,否,否,否,SCIE,3.8,,工程技术,2 [257/1437],否,二级," ENGINEERING, ELECTRICAL & ELECTRONIC 工程：电子与电气",3 [104/352],,,,,,,,,,
Journal of Membrane Science Letters,2025,2772-4212/2772-4212,否,否,是,ESCI,4.7,,工程技术,2 [258/1437],否,二级," ENGINEERING, CHEMICAL 工程：化工",2 [40/169],,,,,,,,,,
COMPUTATIONAL MECHANICS,2025,0178-7675/1432-0924,否,否,否,SCIE,3.8,,工程技术,2 [259/1437],否,二级," MATHEMATICS, INTERDISCIPLINARY APPLICATIONS 数学跨学科应用",2 [23/136], MECHANICS 力学,2 [34/171],,,,,,,,
Transportmetrica B-Transport Dynamics,2025,2168-0566/2168-0582,否,否,否,SSCI;SCIE,3.4,,工程技术,2 [260/1437],否,二级, TRANSPORTATION 交通运输,3 [22/58], TRANSPORTATION SCIENCE & TECHNOLOGY 运输科技,3 [25/71],,,,,,,,
Maritime Transport Research,2025,2666-822X/2666-822X,否,否,是,ESCI,4.8,,工程技术,2 [261/1437],否,二级, TRANSPORTATION SCIENCE & TECHNOLOGY 运输科技,3 [26/71], TRANSPORTATION 交通运输,4 [24/58],,,,,,,,
Soils and Foundations,2025,0038-0806/2524-1788,否,否,是,SCIE,3.3,,工程技术,2 [262/1437],否,二级," ENGINEERING, GEOLOGICAL 工程：地质",3 [21/65]," GEOSCIENCES, MULTIDISCIPLINARY 地球科学：综合",3 [72/258],,,,,,,,
PRECISION ENGINEERING-JOURNAL OF THE INTERNATIONAL SOCIETIES FOR PRECISION ENGINEERING AND NANOTECHNOLOGY,2025,0141-6359/1873-2372,否,否,否,SCIE,3.7,,工程技术,2 [263/1437],否,二级, INSTRUMENTS & INSTRUMENTATION 仪器仪表,2 [16/76]," ENGINEERING, MANUFACTURING 工程：制造",3 [20/70]," ENGINEERING, MULTIDISCIPLINARY 工程：综合",3 [31/179], NANOSCIENCE & NANOTECHNOLOGY 纳米科技,3 [46/139],,,,
JOURNAL OF NON-EQUILIBRIUM THERMODYNAMICS,2025,0340-0204/1437-4358,否,否,否,SCIE,4.2,,工程技术,2 [264/1437],否,二级, MECHANICS 力学,2 [36/171], THERMODYNAMICS 热力学,2 [16/78],,,,,,,,
IEEE TRANSACTIONS ON NUCLEAR SCIENCE,2025,0018-9499/1558-1578,否,否,否,SCIE,1.9,,工程技术,2 [265/1437],否,二级, NUCLEAR SCIENCE & TECHNOLOGY 核科学技术,1 [3/41]," ENGINEERING, ELECTRICAL & ELECTRONIC 工程：电子与电气",3 [108/352],,,,,,,,
INTERNATIONAL JOURNAL OF SOLIDS AND STRUCTURES,2025,0020-7683/1879-2146,否,否,否,SCIE,3.8,,工程技术,2 [266/1437],否,二级, MECHANICS 力学,2 [37/171],,,,,,,,,,
INTERNATIONAL JOURNAL OF REFRIGERATION,2025,0140-7007/1879-2081,否,否,否,SCIE,3.8,,工程技术,2 [267/1437],否,二级," ENGINEERING, MECHANICAL 工程：机械",2 [36/181], THERMODYNAMICS 热力学,2 [17/78],,,,,,,,
APPLIED MATHEMATICS AND MECHANICS-ENGLISH EDITION,2025,0253-4827/1573-2754,否,否,否,SCIE,4.8,,工程技术,2 [268/1437],否,二级," MATHEMATICS, APPLIED 应用数学",2 [53/330], MECHANICS 力学,2 [38/171],,,,,,,,
IEEE JOURNAL OF SELECTED TOPICS IN QUANTUM ELECTRONICS,2025,1077-260X/1558-4542,否,否,否,SCIE,5.1,,工程技术,2 [269/1437],否,二级," ENGINEERING, ELECTRICAL & ELECTRONIC 工程：电子与电气",3 [109/352], OPTICS 光学,3 [34/119]," PHYSICS, APPLIED 物理：应用",3 [50/178], QUANTUM SCIENCE & TECHNOLOGY 量子科技,3 [7/26],,,,
INTERNATIONAL JOURNAL OF PRESSURE VESSELS AND PIPING,2025,0308-0161/1879-3541,否,否,否,SCIE,3.5,,工程技术,2 [270/1437],否,二级," ENGINEERING, MECHANICAL 工程：机械",3 [42/181]," ENGINEERING, MULTIDISCIPLINARY 工程：综合",3 [32/179],,,,,,,,
Advances in Aerodynamics,2025,2524-6992/2524-6992,否,否,是,ESCI,2.3,中国SCI期刊支持计划,工程技术,2 [271/1437],否,二级," ENGINEERING, MECHANICAL 工程：机械",2 [37/181], MECHANICS 力学,2 [39/171]," PHYSICS, FLUIDS & PLASMAS 物理：流体与等离子体",2 [7/40],,,,,,
Automotive Innovation,2025,2096-4250/2522-8765,否,否,否,ESCI,5,中国SCI期刊支持计划,工程技术,2 [272/1437],否,二级," ENGINEERING, ELECTRICAL & ELECTRONIC 工程：电子与电气",2 [73/352]," ENGINEERING, MECHANICAL 工程：机械",2 [38/181], TRANSPORTATION SCIENCE & TECHNOLOGY 运输科技,2 [14/71],,,,,,
Journal of Safety Science and Resilience,2025,2096-7527/2666-4496,否,否,是,ESCI,3.4,中国SCI期刊支持计划,工程技术,2 [273/1437],否,二级," ENGINEERING, INDUSTRIAL 工程：工业",2 [15/70], OPERATIONS RESEARCH & MANAGEMENT SCIENCE 运筹学与管理科学,2 [25/106],,,,,,,,
ACTA MECHANICA SINICA,2025,0567-7718/1614-3116,否,否,否,SCIE,4.6,中国SCI期刊支持计划,工程技术,2 [274/1437],否,二级," ENGINEERING, MECHANICAL 工程：机械",2 [39/181], MECHANICS 力学,2 [40/171],,,,,,,,
Natural Gas Industry B,2025,2352-8540/2352-8559,否,否,是,ESCI,6.5,中国SCI期刊支持计划,工程技术,2 [275/1437],否,二级, ENERGY & FUELS 能源与燃料,2 [40/171],,,,,,,,,,
Frontiers of Mechanical Engineering,2025,2095-0233/2095-0241,否,否,否,SCIE,4,中国SCI期刊支持计划,工程技术,2 [276/1437],否,二级," ENGINEERING, MECHANICAL 工程：机械",2 [40/181],,,,,,,,,,
Journal of Zhejiang University-SCIENCE A,2025,1673-565X/1862-1775,否,否,否,SCIE,3.9,中国SCI期刊支持计划,工程技术,2 [277/1437],否,二级," ENGINEERING, MULTIDISCIPLINARY 工程：综合",2 [28/179]," PHYSICS, APPLIED 物理：应用",2 [47/178],,,,,,,,
Theoretical and Applied Mechanics Letters,2025,2095-0349/2589-0336,否,否,是,ESCI,3.3,中国SCI期刊支持计划,工程技术,2 [278/1437],否,二级, MECHANICS 力学,2 [41/171],,,,,,,,,,
Earthquake Engineering and Engineering Vibration,2025,1671-3664/1993-503X,否,否,否,SCIE,3.3,中国SCI期刊支持计划,工程技术,2 [279/1437],否,二级," ENGINEERING, CIVIL 工程：土木",2 [38/180]," ENGINEERING, GEOLOGICAL 工程：地质",2 [12/65],,,,,,,,
Petroleum,2025,2405-6561/2405-5816,否,否,是,ESCI,3.5,中国SCI期刊支持计划,工程技术,2 [280/1437],否,二级, ENERGY & FUELS 能源与燃料,2 [41/171]," ENGINEERING, CHEMICAL 工程：化工",2 [45/169]," ENGINEERING, PETROLEUM 工程：石油",2 [6/24],,,,,,
CHINA OCEAN ENGINEERING,2025,0890-5487/2191-8945,否,否,否,SCIE,2.2,中国SCI期刊支持计划,工程技术,2 [281/1437],否,二级," ENGINEERING, MARINE 工程：海洋",2 [6/26]," ENGINEERING, MECHANICAL 工程：机械",2 [41/181]," ENGINEERING, OCEAN 工程：大洋",2 [5/18],,,,,,
Rock and Soil Mechanics,2025,1000-7598/1000-7598,否,否,是,ESCI,1.6,"中英文期刊""同质等效""评价",工程技术,2 [282/1437],否,二级," ENGINEERING, GEOLOGICAL 工程：地质",2 [13/65],,,,,,,,,,
INDUSTRIAL MANAGEMENT & DATA SYSTEMS,2025,0263-5577/1758-5783,否,否,否,SCIE,4.7,,工程技术,3 [283/1437],否,二级," COMPUTER SCIENCE, INTERDISCIPLINARY APPLICATIONS 计算机：跨学科应用",3 [64/172]," ENGINEERING, INDUSTRIAL 工程：工业",4 [28/70],,,,,,,,
Journal of Civil Structural Health Monitoring,2025,2190-5452/2190-5479,否,否,否,SCIE,4.3,,工程技术,3 [284/1437],否,二级," ENGINEERING, CIVIL 工程：土木",2 [37/180],,,,,,,,,,
JOURNAL OF STRUCTURAL ENGINEERING,2025,0733-9445/1943-541X,否,否,否,SCIE,3.9,,工程技术,3 [285/1437],否,二级, CONSTRUCTION & BUILDING TECHNOLOGY 结构与建筑技术,3 [18/91]," ENGINEERING, CIVIL 工程：土木",3 [39/180],,,,,,,,
JOURNAL OF RHEOLOGY,2025,0148-6055/1520-8516,否,否,否,SCIE,3.2,,工程技术,3 [286/1437],否,二级, MECHANICS 力学,3 [42/171],,,,,,,,,,
BUILDING RESEARCH AND INFORMATION,2025,0961-3218/1466-4321,否,否,否,SCIE,3.4,,工程技术,3 [287/1437],否,二级, CONSTRUCTION & BUILDING TECHNOLOGY 结构与建筑技术,3 [19/91],,,,,,,,,,
Journal of Water Process Engineering,2025,2214-7144/2214-7144,否,否,否,SCIE,6.7,,工程技术,3 [288/1437],否,二级," ENGINEERING, CHEMICAL 工程：化工",2 [42/169], WATER RESOURCES 水资源,2 [24/124]," ENGINEERING, ENVIRONMENTAL 工程：环境",3 [28/80],,,,,,
TRANSPORTATION,2025,0049-4488/1572-9435,否,否,否,SSCI;SCIE,3.3,,工程技术,3 [289/1437],否,二级," ENGINEERING, CIVIL 工程：土木",3 [40/180], TRANSPORTATION SCIENCE & TECHNOLOGY 运输科技,3 [27/71], TRANSPORTATION 交通运输,4 [26/58],,,,,,
Engineering Studies,2025,1937-8629/1940-8374,否,否,否,SSCI;SCIE,1.3,,工程技术,3 [290/1437],否,二级, HISTORY & PHILOSOPHY OF SCIENCE 科学史与科学哲学,2 [23/105]," EDUCATION, SCIENTIFIC DISCIPLINES 学科教育",3 [23/86]," ENGINEERING, MULTIDISCIPLINARY 工程：综合",3 [33/179],,,,,,
IEEE TRANSACTIONS ON ELECTRON DEVICES,2025,0018-9383/1557-9646,否,否,否,SCIE,3.2,,工程技术,3 [291/1437],否,二级," ENGINEERING, ELECTRICAL & ELECTRONIC 工程：电子与电气",3 [113/352]," PHYSICS, APPLIED 物理：应用",3 [51/178],,,,,,,,
Wind Energy Science,2025,2366-7443/2366-7451,否,否,是,ESCI,4.9,,工程技术,3 [292/1437],否,二级, GREEN & SUSTAINABLE SCIENCE & TECHNOLOGY 绿色可持续发展技术,4 [38/91],,,,,,,,,,
Geomechanics for Energy and the Environment,2025,2352-3808/2352-3808,否,否,否,SCIE,3.7,,工程技术,3 [293/1437],否,二级, ENERGY & FUELS 能源与燃料,3 [68/171]," ENGINEERING, GEOLOGICAL 工程：地质",3 [22/65]," GEOSCIENCES, MULTIDISCIPLINARY 地球科学：综合",3 [79/258],,,,,,
International Journal of Geomechanics,2025,1532-3641/1943-5622,否,否,否,SCIE,3.3,,工程技术,3 [294/1437],否,二级," ENGINEERING, GEOLOGICAL 工程：地质",3 [23/65],,,,,,,,,,
METROLOGIA,2025,0026-1394/1681-7575,否,否,否,SCIE,2.4,,工程技术,3 [295/1437],否,二级, INSTRUMENTS & INSTRUMENTATION 仪器仪表,2 [17/76]," PHYSICS, APPLIED 物理：应用",3 [52/178],,,,,,,,
REVIEWS IN CHEMICAL ENGINEERING,2025,0167-8299/2191-0235,是,否,否,SCIE,6.6,,工程技术,3 [296/1437],否,二级," ENGINEERING, CHEMICAL 工程：化工",3 [46/169],,,,,,,,,,
Journal of Civil Engineering and Management,2025,1392-3730/1822-3605,否,否,是,SCIE,3.7,,工程技术,3 [297/1437],否,二级," ENGINEERING, CIVIL 工程：土木",3 [41/180],,,,,,,,,,
Energy for Sustainable Development,2025,0973-0826/2352-4669,否,否,否,SCIE,4.9,,工程技术,3 [298/1437],否,二级, ENERGY & FUELS 能源与燃料,3 [69/171], GREEN & SUSTAINABLE SCIENCE & TECHNOLOGY 绿色可持续发展技术,4 [39/91],,,,,,,,
STRUCTURAL AND MULTIDISCIPLINARY OPTIMIZATION,2025,1615-147X/1615-1488,否,否,否,SCIE,4,,工程技术,3 [299/1437],否,二级," COMPUTER SCIENCE, INTERDISCIPLINARY APPLICATIONS 计算机：跨学科应用",3 [66/172]," ENGINEERING, MULTIDISCIPLINARY 工程：综合",3 [34/179], MECHANICS 力学,3 [43/171],,,,,,
IEEE Journal of Electromagnetics RF and Microwaves in Medicine and Biology,2025,2469-7257/2469-7249,否,否,否,ESCI,3.2,,工程技术,3 [300/1437],否,二级," ENGINEERING, ELECTRICAL & ELECTRONIC 工程：电子与电气",3 [115/352],,,,,,,,,,
International Journal of Construction Management,2025,1562-3599/2331-2327,否,否,否,ESCI,3.4,,工程技术,3 [301/1437],否,二级, CONSTRUCTION & BUILDING TECHNOLOGY 结构与建筑技术,3 [20/91]," ENGINEERING, CIVIL 工程：土木",3 [42/180], MANAGEMENT 管理学,4 [169/404],,,,,,
GEOTHERMICS,2025,0375-6505/1879-3576,否,否,否,SCIE,3.9,,工程技术,3 [302/1437],否,二级, ENERGY & FUELS 能源与燃料,3 [70/171]," GEOSCIENCES, MULTIDISCIPLINARY 地球科学：综合",3 [80/258],,,,,,,,
EARTHQUAKE SPECTRA,2025,8755-2930/1944-8201,否,否,否,SCIE,3.7,,工程技术,3 [303/1437],否,二级," ENGINEERING, CIVIL 工程：土木",3 [43/180]," ENGINEERING, GEOLOGICAL 工程：地质",4 [24/65],,,,,,,,
ADVANCED POWDER TECHNOLOGY,2025,0921-8831/1568-5527,否,否,否,SCIE,4.2,,工程技术,3 [304/1437],否,二级," ENGINEERING, CHEMICAL 工程：化工",2 [43/169],,,,,,,,,,
GEOSYNTHETICS INTERNATIONAL,2025,1072-6349/1751-7613,否,否,否,SCIE,3.3,,工程技术,3 [305/1437],否,二级," GEOSCIENCES, MULTIDISCIPLINARY 地球科学：综合",3 [81/258]," MATERIALS SCIENCE, MULTIDISCIPLINARY 材料科学：综合",3 [131/436]," ENGINEERING, GEOLOGICAL 工程：地质",4 [25/65],,,,,,
Brodogradnja,2025,0007-215X/1845-5859,否,否,是,SCIE,4.2,,工程技术,3 [306/1437],否,二级," ENGINEERING, MARINE 工程：海洋",2 [4/26],,,,,,,,,,
Transportmetrica A-Transport Science,2025,2324-9935/2324-9943,否,否,否,SSCI;SCIE,3.1,,工程技术,3 [307/1437],否,二级, TRANSPORTATION SCIENCE & TECHNOLOGY 运输科技,3 [28/71], TRANSPORTATION 交通运输,4 [27/58],,,,,,,,
Journal of Industrial and Engineering Chemistry,2025,1226-086X/1876-794X,否,否,否,SCIE,6,,工程技术,3 [308/1437],否,二级," ENGINEERING, CHEMICAL 工程：化工",2 [44/169]," CHEMISTRY, MULTIDISCIPLINARY 化学：综合",3 [66/230],,,,,,,,
Wiley Interdisciplinary Reviews-Energy and Environment,2025,2041-8396/2041-840X,是,否,否,SCIE,6,,工程技术,3 [309/1437],否,二级, ENERGY & FUELS 能源与燃料,3 [71/171],,,,,,,,,,
IEEE Solid-State Circuits Letters,2025,2573-9603/2573-9603,否,否,否,ESCI,2,,工程技术,3 [310/1437],否,二级," COMPUTER SCIENCE, HARDWARE & ARCHITECTURE 计算机：硬件",3 [23/58]," ENGINEERING, ELECTRICAL & ELECTRONIC 工程：电子与电气",3 [117/352],,,,,,,,
JOURNAL OF NON-NEWTONIAN FLUID MECHANICS,2025,0377-0257/1873-2631,否,否,否,SCIE,2.8,,工程技术,3 [311/1437],否,二级, MECHANICS 力学,3 [44/171],,,,,,,,,,
Fire Safety Journal,2025,0379-7112/1873-7226,否,否,否,SCIE,3.3,,工程技术,3 [312/1437],否,二级," ENGINEERING, CIVIL 工程：土木",3 [44/180]," MATERIALS SCIENCE, MULTIDISCIPLINARY 材料科学：综合",3 [134/436],,,,,,,,
IEEE JOURNAL OF OCEANIC ENGINEERING,2025,0364-9059/1558-1691,否,否,否,SCIE,5.3,,工程技术,3 [313/1437],否,二级, OCEANOGRAPHY 海洋学,2 [15/66]," ENGINEERING, CIVIL 工程：土木",3 [45/180]," ENGINEERING, ELECTRICAL & ELECTRONIC 工程：电子与电气",3 [119/352]," ENGINEERING, OCEAN 工程：大洋",3 [6/18],,,,
TRIBOLOGY LETTERS,2025,1023-8883/1573-2711,否,否,否,SCIE,3.3,,工程技术,3 [314/1437],否,二级," ENGINEERING, CHEMICAL 工程：化工",3 [48/169]," ENGINEERING, MECHANICAL 工程：机械",3 [43/181],,,,,,,,
EXPERIMENTAL THERMAL AND FLUID SCIENCE,2025,0894-1777/1879-2286,否,否,否,SCIE,3.3,,工程技术,3 [315/1437],否,二级," PHYSICS, FLUIDS & PLASMAS 物理：流体与等离子体",2 [8/40], THERMODYNAMICS 热力学,2 [18/78]," ENGINEERING, MECHANICAL 工程：机械",3 [44/181],,,,,,
City and Environment Interactions,2025,2590-2520/2590-2520,否,否,是,ESCI,3.8,,工程技术,3 [316/1437],否,二级, ENVIRONMENTAL SCIENCES 环境科学,3 [114/357], ENVIRONMENTAL STUDIES 环境研究,3 [80/183], METEOROLOGY & ATMOSPHERIC SCIENCES 气象与大气科学,3 [36/109],,,,,,
JOURNAL OF MICROELECTROMECHANICAL SYSTEMS,2025,1057-7157/1941-0158,否,否,否,SCIE,3.1,,工程技术,3 [317/1437],否,二级," ENGINEERING, ELECTRICAL & ELECTRONIC 工程：电子与电气",3 [120/352], INSTRUMENTS & INSTRUMENTATION 仪器仪表,3 [20/76], NANOSCIENCE & NANOTECHNOLOGY 纳米科技,3 [51/139]," PHYSICS, APPLIED 物理：应用",3 [55/178],,,,
FINITE ELEMENTS IN ANALYSIS AND DESIGN,2025,0168-874X/1872-6925,否,否,否,SCIE,3.5,,工程技术,3 [318/1437],否,二级," MATHEMATICS, APPLIED 应用数学",2 [68/330], MECHANICS 力学,3 [45/171],,,,,,,,
Extreme Mechanics Letters,2025,2352-4316/2352-4316,否,否,否,SCIE,4.5,,工程技术,3 [319/1437],否,二级," MATERIALS SCIENCE, MULTIDISCIPLINARY 材料科学：综合",3 [136/436], MECHANICS 力学,3 [46/171],,,,,,,,
Applications in Energy and Combustion Science,2025,2666-352X/2666-352X,否,否,是,ESCI,6,,工程技术,3 [320/1437],否,二级, THERMODYNAMICS 热力学,2 [19/78], ENERGY & FUELS 能源与燃料,3 [72/171]," ENGINEERING, CHEMICAL 工程：化工",3 [49/169]," ENGINEERING, MECHANICAL 工程：机械",3 [45/181],,,,
Chemical Engineering and Processing-Process Intensification,2025,0255-2701/1873-3204,否,否,否,SCIE,3.9,,工程技术,3 [321/1437],否,二级, ENERGY & FUELS 能源与燃料,3 [73/171]," ENGINEERING, CHEMICAL 工程：化工",3 [50/169],,,,,,,,
JOURNAL OF TURBOMACHINERY-TRANSACTIONS OF THE ASME,2025,0889-504X/1528-8900,否,否,否,SCIE,3.1,,工程技术,3 [322/1437],否,二级," ENGINEERING, MECHANICAL 工程：机械",3 [46/181],,,,,,,,,,
International Journal of Structural Stability and Dynamics,2025,0219-4554/1793-6764,否,否,否,SCIE,3.4,,工程技术,3 [323/1437],否,二级," ENGINEERING, CIVIL 工程：土木",3 [47/180]," ENGINEERING, MECHANICAL 工程：机械",3 [47/181], MECHANICS 力学,3 [48/171],,,,,,
IEEE TRANSACTIONS ON DEVICE AND MATERIALS RELIABILITY,2025,1530-4388/1558-2574,否,否,否,SCIE,2.3,,工程技术,3 [324/1437],否,二级," ENGINEERING, ELECTRICAL & ELECTRONIC 工程：电子与电气",3 [121/352]," PHYSICS, APPLIED 物理：应用",3 [57/178],,,,,,,,
IEEE TRANSACTIONS ON ULTRASONICS FERROELECTRICS AND FREQUENCY CONTROL,2025,0885-3010/1525-8955,否,否,否,SCIE,3.7,,工程技术,3 [325/1437],否,二级, ACOUSTICS 声学,3 [10/40]," ENGINEERING, ELECTRICAL & ELECTRONIC 工程：电子与电气",3 [122/352],,,,,,,,
Asian Journal of Shipping and Logistics,2025,2092-5212/2352-4871,否,否,是,ESCI,3.7,,工程技术,3 [326/1437],否,二级, TRANSPORTATION 交通运输,4 [28/58],,,,,,,,,,
PROBABILISTIC ENGINEERING MECHANICS,2025,0266-8920/1878-4275,否,否,否,SCIE,3.5,,工程技术,3 [327/1437],否,二级, STATISTICS & PROBABILITY 统计学与概率论,2 [34/166]," ENGINEERING, MECHANICAL 工程：机械",3 [48/181], MECHANICS 力学,3 [49/171],,,,,,
International Journal of Simulation Modelling,2025,1726-4529/1996-8566,否,否,否,SCIE,2.4,,工程技术,3 [328/1437],否,二级," ENGINEERING, MANUFACTURING 工程：制造",3 [22/70]," ENGINEERING, INDUSTRIAL 工程：工业",4 [30/70],,,,,,,,
SENSORS AND ACTUATORS A-PHYSICAL,2025,0924-4247/1873-3069,否,否,否,SCIE,4.9,,工程技术,3 [329/1437],否,二级," ENGINEERING, ELECTRICAL & ELECTRONIC 工程：电子与电气",3 [124/352], INSTRUMENTS & INSTRUMENTATION 仪器仪表,3 [21/76],,,,,,,,
Advances in Manufacturing,2025,2095-3127/2195-3597,否,否,否,SCIE,3.8,,工程技术,3 [330/1437],否,二级," ENGINEERING, MANUFACTURING 工程：制造",3 [23/70]," MATERIALS SCIENCE, MULTIDISCIPLINARY 材料科学：综合",3 [143/436],,,,,,,,
ADVANCES IN ENGINEERING SOFTWARE,2025,0965-9978/1873-5339,否,否,否,SCIE,5.7,,工程技术,3 [331/1437],否,二级," COMPUTER SCIENCE, SOFTWARE ENGINEERING 计算机：软件工程",3 [46/131]," ENGINEERING, MULTIDISCIPLINARY 工程：综合",3 [38/179]," COMPUTER SCIENCE, INTERDISCIPLINARY APPLICATIONS 计算机：跨学科应用",4 [73/172],,,,,,
International Journal of Engineering and Geosciences,2025,2548-0960/2548-0960,否,否,是,ESCI,2.5,,工程技术,3 [332/1437],否,二级," ENGINEERING, GEOLOGICAL 工程：地质",4 [26/65],,,,,,,,,,
Journal of Bridge Engineering,2025,1084-0702/1943-5592,否,否,否,SCIE,3.5,,工程技术,3 [333/1437],否,二级," ENGINEERING, CIVIL 工程：土木",3 [48/180],,,,,,,,,,
Biosensors-Basel,2025,2079-6374/2079-6374,否,否,是,SCIE,5.6,,工程技术,3 [334/1437],否,二级," CHEMISTRY, ANALYTICAL 分析化学",2 [27/106], INSTRUMENTS & INSTRUMENTATION 仪器仪表,3 [22/76], NANOSCIENCE & NANOTECHNOLOGY 纳米科技,3 [53/139],,,,,,
JASSS-THE JOURNAL OF ARTIFICIAL SOCIETIES AND SOCIAL SIMULATION,2025,1460-7425/1460-7425,否,否,是,SSCI,2,,工程技术,3 [335/1437],否,二级," SOCIAL SCIENCES, INTERDISCIPLINARY 社会科学：跨领域",3 [61/263],,,,,,,,,,
Design Science,2025,2053-4701/2053-4701,否,否,是,ESCI,2.6,,工程技术,3 [336/1437],否,二级," ENGINEERING, MANUFACTURING 工程：制造",3 [24/70],,,,,,,,,,
International Journal of Precision Engineering and Manufacturing-Green Technology,2025,2288-6206/2198-0810,否,否,否,SCIE,5.6,,工程技术,3 [337/1437],否,二级," ENGINEERING, MANUFACTURING 工程：制造",3 [25/70]," ENGINEERING, MECHANICAL 工程：机械",3 [49/181], GREEN & SUSTAINABLE SCIENCE & TECHNOLOGY 绿色可持续发展技术,4 [42/91],,,,,,
FLOW MEASUREMENT AND INSTRUMENTATION,2025,0955-5986/1873-6998,否,否,否,SCIE,2.7,,工程技术,3 [338/1437],否,二级," ENGINEERING, MECHANICAL 工程：机械",3 [50/181], INSTRUMENTS & INSTRUMENTATION 仪器仪表,3 [24/76],,,,,,,,
Smart Energy,2025,2666-9552/2666-9552,否,否,是,ESCI,5,,工程技术,3 [339/1437],否,二级, ENERGY & FUELS 能源与燃料,4 [78/171],,,,,,,,,,
JOURNAL OF SUPERCRITICAL FLUIDS,2025,0896-8446/1872-8162,否,否,否,SCIE,4.4,,工程技术,3 [340/1437],否,二级," CHEMISTRY, PHYSICAL 物理化学",2 [27/104]," ENGINEERING, CHEMICAL 工程：化工",3 [52/169],,,,,,,,
IEEE TRANSACTIONS ON ELECTROMAGNETIC COMPATIBILITY,2025,0018-9375/1558-187X,否,否,否,SCIE,2.5,,工程技术,3 [341/1437],否,二级," ENGINEERING, ELECTRICAL & ELECTRONIC 工程：电子与电气",3 [128/352], TELECOMMUNICATIONS 电信学,3 [47/119],,,,,,,,
DIGITAL SIGNAL PROCESSING,2025,1051-2004/1095-4333,否,否,否,SCIE,3,,工程技术,3 [342/1437],否,二级," ENGINEERING, ELECTRICAL & ELECTRONIC 工程：电子与电气",3 [129/352],,,,,,,,,,
FLUID PHASE EQUILIBRIA,2025,0378-3812/1879-0224,否,否,否,SCIE,2.7,,工程技术,3 [343/1437],否,二级," CHEMISTRY, PHYSICAL 物理化学",2 [28/104], THERMODYNAMICS 热力学,2 [20/78]," ENGINEERING, CHEMICAL 工程：化工",3 [54/169],,,,,,
Mineral Processing and Extractive Metallurgy Review,2025,0882-7508/1547-7401,否,否,否,SCIE,4.6,,工程技术,3 [344/1437],否,二级, METALLURGY & METALLURGICAL ENGINEERING 冶金工程,2 [20/94], MINING & MINERAL PROCESSING 矿业与矿物加工,3 [7/32],,,,,,,,
Lubricants,2025,2075-4442/2075-4442,否,否,是,SCIE,2.9,,工程技术,3 [345/1437],否,二级," ENGINEERING, MECHANICAL 工程：机械",3 [52/181],,,,,,,,,,
International Journal of Geo-Engineering,2025,2092-9196/2198-2783,否,否,是,ESCI,7.1,,工程技术,3 [346/1437],否,二级," ENGINEERING, GEOLOGICAL 工程：地质",4 [27/65],,,,,,,,,,
Energy and Climate Change,2025,2666-2787/2666-2787,否,否,否,ESCI,5.6,,工程技术,3 [347/1437],否,二级, ENERGY & FUELS 能源与燃料,4 [79/171],,,,,,,,,,
INTERNATIONAL JOURNAL OF NON-LINEAR MECHANICS,2025,0020-7462/1878-5638,否,否,否,SCIE,3.2,,工程技术,3 [348/1437],否,二级, MECHANICS 力学,3 [50/171],,,,,,,,,,
International Journal of Greenhouse Gas Control,2025,1750-5836/1878-0148,否,否,否,SCIE,5.2,,工程技术,3 [349/1437],否,二级," ENGINEERING, CHEMICAL 工程：化工",3 [55/169]," ENGINEERING, ENVIRONMENTAL 工程：环境",3 [32/80], ENERGY & FUELS 能源与燃料,4 [80/171], GREEN & SUSTAINABLE SCIENCE & TECHNOLOGY 绿色可持续发展技术,4 [43/91],,,,
EXPERIMENTS IN FLUIDS,2025,0723-4864/1432-1114,否,否,否,SCIE,2.5,,工程技术,3 [350/1437],否,二级," ENGINEERING, MECHANICAL 工程：机械",3 [53/181], MECHANICS 力学,3 [51/171],,,,,,,,
INTERNATIONAL JOURNAL OF HEAT AND FLUID FLOW,2025,0142-727X/1879-2278,否,否,否,SCIE,3.1,,工程技术,3 [351/1437],否,二级," ENGINEERING, MECHANICAL 工程：机械",3 [54/181], MECHANICS 力学,3 [52/171], THERMODYNAMICS 热力学,3 [21/78],,,,,,
JOURNAL OF LOSS PREVENTION IN THE PROCESS INDUSTRIES,2025,0950-4230/1873-3352,否,否,否,SCIE,4.2,,工程技术,3 [352/1437],否,二级," ENGINEERING, CHEMICAL 工程：化工",3 [56/169],,,,,,,,,,
Journal of Hydrodynamics,2025,1001-6058/1878-0342,否,否,否,SCIE,3.5,,工程技术,3 [353/1437],否,二级, MECHANICS 力学,3 [53/171],,,,,,,,,,
Journal of Structural Integrity and Maintenance,2025,2470-5314/2470-5322,否,否,否,ESCI,3.1,,工程技术,3 [354/1437],否,二级," ENGINEERING, CIVIL 工程：土木",3 [50/180],,,,,,,,,,
JOURNAL OF DIGITAL IMAGING,2025,0897-1889/1618-727X,否,否,否,SCIE,3.8,,工程技术,3 [355/1437],否,二级," RADIOLOGY, NUCLEAR MEDICINE & MEDICAL IMAGING 核医学",3 [70/206],,,,,,,,,,
CELLULOSE,2025,0969-0239/1572-882X,否,否,否,SCIE,4.8,,工程技术,3 [356/1437],否,二级," MATERIALS SCIENCE, PAPER & WOOD 材料科学：纸与木材",1 [2/23]," MATERIALS SCIENCE, TEXTILES 材料科学：纺织",1 [2/30], POLYMER SCIENCE 高分子科学,2 [19/94],,,,,,
ERGONOMICS,2025,0014-0139/1366-5847,否,否,否,SSCI;SCIE,2.4,,工程技术,3 [357/1437],否,二级, PSYCHOLOGY 心理学,3 [34/92]," ENGINEERING, INDUSTRIAL 工程：工业",4 [32/70], ERGONOMICS 人体工程学,4 [10/24]," PSYCHOLOGY, APPLIED 心理学：应用",4 [60/112],,,,
Physical Review Fluids,2025,2469-990X/2469-990X,否,否,否,SCIE,2.8,,工程技术,3 [358/1437],否,二级," PHYSICS, FLUIDS & PLASMAS 物理：流体与等离子体",2 [10/40], MECHANICS 力学,3 [54/171],,,,,,,,
INTERNATIONAL JOURNAL FOR NUMERICAL METHODS IN ENGINEERING,2025,0029-5981/1097-0207,否,否,否,SCIE,2.9,,工程技术,3 [359/1437],否,二级," ENGINEERING, MULTIDISCIPLINARY 工程：综合",3 [40/179]," MATHEMATICS, INTERDISCIPLINARY APPLICATIONS 数学跨学科应用",3 [35/136],,,,,,,,
Polymers,2025,2073-4360/2073-4360,否,否,是,SCIE,4.9,Mega-Journal,工程技术,3 [360/1437],否,二级, POLYMER SCIENCE 高分子科学,3 [28/94],,,,,,,,,,
JOURNAL OF MECHANICAL DESIGN,2025,1050-0472/1528-9001,否,否,否,SCIE,3,,工程技术,3 [361/1437],否,二级," ENGINEERING, MECHANICAL 工程：机械",3 [55/181],,,,,,,,,,
IEEE Open Journal of Industry Applications,2025,2644-1241/2644-1241,否,否,是,ESCI,3.3,,工程技术,3 [362/1437],否,二级," ENGINEERING, ELECTRICAL & ELECTRONIC 工程：电子与电气",3 [132/352],,,,,,,,,,
Journal of Industrial and Production Engineering,2025,2168-1015/2168-1023,否,否,否,ESCI,4.6,,工程技术,3 [363/1437],否,二级," ENGINEERING, INDUSTRIAL 工程：工业",4 [33/70],,,,,,,,,,
JOURNAL OF TERRAMECHANICS,2025,0022-4898/1879-1204,否,否,否,SCIE,3.7,,工程技术,3 [364/1437],否,二级," ENGINEERING, ENVIRONMENTAL 工程：环境",4 [36/80],,,,,,,,,,
Journal of Urban Mobility,2025,2667-0917/2667-0917,否,否,是,ESCI,6.1,,工程技术,3 [365/1437],否,二级, GEOGRAPHY 地理学,4 [62/171], REGIONAL & URBAN PLANNING 区域与城市规划,4 [31/54], TRANSPORTATION 交通运输,4 [29/58],,,,,,
RESEARCH IN ENGINEERING DESIGN,2025,0934-9839/1435-6066,否,否,否,SCIE,1.9,,工程技术,3 [366/1437],否,二级," ENGINEERING, MANUFACTURING 工程：制造",3 [26/70]," ENGINEERING, MULTIDISCIPLINARY 工程：综合",3 [41/179]," ENGINEERING, INDUSTRIAL 工程：工业",4 [34/70],,,,,,
Transportation Research Interdisciplinary Perspectives,2025,2590-1982/2590-1982,否,否,是,ESCI,3.8,,工程技术,3 [367/1437],否,二级, TRANSPORTATION 交通运输,4 [30/58],,,,,,,,,,
Progress in Nuclear Energy,2025,0149-1970/1878-4224,否,否,否,SCIE,3.2,,工程技术,3 [368/1437],否,二级, NUCLEAR SCIENCE & TECHNOLOGY 核科学技术,2 [5/41],,,,,,,,,,
CHEMICAL ENGINEERING RESEARCH & DESIGN,2025,0263-8762/1744-3563,否,否,否,SCIE,3.9,,工程技术,3 [369/1437],否,二级," ENGINEERING, CHEMICAL 工程：化工",3 [58/169],,,,,,,,,,
INTERNATIONAL JOURNAL OF NUMERICAL METHODS FOR HEAT & FLUID FLOW,2025,0961-5539/1758-6585,否,否,否,SCIE,5.1,,工程技术,3 [370/1437],否,二级," MATHEMATICS, INTERDISCIPLINARY APPLICATIONS 数学跨学科应用",3 [38/136], MECHANICS 力学,3 [56/171], THERMODYNAMICS 热力学,3 [22/78],,,,,,
Journal of Transport & Health,2025,2214-1405,否,否,否,SSCI,3.3,,工程技术,3 [371/1437],否,二级," PUBLIC, ENVIRONMENTAL & OCCUPATIONAL HEALTH 公共卫生、环境卫生与职业卫生",3 [150/404], TRANSPORTATION 交通运输,4 [31/58],,,,,,,,
Advances in Production Engineering & Management,2025,1854-6250/1855-6531,否,否,否,SCIE,2.5,,工程技术,3 [372/1437],否,二级," MATERIALS SCIENCE, MULTIDISCIPLINARY 材料科学：综合",3 [162/436]," ENGINEERING, MANUFACTURING 工程：制造",4 [28/70],,,,,,,,
COMPUTERS & FLUIDS,2025,0045-7930/1879-0747,否,否,否,SCIE,3,,工程技术,3 [373/1437],否,二级, MECHANICS 力学,3 [57/171]," COMPUTER SCIENCE, INTERDISCIPLINARY APPLICATIONS 计算机：跨学科应用",4 [78/172],,,,,,,,
APPLIED RHEOLOGY,2025,1430-6395/1617-8106,否,否,是,SCIE,1.8,,工程技术,3 [374/1437],否,二级, MECHANICS 力学,3 [58/171],,,,,,,,,,
Journal of Rail Transport Planning & Management,2025,2210-9706/2210-9714,否,否,否,ESCI,2.7,,工程技术,3 [375/1437],否,二级, TRANSPORTATION 交通运输,4 [32/58],,,,,,,,,,
Transportation Letters-The International Journal of Transportation Research,2025,1942-7867/1942-7875,否,否,否,SSCI;SCIE,3.3,,工程技术,3 [376/1437],否,二级, TRANSPORTATION SCIENCE & TECHNOLOGY 运输科技,3 [29/71], TRANSPORTATION 交通运输,4 [33/58],,,,,,,,
IEEE Intelligent Transportation Systems Magazine,2025,1939-1390/1941-1197,否,否,否,SCIE,5,,工程技术,3 [377/1437],否,二级," ENGINEERING, ELECTRICAL & ELECTRONIC 工程：电子与电气",3 [134/352], TRANSPORTATION SCIENCE & TECHNOLOGY 运输科技,4 [32/71],,,,,,,,
EUROPEAN JOURNAL OF MECHANICS B-FLUIDS,2025,0997-7546/1873-7390,否,否,否,SCIE,2.5,,工程技术,3 [378/1437],否,二级, MECHANICS 力学,3 [59/171]," PHYSICS, FLUIDS & PLASMAS 物理：流体与等离子体",3 [12/40],,,,,,,,
QUALITY AND RELIABILITY ENGINEERING INTERNATIONAL,2025,0748-8017/1099-1638,否,否,否,SCIE,2.8,,工程技术,3 [379/1437],否,二级," ENGINEERING, MULTIDISCIPLINARY 工程：综合",3 [42/179], OPERATIONS RESEARCH & MANAGEMENT SCIENCE 运筹学与管理科学,3 [40/106]," ENGINEERING, INDUSTRIAL 工程：工业",4 [35/70],,,,,,
INTERNATIONAL JOURNAL OF COMPUTER INTEGRATED MANUFACTURING,2025,0951-192X/1362-3052,否,否,否,SCIE,4,,工程技术,3 [380/1437],否,二级, OPERATIONS RESEARCH & MANAGEMENT SCIENCE 运筹学与管理科学,3 [41/106]," COMPUTER SCIENCE, INTERDISCIPLINARY APPLICATIONS 计算机：跨学科应用",4 [81/172]," ENGINEERING, MANUFACTURING 工程：制造",4 [29/70],,,,,,
IEEE Open Journal of Signal Processing,2025,2644-1322/2644-1322,否,否,是,ESCI,2.7,,工程技术,3 [381/1437],否,二级," ENGINEERING, ELECTRICAL & ELECTRONIC 工程：电子与电气",3 [136/352],,,,,,,,,,
ELECTRIC POWER SYSTEMS RESEARCH,2025,0378-7796/1873-2046,否,否,否,SCIE,4.2,,工程技术,3 [382/1437],否,二级," ENGINEERING, ELECTRICAL & ELECTRONIC 工程：电子与电气",3 [137/352],,,,,,,,,,
NATURAL HAZARDS,2025,0921-030X/1573-0840,否,否,否,SCIE,3.7,,工程技术,3 [383/1437],否,二级," GEOSCIENCES, MULTIDISCIPLINARY 地球科学：综合",3 [104/258], METEOROLOGY & ATMOSPHERIC SCIENCES 气象与大气科学,3 [49/109], WATER RESOURCES 水资源,3 [31/124],,,,,,
GRANULAR MATTER,2025,1434-5021/1434-7636,否,否,否,SCIE,2.9,,工程技术,3 [384/1437],否,二级," MATERIALS SCIENCE, MULTIDISCIPLINARY 材料科学：综合",3 [166/436], MECHANICS 力学,3 [61/171]," PHYSICS, APPLIED 物理：应用",3 [65/178],,,,,,
Energy Reports,2025,2352-4847/2352-4847,否,否,是,SCIE,5.1,,工程技术,3 [385/1437],否,二级, ENERGY & FUELS 能源与燃料,4 [82/171],,,,,,,,,,
JOURNAL OF ENGINEERING MECHANICS,2025,0733-9399/1943-7889,否,否,否,SCIE,3.2,,工程技术,3 [386/1437],否,二级," ENGINEERING, MECHANICAL 工程：机械",3 [56/181],,,,,,,,,,
SIAM-ASA Journal on Uncertainty Quantification,2025,2166-2525/2166-2525,否,否,否,SCIE,1.9,,工程技术,3 [387/1437],否,二级," MATHEMATICS, INTERDISCIPLINARY APPLICATIONS 数学跨学科应用",3 [42/136]," PHYSICS, MATHEMATICAL 物理：数学物理",3 [19/60],,,,,,,,
JOURNAL OF THERMAL STRESSES,2025,0149-5739/1521-074X,否,否,否,SCIE,2.3,,工程技术,3 [388/1437],否,二级, MECHANICS 力学,3 [63/171], THERMODYNAMICS 热力学,3 [24/78],,,,,,,,
SPE JOURNAL,2025,1086-055X/1930-0220,否,否,否,SCIE,3,,工程技术,3 [389/1437],否,二级," ENGINEERING, PETROLEUM 工程：石油",2 [5/24],,,,,,,,,,
WIND ENERGY,2025,1095-4244/1099-1824,否,否,是,SCIE,3.3,,工程技术,3 [390/1437],否,二级," ENGINEERING, MECHANICAL 工程：机械",3 [57/181], ENERGY & FUELS 能源与燃料,4 [83/171],,,,,,,,
IEEE Open Journal of Power Electronics,2025,2644-1314/2644-1314,否,否,是,ESCI,3.9,,工程技术,3 [391/1437],否,二级," ENGINEERING, ELECTRICAL & ELECTRONIC 工程：电子与电气",3 [139/352],,,,,,,,,,
Progress in Energy,2025,2516-1083/2516-1083,否,否,否,ESCI,9.8,,工程技术,3 [392/1437],否,二级, ENERGY & FUELS 能源与燃料,4 [84/171],,,,,,,,,,
JOURNAL OF GUIDANCE CONTROL AND DYNAMICS,2025,0731-5090/1533-3884,否,否,否,SCIE,2.8,,工程技术,3 [393/1437],否,二级," ENGINEERING, AEROSPACE 工程：宇航",2 [12/53], INSTRUMENTS & INSTRUMENTATION 仪器仪表,3 [27/76],,,,,,,,
Buildings,2025,2075-5309/2075-5309,否,否,是,SCIE,3.1,Mega-Journal,工程技术,3 [394/1437],否,二级, CONSTRUCTION & BUILDING TECHNOLOGY 结构与建筑技术,3 [21/91]," ENGINEERING, CIVIL 工程：土木",3 [51/180],,,,,,,,
ENERGY & FUELS,2025,0887-0624/1520-5029,否,否,否,SCIE,5.3,,工程技术,3 [395/1437],否,二级," ENGINEERING, CHEMICAL 工程：化工",3 [62/169], ENERGY & FUELS 能源与燃料,4 [85/171],,,,,,,,
Journal of Sustainable Cement-Based Materials,2025,2165-0373/2165-0381,否,否,否,SCIE,4.2,,工程技术,3 [396/1437],否,二级, CONSTRUCTION & BUILDING TECHNOLOGY 结构与建筑技术,3 [22/91]," MATERIALS SCIENCE, MULTIDISCIPLINARY 材料科学：综合",3 [171/436], GREEN & SUSTAINABLE SCIENCE & TECHNOLOGY 绿色可持续发展技术,4 [49/91],,,,,,
Nuclear Engineering and Technology,2025,1738-5733/1738-5733,否,否,是,SCIE,2.6,,工程技术,3 [397/1437],否,二级, NUCLEAR SCIENCE & TECHNOLOGY 核科学技术,2 [8/41],,,,,,,,,,
Journal of Marine Engineering and Technology,2025,2046-4177/2056-8487,否,否,否,SCIE,4.4,,工程技术,3 [398/1437],否,二级," ENGINEERING, MARINE 工程：海洋",2 [5/26],,,,,,,,,,
JOURNAL OF COMPOSITES FOR CONSTRUCTION,2025,1090-0268/1943-5614,否,否,否,SCIE,3.9,,工程技术,3 [399/1437],否,二级," ENGINEERING, CIVIL 工程：土木",3 [52/180]," MATERIALS SCIENCE, COMPOSITES 材料科学：复合",3 [13/35], MECHANICS 力学,3 [64/171],,,,,,
IEEE PHOTONICS TECHNOLOGY LETTERS,2025,1041-1135/1941-0174,否,否,否,SCIE,2.5,,工程技术,3 [400/1437],否,二级," ENGINEERING, ELECTRICAL & ELECTRONIC 工程：电子与电气",3 [141/352], OPTICS 光学,3 [42/119]," PHYSICS, APPLIED 物理：应用",3 [67/178],,,,,,
Chinese Journal of Mechanical Engineering,2025,1000-9345/2192-8258,否,是,是,SCIE,4.5,,工程技术,3 [401/1437],否,二级," ENGINEERING, MECHANICAL 工程：机械",3 [58/181],,,,,,,,,,
AICHE JOURNAL,2025,0001-1541/1547-5905,否,否,否,SCIE,4,,工程技术,3 [402/1437],否,二级," ENGINEERING, CHEMICAL 工程：化工",3 [63/169],,,,,,,,,,
WMU Journal of Maritime Affairs,2025,1651-436X/1654-1642,否,否,否,ESCI,2.4,,工程技术,3 [403/1437],否,二级, TRANSPORTATION 交通运输,4 [34/58],,,,,,,,,,
Grey Systems-Theory and Application,2025,2043-9377/2043-9385,否,否,否,SCIE,4.4,,工程技术,3 [404/1437],否,二级," MATHEMATICS, INTERDISCIPLINARY APPLICATIONS 数学跨学科应用",3 [44/136],,,,,,,,,,
Journal of Transportation Safety & Security,2025,1943-9962/1943-9970,否,否,否,SSCI,2.6,,工程技术,3 [405/1437],否,二级, TRANSPORTATION 交通运输,4 [35/58],,,,,,,,,,
CIRP ANNALS-MANUFACTURING TECHNOLOGY,2025,0007-8506/1726-0604,否,否,否,SCIE,3.6,,工程技术,3 [406/1437],否,二级," ENGINEERING, INDUSTRIAL 工程：工业",4 [36/70]," ENGINEERING, MANUFACTURING 工程：制造",4 [31/70],,,,,,,,
Mathematics in Engineering,2025,2640-3501/2640-3501,否,否,是,SCIE,1.3,,工程技术,3 [407/1437],否,二级," MATHEMATICS, INTERDISCIPLINARY APPLICATIONS 数学跨学科应用",3 [45/136],,,,,,,,,,
AI EDAM-ARTIFICIAL INTELLIGENCE FOR ENGINEERING DESIGN ANALYSIS AND MANUFACTURING,2025,0890-0604/1469-1760,否,否,否,SCIE,2.3,,工程技术,3 [408/1437],否,二级," ENGINEERING, MULTIDISCIPLINARY 工程：综合",3 [45/179]," COMPUTER SCIENCE, ARTIFICIAL INTELLIGENCE 计算机：人工智能",4 [93/196]," COMPUTER SCIENCE, INTERDISCIPLINARY APPLICATIONS 计算机：跨学科应用",4 [83/172]," ENGINEERING, MANUFACTURING 工程：制造",4 [32/70],,,,
JOURNAL OF VINYL & ADDITIVE TECHNOLOGY,2025,1083-5601/1548-0585,否,否,否,SCIE,3.6,,工程技术,3 [409/1437],否,二级," MATERIALS SCIENCE, TEXTILES 材料科学：纺织",2 [4/30], POLYMER SCIENCE 高分子科学,2 [23/94]," CHEMISTRY, APPLIED 应用化学",3 [24/74],,,,,,
REACTIVE & FUNCTIONAL POLYMERS,2025,1381-5148/1873-166X,否,否,否,SCIE,5.1,,工程技术,3 [410/1437],否,二级, POLYMER SCIENCE 高分子科学,2 [24/94]," CHEMISTRY, APPLIED 应用化学",3 [26/74]," ENGINEERING, CHEMICAL 工程：化工",3 [64/169],,,,,,
Water Resources and Industry,2025,2212-3717/2212-3717,否,否,是,SCIE,7.5,,工程技术,3 [411/1437],否,二级, WATER RESOURCES 水资源,3 [38/124],,,,,,,,,,
IEEE AEROSPACE AND ELECTRONIC SYSTEMS MAGAZINE,2025,0885-8985/1557-959X,否,否,否,SCIE,3.8,,工程技术,3 [412/1437],否,二级," ENGINEERING, AEROSPACE 工程：宇航",3 [14/53]," ENGINEERING, ELECTRICAL & ELECTRONIC 工程：电子与电气",3 [145/352],,,,,,,,
International Journal of Concrete Structures and Materials,2025,1976-0485/2234-1315,否,否,是,SCIE,3.6,,工程技术,3 [413/1437],否,二级, CONSTRUCTION & BUILDING TECHNOLOGY 结构与建筑技术,3 [23/91]," ENGINEERING, CIVIL 工程：土木",3 [53/180]," MATERIALS SCIENCE, MULTIDISCIPLINARY 材料科学：综合",3 [174/436],,,,,,
INTEGRATION-THE VLSI JOURNAL,2025,0167-9260/1872-7522,否,否,否,SCIE,2.5,,工程技术,3 [414/1437],否,二级," ENGINEERING, ELECTRICAL & ELECTRONIC 工程：电子与电气",3 [148/352]," COMPUTER SCIENCE, HARDWARE & ARCHITECTURE 计算机：硬件",4 [32/58],,,,,,,,
MICROELECTRONICS JOURNAL,2025,0959-8324/1879-2391,否,否,否,SCIE,2.3,,工程技术,3 [415/1437],否,二级," ENGINEERING, ELECTRICAL & ELECTRONIC 工程：电子与电气",3 [149/352], NANOSCIENCE & NANOTECHNOLOGY 纳米科技,4 [61/139],,,,,,,,
International Journal of Precision Engineering and Manufacturing,2025,2234-7593/2005-4602,否,否,否,SCIE,3.6,,工程技术,3 [416/1437],否,二级," ENGINEERING, MECHANICAL 工程：机械",3 [59/181]," ENGINEERING, MANUFACTURING 工程：制造",4 [33/70],,,,,,,,
Economics of Transportation,2025,2212-0122/2212-0130,否,否,否,SSCI,1.7,,工程技术,3 [417/1437],否,二级, ECONOMICS 经济学,4 [248/599], TRANSPORTATION 交通运输,4 [36/58],,,,,,,,
INDOOR AND BUILT ENVIRONMENT,2025,1420-326X/1423-0070,否,否,否,SCIE,2.9,,工程技术,3 [418/1437],否,二级, CONSTRUCTION & BUILDING TECHNOLOGY 结构与建筑技术,3 [24/91]," PUBLIC, ENVIRONMENTAL & OCCUPATIONAL HEALTH 公共卫生、环境卫生与职业卫生",3 [176/404]," ENGINEERING, ENVIRONMENTAL 工程：环境",4 [37/80],,,,,,
Cognition Technology & Work,2025,1435-5558/1435-5566,否,否,否,SSCI;SCIE,3.4,,工程技术,3 [419/1437],否,二级," ENGINEERING, INDUSTRIAL 工程：工业",4 [37/70], ERGONOMICS 人体工程学,4 [13/24],,,,,,,,
JOURNAL OF CHEMICAL THERMODYNAMICS,2025,0021-9614/1096-3626,否,否,否,SCIE,2.2,,工程技术,3 [420/1437],否,二级," CHEMISTRY, PHYSICAL 物理化学",3 [41/104], THERMODYNAMICS 热力学,3 [25/78],,,,,,,,
CANADIAN GEOTECHNICAL JOURNAL,2025,0008-3674/1208-6010,否,否,否,SCIE,3.5,,工程技术,3 [421/1437],否,二级," ENGINEERING, GEOLOGICAL 工程：地质",4 [28/65]," GEOSCIENCES, MULTIDISCIPLINARY 地球科学：综合",4 [118/258],,,,,,,,
Leukos,2025,1550-2724/1550-2716,否,否,否,SCIE,2.6,,工程技术,3 [422/1437],否,二级, CONSTRUCTION & BUILDING TECHNOLOGY 结构与建筑技术,3 [25/91], OPTICS 光学,3 [44/119],,,,,,,,
Structure and Infrastructure Engineering,2025,1573-2479/1744-8980,否,否,否,SCIE,2.6,,工程技术,3 [423/1437],否,二级," ENGINEERING, CIVIL 工程：土木",3 [54/180]," ENGINEERING, MECHANICAL 工程：机械",3 [60/181],,,,,,,,
MATERIALS AND STRUCTURES,2025,1359-5997/1871-6873,否,否,否,SCIE,3.9,,工程技术,3 [424/1437],否,二级, CONSTRUCTION & BUILDING TECHNOLOGY 结构与建筑技术,3 [26/91]," ENGINEERING, CIVIL 工程：土木",3 [55/180]," MATERIALS SCIENCE, MULTIDISCIPLINARY 材料科学：综合",3 [179/436],,,,,,
IEEE Journal on Multiscale and Multiphysics Computational Techniques,2025,2379-8793/2379-8793,否,否,否,ESCI,1.5,,工程技术,3 [425/1437],否,二级," ENGINEERING, ELECTRICAL & ELECTRONIC 工程：电子与电气",3 [152/352],,,,,,,,,,
Aerospace,2025,2226-4310/2226-4310,否,否,是,SCIE,2.2,,工程技术,3 [426/1437],否,二级," ENGINEERING, AEROSPACE 工程：宇航",3 [15/53],,,,,,,,,,
International Journal of Naval Architecture and Ocean Engineering,2025,2092-6782/2092-6790,否,否,是,SCIE,3.9,,工程技术,3 [427/1437],否,二级," ENGINEERING, MARINE 工程：海洋",3 [7/26],,,,,,,,,,
EXPERIMENTAL HEAT TRANSFER,2025,0891-6152/1521-0480,否,否,否,SCIE,2.9,,工程技术,3 [428/1437],否,二级," ENGINEERING, MECHANICAL 工程：机械",3 [61/181], THERMODYNAMICS 热力学,3 [26/78],,,,,,,,
Renewable Energy Focus,2025,1755-0084/1878-0229,否,否,否,ESCI,5.9,,工程技术,3 [429/1437],否,二级, ENERGY & FUELS 能源与燃料,4 [88/171],,,,,,,,,,
APSIPA Transactions on Signal and Information Processing,2025,2048-7703/2048-7703,否,否,是,ESCI,3.2,,工程技术,3 [430/1437],否,二级," ENGINEERING, ELECTRICAL & ELECTRONIC 工程：电子与电气",3 [153/352],,,,,,,,,,
Systems Engineering,2025,1098-1241/1520-6858,否,否,否,SCIE,1.6,,工程技术,3 [431/1437],否,二级, OPERATIONS RESEARCH & MANAGEMENT SCIENCE 运筹学与管理科学,3 [46/106]," ENGINEERING, INDUSTRIAL 工程：工业",4 [38/70],,,,,,,,
JOURNAL OF CELLULAR PLASTICS,2025,0021-955X/1530-7999,否,否,否,SCIE,3,,工程技术,3 [432/1437],否,二级, POLYMER SCIENCE 高分子科学,2 [26/94]," CHEMISTRY, APPLIED 应用化学",3 [27/74],,,,,,,,
INDUSTRIAL & ENGINEERING CHEMISTRY RESEARCH,2025,0888-5885/1520-5045,否,否,否,SCIE,3.9,,工程技术,3 [433/1437],否,二级," ENGINEERING, CHEMICAL 工程：化工",3 [65/169],,,,,,,,,,
Journal of Intelligent Transportation Systems,2025,1547-2450/1547-2442,否,否,否,SSCI;SCIE,2.8,,工程技术,3 [434/1437],否,二级, TRANSPORTATION 交通运输,4 [38/58], TRANSPORTATION SCIENCE & TECHNOLOGY 运输科技,4 [33/71],,,,,,,,
STEEL AND COMPOSITE STRUCTURES,2025,1229-9367/1598-6233,否,否,否,SCIE,3.9,,工程技术,3 [435/1437],否,二级, CONSTRUCTION & BUILDING TECHNOLOGY 结构与建筑技术,3 [27/91]," ENGINEERING, CIVIL 工程：土木",3 [56/180]," MATERIALS SCIENCE, COMPOSITES 材料科学：复合",3 [14/35],,,,,,
Case Studies on Transport Policy,2025,2213-624X/2213-6258,否,否,否,ESCI,3.3,,工程技术,3 [436/1437],否,二级, TRANSPORTATION 交通运输,4 [39/58],,,,,,,,,,
AIAA JOURNAL,2025,0001-1452/1533-385X,否,否,否,SCIE,2.8,,工程技术,3 [437/1437],否,二级," ENGINEERING, AEROSPACE 工程：宇航",3 [16/53],,,,,,,,,,
International Journal of Mining Reclamation and Environment,2025,1748-0930/1748-0949,否,否,否,SCIE,2.6,,工程技术,3 [438/1437],否,二级, ENVIRONMENTAL SCIENCES 环境科学,3 [168/357], MINING & MINERAL PROCESSING 矿业与矿物加工,3 [9/32],,,,,,,,
JOURNAL OF POLYMERS AND THE ENVIRONMENT,2025,1566-2543/1572-8919,否,否,否,SCIE,5,,工程技术,3 [439/1437],否,二级, POLYMER SCIENCE 高分子科学,3 [29/94]," ENGINEERING, ENVIRONMENTAL 工程：环境",4 [41/80],,,,,,,,
MACHINING SCIENCE AND TECHNOLOGY,2025,1091-0344/1532-2483,否,否,否,SCIE,2.6,,工程技术,3 [440/1437],否,二级," ENGINEERING, MECHANICAL 工程：机械",3 [62/181]," MATERIALS SCIENCE, MULTIDISCIPLINARY 材料科学：综合",3 [183/436]," ENGINEERING, MANUFACTURING 工程：制造",4 [34/70],,,,,,
TRANSPORT IN POROUS MEDIA,2025,0169-3913/1573-1634,否,否,否,SCIE,2.6,,工程技术,3 [441/1437],否,二级," ENGINEERING, CHEMICAL 工程：化工",3 [66/169],,,,,,,,,,
International Journal of Applied Mechanics,2025,1758-8251/1758-826X,否,否,否,SCIE,2.6,,工程技术,3 [442/1437],否,二级, MECHANICS 力学,3 [65/171],,,,,,,,,,
RHEOLOGICA ACTA,2025,0035-4511/1435-1528,否,否,否,SCIE,3,,工程技术,3 [443/1437],否,二级, MECHANICS 力学,3 [66/171],,,,,,,,,,
Construction Innovation-England,2025,1471-4175/1477-0857,否,否,否,ESCI,3.5,,工程技术,3 [444/1437],否,二级, CONSTRUCTION & BUILDING TECHNOLOGY 结构与建筑技术,3 [28/91],,,,,,,,,,
MEASUREMENT SCIENCE and TECHNOLOGY,2025,0957-0233/1361-6501,否,否,否,SCIE,3.4,,工程技术,3 [445/1437],否,二级," ENGINEERING, MULTIDISCIPLINARY 工程：综合",3 [46/179], INSTRUMENTS & INSTRUMENTATION 仪器仪表,3 [29/76],,,,,,,,
ACS Engineering Au,2025,2694-2488/2694-2488,否,否,是,ESCI,5.1,,工程技术,3 [446/1437],否,二级," ENGINEERING, CHEMICAL 工程：化工",3 [67/169],,,,,,,,,,
JOURNAL OF SEPARATION SCIENCE,2025,1615-9306/1615-9314,否,否,否,SCIE,2.8,,工程技术,3 [447/1437],否,二级," CHEMISTRY, ANALYTICAL 分析化学",3 [40/106],,,,,,,,,,
Advanced Modeling and Simulation in Engineering Sciences,2025,2213-7467/2213-7467,否,否,是,ESCI,3.2,,工程技术,3 [448/1437],否,二级, MECHANICS 力学,3 [67/171],,,,,,,,,,
FUSION ENGINEERING AND DESIGN,2025,0920-3796/1873-7196,否,否,否,SCIE,2,,工程技术,3 [449/1437],否,二级, NUCLEAR SCIENCE & TECHNOLOGY 核科学技术,2 [9/41],,,,,,,,,,
ANNALS OF NUCLEAR ENERGY,2025,0306-4549/1873-2100,否,否,否,SCIE,2.3,,工程技术,3 [450/1437],否,二级, NUCLEAR SCIENCE & TECHNOLOGY 核科学技术,3 [10/41],,,,,,,,,,
Nanotechnology and Precision Engineering,2025,1672-6030/2589-5540,否,否,是,ESCI,2.7,,工程技术,3 [451/1437],否,二级," MATERIALS SCIENCE, MULTIDISCIPLINARY 材料科学：综合",3 [189/436]," PHYSICS, APPLIED 物理：应用",3 [71/178], NANOSCIENCE & NANOTECHNOLOGY 纳米科技,4 [66/139],,,,,,
JOURNAL OF HYDRAULIC RESEARCH,2025,0022-1686/1814-2079,否,否,否,SCIE,1.7,,工程技术,3 [452/1437],否,二级," ENGINEERING, CIVIL 工程：土木",3 [57/180], WATER RESOURCES 水资源,3 [47/124],,,,,,,,
FLOW TURBULENCE AND COMBUSTION,2025,1386-6184/1573-1987,否,否,否,SCIE,2.4,,工程技术,3 [453/1437],否,二级, MECHANICS 力学,3 [68/171], THERMODYNAMICS 热力学,3 [28/78],,,,,,,,
NUMERICAL HEAT TRANSFER PART A-APPLICATIONS,2025,1040-7782/1521-0634,否,否,否,SCIE,3.5,2025年《国际期刊预警名单》,工程技术,3 [454/1437],否,二级, MECHANICS 力学,3 [69/171], THERMODYNAMICS 热力学,3 [29/78],,,,,,,,
Journal of Mining Institute,2025,2411-3336/2541-9404,否,否,是,ESCI,2.9,,工程技术,3 [455/1437],否,二级, MINING & MINERAL PROCESSING 矿业与矿物加工,3 [10/32],,,,,,,,,,
NUCLEAR ENGINEERING AND DESIGN,2025,0029-5493/1872-759X,否,否,否,SCIE,2.1,,工程技术,3 [456/1437],否,二级, NUCLEAR SCIENCE & TECHNOLOGY 核科学技术,3 [11/41],,,,,,,,,,
International Journal of Pavement Engineering,2025,1029-8436/1477-268X,否,否,否,SCIE,3.3,,工程技术,3 [457/1437],否,二级, CONSTRUCTION & BUILDING TECHNOLOGY 结构与建筑技术,3 [29/91]," ENGINEERING, CIVIL 工程：土木",3 [58/180]," MATERIALS SCIENCE, CHARACTERIZATION & TESTING 材料科学：表征与测试",3 [11/38],,,,,,
MICROELECTRONIC ENGINEERING,2025,0167-9317/1873-5568,否,否,否,SCIE,3.1,,工程技术,3 [458/1437],否,二级," ENGINEERING, ELECTRICAL & ELECTRONIC 工程：电子与电气",3 [159/352], OPTICS 光学,3 [49/119]," PHYSICS, APPLIED 物理：应用",3 [73/178], NANOSCIENCE & NANOTECHNOLOGY 纳米科技,4 [71/139],,,,
Computational Particle Mechanics,2025,2196-4378/2196-4386,否,否,否,SCIE,2.8,,工程技术,3 [459/1437],否,二级," MATHEMATICS, INTERDISCIPLINARY APPLICATIONS 数学跨学科应用",3 [57/136], MECHANICS 力学,3 [71/171],,,,,,,,
Mining of Mineral Deposits,2025,2415-3435/2415-3443,否,否,否,ESCI,2.9,,工程技术,3 [460/1437],否,二级, MINING & MINERAL PROCESSING 矿业与矿物加工,3 [11/32],,,,,,,,,,
Flow,2025,2633-4259/2633-4259,否,否,是,ESCI,2.2,,工程技术,3 [461/1437],否,二级, MECHANICS 力学,3 [72/171]," PHYSICS, FLUIDS & PLASMAS 物理：流体与等离子体",3 [18/40],,,,,,,,
IEEE Transactions on Components Packaging and Manufacturing Technology,2025,2156-3950/2156-3985,否,否,否,SCIE,3,,工程技术,3 [462/1437],否,二级," ENGINEERING, ELECTRICAL & ELECTRONIC 工程：电子与电气",3 [160/352]," MATERIALS SCIENCE, MULTIDISCIPLINARY 材料科学：综合",3 [196/436]," ENGINEERING, MANUFACTURING 工程：制造",4 [35/70],,,,,,
Journal of Information Technology in Construction,2025,1874-4753/1874-4753,否,否,是,ESCI,3.8,,工程技术,3 [463/1437],否,二级," ENGINEERING, CIVIL 工程：土木",3 [59/180],,,,,,,,,,
JOURNAL OF TRIBOLOGY-TRANSACTIONS OF THE ASME,2025,0742-4787/1528-8897,否,否,否,SCIE,3,,工程技术,3 [464/1437],否,二级," ENGINEERING, MECHANICAL 工程：机械",3 [66/181],,,,,,,,,,
INTERNATIONAL JOURNAL OF THERMOPHYSICS,2025,0195-928X/1572-9567,否,否,否,SCIE,2.9,,工程技术,3 [465/1437],否,二级," CHEMISTRY, PHYSICAL 物理化学",3 [44/104], MECHANICS 力学,3 [74/171]," PHYSICS, APPLIED 物理：应用",3 [74/178], THERMODYNAMICS 热力学,3 [30/78],,,,
JOURNAL OF HYDRAULIC ENGINEERING,2025,0733-9429/1943-7900,否,否,否,SCIE,2.8,,工程技术,3 [466/1437],否,二级," ENGINEERING, CIVIL 工程：土木",3 [60/180]," ENGINEERING, MECHANICAL 工程：机械",3 [67/181], WATER RESOURCES 水资源,3 [49/124],,,,,,
ENVIRONMENTAL FLUID MECHANICS,2025,1567-7419/1573-1510,否,否,否,SCIE,2.1,,工程技术,3 [467/1437],否,二级, MECHANICS 力学,3 [75/171], OCEANOGRAPHY 海洋学,3 [35/66], WATER RESOURCES 水资源,3 [50/124], ENVIRONMENTAL SCIENCES 环境科学,4 [183/357], METEOROLOGY & ATMOSPHERIC SCIENCES 气象与大气科学,4 [60/109],,
JOURNAL OF EARTHQUAKE ENGINEERING,2025,1363-2469/1559-808X,否,否,否,SCIE,2.7,,工程技术,3 [468/1437],否,二级," ENGINEERING, CIVIL 工程：土木",3 [61/180]," ENGINEERING, GEOLOGICAL 工程：地质",4 [29/65]," GEOSCIENCES, MULTIDISCIPLINARY 地球科学：综合",4 [131/258],,,,,,
International Journal of Mechanical System Dynamics,2025,2767-1399/2767-1402,否,否,是,ESCI,3.6,,工程技术,3 [469/1437],否,二级," ENGINEERING, MECHANICAL 工程：机械",3 [68/181], MECHANICS 力学,3 [76/171],,,,,,,,
Applied Radiation and Isotopes,2025,0969-8043/1872-9800,否,否,否,SCIE,1.8,,工程技术,3 [470/1437],否,二级," CHEMISTRY, INORGANIC & NUCLEAR 无机化学与核化学",2 [13/44], NUCLEAR SCIENCE & TECHNOLOGY 核科学技术,3 [12/41]," RADIOLOGY, NUCLEAR MEDICINE & MEDICAL IMAGING 核医学",4 [101/206],,,,,,
IEEE Open Access Journal of Power and Energy,2025,2687-7910/2687-7910,否,否,是,ESCI,3.2,,工程技术,3 [471/1437],否,二级, ENERGY & FUELS 能源与燃料,4 [91/171]," ENGINEERING, ELECTRICAL & ELECTRONIC 工程：电子与电气",4 [168/352],,,,,,,,
POLYMER ENGINEERING AND SCIENCE,2025,0032-3888/1548-2634,否,否,否,SCIE,3.2,,工程技术,3 [472/1437],否,二级," ENGINEERING, CHEMICAL 工程：化工",3 [69/169], POLYMER SCIENCE 高分子科学,3 [32/94],,,,,,,,
International Journal of Sustainable Transportation,2025,1556-8318/1556-8334,否,否,否,SSCI,3.9,,工程技术,3 [473/1437],否,二级, ENVIRONMENTAL STUDIES 环境研究,4 [121/183], GREEN & SUSTAINABLE SCIENCE & TECHNOLOGY 绿色可持续发展技术,4 [57/91], TRANSPORTATION 交通运输,4 [40/58],,,,,,
Road Materials and Pavement Design,2025,1468-0629/2164-7402,否,否,否,SCIE,3,,工程技术,3 [474/1437],否,二级, CONSTRUCTION & BUILDING TECHNOLOGY 结构与建筑技术,3 [30/91]," ENGINEERING, CIVIL 工程：土木",3 [62/180]," MATERIALS SCIENCE, MULTIDISCIPLINARY 材料科学：综合",4 [204/436],,,,,,
INTERNATIONAL JOURNAL OF ADVANCED MANUFACTURING TECHNOLOGY,2025,0268-3768/1433-3015,否,否,否,SCIE,3.1,,工程技术,3 [475/1437],否,二级, AUTOMATION & CONTROL SYSTEMS 自动化与控制系统,4 [39/83]," ENGINEERING, MANUFACTURING 工程：制造",4 [36/70],,,,,,,,
THEORETICAL AND COMPUTATIONAL FLUID DYNAMICS,2025,0935-4964/1432-2250,否,否,否,SCIE,2.8,,工程技术,3 [476/1437],否,二级, MECHANICS 力学,3 [77/171]," PHYSICS, FLUIDS & PLASMAS 物理：流体与等离子体",3 [19/40],,,,,,,,
Architectural Engineering and Design Management,2025,1745-2007/1752-7589,否,否,否,SCIE,2.5,,工程技术,3 [477/1437],否,二级, CONSTRUCTION & BUILDING TECHNOLOGY 结构与建筑技术,3 [31/91]," ENGINEERING, CIVIL 工程：土木",3 [63/180],,,,,,,,
JOURNAL OF THE AUDIO ENGINEERING SOCIETY,2025,1549-4950/1549-4950,否,否,否,SCIE,1.6,,工程技术,3 [478/1437],否,二级, ACOUSTICS 声学,3 [15/40]," ENGINEERING, MULTIDISCIPLINARY 工程：综合",3 [48/179],,,,,,,,
Journal of Public Transportation,2025,1077-291X/2375-0901,否,否,是,SSCI,3.7,,工程技术,3 [479/1437],否,二级, TRANSPORTATION 交通运输,4 [41/58],,,,,,,,,,
Sustainable and Resilient Infrastructure,2025,2378-9689/2378-9697,否,否,否,ESCI,2.2,,工程技术,3 [480/1437],否,二级," ENGINEERING, CIVIL 工程：土木",3 [64/180],,,,,,,,,,
Eksploatacja i Niezawodnosc-Maintenance and Reliability,2025,1507-2711/1507-2711,否,否,是,SCIE,3.1,,工程技术,3 [481/1437],否,二级," ENGINEERING, MULTIDISCIPLINARY 工程：综合",4 [49/179],,,,,,,,,,
IEEE JOURNAL OF QUANTUM ELECTRONICS,2025,0018-9197/1558-1713,否,否,否,SCIE,2.1,,工程技术,3 [482/1437],否,二级, OPTICS 光学,3 [50/119]," PHYSICS, APPLIED 物理：应用",3 [75/178]," ENGINEERING, ELECTRICAL & ELECTRONIC 工程：电子与电气",4 [169/352], QUANTUM SCIENCE & TECHNOLOGY 量子科技,4 [15/26],,,,
DRYING TECHNOLOGY,2025,0737-3937/1532-2300,否,否,否,SCIE,2.7,,工程技术,3 [483/1437],否,二级," ENGINEERING, CHEMICAL 工程：化工",3 [70/169]," ENGINEERING, MECHANICAL 工程：机械",3 [69/181],,,,,,,,
IMA Journal of Management Mathematics,2025,1471-678X/1471-6798,否,否,否,SSCI;SCIE,4.3,,工程技术,3 [484/1437],否,二级, MANAGEMENT 管理学,4 [245/404]," MATHEMATICS, INTERDISCIPLINARY APPLICATIONS 数学跨学科应用",4 [63/136], OPERATIONS RESEARCH & MANAGEMENT SCIENCE 运筹学与管理科学,4 [52/106]," SOCIAL SCIENCES, MATHEMATICAL METHODS 社会科学：数理方法",4 [35/67],,,,
Flexible Services and Manufacturing Journal,2025,1936-6582/1936-6590,否,否,否,SCIE,3.2,,工程技术,3 [485/1437],否,二级," ENGINEERING, INDUSTRIAL 工程：工业",4 [39/70]," ENGINEERING, MANUFACTURING 工程：制造",4 [37/70], OPERATIONS RESEARCH & MANAGEMENT SCIENCE 运筹学与管理科学,4 [53/106],,,,,,
JOURNAL OF MATERIALS IN CIVIL ENGINEERING,2025,0899-1561/1943-5533,否,否,否,SCIE,3,,工程技术,3 [486/1437],否,二级, CONSTRUCTION & BUILDING TECHNOLOGY 结构与建筑技术,3 [32/91]," ENGINEERING, CIVIL 工程：土木",3 [65/180]," MATERIALS SCIENCE, MULTIDISCIPLINARY 材料科学：综合",4 [206/436],,,,,,
Urban Science,2025,2413-8851/2413-8851,否,否,是,ESCI,2.9,,工程技术,3 [487/1437],否,二级, ENVIRONMENTAL SCIENCES 环境科学,4 [191/357], ENVIRONMENTAL STUDIES 环境研究,4 [123/183], GEOGRAPHY 地理学,4 [82/171], REGIONAL & URBAN PLANNING 区域与城市规划,4 [41/54], URBAN STUDIES 城市研究,4 [46/77],,
Vibration,2025,2571-631X/2571-631X,否,否,是,ESCI,1.6,,工程技术,3 [488/1437],否,二级," ENGINEERING, MECHANICAL 工程：机械",3 [70/181], MECHANICS 力学,4 [78/171],,,,,,,,
ULTRAMICROSCOPY,2025,0304-3991/1879-2723,否,否,否,SCIE,2,,工程技术,3 [489/1437],否,二级, MICROSCOPY 显微镜技术,1 [1/8],,,,,,,,,,
EXPERIMENTAL MECHANICS,2025,0014-4851/1741-2765,否,否,否,SCIE,2.4,,工程技术,3 [490/1437],否,二级," MATERIALS SCIENCE, CHARACTERIZATION & TESTING 材料科学：表征与测试",3 [12/38]," MATERIALS SCIENCE, MULTIDISCIPLINARY 材料科学：综合",4 [210/436], MECHANICS 力学,4 [79/171],,,,,,
JOURNAL OF AIRCRAFT,2025,0021-8669/1533-3868,否,否,否,SCIE,2.1,,工程技术,3 [491/1437],否,二级," ENGINEERING, AEROSPACE 工程：宇航",3 [17/53],,,,,,,,,,
Data-Centric Engineering,2025,2632-6736/2632-6736,否,否,是,ESCI,2.8,,工程技术,3 [492/1437],否,二级," COMPUTER SCIENCE, ARTIFICIAL INTELLIGENCE 计算机：人工智能",4 [109/196]," COMPUTER SCIENCE, INTERDISCIPLINARY APPLICATIONS 计算机：跨学科应用",4 [96/172]," ENGINEERING, MULTIDISCIPLINARY 工程：综合",4 [50/179],,,,,,
ASCE-ASME Journal of Risk and Uncertainty in Engineering Systems Part A-Civil Engineering,2025,2376-7642/2376-7642,否,否,否,SCIE,2.7,,工程技术,3 [493/1437],否,二级," ENGINEERING, CIVIL 工程：土木",3 [66/180],,,,,,,,,,
JOURNAL OF ELECTROSTATICS,2025,0304-3886/1873-5738,否,否,否,SCIE,2.1,,工程技术,3 [494/1437],否,二级," ENGINEERING, ELECTRICAL & ELECTRONIC 工程：电子与电气",4 [171/352],,,,,,,,,,
CRYOGENICS,2025,0011-2275/1879-2235,否,否,否,SCIE,2.1,,工程技术,3 [495/1437],否,二级," PHYSICS, APPLIED 物理：应用",3 [81/178], THERMODYNAMICS 热力学,3 [31/78],,,,,,,,
International Journal of Architectural Heritage,2025,1558-3058/1558-3066,否,否,否,AHCISCIE,2.4,,工程技术,3 [496/1437],否,二级, ARCHITECTURE 建筑学,2 [8/94], CONSTRUCTION & BUILDING TECHNOLOGY 结构与建筑技术,3 [33/91]," ENGINEERING, CIVIL 工程：土木",3 [68/180],,,,,,
MECHANICS BASED DESIGN OF STRUCTURES AND MACHINES,2025,1539-7734/1539-7742,否,否,否,SCIE,2.9,,工程技术,3 [497/1437],否,二级, MECHANICS 力学,4 [82/171],,,,,,,,,,
ACTA MECHANICA,2025,0001-5970/1619-6937,否,否,否,SCIE,2.9,,工程技术,3 [498/1437],否,二级, MECHANICS 力学,4 [83/171],,,,,,,,,,
Advances in Industrial and Manufacturing Engineering,2025,2666-9129/2666-9129,否,否,是,ESCI,6,,工程技术,3 [499/1437],否,二级," ENGINEERING, INDUSTRIAL 工程：工业",4 [40/70]," ENGINEERING, MANUFACTURING 工程：制造",4 [38/70],,,,,,,,
Infrastructures,2025,2412-3811/2412-3811,否,否,是,ESCI,2.9,,工程技术,3 [500/1437],否,二级, CONSTRUCTION & BUILDING TECHNOLOGY 结构与建筑技术,3 [34/91]," ENGINEERING, CIVIL 工程：土木",3 [69/180], TRANSPORTATION SCIENCE & TECHNOLOGY 运输科技,4 [34/71],,,,,,
JOURNAL OF THE AMERICAN HELICOPTER SOCIETY,2025,0002-8711/2161-6027,否,否,否,SCIE,1.4,,工程技术,3 [501/1437],否,二级," ENGINEERING, AEROSPACE 工程：宇航",3 [18/53],,,,,,,,,,
JOURNAL OF APPLIED MECHANICS-TRANSACTIONS OF THE ASME,2025,0021-8936/1528-9036,否,否,否,SCIE,2.8,,工程技术,3 [502/1437],否,二级, MECHANICS 力学,4 [84/171],,,,,,,,,,
International Journal of Design,2025,1991-3761/1994-036X,否,否,是,SSCI;AHCISCIE,1.9,,工程技术,3 [503/1437],否,二级, ART 艺术,3 [27/144]," ENGINEERING, MANUFACTURING 工程：制造",4 [39/70]," ENGINEERING, MULTIDISCIPLINARY 工程：综合",4 [52/179]," SOCIAL SCIENCES, INTERDISCIPLINARY 社会科学：跨领域",4 [120/263],,,,
JOURNAL OF COMPUTING AND INFORMATION SCIENCE IN ENGINEERING,2025,1530-9827/1944-7078,否,否,否,SCIE,3.3,,工程技术,3 [504/1437],否,二级," COMPUTER SCIENCE, INTERDISCIPLINARY APPLICATIONS 计算机：跨学科应用",4 [99/172]," ENGINEERING, MANUFACTURING 工程：制造",4 [40/70],,,,,,,,
IISE Transactions,2025,2472-5854/2472-5862,否,否,否,SCIE,2.3,,工程技术,3 [505/1437],否,二级," ENGINEERING, INDUSTRIAL 工程：工业",4 [41/70], OPERATIONS RESEARCH & MANAGEMENT SCIENCE 运筹学与管理科学,4 [57/106],,,,,,,,
INTERNATIONAL JOURNAL OF CIRCUIT THEORY AND APPLICATIONS,2025,0098-9886/1097-007X,否,否,否,SCIE,1.6,,工程技术,3 [506/1437],否,二级," ENGINEERING, ELECTRICAL & ELECTRONIC 工程：电子与电气",4 [175/352],,,,,,,,,,
Actuators,2025,2076-0825/2076-0825,否,否,是,SCIE,2.3,,工程技术,3 [507/1437],否,二级," ENGINEERING, MECHANICAL 工程：机械",3 [71/181], INSTRUMENTS & INSTRUMENTATION 仪器仪表,3 [31/76],,,,,,,,
JOURNAL OF HYDROINFORMATICS,2025,1464-7141/1465-1734,否,否,是,SCIE,,,工程技术,3 [508/1437],否,二级," ENGINEERING, CIVIL 工程：土木",3 [70/180]," COMPUTER SCIENCE, INTERDISCIPLINARY APPLICATIONS 计算机：跨学科应用",4 [100/172], ENVIRONMENTAL SCIENCES 环境科学,4 [200/357], WATER RESOURCES 水资源,4 [60/124],,,,
JOURNAL OF MANUFACTURING SCIENCE AND ENGINEERING-TRANSACTIONS OF THE ASME,2025,1087-1357/1528-8935,否,否,否,SCIE,2.9,,工程技术,3 [509/1437],否,二级," ENGINEERING, MECHANICAL 工程：机械",3 [72/181]," ENGINEERING, MANUFACTURING 工程：制造",4 [41/70],,,,,,,,
JOURNAL OF CHEMICAL AND ENGINEERING DATA,2025,0021-9568/1520-5134,否,否,否,SCIE,2.1,,工程技术,3 [510/1437],否,二级," CHEMISTRY, MULTIDISCIPLINARY 化学：综合",3 [99/230]," ENGINEERING, CHEMICAL 工程：化工",3 [73/169], THERMODYNAMICS 热力学,3 [32/78],,,,,,
JOURNAL OF NUCLEAR SCIENCE AND TECHNOLOGY,2025,0022-3131/1881-1248,否,否,否,SCIE,1.7,,工程技术,3 [511/1437],否,二级, NUCLEAR SCIENCE & TECHNOLOGY 核科学技术,3 [14/41],,,,,,,,,,
INTERNATIONAL JOURNAL OF MODELLING AND SIMULATION,2025,0228-6203/1925-7082,否,否,否,ESCI,3.9,,工程技术,3 [512/1437],否,二级," ENGINEERING, MULTIDISCIPLINARY 工程：综合",4 [53/179]," MATHEMATICS, INTERDISCIPLINARY APPLICATIONS 数学跨学科应用",4 [68/136],,,,,,,,
MICROSCOPY RESEARCH AND TECHNIQUE,2025,1059-910X/1097-0029,否,否,否,SCIE,2.1,,工程技术,3 [513/1437],否,二级, MICROSCOPY 显微镜技术,2 [2/8], ANATOMY & MORPHOLOGY 解剖学与形态学,3 [10/22], BIOLOGY 生物学,4 [52/109],,,,,,
IEEE TRANSACTIONS ON MAGNETICS,2025,0018-9464/1941-0069,否,否,否,SCIE,1.9,,工程技术,3 [514/1437],否,二级," PHYSICS, APPLIED 物理：应用",3 [82/178]," ENGINEERING, ELECTRICAL & ELECTRONIC 工程：电子与电气",4 [176/352],,,,,,,,
Enterprise Modelling and Information Systems Architectures-An International Journal,2025,1866-3621/1866-3621,否,否,是,ESCI,4.1,,工程技术,3 [515/1437],否,二级," ENGINEERING, INDUSTRIAL 工程：工业",4 [42/70],,,,,,,,,,
NETWORKS & SPATIAL ECONOMICS,2025,1566-113X/1572-9427,否,否,否,SCIE,1.5,,工程技术,3 [516/1437],否,二级, OPERATIONS RESEARCH & MANAGEMENT SCIENCE 运筹学与管理科学,4 [58/106], TRANSPORTATION SCIENCE & TECHNOLOGY 运输科技,4 [35/71],,,,,,,,
MICRON,2025,0968-4328/1878-4291,否,否,否,SCIE,2.2,,工程技术,3 [517/1437],否,二级, MICROSCOPY 显微镜技术,3 [3/8],,,,,,,,,,
Frontiers of Structural and Civil Engineering,2025,2095-2430/2095-2449,否,否,否,SCIE,3.1,,工程技术,3 [518/1437],否,二级," ENGINEERING, CIVIL 工程：土木",3 [71/180],,,,,,,,,,
Transportation Infrastructure Geotechnology,2025,2196-7202/2196-7210,否,否,否,ESCI,2.3,,工程技术,3 [519/1437],否,二级," ENGINEERING, CIVIL 工程：土木",3 [72/180]," ENGINEERING, GEOLOGICAL 工程：地质",4 [30/65],,,,,,,,
JOURNAL OF SURVEYING ENGINEERING,2025,0733-9453/1943-5428,否,否,否,SCIE,1.6,,工程技术,3 [520/1437],否,二级," ENGINEERING, CIVIL 工程：土木",3 [73/180],,,,,,,,,,
Structural Concrete,2025,1464-4177/1751-7648,否,否,否,SCIE,3.3,,工程技术,3 [521/1437],否,二级, CONSTRUCTION & BUILDING TECHNOLOGY 结构与建筑技术,3 [35/91]," ENGINEERING, CIVIL 工程：土木",3 [74/180],,,,,,,,
Traffic Injury Prevention,2025,1538-9588/1538-957X,否,否,否,SSCI;SCIE,1.9,,工程技术,3 [522/1437],否,二级," PUBLIC, ENVIRONMENTAL & OCCUPATIONAL HEALTH 公共卫生、环境卫生与职业卫生",4 [237/404], TRANSPORTATION 交通运输,4 [42/58],,,,,,,,
Micromachines,2025,2072-666X/2072-666X,否,否,是,SCIE,3,,工程技术,3 [523/1437],否,二级," CHEMISTRY, ANALYTICAL 分析化学",3 [48/106], INSTRUMENTS & INSTRUMENTATION 仪器仪表,3 [33/76]," PHYSICS, APPLIED 物理：应用",3 [83/178], NANOSCIENCE & NANOTECHNOLOGY 纳米科技,4 [76/139],,,,
ARCHIVE OF APPLIED MECHANICS,2025,0939-1533/1432-0681,否,否,否,SCIE,2.5,,工程技术,3 [524/1437],否,二级, MECHANICS 力学,4 [86/171],,,,,,,,,,
Journal of Applied and Computational Mechanics,2025,2383-4536/2383-4536,否,否,是,ESCI,3.4,,工程技术,3 [525/1437],否,二级, MECHANICS 力学,4 [87/171],,,,,,,,,,
Frontiers of Chemical Science and Engineering,2025,2095-0179/2095-0187,否,否,否,SCIE,4.5,,工程技术,3 [526/1437],否,二级," ENGINEERING, CHEMICAL 工程：化工",3 [75/169],,,,,,,,,,
IEEE Journal of the Electron Devices Society,2025,2168-6734/2168-6734,否,否,是,SCIE,2.4,,工程技术,3 [527/1437],否,二级," ENGINEERING, ELECTRICAL & ELECTRONIC 工程：电子与电气",4 [177/352],,,,,,,,,,
INTERNATIONAL JOURNAL OF FRACTURE,2025,0376-9429/1573-2673,否,否,否,SCIE,2.5,,工程技术,3 [528/1437],否,二级," MATERIALS SCIENCE, MULTIDISCIPLINARY 材料科学：综合",4 [217/436], MECHANICS 力学,4 [88/171],,,,,,,,
QUEUEING SYSTEMS,2025,0257-0130/1572-9443,否,否,否,SCIE,0.7,,工程技术,3 [529/1437],否,二级," COMPUTER SCIENCE, INTERDISCIPLINARY APPLICATIONS 计算机：跨学科应用",4 [102/172], OPERATIONS RESEARCH & MANAGEMENT SCIENCE 运筹学与管理科学,4 [60/106],,,,,,,,
CIRCUITS SYSTEMS AND SIGNAL PROCESSING,2025,0278-081X/1531-5878,否,否,否,SCIE,2,,工程技术,3 [530/1437],否,二级," ENGINEERING, ELECTRICAL & ELECTRONIC 工程：电子与电气",4 [178/352],,,,,,,,,,
COLOR RESEARCH AND APPLICATION,2025,0361-2317/1520-6378,否,否,否,SCIE,1.4,,工程技术,3 [531/1437],否,二级," CHEMISTRY, APPLIED 应用化学",3 [30/74], IMAGING SCIENCE & PHOTOGRAPHIC TECHNOLOGY 成像科学与照相技术,3 [19/35], OPTICS 光学,3 [56/119],,,,,,
APPLICABLE ALGEBRA IN ENGINEERING COMMUNICATION AND COMPUTING,2025,0938-1279/1432-0622,否,否,否,SCIE,0.6,,工程技术,3 [532/1437],否,二级," COMPUTER SCIENCE, INTERDISCIPLINARY APPLICATIONS 计算机：跨学科应用",4 [105/172]," COMPUTER SCIENCE, THEORY & METHODS 计算机：理论方法",4 [85/143]," MATHEMATICS, APPLIED 应用数学",4 [184/330],,,,,,
Journal of Natural Fibers,2025,1544-0478/1544-046X,否,否,是,SCIE,3.1,,工程技术,3 [533/1437],否,二级," MATERIALS SCIENCE, TEXTILES 材料科学：纺织",2 [6/30],,,,,,,,,,
Urban Rail Transit,2025,2199-6687/2199-6679,否,否,是,ESCI,2.9,,工程技术,3 [534/1437],否,二级, TRANSPORTATION 交通运输,3 [23/58], TRANSPORTATION SCIENCE & TECHNOLOGY 运输科技,3 [30/71],,,,,,,,
Quality Engineering,2025,0898-2112/1532-4222,否,否,否,SCIE,2.2,,工程技术,3 [535/1437],否,二级," ENGINEERING, INDUSTRIAL 工程：工业",4 [43/70], STATISTICS & PROBABILITY 统计学与概率论,4 [91/166],,,,,,,,
Chemical Engineering Journal Advances,2025,2666-8211/2666-8211,否,否,是,ESCI,7.1,,工程技术,3 [536/1437],否,二级," ENGINEERING, CHEMICAL 工程：化工",3 [76/169]," ENGINEERING, ENVIRONMENTAL 工程：环境",4 [45/80],,,,,,,,
International Journal of Geotechnical Engineering,2025,1938-6362/1939-7879,否,否,否,ESCI,1.3,,工程技术,3 [537/1437],否,二级," ENGINEERING, GEOLOGICAL 工程：地质",4 [31/65],,,,,,,,,,
JOURNAL OF ELASTICITY,2025,0374-3535/1573-2681,否,否,否,SCIE,1.4,,工程技术,3 [538/1437],否,二级," ENGINEERING, MULTIDISCIPLINARY 工程：综合",4 [54/179]," MATERIALS SCIENCE, MULTIDISCIPLINARY 材料科学：综合",4 [220/436], MECHANICS 力学,4 [89/171],,,,,,
OPTIMIZATION AND ENGINEERING,2025,1389-4420/1573-2924,否,否,否,SCIE,1.7,,工程技术,3 [539/1437],否,二级," ENGINEERING, MULTIDISCIPLINARY 工程：综合",4 [55/179]," MATHEMATICS, INTERDISCIPLINARY APPLICATIONS 数学跨学科应用",4 [72/136], OPERATIONS RESEARCH & MANAGEMENT SCIENCE 运筹学与管理科学,4 [61/106],,,,,,
TRANSACTIONS OF TIANJIN UNIVERSITY,2025,1006-4982/1995-8196,否,否,否,ESCI,8.5,,工程技术,3 [540/1437],否,二级, ENERGY & FUELS 能源与燃料,3 [75/171]," MATERIALS SCIENCE, MULTIDISCIPLINARY 材料科学：综合",3 [199/436],,,,,,,,
Progress in Additive Manufacturing,2025,2363-9512/2363-9520,否,否,否,ESCI,5.4,,工程技术,3 [541/1437],否,二级," ENGINEERING, MANUFACTURING 工程：制造",4 [42/70]," MATERIALS SCIENCE, MULTIDISCIPLINARY 材料科学：综合",4 [222/436],,,,,,,,
IEEE Power Electronics Magazine,2025,2329-9207/2329-9215,否,否,否,ESCI,2.4,,工程技术,3 [542/1437],否,二级," ENGINEERING, ELECTRICAL & ELECTRONIC 工程：电子与电气",4 [182/352],,,,,,,,,,
Human Factors and Ergonomics in Manufacturing & Service Industries,2025,1090-8471/1520-6564,否,否,否,SSCI;SCIE,2.2,,工程技术,3 [543/1437],否,二级," ENGINEERING, MANUFACTURING 工程：制造",4 [43/70], ERGONOMICS 人体工程学,4 [15/24],,,,,,,,
JOURNAL OF LOW FREQUENCY NOISE VIBRATION AND ACTIVE CONTROL,2025,1461-3484/2048-4046,否,否,是,SCIE,2.4,,工程技术,3 [544/1437],否,二级, ACOUSTICS 声学,4 [18/40],,,,,,,,,,
IEEE Photonics Journal,2025,1943-0655/1943-0647,否,否,是,SCIE,2.4,,工程技术,3 [545/1437],否,二级," PHYSICS, APPLIED 物理：应用",3 [85/178]," ENGINEERING, ELECTRICAL & ELECTRONIC 工程：电子与电气",4 [184/352], OPTICS 光学,4 [63/119],,,,,,
IEEE Power & Energy Magazine,2025,1540-7977/1558-4216,否,否,否,SCIE,2.2,,工程技术,3 [546/1437],否,二级," ENGINEERING, ELECTRICAL & ELECTRONIC 工程：电子与电气",4 [185/352],,,,,,,,,,
MICROELECTRONICS RELIABILITY,2025,0026-2714/1872-941X,否,否,否,SCIE,1.9,,工程技术,3 [547/1437],否,二级," PHYSICS, APPLIED 物理：应用",3 [87/178]," ENGINEERING, ELECTRICAL & ELECTRONIC 工程：电子与电气",4 [186/352], NANOSCIENCE & NANOTECHNOLOGY 纳米科技,4 [78/139],,,,,,
Journal of Electromagnetic Engineering and Science,2025,2671-7255/2671-7263,否,否,是,SCIE,1.7,,工程技术,3 [548/1437],否,二级," ENGINEERING, ELECTRICAL & ELECTRONIC 工程：电子与电气",4 [187/352],,,,,,,,,,
Geomechanics and Engineering,2025,2005-307X/2092-6219,否,否,否,SCIE,2.4,,工程技术,3 [549/1437],否,二级," ENGINEERING, CIVIL 工程：土木",3 [75/180]," ENGINEERING, GEOLOGICAL 工程：地质",4 [32/65],,,,,,,,
Lighting Research & Technology,2025,1477-1535/1477-0938,否,否,否,SCIE,2.2,,工程技术,3 [550/1437],否,二级, CONSTRUCTION & BUILDING TECHNOLOGY 结构与建筑技术,3 [36/91], OPTICS 光学,4 [65/119],,,,,,,,
Molecular Systems Design & Engineering,2025,2058-9689/2058-9689,否,否,否,SCIE,3.2,,工程技术,3 [551/1437],否,二级," CHEMISTRY, PHYSICAL 物理化学",3 [49/104]," MATERIALS SCIENCE, MULTIDISCIPLINARY 材料科学：综合",4 [227/436], NANOSCIENCE & NANOTECHNOLOGY 纳米科技,4 [80/139],,,,,,
OPTICAL AND QUANTUM ELECTRONICS,2025,0306-8919/1572-817X,否,否,否,SCIEOnHold,4,,工程技术,3 [552/1437],否,二级," ENGINEERING, ELECTRICAL & ELECTRONIC 工程：电子与电气",4 [189/352], OPTICS 光学,4 [67/119], QUANTUM SCIENCE & TECHNOLOGY 量子科技,4 [17/26],,,,,,
Technologies,2025,2227-7080/2227-7080,否,否,是,ESCI,3.6,,工程技术,3 [553/1437],否,二级," ENGINEERING, MULTIDISCIPLINARY 工程：综合",4 [56/179],,,,,,,,,,
Chinese Journal of Chemical Engineering,2025,1004-9541/2210-321X,否,否,否,SCIE,3.7,,工程技术,3 [554/1437],否,二级," ENGINEERING, CHEMICAL 工程：化工",3 [77/169],,,,,,,,,,
KOREA-AUSTRALIA RHEOLOGY JOURNAL,2025,1226-119X/2093-7660,否,否,否,SCIE,2.6,,工程技术,3 [555/1437],否,二级, POLYMER SCIENCE 高分子科学,3 [38/94], MECHANICS 力学,4 [91/171],,,,,,,,
JOURNAL OF THERMAL ANALYSIS AND CALORIMETRY,2025,1388-6150/1588-2926,否,否,否,SCIE,3.1,,工程技术,3 [556/1437],否,二级," CHEMISTRY, ANALYTICAL 分析化学",3 [51/106], THERMODYNAMICS 热力学,3 [33/78],,,,,,,,
Advanced Theory and Simulations,2025,2513-0390/2513-0390,否,否,否,SCIE,2.9,,工程技术,3 [557/1437],否,二级, MULTIDISCIPLINARY SCIENCES 综合性期刊,4 [46/131],,,,,,,,,,
Machines,2025,2075-1702/2075-1702,否,否,是,SCIE,2.5,,工程技术,3 [558/1437],否,二级," ENGINEERING, MECHANICAL 工程：机械",3 [74/181]," ENGINEERING, ELECTRICAL & ELECTRONIC 工程：电子与电气",4 [191/352],,,,,,,,
International Journal of Pavement Research and Technology,2025,1996-6814/1997-1400,否,否,否,ESCI,2.5,,工程技术,3 [559/1437],否,二级, CONSTRUCTION & BUILDING TECHNOLOGY 结构与建筑技术,3 [37/91]," ENGINEERING, CIVIL 工程：土木",3 [76/180]," MATERIALS SCIENCE, MULTIDISCIPLINARY 材料科学：综合",4 [228/436],,,,,,
Separations,2025,2297-8739/2297-8739,否,否,是,SCIE,2.7,,工程技术,3 [560/1437],否,二级," CHEMISTRY, ANALYTICAL 分析化学",3 [52/106],,,,,,,,,,
IET Intelligent Transport Systems,2025,1751-956X/1751-9578,否,否,是,SCIE,2.5,,工程技术,3 [561/1437],否,二级," ENGINEERING, ELECTRICAL & ELECTRONIC 工程：电子与电气",4 [193/352], TRANSPORTATION SCIENCE & TECHNOLOGY 运输科技,4 [36/71],,,,,,,,
INTERNATIONAL JOURNAL FOR NUMERICAL METHODS IN FLUIDS,2025,0271-2091/1097-0363,否,否,否,SCIE,1.8,,工程技术,3 [562/1437],否,二级," COMPUTER SCIENCE, INTERDISCIPLINARY APPLICATIONS 计算机：跨学科应用",4 [108/172]," MATHEMATICS, INTERDISCIPLINARY APPLICATIONS 数学跨学科应用",4 [75/136], MECHANICS 力学,4 [92/171]," PHYSICS, FLUIDS & PLASMAS 物理：流体与等离子体",4 [22/40],,,,
PROCEEDINGS OF THE INSTITUTION OF MECHANICAL ENGINEERS PART K-JOURNAL OF MULTI-BODY DYNAMICS,2025,1464-4193/2041-3068,否,否,否,SCIE,1.9,,工程技术,3 [563/1437],否,二级," ENGINEERING, MECHANICAL 工程：机械",3 [75/181], MECHANICS 力学,4 [93/171],,,,,,,,
JOURNAL OF VIBRATION AND CONTROL,2025,1077-5463/1741-2986,否,否,否,SCIE,2.4,,工程技术,3 [564/1437],否,二级," ENGINEERING, MECHANICAL 工程：机械",3 [76/181], ACOUSTICS 声学,4 [20/40], MECHANICS 力学,4 [94/171],,,,,,
Journal of Neutron Research,2025,1023-8166/1477-2655,否,否,否,ESCI,1,,工程技术,3 [565/1437],否,二级, NUCLEAR SCIENCE & TECHNOLOGY 核科学技术,3 [15/41],,,,,,,,,,
EURO Journal on Transportation and Logistics,2025,2192-4376/2192-4384,否,否,是,ESCI,2.7,,工程技术,3 [566/1437],否,二级, OPERATIONS RESEARCH & MANAGEMENT SCIENCE 运筹学与管理科学,4 [67/106], TRANSPORTATION SCIENCE & TECHNOLOGY 运输科技,4 [37/71],,,,,,,,
JOURNAL OF ENERGY RESOURCES TECHNOLOGY-TRANSACTIONS OF THE ASME,2025,0195-0738/1528-8994,否,否,否,SCIE,2.4,,工程技术,3 [567/1437],否,二级, ENERGY & FUELS 能源与燃料,4 [92/171],,,,,,,,,,
MECCANICA,2025,0025-6455/1572-9648,否,否,否,SCIE,2.1,,工程技术,3 [568/1437],否,二级, MECHANICS 力学,4 [95/171],,,,,,,,,,
Transportation Safety and Environment,2025,2631-4428/2631-4428,否,否,是,ESCI,3,中国SCI期刊支持计划,工程技术,3 [569/1437],否,二级, TRANSPORTATION SCIENCE & TECHNOLOGY 运输科技,3 [31/71],,,,,,,,,,
Frontiers of Optoelectronics,2025,2095-2759/2095-2767,否,否,是,ESCI,5.2,中国SCI期刊支持计划,工程技术,3 [570/1437],否,二级," ENGINEERING, ELECTRICAL & ELECTRONIC 工程：电子与电气",3 [161/352],,,,,,,,,,
Frontiers in Energy,2025,2095-1701/2095-1698,否,否,否,SCIE,6.2,中国SCI期刊支持计划,工程技术,3 [571/1437],否,二级, ENERGY & FUELS 能源与燃料,3 [76/171],,,,,,,,,,
Chinese Space Science and Technology,2025,1000-758X/1000-758X,否,否,否,ESCI,0.9,"中英文期刊""同质等效""评价",工程技术,3 [572/1437],否,二级," ENGINEERING, AEROSPACE 工程：宇航",3 [23/53],,,,,,,,,,
MICROSCOPY AND MICROANALYSIS,2025,1431-9276/1435-8115,否,否,否,SCIE,3,,工程技术,4 [573/1437],否,三级," MATERIALS SCIENCE, MULTIDISCIPLINARY 材料科学：综合",4 [231/436], MICROSCOPY 显微镜技术,4 [5/8],,,,,,,,
Environmental Research: Infrastructure and Sustainability,2025,2634-4505/2634-4505,否,否,是,ESCI,3.2,,工程技术,4 [574/1437],否,三级, ENVIRONMENTAL SCIENCES 环境科学,4 [214/357], ENVIRONMENTAL STUDIES 环境研究,4 [133/183], GREEN & SUSTAINABLE SCIENCE & TECHNOLOGY 绿色可持续发展技术,4 [64/91],,,,,,
MECHANICS RESEARCH COMMUNICATIONS,2025,0093-6413/1873-3972,否,否,否,SCIE,2.3,,工程技术,4 [575/1437],否,三级, MECHANICS 力学,4 [96/171],,,,,,,,,,
Journal of Computational and Nonlinear Dynamics,2025,1555-1423/1555-1415,否,否,否,SCIE,2.1,,工程技术,4 [576/1437],否,三级," ENGINEERING, MECHANICAL 工程：机械",4 [77/181], MECHANICS 力学,4 [97/171],,,,,,,,
COMBUSTION THEORY AND MODELLING,2025,1364-7830/1741-3559,否,否,否,SCIE,1.6,,工程技术,4 [577/1437],否,三级," ENGINEERING, CHEMICAL 工程：化工",3 [79/169], THERMODYNAMICS 热力学,3 [34/78], ENERGY & FUELS 能源与燃料,4 [93/171]," MATHEMATICS, INTERDISCIPLINARY APPLICATIONS 数学跨学科应用",4 [77/136],,,,
Green Processing and Synthesis,2025,2191-9542/2191-9550,否,否,是,SCIE,3,,工程技术,4 [578/1437],否,三级," CHEMISTRY, MULTIDISCIPLINARY 化学：综合",3 [106/230]," ENGINEERING, CHEMICAL 工程：化工",3 [80/169], GREEN & SUSTAINABLE SCIENCE & TECHNOLOGY 绿色可持续发展技术,4 [65/91],,,,,,
Journal of Infrastructure Systems,2025,1076-0342/1943-555X,否,否,否,SCIE,2.2,,工程技术,4 [579/1437],否,三级," ENGINEERING, CIVIL 工程：土木",3 [77/180],,,,,,,,,,
European Journal of Transport and Infrastructure Research,2025,1567-7133/1567-7141,否,否,是,SSCI,,,工程技术,4 [580/1437],否,三级, TRANSPORTATION 交通运输,4 [43/58],,,,,,,,,,
IEEE TRANSACTIONS ON NANOTECHNOLOGY,2025,1536-125X/1941-0085,否,否,否,SCIE,2.5,,工程技术,4 [581/1437],否,三级," ENGINEERING, ELECTRICAL & ELECTRONIC 工程：电子与电气",4 [194/352]," MATERIALS SCIENCE, MULTIDISCIPLINARY 材料科学：综合",4 [233/436], NANOSCIENCE & NANOTECHNOLOGY 纳米科技,4 [81/139]," PHYSICS, APPLIED 物理：应用",4 [93/178],,,,
JOURNAL OF URBAN PLANNING AND DEVELOPMENT,2025,0733-9488/1943-5444,否,否,否,SSCI;SCIE,1.9,,工程技术,4 [582/1437],否,三级," ENGINEERING, CIVIL 工程：土木",3 [78/180], REGIONAL & URBAN PLANNING 区域与城市规划,4 [43/54], URBAN STUDIES 城市研究,4 [51/77],,,,,,
Acoustics,2025,2624-599X/2624-599X,否,否,是,ESCI,1.2,,工程技术,4 [583/1437],否,三级, ACOUSTICS 声学,4 [21/40],,,,,,,,,,
IET Nanodielectrics,2025,2514-3255/2514-3255,否,否,是,ESCI,3.8,,工程技术,4 [584/1437],否,三级," ENGINEERING, ELECTRICAL & ELECTRONIC 工程：电子与电气",4 [195/352]," MATERIALS SCIENCE, MULTIDISCIPLINARY 材料科学：综合",4 [234/436], NANOSCIENCE & NANOTECHNOLOGY 纳米科技,4 [82/139],,,,,,
ASME Journal of Heat and Mass Transfer,2025,2832-8450/2832-8469,否,否,否,SCIE,1.8,,工程技术,4 [585/1437],否,三级, THERMODYNAMICS 热力学,3 [35/78]," ENGINEERING, MECHANICAL 工程：机械",4 [78/181],,,,,,,,
Macromolecular Reaction Engineering,2025,1862-832X/1862-8338,否,否,否,SCIE,1.3,,工程技术,4 [586/1437],否,三级," ENGINEERING, CHEMICAL 工程：化工",3 [82/169], POLYMER SCIENCE 高分子科学,3 [40/94],,,,,,,,
Journal of Manufacturing and Materials Processing,2025,2504-4494/2504-4494,否,否,是,ESCI,3.3,,工程技术,4 [587/1437],否,三级," ENGINEERING, MANUFACTURING 工程：制造",4 [46/70]," ENGINEERING, MECHANICAL 工程：机械",4 [79/181]," MATERIALS SCIENCE, MULTIDISCIPLINARY 材料科学：综合",4 [235/436],,,,,,
Digital Chemical Engineering,2025,2772-5081/2772-5081,否,否,是,ESCI,4.1,,工程技术,4 [588/1437],否,三级," ENGINEERING, CHEMICAL 工程：化工",3 [83/169],,,,,,,,,,
APPLIED OPTICS,2025,1559-128X/2155-3165,否,否,否,SCIE,1.7,,工程技术,4 [589/1437],否,三级, OPTICS 光学,4 [68/119],,,,,,,,,,
IEEE TRANSACTIONS ON SEMICONDUCTOR MANUFACTURING,2025,0894-6507/1558-2345,否,否,否,SCIE,2.3,,工程技术,4 [590/1437],否,三级," PHYSICS, CONDENSED MATTER 物理：凝聚态物理",3 [39/78]," ENGINEERING, ELECTRICAL & ELECTRONIC 工程：电子与电气",4 [196/352]," ENGINEERING, MANUFACTURING 工程：制造",4 [47/70]," PHYSICS, APPLIED 物理：应用",4 [95/178],,,,
TRIBOLOGY TRANSACTIONS,2025,1040-2004/1547-397X,否,否,否,SCIE,2.2,,工程技术,4 [591/1437],否,三级," ENGINEERING, MECHANICAL 工程：机械",4 [80/181],,,,,,,,,,
Applied Mobilities,2025,2380-0127/2380-0135,否,否,否,ESCI,1.5,,工程技术,4 [592/1437],否,三级, GEOGRAPHY 地理学,4 [89/171], TRANSPORTATION 交通运输,4 [44/58],,,,,,,,
Energies,2025,1996-1073/1996-1073,否,否,是,SCIE,3.2,Mega-Journal,工程技术,4 [593/1437],否,三级, ENERGY & FUELS 能源与燃料,4 [95/171],,,,,,,,,,
JOURNAL OF FLUIDS ENGINEERING-TRANSACTIONS OF THE ASME,2025,0098-2202/1528-901X,否,否,否,SCIE,2.4,,工程技术,4 [594/1437],否,三级," ENGINEERING, MECHANICAL 工程：机械",4 [81/181],,,,,,,,,,
FIRE TECHNOLOGY,2025,0015-2684/1572-8099,否,否,否,SCIE,2.4,,工程技术,4 [595/1437],否,三级," ENGINEERING, MULTIDISCIPLINARY 工程：综合",4 [58/179]," MATERIALS SCIENCE, MULTIDISCIPLINARY 材料科学：综合",4 [238/436],,,,,,,,
JOURNAL OF HYDROLOGIC ENGINEERING,2025,1084-0699/1943-5584,否,否,否,SCIE,1.9,,工程技术,4 [596/1437],否,三级," ENGINEERING, CIVIL 工程：土木",4 [79/180], ENVIRONMENTAL SCIENCES 环境科学,4 [222/357], WATER RESOURCES 水资源,4 [68/124],,,,,,
JOURNAL OF PERFORMANCE OF CONSTRUCTED FACILITIES,2025,0887-3828/1943-5509,否,否,否,SCIE,2.1,,工程技术,4 [597/1437],否,三级, CONSTRUCTION & BUILDING TECHNOLOGY 结构与建筑技术,3 [38/91]," ENGINEERING, CIVIL 工程：土木",4 [80/180],,,,,,,,
Journal of Infrared Millimeter and Terahertz Waves,2025,1866-6892/1866-6906,否,否,否,SCIE,2.5,,工程技术,4 [598/1437],否,三级," ENGINEERING, ELECTRICAL & ELECTRONIC 工程：电子与电气",4 [198/352], OPTICS 光学,4 [69/119]," PHYSICS, APPLIED 物理：应用",4 [96/178],,,,,,
IEEE Open Journal of Circuits and Systems,2025,2644-1225/2644-1225,否,否,是,ESCI,2.4,,工程技术,4 [599/1437],否,三级," ENGINEERING, ELECTRICAL & ELECTRONIC 工程：电子与电气",4 [199/352],,,,,,,,,,
JOURNAL OF PROPULSION AND POWER,2025,0748-4658/1533-3876,否,否,否,SCIE,2.4,,工程技术,4 [600/1437],否,三级," ENGINEERING, AEROSPACE 工程：宇航",3 [19/53],,,,,,,,,,
International Journal of Turbomachinery Propulsion and Power,2025,2504-186X/2504-186X,否,否,是,ESCI,1.8,,工程技术,4 [601/1437],否,三级," ENGINEERING, AEROSPACE 工程：宇航",3 [20/53]," ENGINEERING, MECHANICAL 工程：机械",4 [82/181],,,,,,,,
ENGINEERING OPTIMIZATION,2025,0305-215X/1029-0273,否,否,否,SCIE,2.2,,工程技术,4 [602/1437],否,三级," ENGINEERING, MULTIDISCIPLINARY 工程：综合",4 [59/179], OPERATIONS RESEARCH & MANAGEMENT SCIENCE 运筹学与管理科学,4 [69/106],,,,,,,,
Public Transport,2025,1866-749X/1613-7159,否,否,否,ESCI,2.2,,工程技术,4 [603/1437],否,三级, TRANSPORTATION SCIENCE & TECHNOLOGY 运输科技,4 [38/71],,,,,,,,,,
Journal of Engineering Design and Technology,2025,1726-0531/1726-0531,否,否,否,ESCI,2.7,,工程技术,4 [604/1437],否,三级," ENGINEERING, MULTIDISCIPLINARY 工程：综合",4 [60/179],,,,,,,,,,
Algorithms,2025,1999-4893/1999-4893,否,否,是,ESCI,2.1,,工程技术,4 [605/1437],否,三级," COMPUTER SCIENCE, ARTIFICIAL INTELLIGENCE 计算机：人工智能",4 [135/196]," COMPUTER SCIENCE, THEORY & METHODS 计算机：理论方法",4 [96/143],,,,,,,,
Processes,2025,2227-9717/2227-9717,否,否,是,SCIE,2.8,Mega-Journal,工程技术,4 [606/1437],否,三级," ENGINEERING, CHEMICAL 工程：化工",4 [85/169],,,,,,,,,,
Energy Science & Engineering,2025,2050-0505/2050-0505,否,否,是,SCIE,3.4,,工程技术,4 [607/1437],否,三级, ENERGY & FUELS 能源与燃料,4 [96/171],,,,,,,,,,
INTERNATIONAL JOURNAL OF ENERGY RESEARCH,2025,0363-907X/1099-114X,否,否,是,SCIE,4.2,,工程技术,4 [608/1437],否,三级, NUCLEAR SCIENCE & TECHNOLOGY 核科学技术,3 [18/41], ENERGY & FUELS 能源与燃料,4 [97/171],,,,,,,,
Journal of Low Power Electronics and Applications,2025,2079-9268/2079-9268,否,否,是,ESCI,1.8,,工程技术,4 [609/1437],否,三级," ENGINEERING, ELECTRICAL & ELECTRONIC 工程：电子与电气",4 [200/352],,,,,,,,,,
Inventions,2025,2411-5134/2411-5134,否,否,是,ESCI,1.9,,工程技术,4 [610/1437],否,三级," ENGINEERING, MULTIDISCIPLINARY 工程：综合",4 [61/179],,,,,,,,,,
MARINE GEORESOURCES & GEOTECHNOLOGY,2025,1064-119X/1521-0618,否,否,否,SCIE,2.2,,工程技术,4 [611/1437],否,三级," ENGINEERING, OCEAN 工程：大洋",3 [9/18], MINING & MINERAL PROCESSING 矿业与矿物加工,3 [13/32]," ENGINEERING, GEOLOGICAL 工程：地质",4 [33/65], OCEANOGRAPHY 海洋学,4 [40/66],,,,
IET Nanobiotechnology,2025,1751-8741/1751-875X,否,否,否,SCIE,4.9,,工程技术,4 [612/1437],否,三级, BIOCHEMICAL RESEARCH METHODS 生化研究方法,4 [53/85], NANOSCIENCE & NANOTECHNOLOGY 纳米科技,4 [84/139],,,,,,,,
Journal of Simulation,2025,1747-7778/1747-7786,否,否,否,SCIE,1.7,,工程技术,4 [613/1437],否,三级," COMPUTER SCIENCE, INTERDISCIPLINARY APPLICATIONS 计算机：跨学科应用",4 [119/172], OPERATIONS RESEARCH & MANAGEMENT SCIENCE 运筹学与管理科学,4 [72/106],,,,,,,,
COLORATION TECHNOLOGY,2025,1472-3581/1478-4408,否,否,否,SCIE,2.2,,工程技术,4 [614/1437],否,三级," MATERIALS SCIENCE, TEXTILES 材料科学：纺织",2 [8/30]," CHEMISTRY, APPLIED 应用化学",3 [32/74]," ENGINEERING, CHEMICAL 工程：化工",4 [87/169],,,,,,
JOURNAL OF TURBULENCE,2025,1468-5248/1468-5248,否,否,否,SCIE,1.6,,工程技术,4 [615/1437],否,三级, MECHANICS 力学,4 [99/171]," PHYSICS, FLUIDS & PLASMAS 物理：流体与等离子体",4 [25/40],,,,,,,,
JASA Express Letters,2025,2691-1191/2691-1191,否,否,是,ESCI,1.4,,工程技术,4 [616/1437],否,三级, ACOUSTICS 声学,4 [22/40], AUDIOLOGY & SPEECH-LANGUAGE PATHOLOGY 听力学与言语病理学,4 [25/35],,,,,,,,
Journal of Computational Electronics,2025,1569-8025/1572-8137,否,否,否,SCIE,2.5,,工程技术,4 [617/1437],否,三级," ENGINEERING, ELECTRICAL & ELECTRONIC 工程：电子与电气",4 [203/352]," PHYSICS, APPLIED 物理：应用",4 [101/178],,,,,,,,
Journal of Earthquake and Tsunami,2025,1793-4311/1793-7116,否,否,否,SCIE,,,工程技术,4 [618/1437],否,三级, GEOCHEMISTRY & GEOPHYSICS 地球化学与地球物理,4 [54/99],,,,,,,,,,
Noise Mapping,2025,2084-879X/2084-879X,否,否,是,ESCI,2.4,,工程技术,4 [619/1437],否,三级, ACOUSTICS 声学,4 [23/40],,,,,,,,,,
International Journal of Geosynthetics and Ground Engineering,2025,2199-9260/2199-9279,否,否,否,ESCI,2.3,,工程技术,4 [620/1437],否,三级," ENGINEERING, GEOLOGICAL 工程：地质",4 [34/65],,,,,,,,,,
PROCEEDINGS OF THE INSTITUTION OF MECHANICAL ENGINEERS PART B-JOURNAL OF ENGINEERING MANUFACTURE,2025,0954-4054/2041-2975,否,否,否,SCIE,1.9,,工程技术,4 [621/1437],否,三级," ENGINEERING, MANUFACTURING 工程：制造",4 [48/70]," ENGINEERING, MECHANICAL 工程：机械",4 [83/181],,,,,,,,
PARTICULATE SCIENCE AND TECHNOLOGY,2025,0272-6351/1548-0046,否,否,否,SCIE,1.5,,工程技术,4 [622/1437],否,三级," ENGINEERING, CHEMICAL 工程：化工",4 [88/169],,,,,,,,,,
SPE RESERVOIR EVALUATION & ENGINEERING,2025,1094-6470/1930-0212,否,否,否,SCIE,1.5,,工程技术,4 [623/1437],否,三级," ENGINEERING, PETROLEUM 工程：石油",3 [7/24], ENERGY & FUELS 能源与燃料,4 [99/171]," GEOSCIENCES, MULTIDISCIPLINARY 地球科学：综合",4 [156/258],,,,,,
Maritime Business Review,2025,2397-3757/2397-3765,否,否,否,ESCI,2.4,,工程技术,4 [624/1437],否,三级, BUSINESS 商业：管理,4 [210/302], MANAGEMENT 管理学,4 [275/404], TRANSPORTATION 交通运输,4 [45/58],,,,,,
IEEE Open Journal of Nanotechnology,2025,2644-1292/2644-1292,否,否,是,ESCI,1.9,,工程技术,4 [625/1437],否,三级," MATERIALS SCIENCE, MULTIDISCIPLINARY 材料科学：综合",4 [245/436], NANOSCIENCE & NANOTECHNOLOGY 纳米科技,4 [87/139],,,,,,,,
JOURNAL OF MICROMECHANICS AND MICROENGINEERING,2025,0960-1317/1361-6439,否,否,否,SCIE,2.1,,工程技术,4 [626/1437],否,三级," ENGINEERING, ELECTRICAL & ELECTRONIC 工程：电子与电气",4 [204/352], INSTRUMENTS & INSTRUMENTATION 仪器仪表,4 [37/76], NANOSCIENCE & NANOTECHNOLOGY 纳米科技,4 [88/139]," PHYSICS, APPLIED 物理：应用",4 [102/178],,,,
Journal of Petroleum Exploration and Production Technology,2025,2190-0558/2190-0566,否,否,是,SCIE,3.2,,工程技术,4 [627/1437],否,三级," ENGINEERING, PETROLEUM 工程：石油",3 [8/24], ENERGY & FUELS 能源与燃料,4 [100/171]," GEOSCIENCES, MULTIDISCIPLINARY 地球科学：综合",4 [157/258],,,,,,
Polish Maritime Research,2025,1233-2585/2083-7429,否,否,是,SCIE,2,,工程技术,4 [628/1437],否,三级," ENGINEERING, MARINE 工程：海洋",3 [9/26],,,,,,,,,,
JOURNAL OF SCHEDULING,2025,1094-6136/1099-1425,否,否,否,SCIE,1.8,,工程技术,4 [629/1437],否,三级," ENGINEERING, MANUFACTURING 工程：制造",4 [49/70], OPERATIONS RESEARCH & MANAGEMENT SCIENCE 运筹学与管理科学,4 [73/106],,,,,,,,
CONTINUUM MECHANICS AND THERMODYNAMICS,2025,0935-1175/1432-0959,否,否,否,SCIE,2.2,,工程技术,4 [630/1437],否,三级, THERMODYNAMICS 热力学,3 [36/78], MECHANICS 力学,4 [100/171],,,,,,,,
Membranes,2025,2077-0375/2077-0375,否,否,是,SCIE,3.6,,工程技术,4 [631/1437],否,三级, POLYMER SCIENCE 高分子科学,3 [43/94]," ENGINEERING, CHEMICAL 工程：化工",4 [89/169]," MATERIALS SCIENCE, MULTIDISCIPLINARY 材料科学：综合",4 [250/436],,,,,,
Biomass Conversion and Biorefinery,2025,2190-6815/2190-6823,否,否,否,SCIE,4.1,,工程技术,4 [632/1437],否,三级, ENERGY & FUELS 能源与燃料,4 [102/171]," ENGINEERING, CHEMICAL 工程：化工",4 [90/169],,,,,,,,
International Journal of Aeroacoustics,2025,1475-472X/2048-4003,否,否,否,SCIE,1.3,,工程技术,4 [633/1437],否,三级," ENGINEERING, AEROSPACE 工程：宇航",3 [21/53], ACOUSTICS 声学,4 [25/40], MECHANICS 力学,4 [101/171],,,,,,
International Journal of Micro Air Vehicles,2025,1756-8293/1756-8307,否,否,否,SCIE,1.6,,工程技术,4 [634/1437],否,三级," ENGINEERING, AEROSPACE 工程：宇航",3 [22/53],,,,,,,,,,
Journal of Asian Architecture and Building Engineering,2025,1346-7581/1347-2852,否,否,是,AHCISCIE,1.6,,工程技术,4 [635/1437],否,三级, ARCHITECTURE 建筑学,3 [16/94], CONSTRUCTION & BUILDING TECHNOLOGY 结构与建筑技术,4 [39/91],,,,,,,,
International Journal of Building Pathology and Adaptation,2025,2398-4708/2398-4708,否,否,否,ESCI,2.1,,工程技术,4 [636/1437],否,三级, CONSTRUCTION & BUILDING TECHNOLOGY 结构与建筑技术,4 [40/91],,,,,,,,,,
Natural Hazards Review,2025,1527-6988/1527-6996,否,否,否,SSCI;SCIE,2.2,,工程技术,4 [637/1437],否,三级," ENGINEERING, CIVIL 工程：土木",4 [82/180], ENVIRONMENTAL STUDIES 环境研究,4 [139/183]," GEOSCIENCES, MULTIDISCIPLINARY 地球科学：综合",4 [159/258], METEOROLOGY & ATMOSPHERIC SCIENCES 气象与大气科学,4 [78/109], WATER RESOURCES 水资源,4 [72/124],,
HardwareX,2025,2468-0672/2468-0672,否,否,是,ESCI,2.1,,工程技术,4 [638/1437],否,三级," ENGINEERING, ELECTRICAL & ELECTRONIC 工程：电子与电气",4 [210/352], INSTRUMENTS & INSTRUMENTATION 仪器仪表,4 [39/76]," MATERIALS SCIENCE, MULTIDISCIPLINARY 材料科学：综合",4 [253/436],,,,,,
International Journal of Interactive Design and Manufacturing - IJIDeM,2025,1955-2513/1955-2505,否,否,否,ESCI,2.5,,工程技术,4 [639/1437],否,三级," ENGINEERING, MANUFACTURING 工程：制造",4 [50/70],,,,,,,,,,
NUCLEAR SCIENCE AND ENGINEERING,2025,0029-5639/1943-748X,否,否,否,SCIE,1.3,,工程技术,4 [640/1437],否,三级, NUCLEAR SCIENCE & TECHNOLOGY 核科学技术,4 [21/41],,,,,,,,,,
Frontiers in Built Environment,2025,2297-3362/2297-3362,否,否,是,ESCI,2.7,,工程技术,4 [641/1437],否,三级, CONSTRUCTION & BUILDING TECHNOLOGY 结构与建筑技术,4 [41/91]," ENGINEERING, CIVIL 工程：土木",4 [83/180],,,,,,,,
Journal of Transportation Engineering Part A-Systems,2025,2473-2907/2473-2893,否,否,否,SCIE,2.1,,工程技术,4 [642/1437],否,三级," ENGINEERING, CIVIL 工程：土木",4 [84/180], TRANSPORTATION SCIENCE & TECHNOLOGY 运输科技,4 [39/71],,,,,,,,
Foundations and Trends in Signal Processing,2025,1932-8346/1932-8354,是,否,否,ESCI,5.7,,工程技术,4 [643/1437],否,三级," ENGINEERING, ELECTRICAL & ELECTRONIC 工程：电子与电气",4 [211/352],,,,,,,,,,
Microfluidics and Nanofluidics,2025,1613-4982/1613-4990,否,否,否,SCIE,2.5,,工程技术,4 [644/1437],否,三级, INSTRUMENTS & INSTRUMENTATION 仪器仪表,4 [40/76], NANOSCIENCE & NANOTECHNOLOGY 纳米科技,4 [91/139]," PHYSICS, FLUIDS & PLASMAS 物理：流体与等离子体",4 [27/40],,,,,,
ADSORPTION-JOURNAL OF THE INTERNATIONAL ADSORPTION SOCIETY,2025,0929-5607/1572-8757,否,否,否,SCIE,3.1,,工程技术,4 [645/1437],否,三级," CHEMISTRY, PHYSICAL 物理化学",4 [59/104]," ENGINEERING, CHEMICAL 工程：化工",4 [91/169],,,,,,,,
POLYMERS FOR ADVANCED TECHNOLOGIES,2025,1042-7147/1099-1581,否,否,否,SCIE,3.4,,工程技术,4 [646/1437],否,三级, POLYMER SCIENCE 高分子科学,3 [45/94],,,,,,,,,,
International Journal of Design Creativity and Innovation,2025,2165-0349/2165-0357,否,否,否,ESCI,2.5,,工程技术,4 [647/1437],否,三级," ENGINEERING, MANUFACTURING 工程：制造",4 [51/70],,,,,,,,,,
JOURNAL OF ELECTRONIC TESTING-THEORY AND APPLICATIONS,2025,0923-8174/1573-0727,否,否,否,SCIE,1.3,,工程技术,4 [648/1437],否,三级," ENGINEERING, ELECTRICAL & ELECTRONIC 工程：电子与电气",4 [213/352],,,,,,,,,,
STRUCTURAL DESIGN OF TALL AND SPECIAL BUILDINGS,2025,1541-7794/1541-7808,否,否,否,SCIE,1.3,,工程技术,4 [649/1437],否,三级, CONSTRUCTION & BUILDING TECHNOLOGY 结构与建筑技术,4 [42/91]," ENGINEERING, CIVIL 工程：土木",4 [85/180],,,,,,,,
JOURNAL OF FUSION ENERGY,2025,0164-0313/1572-9591,否,否,否,SCIE,2.1,,工程技术,4 [650/1437],否,三级, NUCLEAR SCIENCE & TECHNOLOGY 核科学技术,4 [23/41],,,,,,,,,,
RAPID PROTOTYPING JOURNAL,2025,1355-2546/1758-7670,否,否,否,SCIE,3.6,,工程技术,4 [651/1437],否,三级," ENGINEERING, MECHANICAL 工程：机械",4 [84/181]," MATERIALS SCIENCE, MULTIDISCIPLINARY 材料科学：综合",4 [259/436],,,,,,,,
Transactions of FAMENA,2025,1333-1124/1333-1124,否,否,否,SCIE,,,工程技术,4 [652/1437],否,三级," ENGINEERING, MECHANICAL 工程：机械",4 [85/181]," MATERIALS SCIENCE, MULTIDISCIPLINARY 材料科学：综合",4 [260/436],,,,,,,,
SEMICONDUCTOR SCIENCE AND TECHNOLOGY,2025,0268-1242/1361-6641,否,否,否,SCIE,2.1,,工程技术,4 [653/1437],否,三级," PHYSICS, CONDENSED MATTER 物理：凝聚态物理",3 [43/78]," ENGINEERING, ELECTRICAL & ELECTRONIC 工程：电子与电气",4 [214/352]," MATERIALS SCIENCE, MULTIDISCIPLINARY 材料科学：综合",4 [261/436],,,,,,
International Journal of Industrial Engineering and Management,2025,2217-2661/2683-345X,否,否,是,ESCI,3.2,,工程技术,4 [654/1437],否,三级," ENGINEERING, INDUSTRIAL 工程：工业",4 [45/70],,,,,,,,,,
FIBERS AND POLYMERS,2025,1229-9197/1875-0052,否,否,否,SCIE,2.3,,工程技术,4 [655/1437],否,三级," MATERIALS SCIENCE, TEXTILES 材料科学：纺织",3 [9/30], POLYMER SCIENCE 高分子科学,3 [48/94],,,,,,,,
Advances in Applied Mathematics and Mechanics,2025,2070-0733/2075-1354,否,否,否,SCIE,1.1,,工程技术,4 [656/1437],否,三级," MATHEMATICS, APPLIED 应用数学",4 [241/330], MECHANICS 力学,4 [102/171],,,,,,,,
Nanoscale and Microscale Thermophysical Engineering,2025,1556-7265/1556-7273,否,否,否,SCIE,2.1,,工程技术,4 [657/1437],否,三级," MATERIALS SCIENCE, CHARACTERIZATION & TESTING 材料科学：表征与测试",3 [14/38]," ENGINEERING, MECHANICAL 工程：机械",4 [87/181], NANOSCIENCE & NANOTECHNOLOGY 纳米科技,4 [92/139]," PHYSICS, APPLIED 物理：应用",4 [108/178], THERMODYNAMICS 热力学,4 [37/78],,
MULTIDIMENSIONAL SYSTEMS AND SIGNAL PROCESSING,2025,0923-6082/1573-0824,否,否,否,SCIE,1.8,,工程技术,4 [658/1437],否,三级," COMPUTER SCIENCE, THEORY & METHODS 计算机：理论方法",4 [102/143]," ENGINEERING, ELECTRICAL & ELECTRONIC 工程：电子与电气",4 [215/352],,,,,,,,
KOREAN JOURNAL OF CHEMICAL ENGINEERING,2025,0256-1115/1975-7220,否,否,否,SCIE,3.2,,工程技术,4 [659/1437],否,三级," CHEMISTRY, MULTIDISCIPLINARY 化学：综合",4 [121/230]," ENGINEERING, CHEMICAL 工程：化工",4 [92/169],,,,,,,,
Environmental Geotechnics,2025,2051-803X/2051-803X,否,否,否,SCIE,2.6,,工程技术,4 [660/1437],否,三级," ENGINEERING, GEOLOGICAL 工程：地质",4 [35/65],,,,,,,,,,
IET Renewable Power Generation,2025,1752-1416/1752-1424,否,否,是,SCIE,2.9,,工程技术,4 [661/1437],否,三级, ENERGY & FUELS 能源与燃料,4 [104/171]," ENGINEERING, ELECTRICAL & ELECTRONIC 工程：电子与电气",4 [218/352], GREEN & SUSTAINABLE SCIENCE & TECHNOLOGY 绿色可持续发展技术,4 [68/91],,,,,,
PROBABILITY IN THE ENGINEERING AND INFORMATIONAL SCIENCES,2025,0269-9648/1469-8951,否,否,否,SCIE,1,,工程技术,4 [662/1437],否,三级," ENGINEERING, INDUSTRIAL 工程：工业",4 [46/70], OPERATIONS RESEARCH & MANAGEMENT SCIENCE 运筹学与管理科学,4 [77/106], STATISTICS & PROBABILITY 统计学与概率论,4 [121/166],,,,,,
Vehicles,2025,2624-8921/2624-8921,否,否,是,ESCI,2.2,,工程技术,4 [663/1437],否,三级," ENGINEERING, MECHANICAL 工程：机械",4 [88/181], TRANSPORTATION SCIENCE & TECHNOLOGY 运输科技,4 [40/71],,,,,,,,
International Journal of Engine Research,2025,1468-0874/2041-3149,否,否,否,SCIE,2.1,,工程技术,4 [664/1437],否,三级," ENGINEERING, MECHANICAL 工程：机械",4 [89/181], THERMODYNAMICS 热力学,4 [38/78], TRANSPORTATION SCIENCE & TECHNOLOGY 运输科技,4 [41/71],,,,,,
Journal of Pipeline Systems Engineering and Practice,2025,1949-1190/1949-1204,否,否,否,SCIE,1.7,,工程技术,4 [665/1437],否,三级," ENGINEERING, CIVIL 工程：土木",4 [86/180], WATER RESOURCES 水资源,4 [75/124],,,,,,,,
CMES-COMPUTER MODELING IN ENGINEERING & SCIENCES,2025,1526-1492/1526-1506,否,否,否,SCIE,2.5,,工程技术,4 [666/1437],否,三级," ENGINEERING, MULTIDISCIPLINARY 工程：综合",4 [63/179]," MATHEMATICS, INTERDISCIPLINARY APPLICATIONS 数学跨学科应用",4 [92/136],,,,,,,,
SIMULATION-TRANSACTIONS OF THE SOCIETY FOR MODELING AND SIMULATION INTERNATIONAL,2025,0037-5497/1741-3133,否,否,否,SCIE,2,,工程技术,4 [667/1437],否,三级," COMPUTER SCIENCE, INTERDISCIPLINARY APPLICATIONS 计算机：跨学科应用",4 [125/172]," COMPUTER SCIENCE, SOFTWARE ENGINEERING 计算机：软件工程",4 [94/131],,,,,,,,
ZAMM-Zeitschrift fur Angewandte Mathematik und Mechanik,2025,0044-2267/1521-4001,否,否,否,SCIE,3.2,,工程技术,4 [668/1437],否,三级," MATHEMATICS, APPLIED 应用数学",4 [249/330], MECHANICS 力学,4 [103/171],,,,,,,,
IET Electric Power Applications,2025,1751-8660/1751-8679,否,否,是,SCIE,1.5,,工程技术,4 [669/1437],否,三级," ENGINEERING, ELECTRICAL & ELECTRONIC 工程：电子与电气",4 [220/352],,,,,,,,,,
IEEE Electrification Magazine,2025,2325-5897/2325-5889,否,否,否,ESCI,3,,工程技术,4 [670/1437],否,三级," ENGINEERING, ELECTRICAL & ELECTRONIC 工程：电子与电气",4 [222/352],,,,,,,,,,
BioEnergy Research,2025,1939-1234/1939-1242,否,否,否,SCIE,3,,工程技术,4 [671/1437],否,三级, ENERGY & FUELS 能源与燃料,4 [107/171], ENVIRONMENTAL SCIENCES 环境科学,4 [250/357],,,,,,,,
ADVANCES IN STRUCTURAL ENGINEERING,2025,1369-4332/2048-4011,否,否,否,SCIE,2.6,,工程技术,4 [672/1437],否,三级, CONSTRUCTION & BUILDING TECHNOLOGY 结构与建筑技术,4 [43/91]," ENGINEERING, CIVIL 工程：土木",4 [88/180],,,,,,,,
Biomicrofluidics,2025,1932-1058/1932-1058,否,否,否,SCIE,2.4,,工程技术,4 [673/1437],否,三级, BIOCHEMICAL RESEARCH METHODS 生化研究方法,4 [55/85], BIOPHYSICS 生物物理,4 [55/76], NANOSCIENCE & NANOTECHNOLOGY 纳米科技,4 [93/139]," PHYSICS, FLUIDS & PLASMAS 物理：流体与等离子体",4 [29/40],,,,
MATHEMATICS AND MECHANICS OF SOLIDS,2025,1081-2865/1741-3028,否,否,否,SCIE,1.7,,工程技术,4 [674/1437],否,三级," MATERIALS SCIENCE, MULTIDISCIPLINARY 材料科学：综合",4 [270/436]," MATHEMATICS, INTERDISCIPLINARY APPLICATIONS 数学跨学科应用",4 [94/136], MECHANICS 力学,4 [104/171],,,,,,
IET Electrical Systems in Transportation,2025,2042-9738/2042-9746,否,否,是,SCIE,2.2,,工程技术,4 [675/1437],否,三级," ENGINEERING, ELECTRICAL & ELECTRONIC 工程：电子与电气",4 [224/352], TRANSPORTATION SCIENCE & TECHNOLOGY 运输科技,4 [42/71],,,,,,,,
PROPELLANTS EXPLOSIVES PYROTECHNICS,2025,0721-3115/1521-4087,否,否,否,SCIE,2,,工程技术,4 [676/1437],否,三级," CHEMISTRY, APPLIED 应用化学",3 [37/74]," ENGINEERING, CHEMICAL 工程：化工",4 [93/169],,,,,,,,
Journal of Instrumentation,2025,1748-0221/1748-0221,否,否,否,SCIE,1.3,,工程技术,4 [677/1437],否,三级, INSTRUMENTS & INSTRUMENTATION 仪器仪表,4 [42/76], NUCLEAR SCIENCE & TECHNOLOGY 核科学技术,4 [24/41],,,,,,,,
Advanced Steel Construction,2025,1816-112X,否,否,否,SCIE,0.9,,工程技术,4 [678/1437],否,三级," MATERIALS SCIENCE, CHARACTERIZATION & TESTING 材料科学：表征与测试",3 [15/38], CONSTRUCTION & BUILDING TECHNOLOGY 结构与建筑技术,4 [44/91]," ENGINEERING, CIVIL 工程：土木",4 [89/180],,,,,,
Journal of Marine Science and Application,2025,1671-9433/1993-5048,否,否,否,ESCI,2.1,,工程技术,4 [679/1437],否,三级," ENGINEERING, MARINE 工程：海洋",3 [10/26],,,,,,,,,,
Journal of Vibration Engineering & Technologies,2025,2523-3920/2523-3939,否,否,否,SCIE,2.4,,工程技术,4 [680/1437],否,三级," ENGINEERING, MECHANICAL 工程：机械",4 [90/181], MECHANICS 力学,4 [106/171],,,,,,,,
Surface Topography-Metrology and Properties,2025,2051-672X/2051-672X,否,否,否,SCIE,2.4,,工程技术,4 [681/1437],否,三级," ENGINEERING, MECHANICAL 工程：机械",4 [91/181], INSTRUMENTS & INSTRUMENTATION 仪器仪表,4 [43/76]," MATERIALS SCIENCE, MULTIDISCIPLINARY 材料科学：综合",4 [274/436],,,,,,
International Journal of Civil Engineering,2025,1735-0522/2383-3874,否,否,否,SCIE,2,,工程技术,4 [682/1437],否,三级," ENGINEERING, CIVIL 工程：土木",4 [90/180],,,,,,,,,,
Fluids,2025,2311-5521/2311-5521,否,否,是,ESCI,1.8,,工程技术,4 [683/1437],否,三级, MECHANICS 力学,4 [107/171]," PHYSICS, FLUIDS & PLASMAS 物理：流体与等离子体",4 [31/40],,,,,,,,
KSCE Journal of Civil Engineering,2025,1226-7988/1976-3808,否,否,否,SCIE,2,,工程技术,4 [684/1437],否,三级," ENGINEERING, CIVIL 工程：土木",4 [91/180],,,,,,,,,,
European Journal of Environmental and Civil Engineering,2025,1964-8189/2116-7214,否,否,否,SCIE,2.3,,工程技术,4 [685/1437],否,三级," ENGINEERING, CIVIL 工程：土木",4 [93/180]," ENGINEERING, GEOLOGICAL 工程：地质",4 [36/65],,,,,,,,
REVIEW OF SCIENTIFIC INSTRUMENTS,2025,0034-6748/1089-7623,否,否,否,SCIE,1.7,,工程技术,4 [686/1437],否,三级, INSTRUMENTS & INSTRUMENTATION 仪器仪表,4 [44/76]," PHYSICS, APPLIED 物理：应用",4 [113/178],,,,,,,,
International Journal of Aeronautical and Space Sciences,2025,2093-274X/2093-2480,否,否,否,SCIE,1.4,,工程技术,4 [687/1437],否,三级," ENGINEERING, AEROSPACE 工程：宇航",4 [24/53],,,,,,,,,,
MACROMOLECULAR THEORY AND SIMULATIONS,2025,1022-1344/1521-3919,否,否,否,SCIE,1.6,,工程技术,4 [688/1437],否,三级, POLYMER SCIENCE 高分子科学,4 [50/94],,,,,,,,,,
Computers and Concrete,2025,1598-8198/1598-818X,否,否,否,SCIE,3.3,,工程技术,4 [689/1437],否,三级," MATERIALS SCIENCE, CHARACTERIZATION & TESTING 材料科学：表征与测试",3 [17/38]," COMPUTER SCIENCE, INTERDISCIPLINARY APPLICATIONS 计算机：跨学科应用",4 [130/172], CONSTRUCTION & BUILDING TECHNOLOGY 结构与建筑技术,4 [45/91]," ENGINEERING, CIVIL 工程：土木",4 [94/180],,,,
JOURNAL OF NAVIGATION,2025,0373-4633/1469-7785,否,否,否,SCIE,2.3,,工程技术,4 [690/1437],否,三级," ENGINEERING, MARINE 工程：海洋",3 [11/26], OCEANOGRAPHY 海洋学,4 [44/66],,,,,,,,
Journal of Transport and Land Use,2025,1938-7849/1938-7849,否,否,是,SSCI,2.2,,工程技术,4 [691/1437],否,三级, TRANSPORTATION 交通运输,4 [46/58],,,,,,,,,,
International Journal of Sustainable Engineering,2025,1939-7038/1939-7046,否,否,是,ESCI,3.6,,工程技术,4 [692/1437],否,三级, GREEN & SUSTAINABLE SCIENCE & TECHNOLOGY 绿色可持续发展技术,4 [72/91],,,,,,,,,,
INDUSTRIAL LUBRICATION AND TRIBOLOGY,2025,0036-8792/1758-5775,否,否,否,SCIE,1.8,,工程技术,4 [693/1437],否,三级," ENGINEERING, MECHANICAL 工程：机械",4 [92/181],,,,,,,,,,
ACTA MECHANICA SOLIDA SINICA,2025,0894-9166/1860-2134,否,否,否,SCIE,2.7,,工程技术,4 [694/1437],否,三级," MATERIALS SCIENCE, MULTIDISCIPLINARY 材料科学：综合",4 [276/436], MECHANICS 力学,4 [108/171],,,,,,,,
International Journal of Green Energy,2025,1543-5075/1543-5083,否,否,否,SCIE,3.1,,工程技术,4 [695/1437],否,三级, ENERGY & FUELS 能源与燃料,4 [111/171], GREEN & SUSTAINABLE SCIENCE & TECHNOLOGY 绿色可持续发展技术,4 [73/91], THERMODYNAMICS 热力学,4 [39/78],,,,,,
IET Generation Transmission & Distribution,2025,1751-8687/1751-8695,否,否,是,SCIE,2.6,,工程技术,4 [696/1437],否,三级," ENGINEERING, ELECTRICAL & ELECTRONIC 工程：电子与电气",4 [228/352],,,,,,,,,,
Applications in Engineering Science,2025,2666-4968/2666-4968,否,否,是,ESCI,2.1,,工程技术,4 [697/1437],否,三级," ENGINEERING, MULTIDISCIPLINARY 工程：综合",4 [65/179], MECHANICS 力学,4 [109/171],,,,,,,,
Built Environment Project and Asset Management,2025,2044-124X/2044-1258,否,否,否,ESCI,2.2,,工程技术,4 [698/1437],否,三级," ENGINEERING, CIVIL 工程：土木",4 [95/180],,,,,,,,,,
International Journal of Structural Integrity,2025,1757-9864/1757-9872,否,否,否,ESCI,3,,工程技术,4 [699/1437],否,三级," ENGINEERING, MULTIDISCIPLINARY 工程：综合",4 [66/179],,,,,,,,,,
JOURNAL OF ENGINEERING MATHEMATICS,2025,0022-0833/1573-2703,否,否,否,SCIE,1.4,,工程技术,4 [700/1437],否,三级," ENGINEERING, MULTIDISCIPLINARY 工程：综合",4 [67/179]," MATHEMATICS, INTERDISCIPLINARY APPLICATIONS 数学跨学科应用",4 [100/136],,,,,,,,
JOURNAL OF THE ASTRONAUTICAL SCIENCES,2025,0021-9142/2195-0571,否,否,否,SCIE,1.5,,工程技术,4 [701/1437],否,三级," ENGINEERING, AEROSPACE 工程：宇航",4 [25/53],,,,,,,,,,
Innovative Infrastructure Solutions,2025,2364-4176/2364-4184,否,否,否,ESCI,2.4,,工程技术,4 [702/1437],否,三级," ENGINEERING, CIVIL 工程：土木",4 [96/180],,,,,,,,,,
IET Power Electronics,2025,1755-4535/1755-4543,否,否,是,SCIE,1.9,,工程技术,4 [703/1437],否,三级," ENGINEERING, ELECTRICAL & ELECTRONIC 工程：电子与电气",4 [230/352],,,,,,,,,,
PROCEEDINGS OF THE INSTITUTION OF MECHANICAL ENGINEERS PART F-JOURNAL OF RAIL AND RAPID TRANSIT,2025,0954-4097/2041-3017,否,否,否,SCIE,2.1,,工程技术,4 [704/1437],否,三级," ENGINEERING, CIVIL 工程：土木",4 [97/180]," ENGINEERING, MECHANICAL 工程：机械",4 [93/181], TRANSPORTATION SCIENCE & TECHNOLOGY 运输科技,4 [43/71],,,,,,
JOURNAL OF MARINE SCIENCE AND TECHNOLOGY,2025,0948-4280/1437-8213,否,否,否,SCIE,2,,工程技术,4 [705/1437],否,三级," ENGINEERING, CIVIL 工程：土木",4 [98/180]," ENGINEERING, MARINE 工程：海洋",4 [12/26],,,,,,,,
JOURNAL OF VIBRATION AND ACOUSTICS-TRANSACTIONS OF THE ASME,2025,1048-9002/1528-8927,否,否,否,SCIE,1.9,,工程技术,4 [706/1437],否,三级, ACOUSTICS 声学,4 [29/40]," ENGINEERING, MECHANICAL 工程：机械",4 [94/181], MECHANICS 力学,4 [110/171],,,,,,
Flexible and Printed Electronics,2025,2058-8585/2058-8585,否,否,否,SCIE,3.2,,工程技术,4 [707/1437],否,三级," MATERIALS SCIENCE, MULTIDISCIPLINARY 材料科学：综合",4 [279/436],,,,,,,,,,
PROCEEDINGS OF THE INSTITUTION OF MECHANICAL ENGINEERS PART J-JOURNAL OF ENGINEERING TRIBOLOGY,2025,1350-6501/2041-305X,否,否,否,SCIE,1.8,,工程技术,4 [708/1437],否,三级," ENGINEERING, MECHANICAL 工程：机械",4 [95/181],,,,,,,,,,
STRUCTURAL ENGINEERING AND MECHANICS,2025,1225-4568/1598-6217,否,否,否,SCIE,3,,工程技术,4 [709/1437],否,三级," ENGINEERING, CIVIL 工程：土木",4 [99/180]," ENGINEERING, MECHANICAL 工程：机械",4 [96/181],,,,,,,,
Nuclear Technology & Radiation Protection,2025,1451-3994/1452-8185,否,否,是,SCIE,0.7,,工程技术,4 [710/1437],否,三级, NUCLEAR SCIENCE & TECHNOLOGY 核科学技术,4 [26/41],,,,,,,,,,
EPJ Techniques and Instrumentation,2025,2195-7045/2195-7045,否,否,是,ESCI,1.9,,工程技术,4 [711/1437],否,三级, INSTRUMENTS & INSTRUMENTATION 仪器仪表,4 [45/76],,,,,,,,,,
ACCREDITATION AND QUALITY ASSURANCE,2025,0949-1775/1432-0517,否,否,否,SCIE,1,,工程技术,4 [712/1437],否,三级," CHEMISTRY, ANALYTICAL 分析化学",4 [70/106], INSTRUMENTS & INSTRUMENTATION 仪器仪表,4 [46/76],,,,,,,,
Microscopy,2025,2050-5698/2050-5701,否,否,否,SCIE,1.9,,工程技术,4 [713/1437],否,三级, MICROSCOPY 显微镜技术,4 [6/8],,,,,,,,,,
Ship Technology Research,2025,0937-7255/2056-7111,否,否,否,ESCI,0.9,,工程技术,4 [714/1437],否,三级," ENGINEERING, MARINE 工程：海洋",4 [13/26],,,,,,,,,,
ANALOG INTEGRATED CIRCUITS AND SIGNAL PROCESSING,2025,0925-1030/1573-1979,否,否,否,SCIE,1.4,,工程技术,4 [715/1437],否,三级," COMPUTER SCIENCE, HARDWARE & ARCHITECTURE 计算机：硬件",4 [50/58]," ENGINEERING, ELECTRICAL & ELECTRONIC 工程：电子与电气",4 [232/352],,,,,,,,
PROCEEDINGS OF THE INSTITUTION OF MECHANICAL ENGINEERS PART C-JOURNAL OF MECHANICAL ENGINEERING SCIENCE,2025,0954-4062/2041-2983,否,否,否,SCIE,1.7,,工程技术,4 [716/1437],否,三级," ENGINEERING, MECHANICAL 工程：机械",4 [97/181],,,,,,,,,,
Research Journal of Textile and Apparel,2025,1560-6074/1560-6074,否,否,否,ESCI,1.9,,工程技术,4 [717/1437],否,三级," MATERIALS SCIENCE, TEXTILES 材料科学：纺织",3 [10/30],,,,,,,,,,
JOURNAL OF MICROSCOPY,2025,0022-2720/1365-2818,否,否,否,SCIE,1.9,,工程技术,4 [718/1437],否,三级, MICROSCOPY 显微镜技术,4 [7/8],,,,,,,,,,
Journal of Thermal Science,2025,1003-2169/1993-033X,否,否,否,SCIE,2.6,,工程技术,4 [719/1437],否,三级," ENGINEERING, MECHANICAL 工程：机械",4 [99/181], THERMODYNAMICS 热力学,4 [40/78],,,,,,,,
AERONAUTICAL JOURNAL,2025,0001-9240/2059-6464,否,否,否,SCIE,1.6,,工程技术,4 [720/1437],否,三级," ENGINEERING, AEROSPACE 工程：宇航",4 [26/53],,,,,,,,,,
ASCE-ASME Journal of Risk and Uncertainty in Engineering Systems Part B-Mechanical Engineering,2025,2332-9017/2332-9025,否,否,否,ESCI,2.3,,工程技术,4 [721/1437],否,三级," ENGINEERING, MULTIDISCIPLINARY 工程：综合",4 [69/179],,,,,,,,,,
International Journal of Low-Carbon Technologies,2025,1748-1317/1748-1325,否,否,是,SCIE,2.3,,工程技术,4 [722/1437],否,三级, ENERGY & FUELS 能源与燃料,4 [112/171], THERMODYNAMICS 热力学,4 [41/78],,,,,,,,
Journal of Transportation Engineering Part B-Pavements,2025,2573-5438/2573-5438,否,否,否,SCIE,2.5,,工程技术,4 [723/1437],否,三级," ENGINEERING, CIVIL 工程：土木",4 [100/180], TRANSPORTATION SCIENCE & TECHNOLOGY 运输科技,4 [44/71],,,,,,,,
Electrical Engineering & Electromechanics,2025,2074-272X/2309-3404,否,否,是,ESCI,1.6,,工程技术,4 [724/1437],否,三级," ENGINEERING, ELECTRICAL & ELECTRONIC 工程：电子与电气",4 [234/352],,,,,,,,,,
JOURNAL OF ADVANCED TRANSPORTATION,2025,0197-6729/2042-3195,否,否,是,SCIE,1.8,,工程技术,4 [725/1437],否,三级," ENGINEERING, CIVIL 工程：土木",4 [101/180], TRANSPORTATION SCIENCE & TECHNOLOGY 运输科技,4 [45/71],,,,,,,,
Journal of the Brazilian Society of Mechanical Sciences and Engineering,2025,1678-5878/1806-3691,否,否,否,SCIE,2.1,,工程技术,4 [726/1437],否,三级," ENGINEERING, MECHANICAL 工程：机械",4 [100/181],,,,,,,,,,
JOURNAL OF VACUUM SCIENCE & TECHNOLOGY B,2025,2166-2746/2166-2754,否,否,否,SCIE,1.2,,工程技术,4 [727/1437],否,三级," ENGINEERING, ELECTRICAL & ELECTRONIC 工程：电子与电气",4 [235/352], NANOSCIENCE & NANOTECHNOLOGY 纳米科技,4 [97/139]," PHYSICS, APPLIED 物理：应用",4 [122/178],,,,,,
JOURNAL OF ELECTRONIC PACKAGING,2025,1043-7398/1528-9044,否,否,否,SCIE,2.3,,工程技术,4 [728/1437],否,三级," ENGINEERING, ELECTRICAL & ELECTRONIC 工程：电子与电气",4 [237/352]," ENGINEERING, MECHANICAL 工程：机械",4 [101/181],,,,,,,,
International Journal for Uncertainty Quantification,2025,2152-5080/2152-5099,否,否,否,SCIE,1.8,,工程技术,4 [729/1437],否,三级," ENGINEERING, MULTIDISCIPLINARY 工程：综合",4 [70/179]," MATHEMATICS, INTERDISCIPLINARY APPLICATIONS 数学跨学科应用",4 [104/136],,,,,,,,
Journal of Ocean Engineering and Marine Energy,2025,2198-6444/2198-6452,否,否,否,ESCI,2.8,,工程技术,4 [730/1437],否,三级, ENERGY & FUELS 能源与燃料,4 [113/171]," ENGINEERING, OCEAN 工程：大洋",4 [10/18],,,,,,,,
COASTAL ENGINEERING JOURNAL,2025,2166-4250/1793-6292,否,否,否,SCIE,1.9,,工程技术,4 [731/1437],否,三级," ENGINEERING, CIVIL 工程：土木",4 [102/180]," ENGINEERING, OCEAN 工程：大洋",4 [11/18],,,,,,,,
Journal of Transportation Security,2025,1938-7741/1938-775X,否,否,否,ESCI,1.6,,工程技术,4 [732/1437],否,三级, TRANSPORTATION 交通运输,4 [47/58],,,,,,,,,,
PROCEEDINGS OF THE INSTITUTION OF CIVIL ENGINEERS-GEOTECHNICAL ENGINEERING,2025,1353-2618/1751-8563,否,否,否,SCIE,1.7,,工程技术,4 [733/1437],否,三级," ENGINEERING, GEOLOGICAL 工程：地质",4 [37/65]," GEOSCIENCES, MULTIDISCIPLINARY 地球科学：综合",4 [172/258],,,,,,,,
Process Integration and Optimization for Sustainability,2025,2509-4238/2509-4246,否,否,否,ESCI,2.5,,工程技术,4 [734/1437],否,三级, ENERGY & FUELS 能源与燃料,4 [114/171]," ENGINEERING, CHEMICAL 工程：化工",4 [94/169]," ENGINEERING, ENVIRONMENTAL 工程：环境",4 [53/80], ENVIRONMENTAL SCIENCES 环境科学,4 [264/357], GREEN & SUSTAINABLE SCIENCE & TECHNOLOGY 绿色可持续发展技术,4 [74/91],,
JOURNAL OF AEROSPACE ENGINEERING,2025,0893-1321/1943-5525,否,否,否,SCIE,1.6,,工程技术,4 [735/1437],否,三级," ENGINEERING, AEROSPACE 工程：宇航",4 [27/53]," ENGINEERING, CIVIL 工程：土木",4 [103/180],,,,,,,,
Jordan Journal of Mechanical and Industrial Engineering,2025,1995-6665/1995-6665,否,否,否,ESCI,,,工程技术,4 [736/1437],否,三级," ENGINEERING, MECHANICAL 工程：机械",4 [102/181],,,,,,,,,,
NUCLEAR TECHNOLOGY,2025,0029-5450/1943-7471,否,否,否,SCIE,2,,工程技术,4 [737/1437],否,三级, NUCLEAR SCIENCE & TECHNOLOGY 核科学技术,4 [27/41],,,,,,,,,,
Production and Manufacturing Research-An Open Access Journal,2025,2169-3277/2169-3277,否,否,是,ESCI,3.2,,工程技术,4 [738/1437],否,三级," ENGINEERING, INDUSTRIAL 工程：工业",4 [48/70],,,,,,,,,,
BUILDING ACOUSTICS,2025,1351-010X/2059-8025,否,否,否,ESCI,1.9,,工程技术,4 [739/1437],否,三级, ACOUSTICS 声学,4 [30/40],,,,,,,,,,
IET Science Measurement & Technology,2025,1751-8822/1751-8830,否,否,是,SCIE,1.3,,工程技术,4 [740/1437],否,三级," ENGINEERING, ELECTRICAL & ELECTRONIC 工程：电子与电气",4 [239/352],,,,,,,,,,
International Journal of Coal Preparation and Utilization,2025,1939-2699/1939-2702,否,否,否,SCIE,2.1,,工程技术,4 [741/1437],否,三级, ENERGY & FUELS 能源与燃料,4 [115/171], MINING & MINERAL PROCESSING 矿业与矿物加工,4 [16/32],,,,,,,,
International Journal of Computational Methods,2025,0219-8762/1793-6969,否,否,否,SCIE,1.6,,工程技术,4 [742/1437],否,三级," ENGINEERING, MULTIDISCIPLINARY 工程：综合",4 [72/179]," MATHEMATICS, INTERDISCIPLINARY APPLICATIONS 数学跨学科应用",4 [107/136],,,,,,,,
Journal of Industrial Textiles,2025,1528-0837/1530-8057,否,否,否,SCIE,2,,工程技术,4 [743/1437],否,三级," MATERIALS SCIENCE, TEXTILES 材料科学：纺织",3 [11/30],,,,,,,,,,
Production Engineering-Research and Development,2025,0944-6524/1863-7353,否,否,否,ESCI,1.6,,工程技术,4 [744/1437],否,三级," ENGINEERING, MANUFACTURING 工程：制造",4 [53/70],,,,,,,,,,
Journal of the Society for Information Display,2025,1071-0922/1938-3657,否,否,否,SCIE,2.2,,工程技术,4 [745/1437],否,三级," ENGINEERING, ELECTRICAL & ELECTRONIC 工程：电子与电气",4 [241/352]," MATERIALS SCIENCE, MULTIDISCIPLINARY 材料科学：综合",4 [283/436], OPTICS 光学,4 [85/119]," PHYSICS, APPLIED 物理：应用",4 [123/178],,,,
Proceedings of the Institution of Mechanical Engineers Part O-Journal of Risk and Reliability,2025,1748-006X/1748-0078,否,否,否,SCIE,1.8,,工程技术,4 [746/1437],否,三级," ENGINEERING, INDUSTRIAL 工程：工业",4 [49/70]," ENGINEERING, MULTIDISCIPLINARY 工程：综合",4 [73/179], OPERATIONS RESEARCH & MANAGEMENT SCIENCE 运筹学与管理科学,4 [85/106],,,,,,
Journal of Engineered Fibers and Fabrics,2025,1558-9250/1558-9250,否,否,是,SCIE,2.3,,工程技术,4 [747/1437],否,三级," MATERIALS SCIENCE, TEXTILES 材料科学：纺织",3 [12/30],,,,,,,,,,
SHOCK WAVES,2025,0938-1287/1432-2153,否,否,否,SCIE,1.8,,工程技术,4 [748/1437],否,三级, MECHANICS 力学,4 [111/171],,,,,,,,,,
Proceedings of the Institution of Civil Engineers-Bridge Engineering,2025,1478-4637/1751-7664,否,否,否,ESCI,1.6,,工程技术,4 [749/1437],否,三级," ENGINEERING, CIVIL 工程：土木",4 [104/180],,,,,,,,,,
CEAS Space Journal,2025,1868-2502/1868-2510,否,否,否,ESCI,1.8,,工程技术,4 [750/1437],否,三级," ENGINEERING, AEROSPACE 工程：宇航",4 [28/53],,,,,,,,,,
Heat Transfer,2025,2688-4534/2688-4542,否,否,否,ESCI,2.6,,工程技术,4 [751/1437],否,三级, THERMODYNAMICS 热力学,4 [42/78],,,,,,,,,,
JOURNAL OF ENERGY ENGINEERING,2025,0733-9402/1943-7897,否,否,否,SCIE,1.8,,工程技术,4 [752/1437],否,三级, ENERGY & FUELS 能源与燃料,4 [116/171]," ENGINEERING, CIVIL 工程：土木",4 [105/180],,,,,,,,
Practice Periodical on Structural Design and Construction,2025,1084-0680/1943-5576,否,否,否,ESCI,2.1,,工程技术,4 [753/1437],否,三级," ENGINEERING, CIVIL 工程：土木",4 [106/180],,,,,,,,,,
Smart Structures and Systems,2025,1738-1584/1738-1991,否,否,否,SCIE,2.2,,工程技术,4 [754/1437],否,三级," ENGINEERING, CIVIL 工程：土木",4 [107/180]," ENGINEERING, MECHANICAL 工程：机械",4 [104/181], INSTRUMENTS & INSTRUMENTATION 仪器仪表,4 [48/76],,,,,,
JOURNAL OF WATERWAY PORT COASTAL AND OCEAN ENGINEERING,2025,0733-950X/1943-5460,否,否,否,SCIE,1.6,,工程技术,4 [755/1437],否,三级," ENGINEERING, CIVIL 工程：土木",4 [108/180]," ENGINEERING, OCEAN 工程：大洋",4 [12/18], WATER RESOURCES 水资源,4 [83/124],,,,,,
ORGANIC ELECTRONICS,2025,1566-1199/1878-5530,否,否,否,SCIE,2.6,,工程技术,4 [756/1437],否,三级," MATERIALS SCIENCE, MULTIDISCIPLINARY 材料科学：综合",4 [286/436]," PHYSICS, APPLIED 物理：应用",4 [124/178],,,,,,,,
TEXTILE RESEARCH JOURNAL,2025,0040-5175/1746-7748,否,否,否,SCIE,1.9,,工程技术,4 [757/1437],否,三级," MATERIALS SCIENCE, TEXTILES 材料科学：纺织",3 [13/30],,,,,,,,,,
Journal of Building Physics,2025,1744-2591/1744-2583,否,否,否,SCIE,1.4,,工程技术,4 [758/1437],否,三级, CONSTRUCTION & BUILDING TECHNOLOGY 结构与建筑技术,4 [46/91],,,,,,,,,,
Transportation in Developing Economies,2025,2199-9287/2199-9295,否,否,否,ESCI,2.1,,工程技术,4 [759/1437],否,三级, TRANSPORTATION 交通运输,4 [49/58],,,,,,,,,,
International Journal of Industrial Engineering Computations,2025,1923-2926/1923-2934,否,否,是,SCIE,1.8,,工程技术,4 [760/1437],否,三级," ENGINEERING, INDUSTRIAL 工程：工业",4 [50/70], OPERATIONS RESEARCH & MANAGEMENT SCIENCE 运筹学与管理科学,4 [87/106],,,,,,,,
Manufacturing Review,2025,2265-4224/2265-4224,否,否,是,ESCI,2.9,,工程技术,4 [761/1437],否,三级," ENGINEERING, MANUFACTURING 工程：制造",4 [54/70],,,,,,,,,,
Journal of Aerospace Information Systems,2025,1940-3151/2327-3097,否,否,否,SCIE,1.5,,工程技术,4 [762/1437],否,三级," ENGINEERING, AEROSPACE 工程：宇航",4 [29/53],,,,,,,,,,
ELECTRICAL ENGINEERING,2025,0948-7921/1432-0487,否,否,否,SCIE,1.9,,工程技术,4 [763/1437],否,三级," ENGINEERING, ELECTRICAL & ELECTRONIC 工程：电子与电气",4 [242/352],,,,,,,,,,
INTERNATIONAL JOURNAL OF NUMERICAL MODELLING-ELECTRONIC NETWORKS DEVICES AND FIELDS,2025,0894-3370/1099-1204,否,否,否,SCIE,1.7,,工程技术,4 [764/1437],否,三级," ENGINEERING, ELECTRICAL & ELECTRONIC 工程：电子与电气",4 [243/352]," MATHEMATICS, INTERDISCIPLINARY APPLICATIONS 数学跨学科应用",4 [108/136],,,,,,,,
OIL SHALE,2025,0208-189X/1736-7492,否,否,是,SCIE,1.4,,工程技术,4 [765/1437],否,三级," ENGINEERING, PETROLEUM 工程：石油",3 [9/24], ENERGY & FUELS 能源与燃料,4 [117/171],,,,,,,,
Journal of Quality in Maintenance Engineering,2025,1355-2511/1758-7832,否,否,否,ESCI,2.4,,工程技术,4 [766/1437],否,三级," ENGINEERING, INDUSTRIAL 工程：工业",4 [51/70],,,,,,,,,,
Glass Structures & Engineering,2025,2363-5142/2363-5150,否,否,否,ESCI,1.5,,工程技术,4 [767/1437],否,三级, CONSTRUCTION & BUILDING TECHNOLOGY 结构与建筑技术,4 [47/91],,,,,,,,,,
JOURNAL OF POROUS MEDIA,2025,1091-028X/1934-0508,否,否,否,SCIE,2.3,,工程技术,4 [768/1437],否,三级," ENGINEERING, MECHANICAL 工程：机械",4 [105/181], MECHANICS 力学,4 [113/171], THERMODYNAMICS 热力学,4 [43/78],,,,,,
Geotechnical and Geological Engineering,2025,0960-3182/1573-1529,否,否,否,ESCI,2,,工程技术,4 [769/1437],否,三级," ENGINEERING, GEOLOGICAL 工程：地质",4 [38/65],,,,,,,,,,
JOURNAL OF IRRIGATION AND DRAINAGE ENGINEERING,2025,0733-9437/1943-4774,否,否,否,SCIE,2.1,,工程技术,4 [770/1437],否,三级, AGRICULTURAL ENGINEERING 农业工程,3 [9/19]," ENGINEERING, CIVIL 工程：土木",4 [109/180], WATER RESOURCES 水资源,4 [86/124],,,,,,
Journal of Mechanical Science and Technology,2025,1738-494X/1976-3824,否,否,否,SCIE,1.7,,工程技术,4 [771/1437],否,三级," ENGINEERING, MECHANICAL 工程：机械",4 [106/181],,,,,,,,,,
Journal of Computational and Theoretical Transport,2025,2332-4309/2332-4325,否,否,否,SCIE,1.1,,工程技术,4 [772/1437],否,三级," MATHEMATICS, APPLIED 应用数学",4 [274/330]," PHYSICS, MATHEMATICAL 物理：数学物理",4 [49/60],,,,,,,,
International Journal of Protective Structures,2025,2041-4196/2041-420X,否,否,否,ESCI,1.7,,工程技术,4 [773/1437],否,三级," ENGINEERING, CIVIL 工程：土木",4 [110/180],,,,,,,,,,
Frontiers in Mechanical Engineering-Switzerland,2025,2297-3079/2297-3079,否,否,是,ESCI,3,,工程技术,4 [774/1437],否,三级," ENGINEERING, MECHANICAL 工程：机械",4 [108/181], MECHANICS 力学,4 [114/171],,,,,,,,
NUMERICAL HEAT TRANSFER PART B-FUNDAMENTALS,2025,1040-7790/1521-0626,否,否,否,SCIE,3.8,,工程技术,4 [775/1437],否,三级, MECHANICS 力学,4 [115/171], THERMODYNAMICS 热力学,4 [44/78],,,,,,,,
Acta Polytechnica Hungarica,2025,1785-8860/1785-8860,否,否,否,SCIE,1.8,,工程技术,4 [776/1437],否,三级," ENGINEERING, MULTIDISCIPLINARY 工程：综合",4 [74/179],,,,,,,,,,
JOURNAL OF THE MECHANICAL BEHAVIOR OF MATERIALS,2025,0334-8938/2191-0243,否,否,是,ESCI,1.7,,工程技术,4 [777/1437],否,三级," MATERIALS SCIENCE, MULTIDISCIPLINARY 材料科学：综合",4 [291/436], MECHANICS 力学,4 [116/171],,,,,,,,
JOURNAL OF RESEARCH OF THE NATIONAL INSTITUTE OF STANDARDS AND TECHNOLOGY,2025,1044-677X/2165-7254,否,否,是,SCIE,,,工程技术,4 [778/1437],否,三级, INSTRUMENTS & INSTRUMENTATION 仪器仪表,4 [51/76]," PHYSICS, APPLIED 物理：应用",4 [128/178],,,,,,,,
Production Engineering Archives,2025,2353-5156/2353-7779,否,否,是,ESCI,1.6,,工程技术,4 [779/1437],否,三级," ENGINEERING, INDUSTRIAL 工程：工业",4 [52/70]," MATERIALS SCIENCE, MULTIDISCIPLINARY 材料科学：综合",4 [292/436],,,,,,,,
Geomechanics and Geoengineering-An International Journal,2025,1748-6025/1748-6033,否,否,否,ESCI,1.6,,工程技术,4 [780/1437],否,三级," ENGINEERING, GEOLOGICAL 工程：地质",4 [39/65],,,,,,,,,,
Journal of Industrial Engineering and Management-JIEM,2025,2013-8423/2013-0953,否,否,是,ESCI,2.1,,工程技术,4 [781/1437],否,三级," ENGINEERING, INDUSTRIAL 工程：工业",4 [53/70],,,,,,,,,,
EPJ Nuclear Sciences & Technologies,2025,2491-9292/2491-9292,否,否,是,ESCI,1.7,,工程技术,4 [782/1437],否,三级, NUCLEAR SCIENCE & TECHNOLOGY 核科学技术,4 [30/41],,,,,,,,,,
ENGINEERING COMPUTATIONS,2025,0264-4401/1758-7077,否,否,否,SCIE,1.9,,工程技术,4 [783/1437],否,三级," COMPUTER SCIENCE, INTERDISCIPLINARY APPLICATIONS 计算机：跨学科应用",4 [138/172]," ENGINEERING, MULTIDISCIPLINARY 工程：综合",4 [75/179]," MATHEMATICS, INTERDISCIPLINARY APPLICATIONS 数学跨学科应用",4 [111/136], MECHANICS 力学,4 [117/171],,,,
IEEE Letters on Electromagnetic Compatibility Practice and Applications,2025,2637-6423/2637-6423,否,否,否,ESCI,1,,工程技术,4 [784/1437],否,三级," ENGINEERING, ELECTRICAL & ELECTRONIC 工程：电子与电气",4 [245/352],,,,,,,,,,
SEPARATION SCIENCE AND TECHNOLOGY,2025,0149-6395/1520-5754,否,否,否,SCIE,2.3,,工程技术,4 [785/1437],否,三级," CHEMISTRY, MULTIDISCIPLINARY 化学：综合",4 [137/230]," ENGINEERING, CHEMICAL 工程：化工",4 [95/169],,,,,,,,
TRANSPORTATION RESEARCH RECORD,2025,0361-1981/2169-4052,否,否,否,SCIE,1.8,,工程技术,4 [786/1437],否,三级," ENGINEERING, CIVIL 工程：土木",4 [111/180], TRANSPORTATION SCIENCE & TECHNOLOGY 运输科技,4 [46/71],,,,,,,,
Lubrication Science,2025,0954-0075/1557-6833,否,否,否,SCIE,1.9,,工程技术,4 [787/1437],否,三级," ENGINEERING, CHEMICAL 工程：化工",4 [96/169]," ENGINEERING, MECHANICAL 工程：机械",4 [109/181],,,,,,,,
Manufacturing Technology,2025,1213-2489/2787-9402,否,否,否,ESCI,1.4,,工程技术,4 [788/1437],否,三级," ENGINEERING, MANUFACTURING 工程：制造",4 [55/70]," ENGINEERING, MECHANICAL 工程：机械",4 [110/181]," MATERIALS SCIENCE, MULTIDISCIPLINARY 材料科学：综合",4 [296/436],,,,,,
Measurement Science Review,2025,1335-8871/1335-8871,否,否,是,SCIE,0.8,,工程技术,4 [789/1437],否,三级, INSTRUMENTS & INSTRUMENTATION 仪器仪表,4 [54/76],,,,,,,,,,
Advanced Manufacturing-Polymer & Composites Science,2025,2055-0340/2055-0359,否,否,是,ESCI,2.2,,工程技术,4 [790/1437],否,三级," ENGINEERING, MANUFACTURING 工程：制造",4 [56/70],,,,,,,,,,
Journal of Industrial and Management Optimization,2025,1547-5816/1553-166X,否,否,否,SCIE,1.6,,工程技术,4 [791/1437],否,三级," ENGINEERING, MULTIDISCIPLINARY 工程：综合",4 [77/179]," MATHEMATICS, INTERDISCIPLINARY APPLICATIONS 数学跨学科应用",4 [112/136], OPERATIONS RESEARCH & MANAGEMENT SCIENCE 运筹学与管理科学,4 [91/106],,,,,,
CIVIL ENGINEERING AND ENVIRONMENTAL SYSTEMS,2025,1028-6608/1029-0249,否,否,否,SCIE,1.1,,工程技术,4 [792/1437],否,三级," ENGINEERING, CIVIL 工程：土木",4 [112/180],,,,,,,,,,
International Journal of Production Management and Engineering,2025,2340-5317/2340-4876,否,否,是,ESCI,1.3,,工程技术,4 [793/1437],否,三级," ENGINEERING, MULTIDISCIPLINARY 工程：综合",4 [78/179],,,,,,,,,,
Cogent Engineering,2025,2331-1916/2331-1916,否,否,是,ESCI,2.5,,工程技术,4 [794/1437],否,三级," ENGINEERING, MULTIDISCIPLINARY 工程：综合",4 [79/179],,,,,,,,,,
Journal of Astronomical Telescopes Instruments and Systems,2025,2329-4124/2329-4221,否,否,否,SCIE,3.1,,工程技术,4 [795/1437],否,三级," ENGINEERING, AEROSPACE 工程：宇航",4 [30/53], INSTRUMENTS & INSTRUMENTATION 仪器仪表,4 [55/76], OPTICS 光学,4 [87/119],,,,,,
TEXTILE PROGRESS,2025,0040-5167/1754-2278,否,否,否,ESCI,3.1,,工程技术,4 [796/1437],否,三级," MATERIALS SCIENCE, TEXTILES 材料科学：纺织",3 [14/30],,,,,,,,,,
JOURNAL OF MECHANICS,2025,1727-7191/1811-8216,否,否,是,SCIE,1.8,,工程技术,4 [797/1437],否,三级, MECHANICS 力学,4 [119/171],,,,,,,,,,
Management Systems in Production Engineering,2025,2299-0461/2450-5781,否,否,是,ESCI,1.5,,工程技术,4 [798/1437],否,三级," ENGINEERING, INDUSTRIAL 工程：工业",4 [54/70],,,,,,,,,,
Advances in Building Energy Research,2025,1751-2549/1756-2201,否,否,否,ESCI,2.5,,工程技术,4 [799/1437],否,三级, CONSTRUCTION & BUILDING TECHNOLOGY 结构与建筑技术,4 [48/91],,,,,,,,,,
JOURNAL OF ENHANCED HEAT TRANSFER,2025,1065-5131/1563-5074,否,否,否,SCIE,1.5,,工程技术,4 [800/1437],否,三级," ENGINEERING, MECHANICAL 工程：机械",4 [111/181], THERMODYNAMICS 热力学,4 [45/78],,,,,,,,
Ships and Offshore Structures,2025,1744-5302/1754-212X,否,否,否,SCIE,1.8,,工程技术,4 [801/1437],否,三级," ENGINEERING, MARINE 工程：海洋",4 [14/26],,,,,,,,,,
JOURNAL OF ELECTROMAGNETIC WAVES AND APPLICATIONS,2025,0920-5071/1569-3937,否,否,否,SCIE,1.1,,工程技术,4 [802/1437],否,三级," ENGINEERING, ELECTRICAL & ELECTRONIC 工程：电子与电气",4 [248/352]," PHYSICS, APPLIED 物理：应用",4 [133/178],,,,,,,,
INTERNATIONAL JOURNAL OF AUTOMOTIVE TECHNOLOGY,2025,1229-9138/1976-3832,否,否,否,SCIE,1.5,,工程技术,4 [803/1437],否,三级," ENGINEERING, MECHANICAL 工程：机械",4 [112/181], TRANSPORTATION SCIENCE & TECHNOLOGY 运输科技,4 [47/71],,,,,,,,
JOURNAL OF SOLAR ENERGY ENGINEERING-TRANSACTIONS OF THE ASME,2025,0199-6231/1528-8986,否,否,否,SCIE,1.9,,工程技术,4 [804/1437],否,三级, ENERGY & FUELS 能源与燃料,4 [118/171]," ENGINEERING, MECHANICAL 工程：机械",4 [113/181],,,,,,,,
MACROMOLECULAR RESEARCH,2025,1598-5032/2092-7673,否,否,否,SCIE,3.4,,工程技术,4 [805/1437],否,三级, POLYMER SCIENCE 高分子科学,4 [59/94],,,,,,,,,,
MICROGRAVITY SCIENCE AND TECHNOLOGY,2025,0938-0108/1875-0494,否,否,否,SCIE,1.3,,工程技术,4 [806/1437],否,三级," ENGINEERING, AEROSPACE 工程：宇航",4 [31/53], MECHANICS 力学,4 [120/171], THERMODYNAMICS 热力学,4 [46/78],,,,,,
JOURNAL OF SHIP RESEARCH,2025,0022-4502/1542-0604,否,否,否,SCIE,1,,工程技术,4 [807/1437],否,三级," ENGINEERING, CIVIL 工程：土木",4 [113/180]," ENGINEERING, MARINE 工程：海洋",4 [15/26],,,,,,,,
World Electric Vehicle Journal,2025,2032-6653/2032-6653,否,否,是,ESCI,2.6,,工程技术,4 [808/1437],否,三级," ENGINEERING, ELECTRICAL & ELECTRONIC 工程：电子与电气",4 [249/352], TRANSPORTATION SCIENCE & TECHNOLOGY 运输科技,4 [48/71],,,,,,,,
ChemEngineering,2025,2305-7084/2305-7084,否,否,是,ESCI,3.4,,工程技术,4 [809/1437],否,三级," ENGINEERING, CHEMICAL 工程：化工",4 [99/169],,,,,,,,,,
FLUCTUATION AND NOISE LETTERS,2025,0219-4775/1793-6780,否,否,否,SCIE,0.9,,工程技术,4 [810/1437],否,三级," MATHEMATICS, INTERDISCIPLINARY APPLICATIONS 数学跨学科应用",4 [114/136]," PHYSICS, APPLIED 物理：应用",4 [134/178],,,,,,,,
JOURNAL OF SPACECRAFT AND ROCKETS,2025,0022-4650/1533-6794,否,否,否,SCIE,1.9,,工程技术,4 [811/1437],否,三级," ENGINEERING, AEROSPACE 工程：宇航",4 [32/53],,,,,,,,,,
HEAT AND MASS TRANSFER,2025,0947-7411/1432-1181,否,否,否,SCIE,2,,工程技术,4 [812/1437],否,三级, MECHANICS 力学,4 [121/171], THERMODYNAMICS 热力学,4 [47/78],,,,,,,,
Journal of Building Performance Simulation,2025,1940-1493/1940-1507,否,否,否,SCIE,2.3,,工程技术,4 [813/1437],否,三级, CONSTRUCTION & BUILDING TECHNOLOGY 结构与建筑技术,4 [49/91],,,,,,,,,,
International Journal of Spray and Combustion Dynamics,2025,1756-8277/1756-8285,否,否,否,SCIE,2.1,,工程技术,4 [814/1437],否,三级," ENGINEERING, MECHANICAL 工程：机械",4 [114/181], THERMODYNAMICS 热力学,4 [48/78],,,,,,,,
PROCEEDINGS OF THE INSTITUTION OF MECHANICAL ENGINEERS PART E-JOURNAL OF PROCESS MECHANICAL ENGINEERING,2025,0954-4089/2041-3009,否,否,否,SCIE,2.2,,工程技术,4 [815/1437],否,三级," ENGINEERING, MECHANICAL 工程：机械",4 [115/181],,,,,,,,,,
JOURNAL OF ENGINEERING FOR GAS TURBINES AND POWER-TRANSACTIONS OF THE ASME,2025,0742-4795/1528-8919,否,否,否,SCIE,2.1,,工程技术,4 [816/1437],否,三级," ENGINEERING, MECHANICAL 工程：机械",4 [116/181],,,,,,,,,,
Advances in Mechanical Engineering,2025,1687-8132/1687-8140,否,否,是,SCIE,2,,工程技术,4 [817/1437],否,三级," ENGINEERING, MECHANICAL 工程：机械",4 [117/181], THERMODYNAMICS 热力学,4 [49/78],,,,,,,,
INTERNATIONAL JOURNAL OF CRASHWORTHINESS,2025,1358-8265/1754-2111,否,否,否,SCIE,2,,工程技术,4 [818/1437],否,三级," ENGINEERING, MANUFACTURING 工程：制造",4 [58/70]," ENGINEERING, MECHANICAL 工程：机械",4 [118/181],,,,,,,,
COMBUSTION SCIENCE AND TECHNOLOGY,2025,0010-2202/1563-521X,否,否,否,SCIE,1.5,,工程技术,4 [819/1437],否,三级, ENERGY & FUELS 能源与燃料,4 [119/171]," ENGINEERING, CHEMICAL 工程：化工",4 [100/169]," ENGINEERING, MULTIDISCIPLINARY 工程：综合",4 [80/179], THERMODYNAMICS 热力学,4 [50/78],,,,
ELECTRIC POWER COMPONENTS AND SYSTEMS,2025,1532-5008/1532-5016,否,否,否,SCIE,1.5,,工程技术,4 [820/1437],否,三级," ENGINEERING, ELECTRICAL & ELECTRONIC 工程：电子与电气",4 [252/352],,,,,,,,,,
MICROSYSTEM TECHNOLOGIES-MICRO-AND NANOSYSTEMS-INFORMATION STORAGE AND PROCESSING SYSTEMS,2025,0946-7076/1432-1858,否,否,否,SCIE,1.8,,工程技术,4 [821/1437],否,三级," ENGINEERING, ELECTRICAL & ELECTRONIC 工程：电子与电气",4 [254/352]," MATERIALS SCIENCE, MULTIDISCIPLINARY 材料科学：综合",4 [304/436], NANOSCIENCE & NANOTECHNOLOGY 纳米科技,4 [103/139]," PHYSICS, APPLIED 物理：应用",4 [136/178],,,,
Journal of Thermal Science and Engineering Applications,2025,1948-5085/1948-5093,否,否,否,SCIE,1.4,,工程技术,4 [822/1437],否,三级," ENGINEERING, MECHANICAL 工程：机械",4 [119/181], THERMODYNAMICS 热力学,4 [51/78],,,,,,,,
JOURNAL OF LASER APPLICATIONS,2025,1042-346X/1938-1387,否,否,否,SCIE,1.8,,工程技术,4 [823/1437],否,三级," MATERIALS SCIENCE, MULTIDISCIPLINARY 材料科学：综合",4 [305/436], OPTICS 光学,4 [89/119]," PHYSICS, APPLIED 物理：应用",4 [137/178],,,,,,
INTERNATIONAL JOURNAL OF NONLINEAR SCIENCES AND NUMERICAL SIMULATION,2025,1565-1339/2191-0294,否,否,否,SCIE,1.5,,工程技术,4 [824/1437],否,三级," ENGINEERING, MULTIDISCIPLINARY 工程：综合",4 [81/179]," MATHEMATICS, APPLIED 应用数学",4 [289/330], MECHANICS 力学,4 [122/171]," PHYSICS, MATHEMATICAL 物理：数学物理",4 [52/60],,,,
Journal of Architectural Engineering,2025,1076-0431/1943-5568,否,否,否,ESCI,1.5,,工程技术,4 [825/1437],否,三级, CONSTRUCTION & BUILDING TECHNOLOGY 结构与建筑技术,4 [50/91],,,,,,,,,,
International Journal of Energy and Environmental Engineering,2025,2008-9163/2251-6832,否,否,否,ESCI,2.4,,工程技术,4 [826/1437],否,三级, ENERGY & FUELS 能源与燃料,4 [120/171],,,,,,,,,,
Science and Technology for Energy Transition,2025,2804-7699/2804-7699,否,否,是,SCIE,1.9,,工程技术,4 [827/1437],否,三级," ENGINEERING, PETROLEUM 工程：石油",3 [10/24], ENERGY & FUELS 能源与燃料,4 [121/171]," ENGINEERING, CHEMICAL 工程：化工",4 [101/169],,,,,,
FUSION SCIENCE AND TECHNOLOGY,2025,1536-1055/1943-7641,否,否,否,SCIE,1.2,,工程技术,4 [828/1437],否,三级, NUCLEAR SCIENCE & TECHNOLOGY 核科学技术,4 [31/41],,,,,,,,,,
Proceedings of the Institution of Mechanical Engineers Part M-Journal of Engineering for the Maritime Environment,2025,1475-0902/2041-3084,否,否,否,SCIE,1.5,,工程技术,4 [829/1437],否,三级," ENGINEERING, MARINE 工程：海洋",4 [16/26],,,,,,,,,,
WIND AND STRUCTURES,2025,1226-6116/1598-6225,否,否,否,SCIE,1.9,,工程技术,4 [830/1437],否,三级, CONSTRUCTION & BUILDING TECHNOLOGY 结构与建筑技术,4 [51/91]," ENGINEERING, CIVIL 工程：土木",4 [114/180], MECHANICS 力学,4 [123/171],,,,,,
Energy Sources Part A-Recovery Utilization and Environmental Effects,2025,1556-7036/1556-7230,否,否,否,SCIE,2.2,,工程技术,4 [831/1437],否,三级, ENERGY & FUELS 能源与燃料,4 [122/171]," ENGINEERING, CHEMICAL 工程：化工",4 [102/169],,,,,,,,
Autex Research Journal,2025,1470-9589/2300-0929,否,否,是,SCIE,1.6,,工程技术,4 [832/1437],否,三级," MATERIALS SCIENCE, TEXTILES 材料科学：纺织",3 [15/30],,,,,,,,,,
INTERNATIONAL JOURNAL OF ELECTRONICS,2025,0020-7217/1362-3060,否,否,否,SCIE,1.1,,工程技术,4 [833/1437],否,三级," ENGINEERING, ELECTRICAL & ELECTRONIC 工程：电子与电气",4 [255/352],,,,,,,,,,
GOLD BULLETIN,2025,2364-821X/2190-7579,否,否,否,SCIE,1.5,,工程技术,4 [834/1437],否,三级," CHEMISTRY, INORGANIC & NUCLEAR 无机化学与核化学",4 [31/44]," CHEMISTRY, PHYSICAL 物理化学",4 [78/104]," MATERIALS SCIENCE, MULTIDISCIPLINARY 材料科学：综合",4 [307/436],,,,,,
IEEE INSTRUMENTATION & MEASUREMENT MAGAZINE,2025,1094-6969/1941-0123,否,否,否,SCIE,1.6,,工程技术,4 [835/1437],否,三级," ENGINEERING, ELECTRICAL & ELECTRONIC 工程：电子与电气",4 [256/352], INSTRUMENTS & INSTRUMENTATION 仪器仪表,4 [57/76],,,,,,,,
International Journal of Renewable Energy Development-IJRED,2025,2252-4940/2252-4940,否,否,是,ESCI,2,,工程技术,4 [836/1437],否,三级, ENERGY & FUELS 能源与燃料,4 [123/171], GREEN & SUSTAINABLE SCIENCE & TECHNOLOGY 绿色可持续发展技术,4 [75/91],,,,,,,,
MAGAZINE OF CONCRETE RESEARCH,2025,0024-9831/1751-763X,否,否,否,SCIE,1.6,,工程技术,4 [837/1437],否,三级, CONSTRUCTION & BUILDING TECHNOLOGY 结构与建筑技术,4 [52/91]," MATERIALS SCIENCE, MULTIDISCIPLINARY 材料科学：综合",4 [310/436],,,,,,,,
FORSCHUNG IM INGENIEURWESEN-ENGINEERING RESEARCH,2025,0015-7899/1434-0860,否,否,否,SCIE,1,,工程技术,4 [838/1437],否,三级," ENGINEERING, MECHANICAL 工程：机械",4 [120/181]," ENGINEERING, MULTIDISCIPLINARY 工程：综合",4 [82/179],,,,,,,,
IET Circuits Devices & Systems,2025,1751-858X/1751-8598,否,否,是,SCIE,1.2,,工程技术,4 [839/1437],否,三级," ENGINEERING, ELECTRICAL & ELECTRONIC 工程：电子与电气",4 [257/352],,,,,,,,,,
SADHANA-ACADEMY PROCEEDINGS IN ENGINEERING SCIENCES,2025,0256-2499/0973-7677,否,否,否,SCIE,1.4,,工程技术,4 [840/1437],否,三级," ENGINEERING, MULTIDISCIPLINARY 工程：综合",4 [83/179],,,,,,,,,,
MEASUREMENT & CONTROL,2025,0020-2940/2051-8730,否,否,是,SCIE,2,,工程技术,4 [841/1437],否,三级, AUTOMATION & CONTROL SYSTEMS 自动化与控制系统,4 [64/83], INSTRUMENTS & INSTRUMENTATION 仪器仪表,4 [58/76],,,,,,,,
Structural Engineering International,2025,1016-8664/1683-0350,否,否,否,SCIE,1.4,,工程技术,4 [842/1437],否,三级, CONSTRUCTION & BUILDING TECHNOLOGY 结构与建筑技术,4 [53/91]," ENGINEERING, CIVIL 工程：土木",4 [115/180],,,,,,,,
Iranian Journal of Science and Technology-Transactions of Mechanical Engineering,2025,2228-6187/2364-1835,否,否,否,SCIE,1.7,,工程技术,4 [843/1437],否,三级," ENGINEERING, MECHANICAL 工程：机械",4 [121/181],,,,,,,,,,
Geotechnical Research,2025,2052-6156/2052-6156,否,否,是,ESCI,1.8,,工程技术,4 [844/1437],否,三级," ENGINEERING, GEOLOGICAL 工程：地质",4 [41/65],,,,,,,,,,
JOURNAL OF SURFACTANTS AND DETERGENTS,2025,1097-3958/1558-9293,否,否,否,SCIE,1.8,,工程技术,4 [845/1437],否,三级," CHEMISTRY, APPLIED 应用化学",4 [49/74]," CHEMISTRY, PHYSICAL 物理化学",4 [81/104]," ENGINEERING, CHEMICAL 工程：化工",4 [104/169],,,,,,
Proceedings of the Institution of Civil Engineers-Ground Improvement,2025,1755-0750/1755-0769,否,否,否,ESCI,1.7,,工程技术,4 [846/1437],否,三级," ENGINEERING, GEOLOGICAL 工程：地质",4 [42/65],,,,,,,,,,
International Journal of Clothing Science and Technology,2025,0955-6222/1758-5953,否,否,否,SCIE,1.3,,工程技术,4 [847/1437],否,三级," MATERIALS SCIENCE, TEXTILES 材料科学：纺织",3 [16/30],,,,,,,,,,
EXPERIMENTAL TECHNIQUES,2025,0732-8818/1747-1567,否,否,否,SCIE,1.9,,工程技术,4 [848/1437],否,三级," ENGINEERING, MECHANICAL 工程：机械",4 [122/181]," MATERIALS SCIENCE, CHARACTERIZATION & TESTING 材料科学：表征与测试",4 [23/38], MECHANICS 力学,4 [125/171],,,,,,
Mining Metallurgy & Exploration,2025,2524-3462/2524-3470,否,否,否,SCIE,2,,工程技术,4 [849/1437],否,三级, METALLURGY & METALLURGICAL ENGINEERING 冶金工程,4 [46/94], MINING & MINERAL PROCESSING 矿业与矿物加工,4 [18/32],,,,,,,,
International Journal for Multiscale Computational Engineering,2025,1543-1649/1940-4352,否,否,否,SCIE,1.4,,工程技术,4 [850/1437],否,三级," ENGINEERING, MULTIDISCIPLINARY 工程：综合",4 [84/179]," MATHEMATICS, INTERDISCIPLINARY APPLICATIONS 数学跨学科应用",4 [115/136],,,,,,,,
Metrology and Measurement Systems,2025,0860-8229/2300-1941,否,否,是,SCIE,1.1,,工程技术,4 [851/1437],否,三级, INSTRUMENTS & INSTRUMENTATION 仪器仪表,4 [59/76],,,,,,,,,,
Energy Technology,2025,2194-4288/2194-4296,否,否,否,SCIE,3.6,,工程技术,4 [852/1437],否,三级, ENERGY & FUELS 能源与燃料,4 [126/171],,,,,,,,,,
Coupled Systems Mechanics,2025,2234-2184/2234-2192,否,否,否,ESCI,1.3,,工程技术,4 [853/1437],否,三级, MECHANICS 力学,4 [126/171],,,,,,,,,,
JOURNAL OF THE TEXTILE INSTITUTE,2025,0040-5000/1754-2340,否,否,否,SCIE,1.5,,工程技术,4 [854/1437],否,三级," MATERIALS SCIENCE, TEXTILES 材料科学：纺织",4 [17/30],,,,,,,,,,
FLUID DYNAMICS RESEARCH,2025,0169-5983/1873-7005,否,否,否,SCIE,1.1,,工程技术,4 [855/1437],否,三级, MECHANICS 力学,4 [127/171]," PHYSICS, FLUIDS & PLASMAS 物理：流体与等离子体",4 [33/40],,,,,,,,
European Journal of Industrial Engineering,2025,1751-5254/1751-5262,否,否,否,SCIE,1.4,,工程技术,4 [856/1437],否,三级," ENGINEERING, INDUSTRIAL 工程：工业",4 [56/70], OPERATIONS RESEARCH & MANAGEMENT SCIENCE 运筹学与管理科学,4 [96/106],,,,,,,,
JOURNAL OF STRAIN ANALYSIS FOR ENGINEERING DESIGN,2025,0309-3247/2041-3130,否,否,否,SCIE,1.8,,工程技术,4 [857/1437],否,三级," ENGINEERING, MECHANICAL 工程：机械",4 [123/181]," MATERIALS SCIENCE, CHARACTERIZATION & TESTING 材料科学：表征与测试",4 [24/38], MECHANICS 力学,4 [128/171],,,,,,
ADVANCES IN POLYMER TECHNOLOGY,2025,0730-6679/1098-2329,否,否,是,SCIE,2.5,,工程技术,4 [858/1437],否,三级," ENGINEERING, CHEMICAL 工程：化工",4 [105/169], POLYMER SCIENCE 高分子科学,4 [64/94],,,,,,,,
Sensing and Imaging,2025,1557-2064/1557-2072,否,否,否,ESCI,2,,工程技术,4 [859/1437],否,三级, INSTRUMENTS & INSTRUMENTATION 仪器仪表,4 [60/76],,,,,,,,,,
SPE Production & Operations,2025,1930-1855/1930-1863,否,否,否,SCIE,1.3,,工程技术,4 [860/1437],否,三级," ENGINEERING, PETROLEUM 工程：石油",3 [11/24],,,,,,,,,,
International Journal for Quality Research,2025,1800-6450/1800-7473,否,否,是,ESCI,1,,工程技术,4 [861/1437],否,三级," ENGINEERING, INDUSTRIAL 工程：工业",4 [57/70],,,,,,,,,,
HEAT TRANSFER ENGINEERING,2025,0145-7632/1521-0537,否,否,否,SCIE,1.6,,工程技术,4 [862/1437],否,三级," ENGINEERING, MECHANICAL 工程：机械",4 [124/181], MECHANICS 力学,4 [129/171], THERMODYNAMICS 热力学,4 [52/78],,,,,,
Journal of Electrical Engineering & Technology,2025,1975-0102/2093-7423,否,否,否,SCIE,1.6,,工程技术,4 [863/1437],否,三级," ENGINEERING, ELECTRICAL & ELECTRONIC 工程：电子与电气",4 [260/352],,,,,,,,,,
Revue Roumaine des Sciences Techniques-Serie Electrotechnique et Energetique,2025,0035-4066,否,否,否,SCIE,1.1,,工程技术,4 [864/1437],否,三级," ENGINEERING, ELECTRICAL & ELECTRONIC 工程：电子与电气",4 [261/352],,,,,,,,,,
International Journal for Computational Methods in Engineering Science & Mechanics,2025,1550-2287/1550-2295,否,否,否,ESCI,1.4,,工程技术,4 [865/1437],否,三级, MECHANICS 力学,4 [130/171],,,,,,,,,,
International Journal of Chemical Engineering,2025,1687-806X/1687-8078,否,否,是,SCIE,2.4,,工程技术,4 [866/1437],否,三级," ENGINEERING, CHEMICAL 工程：化工",4 [106/169],,,,,,,,,,
INSTRUMENTATION SCIENCE & TECHNOLOGY,2025,1073-9149/1525-6030,否,否,否,SCIE,1.3,,工程技术,4 [867/1437],否,三级," CHEMISTRY, ANALYTICAL 分析化学",4 [79/106], INSTRUMENTS & INSTRUMENTATION 仪器仪表,4 [61/76],,,,,,,,
COMPLEXITY,2025,1076-2787/1099-0526,否,否,是,SCIE,1.7,,工程技术,4 [868/1437],否,三级," MATHEMATICS, INTERDISCIPLINARY APPLICATIONS 数学跨学科应用",4 [116/136], MULTIDISCIPLINARY SCIENCES 综合性期刊,4 [68/131],,,,,,,,
Earthquakes and Structures,2025,2092-7614/2092-7622,否,否,否,SCIE,1.1,,工程技术,4 [869/1437],否,三级," ENGINEERING, CIVIL 工程：土木",4 [116/180]," ENGINEERING, GEOLOGICAL 工程：地质",4 [43/65],,,,,,,,
JOURNAL OF OFFSHORE MECHANICS AND ARCTIC ENGINEERING-TRANSACTIONS OF THE ASME,2025,0892-7219/1528-896X,否,否,否,SCIE,2.1,,工程技术,4 [870/1437],否,三级," ENGINEERING, MECHANICAL 工程：机械",4 [125/181]," ENGINEERING, OCEAN 工程：大洋",4 [13/18],,,,,,,,
Fuels,2025,2673-3994/2673-3994,否,否,是,ESCI,2.8,,工程技术,4 [871/1437],否,三级, ENERGY & FUELS 能源与燃料,4 [127/171]," ENGINEERING, CHEMICAL 工程：化工",4 [107/169],,,,,,,,
Multiscale and Multidisciplinary Modeling Experiments and Design,2025,2520-8160/2520-8179,否,否,否,ESCI,2,,工程技术,4 [872/1437],否,三级," ENGINEERING, MECHANICAL 工程：机械",4 [126/181]," ENGINEERING, MULTIDISCIPLINARY 工程：综合",4 [86/179]," MATERIALS SCIENCE, MULTIDISCIPLINARY 材料科学：综合",4 [317/436],,,,,,
FME Transactions,2025,1451-2092/2406-128X,否,否,是,ESCI,1.2,,工程技术,4 [873/1437],否,三级," ENGINEERING, MECHANICAL 工程：机械",4 [127/181],,,,,,,,,,
Modelling,2025,2673-3951/2673-3951,否,否,是,ESCI,1.5,,工程技术,4 [874/1437],否,三级," ENGINEERING, MULTIDISCIPLINARY 工程：综合",4 [87/179],,,,,,,,,,
Journal of Applied Fluid Mechanics,2025,1735-3572/1735-3645,否,否,是,SCIE,1.3,,工程技术,4 [875/1437],否,三级, MECHANICS 力学,4 [131/171], THERMODYNAMICS 热力学,4 [53/78],,,,,,,,
Geotechnique Letters,2025,2049-825X/2045-2543,否,否,否,SCIE,2.5,,工程技术,4 [876/1437],否,三级," ENGINEERING, GEOLOGICAL 工程：地质",4 [44/65],,,,,,,,,,
Indian Geotechnical Journal,2025,0971-9555/2277-3347,否,否,否,ESCI,1.4,,工程技术,4 [877/1437],否,三级," ENGINEERING, GEOLOGICAL 工程：地质",4 [45/65],,,,,,,,,,
Frontiers in Signal Processing,2025,2673-8198/2673-8198,否,否,是,ESCI,2.6,,工程技术,4 [878/1437],否,三级," ENGINEERING, ELECTRICAL & ELECTRONIC 工程：电子与电气",4 [262/352],,,,,,,,,,
RUBBER CHEMISTRY AND TECHNOLOGY,2025,0035-9475/1943-4804,否,否,否,SCIE,1.5,,工程技术,4 [879/1437],否,三级, POLYMER SCIENCE 高分子科学,4 [67/94],,,,,,,,,,
Frontiers in Future Transportation,2025,2673-5210/2673-5210,否,否,是,ESCI,1.5,,工程技术,4 [880/1437],否,三级, TRANSPORTATION 交通运输,4 [51/58], TRANSPORTATION SCIENCE & TECHNOLOGY 运输科技,4 [49/71],,,,,,,,
Science and Technology for the Built Environment,2025,2374-4731/2374-474X,否,否,否,SCIE,1.6,,工程技术,4 [881/1437],否,三级, CONSTRUCTION & BUILDING TECHNOLOGY 结构与建筑技术,4 [54/91]," ENGINEERING, MECHANICAL 工程：机械",4 [129/181], THERMODYNAMICS 热力学,4 [54/78],,,,,,
Journal of Renewable and Sustainable Energy,2025,1941-7012/1941-7012,否,否,否,SCIE,1.9,,工程技术,4 [882/1437],否,三级, ENERGY & FUELS 能源与燃料,4 [128/171], GREEN & SUSTAINABLE SCIENCE & TECHNOLOGY 绿色可持续发展技术,4 [76/91],,,,,,,,
IET Smart Grid,2025,2515-2947/2515-2947,否,否,是,ESCI,2.7,,工程技术,4 [883/1437],否,三级," ENGINEERING, ELECTRICAL & ELECTRONIC 工程：电子与电气",4 [263/352],,,,,,,,,,
"Structural Monitoring and Maintenance, An International Journal",2025,2288-6605/2288-6613,否,否,否,ESCI,0.5,,工程技术,4 [884/1437],否,三级," ENGINEERING, CIVIL 工程：土木",4 [117/180],,,,,,,,,,
Archives of Electrical Engineering,2025,1427-4221/2300-2506,否,否,是,ESCI,0.9,,工程技术,4 [885/1437],否,三级," ENGINEERING, ELECTRICAL & ELECTRONIC 工程：电子与电气",4 [264/352],,,,,,,,,,
ARCHIVES OF MECHANICS,2025,0373-2029/0373-2029,否,否,是,SCIE,1.2,,工程技术,4 [886/1437],否,三级," MATERIALS SCIENCE, CHARACTERIZATION & TESTING 材料科学：表征与测试",4 [25/38], MECHANICS 力学,4 [132/171],,,,,,,,
IET Collaborative Intelligent Manufacturing,2025,2516-8398/2516-8398,否,否,是,ESCI,3.1,,工程技术,4 [887/1437],否,三级," ENGINEERING, INDUSTRIAL 工程：工业",4 [59/70]," ENGINEERING, MANUFACTURING 工程：制造",4 [59/70],,,,,,,,
Proceedings of the Institution of Civil Engineers-Engineering Sustainability,2025,1478-4629/1751-7680,否,否,否,SCIE,2.5,,工程技术,4 [888/1437],否,三级," ENGINEERING, CIVIL 工程：土木",4 [118/180], GREEN & SUSTAINABLE SCIENCE & TECHNOLOGY 绿色可持续发展技术,4 [77/91],,,,,,,,
Journal of Nanofluids,2025,2169-432X/2169-4338,否,否,否,ESCI,2.2,,工程技术,4 [889/1437],否,三级, NANOSCIENCE & NANOTECHNOLOGY 纳米科技,4 [108/139],,,,,,,,,,
ACI STRUCTURAL JOURNAL,2025,0889-3241/1944-7361,否,否,否,SCIE,1.5,,工程技术,4 [890/1437],否,三级, CONSTRUCTION & BUILDING TECHNOLOGY 结构与建筑技术,4 [55/91]," ENGINEERING, CIVIL 工程：土木",4 [119/180]," MATERIALS SCIENCE, MULTIDISCIPLINARY 材料科学：综合",4 [322/436],,,,,,
GEOTECHNICAL TESTING JOURNAL,2025,0149-6115/1945-7545,否,否,否,SCIE,1.2,,工程技术,4 [891/1437],否,三级," ENGINEERING, GEOLOGICAL 工程：地质",4 [46/65]," GEOSCIENCES, MULTIDISCIPLINARY 地球科学：综合",4 [195/258],,,,,,,,
Advances in Concrete Construction,2025,2287-5301/2287-531X,否,否,否,SCIE,1.8,,工程技术,4 [892/1437],否,三级, CONSTRUCTION & BUILDING TECHNOLOGY 结构与建筑技术,4 [56/91]," ENGINEERING, CIVIL 工程：土木",4 [120/180]," MATERIALS SCIENCE, MULTIDISCIPLINARY 材料科学：综合",4 [323/436],,,,,,
QUARTERLY JOURNAL OF MECHANICS AND APPLIED MATHEMATICS,2025,0033-5614/1464-3855,否,否,否,SCIE,0.8,,工程技术,4 [893/1437],否,三级," MATHEMATICS, APPLIED 应用数学",4 [305/330], MECHANICS 力学,4 [133/171],,,,,,,,
IEEE ELECTRICAL INSULATION MAGAZINE,2025,0883-7554/1558-4402,否,否,否,SCIE,1.3,,工程技术,4 [894/1437],否,三级," ENGINEERING, ELECTRICAL & ELECTRONIC 工程：电子与电气",4 [265/352],,,,,,,,,,
HEAT TRANSFER RESEARCH,2025,1064-2285/2162-6561,否,否,否,SCIE,1.6,,工程技术,4 [895/1437],否,三级, THERMODYNAMICS 热力学,4 [55/78],,,,,,,,,,
International Journal of Physical Modelling in Geotechnics,2025,1346-213X/2042-6550,否,否,否,SCIE,1.2,,工程技术,4 [896/1437],否,三级," ENGINEERING, GEOLOGICAL 工程：地质",4 [47/65],,,,,,,,,,
Steel Construction-Design and Research,2025,1867-0520/1867-0539,否,否,否,ESCI,1.5,,工程技术,4 [897/1437],否,三级, CONSTRUCTION & BUILDING TECHNOLOGY 结构与建筑技术,4 [57/91],,,,,,,,,,
PROCEEDINGS OF THE INSTITUTION OF MECHANICAL ENGINEERS PART D-JOURNAL OF AUTOMOBILE ENGINEERING,2025,0954-4070/2041-2991,否,否,否,SCIE,1.5,,工程技术,4 [898/1437],否,三级," ENGINEERING, MECHANICAL 工程：机械",4 [130/181], TRANSPORTATION SCIENCE & TECHNOLOGY 运输科技,4 [50/71],,,,,,,,
3D Printing and Additive Manufacturing,2025,2329-7662/2329-7670,否,否,否,SCIE,2.1,,工程技术,4 [899/1437],否,三级," ENGINEERING, MANUFACTURING 工程：制造",4 [60/70]," MATERIALS SCIENCE, MULTIDISCIPLINARY 材料科学：综合",4 [324/436],,,,,,,,
MICROWAVE AND OPTICAL TECHNOLOGY LETTERS,2025,0895-2477/1098-2760,否,否,否,SCIE,1.2,,工程技术,4 [900/1437],否,三级," ENGINEERING, ELECTRICAL & ELECTRONIC 工程：电子与电气",4 [266/352], OPTICS 光学,4 [94/119],,,,,,,,
Civil and Environmental Engineering,2025,1336-5835/2199-6512,否,否,是,ESCI,1,,工程技术,4 [901/1437],否,三级," ENGINEERING, CIVIL 工程：土木",4 [121/180],,,,,,,,,,
Radiation Effects and Defects in Solids,2025,1042-0150/1029-4953,否,否,否,SCIE,1.3,,工程技术,4 [902/1437],否,三级, NUCLEAR SCIENCE & TECHNOLOGY 核科学技术,4 [32/41]," PHYSICS, CONDENSED MATTER 物理：凝聚态物理",4 [61/78]," PHYSICS, FLUIDS & PLASMAS 物理：流体与等离子体",4 [34/40],,,,,,
STROJNISKI VESTNIK-JOURNAL OF MECHANICAL ENGINEERING,2025,0039-2480,否,否,否,SCIE,1.2,,工程技术,4 [903/1437],否,三级," ENGINEERING, MECHANICAL 工程：机械",4 [131/181],,,,,,,,,,
Biofuels-UK,2025,1759-7269/1759-7277,否,否,否,SCIE,2.6,,工程技术,4 [904/1437],否,三级, ENERGY & FUELS 能源与燃料,4 [130/171],,,,,,,,,,
Intelligent Buildings International,2025,1750-8975/1756-6932,否,否,否,ESCI,1.7,,工程技术,4 [905/1437],否,三级, CONSTRUCTION & BUILDING TECHNOLOGY 结构与建筑技术,4 [58/91],,,,,,,,,,
ENERGY EXPLORATION & EXPLOITATION,2025,0144-5987/2048-4054,否,否,是,SCIE,1.6,,工程技术,4 [906/1437],否,三级, ENERGY & FUELS 能源与燃料,4 [131/171],,,,,,,,,,
TRANSPORTATION PLANNING AND TECHNOLOGY,2025,0308-1060/1029-0354,否,否,否,SCIE,1.8,,工程技术,4 [907/1437],否,三级, TRANSPORTATION SCIENCE & TECHNOLOGY 运输科技,4 [51/71],,,,,,,,,,
AIRCRAFT ENGINEERING AND AEROSPACE TECHNOLOGY,2025,1748-8842/1758-4213,否,否,否,SCIE,1.3,,工程技术,4 [908/1437],否,三级," ENGINEERING, AEROSPACE 工程：宇航",4 [33/53],,,,,,,,,,
Journal of Engineering Thermophysics,2025,1810-2328/1990-5432,否,否,否,SCIE,1.4,,工程技术,4 [909/1437],否,三级," ENGINEERING, MECHANICAL 工程：机械",4 [132/181], MECHANICS 力学,4 [134/171], THERMODYNAMICS 热力学,4 [56/78],,,,,,
Journal of Electrical Engineering-Elektrotechnicky Casopis,2025,1335-3632/1339-309X,否,否,否,SCIE,1.2,,工程技术,4 [910/1437],否,三级," ENGINEERING, ELECTRICAL & ELECTRONIC 工程：电子与电气",4 [270/352],,,,,,,,,,
International Journal of Steel Structures,2025,1598-2351/2093-6311,否,否,否,SCIE,1.4,,工程技术,4 [911/1437],否,三级, CONSTRUCTION & BUILDING TECHNOLOGY 结构与建筑技术,4 [59/91]," ENGINEERING, CIVIL 工程：土木",4 [122/180],,,,,,,,
Journal of the Global Power and Propulsion Society,2025,2515-3080/2515-3080,否,否,是,ESCI,2.2,,工程技术,4 [912/1437],否,三级," ENGINEERING, MECHANICAL 工程：机械",4 [133/181],,,,,,,,,,
European Journal of Computational Mechanics,2025,1779-7179/1958-5829,否,否,否,ESCI,0.6,,工程技术,4 [913/1437],否,三级, MECHANICS 力学,4 [135/171],,,,,,,,,,
Elektronika Ir Elektrotechnika,2025,1392-1215/1392-1215,否,否,是,SCIE,0.9,,工程技术,4 [914/1437],否,三级," ENGINEERING, ELECTRICAL & ELECTRONIC 工程：电子与电气",4 [272/352],,,,,,,,,,
SPE DRILLING & COMPLETION,2025,1064-6671/1930-0204,否,否,否,SCIE,1.2,,工程技术,4 [915/1437],否,三级," ENGINEERING, PETROLEUM 工程：石油",4 [12/24],,,,,,,,,,
International Journal of Advances in Engineering Sciences and Applied Mathematics,2025,0975-0770/0975-5616,否,否,否,ESCI,0.8,,工程技术,4 [916/1437],否,三级," ENGINEERING, MULTIDISCIPLINARY 工程：综合",4 [88/179],,,,,,,,,,
INTERNATIONAL JOURNAL OF PHOTOENERGY,2025,1110-662X/1687-529X,否,否,是,SCIE,2.7,,工程技术,4 [917/1437],否,三级, ENERGY & FUELS 能源与燃料,4 [132/171], OPTICS 光学,4 [96/119]," PHYSICS, ATOMIC, MOLECULAR & CHEMICAL 物理：原子、分子和化学物理",4 [34/40],,,,,,
International Transactions on Electrical Energy Systems,2025,2050-7038/2050-7038,否,否,是,SCIE,1.9,,工程技术,4 [918/1437],否,三级," ENGINEERING, ELECTRICAL & ELECTRONIC 工程：电子与电气",4 [273/352],,,,,,,,,,
IET Signal Processing,2025,1751-9675/1751-9683,否,否,是,SCIE,1.4,,工程技术,4 [919/1437],否,三级," ENGINEERING, ELECTRICAL & ELECTRONIC 工程：电子与电气",4 [274/352],,,,,,,,,,
Periodica Polytechnica-Civil Engineering,2025,0553-6626/1587-3773,否,否,否,SCIE,1.4,,工程技术,4 [920/1437],否,三级," ENGINEERING, CIVIL 工程：土木",4 [123/180],,,,,,,,,,
COMPEL-THE INTERNATIONAL JOURNAL FOR COMPUTATION AND MATHEMATICS IN ELECTRICAL AND ELECTRONIC ENGINEERING,2025,0332-1649/0332-1649,否,否,否,SCIE,1,,工程技术,4 [921/1437],否,三级," COMPUTER SCIENCE, INTERDISCIPLINARY APPLICATIONS 计算机：跨学科应用",4 [153/172]," ENGINEERING, ELECTRICAL & ELECTRONIC 工程：电子与电气",4 [275/352]," MATHEMATICS, APPLIED 应用数学",4 [307/330],,,,,,
INTERNATIONAL JOURNAL OF COMPUTATIONAL FLUID DYNAMICS,2025,1061-8562/1029-0257,否,否,否,SCIE,1.3,,工程技术,4 [922/1437],否,三级, MECHANICS 力学,4 [137/171]," PHYSICS, FLUIDS & PLASMAS 物理：流体与等离子体",4 [35/40],,,,,,,,
Archives of Mining Sciences,2025,0860-7001/1689-0469,否,否,否,SCIE,1.1,,工程技术,4 [923/1437],否,三级, MINING & MINERAL PROCESSING 矿业与矿物加工,4 [19/32],,,,,,,,,,
Iranian Journal of Science and Technology-Transactions of Electrical Engineering,2025,2228-6179/2364-1827,否,否,否,SCIE,1.4,,工程技术,4 [924/1437],否,三级," ENGINEERING, ELECTRICAL & ELECTRONIC 工程：电子与电气",4 [276/352],,,,,,,,,,
SAE International Journal of Transportation Safety,2025,2327-5626/2327-5634,否,否,否,ESCI,0.6,,工程技术,4 [925/1437],否,三级, TRANSPORTATION SCIENCE & TECHNOLOGY 运输科技,4 [52/71],,,,,,,,,,
JOURNAL OF THERMOPHYSICS AND HEAT TRANSFER,2025,0887-8722/1533-6808,否,否,否,SCIE,1.7,,工程技术,4 [926/1437],否,三级," ENGINEERING, MECHANICAL 工程：机械",4 [134/181], THERMODYNAMICS 热力学,4 [57/78],,,,,,,,
OPTICAL ENGINEERING,2025,0091-3286/1560-2303,否,否,否,SCIE,1.2,,工程技术,4 [927/1437],否,三级, OPTICS 光学,4 [97/119],,,,,,,,,,
Frontiers in Chemical Engineering,2025,2673-2718/2673-2718,否,否,是,ESCI,2.6,,工程技术,4 [928/1437],否,三级, BIOTECHNOLOGY & APPLIED MICROBIOLOGY 生物工程与应用微生物,4 [151/174]," ENGINEERING, CHEMICAL 工程：化工",4 [108/169],,,,,,,,
IEEE SPECTRUM,2025,0018-9235/1939-9340,否,否,否,SCIE,2.4,,工程技术,4 [929/1437],否,三级," ENGINEERING, ELECTRICAL & ELECTRONIC 工程：电子与电气",4 [277/352],,,,,,,,,,
CANADIAN JOURNAL OF CHEMICAL ENGINEERING,2025,0008-4034/1939-019X,否,否,否,SCIE,1.9,,工程技术,4 [930/1437],否,三级," ENGINEERING, CHEMICAL 工程：化工",4 [109/169],,,,,,,,,,
Wireless Power Transfer,2025,2052-8418/2052-8418,否,否,否,ESCI,1,,工程技术,4 [931/1437],否,三级, ENERGY & FUELS 能源与燃料,4 [133/171],,,,,,,,,,
Manufacturing Letters,2025,2213-8463/2213-8463,否,否,否,ESCI,2,,工程技术,4 [932/1437],否,三级," ENGINEERING, MANUFACTURING 工程：制造",4 [61/70]," MATERIALS SCIENCE, MULTIDISCIPLINARY 材料科学：综合",4 [333/436],,,,,,,,
International Journal of Technology,2025,2086-9614/2087-2100,否,否,是,ESCI,1.2,,工程技术,4 [933/1437],否,三级," ENGINEERING, MULTIDISCIPLINARY 工程：综合",4 [89/179],,,,,,,,,,
Building Services Engineering Research & Technology,2025,0143-6244/1477-0849,否,否,否,SCIE,1.8,,工程技术,4 [934/1437],否,三级, CONSTRUCTION & BUILDING TECHNOLOGY 结构与建筑技术,4 [60/91],,,,,,,,,,
Journal of Eta Maritime Science,2025,2148-9386/2148-9386,否,否,是,ESCI,0.7,,工程技术,4 [935/1437],否,三级," ENGINEERING, MARINE 工程：海洋",4 [17/26], TRANSPORTATION 交通运输,4 [52/58], TRANSPORTATION SCIENCE & TECHNOLOGY 运输科技,4 [53/71],,,,,,
Energy Systems-Optimization Modeling Simulation and Economic Aspects,2025,1868-3967/1868-3975,否,否,否,ESCI,1.9,,工程技术,4 [936/1437],否,三级, ENERGY & FUELS 能源与燃料,4 [134/171],,,,,,,,,,
International Journal of Aerospace Engineering,2025,1687-5966/1687-5974,否,否,是,SCIE,1.2,,工程技术,4 [937/1437],否,三级," ENGINEERING, AEROSPACE 工程：宇航",4 [34/53],,,,,,,,,,
Fluid Dynamics,2025,0015-4628/1573-8507,否,否,否,SCIE,0.6,,工程技术,4 [938/1437],否,三级, MECHANICS 力学,4 [138/171]," PHYSICS, FLUIDS & PLASMAS 物理：流体与等离子体",4 [36/40],,,,,,,,
Journal of Power Electronics,2025,1598-2092/2093-4718,否,否,否,SCIE,1.3,,工程技术,4 [939/1437],否,三级," ENGINEERING, ELECTRICAL & ELECTRONIC 工程：电子与电气",4 [280/352],,,,,,,,,,
IEEE Latin America Transactions,2025,1548-0992/1548-0992,否,否,否,SCIE,1.3,,工程技术,4 [940/1437],否,三级," COMPUTER SCIENCE, INFORMATION SYSTEMS 计算机：信息系统",4 [200/249]," ENGINEERING, ELECTRICAL & ELECTRONIC 工程：电子与电气",4 [281/352],,,,,,,,
PROCEEDINGS OF THE INSTITUTION OF MECHANICAL ENGINEERS PART G-JOURNAL OF AEROSPACE ENGINEERING,2025,0954-4100/2041-3025,否,否,否,SCIE,1.1,,工程技术,4 [941/1437],否,三级," ENGINEERING, AEROSPACE 工程：宇航",4 [35/53]," ENGINEERING, MECHANICAL 工程：机械",4 [135/181],,,,,,,,
IEEE TECHNOLOGY AND SOCIETY MAGAZINE,2025,0278-0097/1937-416X,否,否,否,SCIE,1.9,,工程技术,4 [942/1437],否,三级," ENGINEERING, ELECTRICAL & ELECTRONIC 工程：电子与电气",4 [283/352],,,,,,,,,,
Mechanics & Industry,2025,2257-7777/2257-7750,否,否,是,SCIE,1.2,,工程技术,4 [943/1437],否,三级," ENGINEERING, MECHANICAL 工程：机械",4 [136/181], MECHANICS 力学,4 [139/171],,,,,,,,
INTERNATIONAL JOURNAL OF POLYMER ANALYSIS AND CHARACTERIZATION,2025,1023-666X/1563-5341,否,否,否,SCIE,1.6,,工程技术,4 [944/1437],否,三级, POLYMER SCIENCE 高分子科学,4 [73/94],,,,,,,,,,
CHEMICAL ENGINEERING & TECHNOLOGY,2025,0930-7516/1521-4125,否,否,否,SCIE,1.6,,工程技术,4 [945/1437],否,三级," ENGINEERING, CHEMICAL 工程：化工",4 [111/169],,,,,,,,,,
International Journal of System Assurance Engineering and Management,2025,0975-6809/0976-4348,否,否,否,ESCI,1.4,,工程技术,4 [946/1437],否,三级," ENGINEERING, MULTIDISCIPLINARY 工程：综合",4 [90/179],,,,,,,,,,
Mechanical Sciences,2025,2191-9151/2191-916X,否,否,是,SCIE,1.5,,工程技术,4 [947/1437],否,三级," ENGINEERING, MECHANICAL 工程：机械",4 [137/181],,,,,,,,,,
PROCEEDINGS OF THE INSTITUTION OF MECHANICAL ENGINEERS PART A-JOURNAL OF POWER AND ENERGY,2025,0957-6509/2041-2967,否,否,否,SCIE,1.1,,工程技术,4 [948/1437],否,三级," ENGINEERING, MECHANICAL 工程：机械",4 [138/181], THERMODYNAMICS 热力学,4 [58/78],,,,,,,,
Archives of Civil Engineering,2025,1230-2945/2300-3103,否,否,是,ESCI,1,,工程技术,4 [949/1437],否,三级," ENGINEERING, CIVIL 工程：土木",4 [124/180],,,,,,,,,,
Journal of Advanced Concrete Technology,2025,1346-8014/1347-3913,否,否,否,SCIE,2,,工程技术,4 [950/1437],否,三级, CONSTRUCTION & BUILDING TECHNOLOGY 结构与建筑技术,4 [61/91]," ENGINEERING, CIVIL 工程：土木",4 [125/180]," MATERIALS SCIENCE, MULTIDISCIPLINARY 材料科学：综合",4 [334/436],,,,,,
PROCEEDINGS OF THE INSTITUTION OF CIVIL ENGINEERS-STRUCTURES AND BUILDINGS,2025,0965-0911/1751-7702,否,否,否,SCIE,1.4,,工程技术,4 [951/1437],否,三级, CONSTRUCTION & BUILDING TECHNOLOGY 结构与建筑技术,4 [62/91]," ENGINEERING, CIVIL 工程：土木",4 [126/180],,,,,,,,
Tire Science and Technology,2025,0090-8657/1945-5852,否,否,否,ESCI,0.8,,工程技术,4 [952/1437],否,三级," ENGINEERING, MECHANICAL 工程：机械",4 [139/181],,,,,,,,,,
ISSUES IN SCIENCE AND TECHNOLOGY,2025,0748-5492/1938-1557,否,否,否,SSCI;SCIE,2.3,,工程技术,4 [953/1437],否,三级," ENGINEERING, INDUSTRIAL 工程：工业",4 [61/70]," ENGINEERING, MULTIDISCIPLINARY 工程：综合",4 [92/179], MULTIDISCIPLINARY SCIENCES 综合性期刊,4 [76/131], SOCIAL ISSUES 社会问题,4 [55/66],,,,
Tehnicki Vjesnik-Technical Gazette,2025,1330-3651/1848-6339,否,否,是,SCIE,1.4,,工程技术,4 [954/1437],否,三级," ENGINEERING, MULTIDISCIPLINARY 工程：综合",4 [93/179],,,,,,,,,,
JOURNAL OF PRESSURE VESSEL TECHNOLOGY-TRANSACTIONS OF THE ASME,2025,0094-9930/1528-8978,否,否,否,SCIE,1.4,,工程技术,4 [955/1437],否,三级," ENGINEERING, MECHANICAL 工程：机械",4 [140/181],,,,,,,,,,
Sensor Review,2025,0260-2288/1758-6828,否,否,否,SCIE,1.4,,工程技术,4 [956/1437],否,三级, INSTRUMENTS & INSTRUMENTATION 仪器仪表,4 [63/76],,,,,,,,,,
IEEJ Journal of Industry Applications,2025,2187-1094/2187-1108,否,否,否,ESCI,1.1,,工程技术,4 [957/1437],否,三级," ENGINEERING, ELECTRICAL & ELECTRONIC 工程：电子与电气",4 [285/352],,,,,,,,,,
PERIODICA POLYTECHNICA-CHEMICAL ENGINEERING,2025,0324-5853/1587-3765,否,否,是,SCIE,1.8,,工程技术,4 [958/1437],否,三级," ENGINEERING, CHEMICAL 工程：化工",4 [112/169],,,,,,,,,,
International Journal of Masonry Research and Innovation,2025,2056-9459/2056-9467,否,否,否,ESCI,0.7,,工程技术,4 [959/1437],否,三级, CONSTRUCTION & BUILDING TECHNOLOGY 结构与建筑技术,4 [63/91],,,,,,,,,,
Smart Grids and Sustainable Energy,2025,2731-8087/2731-8087,否,否,否,ESCI,1.9,,工程技术,4 [960/1437],否,三级, ENERGY & FUELS 能源与燃料,4 [135/171]," ENGINEERING, ELECTRICAL & ELECTRONIC 工程：电子与电气",4 [286/352],,,,,,,,
Acoustical Science and Technology,2025,1346-3969/1347-5177,否,否,否,ESCI,0.6,,工程技术,4 [961/1437],否,三级, ACOUSTICS 声学,4 [32/40],,,,,,,,,,
Journal of Space Safety Engineering,2025,2468-8975/2468-8967,否,否,否,ESCI,1.7,,工程技术,4 [962/1437],否,三级," ENGINEERING, AEROSPACE 工程：宇航",4 [36/53],,,,,,,,,,
CHEMICAL ENGINEERING COMMUNICATIONS,2025,0098-6445/1563-5201,否,否,否,SCIE,2,,工程技术,4 [963/1437],否,三级," ENGINEERING, CHEMICAL 工程：化工",4 [113/169],,,,,,,,,,
Science and Technology of Nuclear Installations,2025,1687-6075/1687-6083,否,否,是,SCIE,0.9,,工程技术,4 [964/1437],否,三级, NUCLEAR SCIENCE & TECHNOLOGY 核科学技术,4 [35/41],,,,,,,,,,
Frontiers in Energy Research,2025,2296-598X/2296-598X,否,否,是,SCIEOnHold,2.4,,工程技术,4 [965/1437],否,三级, ENERGY & FUELS 能源与燃料,4 [136/171],,,,,,,,,,
New Space-The Journal of Space Entrepreneurship and Innovation,2025,2168-0256/2168-0264,否,否,否,ESCI,1.2,,工程技术,4 [966/1437],否,三级," ENGINEERING, AEROSPACE 工程：宇航",4 [37/53],,,,,,,,,,
IEICE Electronics Express,2025,1349-2543/1349-2543,否,否,否,SCIE,0.7,,工程技术,4 [967/1437],否,三级," ENGINEERING, ELECTRICAL & ELECTRONIC 工程：电子与电气",4 [287/352],,,,,,,,,,
PROCEEDINGS OF THE INSTITUTION OF CIVIL ENGINEERS-TRANSPORT,2025,0965-092X/1751-7710,否,否,否,SCIE,1.2,,工程技术,4 [968/1437],否,三级," ENGINEERING, CIVIL 工程：土木",4 [127/180], TRANSPORTATION SCIENCE & TECHNOLOGY 运输科技,4 [54/71],,,,,,,,
MAPAN-Journal of Metrology Society of India,2025,0970-3950/0974-9853,否,否,否,SCIE,1.3,,工程技术,4 [969/1437],否,三级, INSTRUMENTS & INSTRUMENTATION 仪器仪表,4 [64/76]," PHYSICS, APPLIED 物理：应用",4 [146/178],,,,,,,,
Energy Storage,2025,2578-4862/2578-4862,否,否,否,ESCI,4,,工程技术,4 [970/1437],否,三级, ENERGY & FUELS 能源与燃料,4 [137/171],,,,,,,,,,
International Journal of Intelligent Transportation Systems Research,2025,1348-8503/1868-8659,否,否,否,ESCI,1.5,,工程技术,4 [971/1437],否,三级, TRANSPORTATION SCIENCE & TECHNOLOGY 运输科技,4 [55/71],,,,,,,,,,
Journal of Construction in Developing Countries,2025,1823-6499/1985-8329,否,否,是,ESCI,0.9,,工程技术,4 [972/1437],否,三级, CONSTRUCTION & BUILDING TECHNOLOGY 结构与建筑技术,4 [64/91],,,,,,,,,,
JOURNAL OF THE CHINESE INSTITUTE OF ENGINEERS,2025,0253-3839/2158-7299,否,否,否,SCIE,1.2,,工程技术,4 [973/1437],否,三级," ENGINEERING, MULTIDISCIPLINARY 工程：综合",4 [94/179],,,,,,,,,,
Transport and Telecommunication Journal,2025,1407-6160/1407-6179,否,否,是,ESCI,0.9,,工程技术,4 [974/1437],否,三级, TRANSPORTATION SCIENCE & TECHNOLOGY 运输科技,4 [56/71],,,,,,,,,,
Bulletin of the New Zealand Society for Earthquake Engineering,2025,1174-9857/2324-1543,否,否,否,ESCI,0.7,,工程技术,4 [975/1437],否,三级," ENGINEERING, GEOLOGICAL 工程：地质",4 [48/65],,,,,,,,,,
Bulletin of the Polish Academy of Sciences-Technical Sciences,2025,0239-7528/2300-1917,否,否,是,SCIE,1.1,,工程技术,4 [976/1437],否,三级," ENGINEERING, MULTIDISCIPLINARY 工程：综合",4 [95/179],,,,,,,,,,
OPTO-ELECTRONICS REVIEW,2025,1230-3402/1896-3757,否,否,否,SCIE,0.9,,工程技术,4 [977/1437],否,三级," ENGINEERING, ELECTRICAL & ELECTRONIC 工程：电子与电气",4 [288/352], OPTICS 光学,4 [101/119]," PHYSICS, APPLIED 物理：应用",4 [147/178],,,,,,
INTERNATIONAL JOURNAL OF APPLIED ELECTROMAGNETICS AND MECHANICS,2025,1383-5416/1875-8800,否,否,否,SCIE,0.7,,工程技术,4 [978/1437],否,三级," ENGINEERING, ELECTRICAL & ELECTRONIC 工程：电子与电气",4 [289/352], MECHANICS 力学,4 [141/171]," PHYSICS, APPLIED 物理：应用",4 [148/178],,,,,,
JOURNAL OF CIRCUITS SYSTEMS AND COMPUTERS,2025,0218-1266/1793-6454,否,否,否,SCIE,1,,工程技术,4 [979/1437],否,三级," COMPUTER SCIENCE, HARDWARE & ARCHITECTURE 计算机：硬件",4 [54/58]," ENGINEERING, ELECTRICAL & ELECTRONIC 工程：电子与电气",4 [290/352],,,,,,,,
Open Engineering,2025,2391-5439/2391-5439,否,否,是,ESCI,1.5,,工程技术,4 [980/1437],否,三级," ENGINEERING, MULTIDISCIPLINARY 工程：综合",4 [96/179],,,,,,,,,,
Ergonomics in Design,2025,1064-8046/2169-5083,否,否,否,ESCI,0.7,,工程技术,4 [981/1437],否,三级, ERGONOMICS 人体工程学,4 [21/24],,,,,,,,,,
Industria Textila,2025,1222-5347,否,否,否,SCIE,0.9,,工程技术,4 [982/1437],否,三级," MATERIALS SCIENCE, TEXTILES 材料科学：纺织",4 [18/30],,,,,,,,,,
PROCEEDINGS OF THE INSTITUTION OF CIVIL ENGINEERS-MUNICIPAL ENGINEER,2025,0965-0903/1751-7699,否,否,否,SCIE,0.8,,工程技术,4 [983/1437],否,三级," ENGINEERING, CIVIL 工程：土木",4 [128/180],,,,,,,,,,
International Journal of Rotating Machinery,2025,1023-621X/1542-3034,否,否,是,ESCI,1,,工程技术,4 [984/1437],否,三级," ENGINEERING, MECHANICAL 工程：机械",4 [141/181],,,,,,,,,,
Latin American Journal of Solids and Structures,2025,1679-7825/1679-7825,否,否,是,SCIE,1.1,,工程技术,4 [985/1437],否,三级," ENGINEERING, CIVIL 工程：土木",4 [129/180]," ENGINEERING, MECHANICAL 工程：机械",4 [142/181], MECHANICS 力学,4 [142/171],,,,,,
Quarterly Journal of Engineering Geology and Hydrogeology,2025,1470-9236/2041-4803,否,否,否,SCIE,1.3,,工程技术,4 [986/1437],否,三级," ENGINEERING, GEOLOGICAL 工程：地质",4 [49/65]," GEOSCIENCES, MULTIDISCIPLINARY 地球科学：综合",4 [208/258],,,,,,,,
Journal of Thermal Engineering,2025,2148-7847/2148-7847,否,否,是,ESCI,1.1,,工程技术,4 [987/1437],否,三级, THERMODYNAMICS 热力学,4 [59/78],,,,,,,,,,
Mining Technology-Transactions of the Institutions of Mining and Metallurgy,2025,2572-6668/2572-6676,否,否,否,ESCI,2.2,,工程技术,4 [988/1437],否,三级, MINING & MINERAL PROCESSING 矿业与矿物加工,4 [20/32],,,,,,,,,,
International Journal of Reliability Quality and Safety Engineering,2025,0218-5393/1793-6446,否,否,否,ESCI,0.9,,工程技术,4 [989/1437],否,三级," ENGINEERING, MULTIDISCIPLINARY 工程：综合",4 [97/179],,,,,,,,,,
PCI JOURNAL,2025,0887-9672/0887-9672,否,否,否,SCIE,0.9,,工程技术,4 [990/1437],否,三级, CONSTRUCTION & BUILDING TECHNOLOGY 结构与建筑技术,4 [65/91],,,,,,,,,,
Journal of Defense Modeling and Simulation-Applications Methodology Technology-JDMS,2025,1548-5129/1557-380X,否,否,否,ESCI,0.6,,工程技术,4 [991/1437],否,三级," ENGINEERING, MULTIDISCIPLINARY 工程：综合",4 [98/179],,,,,,,,,,
Membranes and Membrane Technologies,2025,2517-7516/2517-7524,否,否,否,ESCI,1.6,,工程技术,4 [992/1437],否,三级," ENGINEERING, CHEMICAL 工程：化工",4 [115/169], POLYMER SCIENCE 高分子科学,4 [74/94],,,,,,,,
Engineering Research Express,2025,2631-8695/2631-8695,否,否,否,ESCI,1.6,,工程技术,4 [993/1437],否,三级," ENGINEERING, MULTIDISCIPLINARY 工程：综合",4 [99/179],,,,,,,,,,
JOURNAL OF FIRE SCIENCES,2025,0734-9041/1530-8049,否,否,否,SCIE,1.9,,工程技术,4 [994/1437],否,三级," ENGINEERING, MULTIDISCIPLINARY 工程：综合",4 [100/179]," MATERIALS SCIENCE, MULTIDISCIPLINARY 材料科学：综合",4 [342/436],,,,,,,,
Curved and Layered Structures,2025,2353-7396/2353-7396,否,否,是,ESCI,1.6,,工程技术,4 [995/1437],否,三级, MECHANICS 力学,4 [143/171],,,,,,,,,,
Revista de la Construccion,2025,0718-915X/0718-915X,否,否,否,SCIE,1.6,,工程技术,4 [996/1437],否,三级, CONSTRUCTION & BUILDING TECHNOLOGY 结构与建筑技术,4 [66/91]," ENGINEERING, CIVIL 工程：土木",4 [130/180],,,,,,,,
MRS Energy & Sustainability,2025,2329-2229/2329-2237,否,否,否,ESCI,3.8,,工程技术,4 [997/1437],否,三级, ENERGY & FUELS 能源与燃料,4 [138/171],,,,,,,,,,
Australian Journal of Civil Engineering,2025,1448-8353/2204-2245,否,否,否,ESCI,1.6,,工程技术,4 [998/1437],否,三级," ENGINEERING, CIVIL 工程：土木",4 [131/180],,,,,,,,,,
Mathematics and Mechanics of Complex Systems,2025,2326-7186/2325-3444,否,否,否,ESCI,1.1,,工程技术,4 [999/1437],否,三级, MECHANICS 力学,4 [144/171],,,,,,,,,,
Archive of Mechanical Engineering,2025,0004-0738/2300-1895,否,否,是,ESCI,1.1,,工程技术,4 [1000/1437],否,三级," ENGINEERING, MECHANICAL 工程：机械",4 [143/181],,,,,,,,,,
BRAZILIAN JOURNAL OF CHEMICAL ENGINEERING,2025,0104-6632/1678-4383,否,否,是,SCIE,1.5,,工程技术,4 [1001/1437],否,三级," ENGINEERING, CHEMICAL 工程：化工",4 [116/169],,,,,,,,,,
International Journal of Acoustics and Vibration,2025,1027-5851,否,否,否,SCIE,0.9,,工程技术,4 [1002/1437],否,三级, ACOUSTICS 声学,4 [33/40]," ENGINEERING, MECHANICAL 工程：机械",4 [144/181], MECHANICS 力学,4 [145/171],,,,,,
MICROELECTRONICS INTERNATIONAL,2025,1356-5362/1758-812X,否,否,否,SCIE,0.8,,工程技术,4 [1003/1437],否,三级," ENGINEERING, ELECTRICAL & ELECTRONIC 工程：电子与电气",4 [291/352]," MATERIALS SCIENCE, MULTIDISCIPLINARY 材料科学：综合",4 [344/436],,,,,,,,
JOURNAL OF POLYMER ENGINEERING,2025,0334-6447/2191-0340,否,否,否,SCIE,1.7,,工程技术,4 [1004/1437],否,三级, POLYMER SCIENCE 高分子科学,4 [76/94],,,,,,,,,,
SAE International Journal of Engines,2025,1946-3936/1946-3944,否,否,否,ESCI,1.2,,工程技术,4 [1005/1437],否,三级, TRANSPORTATION SCIENCE & TECHNOLOGY 运输科技,4 [57/71],,,,,,,,,,
Advances in Civil Engineering,2025,1687-8086/1687-8094,否,否,是,SCIE,1.6,,工程技术,4 [1006/1437],否,三级, CONSTRUCTION & BUILDING TECHNOLOGY 结构与建筑技术,4 [67/91]," ENGINEERING, CIVIL 工程：土木",4 [132/180],,,,,,,,
Scientia Iranica,2025,1026-3098,否,否,否,SCIE,1.9,,工程技术,4 [1007/1437],否,三级," ENGINEERING, MULTIDISCIPLINARY 工程：综合",4 [101/179],,,,,,,,,,
Global Energy Interconnection-China,2025,2096-5117/2590-0358,否,否,是,ESCI,2.6,,工程技术,4 [1008/1437],否,三级, ENERGY & FUELS 能源与燃料,4 [140/171]," ENGINEERING, ELECTRICAL & ELECTRONIC 工程：电子与电气",4 [292/352],,,,,,,,
International Journal of Engineering,2025,1025-2495/1735-9244,否,否,否,ESCI,2.9,,工程技术,4 [1009/1437],否,三级," ENGINEERING, MULTIDISCIPLINARY 工程：综合",4 [102/179],,,,,,,,,,
COMPTES RENDUS MECANIQUE,2025,1631-0721/1873-7234,否,否,是,SCIE,1,,工程技术,4 [1010/1437],否,三级, MECHANICS 力学,4 [146/171],,,,,,,,,,
International Journal of Ventilation,2025,1473-3315/2044-4044,否,否,否,SCIE,1.5,,工程技术,4 [1011/1437],否,三级, CONSTRUCTION & BUILDING TECHNOLOGY 结构与建筑技术,4 [68/91], ENERGY & FUELS 能源与燃料,4 [141/171],,,,,,,,
JOURNAL OF COLD REGIONS ENGINEERING,2025,0887-381X/1943-5495,否,否,否,SCIE,2.3,,工程技术,4 [1012/1437],否,三级," ENGINEERING, CIVIL 工程：土木",4 [133/180]," ENGINEERING, ENVIRONMENTAL 工程：环境",4 [67/80]," GEOSCIENCES, MULTIDISCIPLINARY 地球科学：综合",4 [209/258],,,,,,
INTERNATIONAL JOURNAL OF RF AND MICROWAVE COMPUTER-AIDED ENGINEERING,2025,1096-4290/1099-047X,否,否,否,SCIE,1,,工程技术,4 [1013/1437],否,三级," COMPUTER SCIENCE, INTERDISCIPLINARY APPLICATIONS 计算机：跨学科应用",4 [159/172]," ENGINEERING, ELECTRICAL & ELECTRONIC 工程：电子与电气",4 [293/352],,,,,,,,
International Journal of Thermodynamics,2025,1301-9724/2146-1511,否,否,否,ESCI,0.9,,工程技术,4 [1014/1437],否,三级, THERMODYNAMICS 热力学,4 [60/78],,,,,,,,,,
Tekstil ve Konfeksiyon,2025,1300-3356/1300-3356,否,否,否,SCIE,0.7,,工程技术,4 [1015/1437],否,三级," MATERIALS SCIENCE, TEXTILES 材料科学：纺织",4 [19/30],,,,,,,,,,
PROCEEDINGS OF THE INSTITUTION OF CIVIL ENGINEERS-WATER MANAGEMENT,2025,1741-7589/1751-7729,否,否,否,SCIE,0.9,,工程技术,4 [1016/1437],否,三级," ENGINEERING, CIVIL 工程：土木",4 [134/180], WATER RESOURCES 水资源,4 [106/124],,,,,,,,
Thermal Science,2025,0354-9836/2334-7163,否,否,是,SCIE,1.1,,工程技术,4 [1017/1437],否,三级, THERMODYNAMICS 热力学,4 [61/78],,,,,,,,,,
SAIEE Africa Research Journal,2025,1991-1696/1991-1696,否,否,是,ESCI,0.8,,工程技术,4 [1018/1437],否,三级," ENGINEERING, ELECTRICAL & ELECTRONIC 工程：电子与电气",4 [297/352],,,,,,,,,,
Advances in Science and Technology-Research Journal,2025,2080-4075/2299-8624,否,否,是,ESCI,1.3,,工程技术,4 [1019/1437],否,三级," ENGINEERING, MULTIDISCIPLINARY 工程：综合",4 [103/179],,,,,,,,,,
Journal of the Faculty of Engineering and Architecture of Gazi University,2025,1300-1884/1304-4915,否,否,否,SCIE,1.1,,工程技术,4 [1020/1437],否,三级," ENGINEERING, MULTIDISCIPLINARY 工程：综合",4 [104/179],,,,,,,,,,
Wind Engineering,2025,0309-524X/2048-402X,否,否,否,ESCI,1.8,,工程技术,4 [1021/1437],否,三级, ENERGY & FUELS 能源与燃料,4 [142/171],,,,,,,,,,
International Journal of Surface Science and Engineering,2025,1749-785X/1749-7868,否,否,否,SCIE,1.2,,工程技术,4 [1022/1437],否,三级," ENGINEERING, MECHANICAL 工程：机械",4 [145/181]," MATERIALS SCIENCE, COATINGS & FILMS 材料科学：膜",4 [23/24]," MATERIALS SCIENCE, MULTIDISCIPLINARY 材料科学：综合",4 [352/436]," PHYSICS, APPLIED 物理：应用",4 [153/178],,,,
Civil Engineering Infrastructures Journal-CEIJ,2025,2322-2093/2423-6691,否,否,是,ESCI,1,,工程技术,4 [1023/1437],否,三级," ENGINEERING, CIVIL 工程：土木",4 [135/180],,,,,,,,,,
Transport,2025,1648-4142/1648-3480,否,否,是,SCIE,1.3,,工程技术,4 [1024/1437],否,三级, TRANSPORTATION SCIENCE & TECHNOLOGY 运输科技,4 [58/71],,,,,,,,,,
IEEJ Transactions on Electrical and Electronic Engineering,2025,1931-4973/1931-4981,否,否,否,SCIE,1.1,,工程技术,4 [1025/1437],否,三级," ENGINEERING, ELECTRICAL & ELECTRONIC 工程：电子与电气",4 [299/352],,,,,,,,,,
Australian Journal of Mechanical Engineering,2025,1448-4846/2204-2253,否,否,否,ESCI,1.3,,工程技术,4 [1026/1437],否,三级," ENGINEERING, MECHANICAL 工程：机械",4 [146/181],,,,,,,,,,
Beton- und Stahlbetonbau,2025,0005-9900/1437-1006,否,否,否,SCIE,0.8,,工程技术,4 [1027/1437],否,三级, CONSTRUCTION & BUILDING TECHNOLOGY 结构与建筑技术,4 [69/91]," ENGINEERING, CIVIL 工程：土木",4 [136/180]," MATERIALS SCIENCE, CHARACTERIZATION & TESTING 材料科学：表征与测试",4 [29/38]," MATERIALS SCIENCE, COMPOSITES 材料科学：复合",4 [30/35],,,,
PETROLEUM SCIENCE AND TECHNOLOGY,2025,1091-6466/1532-2459,否,否,否,SCIE,1.4,,工程技术,4 [1028/1437],否,三级, ENERGY & FUELS 能源与燃料,4 [143/171]," ENGINEERING, CHEMICAL 工程：化工",4 [117/169]," ENGINEERING, PETROLEUM 工程：石油",4 [13/24],,,,,,
International Journal of Engineering and Technology Innovation,2025,2223-5329/2226-809X,否,否,是,ESCI,1,,工程技术,4 [1029/1437],否,三级," ENGINEERING, MULTIDISCIPLINARY 工程：综合",4 [105/179],,,,,,,,,,
International Journal of Sustainable Energy,2025,1478-6451/1478-646X,否,否,是,ESCI,2.7,,工程技术,4 [1030/1437],否,三级, ENERGY & FUELS 能源与燃料,4 [144/171],,,,,,,,,,
ATOM INDONESIA,2025,0126-1568/2356-5322,否,否,是,ESCI,0.7,,工程技术,4 [1031/1437],否,三级, NUCLEAR SCIENCE & TECHNOLOGY 核科学技术,4 [36/41],,,,,,,,,,
CANADIAN JOURNAL OF CIVIL ENGINEERING,2025,0315-1468/1208-6029,否,否,否,SCIE,1.3,,工程技术,4 [1032/1437],否,三级," ENGINEERING, CIVIL 工程：土木",4 [137/180],,,,,,,,,,
FREQUENZ,2025,0016-1136/2191-6349,否,否,否,SCIE,1,,工程技术,4 [1033/1437],否,三级," ENGINEERING, ELECTRICAL & ELECTRONIC 工程：电子与电气",4 [301/352],,,,,,,,,,
INFORMACIJE MIDEM-JOURNAL OF MICROELECTRONICS ELECTRONIC COMPONENTS AND MATERIALS,2025,0352-9045/2232-6979,否,否,是,SCIE,0.8,,工程技术,4 [1034/1437],否,三级," ENGINEERING, ELECTRICAL & ELECTRONIC 工程：电子与电气",4 [302/352]," MATERIALS SCIENCE, MULTIDISCIPLINARY 材料科学：综合",4 [353/436],,,,,,,,
Journal of Advanced Manufacturing Systems,2025,0219-6867/1793-6896,否,否,否,ESCI,1.1,,工程技术,4 [1035/1437],否,三级," ENGINEERING, MANUFACTURING 工程：制造",4 [62/70],,,,,,,,,,
Gradevinar,2025,0350-2465/1333-9095,否,否,是,SCIE,0.9,,工程技术,4 [1036/1437],否,三级," ENGINEERING, CIVIL 工程：土木",4 [138/180],,,,,,,,,,
Advanced Electromagnetics,2025,2119-0275/2119-0275,否,否,是,ESCI,0.8,,工程技术,4 [1037/1437],否,三级," ENGINEERING, ELECTRICAL & ELECTRONIC 工程：电子与电气",4 [303/352],,,,,,,,,,
International Shipbuilding Progress,2025,0020-868X/1566-2829,否,否,否,ESCI,0.5,,工程技术,4 [1038/1437],否,三级," ENGINEERING, MARINE 工程：海洋",4 [18/26],,,,,,,,,,
ELECTROMAGNETICS,2025,0272-6343/1532-527X,否,否,否,SCIE,0.8,,工程技术,4 [1039/1437],否,三级," ENGINEERING, ELECTRICAL & ELECTRONIC 工程：电子与电气",4 [304/352],,,,,,,,,,
ATOMIZATION AND SPRAYS,2025,1044-5110/1936-2684,否,否,否,SCIE,0.9,,工程技术,4 [1040/1437],否,三级," ENGINEERING, CHEMICAL 工程：化工",4 [118/169]," ENGINEERING, MECHANICAL 工程：机械",4 [147/181]," ENGINEERING, MULTIDISCIPLINARY 工程：综合",4 [106/179]," MATERIALS SCIENCE, MULTIDISCIPLINARY 材料科学：综合",4 [354/436]," PHYSICS, APPLIED 物理：应用",4 [154/178],,
Journal of Mining and Environment,2025,2251-8592/2251-8606,否,否,否,ESCI,1.5,,工程技术,4 [1041/1437],否,三级, MINING & MINERAL PROCESSING 矿业与矿物加工,4 [22/32],,,,,,,,,,
ELECTRONICS LETTERS,2025,0013-5194/1350-911X,否,否,是,SCIE,0.8,,工程技术,4 [1042/1437],否,三级," ENGINEERING, ELECTRICAL & ELECTRONIC 工程：电子与电气",4 [305/352],,,,,,,,,,
SOUND AND VIBRATION,2025,1541-0161/1541-0161,否,否,否,ESCI,1,,工程技术,4 [1043/1437],否,三级, ACOUSTICS 声学,4 [34/40],,,,,,,,,,
PERIODICA POLYTECHNICA-MECHANICAL ENGINEERING,2025,0324-6051/1587-379X,否,否,是,ESCI,1,,工程技术,4 [1044/1437],否,三级," ENGINEERING, MECHANICAL 工程：机械",4 [148/181],,,,,,,,,,
CIRCUIT WORLD,2025,0305-6120/1758-602X,否,否,否,SCIE,0.7,,工程技术,4 [1045/1437],否,三级," ENGINEERING, ELECTRICAL & ELECTRONIC 工程：电子与电气",4 [306/352]," MATERIALS SCIENCE, MULTIDISCIPLINARY 材料科学：综合",4 [356/436],,,,,,,,
Journal of Failure Analysis and Prevention,2025,1547-7029/1864-1245,否,否,否,ESCI,1.2,,工程技术,4 [1046/1437],否,三级," ENGINEERING, MULTIDISCIPLINARY 工程：综合",4 [107/179],,,,,,,,,,
Georesursy,2025,1608-5043/1608-5078,否,否,是,ESCI,0.5,,工程技术,4 [1047/1437],否,三级," ENGINEERING, PETROLEUM 工程：石油",4 [14/24],,,,,,,,,,
tm-Technisches Messen,2025,0171-8096/2196-7113,否,否,否,SCIE,0.7,,工程技术,4 [1048/1437],否,三级, INSTRUMENTS & INSTRUMENTATION 仪器仪表,4 [66/76],,,,,,,,,,
Proceedings of the Institution of Civil Engineers-Engineering and Computational Mechanics,2025,1755-0777/1755-0785,否,否,否,ESCI,0.4,,工程技术,4 [1049/1437],否,三级," ENGINEERING, CIVIL 工程：土木",4 [139/180],,,,,,,,,,
Journal of Measurements in Engineering,2025,2335-2124/2335-2124,否,否,是,ESCI,0.7,,工程技术,4 [1050/1437],否,三级," ENGINEERING, MECHANICAL 工程：机械",4 [149/181],,,,,,,,,,
Asia-Pacific Journal of Chemical Engineering,2025,1932-2135/1932-2143,否,否,否,SCIE,1.6,,工程技术,4 [1051/1437],否,三级," ENGINEERING, CHEMICAL 工程：化工",4 [119/169],,,,,,,,,,
AIMS Energy,2025,2333-8326/2333-8334,否,否,是,ESCI,1.8,,工程技术,4 [1052/1437],否,三级, ENERGY & FUELS 能源与燃料,4 [145/171],,,,,,,,,,
Journal of Sensors and Sensor Systems,2025,2194-8771/2194-878X,否,否,是,ESCI,0.7,,工程技术,4 [1053/1437],否,三级, INSTRUMENTS & INSTRUMENTATION 仪器仪表,4 [67/76],,,,,,,,,,
CRYPTOLOGIA,2025,0161-1194/1558-1586,否,否,否,SCIE,0.4,,工程技术,4 [1054/1437],否,三级," COMPUTER SCIENCE, THEORY & METHODS 计算机：理论方法",4 [133/143], HISTORY & PHILOSOPHY OF SCIENCE 科学史与科学哲学,4 [95/105]," MATHEMATICS, APPLIED 应用数学",4 [317/330],,,,,,
TENSIDE SURFACTANTS DETERGENTS,2025,0932-3414/2195-8564,否,否,否,SCIE,1.2,,工程技术,4 [1055/1437],否,三级," CHEMISTRY, APPLIED 应用化学",4 [57/74]," CHEMISTRY, PHYSICAL 物理化学",4 [94/104]," ENGINEERING, CHEMICAL 工程：化工",4 [120/169],,,,,,
Tribology Online,2025,1881-2198/1881-2198,否,否,是,ESCI,1,,工程技术,4 [1056/1437],否,三级," ENGINEERING, MECHANICAL 工程：机械",4 [150/181],,,,,,,,,,
Journal of Engineering,2025,2314-4912/2314-4904,否,否,是,ESCI,2.3,,工程技术,4 [1057/1437],否,三级," ENGINEERING, MULTIDISCIPLINARY 工程：综合",4 [108/179],,,,,,,,,,
Proceedings of the Institution of Civil Engineers-Construction Materials,2025,1747-650X/1747-6518,否,否,否,ESCI,1.2,,工程技术,4 [1058/1437],否,三级, CONSTRUCTION & BUILDING TECHNOLOGY 结构与建筑技术,4 [70/91],,,,,,,,,,
Mechanics of Solids,2025,0025-6544/1934-7936,否,否,否,SCIE,0.9,,工程技术,4 [1059/1437],否,三级, MECHANICS 力学,4 [148/171],,,,,,,,,,
ADVANCES IN CEMENT RESEARCH,2025,0951-7197/1751-7605,否,否,否,SCIE,1.3,,工程技术,4 [1060/1437],否,三级, CONSTRUCTION & BUILDING TECHNOLOGY 结构与建筑技术,4 [71/91]," MATERIALS SCIENCE, MULTIDISCIPLINARY 材料科学：综合",4 [359/436],,,,,,,,
Progress in Electromagnetics Research M,2025,1937-8726/1937-8726,否,否,否,ESCI,0.8,,工程技术,4 [1061/1437],否,三级," ENGINEERING, ELECTRICAL & ELECTRONIC 工程：电子与电气",4 [307/352],,,,,,,,,,
Journal of Macromolecular Science Part B-Physics,2025,0022-2348/1525-609X,否,否,否,SCIE,1.4,,工程技术,4 [1062/1437],否,三级, POLYMER SCIENCE 高分子科学,4 [79/94],,,,,,,,,,
JOURNAL OF MINING SCIENCE,2025,1062-7391/1573-8736,否,否,否,SCIE,0.8,,工程技术,4 [1063/1437],否,三级, MINING & MINERAL PROCESSING 矿业与矿物加工,4 [23/32],,,,,,,,,,
ACI MATERIALS JOURNAL,2025,0889-325X/1944-737X,否,否,否,SCIE,1.6,,工程技术,4 [1064/1437],否,三级, CONSTRUCTION & BUILDING TECHNOLOGY 结构与建筑技术,4 [72/91]," MATERIALS SCIENCE, MULTIDISCIPLINARY 材料科学：综合",4 [361/436],,,,,,,,
SHOCK AND VIBRATION,2025,1070-9622/1875-9203,否,否,是,SCIE,1.2,,工程技术,4 [1065/1437],否,三级, ACOUSTICS 声学,4 [35/40]," ENGINEERING, MECHANICAL 工程：机械",4 [151/181], MECHANICS 力学,4 [149/171],,,,,,
INTERNATIONAL JOURNAL OF TURBO & JET-ENGINES,2025,0334-0082/2191-0332,否,否,否,SCIE,0.9,,工程技术,4 [1066/1437],否,三级," ENGINEERING, AEROSPACE 工程：宇航",4 [39/53],,,,,,,,,,
INTERNATIONAL JOURNAL OF INDUSTRIAL ENGINEERING-THEORY APPLICATIONS AND PRACTICE,2025,1072-4761/1943-670X,否,否,否,SCIE,1,,工程技术,4 [1067/1437],否,三级," ENGINEERING, INDUSTRIAL 工程：工业",4 [63/70]," ENGINEERING, MANUFACTURING 工程：制造",4 [63/70],,,,,,,,
Journal of Fluid Science and Technology,2025,1880-5558/1880-5558,否,否,是,ESCI,0.8,,工程技术,4 [1068/1437],否,三级, MECHANICS 力学,4 [150/171],,,,,,,,,,
Renewable Energy Research and Applications,2025,2717-252X/2676-7430,否,否,是,ESCI,1.5,,工程技术,4 [1069/1437],否,三级, ENERGY & FUELS 能源与燃料,4 [146/171], GREEN & SUSTAINABLE SCIENCE & TECHNOLOGY 绿色可持续发展技术,4 [85/91],,,,,,,,
Radioengineering,2025,1210-2512,否,否,是,SCIE,0.7,,工程技术,4 [1070/1437],否,三级," ENGINEERING, ELECTRICAL & ELECTRONIC 工程：电子与电气",4 [308/352],,,,,,,,,,
Physicochemical Problems of Mineral Processing,2025,1643-1049/2084-4735,否,否,否,SCIE,1.2,,工程技术,4 [1071/1437],否,三级," CHEMISTRY, PHYSICAL 物理化学",4 [95/104], MINING & MINERAL PROCESSING 矿业与矿物加工,4 [24/32],,,,,,,,
World Journal of Engineering,2025,1708-5284/1708-5284,否,否,否,ESCI,1.6,,工程技术,4 [1072/1437],否,三级," ENGINEERING, MULTIDISCIPLINARY 工程：综合",4 [109/179],,,,,,,,,,
TRANSACTIONS OF THE JAPAN SOCIETY FOR AERONAUTICAL AND SPACE SCIENCES,2025,0549-3811/0549-3811,否,否,否,SCIE,0.8,,工程技术,4 [1073/1437],否,三级," ENGINEERING, AEROSPACE 工程：宇航",4 [40/53],,,,,,,,,,
Journal of Applied Science and Engineering,2025,2708-9967/2708-9975,否,否,是,ESCI,0.8,,工程技术,4 [1074/1437],否,三级," ENGINEERING, MULTIDISCIPLINARY 工程：综合",4 [110/179],,,,,,,,,,
Australian Journal of Structural Engineering,2025,1328-7982/2204-2261,否,否,否,ESCI,1.3,,工程技术,4 [1075/1437],否,三级," ENGINEERING, CIVIL 工程：土木",4 [140/180],,,,,,,,,,
INTERNATIONAL JOURNAL OF OFFSHORE AND POLAR ENGINEERING,2025,1053-5381/1053-5381,否,否,否,SCIE,0.6,,工程技术,4 [1076/1437],否,三级," ENGINEERING, CIVIL 工程：土木",4 [141/180]," ENGINEERING, MECHANICAL 工程：机械",4 [152/181]," ENGINEERING, OCEAN 工程：大洋",4 [14/18],,,,,,
Journal of Aeronautics Astronautics and Aviation,2025,1990-7710/1990-7710,否,否,否,ESCI,1.1,,工程技术,4 [1077/1437],否,三级," ENGINEERING, AEROSPACE 工程：宇航",4 [41/53],,,,,,,,,,
Jordan Journal of Civil Engineering,2025,1993-0461/2225-157X,否,否,否,ESCI,1,,工程技术,4 [1078/1437],否,三级," ENGINEERING, CIVIL 工程：土木",4 [142/180],,,,,,,,,,
IET Energy Systems Integration,2025,2516-8401/2516-8401,否,否,是,ESCI,1.7,,工程技术,4 [1079/1437],否,三级, ENERGY & FUELS 能源与燃料,4 [147/171]," ENGINEERING, ELECTRICAL & ELECTRONIC 工程：电子与电气",4 [309/352],,,,,,,,
INTERNATIONAL APPLIED MECHANICS,2025,1063-7095/1573-8582,否,否,否,ESCI,0.7,,工程技术,4 [1080/1437],否,三级, MECHANICS 力学,4 [151/171],,,,,,,,,,
Transactions on Maritime Science-ToMS,2025,1848-3305/1848-3313,否,否,否,ESCI,0.7,,工程技术,4 [1081/1437],否,三级," ENGINEERING, MARINE 工程：海洋",4 [19/26],,,,,,,,,,
Ocean Systems Engineering-An International Journal,2025,2093-6702/2093-677X,否,否,否,ESCI,0.9,,工程技术,4 [1082/1437],否,三级," ENGINEERING, OCEAN 工程：大洋",4 [15/18],,,,,,,,,,
FIBRES & TEXTILES IN EASTERN EUROPE,2025,1230-3666/2300-7354,否,否,否,SCIE,0.9,,工程技术,4 [1083/1437],否,三级," MATERIALS SCIENCE, TEXTILES 材料科学：纺织",4 [21/30],,,,,,,,,,
Computational Thermal Sciences,2025,1940-2503/1940-2554,否,否,否,ESCI,0.9,,工程技术,4 [1084/1437],否,三级, THERMODYNAMICS 热力学,4 [62/78],,,,,,,,,,
Frontiers in Heat and Mass Transfer,2025,2151-8629/2151-8629,否,否,是,ESCI,0.7,,工程技术,4 [1085/1437],否,三级, THERMODYNAMICS 热力学,4 [63/78],,,,,,,,,,
Management and Production Engineering Review,2025,2080-8208/2082-1344,否,否,否,ESCI,0.9,,工程技术,4 [1086/1437],否,三级," ENGINEERING, INDUSTRIAL 工程：工业",4 [65/70],,,,,,,,,,
Turkish Journal of Civil Engineering,2025,2822-6836/2822-6836,否,否,否,SCIE,0.6,,工程技术,4 [1087/1437],否,三级," ENGINEERING, CIVIL 工程：土木",4 [143/180],,,,,,,,,,
DEFENCE SCIENCE JOURNAL,2025,0011-748X/0976-464X,否,否,否,SCIE,0.7,,工程技术,4 [1088/1437],否,三级, MULTIDISCIPLINARY SCIENCES 综合性期刊,4 [93/131],,,,,,,,,,
Journal of Photonics for Energy,2025,1947-7988/1947-7988,否,否,否,SCIE,2.1,,工程技术,4 [1089/1437],否,三级," MATERIALS SCIENCE, MULTIDISCIPLINARY 材料科学：综合",4 [368/436], OPTICS 光学,4 [107/119]," PHYSICS, APPLIED 物理：应用",4 [157/178],,,,,,
Journal of Computational Applied Mechanics,2025,2423-6713/2423-6705,否,否,是,ESCI,1.8,,工程技术,4 [1090/1437],否,三级, MECHANICS 力学,4 [152/171],,,,,,,,,,
INTERNATIONAL POLYMER PROCESSING,2025,0930-777X/2195-8602,否,否,否,SCIE,1.9,,工程技术,4 [1091/1437],否,三级," ENGINEERING, CHEMICAL 工程：化工",4 [122/169], POLYMER SCIENCE 高分子科学,4 [81/94],,,,,,,,
Progress in Electromagnetics Research Letters,2025,1937-6480/1937-6480,否,否,否,ESCI,0.7,,工程技术,4 [1092/1437],否,三级," ENGINEERING, ELECTRICAL & ELECTRONIC 工程：电子与电气",4 [311/352],,,,,,,,,,
PROCESS SAFETY PROGRESS,2025,1066-8527/1547-5913,否,否,否,SCIE,1,,工程技术,4 [1093/1437],否,三级," ENGINEERING, CHEMICAL 工程：化工",4 [124/169],,,,,,,,,,
ITE Transactions on Media Technology and Applications,2025,2186-7364/2186-7364,否,否,否,ESCI,0.3,,工程技术,4 [1094/1437],否,三级," ENGINEERING, ELECTRICAL & ELECTRONIC 工程：电子与电气",4 [312/352],,,,,,,,,,
International Journal of Prognostics and Health Management,2025,2153-2648/2153-2648,否,否,是,ESCI,1,,工程技术,4 [1095/1437],否,三级," ENGINEERING, MULTIDISCIPLINARY 工程：综合",4 [111/179], INSTRUMENTS & INSTRUMENTATION 仪器仪表,4 [68/76],,,,,,,,
JOURNAL OF MICROWAVE POWER AND ELECTROMAGNETIC ENERGY,2025,0832-7823/0832-7823,否,否,否,SCIE,1.5,,工程技术,4 [1096/1437],否,三级," ENGINEERING, CHEMICAL 工程：化工",4 [125/169]," ENGINEERING, ELECTRICAL & ELECTRONIC 工程：电子与电气",4 [313/352]," MATERIALS SCIENCE, MULTIDISCIPLINARY 材料科学：综合",4 [369/436],,,,,,
Promet-Traffic & Transportation,2025,0353-5320/1848-4069,否,否,是,SCIE,1.1,,工程技术,4 [1097/1437],否,三级, TRANSPORTATION SCIENCE & TECHNOLOGY 运输科技,4 [59/71],,,,,,,,,,
Soils and Rocks,2025,1980-9743/2675-5475,否,否,是,ESCI,0.9,,工程技术,4 [1098/1437],否,三级," ENGINEERING, GEOLOGICAL 工程：地质",4 [50/65],,,,,,,,,,
Journal of Applied Nonlinear Dynamics,2025,2164-6457/2164-6473,否,否,否,ESCI,0.8,,工程技术,4 [1099/1437],否,三级," ENGINEERING, MULTIDISCIPLINARY 工程：综合",4 [112/179]," MATHEMATICS, INTERDISCIPLINARY APPLICATIONS 数学跨学科应用",4 [129/136]," PHYSICS, MULTIDISCIPLINARY 物理：综合",4 [87/111],,,,,,
Jordan Journal of Electrical Engineering,2025,2409-9600/2409-9619,否,否,否,ESCI,0.7,,工程技术,4 [1100/1437],否,三级," COMPUTER SCIENCE, INFORMATION SYSTEMS 计算机：信息系统",4 [220/249]," ENGINEERING, ELECTRICAL & ELECTRONIC 工程：电子与电气",4 [314/352],,,,,,,,
Proceedings of the Institution of Civil Engineers-Energy,2025,1751-4223/1751-4231,否,否,否,SCIE,1,,工程技术,4 [1101/1437],否,三级, ENERGY & FUELS 能源与燃料,4 [148/171],,,,,,,,,,
Romanian Journal of Acoustics and Vibration,2025,1584-7284/1584-7284,否,否,否,ESCI,1.3,,工程技术,4 [1102/1437],否,三级, ACOUSTICS 声学,4 [36/40],,,,,,,,,,
IEICE TRANSACTIONS ON ELECTRONICS,2025,0916-8524/1745-1353,否,否,否,SCIE,0.6,,工程技术,4 [1103/1437],否,三级," ENGINEERING, ELECTRICAL & ELECTRONIC 工程：电子与电气",4 [315/352],,,,,,,,,,
PROCEEDINGS OF THE INSTITUTION OF CIVIL ENGINEERS-MARITIME ENGINEERING,2025,1741-7597/1751-7737,否,否,否,SCIE,3.6,,工程技术,4 [1104/1437],否,三级," ENGINEERING, CIVIL 工程：土木",4 [145/180]," ENGINEERING, OCEAN 工程：大洋",4 [16/18], WATER RESOURCES 水资源,4 [110/124],,,,,,
Special Topics & Reviews in Porous Media-An International Journal,2025,2151-4798/2151-562X,否,否,否,ESCI,2.9,,工程技术,4 [1105/1437],否,三级," ENGINEERING, MECHANICAL 工程：机械",4 [153/181],,,,,,,,,,
Facta Universitatis-Series Electronics and Energetics,2025,0353-3670/2217-5997,否,否,是,ESCI,0.7,,工程技术,4 [1106/1437],否,三级," ENGINEERING, ELECTRICAL & ELECTRONIC 工程：电子与电气",4 [316/352],,,,,,,,,,
ATOMIC ENERGY,2025,1063-4258/1573-8205,否,否,否,SCIE,0.3,,工程技术,4 [1107/1437],否,三级, NUCLEAR SCIENCE & TECHNOLOGY 核科学技术,4 [37/41],,,,,,,,,,
International Journal of Digital Multimedia Broadcasting,2025,1687-7578/1687-7586,否,否,是,ESCI,1.1,,工程技术,4 [1108/1437],否,三级," ENGINEERING, ELECTRICAL & ELECTRONIC 工程：电子与电气",4 [317/352],,,,,,,,,,
MEASUREMENT TECHNIQUES,2025,0543-1972/1573-8906,否,否,否,ESCI,0.4,,工程技术,4 [1109/1437],否,三级, INSTRUMENTS & INSTRUMENTATION 仪器仪表,4 [69/76],,,,,,,,,,
PETROLEUM CHEMISTRY,2025,0965-5441/1555-6239,否,否,否,SCIE,1.1,,工程技术,4 [1110/1437],否,三级," CHEMISTRY, ORGANIC 有机化学",4 [49/57]," CHEMISTRY, PHYSICAL 物理化学",4 [97/104], ENERGY & FUELS 能源与燃料,4 [149/171]," ENGINEERING, CHEMICAL 工程：化工",4 [126/169]," ENGINEERING, PETROLEUM 工程：石油",4 [15/24],,
Structural Integrity and Life-Integritet I Vek Konstrukcija,2025,1451-3749/1820-7863,否,否,是,ESCI,,,工程技术,4 [1111/1437],否,三级," ENGINEERING, MULTIDISCIPLINARY 工程：综合",4 [113/179],,,,,,,,,,
3c Tecnologia,2025,2254-4143/2254-4143,否,否,是,ESCI,0.2,,工程技术,4 [1112/1437],否,三级," ENGINEERING, MULTIDISCIPLINARY 工程：综合",4 [114/179],,,,,,,,,,
Journal of Sensors,2025,1687-725X/1687-7268,否,否,是,SCIE,1.1,,工程技术,4 [1113/1437],否,三级," ENGINEERING, ELECTRICAL & ELECTRONIC 工程：电子与电气",4 [318/352], INSTRUMENTS & INSTRUMENTATION 仪器仪表,4 [70/76],,,,,,,,
Chemical Industry & Chemical Engineering Quarterly,2025,1451-9372/2217-7434,否,否,是,SCIE,0.8,,工程技术,4 [1114/1437],否,三级," CHEMISTRY, APPLIED 应用化学",4 [59/74]," ENGINEERING, CHEMICAL 工程：化工",4 [127/169],,,,,,,,
CHEMIE INGENIEUR TECHNIK,2025,0009-286X/1522-2640,否,否,否,SCIE,1.6,,工程技术,4 [1115/1437],否,三级," ENGINEERING, CHEMICAL 工程：化工",4 [128/169],,,,,,,,,,
Journal of Semiconductor Technology and Science,2025,1598-1657/2233-4866,否,否,否,SCIE,0.8,,工程技术,4 [1116/1437],否,三级," ENGINEERING, ELECTRICAL & ELECTRONIC 工程：电子与电气",4 [319/352]," PHYSICS, APPLIED 物理：应用",4 [158/178],,,,,,,,
International Journal of GEOMATE,2025,2186-2982/2186-2990,否,否,否,ESCI,0.8,,工程技术,4 [1117/1437],否,三级," ENGINEERING, CIVIL 工程：土木",4 [146/180],,,,,,,,,,
Jurnal Tribologi,2025,2289-7232/2289-7232,否,否,是,ESCI,1.4,,工程技术,4 [1118/1437],否,三级," ENGINEERING, MECHANICAL 工程：机械",4 [154/181],,,,,,,,,,
Central European Journal of Energetic Materials,2025,1733-7178,否,否,否,SCIE,0.6,,工程技术,4 [1119/1437],否,三级," CHEMISTRY, APPLIED 应用化学",4 [60/74]," ENGINEERING, CHEMICAL 工程：化工",4 [129/169],,,,,,,,
Journal of Aerospace Technology and Management,2025,1984-9648/2175-9146,否,否,是,ESCI,1.1,,工程技术,4 [1120/1437],否,三级," ENGINEERING, AEROSPACE 工程：宇航",4 [43/53],,,,,,,,,,
International Journal of Exergy,2025,1742-8297/1742-8300,否,否,否,SCIE,1,,工程技术,4 [1121/1437],否,三级, ENERGY & FUELS 能源与燃料,4 [150/171], THERMODYNAMICS 热力学,4 [64/78],,,,,,,,
Journal of Applied Mechanics and Technical Physics,2025,0021-8944/1573-8620,否,否,否,SCIE,0.6,,工程技术,4 [1122/1437],否,三级, MECHANICS 力学,4 [154/171]," PHYSICS, APPLIED 物理：应用",4 [160/178],,,,,,,,
International Journal of Automotive And Mechanical Engineering,2025,2229-8649/2180-1606,否,否,是,ESCI,0.8,,工程技术,4 [1123/1437],否,三级," ENGINEERING, MECHANICAL 工程：机械",4 [155/181],,,,,,,,,,
Studia Geotechnica et Mechanica,2025,0137-6365/2083-831X,否,否,是,ESCI,0.8,,工程技术,4 [1124/1437],否,三级, MECHANICS 力学,4 [155/171],,,,,,,,,,
Electrica,2025,2619-9831/2619-9831,否,否,是,ESCI,0.6,,工程技术,4 [1125/1437],否,三级," ENGINEERING, ELECTRICAL & ELECTRONIC 工程：电子与电气",4 [321/352],,,,,,,,,,
Theoretical and Applied Mechanics,2025,1450-5584/1450-5584,否,否,是,ESCI,0.4,,工程技术,4 [1126/1437],否,三级, MECHANICS 力学,4 [156/171],,,,,,,,,,
Bautechnik,2025,0932-8351/1437-0999,否,否,否,SCIE,0.5,,工程技术,4 [1127/1437],否,三级," ENGINEERING, CIVIL 工程：土木",4 [147/180],,,,,,,,,,
Journal of Advanced Mechanical Design Systems and Manufacturing,2025,1881-3054/1881-3054,否,否,是,SCIE,1,,工程技术,4 [1128/1437],否,三级," ENGINEERING, MANUFACTURING 工程：制造",4 [64/70]," ENGINEERING, MECHANICAL 工程：机械",4 [156/181],,,,,,,,
Petrophysics,2025,1529-9074/1529-9074,否,否,否,SCIE,0.7,,工程技术,4 [1129/1437],否,三级," ENGINEERING, PETROLEUM 工程：石油",4 [16/24], GEOCHEMISTRY & GEOPHYSICS 地球化学与地球物理,4 [90/99],,,,,,,,
COMBUSTION EXPLOSION AND SHOCK WAVES,2025,0010-5082/1573-8345,否,否,否,SCIE,0.7,,工程技术,4 [1130/1437],否,三级, ENERGY & FUELS 能源与燃料,4 [151/171]," ENGINEERING, CHEMICAL 工程：化工",4 [131/169]," ENGINEERING, MULTIDISCIPLINARY 工程：综合",4 [115/179]," MATERIALS SCIENCE, MULTIDISCIPLINARY 材料科学：综合",4 [374/436], THERMODYNAMICS 热力学,4 [65/78],,
Archives of Thermodynamics,2025,1231-0956/2083-6023,否,否,否,ESCI,1.2,,工程技术,4 [1131/1437],否,三级, THERMODYNAMICS 热力学,4 [66/78],,,,,,,,,,
Kompleksnoe Ispolzovanie Mineralnogo Syra,2025,2224-5243/2616-6445,否,否,否,ESCI,1.1,,工程技术,4 [1132/1437],否,三级, METALLURGY & METALLURGICAL ENGINEERING 冶金工程,4 [69/94], MINING & MINERAL PROCESSING 矿业与矿物加工,4 [25/32],,,,,,,,
International Journal of Chemical Reactor Engineering,2025,2194-5748/1542-6580,否,否,否,SCIE,1.4,,工程技术,4 [1133/1437],否,三级," ENGINEERING, CHEMICAL 工程：化工",4 [132/169],,,,,,,,,,
Transactions of the Canadian Society for Mechanical Engineering,2025,0315-8977/2816-5691,否,否,否,SCIE,1,,工程技术,4 [1134/1437],否,三级," ENGINEERING, MECHANICAL 工程：机械",4 [157/181],,,,,,,,,,
Proceedings of the Institution of Civil Engineers-Engineering History and Heritage,2025,1757-9430/1757-9449,否,否,否,ESCI,0.4,,工程技术,4 [1135/1437],否,三级," ENGINEERING, CIVIL 工程：土木",4 [148/180],,,,,,,,,,
Tekstilec,2025,0351-3386/2350-3696,否,否,是,ESCI,1,,工程技术,4 [1136/1437],否,三级," MATERIALS SCIENCE, TEXTILES 材料科学：纺织",4 [22/30],,,,,,,,,,
Ingegneria Sismica,2025,0393-1420,否,否,否,SCIE,,,工程技术,4 [1137/1437],否,三级," ENGINEERING, CIVIL 工程：土木",4 [149/180]," ENGINEERING, GEOLOGICAL 工程：地质",4 [51/65],,,,,,,,
Revista Mexicana de Ingenieria Quimica,2025,1665-2738,否,否,否,SCIE,1.3,,工程技术,4 [1138/1437],否,三级," CHEMISTRY, APPLIED 应用化学",4 [61/74]," ENGINEERING, CHEMICAL 工程：化工",4 [133/169],,,,,,,,
JOURNAL OF SCIENTIFIC & INDUSTRIAL RESEARCH,2025,0022-4456/0975-1084,否,否,是,SCIE,0.8,,工程技术,4 [1139/1437],否,三级," ENGINEERING, MULTIDISCIPLINARY 工程：综合",4 [116/179],,,,,,,,,,
IEEE INDUSTRY APPLICATIONS MAGAZINE,2025,1077-2618/1558-0598,否,否,否,SCIE,0.8,,工程技术,4 [1140/1437],否,三级," ENGINEERING, ELECTRICAL & ELECTRONIC 工程：电子与电气",4 [322/352]," ENGINEERING, INDUSTRIAL 工程：工业",4 [66/70],,,,,,,,
ENVIRONMENTAL & ENGINEERING GEOSCIENCE,2025,1078-7275/1558-9161,否,否,否,SCIE,0.7,,工程技术,4 [1141/1437],否,三级," ENGINEERING, ENVIRONMENTAL 工程：环境",4 [70/80]," ENGINEERING, GEOLOGICAL 工程：地质",4 [52/65]," GEOSCIENCES, MULTIDISCIPLINARY 地球科学：综合",4 [226/258],,,,,,
Revista Facultad de Ingenieria-Universidad de Antioquia,2025,0120-6230/2422-2844,否,否,是,ESCI,0.5,,工程技术,4 [1142/1437],否,三级," ENGINEERING, MULTIDISCIPLINARY 工程：综合",4 [117/179],,,,,,,,,,
Mineral Processing and Extractive Metallurgy-Transactions of the Institutions of Mining and Metallurgy,2025,2572-6641/2572-665X,否,否,否,ESCI,1,,工程技术,4 [1143/1437],否,三级, MINING & MINERAL PROCESSING 矿业与矿物加工,4 [26/32],,,,,,,,,,
International Journal of Affective Engineering,2025,2187-5413/2187-5413,否,否,否,ESCI,0.8,,工程技术,4 [1144/1437],否,三级," ENGINEERING, INDUSTRIAL 工程：工业",4 [67/70],,,,,,,,,,
Journal of the International Association for Shell and Spatial Structures,2025,1028-365X/1996-9015,否,否,否,ESCI,0.5,,工程技术,4 [1145/1437],否,三级," ENGINEERING, CIVIL 工程：土木",4 [150/180],,,,,,,,,,
Advances in Civil and Architectural Engineering,2025,2975-3848/2975-3848,否,否,是,ESCI,0.5,,工程技术,4 [1146/1437],否,三级," ENGINEERING, CIVIL 工程：土木",4 [151/180],,,,,,,,,,
Gospodarka Surowcami Mineralnymi-Mineral Resources Management,2025,0860-0953/2299-2324,否,否,否,SCIE,0.8,,工程技术,4 [1147/1437],否,三级, MINERALOGY 矿物学,4 [28/30], MINING & MINERAL PROCESSING 矿业与矿物加工,4 [27/32],,,,,,,,
Frontiers in Electronics,2025,2673-5857/2673-5857,否,否,是,ESCI,2.1,,工程技术,4 [1148/1437],否,三级," ENGINEERING, ELECTRICAL & ELECTRONIC 工程：电子与电气",4 [324/352],,,,,,,,,,
Bridge Structures,2025,1573-2487/1744-8999,否,否,否,ESCI,0.5,,工程技术,4 [1149/1437],否,三级, CONSTRUCTION & BUILDING TECHNOLOGY 结构与建筑技术,4 [74/91],,,,,,,,,,
Journal of Nuclear Engineering and Radiation Science,2025,2332-8983/2332-8975,否,否,否,ESCI,0.8,,工程技术,4 [1150/1437],否,三级, NUCLEAR SCIENCE & TECHNOLOGY 核科学技术,4 [38/41],,,,,,,,,,
International Journal of Fluid Power,2025,1439-9776/2332-1180,否,否,否,ESCI,0.9,,工程技术,4 [1151/1437],否,三级," ENGINEERING, MECHANICAL 工程：机械",4 [158/181],,,,,,,,,,
Emission Control Science and Technology,2025,2199-3629/2199-3637,否,否,否,ESCI,1.5,,工程技术,4 [1152/1437],否,三级," ENGINEERING, CHEMICAL 工程：化工",4 [134/169]," ENGINEERING, ENVIRONMENTAL 工程：环境",4 [71/80],,,,,,,,
"Journal of Verification, Validation and Uncertainty Quantification",2025,2377-2158/2377-2166,否,否,否,ESCI,0.8,,工程技术,4 [1153/1437],否,三级," ENGINEERING, MECHANICAL 工程：机械",4 [159/181]," ENGINEERING, MULTIDISCIPLINARY 工程：综合",4 [118/179],,,,,,,,
International Journal of Aviation Aeronautics and Aerospace,2025,2374-6793/2374-6793,否,否,是,ESCI,0.7,,工程技术,4 [1154/1437],否,三级," ENGINEERING, AEROSPACE 工程：宇航",4 [44/53],,,,,,,,,,
Engineering Journal-Thailand,2025,0125-8281/0125-8281,否,否,否,ESCI,1,,工程技术,4 [1155/1437],否,三级," ENGINEERING, MULTIDISCIPLINARY 工程：综合",4 [119/179],,,,,,,,,,
INSTRUMENTS AND EXPERIMENTAL TECHNIQUES,2025,0020-4412/1608-3180,否,否,否,SCIE,0.4,,工程技术,4 [1156/1437],否,三级," ENGINEERING, MULTIDISCIPLINARY 工程：综合",4 [120/179], INSTRUMENTS & INSTRUMENTATION 仪器仪表,4 [71/76],,,,,,,,
Advances in Aircraft and Spacecraft Science,2025,2287-528X/2287-5271,否,否,否,ESCI,0.7,,工程技术,4 [1157/1437],否,三级," ENGINEERING, AEROSPACE 工程：宇航",4 [45/53],,,,,,,,,,
Aviation,2025,1648-7788/1822-4180,否,否,是,ESCI,1.3,,工程技术,4 [1158/1437],否,三级," ENGINEERING, AEROSPACE 工程：宇航",4 [46/53],,,,,,,,,,
Modelling and Simulation in Engineering,2025,1687-5591/1687-5605,否,否,是,ESCI,1.3,,工程技术,4 [1159/1437],否,三级," ENGINEERING, MULTIDISCIPLINARY 工程：综合",4 [121/179],,,,,,,,,,
Chemical Product and Process Modeling,2025,1934-2659/2194-6159,否,否,否,ESCI,1.3,,工程技术,4 [1160/1437],否,三级," ENGINEERING, CHEMICAL 工程：化工",4 [135/169],,,,,,,,,,
Journal of Engineering-JOE,2025,2051-3305/2051-3305,否,否,是,ESCI,1,,工程技术,4 [1161/1437],否,三级," ENGINEERING, MULTIDISCIPLINARY 工程：综合",4 [122/179],,,,,,,,,,
SAE International Journal of Fuels and Lubricants,2025,1946-3952/1946-3960,否,否,否,ESCI,0.9,,工程技术,4 [1162/1437],否,三级, TRANSPORTATION SCIENCE & TECHNOLOGY 运输科技,4 [60/71],,,,,,,,,,
MATERIALES DE CONSTRUCCION,2025,0465-2746/1988-3226,否,否,是,SCIE,1.5,,工程技术,4 [1163/1437],否,三级, CONSTRUCTION & BUILDING TECHNOLOGY 结构与建筑技术,4 [75/91]," MATERIALS SCIENCE, MULTIDISCIPLINARY 材料科学：综合",4 [382/436],,,,,,,,
Interfacial Phenomena and Heat Transfer,2025,2169-2785/2167-857X,否,否,否,ESCI,0.7,,工程技术,4 [1164/1437],否,三级, THERMODYNAMICS 热力学,4 [67/78],,,,,,,,,,
International Journal of Air-Conditioning and Refrigeration,2025,2010-1325/2010-1333,否,否,是,ESCI,1.5,,工程技术,4 [1165/1437],否,三级, THERMODYNAMICS 热力学,4 [68/78],,,,,,,,,,
Tecciencia,2025,1909-3667/2422-3670,否,否,否,ESCI,,,工程技术,4 [1166/1437],否,三级," ENGINEERING, MULTIDISCIPLINARY 工程：综合",4 [123/179],,,,,,,,,,
Soil Mechanics and Foundation Engineering,2025,0038-0741/1573-9279,否,否,否,SCIE,0.6,,工程技术,4 [1167/1437],否,三级," ENGINEERING, GEOLOGICAL 工程：地质",4 [53/65],,,,,,,,,,
Acta Mechanica et Automatica,2025,1898-4088/2300-5319,否,否,是,ESCI,1.1,,工程技术,4 [1168/1437],否,三级," ENGINEERING, MECHANICAL 工程：机械",4 [161/181],,,,,,,,,,
Advances in Electrical and Computer Engineering,2025,1582-7445/1844-7600,否,否,是,SCIE,0.7,,工程技术,4 [1169/1437],否,三级," COMPUTER SCIENCE, ARTIFICIAL INTELLIGENCE 计算机：人工智能",4 [189/196]," ENGINEERING, ELECTRICAL & ELECTRONIC 工程：电子与电气",4 [325/352],,,,,,,,
Advances in Radio Science,2025,1684-9965/1684-9973,否,否,是,ESCI,0.9,,工程技术,4 [1170/1437],否,三级," ENGINEERING, ELECTRICAL & ELECTRONIC 工程：电子与电气",4 [326/352],,,,,,,,,,
TransNav-International Journal on Marine Navigation and Safety of Sea Transportation,2025,2083-6473/2083-6481,否,否,是,ESCI,0.6,,工程技术,4 [1171/1437],否,三级, TRANSPORTATION SCIENCE & TECHNOLOGY 运输科技,4 [61/71],,,,,,,,,,
Transport Problems,2025,1896-0596/2300-861X,否,否,是,ESCI,0.4,,工程技术,4 [1172/1437],否,三级, TRANSPORTATION SCIENCE & TECHNOLOGY 运输科技,4 [62/71],,,,,,,,,,
Journal of Naval Architecture and Marine Engineering,2025,1813-8535/2070-8998,否,否,是,ESCI,0.4,,工程技术,4 [1173/1437],否,三级," ENGINEERING, MARINE 工程：海洋",4 [20/26],,,,,,,,,,
Advances in Electrical and Electronic Engineering,2025,1336-1376/1804-3119,否,否,是,ESCI,0.8,,工程技术,4 [1174/1437],否,三级," ENGINEERING, ELECTRICAL & ELECTRONIC 工程：电子与电气",4 [327/352],,,,,,,,,,
ENGINEERING JOURNAL-AMERICAN INSTITUTE OF STEEL CONSTRUCTION,2025,0013-8029/0013-8029,否,否,否,SCIE,0.9,,工程技术,4 [1175/1437],否,三级, CONSTRUCTION & BUILDING TECHNOLOGY 结构与建筑技术,4 [76/91]," ENGINEERING, CIVIL 工程：土木",4 [152/180],,,,,,,,
Journal of Thermal Science and Technology,2025,1880-5566/1880-5566,否,否,是,SCIE,0.9,,工程技术,4 [1176/1437],否,三级, THERMODYNAMICS 热力学,4 [69/78],,,,,,,,,,
INDIAN JOURNAL OF FIBRE & TEXTILE RESEARCH,2025,0971-0426/0975-1025,否,否,是,SCIE,0.6,,工程技术,4 [1177/1437],否,三级," MATERIALS SCIENCE, TEXTILES 材料科学：纺织",4 [23/30],,,,,,,,,,
INSIGHT,2025,1354-2575/1754-4904,否,否,是,SCIE,1,,工程技术,4 [1178/1437],否,三级, INSTRUMENTS & INSTRUMENTATION 仪器仪表,4 [73/76]," MATERIALS SCIENCE, CHARACTERIZATION & TESTING 材料科学：表征与测试",4 [32/38],,,,,,,,
Journal of Engineering and Technological Sciences,2025,2337-5779/2338-5502,否,否,是,ESCI,0.7,,工程技术,4 [1179/1437],否,三级," ENGINEERING, MULTIDISCIPLINARY 工程：综合",4 [125/179],,,,,,,,,,
PROGRESS IN COMPUTATIONAL FLUID DYNAMICS,2025,1468-4349/1741-5233,否,否,否,SCIE,0.5,,工程技术,4 [1180/1437],否,三级, MECHANICS 力学,4 [158/171], THERMODYNAMICS 热力学,4 [70/78],,,,,,,,
Innovation and Emerging Technologies,2025,2737-5994/2810-9007,否,否,否,ESCI,0.8,,工程技术,4 [1181/1437],否,三级," ENGINEERING, MULTIDISCIPLINARY 工程：综合",4 [126/179],,,,,,,,,,
Journal of Micro and Nano-Manufacturing,2025,2166-0468/2166-0476,否,否,否,ESCI,1,,工程技术,4 [1182/1437],否,三级," ENGINEERING, MANUFACTURING 工程：制造",4 [65/70],,,,,,,,,,
Ingenieria del Agua,2025,1134-2196/1886-4996,否,否,是,ESCI,0.4,,工程技术,4 [1183/1437],否,三级," ENGINEERING, CIVIL 工程：土木",4 [153/180],,,,,,,,,,
Journal of Grey System,2025,0957-3720,否,否,否,SCIE,1.5,,工程技术,4 [1184/1437],否,三级," MATHEMATICS, INTERDISCIPLINARY APPLICATIONS 数学跨学科应用",4 [134/136],,,,,,,,,,
Acta Polytechnica,2025,1805-2363/1805-2363,否,否,是,ESCI,0.5,,工程技术,4 [1185/1437],否,三级," ENGINEERING, MULTIDISCIPLINARY 工程：综合",4 [127/179],,,,,,,,,,
International Journal of Computing Science and Mathematics,2025,1752-5055/1752-5063,否,否,否,ESCI,0.7,,工程技术,4 [1186/1437],否,三级," ENGINEERING, MULTIDISCIPLINARY 工程：综合",4 [128/179],,,,,,,,,,
Journal of Nuclear Fuel Cycle and Waste Technology,2025,1738-1894/2288-5471,否,否,是,ESCI,0.4,,工程技术,4 [1187/1437],否,三级, NUCLEAR SCIENCE & TECHNOLOGY 核科学技术,4 [39/41],,,,,,,,,,
Journal of Ship Production and Design,2025,2158-2866/2158-2874,否,否,否,SCIE,0.9,,工程技术,4 [1188/1437],否,三级," ENGINEERING, MARINE 工程：海洋",4 [21/26],,,,,,,,,,
International Journal of Electrical and Computer Engineering Systems,2025,1847-6996/1847-7003,否,否,否,ESCI,0.9,,工程技术,4 [1189/1437],否,三级," ENGINEERING, ELECTRICAL & ELECTRONIC 工程：电子与电气",4 [328/352],,,,,,,,,,
Geotechnik,2025,0172-6145/2190-6653,否,否,否,ESCI,0.4,,工程技术,4 [1190/1437],否,三级," ENGINEERING, GEOLOGICAL 工程：地质",4 [54/65],,,,,,,,,,
KERNTECHNIK,2025,0932-3902/2195-8580,否,否,否,SCIE,0.9,,工程技术,4 [1191/1437],否,三级, NUCLEAR SCIENCE & TECHNOLOGY 核科学技术,4 [40/41],,,,,,,,,,
JOURNAL OF ENGINEERING PHYSICS AND THERMOPHYSICS,2025,1062-0125/1573-871X,否,否,否,ESCI,0.5,,工程技术,4 [1192/1437],否,三级, THERMODYNAMICS 热力学,4 [71/78],,,,,,,,,,
Journal of Structural Fire Engineering,2025,2040-2317/2040-2317,否,否,否,ESCI,1.2,,工程技术,4 [1193/1437],否,三级, CONSTRUCTION & BUILDING TECHNOLOGY 结构与建筑技术,4 [77/91],,,,,,,,,,
Vestnik Tomskogo Gosudarstvennogo Universiteta-Matematika i Mekhanika-Tomsk State University Journal of Mathematics and Mechanics,2025,1998-8621/2311-2255,否,否,否,ESCI,0.2,,工程技术,4 [1194/1437],否,三级, MECHANICS 力学,4 [159/171],,,,,,,,,,
TEHNICKI GLASNIK-TECHNICAL JOURNAL,2025,1846-6168/1848-5588,否,否,是,ESCI,0.7,,工程技术,4 [1195/1437],否,三级," ENGINEERING, MULTIDISCIPLINARY 工程：综合",4 [129/179],,,,,,,,,,
Baltic Journal of Road and Bridge Engineering,2025,1822-427X/1822-4288,否,否,是,SCIE,1.1,,工程技术,4 [1196/1437],否,三级," ENGINEERING, CIVIL 工程：土木",4 [154/180],,,,,,,,,,
Electronic Journal of Structural Engineering,2025,1443-9255/1443-9255,否,否,是,ESCI,0.7,,工程技术,4 [1197/1437],否,三级," ENGINEERING, CIVIL 工程：土木",4 [155/180],,,,,,,,,,
Civil and Environmental Engineering Reports,2025,2080-5187/2450-8594,否,否,是,ESCI,0.7,,工程技术,4 [1198/1437],否,三级," ENGINEERING, CIVIL 工程：土木",4 [156/180],,,,,,,,,,
Journal of Applied Engineering Sciences,2025,2247-3769/2284-7197,否,否,是,ESCI,0.7,,工程技术,4 [1199/1437],否,三级," ENGINEERING, CIVIL 工程：土木",4 [157/180],,,,,,,,,,
Journal of Integrated Design & Process Science,2025,1092-0617/1875-8959,否,否,否,ESCI,1,,工程技术,4 [1200/1437],否,三级," ENGINEERING, MULTIDISCIPLINARY 工程：综合",4 [130/179],,,,,,,,,,
POLIMERY,2025,0032-2725/0032-2725,否,否,是,SCIE,0.8,,工程技术,4 [1201/1437],否,三级, POLYMER SCIENCE 高分子科学,4 [86/94],,,,,,,,,,
Solid Fuel Chemistry,2025,0361-5219/1934-8029,否,否,否,SCIE,0.9,,工程技术,4 [1202/1437],否,三级," CHEMISTRY, MULTIDISCIPLINARY 化学：综合",4 [185/230], ENERGY & FUELS 能源与燃料,4 [153/171]," ENGINEERING, CHEMICAL 工程：化工",4 [136/169],,,,,,
MARINE TECHNOLOGY SOCIETY JOURNAL,2025,0025-3324/1948-1209,否,否,否,SCIE,1,,工程技术,4 [1203/1437],否,三级," ENGINEERING, OCEAN 工程：大洋",4 [17/18], OCEANOGRAPHY 海洋学,4 [63/66],,,,,,,,
Journal of Advanced Simulation in Science and Engineering,2025,2188-5303/2188-5303,否,否,否,ESCI,0.4,,工程技术,4 [1204/1437],否,三级," ENGINEERING, MULTIDISCIPLINARY 工程：综合",4 [131/179],,,,,,,,,,
Journal of Engineering Research,2025,2307-1877/2307-1885,否,否,是,SCIE,2.2,,工程技术,4 [1205/1437],否,三级," ENGINEERING, MULTIDISCIPLINARY 工程：综合",4 [132/179],,,,,,,,,,
Architecture Civil Engineering Environment,2025,1899-0142/2720-6947,否,否,是,ESCI,0.4,,工程技术,4 [1206/1437],否,三级," ENGINEERING, CIVIL 工程：土木",4 [158/180],,,,,,,,,,
THEORETICAL FOUNDATIONS OF CHEMICAL ENGINEERING,2025,0040-5795/1608-3431,否,否,否,SCIE,0.6,,工程技术,4 [1207/1437],否,三级," ENGINEERING, CHEMICAL 工程：化工",4 [137/169],,,,,,,,,,
Hemijska Industrija,2025,0367-598X/2217-7426,否,否,是,SCIE,0.5,,工程技术,4 [1208/1437],否,三级," ENGINEERING, CHEMICAL 工程：化工",4 [138/169],,,,,,,,,,
Stahlbau,2025,0038-9145/1437-1049,否,否,否,SCIE,0.4,,工程技术,4 [1209/1437],否,三级, CONSTRUCTION & BUILDING TECHNOLOGY 结构与建筑技术,4 [78/91]," ENGINEERING, CIVIL 工程：土木",4 [159/180],,,,,,,,
Journal of Computational Methods in Sciences and Engineering,2025,1472-7978/1875-8983,否,否,否,ESCI,0.4,,工程技术,4 [1210/1437],否,三级," ENGINEERING, MULTIDISCIPLINARY 工程：综合",4 [133/179],,,,,,,,,,
Thermophysics and Aeromechanics,2025,0869-8643/1531-8699,否,否,否,SCIE,0.6,,工程技术,4 [1211/1437],否,三级," ENGINEERING, AEROSPACE 工程：宇航",4 [47/53]," ENGINEERING, MECHANICAL 工程：机械",4 [162/181], MECHANICS 力学,4 [161/171], THERMODYNAMICS 热力学,4 [72/78],,,,
International Journal of Renewable Energy Research,2025,1309-0127/1309-0127,否,否,否,ESCI,1.1,,工程技术,4 [1212/1437],否,三级, ENERGY & FUELS 能源与燃料,4 [154/171],,,,,,,,,,
Industrial Engineering and Management Systems,2025,1598-7248/2234-6473,否,否,否,ESCI,0.5,,工程技术,4 [1213/1437],否,三级," ENGINEERING, INDUSTRIAL 工程：工业",4 [68/70],,,,,,,,,,
Journal of Green Building,2025,1552-6100/1943-4618,否,否,否,AHCI,0.9,,工程技术,4 [1214/1437],否,三级, ARCHITECTURE 建筑学,4 [90/94],,,,,,,,,,
South African Journal of Industrial Engineering,2025,1012-277X/2224-7890,否,否,是,SCIE,0.5,,工程技术,4 [1215/1437],否,三级," ENGINEERING, INDUSTRIAL 工程：工业",4 [69/70],,,,,,,,,,
Engineering Review,2025,1330-9587/1849-0433,否,否,否,ESCI,0.6,,工程技术,4 [1216/1437],否,三级," ENGINEERING, MULTIDISCIPLINARY 工程：综合",4 [134/179],,,,,,,,,,
Journal of Engineering Science and Technology,2025,1823-4690/1823-4690,否,否,是,ESCI,0.5,,工程技术,4 [1217/1437],否,三级," ENGINEERING, MULTIDISCIPLINARY 工程：综合",4 [135/179],,,,,,,,,,
CIVIL ENGINEERING,2025,0885-7024/0885-7024,否,否,否,SCIE,,,工程技术,4 [1218/1437],否,三级," ENGINEERING, CIVIL 工程：土木",4 [160/180],,,,,,,,,,
Moscow University Mechanics Bulletin,2025,0027-1330/1934-8452,否,否,否,ESCI,0.7,,工程技术,4 [1219/1437],否,三级, MECHANICS 力学,4 [162/171],,,,,,,,,,
Journal of Vibroengineering,2025,1392-8716/1392-8716,否,否,是,ESCI,0.9,,工程技术,4 [1220/1437],否,三级," ENGINEERING, MECHANICAL 工程：机械",4 [163/181],,,,,,,,,,
Mechanika,2025,1392-1207/2029-6983,否,否,是,SCIE,0.7,,工程技术,4 [1221/1437],否,三级, MECHANICS 力学,4 [163/171],,,,,,,,,,
INTEGRATED FERROELECTRICS,2025,1058-4587/1607-8489,否,否,否,SCIE,0.7,,工程技术,4 [1222/1437],否,三级," ENGINEERING, ELECTRICAL & ELECTRONIC 工程：电子与电气",4 [329/352]," PHYSICS, APPLIED 物理：应用",4 [170/178]," PHYSICS, CONDENSED MATTER 物理：凝聚态物理",4 [72/78],,,,,,
Power Electronics and Drives,2025,2451-0262/2543-4292,否,否,是,ESCI,1.5,,工程技术,4 [1223/1437],否,三级," ENGINEERING, ELECTRICAL & ELECTRONIC 工程：电子与电气",4 [330/352],,,,,,,,,,
International Journal of Sustainable Aviation,2025,2050-0467/2050-0475,否,否,否,ESCI,0.9,,工程技术,4 [1224/1437],否,三级," ENGINEERING, AEROSPACE 工程：宇航",4 [48/53],,,,,,,,,,
Journal of Mechanical Engineering and Sciences,2025,2289-4659/2231-8380,否,否,是,ESCI,1.2,,工程技术,4 [1225/1437],否,三级," ENGINEERING, MECHANICAL 工程：机械",4 [164/181],,,,,,,,,,
LASERS IN ENGINEERING,2025,0898-1507/1029-029X,否,否,否,SCIE,0.5,,工程技术,4 [1226/1437],否,三级," MATERIALS SCIENCE, MULTIDISCIPLINARY 材料科学：综合",4 [392/436], OPTICS 光学,4 [114/119],,,,,,,,
European Transport-Trasporti Europei,2025,1825-3997/1825-3997,否,否,否,ESCI,0.8,,工程技术,4 [1227/1437],否,三级, TRANSPORTATION 交通运输,4 [54/58],,,,,,,,,,
Mehran University Research Journal of Engineering and Technology,2025,0254-7821/2413-7219,否,否,是,ESCI,0.7,,工程技术,4 [1228/1437],否,三级," ENGINEERING, MULTIDISCIPLINARY 工程：综合",4 [136/179],,,,,,,,,,
International Journal of Engineering Research in Africa,2025,1663-3571/1663-4144,否,否,否,ESCI,0.9,,工程技术,4 [1229/1437],否,三级," ENGINEERING, MULTIDISCIPLINARY 工程：综合",4 [137/179],,,,,,,,,,
International Journal of Sustainable Construction Engineering and Technology,2025,2180-3242/2180-3242,否,否,否,ESCI,0.5,,工程技术,4 [1230/1437],否,三级, CONSTRUCTION & BUILDING TECHNOLOGY 结构与建筑技术,4 [79/91],,,,,,,,,,
International Journal of Manufacturing Research,2025,1750-0591/1750-0605,否,否,否,ESCI,1,,工程技术,4 [1231/1437],否,三级," ENGINEERING, INDUSTRIAL 工程：工业",4 [70/70]," ENGINEERING, MANUFACTURING 工程：制造",4 [66/70],,,,,,,,
International Journal of Emerging Electric Power Systems,2025,2194-5756/1553-779X,否,否,否,ESCI,0.7,,工程技术,4 [1232/1437],否,三级," ENGINEERING, ELECTRICAL & ELECTRONIC 工程：电子与电气",4 [331/352],,,,,,,,,,
Bulletin of Chemical Reaction Engineering and Catalysis,2025,1978-2993/1978-2993,否,否,是,ESCI,1.3,,工程技术,4 [1233/1437],否,三级," ENGINEERING, CHEMICAL 工程：化工",4 [139/169],,,,,,,,,,
Journal of Theoretical and Applied Mechanics,2025,1429-2955/1429-2955,否,否,是,SCIE,1,,工程技术,4 [1234/1437],否,三级, MECHANICS 力学,4 [164/171],,,,,,,,,,
Slovak Journal of Civil Engineering,2025,1210-3896/1338-3973,否,否,是,ESCI,0.4,,工程技术,4 [1235/1437],否,三级," ENGINEERING, CIVIL 工程：土木",4 [162/180],,,,,,,,,,
Journal of Road Safety-JRS,2025,2652-4260/2652-4252,否,否,是,ESCI,0.6,,工程技术,4 [1236/1437],否,三级, TRANSPORTATION 交通运输,4 [55/58],,,,,,,,,,
Sigma Journal of Engineering and Natural Sciences-Sigma Muhendislik ve Fen Bilimleri Dergisi,2025,1304-7205/1304-7191,否,否,是,ESCI,0.6,,工程技术,4 [1237/1437],否,三级," ENGINEERING, MULTIDISCIPLINARY 工程：综合",4 [138/179],,,,,,,,,,
Journal of Friction and Wear,2025,1068-3666/1934-9386,否,否,否,SCIE,0.5,,工程技术,4 [1238/1437],否,三级," ENGINEERING, MECHANICAL 工程：机械",4 [165/181]," MATERIALS SCIENCE, MULTIDISCIPLINARY 材料科学：综合",4 [394/436],,,,,,,,
Informes de la Construccion,2025,0020-0883/1988-3234,否,否,是,SCIE,0.3,,工程技术,4 [1239/1437],否,三级, CONSTRUCTION & BUILDING TECHNOLOGY 结构与建筑技术,4 [80/91]," ENGINEERING, CIVIL 工程：土木",4 [163/180],,,,,,,,
Journal of the Korean Society of Combustion,2025,1226-0959/2466-2089,否,否,否,ESCI,0.8,,工程技术,4 [1240/1437],否,三级," ENGINEERING, MECHANICAL 工程：机械",4 [166/181],,,,,,,,,,
Journal of Nanoelectronics and Optoelectronics,2025,1555-130X/1555-1318,否,否,否,SCIE,0.5,,工程技术,4 [1241/1437],否,三级," ENGINEERING, ELECTRICAL & ELECTRONIC 工程：电子与电气",4 [332/352], NANOSCIENCE & NANOTECHNOLOGY 纳米科技,4 [128/139]," PHYSICS, APPLIED 物理：应用",4 [171/178],,,,,,
Bulletin of the Tomsk Polytechnic University-Geo Assets Engineering,2025,2500-1019/2413-1830,否,否,是,ESCI,0.5,,工程技术,4 [1242/1437],否,三级," ENGINEERING, GEOLOGICAL 工程：地质",4 [55/65],,,,,,,,,,
Ingenieria e Investigacion,2025,0120-5609/2248-8723,否,否,是,SCIE,0.6,,工程技术,4 [1243/1437],否,三级," ENGINEERING, MULTIDISCIPLINARY 工程：综合",4 [139/179],,,,,,,,,,
Smart and Sustainable Manufacturing Systems,2025,2520-6478/2572-3928,否,否,否,ESCI,1.6,,工程技术,4 [1244/1437],否,三级," ENGINEERING, MANUFACTURING 工程：制造",4 [67/70],,,,,,,,,,
IRANIAN JOURNAL OF CHEMISTRY & CHEMICAL ENGINEERING-INTERNATIONAL ENGLISH EDITION,2025,1021-9986/1021-9986,否,否,是,SCIE,1.3,,工程技术,4 [1245/1437],否,三级," CHEMISTRY, MULTIDISCIPLINARY 化学：综合",4 [192/230]," ENGINEERING, CHEMICAL 工程：化工",4 [140/169],,,,,,,,
Advances in Multimedia,2025,1687-5680/1687-5699,否,否,是,ESCI,0.5,,工程技术,4 [1246/1437],否,三级," ENGINEERING, ELECTRICAL & ELECTRONIC 工程：电子与电气",4 [333/352],,,,,,,,,,
International Journal of Engineering Systems Modelling and SImulation,2025,1755-9758/1755-9766,否,否,否,ESCI,0.7,,工程技术,4 [1247/1437],否,三级," ENGINEERING, MULTIDISCIPLINARY 工程：综合",4 [140/179],,,,,,,,,,
Magnetohydrodynamics,2025,0024-998X/1574-0579,否,否,否,SCIE,0.5,,工程技术,4 [1248/1437],否,三级, MECHANICS 力学,4 [165/171]," PHYSICS, FLUIDS & PLASMAS 物理：流体与等离子体",4 [40/40],,,,,,,,
LATIN AMERICAN APPLIED RESEARCH,2025,0327-0793/1851-8796,否,否,否,SCIE,0.6,,工程技术,4 [1249/1437],否,三级," ENGINEERING, CHEMICAL 工程：化工",4 [141/169],,,,,,,,,,
Pomorstvo-Scientific Journal of Maritime Research,2025,1332-0718/1846-8438,否,否,是,ESCI,0.7,,工程技术,4 [1250/1437],否,三级, TRANSPORTATION 交通运输,4 [56/58],,,,,,,,,,
AATCC Journal of Research,2025,2472-3444/2330-5517,否,否,否,SCIE,1.2,,工程技术,4 [1251/1437],否,三级," MATERIALS SCIENCE, TEXTILES 材料科学：纺织",4 [24/30],,,,,,,,,,
THERMAL ENGINEERING,2025,0040-6015/1555-6301,否,否,否,ESCI,1,,工程技术,4 [1252/1437],否,三级, ENERGY & FUELS 能源与燃料,4 [155/171], THERMODYNAMICS 热力学,4 [73/78],,,,,,,,
Proceedings of the Institution of Civil Engineers-Forensic Engineering,2025,2043-9903/2043-9911,否,否,否,ESCI,0.5,,工程技术,4 [1253/1437],否,三级," ENGINEERING, CIVIL 工程：土木",4 [164/180],,,,,,,,,,
Electronics and Communications in Japan,2025,1942-9533/1942-9541,否,否,否,SCIE,0.4,,工程技术,4 [1254/1437],否,三级," ENGINEERING, ELECTRICAL & ELECTRONIC 工程：电子与电气",4 [334/352],,,,,,,,,,
Journal of Combustion,2025,2090-1968/2090-1976,否,否,是,ESCI,1.4,,工程技术,4 [1255/1437],否,三级," ENGINEERING, CHEMICAL 工程：化工",4 [142/169],,,,,,,,,,
Jurnal Teknologi-Sciences & Engineering,2025,0127-9696/2180-3722,否,否,否,ESCI,0.6,,工程技术,4 [1256/1437],否,三级," ENGINEERING, MULTIDISCIPLINARY 工程：综合",4 [141/179],,,,,,,,,,
Indian Chemical Engineer,2025,0019-4506/0975-007X,否,否,否,ESCI,0.9,,工程技术,4 [1257/1437],否,三级," ENGINEERING, CHEMICAL 工程：化工",4 [143/169],,,,,,,,,,
Enfoque UTE,2025,1390-9363/1390-6542,否,否,是,ESCI,0.3,,工程技术,4 [1258/1437],否,三级," ENGINEERING, MULTIDISCIPLINARY 工程：综合",4 [142/179],,,,,,,,,,
PROCEEDINGS OF THE INSTITUTION OF CIVIL ENGINEERS-CIVIL ENGINEERING,2025,0965-089X/1751-7672,否,否,否,SCIE,0.5,,工程技术,4 [1259/1437],否,三级," ENGINEERING, CIVIL 工程：土木",4 [165/180],,,,,,,,,,
Journal of the Serbian Society for Computational Mechanics,2025,1820-6530/1820-6530,否,否,否,ESCI,0.2,,工程技术,4 [1260/1437],否,三级," ENGINEERING, MULTIDISCIPLINARY 工程：综合",4 [143/179],,,,,,,,,,
Elektrotechnik und Informationstechnik,2025,0932-383X/1613-7620,否,否,否,ESCI,0.4,,工程技术,4 [1261/1437],否,三级," ENGINEERING, ELECTRICAL & ELECTRONIC 工程：电子与电气",4 [335/352],,,,,,,,,,
Journal of Marine Science and Technology-Taiwan,2025,1023-2796/2709-6998,否,否,否,SCIE,0.4,,工程技术,4 [1262/1437],否,三级," ENGINEERING, MULTIDISCIPLINARY 工程：综合",4 [144/179],,,,,,,,,,
AEROSPACE AMERICA,2025,0740-722X/0740-722X,否,否,否,SCIE,0.1,,工程技术,4 [1263/1437],否,三级," ENGINEERING, AEROSPACE 工程：宇航",4 [49/53],,,,,,,,,,
SOLVENT EXTRACTION RESEARCH AND DEVELOPMENT-JAPAN,2025,1341-7215/1341-7215,否,否,否,SCIE,0.4,,工程技术,4 [1264/1437],否,三级," CHEMISTRY, MULTIDISCIPLINARY 化学：综合",4 [195/230]," ENGINEERING, CHEMICAL 工程：化工",4 [144/169],,,,,,,,
Polish Journal of Chemical Technology,2025,1509-8117/1899-4741,否,否,是,SCIE,1,,工程技术,4 [1265/1437],否,三级," CHEMISTRY, APPLIED 应用化学",4 [62/74]," ENGINEERING, CHEMICAL 工程：化工",4 [145/169],,,,,,,,
International Journal of Heat and Technology,2025,0392-8764/0392-8764,否,否,否,ESCI,0.8,,工程技术,4 [1266/1437],否,三级, THERMODYNAMICS 热力学,4 [74/78],,,,,,,,,,
SAE International Journal of Commercial Vehicles,2025,1946-391X/1946-3928,否,否,否,ESCI,0.6,,工程技术,4 [1267/1437],否,三级, TRANSPORTATION SCIENCE & TECHNOLOGY 运输科技,4 [63/71],,,,,,,,,,
INDIAN JOURNAL OF ENGINEERING AND MATERIALS SCIENCES,2025,0971-4588/0975-1017,否,否,否,SCIE,0.6,,工程技术,4 [1268/1437],否,三级," ENGINEERING, MULTIDISCIPLINARY 工程：综合",4 [145/179]," MATERIALS SCIENCE, MULTIDISCIPLINARY 材料科学：综合",4 [402/436],,,,,,,,
NOISE CONTROL ENGINEERING JOURNAL,2025,0736-2501/0736-2501,否,否,否,SCIE,0.4,,工程技术,4 [1269/1437],否,三级, ACOUSTICS 声学,4 [38/40]," ENGINEERING, MULTIDISCIPLINARY 工程：综合",4 [146/179],,,,,,,,
EMITTER-International Journal of Engineering Technology,2025,2355-391X/2443-1168,否,否,是,ESCI,0.3,,工程技术,4 [1270/1437],否,三级," ENGINEERING, ELECTRICAL & ELECTRONIC 工程：电子与电气",4 [336/352],,,,,,,,,,
Magazine of Civil Engineering,2025,2712-8172/2071-0305,否,否,是,ESCI,0.7,,工程技术,4 [1271/1437],否,三级," ENGINEERING, CIVIL 工程：土木",4 [166/180],,,,,,,,,,
International Journal of Fluid Mechanics Research,2025,1064-2277/2152-5110,否,否,否,ESCI,0.6,,工程技术,4 [1272/1437],否,三级, MECHANICS 力学,4 [166/171],,,,,,,,,,
Scientific Journals of the Maritime University of Szczecin-Zeszyty Naukowe Akademii Morskiej w Szczecinie,2025,1733-8670/2392-0378,否,否,是,ESCI,0.3,,工程技术,4 [1273/1437],否,三级," ENGINEERING, MARINE 工程：海洋",4 [22/26],,,,,,,,,,
International Journal of Maritime Engineering,2025,1479-8751/1740-0716,否,否,否,SCIE,0.6,,工程技术,4 [1274/1437],否,三级," ENGINEERING, MARINE 工程：海洋",4 [23/26],,,,,,,,,,
Journal of the Acoustical Society of Korea,2025,1225-4428/2287-3775,否,否,否,ESCI,0.3,,工程技术,4 [1275/1437],否,三级, ACOUSTICS 声学,4 [39/40],,,,,,,,,,
Visnyk NTUU KPI Seriia-Radiotekhnika Radioaparatobuduvannia,2025,2310-0389/2310-0389,否,否,是,ESCI,0.1,,工程技术,4 [1276/1437],否,三级," ENGINEERING, ELECTRICAL & ELECTRONIC 工程：电子与电气",4 [337/352],,,,,,,,,,
SAE International Journal of Passenger Vehicle Systems,2025,2770-3460/2770-3479,否,否,否,ESCI,0.8,,工程技术,4 [1277/1437],否,三级, TRANSPORTATION SCIENCE & TECHNOLOGY 运输科技,4 [64/71],,,,,,,,,,
Engineering Letters,2025,1816-093X/1816-0948,否,否,否,ESCI,0.6,,工程技术,4 [1278/1437],否,三级," ENGINEERING, MULTIDISCIPLINARY 工程：综合",4 [147/179],,,,,,,,,,
Mining Science,2025,2300-9586/2353-5423,否,否,是,ESCI,0.3,,工程技术,4 [1279/1437],否,三级, MINING & MINERAL PROCESSING 矿业与矿物加工,4 [29/32],,,,,,,,,,
Bauingenieur,2025,0005-6650/1436-4867,否,否,否,SCIE,0.4,,工程技术,4 [1280/1437],否,三级, CONSTRUCTION & BUILDING TECHNOLOGY 结构与建筑技术,4 [81/91]," ENGINEERING, CIVIL 工程：土木",4 [167/180],,,,,,,,
MM Science Journal,2025,1803-1269/1805-0476,否,否,否,ESCI,0.5,,工程技术,4 [1281/1437],否,三级," ENGINEERING, MECHANICAL 工程：机械",4 [167/181],,,,,,,,,,
International Journal of Oil Gas and Coal Technology,2025,1753-3309/1753-3317,否,否,否,SCIE,0.7,,工程技术,4 [1282/1437],否,三级, ENERGY & FUELS 能源与燃料,4 [156/171]," ENGINEERING, CHEMICAL 工程：化工",4 [146/169]," ENGINEERING, PETROLEUM 工程：石油",4 [17/24],,,,,,
Nase More,2025,0469-6255/1848-6320,否,否,是,ESCI,0.8,,工程技术,4 [1283/1437],否,三级," ENGINEERING, MARINE 工程：海洋",4 [24/26],,,,,,,,,,
CHEMISTRY AND TECHNOLOGY OF FUELS AND OILS,2025,0009-3092/1573-8310,否,否,否,SCIE,0.7,,工程技术,4 [1284/1437],否,三级, ENERGY & FUELS 能源与燃料,4 [157/171]," ENGINEERING, CHEMICAL 工程：化工",4 [147/169]," ENGINEERING, PETROLEUM 工程：石油",4 [18/24],,,,,,
Dyna,2025,0012-7361/1989-1490,否,否,否,SCIE,0.7,,工程技术,4 [1285/1437],否,三级," ENGINEERING, MULTIDISCIPLINARY 工程：综合",4 [148/179],,,,,,,,,,
INTERNATIONAL JOURNAL OF VEHICLE DESIGN,2025,0143-3369/1741-5314,否,否,否,SCIE,0.7,,工程技术,4 [1286/1437],否,三级," ENGINEERING, MECHANICAL 工程：机械",4 [168/181], TRANSPORTATION SCIENCE & TECHNOLOGY 运输科技,4 [65/71],,,,,,,,
Electrical Control and Communication Engineering,2025,2255-9140/2255-9159,否,否,是,ESCI,0.5,,工程技术,4 [1287/1437],否,三级," ENGINEERING, ELECTRICAL & ELECTRONIC 工程：电子与电气",4 [339/352],,,,,,,,,,
Journal of Machinery Manufacture and Reliability,2025,1052-6188/1934-9394,否,否,是,ESCI,0.4,,工程技术,4 [1288/1437],否,三级," ENGINEERING, MECHANICAL 工程：机械",4 [169/181],,,,,,,,,,
Recent Advances in Electrical & Electronic Engineering,2025,2352-0965/2352-0973,否,否,否,ESCI,0.5,,工程技术,4 [1289/1437],否,三级," ENGINEERING, ELECTRICAL & ELECTRONIC 工程：电子与电气",4 [340/352],,,,,,,,,,
International Journal of Heavy Vehicle Systems,2025,1744-232X/1741-5152,否,否,否,SCIE,0.6,,工程技术,4 [1290/1437],否,三级," ENGINEERING, MECHANICAL 工程：机械",4 [170/181], TRANSPORTATION SCIENCE & TECHNOLOGY 运输科技,4 [66/71],,,,,,,,
HIGH TEMPERATURES-HIGH PRESSURES,2025,0018-1544/1472-3441,否,否,否,SCIE,0.6,,工程技术,4 [1291/1437],否,三级," MATERIALS SCIENCE, CHARACTERIZATION & TESTING 材料科学：表征与测试",4 [36/38], MECHANICS 力学,4 [167/171], THERMODYNAMICS 热力学,4 [75/78],,,,,,
IIUM Engineering Journal,2025,1511-788X/2289-7860,否,否,是,ESCI,0.7,,工程技术,4 [1292/1437],否,三级," ENGINEERING, MULTIDISCIPLINARY 工程：综合",4 [149/179],,,,,,,,,,
MECHANICAL ENGINEERING,2025,0025-6501/1943-5649,否,否,否,SCIE,,,工程技术,4 [1293/1437],否,三级," ENGINEERING, MECHANICAL 工程：机械",4 [171/181],,,,,,,,,,
Vakuum in Forschung und Praxis,2025,0947-076X/1522-2454,否,否,否,ESCI,0.2,,工程技术,4 [1294/1437],否,三级," ENGINEERING, MECHANICAL 工程：机械",4 [172/181],,,,,,,,,,
International Journal on Smart Sensing and Intelligent Systems,2025,1178-5608/1178-5608,否,否,是,ESCI,0.4,,工程技术,4 [1295/1437],否,三级," ENGINEERING, ELECTRICAL & ELECTRONIC 工程：电子与电气",4 [341/352],,,,,,,,,,
Geam-Geoingegneria Ambientale e Mineraria-Geam-Geoengineering Environment and Mining,2025,1121-9041/1121-9041,否,否,否,ESCI,0.1,,工程技术,4 [1296/1437],否,三级," ENGINEERING, GEOLOGICAL 工程：地质",4 [56/65],,,,,,,,,,
IEICE Communications Express,2025,2187-0136/2187-0136,否,否,否,ESCI,0.3,,工程技术,4 [1297/1437],否,三级," ENGINEERING, ELECTRICAL & ELECTRONIC 工程：电子与电气",4 [342/352],,,,,,,,,,
SAE International Journal of Materials and Manufacturing,2025,1946-3979/1946-3987,否,否,否,ESCI,0.7,,工程技术,4 [1298/1437],否,三级, TRANSPORTATION SCIENCE & TECHNOLOGY 运输科技,4 [67/71],,,,,,,,,,
Revista Educacion en Ingenieria,2025,1900-8260/1900-8260,否,否,否,ESCI,0.1,,工程技术,4 [1299/1437],否,三级," ENGINEERING, MULTIDISCIPLINARY 工程：综合",4 [150/179],,,,,,,,,,
JOURNAL OF CHEMICAL ENGINEERING OF JAPAN,2025,0021-9592/1881-1299,否,否,是,SCIE,1.2,,工程技术,4 [1300/1437],否,三级," ENGINEERING, CHEMICAL 工程：化工",4 [148/169],,,,,,,,,,
Scientific Journal of Silesian University of Technology-Series Transport,2025,0209-3324/2450-1549,否,否,是,ESCI,0.7,,工程技术,4 [1301/1437],否,三级, TRANSPORTATION SCIENCE & TECHNOLOGY 运输科技,4 [68/71],,,,,,,,,,
Journal of Sustainable Mining,2025,2543-4950/2300-3960,否,否,是,ESCI,1.7,,工程技术,4 [1302/1437],否,三级, GREEN & SUSTAINABLE SCIENCE & TECHNOLOGY 绿色可持续发展技术,4 [90/91], MINING & MINERAL PROCESSING 矿业与矿物加工,4 [30/32],,,,,,,,
Eurasian Mining,2025,2072-0823/2414-0120,否,否,否,ESCI,0.5,,工程技术,4 [1303/1437],否,三级, MINING & MINERAL PROCESSING 矿业与矿物加工,4 [31/32],,,,,,,,,,
ADSORPTION SCIENCE & TECHNOLOGY,2025,0263-6174/2048-4038,否,否,是,SCIE,3.2,,工程技术,4 [1304/1437],否,三级," CHEMISTRY, APPLIED 应用化学",4 [64/74]," ENGINEERING, CHEMICAL 工程：化工",4 [149/169],,,,,,,,
Jurnal Kejuruteraan,2025,0128-0198/2289-7526,否,否,是,ESCI,0.6,,工程技术,4 [1305/1437],否,三级," ENGINEERING, MULTIDISCIPLINARY 工程：综合",4 [151/179],,,,,,,,,,
NIHON REOROJI GAKKAISHI,2025,0387-1533/0387-1533,否,否,否,SCIE,1.3,,工程技术,4 [1306/1437],否,三级, MECHANICS 力学,4 [168/171], POLYMER SCIENCE 高分子科学,4 [87/94],,,,,,,,
Revista de Transporte y Territorio,2025,1852-7175/1852-7175,否,否,否,ESCI,0.1,,工程技术,4 [1307/1437],否,三级, TRANSPORTATION 交通运输,4 [57/58],,,,,,,,,,
International Journal of Manufacturing Materials and Mechanical Engineering,2025,2156-1680/2156-1672,否,否,否,ESCI,0.7,,工程技术,4 [1308/1437],否,三级," ENGINEERING, MANUFACTURING 工程：制造",4 [68/70],,,,,,,,,,
ELECTRICAL ENGINEERING IN JAPAN,2025,0424-7760/1520-6416,否,否,否,SCIE,0.6,,工程技术,4 [1309/1437],否,三级," ENGINEERING, ELECTRICAL & ELECTRONIC 工程：电子与电气",4 [343/352],,,,,,,,,,
Membrane and Water Treatment,2025,2005-8624/2092-7037,否,否,否,SCIE,1.1,,工程技术,4 [1310/1437],否,三级," ENGINEERING, CHEMICAL 工程：化工",4 [150/169], WATER RESOURCES 水资源,4 [118/124],,,,,,,,
Revista Internacional de Metodos Numericos para Calculo y Diseno en Ingenieria,2025,0213-1315,否,否,是,SCIE,0.4,,工程技术,4 [1311/1437],否,三级," ENGINEERING, MULTIDISCIPLINARY 工程：综合",4 [152/179]," MATHEMATICS, INTERDISCIPLINARY APPLICATIONS 数学跨学科应用",4 [136/136],,,,,,,,
Light & Engineering,2025,0236-2945,否,否,否,SCIE,0.3,,工程技术,4 [1312/1437],否,三级," ENGINEERING, ELECTRICAL & ELECTRONIC 工程：电子与电气",4 [344/352], OPTICS 光学,4 [117/119],,,,,,,,
SAE International Journal of Aerospace,2025,1946-3855/1946-3901,否,否,否,ESCI,0.7,,工程技术,4 [1313/1437],否,三级," ENGINEERING, AEROSPACE 工程：宇航",4 [51/53],,,,,,,,,,
Journal of Active and Passive Electronic Devices,2025,1555-0281/1555-029X,否,否,否,ESCI,0.2,,工程技术,4 [1314/1437],否,三级," ENGINEERING, ELECTRICAL & ELECTRONIC 工程：电子与电气",4 [345/352],,,,,,,,,,
FIBRE CHEMISTRY,2025,0015-0541/1573-8493,否,否,否,SCIE,0.3,,工程技术,4 [1315/1437],否,三级," CHEMISTRY, MULTIDISCIPLINARY 化学：综合",4 [203/230]," MATERIALS SCIENCE, MULTIDISCIPLINARY 材料科学：综合",4 [412/436]," MATERIALS SCIENCE, TEXTILES 材料科学：纺织",4 [25/30],,,,,,
AATCC REVIEW,2025,1532-8813/1532-8813,否,否,否,SCIE,0.7,,工程技术,4 [1316/1437],否,三级," CHEMISTRY, APPLIED 应用化学",4 [65/74]," ENGINEERING, CHEMICAL 工程：化工",4 [151/169]," MATERIALS SCIENCE, TEXTILES 材料科学：纺织",4 [26/30],,,,,,
International Journal of Transport Economics,2025,0391-8440,否,否,否,SSCI,0.5,,工程技术,4 [1317/1437],否,三级, ECONOMICS 经济学,4 [594/599], TRANSPORTATION 交通运输,4 [58/58],,,,,,,,
JOURNAL OF THE AMERICAN LEATHER CHEMISTS ASSOCIATION,2025,0002-9726,否,否,否,SCIE,0.5,,工程技术,4 [1318/1437],否,三级," CHEMISTRY, APPLIED 应用化学",4 [66/74]," MATERIALS SCIENCE, TEXTILES 材料科学：纺织",4 [27/30],,,,,,,,
Desalination and Water Treatment,2025,1944-3994/1944-3986,否,否,否,SCIE,1,,工程技术,4 [1319/1437],否,三级," ENGINEERING, CHEMICAL 工程：化工",4 [152/169], WATER RESOURCES 水资源,4 [120/124],,,,,,,,
Ukrainian Metrological Journal,2025,2306-7039/2522-1345,否,否,否,ESCI,0.2,,工程技术,4 [1320/1437],否,三级, INSTRUMENTS & INSTRUMENTATION 仪器仪表,4 [74/76],,,,,,,,,,
Inzynieria Mineralna-Journal of the Polish Mineral Engineering Society,2025,1640-4920/1640-4920,否,否,否,ESCI,0.4,,工程技术,4 [1321/1437],否,三级, MINING & MINERAL PROCESSING 矿业与矿物加工,4 [32/32],,,,,,,,,,
Chemical and Process Engineering-New Frontiers,2025,0208-6425/2300-1925,否,否,否,SCIE,0.7,,工程技术,4 [1322/1437],否,三级," ENGINEERING, CHEMICAL 工程：化工",4 [153/169],,,,,,,,,,
Roads and Bridges-Drogi i Mosty,2025,1643-1618/2449-769X,否,否,否,ESCI,0.6,,工程技术,4 [1323/1437],否,三级, CONSTRUCTION & BUILDING TECHNOLOGY 结构与建筑技术,4 [82/91],,,,,,,,,,
ITE JOURNAL-INSTITUTE OF TRANSPORTATION ENGINEERS,2025,0162-8178,否,否,否,SCIE,0.4,,工程技术,4 [1324/1437],否,三级," ENGINEERING, CIVIL 工程：土木",4 [168/180], TRANSPORTATION SCIENCE & TECHNOLOGY 运输科技,4 [69/71],,,,,,,,
Journal of the South African Institution of Civil Engineering,2025,1021-2019,否,否,是,SCIE,0.6,,工程技术,4 [1325/1437],否,三级," ENGINEERING, CIVIL 工程：土木",4 [169/180],,,,,,,,,,
Mechanical Engineering Journal,2025,2187-9745/2187-9745,否,否,是,ESCI,1,,工程技术,4 [1326/1437],否,三级," ENGINEERING, MECHANICAL 工程：机械",4 [173/181],,,,,,,,,,
International Journal of Integrated Engineering,2025,2229-838X/2229-838X,否,否,否,ESCI,0.5,,工程技术,4 [1327/1437],否,三级," ENGINEERING, MULTIDISCIPLINARY 工程：综合",4 [153/179],,,,,,,,,,
Engineer-Journal of the Institution of Engineers Sri Lanka,2025,1800-1122/1800-1122,否,否,否,ESCI,0.3,,工程技术,4 [1328/1437],否,三级," ENGINEERING, MULTIDISCIPLINARY 工程：综合",4 [154/179],,,,,,,,,,
Hungarian Journal of Industry and Chemistry,2025,0133-0276/0133-0276,否,否,否,ESCI,0.5,,工程技术,4 [1329/1437],否,三级," ENGINEERING, CHEMICAL 工程：化工",4 [154/169],,,,,,,,,,
MANUFACTURING ENGINEERING,2025,0361-0853/0361-0853,否,否,否,SCIE,<0.1,,工程技术,4 [1330/1437],否,三级," ENGINEERING, MANUFACTURING 工程：制造",4 [69/70],,,,,,,,,,
Journal of Energy in Southern Africa,2025,1021-447X/2413-3051,否,否,是,SCIE,1.2,,工程技术,4 [1331/1437],否,三级, ENERGY & FUELS 能源与燃料,4 [158/171],,,,,,,,,,
Elektrotehniski Vestnik,2025,0013-5852/2232-3236,否,否,否,ESCI,0.2,,工程技术,4 [1332/1437],否,三级," ENGINEERING, ELECTRICAL & ELECTRONIC 工程：电子与电气",4 [347/352],,,,,,,,,,
International Journal of Structural Engineering,2025,1758-7328/1758-7336,否,否,否,ESCI,0.4,,工程技术,4 [1333/1437],否,三级," ENGINEERING, CIVIL 工程：土木",4 [170/180],,,,,,,,,,
Ingenieria Solidaria,2025,1900-3102/2357-6014,否,否,是,ESCI,0.3,,工程技术,4 [1334/1437],否,三级," ENGINEERING, MULTIDISCIPLINARY 工程：综合",4 [155/179],,,,,,,,,,
Catalysis in Industry,2025,2070-0504/2070-0555,否,否,否,ESCI,1.3,,工程技术,4 [1335/1437],否,三级," ENGINEERING, CHEMICAL 工程：化工",4 [156/169],,,,,,,,,,
Nexo Revista Cientifica,2025,1818-6742/1995-9516,否,否,是,ESCI,0.3,,工程技术,4 [1336/1437],否,三级," ENGINEERING, MULTIDISCIPLINARY 工程：综合",4 [156/179],,,,,,,,,,
Gradevnski Materijiali I Konstrukcije-Building Materials and Structures,2025,2217-8139/2217-8139,否,否,是,ESCI,0.6,,工程技术,4 [1337/1437],否,三级," ENGINEERING, CIVIL 工程：土木",4 [171/180],,,,,,,,,,
International Journal of Energy Optimization and Engineering,2025,2160-9500/2160-9543,否,否,否,ESCI,,,工程技术,4 [1338/1437],否,三级, ENERGY & FUELS 能源与燃料,4 [159/171],,,,,,,,,,
ISI Bilimi ve Teknigi Dergisi-Journal of Thermal Science and Technology,2025,1300-3615/1300-3615,否,否,否,SCIE,0.6,,工程技术,4 [1339/1437],否,三级," ENGINEERING, MECHANICAL 工程：机械",4 [174/181], THERMODYNAMICS 热力学,4 [77/78],,,,,,,,
Devices and Methods of Measurements,2025,2220-9506/2414-0473,否,否,是,ESCI,0.2,,工程技术,4 [1340/1437],否,三级, INSTRUMENTS & INSTRUMENTATION 仪器仪表,4 [75/76],,,,,,,,,,
Ingenius-Revista de Ciencia y Tecnologia,2025,1390-650X/1390-860X,否,否,是,ESCI,0.6,,工程技术,4 [1341/1437],否,三级," ENGINEERING, MULTIDISCIPLINARY 工程：综合",4 [157/179],,,,,,,,,,
INDIAN JOURNAL OF CHEMICAL TECHNOLOGY,2025,0971-457X/0975-0991,否,否,否,SCIE,1,,工程技术,4 [1342/1437],否,三级," CHEMISTRY, APPLIED 应用化学",4 [69/74]," ENGINEERING, CHEMICAL 工程：化工",4 [157/169],,,,,,,,
Cement Wapno Beton,2025,1425-8129,否,否,否,SCIE,0.6,,工程技术,4 [1343/1437],否,三级, CONSTRUCTION & BUILDING TECHNOLOGY 结构与建筑技术,4 [83/91]," MATERIALS SCIENCE, COMPOSITES 材料科学：复合",4 [34/35],,,,,,,,
Acta Geotechnica Slovenica,2025,1854-0171/1854-0171,否,否,否,SCIE,,,工程技术,4 [1344/1437],否,三级," ENGINEERING, GEOLOGICAL 工程：地质",4 [57/65],,,,,,,,,,
JOURNAL OF THE JAPAN PETROLEUM INSTITUTE,2025,1346-8804/1349-273X,否,否,否,SCIE,0.6,,工程技术,4 [1345/1437],否,三级, ENERGY & FUELS 能源与燃料,4 [160/171]," ENGINEERING, PETROLEUM 工程：石油",4 [19/24],,,,,,,,
Journal of Polytechnic-Politeknik Dergisi,2025,1302-0900/2147-9429,否,否,否,ESCI,0.4,,工程技术,4 [1346/1437],否,三级," ENGINEERING, MULTIDISCIPLINARY 工程：综合",4 [158/179],,,,,,,,,,
JOHNS HOPKINS APL TECHNICAL DIGEST,2025,0270-5214/1930-0530,否,否,否,ESCI,0.2,,工程技术,4 [1347/1437],否,三级," ENGINEERING, MULTIDISCIPLINARY 工程：综合",4 [159/179],,,,,,,,,,
SAE International Journal of Electrified Vehicles,2025,2691-3747/2691-3755,否,否,否,ESCI,1.4,,工程技术,4 [1348/1437],否,三级, TRANSPORTATION SCIENCE & TECHNOLOGY 运输科技,4 [70/71],,,,,,,,,,
Journal of Power Technologies,2025,2083-4187/2083-4195,否,否,否,ESCI,0.2,,工程技术,4 [1349/1437],否,三级, ENERGY & FUELS 能源与燃料,4 [161/171],,,,,,,,,,
CT&F-Ciencia Tecnologia y Futuro,2025,0122-5383,否,否,是,SCIE,0.5,,工程技术,4 [1350/1437],否,三级, ENERGY & FUELS 能源与燃料,4 [162/171]," ENGINEERING, PETROLEUM 工程：石油",4 [20/24],,,,,,,,
COKE AND CHEMISTRY,2025,1068-364X/1934-8398,否,否,否,ESCI,0.5,,工程技术,4 [1351/1437],否,三级," ENGINEERING, CHEMICAL 工程：化工",4 [158/169],,,,,,,,,,
Pamukkale University Journal of Engineering Sciences-Pamukkale Universitesi Muhendislik Bilimleri Dergisi,2025,1300-7009/2147-5881,否,否,是,ESCI,0.6,,工程技术,4 [1352/1437],否,三级," ENGINEERING, MULTIDISCIPLINARY 工程：综合",4 [160/179],,,,,,,,,,
Journal of the Korean Society for Aeronautical and Space Sciences,2025,1225-1348/2287-6871,否,否,否,ESCI,0.3,,工程技术,4 [1353/1437],否,三级," ENGINEERING, AEROSPACE 工程：宇航",4 [52/53],,,,,,,,,,
KAGAKU KOGAKU RONBUNSHU,2025,0386-216X,否,否,否,SCIE,0.2,,工程技术,4 [1354/1437],否,三级," ENGINEERING, CHEMICAL 工程：化工",4 [159/169],,,,,,,,,,
ATW-INTERNATIONAL JOURNAL FOR NUCLEAR POWER,2025,1431-5254,否,否,否,SCIE,<0.1,,工程技术,4 [1355/1437],否,三级, NUCLEAR SCIENCE & TECHNOLOGY 核科学技术,4 [41/41],,,,,,,,,,
"Revista Facultad de Ingenieria, Universidad Pedagogica y Tecnologica de Colombia",2025,0121-1129/2357-5328,否,否,是,ESCI,0.4,,工程技术,4 [1356/1437],否,三级," ENGINEERING, MULTIDISCIPLINARY 工程：综合",4 [161/179],,,,,,,,,,
Science & Technique,2025,2227-1031/2227-1031,否,否,是,ESCI,0.2,,工程技术,4 [1357/1437],否,三级," ENGINEERING, MULTIDISCIPLINARY 工程：综合",4 [162/179],,,,,,,,,,
ASHRAE JOURNAL,2025,0001-2491/1943-6637,否,否,否,SCIE,,,工程技术,4 [1358/1437],否,三级, CONSTRUCTION & BUILDING TECHNOLOGY 结构与建筑技术,4 [84/91]," ENGINEERING, MECHANICAL 工程：机械",4 [175/181], THERMODYNAMICS 热力学,4 [78/78],,,,,,
International Journal of Power and Energy Systems,2025,1078-3466/1710-2243,否,否,否,ESCI,0.6,,工程技术,4 [1359/1437],否,三级," ENGINEERING, ELECTRICAL & ELECTRONIC 工程：电子与电气",4 [348/352],,,,,,,,,,
University Politehnica of Bucharest Scientific Bulletin Series C-Electrical Engineering and Computer Science,2025,2286-3540/2286-3559,否,否,否,ESCI,0.3,,工程技术,4 [1360/1437],否,三级," ENGINEERING, ELECTRICAL & ELECTRONIC 工程：电子与电气",4 [349/352],,,,,,,,,,
Australian Geomechanics Journal,2025,0818-9110/0818-9110,否,否,否,ESCI,0.3,,工程技术,4 [1361/1437],否,三级," ENGINEERING, GEOLOGICAL 工程：地质",4 [58/65],,,,,,,,,,
International Energy Journal,2025,1513-718X/1513-718X,否,否,否,ESCI,0.4,,工程技术,4 [1362/1437],否,三级, ENERGY & FUELS 能源与燃料,4 [163/171],,,,,,,,,,
International Journal of Critical Infrastructures,2025,1475-3219/1741-8038,否,否,否,ESCI,0.5,,工程技术,4 [1363/1437],否,三级," ENGINEERING, MULTIDISCIPLINARY 工程：综合",4 [163/179],,,,,,,,,,
Nordic Concrete Research,2025,0800-6377/2545-2819,否,否,是,ESCI,0.7,,工程技术,4 [1364/1437],否,三级, CONSTRUCTION & BUILDING TECHNOLOGY 结构与建筑技术,4 [85/91],,,,,,,,,,
Memoria Investigaciones en Ingenieria,2025,2301-1092/2301-1106,否,否,是,ESCI,0.5,,工程技术,4 [1365/1437],否,三级," ENGINEERING, MULTIDISCIPLINARY 工程：综合",4 [164/179],,,,,,,,,,
Civil Engineering Journal-Stavebni Obzor,2025,1210-4027/1805-2576,否,否,是,ESCI,0.3,,工程技术,4 [1366/1437],否,三级," ENGINEERING, CIVIL 工程：土木",4 [172/180],,,,,,,,,,
Composites-Mechanics Computations Applications,2025,2152-2057/2152-2073,否,否,否,ESCI,0.4,,工程技术,4 [1367/1437],否,三级, MECHANICS 力学,4 [169/171],,,,,,,,,,
Journal of the Chinese Society of Mechanical Engineers,2025,0257-9731,否,否,否,SCIE,0.1,,工程技术,4 [1368/1437],否,三级," ENGINEERING, MECHANICAL 工程：机械",4 [176/181],,,,,,,,,,
Revista Romana de Materiale-Romanian Journal of Materials,2025,1583-3186,否,否,否,SCIE,0.5,,工程技术,4 [1369/1437],否,三级, CONSTRUCTION & BUILDING TECHNOLOGY 结构与建筑技术,4 [86/91]," MATERIALS SCIENCE, MULTIDISCIPLINARY 材料科学：综合",4 [424/436],,,,,,,,
PRZEMYSL CHEMICZNY,2025,0033-2496/0033-2496,否,否,否,SCIE,0.4,,工程技术,4 [1370/1437],否,三级," CHEMISTRY, MULTIDISCIPLINARY 化学：综合",4 [217/230]," ENGINEERING, CHEMICAL 工程：化工",4 [160/169],,,,,,,,
Journal of Fiber Science and Technology,2025,2189-7654/2189-7654,否,否,否,SCIE,0.3,,工程技术,4 [1371/1437],否,三级," MATERIALS SCIENCE, TEXTILES 材料科学：纺织",4 [28/30], POLYMER SCIENCE 高分子科学,4 [89/94],,,,,,,,
International Journal of Geotechnical Earthquake Engineering,2025,1947-8488/1947-8496,否,否,否,ESCI,0.8,,工程技术,4 [1372/1437],否,三级," ENGINEERING, GEOLOGICAL 工程：地质",4 [59/65],,,,,,,,,,
China Petroleum Processing & Petrochemical Technology,2025,1008-6234/1008-6234,否,否,否,SCIE,0.6,,工程技术,4 [1373/1437],否,三级, ENERGY & FUELS 能源与燃料,4 [164/171]," ENGINEERING, CHEMICAL 工程：化工",4 [161/169]," ENGINEERING, PETROLEUM 工程：石油",4 [21/24],,,,,,
Marine Intellectual Technologies,2025,2073-7173/2073-7173,否,否,否,ESCI,0.2,,工程技术,4 [1374/1437],否,三级," ENGINEERING, MARINE 工程：海洋",4 [25/26],,,,,,,,,,
Transactions of the Korean Society of Mechanical Engineers A,2025,1226-4873/2288-5226,否,否,否,ESCI,0.2,,工程技术,4 [1375/1437],否,三级," ENGINEERING, MECHANICAL 工程：机械",4 [177/181],,,,,,,,,,
Filtration + Separation,2025,0015-1882/1873-7218,否,否,否,SCIE,<0.1,,工程技术,4 [1376/1437],否,三级," ENGINEERING, CHEMICAL 工程：化工",4 [162/169],,,,,,,,,,
Nafta-Gaz,2025,0867-8871/0867-8871,否,否,否,ESCI,0.3,,工程技术,4 [1377/1437],否,三级," ENGINEERING, PETROLEUM 工程：石油",4 [22/24],,,,,,,,,,
Przeglad Elektrotechniczny,2025,0033-2097/2449-9544,否,否,否,ESCIOnHold,0.4,,工程技术,4 [1378/1437],否,三级," ENGINEERING, ELECTRICAL & ELECTRONIC 工程：电子与电气",4 [350/352],,,,,,,,,,
Gallerie e Grandi Opere Sotterranee,2025,0393-1641,否,否,否,ESCI,0.1,,工程技术,4 [1379/1437],否,三级," ENGINEERING, CIVIL 工程：土木",4 [173/180],,,,,,,,,,
Problemele Energeticii Regionale,2025,1857-0070/1857-0070,否,否,是,ESCI,0.2,,工程技术,4 [1380/1437],否,三级, ENERGY & FUELS 能源与燃料,4 [165/171],,,,,,,,,,
Aerospace Research in Bulgaria,2025,1313-0927/2367-9522,否,否,否,ESCI,0.6,,工程技术,4 [1381/1437],否,三级," ENGINEERING, AEROSPACE 工程：宇航",4 [53/53],,,,,,,,,,
NAVAL ENGINEERS JOURNAL,2025,0028-1425/1559-3584,否,否,否,SCIE,0.3,,工程技术,4 [1382/1437],否,三级," ENGINEERING, CIVIL 工程：土木",4 [174/180]," ENGINEERING, MARINE 工程：海洋",4 [26/26], OCEANOGRAPHY 海洋学,4 [66/66],,,,,,
Hormigon y Acero,2025,0439-5689/2605-1729,否,否,否,ESCI,0.4,,工程技术,4 [1383/1437],否,三级," ENGINEERING, CIVIL 工程：土木",4 [175/180],,,,,,,,,,
Italian Geotechnical Journal-Rivista Italiana di Geotecnica,2025,0557-1405/0557-1405,否,否,否,ESCI,0.8,,工程技术,4 [1384/1437],否,三级," ENGINEERING, GEOLOGICAL 工程：地质",4 [60/65],,,,,,,,,,
Journal of the Korean Geosynthetic Society,2025,2508-2876/2287-9528,否,否,否,ESCI,0.5,,工程技术,4 [1385/1437],否,三级," ENGINEERING, GEOLOGICAL 工程：地质",4 [61/65],,,,,,,,,,
Ingenieria,2025,0121-750X/2344-8393,否,否,是,ESCI,0.1,,工程技术,4 [1386/1437],否,三级," ENGINEERING, MULTIDISCIPLINARY 工程：综合",4 [165/179],,,,,,,,,,
Journal of Materials and Engineering Structures,2025,2170-127X/2170-127X,否,否,是,ESCI,0.4,,工程技术,4 [1387/1437],否,三级," ENGINEERING, MULTIDISCIPLINARY 工程：综合",4 [166/179],,,,,,,,,,
CHEMICAL AND PETROLEUM ENGINEERING,2025,0009-2355/1573-8329,否,否,否,ESCI,0.3,,工程技术,4 [1388/1437],否,三级," ENGINEERING, CHEMICAL 工程：化工",4 [163/169],,,,,,,,,,
Akustika,2025,1801-9064/1801-9064,否,否,否,ESCI,0.2,,工程技术,4 [1389/1437],否,三级, ACOUSTICS 声学,4 [40/40],,,,,,,,,,
SOCAR Proceedings,2025,2218-6867/2218-8622,否,否,否,ESCISuppressed,0.5,,工程技术,4 [1390/1437],否,三级," ENGINEERING, PETROLEUM 工程：石油",4 [23/24],,,,,,,,,,
Transactions of the Korean Society of Mechanical Engineers B,2025,1226-4881/1226-4881,否,否,否,ESCI,0.2,,工程技术,4 [1391/1437],否,三级," ENGINEERING, MECHANICAL 工程：机械",4 [178/181],,,,,,,,,,
Acta Technica Napocensis Series-Applied Mathematics Mechanics and Engineering,2025,1221-5872/2393-2988,否,否,否,ESCI,0.2,,工程技术,4 [1392/1437],否,三级, MECHANICS 力学,4 [170/171],,,,,,,,,,
Journal of Theoretical and Applied Mechanics-Bulgaria,2025,0861-6663/1314-8710,否,否,否,ESCI,0.3,,工程技术,4 [1393/1437],否,三级, MECHANICS 力学,4 [171/171],,,,,,,,,,
Advances in Energy Research,2025,2287-6316/2287-6324,否,否,否,ESCI,0.8,,工程技术,4 [1394/1437],否,三级, ENERGY & FUELS 能源与燃料,4 [166/171],,,,,,,,,,
ZKG INTERNATIONAL,2025,2366-1313,否,否,否,SCIE,0.1,,工程技术,4 [1395/1437],否,三级, CONSTRUCTION & BUILDING TECHNOLOGY 结构与建筑技术,4 [87/91]," MATERIALS SCIENCE, MULTIDISCIPLINARY 材料科学：综合",4 [428/436],,,,,,,,
Korean Chemical Engineering Research,2025,0304-128X/2233-9558,否,否,否,ESCI,0.3,,工程技术,4 [1396/1437],否,三级," ENGINEERING, CHEMICAL 工程：化工",4 [164/169],,,,,,,,,,
UIS Ingenierias,2025,1657-4583/2145-8456,否,否,是,ESCI,0.4,,工程技术,4 [1397/1437],否,三级," ENGINEERING, MULTIDISCIPLINARY 工程：综合",4 [167/179],,,,,,,,,,
International Journal of Bridge Engineering,2025,2241-7443/2241-7443,否,否,否,ESCI,0.2,,工程技术,4 [1398/1437],否,三级," ENGINEERING, CIVIL 工程：土木",4 [177/180],,,,,,,,,,
SEN-I GAKKAISHI,2025,0037-9875,否,否,否,SCIE,<0.1,,工程技术,4 [1399/1437],否,三级," MATERIALS SCIENCE, TEXTILES 材料科学：纺织",4 [29/30], POLYMER SCIENCE 高分子科学,4 [91/94],,,,,,,,
Revista Ingenieria de Construccion,2025,0716-2952/0718-5073,否,否,是,ESCI,0.3,,工程技术,4 [1400/1437],否,三级, CONSTRUCTION & BUILDING TECHNOLOGY 结构与建筑技术,4 [88/91],,,,,,,,,,
Russian Journal of Building Construction and Architecture,2025,2542-0526/2542-0526,否,否,否,ESCI,0.1,,工程技术,4 [1401/1437],否,三级, CONSTRUCTION & BUILDING TECHNOLOGY 结构与建筑技术,4 [89/91],,,,,,,,,,
Romanian Journal of Transport Infrastructure,2025,2286-2218/2286-2218,否,否,是,ESCI,0.2,,工程技术,4 [1402/1437],否,三级," ENGINEERING, CIVIL 工程：土木",4 [178/180],,,,,,,,,,
INGE CUC,2025,0122-6517/2382-4700,否,否,是,ESCI,0.3,,工程技术,4 [1403/1437],否,三级," ENGINEERING, MULTIDISCIPLINARY 工程：综合",4 [168/179],,,,,,,,,,
JOURNAL OF THE SOCIETY OF LEATHER TECHNOLOGISTS AND CHEMISTS,2025,0144-0322/0144-0322,否,否,否,SCIE,0.4,,工程技术,4 [1404/1437],否,三级," MATERIALS SCIENCE, TEXTILES 材料科学：纺织",4 [30/30],,,,,,,,,,
Bauphysik,2025,0171-5445/1437-0980,否,否,否,SCIE,0.3,,工程技术,4 [1405/1437],否,三级, CONSTRUCTION & BUILDING TECHNOLOGY 结构与建筑技术,4 [90/91],,,,,,,,,,
Nauka i Tehnologii Truboprovodnogo Transporta Nefti i Nefteproduktov-Science & Technologies-Oil and Oil Products Pipeline Transportation,2025,2221-2701/2541-9595,否,否,否,ESCI,,,工程技术,4 [1406/1437],否,三级," ENGINEERING, MECHANICAL 工程：机械",4 [179/181],,,,,,,,,,
Ingineria Automobilului,2025,1842-4074/1842-4074,否,否,否,ESCI,0.2,,工程技术,4 [1407/1437],否,三级," ENGINEERING, MECHANICAL 工程：机械",4 [180/181],,,,,,,,,,
Processes of Petrochemistry and Oil Refining,2025,1726-4685/2519-2876,否,否,否,ESCI,0.5,,工程技术,4 [1408/1437],否,三级," ENGINEERING, CHEMICAL 工程：化工",4 [165/169],,,,,,,,,,
KGK-Kautschuk Gummi Kunststoffe,2025,0948-3276/0948-3276,否,否,否,SCIE,,,工程技术,4 [1409/1437],否,三级," ENGINEERING, CHEMICAL 工程：化工",4 [166/169], POLYMER SCIENCE 高分子科学,4 [92/94],,,,,,,,
Engineering Technologies and Systems,2025,2658-4123/2658-6525,否,否,是,ESCI,0.2,,工程技术,4 [1410/1437],否,三级," ENGINEERING, MULTIDISCIPLINARY 工程：综合",4 [169/179],,,,,,,,,,
Makara Journal of Technology,2025,2355-2786/2356-4539,否,否,是,ESCI,0.2,,工程技术,4 [1411/1437],否,三级," ENGINEERING, MULTIDISCIPLINARY 工程：综合",4 [170/179],,,,,,,,,,
SEA TECHNOLOGY,2025,0093-3651,否,否,否,SCIE,0.1,,工程技术,4 [1412/1437],否,三级," ENGINEERING, OCEAN 工程：大洋",4 [18/18],,,,,,,,,,
Revista Cubana de Ingenieria,2025,2223-1781/2223-1781,否,否,是,ESCI,,,工程技术,4 [1413/1437],否,三级," ENGINEERING, MULTIDISCIPLINARY 工程：综合",4 [171/179],,,,,,,,,,
Revista Iteckne,2025,1692-1798/2339-3483,否,否,是,ESCI,,,工程技术,4 [1414/1437],否,三级," ENGINEERING, MULTIDISCIPLINARY 工程：综合",4 [172/179],,,,,,,,,,
Geotechnical Engineering,2025,0046-5828/0046-5828,否,否,否,ESCI,0.2,,工程技术,4 [1415/1437],否,三级," ENGINEERING, GEOLOGICAL 工程：地质",4 [62/65],,,,,,,,,,
ENTRE CIENCIA E INGENIERIA,2025,1909-8367/2539-4169,否,否,否,ESCI,0.3,,工程技术,4 [1416/1437],否,三级," ENGINEERING, MULTIDISCIPLINARY 工程：综合",4 [173/179],,,,,,,,,,
Ingenieria y Competitividad,2025,0123-3033/0123-3033,否,否,否,ESCI,,,工程技术,4 [1417/1437],否,三级," ENGINEERING, MULTIDISCIPLINARY 工程：综合",4 [174/179],,,,,,,,,,
Ciencia e Ingenieria,2025,1316-7081/2244-8780,否,否,否,ESCI,0.2,,工程技术,4 [1418/1437],否,三级," ENGINEERING, MULTIDISCIPLINARY 工程：综合",4 [176/179],,,,,,,,,,
Fuentes el Reventon Energetico,2025,1657-6527/2145-8502,否,否,是,ESCI,0.5,,工程技术,4 [1419/1437],否,三级, ENERGY & FUELS 能源与燃料,4 [167/171],,,,,,,,,,
Archives for Technical Sciences,2025,1840-4855/2233-0046,否,否,否,ESCI,0.5,,工程技术,4 [1420/1437],否,三级," ENGINEERING, GEOLOGICAL 工程：地质",4 [63/65],,,,,,,,,,
Ingenieria UC,2025,1316-6832/2610-8240,否,否,是,ESCI,,,工程技术,4 [1421/1437],否,三级," ENGINEERING, MULTIDISCIPLINARY 工程：综合",4 [177/179],,,,,,,,,,
Cuaderno Activa,2025,2027-8101/2027-8101,否,否,否,ESCI,,,工程技术,4 [1422/1437],否,三级," ENGINEERING, MULTIDISCIPLINARY 工程：综合",4 [178/179],,,,,,,,,,
Applied Chemistry for Engineering,2025,1225-0112/1228-4505,否,否,否,ESCI,0.6,,工程技术,4 [1423/1437],否,三级," ENGINEERING, CHEMICAL 工程：化工",4 [168/169],,,,,,,,,,
International Journal of Electric and Hybrid Vehicles,2025,1751-4088/1751-4096,否,否,否,ESCI,0.8,,工程技术,4 [1424/1437],否,三级, TRANSPORTATION SCIENCE & TECHNOLOGY 运输科技,4 [71/71],,,,,,,,,,
Journal of the Japan Institute of Energy,2025,0916-8753/1882-6121,否,否,否,ESCI,0.4,,工程技术,4 [1425/1437],否,三级, ENERGY & FUELS 能源与燃料,4 [168/171],,,,,,,,,,
Mechanical Engineering Reviews,2025,2187-9753/2187-9753,是,否,否,ESCI,,,工程技术,4 [1426/1437],否,三级," ENGINEERING, MECHANICAL 工程：机械",4 [181/181],,,,,,,,,,
Avances en Ciencias e Ingenieria,2025,0718-8706/0718-8706,否,否,是,ESCI,0.3,,工程技术,4 [1427/1437],否,三级," ENGINEERING, MULTIDISCIPLINARY 工程：综合",4 [179/179],,,,,,,,,,
Journal of the Pakistan Institute of Chemical Engineers,2025,1813-4092/1813-4092,否,否,否,ESCI,0.1,,工程技术,4 [1428/1437],否,三级," ENGINEERING, CHEMICAL 工程：化工",4 [169/169],,,,,,,,,,
Biomimetic Intelligence and Robotics,2025,2097-0242/2667-3797,否,否,否,ESCI,5.4,中国SCI期刊支持计划,工程技术,4 [1429/1437],否,三级, Robotics 机器人学,4 [47/47],,,,,,,,,,
Journal of Road Engineering,2025,2097-0498/2773-0077,否,否,否,ESCI,8.6,中国SCI期刊支持计划,工程技术,4 [1430/1437],否,三级, Construction & Building Technology 结构与建筑技术,4 [91/91]," Engineering, Civil 工程：土木",4 [180/180],,,,,,,,
Deep Underground Science and Engineering,2025,2097-0668/2770-1328,否,否,否,ESCI,5,中国SCI期刊支持计划,工程技术,4 [1431/1437],否,三级," Engineering, Geological 工程：地质",4 [65/65],,,,,,,,,,
CES Transactions on Electrical Machines and Systems,2025,2096-3564/2096-3564,否,否,否,ESCI,2.6,中国SCI期刊支持计划,工程技术,4 [1432/1437],否,三级," Engineering, Electrical & Electronic 工程：电子与电气",4 [351/352],,,,,,,,,,
Petroleum Research,2025,2096-2495/2524-1729,否,否,否,ESCI,4,中国SCI期刊支持计划,工程技术,4 [1433/1437],否,三级, Energy & Fuels 能源与燃料,4 [170/171]," Engineering, Petroleum 工程：石油",4 [24/24],,,,,,,,
Systems Microbiology and Biomanufacturing,2025,2662-7655/2662-7663,否,否,否,ESCI,2.9,中国SCI期刊支持计划,工程技术,4 [1434/1437],否,三级, Biotechnology & Applied Microbiology 生物工程与应用微生物,4 [174/174],,,,,,,,,,
iEnergy,2025,2771-9197/2771-9197,否,否,否,ESCI,5.1,中国SCI期刊支持计划,工程技术,4 [1435/1437],否,三级, Energy & Fuels 能源与燃料,4 [169/171]," Engineering, Electrical & Electronic 工程：电子与电气",4 [352/352],,,,,,,,
Rock Mechanics Bulletin,2025,2773-2304/2773-2304,否,否,否,ESCI,7,中国SCI期刊支持计划,工程技术,4 [1436/1437],否,三级," Engineering, Geological 工程：地质",4 [64/65],,,,,,,,,,
Nanomanufacturing and Metrology,2025,2520-811X/2520-8128,否,否,否,ESCI,4.5,中国SCI期刊支持计划,工程技术,4 [1437/1437],否,三级," Engineering, Manufacturing 工程：制造",4 [70/70], Instruments & Instrumentation 仪器仪表,4 [76/76],,,,,,,,
